dataset,mol_id,pdb_id,method,tag,subset_protocol,search_depth,thread,box_size,returncode,stdout_tail,stderr_tail,receptor_pdbqt,ligand_pdbqt,output_pdbqt,center_x,center_y,center_z,status,n_poses,top_score,best_score,top_rmsd,oracle_rmsd,top_success_2a,oracle_success_2a,native_heavy_atoms,pose_heavy_atom_counts,runtime_sec
astex_diverse,1YGC_905,1ygc,PocketVina-GPU native-pocket subset,subset200_nativebox_sdepth8_t1000_seed101,PoseBench proportional stratified subset; native ligand center; fixed 24A box,8,1000,24.0,0,"                         #
# DOI https://doi.org/10.1021/acs.jcim.2c01504                  #
#                                                               #
# Shidi, Tang, Chen Ruiqi, Lin Mengru, Lin Qingde,              #
# Zhu Yanxiang, Wu Jiansheng, Hu Haifeng, and Ling Ming.        #
# Accelerating AutoDock Vina with GPUs.                         #
# Molecules 27.9 (2022): 3041.                                  #
#                                                               #
# DOI https://doi.org/10.3390/molecules27093041                 #
#                                                               #
# And also the origin AutoDock Vina paper:                      #
# O. Trott, A. J. Olson,                                        #
# AutoDock Vina: improving the speed and accuracy of docking    #
# with a new scoring function, efficient optimization and       #
# multithreading, Journal of Computational Chemistry 31 (2010)  #
# 455-461                                                       #
#                                                               #
# DOI 10.1002/jcc.21334                                         #
#                                                               #
#################################################################

Using single ligand docking mode

Reading input ... done.
Using pocket rank: 1
Setting up the scoring function ... done.
Search_depth is fixed to 8
Analyzing the binding site ... done.
GPU Platform: NVIDIA CUDA
GPU Device: NVIDIA GeForce RTX 4090 D
Using random seed: 101

Build kernel 1 from source
OpenCL version: 3.0

Build kernel 2 from source
OpenCL version: 3.0


Perform docking|=======                              |
Perform docking| =======                             |
Perform docking|================done=================|

Refining ligand <REMOTE_PROJECT_ROOT>/results/posebench_702_predictions/pocketvina_gpu_subset/astex_diverse/1YGC_905/subset200_nativebox_sdepth8_t1000_seed101/pocketvina_p results...done.
mode |   affinity | dist from best mode
     | (kcal/mol) | rmsd l.b.| rmsd u.b.
-----+------------+----------+----------
   1         -9.2      0.000      0.000
   2         -7.4      2.549      5.667
   3         -7.2      3.183      7.127
   4         -7.1      1.789      3.475
   5         -6.8      4.005      7.913
   6         -6.7      2.405      3.716
   7         -6.5      3.144      7.638
   8         -6.5      3.637      4.876
   9         -6.5      3.456      7.522
  10         -6.3      3.002      7.680
Writing ligand <REMOTE_PROJECT_ROOT>/results/posebench_702_predictions/pocketvina_gpu_subset/astex_diverse/1YGC_905/subset200_nativebox_sdepth8_t1000_seed101/receptor-pocket1-pocketvina_poses.pdbqt output...
JSON file successfully saved to: <REMOTE_PROJECT_ROOT>/results/posebench_702_predictions/pocketvina_gpu_subset/astex_diverse/1YGC_905/subset200_nativebox_sdepth8_t1000_seed101/receptor-pocket1-pocketvina_poses.json
done.

QuickVina 2-GPU3 total runtime = 14.331 s
","Failed to read file: /tmp/dep-cb175b.d
Failed to read file: /tmp/dep-4efc78.d
",results/posebench_702_predictions/vina_cpu_full/astex_diverse/1YGC_905/receptor.pdbqt,results/posebench_702_predictions/vina_cpu_full/astex_diverse/1YGC_905/ligand_start.pdbqt,results/posebench_702_predictions/pocketvina_gpu_subset/astex_diverse/1YGC_905/subset200_nativebox_sdepth8_t1000_seed101/receptor-pocket1-pocketvina_poses.pdbqt,10.570105263157894,41.47842105263157,32.491157894736844,ok,10.0,-9.2,-9.2,7.576550737568341,6.389785318854823,False,False,38.0,"38,38,38,38,38,38,38,38,38,38",16.141
astex_diverse,1LPZ_CMB,1lpz,PocketVina-GPU native-pocket subset,subset200_nativebox_sdepth8_t1000_seed101,PoseBench proportional stratified subset; native ligand center; fixed 24A box,8,1000,24.0,0,"23).          #
#                                                               #
# DOI https://doi.org/10.1021/acs.jcim.2c01504                  #
#                                                               #
# Shidi, Tang, Chen Ruiqi, Lin Mengru, Lin Qingde,              #
# Zhu Yanxiang, Wu Jiansheng, Hu Haifeng, and Ling Ming.        #
# Accelerating AutoDock Vina with GPUs.                         #
# Molecules 27.9 (2022): 3041.                                  #
#                                                               #
# DOI https://doi.org/10.3390/molecules27093041                 #
#                                                               #
# And also the origin AutoDock Vina paper:                      #
# O. Trott, A. J. Olson,                                        #
# AutoDock Vina: improving the speed and accuracy of docking    #
# with a new scoring function, efficient optimization and       #
# multithreading, Journal of Computational Chemistry 31 (2010)  #
# 455-461                                                       #
#                                                               #
# DOI 10.1002/jcc.21334                                         #
#                                                               #
#################################################################

Using single ligand docking mode

Reading input ... done.
Using pocket rank: 1
Setting up the scoring function ... done.
Search_depth is fixed to 8
Analyzing the binding site ... done.
GPU Platform: NVIDIA CUDA
GPU Device: NVIDIA GeForce RTX 4090 D
Using random seed: 101

Build kernel 1 from source
OpenCL version: 3.0

Build kernel 2 from source
OpenCL version: 3.0


Perform docking|=======                              |
Perform docking|================done=================|

Refining ligand <REMOTE_PROJECT_ROOT>/results/posebench_702_predictions/pocketvina_gpu_subset/astex_diverse/1LPZ_CMB/subset200_nativebox_sdepth8_t1000_seed101/pocketvina_p results...done.
mode |   affinity | dist from best mode
     | (kcal/mol) | rmsd l.b.| rmsd u.b.
-----+------------+----------+----------
   1        -10.2      0.000      0.000
   2         -8.9      2.483      5.415
   3         -8.4      3.261      5.842
   4         -8.3      2.404      5.609
   5         -8.2      3.575      8.274
   6         -8.1      4.410      8.470
   7         -8.1      2.910      6.311
   8         -8.1      3.533      4.883
   9         -8.1      3.164      5.318
  10         -8.0      3.988      7.838
Writing ligand <REMOTE_PROJECT_ROOT>/results/posebench_702_predictions/pocketvina_gpu_subset/astex_diverse/1LPZ_CMB/subset200_nativebox_sdepth8_t1000_seed101/receptor-pocket1-pocketvina_poses.pdbqt output...
JSON file successfully saved to: <REMOTE_PROJECT_ROOT>/results/posebench_702_predictions/pocketvina_gpu_subset/astex_diverse/1LPZ_CMB/subset200_nativebox_sdepth8_t1000_seed101/receptor-pocket1-pocketvina_poses.json
done.

QuickVina 2-GPU3 total runtime = 13.697 s
","Failed to read file: /tmp/dep-3995df.d
Failed to read file: /tmp/dep-c697e7.d
",results/posebench_702_predictions/vina_cpu_full/astex_diverse/1LPZ_CMB/receptor.pdbqt,results/posebench_702_predictions/vina_cpu_full/astex_diverse/1LPZ_CMB/ligand_start.pdbqt,results/posebench_702_predictions/pocketvina_gpu_subset/astex_diverse/1LPZ_CMB/subset200_nativebox_sdepth8_t1000_seed101/receptor-pocket1-pocketvina_poses.pdbqt,7.334624999999999,6.815468749999999,22.975531250000003,ok,10.0,-10.2,-10.2,4.346392347395711,4.346392347395711,False,False,32.0,"32,32,32,32,32,32,32,32,32,32",14.176
astex_diverse,1HP0_AD3,1hp0,PocketVina-GPU native-pocket subset,subset200_nativebox_sdepth8_t1000_seed101,PoseBench proportional stratified subset; native ligand center; fixed 24A box,8,1000,24.0,0,"23).          #
#                                                               #
# DOI https://doi.org/10.1021/acs.jcim.2c01504                  #
#                                                               #
# Shidi, Tang, Chen Ruiqi, Lin Mengru, Lin Qingde,              #
# Zhu Yanxiang, Wu Jiansheng, Hu Haifeng, and Ling Ming.        #
# Accelerating AutoDock Vina with GPUs.                         #
# Molecules 27.9 (2022): 3041.                                  #
#                                                               #
# DOI https://doi.org/10.3390/molecules27093041                 #
#                                                               #
# And also the origin AutoDock Vina paper:                      #
# O. Trott, A. J. Olson,                                        #
# AutoDock Vina: improving the speed and accuracy of docking    #
# with a new scoring function, efficient optimization and       #
# multithreading, Journal of Computational Chemistry 31 (2010)  #
# 455-461                                                       #
#                                                               #
# DOI 10.1002/jcc.21334                                         #
#                                                               #
#################################################################

Using single ligand docking mode

Reading input ... done.
Using pocket rank: 1
Setting up the scoring function ... done.
Search_depth is fixed to 8
Analyzing the binding site ... done.
GPU Platform: NVIDIA CUDA
GPU Device: NVIDIA GeForce RTX 4090 D
Using random seed: 101

Build kernel 1 from source
OpenCL version: 3.0

Build kernel 2 from source
OpenCL version: 3.0


Perform docking|=======                              |
Perform docking|================done=================|

Refining ligand <REMOTE_PROJECT_ROOT>/results/posebench_702_predictions/pocketvina_gpu_subset/astex_diverse/1HP0_AD3/subset200_nativebox_sdepth8_t1000_seed101/pocketvina_p results...done.
mode |   affinity | dist from best mode
     | (kcal/mol) | rmsd l.b.| rmsd u.b.
-----+------------+----------+----------
   1         -8.5      0.000      0.000
   2         -8.4      1.520      2.554
   3         -8.2      1.237      1.454
   4         -8.2      1.534      2.545
   5         -7.9      1.591      2.718
   6         -7.3      1.601      2.872
   7         -7.2      2.118      3.495
   8         -7.1      1.479      2.541
   9         -6.8      4.266      7.240
  10         -6.7      2.504      4.952
Writing ligand <REMOTE_PROJECT_ROOT>/results/posebench_702_predictions/pocketvina_gpu_subset/astex_diverse/1HP0_AD3/subset200_nativebox_sdepth8_t1000_seed101/receptor-pocket1-pocketvina_poses.pdbqt output...
JSON file successfully saved to: <REMOTE_PROJECT_ROOT>/results/posebench_702_predictions/pocketvina_gpu_subset/astex_diverse/1HP0_AD3/subset200_nativebox_sdepth8_t1000_seed101/receptor-pocket1-pocketvina_poses.json
done.

QuickVina 2-GPU3 total runtime = 13.142 s
","Failed to read file: /tmp/dep-b3a3d2.d
Failed to read file: /tmp/dep-05810f.d
",results/posebench_702_predictions/vina_cpu_full/astex_diverse/1HP0_AD3/receptor.pdbqt,results/posebench_702_predictions/vina_cpu_full/astex_diverse/1HP0_AD3/ligand_start.pdbqt,results/posebench_702_predictions/pocketvina_gpu_subset/astex_diverse/1HP0_AD3/subset200_nativebox_sdepth8_t1000_seed101/receptor-pocket1-pocketvina_poses.pdbqt,16.686157894736844,25.497473684210526,12.943736842105263,ok,10.0,-8.5,-8.5,2.836893695947252,2.5231053861211747,False,False,19.0,"19,19,19,19,19,19,19,19,19,19",14.011
dockgen,3nvv_1_MTE_1,3nvv,PocketVina-GPU native-pocket subset,subset200_nativebox_sdepth8_t1000_seed101,PoseBench proportional stratified subset; native ligand center; fixed 24A box,8,1000,24.0,0,"ng (2023).          #
#                                                               #
# DOI https://doi.org/10.1021/acs.jcim.2c01504                  #
#                                                               #
# Shidi, Tang, Chen Ruiqi, Lin Mengru, Lin Qingde,              #
# Zhu Yanxiang, Wu Jiansheng, Hu Haifeng, and Ling Ming.        #
# Accelerating AutoDock Vina with GPUs.                         #
# Molecules 27.9 (2022): 3041.                                  #
#                                                               #
# DOI https://doi.org/10.3390/molecules27093041                 #
#                                                               #
# And also the origin AutoDock Vina paper:                      #
# O. Trott, A. J. Olson,                                        #
# AutoDock Vina: improving the speed and accuracy of docking    #
# with a new scoring function, efficient optimization and       #
# multithreading, Journal of Computational Chemistry 31 (2010)  #
# 455-461                                                       #
#                                                               #
# DOI 10.1002/jcc.21334                                         #
#                                                               #
#################################################################

Using single ligand docking mode

Reading input ... done.
Using pocket rank: 1
Setting up the scoring function ... done.
Search_depth is fixed to 8
Analyzing the binding site ... done.
GPU Platform: NVIDIA CUDA
GPU Device: NVIDIA GeForce RTX 4090 D
Using random seed: 101

Build kernel 1 from source
OpenCL version: 3.0

Build kernel 2 from source
OpenCL version: 3.0


Perform docking|=======                              |
Perform docking|================done=================|

Refining ligand <REMOTE_PROJECT_ROOT>/results/posebench_702_predictions/pocketvina_gpu_subset/dockgen/3nvv_1_MTE_1/subset200_nativebox_sdepth8_t1000_seed101/pocketvina_p results...done.
mode |   affinity | dist from best mode
     | (kcal/mol) | rmsd l.b.| rmsd u.b.
-----+------------+----------+----------
   1         -4.5      0.000      0.000
   2         -4.3      1.116      1.377
   3         -3.9     14.069     16.350
   4         -3.8      2.689      3.022
   5         -3.7      4.480      6.679
   6         -3.6     14.125     16.928
   7         -3.4     12.010     15.212
   8         -3.4     15.481     17.526
   9         -3.4     12.656     15.801
  10         -3.3     16.042     17.885
Writing ligand <REMOTE_PROJECT_ROOT>/results/posebench_702_predictions/pocketvina_gpu_subset/dockgen/3nvv_1_MTE_1/subset200_nativebox_sdepth8_t1000_seed101/receptor-pocket1-pocketvina_poses.pdbqt output...
JSON file successfully saved to: <REMOTE_PROJECT_ROOT>/results/posebench_702_predictions/pocketvina_gpu_subset/dockgen/3nvv_1_MTE_1/subset200_nativebox_sdepth8_t1000_seed101/receptor-pocket1-pocketvina_poses.json
done.

QuickVina 2-GPU3 total runtime = 13.339 s
","Failed to read file: /tmp/dep-b28c6f.d
Failed to read file: /tmp/dep-753c84.d
",results/posebench_702_predictions/vina_cpu_full/dockgen/3nvv_1_MTE_1/receptor.pdbqt,results/posebench_702_predictions/vina_cpu_full/dockgen/3nvv_1_MTE_1/ligand_start.pdbqt,results/posebench_702_predictions/pocketvina_gpu_subset/dockgen/3nvv_1_MTE_1/subset200_nativebox_sdepth8_t1000_seed101/receptor-pocket1-pocketvina_poses.pdbqt,85.88516666666668,13.247416666666666,29.05545833333333,ok,10.0,-4.5,-4.5,13.937065369904813,12.667869616671934,False,False,24.0,"24,24,24,24,24,24,24,24,24,24",14.134
dockgen,6o6y_1_ACK_0,6o6y,PocketVina-GPU native-pocket subset,subset200_nativebox_sdepth8_t1000_seed101,PoseBench proportional stratified subset; native ligand center; fixed 24A box,8,1000,24.0,0,"ng (2023).          #
#                                                               #
# DOI https://doi.org/10.1021/acs.jcim.2c01504                  #
#                                                               #
# Shidi, Tang, Chen Ruiqi, Lin Mengru, Lin Qingde,              #
# Zhu Yanxiang, Wu Jiansheng, Hu Haifeng, and Ling Ming.        #
# Accelerating AutoDock Vina with GPUs.                         #
# Molecules 27.9 (2022): 3041.                                  #
#                                                               #
# DOI https://doi.org/10.3390/molecules27093041                 #
#                                                               #
# And also the origin AutoDock Vina paper:                      #
# O. Trott, A. J. Olson,                                        #
# AutoDock Vina: improving the speed and accuracy of docking    #
# with a new scoring function, efficient optimization and       #
# multithreading, Journal of Computational Chemistry 31 (2010)  #
# 455-461                                                       #
#                                                               #
# DOI 10.1002/jcc.21334                                         #
#                                                               #
#################################################################

Using single ligand docking mode

Reading input ... done.
Using pocket rank: 1
Setting up the scoring function ... done.
Search_depth is fixed to 8
Analyzing the binding site ... done.
GPU Platform: NVIDIA CUDA
GPU Device: NVIDIA GeForce RTX 4090 D
Using random seed: 101

Build kernel 1 from source
OpenCL version: 3.0

Build kernel 2 from source
OpenCL version: 3.0


Perform docking|=======                              |
Perform docking|================done=================|

Refining ligand <REMOTE_PROJECT_ROOT>/results/posebench_702_predictions/pocketvina_gpu_subset/dockgen/6o6y_1_ACK_0/subset200_nativebox_sdepth8_t1000_seed101/pocketvina_p results...done.
mode |   affinity | dist from best mode
     | (kcal/mol) | rmsd l.b.| rmsd u.b.
-----+------------+----------+----------
   1         -8.0      0.000      0.000
   2         -7.1      1.689      3.301
   3         -6.8      1.083      1.999
   4         -6.6      2.466      3.254
   5         -6.5      1.816      3.247
   6         -6.5      4.198      6.017
   7         -6.4      1.664      2.475
   8         -6.3      3.101      4.958
   9         -6.3      4.302      6.330
  10         -6.3      4.599      6.270
Writing ligand <REMOTE_PROJECT_ROOT>/results/posebench_702_predictions/pocketvina_gpu_subset/dockgen/6o6y_1_ACK_0/subset200_nativebox_sdepth8_t1000_seed101/receptor-pocket1-pocketvina_poses.pdbqt output...
JSON file successfully saved to: <REMOTE_PROJECT_ROOT>/results/posebench_702_predictions/pocketvina_gpu_subset/dockgen/6o6y_1_ACK_0/subset200_nativebox_sdepth8_t1000_seed101/receptor-pocket1-pocketvina_poses.json
done.

QuickVina 2-GPU3 total runtime = 13.224 s
","Failed to read file: /tmp/dep-60faf8.d
Failed to read file: /tmp/dep-283cb1.d
",results/posebench_702_predictions/vina_cpu_full/dockgen/6o6y_1_ACK_0/receptor.pdbqt,results/posebench_702_predictions/vina_cpu_full/dockgen/6o6y_1_ACK_0/ligand_start.pdbqt,results/posebench_702_predictions/pocketvina_gpu_subset/dockgen/6o6y_1_ACK_0/subset200_nativebox_sdepth8_t1000_seed101/receptor-pocket1-pocketvina_poses.pdbqt,-13.954318181818183,71.58036363636364,-7.424000000000001,ok,10.0,-8.0,-8.0,6.5343396063343,5.799843838023103,False,False,22.0,"22,22,22,22,22,22,22,22,22,22",14.03
dockgen,2zcz_2_TRP_3,2zcz,PocketVina-GPU native-pocket subset,subset200_nativebox_sdepth8_t1000_seed101,PoseBench proportional stratified subset; native ligand center; fixed 24A box,8,1000,24.0,0,"ng (2023).          #
#                                                               #
# DOI https://doi.org/10.1021/acs.jcim.2c01504                  #
#                                                               #
# Shidi, Tang, Chen Ruiqi, Lin Mengru, Lin Qingde,              #
# Zhu Yanxiang, Wu Jiansheng, Hu Haifeng, and Ling Ming.        #
# Accelerating AutoDock Vina with GPUs.                         #
# Molecules 27.9 (2022): 3041.                                  #
#                                                               #
# DOI https://doi.org/10.3390/molecules27093041                 #
#                                                               #
# And also the origin AutoDock Vina paper:                      #
# O. Trott, A. J. Olson,                                        #
# AutoDock Vina: improving the speed and accuracy of docking    #
# with a new scoring function, efficient optimization and       #
# multithreading, Journal of Computational Chemistry 31 (2010)  #
# 455-461                                                       #
#                                                               #
# DOI 10.1002/jcc.21334                                         #
#                                                               #
#################################################################

Using single ligand docking mode

Reading input ... done.
Using pocket rank: 1
Setting up the scoring function ... done.
Search_depth is fixed to 8
Analyzing the binding site ... done.
GPU Platform: NVIDIA CUDA
GPU Device: NVIDIA GeForce RTX 4090 D
Using random seed: 101

Build kernel 1 from source
OpenCL version: 3.0

Build kernel 2 from source
OpenCL version: 3.0


Perform docking|=======                              |
Perform docking|================done=================|

Refining ligand <REMOTE_PROJECT_ROOT>/results/posebench_702_predictions/pocketvina_gpu_subset/dockgen/2zcz_2_TRP_3/subset200_nativebox_sdepth8_t1000_seed101/pocketvina_p results...done.
mode |   affinity | dist from best mode
     | (kcal/mol) | rmsd l.b.| rmsd u.b.
-----+------------+----------+----------
   1         -7.7      0.000      0.000
   2         -7.5      1.686      1.954
   3         -7.3      1.507      2.109
   4         -7.2      1.431      1.556
   5         -7.2      1.827      2.074
   6         -7.1      1.763      2.448
   7         -6.6      1.684      2.522
   8         -6.3      1.250      1.451
   9         -6.3      1.613      2.367
  10         -6.2      1.578      1.879
Writing ligand <REMOTE_PROJECT_ROOT>/results/posebench_702_predictions/pocketvina_gpu_subset/dockgen/2zcz_2_TRP_3/subset200_nativebox_sdepth8_t1000_seed101/receptor-pocket1-pocketvina_poses.pdbqt output...
JSON file successfully saved to: <REMOTE_PROJECT_ROOT>/results/posebench_702_predictions/pocketvina_gpu_subset/dockgen/2zcz_2_TRP_3/subset200_nativebox_sdepth8_t1000_seed101/receptor-pocket1-pocketvina_poses.json
done.

QuickVina 2-GPU3 total runtime = 12.168 s
","Failed to read file: /tmp/dep-b894bf.d
Failed to read file: /tmp/dep-0ada77.d
",results/posebench_702_predictions/vina_cpu_full/dockgen/2zcz_2_TRP_3/receptor.pdbqt,results/posebench_702_predictions/vina_cpu_full/dockgen/2zcz_2_TRP_3/ligand_start.pdbqt,results/posebench_702_predictions/pocketvina_gpu_subset/dockgen/2zcz_2_TRP_3/subset200_nativebox_sdepth8_t1000_seed101/receptor-pocket1-pocketvina_poses.pdbqt,72.54973333333332,76.74513333333334,18.238,ok,10.0,-7.7,-7.7,2.969692509334932,2.7316598983035925,False,False,15.0,"15,15,15,15,15,15,15,15,15,15",13.103
dockgen,4zqx_1_ATP_2,4zqx,PocketVina-GPU native-pocket subset,subset200_nativebox_sdepth8_t1000_seed101,PoseBench proportional stratified subset; native ligand center; fixed 24A box,8,1000,24.0,0,"ng (2023).          #
#                                                               #
# DOI https://doi.org/10.1021/acs.jcim.2c01504                  #
#                                                               #
# Shidi, Tang, Chen Ruiqi, Lin Mengru, Lin Qingde,              #
# Zhu Yanxiang, Wu Jiansheng, Hu Haifeng, and Ling Ming.        #
# Accelerating AutoDock Vina with GPUs.                         #
# Molecules 27.9 (2022): 3041.                                  #
#                                                               #
# DOI https://doi.org/10.3390/molecules27093041                 #
#                                                               #
# And also the origin AutoDock Vina paper:                      #
# O. Trott, A. J. Olson,                                        #
# AutoDock Vina: improving the speed and accuracy of docking    #
# with a new scoring function, efficient optimization and       #
# multithreading, Journal of Computational Chemistry 31 (2010)  #
# 455-461                                                       #
#                                                               #
# DOI 10.1002/jcc.21334                                         #
#                                                               #
#################################################################

Using single ligand docking mode

Reading input ... done.
Using pocket rank: 1
Setting up the scoring function ... done.
Search_depth is fixed to 8
Analyzing the binding site ... done.
GPU Platform: NVIDIA CUDA
GPU Device: NVIDIA GeForce RTX 4090 D
Using random seed: 101

Build kernel 1 from source
OpenCL version: 3.0

Build kernel 2 from source
OpenCL version: 3.0


Perform docking|=======                              |
Perform docking|================done=================|

Refining ligand <REMOTE_PROJECT_ROOT>/results/posebench_702_predictions/pocketvina_gpu_subset/dockgen/4zqx_1_ATP_2/subset200_nativebox_sdepth8_t1000_seed101/pocketvina_p results...done.
mode |   affinity | dist from best mode
     | (kcal/mol) | rmsd l.b.| rmsd u.b.
-----+------------+----------+----------
   1         -3.9      0.000      0.000
   2         -3.8      2.222      3.331
   3         -3.8      3.292      5.582
   4         -3.5      8.880     11.984
   5         -3.4      4.153      6.307
   6         -3.3      2.183      3.515
   7         -3.3      9.032     12.120
   8         -3.3      5.271      8.381
   9         -3.2      3.861      5.721
  10         -3.2      3.899      6.423
Writing ligand <REMOTE_PROJECT_ROOT>/results/posebench_702_predictions/pocketvina_gpu_subset/dockgen/4zqx_1_ATP_2/subset200_nativebox_sdepth8_t1000_seed101/receptor-pocket1-pocketvina_poses.pdbqt output...
JSON file successfully saved to: <REMOTE_PROJECT_ROOT>/results/posebench_702_predictions/pocketvina_gpu_subset/dockgen/4zqx_1_ATP_2/subset200_nativebox_sdepth8_t1000_seed101/receptor-pocket1-pocketvina_poses.json
done.

QuickVina 2-GPU3 total runtime = 13.634 s
","Failed to read file: /tmp/dep-7bb071.d
Failed to read file: /tmp/dep-18a362.d
",results/posebench_702_predictions/vina_cpu_full/dockgen/4zqx_1_ATP_2/receptor.pdbqt,results/posebench_702_predictions/vina_cpu_full/dockgen/4zqx_1_ATP_2/ligand_start.pdbqt,results/posebench_702_predictions/pocketvina_gpu_subset/dockgen/4zqx_1_ATP_2/subset200_nativebox_sdepth8_t1000_seed101/receptor-pocket1-pocketvina_poses.pdbqt,54.465096774193555,6.026516129032258,81.13367741935483,ok,10.0,-3.9,-3.9,11.474431378138652,11.166009826773971,False,False,31.0,"31,31,31,31,31,31,31,31,31,31",14.044
dockgen,4phr_1_UDP_0,4phr,PocketVina-GPU native-pocket subset,subset200_nativebox_sdepth8_t1000_seed101,PoseBench proportional stratified subset; native ligand center; fixed 24A box,8,1000,24.0,0,"ng (2023).          #
#                                                               #
# DOI https://doi.org/10.1021/acs.jcim.2c01504                  #
#                                                               #
# Shidi, Tang, Chen Ruiqi, Lin Mengru, Lin Qingde,              #
# Zhu Yanxiang, Wu Jiansheng, Hu Haifeng, and Ling Ming.        #
# Accelerating AutoDock Vina with GPUs.                         #
# Molecules 27.9 (2022): 3041.                                  #
#                                                               #
# DOI https://doi.org/10.3390/molecules27093041                 #
#                                                               #
# And also the origin AutoDock Vina paper:                      #
# O. Trott, A. J. Olson,                                        #
# AutoDock Vina: improving the speed and accuracy of docking    #
# with a new scoring function, efficient optimization and       #
# multithreading, Journal of Computational Chemistry 31 (2010)  #
# 455-461                                                       #
#                                                               #
# DOI 10.1002/jcc.21334                                         #
#                                                               #
#################################################################

Using single ligand docking mode

Reading input ... done.
Using pocket rank: 1
Setting up the scoring function ... done.
Search_depth is fixed to 8
Analyzing the binding site ... done.
GPU Platform: NVIDIA CUDA
GPU Device: NVIDIA GeForce RTX 4090 D
Using random seed: 101

Build kernel 1 from source
OpenCL version: 3.0

Build kernel 2 from source
OpenCL version: 3.0


Perform docking|=======                              |
Perform docking|================done=================|

Refining ligand <REMOTE_PROJECT_ROOT>/results/posebench_702_predictions/pocketvina_gpu_subset/dockgen/4phr_1_UDP_0/subset200_nativebox_sdepth8_t1000_seed101/pocketvina_p results...done.
mode |   affinity | dist from best mode
     | (kcal/mol) | rmsd l.b.| rmsd u.b.
-----+------------+----------+----------
   1         -8.3      0.000      0.000
   2         -8.3      2.705      3.163
   3         -7.8      7.128      9.256
   4         -7.7      7.665     10.221
   5         -7.7      7.555     10.621
   6         -7.5      7.378     10.116
   7         -7.5      9.384     11.706
   8         -7.4      7.812     10.599
   9         -7.4      0.639      1.042
  10         -7.3      8.233     11.257
Writing ligand <REMOTE_PROJECT_ROOT>/results/posebench_702_predictions/pocketvina_gpu_subset/dockgen/4phr_1_UDP_0/subset200_nativebox_sdepth8_t1000_seed101/receptor-pocket1-pocketvina_poses.pdbqt output...
JSON file successfully saved to: <REMOTE_PROJECT_ROOT>/results/posebench_702_predictions/pocketvina_gpu_subset/dockgen/4phr_1_UDP_0/subset200_nativebox_sdepth8_t1000_seed101/receptor-pocket1-pocketvina_poses.json
done.

QuickVina 2-GPU3 total runtime = 13.575 s
","Failed to read file: /tmp/dep-f2abe5.d
Failed to read file: /tmp/dep-443c69.d
",results/posebench_702_predictions/vina_cpu_full/dockgen/4phr_1_UDP_0/receptor.pdbqt,results/posebench_702_predictions/vina_cpu_full/dockgen/4phr_1_UDP_0/ligand_start.pdbqt,results/posebench_702_predictions/pocketvina_gpu_subset/dockgen/4phr_1_UDP_0/subset200_nativebox_sdepth8_t1000_seed101/receptor-pocket1-pocketvina_poses.pdbqt,8.044239999999999,21.280200000000004,16.47228,ok,10.0,-8.3,-8.3,4.507578582786993,4.185675185677933,False,False,25.0,"25,25,25,25,25,25,25,25,25,25",14.192
dockgen,4cnl_1_CHT_1,4cnl,PocketVina-GPU native-pocket subset,subset200_nativebox_sdepth8_t1000_seed101,PoseBench proportional stratified subset; native ligand center; fixed 24A box,8,1000,24.0,0,"ng (2023).          #
#                                                               #
# DOI https://doi.org/10.1021/acs.jcim.2c01504                  #
#                                                               #
# Shidi, Tang, Chen Ruiqi, Lin Mengru, Lin Qingde,              #
# Zhu Yanxiang, Wu Jiansheng, Hu Haifeng, and Ling Ming.        #
# Accelerating AutoDock Vina with GPUs.                         #
# Molecules 27.9 (2022): 3041.                                  #
#                                                               #
# DOI https://doi.org/10.3390/molecules27093041                 #
#                                                               #
# And also the origin AutoDock Vina paper:                      #
# O. Trott, A. J. Olson,                                        #
# AutoDock Vina: improving the speed and accuracy of docking    #
# with a new scoring function, efficient optimization and       #
# multithreading, Journal of Computational Chemistry 31 (2010)  #
# 455-461                                                       #
#                                                               #
# DOI 10.1002/jcc.21334                                         #
#                                                               #
#################################################################

Using single ligand docking mode

Reading input ... done.
Using pocket rank: 1
Setting up the scoring function ... done.
Search_depth is fixed to 8
Analyzing the binding site ... done.
GPU Platform: NVIDIA CUDA
GPU Device: NVIDIA GeForce RTX 4090 D
Using random seed: 101

Build kernel 1 from source
OpenCL version: 3.0

Build kernel 2 from source
OpenCL version: 3.0


Perform docking|=======                              |
Perform docking|================done=================|

Refining ligand <REMOTE_PROJECT_ROOT>/results/posebench_702_predictions/pocketvina_gpu_subset/dockgen/4cnl_1_CHT_1/subset200_nativebox_sdepth8_t1000_seed101/pocketvina_p results...done.
mode |   affinity | dist from best mode
     | (kcal/mol) | rmsd l.b.| rmsd u.b.
-----+------------+----------+----------
   1         -2.6      0.000      0.000
   2         -2.6      0.933      1.655
   3         -2.6     12.307     13.354
   4         -2.6      0.315      1.530
   5         -2.6     12.666     13.697
   6         -2.6      3.551      4.014
   7         -2.6      3.527      4.267
   8         -2.6      3.582      4.217
   9         -2.5      1.302      1.761
  10         -2.5     11.549     12.548
Writing ligand <REMOTE_PROJECT_ROOT>/results/posebench_702_predictions/pocketvina_gpu_subset/dockgen/4cnl_1_CHT_1/subset200_nativebox_sdepth8_t1000_seed101/receptor-pocket1-pocketvina_poses.pdbqt output...
JSON file successfully saved to: <REMOTE_PROJECT_ROOT>/results/posebench_702_predictions/pocketvina_gpu_subset/dockgen/4cnl_1_CHT_1/subset200_nativebox_sdepth8_t1000_seed101/receptor-pocket1-pocketvina_poses.json
done.

QuickVina 2-GPU3 total runtime = 13.072 s
","Failed to read file: /tmp/dep-962950.d
Failed to read file: /tmp/dep-f11deb.d
",results/posebench_702_predictions/vina_cpu_full/dockgen/4cnl_1_CHT_1/receptor.pdbqt,results/posebench_702_predictions/vina_cpu_full/dockgen/4cnl_1_CHT_1/ligand_start.pdbqt,results/posebench_702_predictions/pocketvina_gpu_subset/dockgen/4cnl_1_CHT_1/subset200_nativebox_sdepth8_t1000_seed101/receptor-pocket1-pocketvina_poses.pdbqt,-7.050285714285714,-6.784285714285714,18.178428571428572,ok,10.0,-2.6,-2.6,12.537617807451074,3.0932762566573326,False,False,7.0,"7,7,7,7,7,7,7,7,7,7",14.096
dockgen,3q14_1_PCR_3,3q14,PocketVina-GPU native-pocket subset,subset200_nativebox_sdepth8_t1000_seed101,PoseBench proportional stratified subset; native ligand center; fixed 24A box,8,1000,24.0,0,"ng (2023).          #
#                                                               #
# DOI https://doi.org/10.1021/acs.jcim.2c01504                  #
#                                                               #
# Shidi, Tang, Chen Ruiqi, Lin Mengru, Lin Qingde,              #
# Zhu Yanxiang, Wu Jiansheng, Hu Haifeng, and Ling Ming.        #
# Accelerating AutoDock Vina with GPUs.                         #
# Molecules 27.9 (2022): 3041.                                  #
#                                                               #
# DOI https://doi.org/10.3390/molecules27093041                 #
#                                                               #
# And also the origin AutoDock Vina paper:                      #
# O. Trott, A. J. Olson,                                        #
# AutoDock Vina: improving the speed and accuracy of docking    #
# with a new scoring function, efficient optimization and       #
# multithreading, Journal of Computational Chemistry 31 (2010)  #
# 455-461                                                       #
#                                                               #
# DOI 10.1002/jcc.21334                                         #
#                                                               #
#################################################################

Using single ligand docking mode

Reading input ... done.
Using pocket rank: 1
Setting up the scoring function ... done.
Search_depth is fixed to 8
Analyzing the binding site ... done.
GPU Platform: NVIDIA CUDA
GPU Device: NVIDIA GeForce RTX 4090 D
Using random seed: 101

Build kernel 1 from source
OpenCL version: 3.0

Build kernel 2 from source
OpenCL version: 3.0


Perform docking|=======                              |
Perform docking|================done=================|

Refining ligand <REMOTE_PROJECT_ROOT>/results/posebench_702_predictions/pocketvina_gpu_subset/dockgen/3q14_1_PCR_3/subset200_nativebox_sdepth8_t1000_seed101/pocketvina_p results...done.
mode |   affinity | dist from best mode
     | (kcal/mol) | rmsd l.b.| rmsd u.b.
-----+------------+----------+----------
   1         -5.1      0.000      0.000
   2         -5.0      0.079      1.701
   3         -5.0      2.336      3.386
   4         -4.9      2.399      3.812
   5         -4.9     14.835     15.151
   6         -4.9      2.002      2.881
   7         -4.9      2.597      3.786
   8         -4.9      2.003      2.979
   9         -4.9      1.683      2.637
  10         -4.9      1.690      2.558
Writing ligand <REMOTE_PROJECT_ROOT>/results/posebench_702_predictions/pocketvina_gpu_subset/dockgen/3q14_1_PCR_3/subset200_nativebox_sdepth8_t1000_seed101/receptor-pocket1-pocketvina_poses.pdbqt output...
JSON file successfully saved to: <REMOTE_PROJECT_ROOT>/results/posebench_702_predictions/pocketvina_gpu_subset/dockgen/3q14_1_PCR_3/subset200_nativebox_sdepth8_t1000_seed101/receptor-pocket1-pocketvina_poses.json
done.

QuickVina 2-GPU3 total runtime = 13.090 s
","Failed to read file: /tmp/dep-3d2ebf.d
Failed to read file: /tmp/dep-1d55d9.d
",results/posebench_702_predictions/vina_cpu_full/dockgen/3q14_1_PCR_3/receptor.pdbqt,results/posebench_702_predictions/vina_cpu_full/dockgen/3q14_1_PCR_3/ligand_start.pdbqt,results/posebench_702_predictions/pocketvina_gpu_subset/dockgen/3q14_1_PCR_3/subset200_nativebox_sdepth8_t1000_seed101/receptor-pocket1-pocketvina_poses.pdbqt,-21.003875,-4.280625000000001,-19.644,ok,10.0,-5.1,-5.1,14.65517676027826,3.658446340319889,False,False,8.0,"8,8,8,8,8,8,8,8,8,8",14.109
dockgen,3zjx_1_BOG_0,3zjx,PocketVina-GPU native-pocket subset,subset200_nativebox_sdepth8_t1000_seed101,PoseBench proportional stratified subset; native ligand center; fixed 24A box,8,1000,24.0,0,"ng (2023).          #
#                                                               #
# DOI https://doi.org/10.1021/acs.jcim.2c01504                  #
#                                                               #
# Shidi, Tang, Chen Ruiqi, Lin Mengru, Lin Qingde,              #
# Zhu Yanxiang, Wu Jiansheng, Hu Haifeng, and Ling Ming.        #
# Accelerating AutoDock Vina with GPUs.                         #
# Molecules 27.9 (2022): 3041.                                  #
#                                                               #
# DOI https://doi.org/10.3390/molecules27093041                 #
#                                                               #
# And also the origin AutoDock Vina paper:                      #
# O. Trott, A. J. Olson,                                        #
# AutoDock Vina: improving the speed and accuracy of docking    #
# with a new scoring function, efficient optimization and       #
# multithreading, Journal of Computational Chemistry 31 (2010)  #
# 455-461                                                       #
#                                                               #
# DOI 10.1002/jcc.21334                                         #
#                                                               #
#################################################################

Using single ligand docking mode

Reading input ... done.
Using pocket rank: 1
Setting up the scoring function ... done.
Search_depth is fixed to 8
Analyzing the binding site ... done.
GPU Platform: NVIDIA CUDA
GPU Device: NVIDIA GeForce RTX 4090 D
Using random seed: 101

Build kernel 1 from source
OpenCL version: 3.0

Build kernel 2 from source
OpenCL version: 3.0


Perform docking|=======                              |
Perform docking|================done=================|

Refining ligand <REMOTE_PROJECT_ROOT>/results/posebench_702_predictions/pocketvina_gpu_subset/dockgen/3zjx_1_BOG_0/subset200_nativebox_sdepth8_t1000_seed101/pocketvina_p results...done.
mode |   affinity | dist from best mode
     | (kcal/mol) | rmsd l.b.| rmsd u.b.
-----+------------+----------+----------
   1         -5.0      0.000      0.000
   2         -4.9      1.533      4.424
   3         -4.6      1.003      1.165
   4         -4.6      2.131      4.029
   5         -4.5      1.418      3.130
   6         -4.4      2.406      4.721
   7         -4.4      2.640      6.167
   8         -4.4      2.509      5.637
   9         -4.3      2.091      3.883
  10         -4.3      2.175      4.096
Writing ligand <REMOTE_PROJECT_ROOT>/results/posebench_702_predictions/pocketvina_gpu_subset/dockgen/3zjx_1_BOG_0/subset200_nativebox_sdepth8_t1000_seed101/receptor-pocket1-pocketvina_poses.pdbqt output...
JSON file successfully saved to: <REMOTE_PROJECT_ROOT>/results/posebench_702_predictions/pocketvina_gpu_subset/dockgen/3zjx_1_BOG_0/subset200_nativebox_sdepth8_t1000_seed101/receptor-pocket1-pocketvina_poses.json
done.

QuickVina 2-GPU3 total runtime = 12.422 s
","Failed to read file: /tmp/dep-20b908.d
Failed to read file: /tmp/dep-4aa115.d
",results/posebench_702_predictions/vina_cpu_full/dockgen/3zjx_1_BOG_0/receptor.pdbqt,results/posebench_702_predictions/vina_cpu_full/dockgen/3zjx_1_BOG_0/ligand_start.pdbqt,results/posebench_702_predictions/pocketvina_gpu_subset/dockgen/3zjx_1_BOG_0/subset200_nativebox_sdepth8_t1000_seed101/receptor-pocket1-pocketvina_poses.pdbqt,-73.29765,91.1788,145.63425,ok,10.0,-5.0,-5.0,9.476688572491977,8.692463569092478,False,False,20.0,"20,20,20,20,20,20,20,20,20,20",13.218
posebusters_benchmark,7N4N_0BK,7n4n,PocketVina-GPU native-pocket subset,subset200_nativebox_sdepth8_t1000_seed101,PoseBench proportional stratified subset; native ligand center; fixed 24A box,8,1000,24.0,0,"                                                        #
# DOI https://doi.org/10.1021/acs.jcim.2c01504                  #
#                                                               #
# Shidi, Tang, Chen Ruiqi, Lin Mengru, Lin Qingde,              #
# Zhu Yanxiang, Wu Jiansheng, Hu Haifeng, and Ling Ming.        #
# Accelerating AutoDock Vina with GPUs.                         #
# Molecules 27.9 (2022): 3041.                                  #
#                                                               #
# DOI https://doi.org/10.3390/molecules27093041                 #
#                                                               #
# And also the origin AutoDock Vina paper:                      #
# O. Trott, A. J. Olson,                                        #
# AutoDock Vina: improving the speed and accuracy of docking    #
# with a new scoring function, efficient optimization and       #
# multithreading, Journal of Computational Chemistry 31 (2010)  #
# 455-461                                                       #
#                                                               #
# DOI 10.1002/jcc.21334                                         #
#                                                               #
#################################################################

Using single ligand docking mode

Reading input ... done.
Using pocket rank: 1
Setting up the scoring function ... done.
Search_depth is fixed to 8
Analyzing the binding site ... done.
GPU Platform: NVIDIA CUDA
GPU Device: NVIDIA GeForce RTX 4090 D
Using random seed: 101

Build kernel 1 from source
OpenCL version: 3.0

Build kernel 2 from source
OpenCL version: 3.0


Perform docking|=======                              |
Perform docking|================done=================|

Refining ligand <REMOTE_PROJECT_ROOT>/results/posebench_702_predictions/pocketvina_gpu_subset/posebusters_benchmark/7N4N_0BK/subset200_nativebox_sdepth8_t1000_seed101/pocketvina_p results...done.
mode |   affinity | dist from best mode
     | (kcal/mol) | rmsd l.b.| rmsd u.b.
-----+------------+----------+----------
   1         -8.1      0.000      0.000
   2         -8.0      2.779      3.926
   3         -8.0      3.127      8.559
   4         -8.0      1.778      1.978
   5         -8.0      1.723      1.969
   6         -8.0      1.353      1.375
   7         -7.9      4.268      6.084
   8         -7.8      4.421      6.424
   9         -7.8      3.395      8.666
  10         -7.8      4.140      5.776
Writing ligand <REMOTE_PROJECT_ROOT>/results/posebench_702_predictions/pocketvina_gpu_subset/posebusters_benchmark/7N4N_0BK/subset200_nativebox_sdepth8_t1000_seed101/receptor-pocket1-pocketvina_poses.pdbqt output...
JSON file successfully saved to: <REMOTE_PROJECT_ROOT>/results/posebench_702_predictions/pocketvina_gpu_subset/posebusters_benchmark/7N4N_0BK/subset200_nativebox_sdepth8_t1000_seed101/receptor-pocket1-pocketvina_poses.json
done.

QuickVina 2-GPU3 total runtime = 13.530 s
","Failed to read file: /tmp/dep-8b8866.d
Failed to read file: /tmp/dep-e17df1.d
",results/posebench_702_predictions/vina_cpu_full/posebusters_benchmark/7N4N_0BK/receptor.pdbqt,results/posebench_702_predictions/vina_cpu_full/posebusters_benchmark/7N4N_0BK/ligand_start.pdbqt,results/posebench_702_predictions/pocketvina_gpu_subset/posebusters_benchmark/7N4N_0BK/subset200_nativebox_sdepth8_t1000_seed101/receptor-pocket1-pocketvina_poses.pdbqt,22.081624999999995,-8.2205,-17.517812499999994,ok,10.0,-8.1,-8.1,7.992327473114449,5.443386922450029,False,False,32.0,"32,32,32,32,32,32,32,32,32,32",14.154
posebusters_benchmark,7LCU_XTA,7lcu,PocketVina-GPU native-pocket subset,subset200_nativebox_sdepth8_t1000_seed101,PoseBench proportional stratified subset; native ligand center; fixed 24A box,8,1000,24.0,0,"                                                        #
# DOI https://doi.org/10.1021/acs.jcim.2c01504                  #
#                                                               #
# Shidi, Tang, Chen Ruiqi, Lin Mengru, Lin Qingde,              #
# Zhu Yanxiang, Wu Jiansheng, Hu Haifeng, and Ling Ming.        #
# Accelerating AutoDock Vina with GPUs.                         #
# Molecules 27.9 (2022): 3041.                                  #
#                                                               #
# DOI https://doi.org/10.3390/molecules27093041                 #
#                                                               #
# And also the origin AutoDock Vina paper:                      #
# O. Trott, A. J. Olson,                                        #
# AutoDock Vina: improving the speed and accuracy of docking    #
# with a new scoring function, efficient optimization and       #
# multithreading, Journal of Computational Chemistry 31 (2010)  #
# 455-461                                                       #
#                                                               #
# DOI 10.1002/jcc.21334                                         #
#                                                               #
#################################################################

Using single ligand docking mode

Reading input ... done.
Using pocket rank: 1
Setting up the scoring function ... done.
Search_depth is fixed to 8
Analyzing the binding site ... done.
GPU Platform: NVIDIA CUDA
GPU Device: NVIDIA GeForce RTX 4090 D
Using random seed: 101

Build kernel 1 from source
OpenCL version: 3.0

Build kernel 2 from source
OpenCL version: 3.0


Perform docking|=======                              |
Perform docking|================done=================|

Refining ligand <REMOTE_PROJECT_ROOT>/results/posebench_702_predictions/pocketvina_gpu_subset/posebusters_benchmark/7LCU_XTA/subset200_nativebox_sdepth8_t1000_seed101/pocketvina_p results...done.
mode |   affinity | dist from best mode
     | (kcal/mol) | rmsd l.b.| rmsd u.b.
-----+------------+----------+----------
   1         -9.1      0.000      0.000
   2         -8.8      1.900      2.687
   3         -8.6      0.695      1.964
   4         -8.6      3.460      8.927
   5         -8.3      1.657      2.398
   6         -8.2      3.626      8.896
   7         -8.1      3.555      4.462
   8         -7.7      3.690      8.954
   9         -7.7      3.277      4.136
  10         -7.6      3.700      8.193
Writing ligand <REMOTE_PROJECT_ROOT>/results/posebench_702_predictions/pocketvina_gpu_subset/posebusters_benchmark/7LCU_XTA/subset200_nativebox_sdepth8_t1000_seed101/receptor-pocket1-pocketvina_poses.pdbqt output...
JSON file successfully saved to: <REMOTE_PROJECT_ROOT>/results/posebench_702_predictions/pocketvina_gpu_subset/posebusters_benchmark/7LCU_XTA/subset200_nativebox_sdepth8_t1000_seed101/receptor-pocket1-pocketvina_poses.json
done.

QuickVina 2-GPU3 total runtime = 13.823 s
","Failed to read file: /tmp/dep-a56602.d
Failed to read file: /tmp/dep-ed73dd.d
",results/posebench_702_predictions/vina_cpu_full/posebusters_benchmark/7LCU_XTA/receptor.pdbqt,results/posebench_702_predictions/vina_cpu_full/posebusters_benchmark/7LCU_XTA/ligand_start.pdbqt,results/posebench_702_predictions/pocketvina_gpu_subset/posebusters_benchmark/7LCU_XTA/subset200_nativebox_sdepth8_t1000_seed101/receptor-pocket1-pocketvina_poses.pdbqt,-65.30946153846152,-36.32961538461538,96.8078461538461,ok,10.0,-9.1,-9.1,7.8973384513635105,7.803974671067727,False,False,39.0,"39,39,39,39,39,39,39,39,39,39",14.066
posebusters_benchmark,7KC5_BJZ,7kc5,PocketVina-GPU native-pocket subset,subset200_nativebox_sdepth8_t1000_seed101,PoseBench proportional stratified subset; native ligand center; fixed 24A box,8,1000,24.0,0,"                                                        #
# DOI https://doi.org/10.1021/acs.jcim.2c01504                  #
#                                                               #
# Shidi, Tang, Chen Ruiqi, Lin Mengru, Lin Qingde,              #
# Zhu Yanxiang, Wu Jiansheng, Hu Haifeng, and Ling Ming.        #
# Accelerating AutoDock Vina with GPUs.                         #
# Molecules 27.9 (2022): 3041.                                  #
#                                                               #
# DOI https://doi.org/10.3390/molecules27093041                 #
#                                                               #
# And also the origin AutoDock Vina paper:                      #
# O. Trott, A. J. Olson,                                        #
# AutoDock Vina: improving the speed and accuracy of docking    #
# with a new scoring function, efficient optimization and       #
# multithreading, Journal of Computational Chemistry 31 (2010)  #
# 455-461                                                       #
#                                                               #
# DOI 10.1002/jcc.21334                                         #
#                                                               #
#################################################################

Using single ligand docking mode

Reading input ... done.
Using pocket rank: 1
Setting up the scoring function ... done.
Search_depth is fixed to 8
Analyzing the binding site ... done.
GPU Platform: NVIDIA CUDA
GPU Device: NVIDIA GeForce RTX 4090 D
Using random seed: 101

Build kernel 1 from source
OpenCL version: 3.0

Build kernel 2 from source
OpenCL version: 3.0


Perform docking|=======                              |
Perform docking|================done=================|

Refining ligand <REMOTE_PROJECT_ROOT>/results/posebench_702_predictions/pocketvina_gpu_subset/posebusters_benchmark/7KC5_BJZ/subset200_nativebox_sdepth8_t1000_seed101/pocketvina_p results...done.
mode |   affinity | dist from best mode
     | (kcal/mol) | rmsd l.b.| rmsd u.b.
-----+------------+----------+----------
   1        -10.5      0.000      0.000
   2        -10.5      0.524      1.774
   3        -10.5      0.142      1.597
   4        -10.4      0.737      1.224
   5         -8.1      4.628      9.222
   6         -8.1      4.626      9.270
   7         -8.0      4.561      9.694
   8         -7.9      4.551      9.632
   9         -7.8      4.685      9.179
  10         -7.8      4.598      9.666
Writing ligand <REMOTE_PROJECT_ROOT>/results/posebench_702_predictions/pocketvina_gpu_subset/posebusters_benchmark/7KC5_BJZ/subset200_nativebox_sdepth8_t1000_seed101/receptor-pocket1-pocketvina_poses.pdbqt output...
JSON file successfully saved to: <REMOTE_PROJECT_ROOT>/results/posebench_702_predictions/pocketvina_gpu_subset/posebusters_benchmark/7KC5_BJZ/subset200_nativebox_sdepth8_t1000_seed101/receptor-pocket1-pocketvina_poses.json
done.

QuickVina 2-GPU3 total runtime = 12.764 s
","Failed to read file: /tmp/dep-18be5c.d
Failed to read file: /tmp/dep-dcc9fa.d
",results/posebench_702_predictions/vina_cpu_full/posebusters_benchmark/7KC5_BJZ/receptor.pdbqt,results/posebench_702_predictions/vina_cpu_full/posebusters_benchmark/7KC5_BJZ/ligand_start.pdbqt,results/posebench_702_predictions/pocketvina_gpu_subset/posebusters_benchmark/7KC5_BJZ/subset200_nativebox_sdepth8_t1000_seed101/receptor-pocket1-pocketvina_poses.pdbqt,-3.0990540540540548,-18.236594594594592,16.804783783783787,ok,10.0,-10.5,-10.5,8.078074300562319,4.957175789783011,False,False,37.0,"37,37,37,37,37,37,37,37,37,37",13.189
posebusters_benchmark,7LOE_Y84,7loe,PocketVina-GPU native-pocket subset,subset200_nativebox_sdepth8_t1000_seed101,PoseBench proportional stratified subset; native ligand center; fixed 24A box,8,1000,24.0,0,"                                                        #
# DOI https://doi.org/10.1021/acs.jcim.2c01504                  #
#                                                               #
# Shidi, Tang, Chen Ruiqi, Lin Mengru, Lin Qingde,              #
# Zhu Yanxiang, Wu Jiansheng, Hu Haifeng, and Ling Ming.        #
# Accelerating AutoDock Vina with GPUs.                         #
# Molecules 27.9 (2022): 3041.                                  #
#                                                               #
# DOI https://doi.org/10.3390/molecules27093041                 #
#                                                               #
# And also the origin AutoDock Vina paper:                      #
# O. Trott, A. J. Olson,                                        #
# AutoDock Vina: improving the speed and accuracy of docking    #
# with a new scoring function, efficient optimization and       #
# multithreading, Journal of Computational Chemistry 31 (2010)  #
# 455-461                                                       #
#                                                               #
# DOI 10.1002/jcc.21334                                         #
#                                                               #
#################################################################

Using single ligand docking mode

Reading input ... done.
Using pocket rank: 1
Setting up the scoring function ... done.
Search_depth is fixed to 8
Analyzing the binding site ... done.
GPU Platform: NVIDIA CUDA
GPU Device: NVIDIA GeForce RTX 4090 D
Using random seed: 101

Build kernel 1 from source
OpenCL version: 3.0

Build kernel 2 from source
OpenCL version: 3.0


Perform docking|=======                              |
Perform docking|================done=================|

Refining ligand <REMOTE_PROJECT_ROOT>/results/posebench_702_predictions/pocketvina_gpu_subset/posebusters_benchmark/7LOE_Y84/subset200_nativebox_sdepth8_t1000_seed101/pocketvina_p results...done.
mode |   affinity | dist from best mode
     | (kcal/mol) | rmsd l.b.| rmsd u.b.
-----+------------+----------+----------
   1         -8.2      0.000      0.000
   2         -8.1      1.570      2.518
   3         -8.0      0.725      3.356
   4         -7.9      1.789      4.198
   5         -7.9      1.828      4.130
   6         -7.6      1.545      3.442
   7         -7.6      1.284      2.572
   8         -7.6      1.684      3.699
   9         -7.4      1.771      3.283
  10         -7.2      1.428      2.780
Writing ligand <REMOTE_PROJECT_ROOT>/results/posebench_702_predictions/pocketvina_gpu_subset/posebusters_benchmark/7LOE_Y84/subset200_nativebox_sdepth8_t1000_seed101/receptor-pocket1-pocketvina_poses.pdbqt output...
JSON file successfully saved to: <REMOTE_PROJECT_ROOT>/results/posebench_702_predictions/pocketvina_gpu_subset/posebusters_benchmark/7LOE_Y84/subset200_nativebox_sdepth8_t1000_seed101/receptor-pocket1-pocketvina_poses.json
done.

QuickVina 2-GPU3 total runtime = 12.163 s
","Failed to read file: /tmp/dep-2497fc.d
Failed to read file: /tmp/dep-11a7fb.d
",results/posebench_702_predictions/vina_cpu_full/posebusters_benchmark/7LOE_Y84/receptor.pdbqt,results/posebench_702_predictions/vina_cpu_full/posebusters_benchmark/7LOE_Y84/ligand_start.pdbqt,results/posebench_702_predictions/pocketvina_gpu_subset/posebusters_benchmark/7LOE_Y84/subset200_nativebox_sdepth8_t1000_seed101/receptor-pocket1-pocketvina_poses.pdbqt,40.5879090909091,-19.667545454545454,12.392454545454546,ok,10.0,-8.2,-8.2,0.6655226244361372,0.6655226244361372,True,True,11.0,"11,11,11,11,11,11,11,11,11,11",13.211
posebusters_benchmark,7UP3_NZ0,7up3,PocketVina-GPU native-pocket subset,subset200_nativebox_sdepth8_t1000_seed101,PoseBench proportional stratified subset; native ligand center; fixed 24A box,8,1000,24.0,0,"                                                        #
# DOI https://doi.org/10.1021/acs.jcim.2c01504                  #
#                                                               #
# Shidi, Tang, Chen Ruiqi, Lin Mengru, Lin Qingde,              #
# Zhu Yanxiang, Wu Jiansheng, Hu Haifeng, and Ling Ming.        #
# Accelerating AutoDock Vina with GPUs.                         #
# Molecules 27.9 (2022): 3041.                                  #
#                                                               #
# DOI https://doi.org/10.3390/molecules27093041                 #
#                                                               #
# And also the origin AutoDock Vina paper:                      #
# O. Trott, A. J. Olson,                                        #
# AutoDock Vina: improving the speed and accuracy of docking    #
# with a new scoring function, efficient optimization and       #
# multithreading, Journal of Computational Chemistry 31 (2010)  #
# 455-461                                                       #
#                                                               #
# DOI 10.1002/jcc.21334                                         #
#                                                               #
#################################################################

Using single ligand docking mode

Reading input ... done.
Using pocket rank: 1
Setting up the scoring function ... done.
Search_depth is fixed to 8
Analyzing the binding site ... done.
GPU Platform: NVIDIA CUDA
GPU Device: NVIDIA GeForce RTX 4090 D
Using random seed: 101

Build kernel 1 from source
OpenCL version: 3.0

Build kernel 2 from source
OpenCL version: 3.0


Perform docking|=======                              |
Perform docking|================done=================|

Refining ligand <REMOTE_PROJECT_ROOT>/results/posebench_702_predictions/pocketvina_gpu_subset/posebusters_benchmark/7UP3_NZ0/subset200_nativebox_sdepth8_t1000_seed101/pocketvina_p results...done.
mode |   affinity | dist from best mode
     | (kcal/mol) | rmsd l.b.| rmsd u.b.
-----+------------+----------+----------
   1         -6.0      0.000      0.000
   2         -6.0      3.929      5.455
   3         -5.8      3.495      4.860
   4         -5.8      5.320      8.557
   5         -5.8      4.610      6.999
   6         -5.8      3.552      4.793
   7         -5.8      4.525      5.668
   8         -5.7      6.722      9.614
   9         -5.7      7.689      9.664
  10         -5.7      2.817      3.312
Writing ligand <REMOTE_PROJECT_ROOT>/results/posebench_702_predictions/pocketvina_gpu_subset/posebusters_benchmark/7UP3_NZ0/subset200_nativebox_sdepth8_t1000_seed101/receptor-pocket1-pocketvina_poses.pdbqt output...
JSON file successfully saved to: <REMOTE_PROJECT_ROOT>/results/posebench_702_predictions/pocketvina_gpu_subset/posebusters_benchmark/7UP3_NZ0/subset200_nativebox_sdepth8_t1000_seed101/receptor-pocket1-pocketvina_poses.json
done.

QuickVina 2-GPU3 total runtime = 13.268 s
","Failed to read file: /tmp/dep-f07352.d
Failed to read file: /tmp/dep-c3d59e.d
",results/posebench_702_predictions/vina_cpu_full/posebusters_benchmark/7UP3_NZ0/receptor.pdbqt,results/posebench_702_predictions/vina_cpu_full/posebusters_benchmark/7UP3_NZ0/ligand_start.pdbqt,results/posebench_702_predictions/pocketvina_gpu_subset/posebusters_benchmark/7UP3_NZ0/subset200_nativebox_sdepth8_t1000_seed101/receptor-pocket1-pocketvina_poses.pdbqt,-5.272478260869565,3.4095652173913042,-12.806521739130435,ok,10.0,-6.0,-6.0,5.658891199581032,5.297740055500286,False,False,23.0,"23,23,23,23,23,23,23,23,23,23",14.073
posebusters_benchmark,7THI_PGA,7thi,PocketVina-GPU native-pocket subset,subset200_nativebox_sdepth8_t1000_seed101,PoseBench proportional stratified subset; native ligand center; fixed 24A box,8,1000,24.0,0,"                                                        #
# DOI https://doi.org/10.1021/acs.jcim.2c01504                  #
#                                                               #
# Shidi, Tang, Chen Ruiqi, Lin Mengru, Lin Qingde,              #
# Zhu Yanxiang, Wu Jiansheng, Hu Haifeng, and Ling Ming.        #
# Accelerating AutoDock Vina with GPUs.                         #
# Molecules 27.9 (2022): 3041.                                  #
#                                                               #
# DOI https://doi.org/10.3390/molecules27093041                 #
#                                                               #
# And also the origin AutoDock Vina paper:                      #
# O. Trott, A. J. Olson,                                        #
# AutoDock Vina: improving the speed and accuracy of docking    #
# with a new scoring function, efficient optimization and       #
# multithreading, Journal of Computational Chemistry 31 (2010)  #
# 455-461                                                       #
#                                                               #
# DOI 10.1002/jcc.21334                                         #
#                                                               #
#################################################################

Using single ligand docking mode

Reading input ... done.
Using pocket rank: 1
Setting up the scoring function ... done.
Search_depth is fixed to 8
Analyzing the binding site ... done.
GPU Platform: NVIDIA CUDA
GPU Device: NVIDIA GeForce RTX 4090 D
Using random seed: 101

Build kernel 1 from source
OpenCL version: 3.0

Build kernel 2 from source
OpenCL version: 3.0


Perform docking|=======                              |
Perform docking|================done=================|

Refining ligand <REMOTE_PROJECT_ROOT>/results/posebench_702_predictions/pocketvina_gpu_subset/posebusters_benchmark/7THI_PGA/subset200_nativebox_sdepth8_t1000_seed101/pocketvina_p results...done.
mode |   affinity | dist from best mode
     | (kcal/mol) | rmsd l.b.| rmsd u.b.
-----+------------+----------+----------
   1         -5.8      0.000      0.000
   2         -5.6      1.011      1.011
   3         -5.4      1.268      1.489
   4         -5.4      1.023      1.447
   5         -5.3      2.571      4.650
   6         -5.3      2.020      4.488
   7         -5.3      1.400      1.841
   8         -5.3      4.116      5.372
   9         -5.3      1.982      4.260
  10         -5.2      1.185      2.073
Writing ligand <REMOTE_PROJECT_ROOT>/results/posebench_702_predictions/pocketvina_gpu_subset/posebusters_benchmark/7THI_PGA/subset200_nativebox_sdepth8_t1000_seed101/receptor-pocket1-pocketvina_poses.pdbqt output...
JSON file successfully saved to: <REMOTE_PROJECT_ROOT>/results/posebench_702_predictions/pocketvina_gpu_subset/posebusters_benchmark/7THI_PGA/subset200_nativebox_sdepth8_t1000_seed101/receptor-pocket1-pocketvina_poses.json
done.

QuickVina 2-GPU3 total runtime = 12.237 s
","Failed to read file: /tmp/dep-f8d73b.d
Failed to read file: /tmp/dep-e77f15.d
",results/posebench_702_predictions/vina_cpu_full/posebusters_benchmark/7THI_PGA/receptor.pdbqt,results/posebench_702_predictions/vina_cpu_full/posebusters_benchmark/7THI_PGA/ligand_start.pdbqt,results/posebench_702_predictions/pocketvina_gpu_subset/posebusters_benchmark/7THI_PGA/subset200_nativebox_sdepth8_t1000_seed101/receptor-pocket1-pocketvina_poses.pdbqt,37.84811111111111,35.76166666666667,114.86111111111111,ok,10.0,-5.8,-5.8,1.8133977623357889,1.5758956888773528,True,True,9.0,"9,9,9,9,9,9,9,9,9,9",13.26
posebusters_benchmark,8BRO_R7E,8bro,PocketVina-GPU native-pocket subset,subset200_nativebox_sdepth8_t1000_seed101,PoseBench proportional stratified subset; native ligand center; fixed 24A box,8,1000,24.0,0,"                                                        #
# DOI https://doi.org/10.1021/acs.jcim.2c01504                  #
#                                                               #
# Shidi, Tang, Chen Ruiqi, Lin Mengru, Lin Qingde,              #
# Zhu Yanxiang, Wu Jiansheng, Hu Haifeng, and Ling Ming.        #
# Accelerating AutoDock Vina with GPUs.                         #
# Molecules 27.9 (2022): 3041.                                  #
#                                                               #
# DOI https://doi.org/10.3390/molecules27093041                 #
#                                                               #
# And also the origin AutoDock Vina paper:                      #
# O. Trott, A. J. Olson,                                        #
# AutoDock Vina: improving the speed and accuracy of docking    #
# with a new scoring function, efficient optimization and       #
# multithreading, Journal of Computational Chemistry 31 (2010)  #
# 455-461                                                       #
#                                                               #
# DOI 10.1002/jcc.21334                                         #
#                                                               #
#################################################################

Using single ligand docking mode

Reading input ... done.
Using pocket rank: 1
Setting up the scoring function ... done.
Search_depth is fixed to 8
Analyzing the binding site ... done.
GPU Platform: NVIDIA CUDA
GPU Device: NVIDIA GeForce RTX 4090 D
Using random seed: 101

Build kernel 1 from source
OpenCL version: 3.0

Build kernel 2 from source
OpenCL version: 3.0


Perform docking|=======                              |
Perform docking|================done=================|

Refining ligand <REMOTE_PROJECT_ROOT>/results/posebench_702_predictions/pocketvina_gpu_subset/posebusters_benchmark/8BRO_R7E/subset200_nativebox_sdepth8_t1000_seed101/pocketvina_p results...done.
mode |   affinity | dist from best mode
     | (kcal/mol) | rmsd l.b.| rmsd u.b.
-----+------------+----------+----------
   1         -5.1      0.000      0.000
   2         -5.0      3.560      9.180
   3         -4.9      6.399      9.998
   4         -4.9      3.808      6.876
   5         -4.8      5.545      9.920
   6         -4.8      1.136      1.700
   7         -4.8      7.324     10.565
   8         -4.7      6.926      9.927
   9         -4.7      7.817     11.724
  10         -4.6      8.975     11.694
Writing ligand <REMOTE_PROJECT_ROOT>/results/posebench_702_predictions/pocketvina_gpu_subset/posebusters_benchmark/8BRO_R7E/subset200_nativebox_sdepth8_t1000_seed101/receptor-pocket1-pocketvina_poses.pdbqt output...
JSON file successfully saved to: <REMOTE_PROJECT_ROOT>/results/posebench_702_predictions/pocketvina_gpu_subset/posebusters_benchmark/8BRO_R7E/subset200_nativebox_sdepth8_t1000_seed101/receptor-pocket1-pocketvina_poses.json
done.

QuickVina 2-GPU3 total runtime = 12.378 s
","Failed to read file: /tmp/dep-e38c9e.d
Failed to read file: /tmp/dep-58e55e.d
",results/posebench_702_predictions/vina_cpu_full/posebusters_benchmark/8BRO_R7E/receptor.pdbqt,results/posebench_702_predictions/vina_cpu_full/posebusters_benchmark/8BRO_R7E/ligand_start.pdbqt,results/posebench_702_predictions/pocketvina_gpu_subset/posebusters_benchmark/8BRO_R7E/subset200_nativebox_sdepth8_t1000_seed101/receptor-pocket1-pocketvina_poses.pdbqt,30.105923076923084,0.6601923076923076,11.696346153846152,ok,10.0,-5.1,-5.1,6.486108330056689,5.880527546978181,False,False,26.0,"26,26,26,26,26,26,26,26,26,26",13.1
posebusters_benchmark,7WY1_D0L,7wy1,PocketVina-GPU native-pocket subset,subset200_nativebox_sdepth8_t1000_seed101,PoseBench proportional stratified subset; native ligand center; fixed 24A box,8,1000,24.0,0,"                                                        #
# DOI https://doi.org/10.1021/acs.jcim.2c01504                  #
#                                                               #
# Shidi, Tang, Chen Ruiqi, Lin Mengru, Lin Qingde,              #
# Zhu Yanxiang, Wu Jiansheng, Hu Haifeng, and Ling Ming.        #
# Accelerating AutoDock Vina with GPUs.                         #
# Molecules 27.9 (2022): 3041.                                  #
#                                                               #
# DOI https://doi.org/10.3390/molecules27093041                 #
#                                                               #
# And also the origin AutoDock Vina paper:                      #
# O. Trott, A. J. Olson,                                        #
# AutoDock Vina: improving the speed and accuracy of docking    #
# with a new scoring function, efficient optimization and       #
# multithreading, Journal of Computational Chemistry 31 (2010)  #
# 455-461                                                       #
#                                                               #
# DOI 10.1002/jcc.21334                                         #
#                                                               #
#################################################################

Using single ligand docking mode

Reading input ... done.
Using pocket rank: 1
Setting up the scoring function ... done.
Search_depth is fixed to 8
Analyzing the binding site ... done.
GPU Platform: NVIDIA CUDA
GPU Device: NVIDIA GeForce RTX 4090 D
Using random seed: 101

Build kernel 1 from source
OpenCL version: 3.0

Build kernel 2 from source
OpenCL version: 3.0


Perform docking|=======                              |
Perform docking|================done=================|

Refining ligand <REMOTE_PROJECT_ROOT>/results/posebench_702_predictions/pocketvina_gpu_subset/posebusters_benchmark/7WY1_D0L/subset200_nativebox_sdepth8_t1000_seed101/pocketvina_p results...done.
mode |   affinity | dist from best mode
     | (kcal/mol) | rmsd l.b.| rmsd u.b.
-----+------------+----------+----------
   1         -8.4      0.000      0.000
   2         -8.3      0.981      1.659
   3         -8.1      0.792      1.027
   4         -7.8      0.917      1.211
   5         -7.7      1.154      1.726
   6         -7.6      1.023      1.560
   7         -7.4      0.852      1.578
   8         -7.4      3.787      9.503
   9         -7.4      1.280      1.808
  10         -7.3      3.348      5.892
Writing ligand <REMOTE_PROJECT_ROOT>/results/posebench_702_predictions/pocketvina_gpu_subset/posebusters_benchmark/7WY1_D0L/subset200_nativebox_sdepth8_t1000_seed101/receptor-pocket1-pocketvina_poses.pdbqt output...
JSON file successfully saved to: <REMOTE_PROJECT_ROOT>/results/posebench_702_predictions/pocketvina_gpu_subset/posebusters_benchmark/7WY1_D0L/subset200_nativebox_sdepth8_t1000_seed101/receptor-pocket1-pocketvina_poses.json
done.

QuickVina 2-GPU3 total runtime = 13.365 s
","Failed to read file: /tmp/dep-ca7506.d
Failed to read file: /tmp/dep-e54257.d
",results/posebench_702_predictions/vina_cpu_full/posebusters_benchmark/7WY1_D0L/receptor.pdbqt,results/posebench_702_predictions/vina_cpu_full/posebusters_benchmark/7WY1_D0L/ligand_start.pdbqt,results/posebench_702_predictions/pocketvina_gpu_subset/posebusters_benchmark/7WY1_D0L/subset200_nativebox_sdepth8_t1000_seed101/receptor-pocket1-pocketvina_poses.pdbqt,-1.3179230769230768,-27.35661538461539,-69.39576923076923,ok,10.0,-8.4,-8.4,4.3636660531114115,4.3636660531114115,False,False,26.0,"26,26,26,26,26,26,26,26,26,26",14.063
posebusters_benchmark,8E77_ULP,8e77,PocketVina-GPU native-pocket subset,subset200_nativebox_sdepth8_t1000_seed101,PoseBench proportional stratified subset; native ligand center; fixed 24A box,8,1000,24.0,0,"            #
#                                                               #
# Shidi, Tang, Chen Ruiqi, Lin Mengru, Lin Qingde,              #
# Zhu Yanxiang, Wu Jiansheng, Hu Haifeng, and Ling Ming.        #
# Accelerating AutoDock Vina with GPUs.                         #
# Molecules 27.9 (2022): 3041.                                  #
#                                                               #
# DOI https://doi.org/10.3390/molecules27093041                 #
#                                                               #
# And also the origin AutoDock Vina paper:                      #
# O. Trott, A. J. Olson,                                        #
# AutoDock Vina: improving the speed and accuracy of docking    #
# with a new scoring function, efficient optimization and       #
# multithreading, Journal of Computational Chemistry 31 (2010)  #
# 455-461                                                       #
#                                                               #
# DOI 10.1002/jcc.21334                                         #
#                                                               #
#################################################################

Using single ligand docking mode

Reading input ... done.
Using pocket rank: 1
Setting up the scoring function ... done.
Search_depth is fixed to 8
Analyzing the binding site ... done.
GPU Platform: NVIDIA CUDA
GPU Device: NVIDIA GeForce RTX 4090 D
Using random seed: 101

Build kernel 1 from source
OpenCL version: 3.0

Build kernel 2 from source
OpenCL version: 3.0


Perform docking|=======                              |
Perform docking| =======                             |
Perform docking|  =======                            |
Perform docking|================done=================|

Refining ligand <REMOTE_PROJECT_ROOT>/results/posebench_702_predictions/pocketvina_gpu_subset/posebusters_benchmark/8E77_ULP/subset200_nativebox_sdepth8_t1000_seed101/pocketvina_p results...done.
mode |   affinity | dist from best mode
     | (kcal/mol) | rmsd l.b.| rmsd u.b.
-----+------------+----------+----------
   1         -5.7      0.000      0.000
   2         -5.4      5.069      7.876
   3         -5.2      5.189      9.697
   4         -5.2      5.390     10.197
   5         -5.2      5.181      9.221
   6         -5.0      5.729     10.664
   7         -4.9      2.965     10.616
   8         -4.9      4.128      8.383
   9         -4.9      3.364      8.837
  10         -4.8      3.421      6.590
Writing ligand <REMOTE_PROJECT_ROOT>/results/posebench_702_predictions/pocketvina_gpu_subset/posebusters_benchmark/8E77_ULP/subset200_nativebox_sdepth8_t1000_seed101/receptor-pocket1-pocketvina_poses.pdbqt output...
JSON file successfully saved to: <REMOTE_PROJECT_ROOT>/results/posebench_702_predictions/pocketvina_gpu_subset/posebusters_benchmark/8E77_ULP/subset200_nativebox_sdepth8_t1000_seed101/receptor-pocket1-pocketvina_poses.json
done.

QuickVina 2-GPU3 total runtime = 15.241 s
","Failed to read file: /tmp/dep-23c16f.d
Failed to read file: /tmp/dep-417be1.d
",results/posebench_702_predictions/vina_cpu_full/posebusters_benchmark/8E77_ULP/receptor.pdbqt,results/posebench_702_predictions/vina_cpu_full/posebusters_benchmark/8E77_ULP/ligand_start.pdbqt,results/posebench_702_predictions/pocketvina_gpu_subset/posebusters_benchmark/8E77_ULP/subset200_nativebox_sdepth8_t1000_seed101/receptor-pocket1-pocketvina_poses.pdbqt,17.24972727272727,0.6364545454545457,26.145818181818182,ok,10.0,-5.7,-5.7,10.003219187296203,8.00208029656834,False,False,55.0,"55,55,55,55,55,55,55,55,55,55",16.079
posebusters_benchmark,5SIS_JSM,5sis,PocketVina-GPU native-pocket subset,subset200_nativebox_sdepth8_t1000_seed101,PoseBench proportional stratified subset; native ligand center; fixed 24A box,8,1000,24.0,0,"                                                        #
# DOI https://doi.org/10.1021/acs.jcim.2c01504                  #
#                                                               #
# Shidi, Tang, Chen Ruiqi, Lin Mengru, Lin Qingde,              #
# Zhu Yanxiang, Wu Jiansheng, Hu Haifeng, and Ling Ming.        #
# Accelerating AutoDock Vina with GPUs.                         #
# Molecules 27.9 (2022): 3041.                                  #
#                                                               #
# DOI https://doi.org/10.3390/molecules27093041                 #
#                                                               #
# And also the origin AutoDock Vina paper:                      #
# O. Trott, A. J. Olson,                                        #
# AutoDock Vina: improving the speed and accuracy of docking    #
# with a new scoring function, efficient optimization and       #
# multithreading, Journal of Computational Chemistry 31 (2010)  #
# 455-461                                                       #
#                                                               #
# DOI 10.1002/jcc.21334                                         #
#                                                               #
#################################################################

Using single ligand docking mode

Reading input ... done.
Using pocket rank: 1
Setting up the scoring function ... done.
Search_depth is fixed to 8
Analyzing the binding site ... done.
GPU Platform: NVIDIA CUDA
GPU Device: NVIDIA GeForce RTX 4090 D
Using random seed: 101

Build kernel 1 from source
OpenCL version: 3.0

Build kernel 2 from source
OpenCL version: 3.0


Perform docking|=======                              |
Perform docking|================done=================|

Refining ligand <REMOTE_PROJECT_ROOT>/results/posebench_702_predictions/pocketvina_gpu_subset/posebusters_benchmark/5SIS_JSM/subset200_nativebox_sdepth8_t1000_seed101/pocketvina_p results...done.
mode |   affinity | dist from best mode
     | (kcal/mol) | rmsd l.b.| rmsd u.b.
-----+------------+----------+----------
   1         -8.1      0.000      0.000
   2         -8.0      1.696      2.198
   3         -8.0      1.822      3.759
   4         -7.9      3.392      6.044
   5         -7.8      1.878      2.322
   6         -7.8      2.062      4.151
   7         -7.7      3.315      9.024
   8         -7.7      1.851      4.251
   9         -7.6      1.906      4.306
  10         -7.4      1.247      1.574
Writing ligand <REMOTE_PROJECT_ROOT>/results/posebench_702_predictions/pocketvina_gpu_subset/posebusters_benchmark/5SIS_JSM/subset200_nativebox_sdepth8_t1000_seed101/receptor-pocket1-pocketvina_poses.pdbqt output...
JSON file successfully saved to: <REMOTE_PROJECT_ROOT>/results/posebench_702_predictions/pocketvina_gpu_subset/posebusters_benchmark/5SIS_JSM/subset200_nativebox_sdepth8_t1000_seed101/receptor-pocket1-pocketvina_poses.json
done.

QuickVina 2-GPU3 total runtime = 13.448 s
","Failed to read file: /tmp/dep-3c969d.d
Failed to read file: /tmp/dep-618319.d
",results/posebench_702_predictions/vina_cpu_full/posebusters_benchmark/5SIS_JSM/receptor.pdbqt,results/posebench_702_predictions/vina_cpu_full/posebusters_benchmark/5SIS_JSM/ligand_start.pdbqt,results/posebench_702_predictions/pocketvina_gpu_subset/posebusters_benchmark/5SIS_JSM/subset200_nativebox_sdepth8_t1000_seed101/receptor-pocket1-pocketvina_poses.pdbqt,32.25671875,108.56828125,58.36071875,ok,10.0,-8.1,-8.1,8.770579288878244,8.033019021124623,False,False,32.0,"32,32,32,32,32,32,32,32,32,32",13.983
posebusters_benchmark,7M31_TDR,7m31,PocketVina-GPU native-pocket subset,subset200_nativebox_sdepth8_t1000_seed101,PoseBench proportional stratified subset; native ligand center; fixed 24A box,8,1000,24.0,0,"                                          #
# DOI https://doi.org/10.1021/acs.jcim.2c01504                  #
#                                                               #
# Shidi, Tang, Chen Ruiqi, Lin Mengru, Lin Qingde,              #
# Zhu Yanxiang, Wu Jiansheng, Hu Haifeng, and Ling Ming.        #
# Accelerating AutoDock Vina with GPUs.                         #
# Molecules 27.9 (2022): 3041.                                  #
#                                                               #
# DOI https://doi.org/10.3390/molecules27093041                 #
#                                                               #
# And also the origin AutoDock Vina paper:                      #
# O. Trott, A. J. Olson,                                        #
# AutoDock Vina: improving the speed and accuracy of docking    #
# with a new scoring function, efficient optimization and       #
# multithreading, Journal of Computational Chemistry 31 (2010)  #
# 455-461                                                       #
#                                                               #
# DOI 10.1002/jcc.21334                                         #
#                                                               #
#################################################################

Using single ligand docking mode

Reading input ... done.
Using pocket rank: 1
Setting up the scoring function ... done.
Search_depth is fixed to 8
Analyzing the binding site ... done.
GPU Platform: NVIDIA CUDA
GPU Device: NVIDIA GeForce RTX 4090 D
Using random seed: 101

Build kernel 1 from source
OpenCL version: 3.0

Build kernel 2 from source
OpenCL version: 3.0


Perform docking|=======                              |
Perform docking|================done=================|

Refining ligand <REMOTE_PROJECT_ROOT>/results/posebench_702_predictions/pocketvina_gpu_subset/posebusters_benchmark/7M31_TDR/subset200_nativebox_sdepth8_t1000_seed101/pocketvina_p results...done.
mode |   affinity | dist from best mode
     | (kcal/mol) | rmsd l.b.| rmsd u.b.
-----+------------+----------+----------
   1         -5.5      0.000      0.000
   2         -5.5      1.496      2.181
   3         -5.3      0.983      1.069
   4         -5.2      6.023      6.851
   5         -5.2      7.595      7.687
   6         -5.2      1.905      3.005
   7         -5.1      7.222      8.021
   8         -5.1      7.258      7.392
   9         -5.1      7.338      7.931
  10         -5.0      6.184      7.662
Writing ligand <REMOTE_PROJECT_ROOT>/results/posebench_702_predictions/pocketvina_gpu_subset/posebusters_benchmark/7M31_TDR/subset200_nativebox_sdepth8_t1000_seed101/receptor_pocket-pocket1-pocketvina_poses.pdbqt output...
JSON file successfully saved to: <REMOTE_PROJECT_ROOT>/results/posebench_702_predictions/pocketvina_gpu_subset/posebusters_benchmark/7M31_TDR/subset200_nativebox_sdepth8_t1000_seed101/receptor_pocket-pocket1-pocketvina_poses.json
done.

QuickVina 2-GPU3 total runtime = 12.931 s
","Failed to read file: /tmp/dep-38ca66.d
Failed to read file: /tmp/dep-5a22e9.d
",results/posebench_702_predictions/vina_cpu_full/posebusters_benchmark/7M31_TDR/receptor_pocket.pdbqt,results/posebench_702_predictions/vina_cpu_full/posebusters_benchmark/7M31_TDR/ligand_start.pdbqt,results/posebench_702_predictions/pocketvina_gpu_subset/posebusters_benchmark/7M31_TDR/subset200_nativebox_sdepth8_t1000_seed101/receptor_pocket-pocket1-pocketvina_poses.pdbqt,-2.317888888888889,103.30611111111111,26.987222222222222,ok,10.0,-5.5,-5.5,6.800185365120573,0.47416839484160755,False,True,9.0,"9,9,9,9,9,9,9,9,9,9",13.952
posebusters_benchmark,7NTG_F6R,7ntg,PocketVina-GPU native-pocket subset,subset200_nativebox_sdepth8_t1000_seed101,PoseBench proportional stratified subset; native ligand center; fixed 24A box,8,1000,24.0,0,"                                                        #
# DOI https://doi.org/10.1021/acs.jcim.2c01504                  #
#                                                               #
# Shidi, Tang, Chen Ruiqi, Lin Mengru, Lin Qingde,              #
# Zhu Yanxiang, Wu Jiansheng, Hu Haifeng, and Ling Ming.        #
# Accelerating AutoDock Vina with GPUs.                         #
# Molecules 27.9 (2022): 3041.                                  #
#                                                               #
# DOI https://doi.org/10.3390/molecules27093041                 #
#                                                               #
# And also the origin AutoDock Vina paper:                      #
# O. Trott, A. J. Olson,                                        #
# AutoDock Vina: improving the speed and accuracy of docking    #
# with a new scoring function, efficient optimization and       #
# multithreading, Journal of Computational Chemistry 31 (2010)  #
# 455-461                                                       #
#                                                               #
# DOI 10.1002/jcc.21334                                         #
#                                                               #
#################################################################

Using single ligand docking mode

Reading input ... done.
Using pocket rank: 1
Setting up the scoring function ... done.
Search_depth is fixed to 8
Analyzing the binding site ... done.
GPU Platform: NVIDIA CUDA
GPU Device: NVIDIA GeForce RTX 4090 D
Using random seed: 101

Build kernel 1 from source
OpenCL version: 3.0

Build kernel 2 from source
OpenCL version: 3.0


Perform docking|=======                              |
Perform docking|================done=================|

Refining ligand <REMOTE_PROJECT_ROOT>/results/posebench_702_predictions/pocketvina_gpu_subset/posebusters_benchmark/7NTG_F6R/subset200_nativebox_sdepth8_t1000_seed101/pocketvina_p results...done.
mode |   affinity | dist from best mode
     | (kcal/mol) | rmsd l.b.| rmsd u.b.
-----+------------+----------+----------
   1         -5.1      0.000      0.000
   2         -4.7      2.181      4.901
   3         -4.7      2.301      4.605
   4         -4.5      2.553      5.100
   5         -4.5      1.527      2.351
   6         -4.5      2.745      4.434
   7         -4.4      2.343      4.466
   8         -4.4      2.897      5.682
   9         -4.4      6.468      8.456
  10         -4.3      1.554      2.911
Writing ligand <REMOTE_PROJECT_ROOT>/results/posebench_702_predictions/pocketvina_gpu_subset/posebusters_benchmark/7NTG_F6R/subset200_nativebox_sdepth8_t1000_seed101/receptor-pocket1-pocketvina_poses.pdbqt output...
JSON file successfully saved to: <REMOTE_PROJECT_ROOT>/results/posebench_702_predictions/pocketvina_gpu_subset/posebusters_benchmark/7NTG_F6R/subset200_nativebox_sdepth8_t1000_seed101/receptor-pocket1-pocketvina_poses.json
done.

QuickVina 2-GPU3 total runtime = 13.148 s
","Failed to read file: /tmp/dep-411ed9.d
Failed to read file: /tmp/dep-9a61ef.d
",results/posebench_702_predictions/vina_cpu_full/posebusters_benchmark/7NTG_F6R/receptor.pdbqt,results/posebench_702_predictions/vina_cpu_full/posebusters_benchmark/7NTG_F6R/ligand_start.pdbqt,results/posebench_702_predictions/pocketvina_gpu_subset/posebusters_benchmark/7NTG_F6R/subset200_nativebox_sdepth8_t1000_seed101/receptor-pocket1-pocketvina_poses.pdbqt,30.859625,53.85000000000001,19.438499999999998,ok,10.0,-5.1,-5.1,4.851087178406506,3.5622158658621466,False,False,16.0,"16,16,16,16,16,16,16,16,16,16",14.001
posebusters_benchmark,7Q19_DSM,7q19,PocketVina-GPU native-pocket subset,subset200_nativebox_sdepth8_t1000_seed101,PoseBench proportional stratified subset; native ligand center; fixed 24A box,8,1000,24.0,1,"Pocket rank: 1
#################################################################
# If you used QuickVina2-GPU 2.1 in your work, please cite:    #
#                                                               #
# Ding, Ji, et al. Vina-GPU 2.0: Further Accelerating AutoDock  #
# Vina and Its Derivatives with Graphics Processing Units.      #
# Journal of Chemical Information and Modeling (2023).          #
#                                                               #
# DOI https://doi.org/10.1021/acs.jcim.2c01504                  #
#                                                               #
# Shidi, Tang, Chen Ruiqi, Lin Mengru, Lin Qingde,              #
# Zhu Yanxiang, Wu Jiansheng, Hu Haifeng, and Ling Ming.        #
# Accelerating AutoDock Vina with GPUs.                         #
# Molecules 27.9 (2022): 3041.                                  #
#                                                               #
# DOI https://doi.org/10.3390/molecules27093041                 #
#                                                               #
# And also the origin AutoDock Vina paper:                      #
# O. Trott, A. J. Olson,                                        #
# AutoDock Vina: improving the speed and accuracy of docking    #
# with a new scoring function, efficient optimization and       #
# multithreading, Journal of Computational Chemistry 31 (2010)  #
# 455-461                                                       #
#                                                               #
# DOI 10.1002/jcc.21334                                         #
#                                                               #
#################################################################

Using single ligand docking mode

Reading input ... done.
","
Parse error on line 29 in file ""<REMOTE_PROJECT_ROOT>/results/posebench_702_predictions/vina_cpu_full/posebusters_benchmark/7Q19_DSM/ligand_start.pdbqt"": ATOM syntax incorrect: ""CG0"" is not a valid AutoDock type. Note that AutoDock atom types are case-sensitive.
No valid ligands in the input directory
",results/posebench_702_predictions/vina_cpu_full/posebusters_benchmark/7Q19_DSM/receptor.pdbqt,results/posebench_702_predictions/vina_cpu_full/posebusters_benchmark/7Q19_DSM/ligand_start.pdbqt,results/posebench_702_predictions/pocketvina_gpu_subset/posebusters_benchmark/7Q19_DSM/subset200_nativebox_sdepth8_t1000_seed101/pocketvina_poses.pdbqt,-5.7758,48.52094999999999,17.1685,failed_nonzero,,,,,,,,,,0.012
posebusters_benchmark,7EN7_J79,7en7,PocketVina-GPU native-pocket subset,subset200_nativebox_sdepth8_t1000_seed101,PoseBench proportional stratified subset; native ligand center; fixed 24A box,8,1000,24.0,0,"                                                        #
# DOI https://doi.org/10.1021/acs.jcim.2c01504                  #
#                                                               #
# Shidi, Tang, Chen Ruiqi, Lin Mengru, Lin Qingde,              #
# Zhu Yanxiang, Wu Jiansheng, Hu Haifeng, and Ling Ming.        #
# Accelerating AutoDock Vina with GPUs.                         #
# Molecules 27.9 (2022): 3041.                                  #
#                                                               #
# DOI https://doi.org/10.3390/molecules27093041                 #
#                                                               #
# And also the origin AutoDock Vina paper:                      #
# O. Trott, A. J. Olson,                                        #
# AutoDock Vina: improving the speed and accuracy of docking    #
# with a new scoring function, efficient optimization and       #
# multithreading, Journal of Computational Chemistry 31 (2010)  #
# 455-461                                                       #
#                                                               #
# DOI 10.1002/jcc.21334                                         #
#                                                               #
#################################################################

Using single ligand docking mode

Reading input ... done.
Using pocket rank: 1
Setting up the scoring function ... done.
Search_depth is fixed to 8
Analyzing the binding site ... done.
GPU Platform: NVIDIA CUDA
GPU Device: NVIDIA GeForce RTX 4090 D
Using random seed: 101

Build kernel 1 from source
OpenCL version: 3.0

Build kernel 2 from source
OpenCL version: 3.0


Perform docking|=======                              |
Perform docking|================done=================|

Refining ligand <REMOTE_PROJECT_ROOT>/results/posebench_702_predictions/pocketvina_gpu_subset/posebusters_benchmark/7EN7_J79/subset200_nativebox_sdepth8_t1000_seed101/pocketvina_p results...done.
mode |   affinity | dist from best mode
     | (kcal/mol) | rmsd l.b.| rmsd u.b.
-----+------------+----------+----------
   1         -5.2      0.000      0.000
   2         -5.2      3.265      5.436
   3         -4.8      2.294      4.432
   4         -4.7      2.983      4.983
   5         -4.6      2.603      5.119
   6         -4.6      2.731      4.252
   7         -4.5      2.756      5.388
   8         -4.4      1.679      2.153
   9         -4.4      2.811      5.220
  10         -4.3      2.976      4.980
Writing ligand <REMOTE_PROJECT_ROOT>/results/posebench_702_predictions/pocketvina_gpu_subset/posebusters_benchmark/7EN7_J79/subset200_nativebox_sdepth8_t1000_seed101/receptor-pocket1-pocketvina_poses.pdbqt output...
JSON file successfully saved to: <REMOTE_PROJECT_ROOT>/results/posebench_702_predictions/pocketvina_gpu_subset/posebusters_benchmark/7EN7_J79/subset200_nativebox_sdepth8_t1000_seed101/receptor-pocket1-pocketvina_poses.json
done.

QuickVina 2-GPU3 total runtime = 13.335 s
","Failed to read file: /tmp/dep-66fa75.d
Failed to read file: /tmp/dep-2e2c70.d
",results/posebench_702_predictions/vina_cpu_full/posebusters_benchmark/7EN7_J79/receptor.pdbqt,results/posebench_702_predictions/vina_cpu_full/posebusters_benchmark/7EN7_J79/ligand_start.pdbqt,results/posebench_702_predictions/pocketvina_gpu_subset/posebusters_benchmark/7EN7_J79/subset200_nativebox_sdepth8_t1000_seed101/receptor-pocket1-pocketvina_poses.pdbqt,3.4473749999999996,-12.828333333333333,-10.802999999999999,ok,10.0,-5.2,-5.2,5.442174431389229,4.45640979376897,False,False,24.0,"24,24,24,24,24,24,24,24,24,24",14.068
posebusters_benchmark,7WQQ_5Z6,7wqq,PocketVina-GPU native-pocket subset,subset200_nativebox_sdepth8_t1000_seed101,PoseBench proportional stratified subset; native ligand center; fixed 24A box,8,1000,24.0,0,"                                                        #
# DOI https://doi.org/10.1021/acs.jcim.2c01504                  #
#                                                               #
# Shidi, Tang, Chen Ruiqi, Lin Mengru, Lin Qingde,              #
# Zhu Yanxiang, Wu Jiansheng, Hu Haifeng, and Ling Ming.        #
# Accelerating AutoDock Vina with GPUs.                         #
# Molecules 27.9 (2022): 3041.                                  #
#                                                               #
# DOI https://doi.org/10.3390/molecules27093041                 #
#                                                               #
# And also the origin AutoDock Vina paper:                      #
# O. Trott, A. J. Olson,                                        #
# AutoDock Vina: improving the speed and accuracy of docking    #
# with a new scoring function, efficient optimization and       #
# multithreading, Journal of Computational Chemistry 31 (2010)  #
# 455-461                                                       #
#                                                               #
# DOI 10.1002/jcc.21334                                         #
#                                                               #
#################################################################

Using single ligand docking mode

Reading input ... done.
Using pocket rank: 1
Setting up the scoring function ... done.
Search_depth is fixed to 8
Analyzing the binding site ... done.
GPU Platform: NVIDIA CUDA
GPU Device: NVIDIA GeForce RTX 4090 D
Using random seed: 101

Build kernel 1 from source
OpenCL version: 3.0

Build kernel 2 from source
OpenCL version: 3.0


Perform docking|=======                              |
Perform docking|================done=================|

Refining ligand <REMOTE_PROJECT_ROOT>/results/posebench_702_predictions/pocketvina_gpu_subset/posebusters_benchmark/7WQQ_5Z6/subset200_nativebox_sdepth8_t1000_seed101/pocketvina_p results...done.
mode |   affinity | dist from best mode
     | (kcal/mol) | rmsd l.b.| rmsd u.b.
-----+------------+----------+----------
   1        -13.1      0.000      0.000
   2        -13.1      0.535      1.555
   3        -13.1      0.140      1.264
   4        -13.1      0.575      1.631
   5        -13.0      0.243      3.497
   6        -13.0      0.448      3.544
   7        -13.0      0.532      1.370
   8        -13.0      0.490      3.640
   9        -12.8      0.504      1.321
  10        -12.8      0.322      3.587
Writing ligand <REMOTE_PROJECT_ROOT>/results/posebench_702_predictions/pocketvina_gpu_subset/posebusters_benchmark/7WQQ_5Z6/subset200_nativebox_sdepth8_t1000_seed101/receptor-pocket1-pocketvina_poses.pdbqt output...
JSON file successfully saved to: <REMOTE_PROJECT_ROOT>/results/posebench_702_predictions/pocketvina_gpu_subset/posebusters_benchmark/7WQQ_5Z6/subset200_nativebox_sdepth8_t1000_seed101/receptor-pocket1-pocketvina_poses.json
done.

QuickVina 2-GPU3 total runtime = 12.777 s
","Failed to read file: /tmp/dep-cf7929.d
Failed to read file: /tmp/dep-0ba807.d
",results/posebench_702_predictions/vina_cpu_full/posebusters_benchmark/7WQQ_5Z6/receptor.pdbqt,results/posebench_702_predictions/vina_cpu_full/posebusters_benchmark/7WQQ_5Z6/ligand_start.pdbqt,results/posebench_702_predictions/pocketvina_gpu_subset/posebusters_benchmark/7WQQ_5Z6/subset200_nativebox_sdepth8_t1000_seed101/receptor-pocket1-pocketvina_poses.pdbqt,29.086074074074073,-6.035111111111113,9.438481481481482,ok,10.0,-13.1,-13.1,5.431384265271335,5.431384265271335,False,False,27.0,"27,27,27,27,27,27,27,27,27,27",13.548
posebusters_benchmark,7SIU_9ID,7siu,PocketVina-GPU native-pocket subset,subset200_nativebox_sdepth8_t1000_seed101,PoseBench proportional stratified subset; native ligand center; fixed 24A box,8,1000,24.0,0,"                                                        #
# DOI https://doi.org/10.1021/acs.jcim.2c01504                  #
#                                                               #
# Shidi, Tang, Chen Ruiqi, Lin Mengru, Lin Qingde,              #
# Zhu Yanxiang, Wu Jiansheng, Hu Haifeng, and Ling Ming.        #
# Accelerating AutoDock Vina with GPUs.                         #
# Molecules 27.9 (2022): 3041.                                  #
#                                                               #
# DOI https://doi.org/10.3390/molecules27093041                 #
#                                                               #
# And also the origin AutoDock Vina paper:                      #
# O. Trott, A. J. Olson,                                        #
# AutoDock Vina: improving the speed and accuracy of docking    #
# with a new scoring function, efficient optimization and       #
# multithreading, Journal of Computational Chemistry 31 (2010)  #
# 455-461                                                       #
#                                                               #
# DOI 10.1002/jcc.21334                                         #
#                                                               #
#################################################################

Using single ligand docking mode

Reading input ... done.
Using pocket rank: 1
Setting up the scoring function ... done.
Search_depth is fixed to 8
Analyzing the binding site ... done.
GPU Platform: NVIDIA CUDA
GPU Device: NVIDIA GeForce RTX 4090 D
Using random seed: 101

Build kernel 1 from source
OpenCL version: 3.0

Build kernel 2 from source
OpenCL version: 3.0


Perform docking|=======                              |
Perform docking|================done=================|

Refining ligand <REMOTE_PROJECT_ROOT>/results/posebench_702_predictions/pocketvina_gpu_subset/posebusters_benchmark/7SIU_9ID/subset200_nativebox_sdepth8_t1000_seed101/pocketvina_p results...done.
mode |   affinity | dist from best mode
     | (kcal/mol) | rmsd l.b.| rmsd u.b.
-----+------------+----------+----------
   1        -10.2      0.000      0.000
   2         -9.3      2.578      3.357
   3         -9.3      2.546      3.244
   4         -9.2      3.298     10.810
   5         -9.1      3.295     10.993
   6         -8.9      2.986      5.631
   7         -8.8      4.149      5.633
   8         -8.8      2.929      3.718
   9         -8.8      3.371     10.707
  10         -8.7      6.362     10.676
Writing ligand <REMOTE_PROJECT_ROOT>/results/posebench_702_predictions/pocketvina_gpu_subset/posebusters_benchmark/7SIU_9ID/subset200_nativebox_sdepth8_t1000_seed101/receptor-pocket1-pocketvina_poses.pdbqt output...
JSON file successfully saved to: <REMOTE_PROJECT_ROOT>/results/posebench_702_predictions/pocketvina_gpu_subset/posebusters_benchmark/7SIU_9ID/subset200_nativebox_sdepth8_t1000_seed101/receptor-pocket1-pocketvina_poses.json
done.

QuickVina 2-GPU3 total runtime = 13.451 s
","Failed to read file: /tmp/dep-b13223.d
Failed to read file: /tmp/dep-0136a7.d
",results/posebench_702_predictions/vina_cpu_full/posebusters_benchmark/7SIU_9ID/receptor.pdbqt,results/posebench_702_predictions/vina_cpu_full/posebusters_benchmark/7SIU_9ID/ligand_start.pdbqt,results/posebench_702_predictions/pocketvina_gpu_subset/posebusters_benchmark/7SIU_9ID/subset200_nativebox_sdepth8_t1000_seed101/receptor-pocket1-pocketvina_poses.pdbqt,-30.453838709677417,3.9197096774193545,-20.946354838709684,ok,10.0,-10.2,-10.2,9.305620804029525,6.819179928937629,False,False,31.0,"31,31,31,31,31,31,31,31,31,31",14.089
posebusters_benchmark,7QK0_EBL,7qk0,PocketVina-GPU native-pocket subset,subset200_nativebox_sdepth8_t1000_seed101,PoseBench proportional stratified subset; native ligand center; fixed 24A box,8,1000,24.0,1,"Pocket rank: 1
#################################################################
# If you used QuickVina2-GPU 2.1 in your work, please cite:    #
#                                                               #
# Ding, Ji, et al. Vina-GPU 2.0: Further Accelerating AutoDock  #
# Vina and Its Derivatives with Graphics Processing Units.      #
# Journal of Chemical Information and Modeling (2023).          #
#                                                               #
# DOI https://doi.org/10.1021/acs.jcim.2c01504                  #
#                                                               #
# Shidi, Tang, Chen Ruiqi, Lin Mengru, Lin Qingde,              #
# Zhu Yanxiang, Wu Jiansheng, Hu Haifeng, and Ling Ming.        #
# Accelerating AutoDock Vina with GPUs.                         #
# Molecules 27.9 (2022): 3041.                                  #
#                                                               #
# DOI https://doi.org/10.3390/molecules27093041                 #
#                                                               #
# And also the origin AutoDock Vina paper:                      #
# O. Trott, A. J. Olson,                                        #
# AutoDock Vina: improving the speed and accuracy of docking    #
# with a new scoring function, efficient optimization and       #
# multithreading, Journal of Computational Chemistry 31 (2010)  #
# 455-461                                                       #
#                                                               #
# DOI 10.1002/jcc.21334                                         #
#                                                               #
#################################################################

Using single ligand docking mode

Reading input ... done.
","
Parse error on line 27 in file ""<REMOTE_PROJECT_ROOT>/results/posebench_702_predictions/vina_cpu_full/posebusters_benchmark/7QK0_EBL/ligand_start.pdbqt"": ATOM syntax incorrect: ""CG0"" is not a valid AutoDock type. Note that AutoDock atom types are case-sensitive.
No valid ligands in the input directory
",results/posebench_702_predictions/vina_cpu_full/posebusters_benchmark/7QK0_EBL/receptor.pdbqt,results/posebench_702_predictions/vina_cpu_full/posebusters_benchmark/7QK0_EBL/ligand_start.pdbqt,results/posebench_702_predictions/pocketvina_gpu_subset/posebusters_benchmark/7QK0_EBL/subset200_nativebox_sdepth8_t1000_seed101/pocketvina_poses.pdbqt,-24.149105263157892,10.213052631578948,16.393210526315787,failed_nonzero,,,,,,,,,,0.012
