confidence_json,dataset,gpu,input_json,ligand_file,ligand_heavy_atoms,ligand_smiles,matched_ca,matched_chains,model,mol_id,n_protein_chains,native_ligand_heavy_atoms,output_dir,pocket_ca_rmsd_after_fit,pocket_cutoff_a,pocket_matched_ca,pred_ligand_heavy_atoms,prediction_cif,protein_lengths,protein_pdb,protenix_iptm,protenix_plddt,protenix_ptm,protenix_ranking_score,receptor_ca_rmsd_after_fit,returncode,runtime_sec,status,tag,top_pocket_rmsd_approx,top_pocket_success_2a_approx,top_rmsd_approx,top_success_2a_approx,status_json,stderr_tail,stdout_tail,exception,exception_type,failure_class
results/posebench_702_predictions/protenix_gpu/astex_diverse/1G9V_RQ3/full_base_c1_s20_n1/output/1G9V_RQ3/seed_101/predictions/1G9V_RQ3_seed_101_summary_confidence_sample_0.json,astex_diverse,4,results/posebench_702_predictions/protenix_gpu/astex_diverse/1G9V_RQ3/full_base_c1_s20_n1/inputs/1G9V_RQ3.json,external/PoseBench/data/astex_diverse_set/1G9V_RQ3/1G9V_RQ3_ligand.sdf,25.0,Cc1cc(C)cc(NC(=O)Cc2ccc(OC(C)(C)C(=O)O)cc2)c1,574.0,"A:141,B:146,C:141,D:146",protenix_base_default_v0.5.0,1G9V_RQ3,4.0,25.0,results/posebench_702_predictions/protenix_gpu/astex_diverse/1G9V_RQ3/full_base_c1_s20_n1,9.785219248319407,10.0,77.0,25.0,results/posebench_702_predictions/protenix_gpu/astex_diverse/1G9V_RQ3/full_base_c1_s20_n1/output/1G9V_RQ3/seed_101/predictions/1G9V_RQ3_seed_101_sample_0.cif,A:141;B:146;C:141;D:146,external/PoseBench/data/astex_diverse_set/1G9V_RQ3/1G9V_RQ3_protein.pdb,0.12287667393684387,42.918949127197266,0.22017621994018555,0.14233659207820892,23.093633043458087,0.0,85.266,ok,full_base_c1_s20_n1,13.840580258162126,False,6.3332412118745225,False,results/posebench_702_predictions/protenix_gpu/astex_diverse/1G9V_RQ3/full_base_c1_s20_n1/run_status.json,,,,,ok
results/posebench_702_predictions/protenix_gpu/astex_diverse/1GKC_NFH/full_base_c1_s20_n1/output/1GKC_NFH/seed_101/predictions/1GKC_NFH_seed_101_summary_confidence_sample_0.json,astex_diverse,7,results/posebench_702_predictions/protenix_gpu/astex_diverse/1GKC_NFH/full_base_c1_s20_n1/inputs/1GKC_NFH.json,external/PoseBench/data/astex_diverse_set/1GKC_NFH/1GKC_NFH_ligand.sdf,22.0,CNC(=O)[C@@H](NC(=O)[C@H](CC(C)C)CN(O)C=O)C(C)(C)C,315.0,"A:159,B:156",protenix_base_default_v0.5.0,1GKC_NFH,2.0,22.0,results/posebench_702_predictions/protenix_gpu/astex_diverse/1GKC_NFH/full_base_c1_s20_n1,13.39895086075166,10.0,52.0,22.0,results/posebench_702_predictions/protenix_gpu/astex_diverse/1GKC_NFH/full_base_c1_s20_n1/output/1GKC_NFH/seed_101/predictions/1GKC_NFH_seed_101_sample_0.cif,A:159;B:156,external/PoseBench/data/astex_diverse_set/1GKC_NFH/1GKC_NFH_protein.pdb,0.1176738291978836,34.57663345336914,0.22251853346824646,0.13864277303218842,18.920566858101875,0.0,83.628,ok,full_base_c1_s20_n1,10.24885093091917,False,21.030483218288097,False,results/posebench_702_predictions/protenix_gpu/astex_diverse/1GKC_NFH/full_base_c1_s20_n1/run_status.json,,,,,ok
results/posebench_702_predictions/protenix_gpu/astex_diverse/1GM8_SOX/full_base_c1_s20_n1/output/1GM8_SOX/seed_101/predictions/1GM8_SOX_seed_101_summary_confidence_sample_0.json,astex_diverse,6,results/posebench_702_predictions/protenix_gpu/astex_diverse/1GM8_SOX/full_base_c1_s20_n1/inputs/1GM8_SOX.json,external/PoseBench/data/astex_diverse_set/1GM8_SOX/1GM8_SOX_ligand.sdf,24.0,CC1(C)[C@H](C(=O)O)N2C(=O)[C@@H](NC(=O)Cc3ccccc3)[C@H]2[S@H]1O,764.0,"A:207,B:557",protenix_base_default_v0.5.0,1GM8_SOX,2.0,24.0,results/posebench_702_predictions/protenix_gpu/astex_diverse/1GM8_SOX/full_base_c1_s20_n1,15.538771655681797,10.0,76.0,24.0,results/posebench_702_predictions/protenix_gpu/astex_diverse/1GM8_SOX/full_base_c1_s20_n1/output/1GM8_SOX/seed_101/predictions/1GM8_SOX_seed_101_sample_0.cif,A:207;B:557,external/PoseBench/data/astex_diverse_set/1GM8_SOX/1GM8_SOX_protein.pdb,0.13891655206680298,32.13222122192383,0.18316401541233063,0.14776603877544403,27.523857603027622,0.0,98.108,ok,full_base_c1_s20_n1,8.820200256804391,False,9.028245866676965,False,results/posebench_702_predictions/protenix_gpu/astex_diverse/1GM8_SOX/full_base_c1_s20_n1/run_status.json,,,,,ok
results/posebench_702_predictions/protenix_gpu/astex_diverse/1GPK_HUP/full_base_c1_s20_n1/output/1GPK_HUP/seed_101/predictions/1GPK_HUP_seed_101_summary_confidence_sample_0.json,astex_diverse,5,results/posebench_702_predictions/protenix_gpu/astex_diverse/1GPK_HUP/full_base_c1_s20_n1/inputs/1GPK_HUP.json,external/PoseBench/data/astex_diverse_set/1GPK_HUP/1GPK_HUP_ligand.sdf,18.0,C/C=C1\[C@@H]2C=C(C)C[C@@]1(N)c1ccc(=O)[nH]c1C2,529.0,A:529,protenix_base_default_v0.5.0,1GPK_HUP,1.0,18.0,results/posebench_702_predictions/protenix_gpu/astex_diverse/1GPK_HUP/full_base_c1_s20_n1,14.980446735626904,10.0,75.0,18.0,results/posebench_702_predictions/protenix_gpu/astex_diverse/1GPK_HUP/full_base_c1_s20_n1/output/1GPK_HUP/seed_101/predictions/1GPK_HUP_seed_101_sample_0.cif,A:529,external/PoseBench/data/astex_diverse_set/1GPK_HUP/1GPK_HUP_protein.pdb,0.34275537729263306,28.558773040771484,0.17786040902137756,0.3097763955593109,21.1184269066938,0.0,104.934,ok,full_base_c1_s20_n1,5.10059208633881,False,6.951057482924605,False,results/posebench_702_predictions/protenix_gpu/astex_diverse/1GPK_HUP/full_base_c1_s20_n1/run_status.json,,,,,ok
results/posebench_702_predictions/protenix_gpu/astex_diverse/1HNN_SKF/full_base_c1_s20_n1/output/1HNN_SKF/seed_101/predictions/1HNN_SKF_seed_101_summary_confidence_sample_0.json,astex_diverse,4,results/posebench_702_predictions/protenix_gpu/astex_diverse/1HNN_SKF/full_base_c1_s20_n1/inputs/1HNN_SKF.json,external/PoseBench/data/astex_diverse_set/1HNN_SKF/1HNN_SKF_ligand.sdf,14.0,NS(=O)(=O)c1ccc2c(c1)CNCC2,528.0,"A:261,B:267",protenix_base_default_v0.5.0,1HNN_SKF,2.0,14.0,results/posebench_702_predictions/protenix_gpu/astex_diverse/1HNN_SKF/full_base_c1_s20_n1,11.934019659678802,10.0,72.0,14.0,results/posebench_702_predictions/protenix_gpu/astex_diverse/1HNN_SKF/full_base_c1_s20_n1/output/1HNN_SKF/seed_101/predictions/1HNN_SKF_seed_101_sample_0.cif,A:261;B:267,external/PoseBench/data/astex_diverse_set/1HNN_SKF/1HNN_SKF_protein.pdb,0.10674130916595459,34.08010482788086,0.191176638007164,-99.87637329101562,23.370900992545153,0.0,97.351,ok,full_base_c1_s20_n1,11.088462024906814,False,16.536681358788844,False,results/posebench_702_predictions/protenix_gpu/astex_diverse/1HNN_SKF/full_base_c1_s20_n1/run_status.json,,,,,ok
results/posebench_702_predictions/protenix_gpu/astex_diverse/1HP0_AD3/full_base_c1_s20_n1/output/1HP0_AD3/seed_101/predictions/1HP0_AD3_seed_101_summary_confidence_sample_0.json,astex_diverse,7,results/posebench_702_predictions/protenix_gpu/astex_diverse/1HP0_AD3/full_base_c1_s20_n1/inputs/1HP0_AD3.json,external/PoseBench/data/astex_diverse_set/1HP0_AD3/1HP0_AD3_ligand.sdf,19.0,Nc1nccc2c1ncn2[C@@H]1O[C@H](CO)[C@@H](O)[C@H]1O,641.0,"A:319,B:322",protenix_base_default_v0.5.0,1HP0_AD3,2.0,19.0,results/posebench_702_predictions/protenix_gpu/astex_diverse/1HP0_AD3/full_base_c1_s20_n1,12.56131713012941,10.0,72.0,19.0,results/posebench_702_predictions/protenix_gpu/astex_diverse/1HP0_AD3/full_base_c1_s20_n1/output/1HP0_AD3/seed_101/predictions/1HP0_AD3_seed_101_sample_0.cif,A:319;B:322,external/PoseBench/data/astex_diverse_set/1HP0_AD3/1HP0_AD3_protein.pdb,0.12027709186077118,30.488798141479492,0.18541400134563446,0.13330447673797607,21.637859897715295,0.0,91.495,ok,full_base_c1_s20_n1,24.625102949865614,False,31.262424137483876,False,results/posebench_702_predictions/protenix_gpu/astex_diverse/1HP0_AD3/full_base_c1_s20_n1/run_status.json,,,,,ok
results/posebench_702_predictions/protenix_gpu/astex_diverse/1HQ2_PH2/full_base_c1_s20_n1/output/1HQ2_PH2/seed_101/predictions/1HQ2_PH2_seed_101_summary_confidence_sample_0.json,astex_diverse,6,results/posebench_702_predictions/protenix_gpu/astex_diverse/1HQ2_PH2/full_base_c1_s20_n1/inputs/1HQ2_PH2.json,external/PoseBench/data/astex_diverse_set/1HQ2_PH2/1HQ2_PH2_ligand.sdf,14.0,Nc1nc2c(c(=O)[nH]1)N=C(CO)CN2,158.0,A:158,protenix_base_default_v0.5.0,1HQ2_PH2,1.0,14.0,results/posebench_702_predictions/protenix_gpu/astex_diverse/1HQ2_PH2/full_base_c1_s20_n1,11.92876488042565,10.0,52.0,14.0,results/posebench_702_predictions/protenix_gpu/astex_diverse/1HQ2_PH2/full_base_c1_s20_n1/output/1HQ2_PH2/seed_101/predictions/1HQ2_PH2_seed_101_sample_0.cif,A:158,external/PoseBench/data/astex_diverse_set/1HQ2_PH2/1HQ2_PH2_protein.pdb,0.24376264214515686,40.87374496459961,0.23039081692695618,0.24108827114105225,16.782830019554304,0.0,94.338,ok,full_base_c1_s20_n1,10.062289714004313,False,10.304384338925995,False,results/posebench_702_predictions/protenix_gpu/astex_diverse/1HQ2_PH2/full_base_c1_s20_n1/run_status.json,,,,,ok
results/posebench_702_predictions/protenix_gpu/astex_diverse/1HVY_D16/full_base_c1_s20_n1/output/1HVY_D16/seed_101/predictions/1HVY_D16_seed_101_summary_confidence_sample_0.json,astex_diverse,5,results/posebench_702_predictions/protenix_gpu/astex_diverse/1HVY_D16/full_base_c1_s20_n1/inputs/1HVY_D16.json,external/PoseBench/data/astex_diverse_set/1HVY_D16/1HVY_D16_ligand.sdf,32.0,Cc1nc(=O)c2cc(CN(C)c3ccc(C(=O)N[C@@H](CCC(=O)O)C(=O)O)s3)ccc2[nH]1,1148.0,"A:287,B:287,C:287,D:287",protenix_base_default_v0.5.0,1HVY_D16,4.0,32.0,results/posebench_702_predictions/protenix_gpu/astex_diverse/1HVY_D16/full_base_c1_s20_n1,12.650071191938297,10.0,82.0,32.0,results/posebench_702_predictions/protenix_gpu/astex_diverse/1HVY_D16/full_base_c1_s20_n1/output/1HVY_D16/seed_101/predictions/1HVY_D16_seed_101_sample_0.cif,A:287;B:287;C:287;D:287,external/PoseBench/data/astex_diverse_set/1HVY_D16/1HVY_D16_protein.pdb,0.15971069037914276,31.54900360107422,0.19736751914024353,0.16724206507205963,39.6206695259343,0.0,132.462,ok,full_base_c1_s20_n1,27.104432134832674,False,55.30000192734845,False,results/posebench_702_predictions/protenix_gpu/astex_diverse/1HVY_D16/full_base_c1_s20_n1/run_status.json,,,,,ok
,astex_diverse,4,results/posebench_702_predictions/protenix_gpu/astex_diverse/1HWI_115/full_base_c1_s20_n1/inputs/1HWI_115.json,external/PoseBench/data/astex_diverse_set/1HWI_115/1HWI_115_ligand.sdf,30.0,CC(C)n1c(/C=C/[C@@H](O)C[C@@H](O)CC(=O)O)c(-c2ccc(F)cc2)c2ccccc21,,,protenix_base_default_v0.5.0,1HWI_115,4.0,,results/posebench_702_predictions/protenix_gpu/astex_diverse/1HWI_115/full_base_c1_s20_n1,,,,,,A:393;B:399;C:374;D:374,external/PoseBench/data/astex_diverse_set/1HWI_115/1HWI_115_protein.pdb,,,,,,0.0,163.505,failed_no_prediction_cif,full_base_c1_s20_n1,,,,,results/posebench_702_predictions/protenix_gpu/astex_diverse/1HWI_115/full_base_c1_s20_n1/run_status.json,"x/lib/python3.10/site-packages/runner/inference.py"", line 312, in infer_predict
    prediction = runner.predict(data)
  File ""<REMOTE_PROJECT_ROOT>/envs/protenix/lib/python3.10/site-packages/torch/utils/_contextlib.py"", line 115, in decorate_context
    return func(*args, **kwargs)
  File ""<REMOTE_PROJECT_ROOT>/envs/protenix/lib/python3.10/site-packages/runner/inference.py"", line 152, in predict
    prediction, _, _ = self.model(
  File ""<REMOTE_PROJECT_ROOT>/envs/protenix/lib/python3.10/site-packages/torch/nn/modules/module.py"", line 1532, in _wrapped_call_impl
    return self._call_impl(*args, **kwargs)
  File ""<REMOTE_PROJECT_ROOT>/envs/protenix/lib/python3.10/site-packages/torch/nn/modules/module.py"", line 1541, in _call_impl
    return forward_call(*args, **kwargs)
  File ""<REMOTE_PROJECT_ROOT>/envs/protenix/lib/python3.10/site-packages/protenix/model/protenix.py"", line 722, in forward
    pred_dict, log_dict, time_tracker = self.main_inference_loop(
  File ""<REMOTE_PROJECT_ROOT>/envs/protenix/lib/python3.10/site-packages/protenix/model/protenix.py"", line 338, in main_inference_loop
    pred_dict, log_dict, time_tracker = self._main_inference_loop(
  File ""<REMOTE_PROJECT_ROOT>/envs/protenix/lib/python3.10/site-packages/protenix/model/protenix.py"", line 460, in _main_inference_loop
    ) = self.run_confidence_head(
  File ""<REMOTE_PROJECT_ROOT>/envs/protenix/lib/python3.10/site-packages/protenix/model/protenix.py"", line 303, in run_confidence_head
    return autocasting_disable_decorator(self.configs.skip_amp.confidence_head)(
  File ""<REMOTE_PROJECT_ROOT>/envs/protenix/lib/python3.10/site-packages/protenix/utils/torch_utils.py"", line 219, in new_func
    return func(
  File ""<REMOTE_PROJECT_ROOT>/envs/protenix/lib/python3.10/site-packages/torch/nn/modules/module.py"", line 1532, in _wrapped_call_impl
    return self._call_impl(*args, **kwargs)
  File ""<REMOTE_PROJECT_ROOT>/envs/protenix/lib/python3.10/site-packages/torch/nn/modules/module.py"", line 1541, in _call_impl
    return forward_call(*args, **kwargs)
  File ""<REMOTE_PROJECT_ROOT>/envs/protenix/lib/python3.10/site-packages/protenix/model/modules/confidence.py"", line 211, in forward
    self.memory_efficient_forward(
  File ""<REMOTE_PROJECT_ROOT>/envs/protenix/lib/python3.10/site-packages/protenix/model/modules/confidence.py"", line 301, in memory_efficient_forward
    s_single, z_pair = self.pairformer_stack(
  File ""<REMOTE_PROJECT_ROOT>/envs/protenix/lib/python3.10/site-packages/torch/nn/modules/module.py"", line 1532, in _wrapped_call_impl
    return self._call_impl(*args, **kwargs)
  File ""<REMOTE_PROJECT_ROOT>/envs/protenix/lib/python3.10/site-packages/torch/nn/modules/module.py"", line 1541, in _call_impl
    return forward_call(*args, **kwargs)
  File ""<REMOTE_PROJECT_ROOT>/envs/protenix/lib/python3.10/site-packages/protenix/model/modules/pairformer.py"", line 309, in forward
    s, z = checkpoint_blocks(
  File ""<REMOTE_PROJECT_ROOT>/envs/protenix/lib/python3.10/site-packages/protenix/openfold_local/utils/checkpointing.py"", line 86, in checkpoint_blocks
    return exec(blocks, args)
  File ""<REMOTE_PROJECT_ROOT>/envs/protenix/lib/python3.10/site-packages/protenix/openfold_local/utils/checkpointing.py"", line 73, in exec
    a = wrap(block(*a))
  File ""<REMOTE_PROJECT_ROOT>/envs/protenix/lib/python3.10/site-packages/torch/nn/modules/module.py"", line 1532, in _wrapped_call_impl
    return self._call_impl(*args, **kwargs)
  File ""<REMOTE_PROJECT_ROOT>/envs/protenix/lib/python3.10/site-packages/torch/nn/modules/module.py"", line 1541, in _call_impl
    return forward_call(*args, **kwargs)
  File ""<REMOTE_PROJECT_ROOT>/envs/protenix/lib/python3.10/site-packages/protenix/model/modules/pairformer.py"", line 154, in forward
    z += self.pair_transition(z)
  File ""<REMOTE_PROJECT_ROOT>/envs/protenix/lib/python3.10/site-packages/torch/nn/modules/module.py"", line 1532, in _wrapped_call_impl
    return self._call_impl(*args, **kwargs)
  File ""<REMOTE_PROJECT_ROOT>/envs/protenix/lib/python3.10/site-packages/torch/nn/modules/module.py"", line 1541, in _call_impl
    return forward_call(*args, **kwargs)
  File ""<REMOTE_PROJECT_ROOT>/envs/protenix/lib/python3.10/site-packages/protenix/model/modules/primitives.py"", line 219, in forward
    b = self.linear_no_bias_b(y)
  File ""<REMOTE_PROJECT_ROOT>/envs/protenix/lib/python3.10/site-packages/torch/nn/modules/module.py"", line 1532, in _wrapped_call_impl
    return self._call_impl(*args, **kwargs)
  File ""<REMOTE_PROJECT_ROOT>/envs/protenix/lib/python3.10/site-packages/torch/nn/modules/module.py"", line 1541, in _call_impl
    return forward_call(*args, **kwargs)
  File ""<REMOTE_PROJECT_ROOT>/envs/protenix/lib/python3.10/site-packages/protenix/model/modules/primitives.py"", line 94, in forward
    return F.linear(input, self.weight, self.bias)
torch.cuda.OutOfMemoryError: CUDA out of memory. Tried to allocate 4.70 GiB. GPU 


100%|██████████| 1/1 [01:04<00:00, 64.52s/it]
100%|██████████| 1/1 [01:04<00:00, 64.52s/it]
","Try to find the ccd cache data in the code directory for inference.
[2026-06-11 19:36:51,446] [INFO] [real_accelerator.py:219:get_accelerator] Setting ds_accelerator to cuda (auto detect)
train scheduler 16.0
inference scheduler 16.0
Diffusion Module has 16.0
",,,gpu_oom
results/posebench_702_predictions/protenix_gpu/astex_diverse/1HWW_SWA/full_base_c1_s20_n1/output/1HWW_SWA/seed_101/predictions/1HWW_SWA_seed_101_summary_confidence_sample_0.json,astex_diverse,7,results/posebench_702_predictions/protenix_gpu/astex_diverse/1HWW_SWA/full_base_c1_s20_n1/inputs/1HWW_SWA.json,external/PoseBench/data/astex_diverse_set/1HWW_SWA/1HWW_SWA_ligand.sdf,12.0,O[C@H]1[C@H]2[C@H](O)CCCN2C[C@H]1O,1014.0,A:1014,protenix_base_default_v0.5.0,1HWW_SWA,1.0,12.0,results/posebench_702_predictions/protenix_gpu/astex_diverse/1HWW_SWA/full_base_c1_s20_n1,11.988538641467189,10.0,56.0,12.0,results/posebench_702_predictions/protenix_gpu/astex_diverse/1HWW_SWA/full_base_c1_s20_n1/output/1HWW_SWA/seed_101/predictions/1HWW_SWA_seed_101_sample_0.cif,A:1014,external/PoseBench/data/astex_diverse_set/1HWW_SWA/1HWW_SWA_protein.pdb,0.28261077404022217,36.17737579345703,0.18491849303245544,0.26307231187820435,27.299351428409654,0.0,106.967,ok,full_base_c1_s20_n1,5.59560603390651,False,17.887060126348622,False,results/posebench_702_predictions/protenix_gpu/astex_diverse/1HWW_SWA/full_base_c1_s20_n1/run_status.json,,,,,ok
results/posebench_702_predictions/protenix_gpu/astex_diverse/1IA1_TQ3/full_base_c1_s20_n1/output/1IA1_TQ3/seed_101/predictions/1IA1_TQ3_seed_101_summary_confidence_sample_0.json,astex_diverse,6,results/posebench_702_predictions/protenix_gpu/astex_diverse/1IA1_TQ3/full_base_c1_s20_n1/inputs/1IA1_TQ3.json,external/PoseBench/data/astex_diverse_set/1IA1_TQ3/1IA1_TQ3_ligand.sdf,19.0,Nc1nc(N)c2c(Sc3ccccc3)cccc2n1,384.0,"A:192,B:192",protenix_base_default_v0.5.0,1IA1_TQ3,2.0,19.0,results/posebench_702_predictions/protenix_gpu/astex_diverse/1IA1_TQ3/full_base_c1_s20_n1,11.57906964241769,10.0,66.0,19.0,results/posebench_702_predictions/protenix_gpu/astex_diverse/1IA1_TQ3/full_base_c1_s20_n1/output/1IA1_TQ3/seed_101/predictions/1IA1_TQ3_seed_101_sample_0.cif,A:192;B:192,external/PoseBench/data/astex_diverse_set/1IA1_TQ3/1IA1_TQ3_protein.pdb,0.11312063783407211,30.35492515563965,0.17598222196102142,0.1256929636001587,23.322251739227976,0.0,73.695,ok,full_base_c1_s20_n1,11.631986625086817,False,26.090386064468753,False,results/posebench_702_predictions/protenix_gpu/astex_diverse/1IA1_TQ3/full_base_c1_s20_n1/run_status.json,,,,,ok
results/posebench_702_predictions/protenix_gpu/astex_diverse/1IG3_VIB/full_base_c1_s20_n1/output/1IG3_VIB/seed_101/predictions/1IG3_VIB_seed_101_summary_confidence_sample_0.json,astex_diverse,5,results/posebench_702_predictions/protenix_gpu/astex_diverse/1IG3_VIB/full_base_c1_s20_n1/inputs/1IG3_VIB.json,external/PoseBench/data/astex_diverse_set/1IG3_VIB/1IG3_VIB_ligand.sdf,18.0,Cc1ncc(C[n+]2csc(CCO)c2C)c(N)n1,497.0,"A:254,B:243",protenix_base_default_v0.5.0,1IG3_VIB,2.0,18.0,results/posebench_702_predictions/protenix_gpu/astex_diverse/1IG3_VIB/full_base_c1_s20_n1,10.522959068913044,10.0,56.0,18.0,results/posebench_702_predictions/protenix_gpu/astex_diverse/1IG3_VIB/full_base_c1_s20_n1/output/1IG3_VIB/seed_101/predictions/1IG3_VIB_seed_101_sample_0.cif,A:254;B:243,external/PoseBench/data/astex_diverse_set/1IG3_VIB/1IG3_VIB_protein.pdb,0.12453312426805496,33.366390228271484,0.228199765086174,0.14526645839214325,18.21063376208232,0.0,87.686,ok,full_base_c1_s20_n1,10.666858038586117,False,20.453640166418634,False,results/posebench_702_predictions/protenix_gpu/astex_diverse/1IG3_VIB/full_base_c1_s20_n1/run_status.json,,,,,ok
results/posebench_702_predictions/protenix_gpu/astex_diverse/1J3J_CP6/full_base_c1_s20_n1/output/1J3J_CP6/seed_101/predictions/1J3J_CP6_seed_101_summary_confidence_sample_0.json,astex_diverse,4,results/posebench_702_predictions/protenix_gpu/astex_diverse/1J3J_CP6/full_base_c1_s20_n1/inputs/1J3J_CP6.json,external/PoseBench/data/astex_diverse_set/1J3J_CP6/1J3J_CP6_ligand.sdf,17.0,CCc1nc(N)nc(N)c1-c1ccc(Cl)cc1,1089.0,"A:221,B:216,C:326,D:326",protenix_base_default_v0.5.0,1J3J_CP6,4.0,17.0,results/posebench_702_predictions/protenix_gpu/astex_diverse/1J3J_CP6/full_base_c1_s20_n1,14.252599737393004,10.0,72.0,17.0,results/posebench_702_predictions/protenix_gpu/astex_diverse/1J3J_CP6/full_base_c1_s20_n1/output/1J3J_CP6/seed_101/predictions/1J3J_CP6_seed_101_sample_0.cif,A:221;B:216;C:326;D:326,external/PoseBench/data/astex_diverse_set/1J3J_CP6/1J3J_CP6_protein.pdb,0.14501704275608063,32.85957717895508,0.20776107907295227,0.1575658619403839,34.34166731939644,0.0,97.734,ok,full_base_c1_s20_n1,25.72320880126506,False,36.61238054953732,False,results/posebench_702_predictions/protenix_gpu/astex_diverse/1J3J_CP6/full_base_c1_s20_n1/run_status.json,,,,,ok
results/posebench_702_predictions/protenix_gpu/astex_diverse/1JD0_AZM/full_base_c1_s20_n1/output/1JD0_AZM/seed_101/predictions/1JD0_AZM_seed_101_summary_confidence_sample_0.json,astex_diverse,7,results/posebench_702_predictions/protenix_gpu/astex_diverse/1JD0_AZM/full_base_c1_s20_n1/inputs/1JD0_AZM.json,external/PoseBench/data/astex_diverse_set/1JD0_AZM/1JD0_AZM_ligand.sdf,13.0,CC(=O)Nc1nnc(S(N)(=O)=O)s1,519.0,"A:260,B:259",protenix_base_default_v0.5.0,1JD0_AZM,2.0,13.0,results/posebench_702_predictions/protenix_gpu/astex_diverse/1JD0_AZM/full_base_c1_s20_n1,14.901274271232259,10.0,67.0,13.0,results/posebench_702_predictions/protenix_gpu/astex_diverse/1JD0_AZM/full_base_c1_s20_n1/output/1JD0_AZM/seed_101/predictions/1JD0_AZM_seed_101_sample_0.cif,A:260;B:259,external/PoseBench/data/astex_diverse_set/1JD0_AZM/1JD0_AZM_protein.pdb,0.10124053806066513,29.35141372680664,0.16146577894687653,0.11328558623790741,22.383348791537564,0.0,72.29,ok,full_base_c1_s20_n1,20.396672399391296,False,25.4449223838236,False,results/posebench_702_predictions/protenix_gpu/astex_diverse/1JD0_AZM/full_base_c1_s20_n1/run_status.json,,,,,ok
results/posebench_702_predictions/protenix_gpu/astex_diverse/1JJE_BYS/full_base_c1_s20_n1/output/1JJE_BYS/seed_101/predictions/1JJE_BYS_seed_101_summary_confidence_sample_0.json,astex_diverse,6,results/posebench_702_predictions/protenix_gpu/astex_diverse/1JJE_BYS/full_base_c1_s20_n1/inputs/1JJE_BYS.json,external/PoseBench/data/astex_diverse_set/1JJE_BYS/1JJE_BYS_ligand.sdf,25.0,O=C(O)[C@@H](Cc1ccccc1)[C@H](Cc1ccc2c(c1)OCO2)C(=O)O,441.0,"A:220,B:221",protenix_base_default_v0.5.0,1JJE_BYS,2.0,25.0,results/posebench_702_predictions/protenix_gpu/astex_diverse/1JJE_BYS/full_base_c1_s20_n1,11.49683400767213,10.0,59.0,25.0,results/posebench_702_predictions/protenix_gpu/astex_diverse/1JJE_BYS/full_base_c1_s20_n1/output/1JJE_BYS/seed_101/predictions/1JJE_BYS_seed_101_sample_0.cif,A:220;B:221,external/PoseBench/data/astex_diverse_set/1JJE_BYS/1JJE_BYS_protein.pdb,0.11262141913175583,34.03861999511719,0.21777139604091644,0.13365142047405243,23.871855179197237,0.0,69.683,ok,full_base_c1_s20_n1,11.475570220693049,False,23.252228547046947,False,results/posebench_702_predictions/protenix_gpu/astex_diverse/1JJE_BYS/full_base_c1_s20_n1/run_status.json,,,,,ok
results/posebench_702_predictions/protenix_gpu/astex_diverse/1JLA_TNK/full_base_c1_s20_n1/output/1JLA_TNK/seed_101/predictions/1JLA_TNK_seed_101_summary_confidence_sample_0.json,astex_diverse,5,results/posebench_702_predictions/protenix_gpu/astex_diverse/1JLA_TNK/full_base_c1_s20_n1/inputs/1JLA_TNK.json,external/PoseBench/data/astex_diverse_set/1JLA_TNK/1JLA_TNK_ligand.sdf,27.0,CC(C)c1c(Cc2ccccc2)n(COCc2ccccc2)c(=O)[nH]c1=O,954.0,"A:546,B:408",protenix_base_default_v0.5.0,1JLA_TNK,2.0,27.0,results/posebench_702_predictions/protenix_gpu/astex_diverse/1JLA_TNK/full_base_c1_s20_n1,18.635956863666276,10.0,65.0,27.0,results/posebench_702_predictions/protenix_gpu/astex_diverse/1JLA_TNK/full_base_c1_s20_n1/output/1JLA_TNK/seed_101/predictions/1JLA_TNK_seed_101_sample_0.cif,A:546;B:408,external/PoseBench/data/astex_diverse_set/1JLA_TNK/1JLA_TNK_protein.pdb,0.13572031259536743,35.24931335449219,0.17211958765983582,0.14300017058849335,28.315309132553452,0.0,87.399,ok,full_base_c1_s20_n1,11.834337908336119,False,26.3749174496239,False,results/posebench_702_predictions/protenix_gpu/astex_diverse/1JLA_TNK/full_base_c1_s20_n1/run_status.json,,,,,ok
results/posebench_702_predictions/protenix_gpu/astex_diverse/1K3U_IAD/full_base_c1_s20_n1/output/1K3U_IAD/seed_101/predictions/1K3U_IAD_seed_101_summary_confidence_sample_0.json,astex_diverse,4,results/posebench_702_predictions/protenix_gpu/astex_diverse/1K3U_IAD/full_base_c1_s20_n1/inputs/1K3U_IAD.json,external/PoseBench/data/astex_diverse_set/1K3U_IAD/1K3U_IAD_ligand.sdf,21.0,O=C(O)C[C@H](NC(=O)Cc1c[nH]c2ccccc12)C(=O)O,662.0,"A:268,B:394",protenix_base_default_v0.5.0,1K3U_IAD,2.0,21.0,results/posebench_702_predictions/protenix_gpu/astex_diverse/1K3U_IAD/full_base_c1_s20_n1,17.752116654616977,10.0,85.0,21.0,results/posebench_702_predictions/protenix_gpu/astex_diverse/1K3U_IAD/full_base_c1_s20_n1/output/1K3U_IAD/seed_101/predictions/1K3U_IAD_seed_101_sample_0.cif,A:268;B:394,external/PoseBench/data/astex_diverse_set/1K3U_IAD/1K3U_IAD_protein.pdb,0.1592702567577362,37.09971618652344,0.2306368350982666,0.17354357242584229,22.845368877239423,0.0,72.62,ok,full_base_c1_s20_n1,16.915891847983836,False,20.801359001336543,False,results/posebench_702_predictions/protenix_gpu/astex_diverse/1K3U_IAD/full_base_c1_s20_n1/run_status.json,,,,,ok
results/posebench_702_predictions/protenix_gpu/astex_diverse/1KE5_LS1/full_base_c1_s20_n1/output/1KE5_LS1/seed_101/predictions/1KE5_LS1_seed_101_summary_confidence_sample_0.json,astex_diverse,7,results/posebench_702_predictions/protenix_gpu/astex_diverse/1KE5_LS1/full_base_c1_s20_n1/inputs/1KE5_LS1.json,external/PoseBench/data/astex_diverse_set/1KE5_LS1/1KE5_LS1_ligand.sdf,23.0,CNS(=O)(=O)c1ccc(N/C=C2\C(=O)Nc3ccccc32)cc1,281.0,A:281,protenix_base_default_v0.5.0,1KE5_LS1,1.0,23.0,results/posebench_702_predictions/protenix_gpu/astex_diverse/1KE5_LS1/full_base_c1_s20_n1,14.625188924359485,10.0,63.0,23.0,results/posebench_702_predictions/protenix_gpu/astex_diverse/1KE5_LS1/full_base_c1_s20_n1/output/1KE5_LS1/seed_101/predictions/1KE5_LS1_seed_101_sample_0.cif,A:281,external/PoseBench/data/astex_diverse_set/1KE5_LS1/1KE5_LS1_protein.pdb,0.18663311004638672,35.238441467285156,0.2093011438846588,0.1911667287349701,19.091466460343767,0.0,68.764,ok,full_base_c1_s20_n1,19.42951861421956,False,24.533569048549428,False,results/posebench_702_predictions/protenix_gpu/astex_diverse/1KE5_LS1/full_base_c1_s20_n1/run_status.json,,,,,ok
results/posebench_702_predictions/protenix_gpu/astex_diverse/1KZK_JE2/full_base_c1_s20_n1/output/1KZK_JE2/seed_101/predictions/1KZK_JE2_seed_101_summary_confidence_sample_0.json,astex_diverse,6,results/posebench_702_predictions/protenix_gpu/astex_diverse/1KZK_JE2/full_base_c1_s20_n1/inputs/1KZK_JE2.json,external/PoseBench/data/astex_diverse_set/1KZK_JE2/1KZK_JE2_ligand.sdf,41.0,Cc1ccccc1CNC(=O)[C@H]1N(C(=O)[C@@H](O)[C@H](Cc2ccccc2)NC(=O)c2cccc(O)c2C)CSC1(C)C,198.0,"A:99,B:99",protenix_base_default_v0.5.0,1KZK_JE2,2.0,41.0,results/posebench_702_predictions/protenix_gpu/astex_diverse/1KZK_JE2/full_base_c1_s20_n1,12.160467934583794,10.0,88.0,41.0,results/posebench_702_predictions/protenix_gpu/astex_diverse/1KZK_JE2/full_base_c1_s20_n1/output/1KZK_JE2/seed_101/predictions/1KZK_JE2_seed_101_sample_0.cif,A:99;B:99,external/PoseBench/data/astex_diverse_set/1KZK_JE2/1KZK_JE2_protein.pdb,0.1281231790781021,37.45690155029297,0.21357448399066925,0.14521344006061554,13.585629254231431,0.0,76.778,ok,full_base_c1_s20_n1,16.431781105789636,False,16.593865622775755,False,results/posebench_702_predictions/protenix_gpu/astex_diverse/1KZK_JE2/full_base_c1_s20_n1/run_status.json,,,,,ok
results/posebench_702_predictions/protenix_gpu/astex_diverse/1L2S_STC/full_base_c1_s20_n1/output/1L2S_STC/seed_101/predictions/1L2S_STC_seed_101_summary_confidence_sample_0.json,astex_diverse,5,results/posebench_702_predictions/protenix_gpu/astex_diverse/1L2S_STC/full_base_c1_s20_n1/inputs/1L2S_STC.json,external/PoseBench/data/astex_diverse_set/1L2S_STC/1L2S_STC_ligand.sdf,19.0,O=C(O)c1sccc1S(=O)(=O)Nc1ccc(Cl)cc1,713.0,"A:355,B:358",protenix_base_default_v0.5.0,1L2S_STC,2.0,19.0,results/posebench_702_predictions/protenix_gpu/astex_diverse/1L2S_STC/full_base_c1_s20_n1,13.536898903628392,10.0,62.0,19.0,results/posebench_702_predictions/protenix_gpu/astex_diverse/1L2S_STC/full_base_c1_s20_n1/output/1L2S_STC/seed_101/predictions/1L2S_STC_seed_101_sample_0.cif,A:355;B:358,external/PoseBench/data/astex_diverse_set/1L2S_STC/1L2S_STC_protein.pdb,0.15064488351345062,30.37020492553711,0.22366999089717865,0.16524989902973175,25.129391557298216,0.0,105.402,ok,full_base_c1_s20_n1,19.753087315722652,False,39.15552915066161,False,results/posebench_702_predictions/protenix_gpu/astex_diverse/1L2S_STC/full_base_c1_s20_n1/run_status.json,,,,,ok
results/posebench_702_predictions/protenix_gpu/astex_diverse/1L7F_BCZ/full_base_c1_s20_n1/output/1L7F_BCZ/seed_101/predictions/1L7F_BCZ_seed_101_summary_confidence_sample_0.json,astex_diverse,4,results/posebench_702_predictions/protenix_gpu/astex_diverse/1L7F_BCZ/full_base_c1_s20_n1/inputs/1L7F_BCZ.json,external/PoseBench/data/astex_diverse_set/1L7F_BCZ/1L7F_BCZ_ligand.sdf,23.0,CCC(CC)[C@H](NC(C)=O)[C@@H]1[C@H](O)[C@@H](C(=O)O)C[C@H]1NC(=N)N,388.0,A:388,protenix_base_default_v0.5.0,1L7F_BCZ,1.0,23.0,results/posebench_702_predictions/protenix_gpu/astex_diverse/1L7F_BCZ/full_base_c1_s20_n1,14.347534029155025,10.0,77.0,23.0,results/posebench_702_predictions/protenix_gpu/astex_diverse/1L7F_BCZ/full_base_c1_s20_n1/output/1L7F_BCZ/seed_101/predictions/1L7F_BCZ_seed_101_sample_0.cif,A:388,external/PoseBench/data/astex_diverse_set/1L7F_BCZ/1L7F_BCZ_protein.pdb,0.22174076735973358,29.558774948120117,0.18493682146072388,0.21437998116016388,18.688616798139734,0.0,91.208,ok,full_base_c1_s20_n1,10.037017605339061,False,8.16665505969902,False,results/posebench_702_predictions/protenix_gpu/astex_diverse/1L7F_BCZ/full_base_c1_s20_n1/run_status.json,,,,,ok
results/posebench_702_predictions/protenix_gpu/astex_diverse/1LPZ_CMB/full_base_c1_s20_n1/output/1LPZ_CMB/seed_101/predictions/1LPZ_CMB_seed_101_summary_confidence_sample_0.json,astex_diverse,7,results/posebench_702_predictions/protenix_gpu/astex_diverse/1LPZ_CMB/full_base_c1_s20_n1/inputs/1LPZ_CMB.json,external/PoseBench/data/astex_diverse_set/1LPZ_CMB/1LPZ_CMB_ligand.sdf,32.0,Cc1cccc2c1cc(C(=O)NCc1cc(Cl)cc(Cl)c1)n2Cc1cccc(C(=N)N)c1,287.0,"A:53,B:234",protenix_base_default_v0.5.0,1LPZ_CMB,2.0,32.0,results/posebench_702_predictions/protenix_gpu/astex_diverse/1LPZ_CMB/full_base_c1_s20_n1,15.018584080397373,10.0,74.0,32.0,results/posebench_702_predictions/protenix_gpu/astex_diverse/1LPZ_CMB/full_base_c1_s20_n1/output/1LPZ_CMB/seed_101/predictions/1LPZ_CMB_seed_101_sample_0.cif,A:53;B:234,external/PoseBench/data/astex_diverse_set/1LPZ_CMB/1LPZ_CMB_protein.pdb,0.14390937983989716,29.70793914794922,0.17999841272830963,0.1511271893978119,18.91543221202526,0.0,83.657,ok,full_base_c1_s20_n1,6.158880345882725,False,9.690522457370433,False,results/posebench_702_predictions/protenix_gpu/astex_diverse/1LPZ_CMB/full_base_c1_s20_n1/run_status.json,,,,,ok
results/posebench_702_predictions/protenix_gpu/astex_diverse/1LRH_NLA/full_base_c1_s20_n1/output/1LRH_NLA/seed_101/predictions/1LRH_NLA_seed_101_summary_confidence_sample_0.json,astex_diverse,6,results/posebench_702_predictions/protenix_gpu/astex_diverse/1LRH_NLA/full_base_c1_s20_n1/inputs/1LRH_NLA.json,external/PoseBench/data/astex_diverse_set/1LRH_NLA/1LRH_NLA_ligand.sdf,14.0,O=C(O)Cc1cccc2ccccc12,640.0,"A:160,B:160,C:160,D:160",protenix_base_default_v0.5.0,1LRH_NLA,4.0,14.0,results/posebench_702_predictions/protenix_gpu/astex_diverse/1LRH_NLA/full_base_c1_s20_n1,12.487382841798087,10.0,64.0,14.0,results/posebench_702_predictions/protenix_gpu/astex_diverse/1LRH_NLA/full_base_c1_s20_n1/output/1LRH_NLA/seed_101/predictions/1LRH_NLA_seed_101_sample_0.cif,A:160;B:160;C:160;D:160,external/PoseBench/data/astex_diverse_set/1LRH_NLA/1LRH_NLA_protein.pdb,0.11733473837375641,30.365154266357422,0.1834738850593567,0.13056257367134094,32.01391731774576,0.0,93.822,ok,full_base_c1_s20_n1,11.985130409307962,False,15.76101373903067,False,results/posebench_702_predictions/protenix_gpu/astex_diverse/1LRH_NLA/full_base_c1_s20_n1/run_status.json,,,,,ok
results/posebench_702_predictions/protenix_gpu/astex_diverse/1M2Z_DEX/full_base_c1_s20_n1/output/1M2Z_DEX/seed_101/predictions/1M2Z_DEX_seed_101_summary_confidence_sample_0.json,astex_diverse,5,results/posebench_702_predictions/protenix_gpu/astex_diverse/1M2Z_DEX/full_base_c1_s20_n1/inputs/1M2Z_DEX.json,external/PoseBench/data/astex_diverse_set/1M2Z_DEX/1M2Z_DEX_ligand.sdf,28.0,C[C@@H]1C[C@H]2[C@@H]3CCC4=CC(=O)C=C[C@]4(C)[C@@]3(F)[C@@H](O)C[C@]2(C)[C@@]1(O)C(=O)CO,297.0,"A:255,B:21,D:21",protenix_base_default_v0.5.0,1M2Z_DEX,4.0,28.0,results/posebench_702_predictions/protenix_gpu/astex_diverse/1M2Z_DEX/full_base_c1_s20_n1,12.790095703767415,10.0,81.0,28.0,results/posebench_702_predictions/protenix_gpu/astex_diverse/1M2Z_DEX/full_base_c1_s20_n1/output/1M2Z_DEX/seed_101/predictions/1M2Z_DEX_seed_101_sample_0.cif,A:255;B:21;D:253;E:21,external/PoseBench/data/astex_diverse_set/1M2Z_DEX/1M2Z_DEX_protein.pdb,0.14402684569358826,49.260040283203125,0.3001084625720978,0.17524316906929016,22.56180215304525,0.0,77.452,ok,full_base_c1_s20_n1,15.823492789722467,False,11.94485766687354,False,results/posebench_702_predictions/protenix_gpu/astex_diverse/1M2Z_DEX/full_base_c1_s20_n1/run_status.json,,,,,ok
results/posebench_702_predictions/protenix_gpu/astex_diverse/1MEH_MOA/full_base_c1_s20_n1/output/1MEH_MOA/seed_101/predictions/1MEH_MOA_seed_101_summary_confidence_sample_0.json,astex_diverse,4,results/posebench_702_predictions/protenix_gpu/astex_diverse/1MEH_MOA/full_base_c1_s20_n1/inputs/1MEH_MOA.json,external/PoseBench/data/astex_diverse_set/1MEH_MOA/1MEH_MOA_ligand.sdf,23.0,COc1c(C)c2c(c(O)c1C/C=C(\C)CCC(=O)O)C(=O)OC2,353.0,A:353,protenix_base_default_v0.5.0,1MEH_MOA,1.0,23.0,results/posebench_702_predictions/protenix_gpu/astex_diverse/1MEH_MOA/full_base_c1_s20_n1,9.9415963263239,10.0,68.0,23.0,results/posebench_702_predictions/protenix_gpu/astex_diverse/1MEH_MOA/full_base_c1_s20_n1/output/1MEH_MOA/seed_101/predictions/1MEH_MOA_seed_101_sample_0.cif,A:353,external/PoseBench/data/astex_diverse_set/1MEH_MOA/1MEH_MOA_protein.pdb,0.2606525719165802,30.0439453125,0.20863747596740723,0.25024956464767456,16.906420029749654,0.0,71.601,ok,full_base_c1_s20_n1,8.036928390300769,False,10.897079599039394,False,results/posebench_702_predictions/protenix_gpu/astex_diverse/1MEH_MOA/full_base_c1_s20_n1/run_status.json,,,,,ok
results/posebench_702_predictions/protenix_gpu/astex_diverse/1MMV_3AR/full_base_c1_s20_n1/output/1MMV_3AR/seed_101/predictions/1MMV_3AR_seed_101_summary_confidence_sample_0.json,astex_diverse,7,results/posebench_702_predictions/protenix_gpu/astex_diverse/1MMV_3AR/full_base_c1_s20_n1/inputs/1MMV_3AR.json,external/PoseBench/data/astex_diverse_set/1MMV_3AR/1MMV_3AR_ligand.sdf,15.0,CCCNC(=[NH2+])NCCC[C@H](N)C(=O)O,816.0,"A:407,B:409",protenix_base_default_v0.5.0,1MMV_3AR,2.0,15.0,results/posebench_702_predictions/protenix_gpu/astex_diverse/1MMV_3AR/full_base_c1_s20_n1,14.594137808278361,10.0,66.0,15.0,results/posebench_702_predictions/protenix_gpu/astex_diverse/1MMV_3AR/full_base_c1_s20_n1/output/1MMV_3AR/seed_101/predictions/1MMV_3AR_seed_101_sample_0.cif,A:407;B:409,external/PoseBench/data/astex_diverse_set/1MMV_3AR/1MMV_3AR_protein.pdb,0.1341416984796524,29.83553695678711,0.1817067563533783,0.1436547040939331,26.94999286106032,0.0,82.74,ok,full_base_c1_s20_n1,8.510737431152664,False,17.31104863725994,False,results/posebench_702_predictions/protenix_gpu/astex_diverse/1MMV_3AR/full_base_c1_s20_n1/run_status.json,,,,,ok
results/posebench_702_predictions/protenix_gpu/astex_diverse/1MZC_BNE/full_base_c1_s20_n1/output/1MZC_BNE/seed_101/predictions/1MZC_BNE_seed_101_summary_confidence_sample_0.json,astex_diverse,6,results/posebench_702_predictions/protenix_gpu/astex_diverse/1MZC_BNE/full_base_c1_s20_n1/inputs/1MZC_BNE.json,external/PoseBench/data/astex_diverse_set/1MZC_BNE/1MZC_BNE_ligand.sdf,35.0,CC[C@@]1(c2cccc(Oc3cc([C@](C)(N)c4cncn4C)ccc3C#N)c2)CCCCN(C)C1=O,720.0,"A:313,B:407",protenix_base_default_v0.5.0,1MZC_BNE,2.0,35.0,results/posebench_702_predictions/protenix_gpu/astex_diverse/1MZC_BNE/full_base_c1_s20_n1,16.314454724778265,10.0,82.0,35.0,results/posebench_702_predictions/protenix_gpu/astex_diverse/1MZC_BNE/full_base_c1_s20_n1/output/1MZC_BNE/seed_101/predictions/1MZC_BNE_seed_101_sample_0.cif,A:313;B:407,external/PoseBench/data/astex_diverse_set/1MZC_BNE/1MZC_BNE_protein.pdb,0.12541534006595612,40.25267791748047,0.22057169675827026,0.14444661140441895,27.285569350959097,0.0,81.551,ok,full_base_c1_s20_n1,10.918492496563637,False,11.507141921838185,False,results/posebench_702_predictions/protenix_gpu/astex_diverse/1MZC_BNE/full_base_c1_s20_n1/run_status.json,,,,,ok
results/posebench_702_predictions/protenix_gpu/astex_diverse/1N1M_A3M/full_base_c1_s20_n1/output/1N1M_A3M/seed_101/predictions/1N1M_A3M_seed_101_summary_confidence_sample_0.json,astex_diverse,5,results/posebench_702_predictions/protenix_gpu/astex_diverse/1N1M_A3M/full_base_c1_s20_n1/inputs/1N1M_A3M.json,external/PoseBench/data/astex_diverse_set/1N1M_A3M/1N1M_A3M_ligand.sdf,12.0,CC(C)[C@H](N)C(=O)N1CCCC1,1454.0,"A:726,B:728",protenix_base_default_v0.5.0,1N1M_A3M,2.0,12.0,results/posebench_702_predictions/protenix_gpu/astex_diverse/1N1M_A3M/full_base_c1_s20_n1,13.911949935168408,10.0,56.0,12.0,results/posebench_702_predictions/protenix_gpu/astex_diverse/1N1M_A3M/full_base_c1_s20_n1/output/1N1M_A3M/seed_101/predictions/1N1M_A3M_seed_101_sample_0.cif,A:726;B:728,external/PoseBench/data/astex_diverse_set/1N1M_A3M/1N1M_A3M_protein.pdb,0.16772058606147766,30.584394454956055,0.19003720581531525,-99.82781982421875,33.531580533508674,0.0,127.549,ok,full_base_c1_s20_n1,17.699460444132697,False,23.661667405071917,False,results/posebench_702_predictions/protenix_gpu/astex_diverse/1N1M_A3M/full_base_c1_s20_n1/run_status.json,,,,,ok
results/posebench_702_predictions/protenix_gpu/astex_diverse/1N2J_PAF/full_base_c1_s20_n1/output/1N2J_PAF/seed_101/predictions/1N2J_PAF_seed_101_summary_confidence_sample_0.json,astex_diverse,4,results/posebench_702_predictions/protenix_gpu/astex_diverse/1N2J_PAF/full_base_c1_s20_n1/inputs/1N2J_PAF.json,external/PoseBench/data/astex_diverse_set/1N2J_PAF/1N2J_PAF_ligand.sdf,10.0,CC(C)(CO)[C@@H](O)C(=O)[O-],574.0,"A:287,B:287",protenix_base_default_v0.5.0,1N2J_PAF,2.0,10.0,results/posebench_702_predictions/protenix_gpu/astex_diverse/1N2J_PAF/full_base_c1_s20_n1,11.57826230621699,10.0,58.0,10.0,results/posebench_702_predictions/protenix_gpu/astex_diverse/1N2J_PAF/full_base_c1_s20_n1/output/1N2J_PAF/seed_101/predictions/1N2J_PAF_seed_101_sample_0.cif,A:287;B:287,external/PoseBench/data/astex_diverse_set/1N2J_PAF/1N2J_PAF_protein.pdb,0.22775736451148987,36.891780853271484,0.2757219970226288,0.23735029995441437,27.201052072034845,0.0,80.982,ok,full_base_c1_s20_n1,18.299242939503504,False,20.942999358788327,False,results/posebench_702_predictions/protenix_gpu/astex_diverse/1N2J_PAF/full_base_c1_s20_n1/run_status.json,,,,,ok
results/posebench_702_predictions/protenix_gpu/astex_diverse/1N2V_BDI/full_base_c1_s20_n1/output/1N2V_BDI/seed_101/predictions/1N2V_BDI_seed_101_summary_confidence_sample_0.json,astex_diverse,7,results/posebench_702_predictions/protenix_gpu/astex_diverse/1N2V_BDI/full_base_c1_s20_n1/inputs/1N2V_BDI.json,external/PoseBench/data/astex_diverse_set/1N2V_BDI/1N2V_BDI_ligand.sdf,15.0,CCCCc1nc2c(=O)[nH][nH]c(=O)c2[nH]1,372.0,A:372,protenix_base_default_v0.5.0,1N2V_BDI,1.0,15.0,results/posebench_702_predictions/protenix_gpu/astex_diverse/1N2V_BDI/full_base_c1_s20_n1,13.16597092818634,10.0,67.0,15.0,results/posebench_702_predictions/protenix_gpu/astex_diverse/1N2V_BDI/full_base_c1_s20_n1/output/1N2V_BDI/seed_101/predictions/1N2V_BDI_seed_101_sample_0.cif,A:372,external/PoseBench/data/astex_diverse_set/1N2V_BDI/1N2V_BDI_protein.pdb,0.23991598188877106,30.860923767089844,0.21442288160324097,0.23481735587120056,21.355607419922613,0.0,87.222,ok,full_base_c1_s20_n1,5.275411589331075,False,8.124533830357473,False,results/posebench_702_predictions/protenix_gpu/astex_diverse/1N2V_BDI/full_base_c1_s20_n1/run_status.json,,,,,ok
results/posebench_702_predictions/protenix_gpu/astex_diverse/1N46_PFA/full_base_c1_s20_n1/output/1N46_PFA/seed_101/predictions/1N46_PFA_seed_101_summary_confidence_sample_0.json,astex_diverse,6,results/posebench_702_predictions/protenix_gpu/astex_diverse/1N46_PFA/full_base_c1_s20_n1/inputs/1N46_PFA.json,external/PoseBench/data/astex_diverse_set/1N46_PFA/1N46_PFA_ligand.sdf,27.0,Cc1cc(-n2ncc(=O)[nH]c2=O)cc(C)c1Oc1ccc(O)c(C(C)C)c1,487.0,"A:248,B:239",protenix_base_default_v0.5.0,1N46_PFA,2.0,27.0,results/posebench_702_predictions/protenix_gpu/astex_diverse/1N46_PFA/full_base_c1_s20_n1,11.974773014181574,10.0,98.0,27.0,results/posebench_702_predictions/protenix_gpu/astex_diverse/1N46_PFA/full_base_c1_s20_n1/output/1N46_PFA/seed_101/predictions/1N46_PFA_seed_101_sample_0.cif,A:248;B:239,external/PoseBench/data/astex_diverse_set/1N46_PFA/1N46_PFA_protein.pdb,0.13238690793514252,38.74120330810547,0.2375710904598236,0.1534237414598465,19.499668568104575,0.0,87.628,ok,full_base_c1_s20_n1,13.79899714114218,False,20.012692252565383,False,results/posebench_702_predictions/protenix_gpu/astex_diverse/1N46_PFA/full_base_c1_s20_n1/run_status.json,,,,,ok
results/posebench_702_predictions/protenix_gpu/astex_diverse/1NAV_IH5/full_base_c1_s20_n1/output/1NAV_IH5/seed_101/predictions/1NAV_IH5_seed_101_summary_confidence_sample_0.json,astex_diverse,5,results/posebench_702_predictions/protenix_gpu/astex_diverse/1NAV_IH5/full_base_c1_s20_n1/inputs/1NAV_IH5.json,external/PoseBench/data/astex_diverse_set/1NAV_IH5/1NAV_IH5_ligand.sdf,23.0,CC(C)c1cc(Oc2c(Cl)cc(CC(=O)O)cc2Cl)ccc1O,253.0,A:253,protenix_base_default_v0.5.0,1NAV_IH5,1.0,23.0,results/posebench_702_predictions/protenix_gpu/astex_diverse/1NAV_IH5/full_base_c1_s20_n1,10.56889827478593,10.0,90.0,23.0,results/posebench_702_predictions/protenix_gpu/astex_diverse/1NAV_IH5/full_base_c1_s20_n1/output/1NAV_IH5/seed_101/predictions/1NAV_IH5_seed_101_sample_0.cif,A:253,external/PoseBench/data/astex_diverse_set/1NAV_IH5/1NAV_IH5_protein.pdb,0.20912791788578033,40.59442901611328,0.25577685236930847,0.21845771372318268,13.758404766807873,0.0,81.455,ok,full_base_c1_s20_n1,23.133582186216977,False,25.476834739462376,False,results/posebench_702_predictions/protenix_gpu/astex_diverse/1NAV_IH5/full_base_c1_s20_n1/run_status.json,,,,,ok
results/posebench_702_predictions/protenix_gpu/astex_diverse/1OF1_SCT/full_base_c1_s20_n1/output/1OF1_SCT/seed_101/predictions/1OF1_SCT_seed_101_summary_confidence_sample_0.json,astex_diverse,4,results/posebench_702_predictions/protenix_gpu/astex_diverse/1OF1_SCT/full_base_c1_s20_n1/inputs/1OF1_SCT.json,external/PoseBench/data/astex_diverse_set/1OF1_SCT/1OF1_SCT_ligand.sdf,18.0,Cc1cn([C@@]23C[C@H](O)[C@@H](CO)[C@@H]2C3)c(=O)[nH]c1=O,620.0,"A:307,B:313",protenix_base_default_v0.5.0,1OF1_SCT,2.0,18.0,results/posebench_702_predictions/protenix_gpu/astex_diverse/1OF1_SCT/full_base_c1_s20_n1,13.728032041513359,10.0,68.0,18.0,results/posebench_702_predictions/protenix_gpu/astex_diverse/1OF1_SCT/full_base_c1_s20_n1/output/1OF1_SCT/seed_101/predictions/1OF1_SCT_seed_101_sample_0.cif,A:308;B:314,external/PoseBench/data/astex_diverse_set/1OF1_SCT/1OF1_SCT_protein.pdb,0.12419188022613525,33.5566291809082,0.24540086090564728,0.14843368530273438,22.666518810064083,0.0,75.129,ok,full_base_c1_s20_n1,7.143820275459778,False,18.370341883678662,False,results/posebench_702_predictions/protenix_gpu/astex_diverse/1OF1_SCT/full_base_c1_s20_n1/run_status.json,,,,,ok
,astex_diverse,7,results/posebench_702_predictions/protenix_gpu/astex_diverse/1OF6_DTY/full_base_c1_s20_n1/inputs/1OF6_DTY.json,external/PoseBench/data/astex_diverse_set/1OF6_DTY/1OF6_DTY_ligand.sdf,13.0,N[C@@H](Cc1ccc(O)cc1)C(=O)O,,,protenix_base_default_v0.5.0,1OF6_DTY,8.0,,results/posebench_702_predictions/protenix_gpu/astex_diverse/1OF6_DTY/full_base_c1_s20_n1,,,,,,A:350;B:346;C:350;D:349;E:339;F:347;G:342;H:347,external/PoseBench/data/astex_diverse_set/1OF6_DTY/1OF6_DTY_protein.pdb,,,,,,0.0,117.077,failed_no_prediction_cif,full_base_c1_s20_n1,,,,,results/posebench_702_predictions/protenix_gpu/astex_diverse/1OF6_DTY/full_base_c1_s20_n1/run_status.json,"ent: world size: 1, global rank: 0, local rank: 0
2026-06-11 19:36:52,938 [<REMOTE_PROJECT_ROOT>/envs/protenix/lib/python3.10/site-packages/runner/inference.py:67] INFO root: LOCAL_RANK: 0 - CUDA_VISIBLE_DEVICES: [7]
2026-06-11 19:36:52,938 [<REMOTE_PROJECT_ROOT>/envs/protenix/lib/python3.10/site-packages/runner/inference.py:91] INFO root: Finished init ENV.
2026-06-11 19:38:23,593 [<REMOTE_PROJECT_ROOT>/envs/protenix/lib/python3.10/site-packages/runner/inference.py:163] INFO runner.inference: Loading from <REMOTE_PROJECT_ROOT>/envs/protenix/lib/python3.10/site-packages/./release_data/checkpoint//protenix_base_default_v0.5.0.pt, strict: True
2026-06-11 19:38:25,036 [<REMOTE_PROJECT_ROOT>/envs/protenix/lib/python3.10/site-packages/runner/inference.py:163] INFO runner.inference: Sampled key: module.input_embedder.atom_attention_encoder.linear_no_bias_ref_pos.weight
2026-06-11 19:38:25,122 [<REMOTE_PROJECT_ROOT>/envs/protenix/lib/python3.10/site-packages/runner/inference.py:163] INFO runner.inference: Finish loading checkpoint.

  0%|          | 0/1 [00:00<?, ?it/s]2026-06-11 19:38:25,127 [<REMOTE_PROJECT_ROOT>/envs/protenix/lib/python3.10/site-packages/runner/msa_search.py:109] WARNING runner.msa_search: the inference json file <REMOTE_PROJECT_ROOT>/results/posebench_702_predictions/protenix_gpu/astex_diverse/1OF6_DTY/full_base_c1_s20_n1/inputs/1OF6_DTY.json 
do not contain msa and will not be updated,
and you set not using msa, in this mode, 
if you do not use esm feature, model performance might degrade significantly
2026-06-11 19:38:25,128 [<REMOTE_PROJECT_ROOT>/envs/protenix/lib/python3.10/site-packages/runner/inference.py:279] INFO runner.inference: Loading data from
<REMOTE_PROJECT_ROOT>/results/posebench_702_predictions/protenix_gpu/astex_diverse/1OF6_DTY/full_base_c1_s20_n1/inputs/1OF6_DTY.json
2026-06-11 19:38:25,918 [<REMOTE_PROJECT_ROOT>/envs/protenix/lib/python3.10/site-packages/protenix/data/infer_data_pipeline.py:246] INFO protenix.data.infer_data_pipeline: Featurizing 1OF6_DTY...
2026-06-11 19:38:33,857 [<REMOTE_PROJECT_ROOT>/envs/protenix/lib/python3.10/site-packages/protenix/data/constraint_featurizer.py:381] INFO protenix.data.constraint_featurizer: Loaded constraint feature: #atom contact:0 #contact:0 #pocket:0
2026-06-11 19:38:41,566 [<REMOTE_PROJECT_ROOT>/envs/protenix/lib/python3.10/site-packages/runner/inference.py:303] INFO runner.inference: [Rank 0 (1/1)] 1OF6_DTY: N_asym 9, N_token 2783, N_atom 20925, N_msa 1
2026-06-11 19:38:43,319 [<REMOTE_PROJECT_ROOT>/envs/protenix/lib/python3.10/site-packages/runner/inference.py:329] INFO runner.inference: [Rank 0]1OF6_DTY CUDA out of memory. Tried to allocate 8.02 GiB. GPU :
Traceback (most recent call last):
  File ""<REMOTE_PROJECT_ROOT>/envs/protenix/lib/python3.10/site-packages/runner/inference.py"", line 312, in infer_predict
    prediction = runner.predict(data)
  File ""<REMOTE_PROJECT_ROOT>/envs/protenix/lib/python3.10/site-packages/torch/utils/_contextlib.py"", line 115, in decorate_context
    return func(*args, **kwargs)
  File ""<REMOTE_PROJECT_ROOT>/envs/protenix/lib/python3.10/site-packages/runner/inference.py"", line 152, in predict
    prediction, _, _ = self.model(
  File ""<REMOTE_PROJECT_ROOT>/envs/protenix/lib/python3.10/site-packages/torch/nn/modules/module.py"", line 1532, in _wrapped_call_impl
    return self._call_impl(*args, **kwargs)
  File ""<REMOTE_PROJECT_ROOT>/envs/protenix/lib/python3.10/site-packages/torch/nn/modules/module.py"", line 1541, in _call_impl
    return forward_call(*args, **kwargs)
  File ""<REMOTE_PROJECT_ROOT>/envs/protenix/lib/python3.10/site-packages/protenix/model/protenix.py"", line 722, in forward
    pred_dict, log_dict, time_tracker = self.main_inference_loop(
  File ""<REMOTE_PROJECT_ROOT>/envs/protenix/lib/python3.10/site-packages/protenix/model/protenix.py"", line 338, in main_inference_loop
    pred_dict, log_dict, time_tracker = self._main_inference_loop(
  File ""<REMOTE_PROJECT_ROOT>/envs/protenix/lib/python3.10/site-packages/protenix/model/protenix.py"", line 399, in _main_inference_loop
    s_inputs, s, z = self.get_pairformer_output(
  File ""<REMOTE_PROJECT_ROOT>/envs/protenix/lib/python3.10/site-packages/protenix/model/protenix.py"", line 175, in get_pairformer_output
    z_init += self.relative_position_encoding(input_feature_dict)
  File ""<REMOTE_PROJECT_ROOT>/envs/protenix/lib/python3.10/site-packages/torch/nn/modules/module.py"", line 1532, in _wrapped_call_impl
    return self._call_impl(*args, **kwargs)
  File ""<REMOTE_PROJECT_ROOT>/envs/protenix/lib/python3.10/site-packages/torch/nn/modules/module.py"", line 1541, in _call_impl
    return forward_call(*args, **kwargs)
  File ""<REMOTE_PROJECT_ROOT>/envs/protenix/lib/python3.10/site-packages/protenix/model/modules/embedders.py"", line 218, in forward
    data = torch.cat(
torch.cuda.OutOfMemoryError: CUDA out of memory. Tried to allocate 8.02 GiB. GPU 


100%|██████████| 1/1 [00:18<00:00, 18.45s/it]
100%|██████████| 1/1 [00:18<00:00, 18.45s/it]
","Try to find the ccd cache data in the code directory for inference.
[2026-06-11 19:36:51,565] [INFO] [real_accelerator.py:219:get_accelerator] Setting ds_accelerator to cuda (auto detect)
train scheduler 16.0
inference scheduler 16.0
Diffusion Module has 16.0
",,,gpu_oom
results/posebench_702_predictions/protenix_gpu/astex_diverse/1OPK_P16/full_base_c1_s20_n1/output/1OPK_P16/seed_101/predictions/1OPK_P16_seed_101_summary_confidence_sample_0.json,astex_diverse,6,results/posebench_702_predictions/protenix_gpu/astex_diverse/1OPK_P16/full_base_c1_s20_n1/inputs/1OPK_P16.json,external/PoseBench/data/astex_diverse_set/1OPK_P16/1OPK_P16_ligand.sdf,29.0,Cn1c(=O)c(-c2c(Cl)cccc2Cl)cc2cnc(Nc3cccc(CO)c3)nc21,449.0,A:449,protenix_base_default_v0.5.0,1OPK_P16,1.0,29.0,results/posebench_702_predictions/protenix_gpu/astex_diverse/1OPK_P16/full_base_c1_s20_n1,11.728973979745815,10.0,74.0,29.0,results/posebench_702_predictions/protenix_gpu/astex_diverse/1OPK_P16/full_base_c1_s20_n1/output/1OPK_P16/seed_101/predictions/1OPK_P16_seed_101_sample_0.cif,A:449,external/PoseBench/data/astex_diverse_set/1OPK_P16/1OPK_P16_protein.pdb,0.3102617561817169,32.83365249633789,0.223746657371521,0.29295873641967773,21.212643678496956,0.0,76.888,ok,full_base_c1_s20_n1,10.01333563637995,False,15.631102451472334,False,results/posebench_702_predictions/protenix_gpu/astex_diverse/1OPK_P16/full_base_c1_s20_n1/run_status.json,,,,,ok
results/posebench_702_predictions/protenix_gpu/astex_diverse/1OQ5_CEL/full_base_c1_s20_n1/output/1OQ5_CEL/seed_101/predictions/1OQ5_CEL_seed_101_summary_confidence_sample_0.json,astex_diverse,5,results/posebench_702_predictions/protenix_gpu/astex_diverse/1OQ5_CEL/full_base_c1_s20_n1/inputs/1OQ5_CEL.json,external/PoseBench/data/astex_diverse_set/1OQ5_CEL/1OQ5_CEL_ligand.sdf,26.0,Cc1ccc(-c2cc(C(F)(F)F)nn2-c2ccc(S(N)(=O)=O)cc2)cc1,256.0,A:256,protenix_base_default_v0.5.0,1OQ5_CEL,1.0,26.0,results/posebench_702_predictions/protenix_gpu/astex_diverse/1OQ5_CEL/full_base_c1_s20_n1,14.118391813139434,10.0,74.0,26.0,results/posebench_702_predictions/protenix_gpu/astex_diverse/1OQ5_CEL/full_base_c1_s20_n1/output/1OQ5_CEL/seed_101/predictions/1OQ5_CEL_seed_101_sample_0.cif,A:256,external/PoseBench/data/astex_diverse_set/1OQ5_CEL/1OQ5_CEL_protein.pdb,0.3083707094192505,32.833187103271484,0.2753118872642517,0.30175894498825073,19.71204448941623,0.0,81.238,ok,full_base_c1_s20_n1,11.702741644816495,False,14.531305228616734,False,results/posebench_702_predictions/protenix_gpu/astex_diverse/1OQ5_CEL/full_base_c1_s20_n1/run_status.json,,,,,ok
results/posebench_702_predictions/protenix_gpu/astex_diverse/1OWE_675/full_base_c1_s20_n1/output/1OWE_675/seed_101/predictions/1OWE_675_seed_101_summary_confidence_sample_0.json,astex_diverse,4,results/posebench_702_predictions/protenix_gpu/astex_diverse/1OWE_675/full_base_c1_s20_n1/inputs/1OWE_675.json,external/PoseBench/data/astex_diverse_set/1OWE_675/1OWE_675_ligand.sdf,22.0,N=C(N)c1ccc2cc(C(=O)Nc3ccccc3)ccc2c1,245.0,A:245,protenix_base_default_v0.5.0,1OWE_675,1.0,22.0,results/posebench_702_predictions/protenix_gpu/astex_diverse/1OWE_675/full_base_c1_s20_n1,17.49304559851973,10.0,65.0,22.0,results/posebench_702_predictions/protenix_gpu/astex_diverse/1OWE_675/full_base_c1_s20_n1/output/1OWE_675/seed_101/predictions/1OWE_675_seed_101_sample_0.cif,A:245,external/PoseBench/data/astex_diverse_set/1OWE_675/1OWE_675_protein.pdb,0.22173617780208588,29.91364860534668,0.18284738063812256,0.21395842730998993,20.189580990900165,0.0,79.098,ok,full_base_c1_s20_n1,13.102760206758404,False,8.056331443874827,False,results/posebench_702_predictions/protenix_gpu/astex_diverse/1OWE_675/full_base_c1_s20_n1/run_status.json,,,,,ok
results/posebench_702_predictions/protenix_gpu/astex_diverse/1OYT_FSN/full_base_c1_s20_n1/output/1OYT_FSN/seed_101/predictions/1OYT_FSN_seed_101_summary_confidence_sample_0.json,astex_diverse,7,results/posebench_702_predictions/protenix_gpu/astex_diverse/1OYT_FSN/full_base_c1_s20_n1/inputs/1OYT_FSN.json,external/PoseBench/data/astex_diverse_set/1OYT_FSN/1OYT_FSN_ligand.sdf,30.0,NC(=[NH2+])c1ccc([C@H]2[C@H]3C(=O)N(Cc4ccc(F)cc4)C(=O)[C@H]3[C@@H]3CCCN32)cc1,282.0,concat:282,protenix_base_default_v0.5.0,1OYT_FSN,3.0,30.0,results/posebench_702_predictions/protenix_gpu/astex_diverse/1OYT_FSN/full_base_c1_s20_n1,,10.0,0.0,30.0,results/posebench_702_predictions/protenix_gpu/astex_diverse/1OYT_FSN/full_base_c1_s20_n1/output/1OYT_FSN/seed_101/predictions/1OYT_FSN_seed_101_sample_0.cif,L:27;H:250;I:5,external/PoseBench/data/astex_diverse_set/1OYT_FSN/1OYT_FSN_protein.pdb,0.14148260653018951,33.834686279296875,0.16842758655548096,0.14687159657478333,18.939668057438574,0.0,88.583,ok,full_base_c1_s20_n1,,False,9.091601400795065,False,results/posebench_702_predictions/protenix_gpu/astex_diverse/1OYT_FSN/full_base_c1_s20_n1/run_status.json,,,,,ok
results/posebench_702_predictions/protenix_gpu/astex_diverse/1P2Y_NCT/full_base_c1_s20_n1/output/1P2Y_NCT/seed_101/predictions/1P2Y_NCT_seed_101_summary_confidence_sample_0.json,astex_diverse,6,results/posebench_702_predictions/protenix_gpu/astex_diverse/1P2Y_NCT/full_base_c1_s20_n1/inputs/1P2Y_NCT.json,external/PoseBench/data/astex_diverse_set/1P2Y_NCT/1P2Y_NCT_ligand.sdf,12.0,CN1CCC[C@H]1c1cccnc1,407.0,A:407,protenix_base_default_v0.5.0,1P2Y_NCT,1.0,12.0,results/posebench_702_predictions/protenix_gpu/astex_diverse/1P2Y_NCT/full_base_c1_s20_n1,13.441512780041128,10.0,68.0,12.0,results/posebench_702_predictions/protenix_gpu/astex_diverse/1P2Y_NCT/full_base_c1_s20_n1/output/1P2Y_NCT/seed_101/predictions/1P2Y_NCT_seed_101_sample_0.cif,A:407,external/PoseBench/data/astex_diverse_set/1P2Y_NCT/1P2Y_NCT_protein.pdb,0.2781427204608917,35.13488006591797,0.20843659341335297,0.26420149207115173,22.662830977760613,0.0,71.116,ok,full_base_c1_s20_n1,9.457459484179456,False,12.05685559487879,False,results/posebench_702_predictions/protenix_gpu/astex_diverse/1P2Y_NCT/full_base_c1_s20_n1/run_status.json,,,,,ok
results/posebench_702_predictions/protenix_gpu/astex_diverse/1P62_GEO/full_base_c1_s20_n1/output/1P62_GEO/seed_101/predictions/1P62_GEO_seed_101_summary_confidence_sample_0.json,astex_diverse,5,results/posebench_702_predictions/protenix_gpu/astex_diverse/1P62_GEO/full_base_c1_s20_n1/inputs/1P62_GEO.json,external/PoseBench/data/astex_diverse_set/1P62_GEO/1P62_GEO_ligand.sdf,18.0,Nc1ccn([C@@H]2O[C@H](CO)[C@@H](O)C2(F)F)c(=O)n1,229.0,concat:229,protenix_base_default_v0.5.0,1P62_GEO,1.0,18.0,results/posebench_702_predictions/protenix_gpu/astex_diverse/1P62_GEO/full_base_c1_s20_n1,,10.0,0.0,18.0,results/posebench_702_predictions/protenix_gpu/astex_diverse/1P62_GEO/full_base_c1_s20_n1/output/1P62_GEO/seed_101/predictions/1P62_GEO_seed_101_sample_0.cif,B:229,external/PoseBench/data/astex_diverse_set/1P62_GEO/1P62_GEO_protein.pdb,0.19062940776348114,31.192440032958984,0.18581460416316986,0.18966645002365112,18.110603632238586,0.0,69.325,ok,full_base_c1_s20_n1,,False,12.39068376545657,False,results/posebench_702_predictions/protenix_gpu/astex_diverse/1P62_GEO/full_base_c1_s20_n1/run_status.json,,,,,ok
results/posebench_702_predictions/protenix_gpu/astex_diverse/1PMN_984/full_base_c1_s20_n1/output/1PMN_984/seed_101/predictions/1PMN_984_seed_101_summary_confidence_sample_0.json,astex_diverse,4,results/posebench_702_predictions/protenix_gpu/astex_diverse/1PMN_984/full_base_c1_s20_n1/inputs/1PMN_984.json,external/PoseBench/data/astex_diverse_set/1PMN_984/1PMN_984_ligand.sdf,33.0,CCCn1c(C2CCN(C)CC2)nc(-c2ccc(Cl)c(Cl)c2)c1-c1ccnc(NC2CC2)n1,344.0,A:344,protenix_base_default_v0.5.0,1PMN_984,1.0,33.0,results/posebench_702_predictions/protenix_gpu/astex_diverse/1PMN_984/full_base_c1_s20_n1,12.650163497182788,10.0,72.0,33.0,results/posebench_702_predictions/protenix_gpu/astex_diverse/1PMN_984/full_base_c1_s20_n1/output/1PMN_984/seed_101/predictions/1PMN_984_seed_101_sample_0.cif,A:344,external/PoseBench/data/astex_diverse_set/1PMN_984/1PMN_984_protein.pdb,0.2113557755947113,31.7132625579834,0.18263794481754303,0.2056122124195099,23.118067090143825,0.0,71.27,ok,full_base_c1_s20_n1,11.105349165233283,False,7.17978827759326,False,results/posebench_702_predictions/protenix_gpu/astex_diverse/1PMN_984/full_base_c1_s20_n1/run_status.json,,,,,ok
results/posebench_702_predictions/protenix_gpu/astex_diverse/1Q1G_MTI/full_base_c1_s20_n1/output/1Q1G_MTI/seed_101/predictions/1Q1G_MTI_seed_101_summary_confidence_sample_0.json,astex_diverse,7,results/posebench_702_predictions/protenix_gpu/astex_diverse/1Q1G_MTI/full_base_c1_s20_n1/inputs/1Q1G_MTI.json,external/PoseBench/data/astex_diverse_set/1Q1G_MTI/1Q1G_MTI_ligand.sdf,20.0,CSC[C@H]1[NH2+][C@@H](c2c[nH]c3c(=O)[nH]cnc23)[C@H](O)[C@@H]1O,1458.0,"A:243,B:243,C:243,D:243,E:243,F:243",protenix_base_default_v0.5.0,1Q1G_MTI,6.0,20.0,results/posebench_702_predictions/protenix_gpu/astex_diverse/1Q1G_MTI/full_base_c1_s20_n1,15.780913654661816,10.0,77.0,20.0,results/posebench_702_predictions/protenix_gpu/astex_diverse/1Q1G_MTI/full_base_c1_s20_n1/output/1Q1G_MTI/seed_101/predictions/1Q1G_MTI_seed_101_sample_0.cif,A:243;B:243;C:243;D:243;E:243;F:243,external/PoseBench/data/astex_diverse_set/1Q1G_MTI/1Q1G_MTI_protein.pdb,0.17004142701625824,31.953889846801758,0.20485658943653107,0.17700447142124176,30.021692882206672,0.0,130.895,ok,full_base_c1_s20_n1,9.841958910006245,False,20.032956271651262,False,results/posebench_702_predictions/protenix_gpu/astex_diverse/1Q1G_MTI/full_base_c1_s20_n1/run_status.json,,,,,ok
results/posebench_702_predictions/protenix_gpu/astex_diverse/1Q41_IXM/full_base_c1_s20_n1/output/1Q41_IXM/seed_101/predictions/1Q41_IXM_seed_101_summary_confidence_sample_0.json,astex_diverse,6,results/posebench_702_predictions/protenix_gpu/astex_diverse/1Q41_IXM/full_base_c1_s20_n1/inputs/1Q41_IXM.json,external/PoseBench/data/astex_diverse_set/1Q41_IXM/1Q41_IXM_ligand.sdf,21.0,O=C1Nc2ccccc2/C1=C1/Nc2ccccc2/C1=N\O,682.0,"A:339,B:343",protenix_base_default_v0.5.0,1Q41_IXM,2.0,21.0,results/posebench_702_predictions/protenix_gpu/astex_diverse/1Q41_IXM/full_base_c1_s20_n1,13.646235439600835,10.0,58.0,21.0,results/posebench_702_predictions/protenix_gpu/astex_diverse/1Q41_IXM/full_base_c1_s20_n1/output/1Q41_IXM/seed_101/predictions/1Q41_IXM_seed_101_sample_0.cif,A:339;B:343,external/PoseBench/data/astex_diverse_set/1Q41_IXM/1Q41_IXM_protein.pdb,0.13946209847927094,32.49856185913086,0.19854512810707092,0.15127870440483093,23.881706740396563,0.0,83.584,ok,full_base_c1_s20_n1,5.396993024197705,False,15.061837331489262,False,results/posebench_702_predictions/protenix_gpu/astex_diverse/1Q41_IXM/full_base_c1_s20_n1/run_status.json,,,,,ok
results/posebench_702_predictions/protenix_gpu/astex_diverse/1Q4G_BFL/full_base_c1_s20_n1/output/1Q4G_BFL/seed_101/predictions/1Q4G_BFL_seed_101_summary_confidence_sample_0.json,astex_diverse,5,results/posebench_702_predictions/protenix_gpu/astex_diverse/1Q4G_BFL/full_base_c1_s20_n1/inputs/1Q4G_BFL.json,external/PoseBench/data/astex_diverse_set/1Q4G_BFL/1Q4G_BFL_ligand.sdf,17.0,C[C@H](C(=O)O)c1ccc(-c2ccccc2)cc1,1106.0,"A:553,B:553",protenix_base_default_v0.5.0,1Q4G_BFL,2.0,17.0,results/posebench_702_predictions/protenix_gpu/astex_diverse/1Q4G_BFL/full_base_c1_s20_n1,13.444302082232804,10.0,71.0,17.0,results/posebench_702_predictions/protenix_gpu/astex_diverse/1Q4G_BFL/full_base_c1_s20_n1/output/1Q4G_BFL/seed_101/predictions/1Q4G_BFL_seed_101_sample_0.cif,A:553;B:553,external/PoseBench/data/astex_diverse_set/1Q4G_BFL/1Q4G_BFL_protein.pdb,0.15330997109413147,32.17885971069336,0.19123423099517822,0.16089482605457306,27.6943247632979,0.0,111.927,ok,full_base_c1_s20_n1,18.899935540604627,False,23.84896473262154,False,results/posebench_702_predictions/protenix_gpu/astex_diverse/1Q4G_BFL/full_base_c1_s20_n1/run_status.json,,,,,ok
results/posebench_702_predictions/protenix_gpu/astex_diverse/1R1H_BIR/full_base_c1_s20_n1/output/1R1H_BIR/seed_101/predictions/1R1H_BIR_seed_101_summary_confidence_sample_0.json,astex_diverse,4,results/posebench_702_predictions/protenix_gpu/astex_diverse/1R1H_BIR/full_base_c1_s20_n1/inputs/1R1H_BIR.json,external/PoseBench/data/astex_diverse_set/1R1H_BIR/1R1H_BIR_ligand.sdf,29.0,C[C@H](NC(=O)[C@H](Cc1ccc(-c2ccccc2)cc1)C[P@](=O)(O)[C@H](C)N)C(=O)O,696.0,A:696,protenix_base_default_v0.5.0,1R1H_BIR,1.0,29.0,results/posebench_702_predictions/protenix_gpu/astex_diverse/1R1H_BIR/full_base_c1_s20_n1,14.103214765862036,10.0,90.0,29.0,results/posebench_702_predictions/protenix_gpu/astex_diverse/1R1H_BIR/full_base_c1_s20_n1/output/1R1H_BIR/seed_101/predictions/1R1H_BIR_seed_101_sample_0.cif,A:696,external/PoseBench/data/astex_diverse_set/1R1H_BIR/1R1H_BIR_protein.pdb,0.2145872414112091,32.81159210205078,0.1966215819120407,0.21099410951137543,24.13864366078363,0.0,99.697,ok,full_base_c1_s20_n1,15.583109988803557,False,16.22723836327965,False,results/posebench_702_predictions/protenix_gpu/astex_diverse/1R1H_BIR/full_base_c1_s20_n1/run_status.json,,,,,ok
results/posebench_702_predictions/protenix_gpu/astex_diverse/1R55_097/full_base_c1_s20_n1/output/1R55_097/seed_101/predictions/1R55_097_seed_101_summary_confidence_sample_0.json,astex_diverse,7,results/posebench_702_predictions/protenix_gpu/astex_diverse/1R55_097/full_base_c1_s20_n1/inputs/1R55_097.json,external/PoseBench/data/astex_diverse_set/1R55_097/1R55_097_ligand.sdf,23.0,CNC(=O)[C@@H](NC(=O)[C@H](CC(C)C)[C@H](O)C(=O)NO)C(C)(C)C,203.0,A:203,protenix_base_default_v0.5.0,1R55_097,1.0,23.0,results/posebench_702_predictions/protenix_gpu/astex_diverse/1R55_097/full_base_c1_s20_n1,13.293153009101678,10.0,53.0,23.0,results/posebench_702_predictions/protenix_gpu/astex_diverse/1R55_097/full_base_c1_s20_n1/output/1R55_097/seed_101/predictions/1R55_097_seed_101_sample_0.cif,A:203,external/PoseBench/data/astex_diverse_set/1R55_097/1R55_097_protein.pdb,0.16053105890750885,32.82034683227539,0.20190618932247162,0.16880609095096588,17.825113354511195,0.0,89.377,ok,full_base_c1_s20_n1,16.16756244240032,False,22.060745438173477,False,results/posebench_702_predictions/protenix_gpu/astex_diverse/1R55_097/full_base_c1_s20_n1/run_status.json,,,,,ok
results/posebench_702_predictions/protenix_gpu/astex_diverse/1R58_AO5/full_base_c1_s20_n1/output/1R58_AO5/seed_101/predictions/1R58_AO5_seed_101_summary_confidence_sample_0.json,astex_diverse,6,results/posebench_702_predictions/protenix_gpu/astex_diverse/1R58_AO5/full_base_c1_s20_n1/inputs/1R58_AO5.json,external/PoseBench/data/astex_diverse_set/1R58_AO5/1R58_AO5_ligand.sdf,23.0,CC(C)SCC[C@@H](N)[C@H](O)C(=O)NNC(=O)c1cccc(Cl)c1,369.0,A:369,protenix_base_default_v0.5.0,1R58_AO5,1.0,23.0,results/posebench_702_predictions/protenix_gpu/astex_diverse/1R58_AO5/full_base_c1_s20_n1,12.718121579407953,10.0,77.0,23.0,results/posebench_702_predictions/protenix_gpu/astex_diverse/1R58_AO5/full_base_c1_s20_n1/output/1R58_AO5/seed_101/predictions/1R58_AO5_seed_101_sample_0.cif,A:369,external/PoseBench/data/astex_diverse_set/1R58_AO5/1R58_AO5_protein.pdb,0.18399271368980408,32.7140998840332,0.22540365159511566,0.19227491319179535,19.54712195748881,0.0,101.195,ok,full_base_c1_s20_n1,13.012242302422582,False,10.934162933005615,False,results/posebench_702_predictions/protenix_gpu/astex_diverse/1R58_AO5/full_base_c1_s20_n1/run_status.json,,,,,ok
results/posebench_702_predictions/protenix_gpu/astex_diverse/1R9O_FLP/full_base_c1_s20_n1/output/1R9O_FLP/seed_101/predictions/1R9O_FLP_seed_101_summary_confidence_sample_0.json,astex_diverse,5,results/posebench_702_predictions/protenix_gpu/astex_diverse/1R9O_FLP/full_base_c1_s20_n1/inputs/1R9O_FLP.json,external/PoseBench/data/astex_diverse_set/1R9O_FLP/1R9O_FLP_ligand.sdf,18.0,C[C@H](C(=O)O)c1ccc(-c2ccccc2)c(F)c1,455.0,A:455,protenix_base_default_v0.5.0,1R9O_FLP,1.0,18.0,results/posebench_702_predictions/protenix_gpu/astex_diverse/1R9O_FLP/full_base_c1_s20_n1,18.633773337189016,10.0,75.0,18.0,results/posebench_702_predictions/protenix_gpu/astex_diverse/1R9O_FLP/full_base_c1_s20_n1/output/1R9O_FLP/seed_101/predictions/1R9O_FLP_seed_101_sample_0.cif,A:455,external/PoseBench/data/astex_diverse_set/1R9O_FLP/1R9O_FLP_protein.pdb,0.26536619663238525,33.57761764526367,0.19489219784736633,0.25127139687538147,23.478291606199356,0.0,97.18,ok,full_base_c1_s20_n1,8.987014866250266,False,15.055390044865808,False,results/posebench_702_predictions/protenix_gpu/astex_diverse/1R9O_FLP/full_base_c1_s20_n1/run_status.json,,,,,ok
results/posebench_702_predictions/protenix_gpu/astex_diverse/1S19_MC9/full_base_c1_s20_n1/output/1S19_MC9/seed_101/predictions/1S19_MC9_seed_101_summary_confidence_sample_0.json,astex_diverse,4,results/posebench_702_predictions/protenix_gpu/astex_diverse/1S19_MC9/full_base_c1_s20_n1/inputs/1S19_MC9.json,external/PoseBench/data/astex_diverse_set/1S19_MC9/1S19_MC9_ligand.sdf,30.0,C=C1/C(=C\C=C2/CCC[C@]3(C)[C@@H]([C@H](C)/C=C/[C@@H](O)C4CC4)CC[C@@H]23)C[C@@H](O)C[C@@H]1O,253.0,A:253,protenix_base_default_v0.5.0,1S19_MC9,1.0,30.0,results/posebench_702_predictions/protenix_gpu/astex_diverse/1S19_MC9/full_base_c1_s20_n1,14.059376201830224,10.0,101.0,30.0,results/posebench_702_predictions/protenix_gpu/astex_diverse/1S19_MC9/full_base_c1_s20_n1/output/1S19_MC9/seed_101/predictions/1S19_MC9_seed_101_sample_0.cif,A:253,external/PoseBench/data/astex_diverse_set/1S19_MC9/1S19_MC9_protein.pdb,0.19768132269382477,36.91243362426758,0.2179999053478241,0.20174503326416016,17.56597780325922,0.0,78.767,ok,full_base_c1_s20_n1,9.17471774679694,False,8.35702980688611,False,results/posebench_702_predictions/protenix_gpu/astex_diverse/1S19_MC9/full_base_c1_s20_n1/run_status.json,,,,,ok
results/posebench_702_predictions/protenix_gpu/astex_diverse/1S3V_TQD/full_base_c1_s20_n1/output/1S3V_TQD/seed_101/predictions/1S3V_TQD_seed_101_summary_confidence_sample_0.json,astex_diverse,7,results/posebench_702_predictions/protenix_gpu/astex_diverse/1S3V_TQD/full_base_c1_s20_n1/inputs/1S3V_TQD.json,external/PoseBench/data/astex_diverse_set/1S3V_TQD/1S3V_TQD_ligand.sdf,27.0,COc1cc(N(C)C[C@@H]2CCC3=C(C2)C(N)=N[C@@H](N)N3)cc(OC)c1OC,186.0,A:186,protenix_base_default_v0.5.0,1S3V_TQD,1.0,27.0,results/posebench_702_predictions/protenix_gpu/astex_diverse/1S3V_TQD/full_base_c1_s20_n1,11.711225502862879,10.0,72.0,27.0,results/posebench_702_predictions/protenix_gpu/astex_diverse/1S3V_TQD/full_base_c1_s20_n1/output/1S3V_TQD/seed_101/predictions/1S3V_TQD_seed_101_sample_0.cif,A:186,external/PoseBench/data/astex_diverse_set/1S3V_TQD/1S3V_TQD_protein.pdb,0.26100534200668335,35.4461784362793,0.2833765149116516,0.26547959446907043,13.270533357444396,0.0,85.966,ok,full_base_c1_s20_n1,6.006803409946643,False,6.852250132354267,False,results/posebench_702_predictions/protenix_gpu/astex_diverse/1S3V_TQD/full_base_c1_s20_n1/run_status.json,,,,,ok
results/posebench_702_predictions/protenix_gpu/astex_diverse/1SG0_STL/full_base_c1_s20_n1/output/1SG0_STL/seed_101/predictions/1SG0_STL_seed_101_summary_confidence_sample_0.json,astex_diverse,6,results/posebench_702_predictions/protenix_gpu/astex_diverse/1SG0_STL/full_base_c1_s20_n1/inputs/1SG0_STL.json,external/PoseBench/data/astex_diverse_set/1SG0_STL/1SG0_STL_ligand.sdf,17.0,Oc1ccc(/C=C/c2cc(O)cc(O)c2)cc1,460.0,"A:230,B:230",protenix_base_default_v0.5.0,1SG0_STL,2.0,17.0,results/posebench_702_predictions/protenix_gpu/astex_diverse/1SG0_STL/full_base_c1_s20_n1,12.158466328940687,10.0,73.0,17.0,results/posebench_702_predictions/protenix_gpu/astex_diverse/1SG0_STL/full_base_c1_s20_n1/output/1SG0_STL/seed_101/predictions/1SG0_STL_seed_101_sample_0.cif,A:230;B:230,external/PoseBench/data/astex_diverse_set/1SG0_STL/1SG0_STL_protein.pdb,0.1308310180902481,38.431270599365234,0.29541078209877014,0.16374698281288147,18.37211548907195,0.0,74.844,ok,full_base_c1_s20_n1,6.678183184839048,False,14.325200334496056,False,results/posebench_702_predictions/protenix_gpu/astex_diverse/1SG0_STL/full_base_c1_s20_n1/run_status.json,,,,,ok
results/posebench_702_predictions/protenix_gpu/astex_diverse/1SJ0_E4D/full_base_c1_s20_n1/output/1SJ0_E4D/seed_101/predictions/1SJ0_E4D_seed_101_summary_confidence_sample_0.json,astex_diverse,5,results/posebench_702_predictions/protenix_gpu/astex_diverse/1SJ0_E4D/full_base_c1_s20_n1/inputs/1SJ0_E4D.json,external/PoseBench/data/astex_diverse_set/1SJ0_E4D/1SJ0_E4D_ligand.sdf,33.0,Oc1ccc([C@H]2Sc3cc(O)ccc3O[C@H]2c2ccc(OCCN3CCCCC3)cc2)cc1,243.0,A:243,protenix_base_default_v0.5.0,1SJ0_E4D,1.0,33.0,results/posebench_702_predictions/protenix_gpu/astex_diverse/1SJ0_E4D/full_base_c1_s20_n1,10.601745139668704,10.0,84.0,33.0,results/posebench_702_predictions/protenix_gpu/astex_diverse/1SJ0_E4D/full_base_c1_s20_n1/output/1SJ0_E4D/seed_101/predictions/1SJ0_E4D_seed_101_sample_0.cif,A:243,external/PoseBench/data/astex_diverse_set/1SJ0_E4D/1SJ0_E4D_protein.pdb,0.36220502853393555,44.369388580322266,0.36119329929351807,0.3620026707649231,19.582293677473274,0.0,85.449,ok,full_base_c1_s20_n1,17.461268255352877,False,22.930811868272258,False,results/posebench_702_predictions/protenix_gpu/astex_diverse/1SJ0_E4D/full_base_c1_s20_n1/run_status.json,,,,,ok
results/posebench_702_predictions/protenix_gpu/astex_diverse/1SQ5_PAU/full_base_c1_s20_n1/output/1SQ5_PAU/seed_101/predictions/1SQ5_PAU_seed_101_summary_confidence_sample_0.json,astex_diverse,4,results/posebench_702_predictions/protenix_gpu/astex_diverse/1SQ5_PAU/full_base_c1_s20_n1/inputs/1SQ5_PAU.json,external/PoseBench/data/astex_diverse_set/1SQ5_PAU/1SQ5_PAU_ligand.sdf,15.0,CC(C)(CO)[C@@H](O)C(=O)NCCC(=O)O,1206.0,"A:302,B:302,C:298,D:304",protenix_base_default_v0.5.0,1SQ5_PAU,4.0,15.0,results/posebench_702_predictions/protenix_gpu/astex_diverse/1SQ5_PAU/full_base_c1_s20_n1,13.676044128915724,10.0,66.0,15.0,results/posebench_702_predictions/protenix_gpu/astex_diverse/1SQ5_PAU/full_base_c1_s20_n1/output/1SQ5_PAU/seed_101/predictions/1SQ5_PAU_seed_101_sample_0.cif,A:302;B:302;C:298;D:304,external/PoseBench/data/astex_diverse_set/1SQ5_PAU/1SQ5_PAU_protein.pdb,0.1614661067724228,33.81917953491211,0.21952570974826813,0.1730780303478241,35.58343319754487,0.0,122.112,ok,full_base_c1_s20_n1,11.853196289204282,False,11.098244328068127,False,results/posebench_702_predictions/protenix_gpu/astex_diverse/1SQ5_PAU/full_base_c1_s20_n1/run_status.json,,,,,ok
results/posebench_702_predictions/protenix_gpu/astex_diverse/1SQN_NDR/full_base_c1_s20_n1/output/1SQN_NDR/seed_101/predictions/1SQN_NDR_seed_101_summary_confidence_sample_0.json,astex_diverse,7,results/posebench_702_predictions/protenix_gpu/astex_diverse/1SQN_NDR/full_base_c1_s20_n1/inputs/1SQN_NDR.json,external/PoseBench/data/astex_diverse_set/1SQN_NDR/1SQN_NDR_ligand.sdf,22.0,C#C[C@]1(O)CC[C@H]2[C@@H]3CCC4=CC(=O)CC[C@@H]4[C@H]3CC[C@@]21C,498.0,"A:248,B:250",protenix_base_default_v0.5.0,1SQN_NDR,2.0,22.0,results/posebench_702_predictions/protenix_gpu/astex_diverse/1SQN_NDR/full_base_c1_s20_n1,14.200813976650027,10.0,79.0,22.0,results/posebench_702_predictions/protenix_gpu/astex_diverse/1SQN_NDR/full_base_c1_s20_n1/output/1SQN_NDR/seed_101/predictions/1SQN_NDR_seed_101_sample_0.cif,A:248;B:250,external/PoseBench/data/astex_diverse_set/1SQN_NDR/1SQN_NDR_protein.pdb,0.11956945061683655,47.9468994140625,0.3125555217266083,0.15816667675971985,21.987757110854727,0.0,86.07,ok,full_base_c1_s20_n1,10.855717573022426,False,17.084474266156487,False,results/posebench_702_predictions/protenix_gpu/astex_diverse/1SQN_NDR/full_base_c1_s20_n1/run_status.json,,,,,ok
results/posebench_702_predictions/protenix_gpu/astex_diverse/1T40_ID5/full_base_c1_s20_n1/output/1T40_ID5/seed_101/predictions/1T40_ID5_seed_101_summary_confidence_sample_0.json,astex_diverse,6,results/posebench_702_predictions/protenix_gpu/astex_diverse/1T40_ID5/full_base_c1_s20_n1/inputs/1T40_ID5.json,external/PoseBench/data/astex_diverse_set/1T40_ID5/1T40_ID5_ligand.sdf,28.0,O=C(O)COc1cc(F)ccc1C(=O)NCc1nc2c(F)c(F)cc(F)c2s1,316.0,A:316,protenix_base_default_v0.5.0,1T40_ID5,1.0,28.0,results/posebench_702_predictions/protenix_gpu/astex_diverse/1T40_ID5/full_base_c1_s20_n1,14.84402328902015,10.0,68.0,28.0,results/posebench_702_predictions/protenix_gpu/astex_diverse/1T40_ID5/full_base_c1_s20_n1/output/1T40_ID5/seed_101/predictions/1T40_ID5_seed_101_sample_0.cif,A:316,external/PoseBench/data/astex_diverse_set/1T40_ID5/1T40_ID5_protein.pdb,0.27665644884109497,30.542129516601562,0.19773869216442108,0.26087290048599243,20.03580077726096,0.0,89.231,ok,full_base_c1_s20_n1,8.208101613715487,False,19.445106510969854,False,results/posebench_702_predictions/protenix_gpu/astex_diverse/1T40_ID5/full_base_c1_s20_n1/run_status.json,,,,,ok
results/posebench_702_predictions/protenix_gpu/astex_diverse/1T46_STI/full_base_c1_s20_n1/output/1T46_STI/seed_101/predictions/1T46_STI_seed_101_summary_confidence_sample_0.json,astex_diverse,5,results/posebench_702_predictions/protenix_gpu/astex_diverse/1T46_STI/full_base_c1_s20_n1/inputs/1T46_STI.json,external/PoseBench/data/astex_diverse_set/1T46_STI/1T46_STI_ligand.sdf,37.0,Cc1ccc(NC(=O)c2ccc(CN3CCN(C)CC3)cc2)cc1Nc1nccc(-c2cccnc2)n1,297.0,A:297,protenix_base_default_v0.5.0,1T46_STI,1.0,37.0,results/posebench_702_predictions/protenix_gpu/astex_diverse/1T46_STI/full_base_c1_s20_n1,14.383407271883216,10.0,96.0,37.0,results/posebench_702_predictions/protenix_gpu/astex_diverse/1T46_STI/full_base_c1_s20_n1/output/1T46_STI/seed_101/predictions/1T46_STI_seed_101_sample_0.cif,A:297,external/PoseBench/data/astex_diverse_set/1T46_STI/1T46_STI_protein.pdb,0.18755069375038147,31.958415985107422,0.19872397184371948,0.18978534638881683,18.669994151249856,0.0,74.806,ok,full_base_c1_s20_n1,17.417447088851297,False,17.83800410465119,False,results/posebench_702_predictions/protenix_gpu/astex_diverse/1T46_STI/full_base_c1_s20_n1/run_status.json,,,,,ok
results/posebench_702_predictions/protenix_gpu/astex_diverse/1T9B_1CS/full_base_c1_s20_n1/output/1T9B_1CS/seed_101/predictions/1T9B_1CS_seed_101_summary_confidence_sample_0.json,astex_diverse,4,results/posebench_702_predictions/protenix_gpu/astex_diverse/1T9B_1CS/full_base_c1_s20_n1/inputs/1T9B_1CS.json,external/PoseBench/data/astex_diverse_set/1T9B_1CS/1T9B_1CS_ligand.sdf,23.0,COc1nc(C)nc(NC(=O)NS(=O)(=O)c2ccccc2Cl)n1,1178.0,"A:583,B:595",protenix_base_default_v0.5.0,1T9B_1CS,2.0,23.0,results/posebench_702_predictions/protenix_gpu/astex_diverse/1T9B_1CS/full_base_c1_s20_n1,13.137558410918645,10.0,77.0,23.0,results/posebench_702_predictions/protenix_gpu/astex_diverse/1T9B_1CS/full_base_c1_s20_n1/output/1T9B_1CS/seed_101/predictions/1T9B_1CS_seed_101_sample_0.cif,A:583;B:595,external/PoseBench/data/astex_diverse_set/1T9B_1CS/1T9B_1CS_protein.pdb,0.16727204620838165,32.67680740356445,0.20176060497760773,0.17416976392269135,23.230813274134956,0.0,123.783,ok,full_base_c1_s20_n1,9.656778078735462,False,24.357104724447908,False,results/posebench_702_predictions/protenix_gpu/astex_diverse/1T9B_1CS/full_base_c1_s20_n1/run_status.json,,,,,ok
results/posebench_702_predictions/protenix_gpu/astex_diverse/1TOW_CRZ/full_base_c1_s20_n1/output/1TOW_CRZ/seed_101/predictions/1TOW_CRZ_seed_101_summary_confidence_sample_0.json,astex_diverse,7,results/posebench_702_predictions/protenix_gpu/astex_diverse/1TOW_CRZ/full_base_c1_s20_n1/inputs/1TOW_CRZ.json,external/PoseBench/data/astex_diverse_set/1TOW_CRZ/1TOW_CRZ_ligand.sdf,19.0,O=C(O)CCCn1c2ccccc2c2ccccc21,131.0,A:131,protenix_base_default_v0.5.0,1TOW_CRZ,1.0,19.0,results/posebench_702_predictions/protenix_gpu/astex_diverse/1TOW_CRZ/full_base_c1_s20_n1,12.677189155520665,10.0,73.0,19.0,results/posebench_702_predictions/protenix_gpu/astex_diverse/1TOW_CRZ/full_base_c1_s20_n1/output/1TOW_CRZ/seed_101/predictions/1TOW_CRZ_seed_101_sample_0.cif,A:131,external/PoseBench/data/astex_diverse_set/1TOW_CRZ/1TOW_CRZ_protein.pdb,0.3634428083896637,42.29505157470703,0.3389251232147217,0.35853928327560425,14.758481753755662,0.0,75.185,ok,full_base_c1_s20_n1,4.359765156184404,False,5.528556758124726,False,results/posebench_702_predictions/protenix_gpu/astex_diverse/1TOW_CRZ/full_base_c1_s20_n1/run_status.json,,,,,ok
results/posebench_702_predictions/protenix_gpu/astex_diverse/1TT1_KAI/full_base_c1_s20_n1/output/1TT1_KAI/seed_101/predictions/1TT1_KAI_seed_101_summary_confidence_sample_0.json,astex_diverse,6,results/posebench_702_predictions/protenix_gpu/astex_diverse/1TT1_KAI/full_base_c1_s20_n1/inputs/1TT1_KAI.json,external/PoseBench/data/astex_diverse_set/1TT1_KAI/1TT1_KAI_ligand.sdf,15.0,C=C(C)[C@H]1CN[C@H](C(=O)O)[C@H]1CC(=O)O,502.0,"A:251,B:251",protenix_base_default_v0.5.0,1TT1_KAI,2.0,15.0,results/posebench_702_predictions/protenix_gpu/astex_diverse/1TT1_KAI/full_base_c1_s20_n1,14.514780179645484,10.0,70.0,15.0,results/posebench_702_predictions/protenix_gpu/astex_diverse/1TT1_KAI/full_base_c1_s20_n1/output/1TT1_KAI/seed_101/predictions/1TT1_KAI_seed_101_sample_0.cif,A:251;B:251,external/PoseBench/data/astex_diverse_set/1TT1_KAI/1TT1_KAI_protein.pdb,0.11472577601671219,28.705995559692383,0.1719040721654892,0.12616144120693207,24.680067785529122,0.0,80.932,ok,full_base_c1_s20_n1,14.794253883205982,False,18.993793047091092,False,results/posebench_702_predictions/protenix_gpu/astex_diverse/1TT1_KAI/full_base_c1_s20_n1/run_status.json,,,,,ok
results/posebench_702_predictions/protenix_gpu/astex_diverse/1TZ8_DES/full_base_c1_s20_n1/output/1TZ8_DES/seed_101/predictions/1TZ8_DES_seed_101_summary_confidence_sample_0.json,astex_diverse,5,results/posebench_702_predictions/protenix_gpu/astex_diverse/1TZ8_DES/full_base_c1_s20_n1/inputs/1TZ8_DES.json,external/PoseBench/data/astex_diverse_set/1TZ8_DES/1TZ8_DES_ligand.sdf,20.0,CC/C(=C(/CC)c1ccc(O)cc1)c1ccc(O)cc1,461.0,"A:115,B:115,C:116,D:115",protenix_base_default_v0.5.0,1TZ8_DES,4.0,20.0,results/posebench_702_predictions/protenix_gpu/astex_diverse/1TZ8_DES/full_base_c1_s20_n1,10.812998759494116,10.0,61.0,20.0,results/posebench_702_predictions/protenix_gpu/astex_diverse/1TZ8_DES/full_base_c1_s20_n1/output/1TZ8_DES/seed_101/predictions/1TZ8_DES_seed_101_sample_0.cif,A:115;B:115;C:116;D:115,external/PoseBench/data/astex_diverse_set/1TZ8_DES/1TZ8_DES_protein.pdb,0.15407657623291016,38.199832916259766,0.21883682906627655,0.16702863574028015,23.339997651357052,0.0,81.058,ok,full_base_c1_s20_n1,12.514253858452776,False,23.5282605586727,False,results/posebench_702_predictions/protenix_gpu/astex_diverse/1TZ8_DES/full_base_c1_s20_n1/run_status.json,,,,,ok
,astex_diverse,6,results/posebench_702_predictions/protenix_gpu/astex_diverse/1U1C_BAU/full_base_c1_s20_n1/inputs/1U1C_BAU.json,external/PoseBench/data/astex_diverse_set/1U1C_BAU/1U1C_BAU_ligand.sdf,20.0,O=c1[nH]c(=O)n(COCCO)cc1Cc1ccccc1,,,protenix_base_default_v0.5.0,1U1C_BAU,6.0,,results/posebench_702_predictions/protenix_gpu/astex_diverse/1U1C_BAU/full_base_c1_s20_n1,,,,,,A:253;B:251;C:250;D:242;E:251;F:250,external/PoseBench/data/astex_diverse_set/1U1C_BAU/1U1C_BAU_protein.pdb,,,,,,0.0,122.863,failed_no_prediction_cif,full_base_c1_s20_n1,,,,,results/posebench_702_predictions/protenix_gpu/astex_diverse/1U1C_BAU/full_base_c1_s20_n1/run_status.json,"x/lib/python3.10/site-packages/runner/inference.py"", line 312, in infer_predict
    prediction = runner.predict(data)
  File ""<REMOTE_PROJECT_ROOT>/envs/protenix/lib/python3.10/site-packages/torch/utils/_contextlib.py"", line 115, in decorate_context
    return func(*args, **kwargs)
  File ""<REMOTE_PROJECT_ROOT>/envs/protenix/lib/python3.10/site-packages/runner/inference.py"", line 152, in predict
    prediction, _, _ = self.model(
  File ""<REMOTE_PROJECT_ROOT>/envs/protenix/lib/python3.10/site-packages/torch/nn/modules/module.py"", line 1532, in _wrapped_call_impl
    return self._call_impl(*args, **kwargs)
  File ""<REMOTE_PROJECT_ROOT>/envs/protenix/lib/python3.10/site-packages/torch/nn/modules/module.py"", line 1541, in _call_impl
    return forward_call(*args, **kwargs)
  File ""<REMOTE_PROJECT_ROOT>/envs/protenix/lib/python3.10/site-packages/protenix/model/protenix.py"", line 722, in forward
    pred_dict, log_dict, time_tracker = self.main_inference_loop(
  File ""<REMOTE_PROJECT_ROOT>/envs/protenix/lib/python3.10/site-packages/protenix/model/protenix.py"", line 338, in main_inference_loop
    pred_dict, log_dict, time_tracker = self._main_inference_loop(
  File ""<REMOTE_PROJECT_ROOT>/envs/protenix/lib/python3.10/site-packages/protenix/model/protenix.py"", line 460, in _main_inference_loop
    ) = self.run_confidence_head(
  File ""<REMOTE_PROJECT_ROOT>/envs/protenix/lib/python3.10/site-packages/protenix/model/protenix.py"", line 303, in run_confidence_head
    return autocasting_disable_decorator(self.configs.skip_amp.confidence_head)(
  File ""<REMOTE_PROJECT_ROOT>/envs/protenix/lib/python3.10/site-packages/protenix/utils/torch_utils.py"", line 219, in new_func
    return func(
  File ""<REMOTE_PROJECT_ROOT>/envs/protenix/lib/python3.10/site-packages/torch/nn/modules/module.py"", line 1532, in _wrapped_call_impl
    return self._call_impl(*args, **kwargs)
  File ""<REMOTE_PROJECT_ROOT>/envs/protenix/lib/python3.10/site-packages/torch/nn/modules/module.py"", line 1541, in _call_impl
    return forward_call(*args, **kwargs)
  File ""<REMOTE_PROJECT_ROOT>/envs/protenix/lib/python3.10/site-packages/protenix/model/modules/confidence.py"", line 211, in forward
    self.memory_efficient_forward(
  File ""<REMOTE_PROJECT_ROOT>/envs/protenix/lib/python3.10/site-packages/protenix/model/modules/confidence.py"", line 301, in memory_efficient_forward
    s_single, z_pair = self.pairformer_stack(
  File ""<REMOTE_PROJECT_ROOT>/envs/protenix/lib/python3.10/site-packages/torch/nn/modules/module.py"", line 1532, in _wrapped_call_impl
    return self._call_impl(*args, **kwargs)
  File ""<REMOTE_PROJECT_ROOT>/envs/protenix/lib/python3.10/site-packages/torch/nn/modules/module.py"", line 1541, in _call_impl
    return forward_call(*args, **kwargs)
  File ""<REMOTE_PROJECT_ROOT>/envs/protenix/lib/python3.10/site-packages/protenix/model/modules/pairformer.py"", line 309, in forward
    s, z = checkpoint_blocks(
  File ""<REMOTE_PROJECT_ROOT>/envs/protenix/lib/python3.10/site-packages/protenix/openfold_local/utils/checkpointing.py"", line 86, in checkpoint_blocks
    return exec(blocks, args)
  File ""<REMOTE_PROJECT_ROOT>/envs/protenix/lib/python3.10/site-packages/protenix/openfold_local/utils/checkpointing.py"", line 73, in exec
    a = wrap(block(*a))
  File ""<REMOTE_PROJECT_ROOT>/envs/protenix/lib/python3.10/site-packages/torch/nn/modules/module.py"", line 1532, in _wrapped_call_impl
    return self._call_impl(*args, **kwargs)
  File ""<REMOTE_PROJECT_ROOT>/envs/protenix/lib/python3.10/site-packages/torch/nn/modules/module.py"", line 1541, in _call_impl
    return forward_call(*args, **kwargs)
  File ""<REMOTE_PROJECT_ROOT>/envs/protenix/lib/python3.10/site-packages/protenix/model/modules/pairformer.py"", line 154, in forward
    z += self.pair_transition(z)
  File ""<REMOTE_PROJECT_ROOT>/envs/protenix/lib/python3.10/site-packages/torch/nn/modules/module.py"", line 1532, in _wrapped_call_impl
    return self._call_impl(*args, **kwargs)
  File ""<REMOTE_PROJECT_ROOT>/envs/protenix/lib/python3.10/site-packages/torch/nn/modules/module.py"", line 1541, in _call_impl
    return forward_call(*args, **kwargs)
  File ""<REMOTE_PROJECT_ROOT>/envs/protenix/lib/python3.10/site-packages/protenix/model/modules/primitives.py"", line 219, in forward
    b = self.linear_no_bias_b(y)
  File ""<REMOTE_PROJECT_ROOT>/envs/protenix/lib/python3.10/site-packages/torch/nn/modules/module.py"", line 1532, in _wrapped_call_impl
    return self._call_impl(*args, **kwargs)
  File ""<REMOTE_PROJECT_ROOT>/envs/protenix/lib/python3.10/site-packages/torch/nn/modules/module.py"", line 1541, in _call_impl
    return forward_call(*args, **kwargs)
  File ""<REMOTE_PROJECT_ROOT>/envs/protenix/lib/python3.10/site-packages/protenix/model/modules/primitives.py"", line 94, in forward
    return F.linear(input, self.weight, self.bias)
torch.cuda.OutOfMemoryError: CUDA out of memory. Tried to allocate 4.39 GiB. GPU 


100%|██████████| 1/1 [01:01<00:00, 61.46s/it]
100%|██████████| 1/1 [01:01<00:00, 61.46s/it]
","Try to find the ccd cache data in the code directory for inference.
[2026-06-11 19:38:51,581] [INFO] [real_accelerator.py:219:get_accelerator] Setting ds_accelerator to cuda (auto detect)
train scheduler 16.0
inference scheduler 16.0
Diffusion Module has 16.0
",,,gpu_oom
results/posebench_702_predictions/protenix_gpu/astex_diverse/1U4D_DBQ/full_base_c1_s20_n1/output/1U4D_DBQ/seed_101/predictions/1U4D_DBQ_seed_101_summary_confidence_sample_0.json,astex_diverse,7,results/posebench_702_predictions/protenix_gpu/astex_diverse/1U4D_DBQ/full_base_c1_s20_n1/inputs/1U4D_DBQ.json,external/PoseBench/data/astex_diverse_set/1U4D_DBQ/1U4D_DBQ_ligand.sdf,18.0,NC1=N/C(=C2/CCNC(=O)c3[nH]ccc32)C(=O)N1,520.0,"A:258,B:262",protenix_base_default_v0.5.0,1U4D_DBQ,2.0,18.0,results/posebench_702_predictions/protenix_gpu/astex_diverse/1U4D_DBQ/full_base_c1_s20_n1,11.727903281673967,10.0,57.0,18.0,results/posebench_702_predictions/protenix_gpu/astex_diverse/1U4D_DBQ/full_base_c1_s20_n1/output/1U4D_DBQ/seed_101/predictions/1U4D_DBQ_seed_101_sample_0.cif,A:258;B:262,external/PoseBench/data/astex_diverse_set/1U4D_DBQ/1U4D_DBQ_protein.pdb,0.11362673342227936,32.04615020751953,0.1962132453918457,0.13014404475688934,20.9446520917796,0.0,85.639,ok,full_base_c1_s20_n1,21.85900667049866,False,23.02581470449501,False,results/posebench_702_predictions/protenix_gpu/astex_diverse/1U4D_DBQ/full_base_c1_s20_n1/run_status.json,,,,,ok
results/posebench_702_predictions/protenix_gpu/astex_diverse/1UML_FR4/full_base_c1_s20_n1/output/1UML_FR4/seed_101/predictions/1UML_FR4_seed_101_summary_confidence_sample_0.json,astex_diverse,6,results/posebench_702_predictions/protenix_gpu/astex_diverse/1UML_FR4/full_base_c1_s20_n1/inputs/1UML_FR4.json,external/PoseBench/data/astex_diverse_set/1UML_FR4/1UML_FR4_ligand.sdf,33.0,NC(=O)c1cn([C@@H](CO)CCn2ccc3ccc(NC(=O)CCc4ccccc4)cc32)cn1,349.0,A:349,protenix_base_default_v0.5.0,1UML_FR4,1.0,33.0,results/posebench_702_predictions/protenix_gpu/astex_diverse/1UML_FR4/full_base_c1_s20_n1,17.520489928671797,10.0,77.0,33.0,results/posebench_702_predictions/protenix_gpu/astex_diverse/1UML_FR4/full_base_c1_s20_n1/output/1UML_FR4/seed_101/predictions/1UML_FR4_seed_101_sample_0.cif,A:349,external/PoseBench/data/astex_diverse_set/1UML_FR4/1UML_FR4_protein.pdb,0.2936389446258545,34.07253646850586,0.224065899848938,0.2797243297100067,19.700875117219407,0.0,76.746,ok,full_base_c1_s20_n1,7.448104961881936,False,15.026678783557033,False,results/posebench_702_predictions/protenix_gpu/astex_diverse/1UML_FR4/full_base_c1_s20_n1/run_status.json,,,,,ok
results/posebench_702_predictions/protenix_gpu/astex_diverse/1UNL_RRC/full_base_c1_s20_n1/output/1UNL_RRC/seed_101/predictions/1UNL_RRC_seed_101_summary_confidence_sample_0.json,astex_diverse,5,results/posebench_702_predictions/protenix_gpu/astex_diverse/1UNL_RRC/full_base_c1_s20_n1/inputs/1UNL_RRC.json,external/PoseBench/data/astex_diverse_set/1UNL_RRC/1UNL_RRC_ligand.sdf,26.0,CC[C@H](CO)Nc1nc(NCc2ccccc2)c2ncn(C(C)C)c2n1,733.0,"A:292,B:292,D:149",protenix_base_default_v0.5.0,1UNL_RRC,4.0,26.0,results/posebench_702_predictions/protenix_gpu/astex_diverse/1UNL_RRC/full_base_c1_s20_n1,12.367871119298394,10.0,61.0,26.0,results/posebench_702_predictions/protenix_gpu/astex_diverse/1UNL_RRC/full_base_c1_s20_n1/output/1UNL_RRC/seed_101/predictions/1UNL_RRC_seed_101_sample_0.cif,A:292;B:292;D:150;E:150,external/PoseBench/data/astex_diverse_set/1UNL_RRC/1UNL_RRC_protein.pdb,0.15059955418109894,35.53814697265625,0.21800319850444794,0.16408029198646545,35.534184966270686,0.0,90.794,ok,full_base_c1_s20_n1,30.99233816722159,False,45.05485734245138,False,results/posebench_702_predictions/protenix_gpu/astex_diverse/1UNL_RRC/full_base_c1_s20_n1/run_status.json,,,,,ok
results/posebench_702_predictions/protenix_gpu/astex_diverse/1UOU_CMU/full_base_c1_s20_n1/output/1UOU_CMU/seed_101/predictions/1UOU_CMU_seed_101_summary_confidence_sample_0.json,astex_diverse,4,results/posebench_702_predictions/protenix_gpu/astex_diverse/1UOU_CMU/full_base_c1_s20_n1/inputs/1UOU_CMU.json,external/PoseBench/data/astex_diverse_set/1UOU_CMU/1UOU_CMU_ligand.sdf,16.0,N=C1CCCN1Cc1[nH]c(=O)[nH]c(=O)c1Cl,438.0,A:438,protenix_base_default_v0.5.0,1UOU_CMU,1.0,16.0,results/posebench_702_predictions/protenix_gpu/astex_diverse/1UOU_CMU/full_base_c1_s20_n1,12.903496431313572,10.0,71.0,16.0,results/posebench_702_predictions/protenix_gpu/astex_diverse/1UOU_CMU/full_base_c1_s20_n1/output/1UOU_CMU/seed_101/predictions/1UOU_CMU_seed_101_sample_0.cif,A:438,external/PoseBench/data/astex_diverse_set/1UOU_CMU/1UOU_CMU_protein.pdb,0.26815134286880493,35.189090728759766,0.2304459512233734,0.26061028242111206,22.56151322042126,0.0,95.984,ok,full_base_c1_s20_n1,4.943847981875107,False,9.452966182483994,False,results/posebench_702_predictions/protenix_gpu/astex_diverse/1UOU_CMU/full_base_c1_s20_n1/run_status.json,,,,,ok
results/posebench_702_predictions/protenix_gpu/astex_diverse/1V0P_PVB/full_base_c1_s20_n1/output/1V0P_PVB/seed_101/predictions/1V0P_PVB_seed_101_summary_confidence_sample_0.json,astex_diverse,7,results/posebench_702_predictions/protenix_gpu/astex_diverse/1V0P_PVB/full_base_c1_s20_n1/inputs/1V0P_PVB.json,external/PoseBench/data/astex_diverse_set/1V0P_PVB/1V0P_PVB_ligand.sdf,30.0,CC(C)[C@H](CO)Nc1nc(Nc2ccc(C(=O)O)c(Cl)c2)c2ncn(C(C)C)c2n1,535.0,"A:277,B:258",protenix_base_default_v0.5.0,1V0P_PVB,2.0,30.0,results/posebench_702_predictions/protenix_gpu/astex_diverse/1V0P_PVB/full_base_c1_s20_n1,12.954286430802371,10.0,57.0,30.0,results/posebench_702_predictions/protenix_gpu/astex_diverse/1V0P_PVB/full_base_c1_s20_n1/output/1V0P_PVB/seed_101/predictions/1V0P_PVB_seed_101_sample_0.cif,A:277;B:258,external/PoseBench/data/astex_diverse_set/1V0P_PVB/1V0P_PVB_protein.pdb,0.11856912076473236,34.49165344238281,0.20633375644683838,0.13612204790115356,23.918254132223186,0.0,96.301,ok,full_base_c1_s20_n1,27.12553333628369,False,22.322761342986357,False,results/posebench_702_predictions/protenix_gpu/astex_diverse/1V0P_PVB/full_base_c1_s20_n1/run_status.json,,,,,ok
results/posebench_702_predictions/protenix_gpu/astex_diverse/1V48_HA1/full_base_c1_s20_n1/output/1V48_HA1/seed_101/predictions/1V48_HA1_seed_101_summary_confidence_sample_0.json,astex_diverse,6,results/posebench_702_predictions/protenix_gpu/astex_diverse/1V48_HA1/full_base_c1_s20_n1/inputs/1V48_HA1.json,external/PoseBench/data/astex_diverse_set/1V48_HA1/1V48_HA1_ligand.sdf,22.0,Nc1nc2c(ncn2CCCCC(F)(F)P(=O)(O)O)c(=O)[nH]1,261.0,A:261,protenix_base_default_v0.5.0,1V48_HA1,1.0,22.0,results/posebench_702_predictions/protenix_gpu/astex_diverse/1V48_HA1/full_base_c1_s20_n1,10.606224774710133,10.0,63.0,22.0,results/posebench_702_predictions/protenix_gpu/astex_diverse/1V48_HA1/full_base_c1_s20_n1/output/1V48_HA1/seed_101/predictions/1V48_HA1_seed_101_sample_0.cif,A:261,external/PoseBench/data/astex_diverse_set/1V48_HA1/1V48_HA1_protein.pdb,0.22162280976772308,29.387422561645508,0.16132034361362457,0.20956231653690338,18.540786985431517,0.0,85.952,ok,full_base_c1_s20_n1,6.6009815335805735,False,9.943982133395693,False,results/posebench_702_predictions/protenix_gpu/astex_diverse/1V48_HA1/full_base_c1_s20_n1/run_status.json,,,,,ok
results/posebench_702_predictions/protenix_gpu/astex_diverse/1V4S_MRK/full_base_c1_s20_n1/output/1V4S_MRK/seed_101/predictions/1V4S_MRK_seed_101_summary_confidence_sample_0.json,astex_diverse,5,results/posebench_702_predictions/protenix_gpu/astex_diverse/1V4S_MRK/full_base_c1_s20_n1/inputs/1V4S_MRK.json,external/PoseBench/data/astex_diverse_set/1V4S_MRK/1V4S_MRK_ligand.sdf,23.0,Cn1ccnc1Sc1cc(C(=O)Nc2nccs2)c(N)cc1F,448.0,A:448,protenix_base_default_v0.5.0,1V4S_MRK,1.0,23.0,results/posebench_702_predictions/protenix_gpu/astex_diverse/1V4S_MRK/full_base_c1_s20_n1,16.419734652056587,10.0,75.0,23.0,results/posebench_702_predictions/protenix_gpu/astex_diverse/1V4S_MRK/full_base_c1_s20_n1/output/1V4S_MRK/seed_101/predictions/1V4S_MRK_seed_101_sample_0.cif,A:448,external/PoseBench/data/astex_diverse_set/1V4S_MRK/1V4S_MRK_protein.pdb,0.2767517566680908,32.828861236572266,0.21700666844844818,0.2648027539253235,22.082916453955864,0.0,89.218,ok,full_base_c1_s20_n1,10.83247223649109,False,20.469819634584898,False,results/posebench_702_predictions/protenix_gpu/astex_diverse/1V4S_MRK/full_base_c1_s20_n1/run_status.json,,,,,ok
results/posebench_702_predictions/protenix_gpu/astex_diverse/1VCJ_IBA/full_base_c1_s20_n1/output/1VCJ_IBA/seed_101/predictions/1VCJ_IBA_seed_101_summary_confidence_sample_0.json,astex_diverse,4,results/posebench_702_predictions/protenix_gpu/astex_diverse/1VCJ_IBA/full_base_c1_s20_n1/inputs/1VCJ_IBA.json,external/PoseBench/data/astex_diverse_set/1VCJ_IBA/1VCJ_IBA_ligand.sdf,25.0,CCC(CC)Nc1cc(C(=O)O)ccc1N1C(=O)CC[C@@]1(CN)CO,389.0,A:389,protenix_base_default_v0.5.0,1VCJ_IBA,1.0,25.0,results/posebench_702_predictions/protenix_gpu/astex_diverse/1VCJ_IBA/full_base_c1_s20_n1,13.647264843257407,10.0,77.0,25.0,results/posebench_702_predictions/protenix_gpu/astex_diverse/1VCJ_IBA/full_base_c1_s20_n1/output/1VCJ_IBA/seed_101/predictions/1VCJ_IBA_seed_101_sample_0.cif,A:389,external/PoseBench/data/astex_diverse_set/1VCJ_IBA/1VCJ_IBA_protein.pdb,0.23825043439865112,27.944534301757812,0.18906450271606445,0.22841325402259827,21.205748535613306,0.0,92.638,ok,full_base_c1_s20_n1,11.722014853250743,False,14.49399850703706,False,results/posebench_702_predictions/protenix_gpu/astex_diverse/1VCJ_IBA/full_base_c1_s20_n1/run_status.json,,,,,ok
results/posebench_702_predictions/protenix_gpu/astex_diverse/1W1P_GIO/full_base_c1_s20_n1/output/1W1P_GIO/seed_101/predictions/1W1P_GIO_seed_101_summary_confidence_sample_0.json,astex_diverse,7,results/posebench_702_predictions/protenix_gpu/astex_diverse/1W1P_GIO/full_base_c1_s20_n1/inputs/1W1P_GIO.json,external/PoseBench/data/astex_diverse_set/1W1P_GIO/1W1P_GIO_ligand.sdf,11.0,O=C1NCC(=O)N2CCC[C@@H]12,995.0,"A:497,B:498",protenix_base_default_v0.5.0,1W1P_GIO,2.0,11.0,results/posebench_702_predictions/protenix_gpu/astex_diverse/1W1P_GIO/full_base_c1_s20_n1,9.299244592544504,10.0,54.0,11.0,results/posebench_702_predictions/protenix_gpu/astex_diverse/1W1P_GIO/full_base_c1_s20_n1/output/1W1P_GIO/seed_101/predictions/1W1P_GIO_seed_101_sample_0.cif,A:498;B:498,external/PoseBench/data/astex_diverse_set/1W1P_GIO/1W1P_GIO_protein.pdb,0.1472209095954895,33.747344970703125,0.2705269455909729,0.17188212275505066,31.978352737736618,0.0,116.053,ok,full_base_c1_s20_n1,25.246048885832398,False,43.97590514707167,False,results/posebench_702_predictions/protenix_gpu/astex_diverse/1W1P_GIO/full_base_c1_s20_n1/run_status.json,,,,,ok
results/posebench_702_predictions/protenix_gpu/astex_diverse/1W2G_THM/full_base_c1_s20_n1/output/1W2G_THM/seed_101/predictions/1W2G_THM_seed_101_summary_confidence_sample_0.json,astex_diverse,6,results/posebench_702_predictions/protenix_gpu/astex_diverse/1W2G_THM/full_base_c1_s20_n1/inputs/1W2G_THM.json,external/PoseBench/data/astex_diverse_set/1W2G_THM/1W2G_THM_ligand.sdf,17.0,Cc1cn([C@H]2C[C@H](O)[C@@H](CO)O2)c(=O)[nH]c1=O,400.0,"A:196,B:204",protenix_base_default_v0.5.0,1W2G_THM,2.0,17.0,results/posebench_702_predictions/protenix_gpu/astex_diverse/1W2G_THM/full_base_c1_s20_n1,13.330642137786645,10.0,71.0,17.0,results/posebench_702_predictions/protenix_gpu/astex_diverse/1W2G_THM/full_base_c1_s20_n1/output/1W2G_THM/seed_101/predictions/1W2G_THM_seed_101_sample_0.cif,A:197;B:205,external/PoseBench/data/astex_diverse_set/1W2G_THM/1W2G_THM_protein.pdb,0.10702302306890488,36.84825134277344,0.20345723628997803,0.12630987167358398,20.22579740160343,0.0,85.696,ok,full_base_c1_s20_n1,15.834313773379709,False,17.661777113737813,False,results/posebench_702_predictions/protenix_gpu/astex_diverse/1W2G_THM/full_base_c1_s20_n1/run_status.json,,,,,ok
results/posebench_702_predictions/protenix_gpu/astex_diverse/1X8X_TYR/full_base_c1_s20_n1/output/1X8X_TYR/seed_101/predictions/1X8X_TYR_seed_101_summary_confidence_sample_0.json,astex_diverse,5,results/posebench_702_predictions/protenix_gpu/astex_diverse/1X8X_TYR/full_base_c1_s20_n1/inputs/1X8X_TYR.json,external/PoseBench/data/astex_diverse_set/1X8X_TYR/1X8X_TYR_ligand.sdf,13.0,N[C@@H](Cc1ccc(O)cc1)C(=O)O,322.0,A:322,protenix_base_default_v0.5.0,1X8X_TYR,1.0,13.0,results/posebench_702_predictions/protenix_gpu/astex_diverse/1X8X_TYR/full_base_c1_s20_n1,9.358258708504007,10.0,69.0,13.0,results/posebench_702_predictions/protenix_gpu/astex_diverse/1X8X_TYR/full_base_c1_s20_n1/output/1X8X_TYR/seed_101/predictions/1X8X_TYR_seed_101_sample_0.cif,A:322,external/PoseBench/data/astex_diverse_set/1X8X_TYR/1X8X_TYR_protein.pdb,0.2664314806461334,36.20648193359375,0.2296474575996399,0.25907468795776367,18.427001623322138,0.0,95.301,ok,full_base_c1_s20_n1,11.2488759887519,False,12.107117512722299,False,results/posebench_702_predictions/protenix_gpu/astex_diverse/1X8X_TYR/full_base_c1_s20_n1/run_status.json,,,,,ok
results/posebench_702_predictions/protenix_gpu/astex_diverse/1XM6_5RM/full_base_c1_s20_n1/output/1XM6_5RM/seed_101/predictions/1XM6_5RM_seed_101_summary_confidence_sample_0.json,astex_diverse,4,results/posebench_702_predictions/protenix_gpu/astex_diverse/1XM6_5RM/full_base_c1_s20_n1/inputs/1XM6_5RM.json,external/PoseBench/data/astex_diverse_set/1XM6_5RM/1XM6_5RM_ligand.sdf,19.0,CCCOc1cc([C@]2(C)CNC(=O)O2)ccc1OC,666.0,"A:335,B:331",protenix_base_default_v0.5.0,1XM6_5RM,2.0,19.0,results/posebench_702_predictions/protenix_gpu/astex_diverse/1XM6_5RM/full_base_c1_s20_n1,16.72301722182176,10.0,78.0,19.0,results/posebench_702_predictions/protenix_gpu/astex_diverse/1XM6_5RM/full_base_c1_s20_n1/output/1XM6_5RM/seed_101/predictions/1XM6_5RM_seed_101_sample_0.cif,A:335;B:331,external/PoseBench/data/astex_diverse_set/1XM6_5RM/1XM6_5RM_protein.pdb,0.1168457567691803,36.53384017944336,0.1938505470752716,0.1322467178106308,23.660838157159574,0.0,86.88,ok,full_base_c1_s20_n1,13.15062093406632,False,24.426741834316385,False,results/posebench_702_predictions/protenix_gpu/astex_diverse/1XM6_5RM/full_base_c1_s20_n1/run_status.json,,,,,ok
results/posebench_702_predictions/protenix_gpu/astex_diverse/1XOQ_ROF/full_base_c1_s20_n1/output/1XOQ_ROF/seed_101/predictions/1XOQ_ROF_seed_101_summary_confidence_sample_0.json,astex_diverse,7,results/posebench_702_predictions/protenix_gpu/astex_diverse/1XOQ_ROF/full_base_c1_s20_n1/inputs/1XOQ_ROF.json,external/PoseBench/data/astex_diverse_set/1XOQ_ROF/1XOQ_ROF_ligand.sdf,26.0,O=C(Nc1c(Cl)cncc1Cl)c1ccc(OC(F)F)c(OCC2CC2)c1,648.0,"A:326,B:322",protenix_base_default_v0.5.0,1XOQ_ROF,2.0,26.0,results/posebench_702_predictions/protenix_gpu/astex_diverse/1XOQ_ROF/full_base_c1_s20_n1,13.44681960469911,10.0,88.0,26.0,results/posebench_702_predictions/protenix_gpu/astex_diverse/1XOQ_ROF/full_base_c1_s20_n1/output/1XOQ_ROF/seed_101/predictions/1XOQ_ROF_seed_101_sample_0.cif,A:326;B:322,external/PoseBench/data/astex_diverse_set/1XOQ_ROF/1XOQ_ROF_protein.pdb,0.12474743276834488,35.22788619995117,0.1926594227552414,0.13832983374595642,23.134583463997433,0.0,86.219,ok,full_base_c1_s20_n1,7.772053639674193,False,12.690592669027508,False,results/posebench_702_predictions/protenix_gpu/astex_diverse/1XOQ_ROF/full_base_c1_s20_n1/run_status.json,,,,,ok
results/posebench_702_predictions/protenix_gpu/astex_diverse/1XOZ_CIA/full_base_c1_s20_n1/output/1XOZ_CIA/seed_101/predictions/1XOZ_CIA_seed_101_summary_confidence_sample_0.json,astex_diverse,6,results/posebench_702_predictions/protenix_gpu/astex_diverse/1XOZ_CIA/full_base_c1_s20_n1/inputs/1XOZ_CIA.json,external/PoseBench/data/astex_diverse_set/1XOZ_CIA/1XOZ_CIA_ligand.sdf,29.0,CN1CC(=O)N2[C@H](c3ccc4c(c3)OCO4)c3[nH]c4ccccc4c3C[C@@H]2C1=O,326.0,A:326,protenix_base_default_v0.5.0,1XOZ_CIA,1.0,29.0,results/posebench_702_predictions/protenix_gpu/astex_diverse/1XOZ_CIA/full_base_c1_s20_n1,12.59613212417034,10.0,76.0,29.0,results/posebench_702_predictions/protenix_gpu/astex_diverse/1XOZ_CIA/full_base_c1_s20_n1/output/1XOZ_CIA/seed_101/predictions/1XOZ_CIA_seed_101_sample_0.cif,A:326,external/PoseBench/data/astex_diverse_set/1XOZ_CIA/1XOZ_CIA_protein.pdb,0.22502729296684265,39.717430114746094,0.23382818698883057,0.2267874777317047,19.25312523885545,0.0,68.745,ok,full_base_c1_s20_n1,19.687479992413678,False,24.322983485921352,False,results/posebench_702_predictions/protenix_gpu/astex_diverse/1XOZ_CIA/full_base_c1_s20_n1/run_status.json,,,,,ok
results/posebench_702_predictions/protenix_gpu/astex_diverse/1Y6B_AAX/full_base_c1_s20_n1/output/1Y6B_AAX/seed_101/predictions/1Y6B_AAX_seed_101_summary_confidence_sample_0.json,astex_diverse,5,results/posebench_702_predictions/protenix_gpu/astex_diverse/1Y6B_AAX/full_base_c1_s20_n1/inputs/1Y6B_AAX.json,external/PoseBench/data/astex_diverse_set/1Y6B_AAX/1Y6B_AAX_ligand.sdf,34.0,COc1ccc(S(=O)(=O)NCC2CC2)cc1Nc1ncc(-c2cccc(-c3cccnc3)c2)o1,266.0,A:266,protenix_base_default_v0.5.0,1Y6B_AAX,1.0,34.0,results/posebench_702_predictions/protenix_gpu/astex_diverse/1Y6B_AAX/full_base_c1_s20_n1,13.553522048061922,10.0,66.0,34.0,results/posebench_702_predictions/protenix_gpu/astex_diverse/1Y6B_AAX/full_base_c1_s20_n1/output/1Y6B_AAX/seed_101/predictions/1Y6B_AAX_seed_101_sample_0.cif,A:266,external/PoseBench/data/astex_diverse_set/1Y6B_AAX/1Y6B_AAX_protein.pdb,0.20054388046264648,35.832672119140625,0.25429415702819824,0.21129393577575684,19.06394233419236,0.0,82.524,ok,full_base_c1_s20_n1,17.871718468897665,False,18.524289218869903,False,results/posebench_702_predictions/protenix_gpu/astex_diverse/1Y6B_AAX/full_base_c1_s20_n1/run_status.json,,,,,ok
results/posebench_702_predictions/protenix_gpu/astex_diverse/1YGC_905/full_base_c1_s20_n1/output/1YGC_905/seed_101/predictions/1YGC_905_seed_101_summary_confidence_sample_0.json,astex_diverse,4,results/posebench_702_predictions/protenix_gpu/astex_diverse/1YGC_905/full_base_c1_s20_n1/inputs/1YGC_905.json,external/PoseBench/data/astex_diverse_set/1YGC_905/1YGC_905_ligand.sdf,38.0,CCOc1cc(OCC)c(F)c([C@@H](Nc2ccc(C(=N)N)c(O)c2)C(=O)NS(=O)(=O)c2cccc(N)c2)c1,307.0,concat:307,protenix_base_default_v0.5.0,1YGC_905,2.0,38.0,results/posebench_702_predictions/protenix_gpu/astex_diverse/1YGC_905/full_base_c1_s20_n1,,10.0,0.0,38.0,results/posebench_702_predictions/protenix_gpu/astex_diverse/1YGC_905/full_base_c1_s20_n1/output/1YGC_905/seed_101/predictions/1YGC_905_seed_101_sample_0.cif,H:254;L:53,external/PoseBench/data/astex_diverse_set/1YGC_905/1YGC_905_protein.pdb,0.10876768827438354,31.002553939819336,0.17711156606674194,0.12243646383285522,19.55867502989857,0.0,85.264,ok,full_base_c1_s20_n1,,False,10.43787233039759,False,results/posebench_702_predictions/protenix_gpu/astex_diverse/1YGC_905/full_base_c1_s20_n1/run_status.json,,,,,ok
results/posebench_702_predictions/protenix_gpu/astex_diverse/1YQY_915/full_base_c1_s20_n1/output/1YQY_915/seed_101/predictions/1YQY_915_seed_101_summary_confidence_sample_0.json,astex_diverse,7,results/posebench_702_predictions/protenix_gpu/astex_diverse/1YQY_915/full_base_c1_s20_n1/inputs/1YQY_915.json,external/PoseBench/data/astex_diverse_set/1YQY_915/1YQY_915_ligand.sdf,23.0,Cc1cc(S(=O)(=O)N[C@@H](C(=O)NO)C2CCOCC2)ccc1F,514.0,A:514,protenix_base_default_v0.5.0,1YQY_915,1.0,23.0,results/posebench_702_predictions/protenix_gpu/astex_diverse/1YQY_915/full_base_c1_s20_n1,16.48783171747677,10.0,69.0,23.0,results/posebench_702_predictions/protenix_gpu/astex_diverse/1YQY_915/full_base_c1_s20_n1/output/1YQY_915/seed_101/predictions/1YQY_915_seed_101_sample_0.cif,A:514,external/PoseBench/data/astex_diverse_set/1YQY_915/1YQY_915_protein.pdb,0.1959092915058136,37.277069091796875,0.19363659620285034,0.19545474648475647,22.268502598831322,0.0,92.713,ok,full_base_c1_s20_n1,9.453678382714088,False,16.526148696112088,False,results/posebench_702_predictions/protenix_gpu/astex_diverse/1YQY_915/full_base_c1_s20_n1/run_status.json,,,,,ok
results/posebench_702_predictions/protenix_gpu/astex_diverse/1YV3_BIT/full_base_c1_s20_n1/output/1YV3_BIT/seed_101/predictions/1YV3_BIT_seed_101_summary_confidence_sample_0.json,astex_diverse,6,results/posebench_702_predictions/protenix_gpu/astex_diverse/1YV3_BIT/full_base_c1_s20_n1/inputs/1YV3_BIT.json,external/PoseBench/data/astex_diverse_set/1YV3_BIT/1YV3_BIT_ligand.sdf,22.0,Cc1ccc2c(c1)C(=O)[C@]1(O)CCN(c3ccccc3)C1=N2,703.0,A:703,protenix_base_default_v0.5.0,1YV3_BIT,1.0,22.0,results/posebench_702_predictions/protenix_gpu/astex_diverse/1YV3_BIT/full_base_c1_s20_n1,14.639125476465612,10.0,68.0,22.0,results/posebench_702_predictions/protenix_gpu/astex_diverse/1YV3_BIT/full_base_c1_s20_n1/output/1YV3_BIT/seed_101/predictions/1YV3_BIT_seed_101_sample_0.cif,A:703,external/PoseBench/data/astex_diverse_set/1YV3_BIT/1YV3_BIT_protein.pdb,0.29081955552101135,31.205427169799805,0.178679421544075,0.26839151978492737,28.343824454118717,0.0,83.281,ok,full_base_c1_s20_n1,26.298981534000188,False,31.672390220376844,False,results/posebench_702_predictions/protenix_gpu/astex_diverse/1YV3_BIT/full_base_c1_s20_n1/run_status.json,,,,,ok
results/posebench_702_predictions/protenix_gpu/astex_diverse/1YVF_PH7/full_base_c1_s20_n1/output/1YVF_PH7/seed_101/predictions/1YVF_PH7_seed_101_summary_confidence_sample_0.json,astex_diverse,5,results/posebench_702_predictions/protenix_gpu/astex_diverse/1YVF_PH7/full_base_c1_s20_n1/inputs/1YVF_PH7.json,external/PoseBench/data/astex_diverse_set/1YVF_PH7/1YVF_PH7_ligand.sdf,28.0,O=C(O)/C(=C/c1ccc(Oc2ccccc2Br)cc1)NC(=O)c1ccccc1,564.0,A:564,protenix_base_default_v0.5.0,1YVF_PH7,1.0,28.0,results/posebench_702_predictions/protenix_gpu/astex_diverse/1YVF_PH7/full_base_c1_s20_n1,14.23299308565847,10.0,86.0,28.0,results/posebench_702_predictions/protenix_gpu/astex_diverse/1YVF_PH7/full_base_c1_s20_n1/output/1YVF_PH7/seed_101/predictions/1YVF_PH7_seed_101_sample_0.cif,A:564,external/PoseBench/data/astex_diverse_set/1YVF_PH7/1YVF_PH7_protein.pdb,0.24920831620693207,32.9415283203125,0.19883187115192413,0.23913303017616272,23.111766762941386,0.0,84.938,ok,full_base_c1_s20_n1,11.141552351313994,False,13.207263664983092,False,results/posebench_702_predictions/protenix_gpu/astex_diverse/1YVF_PH7/full_base_c1_s20_n1/run_status.json,,,,,ok
results/posebench_702_predictions/protenix_gpu/astex_diverse/1YWR_LI9/full_base_c1_s20_n1/output/1YWR_LI9/seed_101/predictions/1YWR_LI9_seed_101_summary_confidence_sample_0.json,astex_diverse,4,results/posebench_702_predictions/protenix_gpu/astex_diverse/1YWR_LI9/full_base_c1_s20_n1/inputs/1YWR_LI9.json,external/PoseBench/data/astex_diverse_set/1YWR_LI9/1YWR_LI9_ligand.sdf,35.0,C[C@H](Nc1nccc(-c2c(-c3ccc(F)cc3)c(=O)n(C3CCNCC3)n2C)n1)c1ccccc1,338.0,A:338,protenix_base_default_v0.5.0,1YWR_LI9,1.0,35.0,results/posebench_702_predictions/protenix_gpu/astex_diverse/1YWR_LI9/full_base_c1_s20_n1,10.771508746136929,10.0,71.0,35.0,results/posebench_702_predictions/protenix_gpu/astex_diverse/1YWR_LI9/full_base_c1_s20_n1/output/1YWR_LI9/seed_101/predictions/1YWR_LI9_seed_101_sample_0.cif,A:338,external/PoseBench/data/astex_diverse_set/1YWR_LI9/1YWR_LI9_protein.pdb,0.30562078952789307,34.47954559326172,0.25293129682540894,0.2950828969478607,20.028814329850714,0.0,77.442,ok,full_base_c1_s20_n1,15.716322508789727,False,14.094825166219481,False,results/posebench_702_predictions/protenix_gpu/astex_diverse/1YWR_LI9/full_base_c1_s20_n1/run_status.json,,,,,ok
results/posebench_702_predictions/protenix_gpu/astex_diverse/1Z95_198/full_base_c1_s20_n1/output/1Z95_198/seed_101/predictions/1Z95_198_seed_101_summary_confidence_sample_0.json,astex_diverse,7,results/posebench_702_predictions/protenix_gpu/astex_diverse/1Z95_198/full_base_c1_s20_n1/inputs/1Z95_198.json,external/PoseBench/data/astex_diverse_set/1Z95_198/1Z95_198_ligand.sdf,29.0,C[C@](O)(CS(=O)(=O)c1ccc(F)cc1)C(=O)Nc1ccc(C#N)c(C(F)(F)F)c1,238.0,A:238,protenix_base_default_v0.5.0,1Z95_198,1.0,29.0,results/posebench_702_predictions/protenix_gpu/astex_diverse/1Z95_198/full_base_c1_s20_n1,12.186969851452654,10.0,94.0,29.0,results/posebench_702_predictions/protenix_gpu/astex_diverse/1Z95_198/full_base_c1_s20_n1/output/1Z95_198/seed_101/predictions/1Z95_198_seed_101_sample_0.cif,A:238,external/PoseBench/data/astex_diverse_set/1Z95_198/1Z95_198_protein.pdb,0.22680345177650452,42.349143981933594,0.288361132144928,0.23911499977111816,15.184848568614752,0.0,91.375,ok,full_base_c1_s20_n1,9.552758032910596,False,13.27828397528029,False,results/posebench_702_predictions/protenix_gpu/astex_diverse/1Z95_198/full_base_c1_s20_n1/run_status.json,,,,,ok
results/posebench_702_predictions/protenix_gpu/astex_diverse/2BM2_PM2/full_base_c1_s20_n1/output/2BM2_PM2/seed_101/predictions/2BM2_PM2_seed_101_summary_confidence_sample_0.json,astex_diverse,6,results/posebench_702_predictions/protenix_gpu/astex_diverse/2BM2_PM2/full_base_c1_s20_n1/inputs/2BM2_PM2.json,external/PoseBench/data/astex_diverse_set/2BM2_PM2/2BM2_PM2_ligand.sdf,30.0,NCc1cccc(C2CCN(C(=O)c3cncc(CCc4ccccc4)c3)CC2)c1,968.0,"A:242,B:242,C:242,D:242",protenix_base_default_v0.5.0,2BM2_PM2,4.0,30.0,results/posebench_702_predictions/protenix_gpu/astex_diverse/2BM2_PM2/full_base_c1_s20_n1,16.785797406770925,10.0,86.0,30.0,results/posebench_702_predictions/protenix_gpu/astex_diverse/2BM2_PM2/full_base_c1_s20_n1/output/2BM2_PM2/seed_101/predictions/2BM2_PM2_seed_101_sample_0.cif,A:243;B:243;C:243;D:243,external/PoseBench/data/astex_diverse_set/2BM2_PM2/2BM2_PM2_protein.pdb,0.14112621545791626,28.853416442871094,0.18014617264270782,0.14893020689487457,26.02952521165501,0.0,104.524,ok,full_base_c1_s20_n1,29.284636814278244,False,35.42073742791944,False,results/posebench_702_predictions/protenix_gpu/astex_diverse/2BM2_PM2/full_base_c1_s20_n1/run_status.json,,,,,ok
results/posebench_702_predictions/protenix_gpu/astex_diverse/2BR1_PFP/full_base_c1_s20_n1/output/2BR1_PFP/seed_101/predictions/2BR1_PFP_seed_101_summary_confidence_sample_0.json,astex_diverse,5,results/posebench_702_predictions/protenix_gpu/astex_diverse/2BR1_PFP/full_base_c1_s20_n1/inputs/2BR1_PFP.json,external/PoseBench/data/astex_diverse_set/2BR1_PFP/2BR1_PFP_ligand.sdf,29.0,COc1ccc(-c2oc3ncnc(NCCO)c3c2-c2ccc(OC)cc2)cc1,272.0,A:272,protenix_base_default_v0.5.0,2BR1_PFP,1.0,29.0,results/posebench_702_predictions/protenix_gpu/astex_diverse/2BR1_PFP/full_base_c1_s20_n1,11.538885325156276,10.0,58.0,29.0,results/posebench_702_predictions/protenix_gpu/astex_diverse/2BR1_PFP/full_base_c1_s20_n1/output/2BR1_PFP/seed_101/predictions/2BR1_PFP_seed_101_sample_0.cif,A:272,external/PoseBench/data/astex_diverse_set/2BR1_PFP/2BR1_PFP_protein.pdb,0.24264733493328094,31.080469131469727,0.20056311786174774,0.23423050343990326,20.88311583604086,0.0,73.552,ok,full_base_c1_s20_n1,11.538069524510206,False,14.877440761764717,False,results/posebench_702_predictions/protenix_gpu/astex_diverse/2BR1_PFP/full_base_c1_s20_n1/run_status.json,,,,,ok
results/posebench_702_predictions/protenix_gpu/astex_diverse/2BSM_BSM/full_base_c1_s20_n1/output/2BSM_BSM/seed_101/predictions/2BSM_BSM_seed_101_summary_confidence_sample_0.json,astex_diverse,4,results/posebench_702_predictions/protenix_gpu/astex_diverse/2BSM_BSM/full_base_c1_s20_n1/inputs/2BSM_BSM.json,external/PoseBench/data/astex_diverse_set/2BSM_BSM/2BSM_BSM_ligand.sdf,27.0,CCNC(=O)c1n[nH]c(-c2cc(Cl)c(O)cc2O)c1-c1ccc(OC)cc1,208.0,A:208,protenix_base_default_v0.5.0,2BSM_BSM,1.0,27.0,results/posebench_702_predictions/protenix_gpu/astex_diverse/2BSM_BSM/full_base_c1_s20_n1,11.02887185230835,10.0,73.0,27.0,results/posebench_702_predictions/protenix_gpu/astex_diverse/2BSM_BSM/full_base_c1_s20_n1/output/2BSM_BSM/seed_101/predictions/2BSM_BSM_seed_101_sample_0.cif,A:209,external/PoseBench/data/astex_diverse_set/2BSM_BSM/2BSM_BSM_protein.pdb,0.26734626293182373,37.88398742675781,0.26887303590774536,0.26765161752700806,10.084944692194812,0.0,76.196,ok,full_base_c1_s20_n1,7.306001108947237,False,7.210408229944759,False,results/posebench_702_predictions/protenix_gpu/astex_diverse/2BSM_BSM/full_base_c1_s20_n1/run_status.json,,,,,ok
results/posebench_702_predictions/protenix_gpu/dockgen/1hg0_1_SIN_1/full_base_c1_s20_n1/output/1hg0_1_SIN_1/seed_101/predictions/1hg0_1_SIN_1_seed_101_summary_confidence_sample_0.json,dockgen,5,results/posebench_702_predictions/protenix_gpu/dockgen/1hg0_1_SIN_1/full_base_c1_s20_n1/inputs/1hg0_1_SIN_1.json,external/PoseBench/data/dockgen_set/1hg0_1_SIN_1/1hg0_1_SIN_1_ligand.pdb,8.0,OC(O)CCC(O)O,327.0,B:327,protenix_base_default_v0.5.0,1hg0_1_SIN_1,2.0,8.0,results/posebench_702_predictions/protenix_gpu/dockgen/1hg0_1_SIN_1/full_base_c1_s20_n1,10.169109062971277,10.0,52.0,8.0,results/posebench_702_predictions/protenix_gpu/dockgen/1hg0_1_SIN_1/full_base_c1_s20_n1/output/1hg0_1_SIN_1/seed_101/predictions/1hg0_1_SIN_1_seed_101_sample_0.cif,B:327;D:327,external/PoseBench/data/dockgen_set/1hg0_1_SIN_1/1hg0_1_SIN_1_protein_processed.pdb,0.14339029788970947,34.781639099121094,0.2653495669364929,0.16778215765953064,21.56692186328991,0.0,98.621,ok,full_base_c1_s20_n1,18.75236557253953,False,13.562623069444713,False,results/posebench_702_predictions/protenix_gpu/dockgen/1hg0_1_SIN_1/full_base_c1_s20_n1/run_status.json,,,,,ok
results/posebench_702_predictions/protenix_gpu/dockgen/1i8t_1_FAD_1/full_base_c1_s20_n1/output/1i8t_1_FAD_1/seed_101/predictions/1i8t_1_FAD_1_seed_101_summary_confidence_sample_0.json,dockgen,4,results/posebench_702_predictions/protenix_gpu/dockgen/1i8t_1_FAD_1/full_base_c1_s20_n1/inputs/1i8t_1_FAD_1.json,external/PoseBench/data/dockgen_set/1i8t_1_FAD_1/1i8t_1_FAD_1_ligand.pdb,53.0,CC1CC2NC3C(O)NC(O)NC3N(C[C@H](O)[C@H](O)[C@H](O)CO[PH](O)(O)O[PH](O)(O)OC[C@H]3O[C@@H](N4CNC5C(N)NCNC54)[C@H](O)[C@@H]3O)C2CC1C,367.0,concat:367,protenix_base_default_v0.5.0,1i8t_1_FAD_1,1.0,53.0,results/posebench_702_predictions/protenix_gpu/dockgen/1i8t_1_FAD_1/full_base_c1_s20_n1,,10.0,0.0,53.0,results/posebench_702_predictions/protenix_gpu/dockgen/1i8t_1_FAD_1/full_base_c1_s20_n1/output/1i8t_1_FAD_1/seed_101/predictions/1i8t_1_FAD_1_seed_101_sample_0.cif,B:367,external/PoseBench/data/dockgen_set/1i8t_1_FAD_1/1i8t_1_FAD_1_protein_processed.pdb,0.2815159857273102,31.689294815063477,0.22738920152187347,0.2706906497478485,22.067597543389017,0.0,105.597,ok,full_base_c1_s20_n1,,False,16.928657657535236,False,results/posebench_702_predictions/protenix_gpu/dockgen/1i8t_1_FAD_1/full_base_c1_s20_n1/run_status.json,,,,,ok
results/posebench_702_predictions/protenix_gpu/dockgen/1o28_1_UFP_2/full_base_c1_s20_n1/output/1o28_1_UFP_2/seed_101/predictions/1o28_1_UFP_2_seed_101_summary_confidence_sample_0.json,dockgen,7,results/posebench_702_predictions/protenix_gpu/dockgen/1o28_1_UFP_2/full_base_c1_s20_n1/inputs/1o28_1_UFP_2.json,external/PoseBench/data/dockgen_set/1o28_1_UFP_2/1o28_1_UFP_2_ligand.pdb,21.0,OC1NC(O)N([C@H]2C[C@H](O)[C@@H](CO[PH](O)(O)O)O2)CC1F,430.0,"B:216,C:214",protenix_base_default_v0.5.0,1o28_1_UFP_2,3.0,21.0,results/posebench_702_predictions/protenix_gpu/dockgen/1o28_1_UFP_2/full_base_c1_s20_n1,15.732160797390447,10.0,57.0,21.0,results/posebench_702_predictions/protenix_gpu/dockgen/1o28_1_UFP_2/full_base_c1_s20_n1/output/1o28_1_UFP_2/seed_101/predictions/1o28_1_UFP_2_seed_101_sample_0.cif,B:220;C:216;D:214,external/PoseBench/data/dockgen_set/1o28_1_UFP_2/1o28_1_UFP_2_protein_processed.pdb,0.1329832375049591,39.943267822265625,0.2506204843521118,0.15651069581508636,24.824042817234464,0.0,96.338,ok,full_base_c1_s20_n1,15.929942817801239,False,7.467536807631346,False,results/posebench_702_predictions/protenix_gpu/dockgen/1o28_1_UFP_2/full_base_c1_s20_n1/run_status.json,,,,,ok
results/posebench_702_predictions/protenix_gpu/dockgen/1o72_2_PC_0/full_base_c1_s20_n1/output/1o72_2_PC_0/seed_101/predictions/1o72_2_PC_0_seed_101_summary_confidence_sample_0.json,dockgen,6,results/posebench_702_predictions/protenix_gpu/dockgen/1o72_2_PC_0/full_base_c1_s20_n1/inputs/1o72_2_PC_0.json,external/PoseBench/data/dockgen_set/1o72_2_PC_0/1o72_2_PC_0_ligand.pdb,11.0,C[N+](C)(C)CCO[PH](O)(O)O,175.0,concat:175,protenix_base_default_v0.5.0,1o72_2_PC_0,1.0,11.0,results/posebench_702_predictions/protenix_gpu/dockgen/1o72_2_PC_0/full_base_c1_s20_n1,,10.0,0.0,11.0,results/posebench_702_predictions/protenix_gpu/dockgen/1o72_2_PC_0/full_base_c1_s20_n1/output/1o72_2_PC_0/seed_101/predictions/1o72_2_PC_0_seed_101_sample_0.cif,B:175,external/PoseBench/data/dockgen_set/1o72_2_PC_0/1o72_2_PC_0_protein_processed.pdb,0.18859758973121643,33.07901382446289,0.22865328192710876,0.19660872220993042,15.097336780247002,0.0,85.849,ok,full_base_c1_s20_n1,,False,10.7041759485999,False,results/posebench_702_predictions/protenix_gpu/dockgen/1o72_2_PC_0/full_base_c1_s20_n1/run_status.json,,,,,ok
results/posebench_702_predictions/protenix_gpu/dockgen/1pj2_1_FUM_0/full_base_c1_s20_n1/output/1pj2_1_FUM_0/seed_101/predictions/1pj2_1_FUM_0_seed_101_summary_confidence_sample_0.json,dockgen,5,results/posebench_702_predictions/protenix_gpu/dockgen/1pj2_1_FUM_0/full_base_c1_s20_n1/inputs/1pj2_1_FUM_0.json,external/PoseBench/data/dockgen_set/1pj2_1_FUM_0/1pj2_1_FUM_0_ligand.pdb,8.0,OC(O)CCC(O)O,1078.0,"A:539,B:539",protenix_base_default_v0.5.0,1pj2_1_FUM_0,2.0,8.0,results/posebench_702_predictions/protenix_gpu/dockgen/1pj2_1_FUM_0/full_base_c1_s20_n1,14.93742613250736,10.0,53.0,8.0,results/posebench_702_predictions/protenix_gpu/dockgen/1pj2_1_FUM_0/full_base_c1_s20_n1/output/1pj2_1_FUM_0/seed_101/predictions/1pj2_1_FUM_0_seed_101_sample_0.cif,A:539;B:539,external/PoseBench/data/dockgen_set/1pj2_1_FUM_0/1pj2_1_FUM_0_protein_processed.pdb,0.14164550602436066,33.965858459472656,0.21262016892433167,0.1558404415845871,24.206770953241843,0.0,95.785,ok,full_base_c1_s20_n1,8.440980300405634,False,10.13563525996261,False,results/posebench_702_predictions/protenix_gpu/dockgen/1pj2_1_FUM_0/full_base_c1_s20_n1/run_status.json,,,,,ok
results/posebench_702_predictions/protenix_gpu/dockgen/1pj4_1_FUM_1/full_base_c1_s20_n1/output/1pj4_1_FUM_1/seed_101/predictions/1pj4_1_FUM_1_seed_101_summary_confidence_sample_0.json,dockgen,4,results/posebench_702_predictions/protenix_gpu/dockgen/1pj4_1_FUM_1/full_base_c1_s20_n1/inputs/1pj4_1_FUM_1.json,external/PoseBench/data/dockgen_set/1pj4_1_FUM_1/1pj4_1_FUM_1_ligand.pdb,8.0,OC(O)CCC(O)O,1076.0,"A:538,B:538",protenix_base_default_v0.5.0,1pj4_1_FUM_1,2.0,8.0,results/posebench_702_predictions/protenix_gpu/dockgen/1pj4_1_FUM_1/full_base_c1_s20_n1,14.479358238243696,10.0,53.0,8.0,results/posebench_702_predictions/protenix_gpu/dockgen/1pj4_1_FUM_1/full_base_c1_s20_n1/output/1pj4_1_FUM_1/seed_101/predictions/1pj4_1_FUM_1_seed_101_sample_0.cif,A:538;B:538,external/PoseBench/data/dockgen_set/1pj4_1_FUM_1/1pj4_1_FUM_1_protein_processed.pdb,0.14265893399715424,34.18789291381836,0.21677707135677338,0.1574825644493103,25.346549987064865,0.0,102.066,ok,full_base_c1_s20_n1,25.480477386102272,False,16.512778737091587,False,results/posebench_702_predictions/protenix_gpu/dockgen/1pj4_1_FUM_1/full_base_c1_s20_n1/run_status.json,,,,,ok
results/posebench_702_predictions/protenix_gpu/dockgen/1qaw_1_TRP_7/full_base_c1_s20_n1/output/1qaw_1_TRP_7/seed_101/predictions/1qaw_1_TRP_7_seed_101_summary_confidence_sample_0.json,dockgen,7,results/posebench_702_predictions/protenix_gpu/dockgen/1qaw_1_TRP_7/full_base_c1_s20_n1/inputs/1qaw_1_TRP_7.json,external/PoseBench/data/dockgen_set/1qaw_1_TRP_7/1qaw_1_TRP_7_ligand.pdb,15.0,N[C@@H](CC1CNC2CCCCC12)C(O)O,135.0,concat:135,protenix_base_default_v0.5.0,1qaw_1_TRP_7,2.0,15.0,results/posebench_702_predictions/protenix_gpu/dockgen/1qaw_1_TRP_7/full_base_c1_s20_n1,,10.0,0.0,15.0,results/posebench_702_predictions/protenix_gpu/dockgen/1qaw_1_TRP_7/full_base_c1_s20_n1/output/1qaw_1_TRP_7/seed_101/predictions/1qaw_1_TRP_7_seed_101_sample_0.cif,H:68;I:67,external/PoseBench/data/dockgen_set/1qaw_1_TRP_7/1qaw_1_TRP_7_protein_processed.pdb,0.3130074143409729,63.26753616333008,0.48541495203971863,0.3474889397621155,13.950343958524247,0.0,83.193,ok,full_base_c1_s20_n1,,False,8.076194007768052,False,results/posebench_702_predictions/protenix_gpu/dockgen/1qaw_1_TRP_7/full_base_c1_s20_n1/run_status.json,,,,,ok
results/posebench_702_predictions/protenix_gpu/dockgen/1rqp_1_SAM_0/full_base_c1_s20_n1/output/1rqp_1_SAM_0/seed_101/predictions/1rqp_1_SAM_0_seed_101_summary_confidence_sample_0.json,dockgen,6,results/posebench_702_predictions/protenix_gpu/dockgen/1rqp_1_SAM_0/full_base_c1_s20_n1/inputs/1rqp_1_SAM_0.json,external/PoseBench/data/dockgen_set/1rqp_1_SAM_0/1rqp_1_SAM_0_ligand.pdb,27.0,C[S@@H](CC[C@H](N)C(O)O)C[C@H]1O[C@@H](N2CNC3C(N)NCNC32)[C@H](O)[C@@H]1O,582.0,"A:291,B:291",protenix_base_default_v0.5.0,1rqp_1_SAM_0,2.0,27.0,results/posebench_702_predictions/protenix_gpu/dockgen/1rqp_1_SAM_0/full_base_c1_s20_n1,16.541602199759847,10.0,94.0,27.0,results/posebench_702_predictions/protenix_gpu/dockgen/1rqp_1_SAM_0/full_base_c1_s20_n1/output/1rqp_1_SAM_0/seed_101/predictions/1rqp_1_SAM_0_seed_101_sample_0.cif,A:291;B:291,external/PoseBench/data/dockgen_set/1rqp_1_SAM_0/1rqp_1_SAM_0_protein_processed.pdb,0.11913441121578217,30.173805236816406,0.18486586213111877,0.13228070735931396,21.343735414443525,0.0,72.141,ok,full_base_c1_s20_n1,13.220033487085868,False,23.176850102170864,False,results/posebench_702_predictions/protenix_gpu/dockgen/1rqp_1_SAM_0/full_base_c1_s20_n1/run_status.json,,,,,ok
results/posebench_702_predictions/protenix_gpu/dockgen/1sbz_1_FMN_3/full_base_c1_s20_n1/output/1sbz_1_FMN_3/seed_101/predictions/1sbz_1_FMN_3_seed_101_summary_confidence_sample_0.json,dockgen,5,results/posebench_702_predictions/protenix_gpu/dockgen/1sbz_1_FMN_3/full_base_c1_s20_n1/inputs/1sbz_1_FMN_3.json,external/PoseBench/data/dockgen_set/1sbz_1_FMN_3/1sbz_1_FMN_3_ligand.pdb,31.0,C[C@@H]1CC2NC3C(O)NC(O)NC3N(C[C@H](O)[C@H](O)[C@H](O)CO[PH](O)(O)O)C2C[C@@H]1C,165.0,B:165,protenix_base_default_v0.5.0,1sbz_1_FMN_3,2.0,31.0,results/posebench_702_predictions/protenix_gpu/dockgen/1sbz_1_FMN_3/full_base_c1_s20_n1,12.023852326593186,10.0,27.0,31.0,results/posebench_702_predictions/protenix_gpu/dockgen/1sbz_1_FMN_3/full_base_c1_s20_n1/output/1sbz_1_FMN_3/seed_101/predictions/1sbz_1_FMN_3_seed_101_sample_0.cif,B:165;D:174,external/PoseBench/data/dockgen_set/1sbz_1_FMN_3/1sbz_1_FMN_3_protein_processed.pdb,0.10705167055130005,35.11661148071289,0.20237849652767181,0.1261170357465744,14.07624798685235,0.0,68.211,ok,full_base_c1_s20_n1,13.232115074739209,False,24.388213520245504,False,results/posebench_702_predictions/protenix_gpu/dockgen/1sbz_1_FMN_3/full_base_c1_s20_n1/run_status.json,,,,,ok
results/posebench_702_predictions/protenix_gpu/dockgen/1sij_1_PCD_0/full_base_c1_s20_n1/output/1sij_1_PCD_0/seed_101/predictions/1sij_1_PCD_0_seed_101_summary_confidence_sample_0.json,dockgen,4,results/posebench_702_predictions/protenix_gpu/dockgen/1sij_1_PCD_0/full_base_c1_s20_n1/inputs/1sij_1_PCD_0.json,external/PoseBench/data/dockgen_set/1sij_1_PCD_0/1sij_1_PCD_0_ligand.pdb,47.0,NC1CCN([C@@H]2O[C@H](CO[PH](O)(O)O[PH](O)(O)OC[C@H]3O[C@H]4NC5NC(N)NC(O)C5N[C@H]4[C@@H]4[S][Mo]([OH])([OH])[S]C43)[C@@H](O)[C@H]2O)C(O)N1,907.0,A:907,protenix_base_default_v0.5.0,1sij_1_PCD_0,1.0,47.0,results/posebench_702_predictions/protenix_gpu/dockgen/1sij_1_PCD_0/full_base_c1_s20_n1,,10.0,,46.0,results/posebench_702_predictions/protenix_gpu/dockgen/1sij_1_PCD_0/full_base_c1_s20_n1/output/1sij_1_PCD_0/seed_101/predictions/1sij_1_PCD_0_seed_101_sample_0.cif,A:907,external/PoseBench/data/dockgen_set/1sij_1_PCD_0/1sij_1_PCD_0_protein_processed.pdb,0.33871203660964966,30.515104293823242,0.2023300975561142,0.31143563985824585,27.669912425659355,0.0,82.879,ok,full_base_c1_s20_n1,,False,,False,results/posebench_702_predictions/protenix_gpu/dockgen/1sij_1_PCD_0/full_base_c1_s20_n1/run_status.json,,,,,ok
results/posebench_702_predictions/protenix_gpu/dockgen/1tke_1_SER_0/full_base_c1_s20_n1/output/1tke_1_SER_0/seed_101/predictions/1tke_1_SER_0_seed_101_summary_confidence_sample_0.json,dockgen,7,results/posebench_702_predictions/protenix_gpu/dockgen/1tke_1_SER_0/full_base_c1_s20_n1/inputs/1tke_1_SER_0.json,external/PoseBench/data/dockgen_set/1tke_1_SER_0/1tke_1_SER_0_ligand.pdb,7.0,N[C@@H](CO)C(O)O,224.0,A:224,protenix_base_default_v0.5.0,1tke_1_SER_0,1.0,7.0,results/posebench_702_predictions/protenix_gpu/dockgen/1tke_1_SER_0/full_base_c1_s20_n1,14.077285285104715,10.0,46.0,7.0,results/posebench_702_predictions/protenix_gpu/dockgen/1tke_1_SER_0/full_base_c1_s20_n1/output/1tke_1_SER_0/seed_101/predictions/1tke_1_SER_0_seed_101_sample_0.cif,A:224,external/PoseBench/data/dockgen_set/1tke_1_SER_0/1tke_1_SER_0_protein_processed.pdb,0.14230845868587494,33.08243179321289,0.2571578323841095,0.1652783453464508,18.044444435323562,0.0,68.923,ok,full_base_c1_s20_n1,13.292043345338485,False,10.960445740553766,False,results/posebench_702_predictions/protenix_gpu/dockgen/1tke_1_SER_0/full_base_c1_s20_n1/run_status.json,,,,,ok
results/posebench_702_predictions/protenix_gpu/dockgen/1tkg_1_SSA_0/full_base_c1_s20_n1/output/1tkg_1_SSA_0/seed_101/predictions/1tkg_1_SSA_0_seed_101_summary_confidence_sample_0.json,dockgen,6,results/posebench_702_predictions/protenix_gpu/dockgen/1tkg_1_SSA_0/full_base_c1_s20_n1/inputs/1tkg_1_SSA_0.json,external/PoseBench/data/dockgen_set/1tkg_1_SSA_0/1tkg_1_SSA_0_ligand.pdb,29.0,NC1NCNC2C1NCN2[C@@H]1O[C@H](COS(O)(O)NC(O)[C@@H](N)CO)[C@@H](O)[C@H]1O,224.0,A:224,protenix_base_default_v0.5.0,1tkg_1_SSA_0,1.0,29.0,results/posebench_702_predictions/protenix_gpu/dockgen/1tkg_1_SSA_0/full_base_c1_s20_n1,13.351616793261407,10.0,68.0,29.0,results/posebench_702_predictions/protenix_gpu/dockgen/1tkg_1_SSA_0/full_base_c1_s20_n1/output/1tkg_1_SSA_0/seed_101/predictions/1tkg_1_SSA_0_seed_101_sample_0.cif,A:224,external/PoseBench/data/dockgen_set/1tkg_1_SSA_0/1tkg_1_SSA_0_protein_processed.pdb,0.18682549893856049,35.06509780883789,0.28958258032798767,0.20737692713737488,18.460009324915355,0.0,67.863,ok,full_base_c1_s20_n1,10.542763224121163,False,12.44508642320369,False,results/posebench_702_predictions/protenix_gpu/dockgen/1tkg_1_SSA_0/full_base_c1_s20_n1/run_status.json,,,,,ok
results/posebench_702_predictions/protenix_gpu/dockgen/1u8u_1_OCA_0/full_base_c1_s20_n1/output/1u8u_1_OCA_0/seed_101/predictions/1u8u_1_OCA_0_seed_101_summary_confidence_sample_0.json,dockgen,5,results/posebench_702_predictions/protenix_gpu/dockgen/1u8u_1_OCA_0/full_base_c1_s20_n1/inputs/1u8u_1_OCA_0.json,external/PoseBench/data/dockgen_set/1u8u_1_OCA_0/1u8u_1_OCA_0_ligand.pdb,10.0,CCCCCCCC(O)O,178.0,A:178,protenix_base_default_v0.5.0,1u8u_1_OCA_0,1.0,10.0,results/posebench_702_predictions/protenix_gpu/dockgen/1u8u_1_OCA_0/full_base_c1_s20_n1,6.678223317329507,10.0,53.0,10.0,results/posebench_702_predictions/protenix_gpu/dockgen/1u8u_1_OCA_0/full_base_c1_s20_n1/output/1u8u_1_OCA_0/seed_101/predictions/1u8u_1_OCA_0_seed_101_sample_0.cif,A:178,external/PoseBench/data/dockgen_set/1u8u_1_OCA_0/1u8u_1_OCA_0_protein_processed.pdb,0.3515015244483948,54.798675537109375,0.5353488922119141,0.3882710039615631,5.071596296290741,0.0,74.638,ok,full_base_c1_s20_n1,10.71628370625275,False,9.672973979296863,False,results/posebench_702_predictions/protenix_gpu/dockgen/1u8u_1_OCA_0/full_base_c1_s20_n1/run_status.json,,,,,ok
results/posebench_702_predictions/protenix_gpu/dockgen/1uf5_1_CDT_0/full_base_c1_s20_n1/output/1uf5_1_CDT_0/seed_101/predictions/1uf5_1_CDT_0_seed_101_summary_confidence_sample_0.json,dockgen,4,results/posebench_702_predictions/protenix_gpu/dockgen/1uf5_1_CDT_0/full_base_c1_s20_n1/inputs/1uf5_1_CDT_0.json,external/PoseBench/data/dockgen_set/1uf5_1_CDT_0/1uf5_1_CDT_0_ligand.pdb,12.0,CSCC[C@@H](NC(N)O)C(O)O,606.0,"A:303,B:303",protenix_base_default_v0.5.0,1uf5_1_CDT_0,2.0,12.0,results/posebench_702_predictions/protenix_gpu/dockgen/1uf5_1_CDT_0/full_base_c1_s20_n1,13.55718005079176,10.0,69.0,12.0,results/posebench_702_predictions/protenix_gpu/dockgen/1uf5_1_CDT_0/full_base_c1_s20_n1/output/1uf5_1_CDT_0/seed_101/predictions/1uf5_1_CDT_0_seed_101_sample_0.cif,A:303;B:303,external/PoseBench/data/dockgen_set/1uf5_1_CDT_0/1uf5_1_CDT_0_protein_processed.pdb,0.1230827048420906,38.40199279785156,0.2862185537815094,0.1557098776102066,21.017604146311115,0.0,104.341,ok,full_base_c1_s20_n1,7.422434632089222,False,18.4203978827588,False,results/posebench_702_predictions/protenix_gpu/dockgen/1uf5_1_CDT_0/full_base_c1_s20_n1/run_status.json,,,,,ok
results/posebench_702_predictions/protenix_gpu/dockgen/1uf7_1_CDV_0/full_base_c1_s20_n1/output/1uf7_1_CDV_0/seed_101/predictions/1uf7_1_CDV_0_seed_101_summary_confidence_sample_0.json,dockgen,7,results/posebench_702_predictions/protenix_gpu/dockgen/1uf7_1_CDV_0/full_base_c1_s20_n1/inputs/1uf7_1_CDV_0.json,external/PoseBench/data/dockgen_set/1uf7_1_CDV_0/1uf7_1_CDV_0_ligand.pdb,11.0,CC(C)[C@@H](NC(N)O)C(O)O,606.0,"A:303,B:303",protenix_base_default_v0.5.0,1uf7_1_CDV_0,2.0,11.0,results/posebench_702_predictions/protenix_gpu/dockgen/1uf7_1_CDV_0/full_base_c1_s20_n1,12.56516597301141,10.0,68.0,11.0,results/posebench_702_predictions/protenix_gpu/dockgen/1uf7_1_CDV_0/full_base_c1_s20_n1/output/1uf7_1_CDV_0/seed_101/predictions/1uf7_1_CDV_0_seed_101_sample_0.cif,A:303;B:303,external/PoseBench/data/dockgen_set/1uf7_1_CDV_0/1uf7_1_CDV_0_protein_processed.pdb,0.12347579747438431,38.65507125854492,0.2871858775615692,0.1562178134918213,21.85611244584766,0.0,102.337,ok,full_base_c1_s20_n1,7.73202053140479,False,16.89210162204314,False,results/posebench_702_predictions/protenix_gpu/dockgen/1uf7_1_CDV_0/full_base_c1_s20_n1/run_status.json,,,,,ok
results/posebench_702_predictions/protenix_gpu/dockgen/1uf8_1_ING_2/full_base_c1_s20_n1/output/1uf8_1_ING_2/seed_101/predictions/1uf8_1_ING_2_seed_101_summary_confidence_sample_0.json,dockgen,6,results/posebench_702_predictions/protenix_gpu/dockgen/1uf8_1_ING_2/full_base_c1_s20_n1/inputs/1uf8_1_ING_2.json,external/PoseBench/data/dockgen_set/1uf8_1_ING_2/1uf8_1_ING_2_ligand.pdb,15.0,NC(O)N[C@H](CC1CCCCC1)C(O)O,606.0,"A:303,B:303",protenix_base_default_v0.5.0,1uf8_1_ING_2,2.0,15.0,results/posebench_702_predictions/protenix_gpu/dockgen/1uf8_1_ING_2/full_base_c1_s20_n1,13.908024517596598,10.0,73.0,15.0,results/posebench_702_predictions/protenix_gpu/dockgen/1uf8_1_ING_2/full_base_c1_s20_n1/output/1uf8_1_ING_2/seed_101/predictions/1uf8_1_ING_2_seed_101_sample_0.cif,A:303;B:303,external/PoseBench/data/dockgen_set/1uf8_1_ING_2/1uf8_1_ING_2_protein_processed.pdb,0.1290300190448761,39.31224822998047,0.29140058159828186,0.1615041345357895,20.404490628647952,0.0,94.03,ok,full_base_c1_s20_n1,20.07441098114498,False,27.265003069172174,False,results/posebench_702_predictions/protenix_gpu/dockgen/1uf8_1_ING_2/full_base_c1_s20_n1/run_status.json,,,,,ok
results/posebench_702_predictions/protenix_gpu/dockgen/1v2g_1_OCA_0/full_base_c1_s20_n1/output/1v2g_1_OCA_0/seed_101/predictions/1v2g_1_OCA_0_seed_101_summary_confidence_sample_0.json,dockgen,5,results/posebench_702_predictions/protenix_gpu/dockgen/1v2g_1_OCA_0/full_base_c1_s20_n1/inputs/1v2g_1_OCA_0.json,external/PoseBench/data/dockgen_set/1v2g_1_OCA_0/1v2g_1_OCA_0_ligand.pdb,10.0,CCCCCCCC(O)O,178.0,A:178,protenix_base_default_v0.5.0,1v2g_1_OCA_0,1.0,10.0,results/posebench_702_predictions/protenix_gpu/dockgen/1v2g_1_OCA_0/full_base_c1_s20_n1,6.032172907783411,10.0,53.0,10.0,results/posebench_702_predictions/protenix_gpu/dockgen/1v2g_1_OCA_0/full_base_c1_s20_n1/output/1v2g_1_OCA_0/seed_101/predictions/1v2g_1_OCA_0_seed_101_sample_0.cif,A:178,external/PoseBench/data/dockgen_set/1v2g_1_OCA_0/1v2g_1_OCA_0_protein_processed.pdb,0.3434287905693054,55.059814453125,0.5498158931732178,0.3847062289714813,4.725646000877366,0.0,85.408,ok,full_base_c1_s20_n1,11.90621569765139,False,11.341112311917797,False,results/posebench_702_predictions/protenix_gpu/dockgen/1v2g_1_OCA_0/full_base_c1_s20_n1/run_status.json,,,,,ok
results/posebench_702_predictions/protenix_gpu/dockgen/1v97_1_MTE_1/full_base_c1_s20_n1/output/1v97_1_MTE_1/seed_101/predictions/1v97_1_MTE_1_seed_101_summary_confidence_sample_0.json,dockgen,4,results/posebench_702_predictions/protenix_gpu/dockgen/1v97_1_MTE_1/full_base_c1_s20_n1/inputs/1v97_1_MTE_1.json,external/PoseBench/data/dockgen_set/1v97_1_MTE_1/1v97_1_MTE_1_ligand.pdb,24.0,NC1NC(O)[C@@H]2N[C@H]3C(S)C(S)[C@@H](CO[PH](O)(O)O)O[C@H]3NC2N1,1296.0,concat:1296,protenix_base_default_v0.5.0,1v97_1_MTE_1,1.0,24.0,results/posebench_702_predictions/protenix_gpu/dockgen/1v97_1_MTE_1/full_base_c1_s20_n1,,10.0,0.0,24.0,results/posebench_702_predictions/protenix_gpu/dockgen/1v97_1_MTE_1/full_base_c1_s20_n1/output/1v97_1_MTE_1/seed_101/predictions/1v97_1_MTE_1_seed_101_sample_0.cif,B:1296,external/PoseBench/data/dockgen_set/1v97_1_MTE_1/1v97_1_MTE_1_protein_processed.pdb,0.26870203018188477,33.754173278808594,0.22914142906665802,0.2607899308204651,23.504258750229937,0.0,111.532,ok,full_base_c1_s20_n1,,False,14.744996042552122,False,results/posebench_702_predictions/protenix_gpu/dockgen/1v97_1_MTE_1/full_base_c1_s20_n1/run_status.json,,,,,ok
results/posebench_702_predictions/protenix_gpu/dockgen/1za2_1_CTP_4/full_base_c1_s20_n1/output/1za2_1_CTP_4/seed_101/predictions/1za2_1_CTP_4_seed_101_summary_confidence_sample_0.json,dockgen,7,results/posebench_702_predictions/protenix_gpu/dockgen/1za2_1_CTP_4/full_base_c1_s20_n1/inputs/1za2_1_CTP_4.json,external/PoseBench/data/dockgen_set/1za2_1_CTP_4/1za2_1_CTP_4_ligand.pdb,29.0,NC1CCN([C@@H]2O[C@H](CO[PH](O)(O)O[PH](O)(O)O[PH](O)(O)O)[C@@H](O)[C@H]2O)C(O)N1,144.0,concat:144,protenix_base_default_v0.5.0,1za2_1_CTP_4,1.0,29.0,results/posebench_702_predictions/protenix_gpu/dockgen/1za2_1_CTP_4/full_base_c1_s20_n1,,10.0,0.0,29.0,results/posebench_702_predictions/protenix_gpu/dockgen/1za2_1_CTP_4/full_base_c1_s20_n1/output/1za2_1_CTP_4/seed_101/predictions/1za2_1_CTP_4_seed_101_sample_0.cif,D:144,external/PoseBench/data/dockgen_set/1za2_1_CTP_4/1za2_1_CTP_4_protein_processed.pdb,0.13572439551353455,33.19755935668945,0.19595512747764587,0.14777053892612457,17.17454153350924,0.0,67.219,ok,full_base_c1_s20_n1,,False,24.99145347456412,False,results/posebench_702_predictions/protenix_gpu/dockgen/1za2_1_CTP_4/full_base_c1_s20_n1/run_status.json,,,,,ok
results/posebench_702_predictions/protenix_gpu/dockgen/2cdc_1_XYS_5/full_base_c1_s20_n1/output/2cdc_1_XYS_5/seed_101/predictions/2cdc_1_XYS_5_seed_101_summary_confidence_sample_0.json,dockgen,6,results/posebench_702_predictions/protenix_gpu/dockgen/2cdc_1_XYS_5/full_base_c1_s20_n1/inputs/2cdc_1_XYS_5.json,external/PoseBench/data/dockgen_set/2cdc_1_XYS_5/2cdc_1_XYS_5_ligand.pdb,10.0,O[C@@H]1[C@@H](O)[C@@H](O)OC[C@H]1O,718.0,concat:718,protenix_base_default_v0.5.0,2cdc_1_XYS_5,2.0,10.0,results/posebench_702_predictions/protenix_gpu/dockgen/2cdc_1_XYS_5/full_base_c1_s20_n1,,10.0,0.0,10.0,results/posebench_702_predictions/protenix_gpu/dockgen/2cdc_1_XYS_5/full_base_c1_s20_n1/output/2cdc_1_XYS_5/seed_101/predictions/2cdc_1_XYS_5_seed_101_sample_0.cif,C:359;D:359,external/PoseBench/data/dockgen_set/2cdc_1_XYS_5/2cdc_1_XYS_5_protein_processed.pdb,0.1331930011510849,32.61482238769531,0.24794350564479828,0.15614309906959534,23.05178324137345,0.0,83.808,ok,full_base_c1_s20_n1,,False,15.87528893760133,False,results/posebench_702_predictions/protenix_gpu/dockgen/2cdc_1_XYS_5/full_base_c1_s20_n1/run_status.json,,,,,ok
results/posebench_702_predictions/protenix_gpu/dockgen/2ext_1_TRP_0/full_base_c1_s20_n1/output/2ext_1_TRP_0/seed_101/predictions/2ext_1_TRP_0_seed_101_summary_confidence_sample_0.json,dockgen,5,results/posebench_702_predictions/protenix_gpu/dockgen/2ext_1_TRP_0/full_base_c1_s20_n1/inputs/2ext_1_TRP_0.json,external/PoseBench/data/dockgen_set/2ext_1_TRP_0/2ext_1_TRP_0_ligand.pdb,15.0,N[C@@H](CC1CNC2CCCCC12)C(O)O,63.0,A:63,protenix_base_default_v0.5.0,2ext_1_TRP_0,2.0,15.0,results/posebench_702_predictions/protenix_gpu/dockgen/2ext_1_TRP_0/full_base_c1_s20_n1,4.738628571993926,10.0,35.0,15.0,results/posebench_702_predictions/protenix_gpu/dockgen/2ext_1_TRP_0/full_base_c1_s20_n1/output/2ext_1_TRP_0/seed_101/predictions/2ext_1_TRP_0_seed_101_sample_0.cif,C:66;A:63,external/PoseBench/data/dockgen_set/2ext_1_TRP_0/2ext_1_TRP_0_protein_processed.pdb,0.37033629417419434,64.13311004638672,0.5444324612617493,0.4051555395126343,9.952075076962796,0.0,71.022,ok,full_base_c1_s20_n1,15.458215291557927,False,13.133833150549828,False,results/posebench_702_predictions/protenix_gpu/dockgen/2ext_1_TRP_0/full_base_c1_s20_n1/run_status.json,,,,,ok
results/posebench_702_predictions/protenix_gpu/dockgen/2g7c_1_NAG-GAL-GLA_1/full_base_c1_s20_n1/output/2g7c_1_NAG-GAL-GLA_1/seed_101/predictions/2g7c_1_NAG-GAL-GLA_1_seed_101_summary_confidence_sample_0.json,dockgen,4,results/posebench_702_predictions/protenix_gpu/dockgen/2g7c_1_NAG-GAL-GLA_1/full_base_c1_s20_n1/inputs/2g7c_1_NAG-GAL-GLA_1.json,external/PoseBench/data/dockgen_set/2g7c_1_NAG-GAL-GLA_1/2g7c_1_NAG-GAL-GLA_1_ligand.pdb,37.0,CC(O)N[C@@H]1[C@@H](O)[C@H](O[C@@H]2O[C@H](CO)[C@H](O)[C@H](O[C@H]3O[C@H](CO)[C@H](O)[C@H](O)[C@H]3O)[C@H]2O)[C@@H](CO)O[C@H]1O,245.0,A:245,protenix_base_default_v0.5.0,2g7c_1_NAG-GAL-GLA_1,1.0,37.0,results/posebench_702_predictions/protenix_gpu/dockgen/2g7c_1_NAG-GAL-GLA_1/full_base_c1_s20_n1,9.319937005436643,10.0,46.0,37.0,results/posebench_702_predictions/protenix_gpu/dockgen/2g7c_1_NAG-GAL-GLA_1/full_base_c1_s20_n1/output/2g7c_1_NAG-GAL-GLA_1/seed_101/predictions/2g7c_1_NAG-GAL-GLA_1_seed_101_sample_0.cif,A:245,external/PoseBench/data/dockgen_set/2g7c_1_NAG-GAL-GLA_1/2g7c_1_NAG-GAL-GLA_1_protein_processed.pdb,0.13601712882518768,33.80659484863281,0.19651181995868683,0.1481160670518875,20.972833521041302,0.0,77.634,ok,full_base_c1_s20_n1,15.227937581177295,False,23.27674280091858,False,results/posebench_702_predictions/protenix_gpu/dockgen/2g7c_1_NAG-GAL-GLA_1/full_base_c1_s20_n1/run_status.json,,,,,ok
results/posebench_702_predictions/protenix_gpu/dockgen/2gag_1_FOA_0/full_base_c1_s20_n1/output/2gag_1_FOA_0/seed_101/predictions/2gag_1_FOA_0_seed_101_summary_confidence_sample_0.json,dockgen,7,results/posebench_702_predictions/protenix_gpu/dockgen/2gag_1_FOA_0/full_base_c1_s20_n1/inputs/2gag_1_FOA_0.json,external/PoseBench/data/dockgen_set/2gag_1_FOA_0/2gag_1_FOA_0_ligand.pdb,8.0,OC(O)C1CCCO1,965.0,A:965,protenix_base_default_v0.5.0,2gag_1_FOA_0,1.0,8.0,results/posebench_702_predictions/protenix_gpu/dockgen/2gag_1_FOA_0/full_base_c1_s20_n1,14.093430118198553,10.0,27.0,8.0,results/posebench_702_predictions/protenix_gpu/dockgen/2gag_1_FOA_0/full_base_c1_s20_n1/output/2gag_1_FOA_0/seed_101/predictions/2gag_1_FOA_0_seed_101_sample_0.cif,A:965,external/PoseBench/data/dockgen_set/2gag_1_FOA_0/2gag_1_FOA_0_protein_processed.pdb,0.3165357708930969,29.872343063354492,0.2056523859500885,0.29435911774635315,31.794628059957173,0.0,90.932,ok,full_base_c1_s20_n1,10.803411034511768,False,45.544413376239255,False,results/posebench_702_predictions/protenix_gpu/dockgen/2gag_1_FOA_0/full_base_c1_s20_n1/run_status.json,,,,,ok
results/posebench_702_predictions/protenix_gpu/dockgen/2gag_1_NAD_0/full_base_c1_s20_n1/output/2gag_1_NAD_0/seed_101/predictions/2gag_1_NAD_0_seed_101_summary_confidence_sample_0.json,dockgen,6,results/posebench_702_predictions/protenix_gpu/dockgen/2gag_1_NAD_0/full_base_c1_s20_n1/inputs/2gag_1_NAD_0.json,external/PoseBench/data/dockgen_set/2gag_1_NAD_0/2gag_1_NAD_0_ligand.pdb,44.0,NC1NCNC2C1NCN2[C@@H]1O[C@H](CO[PH](O)(O)O[PH](O)(O)OC[C@H]2O[C@@H](N3CCCC([C@H](N)O)C3)[C@H](O)[C@@H]2O)[C@@H](O)[C@H]1O,965.0,A:965,protenix_base_default_v0.5.0,2gag_1_NAD_0,1.0,44.0,results/posebench_702_predictions/protenix_gpu/dockgen/2gag_1_NAD_0/full_base_c1_s20_n1,16.67400895826023,10.0,134.0,44.0,results/posebench_702_predictions/protenix_gpu/dockgen/2gag_1_NAD_0/full_base_c1_s20_n1/output/2gag_1_NAD_0/seed_101/predictions/2gag_1_NAD_0_seed_101_sample_0.cif,A:965,external/PoseBench/data/dockgen_set/2gag_1_NAD_0/2gag_1_NAD_0_protein_processed.pdb,0.36485108733177185,30.798234939575195,0.21648858487606049,0.33517858386039734,33.085256592581146,0.0,109.414,ok,full_base_c1_s20_n1,13.326624175320473,False,30.811666409419885,False,results/posebench_702_predictions/protenix_gpu/dockgen/2gag_1_NAD_0/full_base_c1_s20_n1/run_status.json,,,,,ok
results/posebench_702_predictions/protenix_gpu/dockgen/2gah_1_NAD_0/full_base_c1_s20_n1/output/2gah_1_NAD_0/seed_101/predictions/2gah_1_NAD_0_seed_101_summary_confidence_sample_0.json,dockgen,5,results/posebench_702_predictions/protenix_gpu/dockgen/2gah_1_NAD_0/full_base_c1_s20_n1/inputs/2gah_1_NAD_0.json,external/PoseBench/data/dockgen_set/2gah_1_NAD_0/2gah_1_NAD_0_ligand.pdb,44.0,NC(O)C1CCCN([C@@H]2O[C@H](CO[PH](O)(O)O[PH](O)(O)OC[C@H]3O[C@@H](N4CNC5C(N)NCNC54)[C@H](O)[C@@H]3O)[C@@H](O)[C@H]2O)C1,948.0,A:948,protenix_base_default_v0.5.0,2gah_1_NAD_0,1.0,44.0,results/posebench_702_predictions/protenix_gpu/dockgen/2gah_1_NAD_0/full_base_c1_s20_n1,14.312793944713103,10.0,131.0,44.0,results/posebench_702_predictions/protenix_gpu/dockgen/2gah_1_NAD_0/full_base_c1_s20_n1/output/2gah_1_NAD_0/seed_101/predictions/2gah_1_NAD_0_seed_101_sample_0.cif,A:948,external/PoseBench/data/dockgen_set/2gah_1_NAD_0/2gah_1_NAD_0_protein_processed.pdb,0.2853291630744934,31.469770431518555,0.20158728957176208,0.2685807943344116,30.592873355298916,0.0,95.881,ok,full_base_c1_s20_n1,11.258299260320538,False,25.170872216998845,False,results/posebench_702_predictions/protenix_gpu/dockgen/2gah_1_NAD_0/full_base_c1_s20_n1/run_status.json,,,,,ok
results/posebench_702_predictions/protenix_gpu/dockgen/2gf3_2_FOA_1/full_base_c1_s20_n1/output/2gf3_2_FOA_1/seed_101/predictions/2gf3_2_FOA_1_seed_101_summary_confidence_sample_0.json,dockgen,4,results/posebench_702_predictions/protenix_gpu/dockgen/2gf3_2_FOA_1/full_base_c1_s20_n1/inputs/2gf3_2_FOA_1.json,external/PoseBench/data/dockgen_set/2gf3_2_FOA_1/2gf3_2_FOA_1_ligand.pdb,8.0,OC(O)C1CCCO1,385.0,concat:385,protenix_base_default_v0.5.0,2gf3_2_FOA_1,1.0,8.0,results/posebench_702_predictions/protenix_gpu/dockgen/2gf3_2_FOA_1/full_base_c1_s20_n1,,10.0,0.0,8.0,results/posebench_702_predictions/protenix_gpu/dockgen/2gf3_2_FOA_1/full_base_c1_s20_n1/output/2gf3_2_FOA_1/seed_101/predictions/2gf3_2_FOA_1_seed_101_sample_0.cif,B:385,external/PoseBench/data/dockgen_set/2gf3_2_FOA_1/2gf3_2_FOA_1_protein_processed.pdb,0.4768027663230896,33.04772186279297,0.2865481376647949,0.43875184655189514,20.314637161813643,0.0,88.412,ok,full_base_c1_s20_n1,,False,16.86891680608954,False,results/posebench_702_predictions/protenix_gpu/dockgen/2gf3_2_FOA_1/full_base_c1_s20_n1/run_status.json,,,,,ok
results/posebench_702_predictions/protenix_gpu/dockgen/2him_1_ASN_3/full_base_c1_s20_n1/output/2him_1_ASN_3/seed_101/predictions/2him_1_ASN_3_seed_101_summary_confidence_sample_0.json,dockgen,7,results/posebench_702_predictions/protenix_gpu/dockgen/2him_1_ASN_3/full_base_c1_s20_n1/inputs/2him_1_ASN_3.json,external/PoseBench/data/dockgen_set/2him_1_ASN_3/2him_1_ASN_3_ligand.pdb,9.0,NC(O)C[C@H](N)C(O)O,329.0,B:329,protenix_base_default_v0.5.0,2him_1_ASN_3,2.0,9.0,results/posebench_702_predictions/protenix_gpu/dockgen/2him_1_ASN_3/full_base_c1_s20_n1,8.814474349717738,10.0,16.0,9.0,results/posebench_702_predictions/protenix_gpu/dockgen/2him_1_ASN_3/full_base_c1_s20_n1/output/2him_1_ASN_3/seed_101/predictions/2him_1_ASN_3_seed_101_sample_0.cif,B:329;D:331,external/PoseBench/data/dockgen_set/2him_1_ASN_3/2him_1_ASN_3_protein_processed.pdb,0.14996066689491272,35.7783317565918,0.25724297761917114,0.17141713201999664,17.969753592080036,0.0,84.025,ok,full_base_c1_s20_n1,19.82615349628269,False,11.076774425902443,False,results/posebench_702_predictions/protenix_gpu/dockgen/2him_1_ASN_3/full_base_c1_s20_n1/run_status.json,,,,,ok
results/posebench_702_predictions/protenix_gpu/dockgen/2hk9_1_SKM_0/full_base_c1_s20_n1/output/2hk9_1_SKM_0/seed_101/predictions/2hk9_1_SKM_0_seed_101_summary_confidence_sample_0.json,dockgen,6,results/posebench_702_predictions/protenix_gpu/dockgen/2hk9_1_SKM_0/full_base_c1_s20_n1/inputs/2hk9_1_SKM_0.json,external/PoseBench/data/dockgen_set/2hk9_1_SKM_0/2hk9_1_SKM_0_ligand.pdb,12.0,OC(O)[C@H]1C[C@@H](O)[C@@H](O)[C@H](O)C1,269.0,A:269,protenix_base_default_v0.5.0,2hk9_1_SKM_0,1.0,12.0,results/posebench_702_predictions/protenix_gpu/dockgen/2hk9_1_SKM_0/full_base_c1_s20_n1,13.15653271550919,10.0,66.0,12.0,results/posebench_702_predictions/protenix_gpu/dockgen/2hk9_1_SKM_0/full_base_c1_s20_n1/output/2hk9_1_SKM_0/seed_101/predictions/2hk9_1_SKM_0_seed_101_sample_0.cif,A:269,external/PoseBench/data/dockgen_set/2hk9_1_SKM_0/2hk9_1_SKM_0_protein_processed.pdb,0.5508427023887634,40.54117965698242,0.3474380075931549,0.5101617574691772,17.95836940932045,0.0,74.058,ok,full_base_c1_s20_n1,12.501725788462055,False,11.734103078469635,False,results/posebench_702_predictions/protenix_gpu/dockgen/2hk9_1_SKM_0/full_base_c1_s20_n1/run_status.json,,,,,ok
results/posebench_702_predictions/protenix_gpu/dockgen/2hs3_1_FGR_0/full_base_c1_s20_n1/output/2hs3_1_FGR_0/seed_101/predictions/2hs3_1_FGR_0_seed_101_summary_confidence_sample_0.json,dockgen,5,results/posebench_702_predictions/protenix_gpu/dockgen/2hs3_1_FGR_0/full_base_c1_s20_n1/inputs/2hs3_1_FGR_0.json,external/PoseBench/data/dockgen_set/2hs3_1_FGR_0/2hs3_1_FGR_0_ligand.pdb,20.0,OCNCC(O)N[C@@H]1O[C@H](CO[PH](O)(O)O)[C@@H](O)[C@H]1O,602.0,A:602,protenix_base_default_v0.5.0,2hs3_1_FGR_0,1.0,20.0,results/posebench_702_predictions/protenix_gpu/dockgen/2hs3_1_FGR_0/full_base_c1_s20_n1,15.253664083196623,10.0,93.0,20.0,results/posebench_702_predictions/protenix_gpu/dockgen/2hs3_1_FGR_0/full_base_c1_s20_n1/output/2hs3_1_FGR_0/seed_101/predictions/2hs3_1_FGR_0_seed_101_sample_0.cif,A:602,external/PoseBench/data/dockgen_set/2hs3_1_FGR_0/2hs3_1_FGR_0_protein_processed.pdb,0.29337263107299805,30.981727600097656,0.19896654784679413,0.27449139952659607,22.363075606495453,0.0,78.691,ok,full_base_c1_s20_n1,8.642664566126365,False,15.729259548096362,False,results/posebench_702_predictions/protenix_gpu/dockgen/2hs3_1_FGR_0/full_base_c1_s20_n1/run_status.json,,,,,ok
results/posebench_702_predictions/protenix_gpu/dockgen/2o5m_1_MNR_0/full_base_c1_s20_n1/output/2o5m_1_MNR_0/seed_101/predictions/2o5m_1_MNR_0_seed_101_summary_confidence_sample_0.json,dockgen,4,results/posebench_702_predictions/protenix_gpu/dockgen/2o5m_1_MNR_0/full_base_c1_s20_n1/inputs/2o5m_1_MNR_0.json,external/PoseBench/data/dockgen_set/2o5m_1_MNR_0/2o5m_1_MNR_0_ligand.pdb,43.0,CCC1C(C)C2C[C@@H]3[C@H](C)[C@H](CCC(O)O)C4CC5[C@@H](CCC(O)O)C(C)C6CC7[C@@H](CC)[C@H](C)C8CC1[N]2[Mn@SP2]([N]65)([N]87)[N]43,152.0,concat:152,protenix_base_default_v0.5.0,2o5m_1_MNR_0,1.0,43.0,results/posebench_702_predictions/protenix_gpu/dockgen/2o5m_1_MNR_0/full_base_c1_s20_n1,,10.0,0.0,43.0,results/posebench_702_predictions/protenix_gpu/dockgen/2o5m_1_MNR_0/full_base_c1_s20_n1/output/2o5m_1_MNR_0/seed_101/predictions/2o5m_1_MNR_0_seed_101_sample_0.cif,X:152,external/PoseBench/data/dockgen_set/2o5m_1_MNR_0/2o5m_1_MNR_0_protein_processed.pdb,0.44888386130332947,42.805870056152344,0.33440321683883667,0.42598775029182434,17.21156495463752,0.0,76.762,ok,full_base_c1_s20_n1,,False,11.349684592757507,False,results/posebench_702_predictions/protenix_gpu/dockgen/2o5m_1_MNR_0/full_base_c1_s20_n1/run_status.json,,,,,ok
results/posebench_702_predictions/protenix_gpu/dockgen/2q37_1_3AL_0/full_base_c1_s20_n1/output/2q37_1_3AL_0/seed_101/predictions/2q37_1_3AL_0_seed_101_summary_confidence_sample_0.json,dockgen,7,results/posebench_702_predictions/protenix_gpu/dockgen/2q37_1_3AL_0/full_base_c1_s20_n1/inputs/2q37_1_3AL_0.json,external/PoseBench/data/dockgen_set/2q37_1_3AL_0/2q37_1_3AL_0_ligand.pdb,11.0,NC(O)N[C@H]1NC(O)NC1O,137.0,A:137,protenix_base_default_v0.5.0,2q37_1_3AL_0,1.0,11.0,results/posebench_702_predictions/protenix_gpu/dockgen/2q37_1_3AL_0/full_base_c1_s20_n1,13.861576329143864,10.0,49.0,11.0,results/posebench_702_predictions/protenix_gpu/dockgen/2q37_1_3AL_0/full_base_c1_s20_n1/output/2q37_1_3AL_0/seed_101/predictions/2q37_1_3AL_0_seed_101_sample_0.cif,A:137,external/PoseBench/data/dockgen_set/2q37_1_3AL_0/2q37_1_3AL_0_protein_processed.pdb,0.42020702362060547,47.040103912353516,0.3155452013015747,0.39927467703819275,15.273132993248193,0.0,74.842,ok,full_base_c1_s20_n1,12.189771397937125,False,9.94638384847517,False,results/posebench_702_predictions/protenix_gpu/dockgen/2q37_1_3AL_0/full_base_c1_s20_n1/run_status.json,,,,,ok
results/posebench_702_predictions/protenix_gpu/dockgen/2q6k_1_ADN_1/full_base_c1_s20_n1/output/2q6k_1_ADN_1/seed_101/predictions/2q6k_1_ADN_1_seed_101_summary_confidence_sample_0.json,dockgen,6,results/posebench_702_predictions/protenix_gpu/dockgen/2q6k_1_ADN_1/full_base_c1_s20_n1/inputs/2q6k_1_ADN_1.json,external/PoseBench/data/dockgen_set/2q6k_1_ADN_1/2q6k_1_ADN_1_ligand.pdb,19.0,NC1NCNC2C1NCN2[C@@H]1O[C@H](CO)[C@@H](O)[C@H]1O,257.0,A:257,protenix_base_default_v0.5.0,2q6k_1_ADN_1,1.0,19.0,results/posebench_702_predictions/protenix_gpu/dockgen/2q6k_1_ADN_1/full_base_c1_s20_n1,9.996786342641816,10.0,43.0,19.0,results/posebench_702_predictions/protenix_gpu/dockgen/2q6k_1_ADN_1/full_base_c1_s20_n1/output/2q6k_1_ADN_1/seed_101/predictions/2q6k_1_ADN_1_seed_101_sample_0.cif,A:257,external/PoseBench/data/dockgen_set/2q6k_1_ADN_1/2q6k_1_ADN_1_protein_processed.pdb,0.2131272554397583,30.450408935546875,0.21619659662246704,0.21374113857746124,20.495262229571182,0.0,93.999,ok,full_base_c1_s20_n1,13.550150762635013,False,16.602098309060583,False,results/posebench_702_predictions/protenix_gpu/dockgen/2q6k_1_ADN_1/full_base_c1_s20_n1/run_status.json,,,,,ok
results/posebench_702_predictions/protenix_gpu/dockgen/2r4e_1_13P_0/full_base_c1_s20_n1/output/2r4e_1_13P_0/seed_101/predictions/2r4e_1_13P_0_seed_101_summary_confidence_sample_0.json,dockgen,5,results/posebench_702_predictions/protenix_gpu/dockgen/2r4e_1_13P_0/full_base_c1_s20_n1/inputs/2r4e_1_13P_0.json,external/PoseBench/data/dockgen_set/2r4e_1_13P_0/2r4e_1_13P_0_ligand.pdb,10.0,OC[C@@H](O)CO[PH](O)(O)O,494.0,A:494,protenix_base_default_v0.5.0,2r4e_1_13P_0,1.0,10.0,results/posebench_702_predictions/protenix_gpu/dockgen/2r4e_1_13P_0/full_base_c1_s20_n1,16.1522152631814,10.0,66.0,10.0,results/posebench_702_predictions/protenix_gpu/dockgen/2r4e_1_13P_0/full_base_c1_s20_n1/output/2r4e_1_13P_0/seed_101/predictions/2r4e_1_13P_0_seed_101_sample_0.cif,A:494,external/PoseBench/data/dockgen_set/2r4e_1_13P_0/2r4e_1_13P_0_protein_processed.pdb,0.37833070755004883,33.24904251098633,0.21867159008979797,0.34639889001846313,25.252496147284187,0.0,72.867,ok,full_base_c1_s20_n1,8.515645763102304,False,16.291065220322782,False,results/posebench_702_predictions/protenix_gpu/dockgen/2r4e_1_13P_0/full_base_c1_s20_n1/run_status.json,,,,,ok
results/posebench_702_predictions/protenix_gpu/dockgen/2v5e_1_GU4-YYJ_0/full_base_c1_s20_n1/output/2v5e_1_GU4-YYJ_0/seed_101/predictions/2v5e_1_GU4-YYJ_0_seed_101_summary_confidence_sample_0.json,dockgen,4,results/posebench_702_predictions/protenix_gpu/dockgen/2v5e_1_GU4-YYJ_0/full_base_c1_s20_n1/inputs/2v5e_1_GU4-YYJ_0.json,external/PoseBench/data/dockgen_set/2v5e_1_GU4-YYJ_0/2v5e_1_GU4-YYJ_0_ligand.pdb,55.0,OS(O)(O)OC[C@H]1O[C@@](COS(O)(O)O)(O[C@H]2O[C@H](COS(O)(O)O)[C@@H](OS(O)(O)O)[C@H](OS(O)(O)O)[C@H]2OS(O)(O)O)[C@@H](OS(O)(O)O)[C@@H]1OS(O)(O)O,200.0,A:200,protenix_base_default_v0.5.0,2v5e_1_GU4-YYJ_0,1.0,55.0,results/posebench_702_predictions/protenix_gpu/dockgen/2v5e_1_GU4-YYJ_0/full_base_c1_s20_n1,11.88075490637661,10.0,36.0,55.0,results/posebench_702_predictions/protenix_gpu/dockgen/2v5e_1_GU4-YYJ_0/full_base_c1_s20_n1/output/2v5e_1_GU4-YYJ_0/seed_101/predictions/2v5e_1_GU4-YYJ_0_seed_101_sample_0.cif,A:200,external/PoseBench/data/dockgen_set/2v5e_1_GU4-YYJ_0/2v5e_1_GU4-YYJ_0_protein_processed.pdb,0.2279227375984192,31.180816650390625,0.2325693666934967,0.2288520634174347,17.509425404715593,0.0,69.832,ok,full_base_c1_s20_n1,24.836586129319645,False,24.28698162116446,False,results/posebench_702_predictions/protenix_gpu/dockgen/2v5e_1_GU4-YYJ_0/full_base_c1_s20_n1/run_status.json,,,,,ok
results/posebench_702_predictions/protenix_gpu/dockgen/2v7t_1_SAH_4/full_base_c1_s20_n1/output/2v7t_1_SAH_4/seed_101/predictions/2v7t_1_SAH_4_seed_101_summary_confidence_sample_0.json,dockgen,7,results/posebench_702_predictions/protenix_gpu/dockgen/2v7t_1_SAH_4/full_base_c1_s20_n1/inputs/2v7t_1_SAH_4.json,external/PoseBench/data/dockgen_set/2v7t_1_SAH_4/2v7t_1_SAH_4_ligand.pdb,26.0,NC1NCNC2C1NCN2[C@@H]1O[C@H](CSCC[C@H](N)C(O)O)[C@@H](O)[C@H]1O,291.0,B:291,protenix_base_default_v0.5.0,2v7t_1_SAH_4,2.0,26.0,results/posebench_702_predictions/protenix_gpu/dockgen/2v7t_1_SAH_4/full_base_c1_s20_n1,8.130412154355502,10.0,46.0,26.0,results/posebench_702_predictions/protenix_gpu/dockgen/2v7t_1_SAH_4/full_base_c1_s20_n1/output/2v7t_1_SAH_4/seed_101/predictions/2v7t_1_SAH_4_seed_101_sample_0.cif,B:291;C:291,external/PoseBench/data/dockgen_set/2v7t_1_SAH_4/2v7t_1_SAH_4_protein_processed.pdb,0.12180768698453903,29.16965103149414,0.18600547313690186,0.13464725017547607,17.798058169038324,0.0,75.984,ok,full_base_c1_s20_n1,32.59974246691877,False,31.967636771813073,False,results/posebench_702_predictions/protenix_gpu/dockgen/2v7t_1_SAH_4/full_base_c1_s20_n1/run_status.json,,,,,ok
results/posebench_702_predictions/protenix_gpu/dockgen/2v7u_1_SAM_2/full_base_c1_s20_n1/output/2v7u_1_SAM_2/seed_101/predictions/2v7u_1_SAM_2_seed_101_summary_confidence_sample_0.json,dockgen,6,results/posebench_702_predictions/protenix_gpu/dockgen/2v7u_1_SAM_2/full_base_c1_s20_n1/inputs/2v7u_1_SAM_2.json,external/PoseBench/data/dockgen_set/2v7u_1_SAM_2/2v7u_1_SAM_2_ligand.pdb,27.0,C[S@@H](CC[C@H](N)C(O)O)C[C@H]1O[C@@H](N2CNC3C(N)NCNC32)[C@H](O)[C@@H]1O,582.0,"A:291,B:291",protenix_base_default_v0.5.0,2v7u_1_SAM_2,2.0,27.0,results/posebench_702_predictions/protenix_gpu/dockgen/2v7u_1_SAM_2/full_base_c1_s20_n1,15.964440473181565,10.0,94.0,27.0,results/posebench_702_predictions/protenix_gpu/dockgen/2v7u_1_SAM_2/full_base_c1_s20_n1/output/2v7u_1_SAM_2/seed_101/predictions/2v7u_1_SAM_2_seed_101_sample_0.cif,A:291;B:291,external/PoseBench/data/dockgen_set/2v7u_1_SAM_2/2v7u_1_SAM_2_protein_processed.pdb,0.12081042677164078,29.800355911254883,0.18811967968940735,0.1342722773551941,20.625467338522522,0.0,84.573,ok,full_base_c1_s20_n1,12.228971198454254,False,20.656357407631088,False,results/posebench_702_predictions/protenix_gpu/dockgen/2v7u_1_SAM_2/full_base_c1_s20_n1/run_status.json,,,,,ok
results/posebench_702_predictions/protenix_gpu/dockgen/2v7v_1_5FD_0/full_base_c1_s20_n1/output/2v7v_1_5FD_0/seed_101/predictions/2v7v_1_5FD_0_seed_101_summary_confidence_sample_0.json,dockgen,5,results/posebench_702_predictions/protenix_gpu/dockgen/2v7v_1_5FD_0/full_base_c1_s20_n1/inputs/2v7v_1_5FD_0.json,external/PoseBench/data/dockgen_set/2v7v_1_5FD_0/2v7v_1_5FD_0_ligand.pdb,19.0,NC1NCNC2C1NCN2[C@@H]1O[C@H](CF)[C@@H](O)[C@H]1O,582.0,"A:291,B:291",protenix_base_default_v0.5.0,2v7v_1_5FD_0,2.0,19.0,results/posebench_702_predictions/protenix_gpu/dockgen/2v7v_1_5FD_0/full_base_c1_s20_n1,16.59889587445823,10.0,79.0,19.0,results/posebench_702_predictions/protenix_gpu/dockgen/2v7v_1_5FD_0/full_base_c1_s20_n1/output/2v7v_1_5FD_0/seed_101/predictions/2v7v_1_5FD_0_seed_101_sample_0.cif,A:291;B:291,external/PoseBench/data/dockgen_set/2v7v_1_5FD_0/2v7v_1_5FD_0_protein_processed.pdb,0.12195010483264923,30.119356155395508,0.18883197009563446,0.13532647490501404,22.765129492556664,0.0,74.659,ok,full_base_c1_s20_n1,16.91642453192479,False,17.434761800034565,False,results/posebench_702_predictions/protenix_gpu/dockgen/2v7v_1_5FD_0/full_base_c1_s20_n1/run_status.json,,,,,ok
results/posebench_702_predictions/protenix_gpu/dockgen/2v7w_1_5FD_0/full_base_c1_s20_n1/output/2v7w_1_5FD_0/seed_101/predictions/2v7w_1_5FD_0_seed_101_summary_confidence_sample_0.json,dockgen,4,results/posebench_702_predictions/protenix_gpu/dockgen/2v7w_1_5FD_0/full_base_c1_s20_n1/inputs/2v7w_1_5FD_0.json,external/PoseBench/data/dockgen_set/2v7w_1_5FD_0/2v7w_1_5FD_0_ligand.pdb,19.0,NC1NCNC2C1NCN2[C@@H]1O[C@H](CF)[C@@H](O)[C@H]1O,291.0,A:291,protenix_base_default_v0.5.0,2v7w_1_5FD_0,2.0,19.0,results/posebench_702_predictions/protenix_gpu/dockgen/2v7w_1_5FD_0/full_base_c1_s20_n1,8.532639754958147,10.0,36.0,19.0,results/posebench_702_predictions/protenix_gpu/dockgen/2v7w_1_5FD_0/full_base_c1_s20_n1/output/2v7w_1_5FD_0/seed_101/predictions/2v7w_1_5FD_0_seed_101_sample_0.cif,A:291;C:291,external/PoseBench/data/dockgen_set/2v7w_1_5FD_0/2v7w_1_5FD_0_protein_processed.pdb,0.1258416473865509,29.867734909057617,0.18563607335090637,0.13780052959918976,17.921339496083867,0.0,90.435,ok,full_base_c1_s20_n1,14.03962502135375,False,17.654904762840538,False,results/posebench_702_predictions/protenix_gpu/dockgen/2v7w_1_5FD_0/full_base_c1_s20_n1/run_status.json,,,,,ok
results/posebench_702_predictions/protenix_gpu/dockgen/2vdf_1_OCT_0/full_base_c1_s20_n1/output/2vdf_1_OCT_0/seed_101/predictions/2vdf_1_OCT_0_seed_101_summary_confidence_sample_0.json,dockgen,7,results/posebench_702_predictions/protenix_gpu/dockgen/2vdf_1_OCT_0/full_base_c1_s20_n1/inputs/2vdf_1_OCT_0.json,external/PoseBench/data/dockgen_set/2vdf_1_OCT_0/2vdf_1_OCT_0_ligand.pdb,8.0,CCCCCCCC,225.0,A:225,protenix_base_default_v0.5.0,2vdf_1_OCT_0,1.0,8.0,results/posebench_702_predictions/protenix_gpu/dockgen/2vdf_1_OCT_0/full_base_c1_s20_n1,10.588296243680261,10.0,30.0,8.0,results/posebench_702_predictions/protenix_gpu/dockgen/2vdf_1_OCT_0/full_base_c1_s20_n1/output/2vdf_1_OCT_0/seed_101/predictions/2vdf_1_OCT_0_seed_101_sample_0.cif,A:225,external/PoseBench/data/dockgen_set/2vdf_1_OCT_0/2vdf_1_OCT_0_protein_processed.pdb,0.21249443292617798,28.591367721557617,0.1708906590938568,0.20417368412017822,21.465377319315916,0.0,89.605,ok,full_base_c1_s20_n1,6.376699202559626,False,17.24601841096421,False,results/posebench_702_predictions/protenix_gpu/dockgen/2vdf_1_OCT_0/full_base_c1_s20_n1/run_status.json,,,,,ok
results/posebench_702_predictions/protenix_gpu/dockgen/2vfu_1_MTL_0/full_base_c1_s20_n1/output/2vfu_1_MTL_0/seed_101/predictions/2vfu_1_MTL_0_seed_101_summary_confidence_sample_0.json,dockgen,6,results/posebench_702_predictions/protenix_gpu/dockgen/2vfu_1_MTL_0/full_base_c1_s20_n1/inputs/2vfu_1_MTL_0.json,external/PoseBench/data/dockgen_set/2vfu_1_MTL_0/2vfu_1_MTL_0_ligand.pdb,12.0,OC[C@@H](O)[C@@H](O)[C@H](O)[C@H](O)CO,414.0,A:414,protenix_base_default_v0.5.0,2vfu_1_MTL_0,1.0,12.0,results/posebench_702_predictions/protenix_gpu/dockgen/2vfu_1_MTL_0/full_base_c1_s20_n1,14.720811539887437,10.0,68.0,12.0,results/posebench_702_predictions/protenix_gpu/dockgen/2vfu_1_MTL_0/full_base_c1_s20_n1/output/2vfu_1_MTL_0/seed_101/predictions/2vfu_1_MTL_0_seed_101_sample_0.cif,A:414,external/PoseBench/data/dockgen_set/2vfu_1_MTL_0/2vfu_1_MTL_0_protein_processed.pdb,0.29406115412712097,29.391983032226562,0.2221851944923401,0.27968597412109375,19.976178341813817,0.0,85.633,ok,full_base_c1_s20_n1,5.561595985566384,False,9.373305429784432,False,results/posebench_702_predictions/protenix_gpu/dockgen/2vfu_1_MTL_0/full_base_c1_s20_n1/run_status.json,,,,,ok
results/posebench_702_predictions/protenix_gpu/dockgen/2wab_1_BGC-BGC-BGC-BGC-BGC_0/full_base_c1_s20_n1/output/2wab_1_BGC-BGC-BGC-BGC-BGC_0/seed_101/predictions/2wab_1_BGC-BGC-BGC-BGC-BGC_0_seed_101_summary_confidence_sample_0.json,dockgen,5,results/posebench_702_predictions/protenix_gpu/dockgen/2wab_1_BGC-BGC-BGC-BGC-BGC_0/full_base_c1_s20_n1/inputs/2wab_1_BGC-BGC-BGC-BGC-BGC_0.json,external/PoseBench/data/dockgen_set/2wab_1_BGC-BGC-BGC-BGC-BGC_0/2wab_1_BGC-BGC-BGC-BGC-BGC_0_ligand.pdb,56.0,OC[C@H]1O[C@@H](O[C@H]2[C@H](O)[C@@H](O)[C@H](O[C@H]3[C@H](O)[C@@H](O)[C@H](O[C@H]4[C@H](O)[C@@H](O)[C@H](O[C@H]5[C@H](O)[C@@H](O)[C@H](O)O[C@@H]5CO)O[C@@H]4CO)O[C@@H]3CO)O[C@@H]2CO)[C@H](O)[C@@H](O)[C@@H]1O,327.0,A:327,protenix_base_default_v0.5.0,2wab_1_BGC-BGC-BGC-BGC-BGC_0,1.0,56.0,results/posebench_702_predictions/protenix_gpu/dockgen/2wab_1_BGC-BGC-BGC-BGC-BGC_0/full_base_c1_s20_n1,12.195444630212634,10.0,75.0,56.0,results/posebench_702_predictions/protenix_gpu/dockgen/2wab_1_BGC-BGC-BGC-BGC-BGC_0/full_base_c1_s20_n1/output/2wab_1_BGC-BGC-BGC-BGC-BGC_0/seed_101/predictions/2wab_1_BGC-BGC-BGC-BGC-BGC_0_seed_101_sample_0.cif,A:327,external/PoseBench/data/dockgen_set/2wab_1_BGC-BGC-BGC-BGC-BGC_0/2wab_1_BGC-BGC-BGC-BGC-BGC_0_protein_processed.pdb,0.2761293351650238,37.56542205810547,0.3490963280200958,0.29072272777557373,15.149094449047322,0.0,92.058,ok,full_base_c1_s20_n1,13.051684102745485,False,16.13774231832877,False,results/posebench_702_predictions/protenix_gpu/dockgen/2wab_1_BGC-BGC-BGC-BGC-BGC_0/full_base_c1_s20_n1/run_status.json,,,,,ok
results/posebench_702_predictions/protenix_gpu/dockgen/2wao_1_BGC-BGC-BGC-BGC-BGC_0/full_base_c1_s20_n1/output/2wao_1_BGC-BGC-BGC-BGC-BGC_0/seed_101/predictions/2wao_1_BGC-BGC-BGC-BGC-BGC_0_seed_101_summary_confidence_sample_0.json,dockgen,4,results/posebench_702_predictions/protenix_gpu/dockgen/2wao_1_BGC-BGC-BGC-BGC-BGC_0/full_base_c1_s20_n1/inputs/2wao_1_BGC-BGC-BGC-BGC-BGC_0.json,external/PoseBench/data/dockgen_set/2wao_1_BGC-BGC-BGC-BGC-BGC_0/2wao_1_BGC-BGC-BGC-BGC-BGC_0_ligand.pdb,56.0,OC[C@H]1O[C@@H](O[C@H]2[C@H](O)[C@@H](O)[C@H](O[C@H]3[C@H](O)[C@@H](O)[C@H](O[C@H]4[C@H](O)[C@@H](O)[C@H](O[C@H]5[C@H](O)[C@@H](O)[C@H](O)O[C@@H]5CO)O[C@@H]4CO)O[C@@H]3CO)O[C@@H]2CO)[C@H](O)[C@@H](O)[C@@H]1O,325.0,A:325,protenix_base_default_v0.5.0,2wao_1_BGC-BGC-BGC-BGC-BGC_0,1.0,56.0,results/posebench_702_predictions/protenix_gpu/dockgen/2wao_1_BGC-BGC-BGC-BGC-BGC_0/full_base_c1_s20_n1,10.368962168282152,10.0,72.0,56.0,results/posebench_702_predictions/protenix_gpu/dockgen/2wao_1_BGC-BGC-BGC-BGC-BGC_0/full_base_c1_s20_n1/output/2wao_1_BGC-BGC-BGC-BGC-BGC_0/seed_101/predictions/2wao_1_BGC-BGC-BGC-BGC-BGC_0_seed_101_sample_0.cif,A:325,external/PoseBench/data/dockgen_set/2wao_1_BGC-BGC-BGC-BGC-BGC_0/2wao_1_BGC-BGC-BGC-BGC-BGC_0_protein_processed.pdb,0.2617243230342865,35.96006393432617,0.3197472393512726,0.27332890033721924,17.765738511266093,0.0,100.155,ok,full_base_c1_s20_n1,12.507746477539742,False,12.022270088942436,False,results/posebench_702_predictions/protenix_gpu/dockgen/2wao_1_BGC-BGC-BGC-BGC-BGC_0/full_base_c1_s20_n1/run_status.json,,,,,ok
results/posebench_702_predictions/protenix_gpu/dockgen/2wr8_1_SAH_1/full_base_c1_s20_n1/output/2wr8_1_SAH_1/seed_101/predictions/2wr8_1_SAH_1_seed_101_summary_confidence_sample_0.json,dockgen,7,results/posebench_702_predictions/protenix_gpu/dockgen/2wr8_1_SAH_1/full_base_c1_s20_n1/inputs/2wr8_1_SAH_1.json,external/PoseBench/data/dockgen_set/2wr8_1_SAH_1/2wr8_1_SAH_1_ligand.pdb,26.0,NC1NCNC2C1NCN2[C@@H]1O[C@H](CSCC[C@H](N)C(O)O)[C@@H](O)[C@H]1O,258.0,A:258,protenix_base_default_v0.5.0,2wr8_1_SAH_1,1.0,26.0,results/posebench_702_predictions/protenix_gpu/dockgen/2wr8_1_SAH_1/full_base_c1_s20_n1,13.954482577186111,10.0,45.0,26.0,results/posebench_702_predictions/protenix_gpu/dockgen/2wr8_1_SAH_1/full_base_c1_s20_n1/output/2wr8_1_SAH_1/seed_101/predictions/2wr8_1_SAH_1_seed_101_sample_0.cif,A:258,external/PoseBench/data/dockgen_set/2wr8_1_SAH_1/2wr8_1_SAH_1_protein_processed.pdb,0.2235562652349472,28.474565505981445,0.2007484883069992,0.21899472177028656,21.765483405180245,0.0,78.311,ok,full_base_c1_s20_n1,12.216678325229168,False,23.22027446628424,False,results/posebench_702_predictions/protenix_gpu/dockgen/2wr8_1_SAH_1/full_base_c1_s20_n1/run_status.json,,,,,ok
results/posebench_702_predictions/protenix_gpu/dockgen/2wwc_1_CHT_2/full_base_c1_s20_n1/output/2wwc_1_CHT_2/seed_101/predictions/2wwc_1_CHT_2_seed_101_summary_confidence_sample_0.json,dockgen,6,results/posebench_702_predictions/protenix_gpu/dockgen/2wwc_1_CHT_2/full_base_c1_s20_n1/inputs/2wwc_1_CHT_2.json,external/PoseBench/data/dockgen_set/2wwc_1_CHT_2/2wwc_1_CHT_2_ligand.pdb,7.0,C[N+](C)(C)CCO,431.0,A:431,protenix_base_default_v0.5.0,2wwc_1_CHT_2,1.0,7.0,results/posebench_702_predictions/protenix_gpu/dockgen/2wwc_1_CHT_2/full_base_c1_s20_n1,8.531267808015802,10.0,30.0,7.0,results/posebench_702_predictions/protenix_gpu/dockgen/2wwc_1_CHT_2/full_base_c1_s20_n1/output/2wwc_1_CHT_2/seed_101/predictions/2wwc_1_CHT_2_seed_101_sample_0.cif,A:431,external/PoseBench/data/dockgen_set/2wwc_1_CHT_2/2wwc_1_CHT_2_protein_processed.pdb,0.2570970356464386,40.216209411621094,0.3538447916507721,0.2764465808868408,25.264125870460823,0.0,87.714,ok,full_base_c1_s20_n1,16.33764147904362,False,30.28349795171348,False,results/posebench_702_predictions/protenix_gpu/dockgen/2wwc_1_CHT_2/full_base_c1_s20_n1/run_status.json,,,,,ok
results/posebench_702_predictions/protenix_gpu/dockgen/2x34_2_UQ8_0/full_base_c1_s20_n1/output/2x34_2_UQ8_0/seed_101/predictions/2x34_2_UQ8_0_seed_101_summary_confidence_sample_0.json,dockgen,5,results/posebench_702_predictions/protenix_gpu/dockgen/2x34_2_UQ8_0/full_base_c1_s20_n1/inputs/2x34_2_UQ8_0.json,external/PoseBench/data/dockgen_set/2x34_2_UQ8_0/2x34_2_UQ8_0_ligand.pdb,53.0,COC1C(O)C(C)C(CCC(C)CCCC(C)CCCC(C)CCC[C@H](C)CCCC(C)CCC[C@H](C)CCCC(C)CCCC(C)C)C(O)C1OC,171.0,concat:171,protenix_base_default_v0.5.0,2x34_2_UQ8_0,1.0,53.0,results/posebench_702_predictions/protenix_gpu/dockgen/2x34_2_UQ8_0/full_base_c1_s20_n1,,10.0,0.0,53.0,results/posebench_702_predictions/protenix_gpu/dockgen/2x34_2_UQ8_0/full_base_c1_s20_n1/output/2x34_2_UQ8_0/seed_101/predictions/2x34_2_UQ8_0_seed_101_sample_0.cif,B:171,external/PoseBench/data/dockgen_set/2x34_2_UQ8_0/2x34_2_UQ8_0_protein_processed.pdb,0.23557446897029877,36.71927261352539,0.23196160793304443,0.2348518967628479,18.550444606201257,0.0,72.51,ok,full_base_c1_s20_n1,,False,23.457462883350154,False,results/posebench_702_predictions/protenix_gpu/dockgen/2x34_2_UQ8_0/full_base_c1_s20_n1/run_status.json,,,,,ok
results/posebench_702_predictions/protenix_gpu/dockgen/2xrh_1_NIO_1/full_base_c1_s20_n1/output/2xrh_1_NIO_1/seed_101/predictions/2xrh_1_NIO_1_seed_101_summary_confidence_sample_0.json,dockgen,4,results/posebench_702_predictions/protenix_gpu/dockgen/2xrh_1_NIO_1/full_base_c1_s20_n1/inputs/2xrh_1_NIO_1.json,external/PoseBench/data/dockgen_set/2xrh_1_NIO_1/2xrh_1_NIO_1_ligand.pdb,9.0,OC(O)[C@H]1CCCNC1,100.0,A:100,protenix_base_default_v0.5.0,2xrh_1_NIO_1,1.0,9.0,results/posebench_702_predictions/protenix_gpu/dockgen/2xrh_1_NIO_1/full_base_c1_s20_n1,10.847124859700692,10.0,57.0,9.0,results/posebench_702_predictions/protenix_gpu/dockgen/2xrh_1_NIO_1/full_base_c1_s20_n1/output/2xrh_1_NIO_1/seed_101/predictions/2xrh_1_NIO_1_seed_101_sample_0.cif,A:100,external/PoseBench/data/dockgen_set/2xrh_1_NIO_1/2xrh_1_NIO_1_protein_processed.pdb,0.3187071979045868,62.02791976928711,0.4213697612285614,0.3392397165298462,13.286011350394844,0.0,79.69,ok,full_base_c1_s20_n1,3.9811413690716604,False,3.713171327608731,False,results/posebench_702_predictions/protenix_gpu/dockgen/2xrh_1_NIO_1/full_base_c1_s20_n1/run_status.json,,,,,ok
results/posebench_702_predictions/protenix_gpu/dockgen/2xta_1_ACO_0/full_base_c1_s20_n1/output/2xta_1_ACO_0/seed_101/predictions/2xta_1_ACO_0_seed_101_summary_confidence_sample_0.json,dockgen,7,results/posebench_702_predictions/protenix_gpu/dockgen/2xta_1_ACO_0/full_base_c1_s20_n1/inputs/2xta_1_ACO_0.json,external/PoseBench/data/dockgen_set/2xta_1_ACO_0/2xta_1_ACO_0_ligand.pdb,33.0,CCO[PH](O)(O)O[PH](O)(O)OC[C@H]1O[C@@H](N2CNC3C(N)NCNC32)[C@H](O)[C@@H]1O[PH](O)(O)O,826.0,A:826,protenix_base_default_v0.5.0,2xta_1_ACO_0,1.0,33.0,results/posebench_702_predictions/protenix_gpu/dockgen/2xta_1_ACO_0/full_base_c1_s20_n1,15.085808453061103,10.0,55.0,33.0,results/posebench_702_predictions/protenix_gpu/dockgen/2xta_1_ACO_0/full_base_c1_s20_n1/output/2xta_1_ACO_0/seed_101/predictions/2xta_1_ACO_0_seed_101_sample_0.cif,A:826,external/PoseBench/data/dockgen_set/2xta_1_ACO_0/2xta_1_ACO_0_protein_processed.pdb,0.25991740822792053,33.54517364501953,0.2088100016117096,0.24969592690467834,30.099327236823793,0.0,103.643,ok,full_base_c1_s20_n1,16.326973921810485,False,35.35555929573292,False,results/posebench_702_predictions/protenix_gpu/dockgen/2xta_1_ACO_0/full_base_c1_s20_n1/run_status.json,,,,,ok
results/posebench_702_predictions/protenix_gpu/dockgen/2zcz_2_TRP_3/full_base_c1_s20_n1/output/2zcz_2_TRP_3/seed_101/predictions/2zcz_2_TRP_3_seed_101_summary_confidence_sample_0.json,dockgen,6,results/posebench_702_predictions/protenix_gpu/dockgen/2zcz_2_TRP_3/full_base_c1_s20_n1/inputs/2zcz_2_TRP_3.json,external/PoseBench/data/dockgen_set/2zcz_2_TRP_3/2zcz_2_TRP_3_ligand.pdb,15.0,N[C@@H](CC1CNC2CCCCC12)C(O)O,139.0,concat:139,protenix_base_default_v0.5.0,2zcz_2_TRP_3,2.0,15.0,results/posebench_702_predictions/protenix_gpu/dockgen/2zcz_2_TRP_3/full_base_c1_s20_n1,,10.0,0.0,15.0,results/posebench_702_predictions/protenix_gpu/dockgen/2zcz_2_TRP_3/full_base_c1_s20_n1/output/2zcz_2_TRP_3/seed_101/predictions/2zcz_2_TRP_3_seed_101_sample_0.cif,D:73;F:66,external/PoseBench/data/dockgen_set/2zcz_2_TRP_3/2zcz_2_TRP_3_protein_processed.pdb,0.37351831793785095,63.94282531738281,0.5213548541069031,0.4030856192111969,15.69266100264946,0.0,87.551,ok,full_base_c1_s20_n1,,False,9.361588818635937,False,results/posebench_702_predictions/protenix_gpu/dockgen/2zcz_2_TRP_3/full_base_c1_s20_n1/run_status.json,,,,,ok
results/posebench_702_predictions/protenix_gpu/dockgen/2zd0_1_TRP_9/full_base_c1_s20_n1/output/2zd0_1_TRP_9/seed_101/predictions/2zd0_1_TRP_9_seed_101_summary_confidence_sample_0.json,dockgen,5,results/posebench_702_predictions/protenix_gpu/dockgen/2zd0_1_TRP_9/full_base_c1_s20_n1/inputs/2zd0_1_TRP_9.json,external/PoseBench/data/dockgen_set/2zd0_1_TRP_9/2zd0_1_TRP_9_ligand.pdb,15.0,N[C@@H](CC1CNC2CCCCC12)C(O)O,195.0,"A:63,B:66,C:66",protenix_base_default_v0.5.0,2zd0_1_TRP_9,3.0,15.0,results/posebench_702_predictions/protenix_gpu/dockgen/2zd0_1_TRP_9/full_base_c1_s20_n1,10.878547397656696,10.0,56.0,15.0,results/posebench_702_predictions/protenix_gpu/dockgen/2zd0_1_TRP_9/full_base_c1_s20_n1/output/2zd0_1_TRP_9/seed_101/predictions/2zd0_1_TRP_9_seed_101_sample_0.cif,A:63;B:66;C:66,external/PoseBench/data/dockgen_set/2zd0_1_TRP_9/2zd0_1_TRP_9_protein_processed.pdb,0.18378902971744537,51.31682205200195,0.35563284158706665,0.2181577980518341,14.409909223398778,0.0,99.415,ok,full_base_c1_s20_n1,16.792356949574067,False,14.772378379551109,False,results/posebench_702_predictions/protenix_gpu/dockgen/2zd0_1_TRP_9/full_base_c1_s20_n1/run_status.json,,,,,ok
results/posebench_702_predictions/protenix_gpu/dockgen/2ze9_1_PD7_0/full_base_c1_s20_n1/output/2ze9_1_PD7_0/seed_101/predictions/2ze9_1_PD7_0_seed_101_summary_confidence_sample_0.json,dockgen,4,results/posebench_702_predictions/protenix_gpu/dockgen/2ze9_1_PD7_0/full_base_c1_s20_n1/inputs/2ze9_1_PD7_0.json,external/PoseBench/data/dockgen_set/2ze9_1_PD7_0/2ze9_1_PD7_0_ligand.pdb,26.0,CCCCCCC(O)OC[C@H](CO[PH](O)(O)O)OC(O)CCCCCC,504.0,A:504,protenix_base_default_v0.5.0,2ze9_1_PD7_0,1.0,26.0,results/posebench_702_predictions/protenix_gpu/dockgen/2ze9_1_PD7_0/full_base_c1_s20_n1,14.681332866001362,10.0,85.0,26.0,results/posebench_702_predictions/protenix_gpu/dockgen/2ze9_1_PD7_0/full_base_c1_s20_n1/output/2ze9_1_PD7_0/seed_101/predictions/2ze9_1_PD7_0_seed_101_sample_0.cif,A:504,external/PoseBench/data/dockgen_set/2ze9_1_PD7_0/2ze9_1_PD7_0_protein_processed.pdb,0.251858651638031,29.723743438720703,0.22411905229091644,0.2463107407093048,21.616090502439548,0.0,76.682,ok,full_base_c1_s20_n1,7.585773312854888,False,13.990681492545413,False,results/posebench_702_predictions/protenix_gpu/dockgen/2ze9_1_PD7_0/full_base_c1_s20_n1/run_status.json,,,,,ok
results/posebench_702_predictions/protenix_gpu/dockgen/3ad7_1_NAD_0/full_base_c1_s20_n1/output/3ad7_1_NAD_0/seed_101/predictions/3ad7_1_NAD_0_seed_101_summary_confidence_sample_0.json,dockgen,7,results/posebench_702_predictions/protenix_gpu/dockgen/3ad7_1_NAD_0/full_base_c1_s20_n1/inputs/3ad7_1_NAD_0.json,external/PoseBench/data/dockgen_set/3ad7_1_NAD_0/3ad7_1_NAD_0_ligand.pdb,44.0,N[C@H](O)C1CCCN([C@@H]2O[C@H](CO[PH](O)(O)O[PH](O)(O)OC[C@H]3O[C@@H](N4CNC5[C@H](N)NCN[C@H]54)[C@H](O)[C@@H]3O)[C@@H](O)[C@H]2O)C1,963.0,A:963,protenix_base_default_v0.5.0,3ad7_1_NAD_0,1.0,44.0,results/posebench_702_predictions/protenix_gpu/dockgen/3ad7_1_NAD_0/full_base_c1_s20_n1,17.440330620760523,10.0,129.0,44.0,results/posebench_702_predictions/protenix_gpu/dockgen/3ad7_1_NAD_0/full_base_c1_s20_n1/output/3ad7_1_NAD_0/seed_101/predictions/3ad7_1_NAD_0_seed_101_sample_0.cif,A:963,external/PoseBench/data/dockgen_set/3ad7_1_NAD_0/3ad7_1_NAD_0_protein_processed.pdb,0.41967421770095825,31.03106689453125,0.21627643704414368,0.3789946734905243,33.10646087824268,0.0,93.189,ok,full_base_c1_s20_n1,15.420687713290722,False,31.46581050149415,False,results/posebench_702_predictions/protenix_gpu/dockgen/3ad7_1_NAD_0/full_base_c1_s20_n1/run_status.json,,,,,ok
results/posebench_702_predictions/protenix_gpu/dockgen/3ad9_1_NAD_0/full_base_c1_s20_n1/output/3ad9_1_NAD_0/seed_101/predictions/3ad9_1_NAD_0_seed_101_summary_confidence_sample_0.json,dockgen,6,results/posebench_702_predictions/protenix_gpu/dockgen/3ad9_1_NAD_0/full_base_c1_s20_n1/inputs/3ad9_1_NAD_0.json,external/PoseBench/data/dockgen_set/3ad9_1_NAD_0/3ad9_1_NAD_0_ligand.pdb,44.0,NC1NCNC2[C@@H]1NCN2[C@@H]1O[C@H](CO[PH](O)(O)O[PH](O)(O)OC[C@H]2O[C@@H](N3CCCC([C@H](N)O)C3)[C@H](O)[C@@H]2O)[C@@H](O)[C@H]1O,963.0,A:963,protenix_base_default_v0.5.0,3ad9_1_NAD_0,1.0,44.0,results/posebench_702_predictions/protenix_gpu/dockgen/3ad9_1_NAD_0/full_base_c1_s20_n1,17.631586998258506,10.0,129.0,44.0,results/posebench_702_predictions/protenix_gpu/dockgen/3ad9_1_NAD_0/full_base_c1_s20_n1/output/3ad9_1_NAD_0/seed_101/predictions/3ad9_1_NAD_0_seed_101_sample_0.cif,A:963,external/PoseBench/data/dockgen_set/3ad9_1_NAD_0/3ad9_1_NAD_0_protein_processed.pdb,0.3796067535877228,30.97492218017578,0.21448367834091187,0.3465821444988251,32.96437472573718,0.0,116.973,ok,full_base_c1_s20_n1,12.864278110577537,False,29.683369472981404,False,results/posebench_702_predictions/protenix_gpu/dockgen/3ad9_1_NAD_0/full_base_c1_s20_n1/run_status.json,,,,,ok
results/posebench_702_predictions/protenix_gpu/dockgen/3ada_1_NAD_0/full_base_c1_s20_n1/output/3ada_1_NAD_0/seed_101/predictions/3ada_1_NAD_0_seed_101_summary_confidence_sample_0.json,dockgen,5,results/posebench_702_predictions/protenix_gpu/dockgen/3ada_1_NAD_0/full_base_c1_s20_n1/inputs/3ada_1_NAD_0.json,external/PoseBench/data/dockgen_set/3ada_1_NAD_0/3ada_1_NAD_0_ligand.pdb,44.0,N[C@H](O)C1CCCN([C@@H]2O[C@H](CO[PH](O)(O)O[PH](O)(O)OC[C@H]3O[C@@H](N4CN[C@@H]5[C@H](N)NCN[C@H]54)[C@H](O)[C@@H]3O)[C@@H](O)[C@H]2O)C1,963.0,A:963,protenix_base_default_v0.5.0,3ada_1_NAD_0,1.0,44.0,results/posebench_702_predictions/protenix_gpu/dockgen/3ada_1_NAD_0/full_base_c1_s20_n1,17.594354611644842,10.0,129.0,44.0,results/posebench_702_predictions/protenix_gpu/dockgen/3ada_1_NAD_0/full_base_c1_s20_n1/output/3ada_1_NAD_0/seed_101/predictions/3ada_1_NAD_0_seed_101_sample_0.cif,A:963,external/PoseBench/data/dockgen_set/3ada_1_NAD_0/3ada_1_NAD_0_protein_processed.pdb,0.42142802476882935,31.10872459411621,0.21709638833999634,0.3805617094039917,33.04608205662752,0.0,98.065,ok,full_base_c1_s20_n1,15.751059993942938,False,31.87090694578946,False,results/posebench_702_predictions/protenix_gpu/dockgen/3ada_1_NAD_0/full_base_c1_s20_n1/run_status.json,,,,,ok
results/posebench_702_predictions/protenix_gpu/dockgen/3eca_1_ASP_3/full_base_c1_s20_n1/output/3eca_1_ASP_3/seed_101/predictions/3eca_1_ASP_3_seed_101_summary_confidence_sample_0.json,dockgen,4,results/posebench_702_predictions/protenix_gpu/dockgen/3eca_1_ASP_3/full_base_c1_s20_n1/inputs/3eca_1_ASP_3.json,external/PoseBench/data/dockgen_set/3eca_1_ASP_3/3eca_1_ASP_3_ligand.pdb,9.0,N[C@@H](CC(O)O)C(O)O,326.0,B:326,protenix_base_default_v0.5.0,3eca_1_ASP_3,2.0,9.0,results/posebench_702_predictions/protenix_gpu/dockgen/3eca_1_ASP_3/full_base_c1_s20_n1,5.606618053888802,10.0,14.0,9.0,results/posebench_702_predictions/protenix_gpu/dockgen/3eca_1_ASP_3/full_base_c1_s20_n1/output/3eca_1_ASP_3/seed_101/predictions/3eca_1_ASP_3_seed_101_sample_0.cif,B:326;D:326,external/PoseBench/data/dockgen_set/3eca_1_ASP_3/3eca_1_ASP_3_protein_processed.pdb,0.12973135709762573,32.80202865600586,0.2155362218618393,0.14689233899116516,19.73144712940632,0.0,81.032,ok,full_base_c1_s20_n1,27.64098520525576,False,28.149775900494436,False,results/posebench_702_predictions/protenix_gpu/dockgen/3eca_1_ASP_3/full_base_c1_s20_n1/run_status.json,,,,,ok
results/posebench_702_predictions/protenix_gpu/dockgen/3gf4_1_FAD_1/full_base_c1_s20_n1/output/3gf4_1_FAD_1/seed_101/predictions/3gf4_1_FAD_1_seed_101_summary_confidence_sample_0.json,dockgen,7,results/posebench_702_predictions/protenix_gpu/dockgen/3gf4_1_FAD_1/full_base_c1_s20_n1/inputs/3gf4_1_FAD_1.json,external/PoseBench/data/dockgen_set/3gf4_1_FAD_1/3gf4_1_FAD_1_ligand.pdb,53.0,CC1CC2NC3C(O)NC(O)NC3N(C[C@H](O)[C@H](O)[C@H](O)CO[PH](O)(O)O[PH](O)(O)OC[C@H]3O[C@@H](N4CNC5C4NCN[C@H]5N)[C@H](O)[C@@H]3O)C2CC1C,383.0,concat:383,protenix_base_default_v0.5.0,3gf4_1_FAD_1,1.0,53.0,results/posebench_702_predictions/protenix_gpu/dockgen/3gf4_1_FAD_1/full_base_c1_s20_n1,,10.0,0.0,53.0,results/posebench_702_predictions/protenix_gpu/dockgen/3gf4_1_FAD_1/full_base_c1_s20_n1/output/3gf4_1_FAD_1/seed_101/predictions/3gf4_1_FAD_1_seed_101_sample_0.cif,B:383,external/PoseBench/data/dockgen_set/3gf4_1_FAD_1/3gf4_1_FAD_1_protein_processed.pdb,0.5673906803131104,33.2833366394043,0.2936827540397644,0.5126491189002991,20.178495557555273,0.0,78.987,ok,full_base_c1_s20_n1,,False,13.548488047912695,False,results/posebench_702_predictions/protenix_gpu/dockgen/3gf4_1_FAD_1/full_base_c1_s20_n1/run_status.json,,,,,ok
results/posebench_702_predictions/protenix_gpu/dockgen/3gf4_1_U5P_0/full_base_c1_s20_n1/output/3gf4_1_U5P_0/seed_101/predictions/3gf4_1_U5P_0_seed_101_summary_confidence_sample_0.json,dockgen,6,results/posebench_702_predictions/protenix_gpu/dockgen/3gf4_1_U5P_0/full_base_c1_s20_n1/inputs/3gf4_1_U5P_0.json,external/PoseBench/data/dockgen_set/3gf4_1_U5P_0/3gf4_1_U5P_0_ligand.pdb,21.0,OC1CCN([C@@H]2O[C@H](CO[PH](O)(O)O)[C@@H](O)[C@H]2O)C(O)N1,383.0,concat:383,protenix_base_default_v0.5.0,3gf4_1_U5P_0,1.0,21.0,results/posebench_702_predictions/protenix_gpu/dockgen/3gf4_1_U5P_0/full_base_c1_s20_n1,,10.0,0.0,21.0,results/posebench_702_predictions/protenix_gpu/dockgen/3gf4_1_U5P_0/full_base_c1_s20_n1/output/3gf4_1_U5P_0/seed_101/predictions/3gf4_1_U5P_0_seed_101_sample_0.cif,B:383,external/PoseBench/data/dockgen_set/3gf4_1_U5P_0/3gf4_1_U5P_0_protein_processed.pdb,0.5815122723579407,31.980302810668945,0.255395770072937,0.5162889957427979,20.0449286344723,0.0,82.457,ok,full_base_c1_s20_n1,,False,17.003765110803833,False,results/posebench_702_predictions/protenix_gpu/dockgen/3gf4_1_U5P_0/full_base_c1_s20_n1/run_status.json,,,,,ok
results/posebench_702_predictions/protenix_gpu/dockgen/3gvl_1_SLB_2/full_base_c1_s20_n1/output/3gvl_1_SLB_2/seed_101/predictions/3gvl_1_SLB_2_seed_101_summary_confidence_sample_0.json,dockgen,6,results/posebench_702_predictions/protenix_gpu/dockgen/3gvl_1_SLB_2/full_base_c1_s20_n1/inputs/3gvl_1_SLB_2.json,external/PoseBench/data/dockgen_set/3gvl_1_SLB_2/3gvl_1_SLB_2_ligand.pdb,21.0,CC(O)N[C@H]1[C@H]([C@H](O)[C@H](O)CO)O[C@](O)(C(O)O)C[C@@H]1O,670.0,A:670,protenix_base_default_v0.5.0,3gvl_1_SLB_2,1.0,21.0,results/posebench_702_predictions/protenix_gpu/dockgen/3gvl_1_SLB_2/full_base_c1_s20_n1,4.582264949191419,10.0,8.0,21.0,results/posebench_702_predictions/protenix_gpu/dockgen/3gvl_1_SLB_2/full_base_c1_s20_n1/output/3gvl_1_SLB_2/seed_101/predictions/3gvl_1_SLB_2_seed_101_sample_0.cif,A:670,external/PoseBench/data/dockgen_set/3gvl_1_SLB_2/3gvl_1_SLB_2_protein_processed.pdb,0.24685899913311005,27.487356185913086,0.19566579163074493,0.23662036657333374,31.450496798268123,0.0,89.57,ok,full_base_c1_s20_n1,19.36956398059822,False,41.60377765964506,False,results/posebench_702_predictions/protenix_gpu/dockgen/3gvl_1_SLB_2/full_base_c1_s20_n1/run_status.json,,,,,ok
results/posebench_702_predictions/protenix_gpu/dockgen/3he3_5_UDP_0/full_base_c1_s20_n1/output/3he3_5_UDP_0/seed_101/predictions/3he3_5_UDP_0_seed_101_summary_confidence_sample_0.json,dockgen,5,results/posebench_702_predictions/protenix_gpu/dockgen/3he3_5_UDP_0/full_base_c1_s20_n1/inputs/3he3_5_UDP_0.json,external/PoseBench/data/dockgen_set/3he3_5_UDP_0/3he3_5_UDP_0_ligand.pdb,25.0,OC1CCN([C@@H]2O[C@H](CO[PH](O)(O)O[PH](O)(O)O)[C@@H](O)[C@H]2O)C(O)N1,362.0,concat:362,protenix_base_default_v0.5.0,3he3_5_UDP_0,1.0,25.0,results/posebench_702_predictions/protenix_gpu/dockgen/3he3_5_UDP_0/full_base_c1_s20_n1,,10.0,0.0,25.0,results/posebench_702_predictions/protenix_gpu/dockgen/3he3_5_UDP_0/full_base_c1_s20_n1/output/3he3_5_UDP_0/seed_101/predictions/3he3_5_UDP_0_seed_101_sample_0.cif,D:362,external/PoseBench/data/dockgen_set/3he3_5_UDP_0/3he3_5_UDP_0_protein_processed.pdb,0.5839384198188782,33.96815490722656,0.28461506962776184,0.5240737795829773,22.293372779501507,0.0,76.786,ok,full_base_c1_s20_n1,,False,17.528329352255803,False,results/posebench_702_predictions/protenix_gpu/dockgen/3he3_5_UDP_0/full_base_c1_s20_n1/run_status.json,,,,,ok
results/posebench_702_predictions/protenix_gpu/dockgen/3inr_1_GDU_0/full_base_c1_s20_n1/output/3inr_1_GDU_0/seed_101/predictions/3inr_1_GDU_0_seed_101_summary_confidence_sample_0.json,dockgen,5,results/posebench_702_predictions/protenix_gpu/dockgen/3inr_1_GDU_0/full_base_c1_s20_n1/inputs/3inr_1_GDU_0.json,external/PoseBench/data/dockgen_set/3inr_1_GDU_0/3inr_1_GDU_0_ligand.pdb,36.0,OC[C@H]1O[C@H](O[PH](O)(O)O[PH](O)(O)OC[C@H]2O[C@@H](N3CCC(O)NC3O)[C@H](O)[C@@H]2O)[C@H](O)[C@@H](O)[C@H]1O,383.0,A:383,protenix_base_default_v0.5.0,3inr_1_GDU_0,1.0,36.0,results/posebench_702_predictions/protenix_gpu/dockgen/3inr_1_GDU_0/full_base_c1_s20_n1,13.539700873086149,10.0,87.0,36.0,results/posebench_702_predictions/protenix_gpu/dockgen/3inr_1_GDU_0/full_base_c1_s20_n1/output/3inr_1_GDU_0/seed_101/predictions/3inr_1_GDU_0_seed_101_sample_0.cif,A:383,external/PoseBench/data/dockgen_set/3inr_1_GDU_0/3inr_1_GDU_0_protein_processed.pdb,0.6608254313468933,33.337303161621094,0.2879163920879364,0.5862436294555664,19.576475650723918,0.0,90.276,ok,full_base_c1_s20_n1,10.191739168497305,False,14.315129913630713,False,results/posebench_702_predictions/protenix_gpu/dockgen/3inr_1_GDU_0/full_base_c1_s20_n1/run_status.json,,,,,ok
results/posebench_702_predictions/protenix_gpu/dockgen/3it6_1_ORN_1/full_base_c1_s20_n1/output/3it6_1_ORN_1/seed_101/predictions/3it6_1_ORN_1_seed_101_summary_confidence_sample_0.json,dockgen,4,results/posebench_702_predictions/protenix_gpu/dockgen/3it6_1_ORN_1/full_base_c1_s20_n1/inputs/3it6_1_ORN_1.json,external/PoseBench/data/dockgen_set/3it6_1_ORN_1/3it6_1_ORN_1_ligand.pdb,9.0,NCCC[C@H](N)C(O)O,386.0,"B:193,C:193",protenix_base_default_v0.5.0,3it6_1_ORN_1,3.0,9.0,results/posebench_702_predictions/protenix_gpu/dockgen/3it6_1_ORN_1/full_base_c1_s20_n1,17.1173164989633,10.0,41.0,9.0,results/posebench_702_predictions/protenix_gpu/dockgen/3it6_1_ORN_1/full_base_c1_s20_n1/output/3it6_1_ORN_1/seed_101/predictions/3it6_1_ORN_1_seed_101_sample_0.cif,B:205;C:193;D:205,external/PoseBench/data/dockgen_set/3it6_1_ORN_1/3it6_1_ORN_1_protein_processed.pdb,0.11113378405570984,36.342952728271484,0.20738860964775085,0.13038474321365356,22.560157261517315,0.0,80.325,ok,full_base_c1_s20_n1,24.132500659406638,False,24.425244567306667,False,results/posebench_702_predictions/protenix_gpu/dockgen/3it6_1_ORN_1/full_base_c1_s20_n1/run_status.json,,,,,ok
results/posebench_702_predictions/protenix_gpu/dockgen/3jqm_1_GTP_5/full_base_c1_s20_n1/output/3jqm_1_GTP_5/seed_101/predictions/3jqm_1_GTP_5_seed_101_summary_confidence_sample_0.json,dockgen,4,results/posebench_702_predictions/protenix_gpu/dockgen/3jqm_1_GTP_5/full_base_c1_s20_n1/inputs/3jqm_1_GTP_5.json,external/PoseBench/data/dockgen_set/3jqm_1_GTP_5/3jqm_1_GTP_5_ligand.pdb,32.0,NC1NC(O)C2NCN([C@@H]3O[C@H](CO[PH](O)(O)O[PH](O)(O)O[PH](O)(O)O)[C@@H](O)[C@H]3O)C2N1,146.0,B:146,protenix_base_default_v0.5.0,3jqm_1_GTP_5,2.0,32.0,results/posebench_702_predictions/protenix_gpu/dockgen/3jqm_1_GTP_5/full_base_c1_s20_n1,13.381424959156213,10.0,38.0,32.0,results/posebench_702_predictions/protenix_gpu/dockgen/3jqm_1_GTP_5/full_base_c1_s20_n1/output/3jqm_1_GTP_5/seed_101/predictions/3jqm_1_GTP_5_seed_101_sample_0.cif,E:149;B:146,external/PoseBench/data/dockgen_set/3jqm_1_GTP_5/3jqm_1_GTP_5_protein_processed.pdb,0.3038557171821594,45.417823791503906,0.3862791955471039,0.32034042477607727,13.451128625464934,0.0,101.451,ok,full_base_c1_s20_n1,27.63552490516366,False,23.31972689857954,False,results/posebench_702_predictions/protenix_gpu/dockgen/3jqm_1_GTP_5/full_base_c1_s20_n1/run_status.json,,,,,ok
results/posebench_702_predictions/protenix_gpu/dockgen/3ju4_1_SLB_2/full_base_c1_s20_n1/output/3ju4_1_SLB_2/seed_101/predictions/3ju4_1_SLB_2_seed_101_summary_confidence_sample_0.json,dockgen,7,results/posebench_702_predictions/protenix_gpu/dockgen/3ju4_1_SLB_2/full_base_c1_s20_n1/inputs/3ju4_1_SLB_2.json,external/PoseBench/data/dockgen_set/3ju4_1_SLB_2/3ju4_1_SLB_2_ligand.pdb,21.0,CC(O)N[C@H]1[C@H]([C@H](O)[C@H](O)CO)O[C@](O)(C(O)O)C[C@@H]1O,670.0,A:670,protenix_base_default_v0.5.0,3ju4_1_SLB_2,1.0,21.0,results/posebench_702_predictions/protenix_gpu/dockgen/3ju4_1_SLB_2/full_base_c1_s20_n1,3.727798573477499,10.0,8.0,21.0,results/posebench_702_predictions/protenix_gpu/dockgen/3ju4_1_SLB_2/full_base_c1_s20_n1/output/3ju4_1_SLB_2/seed_101/predictions/3ju4_1_SLB_2_seed_101_sample_0.cif,A:670,external/PoseBench/data/dockgen_set/3ju4_1_SLB_2/3ju4_1_SLB_2_protein_processed.pdb,0.23890291154384613,27.565431594848633,0.19449816644191742,0.23002196848392487,31.489855252325164,0.0,118.261,ok,full_base_c1_s20_n1,20.994635778356493,False,44.419040616051774,False,results/posebench_702_predictions/protenix_gpu/dockgen/3ju4_1_SLB_2/full_base_c1_s20_n1/run_status.json,,,,,ok
results/posebench_702_predictions/protenix_gpu/dockgen/3k8l_1_GLC-GLC-GLC-GLC-GLC_0/full_base_c1_s20_n1/output/3k8l_1_GLC-GLC-GLC-GLC-GLC_0/seed_101/predictions/3k8l_1_GLC-GLC-GLC-GLC-GLC_0_seed_101_summary_confidence_sample_0.json,dockgen,7,results/posebench_702_predictions/protenix_gpu/dockgen/3k8l_1_GLC-GLC-GLC-GLC-GLC_0/full_base_c1_s20_n1/inputs/3k8l_1_GLC-GLC-GLC-GLC-GLC_0.json,external/PoseBench/data/dockgen_set/3k8l_1_GLC-GLC-GLC-GLC-GLC_0/3k8l_1_GLC-GLC-GLC-GLC-GLC_0_ligand.pdb,56.0,OC[C@H]1O[C@H](O[C@H]2[C@H](O)[C@@H](O)[C@@H](O[C@H]3[C@H](O)[C@@H](O)[C@@H](O[C@H]4[C@H](O)[C@@H](O)[C@@H](O[C@H]5[C@H](O)[C@@H](O)[C@@H](O)O[C@@H]5CO)O[C@@H]4CO)O[C@@H]3CO)O[C@@H]2CO)[C@H](O)[C@@H](O)[C@@H]1O,649.0,A:649,protenix_base_default_v0.5.0,3k8l_1_GLC-GLC-GLC-GLC-GLC_0,1.0,56.0,results/posebench_702_predictions/protenix_gpu/dockgen/3k8l_1_GLC-GLC-GLC-GLC-GLC_0/full_base_c1_s20_n1,8.432858696782894,10.0,40.0,56.0,results/posebench_702_predictions/protenix_gpu/dockgen/3k8l_1_GLC-GLC-GLC-GLC-GLC_0/full_base_c1_s20_n1/output/3k8l_1_GLC-GLC-GLC-GLC-GLC_0/seed_101/predictions/3k8l_1_GLC-GLC-GLC-GLC-GLC_0_seed_101_sample_0.cif,A:649,external/PoseBench/data/dockgen_set/3k8l_1_GLC-GLC-GLC-GLC-GLC_0/3k8l_1_GLC-GLC-GLC-GLC-GLC_0_protein_processed.pdb,0.16703279316425323,29.549789428710938,0.1837029755115509,0.17036683857440948,31.33096043711231,0.0,81.511,ok,full_base_c1_s20_n1,17.960677417633857,False,42.46139351533099,False,results/posebench_702_predictions/protenix_gpu/dockgen/3k8l_1_GLC-GLC-GLC-GLC-GLC_0/full_base_c1_s20_n1/run_status.json,,,,,ok
results/posebench_702_predictions/protenix_gpu/dockgen/3k8m_1_GLC-GLC-AC1_0/full_base_c1_s20_n1/output/3k8m_1_GLC-GLC-AC1_0/seed_101/predictions/3k8m_1_GLC-GLC-AC1_0_seed_101_summary_confidence_sample_0.json,dockgen,6,results/posebench_702_predictions/protenix_gpu/dockgen/3k8m_1_GLC-GLC-AC1_0/full_base_c1_s20_n1/inputs/3k8m_1_GLC-GLC-AC1_0.json,external/PoseBench/data/dockgen_set/3k8m_1_GLC-GLC-AC1_0/3k8m_1_GLC-GLC-AC1_0_ligand.pdb,44.0,C[C@H]1O[C@H](O[C@H]2[C@H](O)[C@@H](O)[C@@H](O[C@H]3[C@H](O)[C@@H](O)[C@@H](O)O[C@@H]3CO)O[C@@H]2CO)[C@H](O)[C@@H](O)[C@@H]1N[C@H]1CC(CO)[C@@H](O)[C@H](O)[C@H]1O,639.0,A:639,protenix_base_default_v0.5.0,3k8m_1_GLC-GLC-AC1_0,1.0,44.0,results/posebench_702_predictions/protenix_gpu/dockgen/3k8m_1_GLC-GLC-AC1_0/full_base_c1_s20_n1,7.211260174648595,10.0,39.0,44.0,results/posebench_702_predictions/protenix_gpu/dockgen/3k8m_1_GLC-GLC-AC1_0/full_base_c1_s20_n1/output/3k8m_1_GLC-GLC-AC1_0/seed_101/predictions/3k8m_1_GLC-GLC-AC1_0_seed_101_sample_0.cif,A:639,external/PoseBench/data/dockgen_set/3k8m_1_GLC-GLC-AC1_0/3k8m_1_GLC-GLC-AC1_0_protein_processed.pdb,0.17246466875076294,31.83347511291504,0.17730072140693665,0.1734318882226944,31.763962886082954,0.0,104.811,ok,full_base_c1_s20_n1,16.612860043198594,False,42.489803330516786,False,results/posebench_702_predictions/protenix_gpu/dockgen/3k8m_1_GLC-GLC-AC1_0/full_base_c1_s20_n1/run_status.json,,,,,ok
results/posebench_702_predictions/protenix_gpu/dockgen/3nvv_1_MTE_1/full_base_c1_s20_n1/output/3nvv_1_MTE_1/seed_101/predictions/3nvv_1_MTE_1_seed_101_summary_confidence_sample_0.json,dockgen,5,results/posebench_702_predictions/protenix_gpu/dockgen/3nvv_1_MTE_1/full_base_c1_s20_n1/inputs/3nvv_1_MTE_1.json,external/PoseBench/data/dockgen_set/3nvv_1_MTE_1/3nvv_1_MTE_1_ligand.pdb,24.0,NC1NC(O)C2N[C@@H]3[C@H](NC2N1)O[C@H](CO[PH](O)(O)O)C(S)[C@@H]3S,909.0,concat:909,protenix_base_default_v0.5.0,3nvv_1_MTE_1,2.0,24.0,results/posebench_702_predictions/protenix_gpu/dockgen/3nvv_1_MTE_1/full_base_c1_s20_n1,,10.0,0.0,24.0,results/posebench_702_predictions/protenix_gpu/dockgen/3nvv_1_MTE_1/full_base_c1_s20_n1/output/3nvv_1_MTE_1/seed_101/predictions/3nvv_1_MTE_1_seed_101_sample_0.cif,J:164;L:745,external/PoseBench/data/dockgen_set/3nvv_1_MTE_1/3nvv_1_MTE_1_protein_processed.pdb,0.14257431030273438,34.68129348754883,0.22321520745754242,0.15870249271392822,27.741002269534203,0.0,99.626,ok,full_base_c1_s20_n1,,False,9.001747163397622,False,results/posebench_702_predictions/protenix_gpu/dockgen/3nvv_1_MTE_1/full_base_c1_s20_n1/run_status.json,,,,,ok
results/posebench_702_predictions/protenix_gpu/dockgen/3o01_2_DXC_0/full_base_c1_s20_n1/output/3o01_2_DXC_0/seed_101/predictions/3o01_2_DXC_0_seed_101_summary_confidence_sample_0.json,dockgen,4,results/posebench_702_predictions/protenix_gpu/dockgen/3o01_2_DXC_0/full_base_c1_s20_n1/inputs/3o01_2_DXC_0.json,external/PoseBench/data/dockgen_set/3o01_2_DXC_0/3o01_2_DXC_0_ligand.pdb,28.0,C[C@H](CCC(O)O)[C@H]1CC[C@H]2[C@@H]3CC[C@@H]4C[C@H](O)CC[C@]4(C)[C@H]3C[C@H](O)[C@]12C,280.0,concat:280,protenix_base_default_v0.5.0,3o01_2_DXC_0,1.0,28.0,results/posebench_702_predictions/protenix_gpu/dockgen/3o01_2_DXC_0/full_base_c1_s20_n1,,10.0,0.0,28.0,results/posebench_702_predictions/protenix_gpu/dockgen/3o01_2_DXC_0/full_base_c1_s20_n1/output/3o01_2_DXC_0/seed_101/predictions/3o01_2_DXC_0_seed_101_sample_0.cif,B:280,external/PoseBench/data/dockgen_set/3o01_2_DXC_0/3o01_2_DXC_0_protein_processed.pdb,0.22362159192562103,42.97300720214844,0.2193647176027298,0.22277021408081055,23.422444360680224,0.0,86.733,ok,full_base_c1_s20_n1,,False,30.692316790450967,False,results/posebench_702_predictions/protenix_gpu/dockgen/3o01_2_DXC_0/full_base_c1_s20_n1/run_status.json,,,,,ok
results/posebench_702_predictions/protenix_gpu/dockgen/3o02_2_JN3_0/full_base_c1_s20_n1/output/3o02_2_JN3_0/seed_101/predictions/3o02_2_JN3_0_seed_101_summary_confidence_sample_0.json,dockgen,7,results/posebench_702_predictions/protenix_gpu/dockgen/3o02_2_JN3_0/full_base_c1_s20_n1/inputs/3o02_2_JN3_0.json,external/PoseBench/data/dockgen_set/3o02_2_JN3_0/3o02_2_JN3_0_ligand.pdb,28.0,C[C@H](CCC(O)O)[C@H]1CC[C@H]2[C@@H]3[C@H](O)C[C@@H]4C[C@H](O)CC[C@]4(C)[C@H]3CC[C@]12C,267.0,concat:267,protenix_base_default_v0.5.0,3o02_2_JN3_0,1.0,28.0,results/posebench_702_predictions/protenix_gpu/dockgen/3o02_2_JN3_0/full_base_c1_s20_n1,,10.0,0.0,28.0,results/posebench_702_predictions/protenix_gpu/dockgen/3o02_2_JN3_0/full_base_c1_s20_n1/output/3o02_2_JN3_0/seed_101/predictions/3o02_2_JN3_0_seed_101_sample_0.cif,B:267,external/PoseBench/data/dockgen_set/3o02_2_JN3_0/3o02_2_JN3_0_protein_processed.pdb,0.24731673300266266,46.6569709777832,0.24245041608810425,0.2463434636592865,29.41891375263439,0.0,76.076,ok,full_base_c1_s20_n1,,False,17.892149262071154,False,results/posebench_702_predictions/protenix_gpu/dockgen/3o02_2_JN3_0/full_base_c1_s20_n1/run_status.json,,,,,ok
results/posebench_702_predictions/protenix_gpu/dockgen/3o7j_1_2AL_0/full_base_c1_s20_n1/output/3o7j_1_2AL_0/seed_101/predictions/3o7j_1_2AL_0_seed_101_summary_confidence_sample_0.json,dockgen,6,results/posebench_702_predictions/protenix_gpu/dockgen/3o7j_1_2AL_0/full_base_c1_s20_n1/inputs/3o7j_1_2AL_0.json,external/PoseBench/data/dockgen_set/3o7j_1_2AL_0/3o7j_1_2AL_0_ligand.pdb,11.0,NC(O)NC1NC(O)NC1O,166.0,A:166,protenix_base_default_v0.5.0,3o7j_1_2AL_0,1.0,11.0,results/posebench_702_predictions/protenix_gpu/dockgen/3o7j_1_2AL_0/full_base_c1_s20_n1,13.42914633376821,10.0,58.0,11.0,results/posebench_702_predictions/protenix_gpu/dockgen/3o7j_1_2AL_0/full_base_c1_s20_n1/output/3o7j_1_2AL_0/seed_101/predictions/3o7j_1_2AL_0_seed_101_sample_0.cif,A:166,external/PoseBench/data/dockgen_set/3o7j_1_2AL_0/3o7j_1_2AL_0_protein_processed.pdb,0.15763995051383972,43.997684478759766,0.23761488497257233,0.17363494634628296,16.393620091943912,0.0,90.077,ok,full_base_c1_s20_n1,19.924934315255317,False,18.754270935839106,False,results/posebench_702_predictions/protenix_gpu/dockgen/3o7j_1_2AL_0/full_base_c1_s20_n1/run_status.json,,,,,ok
results/posebench_702_predictions/protenix_gpu/dockgen/3q14_1_PCR_3/full_base_c1_s20_n1/output/3q14_1_PCR_3/seed_101/predictions/3q14_1_PCR_3_seed_101_summary_confidence_sample_0.json,dockgen,5,results/posebench_702_predictions/protenix_gpu/dockgen/3q14_1_PCR_3/full_base_c1_s20_n1/inputs/3q14_1_PCR_3.json,external/PoseBench/data/dockgen_set/3q14_1_PCR_3/3q14_1_PCR_3_ligand.pdb,8.0,CC1CCC(O)CC1,491.0,A:491,protenix_base_default_v0.5.0,3q14_1_PCR_3,2.0,8.0,results/posebench_702_predictions/protenix_gpu/dockgen/3q14_1_PCR_3/full_base_c1_s20_n1,12.636078399428591,10.0,18.0,8.0,results/posebench_702_predictions/protenix_gpu/dockgen/3q14_1_PCR_3/full_base_c1_s20_n1/output/3q14_1_PCR_3/seed_101/predictions/3q14_1_PCR_3_seed_101_sample_0.cif,A:491;E:102,external/PoseBench/data/dockgen_set/3q14_1_PCR_3/3q14_1_PCR_3_protein_processed.pdb,0.11954180151224136,34.39436340332031,0.19685259461402893,0.1350039541721344,23.329611046672614,0.0,92.31,ok,full_base_c1_s20_n1,13.758029340504791,False,25.67315988042451,False,results/posebench_702_predictions/protenix_gpu/dockgen/3q14_1_PCR_3/full_base_c1_s20_n1/run_status.json,,,,,ok
results/posebench_702_predictions/protenix_gpu/dockgen/3qrc_2_GU4-YYJ_0/full_base_c1_s20_n1/output/3qrc_2_GU4-YYJ_0/seed_101/predictions/3qrc_2_GU4-YYJ_0_seed_101_summary_confidence_sample_0.json,dockgen,4,results/posebench_702_predictions/protenix_gpu/dockgen/3qrc_2_GU4-YYJ_0/full_base_c1_s20_n1/inputs/3qrc_2_GU4-YYJ_0.json,external/PoseBench/data/dockgen_set/3qrc_2_GU4-YYJ_0/3qrc_2_GU4-YYJ_0_ligand.pdb,55.0,OS(O)(O)OC[C@H]1O[C@@](COS(O)(O)O)(O[C@H]2O[C@H](COS(O)(O)O)[C@@H](OS(O)(O)O)[C@H](OS(O)(O)O)[C@H]2OS(O)(O)O)[C@@H](OS(O)(O)O)[C@@H]1OS(O)(O)O,154.0,concat:154,protenix_base_default_v0.5.0,3qrc_2_GU4-YYJ_0,1.0,55.0,results/posebench_702_predictions/protenix_gpu/dockgen/3qrc_2_GU4-YYJ_0/full_base_c1_s20_n1,,10.0,0.0,55.0,results/posebench_702_predictions/protenix_gpu/dockgen/3qrc_2_GU4-YYJ_0/full_base_c1_s20_n1/output/3qrc_2_GU4-YYJ_0/seed_101/predictions/3qrc_2_GU4-YYJ_0_seed_101_sample_0.cif,B:154,external/PoseBench/data/dockgen_set/3qrc_2_GU4-YYJ_0/3qrc_2_GU4-YYJ_0_protein_processed.pdb,0.23961463570594788,31.934139251708984,0.25987035036087036,0.24366578459739685,17.753603652686333,0.0,87.848,ok,full_base_c1_s20_n1,,False,25.655707791705055,False,results/posebench_702_predictions/protenix_gpu/dockgen/3qrc_2_GU4-YYJ_0/full_base_c1_s20_n1/run_status.json,,,,,ok
results/posebench_702_predictions/protenix_gpu/dockgen/3s5x_1_BMA-MAN-MAN-MAN-MAN_0/full_base_c1_s20_n1/output/3s5x_1_BMA-MAN-MAN-MAN-MAN_0/seed_101/predictions/3s5x_1_BMA-MAN-MAN-MAN-MAN_0_seed_101_summary_confidence_sample_0.json,dockgen,7,results/posebench_702_predictions/protenix_gpu/dockgen/3s5x_1_BMA-MAN-MAN-MAN-MAN_0/full_base_c1_s20_n1/inputs/3s5x_1_BMA-MAN-MAN-MAN-MAN_0.json,external/PoseBench/data/dockgen_set/3s5x_1_BMA-MAN-MAN-MAN-MAN_0/3s5x_1_BMA-MAN-MAN-MAN-MAN_0_ligand.pdb,45.0,OC[C@H]1O[C@H](O[C@@H]2[C@H](O)[C@@H](OC[C@H]3O[C@@H](O)[C@@H](O)[C@@H](O[C@H]4O[C@H](CO)[C@@H](O)[C@H](O)[C@@H]4O)[C@@H]3O)O[C@H](CO)[C@H]2O)[C@@H](O)[C@@H](O)[C@@H]1O,132.0,A:132,protenix_base_default_v0.5.0,3s5x_1_BMA-MAN-MAN-MAN-MAN_0,1.0,45.0,results/posebench_702_predictions/protenix_gpu/dockgen/3s5x_1_BMA-MAN-MAN-MAN-MAN_0/full_base_c1_s20_n1,6.252676543910035,10.0,35.0,45.0,results/posebench_702_predictions/protenix_gpu/dockgen/3s5x_1_BMA-MAN-MAN-MAN-MAN_0/full_base_c1_s20_n1/output/3s5x_1_BMA-MAN-MAN-MAN-MAN_0/seed_101/predictions/3s5x_1_BMA-MAN-MAN-MAN-MAN_0_seed_101_sample_0.cif,A:132,external/PoseBench/data/dockgen_set/3s5x_1_BMA-MAN-MAN-MAN-MAN_0/3s5x_1_BMA-MAN-MAN-MAN-MAN_0_protein_processed.pdb,0.15049146115779877,46.901519775390625,0.34208905696868896,0.18881097435951233,13.97097206490858,0.0,92.577,ok,full_base_c1_s20_n1,9.727077950658163,False,10.594430975034262,False,results/posebench_702_predictions/protenix_gpu/dockgen/3s5x_1_BMA-MAN-MAN-MAN-MAN_0/full_base_c1_s20_n1/run_status.json,,,,,ok
results/posebench_702_predictions/protenix_gpu/dockgen/3s6a_1_ANP_0/full_base_c1_s20_n1/output/3s6a_1_ANP_0/seed_101/predictions/3s6a_1_ANP_0_seed_101_summary_confidence_sample_0.json,dockgen,6,results/posebench_702_predictions/protenix_gpu/dockgen/3s6a_1_ANP_0/full_base_c1_s20_n1/inputs/3s6a_1_ANP_0.json,external/PoseBench/data/dockgen_set/3s6a_1_ANP_0/3s6a_1_ANP_0_ligand.pdb,27.0,NC1NCNC2C1NCN2[C@@H]1O[C@H](CO[PH](O)(O)O[PH](N)(O)O)[C@@H](O)[C@H]1O,178.0,A:178,protenix_base_default_v0.5.0,3s6a_1_ANP_0,1.0,27.0,results/posebench_702_predictions/protenix_gpu/dockgen/3s6a_1_ANP_0/full_base_c1_s20_n1,13.135662886825713,10.0,64.0,27.0,results/posebench_702_predictions/protenix_gpu/dockgen/3s6a_1_ANP_0/full_base_c1_s20_n1/output/3s6a_1_ANP_0/seed_101/predictions/3s6a_1_ANP_0_seed_101_sample_0.cif,A:178,external/PoseBench/data/dockgen_set/3s6a_1_ANP_0/3s6a_1_ANP_0_protein_processed.pdb,0.21572066843509674,35.89386749267578,0.1946686953306198,0.21151027083396912,14.109522762974843,0.0,91.859,ok,full_base_c1_s20_n1,11.480025459127253,False,11.182765321342307,False,results/posebench_702_predictions/protenix_gpu/dockgen/3s6a_1_ANP_0/full_base_c1_s20_n1/run_status.json,,,,,ok
results/posebench_702_predictions/protenix_gpu/dockgen/3se5_1_ANP_2/full_base_c1_s20_n1/output/3se5_1_ANP_2/seed_101/predictions/3se5_1_ANP_2_seed_101_summary_confidence_sample_0.json,dockgen,5,results/posebench_702_predictions/protenix_gpu/dockgen/3se5_1_ANP_2/full_base_c1_s20_n1/inputs/3se5_1_ANP_2.json,external/PoseBench/data/dockgen_set/3se5_1_ANP_2/3se5_1_ANP_2_ligand.pdb,31.0,NC1NCNC2C1NCN2[C@@H]1O[C@H](CO[PH](O)(O)O[PH](O)(O)N[PH](O)(O)O)[C@@H](O)[C@H]1O,465.0,"A:155,B:155,C:155",protenix_base_default_v0.5.0,3se5_1_ANP_2,3.0,31.0,results/posebench_702_predictions/protenix_gpu/dockgen/3se5_1_ANP_2/full_base_c1_s20_n1,14.761459389273845,10.0,72.0,31.0,results/posebench_702_predictions/protenix_gpu/dockgen/3se5_1_ANP_2/full_base_c1_s20_n1/output/3se5_1_ANP_2/seed_101/predictions/3se5_1_ANP_2_seed_101_sample_0.cif,A:155;B:155;C:155,external/PoseBench/data/dockgen_set/3se5_1_ANP_2/3se5_1_ANP_2_protein_processed.pdb,0.13258250057697296,34.40675354003906,0.18058693408966064,0.14218339323997498,21.115472077447723,0.0,71.572,ok,full_base_c1_s20_n1,4.9588665178230436,False,10.567255309027592,False,results/posebench_702_predictions/protenix_gpu/dockgen/3se5_1_ANP_2/full_base_c1_s20_n1/run_status.json,,,,,ok
results/posebench_702_predictions/protenix_gpu/dockgen/3sr6_1_MTE_1/full_base_c1_s20_n1/output/3sr6_1_MTE_1/seed_101/predictions/3sr6_1_MTE_1_seed_101_summary_confidence_sample_0.json,dockgen,4,results/posebench_702_predictions/protenix_gpu/dockgen/3sr6_1_MTE_1/full_base_c1_s20_n1/inputs/3sr6_1_MTE_1.json,external/PoseBench/data/dockgen_set/3sr6_1_MTE_1/3sr6_1_MTE_1_ligand.pdb,24.0,NC1NC(O)[C@@H]2N[C@H]3C(S)C(S)[C@@H](CO[PH](O)(O)O)O[C@H]3NC2N1,909.0,concat:909,protenix_base_default_v0.5.0,3sr6_1_MTE_1,2.0,24.0,results/posebench_702_predictions/protenix_gpu/dockgen/3sr6_1_MTE_1/full_base_c1_s20_n1,,10.0,0.0,24.0,results/posebench_702_predictions/protenix_gpu/dockgen/3sr6_1_MTE_1/full_base_c1_s20_n1/output/3sr6_1_MTE_1/seed_101/predictions/3sr6_1_MTE_1_seed_101_sample_0.cif,J:164;L:745,external/PoseBench/data/dockgen_set/3sr6_1_MTE_1/3sr6_1_MTE_1_protein_processed.pdb,0.1421835720539093,34.77126693725586,0.22241200506687164,0.158229261636734,27.705978447420296,0.0,85.167,ok,full_base_c1_s20_n1,,False,9.525507715609024,False,results/posebench_702_predictions/protenix_gpu/dockgen/3sr6_1_MTE_1/full_base_c1_s20_n1/run_status.json,,,,,ok
results/posebench_702_predictions/protenix_gpu/dockgen/3ub7_1_ACM_1/full_base_c1_s20_n1/output/3ub7_1_ACM_1/seed_101/predictions/3ub7_1_ACM_1_seed_101_summary_confidence_sample_0.json,dockgen,7,results/posebench_702_predictions/protenix_gpu/dockgen/3ub7_1_ACM_1/full_base_c1_s20_n1/inputs/3ub7_1_ACM_1.json,external/PoseBench/data/dockgen_set/3ub7_1_ACM_1/3ub7_1_ACM_1_ligand.pdb,4.0,CC(N)O,161.0,concat:161,protenix_base_default_v0.5.0,3ub7_1_ACM_1,1.0,4.0,results/posebench_702_predictions/protenix_gpu/dockgen/3ub7_1_ACM_1/full_base_c1_s20_n1,,10.0,0.0,4.0,results/posebench_702_predictions/protenix_gpu/dockgen/3ub7_1_ACM_1/full_base_c1_s20_n1/output/3ub7_1_ACM_1/seed_101/predictions/3ub7_1_ACM_1_seed_101_sample_0.cif,B:161,external/PoseBench/data/dockgen_set/3ub7_1_ACM_1/3ub7_1_ACM_1_protein_processed.pdb,0.11025527864694595,35.80160140991211,0.2060791701078415,0.12942005693912506,13.989904321447954,0.0,75.676,ok,full_base_c1_s20_n1,,False,4.651839556679146,False,results/posebench_702_predictions/protenix_gpu/dockgen/3ub7_1_ACM_1/full_base_c1_s20_n1/run_status.json,,,,,ok
results/posebench_702_predictions/protenix_gpu/dockgen/3ub9_1_NHY_1/full_base_c1_s20_n1/output/3ub9_1_NHY_1/seed_101/predictions/3ub9_1_NHY_1_seed_101_summary_confidence_sample_0.json,dockgen,6,results/posebench_702_predictions/protenix_gpu/dockgen/3ub9_1_NHY_1/full_base_c1_s20_n1/inputs/3ub9_1_NHY_1.json,external/PoseBench/data/dockgen_set/3ub9_1_NHY_1/3ub9_1_NHY_1_ligand.pdb,5.0,N[C@@H](O)NO,165.0,concat:165,protenix_base_default_v0.5.0,3ub9_1_NHY_1,1.0,5.0,results/posebench_702_predictions/protenix_gpu/dockgen/3ub9_1_NHY_1/full_base_c1_s20_n1,,10.0,0.0,5.0,results/posebench_702_predictions/protenix_gpu/dockgen/3ub9_1_NHY_1/full_base_c1_s20_n1/output/3ub9_1_NHY_1/seed_101/predictions/3ub9_1_NHY_1_seed_101_sample_0.cif,B:165,external/PoseBench/data/dockgen_set/3ub9_1_NHY_1/3ub9_1_NHY_1_protein_processed.pdb,0.11007125675678253,34.397525787353516,0.20911447703838348,0.129879891872406,16.07969790019559,0.0,88.893,ok,full_base_c1_s20_n1,,False,12.577399430696653,False,results/posebench_702_predictions/protenix_gpu/dockgen/3ub9_1_NHY_1/full_base_c1_s20_n1/run_status.json,,,,,ok
results/posebench_702_predictions/protenix_gpu/dockgen/3uni_1_SAL_0/full_base_c1_s20_n1/output/3uni_1_SAL_0/seed_101/predictions/3uni_1_SAL_0_seed_101_summary_confidence_sample_0.json,dockgen,5,results/posebench_702_predictions/protenix_gpu/dockgen/3uni_1_SAL_0/full_base_c1_s20_n1/inputs/3uni_1_SAL_0.json,external/PoseBench/data/dockgen_set/3uni_1_SAL_0/3uni_1_SAL_0_ligand.pdb,10.0,OC(O)C1CCCCC1O,1289.0,A:1289,protenix_base_default_v0.5.0,3uni_1_SAL_0,1.0,10.0,results/posebench_702_predictions/protenix_gpu/dockgen/3uni_1_SAL_0/full_base_c1_s20_n1,12.472821346664714,10.0,55.0,10.0,results/posebench_702_predictions/protenix_gpu/dockgen/3uni_1_SAL_0/full_base_c1_s20_n1/output/3uni_1_SAL_0/seed_101/predictions/3uni_1_SAL_0_seed_101_sample_0.cif,A:1289,external/PoseBench/data/dockgen_set/3uni_1_SAL_0/3uni_1_SAL_0_protein_processed.pdb,0.2509251832962036,33.60750198364258,0.22859585285186768,0.24645932018756866,23.89221605950173,0.0,112.896,ok,full_base_c1_s20_n1,6.807801920906036,False,21.984396434879166,False,results/posebench_702_predictions/protenix_gpu/dockgen/3uni_1_SAL_0/full_base_c1_s20_n1/run_status.json,,,,,ok
results/posebench_702_predictions/protenix_gpu/dockgen/3wrb_1_GDE_0/full_base_c1_s20_n1/output/3wrb_1_GDE_0/seed_101/predictions/3wrb_1_GDE_0_seed_101_summary_confidence_sample_0.json,dockgen,4,results/posebench_702_predictions/protenix_gpu/dockgen/3wrb_1_GDE_0/full_base_c1_s20_n1/inputs/3wrb_1_GDE_0.json,external/PoseBench/data/dockgen_set/3wrb_1_GDE_0/3wrb_1_GDE_0_ligand.pdb,12.0,OC(O)C1CC(O)C(O)C(O)C1,820.0,"A:409,B:411",protenix_base_default_v0.5.0,3wrb_1_GDE_0,2.0,12.0,results/posebench_702_predictions/protenix_gpu/dockgen/3wrb_1_GDE_0/full_base_c1_s20_n1,16.40948162862654,10.0,67.0,12.0,results/posebench_702_predictions/protenix_gpu/dockgen/3wrb_1_GDE_0/full_base_c1_s20_n1/output/3wrb_1_GDE_0/seed_101/predictions/3wrb_1_GDE_0_seed_101_sample_0.cif,A:409;B:411,external/PoseBench/data/dockgen_set/3wrb_1_GDE_0/3wrb_1_GDE_0_protein_processed.pdb,0.13665536046028137,34.557193756103516,0.2128133922815323,0.1518869698047638,26.232434126174223,0.0,85.277,ok,full_base_c1_s20_n1,6.2579912678441065,False,25.036379441116086,False,results/posebench_702_predictions/protenix_gpu/dockgen/3wrb_1_GDE_0/full_base_c1_s20_n1/run_status.json,,,,,ok
results/posebench_702_predictions/protenix_gpu/dockgen/3wvc_1_FEG_0/full_base_c1_s20_n1/output/3wvc_1_FEG_0/seed_101/predictions/3wvc_1_FEG_0_seed_101_summary_confidence_sample_0.json,dockgen,7,results/posebench_702_predictions/protenix_gpu/dockgen/3wvc_1_FEG_0/full_base_c1_s20_n1/inputs/3wvc_1_FEG_0.json,external/PoseBench/data/dockgen_set/3wvc_1_FEG_0/3wvc_1_FEG_0_ligand.pdb,37.0,CC1C(CC(O)O)NC(O)[C@@H](C)[C@@H]1O[PH](O)(O)OC[C@H]1O[C@@H](N2CNC3C(O)NC(N)NC32)[C@H](O)[C@@H]1O,338.0,"A:169,B:169",protenix_base_default_v0.5.0,3wvc_1_FEG_0,2.0,37.0,results/posebench_702_predictions/protenix_gpu/dockgen/3wvc_1_FEG_0/full_base_c1_s20_n1,12.892452539876208,10.0,80.0,37.0,results/posebench_702_predictions/protenix_gpu/dockgen/3wvc_1_FEG_0/full_base_c1_s20_n1/output/3wvc_1_FEG_0/seed_101/predictions/3wvc_1_FEG_0_seed_101_sample_0.cif,A:169;B:169,external/PoseBench/data/dockgen_set/3wvc_1_FEG_0/3wvc_1_FEG_0_protein_processed.pdb,0.17564186453819275,34.37664031982422,0.23158544301986694,0.1868305802345276,22.099855377793684,0.0,74.313,ok,full_base_c1_s20_n1,17.392194833357348,False,13.835762435608068,False,results/posebench_702_predictions/protenix_gpu/dockgen/3wvc_1_FEG_0/full_base_c1_s20_n1/run_status.json,,,,,ok
results/posebench_702_predictions/protenix_gpu/dockgen/3zec_1_ANP_0/full_base_c1_s20_n1/output/3zec_1_ANP_0/seed_101/predictions/3zec_1_ANP_0_seed_101_summary_confidence_sample_0.json,dockgen,6,results/posebench_702_predictions/protenix_gpu/dockgen/3zec_1_ANP_0/full_base_c1_s20_n1/inputs/3zec_1_ANP_0.json,external/PoseBench/data/dockgen_set/3zec_1_ANP_0/3zec_1_ANP_0_ligand.pdb,31.0,NC1NCNC2C1NCN2[C@@H]1O[C@H](CO[PH](O)(O)O[PH](O)(O)N[PH](O)(O)O)[C@@H](O)[C@H]1O,371.0,concat:371,protenix_base_default_v0.5.0,3zec_1_ANP_0,1.0,31.0,results/posebench_702_predictions/protenix_gpu/dockgen/3zec_1_ANP_0/full_base_c1_s20_n1,,10.0,0.0,31.0,results/posebench_702_predictions/protenix_gpu/dockgen/3zec_1_ANP_0/full_base_c1_s20_n1/output/3zec_1_ANP_0/seed_101/predictions/3zec_1_ANP_0_seed_101_sample_0.cif,B:371,external/PoseBench/data/dockgen_set/3zec_1_ANP_0/3zec_1_ANP_0_protein_processed.pdb,0.18057094514369965,41.68544387817383,0.23281536996364594,0.19101983308792114,24.634564073537668,0.0,94.259,ok,full_base_c1_s20_n1,,False,12.06387822780255,False,results/posebench_702_predictions/protenix_gpu/dockgen/3zec_1_ANP_0/full_base_c1_s20_n1/run_status.json,,,,,ok
results/posebench_702_predictions/protenix_gpu/dockgen/3zjx_1_BOG_0/full_base_c1_s20_n1/output/3zjx_1_BOG_0/seed_101/predictions/3zjx_1_BOG_0_seed_101_summary_confidence_sample_0.json,dockgen,5,results/posebench_702_predictions/protenix_gpu/dockgen/3zjx_1_BOG_0/full_base_c1_s20_n1/inputs/3zjx_1_BOG_0.json,external/PoseBench/data/dockgen_set/3zjx_1_BOG_0/3zjx_1_BOG_0_ligand.pdb,20.0,CCCCCCCCO[C@@H]1O[C@H](CO)[C@@H](O)[C@H](O)[C@H]1O,277.0,A:277,protenix_base_default_v0.5.0,3zjx_1_BOG_0,1.0,20.0,results/posebench_702_predictions/protenix_gpu/dockgen/3zjx_1_BOG_0/full_base_c1_s20_n1,9.471101138513335,10.0,45.0,20.0,results/posebench_702_predictions/protenix_gpu/dockgen/3zjx_1_BOG_0/full_base_c1_s20_n1/output/3zjx_1_BOG_0/seed_101/predictions/3zjx_1_BOG_0_seed_101_sample_0.cif,A:277,external/PoseBench/data/dockgen_set/3zjx_1_BOG_0/3zjx_1_BOG_0_protein_processed.pdb,0.20134763419628143,33.09347152709961,0.24049322307109833,0.20917674899101257,33.91966317447692,0.0,85.012,ok,full_base_c1_s20_n1,8.673195444436471,False,36.327979177690246,False,results/posebench_702_predictions/protenix_gpu/dockgen/3zjx_1_BOG_0/full_base_c1_s20_n1/run_status.json,,,,,ok
results/posebench_702_predictions/protenix_gpu/dockgen/3zqu_1_FNR_5/full_base_c1_s20_n1/output/3zqu_1_FNR_5/seed_101/predictions/3zqu_1_FNR_5_seed_101_summary_confidence_sample_0.json,dockgen,4,results/posebench_702_predictions/protenix_gpu/dockgen/3zqu_1_FNR_5/full_base_c1_s20_n1/inputs/3zqu_1_FNR_5.json,external/PoseBench/data/dockgen_set/3zqu_1_FNR_5/3zqu_1_FNR_5_ligand.pdb,31.0,C[C@H]1CC2NC3[C@H](O)N[C@H](O)N[C@@H]3N(C[C@H](O)[C@H](O)[C@H](O)CO[PH](O)(O)O)[C@@H]2C[C@@H]1C,207.0,A:207,protenix_base_default_v0.5.0,3zqu_1_FNR_5,1.0,31.0,results/posebench_702_predictions/protenix_gpu/dockgen/3zqu_1_FNR_5/full_base_c1_s20_n1,9.18165017507824,10.0,52.0,31.0,results/posebench_702_predictions/protenix_gpu/dockgen/3zqu_1_FNR_5/full_base_c1_s20_n1/output/3zqu_1_FNR_5/seed_101/predictions/3zqu_1_FNR_5_seed_101_sample_0.cif,A:207,external/PoseBench/data/dockgen_set/3zqu_1_FNR_5/3zqu_1_FNR_5_protein_processed.pdb,0.29831835627555847,37.87479782104492,0.25016629695892334,0.28868794441223145,15.169781748587347,0.0,72.6,ok,full_base_c1_s20_n1,16.588586082027582,False,15.246883220547268,False,results/posebench_702_predictions/protenix_gpu/dockgen/3zqu_1_FNR_5/full_base_c1_s20_n1/run_status.json,,,,,ok
results/posebench_702_predictions/protenix_gpu/dockgen/3zzs_1_TRP_3/full_base_c1_s20_n1/output/3zzs_1_TRP_3/seed_101/predictions/3zzs_1_TRP_3_seed_101_summary_confidence_sample_0.json,dockgen,7,results/posebench_702_predictions/protenix_gpu/dockgen/3zzs_1_TRP_3/full_base_c1_s20_n1/inputs/3zzs_1_TRP_3.json,external/PoseBench/data/dockgen_set/3zzs_1_TRP_3/3zzs_1_TRP_3_ligand.pdb,15.0,N[C@@H](CC1CNC2CCCCC12)C(O)O,64.0,A:64,protenix_base_default_v0.5.0,3zzs_1_TRP_3,2.0,15.0,results/posebench_702_predictions/protenix_gpu/dockgen/3zzs_1_TRP_3/full_base_c1_s20_n1,4.951697723320258,10.0,34.0,15.0,results/posebench_702_predictions/protenix_gpu/dockgen/3zzs_1_TRP_3/full_base_c1_s20_n1/output/3zzs_1_TRP_3/seed_101/predictions/3zzs_1_TRP_3_seed_101_sample_0.cif,A:64;C:65,external/PoseBench/data/dockgen_set/3zzs_1_TRP_3/3zzs_1_TRP_3_protein_processed.pdb,0.3521619141101837,60.47456359863281,0.47944769263267517,0.37761908769607544,10.680551216749237,0.0,78.589,ok,full_base_c1_s20_n1,18.897282270634527,False,15.460874326787197,False,results/posebench_702_predictions/protenix_gpu/dockgen/3zzs_1_TRP_3/full_base_c1_s20_n1/run_status.json,,,,,ok
results/posebench_702_predictions/protenix_gpu/dockgen/4b4v_1_L34_0/full_base_c1_s20_n1/output/4b4v_1_L34_0/seed_101/predictions/4b4v_1_L34_0_seed_101_summary_confidence_sample_0.json,dockgen,6,results/posebench_702_predictions/protenix_gpu/dockgen/4b4v_1_L34_0/full_base_c1_s20_n1/inputs/4b4v_1_L34_0.json,external/PoseBench/data/dockgen_set/4b4v_1_L34_0/4b4v_1_L34_0_ligand.pdb,34.0,NC1NC(O)C2C(NC[C@@H]3CN(C4CCC([C@H](O)N[C@@H](CCC(O)O)C(O)O)CC4)C(O)N23)N1,282.0,A:282,protenix_base_default_v0.5.0,4b4v_1_L34_0,1.0,34.0,results/posebench_702_predictions/protenix_gpu/dockgen/4b4v_1_L34_0/full_base_c1_s20_n1,13.876020848727025,10.0,85.0,34.0,results/posebench_702_predictions/protenix_gpu/dockgen/4b4v_1_L34_0/full_base_c1_s20_n1/output/4b4v_1_L34_0/seed_101/predictions/4b4v_1_L34_0_seed_101_sample_0.cif,A:282,external/PoseBench/data/dockgen_set/4b4v_1_L34_0/4b4v_1_L34_0_protein_processed.pdb,0.28191861510276794,35.602569580078125,0.23327207565307617,0.27218931913375854,14.934289529188446,0.0,85.614,ok,full_base_c1_s20_n1,12.21480952071843,False,12.683822172336509,False,results/posebench_702_predictions/protenix_gpu/dockgen/4b4v_1_L34_0/full_base_c1_s20_n1/run_status.json,,,,,ok
results/posebench_702_predictions/protenix_gpu/dockgen/4bc9_1_CNV-FAD_0/full_base_c1_s20_n1/output/4bc9_1_CNV-FAD_0/seed_101/predictions/4bc9_1_CNV-FAD_0_seed_101_summary_confidence_sample_0.json,dockgen,4,results/posebench_702_predictions/protenix_gpu/dockgen/4bc9_1_CNV-FAD_0/full_base_c1_s20_n1/inputs/4bc9_1_CNV-FAD_0.json,external/PoseBench/data/dockgen_set/4bc9_1_CNV-FAD_0/4bc9_1_CNV-FAD_0_ligand.pdb,57.0,CC1CC2[C@H](CC1C)N(C(C)CN)C1C(O)NC(O)NC1N2C[C@H](O)[C@H](O)[C@H](O)CO[PH](O)(O)O[PH](O)(O)OC[C@H]1O[C@@H](N2CNC3C(N)NCN[C@H]32)[C@H](O)[C@@H]1O,1102.0,concat:1102,protenix_base_default_v0.5.0,4bc9_1_CNV-FAD_0,2.0,57.0,results/posebench_702_predictions/protenix_gpu/dockgen/4bc9_1_CNV-FAD_0/full_base_c1_s20_n1,,10.0,0.0,57.0,results/posebench_702_predictions/protenix_gpu/dockgen/4bc9_1_CNV-FAD_0/full_base_c1_s20_n1/output/4bc9_1_CNV-FAD_0/seed_101/predictions/4bc9_1_CNV-FAD_0_seed_101_sample_0.cif,C:552;D:550,external/PoseBench/data/dockgen_set/4bc9_1_CNV-FAD_0/4bc9_1_CNV-FAD_0_protein_processed.pdb,0.16055092215538025,32.19570541381836,0.21512430906295776,0.17146560549736023,30.8731873787581,0.0,114.649,ok,full_base_c1_s20_n1,,False,22.30047599343231,False,results/posebench_702_predictions/protenix_gpu/dockgen/4bc9_1_CNV-FAD_0/full_base_c1_s20_n1/run_status.json,,,,,ok
results/posebench_702_predictions/protenix_gpu/dockgen/4cdn_2_FAD_0/full_base_c1_s20_n1/output/4cdn_2_FAD_0/seed_101/predictions/4cdn_2_FAD_0_seed_101_summary_confidence_sample_0.json,dockgen,6,results/posebench_702_predictions/protenix_gpu/dockgen/4cdn_2_FAD_0/full_base_c1_s20_n1/inputs/4cdn_2_FAD_0.json,external/PoseBench/data/dockgen_set/4cdn_2_FAD_0/4cdn_2_FAD_0_ligand.pdb,53.0,CC1CC2NC3C(O)NC(O)NC3N(C[C@H](O)[C@H](O)[C@H](O)CO[PH](O)(O)O[PH](O)(O)OC[C@H]3O[C@@H](N4CNC5C(N)NCNC54)[C@H](O)[C@@H]3O)C2C[C@H]1C,438.0,concat:438,protenix_base_default_v0.5.0,4cdn_2_FAD_0,1.0,53.0,results/posebench_702_predictions/protenix_gpu/dockgen/4cdn_2_FAD_0/full_base_c1_s20_n1,,10.0,0.0,53.0,results/posebench_702_predictions/protenix_gpu/dockgen/4cdn_2_FAD_0/full_base_c1_s20_n1/output/4cdn_2_FAD_0/seed_101/predictions/4cdn_2_FAD_0_seed_101_sample_0.cif,B:438,external/PoseBench/data/dockgen_set/4cdn_2_FAD_0/4cdn_2_FAD_0_protein_processed.pdb,0.2340106964111328,31.671157836914062,0.196859210729599,0.226580411195755,22.092265872481736,0.0,87.321,ok,full_base_c1_s20_n1,,False,18.32082422287457,False,results/posebench_702_predictions/protenix_gpu/dockgen/4cdn_2_FAD_0/full_base_c1_s20_n1/run_status.json,,,,,ok
results/posebench_702_predictions/protenix_gpu/dockgen/4cnl_1_CHT_1/full_base_c1_s20_n1/output/4cnl_1_CHT_1/seed_101/predictions/4cnl_1_CHT_1_seed_101_summary_confidence_sample_0.json,dockgen,6,results/posebench_702_predictions/protenix_gpu/dockgen/4cnl_1_CHT_1/full_base_c1_s20_n1/inputs/4cnl_1_CHT_1.json,external/PoseBench/data/dockgen_set/4cnl_1_CHT_1/4cnl_1_CHT_1_ligand.pdb,7.0,C[N+](C)(C)CCO,182.0,A:182,protenix_base_default_v0.5.0,4cnl_1_CHT_1,1.0,7.0,results/posebench_702_predictions/protenix_gpu/dockgen/4cnl_1_CHT_1/full_base_c1_s20_n1,8.70257481305457,10.0,28.0,7.0,results/posebench_702_predictions/protenix_gpu/dockgen/4cnl_1_CHT_1/full_base_c1_s20_n1/output/4cnl_1_CHT_1/seed_101/predictions/4cnl_1_CHT_1_seed_101_sample_0.cif,A:182,external/PoseBench/data/dockgen_set/4cnl_1_CHT_1/4cnl_1_CHT_1_protein_processed.pdb,0.303856760263443,40.21841049194336,0.2250976264476776,0.28810495138168335,20.9541029506682,0.0,90.545,ok,full_base_c1_s20_n1,19.559871268806504,False,27.953190483488907,False,results/posebench_702_predictions/protenix_gpu/dockgen/4cnl_1_CHT_1/full_base_c1_s20_n1/run_status.json,,,,,ok
results/posebench_702_predictions/protenix_gpu/dockgen/4fyv_1_DCP_2/full_base_c1_s20_n1/output/4fyv_1_DCP_2/seed_101/predictions/4fyv_1_DCP_2_seed_101_summary_confidence_sample_0.json,dockgen,4,results/posebench_702_predictions/protenix_gpu/dockgen/4fyv_1_DCP_2/full_base_c1_s20_n1/inputs/4fyv_1_DCP_2.json,external/PoseBench/data/dockgen_set/4fyv_1_DCP_2/4fyv_1_DCP_2_ligand.pdb,28.0,NC1CCN([C@H]2C[C@H](O)[C@@H](CO[PH](O)(O)O[PH](O)(O)O[PH](O)(O)O)O2)C(O)N1,144.0,concat:144,protenix_base_default_v0.5.0,4fyv_1_DCP_2,1.0,28.0,results/posebench_702_predictions/protenix_gpu/dockgen/4fyv_1_DCP_2/full_base_c1_s20_n1,,10.0,0.0,28.0,results/posebench_702_predictions/protenix_gpu/dockgen/4fyv_1_DCP_2/full_base_c1_s20_n1/output/4fyv_1_DCP_2/seed_101/predictions/4fyv_1_DCP_2_seed_101_sample_0.cif,B:144,external/PoseBench/data/dockgen_set/4fyv_1_DCP_2/4fyv_1_DCP_2_protein_processed.pdb,0.1435474455356598,33.44974136352539,0.19916707277297974,0.15467137098312378,17.20344117847283,0.0,86.758,ok,full_base_c1_s20_n1,,False,22.570485668872177,False,results/posebench_702_predictions/protenix_gpu/dockgen/4fyv_1_DCP_2/full_base_c1_s20_n1/run_status.json,,,,,ok
results/posebench_702_predictions/protenix_gpu/dockgen/4fyw_1_CTP_4/full_base_c1_s20_n1/output/4fyw_1_CTP_4/seed_101/predictions/4fyw_1_CTP_4_seed_101_summary_confidence_sample_0.json,dockgen,6,results/posebench_702_predictions/protenix_gpu/dockgen/4fyw_1_CTP_4/full_base_c1_s20_n1/inputs/4fyw_1_CTP_4.json,external/PoseBench/data/dockgen_set/4fyw_1_CTP_4/4fyw_1_CTP_4_ligand.pdb,29.0,NC1CCN([C@@H]2O[C@H](CO[PH](O)(O)O[PH](O)(O)O[PH](O)(O)O)[C@@H](O)[C@H]2O)C(O)N1,144.0,concat:144,protenix_base_default_v0.5.0,4fyw_1_CTP_4,1.0,29.0,results/posebench_702_predictions/protenix_gpu/dockgen/4fyw_1_CTP_4/full_base_c1_s20_n1,,10.0,0.0,29.0,results/posebench_702_predictions/protenix_gpu/dockgen/4fyw_1_CTP_4/full_base_c1_s20_n1/output/4fyw_1_CTP_4/seed_101/predictions/4fyw_1_CTP_4_seed_101_sample_0.cif,D:144,external/PoseBench/data/dockgen_set/4fyw_1_CTP_4/4fyw_1_CTP_4_protein_processed.pdb,0.12546469271183014,33.169525146484375,0.19733351469039917,0.13983845710754395,16.581179375430576,0.0,73.271,ok,full_base_c1_s20_n1,,False,25.807250559849265,False,results/posebench_702_predictions/protenix_gpu/dockgen/4fyw_1_CTP_4/full_base_c1_s20_n1/run_status.json,,,,,ok
results/posebench_702_predictions/protenix_gpu/dockgen/4gk9_1_BMA-MAN-MAN-MAN-MAN_3/full_base_c1_s20_n1/output/4gk9_1_BMA-MAN-MAN-MAN-MAN_3/seed_101/predictions/4gk9_1_BMA-MAN-MAN-MAN-MAN_3_seed_101_summary_confidence_sample_0.json,dockgen,4,results/posebench_702_predictions/protenix_gpu/dockgen/4gk9_1_BMA-MAN-MAN-MAN-MAN_3/full_base_c1_s20_n1/inputs/4gk9_1_BMA-MAN-MAN-MAN-MAN_3.json,external/PoseBench/data/dockgen_set/4gk9_1_BMA-MAN-MAN-MAN-MAN_3/4gk9_1_BMA-MAN-MAN-MAN-MAN_3_ligand.pdb,56.0,OC[C@H]1O[C@H](OC[C@H]2O[C@H](OC[C@H]3O[C@@H](O)[C@@H](O)[C@@H](O[C@H]4O[C@H](CO)[C@@H](O)[C@H](O)[C@@H]4O)[C@@H]3O)[C@@H](O)[C@@H](O[C@H]3O[C@H](CO)[C@@H](O)[C@H](O)[C@@H]3O)[C@@H]2O)[C@@H](O)[C@@H](O)[C@@H]1O,279.0,A:279,protenix_base_default_v0.5.0,4gk9_1_BMA-MAN-MAN-MAN-MAN_3,1.0,56.0,results/posebench_702_predictions/protenix_gpu/dockgen/4gk9_1_BMA-MAN-MAN-MAN-MAN_3/full_base_c1_s20_n1,7.897155777523338,10.0,36.0,56.0,results/posebench_702_predictions/protenix_gpu/dockgen/4gk9_1_BMA-MAN-MAN-MAN-MAN_3/full_base_c1_s20_n1/output/4gk9_1_BMA-MAN-MAN-MAN-MAN_3/seed_101/predictions/4gk9_1_BMA-MAN-MAN-MAN-MAN_3_seed_101_sample_0.cif,A:279,external/PoseBench/data/dockgen_set/4gk9_1_BMA-MAN-MAN-MAN-MAN_3/4gk9_1_BMA-MAN-MAN-MAN-MAN_3_protein_processed.pdb,0.12281022220849991,36.07416534423828,0.2571720778942108,0.14968259632587433,16.328854490583353,0.0,85.634,ok,full_base_c1_s20_n1,24.345949812851238,False,38.43850387012927,False,results/posebench_702_predictions/protenix_gpu/dockgen/4gk9_1_BMA-MAN-MAN-MAN-MAN_3/full_base_c1_s20_n1/run_status.json,,,,,ok
results/posebench_702_predictions/protenix_gpu/dockgen/4h2f_1_ADN_0/full_base_c1_s20_n1/output/4h2f_1_ADN_0/seed_101/predictions/4h2f_1_ADN_0_seed_101_summary_confidence_sample_0.json,dockgen,6,results/posebench_702_predictions/protenix_gpu/dockgen/4h2f_1_ADN_0/full_base_c1_s20_n1/inputs/4h2f_1_ADN_0.json,external/PoseBench/data/dockgen_set/4h2f_1_ADN_0/4h2f_1_ADN_0_ligand.pdb,19.0,NC1NCNC2C1NCN2[C@@H]1O[C@H](CO)[C@@H](O)[C@H]1O,524.0,A:524,protenix_base_default_v0.5.0,4h2f_1_ADN_0,1.0,19.0,results/posebench_702_predictions/protenix_gpu/dockgen/4h2f_1_ADN_0/full_base_c1_s20_n1,12.968484492416229,10.0,47.0,19.0,results/posebench_702_predictions/protenix_gpu/dockgen/4h2f_1_ADN_0/full_base_c1_s20_n1/output/4h2f_1_ADN_0/seed_101/predictions/4h2f_1_ADN_0_seed_101_sample_0.cif,A:524,external/PoseBench/data/dockgen_set/4h2f_1_ADN_0/4h2f_1_ADN_0_protein_processed.pdb,0.28936272859573364,29.40255355834961,0.18836458027362823,0.2691631019115448,22.531523426676433,0.0,86.817,ok,full_base_c1_s20_n1,15.455985925661578,False,24.424968077976704,False,results/posebench_702_predictions/protenix_gpu/dockgen/4h2f_1_ADN_0/full_base_c1_s20_n1/run_status.json,,,,,ok
results/posebench_702_predictions/protenix_gpu/dockgen/4idk_1_1FE_0/full_base_c1_s20_n1/output/4idk_1_1FE_0/seed_101/predictions/4idk_1_1FE_0_seed_101_summary_confidence_sample_0.json,dockgen,4,results/posebench_702_predictions/protenix_gpu/dockgen/4idk_1_1FE_0/full_base_c1_s20_n1/inputs/4idk_1_1FE_0.json,external/PoseBench/data/dockgen_set/4idk_1_1FE_0/4idk_1_1FE_0_ligand.pdb,15.0,NCC(O)NC1CCC2NC(O)NC2C1,556.0,A:556,protenix_base_default_v0.5.0,4idk_1_1FE_0,1.0,15.0,results/posebench_702_predictions/protenix_gpu/dockgen/4idk_1_1FE_0/full_base_c1_s20_n1,10.844520887368725,10.0,35.0,15.0,results/posebench_702_predictions/protenix_gpu/dockgen/4idk_1_1FE_0/full_base_c1_s20_n1/output/4idk_1_1FE_0/seed_101/predictions/4idk_1_1FE_0_seed_101_sample_0.cif,A:556,external/PoseBench/data/dockgen_set/4idk_1_1FE_0/4idk_1_1FE_0_protein_processed.pdb,0.25639861822128296,32.217323303222656,0.20854832231998444,0.24682855606079102,27.594620497172453,0.0,76.571,ok,full_base_c1_s20_n1,6.4280656519286,False,32.12678003587849,False,results/posebench_702_predictions/protenix_gpu/dockgen/4idk_1_1FE_0/full_base_c1_s20_n1/run_status.json,,,,,ok
results/posebench_702_predictions/protenix_gpu/dockgen/4kgx_1_CTP_5/full_base_c1_s20_n1/output/4kgx_1_CTP_5/seed_101/predictions/4kgx_1_CTP_5_seed_101_summary_confidence_sample_0.json,dockgen,6,results/posebench_702_predictions/protenix_gpu/dockgen/4kgx_1_CTP_5/full_base_c1_s20_n1/inputs/4kgx_1_CTP_5.json,external/PoseBench/data/dockgen_set/4kgx_1_CTP_5/4kgx_1_CTP_5_ligand.pdb,29.0,NC1CCN([C@@H]2O[C@H](CO[PH](O)(O)O[PH](O)(O)O[PH](O)(O)O)[C@@H](O)[C@H]2O)C(O)N1,145.0,concat:145,protenix_base_default_v0.5.0,4kgx_1_CTP_5,1.0,29.0,results/posebench_702_predictions/protenix_gpu/dockgen/4kgx_1_CTP_5/full_base_c1_s20_n1,,10.0,0.0,29.0,results/posebench_702_predictions/protenix_gpu/dockgen/4kgx_1_CTP_5/full_base_c1_s20_n1/output/4kgx_1_CTP_5/seed_101/predictions/4kgx_1_CTP_5_seed_101_sample_0.cif,B:145,external/PoseBench/data/dockgen_set/4kgx_1_CTP_5/4kgx_1_CTP_5_protein_processed.pdb,0.10389742255210876,34.5374870300293,0.19443008303642273,0.1220039576292038,18.048472249340257,0.0,75.281,ok,full_base_c1_s20_n1,,False,33.783900804293246,False,results/posebench_702_predictions/protenix_gpu/dockgen/4kgx_1_CTP_5/full_base_c1_s20_n1/run_status.json,,,,,ok
results/posebench_702_predictions/protenix_gpu/dockgen/4mig_1_G3F_2/full_base_c1_s20_n1/output/4mig_1_G3F_2/seed_101/predictions/4mig_1_G3F_2_seed_101_summary_confidence_sample_0.json,dockgen,4,results/posebench_702_predictions/protenix_gpu/dockgen/4mig_1_G3F_2/full_base_c1_s20_n1/inputs/4mig_1_G3F_2.json,external/PoseBench/data/dockgen_set/4mig_1_G3F_2/4mig_1_G3F_2_ligand.pdb,12.0,OC[C@H]1O[C@@H](O)[C@H](O)[C@@H](F)[C@@H]1O,570.0,concat:570,protenix_base_default_v0.5.0,4mig_1_G3F_2,1.0,12.0,results/posebench_702_predictions/protenix_gpu/dockgen/4mig_1_G3F_2/full_base_c1_s20_n1,,10.0,0.0,12.0,results/posebench_702_predictions/protenix_gpu/dockgen/4mig_1_G3F_2/full_base_c1_s20_n1/output/4mig_1_G3F_2/seed_101/predictions/4mig_1_G3F_2_seed_101_sample_0.cif,D:570,external/PoseBench/data/dockgen_set/4mig_1_G3F_2/4mig_1_G3F_2_protein_processed.pdb,0.4383566379547119,29.66826629638672,0.19798937439918518,0.3902831971645355,25.95653323985874,0.0,74.634,ok,full_base_c1_s20_n1,,False,10.062621547733135,False,results/posebench_702_predictions/protenix_gpu/dockgen/4mig_1_G3F_2/full_base_c1_s20_n1/run_status.json,,,,,ok
results/posebench_702_predictions/protenix_gpu/dockgen/4mo2_2_FDA_0/full_base_c1_s20_n1/output/4mo2_2_FDA_0/seed_101/predictions/4mo2_2_FDA_0_seed_101_summary_confidence_sample_0.json,dockgen,6,results/posebench_702_predictions/protenix_gpu/dockgen/4mo2_2_FDA_0/full_base_c1_s20_n1/inputs/4mo2_2_FDA_0.json,external/PoseBench/data/dockgen_set/4mo2_2_FDA_0/4mo2_2_FDA_0_ligand.pdb,53.0,CC1CC2[C@@H](CC1C)N[C@H]1C(O)NC(O)N[C@H]1N2C[C@H](O)[C@H](O)[C@H](O)CO[PH](O)(O)O[PH](O)(O)OC[C@H]1O[C@@H](N2CNC3C(N)NCNC32)[C@H](O)[C@@H]1O,365.0,concat:365,protenix_base_default_v0.5.0,4mo2_2_FDA_0,1.0,53.0,results/posebench_702_predictions/protenix_gpu/dockgen/4mo2_2_FDA_0/full_base_c1_s20_n1,,10.0,0.0,53.0,results/posebench_702_predictions/protenix_gpu/dockgen/4mo2_2_FDA_0/full_base_c1_s20_n1/output/4mo2_2_FDA_0/seed_101/predictions/4mo2_2_FDA_0_seed_101_sample_0.cif,B:365,external/PoseBench/data/dockgen_set/4mo2_2_FDA_0/4mo2_2_FDA_0_protein_processed.pdb,0.2832234501838684,30.713228225708008,0.20703978836536407,0.2679867148399353,21.212599746897684,0.0,71.911,ok,full_base_c1_s20_n1,,False,14.477902803872503,False,results/posebench_702_predictions/protenix_gpu/dockgen/4mo2_2_FDA_0/full_base_c1_s20_n1/run_status.json,,,,,ok
results/posebench_702_predictions/protenix_gpu/dockgen/4mos_1_GAF_1/full_base_c1_s20_n1/output/4mos_1_GAF_1/seed_101/predictions/4mos_1_GAF_1_seed_101_summary_confidence_sample_0.json,dockgen,4,results/posebench_702_predictions/protenix_gpu/dockgen/4mos_1_GAF_1/full_base_c1_s20_n1/inputs/4mos_1_GAF_1.json,external/PoseBench/data/dockgen_set/4mos_1_GAF_1/4mos_1_GAF_1_ligand.pdb,12.0,OC[C@H]1O[C@H](O)[C@H](F)[C@@H](O)[C@H]1O,576.0,A:576,protenix_base_default_v0.5.0,4mos_1_GAF_1,1.0,12.0,results/posebench_702_predictions/protenix_gpu/dockgen/4mos_1_GAF_1/full_base_c1_s20_n1,13.91773531202137,10.0,63.0,12.0,results/posebench_702_predictions/protenix_gpu/dockgen/4mos_1_GAF_1/full_base_c1_s20_n1/output/4mos_1_GAF_1/seed_101/predictions/4mos_1_GAF_1_seed_101_sample_0.cif,A:576,external/PoseBench/data/dockgen_set/4mos_1_GAF_1/4mos_1_GAF_1_protein_processed.pdb,0.713699996471405,30.644989013671875,0.2787911593914032,0.6267182230949402,28.723067294045695,0.0,91.813,ok,full_base_c1_s20_n1,9.463996925951069,False,10.46962813896261,False,results/posebench_702_predictions/protenix_gpu/dockgen/4mos_1_GAF_1/full_base_c1_s20_n1/run_status.json,,,,,ok
results/posebench_702_predictions/protenix_gpu/dockgen/4n4l_1_HG1_0/full_base_c1_s20_n1/output/4n4l_1_HG1_0/seed_101/predictions/4n4l_1_HG1_0_seed_101_summary_confidence_sample_0.json,dockgen,6,results/posebench_702_predictions/protenix_gpu/dockgen/4n4l_1_HG1_0/full_base_c1_s20_n1/inputs/4n4l_1_HG1_0.json,external/PoseBench/data/dockgen_set/4n4l_1_HG1_0/4n4l_1_HG1_0_ligand.pdb,12.0,NC(O)CCCC1CCCCC1,497.0,A:497,protenix_base_default_v0.5.0,4n4l_1_HG1_0,1.0,12.0,results/posebench_702_predictions/protenix_gpu/dockgen/4n4l_1_HG1_0/full_base_c1_s20_n1,3.594907488698605,10.0,12.0,12.0,results/posebench_702_predictions/protenix_gpu/dockgen/4n4l_1_HG1_0/full_base_c1_s20_n1/output/4n4l_1_HG1_0/seed_101/predictions/4n4l_1_HG1_0_seed_101_sample_0.cif,A:497,external/PoseBench/data/dockgen_set/4n4l_1_HG1_0/4n4l_1_HG1_0_protein_processed.pdb,0.23591959476470947,29.74144744873047,0.15553851425647736,0.21984338760375977,24.916059260925586,0.0,93.773,ok,full_base_c1_s20_n1,7.2770767864184265,False,41.77749425610791,False,results/posebench_702_predictions/protenix_gpu/dockgen/4n4l_1_HG1_0/full_base_c1_s20_n1/run_status.json,,,,,ok
results/posebench_702_predictions/protenix_gpu/dockgen/4o0d_1_GLY_3/full_base_c1_s20_n1/output/4o0d_1_GLY_3/seed_101/predictions/4o0d_1_GLY_3_seed_101_summary_confidence_sample_0.json,dockgen,4,results/posebench_702_predictions/protenix_gpu/dockgen/4o0d_1_GLY_3/full_base_c1_s20_n1/inputs/4o0d_1_GLY_3.json,external/PoseBench/data/dockgen_set/4o0d_1_GLY_3/4o0d_1_GLY_3_ligand.pdb,5.0,NCC(O)O,597.0,"A:299,B:298",protenix_base_default_v0.5.0,4o0d_1_GLY_3,2.0,5.0,results/posebench_702_predictions/protenix_gpu/dockgen/4o0d_1_GLY_3/full_base_c1_s20_n1,14.126190412852567,10.0,59.0,5.0,results/posebench_702_predictions/protenix_gpu/dockgen/4o0d_1_GLY_3/full_base_c1_s20_n1/output/4o0d_1_GLY_3/seed_101/predictions/4o0d_1_GLY_3_seed_101_sample_0.cif,A:299;B:298,external/PoseBench/data/dockgen_set/4o0d_1_GLY_3/4o0d_1_GLY_3_protein_processed.pdb,0.12963059544563293,30.788379669189453,0.19634179770946503,0.14297282695770264,22.285692139307418,0.0,81.814,ok,full_base_c1_s20_n1,7.710693505364842,False,10.979649035139474,False,results/posebench_702_predictions/protenix_gpu/dockgen/4o0d_1_GLY_3/full_base_c1_s20_n1/run_status.json,,,,,ok
results/posebench_702_predictions/protenix_gpu/dockgen/4o0f_1_GLY_3/full_base_c1_s20_n1/output/4o0f_1_GLY_3/seed_101/predictions/4o0f_1_GLY_3_seed_101_summary_confidence_sample_0.json,dockgen,6,results/posebench_702_predictions/protenix_gpu/dockgen/4o0f_1_GLY_3/full_base_c1_s20_n1/inputs/4o0f_1_GLY_3.json,external/PoseBench/data/dockgen_set/4o0f_1_GLY_3/4o0f_1_GLY_3_ligand.pdb,5.0,NCC(O)O,589.0,"A:296,B:293",protenix_base_default_v0.5.0,4o0f_1_GLY_3,2.0,5.0,results/posebench_702_predictions/protenix_gpu/dockgen/4o0f_1_GLY_3/full_base_c1_s20_n1,12.911094000068042,10.0,40.0,5.0,results/posebench_702_predictions/protenix_gpu/dockgen/4o0f_1_GLY_3/full_base_c1_s20_n1/output/4o0f_1_GLY_3/seed_101/predictions/4o0f_1_GLY_3_seed_101_sample_0.cif,A:296;B:293,external/PoseBench/data/dockgen_set/4o0f_1_GLY_3/4o0f_1_GLY_3_protein_processed.pdb,0.1283448040485382,32.00982666015625,0.19884057343006134,0.1424439549446106,22.45831517374889,0.0,79.797,ok,full_base_c1_s20_n1,4.701155571874309,False,18.10682491287936,False,results/posebench_702_predictions/protenix_gpu/dockgen/4o0f_1_GLY_3/full_base_c1_s20_n1/run_status.json,,,,,ok
results/posebench_702_predictions/protenix_gpu/dockgen/4o95_1_245_0/full_base_c1_s20_n1/output/4o95_1_245_0/seed_101/predictions/4o95_1_245_0_seed_101_summary_confidence_sample_0.json,dockgen,4,results/posebench_702_predictions/protenix_gpu/dockgen/4o95_1_245_0/full_base_c1_s20_n1/inputs/4o95_1_245_0.json,external/PoseBench/data/dockgen_set/4o95_1_245_0/4o95_1_245_0_ligand.pdb,17.0,OC(NC1CCCCC1)N[C@H]1CCNC(Cl)C1,467.0,A:467,protenix_base_default_v0.5.0,4o95_1_245_0,1.0,17.0,results/posebench_702_predictions/protenix_gpu/dockgen/4o95_1_245_0/full_base_c1_s20_n1,14.880164190455591,10.0,65.0,17.0,results/posebench_702_predictions/protenix_gpu/dockgen/4o95_1_245_0/full_base_c1_s20_n1/output/4o95_1_245_0/seed_101/predictions/4o95_1_245_0_seed_101_sample_0.cif,A:467,external/PoseBench/data/dockgen_set/4o95_1_245_0/4o95_1_245_0_protein_processed.pdb,0.21999041736125946,29.722938537597656,0.18448308110237122,0.2128889560699463,22.09968379919911,0.0,105.943,ok,full_base_c1_s20_n1,10.562643600886057,False,11.989549132364413,False,results/posebench_702_predictions/protenix_gpu/dockgen/4o95_1_245_0/full_base_c1_s20_n1/run_status.json,,,,,ok
results/posebench_702_predictions/protenix_gpu/dockgen/4oal_2_245_0/full_base_c1_s20_n1/output/4oal_2_245_0/seed_101/predictions/4oal_2_245_0_seed_101_summary_confidence_sample_0.json,dockgen,6,results/posebench_702_predictions/protenix_gpu/dockgen/4oal_2_245_0/full_base_c1_s20_n1/inputs/4oal_2_245_0.json,external/PoseBench/data/dockgen_set/4oal_2_245_0/4oal_2_245_0_ligand.pdb,17.0,OC(NC1CCCCC1)N[C@H]1CCNC(Cl)C1,444.0,concat:444,protenix_base_default_v0.5.0,4oal_2_245_0,1.0,17.0,results/posebench_702_predictions/protenix_gpu/dockgen/4oal_2_245_0/full_base_c1_s20_n1,,10.0,0.0,17.0,results/posebench_702_predictions/protenix_gpu/dockgen/4oal_2_245_0/full_base_c1_s20_n1/output/4oal_2_245_0/seed_101/predictions/4oal_2_245_0_seed_101_sample_0.cif,B:444,external/PoseBench/data/dockgen_set/4oal_2_245_0/4oal_2_245_0_protein_processed.pdb,0.21202179789543152,30.786300659179688,0.19385656714439392,0.20838876068592072,23.15198377861158,0.0,102.66,ok,full_base_c1_s20_n1,,False,7.591697713115894,False,results/posebench_702_predictions/protenix_gpu/dockgen/4oal_2_245_0/full_base_c1_s20_n1/run_status.json,,,,,ok
results/posebench_702_predictions/protenix_gpu/dockgen/4osx_1_GLY_2/full_base_c1_s20_n1/output/4osx_1_GLY_2/seed_101/predictions/4osx_1_GLY_2_seed_101_summary_confidence_sample_0.json,dockgen,4,results/posebench_702_predictions/protenix_gpu/dockgen/4osx_1_GLY_2/full_base_c1_s20_n1/inputs/4osx_1_GLY_2.json,external/PoseBench/data/dockgen_set/4osx_1_GLY_2/4osx_1_GLY_2_ligand.pdb,5.0,NCC(O)O,600.0,"A:300,B:300",protenix_base_default_v0.5.0,4osx_1_GLY_2,2.0,5.0,results/posebench_702_predictions/protenix_gpu/dockgen/4osx_1_GLY_2/full_base_c1_s20_n1,12.690059250630132,10.0,39.0,5.0,results/posebench_702_predictions/protenix_gpu/dockgen/4osx_1_GLY_2/full_base_c1_s20_n1/output/4osx_1_GLY_2/seed_101/predictions/4osx_1_GLY_2_seed_101_sample_0.cif,A:300;B:300,external/PoseBench/data/dockgen_set/4osx_1_GLY_2/4osx_1_GLY_2_protein_processed.pdb,0.13040627539157867,31.589466094970703,0.20441585779190063,0.1452081948518753,23.242760188118332,0.0,93.916,ok,full_base_c1_s20_n1,14.398460600554627,False,18.3332139362187,False,results/posebench_702_predictions/protenix_gpu/dockgen/4osx_1_GLY_2/full_base_c1_s20_n1/run_status.json,,,,,ok
results/posebench_702_predictions/protenix_gpu/dockgen/4osy_1_GLY_3/full_base_c1_s20_n1/output/4osy_1_GLY_3/seed_101/predictions/4osy_1_GLY_3_seed_101_summary_confidence_sample_0.json,dockgen,6,results/posebench_702_predictions/protenix_gpu/dockgen/4osy_1_GLY_3/full_base_c1_s20_n1/inputs/4osy_1_GLY_3.json,external/PoseBench/data/dockgen_set/4osy_1_GLY_3/4osy_1_GLY_3_ligand.pdb,5.0,NCC(O)O,590.0,"A:295,B:295",protenix_base_default_v0.5.0,4osy_1_GLY_3,2.0,5.0,results/posebench_702_predictions/protenix_gpu/dockgen/4osy_1_GLY_3/full_base_c1_s20_n1,14.147595427587724,10.0,56.0,5.0,results/posebench_702_predictions/protenix_gpu/dockgen/4osy_1_GLY_3/full_base_c1_s20_n1/output/4osy_1_GLY_3/seed_101/predictions/4osy_1_GLY_3_seed_101_sample_0.cif,A:295;B:295,external/PoseBench/data/dockgen_set/4osy_1_GLY_3/4osy_1_GLY_3_protein_processed.pdb,0.12810707092285156,31.683408737182617,0.1979820430278778,0.1420820653438568,21.25663568155448,0.0,100.839,ok,full_base_c1_s20_n1,8.825284386915444,False,11.922310396541423,False,results/posebench_702_predictions/protenix_gpu/dockgen/4osy_1_GLY_3/full_base_c1_s20_n1/run_status.json,,,,,ok
results/posebench_702_predictions/protenix_gpu/dockgen/4pfx_1_UDP_0/full_base_c1_s20_n1/output/4pfx_1_UDP_0/seed_101/predictions/4pfx_1_UDP_0_seed_101_summary_confidence_sample_0.json,dockgen,4,results/posebench_702_predictions/protenix_gpu/dockgen/4pfx_1_UDP_0/full_base_c1_s20_n1/inputs/4pfx_1_UDP_0.json,external/PoseBench/data/dockgen_set/4pfx_1_UDP_0/4pfx_1_UDP_0_ligand.pdb,25.0,OC1CCN([C@@H]2O[C@H](CO[PH](O)(O)O[PH](O)(O)O)[C@@H](O)[C@H]2O)C(O)N1,277.0,A:277,protenix_base_default_v0.5.0,4pfx_1_UDP_0,1.0,25.0,results/posebench_702_predictions/protenix_gpu/dockgen/4pfx_1_UDP_0/full_base_c1_s20_n1,13.043304696652838,10.0,90.0,25.0,results/posebench_702_predictions/protenix_gpu/dockgen/4pfx_1_UDP_0/full_base_c1_s20_n1/output/4pfx_1_UDP_0/seed_101/predictions/4pfx_1_UDP_0_seed_101_sample_0.cif,A:277,external/PoseBench/data/dockgen_set/4pfx_1_UDP_0/4pfx_1_UDP_0_protein_processed.pdb,0.2811225950717926,36.75777053833008,0.27448180317878723,0.27979445457458496,17.195848673212573,0.0,75.573,ok,full_base_c1_s20_n1,14.425496143846697,False,15.542922455569295,False,results/posebench_702_predictions/protenix_gpu/dockgen/4pfx_1_UDP_0/full_base_c1_s20_n1/run_status.json,,,,,ok
results/posebench_702_predictions/protenix_gpu/dockgen/4phr_1_UDP_0/full_base_c1_s20_n1/output/4phr_1_UDP_0/seed_101/predictions/4phr_1_UDP_0_seed_101_summary_confidence_sample_0.json,dockgen,6,results/posebench_702_predictions/protenix_gpu/dockgen/4phr_1_UDP_0/full_base_c1_s20_n1/inputs/4phr_1_UDP_0.json,external/PoseBench/data/dockgen_set/4phr_1_UDP_0/4phr_1_UDP_0_ligand.pdb,25.0,OC1CCN([C@@H]2O[C@H](CO[PH](O)(O)O[PH](O)(O)O)[C@@H](O)[C@H]2O)C(O)N1,277.0,A:277,protenix_base_default_v0.5.0,4phr_1_UDP_0,1.0,25.0,results/posebench_702_predictions/protenix_gpu/dockgen/4phr_1_UDP_0/full_base_c1_s20_n1,13.263665456206402,10.0,89.0,25.0,results/posebench_702_predictions/protenix_gpu/dockgen/4phr_1_UDP_0/full_base_c1_s20_n1/output/4phr_1_UDP_0/seed_101/predictions/4phr_1_UDP_0_seed_101_sample_0.cif,A:277,external/PoseBench/data/dockgen_set/4phr_1_UDP_0/4phr_1_UDP_0_protein_processed.pdb,0.23871243000030518,37.32964324951172,0.2884072959423065,0.2486514002084732,17.7870377715364,0.0,71.567,ok,full_base_c1_s20_n1,13.146800749429403,False,14.669777694914929,False,results/posebench_702_predictions/protenix_gpu/dockgen/4phr_1_UDP_0/full_base_c1_s20_n1/run_status.json,,,,,ok
results/posebench_702_predictions/protenix_gpu/dockgen/4phs_1_UDP_0/full_base_c1_s20_n1/output/4phs_1_UDP_0/seed_101/predictions/4phs_1_UDP_0_seed_101_summary_confidence_sample_0.json,dockgen,4,results/posebench_702_predictions/protenix_gpu/dockgen/4phs_1_UDP_0/full_base_c1_s20_n1/inputs/4phs_1_UDP_0.json,external/PoseBench/data/dockgen_set/4phs_1_UDP_0/4phs_1_UDP_0_ligand.pdb,25.0,OC1CCN([C@@H]2O[C@H](CO[PH](O)([OH2+])O[PH](O)(O)[OH2+])[C@@H](O)[C@H]2O)C(O)N1,273.0,A:273,protenix_base_default_v0.5.0,4phs_1_UDP_0,1.0,25.0,results/posebench_702_predictions/protenix_gpu/dockgen/4phs_1_UDP_0/full_base_c1_s20_n1,14.84787362259104,10.0,89.0,25.0,results/posebench_702_predictions/protenix_gpu/dockgen/4phs_1_UDP_0/full_base_c1_s20_n1/output/4phs_1_UDP_0/seed_101/predictions/4phs_1_UDP_0_seed_101_sample_0.cif,A:273,external/PoseBench/data/dockgen_set/4phs_1_UDP_0/4phs_1_UDP_0_protein_processed.pdb,0.3136926591396332,32.109413146972656,0.22162188589572906,0.29527848958969116,16.506923733654848,0.0,74.658,ok,full_base_c1_s20_n1,12.774607325957708,False,15.143646759774219,False,results/posebench_702_predictions/protenix_gpu/dockgen/4phs_1_UDP_0/full_base_c1_s20_n1/run_status.json,,,,,ok
results/posebench_702_predictions/protenix_gpu/dockgen/4pya_1_2X3_0/full_base_c1_s20_n1/output/4pya_1_2X3_0/seed_101/predictions/4pya_1_2X3_0_seed_101_summary_confidence_sample_0.json,dockgen,6,results/posebench_702_predictions/protenix_gpu/dockgen/4pya_1_2X3_0/full_base_c1_s20_n1/inputs/4pya_1_2X3_0.json,external/PoseBench/data/dockgen_set/4pya_1_2X3_0/4pya_1_2X3_0_ligand.pdb,32.0,NC1NC(O)C2N[C@H]3N([C@@H]2N1)[C@@H]1O[C@H](CO[PH](O)(O)O[PH](O)(O)O[PH](O)(O)O)[C@@]3(O)[C@H]1O,124.0,A:124,protenix_base_default_v0.5.0,4pya_1_2X3_0,1.0,32.0,results/posebench_702_predictions/protenix_gpu/dockgen/4pya_1_2X3_0/full_base_c1_s20_n1,4.585249249497359,10.0,13.0,32.0,results/posebench_702_predictions/protenix_gpu/dockgen/4pya_1_2X3_0/full_base_c1_s20_n1/output/4pya_1_2X3_0/seed_101/predictions/4pya_1_2X3_0_seed_101_sample_0.cif,A:124,external/PoseBench/data/dockgen_set/4pya_1_2X3_0/4pya_1_2X3_0_protein_processed.pdb,0.23492249846458435,50.423580169677734,0.34236618876457214,0.25641125440597534,13.896313394804285,0.0,73.773,ok,full_base_c1_s20_n1,22.50334430813747,False,26.017319917551916,False,results/posebench_702_predictions/protenix_gpu/dockgen/4pya_1_2X3_0/full_base_c1_s20_n1/run_status.json,,,,,ok
results/posebench_702_predictions/protenix_gpu/dockgen/4qa8_1_PJZ_0/full_base_c1_s20_n1/output/4qa8_1_PJZ_0/seed_101/predictions/4qa8_1_PJZ_0_seed_101_summary_confidence_sample_0.json,dockgen,4,results/posebench_702_predictions/protenix_gpu/dockgen/4qa8_1_PJZ_0/full_base_c1_s20_n1/inputs/4qa8_1_PJZ_0.json,external/PoseBench/data/dockgen_set/4qa8_1_PJZ_0/4qa8_1_PJZ_0_ligand.pdb,34.0,CCCCCCCCCCCCCC[C@@H](O)OC[C@@H](C)O[C@@H](O)CCCCCCCCCCC,210.0,A:210,protenix_base_default_v0.5.0,4qa8_1_PJZ_0,1.0,34.0,results/posebench_702_predictions/protenix_gpu/dockgen/4qa8_1_PJZ_0/full_base_c1_s20_n1,11.072148879393547,10.0,90.0,34.0,results/posebench_702_predictions/protenix_gpu/dockgen/4qa8_1_PJZ_0/full_base_c1_s20_n1/output/4qa8_1_PJZ_0/seed_101/predictions/4qa8_1_PJZ_0_seed_101_sample_0.cif,A:210,external/PoseBench/data/dockgen_set/4qa8_1_PJZ_0/4qa8_1_PJZ_0_protein_processed.pdb,0.356126606464386,40.10529327392578,0.3216536045074463,0.349232017993927,13.480141876704199,0.0,73.925,ok,full_base_c1_s20_n1,9.22872848362423,False,13.275977637293273,False,results/posebench_702_predictions/protenix_gpu/dockgen/4qa8_1_PJZ_0/full_base_c1_s20_n1/run_status.json,,,,,ok
results/posebench_702_predictions/protenix_gpu/dockgen/4qo5_1_NAG_2/full_base_c1_s20_n1/output/4qo5_1_NAG_2/seed_101/predictions/4qo5_1_NAG_2_seed_101_summary_confidence_sample_0.json,dockgen,6,results/posebench_702_predictions/protenix_gpu/dockgen/4qo5_1_NAG_2/full_base_c1_s20_n1/inputs/4qo5_1_NAG_2.json,external/PoseBench/data/dockgen_set/4qo5_1_NAG_2/4qo5_1_NAG_2_ligand.pdb,14.0,CC(O)N[C@H]1CO[C@H](CO)[C@@H](O)[C@@H]1O,521.0,A:521,protenix_base_default_v0.5.0,4qo5_1_NAG_2,1.0,14.0,results/posebench_702_predictions/protenix_gpu/dockgen/4qo5_1_NAG_2/full_base_c1_s20_n1,14.21016593974527,10.0,39.0,14.0,results/posebench_702_predictions/protenix_gpu/dockgen/4qo5_1_NAG_2/full_base_c1_s20_n1/output/4qo5_1_NAG_2/seed_101/predictions/4qo5_1_NAG_2_seed_101_sample_0.cif,A:521,external/PoseBench/data/dockgen_set/4qo5_1_NAG_2/4qo5_1_NAG_2_protein_processed.pdb,0.2190714180469513,34.120853424072266,0.17409582436084747,0.21007630228996277,22.943219339853954,0.0,87.7,ok,full_base_c1_s20_n1,9.155702720499436,False,29.770271074194806,False,results/posebench_702_predictions/protenix_gpu/dockgen/4qo5_1_NAG_2/full_base_c1_s20_n1/run_status.json,,,,,ok
results/posebench_702_predictions/protenix_gpu/dockgen/4rhe_1_FMN_6/full_base_c1_s20_n1/output/4rhe_1_FMN_6/seed_101/predictions/4rhe_1_FMN_6_seed_101_summary_confidence_sample_0.json,dockgen,4,results/posebench_702_predictions/protenix_gpu/dockgen/4rhe_1_FMN_6/full_base_c1_s20_n1/inputs/4rhe_1_FMN_6.json,external/PoseBench/data/dockgen_set/4rhe_1_FMN_6/4rhe_1_FMN_6_ligand.pdb,31.0,CC1C[C@@H]2[C@@H](C[C@@H]1C)NC1[C@H](O)NC(O)N[C@@H]1N2C[C@H](O)[C@H](O)[C@H](O)CO[PH]([O-])(O)O,202.0,B:202,protenix_base_default_v0.5.0,4rhe_1_FMN_6,2.0,31.0,results/posebench_702_predictions/protenix_gpu/dockgen/4rhe_1_FMN_6/full_base_c1_s20_n1,9.978046973896674,10.0,52.0,31.0,results/posebench_702_predictions/protenix_gpu/dockgen/4rhe_1_FMN_6/full_base_c1_s20_n1/output/4rhe_1_FMN_6/seed_101/predictions/4rhe_1_FMN_6_seed_101_sample_0.cif,B:203;D:202,external/PoseBench/data/dockgen_set/4rhe_1_FMN_6/4rhe_1_FMN_6_protein_processed.pdb,0.10817863792181015,35.83200454711914,0.21810345351696014,0.13016360998153687,11.748477405813302,0.0,87.847,ok,full_base_c1_s20_n1,12.37045819342583,False,13.08484051982625,False,results/posebench_702_predictions/protenix_gpu/dockgen/4rhe_1_FMN_6/full_base_c1_s20_n1/run_status.json,,,,,ok
results/posebench_702_predictions/protenix_gpu/dockgen/4rpj_1_UDP_0/full_base_c1_s20_n1/output/4rpj_1_UDP_0/seed_101/predictions/4rpj_1_UDP_0_seed_101_summary_confidence_sample_0.json,dockgen,6,results/posebench_702_predictions/protenix_gpu/dockgen/4rpj_1_UDP_0/full_base_c1_s20_n1/inputs/4rpj_1_UDP_0.json,external/PoseBench/data/dockgen_set/4rpj_1_UDP_0/4rpj_1_UDP_0_ligand.pdb,25.0,OC1CCN([C@@H]2O[C@H](CO[PH](O)(O)O[PH](O)(O)O)[C@@H](O)[C@H]2O)C(O)N1,393.0,concat:393,protenix_base_default_v0.5.0,4rpj_1_UDP_0,1.0,25.0,results/posebench_702_predictions/protenix_gpu/dockgen/4rpj_1_UDP_0/full_base_c1_s20_n1,,10.0,0.0,25.0,results/posebench_702_predictions/protenix_gpu/dockgen/4rpj_1_UDP_0/full_base_c1_s20_n1/output/4rpj_1_UDP_0/seed_101/predictions/4rpj_1_UDP_0_seed_101_sample_0.cif,B:393,external/PoseBench/data/dockgen_set/4rpj_1_UDP_0/4rpj_1_UDP_0_protein_processed.pdb,0.34085002541542053,30.538738250732422,0.19954755902290344,0.31258952617645264,24.23554378128799,0.0,77.878,ok,full_base_c1_s20_n1,,False,26.219126898817876,False,results/posebench_702_predictions/protenix_gpu/dockgen/4rpj_1_UDP_0/full_base_c1_s20_n1/run_status.json,,,,,ok
results/posebench_702_predictions/protenix_gpu/dockgen/4rpm_1_HXC_0/full_base_c1_s20_n1/output/4rpm_1_HXC_0/seed_101/predictions/4rpm_1_HXC_0_seed_101_summary_confidence_sample_0.json,dockgen,4,results/posebench_702_predictions/protenix_gpu/dockgen/4rpm_1_HXC_0/full_base_c1_s20_n1/inputs/4rpm_1_HXC_0.json,external/PoseBench/data/dockgen_set/4rpm_1_HXC_0/4rpm_1_HXC_0_ligand.pdb,9.0,CCCCCC(O)SC,388.0,A:388,protenix_base_default_v0.5.0,4rpm_1_HXC_0,1.0,9.0,results/posebench_702_predictions/protenix_gpu/dockgen/4rpm_1_HXC_0/full_base_c1_s20_n1,15.144538137784417,10.0,61.0,9.0,results/posebench_702_predictions/protenix_gpu/dockgen/4rpm_1_HXC_0/full_base_c1_s20_n1/output/4rpm_1_HXC_0/seed_101/predictions/4rpm_1_HXC_0_seed_101_sample_0.cif,A:388,external/PoseBench/data/dockgen_set/4rpm_1_HXC_0/4rpm_1_HXC_0_protein_processed.pdb,0.2390800565481186,31.666257858276367,0.19856703281402588,0.23097746074199677,20.04966329083713,0.0,75.485,ok,full_base_c1_s20_n1,9.43029078329039,False,12.493621758156987,False,results/posebench_702_predictions/protenix_gpu/dockgen/4rpm_1_HXC_0/full_base_c1_s20_n1/run_status.json,,,,,ok
results/posebench_702_predictions/protenix_gpu/dockgen/4tvd_1_BGC_4/full_base_c1_s20_n1/output/4tvd_1_BGC_4/seed_101/predictions/4tvd_1_BGC_4_seed_101_summary_confidence_sample_0.json,dockgen,6,results/posebench_702_predictions/protenix_gpu/dockgen/4tvd_1_BGC_4/full_base_c1_s20_n1/inputs/4tvd_1_BGC_4.json,external/PoseBench/data/dockgen_set/4tvd_1_BGC_4/4tvd_1_BGC_4_ligand.pdb,12.0,OC[C@H]1O[C@@H](O)[C@H](O)[C@@H](O)[C@@H]1O,1028.0,A:1028,protenix_base_default_v0.5.0,4tvd_1_BGC_4,1.0,12.0,results/posebench_702_predictions/protenix_gpu/dockgen/4tvd_1_BGC_4/full_base_c1_s20_n1,15.048402363012908,10.0,44.0,12.0,results/posebench_702_predictions/protenix_gpu/dockgen/4tvd_1_BGC_4/full_base_c1_s20_n1/output/4tvd_1_BGC_4/seed_101/predictions/4tvd_1_BGC_4_seed_101_sample_0.cif,A:1028,external/PoseBench/data/dockgen_set/4tvd_1_BGC_4/4tvd_1_BGC_4_protein_processed.pdb,0.18966107070446014,33.25422286987305,0.2122521698474884,0.19417929649353027,31.264416601832355,0.0,95.269,ok,full_base_c1_s20_n1,13.181721510539793,False,22.708486666734363,False,results/posebench_702_predictions/protenix_gpu/dockgen/4tvd_1_BGC_4/full_base_c1_s20_n1/run_status.json,,,,,ok
results/posebench_702_predictions/protenix_gpu/dockgen/4tvd_1_GLC_0/full_base_c1_s20_n1/output/4tvd_1_GLC_0/seed_101/predictions/4tvd_1_GLC_0_seed_101_summary_confidence_sample_0.json,dockgen,4,results/posebench_702_predictions/protenix_gpu/dockgen/4tvd_1_GLC_0/full_base_c1_s20_n1/inputs/4tvd_1_GLC_0.json,external/PoseBench/data/dockgen_set/4tvd_1_GLC_0/4tvd_1_GLC_0_ligand.pdb,12.0,OC[C@H]1O[C@H](O)[C@H](O)[C@@H](O)[C@@H]1O,1028.0,A:1028,protenix_base_default_v0.5.0,4tvd_1_GLC_0,1.0,12.0,results/posebench_702_predictions/protenix_gpu/dockgen/4tvd_1_GLC_0/full_base_c1_s20_n1,7.1218998058848255,10.0,31.0,12.0,results/posebench_702_predictions/protenix_gpu/dockgen/4tvd_1_GLC_0/full_base_c1_s20_n1/output/4tvd_1_GLC_0/seed_101/predictions/4tvd_1_GLC_0_seed_101_sample_0.cif,A:1028,external/PoseBench/data/dockgen_set/4tvd_1_GLC_0/4tvd_1_GLC_0_protein_processed.pdb,0.19043762981891632,33.35033416748047,0.2121531218290329,0.19478073716163635,31.310921442221545,0.0,89.928,ok,full_base_c1_s20_n1,24.481420854270464,False,24.517018017488695,False,results/posebench_702_predictions/protenix_gpu/dockgen/4tvd_1_GLC_0/full_base_c1_s20_n1/run_status.json,,,,,ok
results/posebench_702_predictions/protenix_gpu/dockgen/4u63_1_FAD_0/full_base_c1_s20_n1/output/4u63_1_FAD_0/seed_101/predictions/4u63_1_FAD_0_seed_101_summary_confidence_sample_0.json,dockgen,6,results/posebench_702_predictions/protenix_gpu/dockgen/4u63_1_FAD_0/full_base_c1_s20_n1/inputs/4u63_1_FAD_0.json,external/PoseBench/data/dockgen_set/4u63_1_FAD_0/4u63_1_FAD_0_ligand.pdb,53.0,CC1CC2NC3C(O)NC(O)NC3N(C[C@H](O)[C@H](O)[C@H](O)CO[PH](O)(O)O[PH](O)(O)OC[C@H]3O[C@@H](N4CNC5C(N)NCNC54)[C@H](O)[C@@H]3O)C2CC1C,482.0,A:482,protenix_base_default_v0.5.0,4u63_1_FAD_0,1.0,53.0,results/posebench_702_predictions/protenix_gpu/dockgen/4u63_1_FAD_0/full_base_c1_s20_n1,16.209250711495383,10.0,110.0,53.0,results/posebench_702_predictions/protenix_gpu/dockgen/4u63_1_FAD_0/full_base_c1_s20_n1/output/4u63_1_FAD_0/seed_101/predictions/4u63_1_FAD_0_seed_101_sample_0.cif,A:482,external/PoseBench/data/dockgen_set/4u63_1_FAD_0/4u63_1_FAD_0_protein_processed.pdb,0.26501554250717163,38.18187713623047,0.2761445641517639,0.26724135875701904,21.86671625659199,0.0,78.869,ok,full_base_c1_s20_n1,12.86010756771386,False,11.03454019688414,False,results/posebench_702_predictions/protenix_gpu/dockgen/4u63_1_FAD_0/full_base_c1_s20_n1/run_status.json,,,,,ok
results/posebench_702_predictions/protenix_gpu/dockgen/4uoc_1_NCN_1/full_base_c1_s20_n1/output/4uoc_1_NCN_1/seed_101/predictions/4uoc_1_NCN_1_seed_101_summary_confidence_sample_0.json,dockgen,4,results/posebench_702_predictions/protenix_gpu/dockgen/4uoc_1_NCN_1/full_base_c1_s20_n1/inputs/4uoc_1_NCN_1.json,external/PoseBench/data/dockgen_set/4uoc_1_NCN_1/4uoc_1_NCN_1_ligand.pdb,22.0,OC(O)C1CCCN([C@@H]2O[C@H](CO[PH](O)(O)O)[C@@H](O)[C@H]2O)C1,777.0,"A:394,B:383",protenix_base_default_v0.5.0,4uoc_1_NCN_1,2.0,22.0,results/posebench_702_predictions/protenix_gpu/dockgen/4uoc_1_NCN_1/full_base_c1_s20_n1,11.317965479503734,10.0,72.0,22.0,results/posebench_702_predictions/protenix_gpu/dockgen/4uoc_1_NCN_1/full_base_c1_s20_n1/output/4uoc_1_NCN_1/seed_101/predictions/4uoc_1_NCN_1_seed_101_sample_0.cif,A:394;B:383,external/PoseBench/data/dockgen_set/4uoc_1_NCN_1/4uoc_1_NCN_1_protein_processed.pdb,0.14352324604988098,35.9818115234375,0.24176190793514252,0.1631709784269333,30.163087134782877,0.0,93.751,ok,full_base_c1_s20_n1,15.927991877850529,False,23.051876028654902,False,results/posebench_702_predictions/protenix_gpu/dockgen/4uoc_1_NCN_1/full_base_c1_s20_n1/run_status.json,,,,,ok
results/posebench_702_predictions/protenix_gpu/dockgen/4uuw_1_AMP_0/full_base_c1_s20_n1/output/4uuw_1_AMP_0/seed_101/predictions/4uuw_1_AMP_0_seed_101_summary_confidence_sample_0.json,dockgen,6,results/posebench_702_predictions/protenix_gpu/dockgen/4uuw_1_AMP_0/full_base_c1_s20_n1/inputs/4uuw_1_AMP_0.json,external/PoseBench/data/dockgen_set/4uuw_1_AMP_0/4uuw_1_AMP_0_ligand.pdb,23.0,NC1NCNC2C1NCN2[C@@H]1O[C@H](CO[PH](O)(O)O)[C@@H](O)[C@H]1O,394.0,A:394,protenix_base_default_v0.5.0,4uuw_1_AMP_0,1.0,23.0,results/posebench_702_predictions/protenix_gpu/dockgen/4uuw_1_AMP_0/full_base_c1_s20_n1,9.952746689613456,10.0,49.0,23.0,results/posebench_702_predictions/protenix_gpu/dockgen/4uuw_1_AMP_0/full_base_c1_s20_n1/output/4uuw_1_AMP_0/seed_101/predictions/4uuw_1_AMP_0_seed_101_sample_0.cif,A:394,external/PoseBench/data/dockgen_set/4uuw_1_AMP_0/4uuw_1_AMP_0_protein_processed.pdb,0.2689804136753082,34.384735107421875,0.2396598756313324,0.2631163001060486,25.791345350629847,0.0,78.888,ok,full_base_c1_s20_n1,15.59242605464799,False,23.080086143112236,False,results/posebench_702_predictions/protenix_gpu/dockgen/4uuw_1_AMP_0/full_base_c1_s20_n1/run_status.json,,,,,ok
results/posebench_702_predictions/protenix_gpu/dockgen/4xdr_1_ADN_0/full_base_c1_s20_n1/output/4xdr_1_ADN_0/seed_101/predictions/4xdr_1_ADN_0_seed_101_summary_confidence_sample_0.json,dockgen,4,results/posebench_702_predictions/protenix_gpu/dockgen/4xdr_1_ADN_0/full_base_c1_s20_n1/inputs/4xdr_1_ADN_0.json,external/PoseBench/data/dockgen_set/4xdr_1_ADN_0/4xdr_1_ADN_0_ligand.pdb,19.0,NC1NCNC2C1NCN2[C@@H]1O[C@H](CO)[C@@H](O)[C@H]1O,329.0,A:329,protenix_base_default_v0.5.0,4xdr_1_ADN_0,1.0,19.0,results/posebench_702_predictions/protenix_gpu/dockgen/4xdr_1_ADN_0/full_base_c1_s20_n1,13.270680728448832,10.0,73.0,19.0,results/posebench_702_predictions/protenix_gpu/dockgen/4xdr_1_ADN_0/full_base_c1_s20_n1/output/4xdr_1_ADN_0/seed_101/predictions/4xdr_1_ADN_0_seed_101_sample_0.cif,A:329,external/PoseBench/data/dockgen_set/4xdr_1_ADN_0/4xdr_1_ADN_0_protein_processed.pdb,0.21166075766086578,32.18681335449219,0.20873470604419708,0.211075559258461,18.984751830765315,0.0,74.577,ok,full_base_c1_s20_n1,13.061699124280892,False,13.565679263532436,False,results/posebench_702_predictions/protenix_gpu/dockgen/4xdr_1_ADN_0/full_base_c1_s20_n1/run_status.json,,,,,ok
results/posebench_702_predictions/protenix_gpu/dockgen/4xfm_1_THE_0/full_base_c1_s20_n1/output/4xfm_1_THE_0/seed_101/predictions/4xfm_1_THE_0_seed_101_summary_confidence_sample_0.json,dockgen,6,results/posebench_702_predictions/protenix_gpu/dockgen/4xfm_1_THE_0/full_base_c1_s20_n1/inputs/4xfm_1_THE_0.json,external/PoseBench/data/dockgen_set/4xfm_1_THE_0/4xfm_1_THE_0_ligand.pdb,9.0,OC[C@@H](O)[C@H](O)C(O)O,400.0,A:400,protenix_base_default_v0.5.0,4xfm_1_THE_0,1.0,9.0,results/posebench_702_predictions/protenix_gpu/dockgen/4xfm_1_THE_0/full_base_c1_s20_n1,9.220804119424455,10.0,43.0,9.0,results/posebench_702_predictions/protenix_gpu/dockgen/4xfm_1_THE_0/full_base_c1_s20_n1/output/4xfm_1_THE_0/seed_101/predictions/4xfm_1_THE_0_seed_101_sample_0.cif,A:400,external/PoseBench/data/dockgen_set/4xfm_1_THE_0/4xfm_1_THE_0_protein_processed.pdb,0.25513675808906555,38.99922561645508,0.24588094651699066,0.25328561663627625,17.817168429859937,0.0,73.618,ok,full_base_c1_s20_n1,11.127357137248262,False,22.60738444766333,False,results/posebench_702_predictions/protenix_gpu/dockgen/4xfm_1_THE_0/full_base_c1_s20_n1/run_status.json,,,,,ok
results/posebench_702_predictions/protenix_gpu/dockgen/4ydx_1_TCE_0/full_base_c1_s20_n1/output/4ydx_1_TCE_0/seed_101/predictions/4ydx_1_TCE_0_seed_101_summary_confidence_sample_0.json,dockgen,4,results/posebench_702_predictions/protenix_gpu/dockgen/4ydx_1_TCE_0/full_base_c1_s20_n1/inputs/4ydx_1_TCE_0.json,external/PoseBench/data/dockgen_set/4ydx_1_TCE_0/4ydx_1_TCE_0_ligand.pdb,16.0,OC(O)CCP(CCC(O)O)CCC(O)O,67.0,A:67,protenix_base_default_v0.5.0,4ydx_1_TCE_0,1.0,16.0,results/posebench_702_predictions/protenix_gpu/dockgen/4ydx_1_TCE_0/full_base_c1_s20_n1,3.768767515849366,10.0,24.0,16.0,results/posebench_702_predictions/protenix_gpu/dockgen/4ydx_1_TCE_0/full_base_c1_s20_n1/output/4ydx_1_TCE_0/seed_101/predictions/4ydx_1_TCE_0_seed_101_sample_0.cif,A:67,external/PoseBench/data/dockgen_set/4ydx_1_TCE_0/4ydx_1_TCE_0_protein_processed.pdb,0.26460325717926025,67.50732421875,0.4950108528137207,0.31068477034568787,3.4401574929614678,0.0,80.326,ok,full_base_c1_s20_n1,6.771629752330425,False,7.336109128962718,False,results/posebench_702_predictions/protenix_gpu/dockgen/4ydx_1_TCE_0/full_base_c1_s20_n1/run_status.json,,,,,ok
results/posebench_702_predictions/protenix_gpu/dockgen/4zav_1_4LS_8/full_base_c1_s20_n1/output/4zav_1_4LS_8/seed_101/predictions/4zav_1_4LS_8_seed_101_summary_confidence_sample_0.json,dockgen,6,results/posebench_702_predictions/protenix_gpu/dockgen/4zav_1_4LS_8/full_base_c1_s20_n1/inputs/4zav_1_4LS_8.json,external/PoseBench/data/dockgen_set/4zav_1_4LS_8/4zav_1_4LS_8_ligand.pdb,36.0,CC(C)CCN1C2CC(C)[C@@H](C)CC2N(C[C@H](O)[C@H](O)[C@H](O)CO[PH](O)(O)O)[C@H]2NC(O)N[C@@H](O)C21,208.0,A:208,protenix_base_default_v0.5.0,4zav_1_4LS_8,1.0,36.0,results/posebench_702_predictions/protenix_gpu/dockgen/4zav_1_4LS_8/full_base_c1_s20_n1,6.932456554935492,10.0,14.0,36.0,results/posebench_702_predictions/protenix_gpu/dockgen/4zav_1_4LS_8/full_base_c1_s20_n1/output/4zav_1_4LS_8/seed_101/predictions/4zav_1_4LS_8_seed_101_sample_0.cif,A:208,external/PoseBench/data/dockgen_set/4zav_1_4LS_8/4zav_1_4LS_8_protein_processed.pdb,0.2374073714017868,37.25495147705078,0.23099960386753082,0.23612581193447113,15.026319540974109,0.0,77.754,ok,full_base_c1_s20_n1,29.3221607433089,False,36.99573246880538,False,results/posebench_702_predictions/protenix_gpu/dockgen/4zav_1_4LS_8/full_base_c1_s20_n1/run_status.json,,,,,ok
results/posebench_702_predictions/protenix_gpu/dockgen/4zaw_1_4LU_1/full_base_c1_s20_n1/output/4zaw_1_4LU_1/seed_101/predictions/4zaw_1_4LU_1_seed_101_summary_confidence_sample_0.json,dockgen,4,results/posebench_702_predictions/protenix_gpu/dockgen/4zaw_1_4LU_1/full_base_c1_s20_n1/inputs/4zaw_1_4LU_1.json,external/PoseBench/data/dockgen_set/4zaw_1_4LU_1/4zaw_1_4LU_1_ligand.pdb,36.0,C[C@H]1[C@@H](C)C[C@@H]2C3[C@@H]1C(C)(C)CCN3[C@H]1C(O)NC(O)NC1N2C[C@H](O)[C@H](O)[C@H](O)CO[PH](O)(O)O,207.0,A:207,protenix_base_default_v0.5.0,4zaw_1_4LU_1,1.0,36.0,results/posebench_702_predictions/protenix_gpu/dockgen/4zaw_1_4LU_1/full_base_c1_s20_n1,9.460027354367355,10.0,28.0,36.0,results/posebench_702_predictions/protenix_gpu/dockgen/4zaw_1_4LU_1/full_base_c1_s20_n1/output/4zaw_1_4LU_1/seed_101/predictions/4zaw_1_4LU_1_seed_101_sample_0.cif,A:207,external/PoseBench/data/dockgen_set/4zaw_1_4LU_1/4zaw_1_4LU_1_protein_processed.pdb,0.2193823754787445,36.58207702636719,0.23193663358688354,0.22189323604106903,16.92068498856012,0.0,75.168,ok,full_base_c1_s20_n1,30.820716426211874,False,31.864562408806986,False,results/posebench_702_predictions/protenix_gpu/dockgen/4zaw_1_4LU_1/full_base_c1_s20_n1/run_status.json,,,,,ok
results/posebench_702_predictions/protenix_gpu/dockgen/4zay_1_4LS_6/full_base_c1_s20_n1/output/4zay_1_4LS_6/seed_101/predictions/4zay_1_4LS_6_seed_101_summary_confidence_sample_0.json,dockgen,6,results/posebench_702_predictions/protenix_gpu/dockgen/4zay_1_4LS_6/full_base_c1_s20_n1/inputs/4zay_1_4LS_6.json,external/PoseBench/data/dockgen_set/4zay_1_4LS_6/4zay_1_4LS_6_ligand.pdb,36.0,CC(C)CCN1[C@H]2[C@H](O)N[C@H](O)N[C@@H]2N(C[C@H](O)[C@H](O)[C@H](O)CO[PH](O)(O)O)[C@@H]2CC(C)C(C)C[C@H]21,207.0,A:207,protenix_base_default_v0.5.0,4zay_1_4LS_6,1.0,36.0,results/posebench_702_predictions/protenix_gpu/dockgen/4zay_1_4LS_6/full_base_c1_s20_n1,8.169686871736715,10.0,28.0,36.0,results/posebench_702_predictions/protenix_gpu/dockgen/4zay_1_4LS_6/full_base_c1_s20_n1/output/4zay_1_4LS_6/seed_101/predictions/4zay_1_4LS_6_seed_101_sample_0.cif,A:207,external/PoseBench/data/dockgen_set/4zay_1_4LS_6/4zay_1_4LS_6_protein_processed.pdb,0.2383725941181183,38.010684967041016,0.23172086477279663,0.23704224824905396,14.200340335204176,0.0,71.809,ok,full_base_c1_s20_n1,22.98088333039637,False,26.2445477572813,False,results/posebench_702_predictions/protenix_gpu/dockgen/4zay_1_4LS_6/full_base_c1_s20_n1/run_status.json,,,,,ok
results/posebench_702_predictions/protenix_gpu/dockgen/4zaz_1_4LS_6/full_base_c1_s20_n1/output/4zaz_1_4LS_6/seed_101/predictions/4zaz_1_4LS_6_seed_101_summary_confidence_sample_0.json,dockgen,4,results/posebench_702_predictions/protenix_gpu/dockgen/4zaz_1_4LS_6/full_base_c1_s20_n1/inputs/4zaz_1_4LS_6.json,external/PoseBench/data/dockgen_set/4zaz_1_4LS_6/4zaz_1_4LS_6_ligand.pdb,36.0,CC(C)CCN1C2CC(C)[C@@H](C)CC2N(C[C@H](O)[C@H](O)[C@H](O)CO[PH](O)(O)O)C2N[C@@H](O)N[C@@H](O)C21,207.0,A:207,protenix_base_default_v0.5.0,4zaz_1_4LS_6,1.0,36.0,results/posebench_702_predictions/protenix_gpu/dockgen/4zaz_1_4LS_6/full_base_c1_s20_n1,5.607099050203431,10.0,28.0,36.0,results/posebench_702_predictions/protenix_gpu/dockgen/4zaz_1_4LS_6/full_base_c1_s20_n1/output/4zaz_1_4LS_6/seed_101/predictions/4zaz_1_4LS_6_seed_101_sample_0.cif,A:207,external/PoseBench/data/dockgen_set/4zaz_1_4LS_6/4zaz_1_4LS_6_protein_processed.pdb,0.18639487028121948,37.18767547607422,0.22733545303344727,0.194582998752594,14.012504705128595,0.0,79.303,ok,full_base_c1_s20_n1,32.19200366542409,False,31.737625101541997,False,results/posebench_702_predictions/protenix_gpu/dockgen/4zaz_1_4LS_6/full_base_c1_s20_n1/run_status.json,,,,,ok
results/posebench_702_predictions/protenix_gpu/dockgen/4zqx_1_ATP_2/full_base_c1_s20_n1/output/4zqx_1_ATP_2/seed_101/predictions/4zqx_1_ATP_2_seed_101_summary_confidence_sample_0.json,dockgen,6,results/posebench_702_predictions/protenix_gpu/dockgen/4zqx_1_ATP_2/full_base_c1_s20_n1/inputs/4zqx_1_ATP_2.json,external/PoseBench/data/dockgen_set/4zqx_1_ATP_2/4zqx_1_ATP_2_ligand.pdb,31.0,NC1NCNC2C1NCN2[C@@H]1O[C@H](CO[PH](O)(O)O[PH](O)(O)O[PH](O)(O)O)[C@@H](O)[C@H]1O,236.0,A:236,protenix_base_default_v0.5.0,4zqx_1_ATP_2,1.0,31.0,results/posebench_702_predictions/protenix_gpu/dockgen/4zqx_1_ATP_2/full_base_c1_s20_n1,11.256880032134271,10.0,36.0,31.0,results/posebench_702_predictions/protenix_gpu/dockgen/4zqx_1_ATP_2/full_base_c1_s20_n1/output/4zqx_1_ATP_2/seed_101/predictions/4zqx_1_ATP_2_seed_101_sample_0.cif,A:236,external/PoseBench/data/dockgen_set/4zqx_1_ATP_2/4zqx_1_ATP_2_protein_processed.pdb,0.14748050272464752,29.733482360839844,0.1951015144586563,0.157004714012146,19.413274168041507,0.0,86.623,ok,full_base_c1_s20_n1,13.332811464557352,False,28.51435544309019,False,results/posebench_702_predictions/protenix_gpu/dockgen/4zqx_1_ATP_2/full_base_c1_s20_n1/run_status.json,,,,,ok
results/posebench_702_predictions/protenix_gpu/dockgen/5a98_1_ATP_0/full_base_c1_s20_n1/output/5a98_1_ATP_0/seed_101/predictions/5a98_1_ATP_0_seed_101_summary_confidence_sample_0.json,dockgen,4,results/posebench_702_predictions/protenix_gpu/dockgen/5a98_1_ATP_0/full_base_c1_s20_n1/inputs/5a98_1_ATP_0.json,external/PoseBench/data/dockgen_set/5a98_1_ATP_0/5a98_1_ATP_0_ligand.pdb,31.0,NC1NCNC2C1NCN2[C@@H]1O[C@H](CO[PH](O)(O)O[PH](O)(O)O[PH](O)(O)O)[C@@H](O)[C@H]1O,235.0,A:235,protenix_base_default_v0.5.0,5a98_1_ATP_0,1.0,31.0,results/posebench_702_predictions/protenix_gpu/dockgen/5a98_1_ATP_0/full_base_c1_s20_n1,11.728396244563482,10.0,27.0,31.0,results/posebench_702_predictions/protenix_gpu/dockgen/5a98_1_ATP_0/full_base_c1_s20_n1/output/5a98_1_ATP_0/seed_101/predictions/5a98_1_ATP_0_seed_101_sample_0.cif,A:235,external/PoseBench/data/dockgen_set/5a98_1_ATP_0/5a98_1_ATP_0_protein_processed.pdb,0.13255469501018524,29.51717758178711,0.1973210722208023,0.14550797641277313,20.92758142491325,0.0,89.749,ok,full_base_c1_s20_n1,14.155970113331504,False,15.846283737817492,False,results/posebench_702_predictions/protenix_gpu/dockgen/5a98_1_ATP_0/full_base_c1_s20_n1/run_status.json,,,,,ok
results/posebench_702_predictions/protenix_gpu/dockgen/5ae3_2_AWB_1/full_base_c1_s20_n1/output/5ae3_2_AWB_1/seed_101/predictions/5ae3_2_AWB_1_seed_101_summary_confidence_sample_0.json,dockgen,6,results/posebench_702_predictions/protenix_gpu/dockgen/5ae3_2_AWB_1/full_base_c1_s20_n1/inputs/5ae3_2_AWB_1.json,external/PoseBench/data/dockgen_set/5ae3_2_AWB_1/5ae3_2_AWB_1_ligand.pdb,39.0,CCCCCC[C@H]1C(O)O[C@H](C)[C@H](N[C@H](O)[C@@H]2CCC[C@H](NCO)[C@H]2O)C(O)O[C@@H](C)[C@@H]1OC(O)CC(C)C,539.0,concat:539,protenix_base_default_v0.5.0,5ae3_2_AWB_1,1.0,39.0,results/posebench_702_predictions/protenix_gpu/dockgen/5ae3_2_AWB_1/full_base_c1_s20_n1,,10.0,0.0,39.0,results/posebench_702_predictions/protenix_gpu/dockgen/5ae3_2_AWB_1/full_base_c1_s20_n1/output/5ae3_2_AWB_1/seed_101/predictions/5ae3_2_AWB_1_seed_101_sample_0.cif,B:539,external/PoseBench/data/dockgen_set/5ae3_2_AWB_1/5ae3_2_AWB_1_protein_processed.pdb,0.30818018317222595,32.29948425292969,0.22989317774772644,0.2925227880477905,23.19352923468044,0.0,87.165,ok,full_base_c1_s20_n1,,False,16.94103303968293,False,results/posebench_702_predictions/protenix_gpu/dockgen/5ae3_2_AWB_1/full_base_c1_s20_n1/run_status.json,,,,,ok
results/posebench_702_predictions/protenix_gpu/dockgen/5b5s_1_BOG_0/full_base_c1_s20_n1/output/5b5s_1_BOG_0/seed_101/predictions/5b5s_1_BOG_0_seed_101_summary_confidence_sample_0.json,dockgen,4,results/posebench_702_predictions/protenix_gpu/dockgen/5b5s_1_BOG_0/full_base_c1_s20_n1/inputs/5b5s_1_BOG_0.json,external/PoseBench/data/dockgen_set/5b5s_1_BOG_0/5b5s_1_BOG_0_ligand.pdb,20.0,CCCCCCCCO[C@@H]1O[C@H](CO)[C@@H](O)[C@H](O)[C@H]1O,207.0,A:207,protenix_base_default_v0.5.0,5b5s_1_BOG_0,1.0,20.0,results/posebench_702_predictions/protenix_gpu/dockgen/5b5s_1_BOG_0/full_base_c1_s20_n1,12.861456402473213,10.0,40.0,20.0,results/posebench_702_predictions/protenix_gpu/dockgen/5b5s_1_BOG_0/full_base_c1_s20_n1/output/5b5s_1_BOG_0/seed_101/predictions/5b5s_1_BOG_0_seed_101_sample_0.cif,A:207,external/PoseBench/data/dockgen_set/5b5s_1_BOG_0/5b5s_1_BOG_0_protein_processed.pdb,0.2064819037914276,28.626405715942383,0.15912531316280365,0.1970105916261673,17.277346088390015,0.0,75.442,ok,full_base_c1_s20_n1,10.879182345353806,False,7.853186948847031,False,results/posebench_702_predictions/protenix_gpu/dockgen/5b5s_1_BOG_0/full_base_c1_s20_n1/run_status.json,,,,,ok
results/posebench_702_predictions/protenix_gpu/dockgen/5d9g_1_GLU-ASN-LEU-TYR-PHE-GLN_0/full_base_c1_s20_n1/output/5d9g_1_GLU-ASN-LEU-TYR-PHE-GLN_0/seed_101/predictions/5d9g_1_GLU-ASN-LEU-TYR-PHE-GLN_0_seed_101_summary_confidence_sample_0.json,dockgen,6,results/posebench_702_predictions/protenix_gpu/dockgen/5d9g_1_GLU-ASN-LEU-TYR-PHE-GLN_0/full_base_c1_s20_n1/inputs/5d9g_1_GLU-ASN-LEU-TYR-PHE-GLN_0.json,external/PoseBench/data/dockgen_set/5d9g_1_GLU-ASN-LEU-TYR-PHE-GLN_0/5d9g_1_GLU-ASN-LEU-TYR-PHE-GLN_0_ligand.pdb,41.0,CC(C)C[C@H](N)C(=O)N[C@@H](Cc1ccc(O)cc1)C(=O)N[C@@H](Cc1ccccc1)C(=O)N[C@@H](CCC(N)=O)C(=O)O,236.0,A:236,protenix_base_default_v0.5.0,5d9g_1_GLU-ASN-LEU-TYR-PHE-GLN_0,1.0,41.0,results/posebench_702_predictions/protenix_gpu/dockgen/5d9g_1_GLU-ASN-LEU-TYR-PHE-GLN_0/full_base_c1_s20_n1,10.74901776448461,10.0,45.0,41.0,results/posebench_702_predictions/protenix_gpu/dockgen/5d9g_1_GLU-ASN-LEU-TYR-PHE-GLN_0/full_base_c1_s20_n1/output/5d9g_1_GLU-ASN-LEU-TYR-PHE-GLN_0/seed_101/predictions/5d9g_1_GLU-ASN-LEU-TYR-PHE-GLN_0_seed_101_sample_0.cif,A:236,external/PoseBench/data/dockgen_set/5d9g_1_GLU-ASN-LEU-TYR-PHE-GLN_0/5d9g_1_GLU-ASN-LEU-TYR-PHE-GLN_0_protein_processed.pdb,0.18130962550640106,30.483388900756836,0.1951083242893219,0.18406938016414642,21.49498575634746,0.0,80.751,ok,full_base_c1_s20_n1,19.358374506541615,False,24.907548744875303,False,results/posebench_702_predictions/protenix_gpu/dockgen/5d9g_1_GLU-ASN-LEU-TYR-PHE-GLN_0/full_base_c1_s20_n1/run_status.json,,,,,ok
results/posebench_702_predictions/protenix_gpu/dockgen/5dnc_1_ASN_2/full_base_c1_s20_n1/output/5dnc_1_ASN_2/seed_101/predictions/5dnc_1_ASN_2_seed_101_summary_confidence_sample_0.json,dockgen,4,results/posebench_702_predictions/protenix_gpu/dockgen/5dnc_1_ASN_2/full_base_c1_s20_n1/inputs/5dnc_1_ASN_2.json,external/PoseBench/data/dockgen_set/5dnc_1_ASN_2/5dnc_1_ASN_2_ligand.pdb,9.0,NC(O)C[C@H](N)C(O)O,708.0,"B:354,C:354",protenix_base_default_v0.5.0,5dnc_1_ASN_2,3.0,9.0,results/posebench_702_predictions/protenix_gpu/dockgen/5dnc_1_ASN_2/full_base_c1_s20_n1,14.414210859715947,10.0,64.0,9.0,results/posebench_702_predictions/protenix_gpu/dockgen/5dnc_1_ASN_2/full_base_c1_s20_n1/output/5dnc_1_ASN_2/seed_101/predictions/5dnc_1_ASN_2_seed_101_sample_0.cif,B:355;C:354;D:356,external/PoseBench/data/dockgen_set/5dnc_1_ASN_2/5dnc_1_ASN_2_protein_processed.pdb,0.15369288623332977,35.17963409423828,0.22804735600948334,0.16856378316879272,26.36321800794975,0.0,97.78,ok,full_base_c1_s20_n1,16.830886131900613,False,28.483514536090777,False,results/posebench_702_predictions/protenix_gpu/dockgen/5dnc_1_ASN_2/full_base_c1_s20_n1/run_status.json,,,,,ok
results/posebench_702_predictions/protenix_gpu/dockgen/5eno_1_5QG_0/full_base_c1_s20_n1/output/5eno_1_5QG_0/seed_101/predictions/5eno_1_5QG_0_seed_101_summary_confidence_sample_0.json,dockgen,6,results/posebench_702_predictions/protenix_gpu/dockgen/5eno_1_5QG_0/full_base_c1_s20_n1/inputs/5eno_1_5QG_0.json,external/PoseBench/data/dockgen_set/5eno_1_5QG_0/5eno_1_5QG_0_ligand.pdb,29.0,CC1(C)CC2C(CO1)C(N1CCOCC1)NC(SCCC1CCCCC1)[C@@H]2CN,577.0,concat:577,protenix_base_default_v0.5.0,5eno_1_5QG_0,1.0,29.0,results/posebench_702_predictions/protenix_gpu/dockgen/5eno_1_5QG_0/full_base_c1_s20_n1,,10.0,0.0,29.0,results/posebench_702_predictions/protenix_gpu/dockgen/5eno_1_5QG_0/full_base_c1_s20_n1/output/5eno_1_5QG_0/seed_101/predictions/5eno_1_5QG_0_seed_101_sample_0.cif,C:577,external/PoseBench/data/dockgen_set/5eno_1_5QG_0/5eno_1_5QG_0_protein_processed.pdb,0.31815892457962036,31.66612434387207,0.18696196377277374,0.2919195294380188,28.040699109098515,0.0,94.062,ok,full_base_c1_s20_n1,,False,16.10576483560355,False,results/posebench_702_predictions/protenix_gpu/dockgen/5eno_1_5QG_0/full_base_c1_s20_n1/run_status.json,,,,,ok
results/posebench_702_predictions/protenix_gpu/dockgen/5enp_1_5QF_0/full_base_c1_s20_n1/output/5enp_1_5QF_0/seed_101/predictions/5enp_1_5QF_0_seed_101_summary_confidence_sample_0.json,dockgen,4,results/posebench_702_predictions/protenix_gpu/dockgen/5enp_1_5QF_0/full_base_c1_s20_n1/inputs/5enp_1_5QF_0.json,external/PoseBench/data/dockgen_set/5enp_1_5QF_0/5enp_1_5QF_0_ligand.pdb,37.0,COCCN1CCN([C@@H]2NC(SCC[C@H]3CCC(OC)[C@@H](OC)C3)[C@H](CN)[C@H]3CC(C)(C)OCC23)CC1,578.0,concat:578,protenix_base_default_v0.5.0,5enp_1_5QF_0,1.0,37.0,results/posebench_702_predictions/protenix_gpu/dockgen/5enp_1_5QF_0/full_base_c1_s20_n1,,10.0,0.0,37.0,results/posebench_702_predictions/protenix_gpu/dockgen/5enp_1_5QF_0/full_base_c1_s20_n1/output/5enp_1_5QF_0/seed_101/predictions/5enp_1_5QF_0_seed_101_sample_0.cif,C:578,external/PoseBench/data/dockgen_set/5enp_1_5QF_0/5enp_1_5QF_0_protein_processed.pdb,0.3081687092781067,31.271480560302734,0.19251085817813873,0.28503715991973877,27.366666938928066,0.0,88.552,ok,full_base_c1_s20_n1,,False,15.726833431645451,False,results/posebench_702_predictions/protenix_gpu/dockgen/5enp_1_5QF_0/full_base_c1_s20_n1/run_status.json,,,,,ok
results/posebench_702_predictions/protenix_gpu/dockgen/5enq_1_5QE_0/full_base_c1_s20_n1/output/5enq_1_5QE_0/seed_101/predictions/5enq_1_5QE_0_seed_101_summary_confidence_sample_0.json,dockgen,6,results/posebench_702_predictions/protenix_gpu/dockgen/5enq_1_5QE_0/full_base_c1_s20_n1/inputs/5enq_1_5QE_0.json,external/PoseBench/data/dockgen_set/5enq_1_5QE_0/5enq_1_5QE_0_ligand.pdb,35.0,CC(O)NC1CCC(CCSC2NC(N3C[C@@H](C)O[C@@H](C)C3)[C@@H]3COC(C)(C)CC3C2CN)CC1,578.0,concat:578,protenix_base_default_v0.5.0,5enq_1_5QE_0,1.0,35.0,results/posebench_702_predictions/protenix_gpu/dockgen/5enq_1_5QE_0/full_base_c1_s20_n1,,10.0,0.0,35.0,results/posebench_702_predictions/protenix_gpu/dockgen/5enq_1_5QE_0/full_base_c1_s20_n1/output/5enq_1_5QE_0/seed_101/predictions/5enq_1_5QE_0_seed_101_sample_0.cif,C:578,external/PoseBench/data/dockgen_set/5enq_1_5QE_0/5enq_1_5QE_0_protein_processed.pdb,0.32288193702697754,31.572622299194336,0.19280122220516205,0.2968657910823822,27.74641274101642,0.0,74.496,ok,full_base_c1_s20_n1,,False,15.330845738227692,False,results/posebench_702_predictions/protenix_gpu/dockgen/5enq_1_5QE_0/full_base_c1_s20_n1/run_status.json,,,,,ok
results/posebench_702_predictions/protenix_gpu/dockgen/5enr_1_MBX_0/full_base_c1_s20_n1/output/5enr_1_MBX_0/seed_101/predictions/5enr_1_MBX_0_seed_101_summary_confidence_sample_0.json,dockgen,4,results/posebench_702_predictions/protenix_gpu/dockgen/5enr_1_MBX_0/full_base_c1_s20_n1/inputs/5enr_1_MBX_0.json,external/PoseBench/data/dockgen_set/5enr_1_MBX_0/5enr_1_MBX_0_ligand.pdb,36.0,CCC(O)NC1CCC(CCS[C@@H]2NC(N3C[C@H](C)O[C@@H](C)C3)C3COC(C)(C)CC3C2CN)CC1,578.0,concat:578,protenix_base_default_v0.5.0,5enr_1_MBX_0,1.0,36.0,results/posebench_702_predictions/protenix_gpu/dockgen/5enr_1_MBX_0/full_base_c1_s20_n1,,10.0,0.0,36.0,results/posebench_702_predictions/protenix_gpu/dockgen/5enr_1_MBX_0/full_base_c1_s20_n1/output/5enr_1_MBX_0/seed_101/predictions/5enr_1_MBX_0_seed_101_sample_0.cif,C:578,external/PoseBench/data/dockgen_set/5enr_1_MBX_0/5enr_1_MBX_0_protein_processed.pdb,0.3177359402179718,31.45897674560547,0.18949803709983826,0.2920883595943451,27.56140375057728,0.0,77.228,ok,full_base_c1_s20_n1,,False,16.298796814904698,False,results/posebench_702_predictions/protenix_gpu/dockgen/5enr_1_MBX_0/full_base_c1_s20_n1/run_status.json,,,,,ok
results/posebench_702_predictions/protenix_gpu/dockgen/5ent_1_MIY_0/full_base_c1_s20_n1/output/5ent_1_MIY_0/seed_101/predictions/5ent_1_MIY_0_seed_101_summary_confidence_sample_0.json,dockgen,6,results/posebench_702_predictions/protenix_gpu/dockgen/5ent_1_MIY_0/full_base_c1_s20_n1/inputs/5ent_1_MIY_0.json,external/PoseBench/data/dockgen_set/5ent_1_MIY_0/5ent_1_MIY_0_ligand.pdb,33.0,CN(C)C1CCC(O)C2C1C[C@H]1C[C@H]3[C@H](N(C)C)C(O)C(C(N)O)[C@@H](O)[C@@]3(O)C(O)[C@@H]1C2O,581.0,concat:581,protenix_base_default_v0.5.0,5ent_1_MIY_0,1.0,33.0,results/posebench_702_predictions/protenix_gpu/dockgen/5ent_1_MIY_0/full_base_c1_s20_n1,,10.0,0.0,33.0,results/posebench_702_predictions/protenix_gpu/dockgen/5ent_1_MIY_0/full_base_c1_s20_n1/output/5ent_1_MIY_0/seed_101/predictions/5ent_1_MIY_0_seed_101_sample_0.cif,C:581,external/PoseBench/data/dockgen_set/5ent_1_MIY_0/5ent_1_MIY_0_protein_processed.pdb,0.2850974202156067,31.560819625854492,0.186628520488739,0.2654036283493042,27.729903498824207,0.0,89.967,ok,full_base_c1_s20_n1,,False,7.875099280900799,False,results/posebench_702_predictions/protenix_gpu/dockgen/5ent_1_MIY_0/full_base_c1_s20_n1/run_status.json,,,,,ok
results/posebench_702_predictions/protenix_gpu/dockgen/5ers_1_AMP_1/full_base_c1_s20_n1/output/5ers_1_AMP_1/seed_101/predictions/5ers_1_AMP_1_seed_101_summary_confidence_sample_0.json,dockgen,4,results/posebench_702_predictions/protenix_gpu/dockgen/5ers_1_AMP_1/full_base_c1_s20_n1/inputs/5ers_1_AMP_1.json,external/PoseBench/data/dockgen_set/5ers_1_AMP_1/5ers_1_AMP_1_ligand.pdb,23.0,NC1NCNC2C1NCN2[C@@H]1O[C@H](CO[PH](O)(O)O)[C@@H](O)[C@H]1O,414.0,A:414,protenix_base_default_v0.5.0,5ers_1_AMP_1,1.0,23.0,results/posebench_702_predictions/protenix_gpu/dockgen/5ers_1_AMP_1/full_base_c1_s20_n1,11.774295648145266,10.0,26.0,23.0,results/posebench_702_predictions/protenix_gpu/dockgen/5ers_1_AMP_1/full_base_c1_s20_n1/output/5ers_1_AMP_1/seed_101/predictions/5ers_1_AMP_1_seed_101_sample_0.cif,A:414,external/PoseBench/data/dockgen_set/5ers_1_AMP_1/5ers_1_AMP_1_protein_processed.pdb,0.17156918346881866,32.21327590942383,0.21363763511180878,0.17998288571834564,27.323959933276516,0.0,86.16,ok,full_base_c1_s20_n1,17.955638994490656,False,41.526231635113504,False,results/posebench_702_predictions/protenix_gpu/dockgen/5ers_1_AMP_1/full_base_c1_s20_n1/run_status.json,,,,,ok
results/posebench_702_predictions/protenix_gpu/dockgen/5f2t_1_PLM_0/full_base_c1_s20_n1/output/5f2t_1_PLM_0/seed_101/predictions/5f2t_1_PLM_0_seed_101_summary_confidence_sample_0.json,dockgen,6,results/posebench_702_predictions/protenix_gpu/dockgen/5f2t_1_PLM_0/full_base_c1_s20_n1/inputs/5f2t_1_PLM_0.json,external/PoseBench/data/dockgen_set/5f2t_1_PLM_0/5f2t_1_PLM_0_ligand.pdb,18.0,CCCCCCCCCCCCCCCC(O)O,247.0,A:247,protenix_base_default_v0.5.0,5f2t_1_PLM_0,1.0,18.0,results/posebench_702_predictions/protenix_gpu/dockgen/5f2t_1_PLM_0/full_base_c1_s20_n1,10.008016047189926,10.0,84.0,18.0,results/posebench_702_predictions/protenix_gpu/dockgen/5f2t_1_PLM_0/full_base_c1_s20_n1/output/5f2t_1_PLM_0/seed_101/predictions/5f2t_1_PLM_0_seed_101_sample_0.cif,A:247,external/PoseBench/data/dockgen_set/5f2t_1_PLM_0/5f2t_1_PLM_0_protein_processed.pdb,0.2589479088783264,36.233734130859375,0.2876191735267639,0.26468217372894287,17.595547285496323,0.0,91.654,ok,full_base_c1_s20_n1,12.454432619328312,False,13.455432011918118,False,results/posebench_702_predictions/protenix_gpu/dockgen/5f2t_1_PLM_0/full_base_c1_s20_n1/run_status.json,,,,,ok
results/posebench_702_predictions/protenix_gpu/dockgen/5f52_1_ASP_2/full_base_c1_s20_n1/output/5f52_1_ASP_2/seed_101/predictions/5f52_1_ASP_2_seed_101_summary_confidence_sample_0.json,dockgen,4,results/posebench_702_predictions/protenix_gpu/dockgen/5f52_1_ASP_2/full_base_c1_s20_n1/inputs/5f52_1_ASP_2.json,external/PoseBench/data/dockgen_set/5f52_1_ASP_2/5f52_1_ASP_2_ligand.pdb,9.0,N[C@@H](CC(O)O)C(O)O,324.0,B:324,protenix_base_default_v0.5.0,5f52_1_ASP_2,2.0,9.0,results/posebench_702_predictions/protenix_gpu/dockgen/5f52_1_ASP_2/full_base_c1_s20_n1,6.030246674327869,10.0,14.0,9.0,results/posebench_702_predictions/protenix_gpu/dockgen/5f52_1_ASP_2/full_base_c1_s20_n1/output/5f52_1_ASP_2/seed_101/predictions/5f52_1_ASP_2_seed_101_sample_0.cif,B:324;D:324,external/PoseBench/data/dockgen_set/5f52_1_ASP_2/5f52_1_ASP_2_protein_processed.pdb,0.15316835045814514,34.91725158691406,0.27301257848739624,0.17713719606399536,19.187991471621523,0.0,100.778,ok,full_base_c1_s20_n1,19.45249452453554,False,31.23861012352194,False,results/posebench_702_predictions/protenix_gpu/dockgen/5f52_1_ASP_2/full_base_c1_s20_n1/run_status.json,,,,,ok
results/posebench_702_predictions/protenix_gpu/dockgen/5fiu_1_Y3J_3/full_base_c1_s20_n1/output/5fiu_1_Y3J_3/seed_101/predictions/5fiu_1_Y3J_3_seed_101_summary_confidence_sample_0.json,dockgen,6,results/posebench_702_predictions/protenix_gpu/dockgen/5fiu_1_Y3J_3/full_base_c1_s20_n1/inputs/5fiu_1_Y3J_3.json,external/PoseBench/data/dockgen_set/5fiu_1_Y3J_3/5fiu_1_Y3J_3_ligand.pdb,20.0,NC1NCNC2C1NCN2[C@@H]1O[C@H](C(F)F)[C@@H](O)[C@@H]1O,291.0,B:291,protenix_base_default_v0.5.0,5fiu_1_Y3J_3,2.0,20.0,results/posebench_702_predictions/protenix_gpu/dockgen/5fiu_1_Y3J_3/full_base_c1_s20_n1,8.138890748029871,10.0,37.0,20.0,results/posebench_702_predictions/protenix_gpu/dockgen/5fiu_1_Y3J_3/full_base_c1_s20_n1/output/5fiu_1_Y3J_3/seed_101/predictions/5fiu_1_Y3J_3_seed_101_sample_0.cif,B:291;C:291,external/PoseBench/data/dockgen_set/5fiu_1_Y3J_3/5fiu_1_Y3J_3_protein_processed.pdb,0.1212373599410057,30.0328426361084,0.19031678140163422,0.13505324721336365,22.3327608508145,0.0,92.445,ok,full_base_c1_s20_n1,26.15839163294482,False,25.195341275029172,False,results/posebench_702_predictions/protenix_gpu/dockgen/5fiu_1_Y3J_3/full_base_c1_s20_n1/run_status.json,,,,,ok
results/posebench_702_predictions/protenix_gpu/dockgen/5fxd_1_H7Y_1/full_base_c1_s20_n1/output/5fxd_1_H7Y_1/seed_101/predictions/5fxd_1_H7Y_1_seed_101_summary_confidence_sample_0.json,dockgen,4,results/posebench_702_predictions/protenix_gpu/dockgen/5fxd_1_H7Y_1/full_base_c1_s20_n1/inputs/5fxd_1_H7Y_1.json,external/PoseBench/data/dockgen_set/5fxd_1_H7Y_1/5fxd_1_H7Y_1_ligand.pdb,12.0,CCC[C@H]1CCC(O)C(OC)C1,525.0,concat:525,protenix_base_default_v0.5.0,5fxd_1_H7Y_1,1.0,12.0,results/posebench_702_predictions/protenix_gpu/dockgen/5fxd_1_H7Y_1/full_base_c1_s20_n1,,10.0,0.0,12.0,results/posebench_702_predictions/protenix_gpu/dockgen/5fxd_1_H7Y_1/full_base_c1_s20_n1/output/5fxd_1_H7Y_1/seed_101/predictions/5fxd_1_H7Y_1_seed_101_sample_0.cif,B:525,external/PoseBench/data/dockgen_set/5fxd_1_H7Y_1/5fxd_1_H7Y_1_protein_processed.pdb,0.22852124273777008,31.858657836914062,0.20165343582630157,0.2231476902961731,22.041504412159515,0.0,93.491,ok,full_base_c1_s20_n1,,False,9.091455573075299,False,results/posebench_702_predictions/protenix_gpu/dockgen/5fxd_1_H7Y_1/full_base_c1_s20_n1/run_status.json,,,,,ok
results/posebench_702_predictions/protenix_gpu/dockgen/5fxe_1_CIY_1/full_base_c1_s20_n1/output/5fxe_1_CIY_1/seed_101/predictions/5fxe_1_CIY_1_seed_101_summary_confidence_sample_0.json,dockgen,6,results/posebench_702_predictions/protenix_gpu/dockgen/5fxe_1_CIY_1/full_base_c1_s20_n1/inputs/5fxe_1_CIY_1.json,external/PoseBench/data/dockgen_set/5fxe_1_CIY_1/5fxe_1_CIY_1_ligand.pdb,13.0,CO[C@H]1CC(CCCO)CCC1O,525.0,A:525,protenix_base_default_v0.5.0,5fxe_1_CIY_1,1.0,13.0,results/posebench_702_predictions/protenix_gpu/dockgen/5fxe_1_CIY_1/full_base_c1_s20_n1,13.05035903290609,10.0,72.0,13.0,results/posebench_702_predictions/protenix_gpu/dockgen/5fxe_1_CIY_1/full_base_c1_s20_n1/output/5fxe_1_CIY_1/seed_101/predictions/5fxe_1_CIY_1_seed_101_sample_0.cif,A:525,external/PoseBench/data/dockgen_set/5fxe_1_CIY_1/5fxe_1_CIY_1_protein_processed.pdb,0.22170378267765045,31.531875610351562,0.20479173958301544,0.21832136809825897,21.792505532857543,0.0,81.38,ok,full_base_c1_s20_n1,11.425070200160683,False,13.106491830722764,False,results/posebench_702_predictions/protenix_gpu/dockgen/5fxe_1_CIY_1/full_base_c1_s20_n1/run_status.json,,,,,ok
results/posebench_702_predictions/protenix_gpu/dockgen/5fxf_1_BEZ_0/full_base_c1_s20_n1/output/5fxf_1_BEZ_0/seed_101/predictions/5fxf_1_BEZ_0_seed_101_summary_confidence_sample_0.json,dockgen,4,results/posebench_702_predictions/protenix_gpu/dockgen/5fxf_1_BEZ_0/full_base_c1_s20_n1/inputs/5fxf_1_BEZ_0.json,external/PoseBench/data/dockgen_set/5fxf_1_BEZ_0/5fxf_1_BEZ_0_ligand.pdb,9.0,OC(O)C1CCCCC1,525.0,concat:525,protenix_base_default_v0.5.0,5fxf_1_BEZ_0,1.0,9.0,results/posebench_702_predictions/protenix_gpu/dockgen/5fxf_1_BEZ_0/full_base_c1_s20_n1,,10.0,0.0,9.0,results/posebench_702_predictions/protenix_gpu/dockgen/5fxf_1_BEZ_0/full_base_c1_s20_n1/output/5fxf_1_BEZ_0/seed_101/predictions/5fxf_1_BEZ_0_seed_101_sample_0.cif,B:525,external/PoseBench/data/dockgen_set/5fxf_1_BEZ_0/5fxf_1_BEZ_0_protein_processed.pdb,0.2072025090456009,31.346023559570312,0.19805556535720825,0.2053731232881546,21.268025287292808,0.0,77.214,ok,full_base_c1_s20_n1,,False,12.504936677773996,False,results/posebench_702_predictions/protenix_gpu/dockgen/5fxf_1_BEZ_0/full_base_c1_s20_n1/run_status.json,,,,,ok
results/posebench_702_predictions/protenix_gpu/dockgen/5gqi_1_ATP_7/full_base_c1_s20_n1/output/5gqi_1_ATP_7/seed_101/predictions/5gqi_1_ATP_7_seed_101_summary_confidence_sample_0.json,dockgen,6,results/posebench_702_predictions/protenix_gpu/dockgen/5gqi_1_ATP_7/full_base_c1_s20_n1/inputs/5gqi_1_ATP_7.json,external/PoseBench/data/dockgen_set/5gqi_1_ATP_7/5gqi_1_ATP_7_ligand.pdb,31.0,N[C@@H]1NCN[C@H]2C1NCN2[C@@H]1O[C@H](CO[PH](O)(O)O[PH](O)(O)O[PH](O)(O)O)[C@@H](O)[C@H]1O,246.0,A:246,protenix_base_default_v0.5.0,5gqi_1_ATP_7,1.0,31.0,results/posebench_702_predictions/protenix_gpu/dockgen/5gqi_1_ATP_7/full_base_c1_s20_n1,14.120649948626527,10.0,24.0,31.0,results/posebench_702_predictions/protenix_gpu/dockgen/5gqi_1_ATP_7/full_base_c1_s20_n1/output/5gqi_1_ATP_7/seed_101/predictions/5gqi_1_ATP_7_seed_101_sample_0.cif,A:246,external/PoseBench/data/dockgen_set/5gqi_1_ATP_7/5gqi_1_ATP_7_protein_processed.pdb,0.25119733810424805,34.35224914550781,0.3104831278324127,0.2630544900894165,21.592173970656198,0.0,95.919,ok,full_base_c1_s20_n1,9.77597358300842,False,19.590551825304402,False,results/posebench_702_predictions/protenix_gpu/dockgen/5gqi_1_ATP_7/full_base_c1_s20_n1/run_status.json,,,,,ok
results/posebench_702_predictions/protenix_gpu/dockgen/5gql_1_ATP_4/full_base_c1_s20_n1/output/5gql_1_ATP_4/seed_101/predictions/5gql_1_ATP_4_seed_101_summary_confidence_sample_0.json,dockgen,4,results/posebench_702_predictions/protenix_gpu/dockgen/5gql_1_ATP_4/full_base_c1_s20_n1/inputs/5gql_1_ATP_4.json,external/PoseBench/data/dockgen_set/5gql_1_ATP_4/5gql_1_ATP_4_ligand.pdb,31.0,NC1NCNC2C1NCN2[C@@H]1O[C@H](CO[PH](O)(O)O[PH](O)(O)O[PH](O)(O)O)[C@@H](O)[C@H]1O,247.0,A:247,protenix_base_default_v0.5.0,5gql_1_ATP_4,1.0,31.0,results/posebench_702_predictions/protenix_gpu/dockgen/5gql_1_ATP_4/full_base_c1_s20_n1,7.08157231772133,10.0,30.0,31.0,results/posebench_702_predictions/protenix_gpu/dockgen/5gql_1_ATP_4/full_base_c1_s20_n1/output/5gql_1_ATP_4/seed_101/predictions/5gql_1_ATP_4_seed_101_sample_0.cif,A:247,external/PoseBench/data/dockgen_set/5gql_1_ATP_4/5gql_1_ATP_4_protein_processed.pdb,0.24201330542564392,35.10245132446289,0.3094395399093628,0.2554985582828522,20.739002248041306,0.0,85.297,ok,full_base_c1_s20_n1,19.905167077796204,False,17.26483501627643,False,results/posebench_702_predictions/protenix_gpu/dockgen/5gql_1_ATP_4/full_base_c1_s20_n1/run_status.json,,,,,ok
results/posebench_702_predictions/protenix_gpu/dockgen/5hhz_1_ZME_0/full_base_c1_s20_n1/output/5hhz_1_ZME_0/seed_101/predictions/5hhz_1_ZME_0_seed_101_summary_confidence_sample_0.json,dockgen,6,results/posebench_702_predictions/protenix_gpu/dockgen/5hhz_1_ZME_0/full_base_c1_s20_n1/inputs/5hhz_1_ZME_0.json,external/PoseBench/data/dockgen_set/5hhz_1_ZME_0/5hhz_1_ZME_0_ligand.pdb,15.0,CC1CCN(C2NCNC3NCNC32)C1,457.0,A:457,protenix_base_default_v0.5.0,5hhz_1_ZME_0,1.0,15.0,results/posebench_702_predictions/protenix_gpu/dockgen/5hhz_1_ZME_0/full_base_c1_s20_n1,13.616691404735425,10.0,58.0,15.0,results/posebench_702_predictions/protenix_gpu/dockgen/5hhz_1_ZME_0/full_base_c1_s20_n1/output/5hhz_1_ZME_0/seed_101/predictions/5hhz_1_ZME_0_seed_101_sample_0.cif,A:457,external/PoseBench/data/dockgen_set/5hhz_1_ZME_0/5hhz_1_ZME_0_protein_processed.pdb,0.20614172518253326,29.272144317626953,0.18525485694408417,0.2019643634557724,22.581653850379713,0.0,99.597,ok,full_base_c1_s20_n1,6.937594488223628,False,17.0626424340169,False,results/posebench_702_predictions/protenix_gpu/dockgen/5hhz_1_ZME_0/full_base_c1_s20_n1/run_status.json,,,,,ok
results/posebench_702_predictions/protenix_gpu/dockgen/5hmr_1_FDZ_0/full_base_c1_s20_n1/output/5hmr_1_FDZ_0/seed_101/predictions/5hmr_1_FDZ_0_seed_101_summary_confidence_sample_0.json,dockgen,4,results/posebench_702_predictions/protenix_gpu/dockgen/5hmr_1_FDZ_0/full_base_c1_s20_n1/inputs/5hmr_1_FDZ_0.json,external/PoseBench/data/dockgen_set/5hmr_1_FDZ_0/5hmr_1_FDZ_0_ligand.pdb,20.0,OC(NC1CNNS1)N[C@H]1CCC[C@H](OC(F)(F)F)C1,447.0,A:447,protenix_base_default_v0.5.0,5hmr_1_FDZ_0,1.0,20.0,results/posebench_702_predictions/protenix_gpu/dockgen/5hmr_1_FDZ_0/full_base_c1_s20_n1,14.934745245198963,10.0,70.0,20.0,results/posebench_702_predictions/protenix_gpu/dockgen/5hmr_1_FDZ_0/full_base_c1_s20_n1/output/5hmr_1_FDZ_0/seed_101/predictions/5hmr_1_FDZ_0_seed_101_sample_0.cif,A:447,external/PoseBench/data/dockgen_set/5hmr_1_FDZ_0/5hmr_1_FDZ_0_protein_processed.pdb,0.2127540111541748,30.322843551635742,0.18753454089164734,0.2077101171016693,22.01935319334795,0.0,102.785,ok,full_base_c1_s20_n1,14.211857635739085,False,8.074289362778506,False,results/posebench_702_predictions/protenix_gpu/dockgen/5hmr_1_FDZ_0/full_base_c1_s20_n1/run_status.json,,,,,ok
results/posebench_702_predictions/protenix_gpu/dockgen/5hqx_1_EDZ_0/full_base_c1_s20_n1/output/5hqx_1_EDZ_0/seed_101/predictions/5hqx_1_EDZ_0_seed_101_summary_confidence_sample_0.json,dockgen,6,results/posebench_702_predictions/protenix_gpu/dockgen/5hqx_1_EDZ_0/full_base_c1_s20_n1/inputs/5hqx_1_EDZ_0.json,external/PoseBench/data/dockgen_set/5hqx_1_EDZ_0/5hqx_1_EDZ_0_ligand.pdb,18.0,OCC[C@H]1CCCC[C@@H]1NC(O)N[C@H]1CNNS1,460.0,A:460,protenix_base_default_v0.5.0,5hqx_1_EDZ_0,1.0,18.0,results/posebench_702_predictions/protenix_gpu/dockgen/5hqx_1_EDZ_0/full_base_c1_s20_n1,15.44656450156771,10.0,71.0,18.0,results/posebench_702_predictions/protenix_gpu/dockgen/5hqx_1_EDZ_0/full_base_c1_s20_n1/output/5hqx_1_EDZ_0/seed_101/predictions/5hqx_1_EDZ_0_seed_101_sample_0.cif,A:460,external/PoseBench/data/dockgen_set/5hqx_1_EDZ_0/5hqx_1_EDZ_0_protein_processed.pdb,0.1951725035905838,30.197208404541016,0.18022659420967102,0.19218331575393677,21.289634315305086,0.0,97.269,ok,full_base_c1_s20_n1,6.920665168340156,False,12.904474121187858,False,results/posebench_702_predictions/protenix_gpu/dockgen/5hqx_1_EDZ_0/full_base_c1_s20_n1/run_status.json,,,,,ok
results/posebench_702_predictions/protenix_gpu/dockgen/5hw0_1_GLU_2/full_base_c1_s20_n1/output/5hw0_1_GLU_2/seed_101/predictions/5hw0_1_GLU_2_seed_101_summary_confidence_sample_0.json,dockgen,4,results/posebench_702_predictions/protenix_gpu/dockgen/5hw0_1_GLU_2/full_base_c1_s20_n1/inputs/5hw0_1_GLU_2.json,external/PoseBench/data/dockgen_set/5hw0_1_GLU_2/5hw0_1_GLU_2_ligand.pdb,10.0,N[C@@H](CCC(O)O)C(O)O,619.0,"A:311,B:308",protenix_base_default_v0.5.0,5hw0_1_GLU_2,2.0,10.0,results/posebench_702_predictions/protenix_gpu/dockgen/5hw0_1_GLU_2/full_base_c1_s20_n1,12.734345232801154,10.0,56.0,10.0,results/posebench_702_predictions/protenix_gpu/dockgen/5hw0_1_GLU_2/full_base_c1_s20_n1/output/5hw0_1_GLU_2/seed_101/predictions/5hw0_1_GLU_2_seed_101_sample_0.cif,A:311;B:308,external/PoseBench/data/dockgen_set/5hw0_1_GLU_2/5hw0_1_GLU_2_protein_processed.pdb,0.17188383638858795,36.71508026123047,0.2824687361717224,0.19400081038475037,19.89242562570214,0.0,101.843,ok,full_base_c1_s20_n1,14.634343255462346,False,18.327794448967012,False,results/posebench_702_predictions/protenix_gpu/dockgen/5hw0_1_GLU_2/full_base_c1_s20_n1/run_status.json,,,,,ok
results/posebench_702_predictions/protenix_gpu/dockgen/5ida_1_BMA_0/full_base_c1_s20_n1/output/5ida_1_BMA_0/seed_101/predictions/5ida_1_BMA_0_seed_101_summary_confidence_sample_0.json,dockgen,6,results/posebench_702_predictions/protenix_gpu/dockgen/5ida_1_BMA_0/full_base_c1_s20_n1/inputs/5ida_1_BMA_0.json,external/PoseBench/data/dockgen_set/5ida_1_BMA_0/5ida_1_BMA_0_ligand.pdb,12.0,OC[C@H]1O[C@@H](O)[C@@H](O)[C@@H](O)[C@@H]1O,141.0,A:141,protenix_base_default_v0.5.0,5ida_1_BMA_0,1.0,12.0,results/posebench_702_predictions/protenix_gpu/dockgen/5ida_1_BMA_0/full_base_c1_s20_n1,11.60105334864471,10.0,42.0,12.0,results/posebench_702_predictions/protenix_gpu/dockgen/5ida_1_BMA_0/full_base_c1_s20_n1/output/5ida_1_BMA_0/seed_101/predictions/5ida_1_BMA_0_seed_101_sample_0.cif,A:141,external/PoseBench/data/dockgen_set/5ida_1_BMA_0/5ida_1_BMA_0_protein_processed.pdb,0.08362853527069092,30.071630477905273,0.15684300661087036,0.0982714295387268,13.210467252646312,0.0,71.856,ok,full_base_c1_s20_n1,15.220814965809593,False,18.551178056704558,False,results/posebench_702_predictions/protenix_gpu/dockgen/5ida_1_BMA_0/full_base_c1_s20_n1/run_status.json,,,,,ok
results/posebench_702_predictions/protenix_gpu/dockgen/5k3o_2_ASP_0/full_base_c1_s20_n1/output/5k3o_2_ASP_0/seed_101/predictions/5k3o_2_ASP_0_seed_101_summary_confidence_sample_0.json,dockgen,4,results/posebench_702_predictions/protenix_gpu/dockgen/5k3o_2_ASP_0/full_base_c1_s20_n1/inputs/5k3o_2_ASP_0.json,external/PoseBench/data/dockgen_set/5k3o_2_ASP_0/5k3o_2_ASP_0_ligand.pdb,9.0,N[C@@H](CC(O)O)C(O)O,656.0,concat:656,protenix_base_default_v0.5.0,5k3o_2_ASP_0,2.0,9.0,results/posebench_702_predictions/protenix_gpu/dockgen/5k3o_2_ASP_0/full_base_c1_s20_n1,,10.0,0.0,9.0,results/posebench_702_predictions/protenix_gpu/dockgen/5k3o_2_ASP_0/full_base_c1_s20_n1/output/5k3o_2_ASP_0/seed_101/predictions/5k3o_2_ASP_0_seed_101_sample_0.cif,C:328;D:328,external/PoseBench/data/dockgen_set/5k3o_2_ASP_0/5k3o_2_ASP_0_protein_processed.pdb,0.13001325726509094,35.591365814208984,0.24696119129657745,0.15340283513069153,22.729897264315568,0.0,74.887,ok,full_base_c1_s20_n1,,False,17.465034184230536,False,results/posebench_702_predictions/protenix_gpu/dockgen/5k3o_2_ASP_0/full_base_c1_s20_n1/run_status.json,,,,,ok
results/posebench_702_predictions/protenix_gpu/dockgen/5k45_2_GLU_1/full_base_c1_s20_n1/output/5k45_2_GLU_1/seed_101/predictions/5k45_2_GLU_1_seed_101_summary_confidence_sample_0.json,dockgen,6,results/posebench_702_predictions/protenix_gpu/dockgen/5k45_2_GLU_1/full_base_c1_s20_n1/inputs/5k45_2_GLU_1.json,external/PoseBench/data/dockgen_set/5k45_2_GLU_1/5k45_2_GLU_1_ligand.pdb,10.0,N[C@@H](CCC(O)O)C(O)O,656.0,concat:656,protenix_base_default_v0.5.0,5k45_2_GLU_1,2.0,10.0,results/posebench_702_predictions/protenix_gpu/dockgen/5k45_2_GLU_1/full_base_c1_s20_n1,,10.0,0.0,10.0,results/posebench_702_predictions/protenix_gpu/dockgen/5k45_2_GLU_1/full_base_c1_s20_n1/output/5k45_2_GLU_1/seed_101/predictions/5k45_2_GLU_1_seed_101_sample_0.cif,C:328;D:328,external/PoseBench/data/dockgen_set/5k45_2_GLU_1/5k45_2_GLU_1_protein_processed.pdb,0.12860263884067535,35.46544647216797,0.2424999624490738,0.15138210356235504,23.70529309094472,0.0,79.572,ok,full_base_c1_s20_n1,,False,20.462706447091726,False,results/posebench_702_predictions/protenix_gpu/dockgen/5k45_2_GLU_1/full_base_c1_s20_n1/run_status.json,,,,,ok
results/posebench_702_predictions/protenix_gpu/dockgen/5k4h_2_GLU_3/full_base_c1_s20_n1/output/5k4h_2_GLU_3/seed_101/predictions/5k4h_2_GLU_3_seed_101_summary_confidence_sample_0.json,dockgen,4,results/posebench_702_predictions/protenix_gpu/dockgen/5k4h_2_GLU_3/full_base_c1_s20_n1/inputs/5k4h_2_GLU_3.json,external/PoseBench/data/dockgen_set/5k4h_2_GLU_3/5k4h_2_GLU_3_ligand.pdb,10.0,N[C@@H](CCC(O)O)C(O)O,654.0,concat:654,protenix_base_default_v0.5.0,5k4h_2_GLU_3,2.0,10.0,results/posebench_702_predictions/protenix_gpu/dockgen/5k4h_2_GLU_3/full_base_c1_s20_n1,,10.0,0.0,10.0,results/posebench_702_predictions/protenix_gpu/dockgen/5k4h_2_GLU_3/full_base_c1_s20_n1/output/5k4h_2_GLU_3/seed_101/predictions/5k4h_2_GLU_3_seed_101_sample_0.cif,G:328;H:326,external/PoseBench/data/dockgen_set/5k4h_2_GLU_3/5k4h_2_GLU_3_protein_processed.pdb,0.12779517471790314,36.05369567871094,0.24325178563594818,0.15088650584220886,23.63094532475175,0.0,74.894,ok,full_base_c1_s20_n1,,False,18.525119354538077,False,results/posebench_702_predictions/protenix_gpu/dockgen/5k4h_2_GLU_3/full_base_c1_s20_n1/run_status.json,,,,,ok
results/posebench_702_predictions/protenix_gpu/dockgen/5k62_1_ASN-VAL_0/full_base_c1_s20_n1/output/5k62_1_ASN-VAL_0/seed_101/predictions/5k62_1_ASN-VAL_0_seed_101_summary_confidence_sample_0.json,dockgen,6,results/posebench_702_predictions/protenix_gpu/dockgen/5k62_1_ASN-VAL_0/full_base_c1_s20_n1/inputs/5k62_1_ASN-VAL_0.json,external/PoseBench/data/dockgen_set/5k62_1_ASN-VAL_0/5k62_1_ASN-VAL_0_ligand.pdb,15.0,CC(C)[C@@H](CO)NC(O)[C@@H](N)CC(N)O,430.0,A:430,protenix_base_default_v0.5.0,5k62_1_ASN-VAL_0,1.0,15.0,results/posebench_702_predictions/protenix_gpu/dockgen/5k62_1_ASN-VAL_0/full_base_c1_s20_n1,13.727293413909866,10.0,59.0,15.0,results/posebench_702_predictions/protenix_gpu/dockgen/5k62_1_ASN-VAL_0/full_base_c1_s20_n1/output/5k62_1_ASN-VAL_0/seed_101/predictions/5k62_1_ASN-VAL_0_seed_101_sample_0.cif,A:430,external/PoseBench/data/dockgen_set/5k62_1_ASN-VAL_0/5k62_1_ASN-VAL_0_protein_processed.pdb,0.19896911084651947,31.086673736572266,0.2509435713291168,0.20936401188373566,19.986106158399554,0.0,86.505,ok,full_base_c1_s20_n1,15.737713495757518,False,23.620523724387514,False,results/posebench_702_predictions/protenix_gpu/dockgen/5k62_1_ASN-VAL_0/full_base_c1_s20_n1/run_status.json,,,,,ok
results/posebench_702_predictions/protenix_gpu/dockgen/5k63_1_ASN-GLY_0/full_base_c1_s20_n1/output/5k63_1_ASN-GLY_0/seed_101/predictions/5k63_1_ASN-GLY_0_seed_101_summary_confidence_sample_0.json,dockgen,4,results/posebench_702_predictions/protenix_gpu/dockgen/5k63_1_ASN-GLY_0/full_base_c1_s20_n1/inputs/5k63_1_ASN-GLY_0.json,external/PoseBench/data/dockgen_set/5k63_1_ASN-GLY_0/5k63_1_ASN-GLY_0_ligand.pdb,12.0,NC(O)C[C@H](N)C(O)NCCO,431.0,A:431,protenix_base_default_v0.5.0,5k63_1_ASN-GLY_0,1.0,12.0,results/posebench_702_predictions/protenix_gpu/dockgen/5k63_1_ASN-GLY_0/full_base_c1_s20_n1,13.668187687496534,10.0,54.0,12.0,results/posebench_702_predictions/protenix_gpu/dockgen/5k63_1_ASN-GLY_0/full_base_c1_s20_n1/output/5k63_1_ASN-GLY_0/seed_101/predictions/5k63_1_ASN-GLY_0_seed_101_sample_0.cif,A:431,external/PoseBench/data/dockgen_set/5k63_1_ASN-GLY_0/5k63_1_ASN-GLY_0_protein_processed.pdb,0.19916637241840363,31.427082061767578,0.2644844651222229,0.21222999691963196,21.061757476674032,0.0,94.28,ok,full_base_c1_s20_n1,19.341089620873415,False,24.36629725585359,False,results/posebench_702_predictions/protenix_gpu/dockgen/5k63_1_ASN-GLY_0/full_base_c1_s20_n1/run_status.json,,,,,ok
results/posebench_702_predictions/protenix_gpu/dockgen/5k66_1_ASN-GLU_0/full_base_c1_s20_n1/output/5k66_1_ASN-GLU_0/seed_101/predictions/5k66_1_ASN-GLU_0_seed_101_summary_confidence_sample_0.json,dockgen,6,results/posebench_702_predictions/protenix_gpu/dockgen/5k66_1_ASN-GLU_0/full_base_c1_s20_n1/inputs/5k66_1_ASN-GLU_0.json,external/PoseBench/data/dockgen_set/5k66_1_ASN-GLU_0/5k66_1_ASN-GLU_0_ligand.pdb,17.0,NC(O)C[C@H](N)C(O)N[C@H](CO)CCC(O)O,430.0,A:430,protenix_base_default_v0.5.0,5k66_1_ASN-GLU_0,1.0,17.0,results/posebench_702_predictions/protenix_gpu/dockgen/5k66_1_ASN-GLU_0/full_base_c1_s20_n1,14.203682923064731,10.0,63.0,17.0,results/posebench_702_predictions/protenix_gpu/dockgen/5k66_1_ASN-GLU_0/full_base_c1_s20_n1/output/5k66_1_ASN-GLU_0/seed_101/predictions/5k66_1_ASN-GLU_0_seed_101_sample_0.cif,A:430,external/PoseBench/data/dockgen_set/5k66_1_ASN-GLU_0/5k66_1_ASN-GLU_0_protein_processed.pdb,0.18588818609714508,32.24106979370117,0.25749650597572327,0.2002098560333252,22.021201349870086,0.0,101.008,ok,full_base_c1_s20_n1,12.25897832361421,False,17.296587101640924,False,results/posebench_702_predictions/protenix_gpu/dockgen/5k66_1_ASN-GLU_0/full_base_c1_s20_n1/run_status.json,,,,,ok
results/posebench_702_predictions/protenix_gpu/dockgen/5mh1_1_BMA_0/full_base_c1_s20_n1/output/5mh1_1_BMA_0/seed_101/predictions/5mh1_1_BMA_0_seed_101_summary_confidence_sample_0.json,dockgen,4,results/posebench_702_predictions/protenix_gpu/dockgen/5mh1_1_BMA_0/full_base_c1_s20_n1/inputs/5mh1_1_BMA_0.json,external/PoseBench/data/dockgen_set/5mh1_1_BMA_0/5mh1_1_BMA_0_ligand.pdb,12.0,OC[C@H]1O[C@@H](O)[C@@H](O)[C@@H](O)[C@@H]1O,142.0,A:142,protenix_base_default_v0.5.0,5mh1_1_BMA_0,1.0,12.0,results/posebench_702_predictions/protenix_gpu/dockgen/5mh1_1_BMA_0/full_base_c1_s20_n1,11.045836632889154,10.0,42.0,12.0,results/posebench_702_predictions/protenix_gpu/dockgen/5mh1_1_BMA_0/full_base_c1_s20_n1/output/5mh1_1_BMA_0/seed_101/predictions/5mh1_1_BMA_0_seed_101_sample_0.cif,A:142,external/PoseBench/data/dockgen_set/5mh1_1_BMA_0/5mh1_1_BMA_0_protein_processed.pdb,0.08422374725341797,29.829204559326172,0.15612848103046417,0.09860469400882721,13.25669556185911,0.0,85.425,ok,full_base_c1_s20_n1,22.979577809865706,False,22.129577901813803,False,results/posebench_702_predictions/protenix_gpu/dockgen/5mh1_1_BMA_0/full_base_c1_s20_n1/run_status.json,,,,,ok
results/posebench_702_predictions/protenix_gpu/dockgen/5u82_2_ZN0_0/full_base_c1_s20_n1/output/5u82_2_ZN0_0/seed_101/predictions/5u82_2_ZN0_0_seed_101_summary_confidence_sample_0.json,dockgen,6,results/posebench_702_predictions/protenix_gpu/dockgen/5u82_2_ZN0_0/full_base_c1_s20_n1/inputs/5u82_2_ZN0_0.json,external/PoseBench/data/dockgen_set/5u82_2_ZN0_0/5u82_2_ZN0_0_ligand.pdb,7.0,C[CH2][SnH]([CH2]C)[CH2]C,208.0,concat:208,protenix_base_default_v0.5.0,5u82_2_ZN0_0,1.0,7.0,results/posebench_702_predictions/protenix_gpu/dockgen/5u82_2_ZN0_0/full_base_c1_s20_n1,,10.0,,6.0,results/posebench_702_predictions/protenix_gpu/dockgen/5u82_2_ZN0_0/full_base_c1_s20_n1/output/5u82_2_ZN0_0/seed_101/predictions/5u82_2_ZN0_0_seed_101_sample_0.cif,B:208,external/PoseBench/data/dockgen_set/5u82_2_ZN0_0/5u82_2_ZN0_0_protein_processed.pdb,0.2292911261320114,36.29300308227539,0.23055686056613922,0.2295442819595337,17.861841173090628,0.0,70.97,ok,full_base_c1_s20_n1,,False,,False,results/posebench_702_predictions/protenix_gpu/dockgen/5u82_2_ZN0_0/full_base_c1_s20_n1/run_status.json,,,,,ok
,dockgen,6,results/posebench_702_predictions/protenix_gpu/dockgen/6a71_1_9UX_0/full_base_c1_s20_n1/inputs/6a71_1_9UX_0.json,external/PoseBench/data/dockgen_set/6a71_1_9UX_0/6a71_1_9UX_0_ligand.pdb,6.0,[OH][Mo@]12[S][Mo@@]1([OH])[S]2,,,protenix_base_default_v0.5.0,6a71_1_9UX_0,1.0,,results/posebench_702_predictions/protenix_gpu/dockgen/6a71_1_9UX_0/full_base_c1_s20_n1,,,,,,B:71,external/PoseBench/data/dockgen_set/6a71_1_9UX_0/6a71_1_9UX_0_protein_processed.pdb,,,,,,0.0,105.453,failed_no_prediction_cif,full_base_c1_s20_n1,,,,,results/posebench_702_predictions/protenix_gpu/dockgen/6a71_1_9UX_0/full_base_c1_s20_n1/run_status.json,"2026-06-11 19:36:52,650 [<REMOTE_PROJECT_ROOT>/envs/protenix/lib/python3.10/site-packages/runner/batch_inference.py:296] INFO runner.batch_inference: run infer with input=<REMOTE_PROJECT_ROOT>/results/posebench_702_predictions/protenix_gpu/dockgen/6a71_1_9UX_0/full_base_c1_s20_n1/inputs/6a71_1_9UX_0.json, out_dir=<REMOTE_PROJECT_ROOT>/results/posebench_702_predictions/protenix_gpu/dockgen/6a71_1_9UX_0/full_base_c1_s20_n1/output, sample=1
2026-06-11 19:36:52,650 [<REMOTE_PROJECT_ROOT>/envs/protenix/lib/python3.10/site-packages/runner/batch_inference.py:321] INFO runner.batch_inference: Using the default params for inference for model protenix_base_default_v0.5.0: cycle=1, step=20, use_msa=False
2026-06-11 19:36:52,650 [<REMOTE_PROJECT_ROOT>/envs/protenix/lib/python3.10/site-packages/runner/batch_inference.py:229] INFO runner.batch_inference: will infer with 1 jsons
2026-06-11 19:36:52,658 [<REMOTE_PROJECT_ROOT>/envs/protenix/lib/python3.10/site-packages/runner/batch_inference.py:182] INFO runner.batch_inference: Inference by Protenix: model_size: base, with_feature: default, model_version: v0.5.0
2026-06-11 19:36:52,658 [<REMOTE_PROJECT_ROOT>/envs/protenix/lib/python3.10/site-packages/runner/inference.py:163] INFO runner.inference: Distributed environment: world size: 1, global rank: 0, local rank: 0
2026-06-11 19:36:52,658 [<REMOTE_PROJECT_ROOT>/envs/protenix/lib/python3.10/site-packages/runner/inference.py:67] INFO root: LOCAL_RANK: 0 - CUDA_VISIBLE_DEVICES: [6]
2026-06-11 19:36:52,658 [<REMOTE_PROJECT_ROOT>/envs/protenix/lib/python3.10/site-packages/runner/inference.py:91] INFO root: Finished init ENV.
2026-06-11 19:38:25,318 [<REMOTE_PROJECT_ROOT>/envs/protenix/lib/python3.10/site-packages/runner/inference.py:163] INFO runner.inference: Loading from <REMOTE_PROJECT_ROOT>/envs/protenix/lib/python3.10/site-packages/./release_data/checkpoint//protenix_base_default_v0.5.0.pt, strict: True
2026-06-11 19:38:26,230 [<REMOTE_PROJECT_ROOT>/envs/protenix/lib/python3.10/site-packages/runner/inference.py:163] INFO runner.inference: Sampled key: module.input_embedder.atom_attention_encoder.linear_no_bias_ref_pos.weight
2026-06-11 19:38:26,319 [<REMOTE_PROJECT_ROOT>/envs/protenix/lib/python3.10/site-packages/runner/inference.py:163] INFO runner.inference: Finish loading checkpoint.

  0%|          | 0/1 [00:00<?, ?it/s]2026-06-11 19:38:26,325 [<REMOTE_PROJECT_ROOT>/envs/protenix/lib/python3.10/site-packages/runner/msa_search.py:109] WARNING runner.msa_search: the inference json file <REMOTE_PROJECT_ROOT>/results/posebench_702_predictions/protenix_gpu/dockgen/6a71_1_9UX_0/full_base_c1_s20_n1/inputs/6a71_1_9UX_0.json 
do not contain msa and will not be updated,
and you set not using msa, in this mode, 
if you do not use esm feature, model performance might degrade significantly
2026-06-11 19:38:26,325 [<REMOTE_PROJECT_ROOT>/envs/protenix/lib/python3.10/site-packages/runner/inference.py:279] INFO runner.inference: Loading data from
<REMOTE_PROJECT_ROOT>/results/posebench_702_predictions/protenix_gpu/dockgen/6a71_1_9UX_0/full_base_c1_s20_n1/inputs/6a71_1_9UX_0.json
2026-06-11 19:38:27,083 [<REMOTE_PROJECT_ROOT>/envs/protenix/lib/python3.10/site-packages/protenix/data/infer_data_pipeline.py:246] INFO protenix.data.infer_data_pipeline: Featurizing 6a71_1_9UX_0...
2026-06-11 19:38:33,338 [<REMOTE_PROJECT_ROOT>/envs/protenix/lib/python3.10/site-packages/runner/inference.py:298] INFO runner.inference: Conformer generation failed for input SMILES: [OH][Mo@]12[S][Mo@@]1([OH])[S]2:
Traceback (most recent call last):
  File ""<REMOTE_PROJECT_ROOT>/envs/protenix/lib/python3.10/site-packages/protenix/data/infer_data_pipeline.py"", line 248, in __getitem__
    data, atom_array, _ = self.process_one(
  File ""<REMOTE_PROJECT_ROOT>/envs/protenix/lib/python3.10/site-packages/protenix/data/infer_data_pipeline.py"", line 128, in process_one
    sample2feat = SampleDictToFeatures(
  File ""<REMOTE_PROJECT_ROOT>/envs/protenix/lib/python3.10/site-packages/protenix/data/json_to_feature.py"", line 35, in __init__
    self.input_dict = add_entity_atom_array(single_sample_dict)
  File ""<REMOTE_PROJECT_ROOT>/envs/protenix/lib/python3.10/site-packages/protenix/data/json_parser.py"", line 611, in add_entity_atom_array
    atom_info = build_ligand(entity_info)
  File ""<REMOTE_PROJECT_ROOT>/envs/protenix/lib/python3.10/site-packages/protenix/data/json_parser.py"", line 584, in build_ligand
    atom_info = smiles_to_atom_info(ligand_str)
  File ""<REMOTE_PROJECT_ROOT>/envs/protenix/lib/python3.10/site-packages/protenix/data/json_parser.py"", line 520, in smiles_to_atom_info
    assert ret_code == 0, f""Conformer generation failed for input SMILES: {smiles}""
AssertionError: Conformer generation failed for input SMILES: [OH][Mo@]12[S][Mo@@]1([OH])[S]2


100%|██████████| 1/1 [00:07<00:00,  7.25s/it]
100%|██████████| 1/1 [00:07<00:00,  7.25s/it]
","Try to find the ccd cache data in the code directory for inference.
[2026-06-11 19:36:51,266] [INFO] [real_accelerator.py:219:get_accelerator] Setting ds_accelerator to cuda (auto detect)
train scheduler 16.0
inference scheduler 16.0
Diffusion Module has 16.0
",,,no_prediction_cif
,dockgen,5,results/posebench_702_predictions/protenix_gpu/dockgen/6a72_1_9UX_0/full_base_c1_s20_n1/inputs/6a72_1_9UX_0.json,external/PoseBench/data/dockgen_set/6a72_1_9UX_0/6a72_1_9UX_0_ligand.pdb,6.0,[OH][Mo@]12[S][Mo@@]1([OH])[S]2,,,protenix_base_default_v0.5.0,6a72_1_9UX_0,2.0,,results/posebench_702_predictions/protenix_gpu/dockgen/6a72_1_9UX_0/full_base_c1_s20_n1,,,,,,A:71;B:72,external/PoseBench/data/dockgen_set/6a72_1_9UX_0/6a72_1_9UX_0_protein_processed.pdb,,,,,,0.0,69.776,failed_no_prediction_cif,full_base_c1_s20_n1,,,,,results/posebench_702_predictions/protenix_gpu/dockgen/6a72_1_9UX_0/full_base_c1_s20_n1/run_status.json,"2026-06-11 19:38:52,879 [<REMOTE_PROJECT_ROOT>/envs/protenix/lib/python3.10/site-packages/runner/batch_inference.py:296] INFO runner.batch_inference: run infer with input=<REMOTE_PROJECT_ROOT>/results/posebench_702_predictions/protenix_gpu/dockgen/6a72_1_9UX_0/full_base_c1_s20_n1/inputs/6a72_1_9UX_0.json, out_dir=<REMOTE_PROJECT_ROOT>/results/posebench_702_predictions/protenix_gpu/dockgen/6a72_1_9UX_0/full_base_c1_s20_n1/output, sample=1
2026-06-11 19:38:52,879 [<REMOTE_PROJECT_ROOT>/envs/protenix/lib/python3.10/site-packages/runner/batch_inference.py:321] INFO runner.batch_inference: Using the default params for inference for model protenix_base_default_v0.5.0: cycle=1, step=20, use_msa=False
2026-06-11 19:38:52,879 [<REMOTE_PROJECT_ROOT>/envs/protenix/lib/python3.10/site-packages/runner/batch_inference.py:229] INFO runner.batch_inference: will infer with 1 jsons
2026-06-11 19:38:52,887 [<REMOTE_PROJECT_ROOT>/envs/protenix/lib/python3.10/site-packages/runner/batch_inference.py:182] INFO runner.batch_inference: Inference by Protenix: model_size: base, with_feature: default, model_version: v0.5.0
2026-06-11 19:38:52,887 [<REMOTE_PROJECT_ROOT>/envs/protenix/lib/python3.10/site-packages/runner/inference.py:163] INFO runner.inference: Distributed environment: world size: 1, global rank: 0, local rank: 0
2026-06-11 19:38:52,887 [<REMOTE_PROJECT_ROOT>/envs/protenix/lib/python3.10/site-packages/runner/inference.py:67] INFO root: LOCAL_RANK: 0 - CUDA_VISIBLE_DEVICES: [5]
2026-06-11 19:38:52,887 [<REMOTE_PROJECT_ROOT>/envs/protenix/lib/python3.10/site-packages/runner/inference.py:91] INFO root: Finished init ENV.
2026-06-11 19:39:47,451 [<REMOTE_PROJECT_ROOT>/envs/protenix/lib/python3.10/site-packages/runner/inference.py:163] INFO runner.inference: Loading from <REMOTE_PROJECT_ROOT>/envs/protenix/lib/python3.10/site-packages/./release_data/checkpoint//protenix_base_default_v0.5.0.pt, strict: True
2026-06-11 19:39:48,359 [<REMOTE_PROJECT_ROOT>/envs/protenix/lib/python3.10/site-packages/runner/inference.py:163] INFO runner.inference: Sampled key: module.input_embedder.atom_attention_encoder.linear_no_bias_ref_pos.weight
2026-06-11 19:39:48,455 [<REMOTE_PROJECT_ROOT>/envs/protenix/lib/python3.10/site-packages/runner/inference.py:163] INFO runner.inference: Finish loading checkpoint.

  0%|          | 0/1 [00:00<?, ?it/s]2026-06-11 19:39:48,462 [<REMOTE_PROJECT_ROOT>/envs/protenix/lib/python3.10/site-packages/runner/msa_search.py:109] WARNING runner.msa_search: the inference json file <REMOTE_PROJECT_ROOT>/results/posebench_702_predictions/protenix_gpu/dockgen/6a72_1_9UX_0/full_base_c1_s20_n1/inputs/6a72_1_9UX_0.json 
do not contain msa and will not be updated,
and you set not using msa, in this mode, 
if you do not use esm feature, model performance might degrade significantly
2026-06-11 19:39:48,462 [<REMOTE_PROJECT_ROOT>/envs/protenix/lib/python3.10/site-packages/runner/inference.py:279] INFO runner.inference: Loading data from
<REMOTE_PROJECT_ROOT>/results/posebench_702_predictions/protenix_gpu/dockgen/6a72_1_9UX_0/full_base_c1_s20_n1/inputs/6a72_1_9UX_0.json
2026-06-11 19:39:49,258 [<REMOTE_PROJECT_ROOT>/envs/protenix/lib/python3.10/site-packages/protenix/data/infer_data_pipeline.py:246] INFO protenix.data.infer_data_pipeline: Featurizing 6a72_1_9UX_0...
2026-06-11 19:39:57,613 [<REMOTE_PROJECT_ROOT>/envs/protenix/lib/python3.10/site-packages/runner/inference.py:298] INFO runner.inference: Conformer generation failed for input SMILES: [OH][Mo@]12[S][Mo@@]1([OH])[S]2:
Traceback (most recent call last):
  File ""<REMOTE_PROJECT_ROOT>/envs/protenix/lib/python3.10/site-packages/protenix/data/infer_data_pipeline.py"", line 248, in __getitem__
    data, atom_array, _ = self.process_one(
  File ""<REMOTE_PROJECT_ROOT>/envs/protenix/lib/python3.10/site-packages/protenix/data/infer_data_pipeline.py"", line 128, in process_one
    sample2feat = SampleDictToFeatures(
  File ""<REMOTE_PROJECT_ROOT>/envs/protenix/lib/python3.10/site-packages/protenix/data/json_to_feature.py"", line 35, in __init__
    self.input_dict = add_entity_atom_array(single_sample_dict)
  File ""<REMOTE_PROJECT_ROOT>/envs/protenix/lib/python3.10/site-packages/protenix/data/json_parser.py"", line 611, in add_entity_atom_array
    atom_info = build_ligand(entity_info)
  File ""<REMOTE_PROJECT_ROOT>/envs/protenix/lib/python3.10/site-packages/protenix/data/json_parser.py"", line 584, in build_ligand
    atom_info = smiles_to_atom_info(ligand_str)
  File ""<REMOTE_PROJECT_ROOT>/envs/protenix/lib/python3.10/site-packages/protenix/data/json_parser.py"", line 520, in smiles_to_atom_info
    assert ret_code == 0, f""Conformer generation failed for input SMILES: {smiles}""
AssertionError: Conformer generation failed for input SMILES: [OH][Mo@]12[S][Mo@@]1([OH])[S]2


100%|██████████| 1/1 [00:09<00:00,  9.42s/it]
100%|██████████| 1/1 [00:09<00:00,  9.42s/it]
","Try to find the ccd cache data in the code directory for inference.
[2026-06-11 19:38:51,417] [INFO] [real_accelerator.py:219:get_accelerator] Setting ds_accelerator to cuda (auto detect)
train scheduler 16.0
inference scheduler 16.0
Diffusion Module has 16.0
",,,no_prediction_cif
results/posebench_702_predictions/protenix_gpu/dockgen/6b1b_1_TMO_15/full_base_c1_s20_n1/output/6b1b_1_TMO_15/seed_101/predictions/6b1b_1_TMO_15_seed_101_summary_confidence_sample_0.json,dockgen,4,results/posebench_702_predictions/protenix_gpu/dockgen/6b1b_1_TMO_15/full_base_c1_s20_n1/inputs/6b1b_1_TMO_15.json,external/PoseBench/data/dockgen_set/6b1b_1_TMO_15/6b1b_1_TMO_15_ligand.pdb,5.0,C[N+](C)(C)O,510.0,A:510,protenix_base_default_v0.5.0,6b1b_1_TMO_15,1.0,5.0,results/posebench_702_predictions/protenix_gpu/dockgen/6b1b_1_TMO_15/full_base_c1_s20_n1,9.398204489185156,10.0,26.0,5.0,results/posebench_702_predictions/protenix_gpu/dockgen/6b1b_1_TMO_15/full_base_c1_s20_n1/output/6b1b_1_TMO_15/seed_101/predictions/6b1b_1_TMO_15_seed_101_sample_0.cif,A:510,external/PoseBench/data/dockgen_set/6b1b_1_TMO_15/6b1b_1_TMO_15_protein_processed.pdb,0.2335941344499588,32.85820770263672,0.22073246538639069,0.23102180659770966,23.97473851201101,0.0,76.076,ok,full_base_c1_s20_n1,20.34165483527783,False,15.042217711408583,False,results/posebench_702_predictions/protenix_gpu/dockgen/6b1b_1_TMO_15/full_base_c1_s20_n1/run_status.json,,,,,ok
results/posebench_702_predictions/protenix_gpu/dockgen/6ea9_1_9BG_0/full_base_c1_s20_n1/output/6ea9_1_9BG_0/seed_101/predictions/6ea9_1_9BG_0_seed_101_summary_confidence_sample_0.json,dockgen,6,results/posebench_702_predictions/protenix_gpu/dockgen/6ea9_1_9BG_0/full_base_c1_s20_n1/inputs/6ea9_1_9BG_0.json,external/PoseBench/data/dockgen_set/6ea9_1_9BG_0/6ea9_1_9BG_0_ligand.pdb,46.0,NC1NC(O)C2NCN([C@@H]3O[C@H](CO)[C@@H](O)[C@H]3O[PH]([O-])(O)OC[C@H]3O[C@@H](N4CNC5C(N)NCNC54)[C@H](O)[C@@H]3O[PH]([O-])([O-])O)C2N1,390.0,"A:195,B:195",protenix_base_default_v0.5.0,6ea9_1_9BG_0,2.0,46.0,results/posebench_702_predictions/protenix_gpu/dockgen/6ea9_1_9BG_0/full_base_c1_s20_n1,14.259843546725232,10.0,92.0,46.0,results/posebench_702_predictions/protenix_gpu/dockgen/6ea9_1_9BG_0/full_base_c1_s20_n1/output/6ea9_1_9BG_0/seed_101/predictions/6ea9_1_9BG_0_seed_101_sample_0.cif,A:195;B:195,external/PoseBench/data/dockgen_set/6ea9_1_9BG_0/6ea9_1_9BG_0_protein_processed.pdb,0.14367583394050598,37.33744430541992,0.2519793212413788,0.16533653438091278,18.721890240563397,0.0,73.355,ok,full_base_c1_s20_n1,7.6193075749483254,False,14.041394577501652,False,results/posebench_702_predictions/protenix_gpu/dockgen/6ea9_1_9BG_0/full_base_c1_s20_n1/run_status.json,,,,,ok
results/posebench_702_predictions/protenix_gpu/dockgen/6ep5_1_ADP_1/full_base_c1_s20_n1/output/6ep5_1_ADP_1/seed_101/predictions/6ep5_1_ADP_1_seed_101_summary_confidence_sample_0.json,dockgen,4,results/posebench_702_predictions/protenix_gpu/dockgen/6ep5_1_ADP_1/full_base_c1_s20_n1/inputs/6ep5_1_ADP_1.json,external/PoseBench/data/dockgen_set/6ep5_1_ADP_1/6ep5_1_ADP_1_ligand.pdb,27.0,NC1NCNC2C1NCN2[C@@H]1O[C@H](CO[PH](O)(O)O[PH](O)(O)O)[C@@H](O)[C@H]1O,202.0,A:202,protenix_base_default_v0.5.0,6ep5_1_ADP_1,2.0,27.0,results/posebench_702_predictions/protenix_gpu/dockgen/6ep5_1_ADP_1/full_base_c1_s20_n1,14.749220823360583,10.0,67.0,27.0,results/posebench_702_predictions/protenix_gpu/dockgen/6ep5_1_ADP_1/full_base_c1_s20_n1/output/6ep5_1_ADP_1/seed_101/predictions/6ep5_1_ADP_1_seed_101_sample_0.cif,A:202;D:202,external/PoseBench/data/dockgen_set/6ep5_1_ADP_1/6ep5_1_ADP_1_protein_processed.pdb,0.1078173965215683,36.54871368408203,0.19847722351551056,0.12594936788082123,16.243530055366495,0.0,85.904,ok,full_base_c1_s20_n1,10.495600430548299,False,7.535148217788643,False,results/posebench_702_predictions/protenix_gpu/dockgen/6ep5_1_ADP_1/full_base_c1_s20_n1/run_status.json,,,,,ok
results/posebench_702_predictions/protenix_gpu/dockgen/6etf_1_AMP_0/full_base_c1_s20_n1/output/6etf_1_AMP_0/seed_101/predictions/6etf_1_AMP_0_seed_101_summary_confidence_sample_0.json,dockgen,6,results/posebench_702_predictions/protenix_gpu/dockgen/6etf_1_AMP_0/full_base_c1_s20_n1/inputs/6etf_1_AMP_0.json,external/PoseBench/data/dockgen_set/6etf_1_AMP_0/6etf_1_AMP_0_ligand.pdb,23.0,NC1NCNC2[C@H]1NCN2[C@@H]1O[C@H](CO[PH](O)(O)O)[C@@H](O)[C@H]1O,422.0,A:422,protenix_base_default_v0.5.0,6etf_1_AMP_0,1.0,23.0,results/posebench_702_predictions/protenix_gpu/dockgen/6etf_1_AMP_0/full_base_c1_s20_n1,9.269996268366661,10.0,62.0,23.0,results/posebench_702_predictions/protenix_gpu/dockgen/6etf_1_AMP_0/full_base_c1_s20_n1/output/6etf_1_AMP_0/seed_101/predictions/6etf_1_AMP_0_seed_101_sample_0.cif,A:422,external/PoseBench/data/dockgen_set/6etf_1_AMP_0/6etf_1_AMP_0_protein_processed.pdb,0.2593364417552948,32.35552215576172,0.23429082334041595,0.25432732701301575,25.360099527249794,0.0,83.212,ok,full_base_c1_s20_n1,7.475296588552284,False,30.171404579521415,False,results/posebench_702_predictions/protenix_gpu/dockgen/6etf_1_AMP_0/full_base_c1_s20_n1/run_status.json,,,,,ok
results/posebench_702_predictions/protenix_gpu/dockgen/6fgc_1_ADP_1/full_base_c1_s20_n1/output/6fgc_1_ADP_1/seed_101/predictions/6fgc_1_ADP_1_seed_101_summary_confidence_sample_0.json,dockgen,4,results/posebench_702_predictions/protenix_gpu/dockgen/6fgc_1_ADP_1/full_base_c1_s20_n1/inputs/6fgc_1_ADP_1.json,external/PoseBench/data/dockgen_set/6fgc_1_ADP_1/6fgc_1_ADP_1_ligand.pdb,27.0,NC1NCNC2C1NCN2[C@@H]1O[C@H](CO[PH](O)(O)O[PH](O)(O)O)[C@@H](O)[C@H]1O,412.0,A:412,protenix_base_default_v0.5.0,6fgc_1_ADP_1,1.0,27.0,results/posebench_702_predictions/protenix_gpu/dockgen/6fgc_1_ADP_1/full_base_c1_s20_n1,12.454076794233398,10.0,29.0,27.0,results/posebench_702_predictions/protenix_gpu/dockgen/6fgc_1_ADP_1/full_base_c1_s20_n1/output/6fgc_1_ADP_1/seed_101/predictions/6fgc_1_ADP_1_seed_101_sample_0.cif,A:412,external/PoseBench/data/dockgen_set/6fgc_1_ADP_1/6fgc_1_ADP_1_protein_processed.pdb,0.16058380901813507,32.22176742553711,0.21534737944602966,0.17153653502464294,27.155941794190024,0.0,79.509,ok,full_base_c1_s20_n1,17.83893694897996,False,34.148713688651455,False,results/posebench_702_predictions/protenix_gpu/dockgen/6fgc_1_ADP_1/full_base_c1_s20_n1/run_status.json,,,,,ok
results/posebench_702_predictions/protenix_gpu/dockgen/6fgc_1_D95_1/full_base_c1_s20_n1/output/6fgc_1_D95_1/seed_101/predictions/6fgc_1_D95_1_seed_101_summary_confidence_sample_0.json,dockgen,6,results/posebench_702_predictions/protenix_gpu/dockgen/6fgc_1_D95_1/full_base_c1_s20_n1/inputs/6fgc_1_D95_1.json,external/PoseBench/data/dockgen_set/6fgc_1_D95_1/6fgc_1_D95_1_ligand.pdb,27.0,C[C@H]1[C@H](OC(O)CCC(O)O)O[C@@H]2O[C@@]3(C)CC[C@H]4[C@H](C)CC[C@@H]1[C@@]24OO3,412.0,A:412,protenix_base_default_v0.5.0,6fgc_1_D95_1,1.0,27.0,results/posebench_702_predictions/protenix_gpu/dockgen/6fgc_1_D95_1/full_base_c1_s20_n1,0.8668716979795422,10.0,4.0,27.0,results/posebench_702_predictions/protenix_gpu/dockgen/6fgc_1_D95_1/full_base_c1_s20_n1/output/6fgc_1_D95_1/seed_101/predictions/6fgc_1_D95_1_seed_101_sample_0.cif,A:412,external/PoseBench/data/dockgen_set/6fgc_1_D95_1/6fgc_1_D95_1_protein_processed.pdb,0.4417591691017151,32.811832427978516,0.237130805850029,0.40083351731300354,27.693630601096654,0.0,75.296,ok,full_base_c1_s20_n1,9.36250281134398,False,32.5063125080722,False,results/posebench_702_predictions/protenix_gpu/dockgen/6fgc_1_D95_1/full_base_c1_s20_n1/run_status.json,,,,,ok
results/posebench_702_predictions/protenix_gpu/dockgen/6gbf_1_AMP_0/full_base_c1_s20_n1/output/6gbf_1_AMP_0/seed_101/predictions/6gbf_1_AMP_0_seed_101_summary_confidence_sample_0.json,dockgen,4,results/posebench_702_predictions/protenix_gpu/dockgen/6gbf_1_AMP_0/full_base_c1_s20_n1/inputs/6gbf_1_AMP_0.json,external/PoseBench/data/dockgen_set/6gbf_1_AMP_0/6gbf_1_AMP_0_ligand.pdb,23.0,NC1NCNC2C1NCN2[C@@H]1O[C@H](CO[PH](O)(O)O)[C@@H](O)[C@H]1O,417.0,A:417,protenix_base_default_v0.5.0,6gbf_1_AMP_0,1.0,23.0,results/posebench_702_predictions/protenix_gpu/dockgen/6gbf_1_AMP_0/full_base_c1_s20_n1,11.352005382896301,10.0,62.0,23.0,results/posebench_702_predictions/protenix_gpu/dockgen/6gbf_1_AMP_0/full_base_c1_s20_n1/output/6gbf_1_AMP_0/seed_101/predictions/6gbf_1_AMP_0_seed_101_sample_0.cif,A:417,external/PoseBench/data/dockgen_set/6gbf_1_AMP_0/6gbf_1_AMP_0_protein_processed.pdb,0.23839519917964935,34.31890106201172,0.22430720925331116,0.23557761311531067,26.66008362071926,0.0,79.515,ok,full_base_c1_s20_n1,6.690261151357171,False,29.93928995445476,False,results/posebench_702_predictions/protenix_gpu/dockgen/6gbf_1_AMP_0/full_base_c1_s20_n1/run_status.json,,,,,ok
results/posebench_702_predictions/protenix_gpu/dockgen/6jls_1_FMN_6/full_base_c1_s20_n1/output/6jls_1_FMN_6/seed_101/predictions/6jls_1_FMN_6_seed_101_summary_confidence_sample_0.json,dockgen,6,results/posebench_702_predictions/protenix_gpu/dockgen/6jls_1_FMN_6/full_base_c1_s20_n1/inputs/6jls_1_FMN_6.json,external/PoseBench/data/dockgen_set/6jls_1_FMN_6/6jls_1_FMN_6_ligand.pdb,31.0,CC1CC2NC3C(O)NC(O)NC3N(C[C@H](O)[C@H](O)[C@H](O)CO[PH](O)(O)O)C2CC1C,162.0,A:162,protenix_base_default_v0.5.0,6jls_1_FMN_6,1.0,31.0,results/posebench_702_predictions/protenix_gpu/dockgen/6jls_1_FMN_6/full_base_c1_s20_n1,3.3378438404614856,10.0,8.0,31.0,results/posebench_702_predictions/protenix_gpu/dockgen/6jls_1_FMN_6/full_base_c1_s20_n1/output/6jls_1_FMN_6/seed_101/predictions/6jls_1_FMN_6_seed_101_sample_0.cif,A:162,external/PoseBench/data/dockgen_set/6jls_1_FMN_6/6jls_1_FMN_6_protein_processed.pdb,0.2809729278087616,38.25872802734375,0.24498417973518372,0.2737751603126526,13.63405939401712,0.0,78.738,ok,full_base_c1_s20_n1,30.77072708929379,False,27.334040009057876,False,results/posebench_702_predictions/protenix_gpu/dockgen/6jls_1_FMN_6/full_base_c1_s20_n1/run_status.json,,,,,ok
results/posebench_702_predictions/protenix_gpu/dockgen/6n19_2_K8V_0/full_base_c1_s20_n1/output/6n19_2_K8V_0/seed_101/predictions/6n19_2_K8V_0_seed_101_summary_confidence_sample_0.json,dockgen,4,results/posebench_702_predictions/protenix_gpu/dockgen/6n19_2_K8V_0/full_base_c1_s20_n1/inputs/6n19_2_K8V_0.json,external/PoseBench/data/dockgen_set/6n19_2_K8V_0/6n19_2_K8V_0_ligand.pdb,17.0,CCC(O)NC1CCC(C([O-])O)C(C([O-])O)C1,438.0,concat:438,protenix_base_default_v0.5.0,6n19_2_K8V_0,1.0,17.0,results/posebench_702_predictions/protenix_gpu/dockgen/6n19_2_K8V_0/full_base_c1_s20_n1,,10.0,0.0,17.0,results/posebench_702_predictions/protenix_gpu/dockgen/6n19_2_K8V_0/full_base_c1_s20_n1/output/6n19_2_K8V_0/seed_101/predictions/6n19_2_K8V_0_seed_101_sample_0.cif,B:438,external/PoseBench/data/dockgen_set/6n19_2_K8V_0/6n19_2_K8V_0_protein_processed.pdb,0.17262597382068634,29.15033721923828,0.1801961064338684,0.17414000630378723,22.19934297759631,0.0,90.551,ok,full_base_c1_s20_n1,,False,10.010296681021803,False,results/posebench_702_predictions/protenix_gpu/dockgen/6n19_2_K8V_0/full_base_c1_s20_n1/run_status.json,,,,,ok
,dockgen,4,,external/PoseBench/data/dockgen_set/6nco_1_KQP_0/6nco_1_KQP_0_ligand.pdb,,,,,protenix_base_default_v0.5.0,6nco_1_KQP_0,,,results/posebench_702_predictions/protenix_gpu/dockgen/6nco_1_KQP_0/full_base_c1_s20_n1,,,,,,,external/PoseBench/data/dockgen_set/6nco_1_KQP_0/6nco_1_KQP_0_protein_processed.pdb,,,,,,,0.011,exception,full_base_c1_s20_n1,,,,,results/posebench_702_predictions/protenix_gpu/dockgen/6nco_1_KQP_0/full_base_c1_s20_n1/run_status.json,,,"Explicit valence for atom # 18 C, 5, is greater than permitted",AtomValenceException,input_preparation
results/posebench_702_predictions/protenix_gpu/dockgen/6npp_1_KWG_0/full_base_c1_s20_n1/output/6npp_1_KWG_0/seed_101/predictions/6npp_1_KWG_0_seed_101_summary_confidence_sample_0.json,dockgen,4,results/posebench_702_predictions/protenix_gpu/dockgen/6npp_1_KWG_0/full_base_c1_s20_n1/inputs/6npp_1_KWG_0.json,external/PoseBench/data/dockgen_set/6npp_1_KWG_0/6npp_1_KWG_0_ligand.pdb,22.0,[O-]C(O)C1CCCC(CCC2CCCCC2)C1N1CCCC1,134.0,concat:134,protenix_base_default_v0.5.0,6npp_1_KWG_0,1.0,22.0,results/posebench_702_predictions/protenix_gpu/dockgen/6npp_1_KWG_0/full_base_c1_s20_n1,,10.0,0.0,22.0,results/posebench_702_predictions/protenix_gpu/dockgen/6npp_1_KWG_0/full_base_c1_s20_n1/output/6npp_1_KWG_0/seed_101/predictions/6npp_1_KWG_0_seed_101_sample_0.cif,B:134,external/PoseBench/data/dockgen_set/6npp_1_KWG_0/6npp_1_KWG_0_protein_processed.pdb,0.14911456406116486,38.487327575683594,0.2466861605644226,0.16862888634204865,15.499765231743199,0.0,71.945,ok,full_base_c1_s20_n1,,False,9.544249260780427,False,results/posebench_702_predictions/protenix_gpu/dockgen/6npp_1_KWG_0/full_base_c1_s20_n1/run_status.json,,,,,ok
results/posebench_702_predictions/protenix_gpu/dockgen/6o6y_1_ACK_0/full_base_c1_s20_n1/output/6o6y_1_ACK_0/seed_101/predictions/6o6y_1_ACK_0_seed_101_summary_confidence_sample_0.json,dockgen,6,results/posebench_702_predictions/protenix_gpu/dockgen/6o6y_1_ACK_0/full_base_c1_s20_n1/inputs/6o6y_1_ACK_0.json,external/PoseBench/data/dockgen_set/6o6y_1_ACK_0/6o6y_1_ACK_0_ligand.pdb,22.0,NC1NCNC2C1NCN2[C@@H]1O[C@H](CO)[C@H]2O[PH]([O-])(O)O[C@H]21,865.0,"A:433,B:432",protenix_base_default_v0.5.0,6o6y_1_ACK_0,2.0,22.0,results/posebench_702_predictions/protenix_gpu/dockgen/6o6y_1_ACK_0/full_base_c1_s20_n1,16.381056006506657,10.0,57.0,22.0,results/posebench_702_predictions/protenix_gpu/dockgen/6o6y_1_ACK_0/full_base_c1_s20_n1/output/6o6y_1_ACK_0/seed_101/predictions/6o6y_1_ACK_0_seed_101_sample_0.cif,A:433;B:432,external/PoseBench/data/dockgen_set/6o6y_1_ACK_0/6o6y_1_ACK_0_protein_processed.pdb,0.14507029950618744,33.284603118896484,0.22931694984436035,0.16191962361335754,31.770682281573915,0.0,90.927,ok,full_base_c1_s20_n1,19.264891204438083,False,32.64459515464101,False,results/posebench_702_predictions/protenix_gpu/dockgen/6o6y_1_ACK_0/full_base_c1_s20_n1/run_status.json,,,,,ok
results/posebench_702_predictions/protenix_gpu/dockgen/6o70_1_ACK_1/full_base_c1_s20_n1/output/6o70_1_ACK_1/seed_101/predictions/6o70_1_ACK_1_seed_101_summary_confidence_sample_0.json,dockgen,4,results/posebench_702_predictions/protenix_gpu/dockgen/6o70_1_ACK_1/full_base_c1_s20_n1/inputs/6o70_1_ACK_1.json,external/PoseBench/data/dockgen_set/6o70_1_ACK_1/6o70_1_ACK_1_ligand.pdb,22.0,NC1NCNC2C1NCN2[C@@H]1O[C@H](CO)[C@H]2O[PH]([O-])(O)O[C@H]21,865.0,"A:433,B:432",protenix_base_default_v0.5.0,6o70_1_ACK_1,2.0,22.0,results/posebench_702_predictions/protenix_gpu/dockgen/6o70_1_ACK_1/full_base_c1_s20_n1,18.276740416309536,10.0,56.0,22.0,results/posebench_702_predictions/protenix_gpu/dockgen/6o70_1_ACK_1/full_base_c1_s20_n1/output/6o70_1_ACK_1/seed_101/predictions/6o70_1_ACK_1_seed_101_sample_0.cif,A:433;B:432,external/PoseBench/data/dockgen_set/6o70_1_ACK_1/6o70_1_ACK_1_protein_processed.pdb,0.1454552561044693,33.484031677246094,0.23049134016036987,0.16246247291564941,31.61885344424485,0.0,93.974,ok,full_base_c1_s20_n1,18.00388991979301,False,34.193943839341756,False,results/posebench_702_predictions/protenix_gpu/dockgen/6o70_1_ACK_1/full_base_c1_s20_n1/run_status.json,,,,,ok
results/posebench_702_predictions/protenix_gpu/dockgen/6pa2_1_ASP_2/full_base_c1_s20_n1/output/6pa2_1_ASP_2/seed_101/predictions/6pa2_1_ASP_2_seed_101_summary_confidence_sample_0.json,dockgen,6,results/posebench_702_predictions/protenix_gpu/dockgen/6pa2_1_ASP_2/full_base_c1_s20_n1/inputs/6pa2_1_ASP_2.json,external/PoseBench/data/dockgen_set/6pa2_1_ASP_2/6pa2_1_ASP_2_ligand.pdb,9.0,N[C@@H](CC(O)O)C(O)O,312.0,B:312,protenix_base_default_v0.5.0,6pa2_1_ASP_2,2.0,9.0,results/posebench_702_predictions/protenix_gpu/dockgen/6pa2_1_ASP_2/full_base_c1_s20_n1,8.447937022305517,10.0,14.0,9.0,results/posebench_702_predictions/protenix_gpu/dockgen/6pa2_1_ASP_2/full_base_c1_s20_n1/output/6pa2_1_ASP_2/seed_101/predictions/6pa2_1_ASP_2_seed_101_sample_0.cif,B:327;D:312,external/PoseBench/data/dockgen_set/6pa2_1_ASP_2/6pa2_1_ASP_2_protein_processed.pdb,0.1238325983285904,34.41288375854492,0.2259630560874939,0.14425869286060333,18.81673604883875,0.0,88.138,ok,full_base_c1_s20_n1,38.2037208169624,False,44.85730260627762,False,results/posebench_702_predictions/protenix_gpu/dockgen/6pa2_1_ASP_2/full_base_c1_s20_n1/run_status.json,,,,,ok
results/posebench_702_predictions/protenix_gpu/dockgen/6pa6_2_ASN_0/full_base_c1_s20_n1/output/6pa6_2_ASN_0/seed_101/predictions/6pa6_2_ASN_0_seed_101_summary_confidence_sample_0.json,dockgen,4,results/posebench_702_predictions/protenix_gpu/dockgen/6pa6_2_ASN_0/full_base_c1_s20_n1/inputs/6pa6_2_ASN_0.json,external/PoseBench/data/dockgen_set/6pa6_2_ASN_0/6pa6_2_ASN_0_ligand.pdb,9.0,NC(O)C[C@H](N)C(O)O,640.0,concat:640,protenix_base_default_v0.5.0,6pa6_2_ASN_0,2.0,9.0,results/posebench_702_predictions/protenix_gpu/dockgen/6pa6_2_ASN_0/full_base_c1_s20_n1,,10.0,0.0,9.0,results/posebench_702_predictions/protenix_gpu/dockgen/6pa6_2_ASN_0/full_base_c1_s20_n1/output/6pa6_2_ASN_0/seed_101/predictions/6pa6_2_ASN_0_seed_101_sample_0.cif,C:326;D:314,external/PoseBench/data/dockgen_set/6pa6_2_ASN_0/6pa6_2_ASN_0_protein_processed.pdb,0.1319151222705841,35.25694274902344,0.24521344900131226,0.15457479655742645,24.599475008898747,0.0,89.447,ok,full_base_c1_s20_n1,,False,18.951935675391944,False,results/posebench_702_predictions/protenix_gpu/dockgen/6pa6_2_ASN_0/full_base_c1_s20_n1/run_status.json,,,,,ok
results/posebench_702_predictions/protenix_gpu/dockgen/6paa_1_ASP_2/full_base_c1_s20_n1/output/6paa_1_ASP_2/seed_101/predictions/6paa_1_ASP_2_seed_101_summary_confidence_sample_0.json,dockgen,6,results/posebench_702_predictions/protenix_gpu/dockgen/6paa_1_ASP_2/full_base_c1_s20_n1/inputs/6paa_1_ASP_2.json,external/PoseBench/data/dockgen_set/6paa_1_ASP_2/6paa_1_ASP_2_ligand.pdb,9.0,N[C@@H](CC(O)O)C(O)O,617.0,"A:313,B:304",protenix_base_default_v0.5.0,6paa_1_ASP_2,2.0,9.0,results/posebench_702_predictions/protenix_gpu/dockgen/6paa_1_ASP_2/full_base_c1_s20_n1,12.671398826571773,10.0,58.0,9.0,results/posebench_702_predictions/protenix_gpu/dockgen/6paa_1_ASP_2/full_base_c1_s20_n1/output/6paa_1_ASP_2/seed_101/predictions/6paa_1_ASP_2_seed_101_sample_0.cif,A:313;B:304,external/PoseBench/data/dockgen_set/6paa_1_ASP_2/6paa_1_ASP_2_protein_processed.pdb,0.13079902529716492,32.781227111816406,0.2162642776966095,0.1478920876979828,23.319468032145306,0.0,84.956,ok,full_base_c1_s20_n1,7.322799375137929,False,17.850695283351804,False,results/posebench_702_predictions/protenix_gpu/dockgen/6paa_1_ASP_2/full_base_c1_s20_n1/run_status.json,,,,,ok
results/posebench_702_predictions/protenix_gpu/dockgen/6qkr_1_FAD_0/full_base_c1_s20_n1/output/6qkr_1_FAD_0/seed_101/predictions/6qkr_1_FAD_0_seed_101_summary_confidence_sample_0.json,dockgen,4,results/posebench_702_predictions/protenix_gpu/dockgen/6qkr_1_FAD_0/full_base_c1_s20_n1/inputs/6qkr_1_FAD_0.json,external/PoseBench/data/dockgen_set/6qkr_1_FAD_0/6qkr_1_FAD_0_ligand.pdb,53.0,CC1CC2NC3C(NC(O)N[C@H]3O)N(C[C@H](O)[C@H](O)[C@H](O)CO[PH](O)(O)O[PH](O)(O)OC[C@H]3O[C@@H](N4CNC5C4NCN[C@H]5N)[C@H](O)[C@@H]3O)C2CC1C,660.0,A:660,protenix_base_default_v0.5.0,6qkr_1_FAD_0,1.0,53.0,results/posebench_702_predictions/protenix_gpu/dockgen/6qkr_1_FAD_0/full_base_c1_s20_n1,15.751992396766855,10.0,125.0,53.0,results/posebench_702_predictions/protenix_gpu/dockgen/6qkr_1_FAD_0/full_base_c1_s20_n1/output/6qkr_1_FAD_0/seed_101/predictions/6qkr_1_FAD_0_seed_101_sample_0.cif,A:660,external/PoseBench/data/dockgen_set/6qkr_1_FAD_0/6qkr_1_FAD_0_protein_processed.pdb,0.34562474489212036,38.86531448364258,0.3142307996749878,0.3393459618091583,23.959886005198378,0.0,87.574,ok,full_base_c1_s20_n1,14.482383309216349,False,18.602946624223243,False,results/posebench_702_predictions/protenix_gpu/dockgen/6qkr_1_FAD_0/full_base_c1_s20_n1/run_status.json,,,,,ok
results/posebench_702_predictions/protenix_gpu/dockgen/6rms_1_AMP_1/full_base_c1_s20_n1/output/6rms_1_AMP_1/seed_101/predictions/6rms_1_AMP_1_seed_101_summary_confidence_sample_0.json,dockgen,6,results/posebench_702_predictions/protenix_gpu/dockgen/6rms_1_AMP_1/full_base_c1_s20_n1/inputs/6rms_1_AMP_1.json,external/PoseBench/data/dockgen_set/6rms_1_AMP_1/6rms_1_AMP_1_ligand.pdb,23.0,NC1NCNC2C1NCN2[C@@H]1O[C@H](CO[PH](O)(O)O)[C@@H](O)[C@H]1O,396.0,A:396,protenix_base_default_v0.5.0,6rms_1_AMP_1,1.0,23.0,results/posebench_702_predictions/protenix_gpu/dockgen/6rms_1_AMP_1/full_base_c1_s20_n1,11.430014244307332,10.0,27.0,23.0,results/posebench_702_predictions/protenix_gpu/dockgen/6rms_1_AMP_1/full_base_c1_s20_n1/output/6rms_1_AMP_1/seed_101/predictions/6rms_1_AMP_1_seed_101_sample_0.cif,A:396,external/PoseBench/data/dockgen_set/6rms_1_AMP_1/6rms_1_AMP_1_protein_processed.pdb,0.185654416680336,31.863155364990234,0.19312003254890442,0.18714754283428192,26.7740396870624,0.0,82.313,ok,full_base_c1_s20_n1,13.766601165886762,False,26.158965872188094,False,results/posebench_702_predictions/protenix_gpu/dockgen/6rms_1_AMP_1/full_base_c1_s20_n1/run_status.json,,,,,ok
results/posebench_702_predictions/protenix_gpu/dockgen/6ryz_1_SAM_2/full_base_c1_s20_n1/output/6ryz_1_SAM_2/seed_101/predictions/6ryz_1_SAM_2_seed_101_summary_confidence_sample_0.json,dockgen,4,results/posebench_702_predictions/protenix_gpu/dockgen/6ryz_1_SAM_2/full_base_c1_s20_n1/inputs/6ryz_1_SAM_2.json,external/PoseBench/data/dockgen_set/6ryz_1_SAM_2/6ryz_1_SAM_2_ligand.pdb,27.0,C[S@@H](CC[C@H](N)C(O)O)C[C@H]1O[C@@H](N2CNC3C2NCN[C@@H]3N)[C@H](O)[C@@H]1O,267.0,A:267,protenix_base_default_v0.5.0,6ryz_1_SAM_2,2.0,27.0,results/posebench_702_predictions/protenix_gpu/dockgen/6ryz_1_SAM_2/full_base_c1_s20_n1,9.745766617378631,10.0,44.0,27.0,results/posebench_702_predictions/protenix_gpu/dockgen/6ryz_1_SAM_2/full_base_c1_s20_n1/output/6ryz_1_SAM_2/seed_101/predictions/6ryz_1_SAM_2_seed_101_sample_0.cif,A:267;C:266,external/PoseBench/data/dockgen_set/6ryz_1_SAM_2/6ryz_1_SAM_2_protein_processed.pdb,0.14503183960914612,29.95214080810547,0.20489896833896637,0.15700526535511017,21.875886705648497,0.0,86.242,ok,full_base_c1_s20_n1,15.116436573190894,False,28.729780976476647,False,results/posebench_702_predictions/protenix_gpu/dockgen/6ryz_1_SAM_2/full_base_c1_s20_n1/run_status.json,,,,,ok
results/posebench_702_predictions/protenix_gpu/dockgen/6rz2_1_5CD_2/full_base_c1_s20_n1/output/6rz2_1_5CD_2/seed_101/predictions/6rz2_1_5CD_2_seed_101_summary_confidence_sample_0.json,dockgen,6,results/posebench_702_predictions/protenix_gpu/dockgen/6rz2_1_5CD_2/full_base_c1_s20_n1/inputs/6rz2_1_5CD_2.json,external/PoseBench/data/dockgen_set/6rz2_1_5CD_2/6rz2_1_5CD_2_ligand.pdb,19.0,NC1NCNC2[C@H]1NCN2[C@@H]1O[C@H](CCl)[C@@H](O)[C@H]1O,268.0,A:268,protenix_base_default_v0.5.0,6rz2_1_5CD_2,2.0,19.0,results/posebench_702_predictions/protenix_gpu/dockgen/6rz2_1_5CD_2/full_base_c1_s20_n1,11.143049774450075,10.0,43.0,19.0,results/posebench_702_predictions/protenix_gpu/dockgen/6rz2_1_5CD_2/full_base_c1_s20_n1/output/6rz2_1_5CD_2/seed_101/predictions/6rz2_1_5CD_2_seed_101_sample_0.cif,A:268;C:268,external/PoseBench/data/dockgen_set/6rz2_1_5CD_2/6rz2_1_5CD_2_protein_processed.pdb,0.1253049373626709,30.433544158935547,0.1996133178472519,0.14016661047935486,21.2057827574503,0.0,72.728,ok,full_base_c1_s20_n1,36.02315035130004,False,38.48470686906493,False,results/posebench_702_predictions/protenix_gpu/dockgen/6rz2_1_5CD_2/full_base_c1_s20_n1/run_status.json,,,,,ok
results/posebench_702_predictions/protenix_gpu/dockgen/6tvg_1_AP2_1/full_base_c1_s20_n1/output/6tvg_1_AP2_1/seed_101/predictions/6tvg_1_AP2_1_seed_101_summary_confidence_sample_0.json,dockgen,4,results/posebench_702_predictions/protenix_gpu/dockgen/6tvg_1_AP2_1/full_base_c1_s20_n1/inputs/6tvg_1_AP2_1.json,external/PoseBench/data/dockgen_set/6tvg_1_AP2_1/6tvg_1_AP2_1_ligand.pdb,27.0,NC1NCNC2C1NCN2[C@@H]1O[C@H](CO[PH](O)(O)C[PH](O)(O)O)[C@@H](O)[C@H]1O,524.0,A:524,protenix_base_default_v0.5.0,6tvg_1_AP2_1,1.0,27.0,results/posebench_702_predictions/protenix_gpu/dockgen/6tvg_1_AP2_1/full_base_c1_s20_n1,14.10120432129908,10.0,51.0,27.0,results/posebench_702_predictions/protenix_gpu/dockgen/6tvg_1_AP2_1/full_base_c1_s20_n1/output/6tvg_1_AP2_1/seed_101/predictions/6tvg_1_AP2_1_seed_101_sample_0.cif,A:524,external/PoseBench/data/dockgen_set/6tvg_1_AP2_1/6tvg_1_AP2_1_protein_processed.pdb,0.2954343855381012,29.566659927368164,0.1818767637014389,0.27272287011146545,22.170567126614507,0.0,74.873,ok,full_base_c1_s20_n1,11.10740900645971,False,21.24960185510675,False,results/posebench_702_predictions/protenix_gpu/dockgen/6tvg_1_AP2_1/full_base_c1_s20_n1/run_status.json,,,,,ok
results/posebench_702_predictions/protenix_gpu/dockgen/6uqy_2_AT3_0/full_base_c1_s20_n1/output/6uqy_2_AT3_0/seed_101/predictions/6uqy_2_AT3_0_seed_101_summary_confidence_sample_0.json,dockgen,6,results/posebench_702_predictions/protenix_gpu/dockgen/6uqy_2_AT3_0/full_base_c1_s20_n1/inputs/6uqy_2_AT3_0.json,external/PoseBench/data/dockgen_set/6uqy_2_AT3_0/6uqy_2_AT3_0_ligand.pdb,10.0,C[C@@H](O)SCC[N+](C)(C)C,287.0,concat:287,protenix_base_default_v0.5.0,6uqy_2_AT3_0,1.0,10.0,results/posebench_702_predictions/protenix_gpu/dockgen/6uqy_2_AT3_0/full_base_c1_s20_n1,,10.0,0.0,10.0,results/posebench_702_predictions/protenix_gpu/dockgen/6uqy_2_AT3_0/full_base_c1_s20_n1/output/6uqy_2_AT3_0/seed_101/predictions/6uqy_2_AT3_0_seed_101_sample_0.cif,B:287,external/PoseBench/data/dockgen_set/6uqy_2_AT3_0/6uqy_2_AT3_0_protein_processed.pdb,0.27938729524612427,32.841033935546875,0.24268828332424164,0.2720474898815155,18.152260347085697,0.0,71.863,ok,full_base_c1_s20_n1,,False,4.246279140700961,False,results/posebench_702_predictions/protenix_gpu/dockgen/6uqy_2_AT3_0/full_base_c1_s20_n1/run_status.json,,,,,ok
results/posebench_702_predictions/protenix_gpu/dockgen/6ur1_2_AT3_0/full_base_c1_s20_n1/output/6ur1_2_AT3_0/seed_101/predictions/6ur1_2_AT3_0_seed_101_summary_confidence_sample_0.json,dockgen,4,results/posebench_702_predictions/protenix_gpu/dockgen/6ur1_2_AT3_0/full_base_c1_s20_n1/inputs/6ur1_2_AT3_0.json,external/PoseBench/data/dockgen_set/6ur1_2_AT3_0/6ur1_2_AT3_0_ligand.pdb,10.0,C[C@@H](O)SCC[N+](C)(C)C,286.0,concat:286,protenix_base_default_v0.5.0,6ur1_2_AT3_0,1.0,10.0,results/posebench_702_predictions/protenix_gpu/dockgen/6ur1_2_AT3_0/full_base_c1_s20_n1,,10.0,0.0,10.0,results/posebench_702_predictions/protenix_gpu/dockgen/6ur1_2_AT3_0/full_base_c1_s20_n1/output/6ur1_2_AT3_0/seed_101/predictions/6ur1_2_AT3_0_seed_101_sample_0.cif,B:286,external/PoseBench/data/dockgen_set/6ur1_2_AT3_0/6ur1_2_AT3_0_protein_processed.pdb,0.28104275465011597,33.717132568359375,0.25143691897392273,0.2751215994358063,18.576561885890005,0.0,76.098,ok,full_base_c1_s20_n1,,False,13.69056115690232,False,results/posebench_702_predictions/protenix_gpu/dockgen/6ur1_2_AT3_0/full_base_c1_s20_n1/run_status.json,,,,,ok
results/posebench_702_predictions/protenix_gpu/dockgen/6v2a_1_ASN_3/full_base_c1_s20_n1/output/6v2a_1_ASN_3/seed_101/predictions/6v2a_1_ASN_3_seed_101_summary_confidence_sample_0.json,dockgen,6,results/posebench_702_predictions/protenix_gpu/dockgen/6v2a_1_ASN_3/full_base_c1_s20_n1/inputs/6v2a_1_ASN_3.json,external/PoseBench/data/dockgen_set/6v2a_1_ASN_3/6v2a_1_ASN_3_ligand.pdb,9.0,NC(O)C[C@H](N)C(O)O,638.0,"A:326,B:312",protenix_base_default_v0.5.0,6v2a_1_ASN_3,2.0,9.0,results/posebench_702_predictions/protenix_gpu/dockgen/6v2a_1_ASN_3/full_base_c1_s20_n1,13.532037558398734,10.0,65.0,9.0,results/posebench_702_predictions/protenix_gpu/dockgen/6v2a_1_ASN_3/full_base_c1_s20_n1/output/6v2a_1_ASN_3/seed_101/predictions/6v2a_1_ASN_3_seed_101_sample_0.cif,A:326;B:312,external/PoseBench/data/dockgen_set/6v2a_1_ASN_3/6v2a_1_ASN_3_protein_processed.pdb,0.13256865739822388,34.72584915161133,0.23862934112548828,0.15378078818321228,21.04491452466412,0.0,79.411,ok,full_base_c1_s20_n1,6.006295344219431,False,13.695894136639684,False,results/posebench_702_predictions/protenix_gpu/dockgen/6v2a_1_ASN_3/full_base_c1_s20_n1/run_status.json,,,,,ok
results/posebench_702_predictions/protenix_gpu/dockgen/6wyz_1_DGL_1/full_base_c1_s20_n1/output/6wyz_1_DGL_1/seed_101/predictions/6wyz_1_DGL_1_seed_101_summary_confidence_sample_0.json,dockgen,4,results/posebench_702_predictions/protenix_gpu/dockgen/6wyz_1_DGL_1/full_base_c1_s20_n1/inputs/6wyz_1_DGL_1.json,external/PoseBench/data/dockgen_set/6wyz_1_DGL_1/6wyz_1_DGL_1_ligand.pdb,10.0,N[C@H](CCC(O)O)C(O)O,626.0,concat:626,protenix_base_default_v0.5.0,6wyz_1_DGL_1,2.0,10.0,results/posebench_702_predictions/protenix_gpu/dockgen/6wyz_1_DGL_1/full_base_c1_s20_n1,,10.0,0.0,10.0,results/posebench_702_predictions/protenix_gpu/dockgen/6wyz_1_DGL_1/full_base_c1_s20_n1/output/6wyz_1_DGL_1/seed_101/predictions/6wyz_1_DGL_1_seed_101_sample_0.cif,C:314;D:312,external/PoseBench/data/dockgen_set/6wyz_1_DGL_1/6wyz_1_DGL_1_protein_processed.pdb,0.1304115206003189,37.37285614013672,0.2662040591239929,0.1575700342655182,18.772482622026576,0.0,78.294,ok,full_base_c1_s20_n1,,False,17.68671352075347,False,results/posebench_702_predictions/protenix_gpu/dockgen/6wyz_1_DGL_1/full_base_c1_s20_n1/run_status.json,,,,,ok
results/posebench_702_predictions/protenix_gpu/dockgen/6xb3_3_9BG_1/full_base_c1_s20_n1/output/6xb3_3_9BG_1/seed_101/predictions/6xb3_3_9BG_1_seed_101_summary_confidence_sample_0.json,dockgen,6,results/posebench_702_predictions/protenix_gpu/dockgen/6xb3_3_9BG_1/full_base_c1_s20_n1/inputs/6xb3_3_9BG_1.json,external/PoseBench/data/dockgen_set/6xb3_3_9BG_1/6xb3_3_9BG_1_ligand.pdb,46.0,NC1NC(O)C2NCN([C@@H]3O[C@H](CO)[C@@H](O)[C@H]3O[PH]([O-])(O)OC[C@H]3O[C@@H](N4CNC5C(N)NCNC54)[C@H](O)[C@@H]3O[PH]([O-])(O)O)C2N1,451.0,concat:451,protenix_base_default_v0.5.0,6xb3_3_9BG_1,2.0,46.0,results/posebench_702_predictions/protenix_gpu/dockgen/6xb3_3_9BG_1/full_base_c1_s20_n1,,10.0,0.0,46.0,results/posebench_702_predictions/protenix_gpu/dockgen/6xb3_3_9BG_1/full_base_c1_s20_n1/output/6xb3_3_9BG_1/seed_101/predictions/6xb3_3_9BG_1_seed_101_sample_0.cif,E:231;F:220,external/PoseBench/data/dockgen_set/6xb3_3_9BG_1/6xb3_3_9BG_1_protein_processed.pdb,0.09852789342403412,28.75600814819336,0.16090211272239685,0.11100274324417114,23.405577054212433,0.0,79.816,ok,full_base_c1_s20_n1,,False,38.072891530409066,False,results/posebench_702_predictions/protenix_gpu/dockgen/6xb3_3_9BG_1/full_base_c1_s20_n1/run_status.json,,,,,ok
results/posebench_702_predictions/protenix_gpu/dockgen/6xug_1_O1Q_0/full_base_c1_s20_n1/output/6xug_1_O1Q_0/seed_101/predictions/6xug_1_O1Q_0_seed_101_summary_confidence_sample_0.json,dockgen,4,results/posebench_702_predictions/protenix_gpu/dockgen/6xug_1_O1Q_0/full_base_c1_s20_n1/inputs/6xug_1_O1Q_0.json,external/PoseBench/data/dockgen_set/6xug_1_O1Q_0/6xug_1_O1Q_0_ligand.pdb,31.0,CC1CCC[C@H](N2NCC[C@H]2C2CC(Cl)C3NNN(C4CC[C@H]5CNNC5C4)C3C2)C1,514.0,concat:514,protenix_base_default_v0.5.0,6xug_1_O1Q_0,1.0,31.0,results/posebench_702_predictions/protenix_gpu/dockgen/6xug_1_O1Q_0/full_base_c1_s20_n1,,10.0,0.0,31.0,results/posebench_702_predictions/protenix_gpu/dockgen/6xug_1_O1Q_0/full_base_c1_s20_n1/output/6xug_1_O1Q_0/seed_101/predictions/6xug_1_O1Q_0_seed_101_sample_0.cif,B:514,external/PoseBench/data/dockgen_set/6xug_1_O1Q_0/6xug_1_O1Q_0_protein_processed.pdb,0.31518450379371643,29.46324348449707,0.18975521624088287,0.2900986671447754,22.179993007897103,0.0,77.275,ok,full_base_c1_s20_n1,,False,10.893578367684489,False,results/posebench_702_predictions/protenix_gpu/dockgen/6xug_1_O1Q_0/full_base_c1_s20_n1/run_status.json,,,,,ok
results/posebench_702_predictions/protenix_gpu/dockgen/6yao_1_OJ2_0/full_base_c1_s20_n1/output/6yao_1_OJ2_0/seed_101/predictions/6yao_1_OJ2_0_seed_101_summary_confidence_sample_0.json,dockgen,6,results/posebench_702_predictions/protenix_gpu/dockgen/6yao_1_OJ2_0/full_base_c1_s20_n1/inputs/6yao_1_OJ2_0.json,external/PoseBench/data/dockgen_set/6yao_1_OJ2_0/6yao_1_OJ2_0_ligand.pdb,24.0,OCC[C@H]1CCCC[C@@H]1NC(O)N[C@H]1CCC[C@@H](OC(F)(F)F)C1,453.0,A:453,protenix_base_default_v0.5.0,6yao_1_OJ2_0,1.0,24.0,results/posebench_702_predictions/protenix_gpu/dockgen/6yao_1_OJ2_0/full_base_c1_s20_n1,15.316331530775527,10.0,77.0,24.0,results/posebench_702_predictions/protenix_gpu/dockgen/6yao_1_OJ2_0/full_base_c1_s20_n1/output/6yao_1_OJ2_0/seed_101/predictions/6yao_1_OJ2_0_seed_101_sample_0.cif,A:453,external/PoseBench/data/dockgen_set/6yao_1_OJ2_0/6yao_1_OJ2_0_protein_processed.pdb,0.2166229486465454,29.732912063598633,0.18513557314872742,0.2103254795074463,22.965512106416703,0.0,80.743,ok,full_base_c1_s20_n1,12.625456726833848,False,15.258522275007552,False,results/posebench_702_predictions/protenix_gpu/dockgen/6yao_1_OJ2_0/full_base_c1_s20_n1/run_status.json,,,,,ok
results/posebench_702_predictions/protenix_gpu/dockgen/6yap_1_OHZ_0/full_base_c1_s20_n1/output/6yap_1_OHZ_0/seed_101/predictions/6yap_1_OHZ_0_seed_101_summary_confidence_sample_0.json,dockgen,4,results/posebench_702_predictions/protenix_gpu/dockgen/6yap_1_OHZ_0/full_base_c1_s20_n1/inputs/6yap_1_OHZ_0.json,external/PoseBench/data/dockgen_set/6yap_1_OHZ_0/6yap_1_OHZ_0_ligand.pdb,25.0,OCC[C@H]1CCCC[C@@H]1NC(O)N[C@H]1CC(Cl)C[C@H](OC(F)(F)F)C1,451.0,A:451,protenix_base_default_v0.5.0,6yap_1_OHZ_0,1.0,25.0,results/posebench_702_predictions/protenix_gpu/dockgen/6yap_1_OHZ_0/full_base_c1_s20_n1,15.423936408575997,10.0,76.0,25.0,results/posebench_702_predictions/protenix_gpu/dockgen/6yap_1_OHZ_0/full_base_c1_s20_n1/output/6yap_1_OHZ_0/seed_101/predictions/6yap_1_OHZ_0_seed_101_sample_0.cif,A:451,external/PoseBench/data/dockgen_set/6yap_1_OHZ_0/6yap_1_OHZ_0_protein_processed.pdb,0.2380973845720291,30.813446044921875,0.19797779619693756,0.2300734668970108,22.282163392579932,0.0,75.761,ok,full_base_c1_s20_n1,12.10051449574747,False,11.896375850260007,False,results/posebench_702_predictions/protenix_gpu/dockgen/6yap_1_OHZ_0/full_base_c1_s20_n1/run_status.json,,,,,ok
results/posebench_702_predictions/protenix_gpu/dockgen/6yaq_1_OHZ_0/full_base_c1_s20_n1/output/6yaq_1_OHZ_0/seed_101/predictions/6yaq_1_OHZ_0_seed_101_summary_confidence_sample_0.json,dockgen,6,results/posebench_702_predictions/protenix_gpu/dockgen/6yaq_1_OHZ_0/full_base_c1_s20_n1/inputs/6yaq_1_OHZ_0.json,external/PoseBench/data/dockgen_set/6yaq_1_OHZ_0/6yaq_1_OHZ_0_ligand.pdb,25.0,OCCC1CCCC[C@H]1N[C@H](O)N[C@H]1C[C@@H](Cl)C[C@@H](OC(F)(F)F)C1,499.0,A:499,protenix_base_default_v0.5.0,6yaq_1_OHZ_0,1.0,25.0,results/posebench_702_predictions/protenix_gpu/dockgen/6yaq_1_OHZ_0/full_base_c1_s20_n1,15.967725813154699,10.0,83.0,25.0,results/posebench_702_predictions/protenix_gpu/dockgen/6yaq_1_OHZ_0/full_base_c1_s20_n1/output/6yaq_1_OHZ_0/seed_101/predictions/6yaq_1_OHZ_0_seed_101_sample_0.cif,A:499,external/PoseBench/data/dockgen_set/6yaq_1_OHZ_0/6yaq_1_OHZ_0_protein_processed.pdb,0.2644559442996979,31.618234634399414,0.21128201484680176,0.25382116436958313,22.50136639945656,0.0,85.825,ok,full_base_c1_s20_n1,7.6905884954285035,False,7.402352733677039,False,results/posebench_702_predictions/protenix_gpu/dockgen/6yaq_1_OHZ_0/full_base_c1_s20_n1/run_status.json,,,,,ok
results/posebench_702_predictions/protenix_gpu/posebusters_benchmark/5S8I_2LY/full_base_c1_s20_n1/output/5S8I_2LY/seed_101/predictions/5S8I_2LY_seed_101_summary_confidence_sample_0.json,posebusters_benchmark,5,results/posebench_702_predictions/protenix_gpu/posebusters_benchmark/5S8I_2LY/full_base_c1_s20_n1/inputs/5S8I_2LY.json,external/PoseBench/data/posebusters_benchmark_set/5S8I_2LY/5S8I_2LY_ligand.sdf,13.0,CNC(=O)c1scc2c1OCCO2,115.0,A:115,protenix_base_default_v0.5.0,5S8I_2LY,1.0,13.0,results/posebench_702_predictions/protenix_gpu/posebusters_benchmark/5S8I_2LY/full_base_c1_s20_n1,9.841165098358175,10.0,42.0,13.0,results/posebench_702_predictions/protenix_gpu/posebusters_benchmark/5S8I_2LY/full_base_c1_s20_n1/output/5S8I_2LY/seed_101/predictions/5S8I_2LY_seed_101_sample_0.cif,A:115,external/PoseBench/data/posebusters_benchmark_set/5S8I_2LY/5S8I_2LY_protein.pdb,0.2108524590730667,47.06724548339844,0.31205224990844727,0.2310924232006073,14.830904175192867,0.0,82.155,ok,full_base_c1_s20_n1,14.039408783823196,False,21.0684720384973,False,results/posebench_702_predictions/protenix_gpu/posebusters_benchmark/5S8I_2LY/full_base_c1_s20_n1/run_status.json,,,,,ok
results/posebench_702_predictions/protenix_gpu/posebusters_benchmark/5SAK_ZRY/full_base_c1_s20_n1/output/5SAK_ZRY/seed_101/predictions/5SAK_ZRY_seed_101_summary_confidence_sample_0.json,posebusters_benchmark,4,results/posebench_702_predictions/protenix_gpu/posebusters_benchmark/5SAK_ZRY/full_base_c1_s20_n1/inputs/5SAK_ZRY.json,external/PoseBench/data/posebusters_benchmark_set/5SAK_ZRY/5SAK_ZRY_ligand.sdf,18.0,N=C1N/C(=N\Nc2ccccc2)c2ccccc21,330.0,A:330,protenix_base_default_v0.5.0,5SAK_ZRY,1.0,18.0,results/posebench_702_predictions/protenix_gpu/posebusters_benchmark/5SAK_ZRY/full_base_c1_s20_n1,13.326596400386288,10.0,63.0,18.0,results/posebench_702_predictions/protenix_gpu/posebusters_benchmark/5SAK_ZRY/full_base_c1_s20_n1/output/5SAK_ZRY/seed_101/predictions/5SAK_ZRY_seed_101_sample_0.cif,A:330,external/PoseBench/data/posebusters_benchmark_set/5SAK_ZRY/5SAK_ZRY_protein.pdb,0.24414600431919098,30.965625762939453,0.18332234025001526,0.2319812774658203,21.674214505739776,0.0,89.301,ok,full_base_c1_s20_n1,8.436834181794055,False,9.011623260192662,False,results/posebench_702_predictions/protenix_gpu/posebusters_benchmark/5SAK_ZRY/full_base_c1_s20_n1/run_status.json,,,,,ok
results/posebench_702_predictions/protenix_gpu/posebusters_benchmark/5SB2_1K2/full_base_c1_s20_n1/output/5SB2_1K2/seed_101/predictions/5SB2_1K2_seed_101_summary_confidence_sample_0.json,posebusters_benchmark,7,results/posebench_702_predictions/protenix_gpu/posebusters_benchmark/5SB2_1K2/full_base_c1_s20_n1/inputs/5SB2_1K2.json,external/PoseBench/data/posebusters_benchmark_set/5SB2_1K2/5SB2_1K2_ligand.sdf,30.0,O=C(N[C@@H]1C[C@H]1c1ccccc1)c1cc(Cl)cc(COc2cnc3[nH]ccc3c2)c1,286.0,A:286,protenix_base_default_v0.5.0,5SB2_1K2,1.0,30.0,results/posebench_702_predictions/protenix_gpu/posebusters_benchmark/5SB2_1K2/full_base_c1_s20_n1,15.19961821187497,10.0,89.0,30.0,results/posebench_702_predictions/protenix_gpu/posebusters_benchmark/5SB2_1K2/full_base_c1_s20_n1/output/5SB2_1K2/seed_101/predictions/5SB2_1K2_seed_101_sample_0.cif,A:286,external/PoseBench/data/posebusters_benchmark_set/5SB2_1K2/5SB2_1K2_protein.pdb,0.2221645712852478,34.80275344848633,0.224756121635437,0.2226828932762146,19.131949567162565,0.0,88.691,ok,full_base_c1_s20_n1,19.115771777384275,False,20.709804851312796,False,results/posebench_702_predictions/protenix_gpu/posebusters_benchmark/5SB2_1K2/full_base_c1_s20_n1/run_status.json,,,,,ok
results/posebench_702_predictions/protenix_gpu/posebusters_benchmark/5SD5_HWI/full_base_c1_s20_n1/output/5SD5_HWI/seed_101/predictions/5SD5_HWI_seed_101_summary_confidence_sample_0.json,posebusters_benchmark,6,results/posebench_702_predictions/protenix_gpu/posebusters_benchmark/5SD5_HWI/full_base_c1_s20_n1/inputs/5SD5_HWI.json,external/PoseBench/data/posebusters_benchmark_set/5SD5_HWI/5SD5_HWI_ligand.sdf,29.0,CCc1nc(N)nc(N)c1OCCCOc1cc(C)ccc1N1CC(C(=O)O)C1,166.0,A:166,protenix_base_default_v0.5.0,5SD5_HWI,1.0,29.0,results/posebench_702_predictions/protenix_gpu/posebusters_benchmark/5SD5_HWI/full_base_c1_s20_n1,11.026649499846577,10.0,69.0,29.0,results/posebench_702_predictions/protenix_gpu/posebusters_benchmark/5SD5_HWI/full_base_c1_s20_n1/output/5SD5_HWI/seed_101/predictions/5SD5_HWI_seed_101_sample_0.cif,A:166,external/PoseBench/data/posebusters_benchmark_set/5SD5_HWI/5SD5_HWI_protein.pdb,0.30082130432128906,39.198421478271484,0.25636640191078186,0.29193031787872314,15.164942651247436,0.0,106.789,ok,full_base_c1_s20_n1,10.392733983439214,False,12.756064072964469,False,results/posebench_702_predictions/protenix_gpu/posebusters_benchmark/5SD5_HWI/full_base_c1_s20_n1/run_status.json,,,,,ok
results/posebench_702_predictions/protenix_gpu/posebusters_benchmark/5SIS_JSM/full_base_c1_s20_n1/output/5SIS_JSM/seed_101/predictions/5SIS_JSM_seed_101_summary_confidence_sample_0.json,posebusters_benchmark,5,results/posebench_702_predictions/protenix_gpu/posebusters_benchmark/5SIS_JSM/full_base_c1_s20_n1/inputs/5SIS_JSM.json,external/PoseBench/data/posebusters_benchmark_set/5SIS_JSM/5SIS_JSM_ligand.sdf,32.0,CNCCN(C)C(=O)c1cnn(C)c1C(=O)Nc1ccn2cc(-c3ccccc3)nc2c1,315.0,A:315,protenix_base_default_v0.5.0,5SIS_JSM,1.0,32.0,results/posebench_702_predictions/protenix_gpu/posebusters_benchmark/5SIS_JSM/full_base_c1_s20_n1,14.059867937340435,10.0,82.0,32.0,results/posebench_702_predictions/protenix_gpu/posebusters_benchmark/5SIS_JSM/full_base_c1_s20_n1/output/5SIS_JSM/seed_101/predictions/5SIS_JSM_seed_101_sample_0.cif,A:315,external/PoseBench/data/posebusters_benchmark_set/5SIS_JSM/5SIS_JSM_protein.pdb,0.19744279980659485,31.955089569091797,0.22609810531139374,0.20317387580871582,17.938066915743363,0.0,89.767,ok,full_base_c1_s20_n1,11.192418024863638,False,17.165767496313745,False,results/posebench_702_predictions/protenix_gpu/posebusters_benchmark/5SIS_JSM/full_base_c1_s20_n1/run_status.json,,,,,ok
results/posebench_702_predictions/protenix_gpu/posebusters_benchmark/6M2B_EZO/full_base_c1_s20_n1/output/6M2B_EZO/seed_101/predictions/6M2B_EZO_seed_101_summary_confidence_sample_0.json,posebusters_benchmark,4,results/posebench_702_predictions/protenix_gpu/posebusters_benchmark/6M2B_EZO/full_base_c1_s20_n1/inputs/6M2B_EZO.json,external/PoseBench/data/posebusters_benchmark_set/6M2B_EZO/6M2B_EZO_ligand.sdf,25.0,CN(/N=C/c1ccccc1C(=O)O)c1nc(-c2ccccc2Cl)cs1,365.0,A:365,protenix_base_default_v0.5.0,6M2B_EZO,1.0,25.0,results/posebench_702_predictions/protenix_gpu/posebusters_benchmark/6M2B_EZO/full_base_c1_s20_n1,13.841250479926828,10.0,76.0,25.0,results/posebench_702_predictions/protenix_gpu/posebusters_benchmark/6M2B_EZO/full_base_c1_s20_n1/output/6M2B_EZO/seed_101/predictions/6M2B_EZO_seed_101_sample_0.cif,A:365,external/PoseBench/data/posebusters_benchmark_set/6M2B_EZO/6M2B_EZO_protein.pdb,0.33461445569992065,39.188026428222656,0.33289721608161926,0.33427101373672485,19.279929537989567,0.0,93.512,ok,full_base_c1_s20_n1,14.542892670171073,False,13.734331439707159,False,results/posebench_702_predictions/protenix_gpu/posebusters_benchmark/6M2B_EZO/full_base_c1_s20_n1/run_status.json,,,,,ok
results/posebench_702_predictions/protenix_gpu/posebusters_benchmark/6M73_FNR/full_base_c1_s20_n1/output/6M73_FNR/seed_101/predictions/6M73_FNR_seed_101_summary_confidence_sample_0.json,posebusters_benchmark,7,results/posebench_702_predictions/protenix_gpu/posebusters_benchmark/6M73_FNR/full_base_c1_s20_n1/inputs/6M73_FNR.json,external/PoseBench/data/posebusters_benchmark_set/6M73_FNR/6M73_FNR_ligand.sdf,31.0,Cc1cc2c(cc1C)N(C[C@H](O)[C@H](O)[C@H](O)COP(=O)(O)O)c1[nH]c(=O)[nH]c(=O)c1N2,364.0,A:364,protenix_base_default_v0.5.0,6M73_FNR,1.0,31.0,results/posebench_702_predictions/protenix_gpu/posebusters_benchmark/6M73_FNR/full_base_c1_s20_n1,16.06077952021197,10.0,101.0,31.0,results/posebench_702_predictions/protenix_gpu/posebusters_benchmark/6M73_FNR/full_base_c1_s20_n1/output/6M73_FNR/seed_101/predictions/6M73_FNR_seed_101_sample_0.cif,A:364,external/PoseBench/data/posebusters_benchmark_set/6M73_FNR/6M73_FNR_protein.pdb,0.2253400683403015,30.333026885986328,0.18711057305335999,0.21769417822360992,21.54011755268689,0.0,99.203,ok,full_base_c1_s20_n1,8.190777686790057,False,8.15983317734895,False,results/posebench_702_predictions/protenix_gpu/posebusters_benchmark/6M73_FNR/full_base_c1_s20_n1/run_status.json,,,,,ok
results/posebench_702_predictions/protenix_gpu/posebusters_benchmark/6T88_MWQ/full_base_c1_s20_n1/output/6T88_MWQ/seed_101/predictions/6T88_MWQ_seed_101_summary_confidence_sample_0.json,posebusters_benchmark,6,results/posebench_702_predictions/protenix_gpu/posebusters_benchmark/6T88_MWQ/full_base_c1_s20_n1/inputs/6T88_MWQ.json,external/PoseBench/data/posebusters_benchmark_set/6T88_MWQ/6T88_MWQ_ligand.sdf,10.0,O=C(O)CCc1cnc[nH]1,454.0,A:454,protenix_base_default_v0.5.0,6T88_MWQ,1.0,10.0,results/posebench_702_predictions/protenix_gpu/posebusters_benchmark/6T88_MWQ/full_base_c1_s20_n1,12.703577907985027,10.0,63.0,10.0,results/posebench_702_predictions/protenix_gpu/posebusters_benchmark/6T88_MWQ/full_base_c1_s20_n1/output/6T88_MWQ/seed_101/predictions/6T88_MWQ_seed_101_sample_0.cif,A:454,external/PoseBench/data/posebusters_benchmark_set/6T88_MWQ/6T88_MWQ_protein.pdb,0.3796365559101105,29.873504638671875,0.21728934347629547,0.34716710448265076,20.948330355349484,0.0,96.952,ok,full_base_c1_s20_n1,10.033690364202256,False,12.861104974209692,False,results/posebench_702_predictions/protenix_gpu/posebusters_benchmark/6T88_MWQ/full_base_c1_s20_n1/run_status.json,,,,,ok
results/posebench_702_predictions/protenix_gpu/posebusters_benchmark/6TW5_9M2/full_base_c1_s20_n1/output/6TW5_9M2/seed_101/predictions/6TW5_9M2_seed_101_summary_confidence_sample_0.json,posebusters_benchmark,5,results/posebench_702_predictions/protenix_gpu/posebusters_benchmark/6TW5_9M2/full_base_c1_s20_n1/inputs/6TW5_9M2.json,external/PoseBench/data/posebusters_benchmark_set/6TW5_9M2/6TW5_9M2_ligand.sdf,31.0,Cc1nn(C)c(C)c1CCOc1cc(F)ccc1-c1ccc2n[nH]c(CN(C)C)c2c1,1137.0,"A:384,B:384,C:369",protenix_base_default_v0.5.0,6TW5_9M2,3.0,31.0,results/posebench_702_predictions/protenix_gpu/posebusters_benchmark/6TW5_9M2/full_base_c1_s20_n1,16.350818786272963,10.0,83.0,31.0,results/posebench_702_predictions/protenix_gpu/posebusters_benchmark/6TW5_9M2/full_base_c1_s20_n1/output/6TW5_9M2/seed_101/predictions/6TW5_9M2_seed_101_sample_0.cif,A:384;B:384;C:369,external/PoseBench/data/posebusters_benchmark_set/6TW5_9M2/6TW5_9M2_protein.pdb,0.15178924798965454,31.216167449951172,0.1816461980342865,0.1577606499195099,27.682494309713896,0.0,109.951,ok,full_base_c1_s20_n1,24.87907541057434,False,43.579473398064884,False,results/posebench_702_predictions/protenix_gpu/posebusters_benchmark/6TW5_9M2/full_base_c1_s20_n1/run_status.json,,,,,ok
results/posebench_702_predictions/protenix_gpu/posebusters_benchmark/6TW7_NZB/full_base_c1_s20_n1/output/6TW7_NZB/seed_101/predictions/6TW7_NZB_seed_101_summary_confidence_sample_0.json,posebusters_benchmark,4,results/posebench_702_predictions/protenix_gpu/posebusters_benchmark/6TW7_NZB/full_base_c1_s20_n1/inputs/6TW7_NZB.json,external/PoseBench/data/posebusters_benchmark_set/6TW7_NZB/6TW7_NZB_ligand.sdf,29.0,CN(C)Cc1[nH]nc2ccc(-c3ccc(F)cc3OCCc3cccnc3)cc12,411.0,A:411,protenix_base_default_v0.5.0,6TW7_NZB,1.0,29.0,results/posebench_702_predictions/protenix_gpu/posebusters_benchmark/6TW7_NZB/full_base_c1_s20_n1,15.499652230612865,10.0,74.0,29.0,results/posebench_702_predictions/protenix_gpu/posebusters_benchmark/6TW7_NZB/full_base_c1_s20_n1/output/6TW7_NZB/seed_101/predictions/6TW7_NZB_seed_101_sample_0.cif,A:411,external/PoseBench/data/posebusters_benchmark_set/6TW7_NZB/6TW7_NZB_protein.pdb,0.3510906994342804,29.41954803466797,0.18529704213142395,0.3179319500923157,23.75024668848346,0.0,71.936,ok,full_base_c1_s20_n1,9.456242961961184,False,8.659213409376244,False,results/posebench_702_predictions/protenix_gpu/posebusters_benchmark/6TW7_NZB/full_base_c1_s20_n1/run_status.json,,,,,ok
results/posebench_702_predictions/protenix_gpu/posebusters_benchmark/6VS3_R6V/full_base_c1_s20_n1/output/6VS3_R6V/seed_101/predictions/6VS3_R6V_seed_101_summary_confidence_sample_0.json,posebusters_benchmark,7,results/posebench_702_predictions/protenix_gpu/posebusters_benchmark/6VS3_R6V/full_base_c1_s20_n1/inputs/6VS3_R6V.json,external/PoseBench/data/posebusters_benchmark_set/6VS3_R6V/6VS3_R6V_ligand.sdf,36.0,N#CC[C@H](C1CCCC1)n1cc(-c2nc(Nc3ccc(C4CCNCC4)cc3)nc3[nH]ccc23)cn1,585.0,"A:288,B:297",protenix_base_default_v0.5.0,6VS3_R6V,2.0,36.0,results/posebench_702_predictions/protenix_gpu/posebusters_benchmark/6VS3_R6V/full_base_c1_s20_n1,18.152640456385225,10.0,71.0,36.0,results/posebench_702_predictions/protenix_gpu/posebusters_benchmark/6VS3_R6V/full_base_c1_s20_n1/output/6VS3_R6V/seed_101/predictions/6VS3_R6V_seed_101_sample_0.cif,A:288;B:297,external/PoseBench/data/posebusters_benchmark_set/6VS3_R6V/6VS3_R6V_protein.pdb,0.10715553164482117,35.27471923828125,0.16821981966495514,0.11936838924884796,24.728777744071103,0.0,79.362,ok,full_base_c1_s20_n1,41.62467945251197,False,35.47615722698542,False,results/posebench_702_predictions/protenix_gpu/posebusters_benchmark/6VS3_R6V/full_base_c1_s20_n1/run_status.json,,,,,ok
results/posebench_702_predictions/protenix_gpu/posebusters_benchmark/6VTA_AKN/full_base_c1_s20_n1/output/6VTA_AKN/seed_101/predictions/6VTA_AKN_seed_101_summary_confidence_sample_0.json,posebusters_benchmark,6,results/posebench_702_predictions/protenix_gpu/posebusters_benchmark/6VTA_AKN/full_base_c1_s20_n1/inputs/6VTA_AKN.json,external/PoseBench/data/posebusters_benchmark_set/6VTA_AKN/6VTA_AKN_ligand.sdf,40.0,NCC[C@H](O)C(=O)N[C@@H]1C[C@H](N)[C@@H](O[C@H]2O[C@H](CN)[C@@H](O)[C@H](O)[C@H]2O)[C@H](O)[C@H]1O[C@H]1O[C@H](CO)[C@@H](O)[C@H](N)[C@H]1O,361.0,"A:181,B:180",protenix_base_default_v0.5.0,6VTA_AKN,2.0,40.0,results/posebench_702_predictions/protenix_gpu/posebusters_benchmark/6VTA_AKN/full_base_c1_s20_n1,14.642445477304351,10.0,59.0,40.0,results/posebench_702_predictions/protenix_gpu/posebusters_benchmark/6VTA_AKN/full_base_c1_s20_n1/output/6VTA_AKN/seed_101/predictions/6VTA_AKN_seed_101_sample_0.cif,A:181;B:180,external/PoseBench/data/posebusters_benchmark_set/6VTA_AKN/6VTA_AKN_protein.pdb,0.10743086040019989,29.760799407958984,0.18966123461723328,0.12387693673372269,21.834705149308903,0.0,86.86,ok,full_base_c1_s20_n1,20.25164635531323,False,22.199815708284973,False,results/posebench_702_predictions/protenix_gpu/posebusters_benchmark/6VTA_AKN/full_base_c1_s20_n1/run_status.json,,,,,ok
results/posebench_702_predictions/protenix_gpu/posebusters_benchmark/6W59_SZD/full_base_c1_s20_n1/output/6W59_SZD/seed_101/predictions/6W59_SZD_seed_101_summary_confidence_sample_0.json,posebusters_benchmark,5,results/posebench_702_predictions/protenix_gpu/posebusters_benchmark/6W59_SZD/full_base_c1_s20_n1/inputs/6W59_SZD.json,external/PoseBench/data/posebusters_benchmark_set/6W59_SZD/6W59_SZD_ligand.sdf,32.0,O=C(Nc1cccc(S(=O)(=O)Nc2ccc(OC(F)(F)F)cc2)c1)c1cc(F)cc(F)c1,544.0,A:544,protenix_base_default_v0.5.0,6W59_SZD,1.0,32.0,results/posebench_702_predictions/protenix_gpu/posebusters_benchmark/6W59_SZD/full_base_c1_s20_n1,13.104085372623755,10.0,32.0,32.0,results/posebench_702_predictions/protenix_gpu/posebusters_benchmark/6W59_SZD/full_base_c1_s20_n1/output/6W59_SZD/seed_101/predictions/6W59_SZD_seed_101_sample_0.cif,A:544,external/PoseBench/data/posebusters_benchmark_set/6W59_SZD/6W59_SZD_protein.pdb,0.3416292667388916,33.663761138916016,0.25536373257637024,0.3243761658668518,19.900585173374395,0.0,71.318,ok,full_base_c1_s20_n1,25.992079085514437,False,34.265210798648674,False,results/posebench_702_predictions/protenix_gpu/posebusters_benchmark/6W59_SZD/full_base_c1_s20_n1/run_status.json,,,,,ok
results/posebench_702_predictions/protenix_gpu/posebusters_benchmark/6WTN_RXT/full_base_c1_s20_n1/output/6WTN_RXT/seed_101/predictions/6WTN_RXT_seed_101_summary_confidence_sample_0.json,posebusters_benchmark,4,results/posebench_702_predictions/protenix_gpu/posebusters_benchmark/6WTN_RXT/full_base_c1_s20_n1/inputs/6WTN_RXT.json,external/PoseBench/data/posebusters_benchmark_set/6WTN_RXT/6WTN_RXT_ligand.sdf,23.0,N#CC[C@H](C1CCCC1)n1cc(-c2ncnc3[nH]ccc23)cn1,285.0,A:285,protenix_base_default_v0.5.0,6WTN_RXT,1.0,23.0,results/posebench_702_predictions/protenix_gpu/posebusters_benchmark/6WTN_RXT/full_base_c1_s20_n1,17.50024603785121,10.0,63.0,23.0,results/posebench_702_predictions/protenix_gpu/posebusters_benchmark/6WTN_RXT/full_base_c1_s20_n1/output/6WTN_RXT/seed_101/predictions/6WTN_RXT_seed_101_sample_0.cif,A:285,external/PoseBench/data/posebusters_benchmark_set/6WTN_RXT/6WTN_RXT_protein.pdb,0.254965603351593,36.243934631347656,0.20370692014694214,0.24471387267112732,22.41310584917028,0.0,67.6,ok,full_base_c1_s20_n1,7.461206909556982,False,12.48871714096405,False,results/posebench_702_predictions/protenix_gpu/posebusters_benchmark/6WTN_RXT/full_base_c1_s20_n1/run_status.json,,,,,ok
results/posebench_702_predictions/protenix_gpu/posebusters_benchmark/6X8D_ARA/full_base_c1_s20_n1/output/6X8D_ARA/seed_101/predictions/6X8D_ARA_seed_101_summary_confidence_sample_0.json,posebusters_benchmark,7,results/posebench_702_predictions/protenix_gpu/posebusters_benchmark/6X8D_ARA/full_base_c1_s20_n1/inputs/6X8D_ARA.json,external/PoseBench/data/posebusters_benchmark_set/6X8D_ARA/6X8D_ARA_ligand.sdf,10.0,O[C@@H]1[C@@H](O)[C@@H](O)CO[C@H]1O,180.0,A:180,protenix_base_default_v0.5.0,6X8D_ARA,1.0,10.0,results/posebench_702_predictions/protenix_gpu/posebusters_benchmark/6X8D_ARA/full_base_c1_s20_n1,8.731637054346658,10.0,31.0,10.0,results/posebench_702_predictions/protenix_gpu/posebusters_benchmark/6X8D_ARA/full_base_c1_s20_n1/output/6X8D_ARA/seed_101/predictions/6X8D_ARA_seed_101_sample_0.cif,A:180,external/PoseBench/data/posebusters_benchmark_set/6X8D_ARA/6X8D_ARA_protein.pdb,0.20034413039684296,35.537254333496094,0.29219257831573486,0.21871381998062134,14.64806624262713,0.0,68.226,ok,full_base_c1_s20_n1,16.52309580651042,False,26.27375237536186,False,results/posebench_702_predictions/protenix_gpu/posebusters_benchmark/6X8D_ARA/full_base_c1_s20_n1/run_status.json,,,,,ok
results/posebench_702_predictions/protenix_gpu/posebusters_benchmark/6XAF_GDP/full_base_c1_s20_n1/output/6XAF_GDP/seed_101/predictions/6XAF_GDP_seed_101_summary_confidence_sample_0.json,posebusters_benchmark,6,results/posebench_702_predictions/protenix_gpu/posebusters_benchmark/6XAF_GDP/full_base_c1_s20_n1/inputs/6XAF_GDP.json,external/PoseBench/data/posebusters_benchmark_set/6XAF_GDP/6XAF_GDP_ligand.sdf,28.0,Nc1nc2c(ncn2[C@@H]2O[C@H](CO[P@](=O)(O)OP(=O)(O)O)[C@@H](O)[C@H]2O)c(=O)[nH]1,346.0,"A:172,B:174",protenix_base_default_v0.5.0,6XAF_GDP,2.0,28.0,results/posebench_702_predictions/protenix_gpu/posebusters_benchmark/6XAF_GDP/full_base_c1_s20_n1,10.330066693739228,10.0,56.0,28.0,results/posebench_702_predictions/protenix_gpu/posebusters_benchmark/6XAF_GDP/full_base_c1_s20_n1/output/6XAF_GDP/seed_101/predictions/6XAF_GDP_seed_101_sample_0.cif,A:172;B:174,external/PoseBench/data/posebusters_benchmark_set/6XAF_GDP/6XAF_GDP_protein.pdb,0.12696895003318787,35.94562530517578,0.23508389294147491,0.14859193563461304,21.646751494399016,0.0,70.005,ok,full_base_c1_s20_n1,9.708912349300697,False,20.833584925638277,False,results/posebench_702_predictions/protenix_gpu/posebusters_benchmark/6XAF_GDP/full_base_c1_s20_n1/run_status.json,,,,,ok
results/posebench_702_predictions/protenix_gpu/posebusters_benchmark/6XBO_5MC/full_base_c1_s20_n1/output/6XBO_5MC/seed_101/predictions/6XBO_5MC_seed_101_summary_confidence_sample_0.json,posebusters_benchmark,5,results/posebench_702_predictions/protenix_gpu/posebusters_benchmark/6XBO_5MC/full_base_c1_s20_n1/inputs/6XBO_5MC.json,external/PoseBench/data/posebusters_benchmark_set/6XBO_5MC/6XBO_5MC_ligand.sdf,22.0,Cc1cn([C@@H]2O[C@H](COP(=O)(O)O)[C@@H](O)[C@H]2O)c(=O)nc1N,319.0,A:319,protenix_base_default_v0.5.0,6XBO_5MC,1.0,22.0,results/posebench_702_predictions/protenix_gpu/posebusters_benchmark/6XBO_5MC/full_base_c1_s20_n1,15.380954212798954,10.0,94.0,22.0,results/posebench_702_predictions/protenix_gpu/posebusters_benchmark/6XBO_5MC/full_base_c1_s20_n1/output/6XBO_5MC/seed_101/predictions/6XBO_5MC_seed_101_sample_0.cif,A:319,external/PoseBench/data/posebusters_benchmark_set/6XBO_5MC/6XBO_5MC_protein.pdb,0.13101261854171753,34.05597686767578,0.17969274520874023,0.14074864983558655,20.32337223831951,0.0,68.311,ok,full_base_c1_s20_n1,22.95692848234461,False,20.63101541210213,False,results/posebench_702_predictions/protenix_gpu/posebusters_benchmark/6XBO_5MC/full_base_c1_s20_n1/run_status.json,,,,,ok
results/posebench_702_predictions/protenix_gpu/posebusters_benchmark/6XCT_478/full_base_c1_s20_n1/output/6XCT_478/seed_101/predictions/6XCT_478_seed_101_summary_confidence_sample_0.json,posebusters_benchmark,4,results/posebench_702_predictions/protenix_gpu/posebusters_benchmark/6XCT_478/full_base_c1_s20_n1/inputs/6XCT_478.json,external/PoseBench/data/posebusters_benchmark_set/6XCT_478/6XCT_478_ligand.sdf,35.0,CC(C)CN(C[C@@H](O)[C@H](Cc1ccccc1)NC(=O)O[C@H]1CCOC1)S(=O)(=O)c1ccc(N)cc1,322.0,A:322,protenix_base_default_v0.5.0,6XCT_478,1.0,35.0,results/posebench_702_predictions/protenix_gpu/posebusters_benchmark/6XCT_478/full_base_c1_s20_n1,16.81412412123979,10.0,79.0,35.0,results/posebench_702_predictions/protenix_gpu/posebusters_benchmark/6XCT_478/full_base_c1_s20_n1/output/6XCT_478/seed_101/predictions/6XCT_478_seed_101_sample_0.cif,A:322,external/PoseBench/data/posebusters_benchmark_set/6XCT_478/6XCT_478_protein.pdb,0.18635410070419312,31.257734298706055,0.22162938117980957,0.19340915977954865,21.200310606565186,0.0,77.84,ok,full_base_c1_s20_n1,6.584907706330821,False,8.986353629356987,False,results/posebench_702_predictions/protenix_gpu/posebusters_benchmark/6XCT_478/full_base_c1_s20_n1/run_status.json,,,,,ok
results/posebench_702_predictions/protenix_gpu/posebusters_benchmark/6XG5_TOP/full_base_c1_s20_n1/output/6XG5_TOP/seed_101/predictions/6XG5_TOP_seed_101_summary_confidence_sample_0.json,posebusters_benchmark,7,results/posebench_702_predictions/protenix_gpu/posebusters_benchmark/6XG5_TOP/full_base_c1_s20_n1/inputs/6XG5_TOP.json,external/PoseBench/data/posebusters_benchmark_set/6XG5_TOP/6XG5_TOP_ligand.sdf,21.0,COc1cc(Cc2cnc(N)nc2N)cc(OC)c1OC,159.0,A:159,protenix_base_default_v0.5.0,6XG5_TOP,1.0,21.0,results/posebench_702_predictions/protenix_gpu/posebusters_benchmark/6XG5_TOP/full_base_c1_s20_n1,11.5335362043165,10.0,67.0,21.0,results/posebench_702_predictions/protenix_gpu/posebusters_benchmark/6XG5_TOP/full_base_c1_s20_n1/output/6XG5_TOP/seed_101/predictions/6XG5_TOP_seed_101_sample_0.cif,A:159,external/PoseBench/data/posebusters_benchmark_set/6XG5_TOP/6XG5_TOP_protein.pdb,0.23333367705345154,36.05894088745117,0.2604588568210602,0.23875872790813446,15.65668329141565,0.0,74.16,ok,full_base_c1_s20_n1,9.519973241627792,False,8.575544952785968,False,results/posebench_702_predictions/protenix_gpu/posebusters_benchmark/6XG5_TOP/full_base_c1_s20_n1/run_status.json,,,,,ok
results/posebench_702_predictions/protenix_gpu/posebusters_benchmark/6XHT_V2V/full_base_c1_s20_n1/output/6XHT_V2V/seed_101/predictions/6XHT_V2V_seed_101_summary_confidence_sample_0.json,posebusters_benchmark,6,results/posebench_702_predictions/protenix_gpu/posebusters_benchmark/6XHT_V2V/full_base_c1_s20_n1/inputs/6XHT_V2V.json,external/PoseBench/data/posebusters_benchmark_set/6XHT_V2V/6XHT_V2V_ligand.sdf,34.0,Nc1ccn([C@@H]2O[C@H](CO[P@](=O)(O)O[P@@](=O)(O)OC[C@@H](O)[C@@H](O)[C@@H](O)CO)[C@@H](O)[C@H]2O)c(=O)n1,1407.0,"A:233,B:236,C:236,D:236,E:230,F:236",protenix_base_default_v0.5.0,6XHT_V2V,6.0,34.0,results/posebench_702_predictions/protenix_gpu/posebusters_benchmark/6XHT_V2V/full_base_c1_s20_n1,13.929495875214439,10.0,87.0,34.0,results/posebench_702_predictions/protenix_gpu/posebusters_benchmark/6XHT_V2V/full_base_c1_s20_n1/output/6XHT_V2V/seed_101/predictions/6XHT_V2V_seed_101_sample_0.cif,A:233;B:236;C:236;D:236;E:230;F:236,external/PoseBench/data/posebusters_benchmark_set/6XHT_V2V/6XHT_V2V_protein.pdb,0.16550730168819427,33.45481872558594,0.20617526769638062,0.1736409068107605,35.455745799872794,0.0,146.363,ok,full_base_c1_s20_n1,19.00136357992322,False,53.56713665572232,False,results/posebench_702_predictions/protenix_gpu/posebusters_benchmark/6XHT_V2V/full_base_c1_s20_n1/run_status.json,,,,,ok
results/posebench_702_predictions/protenix_gpu/posebusters_benchmark/6XM9_V55/full_base_c1_s20_n1/output/6XM9_V55/seed_101/predictions/6XM9_V55_seed_101_summary_confidence_sample_0.json,posebusters_benchmark,5,results/posebench_702_predictions/protenix_gpu/posebusters_benchmark/6XM9_V55/full_base_c1_s20_n1/inputs/6XM9_V55.json,external/PoseBench/data/posebusters_benchmark_set/6XM9_V55/6XM9_V55_ligand.sdf,11.0,COc1cc(C=O)ccc1O,479.0,A:479,protenix_base_default_v0.5.0,6XM9_V55,1.0,11.0,results/posebench_702_predictions/protenix_gpu/posebusters_benchmark/6XM9_V55/full_base_c1_s20_n1,15.359305834333215,10.0,57.0,11.0,results/posebench_702_predictions/protenix_gpu/posebusters_benchmark/6XM9_V55/full_base_c1_s20_n1/output/6XM9_V55/seed_101/predictions/6XM9_V55_seed_101_sample_0.cif,A:479,external/PoseBench/data/posebusters_benchmark_set/6XM9_V55/6XM9_V55_protein.pdb,0.2849064767360687,28.285541534423828,0.18465304374694824,0.2648558020591736,20.920509110539346,0.0,91.189,ok,full_base_c1_s20_n1,10.442901669607906,False,12.69971671384094,False,results/posebench_702_predictions/protenix_gpu/posebusters_benchmark/6XM9_V55/full_base_c1_s20_n1/run_status.json,,,,,ok
results/posebench_702_predictions/protenix_gpu/posebusters_benchmark/6XUM_30L/full_base_c1_s20_n1/output/6XUM_30L/seed_101/predictions/6XUM_30L_seed_101_summary_confidence_sample_0.json,posebusters_benchmark,4,results/posebench_702_predictions/protenix_gpu/posebusters_benchmark/6XUM_30L/full_base_c1_s20_n1/inputs/6XUM_30L.json,external/PoseBench/data/posebusters_benchmark_set/6XUM_30L/6XUM_30L_ligand.sdf,25.0,O=C(O)COc1cc(F)ccc1C(=O)NCc1cccc([N+](=O)[O-])c1,316.0,A:316,protenix_base_default_v0.5.0,6XUM_30L,1.0,25.0,results/posebench_702_predictions/protenix_gpu/posebusters_benchmark/6XUM_30L/full_base_c1_s20_n1,13.920288493833944,10.0,66.0,25.0,results/posebench_702_predictions/protenix_gpu/posebusters_benchmark/6XUM_30L/full_base_c1_s20_n1/output/6XUM_30L/seed_101/predictions/6XUM_30L_seed_101_sample_0.cif,A:316,external/PoseBench/data/posebusters_benchmark_set/6XUM_30L/6XUM_30L_protein.pdb,0.2806774079799652,30.52779769897461,0.19668257236480713,0.2638784348964691,18.28209016433263,0.0,84.173,ok,full_base_c1_s20_n1,4.978044144649043,False,11.666084280171448,False,results/posebench_702_predictions/protenix_gpu/posebusters_benchmark/6XUM_30L/full_base_c1_s20_n1/run_status.json,,,,,ok
results/posebench_702_predictions/protenix_gpu/posebusters_benchmark/6Y7L_QMG/full_base_c1_s20_n1/output/6Y7L_QMG/seed_101/predictions/6Y7L_QMG_seed_101_summary_confidence_sample_0.json,posebusters_benchmark,7,results/posebench_702_predictions/protenix_gpu/posebusters_benchmark/6Y7L_QMG/full_base_c1_s20_n1/inputs/6Y7L_QMG.json,external/PoseBench/data/posebusters_benchmark_set/6Y7L_QMG/6Y7L_QMG_ligand.sdf,25.0,CC(=O)c1cc(-c2cc(C(=O)NC3CC3)ccc2C)c2ncccn12,113.0,A:113,protenix_base_default_v0.5.0,6Y7L_QMG,1.0,25.0,results/posebench_702_predictions/protenix_gpu/posebusters_benchmark/6Y7L_QMG/full_base_c1_s20_n1,9.05436392824409,10.0,44.0,25.0,results/posebench_702_predictions/protenix_gpu/posebusters_benchmark/6Y7L_QMG/full_base_c1_s20_n1/output/6Y7L_QMG/seed_101/predictions/6Y7L_QMG_seed_101_sample_0.cif,A:113,external/PoseBench/data/posebusters_benchmark_set/6Y7L_QMG/6Y7L_QMG_protein.pdb,0.16577231884002686,53.23853302001953,0.3768766224384308,0.20799317955970764,16.953309877341365,0.0,81.683,ok,full_base_c1_s20_n1,18.31806324612599,False,26.714873962217276,False,results/posebench_702_predictions/protenix_gpu/posebusters_benchmark/6Y7L_QMG/full_base_c1_s20_n1/run_status.json,,,,,ok
results/posebench_702_predictions/protenix_gpu/posebusters_benchmark/6YDY_K73/full_base_c1_s20_n1/output/6YDY_K73/seed_101/predictions/6YDY_K73_seed_101_summary_confidence_sample_0.json,posebusters_benchmark,6,results/posebench_702_predictions/protenix_gpu/posebusters_benchmark/6YDY_K73/full_base_c1_s20_n1/inputs/6YDY_K73.json,external/PoseBench/data/posebusters_benchmark_set/6YDY_K73/6YDY_K73_ligand.sdf,28.0,NCc1ccc(CNC(=O)[C@@H]2CCCN2C(=O)[C@H](N)Cc2ccccc2)cc1,223.0,A:223,protenix_base_default_v0.5.0,6YDY_K73,1.0,28.0,results/posebench_702_predictions/protenix_gpu/posebusters_benchmark/6YDY_K73/full_base_c1_s20_n1,14.517452027487833,10.0,69.0,28.0,results/posebench_702_predictions/protenix_gpu/posebusters_benchmark/6YDY_K73/full_base_c1_s20_n1/output/6YDY_K73/seed_101/predictions/6YDY_K73_seed_101_sample_0.cif,A:223,external/PoseBench/data/posebusters_benchmark_set/6YDY_K73/6YDY_K73_protein.pdb,0.18762843310832977,31.025440216064453,0.19611242413520813,0.1893252432346344,18.185666638635844,0.0,72.669,ok,full_base_c1_s20_n1,14.782087214229497,False,17.620851132653772,False,results/posebench_702_predictions/protenix_gpu/posebusters_benchmark/6YDY_K73/full_base_c1_s20_n1/run_status.json,,,,,ok
results/posebench_702_predictions/protenix_gpu/posebusters_benchmark/6YJA_2BA/full_base_c1_s20_n1/output/6YJA_2BA/seed_101/predictions/6YJA_2BA_seed_101_summary_confidence_sample_0.json,posebusters_benchmark,5,results/posebench_702_predictions/protenix_gpu/posebusters_benchmark/6YJA_2BA/full_base_c1_s20_n1/inputs/6YJA_2BA.json,external/PoseBench/data/posebusters_benchmark_set/6YJA_2BA/6YJA_2BA_ligand.sdf,44.0,Nc1ncnc2c1ncn2[C@@H]1O[C@@H]2CO[P@@](=O)(O)O[C@H]3[C@@H](O)[C@H](n4cnc5c(N)ncnc54)O[C@@H]3CO[P@](=O)(O)O[C@H]2[C@H]1O,276.0,"A:141,B:135",protenix_base_default_v0.5.0,6YJA_2BA,2.0,44.0,results/posebench_702_predictions/protenix_gpu/posebusters_benchmark/6YJA_2BA/full_base_c1_s20_n1,13.423959915658493,10.0,67.0,44.0,results/posebench_702_predictions/protenix_gpu/posebusters_benchmark/6YJA_2BA/full_base_c1_s20_n1/output/6YJA_2BA/seed_101/predictions/6YJA_2BA_seed_101_sample_0.cif,A:141;B:135,external/PoseBench/data/posebusters_benchmark_set/6YJA_2BA/6YJA_2BA_protein.pdb,0.09658745676279068,30.939170837402344,0.19995370507240295,0.11726070940494537,19.280761317013553,0.0,71.777,ok,full_base_c1_s20_n1,15.55003061713697,False,16.535642654549402,False,results/posebench_702_predictions/protenix_gpu/posebusters_benchmark/6YJA_2BA/full_base_c1_s20_n1/run_status.json,,,,,ok
results/posebench_702_predictions/protenix_gpu/posebusters_benchmark/6YMS_OZH/full_base_c1_s20_n1/output/6YMS_OZH/seed_101/predictions/6YMS_OZH_seed_101_summary_confidence_sample_0.json,posebusters_benchmark,4,results/posebench_702_predictions/protenix_gpu/posebusters_benchmark/6YMS_OZH/full_base_c1_s20_n1/inputs/6YMS_OZH.json,external/PoseBench/data/posebusters_benchmark_set/6YMS_OZH/6YMS_OZH_ligand.sdf,35.0,CC(C)C[C@H](NC(=O)CN[P@@](=O)(O)[C@@H](Cc1ccccc1)NC(=O)OCc1ccccc1)C(=O)O,316.0,concat:316,protenix_base_default_v0.5.0,6YMS_OZH,1.0,35.0,results/posebench_702_predictions/protenix_gpu/posebusters_benchmark/6YMS_OZH/full_base_c1_s20_n1,,10.0,0.0,35.0,results/posebench_702_predictions/protenix_gpu/posebusters_benchmark/6YMS_OZH/full_base_c1_s20_n1/output/6YMS_OZH/seed_101/predictions/6YMS_OZH_seed_101_sample_0.cif,E:316,external/PoseBench/data/posebusters_benchmark_set/6YMS_OZH/6YMS_OZH_protein.pdb,0.17772579193115234,34.769798278808594,0.29820090532302856,0.20182082056999207,17.855784190709535,0.0,72.771,ok,full_base_c1_s20_n1,,False,16.142183764246433,False,results/posebench_702_predictions/protenix_gpu/posebusters_benchmark/6YMS_OZH/full_base_c1_s20_n1/run_status.json,,,,,ok
results/posebench_702_predictions/protenix_gpu/posebusters_benchmark/6YQV_8K2/full_base_c1_s20_n1/output/6YQV_8K2/seed_101/predictions/6YQV_8K2_seed_101_summary_confidence_sample_0.json,posebusters_benchmark,7,results/posebench_702_predictions/protenix_gpu/posebusters_benchmark/6YQV_8K2/full_base_c1_s20_n1/inputs/6YQV_8K2.json,external/PoseBench/data/posebusters_benchmark_set/6YQV_8K2/6YQV_8K2_ligand.sdf,10.0,NS(=O)(=O)c1ccc(Cl)s1,288.0,concat:288,protenix_base_default_v0.5.0,6YQV_8K2,3.0,10.0,results/posebench_702_predictions/protenix_gpu/posebusters_benchmark/6YQV_8K2/full_base_c1_s20_n1,,10.0,0.0,10.0,results/posebench_702_predictions/protenix_gpu/posebusters_benchmark/6YQV_8K2/full_base_c1_s20_n1/output/6YQV_8K2/seed_101/predictions/6YQV_8K2_seed_101_sample_0.cif,L:28;H:250;I:10,external/PoseBench/data/posebusters_benchmark_set/6YQV_8K2/6YQV_8K2_protein.pdb,0.0915479063987732,34.19503402709961,0.15919877588748932,0.1050780862569809,19.087380364643433,0.0,78.47,ok,full_base_c1_s20_n1,,False,11.411473940950737,False,results/posebench_702_predictions/protenix_gpu/posebusters_benchmark/6YQV_8K2/full_base_c1_s20_n1/run_status.json,,,,,ok
results/posebench_702_predictions/protenix_gpu/posebusters_benchmark/6YQW_82I/full_base_c1_s20_n1/output/6YQW_82I/seed_101/predictions/6YQW_82I_seed_101_summary_confidence_sample_0.json,posebusters_benchmark,6,results/posebench_702_predictions/protenix_gpu/posebusters_benchmark/6YQW_82I/full_base_c1_s20_n1/inputs/6YQW_82I.json,external/PoseBench/data/posebusters_benchmark_set/6YQW_82I/6YQW_82I_ligand.sdf,11.0,CNc1cnn(C)c(=O)c1Cl,101.0,A:101,protenix_base_default_v0.5.0,6YQW_82I,1.0,11.0,results/posebench_702_predictions/protenix_gpu/posebusters_benchmark/6YQW_82I/full_base_c1_s20_n1,7.894730561041977,10.0,44.0,11.0,results/posebench_702_predictions/protenix_gpu/posebusters_benchmark/6YQW_82I/full_base_c1_s20_n1/output/6YQW_82I/seed_101/predictions/6YQW_82I_seed_101_sample_0.cif,A:101,external/PoseBench/data/posebusters_benchmark_set/6YQW_82I/6YQW_82I_protein.pdb,0.13821402192115784,49.95929718017578,0.3521125018596649,0.1809937208890915,13.97561503090147,0.0,71.032,ok,full_base_c1_s20_n1,13.560256561005101,False,14.75056022204731,False,results/posebench_702_predictions/protenix_gpu/posebusters_benchmark/6YQW_82I/full_base_c1_s20_n1/run_status.json,,,,,ok
results/posebench_702_predictions/protenix_gpu/posebusters_benchmark/6YR2_T1C/full_base_c1_s20_n1/output/6YR2_T1C/seed_101/predictions/6YR2_T1C_seed_101_summary_confidence_sample_0.json,posebusters_benchmark,5,results/posebench_702_predictions/protenix_gpu/posebusters_benchmark/6YR2_T1C/full_base_c1_s20_n1/inputs/6YR2_T1C.json,external/PoseBench/data/posebusters_benchmark_set/6YR2_T1C/6YR2_T1C_ligand.sdf,42.0,C[NH+](C)c1cc(NC(=O)CNC(C)(C)C)c(O)c2c1C[C@H]1C[C@H]3[C@H]([NH+](C)C)C(O)=C(C(N)=O)C(=O)[C@@]3(O)C(O)=C1C2=O,404.0,"A:207,B:197",protenix_base_default_v0.5.0,6YR2_T1C,2.0,42.0,results/posebench_702_predictions/protenix_gpu/posebusters_benchmark/6YR2_T1C/full_base_c1_s20_n1,16.14660176871275,10.0,107.0,42.0,results/posebench_702_predictions/protenix_gpu/posebusters_benchmark/6YR2_T1C/full_base_c1_s20_n1/output/6YR2_T1C/seed_101/predictions/6YR2_T1C_seed_101_sample_0.cif,A:207;B:197,external/PoseBench/data/posebusters_benchmark_set/6YR2_T1C/6YR2_T1C_protein.pdb,0.1551821529865265,40.26889419555664,0.2251518964767456,0.1691761016845703,24.230875515318022,0.0,87.888,ok,full_base_c1_s20_n1,16.252720566253032,False,17.46471448006706,False,results/posebench_702_predictions/protenix_gpu/posebusters_benchmark/6YR2_T1C/full_base_c1_s20_n1/run_status.json,,,,,ok
results/posebench_702_predictions/protenix_gpu/posebusters_benchmark/6YRV_PJ8/full_base_c1_s20_n1/output/6YRV_PJ8/seed_101/predictions/6YRV_PJ8_seed_101_summary_confidence_sample_0.json,posebusters_benchmark,4,results/posebench_702_predictions/protenix_gpu/posebusters_benchmark/6YRV_PJ8/full_base_c1_s20_n1/inputs/6YRV_PJ8.json,external/PoseBench/data/posebusters_benchmark_set/6YRV_PJ8/6YRV_PJ8_ligand.sdf,17.0,CCCCCCCCCCCCCCCCC,573.0,A:573,protenix_base_default_v0.5.0,6YRV_PJ8,1.0,17.0,results/posebench_702_predictions/protenix_gpu/posebusters_benchmark/6YRV_PJ8/full_base_c1_s20_n1,15.343463050500914,10.0,88.0,17.0,results/posebench_702_predictions/protenix_gpu/posebusters_benchmark/6YRV_PJ8/full_base_c1_s20_n1/output/6YRV_PJ8/seed_101/predictions/6YRV_PJ8_seed_101_sample_0.cif,A:573,external/PoseBench/data/posebusters_benchmark_set/6YRV_PJ8/6YRV_PJ8_protein.pdb,0.3067423403263092,30.07906723022461,0.2503949999809265,0.2954728603363037,22.76478196020987,0.0,79.55,ok,full_base_c1_s20_n1,14.690729814461841,False,22.778223927060335,False,results/posebench_702_predictions/protenix_gpu/posebusters_benchmark/6YRV_PJ8/full_base_c1_s20_n1/run_status.json,,,,,ok
results/posebench_702_predictions/protenix_gpu/posebusters_benchmark/6YSP_PAL/full_base_c1_s20_n1/output/6YSP_PAL/seed_101/predictions/6YSP_PAL_seed_101_summary_confidence_sample_0.json,posebusters_benchmark,7,results/posebench_702_predictions/protenix_gpu/posebusters_benchmark/6YSP_PAL/full_base_c1_s20_n1/inputs/6YSP_PAL.json,external/PoseBench/data/posebusters_benchmark_set/6YSP_PAL/6YSP_PAL_ligand.sdf,16.0,O=C(O)C[C@H](NC(=O)CP(=O)(O)O)C(=O)O,934.0,"A:311,B:312,C:311",protenix_base_default_v0.5.0,6YSP_PAL,3.0,16.0,results/posebench_702_predictions/protenix_gpu/posebusters_benchmark/6YSP_PAL/full_base_c1_s20_n1,12.862654764984088,10.0,74.0,16.0,results/posebench_702_predictions/protenix_gpu/posebusters_benchmark/6YSP_PAL/full_base_c1_s20_n1/output/6YSP_PAL/seed_101/predictions/6YSP_PAL_seed_101_sample_0.cif,A:311;B:312;C:311,external/PoseBench/data/posebusters_benchmark_set/6YSP_PAL/6YSP_PAL_protein.pdb,0.13730791211128235,39.08659744262695,0.23872476816177368,0.15759128332138062,24.68905614137987,0.0,103.57,ok,full_base_c1_s20_n1,22.017749236442725,False,28.042406553534867,False,results/posebench_702_predictions/protenix_gpu/posebusters_benchmark/6YSP_PAL/full_base_c1_s20_n1/run_status.json,,,,,ok
results/posebench_702_predictions/protenix_gpu/posebusters_benchmark/6YT6_PKE/full_base_c1_s20_n1/output/6YT6_PKE/seed_101/predictions/6YT6_PKE_seed_101_summary_confidence_sample_0.json,posebusters_benchmark,6,results/posebench_702_predictions/protenix_gpu/posebusters_benchmark/6YT6_PKE/full_base_c1_s20_n1/inputs/6YT6_PKE.json,external/PoseBench/data/posebusters_benchmark_set/6YT6_PKE/6YT6_PKE_ligand.sdf,31.0,CN(c1ncccc1CNc1ccnc(Nc2ccc3c(c2)CC(=O)N3)n1)S(C)(=O)=O,514.0,"A:256,B:258",protenix_base_default_v0.5.0,6YT6_PKE,2.0,31.0,results/posebench_702_predictions/protenix_gpu/posebusters_benchmark/6YT6_PKE/full_base_c1_s20_n1,11.755387997950969,10.0,61.0,31.0,results/posebench_702_predictions/protenix_gpu/posebusters_benchmark/6YT6_PKE/full_base_c1_s20_n1/output/6YT6_PKE/seed_101/predictions/6YT6_PKE_seed_101_sample_0.cif,A:256;B:258,external/PoseBench/data/posebusters_benchmark_set/6YT6_PKE/6YT6_PKE_protein.pdb,0.11885924637317657,32.10777282714844,0.177921324968338,0.1306716650724411,25.015973561700775,0.0,85.233,ok,full_base_c1_s20_n1,10.446370603538242,False,26.030648706025804,False,results/posebench_702_predictions/protenix_gpu/posebusters_benchmark/6YT6_PKE/full_base_c1_s20_n1/run_status.json,,,,,ok
results/posebench_702_predictions/protenix_gpu/posebusters_benchmark/6YYO_Q1K/full_base_c1_s20_n1/output/6YYO_Q1K/seed_101/predictions/6YYO_Q1K_seed_101_summary_confidence_sample_0.json,posebusters_benchmark,5,results/posebench_702_predictions/protenix_gpu/posebusters_benchmark/6YYO_Q1K/full_base_c1_s20_n1/inputs/6YYO_Q1K.json,external/PoseBench/data/posebusters_benchmark_set/6YYO_Q1K/6YYO_Q1K_ligand.sdf,19.0,CS(=O)(=O)N1CCN(c2ccc3nncn3n2)CC1,440.0,"A:220,B:220",protenix_base_default_v0.5.0,6YYO_Q1K,2.0,19.0,results/posebench_702_predictions/protenix_gpu/posebusters_benchmark/6YYO_Q1K/full_base_c1_s20_n1,16.555686924926555,10.0,74.0,19.0,results/posebench_702_predictions/protenix_gpu/posebusters_benchmark/6YYO_Q1K/full_base_c1_s20_n1/output/6YYO_Q1K/seed_101/predictions/6YYO_Q1K_seed_101_sample_0.cif,A:220;B:220,external/PoseBench/data/posebusters_benchmark_set/6YYO_Q1K/6YYO_Q1K_protein.pdb,0.12441158294677734,29.511335372924805,0.19847892224788666,0.1392250508069992,20.819861450020845,0.0,76.252,ok,full_base_c1_s20_n1,11.13196898036469,False,9.429202660908466,False,results/posebench_702_predictions/protenix_gpu/posebusters_benchmark/6YYO_Q1K/full_base_c1_s20_n1/run_status.json,,,,,ok
results/posebench_702_predictions/protenix_gpu/posebusters_benchmark/6Z0R_Q4H/full_base_c1_s20_n1/output/6Z0R_Q4H/seed_101/predictions/6Z0R_Q4H_seed_101_summary_confidence_sample_0.json,posebusters_benchmark,4,results/posebench_702_predictions/protenix_gpu/posebusters_benchmark/6Z0R_Q4H/full_base_c1_s20_n1/inputs/6Z0R_Q4H.json,external/PoseBench/data/posebusters_benchmark_set/6Z0R_Q4H/6Z0R_Q4H_ligand.sdf,9.0,N#Cc1cncnc1N,295.0,A:295,protenix_base_default_v0.5.0,6Z0R_Q4H,1.0,9.0,results/posebench_702_predictions/protenix_gpu/posebusters_benchmark/6Z0R_Q4H/full_base_c1_s20_n1,15.577296067854276,10.0,42.0,9.0,results/posebench_702_predictions/protenix_gpu/posebusters_benchmark/6Z0R_Q4H/full_base_c1_s20_n1/output/6Z0R_Q4H/seed_101/predictions/6Z0R_Q4H_seed_101_sample_0.cif,A:295,external/PoseBench/data/posebusters_benchmark_set/6Z0R_Q4H/6Z0R_Q4H_protein.pdb,0.1906002163887024,31.49738311767578,0.1893397718667984,0.19034811854362488,19.025088047423893,0.0,75.136,ok,full_base_c1_s20_n1,6.756364125760486,False,7.162832914148801,False,results/posebench_702_predictions/protenix_gpu/posebusters_benchmark/6Z0R_Q4H/full_base_c1_s20_n1/run_status.json,,,,,ok
results/posebench_702_predictions/protenix_gpu/posebusters_benchmark/6Z14_Q4Z/full_base_c1_s20_n1/output/6Z14_Q4Z/seed_101/predictions/6Z14_Q4Z_seed_101_summary_confidence_sample_0.json,posebusters_benchmark,7,results/posebench_702_predictions/protenix_gpu/posebusters_benchmark/6Z14_Q4Z/full_base_c1_s20_n1/inputs/6Z14_Q4Z.json,external/PoseBench/data/posebusters_benchmark_set/6Z14_Q4Z/6Z14_Q4Z_ligand.sdf,18.0,CC1=[NH+][C@H]2[C@@H](O1)O[C@H](COS(=O)(=O)[O-])[C@@H](O)[C@@H]2O,694.0,concat:694,protenix_base_default_v0.5.0,6Z14_Q4Z,1.0,18.0,results/posebench_702_predictions/protenix_gpu/posebusters_benchmark/6Z14_Q4Z/full_base_c1_s20_n1,,10.0,0.0,18.0,results/posebench_702_predictions/protenix_gpu/posebusters_benchmark/6Z14_Q4Z/full_base_c1_s20_n1/output/6Z14_Q4Z/seed_101/predictions/6Z14_Q4Z_seed_101_sample_0.cif,J:694,external/PoseBench/data/posebusters_benchmark_set/6Z14_Q4Z/6Z14_Q4Z_protein.pdb,0.26225414872169495,34.98369598388672,0.24378976225852966,0.25856128334999084,25.470661391168015,0.0,85.609,ok,full_base_c1_s20_n1,,False,21.726476718784554,False,results/posebench_702_predictions/protenix_gpu/posebusters_benchmark/6Z14_Q4Z/full_base_c1_s20_n1/run_status.json,,,,,ok
results/posebench_702_predictions/protenix_gpu/posebusters_benchmark/6Z1C_7EY/full_base_c1_s20_n1/output/6Z1C_7EY/seed_101/predictions/6Z1C_7EY_seed_101_summary_confidence_sample_0.json,posebusters_benchmark,6,results/posebench_702_predictions/protenix_gpu/posebusters_benchmark/6Z1C_7EY/full_base_c1_s20_n1/inputs/6Z1C_7EY.json,external/PoseBench/data/posebusters_benchmark_set/6Z1C_7EY/6Z1C_7EY_ligand.sdf,22.0,Cc1ccc(-c2csc3ncnc(SCCC(=O)O)c23)cc1,331.0,A:331,protenix_base_default_v0.5.0,6Z1C_7EY,1.0,22.0,results/posebench_702_predictions/protenix_gpu/posebusters_benchmark/6Z1C_7EY/full_base_c1_s20_n1,13.492856462310725,10.0,64.0,22.0,results/posebench_702_predictions/protenix_gpu/posebusters_benchmark/6Z1C_7EY/full_base_c1_s20_n1/output/6Z1C_7EY/seed_101/predictions/6Z1C_7EY_seed_101_sample_0.cif,A:331,external/PoseBench/data/posebusters_benchmark_set/6Z1C_7EY/6Z1C_7EY_protein.pdb,0.20743626356124878,31.975400924682617,0.18667910993099213,0.2032848447561264,20.446881491871707,0.0,74.624,ok,full_base_c1_s20_n1,16.13411637735916,False,18.640521054872018,False,results/posebench_702_predictions/protenix_gpu/posebusters_benchmark/6Z1C_7EY/full_base_c1_s20_n1/run_status.json,,,,,ok
results/posebench_702_predictions/protenix_gpu/posebusters_benchmark/6Z2C_Q5E/full_base_c1_s20_n1/output/6Z2C_Q5E/seed_101/predictions/6Z2C_Q5E_seed_101_summary_confidence_sample_0.json,posebusters_benchmark,5,results/posebench_702_predictions/protenix_gpu/posebusters_benchmark/6Z2C_Q5E/full_base_c1_s20_n1/inputs/6Z2C_Q5E.json,external/PoseBench/data/posebusters_benchmark_set/6Z2C_Q5E/6Z2C_Q5E_ligand.sdf,26.0,O=C(O)CCCCCN1C(=O)[C@@H]2[C@H](C1=O)[C@]1(Cl)C(Cl)=C(Cl)[C@@]2(Cl)C1(Cl)Cl,531.0,"A:178,B:177,C:176",protenix_base_default_v0.5.0,6Z2C_Q5E,3.0,26.0,results/posebench_702_predictions/protenix_gpu/posebusters_benchmark/6Z2C_Q5E/full_base_c1_s20_n1,12.09288686884802,10.0,62.0,26.0,results/posebench_702_predictions/protenix_gpu/posebusters_benchmark/6Z2C_Q5E/full_base_c1_s20_n1/output/6Z2C_Q5E/seed_101/predictions/6Z2C_Q5E_seed_101_sample_0.cif,A:178;B:177;C:176,external/PoseBench/data/posebusters_benchmark_set/6Z2C_Q5E/6Z2C_Q5E_protein.pdb,0.11823180317878723,38.019596099853516,0.2441147118806839,0.1434083878993988,22.631794767161843,0.0,90.969,ok,full_base_c1_s20_n1,12.256023113836093,False,23.450903139145932,False,results/posebench_702_predictions/protenix_gpu/posebusters_benchmark/6Z2C_Q5E/full_base_c1_s20_n1/run_status.json,,,,,ok
results/posebench_702_predictions/protenix_gpu/posebusters_benchmark/6Z4N_Q7B/full_base_c1_s20_n1/output/6Z4N_Q7B/seed_101/predictions/6Z4N_Q7B_seed_101_summary_confidence_sample_0.json,posebusters_benchmark,4,results/posebench_702_predictions/protenix_gpu/posebusters_benchmark/6Z4N_Q7B/full_base_c1_s20_n1/inputs/6Z4N_Q7B.json,external/PoseBench/data/posebusters_benchmark_set/6Z4N_Q7B/6Z4N_Q7B_ligand.sdf,20.0,Cc1ccc(C[C@@]2(C(=O)O)C[C@H]2c2ccccc2)cc1,639.0,"A:321,B:318",protenix_base_default_v0.5.0,6Z4N_Q7B,2.0,20.0,results/posebench_702_predictions/protenix_gpu/posebusters_benchmark/6Z4N_Q7B/full_base_c1_s20_n1,13.220097540949697,10.0,73.0,20.0,results/posebench_702_predictions/protenix_gpu/posebusters_benchmark/6Z4N_Q7B/full_base_c1_s20_n1/output/6Z4N_Q7B/seed_101/predictions/6Z4N_Q7B_seed_101_sample_0.cif,A:321;B:318,external/PoseBench/data/posebusters_benchmark_set/6Z4N_Q7B/6Z4N_Q7B_protein.pdb,0.13022346794605255,38.64397048950195,0.2730317711830139,0.1587851345539093,21.719284038247476,0.0,86.218,ok,full_base_c1_s20_n1,8.0755276240127,False,20.461685794939275,False,results/posebench_702_predictions/protenix_gpu/posebusters_benchmark/6Z4N_Q7B/full_base_c1_s20_n1/run_status.json,,,,,ok
results/posebench_702_predictions/protenix_gpu/posebusters_benchmark/6Z5Z_BDF/full_base_c1_s20_n1/output/6Z5Z_BDF/seed_101/predictions/6Z5Z_BDF_seed_101_summary_confidence_sample_0.json,posebusters_benchmark,7,results/posebench_702_predictions/protenix_gpu/posebusters_benchmark/6Z5Z_BDF/full_base_c1_s20_n1/inputs/6Z5Z_BDF.json,external/PoseBench/data/posebusters_benchmark_set/6Z5Z_BDF/6Z5Z_BDF_ligand.sdf,12.0,OC[C@@]1(O)OC[C@@H](O)[C@@H](O)[C@@H]1O,88.0,A:88,protenix_base_default_v0.5.0,6Z5Z_BDF,1.0,12.0,results/posebench_702_predictions/protenix_gpu/posebusters_benchmark/6Z5Z_BDF/full_base_c1_s20_n1,1.9079877416296718,10.0,23.0,12.0,results/posebench_702_predictions/protenix_gpu/posebusters_benchmark/6Z5Z_BDF/full_base_c1_s20_n1/output/6Z5Z_BDF/seed_101/predictions/6Z5Z_BDF_seed_101_sample_0.cif,A:88,external/PoseBench/data/posebusters_benchmark_set/6Z5Z_BDF/6Z5Z_BDF_protein.pdb,0.2688640058040619,61.1768798828125,0.44125115871429443,0.30334144830703735,7.181122568020403,0.0,69.364,ok,full_base_c1_s20_n1,17.41313310549813,False,18.55834110920947,False,results/posebench_702_predictions/protenix_gpu/posebusters_benchmark/6Z5Z_BDF/full_base_c1_s20_n1/run_status.json,,,,,ok
results/posebench_702_predictions/protenix_gpu/posebusters_benchmark/6ZAE_ACV/full_base_c1_s20_n1/output/6ZAE_ACV/seed_101/predictions/6ZAE_ACV_seed_101_summary_confidence_sample_0.json,posebusters_benchmark,6,results/posebench_702_predictions/protenix_gpu/posebusters_benchmark/6ZAE_ACV/full_base_c1_s20_n1/inputs/6ZAE_ACV.json,external/PoseBench/data/posebusters_benchmark_set/6ZAE_ACV/6ZAE_ACV_ligand.sdf,24.0,CC(C)[C@@H](NC(=O)[C@H](CS)NC(=O)CCC[C@H](N)C(=O)O)C(=O)O,328.0,A:328,protenix_base_default_v0.5.0,6ZAE_ACV,1.0,24.0,results/posebench_702_predictions/protenix_gpu/posebusters_benchmark/6ZAE_ACV/full_base_c1_s20_n1,14.315942295092126,10.0,92.0,24.0,results/posebench_702_predictions/protenix_gpu/posebusters_benchmark/6ZAE_ACV/full_base_c1_s20_n1/output/6ZAE_ACV/seed_101/predictions/6ZAE_ACV_seed_101_sample_0.cif,A:328,external/PoseBench/data/posebusters_benchmark_set/6ZAE_ACV/6ZAE_ACV_protein.pdb,0.18404996395111084,29.27253532409668,0.1814505010843277,0.1835300624370575,22.17047301256116,0.0,71.563,ok,full_base_c1_s20_n1,13.566153691903654,False,10.2888581522525,False,results/posebench_702_predictions/protenix_gpu/posebusters_benchmark/6ZAE_ACV/full_base_c1_s20_n1/run_status.json,,,,,ok
results/posebench_702_predictions/protenix_gpu/posebusters_benchmark/6ZC3_JOR/full_base_c1_s20_n1/output/6ZC3_JOR/seed_101/predictions/6ZC3_JOR_seed_101_summary_confidence_sample_0.json,posebusters_benchmark,5,results/posebench_702_predictions/protenix_gpu/posebusters_benchmark/6ZC3_JOR/full_base_c1_s20_n1/inputs/6ZC3_JOR.json,external/PoseBench/data/posebusters_benchmark_set/6ZC3_JOR/6ZC3_JOR_ligand.sdf,15.0,CS(=O)(=O)Nc1ccc(F)cc1C(=O)O,183.0,"A:90,B:93",protenix_base_default_v0.5.0,6ZC3_JOR,2.0,15.0,results/posebench_702_predictions/protenix_gpu/posebusters_benchmark/6ZC3_JOR/full_base_c1_s20_n1,10.748309332772676,10.0,54.0,15.0,results/posebench_702_predictions/protenix_gpu/posebusters_benchmark/6ZC3_JOR/full_base_c1_s20_n1/output/6ZC3_JOR/seed_101/predictions/6ZC3_JOR_seed_101_sample_0.cif,A:90;B:93,external/PoseBench/data/posebusters_benchmark_set/6ZC3_JOR/6ZC3_JOR_protein.pdb,0.0981384739279747,38.6161994934082,0.20304423570632935,0.11911962926387787,15.5770635289908,0.0,76.211,ok,full_base_c1_s20_n1,16.373918018440865,False,18.282994975972652,False,results/posebench_702_predictions/protenix_gpu/posebusters_benchmark/6ZC3_JOR/full_base_c1_s20_n1/run_status.json,,,,,ok
results/posebench_702_predictions/protenix_gpu/posebusters_benchmark/6ZCY_QF8/full_base_c1_s20_n1/output/6ZCY_QF8/seed_101/predictions/6ZCY_QF8_seed_101_summary_confidence_sample_0.json,posebusters_benchmark,4,results/posebench_702_predictions/protenix_gpu/posebusters_benchmark/6ZCY_QF8/full_base_c1_s20_n1/inputs/6ZCY_QF8.json,external/PoseBench/data/posebusters_benchmark_set/6ZCY_QF8/6ZCY_QF8_ligand.sdf,33.0,CNC(=O)c1nn(C)c2ccc(Nc3nccc(-n4cc(N[C@@H]5CCNC5)c(C)n4)n3)cc12,265.0,A:265,protenix_base_default_v0.5.0,6ZCY_QF8,1.0,33.0,results/posebench_702_predictions/protenix_gpu/posebusters_benchmark/6ZCY_QF8/full_base_c1_s20_n1,12.306200270063423,10.0,63.0,33.0,results/posebench_702_predictions/protenix_gpu/posebusters_benchmark/6ZCY_QF8/full_base_c1_s20_n1/output/6ZCY_QF8/seed_101/predictions/6ZCY_QF8_seed_101_sample_0.cif,A:265,external/PoseBench/data/posebusters_benchmark_set/6ZCY_QF8/6ZCY_QF8_protein.pdb,0.23941929638385773,35.24195098876953,0.2168094664812088,0.23489734530448914,20.134966797641805,0.0,82.692,ok,full_base_c1_s20_n1,11.31474604783596,False,9.364973973322646,False,results/posebench_702_predictions/protenix_gpu/posebusters_benchmark/6ZCY_QF8/full_base_c1_s20_n1/run_status.json,,,,,ok
results/posebench_702_predictions/protenix_gpu/posebusters_benchmark/6ZK5_IMH/full_base_c1_s20_n1/output/6ZK5_IMH/seed_101/predictions/6ZK5_IMH_seed_101_summary_confidence_sample_0.json,posebusters_benchmark,7,results/posebench_702_predictions/protenix_gpu/posebusters_benchmark/6ZK5_IMH/full_base_c1_s20_n1/inputs/6ZK5_IMH.json,external/PoseBench/data/posebusters_benchmark_set/6ZK5_IMH/6ZK5_IMH_ligand.sdf,19.0,OC[C@H]1N[C@@H](c2c[nH]c3c(O)ncnc23)[C@H](O)[C@@H]1O,632.0,"A:316,B:316",protenix_base_default_v0.5.0,6ZK5_IMH,2.0,19.0,results/posebench_702_predictions/protenix_gpu/posebusters_benchmark/6ZK5_IMH/full_base_c1_s20_n1,14.182090127475012,10.0,78.0,19.0,results/posebench_702_predictions/protenix_gpu/posebusters_benchmark/6ZK5_IMH/full_base_c1_s20_n1/output/6ZK5_IMH/seed_101/predictions/6ZK5_IMH_seed_101_sample_0.cif,A:316;B:316,external/PoseBench/data/posebusters_benchmark_set/6ZK5_IMH/6ZK5_IMH_protein.pdb,0.14358554780483246,33.5101432800293,0.24089431762695312,0.16304729878902435,23.123358327260764,0.0,85.064,ok,full_base_c1_s20_n1,9.863570598053228,False,18.500427311861447,False,results/posebench_702_predictions/protenix_gpu/posebusters_benchmark/6ZK5_IMH/full_base_c1_s20_n1/run_status.json,,,,,ok
results/posebench_702_predictions/protenix_gpu/posebusters_benchmark/6ZPB_3D1/full_base_c1_s20_n1/output/6ZPB_3D1/seed_101/predictions/6ZPB_3D1_seed_101_summary_confidence_sample_0.json,posebusters_benchmark,6,results/posebench_702_predictions/protenix_gpu/posebusters_benchmark/6ZPB_3D1/full_base_c1_s20_n1/inputs/6ZPB_3D1.json,external/PoseBench/data/posebusters_benchmark_set/6ZPB_3D1/6ZPB_3D1_ligand.sdf,18.0,Nc1ncnc2c1ncn2[C@H]1C[C@H](O)[C@@H](CO)O1,173.0,A:173,protenix_base_default_v0.5.0,6ZPB_3D1,1.0,18.0,results/posebench_702_predictions/protenix_gpu/posebusters_benchmark/6ZPB_3D1/full_base_c1_s20_n1,9.97760873971895,10.0,53.0,18.0,results/posebench_702_predictions/protenix_gpu/posebusters_benchmark/6ZPB_3D1/full_base_c1_s20_n1/output/6ZPB_3D1/seed_101/predictions/6ZPB_3D1_seed_101_sample_0.cif,A:173,external/PoseBench/data/posebusters_benchmark_set/6ZPB_3D1/6ZPB_3D1_protein.pdb,0.27067992091178894,44.8478889465332,0.2859233319759369,0.273728609085083,17.55130807147075,0.0,92.714,ok,full_base_c1_s20_n1,7.154112597391743,False,8.647518794297437,False,results/posebench_702_predictions/protenix_gpu/posebusters_benchmark/6ZPB_3D1/full_base_c1_s20_n1/run_status.json,,,,,ok
results/posebench_702_predictions/protenix_gpu/posebusters_benchmark/6ZR8_QOZ/full_base_c1_s20_n1/output/6ZR8_QOZ/seed_101/predictions/6ZR8_QOZ_seed_101_summary_confidence_sample_0.json,posebusters_benchmark,5,results/posebench_702_predictions/protenix_gpu/posebusters_benchmark/6ZR8_QOZ/full_base_c1_s20_n1/inputs/6ZR8_QOZ.json,external/PoseBench/data/posebusters_benchmark_set/6ZR8_QOZ/6ZR8_QOZ_ligand.sdf,33.0,NS(=O)(=O)c1ccc(NC(=O)CN2CCN(C(c3ccccc3)c3ccccc3)CC2)cc1,260.0,A:260,protenix_base_default_v0.5.0,6ZR8_QOZ,1.0,33.0,results/posebench_702_predictions/protenix_gpu/posebusters_benchmark/6ZR8_QOZ/full_base_c1_s20_n1,13.02628304790802,10.0,69.0,33.0,results/posebench_702_predictions/protenix_gpu/posebusters_benchmark/6ZR8_QOZ/full_base_c1_s20_n1/output/6ZR8_QOZ/seed_101/predictions/6ZR8_QOZ_seed_101_sample_0.cif,A:260,external/PoseBench/data/posebusters_benchmark_set/6ZR8_QOZ/6ZR8_QOZ_protein.pdb,0.3019828796386719,34.972259521484375,0.30806979537010193,0.30320027470588684,17.804635483815897,0.0,89.231,ok,full_base_c1_s20_n1,10.601350100616525,False,13.024000472013183,False,results/posebench_702_predictions/protenix_gpu/posebusters_benchmark/6ZR8_QOZ/full_base_c1_s20_n1/run_status.json,,,,,ok
results/posebench_702_predictions/protenix_gpu/posebusters_benchmark/6ZT2_QPK/full_base_c1_s20_n1/output/6ZT2_QPK/seed_101/predictions/6ZT2_QPK_seed_101_summary_confidence_sample_0.json,posebusters_benchmark,4,results/posebench_702_predictions/protenix_gpu/posebusters_benchmark/6ZT2_QPK/full_base_c1_s20_n1/inputs/6ZT2_QPK.json,external/PoseBench/data/posebusters_benchmark_set/6ZT2_QPK/6ZT2_QPK_ligand.sdf,10.0,Oc1c(F)ccc(Cl)c1F,252.0,A:252,protenix_base_default_v0.5.0,6ZT2_QPK,1.0,10.0,results/posebench_702_predictions/protenix_gpu/posebusters_benchmark/6ZT2_QPK/full_base_c1_s20_n1,11.80713449673461,10.0,56.0,10.0,results/posebench_702_predictions/protenix_gpu/posebusters_benchmark/6ZT2_QPK/full_base_c1_s20_n1/output/6ZT2_QPK/seed_101/predictions/6ZT2_QPK_seed_101_sample_0.cif,A:252,external/PoseBench/data/posebusters_benchmark_set/6ZT2_QPK/6ZT2_QPK_protein.pdb,0.39352545142173767,39.06184005737305,0.3713342845439911,0.3890872299671173,19.176583559532467,0.0,90.218,ok,full_base_c1_s20_n1,8.209491874177012,False,10.069194641045506,False,results/posebench_702_predictions/protenix_gpu/posebusters_benchmark/6ZT2_QPK/full_base_c1_s20_n1/run_status.json,,,,,ok
results/posebench_702_predictions/protenix_gpu/posebusters_benchmark/6ZX3_QRZ/full_base_c1_s20_n1/output/6ZX3_QRZ/seed_101/predictions/6ZX3_QRZ_seed_101_summary_confidence_sample_0.json,posebusters_benchmark,7,results/posebench_702_predictions/protenix_gpu/posebusters_benchmark/6ZX3_QRZ/full_base_c1_s20_n1/inputs/6ZX3_QRZ.json,external/PoseBench/data/posebusters_benchmark_set/6ZX3_QRZ/6ZX3_QRZ_ligand.sdf,24.0,NC(=S)c1cc(=O)[nH]c(=O)n1[C@@H]1O[C@H](COP(=O)(O)O)[C@@H](O)[C@H]1O,257.0,A:257,protenix_base_default_v0.5.0,6ZX3_QRZ,1.0,24.0,results/posebench_702_predictions/protenix_gpu/posebusters_benchmark/6ZX3_QRZ/full_base_c1_s20_n1,11.066278428829538,10.0,73.0,24.0,results/posebench_702_predictions/protenix_gpu/posebusters_benchmark/6ZX3_QRZ/full_base_c1_s20_n1/output/6ZX3_QRZ/seed_101/predictions/6ZX3_QRZ_seed_101_sample_0.cif,A:257,external/PoseBench/data/posebusters_benchmark_set/6ZX3_QRZ/6ZX3_QRZ_protein.pdb,0.19974279403686523,34.23887634277344,0.1924705058336258,0.19828835129737854,15.322085254231848,0.0,93.809,ok,full_base_c1_s20_n1,9.444443503757466,False,8.065041127728422,False,results/posebench_702_predictions/protenix_gpu/posebusters_benchmark/6ZX3_QRZ/full_base_c1_s20_n1/run_status.json,,,,,ok
results/posebench_702_predictions/protenix_gpu/posebusters_benchmark/6ZXQ_IMO/full_base_c1_s20_n1/output/6ZXQ_IMO/seed_101/predictions/6ZXQ_IMO_seed_101_summary_confidence_sample_0.json,posebusters_benchmark,6,results/posebench_702_predictions/protenix_gpu/posebusters_benchmark/6ZXQ_IMO/full_base_c1_s20_n1/inputs/6ZXQ_IMO.json,external/PoseBench/data/posebusters_benchmark_set/6ZXQ_IMO/6ZXQ_IMO_ligand.sdf,27.0,O=P(O)(O)OC[C@H]1O[C@@H](n2cnc3c(OP(=O)(O)O)ncnc32)[C@H](O)[C@@H]1O,410.0,A:410,protenix_base_default_v0.5.0,6ZXQ_IMO,1.0,27.0,results/posebench_702_predictions/protenix_gpu/posebusters_benchmark/6ZXQ_IMO/full_base_c1_s20_n1,16.26432462484445,10.0,92.0,27.0,results/posebench_702_predictions/protenix_gpu/posebusters_benchmark/6ZXQ_IMO/full_base_c1_s20_n1/output/6ZXQ_IMO/seed_101/predictions/6ZXQ_IMO_seed_101_sample_0.cif,A:410,external/PoseBench/data/posebusters_benchmark_set/6ZXQ_IMO/6ZXQ_IMO_protein.pdb,0.2544633448123932,30.916378021240234,0.18818216025829315,0.24120710790157318,21.649509299221485,0.0,81.087,ok,full_base_c1_s20_n1,10.986781212878785,False,18.92817221227943,False,results/posebench_702_predictions/protenix_gpu/posebusters_benchmark/6ZXQ_IMO/full_base_c1_s20_n1/run_status.json,,,,,ok
results/posebench_702_predictions/protenix_gpu/posebusters_benchmark/7A1P_QW2/full_base_c1_s20_n1/output/7A1P_QW2/seed_101/predictions/7A1P_QW2_seed_101_summary_confidence_sample_0.json,posebusters_benchmark,5,results/posebench_702_predictions/protenix_gpu/posebusters_benchmark/7A1P_QW2/full_base_c1_s20_n1/inputs/7A1P_QW2.json,external/PoseBench/data/posebusters_benchmark_set/7A1P_QW2/7A1P_QW2_ligand.sdf,13.0,CCC[C@@H](CC(=O)C(=O)O)C(=O)O,356.0,"A:338,B:18",protenix_base_default_v0.5.0,7A1P_QW2,2.0,13.0,results/posebench_702_predictions/protenix_gpu/posebusters_benchmark/7A1P_QW2/full_base_c1_s20_n1,16.150020181112783,10.0,76.0,13.0,results/posebench_702_predictions/protenix_gpu/posebusters_benchmark/7A1P_QW2/full_base_c1_s20_n1/output/7A1P_QW2/seed_101/predictions/7A1P_QW2_seed_101_sample_0.cif,A:338;B:18,external/PoseBench/data/posebusters_benchmark_set/7A1P_QW2/7A1P_QW2_protein.pdb,0.13786345720291138,38.9049186706543,0.20767374336719513,0.15182551741600037,21.941313738396943,0.0,86.974,ok,full_base_c1_s20_n1,10.821309681355368,False,10.809220724567897,False,results/posebench_702_predictions/protenix_gpu/posebusters_benchmark/7A1P_QW2/full_base_c1_s20_n1/run_status.json,,,,,ok
results/posebench_702_predictions/protenix_gpu/posebusters_benchmark/7A9E_R4W/full_base_c1_s20_n1/output/7A9E_R4W/seed_101/predictions/7A9E_R4W_seed_101_summary_confidence_sample_0.json,posebusters_benchmark,4,results/posebench_702_predictions/protenix_gpu/posebusters_benchmark/7A9E_R4W/full_base_c1_s20_n1/inputs/7A9E_R4W.json,external/PoseBench/data/posebusters_benchmark_set/7A9E_R4W/7A9E_R4W_ligand.sdf,6.0,CCS(C)(=O)=O,379.0,A:379,protenix_base_default_v0.5.0,7A9E_R4W,1.0,6.0,results/posebench_702_predictions/protenix_gpu/posebusters_benchmark/7A9E_R4W/full_base_c1_s20_n1,12.01025683753392,10.0,41.0,6.0,results/posebench_702_predictions/protenix_gpu/posebusters_benchmark/7A9E_R4W/full_base_c1_s20_n1/output/7A9E_R4W/seed_101/predictions/7A9E_R4W_seed_101_sample_0.cif,A:379,external/PoseBench/data/posebusters_benchmark_set/7A9E_R4W/7A9E_R4W_protein.pdb,0.17509151995182037,30.74021339416504,0.20930397510528564,0.18193402886390686,22.500023388182907,0.0,70.6,ok,full_base_c1_s20_n1,6.599542980856634,False,19.1920493472029,False,results/posebench_702_predictions/protenix_gpu/posebusters_benchmark/7A9E_R4W/full_base_c1_s20_n1/run_status.json,,,,,ok
results/posebench_702_predictions/protenix_gpu/posebusters_benchmark/7A9H_TPP/full_base_c1_s20_n1/output/7A9H_TPP/seed_101/predictions/7A9H_TPP_seed_101_summary_confidence_sample_0.json,posebusters_benchmark,7,results/posebench_702_predictions/protenix_gpu/posebusters_benchmark/7A9H_TPP/full_base_c1_s20_n1/inputs/7A9H_TPP.json,external/PoseBench/data/posebusters_benchmark_set/7A9H_TPP/7A9H_TPP_ligand.sdf,26.0,Cc1ncc(C[n+]2csc(CCO[P@](=O)(O)OP(=O)(O)O)c2C)c(N)n1,1090.0,"A:545,B:545",protenix_base_default_v0.5.0,7A9H_TPP,2.0,26.0,results/posebench_702_predictions/protenix_gpu/posebusters_benchmark/7A9H_TPP/full_base_c1_s20_n1,14.373883073860801,10.0,91.0,26.0,results/posebench_702_predictions/protenix_gpu/posebusters_benchmark/7A9H_TPP/full_base_c1_s20_n1/output/7A9H_TPP/seed_101/predictions/7A9H_TPP_seed_101_sample_0.cif,A:545;B:546,external/PoseBench/data/posebusters_benchmark_set/7A9H_TPP/7A9H_TPP_protein.pdb,0.16028329730033875,33.45698928833008,0.23266467452049255,0.17475956678390503,29.971125373990215,0.0,101.091,ok,full_base_c1_s20_n1,13.571036623170311,False,20.690683664503286,False,results/posebench_702_predictions/protenix_gpu/posebusters_benchmark/7A9H_TPP/full_base_c1_s20_n1/run_status.json,,,,,ok
results/posebench_702_predictions/protenix_gpu/posebusters_benchmark/7AA0_R6B/full_base_c1_s20_n1/output/7AA0_R6B/seed_101/predictions/7AA0_R6B_seed_101_summary_confidence_sample_0.json,posebusters_benchmark,6,results/posebench_702_predictions/protenix_gpu/posebusters_benchmark/7AA0_R6B/full_base_c1_s20_n1/inputs/7AA0_R6B.json,external/PoseBench/data/posebusters_benchmark_set/7AA0_R6B/7AA0_R6B_ligand.sdf,26.0,CC(C)N1CCC(C)(C)c2cc(-c3ccc(/C=C/C(=O)O)cc3)ccc21,274.0,"B:137,A:137",protenix_base_default_v0.5.0,7AA0_R6B,2.0,26.0,results/posebench_702_predictions/protenix_gpu/posebusters_benchmark/7AA0_R6B/full_base_c1_s20_n1,14.114096482232416,10.0,64.0,26.0,results/posebench_702_predictions/protenix_gpu/posebusters_benchmark/7AA0_R6B/full_base_c1_s20_n1/output/7AA0_R6B/seed_101/predictions/7AA0_R6B_seed_101_sample_0.cif,B:137;A:138,external/PoseBench/data/posebusters_benchmark_set/7AA0_R6B/7AA0_R6B_protein.pdb,0.1510070413351059,39.70326614379883,0.23878386616706848,0.1685624122619629,22.992793814745138,0.0,84.406,ok,full_base_c1_s20_n1,8.348241668443892,False,23.64529121323597,False,results/posebench_702_predictions/protenix_gpu/posebusters_benchmark/7AA0_R6B/full_base_c1_s20_n1/run_status.json,,,,,ok
results/posebench_702_predictions/protenix_gpu/posebusters_benchmark/7AFX_R9K/full_base_c1_s20_n1/output/7AFX_R9K/seed_101/predictions/7AFX_R9K_seed_101_summary_confidence_sample_0.json,posebusters_benchmark,5,results/posebench_702_predictions/protenix_gpu/posebusters_benchmark/7AFX_R9K/full_base_c1_s20_n1/inputs/7AFX_R9K.json,external/PoseBench/data/posebusters_benchmark_set/7AFX_R9K/7AFX_R9K_ligand.sdf,20.0,Cc1cccc2c(-c3ccccc3Cl)c(C(=O)O)[nH]c12,463.0,"A:231,B:232",protenix_base_default_v0.5.0,7AFX_R9K,2.0,20.0,results/posebench_702_predictions/protenix_gpu/posebusters_benchmark/7AFX_R9K/full_base_c1_s20_n1,16.486787384307764,10.0,67.0,20.0,results/posebench_702_predictions/protenix_gpu/posebusters_benchmark/7AFX_R9K/full_base_c1_s20_n1/output/7AFX_R9K/seed_101/predictions/7AFX_R9K_seed_101_sample_0.cif,A:232;B:233,external/PoseBench/data/posebusters_benchmark_set/7AFX_R9K/7AFX_R9K_protein.pdb,0.1268201619386673,37.71788024902344,0.2661208212375641,0.1546802967786789,20.0359873494752,0.0,91.761,ok,full_base_c1_s20_n1,6.103445554365715,False,15.594051202174688,False,results/posebench_702_predictions/protenix_gpu/posebusters_benchmark/7AFX_R9K/full_base_c1_s20_n1/run_status.json,,,,,ok
results/posebench_702_predictions/protenix_gpu/posebusters_benchmark/7AKL_RK5/full_base_c1_s20_n1/output/7AKL_RK5/seed_101/predictions/7AKL_RK5_seed_101_summary_confidence_sample_0.json,posebusters_benchmark,4,results/posebench_702_predictions/protenix_gpu/posebusters_benchmark/7AKL_RK5/full_base_c1_s20_n1/inputs/7AKL_RK5.json,external/PoseBench/data/posebusters_benchmark_set/7AKL_RK5/7AKL_RK5_ligand.sdf,19.0,Cc1oc2ccc(-c3cc(N)nc(N)c3)cc2c1C,329.0,A:329,protenix_base_default_v0.5.0,7AKL_RK5,1.0,19.0,results/posebench_702_predictions/protenix_gpu/posebusters_benchmark/7AKL_RK5/full_base_c1_s20_n1,11.735476201567641,10.0,64.0,19.0,results/posebench_702_predictions/protenix_gpu/posebusters_benchmark/7AKL_RK5/full_base_c1_s20_n1/output/7AKL_RK5/seed_101/predictions/7AKL_RK5_seed_101_sample_0.cif,A:329,external/PoseBench/data/posebusters_benchmark_set/7AKL_RK5/7AKL_RK5_protein.pdb,0.18449100852012634,33.102508544921875,0.1799950748682022,0.183591827750206,17.268871547689358,0.0,104.261,ok,full_base_c1_s20_n1,8.90546707248974,False,6.786444988890114,False,results/posebench_702_predictions/protenix_gpu/posebusters_benchmark/7AKL_RK5/full_base_c1_s20_n1/run_status.json,,,,,ok
results/posebench_702_predictions/protenix_gpu/posebusters_benchmark/7AMC_73B/full_base_c1_s20_n1/output/7AMC_73B/seed_101/predictions/7AMC_73B_seed_101_summary_confidence_sample_0.json,posebusters_benchmark,7,results/posebench_702_predictions/protenix_gpu/posebusters_benchmark/7AMC_73B/full_base_c1_s20_n1/inputs/7AMC_73B.json,external/PoseBench/data/posebusters_benchmark_set/7AMC_73B/7AMC_73B_ligand.sdf,31.0,CC(=O)N1c2ccc(-c3ccc(C(=O)O)cc3)cc2[C@H](Nc2ccc(Cl)cc2)C[C@@H]1C,230.0,"A:115,B:115",protenix_base_default_v0.5.0,7AMC_73B,2.0,31.0,results/posebench_702_predictions/protenix_gpu/posebusters_benchmark/7AMC_73B/full_base_c1_s20_n1,11.263923899208006,10.0,49.0,31.0,results/posebench_702_predictions/protenix_gpu/posebusters_benchmark/7AMC_73B/full_base_c1_s20_n1/output/7AMC_73B/seed_101/predictions/7AMC_73B_seed_101_sample_0.cif,A:115;B:115,external/PoseBench/data/posebusters_benchmark_set/7AMC_73B/7AMC_73B_protein.pdb,0.137459859251976,43.35411071777344,0.2212165743112564,0.15421120822429657,17.97318721359963,0.0,83.304,ok,full_base_c1_s20_n1,15.930572741347385,False,23.652674809177505,False,results/posebench_702_predictions/protenix_gpu/posebusters_benchmark/7AMC_73B/full_base_c1_s20_n1/run_status.json,,,,,ok
results/posebench_702_predictions/protenix_gpu/posebusters_benchmark/7AN5_RDH/full_base_c1_s20_n1/output/7AN5_RDH/seed_101/predictions/7AN5_RDH_seed_101_summary_confidence_sample_0.json,posebusters_benchmark,6,results/posebench_702_predictions/protenix_gpu/posebusters_benchmark/7AN5_RDH/full_base_c1_s20_n1/inputs/7AN5_RDH.json,external/PoseBench/data/posebusters_benchmark_set/7AN5_RDH/7AN5_RDH_ligand.sdf,15.0,C=C(Oc1cccc(C(=O)O)c1)C(=O)O,565.0,"A:281,B:284",protenix_base_default_v0.5.0,7AN5_RDH,2.0,15.0,results/posebench_702_predictions/protenix_gpu/posebusters_benchmark/7AN5_RDH/full_base_c1_s20_n1,12.814993802538421,10.0,71.0,15.0,results/posebench_702_predictions/protenix_gpu/posebusters_benchmark/7AN5_RDH/full_base_c1_s20_n1/output/7AN5_RDH/seed_101/predictions/7AN5_RDH_seed_101_sample_0.cif,A:281;B:284,external/PoseBench/data/posebusters_benchmark_set/7AN5_RDH/7AN5_RDH_protein.pdb,0.11862504482269287,38.730560302734375,0.23205961287021637,0.14131195843219757,25.557374266433147,0.0,78.281,ok,full_base_c1_s20_n1,8.460155072416358,False,11.797898337136642,False,results/posebench_702_predictions/protenix_gpu/posebusters_benchmark/7AN5_RDH/full_base_c1_s20_n1/run_status.json,,,,,ok
results/posebench_702_predictions/protenix_gpu/posebusters_benchmark/7AS1_21G/full_base_c1_s20_n1/output/7AS1_21G/seed_101/predictions/7AS1_21G_seed_101_summary_confidence_sample_0.json,posebusters_benchmark,5,results/posebench_702_predictions/protenix_gpu/posebusters_benchmark/7AS1_21G/full_base_c1_s20_n1/inputs/7AS1_21G.json,external/PoseBench/data/posebusters_benchmark_set/7AS1_21G/7AS1_21G_ligand.sdf,29.0,O=C(O)[C@H]1[C@H]2CC[C@H](CC2)[C@@H]1Nc1nc(-c2c[nH]c3ncc(F)cc23)ncc1F,162.0,A:162,protenix_base_default_v0.5.0,7AS1_21G,1.0,29.0,results/posebench_702_predictions/protenix_gpu/posebusters_benchmark/7AS1_21G/full_base_c1_s20_n1,11.05553658452116,10.0,59.0,29.0,results/posebench_702_predictions/protenix_gpu/posebusters_benchmark/7AS1_21G/full_base_c1_s20_n1/output/7AS1_21G/seed_101/predictions/7AS1_21G_seed_101_sample_0.cif,A:162,external/PoseBench/data/posebusters_benchmark_set/7AS1_21G/7AS1_21G_protein.pdb,0.19020099937915802,39.55111312866211,0.2615100145339966,0.20446281135082245,16.34691957106279,0.0,88.213,ok,full_base_c1_s20_n1,11.057765857420426,False,15.618185615583608,False,results/posebench_702_predictions/protenix_gpu/posebusters_benchmark/7AS1_21G/full_base_c1_s20_n1/run_status.json,,,,,ok
results/posebench_702_predictions/protenix_gpu/posebusters_benchmark/7AVI_S2Q/full_base_c1_s20_n1/output/7AVI_S2Q/seed_101/predictions/7AVI_S2Q_seed_101_summary_confidence_sample_0.json,posebusters_benchmark,4,results/posebench_702_predictions/protenix_gpu/posebusters_benchmark/7AVI_S2Q/full_base_c1_s20_n1/inputs/7AVI_S2Q.json,external/PoseBench/data/posebusters_benchmark_set/7AVI_S2Q/7AVI_S2Q_ligand.sdf,27.0,CC(C)c1noc2ncc(C(=O)N[C@H](C)c3cccc(S(N)(=O)=O)c3)cc12,944.0,"A:472,B:472",protenix_base_default_v0.5.0,7AVI_S2Q,2.0,27.0,results/posebench_702_predictions/protenix_gpu/posebusters_benchmark/7AVI_S2Q/full_base_c1_s20_n1,10.949703173016252,10.0,47.0,27.0,results/posebench_702_predictions/protenix_gpu/posebusters_benchmark/7AVI_S2Q/full_base_c1_s20_n1/output/7AVI_S2Q/seed_101/predictions/7AVI_S2Q_seed_101_sample_0.cif,A:472;B:472,external/PoseBench/data/posebusters_benchmark_set/7AVI_S2Q/7AVI_S2Q_protein.pdb,0.1385141909122467,38.164825439453125,0.20707768201828003,0.15222689509391785,30.915771441769685,0.0,96.932,ok,full_base_c1_s20_n1,30.231724791694013,False,56.059766713066985,False,results/posebench_702_predictions/protenix_gpu/posebusters_benchmark/7AVI_S2Q/full_base_c1_s20_n1/run_status.json,,,,,ok
results/posebench_702_predictions/protenix_gpu/posebusters_benchmark/7B0E_C2E/full_base_c1_s20_n1/output/7B0E_C2E/seed_101/predictions/7B0E_C2E_seed_101_summary_confidence_sample_0.json,posebusters_benchmark,7,results/posebench_702_predictions/protenix_gpu/posebusters_benchmark/7B0E_C2E/full_base_c1_s20_n1/inputs/7B0E_C2E.json,external/PoseBench/data/posebusters_benchmark_set/7B0E_C2E/7B0E_C2E_ligand.sdf,46.0,Nc1nc2c(ncn2[C@@H]2O[C@@H]3CO[P@](=O)(O)O[C@H]4[C@@H](O)[C@H](n5cnc6c(=O)[nH]c(N)nc65)O[C@@H]4CO[P@](=O)(O)O[C@H]3[C@H]2O)c(=O)[nH]1,270.0,A:270,protenix_base_default_v0.5.0,7B0E_C2E,1.0,46.0,results/posebench_702_predictions/protenix_gpu/posebusters_benchmark/7B0E_C2E/full_base_c1_s20_n1,8.587641971131845,10.0,45.0,46.0,results/posebench_702_predictions/protenix_gpu/posebusters_benchmark/7B0E_C2E/full_base_c1_s20_n1/output/7B0E_C2E/seed_101/predictions/7B0E_C2E_seed_101_sample_0.cif,A:270,external/PoseBench/data/posebusters_benchmark_set/7B0E_C2E/7B0E_C2E_protein.pdb,0.24064530432224274,36.133323669433594,0.26419490575790405,0.24535523355007172,12.499838216470527,0.0,73.184,ok,full_base_c1_s20_n1,19.03546460465027,False,18.751317040842842,False,results/posebench_702_predictions/protenix_gpu/posebusters_benchmark/7B0E_C2E/full_base_c1_s20_n1/run_status.json,,,,,ok
,posebusters_benchmark,5,results/posebench_702_predictions/protenix_gpu/posebusters_benchmark/7B2C_TP7/full_base_c1_s20_n1/inputs/7B2C_TP7.json,external/PoseBench/data/posebusters_benchmark_set/7B2C_TP7/7B2C_TP7_ligand.sdf,21.0,C[C@@H](OP(=O)(O)O)[C@H](NC(=O)CCCCCCS)C(=O)O,,,protenix_base_default_v0.5.0,7B2C_TP7,6.0,,results/posebench_702_predictions/protenix_gpu/posebusters_benchmark/7B2C_TP7/full_base_c1_s20_n1,,,,,,A:584;B:466;C:265;D:586;E:466;F:265,external/PoseBench/data/posebusters_benchmark_set/7B2C_TP7/7B2C_TP7_protein.pdb,,,,,,0.0,116.326,failed_no_prediction_cif,full_base_c1_s20_n1,,,,,results/posebench_702_predictions/protenix_gpu/posebusters_benchmark/7B2C_TP7/full_base_c1_s20_n1/run_status.json,"ld size: 1, global rank: 0, local rank: 0
2026-06-11 19:36:52,929 [<REMOTE_PROJECT_ROOT>/envs/protenix/lib/python3.10/site-packages/runner/inference.py:67] INFO root: LOCAL_RANK: 0 - CUDA_VISIBLE_DEVICES: [5]
2026-06-11 19:36:52,929 [<REMOTE_PROJECT_ROOT>/envs/protenix/lib/python3.10/site-packages/runner/inference.py:91] INFO root: Finished init ENV.
2026-06-11 19:38:23,723 [<REMOTE_PROJECT_ROOT>/envs/protenix/lib/python3.10/site-packages/runner/inference.py:163] INFO runner.inference: Loading from <REMOTE_PROJECT_ROOT>/envs/protenix/lib/python3.10/site-packages/./release_data/checkpoint//protenix_base_default_v0.5.0.pt, strict: True
2026-06-11 19:38:25,163 [<REMOTE_PROJECT_ROOT>/envs/protenix/lib/python3.10/site-packages/runner/inference.py:163] INFO runner.inference: Sampled key: module.input_embedder.atom_attention_encoder.linear_no_bias_ref_pos.weight
2026-06-11 19:38:25,249 [<REMOTE_PROJECT_ROOT>/envs/protenix/lib/python3.10/site-packages/runner/inference.py:163] INFO runner.inference: Finish loading checkpoint.

  0%|          | 0/1 [00:00<?, ?it/s]2026-06-11 19:38:25,255 [<REMOTE_PROJECT_ROOT>/envs/protenix/lib/python3.10/site-packages/runner/msa_search.py:109] WARNING runner.msa_search: the inference json file <REMOTE_PROJECT_ROOT>/results/posebench_702_predictions/protenix_gpu/posebusters_benchmark/7B2C_TP7/full_base_c1_s20_n1/inputs/7B2C_TP7.json 
do not contain msa and will not be updated,
and you set not using msa, in this mode, 
if you do not use esm feature, model performance might degrade significantly
2026-06-11 19:38:25,255 [<REMOTE_PROJECT_ROOT>/envs/protenix/lib/python3.10/site-packages/runner/inference.py:279] INFO runner.inference: Loading data from
<REMOTE_PROJECT_ROOT>/results/posebench_702_predictions/protenix_gpu/posebusters_benchmark/7B2C_TP7/full_base_c1_s20_n1/inputs/7B2C_TP7.json
2026-06-11 19:38:26,063 [<REMOTE_PROJECT_ROOT>/envs/protenix/lib/python3.10/site-packages/protenix/data/infer_data_pipeline.py:246] INFO protenix.data.infer_data_pipeline: Featurizing 7B2C_TP7...
2026-06-11 19:38:34,057 [<REMOTE_PROJECT_ROOT>/envs/protenix/lib/python3.10/site-packages/protenix/data/constraint_featurizer.py:381] INFO protenix.data.constraint_featurizer: Loaded constraint feature: #atom contact:0 #contact:0 #pocket:0
2026-06-11 19:38:41,086 [<REMOTE_PROJECT_ROOT>/envs/protenix/lib/python3.10/site-packages/runner/inference.py:303] INFO runner.inference: [Rank 0 (1/1)] 7B2C_TP7: N_asym 7, N_token 2653, N_atom 20418, N_msa 1
2026-06-11 19:38:42,527 [<REMOTE_PROJECT_ROOT>/envs/protenix/lib/python3.10/site-packages/runner/inference.py:329] INFO runner.inference: [Rank 0]7B2C_TP7 CUDA out of memory. Tried to allocate 3.65 GiB. GPU :
Traceback (most recent call last):
  File ""<REMOTE_PROJECT_ROOT>/envs/protenix/lib/python3.10/site-packages/runner/inference.py"", line 312, in infer_predict
    prediction = runner.predict(data)
  File ""<REMOTE_PROJECT_ROOT>/envs/protenix/lib/python3.10/site-packages/torch/utils/_contextlib.py"", line 115, in decorate_context
    return func(*args, **kwargs)
  File ""<REMOTE_PROJECT_ROOT>/envs/protenix/lib/python3.10/site-packages/runner/inference.py"", line 152, in predict
    prediction, _, _ = self.model(
  File ""<REMOTE_PROJECT_ROOT>/envs/protenix/lib/python3.10/site-packages/torch/nn/modules/module.py"", line 1532, in _wrapped_call_impl
    return self._call_impl(*args, **kwargs)
  File ""<REMOTE_PROJECT_ROOT>/envs/protenix/lib/python3.10/site-packages/torch/nn/modules/module.py"", line 1541, in _call_impl
    return forward_call(*args, **kwargs)
  File ""<REMOTE_PROJECT_ROOT>/envs/protenix/lib/python3.10/site-packages/protenix/model/protenix.py"", line 722, in forward
    pred_dict, log_dict, time_tracker = self.main_inference_loop(
  File ""<REMOTE_PROJECT_ROOT>/envs/protenix/lib/python3.10/site-packages/protenix/model/protenix.py"", line 338, in main_inference_loop
    pred_dict, log_dict, time_tracker = self._main_inference_loop(
  File ""<REMOTE_PROJECT_ROOT>/envs/protenix/lib/python3.10/site-packages/protenix/model/protenix.py"", line 399, in _main_inference_loop
    s_inputs, s, z = self.get_pairformer_output(
  File ""<REMOTE_PROJECT_ROOT>/envs/protenix/lib/python3.10/site-packages/protenix/model/protenix.py"", line 175, in get_pairformer_output
    z_init += self.relative_position_encoding(input_feature_dict)
  File ""<REMOTE_PROJECT_ROOT>/envs/protenix/lib/python3.10/site-packages/torch/nn/modules/module.py"", line 1532, in _wrapped_call_impl
    return self._call_impl(*args, **kwargs)
  File ""<REMOTE_PROJECT_ROOT>/envs/protenix/lib/python3.10/site-packages/torch/nn/modules/module.py"", line 1541, in _call_impl
    return forward_call(*args, **kwargs)
  File ""<REMOTE_PROJECT_ROOT>/envs/protenix/lib/python3.10/site-packages/protenix/model/modules/embedders.py"", line 226, in forward
    ).float()
torch.cuda.OutOfMemoryError: CUDA out of memory. Tried to allocate 3.65 GiB. GPU 


100%|██████████| 1/1 [00:17<00:00, 17.52s/it]
100%|██████████| 1/1 [00:17<00:00, 17.52s/it]
","Try to find the ccd cache data in the code directory for inference.
[2026-06-11 19:36:51,546] [INFO] [real_accelerator.py:219:get_accelerator] Setting ds_accelerator to cuda (auto detect)
train scheduler 16.0
inference scheduler 16.0
Diffusion Module has 16.0
",,,gpu_oom
results/posebench_702_predictions/protenix_gpu/posebusters_benchmark/7B94_ANP/full_base_c1_s20_n1/output/7B94_ANP/seed_101/predictions/7B94_ANP_seed_101_summary_confidence_sample_0.json,posebusters_benchmark,5,results/posebench_702_predictions/protenix_gpu/posebusters_benchmark/7B94_ANP/full_base_c1_s20_n1/inputs/7B94_ANP.json,external/PoseBench/data/posebusters_benchmark_set/7B94_ANP/7B94_ANP_ligand.sdf,31.0,Nc1ncnc2c1ncn2[C@@H]1O[C@H](CO[P@@](=O)(O)O[P@](=O)(O)NP(=O)(O)O)[C@@H](O)[C@H]1O,596.0,"A:301,B:295",protenix_base_default_v0.5.0,7B94_ANP,2.0,31.0,results/posebench_702_predictions/protenix_gpu/posebusters_benchmark/7B94_ANP/full_base_c1_s20_n1,14.23837935616497,10.0,69.0,31.0,results/posebench_702_predictions/protenix_gpu/posebusters_benchmark/7B94_ANP/full_base_c1_s20_n1/output/7B94_ANP/seed_101/predictions/7B94_ANP_seed_101_sample_0.cif,A:301;B:295,external/PoseBench/data/posebusters_benchmark_set/7B94_ANP/7B94_ANP_protein.pdb,0.10582287609577179,37.275978088378906,0.18157367408275604,0.12097303569316864,25.322595597013446,0.0,87.235,ok,full_base_c1_s20_n1,14.478446344669393,False,14.132182928647504,False,results/posebench_702_predictions/protenix_gpu/posebusters_benchmark/7B94_ANP/full_base_c1_s20_n1/run_status.json,,,,,ok
results/posebench_702_predictions/protenix_gpu/posebusters_benchmark/7BA0_T5H/full_base_c1_s20_n1/output/7BA0_T5H/seed_101/predictions/7BA0_T5H_seed_101_summary_confidence_sample_0.json,posebusters_benchmark,4,results/posebench_702_predictions/protenix_gpu/posebusters_benchmark/7BA0_T5H/full_base_c1_s20_n1/inputs/7BA0_T5H.json,external/PoseBench/data/posebusters_benchmark_set/7BA0_T5H/7BA0_T5H_ligand.sdf,55.0,COc1ccc(CC[C@H]2OC(=O)[C@@H]3CCCCN3C(=O)[C@@H](C3CCCCC3)c3cc(OC)c(c(OC)c3)OC[C@H](O)[C@H](O)COc3cccc2c3)cc1OC,128.0,A:128,protenix_base_default_v0.5.0,7BA0_T5H,1.0,55.0,results/posebench_702_predictions/protenix_gpu/posebusters_benchmark/7BA0_T5H/full_base_c1_s20_n1,6.942102264125513,10.0,63.0,55.0,results/posebench_702_predictions/protenix_gpu/posebusters_benchmark/7BA0_T5H/full_base_c1_s20_n1/output/7BA0_T5H/seed_101/predictions/7BA0_T5H_seed_101_sample_0.cif,A:128,external/PoseBench/data/posebusters_benchmark_set/7BA0_T5H/7BA0_T5H_protein.pdb,0.34601229429244995,40.156558990478516,0.31964048743247986,0.3407379388809204,12.355140616400035,0.0,74.918,ok,full_base_c1_s20_n1,8.976779264924506,False,10.235466081436686,False,results/posebench_702_predictions/protenix_gpu/posebusters_benchmark/7BA0_T5H/full_base_c1_s20_n1/run_status.json,,,,,ok
results/posebench_702_predictions/protenix_gpu/posebusters_benchmark/7BCP_GCO/full_base_c1_s20_n1/output/7BCP_GCO/seed_101/predictions/7BCP_GCO_seed_101_summary_confidence_sample_0.json,posebusters_benchmark,7,results/posebench_702_predictions/protenix_gpu/posebusters_benchmark/7BCP_GCO/full_base_c1_s20_n1/inputs/7BCP_GCO.json,external/PoseBench/data/posebusters_benchmark_set/7BCP_GCO/7BCP_GCO_ligand.sdf,13.0,O=C(O)[C@H](O)[C@@H](O)[C@H](O)[C@H](O)CO,310.0,A:310,protenix_base_default_v0.5.0,7BCP_GCO,1.0,13.0,results/posebench_702_predictions/protenix_gpu/posebusters_benchmark/7BCP_GCO/full_base_c1_s20_n1,14.348218758454308,10.0,78.0,13.0,results/posebench_702_predictions/protenix_gpu/posebusters_benchmark/7BCP_GCO/full_base_c1_s20_n1/output/7BCP_GCO/seed_101/predictions/7BCP_GCO_seed_101_sample_0.cif,A:310,external/PoseBench/data/posebusters_benchmark_set/7BCP_GCO/7BCP_GCO_protein.pdb,0.304980605840683,33.0146484375,0.24565988779067993,0.2931164801120758,20.35782214278025,0.0,76.97,ok,full_base_c1_s20_n1,6.895641388684368,False,3.5669663212272953,False,results/posebench_702_predictions/protenix_gpu/posebusters_benchmark/7BCP_GCO/full_base_c1_s20_n1/run_status.json,,,,,ok
results/posebench_702_predictions/protenix_gpu/posebusters_benchmark/7BHX_TO5/full_base_c1_s20_n1/output/7BHX_TO5/seed_101/predictions/7BHX_TO5_seed_101_summary_confidence_sample_0.json,posebusters_benchmark,6,results/posebench_702_predictions/protenix_gpu/posebusters_benchmark/7BHX_TO5/full_base_c1_s20_n1/inputs/7BHX_TO5.json,external/PoseBench/data/posebusters_benchmark_set/7BHX_TO5/7BHX_TO5_ligand.sdf,21.0,CN(C)c1nc(=O)n(-c2cccnc2)c2cc(Cl)ccc12,380.0,A:380,protenix_base_default_v0.5.0,7BHX_TO5,1.0,21.0,results/posebench_702_predictions/protenix_gpu/posebusters_benchmark/7BHX_TO5/full_base_c1_s20_n1,11.841373096467034,10.0,34.0,21.0,results/posebench_702_predictions/protenix_gpu/posebusters_benchmark/7BHX_TO5/full_base_c1_s20_n1/output/7BHX_TO5/seed_101/predictions/7BHX_TO5_seed_101_sample_0.cif,A:380,external/PoseBench/data/posebusters_benchmark_set/7BHX_TO5/7BHX_TO5_protein.pdb,0.4180782735347748,29.902687072753906,0.20692689716815948,0.3758479952812195,21.14645899903824,0.0,77.67,ok,full_base_c1_s20_n1,10.43168754318004,False,23.770511042007776,False,results/posebench_702_predictions/protenix_gpu/posebusters_benchmark/7BHX_TO5/full_base_c1_s20_n1/run_status.json,,,,,ok
results/posebench_702_predictions/protenix_gpu/posebusters_benchmark/7BJ6_TVK/full_base_c1_s20_n1/output/7BJ6_TVK/seed_101/predictions/7BJ6_TVK_seed_101_summary_confidence_sample_0.json,posebusters_benchmark,5,results/posebench_702_predictions/protenix_gpu/posebusters_benchmark/7BJ6_TVK/full_base_c1_s20_n1/inputs/7BJ6_TVK.json,external/PoseBench/data/posebusters_benchmark_set/7BJ6_TVK/7BJ6_TVK_ligand.sdf,37.0,CC(C)(O)c1cc(F)c2c(c1)C(=O)N(Cc1ccc(Cl)cn1)[C@@]2(OCC1(CO)CC1)c1ccc(Cl)cc1,92.0,A:92,protenix_base_default_v0.5.0,7BJ6_TVK,1.0,37.0,results/posebench_702_predictions/protenix_gpu/posebusters_benchmark/7BJ6_TVK/full_base_c1_s20_n1,12.112433046743275,10.0,59.0,37.0,results/posebench_702_predictions/protenix_gpu/posebusters_benchmark/7BJ6_TVK/full_base_c1_s20_n1/output/7BJ6_TVK/seed_101/predictions/7BJ6_TVK_seed_101_sample_0.cif,A:92,external/PoseBench/data/posebusters_benchmark_set/7BJ6_TVK/7BJ6_TVK_protein.pdb,0.341779887676239,55.60702133178711,0.3734948933124542,0.34812289476394653,13.638131123180267,0.0,95.033,ok,full_base_c1_s20_n1,11.066773777315495,False,8.522227990086483,False,results/posebench_702_predictions/protenix_gpu/posebusters_benchmark/7BJ6_TVK/full_base_c1_s20_n1/run_status.json,,,,,ok
results/posebench_702_predictions/protenix_gpu/posebusters_benchmark/7BJJ_TVW/full_base_c1_s20_n1/output/7BJJ_TVW/seed_101/predictions/7BJJ_TVW_seed_101_summary_confidence_sample_0.json,posebusters_benchmark,4,results/posebench_702_predictions/protenix_gpu/posebusters_benchmark/7BJJ_TVW/full_base_c1_s20_n1/inputs/7BJJ_TVW.json,external/PoseBench/data/posebusters_benchmark_set/7BJJ_TVW/7BJJ_TVW_ligand.sdf,10.0,Nc1ncnc2n[nH]cc12,260.0,A:260,protenix_base_default_v0.5.0,7BJJ_TVW,1.0,10.0,results/posebench_702_predictions/protenix_gpu/posebusters_benchmark/7BJJ_TVW/full_base_c1_s20_n1,11.781974088117263,10.0,52.0,10.0,results/posebench_702_predictions/protenix_gpu/posebusters_benchmark/7BJJ_TVW/full_base_c1_s20_n1/output/7BJJ_TVW/seed_101/predictions/7BJJ_TVW_seed_101_sample_0.cif,A:260,external/PoseBench/data/posebusters_benchmark_set/7BJJ_TVW/7BJJ_TVW_protein.pdb,0.17874136567115784,30.979324340820312,0.18530012667179108,0.18005311489105225,19.574327325118688,0.0,83.379,ok,full_base_c1_s20_n1,10.453052126734422,False,14.288475830578566,False,results/posebench_702_predictions/protenix_gpu/posebusters_benchmark/7BJJ_TVW/full_base_c1_s20_n1/run_status.json,,,,,ok
results/posebench_702_predictions/protenix_gpu/posebusters_benchmark/7BKA_4JC/full_base_c1_s20_n1/output/7BKA_4JC/seed_101/predictions/7BKA_4JC_seed_101_summary_confidence_sample_0.json,posebusters_benchmark,7,results/posebench_702_predictions/protenix_gpu/posebusters_benchmark/7BKA_4JC/full_base_c1_s20_n1/inputs/7BKA_4JC.json,external/PoseBench/data/posebusters_benchmark_set/7BKA_4JC/7BKA_4JC_ligand.sdf,12.0,CCc1ccc(S(N)(=O)=O)cc1,844.0,"A:169,B:170,C:167,D:167,E:171",protenix_base_default_v0.5.0,7BKA_4JC,5.0,12.0,results/posebench_702_predictions/protenix_gpu/posebusters_benchmark/7BKA_4JC/full_base_c1_s20_n1,17.606387344403437,10.0,72.0,12.0,results/posebench_702_predictions/protenix_gpu/posebusters_benchmark/7BKA_4JC/full_base_c1_s20_n1/output/7BKA_4JC/seed_101/predictions/7BKA_4JC_seed_101_sample_0.cif,A:169;B:170;C:167;D:167;E:171,external/PoseBench/data/posebusters_benchmark_set/7BKA_4JC/7BKA_4JC_protein.pdb,0.12887878715991974,30.270153045654297,0.1658017635345459,0.1362633854150772,30.576590198309518,0.0,99.733,ok,full_base_c1_s20_n1,14.711609839694132,False,31.16745931007649,False,results/posebench_702_predictions/protenix_gpu/posebusters_benchmark/7BKA_4JC/full_base_c1_s20_n1/run_status.json,,,,,ok
results/posebench_702_predictions/protenix_gpu/posebusters_benchmark/7BLA_WCS/full_base_c1_s20_n1/output/7BLA_WCS/seed_101/predictions/7BLA_WCS_seed_101_summary_confidence_sample_0.json,posebusters_benchmark,6,results/posebench_702_predictions/protenix_gpu/posebusters_benchmark/7BLA_WCS/full_base_c1_s20_n1/inputs/7BLA_WCS.json,external/PoseBench/data/posebusters_benchmark_set/7BLA_WCS/7BLA_WCS_ligand.sdf,32.0,CN(C)CCCOc1ccc(-c2cc(NCCCn3cccn3)nc(S(C)(=O)=O)n2)cc1,102.0,A:102,protenix_base_default_v0.5.0,7BLA_WCS,1.0,32.0,results/posebench_702_predictions/protenix_gpu/posebusters_benchmark/7BLA_WCS/full_base_c1_s20_n1,11.574869528489721,10.0,48.0,32.0,results/posebench_702_predictions/protenix_gpu/posebusters_benchmark/7BLA_WCS/full_base_c1_s20_n1/output/7BLA_WCS/seed_101/predictions/7BLA_WCS_seed_101_sample_0.cif,A:102,external/PoseBench/data/posebusters_benchmark_set/7BLA_WCS/7BLA_WCS_protein.pdb,0.3250710368156433,60.05623245239258,0.4539245367050171,0.3508417308330536,12.671989740902342,0.0,83.007,ok,full_base_c1_s20_n1,10.607251986660263,False,23.30312581453066,False,results/posebench_702_predictions/protenix_gpu/posebusters_benchmark/7BLA_WCS/full_base_c1_s20_n1/run_status.json,,,,,ok
results/posebench_702_predictions/protenix_gpu/posebusters_benchmark/7BLG_GAL/full_base_c1_s20_n1/output/7BLG_GAL/seed_101/predictions/7BLG_GAL_seed_101_summary_confidence_sample_0.json,posebusters_benchmark,5,results/posebench_702_predictions/protenix_gpu/posebusters_benchmark/7BLG_GAL/full_base_c1_s20_n1/inputs/7BLG_GAL.json,external/PoseBench/data/posebusters_benchmark_set/7BLG_GAL/7BLG_GAL_ligand.sdf,12.0,OC[C@H]1O[C@@H](O)[C@H](O)[C@@H](O)[C@H]1O,142.0,A:142,protenix_base_default_v0.5.0,7BLG_GAL,1.0,12.0,results/posebench_702_predictions/protenix_gpu/posebusters_benchmark/7BLG_GAL/full_base_c1_s20_n1,6.046046617971314,10.0,32.0,12.0,results/posebench_702_predictions/protenix_gpu/posebusters_benchmark/7BLG_GAL/full_base_c1_s20_n1/output/7BLG_GAL/seed_101/predictions/7BLG_GAL_seed_101_sample_0.cif,A:142,external/PoseBench/data/posebusters_benchmark_set/7BLG_GAL/7BLG_GAL_protein.pdb,0.20806239545345306,43.883731842041016,0.3484223186969757,0.2361343801021576,6.792839700495004,0.0,91.98,ok,full_base_c1_s20_n1,4.117680359615257,False,5.0427317425486535,False,results/posebench_702_predictions/protenix_gpu/posebusters_benchmark/7BLG_GAL/full_base_c1_s20_n1/run_status.json,,,,,ok
results/posebench_702_predictions/protenix_gpu/posebusters_benchmark/7BMI_U4B/full_base_c1_s20_n1/output/7BMI_U4B/seed_101/predictions/7BMI_U4B_seed_101_summary_confidence_sample_0.json,posebusters_benchmark,4,results/posebench_702_predictions/protenix_gpu/posebusters_benchmark/7BMI_U4B/full_base_c1_s20_n1/inputs/7BMI_U4B.json,external/PoseBench/data/posebusters_benchmark_set/7BMI_U4B/7BMI_U4B_ligand.sdf,13.0,O=C(O)c1ccnc(C(=O)O)c1F,447.0,"A:429,B:18",protenix_base_default_v0.5.0,7BMI_U4B,2.0,13.0,results/posebench_702_predictions/protenix_gpu/posebusters_benchmark/7BMI_U4B/full_base_c1_s20_n1,14.493449939824766,10.0,68.0,13.0,results/posebench_702_predictions/protenix_gpu/posebusters_benchmark/7BMI_U4B/full_base_c1_s20_n1/output/7BMI_U4B/seed_101/predictions/7BMI_U4B_seed_101_sample_0.cif,A:429;B:18,external/PoseBench/data/posebusters_benchmark_set/7BMI_U4B/7BMI_U4B_protein.pdb,0.17738552391529083,38.17448425292969,0.24665313959121704,0.19123905897140503,22.555303098311263,0.0,88.033,ok,full_base_c1_s20_n1,11.098994838397548,False,19.862071008713126,False,results/posebench_702_predictions/protenix_gpu/posebusters_benchmark/7BMI_U4B/full_base_c1_s20_n1/run_status.json,,,,,ok
results/posebench_702_predictions/protenix_gpu/posebusters_benchmark/7BNH_BEZ/full_base_c1_s20_n1/output/7BNH_BEZ/seed_101/predictions/7BNH_BEZ_seed_101_summary_confidence_sample_0.json,posebusters_benchmark,7,results/posebench_702_predictions/protenix_gpu/posebusters_benchmark/7BNH_BEZ/full_base_c1_s20_n1/inputs/7BNH_BEZ.json,external/PoseBench/data/posebusters_benchmark_set/7BNH_BEZ/7BNH_BEZ_ligand.sdf,9.0,O=C(O)c1ccccc1,192.0,"A:96,B:96",protenix_base_default_v0.5.0,7BNH_BEZ,2.0,9.0,results/posebench_702_predictions/protenix_gpu/posebusters_benchmark/7BNH_BEZ/full_base_c1_s20_n1,11.685436547838856,10.0,49.0,9.0,results/posebench_702_predictions/protenix_gpu/posebusters_benchmark/7BNH_BEZ/full_base_c1_s20_n1/output/7BNH_BEZ/seed_101/predictions/7BNH_BEZ_seed_101_sample_0.cif,A:96;B:96,external/PoseBench/data/posebusters_benchmark_set/7BNH_BEZ/7BNH_BEZ_protein.pdb,0.36215296387672424,48.18861389160156,0.3038625419139862,0.3504948914051056,18.167072732980284,0.0,75.161,ok,full_base_c1_s20_n1,13.614110913736202,False,13.664646219472363,False,results/posebench_702_predictions/protenix_gpu/posebusters_benchmark/7BNH_BEZ/full_base_c1_s20_n1/run_status.json,,,,,ok
results/posebench_702_predictions/protenix_gpu/posebusters_benchmark/7BTT_F8R/full_base_c1_s20_n1/output/7BTT_F8R/seed_101/predictions/7BTT_F8R_seed_101_summary_confidence_sample_0.json,posebusters_benchmark,6,results/posebench_702_predictions/protenix_gpu/posebusters_benchmark/7BTT_F8R/full_base_c1_s20_n1/inputs/7BTT_F8R.json,external/PoseBench/data/posebusters_benchmark_set/7BTT_F8R/7BTT_F8R_ligand.sdf,40.0,COc1cc2c(cc1Nc1nc(Nc3ccccc3S(=O)(=O)C(C)C)c3[nH]ccc3n1)N(C(=O)CN(C)C)CC2,304.0,A:304,protenix_base_default_v0.5.0,7BTT_F8R,1.0,40.0,results/posebench_702_predictions/protenix_gpu/posebusters_benchmark/7BTT_F8R/full_base_c1_s20_n1,13.97682111560256,10.0,64.0,40.0,results/posebench_702_predictions/protenix_gpu/posebusters_benchmark/7BTT_F8R/full_base_c1_s20_n1/output/7BTT_F8R/seed_101/predictions/7BTT_F8R_seed_101_sample_0.cif,A:304,external/PoseBench/data/posebusters_benchmark_set/7BTT_F8R/7BTT_F8R_protein.pdb,0.18831834197044373,29.259998321533203,0.1957874447107315,0.18981216847896576,21.540411704233865,0.0,90.477,ok,full_base_c1_s20_n1,16.943365302551296,False,22.46931233192804,False,results/posebench_702_predictions/protenix_gpu/posebusters_benchmark/7BTT_F8R/full_base_c1_s20_n1/run_status.json,,,,,ok
results/posebench_702_predictions/protenix_gpu/posebusters_benchmark/7C0U_FGO/full_base_c1_s20_n1/output/7C0U_FGO/seed_101/predictions/7C0U_FGO_seed_101_summary_confidence_sample_0.json,posebusters_benchmark,5,results/posebench_702_predictions/protenix_gpu/posebusters_benchmark/7C0U_FGO/full_base_c1_s20_n1/inputs/7C0U_FGO.json,external/PoseBench/data/posebusters_benchmark_set/7C0U_FGO/7C0U_FGO_ligand.sdf,43.0,Nc1nc2c(ncn2[C@@H]2O[C@H](CO[P@](=O)(O)O[C@H]3[C@@H](O)[C@H](n4ccc(=O)[nH]c4=O)O[C@@H]3CO)[C@H]3CC(O)(O)C[C@H]32)c(=O)[nH]1,794.0,"A:397,B:397",protenix_base_default_v0.5.0,7C0U_FGO,2.0,43.0,results/posebench_702_predictions/protenix_gpu/posebusters_benchmark/7C0U_FGO/full_base_c1_s20_n1,14.378964234549194,10.0,97.0,43.0,results/posebench_702_predictions/protenix_gpu/posebusters_benchmark/7C0U_FGO/full_base_c1_s20_n1/output/7C0U_FGO/seed_101/predictions/7C0U_FGO_seed_101_sample_0.cif,A:397;B:397,external/PoseBench/data/posebusters_benchmark_set/7C0U_FGO/7C0U_FGO_protein.pdb,0.14239686727523804,35.49142837524414,0.2117641121149063,0.15627031028270721,29.471045122568214,0.0,103.879,ok,full_base_c1_s20_n1,14.394026541721487,False,27.90037792431803,False,results/posebench_702_predictions/protenix_gpu/posebusters_benchmark/7C0U_FGO/full_base_c1_s20_n1/run_status.json,,,,,ok
results/posebench_702_predictions/protenix_gpu/posebusters_benchmark/7C3U_AZG/full_base_c1_s20_n1/output/7C3U_AZG/seed_101/predictions/7C3U_AZG_seed_101_summary_confidence_sample_0.json,posebusters_benchmark,4,results/posebench_702_predictions/protenix_gpu/posebusters_benchmark/7C3U_AZG/full_base_c1_s20_n1/inputs/7C3U_AZG.json,external/PoseBench/data/posebusters_benchmark_set/7C3U_AZG/7C3U_AZG_ligand.sdf,11.0,Nc1nc(O)c2[nH]nnc2n1,368.0,"A:188,B:180",protenix_base_default_v0.5.0,7C3U_AZG,2.0,11.0,results/posebench_702_predictions/protenix_gpu/posebusters_benchmark/7C3U_AZG/full_base_c1_s20_n1,14.954738878851892,10.0,58.0,11.0,results/posebench_702_predictions/protenix_gpu/posebusters_benchmark/7C3U_AZG/full_base_c1_s20_n1/output/7C3U_AZG/seed_101/predictions/7C3U_AZG_seed_101_sample_0.cif,A:188;B:180,external/PoseBench/data/posebusters_benchmark_set/7C3U_AZG/7C3U_AZG_protein.pdb,0.1507437527179718,37.560699462890625,0.2651953101158142,0.17363406717777252,18.756807522576466,0.0,69.898,ok,full_base_c1_s20_n1,17.052773391464868,False,17.174866309706154,False,results/posebench_702_predictions/protenix_gpu/posebusters_benchmark/7C3U_AZG/full_base_c1_s20_n1/run_status.json,,,,,ok
results/posebench_702_predictions/protenix_gpu/posebusters_benchmark/7C6P_SQH/full_base_c1_s20_n1/output/7C6P_SQH/seed_101/predictions/7C6P_SQH_seed_101_summary_confidence_sample_0.json,posebusters_benchmark,7,results/posebench_702_predictions/protenix_gpu/posebusters_benchmark/7C6P_SQH/full_base_c1_s20_n1/inputs/7C6P_SQH.json,external/PoseBench/data/posebusters_benchmark_set/7C6P_SQH/7C6P_SQH_ligand.sdf,21.0,O=c1cc(-c2ccc(O)c(O)c2)oc2c(O)c(O)ccc12,105.0,A:105,protenix_base_default_v0.5.0,7C6P_SQH,1.0,21.0,results/posebench_702_predictions/protenix_gpu/posebusters_benchmark/7C6P_SQH/full_base_c1_s20_n1,13.974426867706457,10.0,45.0,21.0,results/posebench_702_predictions/protenix_gpu/posebusters_benchmark/7C6P_SQH/full_base_c1_s20_n1/output/7C6P_SQH/seed_101/predictions/7C6P_SQH_seed_101_sample_0.cif,A:105,external/PoseBench/data/posebusters_benchmark_set/7C6P_SQH/7C6P_SQH_protein.pdb,0.14141608774662018,49.86692810058594,0.3247357904911041,0.1780800223350525,13.162563485995177,0.0,66.223,ok,full_base_c1_s20_n1,9.270745823255277,False,14.217078229158917,False,results/posebench_702_predictions/protenix_gpu/posebusters_benchmark/7C6P_SQH/full_base_c1_s20_n1/run_status.json,,,,,ok
results/posebench_702_predictions/protenix_gpu/posebusters_benchmark/7C8Q_DSG/full_base_c1_s20_n1/output/7C8Q_DSG/seed_101/predictions/7C8Q_DSG_seed_101_summary_confidence_sample_0.json,posebusters_benchmark,6,results/posebench_702_predictions/protenix_gpu/posebusters_benchmark/7C8Q_DSG/full_base_c1_s20_n1/inputs/7C8Q_DSG.json,external/PoseBench/data/posebusters_benchmark_set/7C8Q_DSG/7C8Q_DSG_ligand.sdf,9.0,NC(=O)C[C@@H](N)C(=O)O,642.0,"A:321,B:321",protenix_base_default_v0.5.0,7C8Q_DSG,2.0,9.0,results/posebench_702_predictions/protenix_gpu/posebusters_benchmark/7C8Q_DSG/full_base_c1_s20_n1,9.338779565593208,10.0,68.0,9.0,results/posebench_702_predictions/protenix_gpu/posebusters_benchmark/7C8Q_DSG/full_base_c1_s20_n1/output/7C8Q_DSG/seed_101/predictions/7C8Q_DSG_seed_101_sample_0.cif,A:321;B:321,external/PoseBench/data/posebusters_benchmark_set/7C8Q_DSG/7C8Q_DSG_protein.pdb,0.1317935436964035,37.99280548095703,0.28770118951797485,0.16297507286071777,16.986398875962024,0.0,86.076,ok,full_base_c1_s20_n1,23.930695003987083,False,29.450875108436485,False,results/posebench_702_predictions/protenix_gpu/posebusters_benchmark/7C8Q_DSG/full_base_c1_s20_n1/run_status.json,,,,,ok
results/posebench_702_predictions/protenix_gpu/posebusters_benchmark/7CD9_FVR/full_base_c1_s20_n1/output/7CD9_FVR/seed_101/predictions/7CD9_FVR_seed_101_summary_confidence_sample_0.json,posebusters_benchmark,5,results/posebench_702_predictions/protenix_gpu/posebusters_benchmark/7CD9_FVR/full_base_c1_s20_n1/inputs/7CD9_FVR.json,external/PoseBench/data/posebusters_benchmark_set/7CD9_FVR/7CD9_FVR_ligand.sdf,33.0,CN1C[C@H](Nc2nc3cc[nH]c3c(=O)n2C)C[C@H](c2ccc(OCc3ccccc3)cc2)C1,430.0,"A:215,B:215",protenix_base_default_v0.5.0,7CD9_FVR,2.0,33.0,results/posebench_702_predictions/protenix_gpu/posebusters_benchmark/7CD9_FVR/full_base_c1_s20_n1,19.2168571475541,10.0,81.0,33.0,results/posebench_702_predictions/protenix_gpu/posebusters_benchmark/7CD9_FVR/full_base_c1_s20_n1/output/7CD9_FVR/seed_101/predictions/7CD9_FVR_seed_101_sample_0.cif,A:215;B:215,external/PoseBench/data/posebusters_benchmark_set/7CD9_FVR/7CD9_FVR_protein.pdb,0.11245673149824142,35.910831451416016,0.18777501583099365,0.1275203973054886,18.240402870961187,0.0,92.947,ok,full_base_c1_s20_n1,11.274462600848064,False,9.097070393257901,False,results/posebench_702_predictions/protenix_gpu/posebusters_benchmark/7CD9_FVR/full_base_c1_s20_n1/run_status.json,,,,,ok
results/posebench_702_predictions/protenix_gpu/posebusters_benchmark/7CIJ_G0C/full_base_c1_s20_n1/output/7CIJ_G0C/seed_101/predictions/7CIJ_G0C_seed_101_summary_confidence_sample_0.json,posebusters_benchmark,4,results/posebench_702_predictions/protenix_gpu/posebusters_benchmark/7CIJ_G0C/full_base_c1_s20_n1/inputs/7CIJ_G0C.json,external/PoseBench/data/posebusters_benchmark_set/7CIJ_G0C/7CIJ_G0C_ligand.sdf,21.0,CSCCC/N=C/c1c(COP(=O)(O)O)cnc(C)c1O,1041.0,"A:518,B:523",protenix_base_default_v0.5.0,7CIJ_G0C,2.0,21.0,results/posebench_702_predictions/protenix_gpu/posebusters_benchmark/7CIJ_G0C/full_base_c1_s20_n1,15.769866675145138,10.0,98.0,21.0,results/posebench_702_predictions/protenix_gpu/posebusters_benchmark/7CIJ_G0C/full_base_c1_s20_n1/output/7CIJ_G0C/seed_101/predictions/7CIJ_G0C_seed_101_sample_0.cif,A:518;B:523,external/PoseBench/data/posebusters_benchmark_set/7CIJ_G0C/7CIJ_G0C_protein.pdb,0.14843302965164185,36.54476547241211,0.2276802510023117,0.16428247094154358,27.423627150980177,0.0,97.418,ok,full_base_c1_s20_n1,9.145827546625535,False,16.322286420754285,False,results/posebench_702_predictions/protenix_gpu/posebusters_benchmark/7CIJ_G0C/full_base_c1_s20_n1/run_status.json,,,,,ok
results/posebench_702_predictions/protenix_gpu/posebusters_benchmark/7CL8_TES/full_base_c1_s20_n1/output/7CL8_TES/seed_101/predictions/7CL8_TES_seed_101_summary_confidence_sample_0.json,posebusters_benchmark,7,results/posebench_702_predictions/protenix_gpu/posebusters_benchmark/7CL8_TES/full_base_c1_s20_n1/inputs/7CL8_TES.json,external/PoseBench/data/posebusters_benchmark_set/7CL8_TES/7CL8_TES_ligand.sdf,21.0,C[C@]12CC[C@H]3[C@@H](CCC4=CC(=O)CC[C@@]43C)[C@@H]1CC[C@@H]2O,400.0,A:400,protenix_base_default_v0.5.0,7CL8_TES,1.0,21.0,results/posebench_702_predictions/protenix_gpu/posebusters_benchmark/7CL8_TES/full_base_c1_s20_n1,11.615811988452927,10.0,76.0,21.0,results/posebench_702_predictions/protenix_gpu/posebusters_benchmark/7CL8_TES/full_base_c1_s20_n1/output/7CL8_TES/seed_101/predictions/7CL8_TES_seed_101_sample_0.cif,A:400,external/PoseBench/data/posebusters_benchmark_set/7CL8_TES/7CL8_TES_protein.pdb,0.28819677233695984,36.64006423950195,0.262458860874176,0.28304919600486755,20.25136920835483,0.0,77.327,ok,full_base_c1_s20_n1,9.302334712435293,False,11.202937153272437,False,results/posebench_702_predictions/protenix_gpu/posebusters_benchmark/7CL8_TES/full_base_c1_s20_n1/run_status.json,,,,,ok
,posebusters_benchmark,4,results/posebench_702_predictions/protenix_gpu/posebusters_benchmark/7CNQ_G8X/full_base_c1_s20_n1/inputs/7CNQ_G8X.json,external/PoseBench/data/posebusters_benchmark_set/7CNQ_G8X/7CNQ_G8X_ligand.sdf,9.0,O=C(O)[C@H]1NCC[C@H]1O,,,protenix_base_default_v0.5.0,7CNQ_G8X,4.0,,results/posebench_702_predictions/protenix_gpu/posebusters_benchmark/7CNQ_G8X/full_base_c1_s20_n1,,,,,,A:559;B:559;C:559;D:559,external/PoseBench/data/posebusters_benchmark_set/7CNQ_G8X/7CNQ_G8X_protein.pdb,,,,,,0.0,201.752,failed_no_prediction_cif,full_base_c1_s20_n1,,,,,results/posebench_702_predictions/protenix_gpu/posebusters_benchmark/7CNQ_G8X/full_base_c1_s20_n1/run_status.json,"_predictions/protenix_gpu/posebusters_benchmark/7CNQ_G8X/full_base_c1_s20_n1/inputs/7CNQ_G8X.json
2026-06-11 19:39:38,420 [<REMOTE_PROJECT_ROOT>/envs/protenix/lib/python3.10/site-packages/protenix/data/infer_data_pipeline.py:246] INFO protenix.data.infer_data_pipeline: Featurizing 7CNQ_G8X...
2026-06-11 19:39:46,603 [<REMOTE_PROJECT_ROOT>/envs/protenix/lib/python3.10/site-packages/protenix/data/constraint_featurizer.py:381] INFO protenix.data.constraint_featurizer: Loaded constraint feature: #atom contact:0 #contact:0 #pocket:0
2026-06-11 19:39:51,970 [<REMOTE_PROJECT_ROOT>/envs/protenix/lib/python3.10/site-packages/runner/inference.py:303] INFO runner.inference: [Rank 0 (1/1)] 7CNQ_G8X: N_asym 5, N_token 2245, N_atom 16409, N_msa 1
2026-06-11 19:41:57,924 [<REMOTE_PROJECT_ROOT>/envs/protenix/lib/python3.10/site-packages/runner/inference.py:329] INFO runner.inference: [Rank 0]7CNQ_G8X CUDA out of memory. Tried to allocate 2.61 GiB. GPU :
Traceback (most recent call last):
  File ""<REMOTE_PROJECT_ROOT>/envs/protenix/lib/python3.10/site-packages/runner/inference.py"", line 312, in infer_predict
    prediction = runner.predict(data)
  File ""<REMOTE_PROJECT_ROOT>/envs/protenix/lib/python3.10/site-packages/torch/utils/_contextlib.py"", line 115, in decorate_context
    return func(*args, **kwargs)
  File ""<REMOTE_PROJECT_ROOT>/envs/protenix/lib/python3.10/site-packages/runner/inference.py"", line 152, in predict
    prediction, _, _ = self.model(
  File ""<REMOTE_PROJECT_ROOT>/envs/protenix/lib/python3.10/site-packages/torch/nn/modules/module.py"", line 1532, in _wrapped_call_impl
    return self._call_impl(*args, **kwargs)
  File ""<REMOTE_PROJECT_ROOT>/envs/protenix/lib/python3.10/site-packages/torch/nn/modules/module.py"", line 1541, in _call_impl
    return forward_call(*args, **kwargs)
  File ""<REMOTE_PROJECT_ROOT>/envs/protenix/lib/python3.10/site-packages/protenix/model/protenix.py"", line 722, in forward
    pred_dict, log_dict, time_tracker = self.main_inference_loop(
  File ""<REMOTE_PROJECT_ROOT>/envs/protenix/lib/python3.10/site-packages/protenix/model/protenix.py"", line 338, in main_inference_loop
    pred_dict, log_dict, time_tracker = self._main_inference_loop(
  File ""<REMOTE_PROJECT_ROOT>/envs/protenix/lib/python3.10/site-packages/protenix/model/protenix.py"", line 431, in _main_inference_loop
    pred_dict[""coordinate""] = self.sample_diffusion(
  File ""<REMOTE_PROJECT_ROOT>/envs/protenix/lib/python3.10/site-packages/protenix/model/protenix.py"", line 292, in sample_diffusion
    return autocasting_disable_decorator(self.configs.skip_amp.sample_diffusion)(
  File ""<REMOTE_PROJECT_ROOT>/envs/protenix/lib/python3.10/site-packages/protenix/utils/torch_utils.py"", line 219, in new_func
    return func(
  File ""<REMOTE_PROJECT_ROOT>/envs/protenix/lib/python3.10/site-packages/protenix/model/generator.py"", line 239, in sample_diffusion
    chunk_x_l = _chunk_sample_diffusion(
  File ""<REMOTE_PROJECT_ROOT>/envs/protenix/lib/python3.10/site-packages/protenix/model/generator.py"", line 207, in _chunk_sample_diffusion
    x_denoised = denoise_net(
  File ""<REMOTE_PROJECT_ROOT>/envs/protenix/lib/python3.10/site-packages/torch/nn/modules/module.py"", line 1532, in _wrapped_call_impl
    return self._call_impl(*args, **kwargs)
  File ""<REMOTE_PROJECT_ROOT>/envs/protenix/lib/python3.10/site-packages/torch/nn/modules/module.py"", line 1541, in _call_impl
    return forward_call(*args, **kwargs)
  File ""<REMOTE_PROJECT_ROOT>/envs/protenix/lib/python3.10/site-packages/protenix/model/modules/diffusion.py"", line 516, in forward
    r_update = self.f_forward(
  File ""<REMOTE_PROJECT_ROOT>/envs/protenix/lib/python3.10/site-packages/protenix/model/modules/diffusion.py"", line 381, in f_forward
    s_single, z_pair = self.diffusion_conditioning(
  File ""<REMOTE_PROJECT_ROOT>/envs/protenix/lib/python3.10/site-packages/torch/nn/modules/module.py"", line 1532, in _wrapped_call_impl
    return self._call_impl(*args, **kwargs)
  File ""<REMOTE_PROJECT_ROOT>/envs/protenix/lib/python3.10/site-packages/torch/nn/modules/module.py"", line 1541, in _call_impl
    return forward_call(*args, **kwargs)
  File ""<REMOTE_PROJECT_ROOT>/envs/protenix/lib/python3.10/site-packages/protenix/model/modules/diffusion.py"", line 126, in forward
    tensors=[z_trunk, self.relpe(input_feature_dict)], dim=-1
  File ""<REMOTE_PROJECT_ROOT>/envs/protenix/lib/python3.10/site-packages/torch/nn/modules/module.py"", line 1532, in _wrapped_call_impl
    return self._call_impl(*args, **kwargs)
  File ""<REMOTE_PROJECT_ROOT>/envs/protenix/lib/python3.10/site-packages/torch/nn/modules/module.py"", line 1541, in _call_impl
    return forward_call(*args, **kwargs)
  File ""<REMOTE_PROJECT_ROOT>/envs/protenix/lib/python3.10/site-packages/protenix/model/modules/embedders.py"", line 226, in forward
    ).float()
torch.cuda.OutOfMemoryError: CUDA out of memory. Tried to allocate 2.61 GiB. GPU 


100%|██████████| 1/1 [02:20<00:00, 140.66s/it]
100%|██████████| 1/1 [02:20<00:00, 140.66s/it]
","Try to find the ccd cache data in the code directory for inference.
[2026-06-11 19:38:41,441] [INFO] [real_accelerator.py:219:get_accelerator] Setting ds_accelerator to cuda (auto detect)
train scheduler 16.0
inference scheduler 16.0
Diffusion Module has 16.0
",,,gpu_oom
results/posebench_702_predictions/protenix_gpu/posebusters_benchmark/7CNS_PMV/full_base_c1_s20_n1/output/7CNS_PMV/seed_101/predictions/7CNS_PMV_seed_101_summary_confidence_sample_0.json,posebusters_benchmark,5,results/posebench_702_predictions/protenix_gpu/posebusters_benchmark/7CNS_PMV/full_base_c1_s20_n1/inputs/7CNS_PMV.json,external/PoseBench/data/posebusters_benchmark_set/7CNS_PMV/7CNS_PMV_ligand.sdf,14.0,C[C@@](O)(CCOP(=O)(O)O)CC(=O)O,517.0,"A:386,B:131",protenix_base_default_v0.5.0,7CNS_PMV,2.0,14.0,results/posebench_702_predictions/protenix_gpu/posebusters_benchmark/7CNS_PMV/full_base_c1_s20_n1,15.042580832803056,10.0,88.0,14.0,results/posebench_702_predictions/protenix_gpu/posebusters_benchmark/7CNS_PMV/full_base_c1_s20_n1/output/7CNS_PMV/seed_101/predictions/7CNS_PMV_seed_101_sample_0.cif,A:386;B:131,external/PoseBench/data/posebusters_benchmark_set/7CNS_PMV/7CNS_PMV_protein.pdb,0.14522449672222137,35.482879638671875,0.28421080112457275,0.17302176356315613,22.400224543761226,0.0,88.393,ok,full_base_c1_s20_n1,9.37361631065698,False,7.236664059436726,False,results/posebench_702_predictions/protenix_gpu/posebusters_benchmark/7CNS_PMV/full_base_c1_s20_n1/run_status.json,,,,,ok
results/posebench_702_predictions/protenix_gpu/posebusters_benchmark/7CTM_BDP/full_base_c1_s20_n1/output/7CTM_BDP/seed_101/predictions/7CTM_BDP_seed_101_summary_confidence_sample_0.json,posebusters_benchmark,4,results/posebench_702_predictions/protenix_gpu/posebusters_benchmark/7CTM_BDP/full_base_c1_s20_n1/inputs/7CTM_BDP.json,external/PoseBench/data/posebusters_benchmark_set/7CTM_BDP/7CTM_BDP_ligand.sdf,13.0,O=C(O)[C@H]1O[C@@H](O)[C@H](O)[C@@H](O)[C@@H]1O,468.0,A:468,protenix_base_default_v0.5.0,7CTM_BDP,1.0,13.0,results/posebench_702_predictions/protenix_gpu/posebusters_benchmark/7CTM_BDP/full_base_c1_s20_n1,15.195985874228276,10.0,58.0,13.0,results/posebench_702_predictions/protenix_gpu/posebusters_benchmark/7CTM_BDP/full_base_c1_s20_n1/output/7CTM_BDP/seed_101/predictions/7CTM_BDP_seed_101_sample_0.cif,A:468,external/PoseBench/data/posebusters_benchmark_set/7CTM_BDP/7CTM_BDP_protein.pdb,0.6213412880897522,39.08930206298828,0.3388480246067047,0.5648426413536072,23.17350287656469,0.0,87.313,ok,full_base_c1_s20_n1,17.213057594365477,False,17.661613390340403,False,results/posebench_702_predictions/protenix_gpu/posebusters_benchmark/7CTM_BDP/full_base_c1_s20_n1/run_status.json,,,,,ok
results/posebench_702_predictions/protenix_gpu/posebusters_benchmark/7CUO_PHB/full_base_c1_s20_n1/output/7CUO_PHB/seed_101/predictions/7CUO_PHB_seed_101_summary_confidence_sample_0.json,posebusters_benchmark,7,results/posebench_702_predictions/protenix_gpu/posebusters_benchmark/7CUO_PHB/full_base_c1_s20_n1/inputs/7CUO_PHB.json,external/PoseBench/data/posebusters_benchmark_set/7CUO_PHB/7CUO_PHB_ligand.sdf,10.0,O=C(O)c1ccc(O)cc1,480.0,"A:241,B:239",protenix_base_default_v0.5.0,7CUO_PHB,2.0,10.0,results/posebench_702_predictions/protenix_gpu/posebusters_benchmark/7CUO_PHB/full_base_c1_s20_n1,12.923654455949341,10.0,62.0,10.0,results/posebench_702_predictions/protenix_gpu/posebusters_benchmark/7CUO_PHB/full_base_c1_s20_n1/output/7CUO_PHB/seed_101/predictions/7CUO_PHB_seed_101_sample_0.cif,A:241;B:239,external/PoseBench/data/posebusters_benchmark_set/7CUO_PHB/7CUO_PHB_protein.pdb,0.11330899596214294,38.68566131591797,0.18216834962368011,0.12708087265491486,28.330027054643132,0.0,76.379,ok,full_base_c1_s20_n1,6.049947151092602,False,17.371600453023063,False,results/posebench_702_predictions/protenix_gpu/posebusters_benchmark/7CUO_PHB/full_base_c1_s20_n1/run_status.json,,,,,ok
results/posebench_702_predictions/protenix_gpu/posebusters_benchmark/7D0P_1VU/full_base_c1_s20_n1/output/7D0P_1VU/seed_101/predictions/7D0P_1VU_seed_101_summary_confidence_sample_0.json,posebusters_benchmark,6,results/posebench_702_predictions/protenix_gpu/posebusters_benchmark/7D0P_1VU/full_base_c1_s20_n1/inputs/7D0P_1VU.json,external/PoseBench/data/posebusters_benchmark_set/7D0P_1VU/7D0P_1VU_ligand.sdf,52.0,CCC(=O)SCCNC(=O)CCNC(=O)[C@H](O)C(C)(C)CO[P@](=O)(O)O[P@@](=O)(O)OC[C@H]1O[C@@H](n2cnc3c(N)ncnc32)[C@H](O)[C@@H]1OP(=O)(O)O,303.0,"A:275,B:28",protenix_base_default_v0.5.0,7D0P_1VU,2.0,52.0,results/posebench_702_predictions/protenix_gpu/posebusters_benchmark/7D0P_1VU/full_base_c1_s20_n1,14.073828490008214,10.0,73.0,52.0,results/posebench_702_predictions/protenix_gpu/posebusters_benchmark/7D0P_1VU/full_base_c1_s20_n1/output/7D0P_1VU/seed_101/predictions/7D0P_1VU_seed_101_sample_0.cif,A:275;B:28,external/PoseBench/data/posebusters_benchmark_set/7D0P_1VU/7D0P_1VU_protein.pdb,0.1466284543275833,31.552310943603516,0.18204498291015625,0.15371176600456238,21.191452524212817,0.0,75.918,ok,full_base_c1_s20_n1,25.107297839860745,False,27.03584479275648,False,results/posebench_702_predictions/protenix_gpu/posebusters_benchmark/7D0P_1VU/full_base_c1_s20_n1/run_status.json,,,,,ok
results/posebench_702_predictions/protenix_gpu/posebusters_benchmark/7D5C_GV6/full_base_c1_s20_n1/output/7D5C_GV6/seed_101/predictions/7D5C_GV6_seed_101_summary_confidence_sample_0.json,posebusters_benchmark,5,results/posebench_702_predictions/protenix_gpu/posebusters_benchmark/7D5C_GV6/full_base_c1_s20_n1/inputs/7D5C_GV6.json,external/PoseBench/data/posebusters_benchmark_set/7D5C_GV6/7D5C_GV6_ligand.sdf,31.0,CC[C@H](C)[C@H](N)C(=O)O[P@](=O)(O)OC[C@H]1O[C@@H](n2cnc3c(N)ncnc32)[C@H](O)[C@@H]1O,919.0,A:919,protenix_base_default_v0.5.0,7D5C_GV6,1.0,31.0,results/posebench_702_predictions/protenix_gpu/posebusters_benchmark/7D5C_GV6/full_base_c1_s20_n1,16.65641086244869,10.0,90.0,31.0,results/posebench_702_predictions/protenix_gpu/posebusters_benchmark/7D5C_GV6/full_base_c1_s20_n1/output/7D5C_GV6/seed_101/predictions/7D5C_GV6_seed_101_sample_0.cif,A:919,external/PoseBench/data/posebusters_benchmark_set/7D5C_GV6/7D5C_GV6_protein.pdb,0.2524608373641968,33.26457595825195,0.21895244717597961,0.24575915932655334,29.861988485607355,0.0,99.23,ok,full_base_c1_s20_n1,7.1237404992205775,False,6.429487114143429,False,results/posebench_702_predictions/protenix_gpu/posebusters_benchmark/7D5C_GV6/full_base_c1_s20_n1/run_status.json,,,,,ok
,posebusters_benchmark,7,results/posebench_702_predictions/protenix_gpu/posebusters_benchmark/7D6O_MTE/full_base_c1_s20_n1/inputs/7D6O_MTE.json,external/PoseBench/data/posebusters_benchmark_set/7D6O_MTE/7D6O_MTE_ligand.sdf,24.0,Nc1nc2c(c(=O)[nH]1)N[C@H]1C(S)=C(S)[C@@H](COP(=O)(O)O)O[C@H]1N2,,,protenix_base_default_v0.5.0,7D6O_MTE,2.0,,results/posebench_702_predictions/protenix_gpu/posebusters_benchmark/7D6O_MTE/full_base_c1_s20_n1,,,,,,A:1285;B:1288,external/PoseBench/data/posebusters_benchmark_set/7D6O_MTE/7D6O_MTE_protein.pdb,,,,,,0.0,81.272,failed_no_prediction_cif,full_base_c1_s20_n1,,,,,results/posebench_702_predictions/protenix_gpu/posebusters_benchmark/7D6O_MTE/full_base_c1_s20_n1/run_status.json,"ld size: 1, global rank: 0, local rank: 0
2026-06-11 19:39:42,981 [<REMOTE_PROJECT_ROOT>/envs/protenix/lib/python3.10/site-packages/runner/inference.py:67] INFO root: LOCAL_RANK: 0 - CUDA_VISIBLE_DEVICES: [7]
2026-06-11 19:39:42,981 [<REMOTE_PROJECT_ROOT>/envs/protenix/lib/python3.10/site-packages/runner/inference.py:91] INFO root: Finished init ENV.
2026-06-11 19:40:37,757 [<REMOTE_PROJECT_ROOT>/envs/protenix/lib/python3.10/site-packages/runner/inference.py:163] INFO runner.inference: Loading from <REMOTE_PROJECT_ROOT>/envs/protenix/lib/python3.10/site-packages/./release_data/checkpoint//protenix_base_default_v0.5.0.pt, strict: True
2026-06-11 19:40:38,973 [<REMOTE_PROJECT_ROOT>/envs/protenix/lib/python3.10/site-packages/runner/inference.py:163] INFO runner.inference: Sampled key: module.input_embedder.atom_attention_encoder.linear_no_bias_ref_pos.weight
2026-06-11 19:40:39,085 [<REMOTE_PROJECT_ROOT>/envs/protenix/lib/python3.10/site-packages/runner/inference.py:163] INFO runner.inference: Finish loading checkpoint.

  0%|          | 0/1 [00:00<?, ?it/s]2026-06-11 19:40:39,093 [<REMOTE_PROJECT_ROOT>/envs/protenix/lib/python3.10/site-packages/runner/msa_search.py:109] WARNING runner.msa_search: the inference json file <REMOTE_PROJECT_ROOT>/results/posebench_702_predictions/protenix_gpu/posebusters_benchmark/7D6O_MTE/full_base_c1_s20_n1/inputs/7D6O_MTE.json 
do not contain msa and will not be updated,
and you set not using msa, in this mode, 
if you do not use esm feature, model performance might degrade significantly
2026-06-11 19:40:39,093 [<REMOTE_PROJECT_ROOT>/envs/protenix/lib/python3.10/site-packages/runner/inference.py:279] INFO runner.inference: Loading data from
<REMOTE_PROJECT_ROOT>/results/posebench_702_predictions/protenix_gpu/posebusters_benchmark/7D6O_MTE/full_base_c1_s20_n1/inputs/7D6O_MTE.json
2026-06-11 19:40:40,002 [<REMOTE_PROJECT_ROOT>/envs/protenix/lib/python3.10/site-packages/protenix/data/infer_data_pipeline.py:246] INFO protenix.data.infer_data_pipeline: Featurizing 7D6O_MTE...
2026-06-11 19:40:48,595 [<REMOTE_PROJECT_ROOT>/envs/protenix/lib/python3.10/site-packages/protenix/data/constraint_featurizer.py:381] INFO protenix.data.constraint_featurizer: Loaded constraint feature: #atom contact:0 #contact:0 #pocket:0
2026-06-11 19:40:55,988 [<REMOTE_PROJECT_ROOT>/envs/protenix/lib/python3.10/site-packages/runner/inference.py:303] INFO runner.inference: [Rank 0 (1/1)] 7D6O_MTE: N_asym 3, N_token 2597, N_atom 20004, N_msa 1
2026-06-11 19:40:57,645 [<REMOTE_PROJECT_ROOT>/envs/protenix/lib/python3.10/site-packages/runner/inference.py:329] INFO runner.inference: [Rank 0]7D6O_MTE CUDA out of memory. Tried to allocate 3.49 GiB. GPU :
Traceback (most recent call last):
  File ""<REMOTE_PROJECT_ROOT>/envs/protenix/lib/python3.10/site-packages/runner/inference.py"", line 312, in infer_predict
    prediction = runner.predict(data)
  File ""<REMOTE_PROJECT_ROOT>/envs/protenix/lib/python3.10/site-packages/torch/utils/_contextlib.py"", line 115, in decorate_context
    return func(*args, **kwargs)
  File ""<REMOTE_PROJECT_ROOT>/envs/protenix/lib/python3.10/site-packages/runner/inference.py"", line 152, in predict
    prediction, _, _ = self.model(
  File ""<REMOTE_PROJECT_ROOT>/envs/protenix/lib/python3.10/site-packages/torch/nn/modules/module.py"", line 1532, in _wrapped_call_impl
    return self._call_impl(*args, **kwargs)
  File ""<REMOTE_PROJECT_ROOT>/envs/protenix/lib/python3.10/site-packages/torch/nn/modules/module.py"", line 1541, in _call_impl
    return forward_call(*args, **kwargs)
  File ""<REMOTE_PROJECT_ROOT>/envs/protenix/lib/python3.10/site-packages/protenix/model/protenix.py"", line 722, in forward
    pred_dict, log_dict, time_tracker = self.main_inference_loop(
  File ""<REMOTE_PROJECT_ROOT>/envs/protenix/lib/python3.10/site-packages/protenix/model/protenix.py"", line 338, in main_inference_loop
    pred_dict, log_dict, time_tracker = self._main_inference_loop(
  File ""<REMOTE_PROJECT_ROOT>/envs/protenix/lib/python3.10/site-packages/protenix/model/protenix.py"", line 399, in _main_inference_loop
    s_inputs, s, z = self.get_pairformer_output(
  File ""<REMOTE_PROJECT_ROOT>/envs/protenix/lib/python3.10/site-packages/protenix/model/protenix.py"", line 175, in get_pairformer_output
    z_init += self.relative_position_encoding(input_feature_dict)
  File ""<REMOTE_PROJECT_ROOT>/envs/protenix/lib/python3.10/site-packages/torch/nn/modules/module.py"", line 1532, in _wrapped_call_impl
    return self._call_impl(*args, **kwargs)
  File ""<REMOTE_PROJECT_ROOT>/envs/protenix/lib/python3.10/site-packages/torch/nn/modules/module.py"", line 1541, in _call_impl
    return forward_call(*args, **kwargs)
  File ""<REMOTE_PROJECT_ROOT>/envs/protenix/lib/python3.10/site-packages/protenix/model/modules/embedders.py"", line 226, in forward
    ).float()
torch.cuda.OutOfMemoryError: CUDA out of memory. Tried to allocate 3.49 GiB. GPU 


100%|██████████| 1/1 [00:18<00:00, 18.80s/it]
100%|██████████| 1/1 [00:18<00:00, 18.80s/it]
","Try to find the ccd cache data in the code directory for inference.
[2026-06-11 19:39:41,624] [INFO] [real_accelerator.py:219:get_accelerator] Setting ds_accelerator to cuda (auto detect)
train scheduler 16.0
inference scheduler 16.0
Diffusion Module has 16.0
",,,gpu_oom
results/posebench_702_predictions/protenix_gpu/posebusters_benchmark/7D8Q_GZF/full_base_c1_s20_n1/output/7D8Q_GZF/seed_101/predictions/7D8Q_GZF_seed_101_summary_confidence_sample_0.json,posebusters_benchmark,5,results/posebench_702_predictions/protenix_gpu/posebusters_benchmark/7D8Q_GZF/full_base_c1_s20_n1/inputs/7D8Q_GZF.json,external/PoseBench/data/posebusters_benchmark_set/7D8Q_GZF/7D8Q_GZF_ligand.sdf,28.0,Nc1nc(O)c2ncn([C@H]3O[C@H](CO[P@@](=O)(O)OP(O)(O)=S)[C@H](O)[C@@H]3O)c2n1,174.0,A:174,protenix_base_default_v0.5.0,7D8Q_GZF,1.0,28.0,results/posebench_702_predictions/protenix_gpu/posebusters_benchmark/7D8Q_GZF/full_base_c1_s20_n1,10.088342012493143,10.0,49.0,28.0,results/posebench_702_predictions/protenix_gpu/posebusters_benchmark/7D8Q_GZF/full_base_c1_s20_n1/output/7D8Q_GZF/seed_101/predictions/7D8Q_GZF_seed_101_sample_0.cif,A:174,external/PoseBench/data/posebusters_benchmark_set/7D8Q_GZF/7D8Q_GZF_protein.pdb,0.17212553322315216,39.03398513793945,0.23109868168830872,0.18392015993595123,17.339603412324408,0.0,77.304,ok,full_base_c1_s20_n1,19.54424491909271,False,18.75008388789578,False,results/posebench_702_predictions/protenix_gpu/posebusters_benchmark/7D8Q_GZF/full_base_c1_s20_n1/run_status.json,,,,,ok
results/posebench_702_predictions/protenix_gpu/posebusters_benchmark/7D9L_GSF/full_base_c1_s20_n1/output/7D9L_GSF/seed_101/predictions/7D9L_GSF_seed_101_summary_confidence_sample_0.json,posebusters_benchmark,7,results/posebench_702_predictions/protenix_gpu/posebusters_benchmark/7D9L_GSF/full_base_c1_s20_n1/inputs/7D9L_GSF.json,external/PoseBench/data/posebusters_benchmark_set/7D9L_GSF/7D9L_GSF_ligand.sdf,22.0,N[C@@H](CCC(=O)N[C@@H](C[S@](=O)O)C(=O)NCC(=O)O)C(=O)O,215.0,A:215,protenix_base_default_v0.5.0,7D9L_GSF,1.0,22.0,results/posebench_702_predictions/protenix_gpu/posebusters_benchmark/7D9L_GSF/full_base_c1_s20_n1,11.919445851929286,10.0,55.0,22.0,results/posebench_702_predictions/protenix_gpu/posebusters_benchmark/7D9L_GSF/full_base_c1_s20_n1/output/7D9L_GSF/seed_101/predictions/7D9L_GSF_seed_101_sample_0.cif,A:215,external/PoseBench/data/posebusters_benchmark_set/7D9L_GSF/7D9L_GSF_protein.pdb,0.14150607585906982,35.755855560302734,0.1724333018064499,0.1476915180683136,19.275361232510598,0.0,87.177,ok,full_base_c1_s20_n1,17.718358711097775,False,13.251149709281817,False,results/posebench_702_predictions/protenix_gpu/posebusters_benchmark/7D9L_GSF/full_base_c1_s20_n1/run_status.json,,,,,ok
results/posebench_702_predictions/protenix_gpu/posebusters_benchmark/7DIN_MPO/full_base_c1_s20_n1/output/7DIN_MPO/seed_101/predictions/7DIN_MPO_seed_101_summary_confidence_sample_0.json,posebusters_benchmark,5,results/posebench_702_predictions/protenix_gpu/posebusters_benchmark/7DIN_MPO/full_base_c1_s20_n1/inputs/7DIN_MPO.json,external/PoseBench/data/posebusters_benchmark_set/7DIN_MPO/7DIN_MPO_ligand.sdf,13.0,O=S(=O)(O)CCCN1CCOCC1,106.0,A:106,protenix_base_default_v0.5.0,7DIN_MPO,1.0,13.0,results/posebench_702_predictions/protenix_gpu/posebusters_benchmark/7DIN_MPO/full_base_c1_s20_n1,5.619996465834135,10.0,30.0,13.0,results/posebench_702_predictions/protenix_gpu/posebusters_benchmark/7DIN_MPO/full_base_c1_s20_n1/output/7DIN_MPO/seed_101/predictions/7DIN_MPO_seed_101_sample_0.cif,A:106,external/PoseBench/data/posebusters_benchmark_set/7DIN_MPO/7DIN_MPO_protein.pdb,0.13368874788284302,46.32872009277344,0.23924820125102997,0.1548006385564804,13.084132056156792,0.0,89.424,ok,full_base_c1_s20_n1,7.384671084563016,False,9.491634273568762,False,results/posebench_702_predictions/protenix_gpu/posebusters_benchmark/7DIN_MPO/full_base_c1_s20_n1/run_status.json,,,,,ok
results/posebench_702_predictions/protenix_gpu/posebusters_benchmark/7DKT_GLF/full_base_c1_s20_n1/output/7DKT_GLF/seed_101/predictions/7DKT_GLF_seed_101_summary_confidence_sample_0.json,posebusters_benchmark,7,results/posebench_702_predictions/protenix_gpu/posebusters_benchmark/7DKT_GLF/full_base_c1_s20_n1/inputs/7DKT_GLF.json,external/PoseBench/data/posebusters_benchmark_set/7DKT_GLF/7DKT_GLF_ligand.sdf,12.0,OC[C@H]1O[C@H](F)[C@H](O)[C@@H](O)[C@@H]1O,769.0,A:769,protenix_base_default_v0.5.0,7DKT_GLF,1.0,12.0,results/posebench_702_predictions/protenix_gpu/posebusters_benchmark/7DKT_GLF/full_base_c1_s20_n1,12.97077854388357,10.0,72.0,12.0,results/posebench_702_predictions/protenix_gpu/posebusters_benchmark/7DKT_GLF/full_base_c1_s20_n1/output/7DKT_GLF/seed_101/predictions/7DKT_GLF_seed_101_sample_0.cif,A:769,external/PoseBench/data/posebusters_benchmark_set/7DKT_GLF/7DKT_GLF_protein.pdb,0.25375092029571533,30.487459182739258,0.2134479582309723,0.24569033086299896,22.432891371293966,0.0,89.397,ok,full_base_c1_s20_n1,17.638325055600205,False,20.30532388781504,False,results/posebench_702_predictions/protenix_gpu/posebusters_benchmark/7DKT_GLF/full_base_c1_s20_n1/run_status.json,,,,,ok
results/posebench_702_predictions/protenix_gpu/posebusters_benchmark/7DQL_4CL/full_base_c1_s20_n1/output/7DQL_4CL/seed_101/predictions/7DQL_4CL_seed_101_summary_confidence_sample_0.json,posebusters_benchmark,5,results/posebench_702_predictions/protenix_gpu/posebusters_benchmark/7DQL_4CL/full_base_c1_s20_n1/inputs/7DQL_4CL.json,external/PoseBench/data/posebusters_benchmark_set/7DQL_4CL/7DQL_4CL_ligand.sdf,9.0,Oc1ccc(Cl)cc1O,373.0,"A:185,B:188",protenix_base_default_v0.5.0,7DQL_4CL,2.0,9.0,results/posebench_702_predictions/protenix_gpu/posebusters_benchmark/7DQL_4CL/full_base_c1_s20_n1,10.868569128429169,10.0,57.0,9.0,results/posebench_702_predictions/protenix_gpu/posebusters_benchmark/7DQL_4CL/full_base_c1_s20_n1/output/7DQL_4CL/seed_101/predictions/7DQL_4CL_seed_101_sample_0.cif,A:185;B:188,external/PoseBench/data/posebusters_benchmark_set/7DQL_4CL/7DQL_4CL_protein.pdb,0.10452558100223541,40.80085372924805,0.268449991941452,0.1373104602098465,21.955725337296045,0.0,89.86,ok,full_base_c1_s20_n1,12.784933360073182,False,21.557994484785297,False,results/posebench_702_predictions/protenix_gpu/posebusters_benchmark/7DQL_4CL/full_base_c1_s20_n1/run_status.json,,,,,ok
results/posebench_702_predictions/protenix_gpu/posebusters_benchmark/7DUA_HJ0/full_base_c1_s20_n1/output/7DUA_HJ0/seed_101/predictions/7DUA_HJ0_seed_101_summary_confidence_sample_0.json,posebusters_benchmark,7,results/posebench_702_predictions/protenix_gpu/posebusters_benchmark/7DUA_HJ0/full_base_c1_s20_n1/inputs/7DUA_HJ0.json,external/PoseBench/data/posebusters_benchmark_set/7DUA_HJ0/7DUA_HJ0_ligand.sdf,23.0,Cc1cc(NC(=O)c2cn(C3(C)CC3)c3ncnc(N)c23)n[nH]1,561.0,"A:287,B:274",protenix_base_default_v0.5.0,7DUA_HJ0,2.0,23.0,results/posebench_702_predictions/protenix_gpu/posebusters_benchmark/7DUA_HJ0/full_base_c1_s20_n1,12.292164103541612,10.0,75.0,23.0,results/posebench_702_predictions/protenix_gpu/posebusters_benchmark/7DUA_HJ0/full_base_c1_s20_n1/output/7DUA_HJ0/seed_101/predictions/7DUA_HJ0_seed_101_sample_0.cif,A:287;B:274,external/PoseBench/data/posebusters_benchmark_set/7DUA_HJ0/7DUA_HJ0_protein.pdb,0.1139872670173645,33.44044494628906,0.1856055110692978,0.1283109188079834,21.4193995551411,0.0,84.468,ok,full_base_c1_s20_n1,35.87178016642662,False,30.74531034076757,False,results/posebench_702_predictions/protenix_gpu/posebusters_benchmark/7DUA_HJ0/full_base_c1_s20_n1/run_status.json,,,,,ok
results/posebench_702_predictions/protenix_gpu/posebusters_benchmark/7E2S_BLA/full_base_c1_s20_n1/output/7E2S_BLA/seed_101/predictions/7E2S_BLA_seed_101_summary_confidence_sample_0.json,posebusters_benchmark,5,results/posebench_702_predictions/protenix_gpu/posebusters_benchmark/7E2S_BLA/full_base_c1_s20_n1/inputs/7E2S_BLA.json,external/PoseBench/data/posebusters_benchmark_set/7E2S_BLA/7E2S_BLA_ligand.sdf,43.0,C=CC1=C(C)/C(=C/c2[nH]c(/C=C3N=C(/C=C4\NC(=O)C(C)=C4C=C)C(C)=C\3CCC(=O)O)c(CCC(=O)O)c2C)NC1=O,233.0,A:233,protenix_base_default_v0.5.0,7E2S_BLA,1.0,43.0,results/posebench_702_predictions/protenix_gpu/posebusters_benchmark/7E2S_BLA/full_base_c1_s20_n1,12.010320691676528,10.0,49.0,43.0,results/posebench_702_predictions/protenix_gpu/posebusters_benchmark/7E2S_BLA/full_base_c1_s20_n1/output/7E2S_BLA/seed_101/predictions/7E2S_BLA_seed_101_sample_0.cif,A:233,external/PoseBench/data/posebusters_benchmark_set/7E2S_BLA/7E2S_BLA_protein.pdb,0.22513899207115173,34.74075698852539,0.22702212631702423,0.22551563382148743,15.670755640692851,0.0,77.369,ok,full_base_c1_s20_n1,11.599487597589235,False,20.398309096001494,False,results/posebench_702_predictions/protenix_gpu/posebusters_benchmark/7E2S_BLA/full_base_c1_s20_n1/run_status.json,,,,,ok
results/posebench_702_predictions/protenix_gpu/posebusters_benchmark/7E4L_MDN/full_base_c1_s20_n1/output/7E4L_MDN/seed_101/predictions/7E4L_MDN_seed_101_summary_confidence_sample_0.json,posebusters_benchmark,7,results/posebench_702_predictions/protenix_gpu/posebusters_benchmark/7E4L_MDN/full_base_c1_s20_n1/inputs/7E4L_MDN.json,external/PoseBench/data/posebusters_benchmark_set/7E4L_MDN/7E4L_MDN_ligand.sdf,9.0,O=P(O)(O)CP(=O)(O)O,555.0,"A:278,B:277",protenix_base_default_v0.5.0,7E4L_MDN,2.0,9.0,results/posebench_702_predictions/protenix_gpu/posebusters_benchmark/7E4L_MDN/full_base_c1_s20_n1,11.20363528630682,10.0,58.0,9.0,results/posebench_702_predictions/protenix_gpu/posebusters_benchmark/7E4L_MDN/full_base_c1_s20_n1/output/7E4L_MDN/seed_101/predictions/7E4L_MDN_seed_101_sample_0.cif,A:278;B:277,external/PoseBench/data/posebusters_benchmark_set/7E4L_MDN/7E4L_MDN_protein.pdb,0.12288756668567657,35.356746673583984,0.23979446291923523,0.14626894891262054,19.37692365813404,0.0,80.072,ok,full_base_c1_s20_n1,11.605523291563593,False,23.857277812876248,False,results/posebench_702_predictions/protenix_gpu/posebusters_benchmark/7E4L_MDN/full_base_c1_s20_n1/run_status.json,,,,,ok
results/posebench_702_predictions/protenix_gpu/posebusters_benchmark/7EBG_J0L/full_base_c1_s20_n1/output/7EBG_J0L/seed_101/predictions/7EBG_J0L_seed_101_summary_confidence_sample_0.json,posebusters_benchmark,5,results/posebench_702_predictions/protenix_gpu/posebusters_benchmark/7EBG_J0L/full_base_c1_s20_n1/inputs/7EBG_J0L.json,external/PoseBench/data/posebusters_benchmark_set/7EBG_J0L/7EBG_J0L_ligand.sdf,14.0,CNc1cccc2c1NC(=O)C2(C)C,686.0,"A:337,B:349",protenix_base_default_v0.5.0,7EBG_J0L,2.0,14.0,results/posebench_702_predictions/protenix_gpu/posebusters_benchmark/7EBG_J0L/full_base_c1_s20_n1,12.779304356538686,10.0,61.0,14.0,results/posebench_702_predictions/protenix_gpu/posebusters_benchmark/7EBG_J0L/full_base_c1_s20_n1/output/7EBG_J0L/seed_101/predictions/7EBG_J0L_seed_101_sample_0.cif,A:337;B:349,external/PoseBench/data/posebusters_benchmark_set/7EBG_J0L/7EBG_J0L_protein.pdb,0.12110576033592224,31.6162166595459,0.17927564680576324,0.13273973762989044,24.933014818672067,0.0,76.169,ok,full_base_c1_s20_n1,12.396272505112414,False,15.743465432326035,False,results/posebench_702_predictions/protenix_gpu/posebusters_benchmark/7EBG_J0L/full_base_c1_s20_n1/run_status.json,,,,,ok
results/posebench_702_predictions/protenix_gpu/posebusters_benchmark/7ECR_SIN/full_base_c1_s20_n1/output/7ECR_SIN/seed_101/predictions/7ECR_SIN_seed_101_summary_confidence_sample_0.json,posebusters_benchmark,7,results/posebench_702_predictions/protenix_gpu/posebusters_benchmark/7ECR_SIN/full_base_c1_s20_n1/inputs/7ECR_SIN.json,external/PoseBench/data/posebusters_benchmark_set/7ECR_SIN/7ECR_SIN_ligand.sdf,8.0,O=C(O)CCC(=O)O,1380.0,"A:460,B:460,C:460",protenix_base_default_v0.5.0,7ECR_SIN,3.0,8.0,results/posebench_702_predictions/protenix_gpu/posebusters_benchmark/7ECR_SIN/full_base_c1_s20_n1,12.190581618154715,10.0,72.0,8.0,results/posebench_702_predictions/protenix_gpu/posebusters_benchmark/7ECR_SIN/full_base_c1_s20_n1/output/7ECR_SIN/seed_101/predictions/7ECR_SIN_seed_101_sample_0.cif,A:460;B:460;C:460,external/PoseBench/data/posebusters_benchmark_set/7ECR_SIN/7ECR_SIN_protein.pdb,0.165536031126976,33.6120491027832,0.22604550421237946,0.17763793468475342,28.980990939318836,0.0,122.287,ok,full_base_c1_s20_n1,17.150230108852075,False,21.872895692647234,False,results/posebench_702_predictions/protenix_gpu/posebusters_benchmark/7ECR_SIN/full_base_c1_s20_n1/run_status.json,,,,,ok
results/posebench_702_predictions/protenix_gpu/posebusters_benchmark/7ED2_A3P/full_base_c1_s20_n1/output/7ED2_A3P/seed_101/predictions/7ED2_A3P_seed_101_summary_confidence_sample_0.json,posebusters_benchmark,5,results/posebench_702_predictions/protenix_gpu/posebusters_benchmark/7ED2_A3P/full_base_c1_s20_n1/inputs/7ED2_A3P.json,external/PoseBench/data/posebusters_benchmark_set/7ED2_A3P/7ED2_A3P_ligand.sdf,27.0,Nc1ncnc2c1ncn2[C@@H]1O[C@H](COP(=O)(O)O)[C@@H](OP(=O)(O)O)[C@H]1O,442.0,"A:221,B:221",protenix_base_default_v0.5.0,7ED2_A3P,2.0,27.0,results/posebench_702_predictions/protenix_gpu/posebusters_benchmark/7ED2_A3P/full_base_c1_s20_n1,13.640708651161152,10.0,79.0,27.0,results/posebench_702_predictions/protenix_gpu/posebusters_benchmark/7ED2_A3P/full_base_c1_s20_n1/output/7ED2_A3P/seed_101/predictions/7ED2_A3P_seed_101_sample_0.cif,A:221;B:221,external/PoseBench/data/posebusters_benchmark_set/7ED2_A3P/7ED2_A3P_protein.pdb,0.10605861246585846,27.51247787475586,0.16742770373821259,0.11833243072032928,21.847943254610193,0.0,96.909,ok,full_base_c1_s20_n1,10.107880820459435,False,12.253201915842116,False,results/posebench_702_predictions/protenix_gpu/posebusters_benchmark/7ED2_A3P/full_base_c1_s20_n1/run_status.json,,,,,ok
results/posebench_702_predictions/protenix_gpu/posebusters_benchmark/7ELT_TYM/full_base_c1_s20_n1/output/7ELT_TYM/seed_101/predictions/7ELT_TYM_seed_101_summary_confidence_sample_0.json,posebusters_benchmark,7,results/posebench_702_predictions/protenix_gpu/posebusters_benchmark/7ELT_TYM/full_base_c1_s20_n1/inputs/7ELT_TYM.json,external/PoseBench/data/posebusters_benchmark_set/7ELT_TYM/7ELT_TYM_ligand.sdf,37.0,Nc1ncnc2c1ncn2[C@@H]1O[C@H](CO[P@@](=O)(O)OC(=O)[C@@H](N)Cc2c[nH]c3ccccc23)[C@@H](O)[C@H]1O,330.0,A:330,protenix_base_default_v0.5.0,7ELT_TYM,1.0,37.0,results/posebench_702_predictions/protenix_gpu/posebusters_benchmark/7ELT_TYM/full_base_c1_s20_n1,14.075648162443454,10.0,102.0,37.0,results/posebench_702_predictions/protenix_gpu/posebusters_benchmark/7ELT_TYM/full_base_c1_s20_n1/output/7ELT_TYM/seed_101/predictions/7ELT_TYM_seed_101_sample_0.cif,A:330,external/PoseBench/data/posebusters_benchmark_set/7ELT_TYM/7ELT_TYM_protein.pdb,0.2521466314792633,34.322566986083984,0.26229962706565857,0.2541772127151489,15.432704487053938,0.0,77.669,ok,full_base_c1_s20_n1,14.15773158609781,False,13.79217755641107,False,results/posebench_702_predictions/protenix_gpu/posebusters_benchmark/7ELT_TYM/full_base_c1_s20_n1/run_status.json,,,,,ok
results/posebench_702_predictions/protenix_gpu/posebusters_benchmark/7EN7_J79/full_base_c1_s20_n1/output/7EN7_J79/seed_101/predictions/7EN7_J79_seed_101_summary_confidence_sample_0.json,posebusters_benchmark,5,results/posebench_702_predictions/protenix_gpu/posebusters_benchmark/7EN7_J79/full_base_c1_s20_n1/inputs/7EN7_J79.json,external/PoseBench/data/posebusters_benchmark_set/7EN7_J79/7EN7_J79_ligand.sdf,24.0,CC(=O)N[C@@H]1[C@@H](O[C@H](C)C(=O)O)[C@H](O)[C@@H](COP(=O)(O)O)O[C@H]1O,191.0,A:191,protenix_base_default_v0.5.0,7EN7_J79,1.0,24.0,results/posebench_702_predictions/protenix_gpu/posebusters_benchmark/7EN7_J79/full_base_c1_s20_n1,10.109725882047817,10.0,42.0,24.0,results/posebench_702_predictions/protenix_gpu/posebusters_benchmark/7EN7_J79/full_base_c1_s20_n1/output/7EN7_J79/seed_101/predictions/7EN7_J79_seed_101_sample_0.cif,A:191,external/PoseBench/data/posebusters_benchmark_set/7EN7_J79/7EN7_J79_protein.pdb,0.29731258749961853,40.39278793334961,0.2635750472545624,0.2905650734901428,15.695853631508655,0.0,75.183,ok,full_base_c1_s20_n1,13.228007775299979,False,16.557414071738478,False,results/posebench_702_predictions/protenix_gpu/posebusters_benchmark/7EN7_J79/full_base_c1_s20_n1/run_status.json,,,,,ok
results/posebench_702_predictions/protenix_gpu/posebusters_benchmark/7EPV_FDA/full_base_c1_s20_n1/output/7EPV_FDA/seed_101/predictions/7EPV_FDA_seed_101_summary_confidence_sample_0.json,posebusters_benchmark,7,results/posebench_702_predictions/protenix_gpu/posebusters_benchmark/7EPV_FDA/full_base_c1_s20_n1/inputs/7EPV_FDA.json,external/PoseBench/data/posebusters_benchmark_set/7EPV_FDA/7EPV_FDA_ligand.sdf,53.0,Cc1cc2c(cc1C)N(C[C@H](O)[C@H](O)[C@H](O)CO[P@@](=O)(O)O[P@@](=O)(O)OC[C@H]1O[C@@H](n3cnc4c(N)ncnc43)[C@H](O)[C@@H]1O)c1[nH]c(=O)[nH]c(=O)c1N2,369.0,A:369,protenix_base_default_v0.5.0,7EPV_FDA,1.0,53.0,results/posebench_702_predictions/protenix_gpu/posebusters_benchmark/7EPV_FDA/full_base_c1_s20_n1,15.198593713457852,10.0,118.0,53.0,results/posebench_702_predictions/protenix_gpu/posebusters_benchmark/7EPV_FDA/full_base_c1_s20_n1/output/7EPV_FDA/seed_101/predictions/7EPV_FDA_seed_101_sample_0.cif,A:369,external/PoseBench/data/posebusters_benchmark_set/7EPV_FDA/7EPV_FDA_protein.pdb,0.4160548746585846,37.835166931152344,0.3049290180206299,0.39382970333099365,22.149473275841455,0.0,89.019,ok,full_base_c1_s20_n1,12.7956809037139,False,13.416971532664196,False,results/posebench_702_predictions/protenix_gpu/posebusters_benchmark/7EPV_FDA/full_base_c1_s20_n1/run_status.json,,,,,ok
results/posebench_702_predictions/protenix_gpu/posebusters_benchmark/7ES1_UDP/full_base_c1_s20_n1/output/7ES1_UDP/seed_101/predictions/7ES1_UDP_seed_101_summary_confidence_sample_0.json,posebusters_benchmark,5,results/posebench_702_predictions/protenix_gpu/posebusters_benchmark/7ES1_UDP/full_base_c1_s20_n1/inputs/7ES1_UDP.json,external/PoseBench/data/posebusters_benchmark_set/7ES1_UDP/7ES1_UDP_ligand.sdf,25.0,O=c1ccn([C@@H]2O[C@H](CO[P@](=O)(O)OP(=O)(O)O)[C@@H](O)[C@H]2O)c(=O)[nH]1,408.0,A:408,protenix_base_default_v0.5.0,7ES1_UDP,1.0,25.0,results/posebench_702_predictions/protenix_gpu/posebusters_benchmark/7ES1_UDP/full_base_c1_s20_n1,15.18101664418345,10.0,78.0,25.0,results/posebench_702_predictions/protenix_gpu/posebusters_benchmark/7ES1_UDP/full_base_c1_s20_n1/output/7ES1_UDP/seed_101/predictions/7ES1_UDP_seed_101_sample_0.cif,A:408,external/PoseBench/data/posebusters_benchmark_set/7ES1_UDP/7ES1_UDP_protein.pdb,0.18806439638137817,31.404268264770508,0.18588422238826752,0.187628373503685,20.650572562538066,0.0,104.895,ok,full_base_c1_s20_n1,19.070158012818666,False,20.174696519440303,False,results/posebench_702_predictions/protenix_gpu/posebusters_benchmark/7ES1_UDP/full_base_c1_s20_n1/run_status.json,,,,,ok
results/posebench_702_predictions/protenix_gpu/posebusters_benchmark/7F51_BA7/full_base_c1_s20_n1/output/7F51_BA7/seed_101/predictions/7F51_BA7_seed_101_summary_confidence_sample_0.json,posebusters_benchmark,7,results/posebench_702_predictions/protenix_gpu/posebusters_benchmark/7F51_BA7/full_base_c1_s20_n1/inputs/7F51_BA7.json,external/PoseBench/data/posebusters_benchmark_set/7F51_BA7/7F51_BA7_ligand.sdf,44.0,Nc1ncnc2c1ncn2[C@@H]1O[C@H](CO[P@](=O)(O)O[P@](=O)(O)OC[C@H]2O[C@@H](O)[C@H](OC(=O)c3ccccc3)[C@@H]2O)[C@@H](O)[C@H]1O,287.0,A:287,protenix_base_default_v0.5.0,7F51_BA7,1.0,44.0,results/posebench_702_predictions/protenix_gpu/posebusters_benchmark/7F51_BA7/full_base_c1_s20_n1,15.71219676551877,10.0,86.0,44.0,results/posebench_702_predictions/protenix_gpu/posebusters_benchmark/7F51_BA7/full_base_c1_s20_n1/output/7F51_BA7/seed_101/predictions/7F51_BA7_seed_101_sample_0.cif,A:287,external/PoseBench/data/posebusters_benchmark_set/7F51_BA7/7F51_BA7_protein.pdb,0.26875972747802734,37.44681167602539,0.2479599565267563,0.2645997703075409,20.949557372326105,0.0,98.132,ok,full_base_c1_s20_n1,14.262952738888856,False,15.66220078781672,False,results/posebench_702_predictions/protenix_gpu/posebusters_benchmark/7F51_BA7/full_base_c1_s20_n1/run_status.json,,,,,ok
results/posebench_702_predictions/protenix_gpu/posebusters_benchmark/7F5D_EUO/full_base_c1_s20_n1/output/7F5D_EUO/seed_101/predictions/7F5D_EUO_seed_101_summary_confidence_sample_0.json,posebusters_benchmark,5,results/posebench_702_predictions/protenix_gpu/posebusters_benchmark/7F5D_EUO/full_base_c1_s20_n1/inputs/7F5D_EUO.json,external/PoseBench/data/posebusters_benchmark_set/7F5D_EUO/7F5D_EUO_ligand.sdf,21.0,CNc1cc(-c2ccc3[nH]ccc3c2)nc(S(C)(=O)=O)n1,108.0,A:108,protenix_base_default_v0.5.0,7F5D_EUO,1.0,21.0,results/posebench_702_predictions/protenix_gpu/posebusters_benchmark/7F5D_EUO/full_base_c1_s20_n1,13.131863762587594,10.0,45.0,21.0,results/posebench_702_predictions/protenix_gpu/posebusters_benchmark/7F5D_EUO/full_base_c1_s20_n1/output/7F5D_EUO/seed_101/predictions/7F5D_EUO_seed_101_sample_0.cif,A:108,external/PoseBench/data/posebusters_benchmark_set/7F5D_EUO/7F5D_EUO_protein.pdb,0.15409259498119354,51.07289505004883,0.3451753258705139,0.19230914115905762,14.59652755827533,0.0,88.417,ok,full_base_c1_s20_n1,7.942627081713652,False,12.578787449067201,False,results/posebench_702_predictions/protenix_gpu/posebusters_benchmark/7F5D_EUO/full_base_c1_s20_n1/run_status.json,,,,,ok
results/posebench_702_predictions/protenix_gpu/posebusters_benchmark/7F8T_FAD/full_base_c1_s20_n1/output/7F8T_FAD/seed_101/predictions/7F8T_FAD_seed_101_summary_confidence_sample_0.json,posebusters_benchmark,7,results/posebench_702_predictions/protenix_gpu/posebusters_benchmark/7F8T_FAD/full_base_c1_s20_n1/inputs/7F8T_FAD.json,external/PoseBench/data/posebusters_benchmark_set/7F8T_FAD/7F8T_FAD_ligand.sdf,53.0,Cc1cc2nc3c(=O)[nH]c(=O)nc-3n(C[C@H](O)[C@H](O)[C@H](O)CO[P@@](=O)(O)O[P@](=O)(O)OC[C@H]3O[C@@H](n4cnc5c(N)ncnc54)[C@H](O)[C@@H]3O)c2cc1C,458.0,A:458,protenix_base_default_v0.5.0,7F8T_FAD,1.0,53.0,results/posebench_702_predictions/protenix_gpu/posebusters_benchmark/7F8T_FAD/full_base_c1_s20_n1,15.241032840353926,10.0,109.0,53.0,results/posebench_702_predictions/protenix_gpu/posebusters_benchmark/7F8T_FAD/full_base_c1_s20_n1/output/7F8T_FAD/seed_101/predictions/7F8T_FAD_seed_101_sample_0.cif,A:458,external/PoseBench/data/posebusters_benchmark_set/7F8T_FAD/7F8T_FAD_protein.pdb,0.24847891926765442,32.47768783569336,0.19267481565475464,0.23731811344623566,25.077991057453165,0.0,83.447,ok,full_base_c1_s20_n1,15.808863095296793,False,17.288765289623612,False,results/posebench_702_predictions/protenix_gpu/posebusters_benchmark/7F8T_FAD/full_base_c1_s20_n1/run_status.json,,,,,ok
results/posebench_702_predictions/protenix_gpu/posebusters_benchmark/7FB7_8NF/full_base_c1_s20_n1/output/7FB7_8NF/seed_101/predictions/7FB7_8NF_seed_101_summary_confidence_sample_0.json,posebusters_benchmark,5,results/posebench_702_predictions/protenix_gpu/posebusters_benchmark/7FB7_8NF/full_base_c1_s20_n1/inputs/7FB7_8NF.json,external/PoseBench/data/posebusters_benchmark_set/7FB7_8NF/7FB7_8NF_ligand.sdf,9.0,Cc1cc(C)c(N)cn1,304.0,"A:155,B:149",protenix_base_default_v0.5.0,7FB7_8NF,2.0,9.0,results/posebench_702_predictions/protenix_gpu/posebusters_benchmark/7FB7_8NF/full_base_c1_s20_n1,10.144522281588609,10.0,40.0,9.0,results/posebench_702_predictions/protenix_gpu/posebusters_benchmark/7FB7_8NF/full_base_c1_s20_n1/output/7FB7_8NF/seed_101/predictions/7FB7_8NF_seed_101_sample_0.cif,A:155;B:149,external/PoseBench/data/posebusters_benchmark_set/7FB7_8NF/7FB7_8NF_protein.pdb,0.09882945567369461,29.669008255004883,0.17605483531951904,0.1142745316028595,21.55830514840743,0.0,78.402,ok,full_base_c1_s20_n1,12.895739013780988,False,24.304747378914566,False,results/posebench_702_predictions/protenix_gpu/posebusters_benchmark/7FB7_8NF/full_base_c1_s20_n1/run_status.json,,,,,ok
results/posebench_702_predictions/protenix_gpu/posebusters_benchmark/7FHA_ADX/full_base_c1_s20_n1/output/7FHA_ADX/seed_101/predictions/7FHA_ADX_seed_101_summary_confidence_sample_0.json,posebusters_benchmark,7,results/posebench_702_predictions/protenix_gpu/posebusters_benchmark/7FHA_ADX/full_base_c1_s20_n1/inputs/7FHA_ADX.json,external/PoseBench/data/posebusters_benchmark_set/7FHA_ADX/7FHA_ADX_ligand.sdf,27.0,Nc1ncnc2c1ncn2[C@@H]1O[C@H](CO[P@@](=O)(O)OS(=O)(=O)O)[C@@H](O)[C@H]1O,781.0,"A:390,B:391",protenix_base_default_v0.5.0,7FHA_ADX,2.0,27.0,results/posebench_702_predictions/protenix_gpu/posebusters_benchmark/7FHA_ADX/full_base_c1_s20_n1,15.342767237080624,10.0,82.0,27.0,results/posebench_702_predictions/protenix_gpu/posebusters_benchmark/7FHA_ADX/full_base_c1_s20_n1/output/7FHA_ADX/seed_101/predictions/7FHA_ADX_seed_101_sample_0.cif,A:390;B:391,external/PoseBench/data/posebusters_benchmark_set/7FHA_ADX/7FHA_ADX_protein.pdb,0.1258702278137207,31.626895904541016,0.1757870465517044,0.1358535885810852,23.465175750668404,0.0,84.241,ok,full_base_c1_s20_n1,23.094161722147952,False,30.229236145691416,False,results/posebench_702_predictions/protenix_gpu/posebusters_benchmark/7FHA_ADX/full_base_c1_s20_n1/run_status.json,,,,,ok
,posebusters_benchmark,5,results/posebench_702_predictions/protenix_gpu/posebusters_benchmark/7FRX_O88/full_base_c1_s20_n1/inputs/7FRX_O88.json,external/PoseBench/data/posebusters_benchmark_set/7FRX_O88/7FRX_O88_ligand.sdf,30.0,O=S(=O)(NCc1ccc(S(=O)(=O)c2ccc(O)c(O)c2)cc1)c1ccc(O)c(O)c1,,,protenix_base_default_v0.5.0,7FRX_O88,8.0,,results/posebench_702_predictions/protenix_gpu/posebusters_benchmark/7FRX_O88/full_base_c1_s20_n1,,,,,,A:422;B:436;C:425;D:425;E:419;F:432;G:421;H:425,external/PoseBench/data/posebusters_benchmark_set/7FRX_O88/7FRX_O88_protein.pdb,,,,,,0.0,88.523,failed_no_prediction_cif,full_base_c1_s20_n1,,,,,results/posebench_702_predictions/protenix_gpu/posebusters_benchmark/7FRX_O88/full_base_c1_s20_n1/run_status.json,"6-06-11 19:40:23,715 [<REMOTE_PROJECT_ROOT>/envs/protenix/lib/python3.10/site-packages/runner/inference.py:67] INFO root: LOCAL_RANK: 0 - CUDA_VISIBLE_DEVICES: [5]
2026-06-11 19:40:23,716 [<REMOTE_PROJECT_ROOT>/envs/protenix/lib/python3.10/site-packages/runner/inference.py:91] INFO root: Finished init ENV.
2026-06-11 19:41:18,310 [<REMOTE_PROJECT_ROOT>/envs/protenix/lib/python3.10/site-packages/runner/inference.py:163] INFO runner.inference: Loading from <REMOTE_PROJECT_ROOT>/envs/protenix/lib/python3.10/site-packages/./release_data/checkpoint//protenix_base_default_v0.5.0.pt, strict: True
2026-06-11 19:41:19,236 [<REMOTE_PROJECT_ROOT>/envs/protenix/lib/python3.10/site-packages/runner/inference.py:163] INFO runner.inference: Sampled key: module.input_embedder.atom_attention_encoder.linear_no_bias_ref_pos.weight
2026-06-11 19:41:19,333 [<REMOTE_PROJECT_ROOT>/envs/protenix/lib/python3.10/site-packages/runner/inference.py:163] INFO runner.inference: Finish loading checkpoint.

  0%|          | 0/1 [00:00<?, ?it/s]2026-06-11 19:41:19,339 [<REMOTE_PROJECT_ROOT>/envs/protenix/lib/python3.10/site-packages/runner/msa_search.py:109] WARNING runner.msa_search: the inference json file <REMOTE_PROJECT_ROOT>/results/posebench_702_predictions/protenix_gpu/posebusters_benchmark/7FRX_O88/full_base_c1_s20_n1/inputs/7FRX_O88.json 
do not contain msa and will not be updated,
and you set not using msa, in this mode, 
if you do not use esm feature, model performance might degrade significantly
2026-06-11 19:41:19,340 [<REMOTE_PROJECT_ROOT>/envs/protenix/lib/python3.10/site-packages/runner/inference.py:279] INFO runner.inference: Loading data from
<REMOTE_PROJECT_ROOT>/results/posebench_702_predictions/protenix_gpu/posebusters_benchmark/7FRX_O88/full_base_c1_s20_n1/inputs/7FRX_O88.json
2026-06-11 19:41:20,195 [<REMOTE_PROJECT_ROOT>/envs/protenix/lib/python3.10/site-packages/protenix/data/infer_data_pipeline.py:246] INFO protenix.data.infer_data_pipeline: Featurizing 7FRX_O88...
2026-06-11 19:41:30,341 [<REMOTE_PROJECT_ROOT>/envs/protenix/lib/python3.10/site-packages/protenix/data/constraint_featurizer.py:381] INFO protenix.data.constraint_featurizer: Loaded constraint feature: #atom contact:0 #contact:0 #pocket:0
2026-06-11 19:41:42,375 [<REMOTE_PROJECT_ROOT>/envs/protenix/lib/python3.10/site-packages/runner/inference.py:303] INFO runner.inference: [Rank 0 (1/1)] 7FRX_O88: N_asym 9, N_token 3435, N_atom 25873, N_msa 1
2026-06-11 19:41:44,700 [<REMOTE_PROJECT_ROOT>/envs/protenix/lib/python3.10/site-packages/runner/inference.py:329] INFO runner.inference: [Rank 0]7FRX_O88 CUDA out of memory. Tried to allocate 5.80 GiB. GPU :
Traceback (most recent call last):
  File ""<REMOTE_PROJECT_ROOT>/envs/protenix/lib/python3.10/site-packages/runner/inference.py"", line 312, in infer_predict
    prediction = runner.predict(data)
  File ""<REMOTE_PROJECT_ROOT>/envs/protenix/lib/python3.10/site-packages/torch/utils/_contextlib.py"", line 115, in decorate_context
    return func(*args, **kwargs)
  File ""<REMOTE_PROJECT_ROOT>/envs/protenix/lib/python3.10/site-packages/runner/inference.py"", line 152, in predict
    prediction, _, _ = self.model(
  File ""<REMOTE_PROJECT_ROOT>/envs/protenix/lib/python3.10/site-packages/torch/nn/modules/module.py"", line 1532, in _wrapped_call_impl
    return self._call_impl(*args, **kwargs)
  File ""<REMOTE_PROJECT_ROOT>/envs/protenix/lib/python3.10/site-packages/torch/nn/modules/module.py"", line 1541, in _call_impl
    return forward_call(*args, **kwargs)
  File ""<REMOTE_PROJECT_ROOT>/envs/protenix/lib/python3.10/site-packages/protenix/model/protenix.py"", line 722, in forward
    pred_dict, log_dict, time_tracker = self.main_inference_loop(
  File ""<REMOTE_PROJECT_ROOT>/envs/protenix/lib/python3.10/site-packages/protenix/model/protenix.py"", line 338, in main_inference_loop
    pred_dict, log_dict, time_tracker = self._main_inference_loop(
  File ""<REMOTE_PROJECT_ROOT>/envs/protenix/lib/python3.10/site-packages/protenix/model/protenix.py"", line 399, in _main_inference_loop
    s_inputs, s, z = self.get_pairformer_output(
  File ""<REMOTE_PROJECT_ROOT>/envs/protenix/lib/python3.10/site-packages/protenix/model/protenix.py"", line 175, in get_pairformer_output
    z_init += self.relative_position_encoding(input_feature_dict)
  File ""<REMOTE_PROJECT_ROOT>/envs/protenix/lib/python3.10/site-packages/torch/nn/modules/module.py"", line 1532, in _wrapped_call_impl
    return self._call_impl(*args, **kwargs)
  File ""<REMOTE_PROJECT_ROOT>/envs/protenix/lib/python3.10/site-packages/torch/nn/modules/module.py"", line 1541, in _call_impl
    return forward_call(*args, **kwargs)
  File ""<REMOTE_PROJECT_ROOT>/envs/protenix/lib/python3.10/site-packages/protenix/model/modules/embedders.py"", line 177, in forward
    a_rel_token = F.one_hot(d_token, 2 * (self.r_max + 1))
torch.cuda.OutOfMemoryError: CUDA out of memory. Tried to allocate 5.80 GiB. GPU 


100%|██████████| 1/1 [00:25<00:00, 25.58s/it]
100%|██████████| 1/1 [00:25<00:00, 25.58s/it]
","Try to find the ccd cache data in the code directory for inference.
[2026-06-11 19:40:22,159] [INFO] [real_accelerator.py:219:get_accelerator] Setting ds_accelerator to cuda (auto detect)
train scheduler 16.0
inference scheduler 16.0
Diffusion Module has 16.0
",,,gpu_oom
results/posebench_702_predictions/protenix_gpu/posebusters_benchmark/7FT9_4MB/full_base_c1_s20_n1/output/7FT9_4MB/seed_101/predictions/7FT9_4MB_seed_101_summary_confidence_sample_0.json,posebusters_benchmark,7,results/posebench_702_predictions/protenix_gpu/posebusters_benchmark/7FT9_4MB/full_base_c1_s20_n1/inputs/7FT9_4MB.json,external/PoseBench/data/posebusters_benchmark_set/7FT9_4MB/7FT9_4MB_ligand.sdf,14.0,CS(=O)(=O)Nc1ccc(C(=O)O)cc1,771.0,"A:191,B:193,C:194,D:193",protenix_base_default_v0.5.0,7FT9_4MB,4.0,14.0,results/posebench_702_predictions/protenix_gpu/posebusters_benchmark/7FT9_4MB/full_base_c1_s20_n1,17.557132105869677,10.0,48.0,14.0,results/posebench_702_predictions/protenix_gpu/posebusters_benchmark/7FT9_4MB/full_base_c1_s20_n1/output/7FT9_4MB/seed_101/predictions/7FT9_4MB_seed_101_sample_0.cif,A:191;B:193;C:194;D:193,external/PoseBench/data/posebusters_benchmark_set/7FT9_4MB/7FT9_4MB_protein.pdb,0.12971283495426178,33.660133361816406,0.18058820068836212,0.13988791406154633,31.668235686520337,0.0,84.238,ok,full_base_c1_s20_n1,15.361593707028524,False,38.51007932044164,False,results/posebench_702_predictions/protenix_gpu/posebusters_benchmark/7FT9_4MB/full_base_c1_s20_n1/run_status.json,,,,,ok
results/posebench_702_predictions/protenix_gpu/posebusters_benchmark/7JG0_GAR/full_base_c1_s20_n1/output/7JG0_GAR/seed_101/predictions/7JG0_GAR_seed_101_summary_confidence_sample_0.json,posebusters_benchmark,5,results/posebench_702_predictions/protenix_gpu/posebusters_benchmark/7JG0_GAR/full_base_c1_s20_n1/inputs/7JG0_GAR.json,external/PoseBench/data/posebusters_benchmark_set/7JG0_GAR/7JG0_GAR_ligand.sdf,18.0,NCC(=O)N[C@@H]1O[C@H](COP(=O)([O-])[O-])[C@@H](O)[C@H]1O,200.0,A:200,protenix_base_default_v0.5.0,7JG0_GAR,1.0,18.0,results/posebench_702_predictions/protenix_gpu/posebusters_benchmark/7JG0_GAR/full_base_c1_s20_n1,11.024630691680692,10.0,67.0,18.0,results/posebench_702_predictions/protenix_gpu/posebusters_benchmark/7JG0_GAR/full_base_c1_s20_n1/output/7JG0_GAR/seed_101/predictions/7JG0_GAR_seed_101_sample_0.cif,A:200,external/PoseBench/data/posebusters_benchmark_set/7JG0_GAR/7JG0_GAR_protein.pdb,0.18512162566184998,32.15495300292969,0.2228785902261734,0.19267302751541138,14.284666104353517,0.0,74.137,ok,full_base_c1_s20_n1,11.0707907592973,False,10.683321451306533,False,results/posebench_702_predictions/protenix_gpu/posebusters_benchmark/7JG0_GAR/full_base_c1_s20_n1/run_status.json,,,,,ok
results/posebench_702_predictions/protenix_gpu/posebusters_benchmark/7JGW_V9S/full_base_c1_s20_n1/output/7JGW_V9S/seed_101/predictions/7JGW_V9S_seed_101_summary_confidence_sample_0.json,posebusters_benchmark,7,results/posebench_702_predictions/protenix_gpu/posebusters_benchmark/7JGW_V9S/full_base_c1_s20_n1/inputs/7JGW_V9S.json,external/PoseBench/data/posebusters_benchmark_set/7JGW_V9S/7JGW_V9S_ligand.sdf,45.0,O=C(NCc1ccccc1)c1csc(N/N=C2\CCCc3ccc(-c4ccc(OCCc5ccccc5)c(C(=O)O)n4)cc32)n1,145.0,A:145,protenix_base_default_v0.5.0,7JGW_V9S,1.0,45.0,results/posebench_702_predictions/protenix_gpu/posebusters_benchmark/7JGW_V9S/full_base_c1_s20_n1,13.437117931503538,10.0,59.0,45.0,results/posebench_702_predictions/protenix_gpu/posebusters_benchmark/7JGW_V9S/full_base_c1_s20_n1/output/7JGW_V9S/seed_101/predictions/7JGW_V9S_seed_101_sample_0.cif,A:145,external/PoseBench/data/posebusters_benchmark_set/7JGW_V9S/7JGW_V9S_protein.pdb,0.2588135600090027,50.84827423095703,0.37057989835739136,0.28116682171821594,17.477198564379062,0.0,87.856,ok,full_base_c1_s20_n1,9.066047101744955,False,15.975991769635192,False,results/posebench_702_predictions/protenix_gpu/posebusters_benchmark/7JGW_V9S/full_base_c1_s20_n1/run_status.json,,,,,ok
results/posebench_702_predictions/protenix_gpu/posebusters_benchmark/7JHQ_VAJ/full_base_c1_s20_n1/output/7JHQ_VAJ/seed_101/predictions/7JHQ_VAJ_seed_101_summary_confidence_sample_0.json,posebusters_benchmark,5,results/posebench_702_predictions/protenix_gpu/posebusters_benchmark/7JHQ_VAJ/full_base_c1_s20_n1/inputs/7JHQ_VAJ.json,external/PoseBench/data/posebusters_benchmark_set/7JHQ_VAJ/7JHQ_VAJ_ligand.sdf,18.0,O=C(O)c1ccc(-c2cccc(C(=O)O)c2)cc1,960.0,"A:240,B:240,C:240,D:240",protenix_base_default_v0.5.0,7JHQ_VAJ,4.0,18.0,results/posebench_702_predictions/protenix_gpu/posebusters_benchmark/7JHQ_VAJ/full_base_c1_s20_n1,12.477155996137268,10.0,57.0,18.0,results/posebench_702_predictions/protenix_gpu/posebusters_benchmark/7JHQ_VAJ/full_base_c1_s20_n1/output/7JHQ_VAJ/seed_101/predictions/7JHQ_VAJ_seed_101_sample_0.cif,A:240;B:240;C:240;D:240,external/PoseBench/data/posebusters_benchmark_set/7JHQ_VAJ/7JHQ_VAJ_protein.pdb,0.13756510615348816,32.20063018798828,0.1888553351163864,0.14782315492630005,25.322111159461596,0.0,97.311,ok,full_base_c1_s20_n1,16.13267806397708,False,18.880339969509382,False,results/posebench_702_predictions/protenix_gpu/posebusters_benchmark/7JHQ_VAJ/full_base_c1_s20_n1/run_status.json,,,,,ok
results/posebench_702_predictions/protenix_gpu/posebusters_benchmark/7JMV_4NC/full_base_c1_s20_n1/output/7JMV_4NC/seed_101/predictions/7JMV_4NC_seed_101_summary_confidence_sample_0.json,posebusters_benchmark,7,results/posebench_702_predictions/protenix_gpu/posebusters_benchmark/7JMV_4NC/full_base_c1_s20_n1/inputs/7JMV_4NC.json,external/PoseBench/data/posebusters_benchmark_set/7JMV_4NC/7JMV_4NC_ligand.sdf,11.0,O=[N+]([O-])c1ccc(O)c(O)c1,223.0,A:223,protenix_base_default_v0.5.0,7JMV_4NC,1.0,11.0,results/posebench_702_predictions/protenix_gpu/posebusters_benchmark/7JMV_4NC/full_base_c1_s20_n1,13.997799905339877,10.0,71.0,11.0,results/posebench_702_predictions/protenix_gpu/posebusters_benchmark/7JMV_4NC/full_base_c1_s20_n1/output/7JMV_4NC/seed_101/predictions/7JMV_4NC_seed_101_sample_0.cif,A:223,external/PoseBench/data/posebusters_benchmark_set/7JMV_4NC/7JMV_4NC_protein.pdb,0.2010466456413269,32.289634704589844,0.2176273763179779,0.20436279475688934,18.438004829169955,0.0,74.686,ok,full_base_c1_s20_n1,7.098616889539677,False,9.916669161010944,False,results/posebench_702_predictions/protenix_gpu/posebusters_benchmark/7JMV_4NC/full_base_c1_s20_n1/run_status.json,,,,,ok
results/posebench_702_predictions/protenix_gpu/posebusters_benchmark/7JNB_A2G/full_base_c1_s20_n1/output/7JNB_A2G/seed_101/predictions/7JNB_A2G_seed_101_summary_confidence_sample_0.json,posebusters_benchmark,5,results/posebench_702_predictions/protenix_gpu/posebusters_benchmark/7JNB_A2G/full_base_c1_s20_n1/inputs/7JNB_A2G.json,external/PoseBench/data/posebusters_benchmark_set/7JNB_A2G/7JNB_A2G_ligand.sdf,15.0,CC(=O)N[C@@H]1[C@@H](O)[C@@H](O)[C@@H](CO)O[C@@H]1O,395.0,A:395,protenix_base_default_v0.5.0,7JNB_A2G,1.0,15.0,results/posebench_702_predictions/protenix_gpu/posebusters_benchmark/7JNB_A2G/full_base_c1_s20_n1,6.424070896633895,10.0,27.0,15.0,results/posebench_702_predictions/protenix_gpu/posebusters_benchmark/7JNB_A2G/full_base_c1_s20_n1/output/7JNB_A2G/seed_101/predictions/7JNB_A2G_seed_101_sample_0.cif,A:395,external/PoseBench/data/posebusters_benchmark_set/7JNB_A2G/7JNB_A2G_protein.pdb,0.23768599331378937,47.95809555053711,0.32515960931777954,0.2551807165145874,19.193612561689324,0.0,75.13,ok,full_base_c1_s20_n1,5.886652781248342,False,26.450338881042146,False,results/posebench_702_predictions/protenix_gpu/posebusters_benchmark/7JNB_A2G/full_base_c1_s20_n1/run_status.json,,,,,ok
results/posebench_702_predictions/protenix_gpu/posebusters_benchmark/7JR8_VH7/full_base_c1_s20_n1/output/7JR8_VH7/seed_101/predictions/7JR8_VH7_seed_101_summary_confidence_sample_0.json,posebusters_benchmark,7,results/posebench_702_predictions/protenix_gpu/posebusters_benchmark/7JR8_VH7/full_base_c1_s20_n1/inputs/7JR8_VH7.json,external/PoseBench/data/posebusters_benchmark_set/7JR8_VH7/7JR8_VH7_ligand.sdf,28.0,CC(C)(O)[C@H]1CC[C@H](NC(=O)c2ccc3nc(-c4ccccc4)cn3c2)CC1,400.0,"A:200,B:200",protenix_base_default_v0.5.0,7JR8_VH7,2.0,28.0,results/posebench_702_predictions/protenix_gpu/posebusters_benchmark/7JR8_VH7/full_base_c1_s20_n1,12.986351278867762,10.0,66.0,28.0,results/posebench_702_predictions/protenix_gpu/posebusters_benchmark/7JR8_VH7/full_base_c1_s20_n1/output/7JR8_VH7/seed_101/predictions/7JR8_VH7_seed_101_sample_0.cif,A:200;B:200,external/PoseBench/data/posebusters_benchmark_set/7JR8_VH7/7JR8_VH7_protein.pdb,0.11412565410137177,36.74163055419922,0.20319649577140808,0.1319398283958435,18.909146133449493,0.0,69.536,ok,full_base_c1_s20_n1,19.225935069491886,False,17.6917019733289,False,results/posebench_702_predictions/protenix_gpu/posebusters_benchmark/7JR8_VH7/full_base_c1_s20_n1/run_status.json,,,,,ok
results/posebench_702_predictions/protenix_gpu/posebusters_benchmark/7JUD_MMA/full_base_c1_s20_n1/output/7JUD_MMA/seed_101/predictions/7JUD_MMA_seed_101_summary_confidence_sample_0.json,posebusters_benchmark,5,results/posebench_702_predictions/protenix_gpu/posebusters_benchmark/7JUD_MMA/full_base_c1_s20_n1/inputs/7JUD_MMA.json,external/PoseBench/data/posebusters_benchmark_set/7JUD_MMA/7JUD_MMA_ligand.sdf,13.0,CO[C@H]1O[C@H](CO)[C@@H](O)[C@H](O)[C@@H]1O,254.0,"A:122,B:132",protenix_base_default_v0.5.0,7JUD_MMA,2.0,13.0,results/posebench_702_predictions/protenix_gpu/posebusters_benchmark/7JUD_MMA/full_base_c1_s20_n1,9.335207003678322,10.0,30.0,13.0,results/posebench_702_predictions/protenix_gpu/posebusters_benchmark/7JUD_MMA/full_base_c1_s20_n1/output/7JUD_MMA/seed_101/predictions/7JUD_MMA_seed_101_sample_0.cif,A:122;B:132,external/PoseBench/data/posebusters_benchmark_set/7JUD_MMA/7JUD_MMA_protein.pdb,0.08381620049476624,31.01852798461914,0.17415447533130646,0.10188385844230652,18.13704844777685,0.0,68.345,ok,full_base_c1_s20_n1,23.35479692365044,False,28.311456543875273,False,results/posebench_702_predictions/protenix_gpu/posebusters_benchmark/7JUD_MMA/full_base_c1_s20_n1/run_status.json,,,,,ok
results/posebench_702_predictions/protenix_gpu/posebusters_benchmark/7JXX_VP7/full_base_c1_s20_n1/output/7JXX_VP7/seed_101/predictions/7JXX_VP7_seed_101_summary_confidence_sample_0.json,posebusters_benchmark,7,results/posebench_702_predictions/protenix_gpu/posebusters_benchmark/7JXX_VP7/full_base_c1_s20_n1/inputs/7JXX_VP7.json,external/PoseBench/data/posebusters_benchmark_set/7JXX_VP7/7JXX_VP7_ligand.sdf,25.0,CC(C)(O)C#Cc1ccc2[nH]c3c(c2c1)-c1nc(N)ncc1CCC3,288.0,A:288,protenix_base_default_v0.5.0,7JXX_VP7,1.0,25.0,results/posebench_702_predictions/protenix_gpu/posebusters_benchmark/7JXX_VP7/full_base_c1_s20_n1,12.838518073481833,10.0,74.0,25.0,results/posebench_702_predictions/protenix_gpu/posebusters_benchmark/7JXX_VP7/full_base_c1_s20_n1/output/7JXX_VP7/seed_101/predictions/7JXX_VP7_seed_101_sample_0.cif,A:288,external/PoseBench/data/posebusters_benchmark_set/7JXX_VP7/7JXX_VP7_protein.pdb,0.2221059799194336,31.56585693359375,0.1918732225894928,0.21605943143367767,19.823820752531006,0.0,77.114,ok,full_base_c1_s20_n1,12.113234377937184,False,12.88452280074651,False,results/posebench_702_predictions/protenix_gpu/posebusters_benchmark/7JXX_VP7/full_base_c1_s20_n1/run_status.json,,,,,ok
results/posebench_702_predictions/protenix_gpu/posebusters_benchmark/7JY3_VUD/full_base_c1_s20_n1/output/7JY3_VUD/seed_101/predictions/7JY3_VUD_seed_101_summary_confidence_sample_0.json,posebusters_benchmark,5,results/posebench_702_predictions/protenix_gpu/posebusters_benchmark/7JY3_VUD/full_base_c1_s20_n1/inputs/7JY3_VUD.json,external/PoseBench/data/posebusters_benchmark_set/7JY3_VUD/7JY3_VUD_ligand.sdf,27.0,C[C@H](Oc1cc2cc(F)ccc2nc1N)c1[nH]c(=O)ccc1-n1cccn1,574.0,"A:141,B:146,C:141,D:146",protenix_base_default_v0.5.0,7JY3_VUD,4.0,27.0,results/posebench_702_predictions/protenix_gpu/posebusters_benchmark/7JY3_VUD/full_base_c1_s20_n1,20.19059293057416,10.0,59.0,27.0,results/posebench_702_predictions/protenix_gpu/posebusters_benchmark/7JY3_VUD/full_base_c1_s20_n1/output/7JY3_VUD/seed_101/predictions/7JY3_VUD_seed_101_sample_0.cif,A:141;B:146;C:141;D:146,external/PoseBench/data/posebusters_benchmark_set/7JY3_VUD/7JY3_VUD_protein.pdb,0.12229648977518082,38.89549255371094,0.20610807836055756,0.13905881345272064,22.111676249518712,0.0,87.152,ok,full_base_c1_s20_n1,10.455643343466704,False,24.991517512086453,False,results/posebench_702_predictions/protenix_gpu/posebusters_benchmark/7JY3_VUD/full_base_c1_s20_n1/run_status.json,,,,,ok
results/posebench_702_predictions/protenix_gpu/posebusters_benchmark/7K0V_VQP/full_base_c1_s20_n1/output/7K0V_VQP/seed_101/predictions/7K0V_VQP_seed_101_summary_confidence_sample_0.json,posebusters_benchmark,7,results/posebench_702_predictions/protenix_gpu/posebusters_benchmark/7K0V_VQP/full_base_c1_s20_n1/inputs/7K0V_VQP.json,external/PoseBench/data/posebusters_benchmark_set/7K0V_VQP/7K0V_VQP_ligand.sdf,32.0,Cc1cc(F)c(NC(=O)NCCC(C)(C)C)cc1Nc1ccc2ncn(C)c(=O)c2c1F,1064.0,"A:262,B:264,C:267,D:271",protenix_base_default_v0.5.0,7K0V_VQP,4.0,32.0,results/posebench_702_predictions/protenix_gpu/posebusters_benchmark/7K0V_VQP/full_base_c1_s20_n1,14.8031431638063,10.0,85.0,32.0,results/posebench_702_predictions/protenix_gpu/posebusters_benchmark/7K0V_VQP/full_base_c1_s20_n1/output/7K0V_VQP/seed_101/predictions/7K0V_VQP_seed_101_sample_0.cif,A:262;B:264;C:267;D:271,external/PoseBench/data/posebusters_benchmark_set/7K0V_VQP/7K0V_VQP_protein.pdb,0.15317048132419586,34.52399444580078,0.18866543471813202,0.16026946902275085,32.49362015927214,0.0,103.87,ok,full_base_c1_s20_n1,19.302211705471667,False,28.45852174392679,False,results/posebench_702_predictions/protenix_gpu/posebusters_benchmark/7K0V_VQP/full_base_c1_s20_n1/run_status.json,,,,,ok
results/posebench_702_predictions/protenix_gpu/posebusters_benchmark/7K41_VUA/full_base_c1_s20_n1/output/7K41_VUA/seed_101/predictions/7K41_VUA_seed_101_summary_confidence_sample_0.json,posebusters_benchmark,5,results/posebench_702_predictions/protenix_gpu/posebusters_benchmark/7K41_VUA/full_base_c1_s20_n1/inputs/7K41_VUA.json,external/PoseBench/data/posebusters_benchmark_set/7K41_VUA/7K41_VUA_ligand.sdf,22.0,CC1CCN(c2ccnc(NCCc3ccccc3)n2)CC1,590.0,A:590,protenix_base_default_v0.5.0,7K41_VUA,1.0,22.0,results/posebench_702_predictions/protenix_gpu/posebusters_benchmark/7K41_VUA/full_base_c1_s20_n1,12.813515989880472,10.0,61.0,22.0,results/posebench_702_predictions/protenix_gpu/posebusters_benchmark/7K41_VUA/full_base_c1_s20_n1/output/7K41_VUA/seed_101/predictions/7K41_VUA_seed_101_sample_0.cif,A:590,external/PoseBench/data/posebusters_benchmark_set/7K41_VUA/7K41_VUA_protein.pdb,0.26654496788978577,30.844202041625977,0.18678444623947144,0.2505928575992584,23.453758192748936,0.0,81.265,ok,full_base_c1_s20_n1,7.446739086270424,False,14.667069052697789,False,results/posebench_702_predictions/protenix_gpu/posebusters_benchmark/7K41_VUA/full_base_c1_s20_n1/run_status.json,,,,,ok
,posebusters_benchmark,6,results/posebench_702_predictions/protenix_gpu/posebusters_benchmark/7KB1_WBJ/full_base_c1_s20_n1/inputs/7KB1_WBJ.json,external/PoseBench/data/posebusters_benchmark_set/7KB1_WBJ/7KB1_WBJ_ligand.sdf,22.0,C=C/C(=N\Cc1c(COP(=O)(O)O)cnc(C)c1O)C(=O)O,,,protenix_base_default_v0.5.0,7KB1_WBJ,4.0,,results/posebench_702_predictions/protenix_gpu/posebusters_benchmark/7KB1_WBJ/full_base_c1_s20_n1,,,,,,A:428;B:428;C:428;D:428,external/PoseBench/data/posebusters_benchmark_set/7KB1_WBJ/7KB1_WBJ_protein.pdb,,,,,,0.0,148.115,failed_no_prediction_cif,full_base_c1_s20_n1,,,,,results/posebench_702_predictions/protenix_gpu/posebusters_benchmark/7KB1_WBJ/full_base_c1_s20_n1/run_status.json,"x/lib/python3.10/site-packages/runner/inference.py"", line 312, in infer_predict
    prediction = runner.predict(data)
  File ""<REMOTE_PROJECT_ROOT>/envs/protenix/lib/python3.10/site-packages/torch/utils/_contextlib.py"", line 115, in decorate_context
    return func(*args, **kwargs)
  File ""<REMOTE_PROJECT_ROOT>/envs/protenix/lib/python3.10/site-packages/runner/inference.py"", line 152, in predict
    prediction, _, _ = self.model(
  File ""<REMOTE_PROJECT_ROOT>/envs/protenix/lib/python3.10/site-packages/torch/nn/modules/module.py"", line 1532, in _wrapped_call_impl
    return self._call_impl(*args, **kwargs)
  File ""<REMOTE_PROJECT_ROOT>/envs/protenix/lib/python3.10/site-packages/torch/nn/modules/module.py"", line 1541, in _call_impl
    return forward_call(*args, **kwargs)
  File ""<REMOTE_PROJECT_ROOT>/envs/protenix/lib/python3.10/site-packages/protenix/model/protenix.py"", line 722, in forward
    pred_dict, log_dict, time_tracker = self.main_inference_loop(
  File ""<REMOTE_PROJECT_ROOT>/envs/protenix/lib/python3.10/site-packages/protenix/model/protenix.py"", line 338, in main_inference_loop
    pred_dict, log_dict, time_tracker = self._main_inference_loop(
  File ""<REMOTE_PROJECT_ROOT>/envs/protenix/lib/python3.10/site-packages/protenix/model/protenix.py"", line 460, in _main_inference_loop
    ) = self.run_confidence_head(
  File ""<REMOTE_PROJECT_ROOT>/envs/protenix/lib/python3.10/site-packages/protenix/model/protenix.py"", line 303, in run_confidence_head
    return autocasting_disable_decorator(self.configs.skip_amp.confidence_head)(
  File ""<REMOTE_PROJECT_ROOT>/envs/protenix/lib/python3.10/site-packages/protenix/utils/torch_utils.py"", line 219, in new_func
    return func(
  File ""<REMOTE_PROJECT_ROOT>/envs/protenix/lib/python3.10/site-packages/torch/nn/modules/module.py"", line 1532, in _wrapped_call_impl
    return self._call_impl(*args, **kwargs)
  File ""<REMOTE_PROJECT_ROOT>/envs/protenix/lib/python3.10/site-packages/torch/nn/modules/module.py"", line 1541, in _call_impl
    return forward_call(*args, **kwargs)
  File ""<REMOTE_PROJECT_ROOT>/envs/protenix/lib/python3.10/site-packages/protenix/model/modules/confidence.py"", line 211, in forward
    self.memory_efficient_forward(
  File ""<REMOTE_PROJECT_ROOT>/envs/protenix/lib/python3.10/site-packages/protenix/model/modules/confidence.py"", line 301, in memory_efficient_forward
    s_single, z_pair = self.pairformer_stack(
  File ""<REMOTE_PROJECT_ROOT>/envs/protenix/lib/python3.10/site-packages/torch/nn/modules/module.py"", line 1532, in _wrapped_call_impl
    return self._call_impl(*args, **kwargs)
  File ""<REMOTE_PROJECT_ROOT>/envs/protenix/lib/python3.10/site-packages/torch/nn/modules/module.py"", line 1541, in _call_impl
    return forward_call(*args, **kwargs)
  File ""<REMOTE_PROJECT_ROOT>/envs/protenix/lib/python3.10/site-packages/protenix/model/modules/pairformer.py"", line 309, in forward
    s, z = checkpoint_blocks(
  File ""<REMOTE_PROJECT_ROOT>/envs/protenix/lib/python3.10/site-packages/protenix/openfold_local/utils/checkpointing.py"", line 86, in checkpoint_blocks
    return exec(blocks, args)
  File ""<REMOTE_PROJECT_ROOT>/envs/protenix/lib/python3.10/site-packages/protenix/openfold_local/utils/checkpointing.py"", line 73, in exec
    a = wrap(block(*a))
  File ""<REMOTE_PROJECT_ROOT>/envs/protenix/lib/python3.10/site-packages/torch/nn/modules/module.py"", line 1532, in _wrapped_call_impl
    return self._call_impl(*args, **kwargs)
  File ""<REMOTE_PROJECT_ROOT>/envs/protenix/lib/python3.10/site-packages/torch/nn/modules/module.py"", line 1541, in _call_impl
    return forward_call(*args, **kwargs)
  File ""<REMOTE_PROJECT_ROOT>/envs/protenix/lib/python3.10/site-packages/protenix/model/modules/pairformer.py"", line 154, in forward
    z += self.pair_transition(z)
  File ""<REMOTE_PROJECT_ROOT>/envs/protenix/lib/python3.10/site-packages/torch/nn/modules/module.py"", line 1532, in _wrapped_call_impl
    return self._call_impl(*args, **kwargs)
  File ""<REMOTE_PROJECT_ROOT>/envs/protenix/lib/python3.10/site-packages/torch/nn/modules/module.py"", line 1541, in _call_impl
    return forward_call(*args, **kwargs)
  File ""<REMOTE_PROJECT_ROOT>/envs/protenix/lib/python3.10/site-packages/protenix/model/modules/primitives.py"", line 219, in forward
    b = self.linear_no_bias_b(y)
  File ""<REMOTE_PROJECT_ROOT>/envs/protenix/lib/python3.10/site-packages/torch/nn/modules/module.py"", line 1532, in _wrapped_call_impl
    return self._call_impl(*args, **kwargs)
  File ""<REMOTE_PROJECT_ROOT>/envs/protenix/lib/python3.10/site-packages/torch/nn/modules/module.py"", line 1541, in _call_impl
    return forward_call(*args, **kwargs)
  File ""<REMOTE_PROJECT_ROOT>/envs/protenix/lib/python3.10/site-packages/protenix/model/modules/primitives.py"", line 94, in forward
    return F.linear(input, self.weight, self.bias)
torch.cuda.OutOfMemoryError: CUDA out of memory. Tried to allocate 5.74 GiB. GPU 


100%|██████████| 1/1 [01:22<00:00, 82.18s/it]
100%|██████████| 1/1 [01:22<00:00, 82.18s/it]
","Try to find the ccd cache data in the code directory for inference.
[2026-06-11 19:41:01,564] [INFO] [real_accelerator.py:219:get_accelerator] Setting ds_accelerator to cuda (auto detect)
train scheduler 16.0
inference scheduler 16.0
Diffusion Module has 16.0
",,,gpu_oom
results/posebench_702_predictions/protenix_gpu/posebusters_benchmark/7KC5_BJZ/full_base_c1_s20_n1/output/7KC5_BJZ/seed_101/predictions/7KC5_BJZ_seed_101_summary_confidence_sample_0.json,posebusters_benchmark,5,results/posebench_702_predictions/protenix_gpu/posebusters_benchmark/7KC5_BJZ/full_base_c1_s20_n1/inputs/7KC5_BJZ.json,external/PoseBench/data/posebusters_benchmark_set/7KC5_BJZ/7KC5_BJZ_ligand.sdf,37.0,CN1C(=O)N(c2cc(Cl)cc(Cl)c2)C(=O)[C@]12CN(c1ccc(C(=O)O)cn1)C[C@H]2c1ccc(C#N)cc1,182.0,A:182,protenix_base_default_v0.5.0,7KC5_BJZ,2.0,37.0,results/posebench_702_predictions/protenix_gpu/posebusters_benchmark/7KC5_BJZ/full_base_c1_s20_n1,,10.0,0.0,37.0,results/posebench_702_predictions/protenix_gpu/posebusters_benchmark/7KC5_BJZ/full_base_c1_s20_n1/output/7KC5_BJZ/seed_101/predictions/7KC5_BJZ_seed_101_sample_0.cif,A:182;C:182,external/PoseBench/data/posebusters_benchmark_set/7KC5_BJZ/7KC5_BJZ_protein.pdb,0.16972319781780243,38.3292121887207,0.2439781129360199,0.1845741868019104,18.308637113840167,0.0,83.366,ok,full_base_c1_s20_n1,,False,35.219083066588716,False,results/posebench_702_predictions/protenix_gpu/posebusters_benchmark/7KC5_BJZ/full_base_c1_s20_n1/run_status.json,,,,,ok
results/posebench_702_predictions/protenix_gpu/posebusters_benchmark/7KFO_IAC/full_base_c1_s20_n1/output/7KFO_IAC/seed_101/predictions/7KFO_IAC_seed_101_summary_confidence_sample_0.json,posebusters_benchmark,7,results/posebench_702_predictions/protenix_gpu/posebusters_benchmark/7KFO_IAC/full_base_c1_s20_n1/inputs/7KFO_IAC.json,external/PoseBench/data/posebusters_benchmark_set/7KFO_IAC/7KFO_IAC_ligand.sdf,13.0,O=C(O)Cc1c[nH]c2ccccc12,134.0,A:134,protenix_base_default_v0.5.0,7KFO_IAC,1.0,13.0,results/posebench_702_predictions/protenix_gpu/posebusters_benchmark/7KFO_IAC/full_base_c1_s20_n1,5.030265291755606,10.0,46.0,13.0,results/posebench_702_predictions/protenix_gpu/posebusters_benchmark/7KFO_IAC/full_base_c1_s20_n1/output/7KFO_IAC/seed_101/predictions/7KFO_IAC_seed_101_sample_0.cif,A:134,external/PoseBench/data/posebusters_benchmark_set/7KFO_IAC/7KFO_IAC_protein.pdb,0.20156869292259216,55.6872673034668,0.41467103362083435,0.24418917298316956,9.423722632944338,0.0,71.003,ok,full_base_c1_s20_n1,10.03677931894356,False,10.0584713768526,False,results/posebench_702_predictions/protenix_gpu/posebusters_benchmark/7KFO_IAC/full_base_c1_s20_n1/run_status.json,,,,,ok
results/posebench_702_predictions/protenix_gpu/posebusters_benchmark/7KLX_WOV/full_base_c1_s20_n1/output/7KLX_WOV/seed_101/predictions/7KLX_WOV_seed_101_summary_confidence_sample_0.json,posebusters_benchmark,5,results/posebench_702_predictions/protenix_gpu/posebusters_benchmark/7KLX_WOV/full_base_c1_s20_n1/inputs/7KLX_WOV.json,external/PoseBench/data/posebusters_benchmark_set/7KLX_WOV/7KLX_WOV_ligand.sdf,17.0,Cc1ccc(C)n1-c1ccc(O)cc1C(=O)O,278.0,A:278,protenix_base_default_v0.5.0,7KLX_WOV,1.0,17.0,results/posebench_702_predictions/protenix_gpu/posebusters_benchmark/7KLX_WOV/full_base_c1_s20_n1,10.554159915359254,10.0,34.0,17.0,results/posebench_702_predictions/protenix_gpu/posebusters_benchmark/7KLX_WOV/full_base_c1_s20_n1/output/7KLX_WOV/seed_101/predictions/7KLX_WOV_seed_101_sample_0.cif,A:278,external/PoseBench/data/posebusters_benchmark_set/7KLX_WOV/7KLX_WOV_protein.pdb,0.1990842968225479,30.103853225708008,0.20346231758594513,0.1999599039554596,19.813505376283572,0.0,75.472,ok,full_base_c1_s20_n1,5.785293820595414,False,15.561643072019503,False,results/posebench_702_predictions/protenix_gpu/posebusters_benchmark/7KLX_WOV/full_base_c1_s20_n1/run_status.json,,,,,ok
results/posebench_702_predictions/protenix_gpu/posebusters_benchmark/7KM8_WPD/full_base_c1_s20_n1/output/7KM8_WPD/seed_101/predictions/7KM8_WPD_seed_101_summary_confidence_sample_0.json,posebusters_benchmark,7,results/posebench_702_predictions/protenix_gpu/posebusters_benchmark/7KM8_WPD/full_base_c1_s20_n1/inputs/7KM8_WPD.json,external/PoseBench/data/posebusters_benchmark_set/7KM8_WPD/7KM8_WPD_ligand.sdf,29.0,CCc1nc(N)nc(N)c1OCCCOc1cccc(C[C@@H](C(=O)O)C(F)F)c1,316.0,"A:158,B:158",protenix_base_default_v0.5.0,7KM8_WPD,2.0,29.0,results/posebench_702_predictions/protenix_gpu/posebusters_benchmark/7KM8_WPD/full_base_c1_s20_n1,16.76455369349536,10.0,80.0,29.0,results/posebench_702_predictions/protenix_gpu/posebusters_benchmark/7KM8_WPD/full_base_c1_s20_n1/output/7KM8_WPD/seed_101/predictions/7KM8_WPD_seed_101_sample_0.cif,A:158;B:158,external/PoseBench/data/posebusters_benchmark_set/7KM8_WPD/7KM8_WPD_protein.pdb,0.1289536952972412,31.265247344970703,0.19928699731826782,0.143020361661911,21.976703814315417,0.0,79.127,ok,full_base_c1_s20_n1,15.445599769516416,False,12.936526441006599,False,results/posebench_702_predictions/protenix_gpu/posebusters_benchmark/7KM8_WPD/full_base_c1_s20_n1/run_status.json,,,,,ok
results/posebench_702_predictions/protenix_gpu/posebusters_benchmark/7KP6_WTP/full_base_c1_s20_n1/output/7KP6_WTP/seed_101/predictions/7KP6_WTP_seed_101_summary_confidence_sample_0.json,posebusters_benchmark,5,results/posebench_702_predictions/protenix_gpu/posebusters_benchmark/7KP6_WTP/full_base_c1_s20_n1/inputs/7KP6_WTP.json,external/PoseBench/data/posebusters_benchmark_set/7KP6_WTP/7KP6_WTP_ligand.sdf,28.0,CN1CCN(c2ccc(Nc3ncc(Cl)c(NC[C@H]4CCCO4)n3)cc2)CC1,533.0,"A:268,B:265",protenix_base_default_v0.5.0,7KP6_WTP,2.0,28.0,results/posebench_702_predictions/protenix_gpu/posebusters_benchmark/7KP6_WTP/full_base_c1_s20_n1,15.27889259191612,10.0,57.0,28.0,results/posebench_702_predictions/protenix_gpu/posebusters_benchmark/7KP6_WTP/full_base_c1_s20_n1/output/7KP6_WTP/seed_101/predictions/7KP6_WTP_seed_101_sample_0.cif,A:268;B:265,external/PoseBench/data/posebusters_benchmark_set/7KP6_WTP/7KP6_WTP_protein.pdb,0.12581416964530945,30.87233543395996,0.17907454073429108,0.13646624982357025,27.165048192612602,0.0,83.559,ok,full_base_c1_s20_n1,20.589969725491457,False,22.790891705600295,False,results/posebench_702_predictions/protenix_gpu/posebusters_benchmark/7KP6_WTP/full_base_c1_s20_n1/run_status.json,,,,,ok
results/posebench_702_predictions/protenix_gpu/posebusters_benchmark/7KQU_YOF/full_base_c1_s20_n1/output/7KQU_YOF/seed_101/predictions/7KQU_YOF_seed_101_summary_confidence_sample_0.json,posebusters_benchmark,7,results/posebench_702_predictions/protenix_gpu/posebusters_benchmark/7KQU_YOF/full_base_c1_s20_n1/inputs/7KQU_YOF.json,external/PoseBench/data/posebusters_benchmark_set/7KQU_YOF/7KQU_YOF_ligand.sdf,14.0,N[C@@H](Cc1ccc(O)c(F)c1)C(=O)O,602.0,"A:301,B:301",protenix_base_default_v0.5.0,7KQU_YOF,2.0,14.0,results/posebench_702_predictions/protenix_gpu/posebusters_benchmark/7KQU_YOF/full_base_c1_s20_n1,13.148426543815312,10.0,58.0,14.0,results/posebench_702_predictions/protenix_gpu/posebusters_benchmark/7KQU_YOF/full_base_c1_s20_n1/output/7KQU_YOF/seed_101/predictions/7KQU_YOF_seed_101_sample_0.cif,A:301;B:301,external/PoseBench/data/posebusters_benchmark_set/7KQU_YOF/7KQU_YOF_protein.pdb,0.1511826068162918,32.96002960205078,0.24634556472301483,0.1702152043581009,23.18851765100052,0.0,82.814,ok,full_base_c1_s20_n1,11.255709592477062,False,17.1438613388738,False,results/posebench_702_predictions/protenix_gpu/posebusters_benchmark/7KQU_YOF/full_base_c1_s20_n1/run_status.json,,,,,ok
results/posebench_702_predictions/protenix_gpu/posebusters_benchmark/7KRU_ATP/full_base_c1_s20_n1/output/7KRU_ATP/seed_101/predictions/7KRU_ATP_seed_101_summary_confidence_sample_0.json,posebusters_benchmark,5,results/posebench_702_predictions/protenix_gpu/posebusters_benchmark/7KRU_ATP/full_base_c1_s20_n1/inputs/7KRU_ATP.json,external/PoseBench/data/posebusters_benchmark_set/7KRU_ATP/7KRU_ATP_ligand.sdf,31.0,Nc1ncnc2c1ncn2[C@@H]1O[C@H](CO[P@@](=O)(O)O[P@](=O)(O)OP(=O)(O)O)[C@@H](O)[C@H]1O,1076.0,"B:538,A:538",protenix_base_default_v0.5.0,7KRU_ATP,2.0,31.0,results/posebench_702_predictions/protenix_gpu/posebusters_benchmark/7KRU_ATP/full_base_c1_s20_n1,16.710868038338383,10.0,98.0,31.0,results/posebench_702_predictions/protenix_gpu/posebusters_benchmark/7KRU_ATP/full_base_c1_s20_n1/output/7KRU_ATP/seed_101/predictions/7KRU_ATP_seed_101_sample_0.cif,B:541;A:538,external/PoseBench/data/posebusters_benchmark_set/7KRU_ATP/7KRU_ATP_protein.pdb,0.1636868566274643,38.22248458862305,0.26388445496559143,0.18372637033462524,33.73103243008259,0.0,113.528,ok,full_base_c1_s20_n1,23.285880718809082,False,26.56093175161899,False,results/posebench_702_predictions/protenix_gpu/posebusters_benchmark/7KRU_ATP/full_base_c1_s20_n1/run_status.json,,,,,ok
results/posebench_702_predictions/protenix_gpu/posebusters_benchmark/7KZ9_XN7/full_base_c1_s20_n1/output/7KZ9_XN7/seed_101/predictions/7KZ9_XN7_seed_101_summary_confidence_sample_0.json,posebusters_benchmark,7,results/posebench_702_predictions/protenix_gpu/posebusters_benchmark/7KZ9_XN7/full_base_c1_s20_n1/inputs/7KZ9_XN7.json,external/PoseBench/data/posebusters_benchmark_set/7KZ9_XN7/7KZ9_XN7_ligand.sdf,11.0,O=C(CNCCO)NCCO,955.0,"A:478,B:477",protenix_base_default_v0.5.0,7KZ9_XN7,2.0,11.0,results/posebench_702_predictions/protenix_gpu/posebusters_benchmark/7KZ9_XN7/full_base_c1_s20_n1,15.915925557389471,10.0,66.0,11.0,results/posebench_702_predictions/protenix_gpu/posebusters_benchmark/7KZ9_XN7/full_base_c1_s20_n1/output/7KZ9_XN7/seed_101/predictions/7KZ9_XN7_seed_101_sample_0.cif,A:478;B:477,external/PoseBench/data/posebusters_benchmark_set/7KZ9_XN7/7KZ9_XN7_protein.pdb,0.140554279088974,33.44636917114258,0.2188136726617813,0.1562061607837677,28.75629007539779,0.0,97.307,ok,full_base_c1_s20_n1,13.49914743695448,False,27.429458797565363,False,results/posebench_702_predictions/protenix_gpu/posebusters_benchmark/7KZ9_XN7/full_base_c1_s20_n1/run_status.json,,,,,ok
results/posebench_702_predictions/protenix_gpu/posebusters_benchmark/7L00_XCJ/full_base_c1_s20_n1/output/7L00_XCJ/seed_101/predictions/7L00_XCJ_seed_101_summary_confidence_sample_0.json,posebusters_benchmark,5,results/posebench_702_predictions/protenix_gpu/posebusters_benchmark/7L00_XCJ/full_base_c1_s20_n1/inputs/7L00_XCJ.json,external/PoseBench/data/posebusters_benchmark_set/7L00_XCJ/7L00_XCJ_ligand.sdf,27.0,CS(=O)(=O)c1ccc2nc(NC(=O)Cc3csc(-n4cccc4)n3)sc2c1,1251.0,"A:310,B:311,C:315,D:315",protenix_base_default_v0.5.0,7L00_XCJ,4.0,27.0,results/posebench_702_predictions/protenix_gpu/posebusters_benchmark/7L00_XCJ/full_base_c1_s20_n1,13.206632583140252,10.0,82.0,27.0,results/posebench_702_predictions/protenix_gpu/posebusters_benchmark/7L00_XCJ/full_base_c1_s20_n1/output/7L00_XCJ/seed_101/predictions/7L00_XCJ_seed_101_sample_0.cif,A:310;B:311;C:315;D:315,external/PoseBench/data/posebusters_benchmark_set/7L00_XCJ/7L00_XCJ_protein.pdb,0.16653133928775787,36.085044860839844,0.23516367375850677,0.18025779724121094,26.945938523364266,0.0,117.252,ok,full_base_c1_s20_n1,22.144276673666862,False,31.843163192770792,False,results/posebench_702_predictions/protenix_gpu/posebusters_benchmark/7L00_XCJ/full_base_c1_s20_n1/run_status.json,,,,,ok
results/posebench_702_predictions/protenix_gpu/posebusters_benchmark/7L03_F9F/full_base_c1_s20_n1/output/7L03_F9F/seed_101/predictions/7L03_F9F_seed_101_summary_confidence_sample_0.json,posebusters_benchmark,7,results/posebench_702_predictions/protenix_gpu/posebusters_benchmark/7L03_F9F/full_base_c1_s20_n1/inputs/7L03_F9F.json,external/PoseBench/data/posebusters_benchmark_set/7L03_F9F/7L03_F9F_ligand.sdf,22.0,O=P(O)(O)OCCNS(=O)(=O)c1ccc(OC(F)(F)F)cc1,662.0,"A:268,B:394",protenix_base_default_v0.5.0,7L03_F9F,2.0,22.0,results/posebench_702_predictions/protenix_gpu/posebusters_benchmark/7L03_F9F/full_base_c1_s20_n1,17.878524078528585,10.0,90.0,22.0,results/posebench_702_predictions/protenix_gpu/posebusters_benchmark/7L03_F9F/full_base_c1_s20_n1/output/7L03_F9F/seed_101/predictions/7L03_F9F_seed_101_sample_0.cif,A:268;B:394,external/PoseBench/data/posebusters_benchmark_set/7L03_F9F/7L03_F9F_protein.pdb,0.16774852573871613,36.980106353759766,0.2225525677204132,0.17870934307575226,22.621310554566396,0.0,82.347,ok,full_base_c1_s20_n1,15.228205280375597,False,17.956851476534478,False,results/posebench_702_predictions/protenix_gpu/posebusters_benchmark/7L03_F9F/full_base_c1_s20_n1/run_status.json,,,,,ok
results/posebench_702_predictions/protenix_gpu/posebusters_benchmark/7L5F_XNG/full_base_c1_s20_n1/output/7L5F_XNG/seed_101/predictions/7L5F_XNG_seed_101_summary_confidence_sample_0.json,posebusters_benchmark,5,results/posebench_702_predictions/protenix_gpu/posebusters_benchmark/7L5F_XNG/full_base_c1_s20_n1/inputs/7L5F_XNG.json,external/PoseBench/data/posebusters_benchmark_set/7L5F_XNG/7L5F_XNG_ligand.sdf,18.0,CCCCCCCCCC(=O)NCCCC(=O)O,250.0,A:250,protenix_base_default_v0.5.0,7L5F_XNG,1.0,18.0,results/posebench_702_predictions/protenix_gpu/posebusters_benchmark/7L5F_XNG/full_base_c1_s20_n1,12.826866974445377,10.0,69.0,18.0,results/posebench_702_predictions/protenix_gpu/posebusters_benchmark/7L5F_XNG/full_base_c1_s20_n1/output/7L5F_XNG/seed_101/predictions/7L5F_XNG_seed_101_sample_0.cif,A:250,external/PoseBench/data/posebusters_benchmark_set/7L5F_XNG/7L5F_XNG_protein.pdb,0.25167304277420044,30.57158851623535,0.19614888727664948,0.24056822061538696,18.38028808593371,0.0,84.541,ok,full_base_c1_s20_n1,5.92800453311963,False,9.231121161954743,False,results/posebench_702_predictions/protenix_gpu/posebusters_benchmark/7L5F_XNG/full_base_c1_s20_n1/run_status.json,,,,,ok
results/posebench_702_predictions/protenix_gpu/posebusters_benchmark/7L6D_BMF/full_base_c1_s20_n1/output/7L6D_BMF/seed_101/predictions/7L6D_BMF_seed_101_summary_confidence_sample_0.json,posebusters_benchmark,7,results/posebench_702_predictions/protenix_gpu/posebusters_benchmark/7L6D_BMF/full_base_c1_s20_n1/inputs/7L6D_BMF.json,external/PoseBench/data/posebusters_benchmark_set/7L6D_BMF/7L6D_BMF_ligand.sdf,28.0,CCOC(=O)Nc1cc(-c2ccc(C)c(NS(C)(=O)=O)c2)nn2c(C)nnc12,110.0,A:110,protenix_base_default_v0.5.0,7L6D_BMF,1.0,28.0,results/posebench_702_predictions/protenix_gpu/posebusters_benchmark/7L6D_BMF/full_base_c1_s20_n1,8.699769837694214,10.0,47.0,28.0,results/posebench_702_predictions/protenix_gpu/posebusters_benchmark/7L6D_BMF/full_base_c1_s20_n1/output/7L6D_BMF/seed_101/predictions/7L6D_BMF_seed_101_sample_0.cif,A:110,external/PoseBench/data/posebusters_benchmark_set/7L6D_BMF/7L6D_BMF_protein.pdb,0.20436601340770721,49.768924713134766,0.3117324113845825,0.225839301943779,14.14003974558701,0.0,91.182,ok,full_base_c1_s20_n1,12.47020697003227,False,17.377658385496126,False,results/posebench_702_predictions/protenix_gpu/posebusters_benchmark/7L6D_BMF/full_base_c1_s20_n1/run_status.json,,,,,ok
results/posebench_702_predictions/protenix_gpu/posebusters_benchmark/7L7C_XQ1/full_base_c1_s20_n1/output/7L7C_XQ1/seed_101/predictions/7L7C_XQ1_seed_101_summary_confidence_sample_0.json,posebusters_benchmark,5,results/posebench_702_predictions/protenix_gpu/posebusters_benchmark/7L7C_XQ1/full_base_c1_s20_n1/inputs/7L7C_XQ1.json,external/PoseBench/data/posebusters_benchmark_set/7L7C_XQ1/7L7C_XQ1_ligand.sdf,21.0,COc1cccc(-c2ccc3c(CC(=O)O)coc3c2)c1,376.0,"A:188,B:188",protenix_base_default_v0.5.0,7L7C_XQ1,2.0,21.0,results/posebench_702_predictions/protenix_gpu/posebusters_benchmark/7L7C_XQ1/full_base_c1_s20_n1,18.39555368534491,10.0,63.0,21.0,results/posebench_702_predictions/protenix_gpu/posebusters_benchmark/7L7C_XQ1/full_base_c1_s20_n1/output/7L7C_XQ1/seed_101/predictions/7L7C_XQ1_seed_101_sample_0.cif,A:188;B:188,external/PoseBench/data/posebusters_benchmark_set/7L7C_XQ1/7L7C_XQ1_protein.pdb,0.12811163067817688,41.43089294433594,0.2684350907802582,0.15617632865905762,24.16642688637683,0.0,75.129,ok,full_base_c1_s20_n1,19.50650867096169,False,20.42911045357824,False,results/posebench_702_predictions/protenix_gpu/posebusters_benchmark/7L7C_XQ1/full_base_c1_s20_n1/run_status.json,,,,,ok
results/posebench_702_predictions/protenix_gpu/posebusters_benchmark/7L81_UD4/full_base_c1_s20_n1/output/7L81_UD4/seed_101/predictions/7L81_UD4_seed_101_summary_confidence_sample_0.json,posebusters_benchmark,7,results/posebench_702_predictions/protenix_gpu/posebusters_benchmark/7L81_UD4/full_base_c1_s20_n1/inputs/7L81_UD4.json,external/PoseBench/data/posebusters_benchmark_set/7L81_UD4/7L81_UD4_ligand.sdf,38.0,CC(=O)N[C@H]1[C@@H](O[P@@](=O)(O)O[P@](=O)(O)OC[C@H]2O[C@@H](n3ccc(=O)[nH]c3=O)[C@H](O)[C@@H]2O)O[C@H](C)[C@@H](N)[C@@H]1O,216.0,A:216,protenix_base_default_v0.5.0,7L81_UD4,1.0,38.0,results/posebench_702_predictions/protenix_gpu/posebusters_benchmark/7L81_UD4/full_base_c1_s20_n1,8.06373594728913,10.0,55.0,38.0,results/posebench_702_predictions/protenix_gpu/posebusters_benchmark/7L81_UD4/full_base_c1_s20_n1/output/7L81_UD4/seed_101/predictions/7L81_UD4_seed_101_sample_0.cif,A:216,external/PoseBench/data/posebusters_benchmark_set/7L81_UD4/7L81_UD4_protein.pdb,0.24516050517559052,29.868545532226562,0.23259460926055908,0.24264733493328094,15.009665911666964,0.0,70.582,ok,full_base_c1_s20_n1,8.966583545364395,False,10.924808474114094,False,results/posebench_702_predictions/protenix_gpu/posebusters_benchmark/7L81_UD4/full_base_c1_s20_n1/run_status.json,,,,,ok
results/posebench_702_predictions/protenix_gpu/posebusters_benchmark/7LB3_XXS/full_base_c1_s20_n1/output/7LB3_XXS/seed_101/predictions/7LB3_XXS_seed_101_summary_confidence_sample_0.json,posebusters_benchmark,5,results/posebench_702_predictions/protenix_gpu/posebusters_benchmark/7LB3_XXS/full_base_c1_s20_n1/inputs/7LB3_XXS.json,external/PoseBench/data/posebusters_benchmark_set/7LB3_XXS/7LB3_XXS_ligand.sdf,29.0,C[C@@H]1COCCN1c1cc(C2([S@](C)(=N)=O)CC2)nc(-c2cccc3[nH]ncc23)n1,137.0,A:137,protenix_base_default_v0.5.0,7LB3_XXS,1.0,29.0,results/posebench_702_predictions/protenix_gpu/posebusters_benchmark/7LB3_XXS/full_base_c1_s20_n1,8.108512988633372,10.0,45.0,29.0,results/posebench_702_predictions/protenix_gpu/posebusters_benchmark/7LB3_XXS/full_base_c1_s20_n1/output/7LB3_XXS/seed_101/predictions/7LB3_XXS_seed_101_sample_0.cif,A:137,external/PoseBench/data/posebusters_benchmark_set/7LB3_XXS/7LB3_XXS_protein.pdb,0.3289973735809326,52.410919189453125,0.38982832431793213,0.3411635756492615,9.777300700379412,0.0,76.807,ok,full_base_c1_s20_n1,22.045029932417638,False,21.619207519534516,False,results/posebench_702_predictions/protenix_gpu/posebusters_benchmark/7LB3_XXS/full_base_c1_s20_n1/run_status.json,,,,,ok
results/posebench_702_predictions/protenix_gpu/posebusters_benchmark/7LCU_XTA/full_base_c1_s20_n1/output/7LCU_XTA/seed_101/predictions/7LCU_XTA_seed_101_summary_confidence_sample_0.json,posebusters_benchmark,7,results/posebench_702_predictions/protenix_gpu/posebusters_benchmark/7LCU_XTA/full_base_c1_s20_n1/inputs/7LCU_XTA.json,external/PoseBench/data/posebusters_benchmark_set/7LCU_XTA/7LCU_XTA_ligand.sdf,39.0,CN1CCN(c2ncc(Oc3cc(CN4CCC(CC(=O)O)CC4)cc(-c4cc(Cl)cc(Cl)c4)n3)cn2)CC1,470.0,A:470,protenix_base_default_v0.5.0,7LCU_XTA,1.0,39.0,results/posebench_702_predictions/protenix_gpu/posebusters_benchmark/7LCU_XTA/full_base_c1_s20_n1,14.293789671254093,10.0,73.0,39.0,results/posebench_702_predictions/protenix_gpu/posebusters_benchmark/7LCU_XTA/full_base_c1_s20_n1/output/7LCU_XTA/seed_101/predictions/7LCU_XTA_seed_101_sample_0.cif,A:470,external/PoseBench/data/posebusters_benchmark_set/7LCU_XTA/7LCU_XTA_protein.pdb,0.2701455056667328,29.09920883178711,0.17274312674999237,0.2506650388240814,21.144886085050317,0.0,89.196,ok,full_base_c1_s20_n1,12.139667543287727,False,24.92742264803063,False,results/posebench_702_predictions/protenix_gpu/posebusters_benchmark/7LCU_XTA/full_base_c1_s20_n1/run_status.json,,,,,ok
results/posebench_702_predictions/protenix_gpu/posebusters_benchmark/7LEV_0JO/full_base_c1_s20_n1/output/7LEV_0JO/seed_101/predictions/7LEV_0JO_seed_101_summary_confidence_sample_0.json,posebusters_benchmark,5,results/posebench_702_predictions/protenix_gpu/posebusters_benchmark/7LEV_0JO/full_base_c1_s20_n1/inputs/7LEV_0JO.json,external/PoseBench/data/posebusters_benchmark_set/7LEV_0JO/7LEV_0JO_ligand.sdf,21.0,C=C(/N=C/c1c(COP(=O)(O)O)cnc(C)c1O)C(=O)O,626.0,"A:249,B:377",protenix_base_default_v0.5.0,7LEV_0JO,2.0,21.0,results/posebench_702_predictions/protenix_gpu/posebusters_benchmark/7LEV_0JO/full_base_c1_s20_n1,15.353248145348683,10.0,94.0,21.0,results/posebench_702_predictions/protenix_gpu/posebusters_benchmark/7LEV_0JO/full_base_c1_s20_n1/output/7LEV_0JO/seed_101/predictions/7LEV_0JO_seed_101_sample_0.cif,A:249;B:377,external/PoseBench/data/posebusters_benchmark_set/7LEV_0JO/7LEV_0JO_protein.pdb,0.14120851457118988,37.24589538574219,0.2272297590970993,0.15841276943683624,22.957271244703932,0.0,80.25,ok,full_base_c1_s20_n1,9.217594166309262,False,19.820571243026958,False,results/posebench_702_predictions/protenix_gpu/posebusters_benchmark/7LEV_0JO/full_base_c1_s20_n1/run_status.json,,,,,ok
results/posebench_702_predictions/protenix_gpu/posebusters_benchmark/7LJN_GTP/full_base_c1_s20_n1/output/7LJN_GTP/seed_101/predictions/7LJN_GTP_seed_101_summary_confidence_sample_0.json,posebusters_benchmark,7,results/posebench_702_predictions/protenix_gpu/posebusters_benchmark/7LJN_GTP/full_base_c1_s20_n1/inputs/7LJN_GTP.json,external/PoseBench/data/posebusters_benchmark_set/7LJN_GTP/7LJN_GTP_ligand.sdf,32.0,Nc1nc2c(ncn2[C@@H]2O[C@H](CO[P@](=O)(O)O[P@](=O)(O)OP(=O)(O)O)[C@@H](O)[C@H]2O)c(=O)[nH]1,1353.0,"A:342,B:335,C:337,D:339",protenix_base_default_v0.5.0,7LJN_GTP,4.0,32.0,results/posebench_702_predictions/protenix_gpu/posebusters_benchmark/7LJN_GTP/full_base_c1_s20_n1,14.79431791110115,10.0,85.0,32.0,results/posebench_702_predictions/protenix_gpu/posebusters_benchmark/7LJN_GTP/full_base_c1_s20_n1/output/7LJN_GTP/seed_101/predictions/7LJN_GTP_seed_101_sample_0.cif,A:342;B:335;C:337;D:339,external/PoseBench/data/posebusters_benchmark_set/7LJN_GTP/7LJN_GTP_protein.pdb,0.16051864624023438,36.348716735839844,0.19179855287075043,0.16677463054656982,39.00798254030372,0.0,136.395,ok,full_base_c1_s20_n1,27.826120710746896,False,48.90949830338034,False,results/posebench_702_predictions/protenix_gpu/posebusters_benchmark/7LJN_GTP/full_base_c1_s20_n1/run_status.json,,,,,ok
results/posebench_702_predictions/protenix_gpu/posebusters_benchmark/7LMO_NYO/full_base_c1_s20_n1/output/7LMO_NYO/seed_101/predictions/7LMO_NYO_seed_101_summary_confidence_sample_0.json,posebusters_benchmark,5,results/posebench_702_predictions/protenix_gpu/posebusters_benchmark/7LMO_NYO/full_base_c1_s20_n1/inputs/7LMO_NYO.json,external/PoseBench/data/posebusters_benchmark_set/7LMO_NYO/7LMO_NYO_ligand.sdf,37.0,CCN(CC)c1ccc2c(C)c(CCN3C(=O)N[C@@]4(CCN(C(=O)c5c[nH]cn5)C4)C3=O)c(=O)oc2c1,430.0,"A:215,B:215",protenix_base_default_v0.5.0,7LMO_NYO,2.0,37.0,results/posebench_702_predictions/protenix_gpu/posebusters_benchmark/7LMO_NYO/full_base_c1_s20_n1,10.176741171093267,10.0,72.0,37.0,results/posebench_702_predictions/protenix_gpu/posebusters_benchmark/7LMO_NYO/full_base_c1_s20_n1/output/7LMO_NYO/seed_101/predictions/7LMO_NYO_seed_101_sample_0.cif,A:215;B:215,external/PoseBench/data/posebusters_benchmark_set/7LMO_NYO/7LMO_NYO_protein.pdb,0.11558698117733002,32.064945220947266,0.19344346225261688,0.1311582773923874,24.27131962469777,0.0,79.82,ok,full_base_c1_s20_n1,14.697136023927543,False,23.97105388538764,False,results/posebench_702_predictions/protenix_gpu/posebusters_benchmark/7LMO_NYO/full_base_c1_s20_n1/run_status.json,,,,,ok
results/posebench_702_predictions/protenix_gpu/posebusters_benchmark/7LOE_Y84/full_base_c1_s20_n1/output/7LOE_Y84/seed_101/predictions/7LOE_Y84_seed_101_summary_confidence_sample_0.json,posebusters_benchmark,7,results/posebench_702_predictions/protenix_gpu/posebusters_benchmark/7LOE_Y84/full_base_c1_s20_n1/inputs/7LOE_Y84.json,external/PoseBench/data/posebusters_benchmark_set/7LOE_Y84/7LOE_Y84_ligand.sdf,11.0,Fc1cccc2ccccc12,163.0,A:163,protenix_base_default_v0.5.0,7LOE_Y84,1.0,11.0,results/posebench_702_predictions/protenix_gpu/posebusters_benchmark/7LOE_Y84/full_base_c1_s20_n1,2.787640349132032,10.0,58.0,11.0,results/posebench_702_predictions/protenix_gpu/posebusters_benchmark/7LOE_Y84/full_base_c1_s20_n1/output/7LOE_Y84/seed_101/predictions/7LOE_Y84_seed_101_sample_0.cif,A:163,external/PoseBench/data/posebusters_benchmark_set/7LOE_Y84/7LOE_Y84_protein.pdb,0.24988555908203125,45.21078872680664,0.29749149084091187,0.2594067454338074,8.721548527369947,0.0,88.037,ok,full_base_c1_s20_n1,14.669438100901756,False,15.84537183864387,False,results/posebench_702_predictions/protenix_gpu/posebusters_benchmark/7LOE_Y84/full_base_c1_s20_n1/run_status.json,,,,,ok
results/posebench_702_predictions/protenix_gpu/posebusters_benchmark/7LOU_IFM/full_base_c1_s20_n1/output/7LOU_IFM/seed_101/predictions/7LOU_IFM_seed_101_summary_confidence_sample_0.json,posebusters_benchmark,5,results/posebench_702_predictions/protenix_gpu/posebusters_benchmark/7LOU_IFM/full_base_c1_s20_n1/inputs/7LOU_IFM.json,external/PoseBench/data/posebusters_benchmark_set/7LOU_IFM/7LOU_IFM_ligand.sdf,10.0,OC[C@H]1CNC[C@@H](O)[C@@H]1O,1085.0,"A:545,B:540",protenix_base_default_v0.5.0,7LOU_IFM,2.0,10.0,results/posebench_702_predictions/protenix_gpu/posebusters_benchmark/7LOU_IFM/full_base_c1_s20_n1,13.459484407374001,10.0,53.0,10.0,results/posebench_702_predictions/protenix_gpu/posebusters_benchmark/7LOU_IFM/full_base_c1_s20_n1/output/7LOU_IFM/seed_101/predictions/7LOU_IFM_seed_101_sample_0.cif,A:545;B:540,external/PoseBench/data/posebusters_benchmark_set/7LOU_IFM/7LOU_IFM_protein.pdb,0.1412435621023178,35.97883987426758,0.20224641263484955,0.15344414114952087,36.591869426725175,0.0,114.473,ok,full_base_c1_s20_n1,20.03370744197072,False,21.949330721783667,False,results/posebench_702_predictions/protenix_gpu/posebusters_benchmark/7LOU_IFM/full_base_c1_s20_n1/run_status.json,,,,,ok
results/posebench_702_predictions/protenix_gpu/posebusters_benchmark/7LT0_ONJ/full_base_c1_s20_n1/output/7LT0_ONJ/seed_101/predictions/7LT0_ONJ_seed_101_summary_confidence_sample_0.json,posebusters_benchmark,7,results/posebench_702_predictions/protenix_gpu/posebusters_benchmark/7LT0_ONJ/full_base_c1_s20_n1/inputs/7LT0_ONJ.json,external/PoseBench/data/posebusters_benchmark_set/7LT0_ONJ/7LT0_ONJ_ligand.sdf,27.0,Cc1ccc(Sc2cc(C(=O)N3Cc4ccccc4C3)ccc2O)cc1C,208.0,A:208,protenix_base_default_v0.5.0,7LT0_ONJ,1.0,27.0,results/posebench_702_predictions/protenix_gpu/posebusters_benchmark/7LT0_ONJ/full_base_c1_s20_n1,11.694794949615986,10.0,82.0,27.0,results/posebench_702_predictions/protenix_gpu/posebusters_benchmark/7LT0_ONJ/full_base_c1_s20_n1/output/7LT0_ONJ/seed_101/predictions/7LT0_ONJ_seed_101_sample_0.cif,A:208,external/PoseBench/data/posebusters_benchmark_set/7LT0_ONJ/7LT0_ONJ_protein.pdb,0.29883143305778503,36.07734298706055,0.2482149302959442,0.2887081503868103,11.133932008391666,0.0,77.62,ok,full_base_c1_s20_n1,6.50248419079238,False,6.252334755518194,False,results/posebench_702_predictions/protenix_gpu/posebusters_benchmark/7LT0_ONJ/full_base_c1_s20_n1/run_status.json,,,,,ok
results/posebench_702_predictions/protenix_gpu/posebusters_benchmark/7LZD_YHY/full_base_c1_s20_n1/output/7LZD_YHY/seed_101/predictions/7LZD_YHY_seed_101_summary_confidence_sample_0.json,posebusters_benchmark,5,results/posebench_702_predictions/protenix_gpu/posebusters_benchmark/7LZD_YHY/full_base_c1_s20_n1/inputs/7LZD_YHY.json,external/PoseBench/data/posebusters_benchmark_set/7LZD_YHY/7LZD_YHY_ligand.sdf,29.0,Cc1ccc(F)c2cc(C(=O)Nc3cccc(N4CCC(N(C)C)CC4)c3)[nH]c12,237.0,A:237,protenix_base_default_v0.5.0,7LZD_YHY,1.0,29.0,results/posebench_702_predictions/protenix_gpu/posebusters_benchmark/7LZD_YHY/full_base_c1_s20_n1,13.363215971420349,10.0,70.0,29.0,results/posebench_702_predictions/protenix_gpu/posebusters_benchmark/7LZD_YHY/full_base_c1_s20_n1/output/7LZD_YHY/seed_101/predictions/7LZD_YHY_seed_101_sample_0.cif,A:237,external/PoseBench/data/posebusters_benchmark_set/7LZD_YHY/7LZD_YHY_protein.pdb,0.3367577791213989,33.873931884765625,0.2308385670185089,0.31557393074035645,20.50093011603061,0.0,81.82,ok,full_base_c1_s20_n1,6.611111884021419,False,18.622102150769543,False,results/posebench_702_predictions/protenix_gpu/posebusters_benchmark/7LZD_YHY/full_base_c1_s20_n1/run_status.json,,,,,ok
results/posebench_702_predictions/protenix_gpu/posebusters_benchmark/7LZQ_YJV/full_base_c1_s20_n1/output/7LZQ_YJV/seed_101/predictions/7LZQ_YJV_seed_101_summary_confidence_sample_0.json,posebusters_benchmark,7,results/posebench_702_predictions/protenix_gpu/posebusters_benchmark/7LZQ_YJV/full_base_c1_s20_n1/inputs/7LZQ_YJV.json,external/PoseBench/data/posebusters_benchmark_set/7LZQ_YJV/7LZQ_YJV_ligand.sdf,22.0,Cn1ccc2c(ccn2CC(=O)Nc2ccncc2Cl)c1=O,128.0,A:128,protenix_base_default_v0.5.0,7LZQ_YJV,1.0,22.0,results/posebench_702_predictions/protenix_gpu/posebusters_benchmark/7LZQ_YJV/full_base_c1_s20_n1,8.599563576797056,10.0,31.0,22.0,results/posebench_702_predictions/protenix_gpu/posebusters_benchmark/7LZQ_YJV/full_base_c1_s20_n1/output/7LZQ_YJV/seed_101/predictions/7LZQ_YJV_seed_101_sample_0.cif,A:128,external/PoseBench/data/posebusters_benchmark_set/7LZQ_YJV/7LZQ_YJV_protein.pdb,0.23569704592227936,49.86503982543945,0.32440564036369324,0.2534387707710266,16.300325920325804,0.0,95.023,ok,full_base_c1_s20_n1,18.769350195464455,False,9.684647394899578,False,results/posebench_702_predictions/protenix_gpu/posebusters_benchmark/7LZQ_YJV/full_base_c1_s20_n1/run_status.json,,,,,ok
,posebusters_benchmark,7,results/posebench_702_predictions/protenix_gpu/posebusters_benchmark/7M31_TDR/full_base_c1_s20_n1/inputs/7M31_TDR.json,external/PoseBench/data/posebusters_benchmark_set/7M31_TDR/7M31_TDR_ligand.sdf,9.0,Cc1c[nH]c(=O)[nH]c1=O,,,protenix_base_default_v0.5.0,7M31_TDR,4.0,,results/posebench_702_predictions/protenix_gpu/posebusters_benchmark/7M31_TDR/full_base_c1_s20_n1,,,,,,A:1011;B:1011;C:1008;D:1017,external/PoseBench/data/posebusters_benchmark_set/7M31_TDR/7M31_TDR_protein.pdb,,,,,,0.0,98.354,failed_no_prediction_cif,full_base_c1_s20_n1,,,,,results/posebench_702_predictions/protenix_gpu/posebusters_benchmark/7M31_TDR/full_base_c1_s20_n1/run_status.json,"6-06-11 19:41:13,352 [<REMOTE_PROJECT_ROOT>/envs/protenix/lib/python3.10/site-packages/runner/inference.py:67] INFO root: LOCAL_RANK: 0 - CUDA_VISIBLE_DEVICES: [7]
2026-06-11 19:41:13,352 [<REMOTE_PROJECT_ROOT>/envs/protenix/lib/python3.10/site-packages/runner/inference.py:91] INFO root: Finished init ENV.
2026-06-11 19:42:13,619 [<REMOTE_PROJECT_ROOT>/envs/protenix/lib/python3.10/site-packages/runner/inference.py:163] INFO runner.inference: Loading from <REMOTE_PROJECT_ROOT>/envs/protenix/lib/python3.10/site-packages/./release_data/checkpoint//protenix_base_default_v0.5.0.pt, strict: True
2026-06-11 19:42:14,529 [<REMOTE_PROJECT_ROOT>/envs/protenix/lib/python3.10/site-packages/runner/inference.py:163] INFO runner.inference: Sampled key: module.input_embedder.atom_attention_encoder.linear_no_bias_ref_pos.weight
2026-06-11 19:42:14,622 [<REMOTE_PROJECT_ROOT>/envs/protenix/lib/python3.10/site-packages/runner/inference.py:163] INFO runner.inference: Finish loading checkpoint.

  0%|          | 0/1 [00:00<?, ?it/s]2026-06-11 19:42:14,628 [<REMOTE_PROJECT_ROOT>/envs/protenix/lib/python3.10/site-packages/runner/msa_search.py:109] WARNING runner.msa_search: the inference json file <REMOTE_PROJECT_ROOT>/results/posebench_702_predictions/protenix_gpu/posebusters_benchmark/7M31_TDR/full_base_c1_s20_n1/inputs/7M31_TDR.json 
do not contain msa and will not be updated,
and you set not using msa, in this mode, 
if you do not use esm feature, model performance might degrade significantly
2026-06-11 19:42:14,628 [<REMOTE_PROJECT_ROOT>/envs/protenix/lib/python3.10/site-packages/runner/inference.py:279] INFO runner.inference: Loading data from
<REMOTE_PROJECT_ROOT>/results/posebench_702_predictions/protenix_gpu/posebusters_benchmark/7M31_TDR/full_base_c1_s20_n1/inputs/7M31_TDR.json
2026-06-11 19:42:15,410 [<REMOTE_PROJECT_ROOT>/envs/protenix/lib/python3.10/site-packages/protenix/data/infer_data_pipeline.py:246] INFO protenix.data.infer_data_pipeline: Featurizing 7M31_TDR...
2026-06-11 19:42:26,304 [<REMOTE_PROJECT_ROOT>/envs/protenix/lib/python3.10/site-packages/protenix/data/constraint_featurizer.py:381] INFO protenix.data.constraint_featurizer: Loaded constraint feature: #atom contact:0 #contact:0 #pocket:0
2026-06-11 19:42:41,756 [<REMOTE_PROJECT_ROOT>/envs/protenix/lib/python3.10/site-packages/runner/inference.py:303] INFO runner.inference: [Rank 0 (1/1)] 7M31_TDR: N_asym 5, N_token 4056, N_atom 30902, N_msa 1
2026-06-11 19:42:44,813 [<REMOTE_PROJECT_ROOT>/envs/protenix/lib/python3.10/site-packages/runner/inference.py:329] INFO runner.inference: [Rank 0]7M31_TDR CUDA out of memory. Tried to allocate 8.09 GiB. GPU :
Traceback (most recent call last):
  File ""<REMOTE_PROJECT_ROOT>/envs/protenix/lib/python3.10/site-packages/runner/inference.py"", line 312, in infer_predict
    prediction = runner.predict(data)
  File ""<REMOTE_PROJECT_ROOT>/envs/protenix/lib/python3.10/site-packages/torch/utils/_contextlib.py"", line 115, in decorate_context
    return func(*args, **kwargs)
  File ""<REMOTE_PROJECT_ROOT>/envs/protenix/lib/python3.10/site-packages/runner/inference.py"", line 152, in predict
    prediction, _, _ = self.model(
  File ""<REMOTE_PROJECT_ROOT>/envs/protenix/lib/python3.10/site-packages/torch/nn/modules/module.py"", line 1532, in _wrapped_call_impl
    return self._call_impl(*args, **kwargs)
  File ""<REMOTE_PROJECT_ROOT>/envs/protenix/lib/python3.10/site-packages/torch/nn/modules/module.py"", line 1541, in _call_impl
    return forward_call(*args, **kwargs)
  File ""<REMOTE_PROJECT_ROOT>/envs/protenix/lib/python3.10/site-packages/protenix/model/protenix.py"", line 722, in forward
    pred_dict, log_dict, time_tracker = self.main_inference_loop(
  File ""<REMOTE_PROJECT_ROOT>/envs/protenix/lib/python3.10/site-packages/protenix/model/protenix.py"", line 338, in main_inference_loop
    pred_dict, log_dict, time_tracker = self._main_inference_loop(
  File ""<REMOTE_PROJECT_ROOT>/envs/protenix/lib/python3.10/site-packages/protenix/model/protenix.py"", line 399, in _main_inference_loop
    s_inputs, s, z = self.get_pairformer_output(
  File ""<REMOTE_PROJECT_ROOT>/envs/protenix/lib/python3.10/site-packages/protenix/model/protenix.py"", line 175, in get_pairformer_output
    z_init += self.relative_position_encoding(input_feature_dict)
  File ""<REMOTE_PROJECT_ROOT>/envs/protenix/lib/python3.10/site-packages/torch/nn/modules/module.py"", line 1532, in _wrapped_call_impl
    return self._call_impl(*args, **kwargs)
  File ""<REMOTE_PROJECT_ROOT>/envs/protenix/lib/python3.10/site-packages/torch/nn/modules/module.py"", line 1541, in _call_impl
    return forward_call(*args, **kwargs)
  File ""<REMOTE_PROJECT_ROOT>/envs/protenix/lib/python3.10/site-packages/protenix/model/modules/embedders.py"", line 167, in forward
    a_rel_pos = F.one_hot(d_residue, 2 * (self.r_max + 1))
torch.cuda.OutOfMemoryError: CUDA out of memory. Tried to allocate 8.09 GiB. GPU 


100%|██████████| 1/1 [00:30<00:00, 30.44s/it]
100%|██████████| 1/1 [00:30<00:00, 30.44s/it]
","Try to find the ccd cache data in the code directory for inference.
[2026-06-11 19:41:11,935] [INFO] [real_accelerator.py:219:get_accelerator] Setting ds_accelerator to cuda (auto detect)
train scheduler 16.0
inference scheduler 16.0
Diffusion Module has 16.0
",,,gpu_oom
results/posebench_702_predictions/protenix_gpu/posebusters_benchmark/7M3H_YPV/full_base_c1_s20_n1/output/7M3H_YPV/seed_101/predictions/7M3H_YPV_seed_101_summary_confidence_sample_0.json,posebusters_benchmark,7,results/posebench_702_predictions/protenix_gpu/posebusters_benchmark/7M3H_YPV/full_base_c1_s20_n1/inputs/7M3H_YPV.json,external/PoseBench/data/posebusters_benchmark_set/7M3H_YPV/7M3H_YPV_ligand.sdf,24.0,CCCCc1ccc(NS(=O)(=O)c2ccc(O)c(C(=O)O)c2)cc1,819.0,"A:409,B:410",protenix_base_default_v0.5.0,7M3H_YPV,2.0,24.0,results/posebench_702_predictions/protenix_gpu/posebusters_benchmark/7M3H_YPV/full_base_c1_s20_n1,18.354782175320338,10.0,87.0,24.0,results/posebench_702_predictions/protenix_gpu/posebusters_benchmark/7M3H_YPV/full_base_c1_s20_n1/output/7M3H_YPV/seed_101/predictions/7M3H_YPV_seed_101_sample_0.cif,A:409;B:410,external/PoseBench/data/posebusters_benchmark_set/7M3H_YPV/7M3H_YPV_protein.pdb,0.14010649919509888,34.50937271118164,0.20652395486831665,0.15338999032974243,30.479101242446212,0.0,102.556,ok,full_base_c1_s20_n1,7.657050595344243,False,21.76322035728124,False,results/posebench_702_predictions/protenix_gpu/posebusters_benchmark/7M3H_YPV/full_base_c1_s20_n1/run_status.json,,,,,ok
results/posebench_702_predictions/protenix_gpu/posebusters_benchmark/7M41_YQG/full_base_c1_s20_n1/output/7M41_YQG/seed_101/predictions/7M41_YQG_seed_101_summary_confidence_sample_0.json,posebusters_benchmark,5,results/posebench_702_predictions/protenix_gpu/posebusters_benchmark/7M41_YQG/full_base_c1_s20_n1/inputs/7M41_YQG.json,external/PoseBench/data/posebusters_benchmark_set/7M41_YQG/7M41_YQG_ligand.sdf,32.0,Cc1nc2c3cc(-c4ccc(NS(=O)(=O)c5ncc[nH]5)cc4C)c(Cl)cc3[nH]c(=O)n2n1,218.0,"A:109,B:109",protenix_base_default_v0.5.0,7M41_YQG,2.0,32.0,results/posebench_702_predictions/protenix_gpu/posebusters_benchmark/7M41_YQG/full_base_c1_s20_n1,9.33875785088887,10.0,33.0,32.0,results/posebench_702_predictions/protenix_gpu/posebusters_benchmark/7M41_YQG/full_base_c1_s20_n1/output/7M41_YQG/seed_101/predictions/7M41_YQG_seed_101_sample_0.cif,A:109;B:109,external/PoseBench/data/posebusters_benchmark_set/7M41_YQG/7M41_YQG_protein.pdb,0.16077812016010284,35.70148849487305,0.24400334060192108,0.17742317914962769,17.27667398135397,0.0,100.618,ok,full_base_c1_s20_n1,13.405429268022324,False,24.08450521893418,False,results/posebench_702_predictions/protenix_gpu/posebusters_benchmark/7M41_YQG/full_base_c1_s20_n1/run_status.json,,,,,ok
results/posebench_702_predictions/protenix_gpu/posebusters_benchmark/7M6K_YRJ/full_base_c1_s20_n1/output/7M6K_YRJ/seed_101/predictions/7M6K_YRJ_seed_101_summary_confidence_sample_0.json,posebusters_benchmark,7,results/posebench_702_predictions/protenix_gpu/posebusters_benchmark/7M6K_YRJ/full_base_c1_s20_n1/inputs/7M6K_YRJ.json,external/PoseBench/data/posebusters_benchmark_set/7M6K_YRJ/7M6K_YRJ_ligand.sdf,33.0,O=C(NCc1ccc[n+]([C@@H]2O[C@H](COP(=O)(O)O)[C@@H](O)[C@H]2O)c1)Nc1ccc([N+](=O)[O-])cc1,609.0,"A:303,B:306",protenix_base_default_v0.5.0,7M6K_YRJ,2.0,33.0,results/posebench_702_predictions/protenix_gpu/posebusters_benchmark/7M6K_YRJ/full_base_c1_s20_n1,15.269862634869552,10.0,84.0,33.0,results/posebench_702_predictions/protenix_gpu/posebusters_benchmark/7M6K_YRJ/full_base_c1_s20_n1/output/7M6K_YRJ/seed_101/predictions/7M6K_YRJ_seed_101_sample_0.cif,A:303;B:306,external/PoseBench/data/posebusters_benchmark_set/7M6K_YRJ/7M6K_YRJ_protein.pdb,0.12497609853744507,33.45973587036133,0.19010411202907562,0.1380017101764679,22.184475815714897,0.0,102.64,ok,full_base_c1_s20_n1,12.110261270295624,False,17.90410153931912,False,results/posebench_702_predictions/protenix_gpu/posebusters_benchmark/7M6K_YRJ/full_base_c1_s20_n1/run_status.json,,,,,ok
results/posebench_702_predictions/protenix_gpu/posebusters_benchmark/7MAE_XUS/full_base_c1_s20_n1/output/7MAE_XUS/seed_101/predictions/7MAE_XUS_seed_101_summary_confidence_sample_0.json,posebusters_benchmark,5,results/posebench_702_predictions/protenix_gpu/posebusters_benchmark/7MAE_XUS/full_base_c1_s20_n1/inputs/7MAE_XUS.json,external/PoseBench/data/posebusters_benchmark_set/7MAE_XUS/7MAE_XUS_ligand.sdf,49.0,CCOP(=O)(COc1ccc(C[C@H](NC(=O)O[C@H]2CO[C@H]3OCC[C@H]32)[C@H](O)CN(C[C@@H](C)CC)S(=O)(=O)c2ccc(N)cc2)cc1)OCC,198.0,"B:99,A:99",protenix_base_default_v0.5.0,7MAE_XUS,2.0,49.0,results/posebench_702_predictions/protenix_gpu/posebusters_benchmark/7MAE_XUS/full_base_c1_s20_n1,16.050313493338376,10.0,84.0,49.0,results/posebench_702_predictions/protenix_gpu/posebusters_benchmark/7MAE_XUS/full_base_c1_s20_n1/output/7MAE_XUS/seed_101/predictions/7MAE_XUS_seed_101_sample_0.cif,B:99;A:99,external/PoseBench/data/posebusters_benchmark_set/7MAE_XUS/7MAE_XUS_protein.pdb,0.11459767818450928,34.78826904296875,0.22319920361042023,0.13631798326969147,16.794689245684626,0.0,71.623,ok,full_base_c1_s20_n1,11.764651139980264,False,13.234069914078153,False,results/posebench_702_predictions/protenix_gpu/posebusters_benchmark/7MAE_XUS/full_base_c1_s20_n1/run_status.json,,,,,ok
results/posebench_702_predictions/protenix_gpu/posebusters_benchmark/7MEU_MGP/full_base_c1_s20_n1/output/7MEU_MGP/seed_101/predictions/7MEU_MGP_seed_101_summary_confidence_sample_0.json,posebusters_benchmark,7,results/posebench_702_predictions/protenix_gpu/posebusters_benchmark/7MEU_MGP/full_base_c1_s20_n1/inputs/7MEU_MGP.json,external/PoseBench/data/posebusters_benchmark_set/7MEU_MGP/7MEU_MGP_ligand.sdf,33.0,C[n+]1cn([C@@H]2O[C@H](CO[P@](=O)(O)O[P@@](=O)(O)OP(=O)(O)O)[C@@H](O)[C@H]2O)c2nc(N)[nH]c(=O)c21,368.0,"A:184,B:184",protenix_base_default_v0.5.0,7MEU_MGP,2.0,33.0,results/posebench_702_predictions/protenix_gpu/posebusters_benchmark/7MEU_MGP/full_base_c1_s20_n1,13.607343081950606,10.0,58.0,33.0,results/posebench_702_predictions/protenix_gpu/posebusters_benchmark/7MEU_MGP/full_base_c1_s20_n1/output/7MEU_MGP/seed_101/predictions/7MEU_MGP_seed_101_sample_0.cif,A:184;B:184,external/PoseBench/data/posebusters_benchmark_set/7MEU_MGP/7MEU_MGP_protein.pdb,0.12504975497722626,32.90214538574219,0.2161983996629715,0.14327947795391083,24.007066773273948,0.0,69.589,ok,full_base_c1_s20_n1,16.106153855204397,False,26.755060191913365,False,results/posebench_702_predictions/protenix_gpu/posebusters_benchmark/7MEU_MGP/full_base_c1_s20_n1/run_status.json,,,,,ok
results/posebench_702_predictions/protenix_gpu/posebusters_benchmark/7MFP_Z7P/full_base_c1_s20_n1/output/7MFP_Z7P/seed_101/predictions/7MFP_Z7P_seed_101_summary_confidence_sample_0.json,posebusters_benchmark,5,results/posebench_702_predictions/protenix_gpu/posebusters_benchmark/7MFP_Z7P/full_base_c1_s20_n1/inputs/7MFP_Z7P.json,external/PoseBench/data/posebusters_benchmark_set/7MFP_Z7P/7MFP_Z7P_ligand.sdf,50.0,Cc1ncc(COP(=O)(O)O)c(/C=N/[C@H]2[C@H](O)[C@@H](O)[C@@H](O[P@](=O)(O)O[P@](=O)(O)OC[C@H]3O[C@@H](n4ccc(=O)[nH]c4=O)[C@H](O)[C@@H]3O)O[C@@H]2C)c1O,1404.0,"A:351,B:354,C:351,D:348",protenix_base_default_v0.5.0,7MFP_Z7P,4.0,50.0,results/posebench_702_predictions/protenix_gpu/posebusters_benchmark/7MFP_Z7P/full_base_c1_s20_n1,17.21985625430309,10.0,112.0,50.0,results/posebench_702_predictions/protenix_gpu/posebusters_benchmark/7MFP_Z7P/full_base_c1_s20_n1/output/7MFP_Z7P/seed_101/predictions/7MFP_Z7P_seed_101_sample_0.cif,A:351;B:354;C:351;D:348,external/PoseBench/data/posebusters_benchmark_set/7MFP_Z7P/7MFP_Z7P_protein.pdb,0.1732712835073471,33.41083908081055,0.2111084908246994,0.1808387190103531,33.24727121737042,0.0,123.793,ok,full_base_c1_s20_n1,18.385522366694993,False,32.98141737457917,False,results/posebench_702_predictions/protenix_gpu/posebusters_benchmark/7MFP_Z7P/full_base_c1_s20_n1/run_status.json,,,,,ok
results/posebench_702_predictions/protenix_gpu/posebusters_benchmark/7MGT_ZD4/full_base_c1_s20_n1/output/7MGT_ZD4/seed_101/predictions/7MGT_ZD4_seed_101_summary_confidence_sample_0.json,posebusters_benchmark,7,results/posebench_702_predictions/protenix_gpu/posebusters_benchmark/7MGT_ZD4/full_base_c1_s20_n1/inputs/7MGT_ZD4.json,external/PoseBench/data/posebusters_benchmark_set/7MGT_ZD4/7MGT_ZD4_ligand.sdf,28.0,Nc1nc(Cl)nc2c1ncn2[C@@H]1O[C@H](CO[P@](=O)(O)OP(=O)(O)O)[C@@H](O)[C@H]1O,319.0,A:319,protenix_base_default_v0.5.0,7MGT_ZD4,1.0,28.0,results/posebench_702_predictions/protenix_gpu/posebusters_benchmark/7MGT_ZD4/full_base_c1_s20_n1,13.877334580641662,10.0,93.0,28.0,results/posebench_702_predictions/protenix_gpu/posebusters_benchmark/7MGT_ZD4/full_base_c1_s20_n1/output/7MGT_ZD4/seed_101/predictions/7MGT_ZD4_seed_101_sample_0.cif,A:319,external/PoseBench/data/posebusters_benchmark_set/7MGT_ZD4/7MGT_ZD4_protein.pdb,0.3148705065250397,33.57928466796875,0.246138334274292,0.30112406611442566,17.868738615918232,0.0,72.953,ok,full_base_c1_s20_n1,19.22608982301725,False,21.302092438750336,False,results/posebench_702_predictions/protenix_gpu/posebusters_benchmark/7MGT_ZD4/full_base_c1_s20_n1/run_status.json,,,,,ok
results/posebench_702_predictions/protenix_gpu/posebusters_benchmark/7MGY_ZD1/full_base_c1_s20_n1/output/7MGY_ZD1/seed_101/predictions/7MGY_ZD1_seed_101_summary_confidence_sample_0.json,posebusters_benchmark,5,results/posebench_702_predictions/protenix_gpu/posebusters_benchmark/7MGY_ZD1/full_base_c1_s20_n1/inputs/7MGY_ZD1.json,external/PoseBench/data/posebusters_benchmark_set/7MGY_ZD1/7MGY_ZD1_ligand.sdf,23.0,N[C@H]1C=C(CO)[C@@H](O[C@H]2O[C@H](CO)[C@@H](O)[C@H](O)[C@H]2O)[C@H](O)[C@H]1O,1298.0,"A:649,B:649",protenix_base_default_v0.5.0,7MGY_ZD1,2.0,23.0,results/posebench_702_predictions/protenix_gpu/posebusters_benchmark/7MGY_ZD1/full_base_c1_s20_n1,14.73011610885079,10.0,79.0,23.0,results/posebench_702_predictions/protenix_gpu/posebusters_benchmark/7MGY_ZD1/full_base_c1_s20_n1/output/7MGY_ZD1/seed_101/predictions/7MGY_ZD1_seed_101_sample_0.cif,A:649;B:649,external/PoseBench/data/posebusters_benchmark_set/7MGY_ZD1/7MGY_ZD1_protein.pdb,0.15692804753780365,33.362892150878906,0.197113499045372,0.16496515274047852,32.98140352540099,0.0,115.961,ok,full_base_c1_s20_n1,30.358193222048484,False,44.56614085404102,False,results/posebench_702_predictions/protenix_gpu/posebusters_benchmark/7MGY_ZD1/full_base_c1_s20_n1/run_status.json,,,,,ok
results/posebench_702_predictions/protenix_gpu/posebusters_benchmark/7MMH_ZJY/full_base_c1_s20_n1/output/7MMH_ZJY/seed_101/predictions/7MMH_ZJY_seed_101_summary_confidence_sample_0.json,posebusters_benchmark,7,results/posebench_702_predictions/protenix_gpu/posebusters_benchmark/7MMH_ZJY/full_base_c1_s20_n1/inputs/7MMH_ZJY.json,external/PoseBench/data/posebusters_benchmark_set/7MMH_ZJY/7MMH_ZJY_ligand.sdf,57.0,COc1ccc2nc(C)c(O[C@@H]3C[C@H]4C(=O)N[C@]5(C(=O)NS(=O)(=O)C6(C)CC6)C[C@H]5/C=C\CCCCC[C@H](NC(=O)OCC5(C(F)(F)F)CC5)C(=O)N4C3)nc2c1,199.0,A:199,protenix_base_default_v0.5.0,7MMH_ZJY,1.0,57.0,results/posebench_702_predictions/protenix_gpu/posebusters_benchmark/7MMH_ZJY/full_base_c1_s20_n1,14.350448050601457,10.0,71.0,57.0,results/posebench_702_predictions/protenix_gpu/posebusters_benchmark/7MMH_ZJY/full_base_c1_s20_n1/output/7MMH_ZJY/seed_101/predictions/7MMH_ZJY_seed_101_sample_0.cif,A:199,external/PoseBench/data/posebusters_benchmark_set/7MMH_ZJY/7MMH_ZJY_protein.pdb,0.27420592308044434,37.23640060424805,0.2523772716522217,0.26984021067619324,17.965934189012778,0.0,84.656,ok,full_base_c1_s20_n1,9.938216447306393,False,21.626894626198716,False,results/posebench_702_predictions/protenix_gpu/posebusters_benchmark/7MMH_ZJY/full_base_c1_s20_n1/run_status.json,,,,,ok
results/posebench_702_predictions/protenix_gpu/posebusters_benchmark/7MOI_HPS/full_base_c1_s20_n1/output/7MOI_HPS/seed_101/predictions/7MOI_HPS_seed_101_summary_confidence_sample_0.json,posebusters_benchmark,5,results/posebench_702_predictions/protenix_gpu/posebusters_benchmark/7MOI_HPS/full_base_c1_s20_n1/inputs/7MOI_HPS.json,external/PoseBench/data/posebusters_benchmark_set/7MOI_HPS/7MOI_HPS_ligand.sdf,11.0,O=P(O)(O)Oc1ccccc1,309.0,"A:155,B:154",protenix_base_default_v0.5.0,7MOI_HPS,2.0,11.0,results/posebench_702_predictions/protenix_gpu/posebusters_benchmark/7MOI_HPS/full_base_c1_s20_n1,13.368004770479978,10.0,46.0,11.0,results/posebench_702_predictions/protenix_gpu/posebusters_benchmark/7MOI_HPS/full_base_c1_s20_n1/output/7MOI_HPS/seed_101/predictions/7MOI_HPS_seed_101_sample_0.cif,A:155;B:154,external/PoseBench/data/posebusters_benchmark_set/7MOI_HPS/7MOI_HPS_protein.pdb,0.1396733820438385,39.0301399230957,0.24848881363868713,0.16143646836280823,16.273636917550913,0.0,98.185,ok,full_base_c1_s20_n1,20.783005300542044,False,22.93813369246215,False,results/posebench_702_predictions/protenix_gpu/posebusters_benchmark/7MOI_HPS/full_base_c1_s20_n1/run_status.json,,,,,ok
results/posebench_702_predictions/protenix_gpu/posebusters_benchmark/7MRH_ZMJ/full_base_c1_s20_n1/output/7MRH_ZMJ/seed_101/predictions/7MRH_ZMJ_seed_101_summary_confidence_sample_0.json,posebusters_benchmark,7,results/posebench_702_predictions/protenix_gpu/posebusters_benchmark/7MRH_ZMJ/full_base_c1_s20_n1/inputs/7MRH_ZMJ.json,external/PoseBench/data/posebusters_benchmark_set/7MRH_ZMJ/7MRH_ZMJ_ligand.sdf,24.0,CCS(=O)(=O)Nc1cccc(-c2cn(C)c(=O)c3ccccc23)c1,218.0,"A:109,B:109",protenix_base_default_v0.5.0,7MRH_ZMJ,2.0,24.0,results/posebench_702_predictions/protenix_gpu/posebusters_benchmark/7MRH_ZMJ/full_base_c1_s20_n1,10.743995910825092,10.0,48.0,24.0,results/posebench_702_predictions/protenix_gpu/posebusters_benchmark/7MRH_ZMJ/full_base_c1_s20_n1/output/7MRH_ZMJ/seed_101/predictions/7MRH_ZMJ_seed_101_sample_0.cif,A:109;B:109,external/PoseBench/data/posebusters_benchmark_set/7MRH_ZMJ/7MRH_ZMJ_protein.pdb,0.11721894145011902,40.896671295166016,0.25388047099113464,0.14455124735832214,16.224662426270967,0.0,99.342,ok,full_base_c1_s20_n1,8.426377262904092,False,18.102017577833735,False,results/posebench_702_predictions/protenix_gpu/posebusters_benchmark/7MRH_ZMJ/full_base_c1_s20_n1/run_status.json,,,,,ok
results/posebench_702_predictions/protenix_gpu/posebusters_benchmark/7MS7_ZQ1/full_base_c1_s20_n1/output/7MS7_ZQ1/seed_101/predictions/7MS7_ZQ1_seed_101_summary_confidence_sample_0.json,posebusters_benchmark,5,results/posebench_702_predictions/protenix_gpu/posebusters_benchmark/7MS7_ZQ1/full_base_c1_s20_n1/inputs/7MS7_ZQ1.json,external/PoseBench/data/posebusters_benchmark_set/7MS7_ZQ1/7MS7_ZQ1_ligand.sdf,29.0,O=C(O)CNC(=O)c1ccc(S(=O)(=O)N2CCC(c3ccc(Cl)cc3)CC2)cn1,227.0,"A:113,B:114",protenix_base_default_v0.5.0,7MS7_ZQ1,2.0,29.0,results/posebench_702_predictions/protenix_gpu/posebusters_benchmark/7MS7_ZQ1/full_base_c1_s20_n1,9.787734479284495,10.0,50.0,29.0,results/posebench_702_predictions/protenix_gpu/posebusters_benchmark/7MS7_ZQ1/full_base_c1_s20_n1/output/7MS7_ZQ1/seed_101/predictions/7MS7_ZQ1_seed_101_sample_0.cif,A:113;B:114,external/PoseBench/data/posebusters_benchmark_set/7MS7_ZQ1/7MS7_ZQ1_protein.pdb,0.319176584482193,41.593666076660156,0.3938547670841217,0.3341122269630432,19.230529456510848,0.0,74.884,ok,full_base_c1_s20_n1,14.673060474318437,False,24.380667647745,False,results/posebench_702_predictions/protenix_gpu/posebusters_benchmark/7MS7_ZQ1/full_base_c1_s20_n1/run_status.json,,,,,ok
results/posebench_702_predictions/protenix_gpu/posebusters_benchmark/7MSR_DCA/full_base_c1_s20_n1/output/7MSR_DCA/seed_101/predictions/7MSR_DCA_seed_101_summary_confidence_sample_0.json,posebusters_benchmark,7,results/posebench_702_predictions/protenix_gpu/posebusters_benchmark/7MSR_DCA/full_base_c1_s20_n1/inputs/7MSR_DCA.json,external/PoseBench/data/posebusters_benchmark_set/7MSR_DCA/7MSR_DCA_ligand.sdf,47.0,CCNC(=O)CCNC(=O)[C@H](O)C(C)(C)CO[P@@](=O)(O)O[P@@](=O)(O)OC[C@H]1O[C@@H](n2cnc3c(N)ncnc32)[C@H](O)[C@@H]1OP(=O)(O)O,700.0,"A:307,B:393",protenix_base_default_v0.5.0,7MSR_DCA,2.0,47.0,results/posebench_702_predictions/protenix_gpu/posebusters_benchmark/7MSR_DCA/full_base_c1_s20_n1,16.8211861256882,10.0,94.0,47.0,results/posebench_702_predictions/protenix_gpu/posebusters_benchmark/7MSR_DCA/full_base_c1_s20_n1/output/7MSR_DCA/seed_101/predictions/7MSR_DCA_seed_101_sample_0.cif,A:307;B:393,external/PoseBench/data/posebusters_benchmark_set/7MSR_DCA/7MSR_DCA_protein.pdb,0.1336977183818817,32.901039123535156,0.20652315020561218,0.14826279878616333,23.680902685840373,0.0,84.974,ok,full_base_c1_s20_n1,22.053337941971893,False,27.293695276172826,False,results/posebench_702_predictions/protenix_gpu/posebusters_benchmark/7MSR_DCA/full_base_c1_s20_n1/run_status.json,,,,,ok
results/posebench_702_predictions/protenix_gpu/posebusters_benchmark/7MWN_WI5/full_base_c1_s20_n1/output/7MWN_WI5/seed_101/predictions/7MWN_WI5_seed_101_summary_confidence_sample_0.json,posebusters_benchmark,5,results/posebench_702_predictions/protenix_gpu/posebusters_benchmark/7MWN_WI5/full_base_c1_s20_n1/inputs/7MWN_WI5.json,external/PoseBench/data/posebusters_benchmark_set/7MWN_WI5/7MWN_WI5_ligand.sdf,32.0,Cc1c(C(=O)c2cccc3ccccc23)c2cccc3c2n1[C@H](CN1CCOCC1)CO3,474.0,"A:180,B:294",protenix_base_default_v0.5.0,7MWN_WI5,2.0,32.0,results/posebench_702_predictions/protenix_gpu/posebusters_benchmark/7MWN_WI5/full_base_c1_s20_n1,14.349023181780124,10.0,84.0,32.0,results/posebench_702_predictions/protenix_gpu/posebusters_benchmark/7MWN_WI5/full_base_c1_s20_n1/output/7MWN_WI5/seed_101/predictions/7MWN_WI5_seed_101_sample_0.cif,A:180;B:294,external/PoseBench/data/posebusters_benchmark_set/7MWN_WI5/7MWN_WI5_protein.pdb,0.14486727118492126,36.715911865234375,0.20027947425842285,0.15594971179962158,23.665885064567355,0.0,71.835,ok,full_base_c1_s20_n1,14.031945601840643,False,19.657991662278132,False,results/posebench_702_predictions/protenix_gpu/posebusters_benchmark/7MWN_WI5/full_base_c1_s20_n1/run_status.json,,,,,ok
results/posebench_702_predictions/protenix_gpu/posebusters_benchmark/7MWU_ZPM/full_base_c1_s20_n1/output/7MWU_ZPM/seed_101/predictions/7MWU_ZPM_seed_101_summary_confidence_sample_0.json,posebusters_benchmark,7,results/posebench_702_predictions/protenix_gpu/posebusters_benchmark/7MWU_ZPM/full_base_c1_s20_n1/inputs/7MWU_ZPM.json,external/PoseBench/data/posebusters_benchmark_set/7MWU_ZPM/7MWU_ZPM_ligand.sdf,7.0,O=C(O)C1CCC1,499.0,A:499,protenix_base_default_v0.5.0,7MWU_ZPM,1.0,7.0,results/posebench_702_predictions/protenix_gpu/posebusters_benchmark/7MWU_ZPM/full_base_c1_s20_n1,17.259776359199495,10.0,54.0,7.0,results/posebench_702_predictions/protenix_gpu/posebusters_benchmark/7MWU_ZPM/full_base_c1_s20_n1/output/7MWU_ZPM/seed_101/predictions/7MWU_ZPM_seed_101_sample_0.cif,A:499,external/PoseBench/data/posebusters_benchmark_set/7MWU_ZPM/7MWU_ZPM_protein.pdb,0.2442377656698227,37.17679977416992,0.2094644457101822,0.23728309571743011,27.126185556046313,0.0,75.635,ok,full_base_c1_s20_n1,12.88742169735753,False,10.709529690489683,False,results/posebench_702_predictions/protenix_gpu/posebusters_benchmark/7MWU_ZPM/full_base_c1_s20_n1/run_status.json,,,,,ok
results/posebench_702_predictions/protenix_gpu/posebusters_benchmark/7MY1_IPE/full_base_c1_s20_n1/output/7MY1_IPE/seed_101/predictions/7MY1_IPE_seed_101_summary_confidence_sample_0.json,posebusters_benchmark,5,results/posebench_702_predictions/protenix_gpu/posebusters_benchmark/7MY1_IPE/full_base_c1_s20_n1/inputs/7MY1_IPE.json,external/PoseBench/data/posebusters_benchmark_set/7MY1_IPE/7MY1_IPE_ligand.sdf,14.0,C=C(C)CCO[P@@](=O)(O)OP(=O)(O)O,280.0,A:280,protenix_base_default_v0.5.0,7MY1_IPE,1.0,14.0,results/posebench_702_predictions/protenix_gpu/posebusters_benchmark/7MY1_IPE/full_base_c1_s20_n1,13.966924269146467,10.0,52.0,14.0,results/posebench_702_predictions/protenix_gpu/posebusters_benchmark/7MY1_IPE/full_base_c1_s20_n1/output/7MY1_IPE/seed_101/predictions/7MY1_IPE_seed_101_sample_0.cif,A:280,external/PoseBench/data/posebusters_benchmark_set/7MY1_IPE/7MY1_IPE_protein.pdb,0.2178209275007248,35.3012809753418,0.21936294436454773,0.21812933683395386,19.262430580172243,0.0,70.516,ok,full_base_c1_s20_n1,15.270660373621787,False,11.205521071025775,False,results/posebench_702_predictions/protenix_gpu/posebusters_benchmark/7MY1_IPE/full_base_c1_s20_n1/run_status.json,,,,,ok
results/posebench_702_predictions/protenix_gpu/posebusters_benchmark/7MYU_ZR7/full_base_c1_s20_n1/output/7MYU_ZR7/seed_101/predictions/7MYU_ZR7_seed_101_summary_confidence_sample_0.json,posebusters_benchmark,7,results/posebench_702_predictions/protenix_gpu/posebusters_benchmark/7MYU_ZR7/full_base_c1_s20_n1/inputs/7MYU_ZR7.json,external/PoseBench/data/posebusters_benchmark_set/7MYU_ZR7/7MYU_ZR7_ligand.sdf,35.0,COc1cnc(C(=O)Nc2ccc(F)c([C@]34CN(c5ncc(F)cn5)C[C@H]3CSC(N)=N4)c2)cn1,779.0,"A:390,B:389",protenix_base_default_v0.5.0,7MYU_ZR7,2.0,35.0,results/posebench_702_predictions/protenix_gpu/posebusters_benchmark/7MYU_ZR7/full_base_c1_s20_n1,15.09537446800262,10.0,90.0,35.0,results/posebench_702_predictions/protenix_gpu/posebusters_benchmark/7MYU_ZR7/full_base_c1_s20_n1/output/7MYU_ZR7/seed_101/predictions/7MYU_ZR7_seed_101_sample_0.cif,A:390;B:389,external/PoseBench/data/posebusters_benchmark_set/7MYU_ZR7/7MYU_ZR7_protein.pdb,0.1339501142501831,29.555294036865234,0.17980393767356873,0.1431208848953247,26.677385901295583,0.0,92.701,ok,full_base_c1_s20_n1,13.287438074295189,False,33.73283044473429,False,results/posebench_702_predictions/protenix_gpu/posebusters_benchmark/7MYU_ZR7/full_base_c1_s20_n1/run_status.json,,,,,ok
results/posebench_702_predictions/protenix_gpu/posebusters_benchmark/7MZS_GLA/full_base_c1_s20_n1/output/7MZS_GLA/seed_101/predictions/7MZS_GLA_seed_101_summary_confidence_sample_0.json,posebusters_benchmark,5,results/posebench_702_predictions/protenix_gpu/posebusters_benchmark/7MZS_GLA/full_base_c1_s20_n1/inputs/7MZS_GLA.json,external/PoseBench/data/posebusters_benchmark_set/7MZS_GLA/7MZS_GLA_ligand.sdf,12.0,OC[C@H]1O[C@H](O)[C@H](O)[C@@H](O)[C@H]1O,190.0,A:190,protenix_base_default_v0.5.0,7MZS_GLA,1.0,12.0,results/posebench_702_predictions/protenix_gpu/posebusters_benchmark/7MZS_GLA/full_base_c1_s20_n1,10.562668102563912,10.0,37.0,12.0,results/posebench_702_predictions/protenix_gpu/posebusters_benchmark/7MZS_GLA/full_base_c1_s20_n1/output/7MZS_GLA/seed_101/predictions/7MZS_GLA_seed_101_sample_0.cif,A:190,external/PoseBench/data/posebusters_benchmark_set/7MZS_GLA/7MZS_GLA_protein.pdb,0.24954287707805634,39.65605545043945,0.3753930926322937,0.2747129201889038,15.508562990694093,0.0,85.576,ok,full_base_c1_s20_n1,15.039883930300812,False,16.88197573776041,False,results/posebench_702_predictions/protenix_gpu/posebusters_benchmark/7MZS_GLA/full_base_c1_s20_n1/run_status.json,,,,,ok
results/posebench_702_predictions/protenix_gpu/posebusters_benchmark/7N03_ZRP/full_base_c1_s20_n1/output/7N03_ZRP/seed_101/predictions/7N03_ZRP_seed_101_summary_confidence_sample_0.json,posebusters_benchmark,7,results/posebench_702_predictions/protenix_gpu/posebusters_benchmark/7N03_ZRP/full_base_c1_s20_n1/inputs/7N03_ZRP.json,external/PoseBench/data/posebusters_benchmark_set/7N03_ZRP/7N03_ZRP_ligand.sdf,28.0,CCCCCCNc1ccc2ncc(C(=O)NC)c(Nc3ccccc3)c2c1,154.0,A:154,protenix_base_default_v0.5.0,7N03_ZRP,1.0,28.0,results/posebench_702_predictions/protenix_gpu/posebusters_benchmark/7N03_ZRP/full_base_c1_s20_n1,12.936779847511485,10.0,76.0,28.0,results/posebench_702_predictions/protenix_gpu/posebusters_benchmark/7N03_ZRP/full_base_c1_s20_n1/output/7N03_ZRP/seed_101/predictions/7N03_ZRP_seed_101_sample_0.cif,A:154,external/PoseBench/data/posebusters_benchmark_set/7N03_ZRP/7N03_ZRP_protein.pdb,0.322173535823822,38.43355941772461,0.24129660427570343,0.30599814653396606,16.659135687194443,0.0,75.716,ok,full_base_c1_s20_n1,11.65841346828458,False,12.323621019674848,False,results/posebench_702_predictions/protenix_gpu/posebusters_benchmark/7N03_ZRP/full_base_c1_s20_n1/run_status.json,,,,,ok
results/posebench_702_predictions/protenix_gpu/posebusters_benchmark/7N4N_0BK/full_base_c1_s20_n1/output/7N4N_0BK/seed_101/predictions/7N4N_0BK_seed_101_summary_confidence_sample_0.json,posebusters_benchmark,5,results/posebench_702_predictions/protenix_gpu/posebusters_benchmark/7N4N_0BK/full_base_c1_s20_n1/inputs/7N4N_0BK.json,external/PoseBench/data/posebusters_benchmark_set/7N4N_0BK/7N4N_0BK_ligand.sdf,32.0,COc1cc(C(=O)Nc2ccc(F)c([C@]3(CF)CC[C@@](C)(S(C)(=O)=O)C(N)=N3)c2)ncn1,366.0,A:366,protenix_base_default_v0.5.0,7N4N_0BK,2.0,32.0,results/posebench_702_predictions/protenix_gpu/posebusters_benchmark/7N4N_0BK/full_base_c1_s20_n1,16.219457046118386,10.0,86.0,32.0,results/posebench_702_predictions/protenix_gpu/posebusters_benchmark/7N4N_0BK/full_base_c1_s20_n1/output/7N4N_0BK/seed_101/predictions/7N4N_0BK_seed_101_sample_0.cif,A:366;D:112,external/PoseBench/data/posebusters_benchmark_set/7N4N_0BK/7N4N_0BK_protein.pdb,0.11851014196872711,32.61799240112305,0.18240883946418762,0.13128988444805145,20.654040526992446,0.0,73.21,ok,full_base_c1_s20_n1,9.612802866974157,False,11.634802281982779,False,results/posebench_702_predictions/protenix_gpu/posebusters_benchmark/7N4N_0BK/full_base_c1_s20_n1/run_status.json,,,,,ok
results/posebench_702_predictions/protenix_gpu/posebusters_benchmark/7N4W_P4V/full_base_c1_s20_n1/output/7N4W_P4V/seed_101/predictions/7N4W_P4V_seed_101_summary_confidence_sample_0.json,posebusters_benchmark,7,results/posebench_702_predictions/protenix_gpu/posebusters_benchmark/7N4W_P4V/full_base_c1_s20_n1/inputs/7N4W_P4V.json,external/PoseBench/data/posebusters_benchmark_set/7N4W_P4V/7N4W_P4V_ligand.sdf,26.0,COc1cc2c(cc1OC)[C@H]1Cc3ccc(OC)c(OC)c3CN1CC2,183.0,A:183,protenix_base_default_v0.5.0,7N4W_P4V,1.0,26.0,results/posebench_702_predictions/protenix_gpu/posebusters_benchmark/7N4W_P4V/full_base_c1_s20_n1,13.831528281318535,10.0,90.0,26.0,results/posebench_702_predictions/protenix_gpu/posebusters_benchmark/7N4W_P4V/full_base_c1_s20_n1/output/7N4W_P4V/seed_101/predictions/7N4W_P4V_seed_101_sample_0.cif,A:183,external/PoseBench/data/posebusters_benchmark_set/7N4W_P4V/7N4W_P4V_protein.pdb,0.273908793926239,41.78581237792969,0.24396175146102905,0.2679193913936615,16.01590544578148,0.0,75.539,ok,full_base_c1_s20_n1,11.183145527980056,False,14.825799814607578,False,results/posebench_702_predictions/protenix_gpu/posebusters_benchmark/7N4W_P4V/full_base_c1_s20_n1/run_status.json,,,,,ok
results/posebench_702_predictions/protenix_gpu/posebusters_benchmark/7N6F_0I1/full_base_c1_s20_n1/output/7N6F_0I1/seed_101/predictions/7N6F_0I1_seed_101_summary_confidence_sample_0.json,posebusters_benchmark,5,results/posebench_702_predictions/protenix_gpu/posebusters_benchmark/7N6F_0I1/full_base_c1_s20_n1/inputs/7N6F_0I1.json,external/PoseBench/data/posebusters_benchmark_set/7N6F_0I1/7N6F_0I1_ligand.sdf,26.0,O=C(C1CCN(c2cncnc2-c2ccc(F)cc2)CC1)N1CC(F)C1,435.0,A:435,protenix_base_default_v0.5.0,7N6F_0I1,1.0,26.0,results/posebench_702_predictions/protenix_gpu/posebusters_benchmark/7N6F_0I1/full_base_c1_s20_n1,14.94108782311624,10.0,87.0,26.0,results/posebench_702_predictions/protenix_gpu/posebusters_benchmark/7N6F_0I1/full_base_c1_s20_n1/output/7N6F_0I1/seed_101/predictions/7N6F_0I1_seed_101_sample_0.cif,A:436,external/PoseBench/data/posebusters_benchmark_set/7N6F_0I1/7N6F_0I1_protein.pdb,0.2667853534221649,37.95023727416992,0.23874254524707794,0.26117679476737976,20.88823271688784,0.0,80.377,ok,full_base_c1_s20_n1,9.607389981439102,False,15.452199681660051,False,results/posebench_702_predictions/protenix_gpu/posebusters_benchmark/7N6F_0I1/full_base_c1_s20_n1/run_status.json,,,,,ok
results/posebench_702_predictions/protenix_gpu/posebusters_benchmark/7N7B_T3F/full_base_c1_s20_n1/output/7N7B_T3F/seed_101/predictions/7N7B_T3F_seed_101_summary_confidence_sample_0.json,posebusters_benchmark,7,results/posebench_702_predictions/protenix_gpu/posebusters_benchmark/7N7B_T3F/full_base_c1_s20_n1/inputs/7N7B_T3F.json,external/PoseBench/data/posebusters_benchmark_set/7N7B_T3F/7N7B_T3F_ligand.sdf,35.0,Cc1cn([C@H]2C[C@H](O)[C@@H](CO[P@@](=O)(O)O[P@](=O)(O)O[C@H]3O[C@H](C)[C@H](O)[C@H](N)[C@H]3O)O2)c(=O)[nH]c1=O,540.0,"A:269,B:271",protenix_base_default_v0.5.0,7N7B_T3F,2.0,35.0,results/posebench_702_predictions/protenix_gpu/posebusters_benchmark/7N7B_T3F/full_base_c1_s20_n1,13.31280244458315,10.0,74.0,35.0,results/posebench_702_predictions/protenix_gpu/posebusters_benchmark/7N7B_T3F/full_base_c1_s20_n1/output/7N7B_T3F/seed_101/predictions/7N7B_T3F_seed_101_sample_0.cif,A:269;B:271,external/PoseBench/data/posebusters_benchmark_set/7N7B_T3F/7N7B_T3F_protein.pdb,0.11952504515647888,31.43480682373047,0.18416321277618408,0.13245268166065216,25.71982646197329,0.0,86.849,ok,full_base_c1_s20_n1,15.443827151493911,False,20.437808018909426,False,results/posebench_702_predictions/protenix_gpu/posebusters_benchmark/7N7B_T3F/full_base_c1_s20_n1/run_status.json,,,,,ok
results/posebench_702_predictions/protenix_gpu/posebusters_benchmark/7N7H_CTP/full_base_c1_s20_n1/output/7N7H_CTP/seed_101/predictions/7N7H_CTP_seed_101_summary_confidence_sample_0.json,posebusters_benchmark,5,results/posebench_702_predictions/protenix_gpu/posebusters_benchmark/7N7H_CTP/full_base_c1_s20_n1/inputs/7N7H_CTP.json,external/PoseBench/data/posebusters_benchmark_set/7N7H_CTP/7N7H_CTP_ligand.sdf,29.0,Nc1ccn([C@@H]2O[C@H](CO[P@](=O)(O)O[P@@](=O)(O)OP(=O)(O)O)[C@@H](O)[C@H]2O)c(=O)n1,289.0,A:289,protenix_base_default_v0.5.0,7N7H_CTP,1.0,29.0,results/posebench_702_predictions/protenix_gpu/posebusters_benchmark/7N7H_CTP/full_base_c1_s20_n1,15.087105150771357,10.0,102.0,29.0,results/posebench_702_predictions/protenix_gpu/posebusters_benchmark/7N7H_CTP/full_base_c1_s20_n1/output/7N7H_CTP/seed_101/predictions/7N7H_CTP_seed_101_sample_0.cif,A:289,external/PoseBench/data/posebusters_benchmark_set/7N7H_CTP/7N7H_CTP_protein.pdb,0.1776633858680725,32.42576217651367,0.23024220764636993,0.1881791651248932,19.08348785343734,0.0,80.335,ok,full_base_c1_s20_n1,16.550444217973027,False,16.481136628861087,False,results/posebench_702_predictions/protenix_gpu/posebusters_benchmark/7N7H_CTP/full_base_c1_s20_n1/run_status.json,,,,,ok
results/posebench_702_predictions/protenix_gpu/posebusters_benchmark/7NA4_1I9/full_base_c1_s20_n1/output/7NA4_1I9/seed_101/predictions/7NA4_1I9_seed_101_summary_confidence_sample_0.json,posebusters_benchmark,7,results/posebench_702_predictions/protenix_gpu/posebusters_benchmark/7NA4_1I9/full_base_c1_s20_n1/inputs/7NA4_1I9.json,external/PoseBench/data/posebusters_benchmark_set/7NA4_1I9/7NA4_1I9_ligand.sdf,38.0,CCO[C@@H](c1nc2cc(-c3noc(=O)[nH]3)nc(-c3cncc(Cl)c3)c2n1[C@H](C)[C@H]1CC[C@H](C)CC1)C1CC1,96.0,A:96,protenix_base_default_v0.5.0,7NA4_1I9,1.0,38.0,results/posebench_702_predictions/protenix_gpu/posebusters_benchmark/7NA4_1I9/full_base_c1_s20_n1,9.878135561376952,10.0,56.0,38.0,results/posebench_702_predictions/protenix_gpu/posebusters_benchmark/7NA4_1I9/full_base_c1_s20_n1/output/7NA4_1I9/seed_101/predictions/7NA4_1I9_seed_101_sample_0.cif,A:96,external/PoseBench/data/posebusters_benchmark_set/7NA4_1I9/7NA4_1I9_protein.pdb,0.3067461848258972,48.62818908691406,0.35395294427871704,0.3161875605583191,10.915768024101853,0.0,79.804,ok,full_base_c1_s20_n1,13.254505346784063,False,13.68549363229429,False,results/posebench_702_predictions/protenix_gpu/posebusters_benchmark/7NA4_1I9/full_base_c1_s20_n1/run_status.json,,,,,ok
results/posebench_702_predictions/protenix_gpu/posebusters_benchmark/7NB4_U6Q/full_base_c1_s20_n1/output/7NB4_U6Q/seed_101/predictions/7NB4_U6Q_seed_101_summary_confidence_sample_0.json,posebusters_benchmark,5,results/posebench_702_predictions/protenix_gpu/posebusters_benchmark/7NB4_U6Q/full_base_c1_s20_n1/inputs/7NB4_U6Q.json,external/PoseBench/data/posebusters_benchmark_set/7NB4_U6Q/7NB4_U6Q_ligand.sdf,31.0,CCc1sc2ncnc(N[C@H](Cc3ccccc3)C(=O)O)c2c1-c1cccc(Cl)c1C,151.0,A:151,protenix_base_default_v0.5.0,7NB4_U6Q,1.0,31.0,results/posebench_702_predictions/protenix_gpu/posebusters_benchmark/7NB4_U6Q/full_base_c1_s20_n1,4.916763066774902,10.0,57.0,31.0,results/posebench_702_predictions/protenix_gpu/posebusters_benchmark/7NB4_U6Q/full_base_c1_s20_n1/output/7NB4_U6Q/seed_101/predictions/7NB4_U6Q_seed_101_sample_0.cif,A:151,external/PoseBench/data/posebusters_benchmark_set/7NB4_U6Q/7NB4_U6Q_protein.pdb,0.23357021808624268,46.90966033935547,0.3239530622959137,0.2516467869281769,11.158457469366482,0.0,72.659,ok,full_base_c1_s20_n1,14.665062519165046,False,17.535191276329563,False,results/posebench_702_predictions/protenix_gpu/posebusters_benchmark/7NB4_U6Q/full_base_c1_s20_n1/run_status.json,,,,,ok
results/posebench_702_predictions/protenix_gpu/posebusters_benchmark/7NF0_BYN/full_base_c1_s20_n1/output/7NF0_BYN/seed_101/predictions/7NF0_BYN_seed_101_summary_confidence_sample_0.json,posebusters_benchmark,7,results/posebench_702_predictions/protenix_gpu/posebusters_benchmark/7NF0_BYN/full_base_c1_s20_n1/inputs/7NF0_BYN.json,external/PoseBench/data/posebusters_benchmark_set/7NF0_BYN/7NF0_BYN_ligand.sdf,37.0,Cc1cc2c3c(c1C)C(C)(C)C[C@@H](O)N3c1c(nc(O)[nH]c1=O)N2C[C@H](O)[C@H](O)[C@H](O)COP(=O)(O)O,994.0,"A:497,B:497",protenix_base_default_v0.5.0,7NF0_BYN,2.0,37.0,results/posebench_702_predictions/protenix_gpu/posebusters_benchmark/7NF0_BYN/full_base_c1_s20_n1,16.57534191012823,10.0,100.0,37.0,results/posebench_702_predictions/protenix_gpu/posebusters_benchmark/7NF0_BYN/full_base_c1_s20_n1/output/7NF0_BYN/seed_101/predictions/7NF0_BYN_seed_101_sample_0.cif,A:497;B:497,external/PoseBench/data/posebusters_benchmark_set/7NF0_BYN/7NF0_BYN_protein.pdb,0.15559326112270355,31.64267921447754,0.2136925905942917,0.16721312701702118,30.064536047811057,0.0,98.911,ok,full_base_c1_s20_n1,7.050597261373197,False,10.763230762043106,False,results/posebench_702_predictions/protenix_gpu/posebusters_benchmark/7NF0_BYN/full_base_c1_s20_n1/run_status.json,,,,,ok
results/posebench_702_predictions/protenix_gpu/posebusters_benchmark/7NF3_4LU/full_base_c1_s20_n1/output/7NF3_4LU/seed_101/predictions/7NF3_4LU_seed_101_summary_confidence_sample_0.json,posebusters_benchmark,5,results/posebench_702_predictions/protenix_gpu/posebusters_benchmark/7NF3_4LU/full_base_c1_s20_n1/inputs/7NF3_4LU.json,external/PoseBench/data/posebusters_benchmark_set/7NF3_4LU/7NF3_4LU_ligand.sdf,36.0,Cc1cc2c3c(c1C)C(C)(C)CC=[N+]3c1c([nH]c(=O)[nH]c1=O)N2C[C@H](O)[C@H](O)[C@H](O)COP(=O)(O)O,498.0,A:498,protenix_base_default_v0.5.0,7NF3_4LU,1.0,36.0,results/posebench_702_predictions/protenix_gpu/posebusters_benchmark/7NF3_4LU/full_base_c1_s20_n1,16.102697310826038,10.0,99.0,36.0,results/posebench_702_predictions/protenix_gpu/posebusters_benchmark/7NF3_4LU/full_base_c1_s20_n1/output/7NF3_4LU/seed_101/predictions/7NF3_4LU_seed_101_sample_0.cif,A:498,external/PoseBench/data/posebusters_benchmark_set/7NF3_4LU/7NF3_4LU_protein.pdb,0.3053344488143921,30.88330078125,0.18399854004383087,0.28106728196144104,23.447566265763356,0.0,79.796,ok,full_base_c1_s20_n1,15.335170122893699,False,17.187636186568504,False,results/posebench_702_predictions/protenix_gpu/posebusters_benchmark/7NF3_4LU/full_base_c1_s20_n1/run_status.json,,,,,ok
results/posebench_702_predictions/protenix_gpu/posebusters_benchmark/7NFB_GEN/full_base_c1_s20_n1/output/7NFB_GEN/seed_101/predictions/7NFB_GEN_seed_101_summary_confidence_sample_0.json,posebusters_benchmark,7,results/posebench_702_predictions/protenix_gpu/posebusters_benchmark/7NFB_GEN/full_base_c1_s20_n1/inputs/7NFB_GEN.json,external/PoseBench/data/posebusters_benchmark_set/7NFB_GEN/7NFB_GEN_ligand.sdf,20.0,O=c1c(-c2ccc(O)cc2)coc2cc(O)cc(O)c12,506.0,"A:241,B:244,C:10,D:11",protenix_base_default_v0.5.0,7NFB_GEN,4.0,20.0,results/posebench_702_predictions/protenix_gpu/posebusters_benchmark/7NFB_GEN/full_base_c1_s20_n1,13.475604422015383,10.0,77.0,20.0,results/posebench_702_predictions/protenix_gpu/posebusters_benchmark/7NFB_GEN/full_base_c1_s20_n1/output/7NFB_GEN/seed_101/predictions/7NFB_GEN_seed_101_sample_0.cif,A:241;B:244;C:10;D:11,external/PoseBench/data/posebusters_benchmark_set/7NFB_GEN/7NFB_GEN_protein.pdb,0.09623908996582031,40.26492691040039,0.20961591601371765,0.11891445517539978,23.26699564253823,0.0,85.245,ok,full_base_c1_s20_n1,27.7587619057847,False,26.93238929215911,False,results/posebench_702_predictions/protenix_gpu/posebusters_benchmark/7NFB_GEN/full_base_c1_s20_n1/run_status.json,,,,,ok
results/posebench_702_predictions/protenix_gpu/posebusters_benchmark/7NGW_UAW/full_base_c1_s20_n1/output/7NGW_UAW/seed_101/predictions/7NGW_UAW_seed_101_summary_confidence_sample_0.json,posebusters_benchmark,5,results/posebench_702_predictions/protenix_gpu/posebusters_benchmark/7NGW_UAW/full_base_c1_s20_n1/inputs/7NGW_UAW.json,external/PoseBench/data/posebusters_benchmark_set/7NGW_UAW/7NGW_UAW_ligand.sdf,17.0,CC1CCN(C(=O)Nc2ccc(O)cc2)CC1,193.0,A:193,protenix_base_default_v0.5.0,7NGW_UAW,1.0,17.0,results/posebench_702_predictions/protenix_gpu/posebusters_benchmark/7NGW_UAW/full_base_c1_s20_n1,6.565286231226871,10.0,67.0,17.0,results/posebench_702_predictions/protenix_gpu/posebusters_benchmark/7NGW_UAW/full_base_c1_s20_n1/output/7NGW_UAW/seed_101/predictions/7NGW_UAW_seed_101_sample_0.cif,A:193,external/PoseBench/data/posebusters_benchmark_set/7NGW_UAW/7NGW_UAW_protein.pdb,0.4157423675060272,47.85820388793945,0.38256746530532837,0.40910738706588745,11.416349462631292,0.0,84.943,ok,full_base_c1_s20_n1,7.891886677611312,False,5.623690709010125,False,results/posebench_702_predictions/protenix_gpu/posebusters_benchmark/7NGW_UAW/full_base_c1_s20_n1/run_status.json,,,,,ok
results/posebench_702_predictions/protenix_gpu/posebusters_benchmark/7NLK_UHK/full_base_c1_s20_n1/output/7NLK_UHK/seed_101/predictions/7NLK_UHK_seed_101_summary_confidence_sample_0.json,posebusters_benchmark,7,results/posebench_702_predictions/protenix_gpu/posebusters_benchmark/7NLK_UHK/full_base_c1_s20_n1/inputs/7NLK_UHK.json,external/PoseBench/data/posebusters_benchmark_set/7NLK_UHK/7NLK_UHK_ligand.sdf,16.0,Cc1ccc(NC(=O)[C@@H](S)CC(C)C)cc1,596.0,"A:298,B:298",protenix_base_default_v0.5.0,7NLK_UHK,2.0,16.0,results/posebench_702_predictions/protenix_gpu/posebusters_benchmark/7NLK_UHK/full_base_c1_s20_n1,13.016125844652866,10.0,55.0,16.0,results/posebench_702_predictions/protenix_gpu/posebusters_benchmark/7NLK_UHK/full_base_c1_s20_n1/output/7NLK_UHK/seed_101/predictions/7NLK_UHK_seed_101_sample_0.cif,A:298;B:298,external/PoseBench/data/posebusters_benchmark_set/7NLK_UHK/7NLK_UHK_protein.pdb,0.12619182467460632,26.538286209106445,0.19086861610412598,0.13912717998027802,24.936126524602447,0.0,85.446,ok,full_base_c1_s20_n1,16.455184006497632,False,34.227601648018904,False,results/posebench_702_predictions/protenix_gpu/posebusters_benchmark/7NLK_UHK/full_base_c1_s20_n1/run_status.json,,,,,ok
results/posebench_702_predictions/protenix_gpu/posebusters_benchmark/7NLV_UJE/full_base_c1_s20_n1/output/7NLV_UJE/seed_101/predictions/7NLV_UJE_seed_101_summary_confidence_sample_0.json,posebusters_benchmark,5,results/posebench_702_predictions/protenix_gpu/posebusters_benchmark/7NLV_UJE/full_base_c1_s20_n1/inputs/7NLV_UJE.json,external/PoseBench/data/posebusters_benchmark_set/7NLV_UJE/7NLV_UJE_ligand.sdf,21.0,O=C(CCCC[C@@H]1SC[C@@H]2NC(=O)N[C@@H]21)N[C@H]1CCNC1,473.0,"A:117,B:118,C:120,D:118",protenix_base_default_v0.5.0,7NLV_UJE,4.0,21.0,results/posebench_702_predictions/protenix_gpu/posebusters_benchmark/7NLV_UJE/full_base_c1_s20_n1,13.973627109908485,10.0,68.0,21.0,results/posebench_702_predictions/protenix_gpu/posebusters_benchmark/7NLV_UJE/full_base_c1_s20_n1/output/7NLV_UJE/seed_101/predictions/7NLV_UJE_seed_101_sample_0.cif,A:117;B:118;C:120;D:118,external/PoseBench/data/posebusters_benchmark_set/7NLV_UJE/7NLV_UJE_protein.pdb,0.10933433473110199,33.46260070800781,0.19838641583919525,0.12714475393295288,21.422354903223752,0.0,81.851,ok,full_base_c1_s20_n1,18.587343100165747,False,32.02580484368181,False,results/posebench_702_predictions/protenix_gpu/posebusters_benchmark/7NLV_UJE/full_base_c1_s20_n1/run_status.json,,,,,ok
results/posebench_702_predictions/protenix_gpu/posebusters_benchmark/7NML_I7B/full_base_c1_s20_n1/output/7NML_I7B/seed_101/predictions/7NML_I7B_seed_101_summary_confidence_sample_0.json,posebusters_benchmark,7,results/posebench_702_predictions/protenix_gpu/posebusters_benchmark/7NML_I7B/full_base_c1_s20_n1/inputs/7NML_I7B.json,external/PoseBench/data/posebusters_benchmark_set/7NML_I7B/7NML_I7B_ligand.sdf,16.0,Nc1cc(Cl)c(S(N)(=O)=O)cc1S(N)(=O)=O,260.0,"A:130,B:130",protenix_base_default_v0.5.0,7NML_I7B,2.0,16.0,results/posebench_702_predictions/protenix_gpu/posebusters_benchmark/7NML_I7B/full_base_c1_s20_n1,2.5329723459333366,10.0,20.0,16.0,results/posebench_702_predictions/protenix_gpu/posebusters_benchmark/7NML_I7B/full_base_c1_s20_n1/output/7NML_I7B/seed_101/predictions/7NML_I7B_seed_101_sample_0.cif,A:130;B:130,external/PoseBench/data/posebusters_benchmark_set/7NML_I7B/7NML_I7B_protein.pdb,0.11206427961587906,35.712318420410156,0.237167090177536,0.13708484172821045,18.029185266005683,0.0,83.378,ok,full_base_c1_s20_n1,16.306101872844444,False,27.28209422487512,False,results/posebench_702_predictions/protenix_gpu/posebusters_benchmark/7NML_I7B/full_base_c1_s20_n1/run_status.json,,,,,ok
results/posebench_702_predictions/protenix_gpu/posebusters_benchmark/7NP6_UK8/full_base_c1_s20_n1/output/7NP6_UK8/seed_101/predictions/7NP6_UK8_seed_101_summary_confidence_sample_0.json,posebusters_benchmark,5,results/posebench_702_predictions/protenix_gpu/posebusters_benchmark/7NP6_UK8/full_base_c1_s20_n1/inputs/7NP6_UK8.json,external/PoseBench/data/posebusters_benchmark_set/7NP6_UK8/7NP6_UK8_ligand.sdf,32.0,O=C(O)c1ccc(OCc2c(-c3c(Cl)cccc3C(F)(F)F)noc2-c2cn[nH]c2)cc1,242.0,A:242,protenix_base_default_v0.5.0,7NP6_UK8,1.0,32.0,results/posebench_702_predictions/protenix_gpu/posebusters_benchmark/7NP6_UK8/full_base_c1_s20_n1,9.363524048175295,10.0,68.0,32.0,results/posebench_702_predictions/protenix_gpu/posebusters_benchmark/7NP6_UK8/full_base_c1_s20_n1/output/7NP6_UK8/seed_101/predictions/7NP6_UK8_seed_101_sample_0.cif,A:242,external/PoseBench/data/posebusters_benchmark_set/7NP6_UK8/7NP6_UK8_protein.pdb,0.27349552512168884,38.840084075927734,0.23928269743919373,0.2666529417037964,18.26717699086707,0.0,77.343,ok,full_base_c1_s20_n1,11.838102856161784,False,12.03754341788261,False,results/posebench_702_predictions/protenix_gpu/posebusters_benchmark/7NP6_UK8/full_base_c1_s20_n1/run_status.json,,,,,ok
results/posebench_702_predictions/protenix_gpu/posebusters_benchmark/7NPL_UKZ/full_base_c1_s20_n1/output/7NPL_UKZ/seed_101/predictions/7NPL_UKZ_seed_101_summary_confidence_sample_0.json,posebusters_benchmark,7,results/posebench_702_predictions/protenix_gpu/posebusters_benchmark/7NPL_UKZ/full_base_c1_s20_n1/inputs/7NPL_UKZ.json,external/PoseBench/data/posebusters_benchmark_set/7NPL_UKZ/7NPL_UKZ_ligand.sdf,27.0,CCC[C@@H](NC(=O)c1cccc2c1CC(=O)N2)[C@@H](O)c1cccc(Cl)c1C,357.0,A:357,protenix_base_default_v0.5.0,7NPL_UKZ,1.0,27.0,results/posebench_702_predictions/protenix_gpu/posebusters_benchmark/7NPL_UKZ/full_base_c1_s20_n1,13.833262799710246,10.0,78.0,27.0,results/posebench_702_predictions/protenix_gpu/posebusters_benchmark/7NPL_UKZ/full_base_c1_s20_n1/output/7NPL_UKZ/seed_101/predictions/7NPL_UKZ_seed_101_sample_0.cif,A:357,external/PoseBench/data/posebusters_benchmark_set/7NPL_UKZ/7NPL_UKZ_protein.pdb,0.26212355494499207,32.815242767333984,0.22949424386024475,0.25559768080711365,20.538587744142845,0.0,71.432,ok,full_base_c1_s20_n1,15.354940554405214,False,18.680245705075706,False,results/posebench_702_predictions/protenix_gpu/posebusters_benchmark/7NPL_UKZ/full_base_c1_s20_n1/run_status.json,,,,,ok
results/posebench_702_predictions/protenix_gpu/posebusters_benchmark/7NR6_UO8/full_base_c1_s20_n1/output/7NR6_UO8/seed_101/predictions/7NR6_UO8_seed_101_summary_confidence_sample_0.json,posebusters_benchmark,5,results/posebench_702_predictions/protenix_gpu/posebusters_benchmark/7NR6_UO8/full_base_c1_s20_n1/inputs/7NR6_UO8.json,external/PoseBench/data/posebusters_benchmark_set/7NR6_UO8/7NR6_UO8_ligand.sdf,17.0,Nc1nc(=S)c2ncn(C3CCCCC3)c2[nH]1,306.0,"A:153,B:153",protenix_base_default_v0.5.0,7NR6_UO8,2.0,17.0,results/posebench_702_predictions/protenix_gpu/posebusters_benchmark/7NR6_UO8/full_base_c1_s20_n1,15.019134343563682,10.0,61.0,17.0,results/posebench_702_predictions/protenix_gpu/posebusters_benchmark/7NR6_UO8/full_base_c1_s20_n1/output/7NR6_UO8/seed_101/predictions/7NR6_UO8_seed_101_sample_0.cif,A:153;B:153,external/PoseBench/data/posebusters_benchmark_set/7NR6_UO8/7NR6_UO8_protein.pdb,0.12859070301055908,33.745033264160156,0.19586722552776337,0.1420460045337677,19.75335753560645,0.0,72.008,ok,full_base_c1_s20_n1,10.588556481133423,False,16.978727171324934,False,results/posebench_702_predictions/protenix_gpu/posebusters_benchmark/7NR6_UO8/full_base_c1_s20_n1/run_status.json,,,,,ok
results/posebench_702_predictions/protenix_gpu/posebusters_benchmark/7NR8_UOE/full_base_c1_s20_n1/output/7NR8_UOE/seed_101/predictions/7NR8_UOE_seed_101_summary_confidence_sample_0.json,posebusters_benchmark,7,results/posebench_702_predictions/protenix_gpu/posebusters_benchmark/7NR8_UOE/full_base_c1_s20_n1/inputs/7NR8_UOE.json,external/PoseBench/data/posebusters_benchmark_set/7NR8_UOE/7NR8_UOE_ligand.sdf,45.0,C[C@H](C(=O)N[C@H](CO)c1cccc(N2CCN(C)CC2)n1)N1Cc2ccc(-c3nc(NC4CCOCC4)ncc3Cl)cc2C1=O,345.0,A:345,protenix_base_default_v0.5.0,7NR8_UOE,1.0,45.0,results/posebench_702_predictions/protenix_gpu/posebusters_benchmark/7NR8_UOE/full_base_c1_s20_n1,14.26777251568909,10.0,86.0,45.0,results/posebench_702_predictions/protenix_gpu/posebusters_benchmark/7NR8_UOE/full_base_c1_s20_n1/output/7NR8_UOE/seed_101/predictions/7NR8_UOE_seed_101_sample_0.cif,A:345,external/PoseBench/data/posebusters_benchmark_set/7NR8_UOE/7NR8_UOE_protein.pdb,0.23787488043308258,33.4911994934082,0.19726517796516418,0.22975295782089233,20.60126634997236,0.0,73.803,ok,full_base_c1_s20_n1,12.795888465009313,False,10.409695103099008,False,results/posebench_702_predictions/protenix_gpu/posebusters_benchmark/7NR8_UOE/full_base_c1_s20_n1/run_status.json,,,,,ok
results/posebench_702_predictions/protenix_gpu/posebusters_benchmark/7NSW_HC4/full_base_c1_s20_n1/output/7NSW_HC4/seed_101/predictions/7NSW_HC4_seed_101_summary_confidence_sample_0.json,posebusters_benchmark,5,results/posebench_702_predictions/protenix_gpu/posebusters_benchmark/7NSW_HC4/full_base_c1_s20_n1/inputs/7NSW_HC4.json,external/PoseBench/data/posebusters_benchmark_set/7NSW_HC4/7NSW_HC4_ligand.sdf,12.0,O=C(O)/C=C/c1ccc(O)cc1,655.0,"A:327,B:328",protenix_base_default_v0.5.0,7NSW_HC4,2.0,12.0,results/posebench_702_predictions/protenix_gpu/posebusters_benchmark/7NSW_HC4/full_base_c1_s20_n1,11.66090513273931,10.0,73.0,12.0,results/posebench_702_predictions/protenix_gpu/posebusters_benchmark/7NSW_HC4/full_base_c1_s20_n1/output/7NSW_HC4/seed_101/predictions/7NSW_HC4_seed_101_sample_0.cif,A:327;B:328,external/PoseBench/data/posebusters_benchmark_set/7NSW_HC4/7NSW_HC4_protein.pdb,0.12680786848068237,32.6224250793457,0.17221464216709137,0.1358892172574997,23.142932391588236,0.0,82.194,ok,full_base_c1_s20_n1,12.865520576484363,False,16.87854110163703,False,results/posebench_702_predictions/protenix_gpu/posebusters_benchmark/7NSW_HC4/full_base_c1_s20_n1/run_status.json,,,,,ok
results/posebench_702_predictions/protenix_gpu/posebusters_benchmark/7NTG_F6R/full_base_c1_s20_n1/output/7NTG_F6R/seed_101/predictions/7NTG_F6R_seed_101_summary_confidence_sample_0.json,posebusters_benchmark,7,results/posebench_702_predictions/protenix_gpu/posebusters_benchmark/7NTG_F6R/full_base_c1_s20_n1/inputs/7NTG_F6R.json,external/PoseBench/data/posebusters_benchmark_set/7NTG_F6R/7NTG_F6R_ligand.sdf,16.0,O=C(CO)[C@@H](O)[C@H](O)[C@H](O)COP(=O)(O)O,402.0,A:402,protenix_base_default_v0.5.0,7NTG_F6R,1.0,16.0,results/posebench_702_predictions/protenix_gpu/posebusters_benchmark/7NTG_F6R/full_base_c1_s20_n1,11.497742343966602,10.0,63.0,16.0,results/posebench_702_predictions/protenix_gpu/posebusters_benchmark/7NTG_F6R/full_base_c1_s20_n1/output/7NTG_F6R/seed_101/predictions/7NTG_F6R_seed_101_sample_0.cif,A:402,external/PoseBench/data/posebusters_benchmark_set/7NTG_F6R/7NTG_F6R_protein.pdb,0.3980618715286255,36.8062629699707,0.2679028809070587,0.3720300793647766,19.48968746821373,0.0,73.173,ok,full_base_c1_s20_n1,7.4168186545370824,False,15.640019593417346,False,results/posebench_702_predictions/protenix_gpu/posebusters_benchmark/7NTG_F6R/full_base_c1_s20_n1/run_status.json,,,,,ok
results/posebench_702_predictions/protenix_gpu/posebusters_benchmark/7NU0_DCL/full_base_c1_s20_n1/output/7NU0_DCL/seed_101/predictions/7NU0_DCL_seed_101_summary_confidence_sample_0.json,posebusters_benchmark,5,results/posebench_702_predictions/protenix_gpu/posebusters_benchmark/7NU0_DCL/full_base_c1_s20_n1/inputs/7NU0_DCL.json,external/PoseBench/data/posebusters_benchmark_set/7NU0_DCL/7NU0_DCL_ligand.sdf,8.0,CC(C)C[C@H](N)CO,865.0,A:865,protenix_base_default_v0.5.0,7NU0_DCL,1.0,8.0,results/posebench_702_predictions/protenix_gpu/posebusters_benchmark/7NU0_DCL/full_base_c1_s20_n1,13.333341665979589,10.0,62.0,8.0,results/posebench_702_predictions/protenix_gpu/posebusters_benchmark/7NU0_DCL/full_base_c1_s20_n1/output/7NU0_DCL/seed_101/predictions/7NU0_DCL_seed_101_sample_0.cif,A:865,external/PoseBench/data/posebusters_benchmark_set/7NU0_DCL/7NU0_DCL_protein.pdb,0.2669612467288971,31.421772003173828,0.18791285157203674,0.25115156173706055,31.138661101858162,0.0,87.035,ok,full_base_c1_s20_n1,11.683901164716858,False,12.755549840017462,False,results/posebench_702_predictions/protenix_gpu/posebusters_benchmark/7NU0_DCL/full_base_c1_s20_n1/run_status.json,,,,,ok
results/posebench_702_predictions/protenix_gpu/posebusters_benchmark/7NUT_GLP/full_base_c1_s20_n1/output/7NUT_GLP/seed_101/predictions/7NUT_GLP_seed_101_summary_confidence_sample_0.json,posebusters_benchmark,7,results/posebench_702_predictions/protenix_gpu/posebusters_benchmark/7NUT_GLP/full_base_c1_s20_n1/inputs/7NUT_GLP.json,external/PoseBench/data/posebusters_benchmark_set/7NUT_GLP/7NUT_GLP_ligand.sdf,16.0,N[C@@H]1[C@@H](O)[C@H](O)[C@@H](COP(=O)(O)O)O[C@@H]1O,799.0,"A:401,B:398",protenix_base_default_v0.5.0,7NUT_GLP,2.0,16.0,results/posebench_702_predictions/protenix_gpu/posebusters_benchmark/7NUT_GLP/full_base_c1_s20_n1,15.257902710556086,10.0,65.0,16.0,results/posebench_702_predictions/protenix_gpu/posebusters_benchmark/7NUT_GLP/full_base_c1_s20_n1/output/7NUT_GLP/seed_101/predictions/7NUT_GLP_seed_101_sample_0.cif,A:401;B:398,external/PoseBench/data/posebusters_benchmark_set/7NUT_GLP/7NUT_GLP_protein.pdb,0.13017117977142334,31.57784080505371,0.18759813904762268,0.14165657758712769,28.11119282843723,0.0,88.809,ok,full_base_c1_s20_n1,9.988466636103968,False,23.69709328515215,False,results/posebench_702_predictions/protenix_gpu/posebusters_benchmark/7NUT_GLP/full_base_c1_s20_n1/run_status.json,,,,,ok
results/posebench_702_predictions/protenix_gpu/posebusters_benchmark/7NXO_UU8/full_base_c1_s20_n1/output/7NXO_UU8/seed_101/predictions/7NXO_UU8_seed_101_summary_confidence_sample_0.json,posebusters_benchmark,5,results/posebench_702_predictions/protenix_gpu/posebusters_benchmark/7NXO_UU8/full_base_c1_s20_n1/inputs/7NXO_UU8.json,external/PoseBench/data/posebusters_benchmark_set/7NXO_UU8/7NXO_UU8_ligand.sdf,34.0,Cc1ccccc1Oc1cc(-n2c(=O)cc(S(=O)(=O)c3ccccc3)[nH]c2=O)c(F)cc1C#N,724.0,"A:361,B:363",protenix_base_default_v0.5.0,7NXO_UU8,2.0,34.0,results/posebench_702_predictions/protenix_gpu/posebusters_benchmark/7NXO_UU8/full_base_c1_s20_n1,17.419988994849735,10.0,86.0,34.0,results/posebench_702_predictions/protenix_gpu/posebusters_benchmark/7NXO_UU8/full_base_c1_s20_n1/output/7NXO_UU8/seed_101/predictions/7NXO_UU8_seed_101_sample_0.cif,A:361;B:363,external/PoseBench/data/posebusters_benchmark_set/7NXO_UU8/7NXO_UU8_protein.pdb,0.13819602131843567,31.925777435302734,0.19301310181617737,0.14915943145751953,25.60677854414682,0.0,90.61,ok,full_base_c1_s20_n1,12.15851627347712,False,20.925139054902804,False,results/posebench_702_predictions/protenix_gpu/posebusters_benchmark/7NXO_UU8/full_base_c1_s20_n1/run_status.json,,,,,ok
results/posebench_702_predictions/protenix_gpu/posebusters_benchmark/7O0N_CDP/full_base_c1_s20_n1/output/7O0N_CDP/seed_101/predictions/7O0N_CDP_seed_101_summary_confidence_sample_0.json,posebusters_benchmark,7,results/posebench_702_predictions/protenix_gpu/posebusters_benchmark/7O0N_CDP/full_base_c1_s20_n1/inputs/7O0N_CDP.json,external/PoseBench/data/posebusters_benchmark_set/7O0N_CDP/7O0N_CDP_ligand.sdf,25.0,Nc1ccn([C@@H]2O[C@H](CO[P@@](=O)(O)OP(=O)(O)O)[C@@H](O)[C@H]2O)c(=O)n1,388.0,"A:194,B:194",protenix_base_default_v0.5.0,7O0N_CDP,2.0,25.0,results/posebench_702_predictions/protenix_gpu/posebusters_benchmark/7O0N_CDP/full_base_c1_s20_n1,12.640218961281871,10.0,84.0,25.0,results/posebench_702_predictions/protenix_gpu/posebusters_benchmark/7O0N_CDP/full_base_c1_s20_n1/output/7O0N_CDP/seed_101/predictions/7O0N_CDP_seed_101_sample_0.cif,A:194;B:194,external/PoseBench/data/posebusters_benchmark_set/7O0N_CDP/7O0N_CDP_protein.pdb,0.1317453384399414,39.80293655395508,0.20176438987255096,0.14574915170669556,19.795026433717563,0.0,79.326,ok,full_base_c1_s20_n1,8.595343240918659,False,9.740642693146336,False,results/posebench_702_predictions/protenix_gpu/posebusters_benchmark/7O0N_CDP/full_base_c1_s20_n1/run_status.json,,,,,ok
results/posebench_702_predictions/protenix_gpu/posebusters_benchmark/7O1T_5X8/full_base_c1_s20_n1/output/7O1T_5X8/seed_101/predictions/7O1T_5X8_seed_101_summary_confidence_sample_0.json,posebusters_benchmark,5,results/posebench_702_predictions/protenix_gpu/posebusters_benchmark/7O1T_5X8/full_base_c1_s20_n1/inputs/7O1T_5X8.json,external/PoseBench/data/posebusters_benchmark_set/7O1T_5X8/7O1T_5X8_ligand.sdf,25.0,Nc1ncnc2c1ncn2[C@@H]1O[C@H](CSC[C@H](N)C(=O)O)[C@@H](O)[C@H]1O,357.0,A:357,protenix_base_default_v0.5.0,7O1T_5X8,1.0,25.0,results/posebench_702_predictions/protenix_gpu/posebusters_benchmark/7O1T_5X8/full_base_c1_s20_n1,11.722920396863843,10.0,93.0,25.0,results/posebench_702_predictions/protenix_gpu/posebusters_benchmark/7O1T_5X8/full_base_c1_s20_n1/output/7O1T_5X8/seed_101/predictions/7O1T_5X8_seed_101_sample_0.cif,A:357,external/PoseBench/data/posebusters_benchmark_set/7O1T_5X8/7O1T_5X8_protein.pdb,0.3050708770751953,38.14422607421875,0.3114921450614929,0.3063551187515259,23.338906544424148,0.0,76.275,ok,full_base_c1_s20_n1,7.3079955107431,False,8.757545780630402,False,results/posebench_702_predictions/protenix_gpu/posebusters_benchmark/7O1T_5X8/full_base_c1_s20_n1/run_status.json,,,,,ok
results/posebench_702_predictions/protenix_gpu/posebusters_benchmark/7OCB_V88/full_base_c1_s20_n1/output/7OCB_V88/seed_101/predictions/7OCB_V88_seed_101_summary_confidence_sample_0.json,posebusters_benchmark,7,results/posebench_702_predictions/protenix_gpu/posebusters_benchmark/7OCB_V88/full_base_c1_s20_n1/inputs/7OCB_V88.json,external/PoseBench/data/posebusters_benchmark_set/7OCB_V88/7OCB_V88_ligand.sdf,41.0,COc1cc2c(NC3CCN(C(C)C)CC3)nc(NCCN(C)C)nc2cc1OCCCN1Cc2ccccc2C1,197.0,concat:197,protenix_base_default_v0.5.0,7OCB_V88,1.0,41.0,results/posebench_702_predictions/protenix_gpu/posebusters_benchmark/7OCB_V88/full_base_c1_s20_n1,,10.0,0.0,41.0,results/posebench_702_predictions/protenix_gpu/posebusters_benchmark/7OCB_V88/full_base_c1_s20_n1/output/7OCB_V88/seed_101/predictions/7OCB_V88_seed_101_sample_0.cif,B:197,external/PoseBench/data/posebusters_benchmark_set/7OCB_V88/7OCB_V88_protein.pdb,0.25551918148994446,34.326866149902344,0.23671452701091766,0.25175824761390686,17.470188579661663,0.0,83.416,ok,full_base_c1_s20_n1,,False,21.441356039534714,False,results/posebench_702_predictions/protenix_gpu/posebusters_benchmark/7OCB_V88/full_base_c1_s20_n1/run_status.json,,,,,ok
results/posebench_702_predictions/protenix_gpu/posebusters_benchmark/7ODX_DGP/full_base_c1_s20_n1/output/7ODX_DGP/seed_101/predictions/7ODX_DGP_seed_101_summary_confidence_sample_0.json,posebusters_benchmark,4,results/posebench_702_predictions/protenix_gpu/posebusters_benchmark/7ODX_DGP/full_base_c1_s20_n1/inputs/7ODX_DGP.json,external/PoseBench/data/posebusters_benchmark_set/7ODX_DGP/7ODX_DGP_ligand.sdf,23.0,Nc1nc2c(ncn2[C@H]2C[C@H](O)[C@@H](COP(=O)(O)O)O2)c(=O)[nH]1,350.0,A:350,protenix_base_default_v0.5.0,7ODX_DGP,1.0,23.0,results/posebench_702_predictions/protenix_gpu/posebusters_benchmark/7ODX_DGP/full_base_c1_s20_n1,11.647840330323003,10.0,79.0,23.0,results/posebench_702_predictions/protenix_gpu/posebusters_benchmark/7ODX_DGP/full_base_c1_s20_n1/output/7ODX_DGP/seed_101/predictions/7ODX_DGP_seed_101_sample_0.cif,A:350,external/PoseBench/data/posebusters_benchmark_set/7ODX_DGP/7ODX_DGP_protein.pdb,0.25490859150886536,28.791919708251953,0.19171355664730072,0.2422695904970169,16.543095935308525,0.0,85.95,ok,full_base_c1_s20_n1,8.105968932245196,False,12.709798307659069,False,results/posebench_702_predictions/protenix_gpu/posebusters_benchmark/7ODX_DGP/full_base_c1_s20_n1/run_status.json,,,,,ok
results/posebench_702_predictions/protenix_gpu/posebusters_benchmark/7ODY_DGI/full_base_c1_s20_n1/output/7ODY_DGI/seed_101/predictions/7ODY_DGI_seed_101_summary_confidence_sample_0.json,posebusters_benchmark,5,results/posebench_702_predictions/protenix_gpu/posebusters_benchmark/7ODY_DGI/full_base_c1_s20_n1/inputs/7ODY_DGI.json,external/PoseBench/data/posebusters_benchmark_set/7ODY_DGI/7ODY_DGI_ligand.sdf,27.0,Nc1nc2c(ncn2[C@H]2C[C@H](O)[C@@H](CO[P@@](=O)(O)OP(=O)(O)O)O2)c(=O)[nH]1,385.0,"A:99,B:94,C:100,D:92",protenix_base_default_v0.5.0,7ODY_DGI,4.0,27.0,results/posebench_702_predictions/protenix_gpu/posebusters_benchmark/7ODY_DGI/full_base_c1_s20_n1,14.87798309041351,10.0,79.0,27.0,results/posebench_702_predictions/protenix_gpu/posebusters_benchmark/7ODY_DGI/full_base_c1_s20_n1/output/7ODY_DGI/seed_101/predictions/7ODY_DGI_seed_101_sample_0.cif,A:99;B:94;C:100;D:92,external/PoseBench/data/posebusters_benchmark_set/7ODY_DGI/7ODY_DGI_protein.pdb,0.13220180571079254,43.1423225402832,0.20959527790546417,0.14768050611019135,24.497894864471807,0.0,85.006,ok,full_base_c1_s20_n1,12.352885945660272,False,17.193417340964363,False,results/posebench_702_predictions/protenix_gpu/posebusters_benchmark/7ODY_DGI/full_base_c1_s20_n1/run_status.json,,,,,ok
results/posebench_702_predictions/protenix_gpu/posebusters_benchmark/7OEO_V9Z/full_base_c1_s20_n1/output/7OEO_V9Z/seed_101/predictions/7OEO_V9Z_seed_101_summary_confidence_sample_0.json,posebusters_benchmark,6,results/posebench_702_predictions/protenix_gpu/posebusters_benchmark/7OEO_V9Z/full_base_c1_s20_n1/inputs/7OEO_V9Z.json,external/PoseBench/data/posebusters_benchmark_set/7OEO_V9Z/7OEO_V9Z_ligand.sdf,32.0,CNC(=O)CN(CC(c1ccccc1)c1ccccc1)C(=O)c1cc(C)c(OC)c(C)c1,111.0,A:111,protenix_base_default_v0.5.0,7OEO_V9Z,1.0,32.0,results/posebench_702_predictions/protenix_gpu/posebusters_benchmark/7OEO_V9Z/full_base_c1_s20_n1,13.07816986081723,10.0,50.0,32.0,results/posebench_702_predictions/protenix_gpu/posebusters_benchmark/7OEO_V9Z/full_base_c1_s20_n1/output/7OEO_V9Z/seed_101/predictions/7OEO_V9Z_seed_101_sample_0.cif,A:111,external/PoseBench/data/posebusters_benchmark_set/7OEO_V9Z/7OEO_V9Z_protein.pdb,0.26049354672431946,48.8344841003418,0.3012654185295105,0.2686479091644287,16.460614669299126,0.0,95.261,ok,full_base_c1_s20_n1,11.52318716035869,False,17.357292889395623,False,results/posebench_702_predictions/protenix_gpu/posebusters_benchmark/7OEO_V9Z/full_base_c1_s20_n1/run_status.json,,,,,ok
results/posebench_702_predictions/protenix_gpu/posebusters_benchmark/7OFF_VCB/full_base_c1_s20_n1/output/7OFF_VCB/seed_101/predictions/7OFF_VCB_seed_101_summary_confidence_sample_0.json,posebusters_benchmark,7,results/posebench_702_predictions/protenix_gpu/posebusters_benchmark/7OFF_VCB/full_base_c1_s20_n1/inputs/7OFF_VCB.json,external/PoseBench/data/posebusters_benchmark_set/7OFF_VCB/7OFF_VCB_ligand.sdf,27.0,O=C(N[C@@H](C(=O)O)c1ccccc1)c1cccc2c1-c1ccccc1C2=O,291.0,A:291,protenix_base_default_v0.5.0,7OFF_VCB,1.0,27.0,results/posebench_702_predictions/protenix_gpu/posebusters_benchmark/7OFF_VCB/full_base_c1_s20_n1,14.227240152203585,10.0,63.0,27.0,results/posebench_702_predictions/protenix_gpu/posebusters_benchmark/7OFF_VCB/full_base_c1_s20_n1/output/7OFF_VCB/seed_101/predictions/7OFF_VCB_seed_101_sample_0.cif,A:291,external/PoseBench/data/posebusters_benchmark_set/7OFF_VCB/7OFF_VCB_protein.pdb,0.16257412731647491,33.22990417480469,0.1559409499168396,0.16124749183654785,18.829769341651502,0.0,86.757,ok,full_base_c1_s20_n1,26.398659153295597,False,34.281971146306944,False,results/posebench_702_predictions/protenix_gpu/posebusters_benchmark/7OFF_VCB/full_base_c1_s20_n1/run_status.json,,,,,ok
results/posebench_702_predictions/protenix_gpu/posebusters_benchmark/7OFK_VCH/full_base_c1_s20_n1/output/7OFK_VCH/seed_101/predictions/7OFK_VCH_seed_101_summary_confidence_sample_0.json,posebusters_benchmark,4,results/posebench_702_predictions/protenix_gpu/posebusters_benchmark/7OFK_VCH/full_base_c1_s20_n1/inputs/7OFK_VCH.json,external/PoseBench/data/posebusters_benchmark_set/7OFK_VCH/7OFK_VCH_ligand.sdf,35.0,CC(=O)N1Cc2cc(S(C)(=O)=O)ccc2[C@@H]1C(=O)Nc1ccc(C(O)(C(F)(F)F)C(F)(F)F)cc1,252.0,A:252,protenix_base_default_v0.5.0,7OFK_VCH,2.0,35.0,results/posebench_702_predictions/protenix_gpu/posebusters_benchmark/7OFK_VCH/full_base_c1_s20_n1,17.97441768616064,10.0,88.0,35.0,results/posebench_702_predictions/protenix_gpu/posebusters_benchmark/7OFK_VCH/full_base_c1_s20_n1/output/7OFK_VCH/seed_101/predictions/7OFK_VCH_seed_101_sample_0.cif,A:252;C:12,external/PoseBench/data/posebusters_benchmark_set/7OFK_VCH/7OFK_VCH_protein.pdb,0.3155193626880646,41.82508087158203,0.2932681441307068,0.311069130897522,22.216949980011215,0.0,93.218,ok,full_base_c1_s20_n1,12.666397315001262,False,18.509878651480463,False,results/posebench_702_predictions/protenix_gpu/posebusters_benchmark/7OFK_VCH/full_base_c1_s20_n1/run_status.json,,,,,ok
results/posebench_702_predictions/protenix_gpu/posebusters_benchmark/7OKC_VFE/full_base_c1_s20_n1/output/7OKC_VFE/seed_101/predictions/7OKC_VFE_seed_101_summary_confidence_sample_0.json,posebusters_benchmark,5,results/posebench_702_predictions/protenix_gpu/posebusters_benchmark/7OKC_VFE/full_base_c1_s20_n1/inputs/7OKC_VFE.json,external/PoseBench/data/posebusters_benchmark_set/7OKC_VFE/7OKC_VFE_ligand.sdf,29.0,CNC(=O)CN(Cc1ccc(-n2cncn2)cc1)C(=O)CSc1ccccc1Cl,264.0,A:264,protenix_base_default_v0.5.0,7OKC_VFE,1.0,29.0,results/posebench_702_predictions/protenix_gpu/posebusters_benchmark/7OKC_VFE/full_base_c1_s20_n1,11.179615872144407,10.0,41.0,29.0,results/posebench_702_predictions/protenix_gpu/posebusters_benchmark/7OKC_VFE/full_base_c1_s20_n1/output/7OKC_VFE/seed_101/predictions/7OKC_VFE_seed_101_sample_0.cif,A:264,external/PoseBench/data/posebusters_benchmark_set/7OKC_VFE/7OKC_VFE_protein.pdb,0.23814842104911804,35.02350616455078,0.3016822338104248,0.2508551776409149,19.55021222135324,0.0,95.497,ok,full_base_c1_s20_n1,11.396921555995469,False,20.592511582102954,False,results/posebench_702_predictions/protenix_gpu/posebusters_benchmark/7OKC_VFE/full_base_c1_s20_n1/run_status.json,,,,,ok
results/posebench_702_predictions/protenix_gpu/posebusters_benchmark/7OKF_VH5/full_base_c1_s20_n1/output/7OKF_VH5/seed_101/predictions/7OKF_VH5_seed_101_summary_confidence_sample_0.json,posebusters_benchmark,6,results/posebench_702_predictions/protenix_gpu/posebusters_benchmark/7OKF_VH5/full_base_c1_s20_n1/inputs/7OKF_VH5.json,external/PoseBench/data/posebusters_benchmark_set/7OKF_VH5/7OKF_VH5_ligand.sdf,28.0,CN1CCN(c2cc(=O)[nH]c3ccc(Nc4ccnc(Cl)c4C#N)cc23)CC1,130.0,"A:125,B:5",protenix_base_default_v0.5.0,7OKF_VH5,2.0,28.0,results/posebench_702_predictions/protenix_gpu/posebusters_benchmark/7OKF_VH5/full_base_c1_s20_n1,7.605670382448164,10.0,31.0,28.0,results/posebench_702_predictions/protenix_gpu/posebusters_benchmark/7OKF_VH5/full_base_c1_s20_n1/output/7OKF_VH5/seed_101/predictions/7OKF_VH5_seed_101_sample_0.cif,A:125;B:6,external/PoseBench/data/posebusters_benchmark_set/7OKF_VH5/7OKF_VH5_protein.pdb,0.1988920420408249,51.16109848022461,0.3432481288909912,0.22776326537132263,18.468150160878416,0.0,89.611,ok,full_base_c1_s20_n1,9.479901888355085,False,21.09487364273773,False,results/posebench_702_predictions/protenix_gpu/posebusters_benchmark/7OKF_VH5/full_base_c1_s20_n1/run_status.json,,,,,ok
results/posebench_702_predictions/protenix_gpu/posebusters_benchmark/7OLI_8HG/full_base_c1_s20_n1/output/7OLI_8HG/seed_101/predictions/7OLI_8HG_seed_101_summary_confidence_sample_0.json,posebusters_benchmark,7,results/posebench_702_predictions/protenix_gpu/posebusters_benchmark/7OLI_8HG/full_base_c1_s20_n1/inputs/7OLI_8HG.json,external/PoseBench/data/posebusters_benchmark_set/7OLI_8HG/7OLI_8HG_ligand.sdf,20.0,Nc1nc2c([nH]c(=O)n2[C@H]2C[C@H](O)[C@@H](CO)O2)c(=O)[nH]1,484.0,"A:242,B:242",protenix_base_default_v0.5.0,7OLI_8HG,2.0,20.0,results/posebench_702_predictions/protenix_gpu/posebusters_benchmark/7OLI_8HG/full_base_c1_s20_n1,12.640748511750491,10.0,71.0,20.0,results/posebench_702_predictions/protenix_gpu/posebusters_benchmark/7OLI_8HG/full_base_c1_s20_n1/output/7OLI_8HG/seed_101/predictions/7OLI_8HG_seed_101_sample_0.cif,A:242;B:242,external/PoseBench/data/posebusters_benchmark_set/7OLI_8HG/7OLI_8HG_protein.pdb,0.12097782641649246,40.66620635986328,0.2487630546092987,0.14653487503528595,21.27628509945194,0.0,96.876,ok,full_base_c1_s20_n1,19.46694575192379,False,24.901385325147103,False,results/posebench_702_predictions/protenix_gpu/posebusters_benchmark/7OLI_8HG/full_base_c1_s20_n1/run_status.json,,,,,ok
results/posebench_702_predictions/protenix_gpu/posebusters_benchmark/7OLT_58J/full_base_c1_s20_n1/output/7OLT_58J/seed_101/predictions/7OLT_58J_seed_101_summary_confidence_sample_0.json,posebusters_benchmark,4,results/posebench_702_predictions/protenix_gpu/posebusters_benchmark/7OLT_58J/full_base_c1_s20_n1/inputs/7OLT_58J.json,external/PoseBench/data/posebusters_benchmark_set/7OLT_58J/7OLT_58J_ligand.sdf,23.0,COc1ccc(/C=C2/C(=O)Nc3ccccc3C(=O)N2C)cc1,288.0,A:288,protenix_base_default_v0.5.0,7OLT_58J,1.0,23.0,results/posebench_702_predictions/protenix_gpu/posebusters_benchmark/7OLT_58J/full_base_c1_s20_n1,15.717428291755905,10.0,63.0,23.0,results/posebench_702_predictions/protenix_gpu/posebusters_benchmark/7OLT_58J/full_base_c1_s20_n1/output/7OLT_58J/seed_101/predictions/7OLT_58J_seed_101_sample_0.cif,A:288,external/PoseBench/data/posebusters_benchmark_set/7OLT_58J/7OLT_58J_protein.pdb,0.2951032817363739,32.450008392333984,0.19215473532676697,0.2745135724544525,21.348611240845134,0.0,94.817,ok,full_base_c1_s20_n1,9.675237886499048,False,9.720891636444755,False,results/posebench_702_predictions/protenix_gpu/posebusters_benchmark/7OLT_58J/full_base_c1_s20_n1/run_status.json,,,,,ok
results/posebench_702_predictions/protenix_gpu/posebusters_benchmark/7OMJ_GCP/full_base_c1_s20_n1/output/7OMJ_GCP/seed_101/predictions/7OMJ_GCP_seed_101_summary_confidence_sample_0.json,posebusters_benchmark,5,results/posebench_702_predictions/protenix_gpu/posebusters_benchmark/7OMJ_GCP/full_base_c1_s20_n1/inputs/7OMJ_GCP.json,external/PoseBench/data/posebusters_benchmark_set/7OMJ_GCP/7OMJ_GCP_ligand.sdf,32.0,Nc1nc2c(ncn2[C@@H]2O[C@H](CO[P@](=O)(O)O[P@](=O)(O)CP(=O)(O)O)[C@@H](O)[C@H]2O)c(=O)[nH]1,308.0,A:308,protenix_base_default_v0.5.0,7OMJ_GCP,1.0,32.0,results/posebench_702_predictions/protenix_gpu/posebusters_benchmark/7OMJ_GCP/full_base_c1_s20_n1,7.523949611818226,10.0,84.0,32.0,results/posebench_702_predictions/protenix_gpu/posebusters_benchmark/7OMJ_GCP/full_base_c1_s20_n1/output/7OMJ_GCP/seed_101/predictions/7OMJ_GCP_seed_101_sample_0.cif,A:308,external/PoseBench/data/posebusters_benchmark_set/7OMJ_GCP/7OMJ_GCP_protein.pdb,0.4071681499481201,39.51832962036133,0.37170302867889404,0.40007513761520386,14.039522265862702,0.0,80.396,ok,full_base_c1_s20_n1,11.603681177038311,False,12.285716126351522,False,results/posebench_702_predictions/protenix_gpu/posebusters_benchmark/7OMJ_GCP/full_base_c1_s20_n1/run_status.json,,,,,ok
results/posebench_702_predictions/protenix_gpu/posebusters_benchmark/7OMX_CNA/full_base_c1_s20_n1/output/7OMX_CNA/seed_101/predictions/7OMX_CNA_seed_101_summary_confidence_sample_0.json,posebusters_benchmark,6,results/posebench_702_predictions/protenix_gpu/posebusters_benchmark/7OMX_CNA/full_base_c1_s20_n1/inputs/7OMX_CNA.json,external/PoseBench/data/posebusters_benchmark_set/7OMX_CNA/7OMX_CNA_ligand.sdf,44.0,NC(=O)c1ccc[n+]([C@@H]2C[C@H](CO[P@](=O)(O)O[P@](=O)(O)OC[C@H]3O[C@@H](n4cnc5c(N)ncnc54)[C@H](O)[C@@H]3O)[C@@H](O)[C@H]2O)c1,196.0,A:196,protenix_base_default_v0.5.0,7OMX_CNA,1.0,44.0,results/posebench_702_predictions/protenix_gpu/posebusters_benchmark/7OMX_CNA/full_base_c1_s20_n1,15.496590797770356,10.0,83.0,44.0,results/posebench_702_predictions/protenix_gpu/posebusters_benchmark/7OMX_CNA/full_base_c1_s20_n1/output/7OMX_CNA/seed_101/predictions/7OMX_CNA_seed_101_sample_0.cif,A:196,external/PoseBench/data/posebusters_benchmark_set/7OMX_CNA/7OMX_CNA_protein.pdb,0.12524181604385376,37.00909423828125,0.21325960755348206,0.14284537732601166,15.77417914635307,0.0,94.619,ok,full_base_c1_s20_n1,14.593956285338447,False,13.81579590050964,False,results/posebench_702_predictions/protenix_gpu/posebusters_benchmark/7OMX_CNA/full_base_c1_s20_n1/run_status.json,,,,,ok
,posebusters_benchmark,4,results/posebench_702_predictions/protenix_gpu/posebusters_benchmark/7OP9_06K/full_base_c1_s20_n1/inputs/7OP9_06K.json,external/PoseBench/data/posebusters_benchmark_set/7OP9_06K/7OP9_06K_ligand.sdf,11.0,Clc1nc(Cl)c2[nH]cnc2n1,,,protenix_base_default_v0.5.0,7OP9_06K,12.0,,results/posebench_702_predictions/protenix_gpu/posebusters_benchmark/7OP9_06K/full_base_c1_s20_n1,,,,,,A:232;B:232;C:232;D:232;E:232;F:232;G:232;H:232;I:232;J:232;K:232;L:232,external/PoseBench/data/posebusters_benchmark_set/7OP9_06K/7OP9_06K_protein.pdb,,,,,,0.0,80.852,failed_no_prediction_cif,full_base_c1_s20_n1,,,,,results/posebench_702_predictions/protenix_gpu/posebusters_benchmark/7OP9_06K/full_base_c1_s20_n1/run_status.json,"1, global rank: 0, local rank: 0
2026-06-11 19:41:53,219 [<REMOTE_PROJECT_ROOT>/envs/protenix/lib/python3.10/site-packages/runner/inference.py:67] INFO root: LOCAL_RANK: 0 - CUDA_VISIBLE_DEVICES: [4]
2026-06-11 19:41:53,219 [<REMOTE_PROJECT_ROOT>/envs/protenix/lib/python3.10/site-packages/runner/inference.py:91] INFO root: Finished init ENV.
2026-06-11 19:42:47,042 [<REMOTE_PROJECT_ROOT>/envs/protenix/lib/python3.10/site-packages/runner/inference.py:163] INFO runner.inference: Loading from <REMOTE_PROJECT_ROOT>/envs/protenix/lib/python3.10/site-packages/./release_data/checkpoint//protenix_base_default_v0.5.0.pt, strict: True
2026-06-11 19:42:47,880 [<REMOTE_PROJECT_ROOT>/envs/protenix/lib/python3.10/site-packages/runner/inference.py:163] INFO runner.inference: Sampled key: module.input_embedder.atom_attention_encoder.linear_no_bias_ref_pos.weight
2026-06-11 19:42:47,968 [<REMOTE_PROJECT_ROOT>/envs/protenix/lib/python3.10/site-packages/runner/inference.py:163] INFO runner.inference: Finish loading checkpoint.

  0%|          | 0/1 [00:00<?, ?it/s]2026-06-11 19:42:47,974 [<REMOTE_PROJECT_ROOT>/envs/protenix/lib/python3.10/site-packages/runner/msa_search.py:109] WARNING runner.msa_search: the inference json file <REMOTE_PROJECT_ROOT>/results/posebench_702_predictions/protenix_gpu/posebusters_benchmark/7OP9_06K/full_base_c1_s20_n1/inputs/7OP9_06K.json 
do not contain msa and will not be updated,
and you set not using msa, in this mode, 
if you do not use esm feature, model performance might degrade significantly
2026-06-11 19:42:47,974 [<REMOTE_PROJECT_ROOT>/envs/protenix/lib/python3.10/site-packages/runner/inference.py:279] INFO runner.inference: Loading data from
<REMOTE_PROJECT_ROOT>/results/posebench_702_predictions/protenix_gpu/posebusters_benchmark/7OP9_06K/full_base_c1_s20_n1/inputs/7OP9_06K.json
2026-06-11 19:42:48,773 [<REMOTE_PROJECT_ROOT>/envs/protenix/lib/python3.10/site-packages/protenix/data/infer_data_pipeline.py:246] INFO protenix.data.infer_data_pipeline: Featurizing 7OP9_06K...
2026-06-11 19:42:57,652 [<REMOTE_PROJECT_ROOT>/envs/protenix/lib/python3.10/site-packages/protenix/data/constraint_featurizer.py:381] INFO protenix.data.constraint_featurizer: Loaded constraint feature: #atom contact:0 #contact:0 #pocket:0
2026-06-11 19:43:05,548 [<REMOTE_PROJECT_ROOT>/envs/protenix/lib/python3.10/site-packages/runner/inference.py:303] INFO runner.inference: [Rank 0 (1/1)] 7OP9_06K: N_asym 13, N_token 2795, N_atom 21575, N_msa 1
2026-06-11 19:43:07,229 [<REMOTE_PROJECT_ROOT>/envs/protenix/lib/python3.10/site-packages/runner/inference.py:329] INFO runner.inference: [Rank 0]7OP9_06K CUDA out of memory. Tried to allocate 8.09 GiB. GPU :
Traceback (most recent call last):
  File ""<REMOTE_PROJECT_ROOT>/envs/protenix/lib/python3.10/site-packages/runner/inference.py"", line 312, in infer_predict
    prediction = runner.predict(data)
  File ""<REMOTE_PROJECT_ROOT>/envs/protenix/lib/python3.10/site-packages/torch/utils/_contextlib.py"", line 115, in decorate_context
    return func(*args, **kwargs)
  File ""<REMOTE_PROJECT_ROOT>/envs/protenix/lib/python3.10/site-packages/runner/inference.py"", line 152, in predict
    prediction, _, _ = self.model(
  File ""<REMOTE_PROJECT_ROOT>/envs/protenix/lib/python3.10/site-packages/torch/nn/modules/module.py"", line 1532, in _wrapped_call_impl
    return self._call_impl(*args, **kwargs)
  File ""<REMOTE_PROJECT_ROOT>/envs/protenix/lib/python3.10/site-packages/torch/nn/modules/module.py"", line 1541, in _call_impl
    return forward_call(*args, **kwargs)
  File ""<REMOTE_PROJECT_ROOT>/envs/protenix/lib/python3.10/site-packages/protenix/model/protenix.py"", line 722, in forward
    pred_dict, log_dict, time_tracker = self.main_inference_loop(
  File ""<REMOTE_PROJECT_ROOT>/envs/protenix/lib/python3.10/site-packages/protenix/model/protenix.py"", line 338, in main_inference_loop
    pred_dict, log_dict, time_tracker = self._main_inference_loop(
  File ""<REMOTE_PROJECT_ROOT>/envs/protenix/lib/python3.10/site-packages/protenix/model/protenix.py"", line 399, in _main_inference_loop
    s_inputs, s, z = self.get_pairformer_output(
  File ""<REMOTE_PROJECT_ROOT>/envs/protenix/lib/python3.10/site-packages/protenix/model/protenix.py"", line 175, in get_pairformer_output
    z_init += self.relative_position_encoding(input_feature_dict)
  File ""<REMOTE_PROJECT_ROOT>/envs/protenix/lib/python3.10/site-packages/torch/nn/modules/module.py"", line 1532, in _wrapped_call_impl
    return self._call_impl(*args, **kwargs)
  File ""<REMOTE_PROJECT_ROOT>/envs/protenix/lib/python3.10/site-packages/torch/nn/modules/module.py"", line 1541, in _call_impl
    return forward_call(*args, **kwargs)
  File ""<REMOTE_PROJECT_ROOT>/envs/protenix/lib/python3.10/site-packages/protenix/model/modules/embedders.py"", line 218, in forward
    data = torch.cat(
torch.cuda.OutOfMemoryError: CUDA out of memory. Tried to allocate 8.09 GiB. GPU 


100%|██████████| 1/1 [00:19<00:00, 19.53s/it]
100%|██████████| 1/1 [00:19<00:00, 19.53s/it]
","Try to find the ccd cache data in the code directory for inference.
[2026-06-11 19:41:51,721] [INFO] [real_accelerator.py:219:get_accelerator] Setting ds_accelerator to cuda (auto detect)
train scheduler 16.0
inference scheduler 16.0
Diffusion Module has 16.0
",,,gpu_oom
results/posebench_702_predictions/protenix_gpu/posebusters_benchmark/7OPG_06N/full_base_c1_s20_n1/output/7OPG_06N/seed_101/predictions/7OPG_06N_seed_101_summary_confidence_sample_0.json,posebusters_benchmark,4,results/posebench_702_predictions/protenix_gpu/posebusters_benchmark/7OPG_06N/full_base_c1_s20_n1/inputs/7OPG_06N.json,external/PoseBench/data/posebusters_benchmark_set/7OPG_06N/7OPG_06N_ligand.sdf,19.0,CCCNc1nn2c(-c3ccc(O)cc3)cnc2s1,1012.0,"A:337,B:338,C:337",protenix_base_default_v0.5.0,7OPG_06N,3.0,19.0,results/posebench_702_predictions/protenix_gpu/posebusters_benchmark/7OPG_06N/full_base_c1_s20_n1,13.288327475090966,10.0,65.0,19.0,results/posebench_702_predictions/protenix_gpu/posebusters_benchmark/7OPG_06N/full_base_c1_s20_n1/output/7OPG_06N/seed_101/predictions/7OPG_06N_seed_101_sample_0.cif,A:337;B:338;C:337,external/PoseBench/data/posebusters_benchmark_set/7OPG_06N/7OPG_06N_protein.pdb,0.15423718094825745,32.502593994140625,0.20113323628902435,0.1636163890361786,29.04554836008782,0.0,104.15,ok,full_base_c1_s20_n1,14.901616142580277,False,23.703294691507928,False,results/posebench_702_predictions/protenix_gpu/posebusters_benchmark/7OPG_06N/full_base_c1_s20_n1/run_status.json,,,,,ok
results/posebench_702_predictions/protenix_gpu/posebusters_benchmark/7ORW_7WA/full_base_c1_s20_n1/output/7ORW_7WA/seed_101/predictions/7ORW_7WA_seed_101_summary_confidence_sample_0.json,posebusters_benchmark,5,results/posebench_702_predictions/protenix_gpu/posebusters_benchmark/7ORW_7WA/full_base_c1_s20_n1/inputs/7ORW_7WA.json,external/PoseBench/data/posebusters_benchmark_set/7ORW_7WA/7ORW_7WA_ligand.sdf,10.0,Nc1cccc2[nH]cnc12,124.0,A:124,protenix_base_default_v0.5.0,7ORW_7WA,1.0,10.0,results/posebench_702_predictions/protenix_gpu/posebusters_benchmark/7ORW_7WA/full_base_c1_s20_n1,9.506352593798562,10.0,22.0,10.0,results/posebench_702_predictions/protenix_gpu/posebusters_benchmark/7ORW_7WA/full_base_c1_s20_n1/output/7ORW_7WA/seed_101/predictions/7ORW_7WA_seed_101_sample_0.cif,A:124,external/PoseBench/data/posebusters_benchmark_set/7ORW_7WA/7ORW_7WA_protein.pdb,0.17271080613136292,38.254783630371094,0.2577866017818451,0.18972596526145935,13.377065356470332,0.0,71.741,ok,full_base_c1_s20_n1,9.97557095289589,False,19.713530608364046,False,results/posebench_702_predictions/protenix_gpu/posebusters_benchmark/7ORW_7WA/full_base_c1_s20_n1/run_status.json,,,,,ok
results/posebench_702_predictions/protenix_gpu/posebusters_benchmark/7OSO_0V1/full_base_c1_s20_n1/output/7OSO_0V1/seed_101/predictions/7OSO_0V1_seed_101_summary_confidence_sample_0.json,posebusters_benchmark,6,results/posebench_702_predictions/protenix_gpu/posebusters_benchmark/7OSO_0V1/full_base_c1_s20_n1/inputs/7OSO_0V1.json,external/PoseBench/data/posebusters_benchmark_set/7OSO_0V1/7OSO_0V1_ligand.sdf,7.0,OCC[C@H](O)CO,412.0,A:412,protenix_base_default_v0.5.0,7OSO_0V1,1.0,7.0,results/posebench_702_predictions/protenix_gpu/posebusters_benchmark/7OSO_0V1/full_base_c1_s20_n1,13.315210454768266,10.0,49.0,7.0,results/posebench_702_predictions/protenix_gpu/posebusters_benchmark/7OSO_0V1/full_base_c1_s20_n1/output/7OSO_0V1/seed_101/predictions/7OSO_0V1_seed_101_sample_0.cif,A:412,external/PoseBench/data/posebusters_benchmark_set/7OSO_0V1/7OSO_0V1_protein.pdb,0.4556444585323334,34.20436096191406,0.2847133278846741,0.42145824432373047,23.800359826532237,0.0,73.934,ok,full_base_c1_s20_n1,9.689190945920101,False,9.02517252886692,False,results/posebench_702_predictions/protenix_gpu/posebusters_benchmark/7OSO_0V1/full_base_c1_s20_n1/run_status.json,,,,,ok
results/posebench_702_predictions/protenix_gpu/posebusters_benchmark/7OU8_1XI/full_base_c1_s20_n1/output/7OU8_1XI/seed_101/predictions/7OU8_1XI_seed_101_summary_confidence_sample_0.json,posebusters_benchmark,7,results/posebench_702_predictions/protenix_gpu/posebusters_benchmark/7OU8_1XI/full_base_c1_s20_n1/inputs/7OU8_1XI.json,external/PoseBench/data/posebusters_benchmark_set/7OU8_1XI/7OU8_1XI_ligand.sdf,23.0,CC(=O)N[C@H]1CN2/C(=N/Cc3ccccc3)SC[C@@H]2[C@@H](O)[C@@H]1O,1422.0,"A:714,B:708",protenix_base_default_v0.5.0,7OU8_1XI,2.0,23.0,results/posebench_702_predictions/protenix_gpu/posebusters_benchmark/7OU8_1XI/full_base_c1_s20_n1,11.115478918571682,10.0,64.0,23.0,results/posebench_702_predictions/protenix_gpu/posebusters_benchmark/7OU8_1XI/full_base_c1_s20_n1/output/7OU8_1XI/seed_101/predictions/7OU8_1XI_seed_101_sample_0.cif,A:714;B:708,external/PoseBench/data/posebusters_benchmark_set/7OU8_1XI/7OU8_1XI_protein.pdb,0.17064045369625092,33.82353591918945,0.22090448439121246,-99.81930541992188,28.438596456596468,0.0,122.103,ok,full_base_c1_s20_n1,29.548047295793808,False,47.53404857671596,False,results/posebench_702_predictions/protenix_gpu/posebusters_benchmark/7OU8_1XI/full_base_c1_s20_n1/run_status.json,,,,,ok
results/posebench_702_predictions/protenix_gpu/posebusters_benchmark/7OZ9_NGK/full_base_c1_s20_n1/output/7OZ9_NGK/seed_101/predictions/7OZ9_NGK_seed_101_summary_confidence_sample_0.json,posebusters_benchmark,4,results/posebench_702_predictions/protenix_gpu/posebusters_benchmark/7OZ9_NGK/full_base_c1_s20_n1/inputs/7OZ9_NGK.json,external/PoseBench/data/posebusters_benchmark_set/7OZ9_NGK/7OZ9_NGK_ligand.sdf,19.0,CC(=O)N[C@@H]1[C@@H](O)[C@@H](OS(=O)(=O)O)[C@@H](CO)O[C@@H]1O,965.0,"A:482,B:483",protenix_base_default_v0.5.0,7OZ9_NGK,2.0,19.0,results/posebench_702_predictions/protenix_gpu/posebusters_benchmark/7OZ9_NGK/full_base_c1_s20_n1,15.829899276188604,10.0,63.0,19.0,results/posebench_702_predictions/protenix_gpu/posebusters_benchmark/7OZ9_NGK/full_base_c1_s20_n1/output/7OZ9_NGK/seed_101/predictions/7OZ9_NGK_seed_101_sample_0.cif,A:482;B:483,external/PoseBench/data/posebusters_benchmark_set/7OZ9_NGK/7OZ9_NGK_protein.pdb,0.1430552452802658,30.864444732666016,0.18252229690551758,0.1509486585855484,30.337343441269166,0.0,89.777,ok,full_base_c1_s20_n1,12.631484809460403,False,41.55634538014597,False,results/posebench_702_predictions/protenix_gpu/posebusters_benchmark/7OZ9_NGK/full_base_c1_s20_n1/run_status.json,,,,,ok
results/posebench_702_predictions/protenix_gpu/posebusters_benchmark/7OZC_G6S/full_base_c1_s20_n1/output/7OZC_G6S/seed_101/predictions/7OZC_G6S_seed_101_summary_confidence_sample_0.json,posebusters_benchmark,5,results/posebench_702_predictions/protenix_gpu/posebusters_benchmark/7OZC_G6S/full_base_c1_s20_n1/inputs/7OZC_G6S.json,external/PoseBench/data/posebusters_benchmark_set/7OZC_G6S/7OZC_G6S_ligand.sdf,16.0,O=S(=O)(O)OC[C@H]1O[C@@H](O)[C@H](O)[C@@H](O)[C@H]1O,485.0,A:485,protenix_base_default_v0.5.0,7OZC_G6S,1.0,16.0,results/posebench_702_predictions/protenix_gpu/posebusters_benchmark/7OZC_G6S/full_base_c1_s20_n1,14.153992809025345,10.0,74.0,16.0,results/posebench_702_predictions/protenix_gpu/posebusters_benchmark/7OZC_G6S/full_base_c1_s20_n1/output/7OZC_G6S/seed_101/predictions/7OZC_G6S_seed_101_sample_0.cif,A:485,external/PoseBench/data/posebusters_benchmark_set/7OZC_G6S/7OZC_G6S_protein.pdb,0.21902692317962646,29.27907943725586,0.2243501991033554,0.2200915813446045,17.463248457404937,0.0,75.608,ok,full_base_c1_s20_n1,16.535057730793508,False,12.059894525176244,False,results/posebench_702_predictions/protenix_gpu/posebusters_benchmark/7OZC_G6S/full_base_c1_s20_n1/run_status.json,,,,,ok
results/posebench_702_predictions/protenix_gpu/posebusters_benchmark/7P1F_KFN/full_base_c1_s20_n1/output/7P1F_KFN/seed_101/predictions/7P1F_KFN_seed_101_summary_confidence_sample_0.json,posebusters_benchmark,6,results/posebench_702_predictions/protenix_gpu/posebusters_benchmark/7P1F_KFN/full_base_c1_s20_n1/inputs/7P1F_KFN.json,external/PoseBench/data/posebusters_benchmark_set/7P1F_KFN/7P1F_KFN_ligand.sdf,17.0,O=C(O)C1=C[C@H](O)[C@@H](O)[C@H]([C@H](O)[C@H](O)CO)O1,766.0,"B:383,A:383",protenix_base_default_v0.5.0,7P1F_KFN,2.0,17.0,results/posebench_702_predictions/protenix_gpu/posebusters_benchmark/7P1F_KFN/full_base_c1_s20_n1,9.93424708814248,10.0,58.0,17.0,results/posebench_702_predictions/protenix_gpu/posebusters_benchmark/7P1F_KFN/full_base_c1_s20_n1/output/7P1F_KFN/seed_101/predictions/7P1F_KFN_seed_101_sample_0.cif,B:383;A:384,external/PoseBench/data/posebusters_benchmark_set/7P1F_KFN/7P1F_KFN_protein.pdb,0.12420037388801575,31.029172897338867,0.15542341768741608,0.1304449886083603,23.37332561104432,0.0,77.634,ok,full_base_c1_s20_n1,6.747403318614721,False,30.380506538373453,False,results/posebench_702_predictions/protenix_gpu/posebusters_benchmark/7P1F_KFN/full_base_c1_s20_n1/run_status.json,,,,,ok
results/posebench_702_predictions/protenix_gpu/posebusters_benchmark/7P1M_4IU/full_base_c1_s20_n1/output/7P1M_4IU/seed_101/predictions/7P1M_4IU_seed_101_summary_confidence_sample_0.json,posebusters_benchmark,7,results/posebench_702_predictions/protenix_gpu/posebusters_benchmark/7P1M_4IU/full_base_c1_s20_n1/inputs/7P1M_4IU.json,external/PoseBench/data/posebusters_benchmark_set/7P1M_4IU/7P1M_4IU_ligand.sdf,24.0,Cn1c(CO[C@@H]2C=CO[C@H](CO)[C@@H]2O)nc2ccc(C(=O)O)cc21,299.0,"A:150,B:149",protenix_base_default_v0.5.0,7P1M_4IU,2.0,24.0,results/posebench_702_predictions/protenix_gpu/posebusters_benchmark/7P1M_4IU/full_base_c1_s20_n1,11.305727126928124,10.0,45.0,24.0,results/posebench_702_predictions/protenix_gpu/posebusters_benchmark/7P1M_4IU/full_base_c1_s20_n1/output/7P1M_4IU/seed_101/predictions/7P1M_4IU_seed_101_sample_0.cif,A:150;B:149,external/PoseBench/data/posebusters_benchmark_set/7P1M_4IU/7P1M_4IU_protein.pdb,0.10201387852430344,32.84663391113281,0.19603008031845093,0.12081712484359741,17.534597168386366,0.0,68.842,ok,full_base_c1_s20_n1,13.504029086070982,False,20.715374443948576,False,results/posebench_702_predictions/protenix_gpu/posebusters_benchmark/7P1M_4IU/full_base_c1_s20_n1/run_status.json,,,,,ok
results/posebench_702_predictions/protenix_gpu/posebusters_benchmark/7P2I_MFU/full_base_c1_s20_n1/output/7P2I_MFU/seed_101/predictions/7P2I_MFU_seed_101_summary_confidence_sample_0.json,posebusters_benchmark,4,results/posebench_702_predictions/protenix_gpu/posebusters_benchmark/7P2I_MFU/full_base_c1_s20_n1/inputs/7P2I_MFU.json,external/PoseBench/data/posebusters_benchmark_set/7P2I_MFU/7P2I_MFU_ligand.sdf,12.0,CO[C@@H]1O[C@@H](C)[C@@H](O)[C@@H](O)[C@@H]1O,261.0,"A:88,B:86,C:87",protenix_base_default_v0.5.0,7P2I_MFU,3.0,12.0,results/posebench_702_predictions/protenix_gpu/posebusters_benchmark/7P2I_MFU/full_base_c1_s20_n1,8.060323841770268,10.0,42.0,12.0,results/posebench_702_predictions/protenix_gpu/posebusters_benchmark/7P2I_MFU/full_base_c1_s20_n1/output/7P2I_MFU/seed_101/predictions/7P2I_MFU_seed_101_sample_0.cif,A:88;B:87;C:87,external/PoseBench/data/posebusters_benchmark_set/7P2I_MFU/7P2I_MFU_protein.pdb,0.1575089693069458,41.6644401550293,0.2801896333694458,0.182045117020607,20.228878366323734,0.0,76.658,ok,full_base_c1_s20_n1,19.57091109646034,False,26.478962604727748,False,results/posebench_702_predictions/protenix_gpu/posebusters_benchmark/7P2I_MFU/full_base_c1_s20_n1/run_status.json,,,,,ok
results/posebench_702_predictions/protenix_gpu/posebusters_benchmark/7P2W_4QR/full_base_c1_s20_n1/output/7P2W_4QR/seed_101/predictions/7P2W_4QR_seed_101_summary_confidence_sample_0.json,posebusters_benchmark,5,results/posebench_702_predictions/protenix_gpu/posebusters_benchmark/7P2W_4QR/full_base_c1_s20_n1/inputs/7P2W_4QR.json,external/PoseBench/data/posebusters_benchmark_set/7P2W_4QR/7P2W_4QR_ligand.sdf,34.0,Cc1[nH]c(C(=O)Nc2nc3c(OCc4cccc(C(=O)O)c4)cc(C(=O)O)cc3s2)c(Cl)c1Cl,204.0,A:204,protenix_base_default_v0.5.0,7P2W_4QR,1.0,34.0,results/posebench_702_predictions/protenix_gpu/posebusters_benchmark/7P2W_4QR/full_base_c1_s20_n1,12.562212669367076,10.0,74.0,34.0,results/posebench_702_predictions/protenix_gpu/posebusters_benchmark/7P2W_4QR/full_base_c1_s20_n1/output/7P2W_4QR/seed_101/predictions/7P2W_4QR_seed_101_sample_0.cif,A:204,external/PoseBench/data/posebusters_benchmark_set/7P2W_4QR/7P2W_4QR_protein.pdb,0.24093173444271088,39.836212158203125,0.2918426990509033,0.2511139214038849,14.324602262203584,0.0,83.713,ok,full_base_c1_s20_n1,20.911577637576222,False,22.782850266742663,False,results/posebench_702_predictions/protenix_gpu/posebusters_benchmark/7P2W_4QR/full_base_c1_s20_n1/run_status.json,,,,,ok
results/posebench_702_predictions/protenix_gpu/posebusters_benchmark/7P4C_5OV/full_base_c1_s20_n1/output/7P4C_5OV/seed_101/predictions/7P4C_5OV_seed_101_summary_confidence_sample_0.json,posebusters_benchmark,6,results/posebench_702_predictions/protenix_gpu/posebusters_benchmark/7P4C_5OV/full_base_c1_s20_n1/inputs/7P4C_5OV.json,external/PoseBench/data/posebusters_benchmark_set/7P4C_5OV/7P4C_5OV_ligand.sdf,16.0,O=S1(=O)N[C@@H]2[C@H](O)[C@@H](O)[C@H](O)[C@@H](CO)[C@@H]2O1,780.0,A:780,protenix_base_default_v0.5.0,7P4C_5OV,1.0,16.0,results/posebench_702_predictions/protenix_gpu/posebusters_benchmark/7P4C_5OV/full_base_c1_s20_n1,13.93232142899652,10.0,64.0,16.0,results/posebench_702_predictions/protenix_gpu/posebusters_benchmark/7P4C_5OV/full_base_c1_s20_n1/output/7P4C_5OV/seed_101/predictions/7P4C_5OV_seed_101_sample_0.cif,A:780,external/PoseBench/data/posebusters_benchmark_set/7P4C_5OV/7P4C_5OV_protein.pdb,0.23017939925193787,30.048534393310547,0.17428380250930786,0.21900029480457306,23.00916841687041,0.0,94.054,ok,full_base_c1_s20_n1,17.42599549612734,False,29.273635993487254,False,results/posebench_702_predictions/protenix_gpu/posebusters_benchmark/7P4C_5OV/full_base_c1_s20_n1/run_status.json,,,,,ok
results/posebench_702_predictions/protenix_gpu/posebusters_benchmark/7P4J_5JK/full_base_c1_s20_n1/output/7P4J_5JK/seed_101/predictions/7P4J_5JK_seed_101_summary_confidence_sample_0.json,posebusters_benchmark,7,results/posebench_702_predictions/protenix_gpu/posebusters_benchmark/7P4J_5JK/full_base_c1_s20_n1/inputs/7P4J_5JK.json,external/PoseBench/data/posebusters_benchmark_set/7P4J_5JK/7P4J_5JK_ligand.sdf,29.0,CC(C)CCC[C@@H](C)[C@H]1CC[C@H]2[C@@H]3[C@H](O)C=C4C[C@@H](O)CC[C@]4(C)[C@H]3CC[C@]12C,770.0,A:770,protenix_base_default_v0.5.0,7P4J_5JK,1.0,29.0,results/posebench_702_predictions/protenix_gpu/posebusters_benchmark/7P4J_5JK/full_base_c1_s20_n1,12.695761712729787,10.0,58.0,29.0,results/posebench_702_predictions/protenix_gpu/posebusters_benchmark/7P4J_5JK/full_base_c1_s20_n1/output/7P4J_5JK/seed_101/predictions/7P4J_5JK_seed_101_sample_0.cif,A:770,external/PoseBench/data/posebusters_benchmark_set/7P4J_5JK/7P4J_5JK_protein.pdb,0.2739512026309967,31.2563533782959,0.18250149488449097,0.2556612491607666,27.62464170708162,0.0,95.024,ok,full_base_c1_s20_n1,11.933821920677424,False,25.647249552178803,False,results/posebench_702_predictions/protenix_gpu/posebusters_benchmark/7P4J_5JK/full_base_c1_s20_n1/run_status.json,,,,,ok
results/posebench_702_predictions/protenix_gpu/posebusters_benchmark/7P4V_DAT/full_base_c1_s20_n1/output/7P4V_DAT/seed_101/predictions/7P4V_DAT_seed_101_summary_confidence_sample_0.json,posebusters_benchmark,4,results/posebench_702_predictions/protenix_gpu/posebusters_benchmark/7P4V_DAT/full_base_c1_s20_n1/inputs/7P4V_DAT.json,external/PoseBench/data/posebusters_benchmark_set/7P4V_DAT/7P4V_DAT_ligand.sdf,26.0,Nc1ncnc2c1ncn2[C@H]1C[C@H](O)[C@@H](CO[P@](=O)(O)OP(=O)(O)O)O1,113.0,A:113,protenix_base_default_v0.5.0,7P4V_DAT,1.0,26.0,results/posebench_702_predictions/protenix_gpu/posebusters_benchmark/7P4V_DAT/full_base_c1_s20_n1,9.782159000521165,10.0,35.0,26.0,results/posebench_702_predictions/protenix_gpu/posebusters_benchmark/7P4V_DAT/full_base_c1_s20_n1/output/7P4V_DAT/seed_101/predictions/7P4V_DAT_seed_101_sample_0.cif,A:113,external/PoseBench/data/posebusters_benchmark_set/7P4V_DAT/7P4V_DAT_protein.pdb,0.2182101309299469,49.229915618896484,0.40952014923095703,0.2564721405506134,15.53196504578024,0.0,68.964,ok,full_base_c1_s20_n1,12.946056316177314,False,24.54104632618219,False,results/posebench_702_predictions/protenix_gpu/posebusters_benchmark/7P4V_DAT/full_base_c1_s20_n1/run_status.json,,,,,ok
results/posebench_702_predictions/protenix_gpu/posebusters_benchmark/7P5T_5YG/full_base_c1_s20_n1/output/7P5T_5YG/seed_101/predictions/7P5T_5YG_seed_101_summary_confidence_sample_0.json,posebusters_benchmark,5,results/posebench_702_predictions/protenix_gpu/posebusters_benchmark/7P5T_5YG/full_base_c1_s20_n1/inputs/7P5T_5YG.json,external/PoseBench/data/posebusters_benchmark_set/7P5T_5YG/7P5T_5YG_ligand.sdf,23.0,COc1ccc(CNc2ccc(Cc3ccncc3)cc2)cc1,396.0,A:396,protenix_base_default_v0.5.0,7P5T_5YG,1.0,23.0,results/posebench_702_predictions/protenix_gpu/posebusters_benchmark/7P5T_5YG/full_base_c1_s20_n1,13.18147272285374,10.0,79.0,23.0,results/posebench_702_predictions/protenix_gpu/posebusters_benchmark/7P5T_5YG/full_base_c1_s20_n1/output/7P5T_5YG/seed_101/predictions/7P5T_5YG_seed_101_sample_0.cif,A:396,external/PoseBench/data/posebusters_benchmark_set/7P5T_5YG/7P5T_5YG_protein.pdb,0.2748127281665802,35.48640823364258,0.20490358769893646,0.26083090901374817,19.167260250012053,0.0,73.135,ok,full_base_c1_s20_n1,9.406396973033955,False,13.01762827035755,False,results/posebench_702_predictions/protenix_gpu/posebusters_benchmark/7P5T_5YG/full_base_c1_s20_n1/run_status.json,,,,,ok
results/posebench_702_predictions/protenix_gpu/posebusters_benchmark/7P85_5ZG/full_base_c1_s20_n1/output/7P85_5ZG/seed_101/predictions/7P85_5ZG_seed_101_summary_confidence_sample_0.json,posebusters_benchmark,6,results/posebench_702_predictions/protenix_gpu/posebusters_benchmark/7P85_5ZG/full_base_c1_s20_n1/inputs/7P85_5ZG.json,external/PoseBench/data/posebusters_benchmark_set/7P85_5ZG/7P85_5ZG_ligand.sdf,14.0,CCO[P@](=O)(O)Cc1ccc(C)cc1,335.0,A:335,protenix_base_default_v0.5.0,7P85_5ZG,1.0,14.0,results/posebench_702_predictions/protenix_gpu/posebusters_benchmark/7P85_5ZG/full_base_c1_s20_n1,8.739996327895748,10.0,64.0,14.0,results/posebench_702_predictions/protenix_gpu/posebusters_benchmark/7P85_5ZG/full_base_c1_s20_n1/output/7P85_5ZG/seed_101/predictions/7P85_5ZG_seed_101_sample_0.cif,A:335,external/PoseBench/data/posebusters_benchmark_set/7P85_5ZG/7P85_5ZG_protein.pdb,0.3194118142127991,41.87052536010742,0.36540502309799194,0.32861047983169556,14.06573990098484,0.0,69.877,ok,full_base_c1_s20_n1,5.49820221059005,False,6.774907403838002,False,results/posebench_702_predictions/protenix_gpu/posebusters_benchmark/7P85_5ZG/full_base_c1_s20_n1/run_status.json,,,,,ok
results/posebench_702_predictions/protenix_gpu/posebusters_benchmark/7PA4_C/full_base_c1_s20_n1/output/7PA4_C/seed_101/predictions/7PA4_C_seed_101_summary_confidence_sample_0.json,posebusters_benchmark,7,results/posebench_702_predictions/protenix_gpu/posebusters_benchmark/7PA4_C/full_base_c1_s20_n1/inputs/7PA4_C.json,external/PoseBench/data/posebusters_benchmark_set/7PA4_C/7PA4_C_ligand.sdf,21.0,Nc1ccn([C@@H]2O[C@H](COP(=O)(O)O)[C@@H](O)[C@H]2O)c(=O)n1,524.0,A:524,protenix_base_default_v0.5.0,7PA4_C,1.0,21.0,results/posebench_702_predictions/protenix_gpu/posebusters_benchmark/7PA4_C/full_base_c1_s20_n1,13.492184617289896,10.0,47.0,21.0,results/posebench_702_predictions/protenix_gpu/posebusters_benchmark/7PA4_C/full_base_c1_s20_n1/output/7PA4_C/seed_101/predictions/7PA4_C_seed_101_sample_0.cif,A:524,external/PoseBench/data/posebusters_benchmark_set/7PA4_C/7PA4_C_protein.pdb,0.30175650119781494,29.3581485748291,0.1847352683544159,0.2783522605895996,22.26600732177764,0.0,78.999,ok,full_base_c1_s20_n1,13.887993404277472,False,20.49329174635471,False,results/posebench_702_predictions/protenix_gpu/posebusters_benchmark/7PA4_C/full_base_c1_s20_n1/run_status.json,,,,,ok
results/posebench_702_predictions/protenix_gpu/posebusters_benchmark/7PGX_FMN/full_base_c1_s20_n1/output/7PGX_FMN/seed_101/predictions/7PGX_FMN_seed_101_summary_confidence_sample_0.json,posebusters_benchmark,4,results/posebench_702_predictions/protenix_gpu/posebusters_benchmark/7PGX_FMN/full_base_c1_s20_n1/inputs/7PGX_FMN.json,external/PoseBench/data/posebusters_benchmark_set/7PGX_FMN/7PGX_FMN_ligand.sdf,31.0,Cc1cc2nc3c(=O)[nH]c(=O)nc-3n(C[C@H](O)[C@H](O)[C@H](O)COP(=O)(O)O)c2cc1C,146.0,A:146,protenix_base_default_v0.5.0,7PGX_FMN,1.0,31.0,results/posebench_702_predictions/protenix_gpu/posebusters_benchmark/7PGX_FMN/full_base_c1_s20_n1,8.245555940405426,10.0,72.0,31.0,results/posebench_702_predictions/protenix_gpu/posebusters_benchmark/7PGX_FMN/full_base_c1_s20_n1/output/7PGX_FMN/seed_101/predictions/7PGX_FMN_seed_101_sample_0.cif,A:146,external/PoseBench/data/posebusters_benchmark_set/7PGX_FMN/7PGX_FMN_protein.pdb,0.3625752925872803,43.567466735839844,0.37088969349861145,0.3642382025718689,13.389094780446428,0.0,73.788,ok,full_base_c1_s20_n1,13.97942609287976,False,16.613720029972203,False,results/posebench_702_predictions/protenix_gpu/posebusters_benchmark/7PGX_FMN/full_base_c1_s20_n1/run_status.json,,,,,ok
results/posebench_702_predictions/protenix_gpu/posebusters_benchmark/7PIH_7QW/full_base_c1_s20_n1/output/7PIH_7QW/seed_101/predictions/7PIH_7QW_seed_101_summary_confidence_sample_0.json,posebusters_benchmark,5,results/posebench_702_predictions/protenix_gpu/posebusters_benchmark/7PIH_7QW/full_base_c1_s20_n1/inputs/7PIH_7QW.json,external/PoseBench/data/posebusters_benchmark_set/7PIH_7QW/7PIH_7QW_ligand.sdf,24.0,N[C@@H]1CCN(Cc2cccc(-c3ccc4c(O)nccc4c3)c2)C1,368.0,"A:349,B:19",protenix_base_default_v0.5.0,7PIH_7QW,2.0,24.0,results/posebench_702_predictions/protenix_gpu/posebusters_benchmark/7PIH_7QW/full_base_c1_s20_n1,14.672826886674764,10.0,77.0,24.0,results/posebench_702_predictions/protenix_gpu/posebusters_benchmark/7PIH_7QW/full_base_c1_s20_n1/output/7PIH_7QW/seed_101/predictions/7PIH_7QW_seed_101_sample_0.cif,A:349;B:19,external/PoseBench/data/posebusters_benchmark_set/7PIH_7QW/7PIH_7QW_protein.pdb,0.20126143097877502,32.75823211669922,0.19273130595684052,0.1995554119348526,21.33004376311256,0.0,93.556,ok,full_base_c1_s20_n1,9.974174178267408,False,13.649400021268836,False,results/posebench_702_predictions/protenix_gpu/posebusters_benchmark/7PIH_7QW/full_base_c1_s20_n1/run_status.json,,,,,ok
results/posebench_702_predictions/protenix_gpu/posebusters_benchmark/7PJQ_OWH/full_base_c1_s20_n1/output/7PJQ_OWH/seed_101/predictions/7PJQ_OWH_seed_101_summary_confidence_sample_0.json,posebusters_benchmark,6,results/posebench_702_predictions/protenix_gpu/posebusters_benchmark/7PJQ_OWH/full_base_c1_s20_n1/inputs/7PJQ_OWH.json,external/PoseBench/data/posebusters_benchmark_set/7PJQ_OWH/7PJQ_OWH_ligand.sdf,10.0,CNC(=S)c1cccnc1,329.0,"A:165,B:164",protenix_base_default_v0.5.0,7PJQ_OWH,2.0,10.0,results/posebench_702_predictions/protenix_gpu/posebusters_benchmark/7PJQ_OWH/full_base_c1_s20_n1,14.064733670615349,10.0,48.0,10.0,results/posebench_702_predictions/protenix_gpu/posebusters_benchmark/7PJQ_OWH/full_base_c1_s20_n1/output/7PJQ_OWH/seed_101/predictions/7PJQ_OWH_seed_101_sample_0.cif,A:165;B:164,external/PoseBench/data/posebusters_benchmark_set/7PJQ_OWH/7PJQ_OWH_protein.pdb,0.09767690300941467,33.736331939697266,0.228628471493721,0.1238672211766243,21.17792278628857,0.0,92.791,ok,full_base_c1_s20_n1,9.673535789184086,False,20.2162588197454,False,results/posebench_702_predictions/protenix_gpu/posebusters_benchmark/7PJQ_OWH/full_base_c1_s20_n1/run_status.json,,,,,ok
results/posebench_702_predictions/protenix_gpu/posebusters_benchmark/7PK0_BYC/full_base_c1_s20_n1/output/7PK0_BYC/seed_101/predictions/7PK0_BYC_seed_101_summary_confidence_sample_0.json,posebusters_benchmark,7,results/posebench_702_predictions/protenix_gpu/posebusters_benchmark/7PK0_BYC/full_base_c1_s20_n1/inputs/7PK0_BYC.json,external/PoseBench/data/posebusters_benchmark_set/7PK0_BYC/7PK0_BYC_ligand.sdf,56.0,CC(C)(CO[P@@](=O)(O)O[P@](=O)(O)OC[C@H]1O[C@@H](n2cnc3c(N)ncnc32)[C@H](O)[C@@H]1OP(=O)(O)O)[C@@H](O)C(=O)NCCC(=O)NCCSC(=O)c1ccccc1,284.0,A:284,protenix_base_default_v0.5.0,7PK0_BYC,1.0,56.0,results/posebench_702_predictions/protenix_gpu/posebusters_benchmark/7PK0_BYC/full_base_c1_s20_n1,12.177343238429131,10.0,77.0,56.0,results/posebench_702_predictions/protenix_gpu/posebusters_benchmark/7PK0_BYC/full_base_c1_s20_n1/output/7PK0_BYC/seed_101/predictions/7PK0_BYC_seed_101_sample_0.cif,A:284,external/PoseBench/data/posebusters_benchmark_set/7PK0_BYC/7PK0_BYC_protein.pdb,0.251019686460495,30.857545852661133,0.19021795690059662,0.23885934054851532,19.862450920300578,0.0,97.393,ok,full_base_c1_s20_n1,17.587210752463967,False,22.611521581476612,False,results/posebench_702_predictions/protenix_gpu/posebusters_benchmark/7PK0_BYC/full_base_c1_s20_n1/run_status.json,,,,,ok
results/posebench_702_predictions/protenix_gpu/posebusters_benchmark/7PL1_SFG/full_base_c1_s20_n1/output/7PL1_SFG/seed_101/predictions/7PL1_SFG_seed_101_summary_confidence_sample_0.json,posebusters_benchmark,4,results/posebench_702_predictions/protenix_gpu/posebusters_benchmark/7PL1_SFG/full_base_c1_s20_n1/inputs/7PL1_SFG.json,external/PoseBench/data/posebusters_benchmark_set/7PL1_SFG/7PL1_SFG_ligand.sdf,27.0,Nc1ncnc2c1ncn2[C@@H]1O[C@H](C[C@@H](N)CC[C@H](N)C(=O)O)[C@@H](O)[C@H]1O,210.0,A:210,protenix_base_default_v0.5.0,7PL1_SFG,1.0,27.0,results/posebench_702_predictions/protenix_gpu/posebusters_benchmark/7PL1_SFG/full_base_c1_s20_n1,13.293627878737755,10.0,68.0,27.0,results/posebench_702_predictions/protenix_gpu/posebusters_benchmark/7PL1_SFG/full_base_c1_s20_n1/output/7PL1_SFG/seed_101/predictions/7PL1_SFG_seed_101_sample_0.cif,A:210,external/PoseBench/data/posebusters_benchmark_set/7PL1_SFG/7PL1_SFG_protein.pdb,0.18700608611106873,34.0872802734375,0.21364791691303253,0.19233445823192596,18.659553376018938,0.0,94.64,ok,full_base_c1_s20_n1,14.218159617950574,False,13.058641182442617,False,results/posebench_702_predictions/protenix_gpu/posebusters_benchmark/7PL1_SFG/full_base_c1_s20_n1/run_status.json,,,,,ok
results/posebench_702_predictions/protenix_gpu/posebusters_benchmark/7POM_7VZ/full_base_c1_s20_n1/output/7POM_7VZ/seed_101/predictions/7POM_7VZ_seed_101_summary_confidence_sample_0.json,posebusters_benchmark,5,results/posebench_702_predictions/protenix_gpu/posebusters_benchmark/7POM_7VZ/full_base_c1_s20_n1/inputs/7POM_7VZ.json,external/PoseBench/data/posebusters_benchmark_set/7POM_7VZ/7POM_7VZ_ligand.sdf,22.0,COC(=O)c1cc(S(N)(=O)=O)c(SC2CCCCC2)cc1Cl,992.0,"A:251,B:239,C:251,D:251",protenix_base_default_v0.5.0,7POM_7VZ,4.0,22.0,results/posebench_702_predictions/protenix_gpu/posebusters_benchmark/7POM_7VZ/full_base_c1_s20_n1,14.328019254098818,10.0,74.0,22.0,results/posebench_702_predictions/protenix_gpu/posebusters_benchmark/7POM_7VZ/full_base_c1_s20_n1/output/7POM_7VZ/seed_101/predictions/7POM_7VZ_seed_101_sample_0.cif,A:251;B:239;C:251;D:251,external/PoseBench/data/posebusters_benchmark_set/7POM_7VZ/7POM_7VZ_protein.pdb,0.13960927724838257,33.50231170654297,0.18743252754211426,0.14917393028736115,29.779044880004612,0.0,99.904,ok,full_base_c1_s20_n1,23.53795104761912,False,23.995822750495226,False,results/posebench_702_predictions/protenix_gpu/posebusters_benchmark/7POM_7VZ/full_base_c1_s20_n1/run_status.json,,,,,ok
results/posebench_702_predictions/protenix_gpu/posebusters_benchmark/7PRI_7TI/full_base_c1_s20_n1/output/7PRI_7TI/seed_101/predictions/7PRI_7TI_seed_101_summary_confidence_sample_0.json,posebusters_benchmark,6,results/posebench_702_predictions/protenix_gpu/posebusters_benchmark/7PRI_7TI/full_base_c1_s20_n1/inputs/7PRI_7TI.json,external/PoseBench/data/posebusters_benchmark_set/7PRI_7TI/7PRI_7TI_ligand.sdf,20.0,Nc1cc(C(Cl)=C(Cl)Cl)c(S(N)(=O)=O)cc1S(N)(=O)=O,554.0,"A:277,B:277",protenix_base_default_v0.5.0,7PRI_7TI,2.0,20.0,results/posebench_702_predictions/protenix_gpu/posebusters_benchmark/7PRI_7TI/full_base_c1_s20_n1,18.693776548749636,10.0,66.0,20.0,results/posebench_702_predictions/protenix_gpu/posebusters_benchmark/7PRI_7TI/full_base_c1_s20_n1/output/7PRI_7TI/seed_101/predictions/7PRI_7TI_seed_101_sample_0.cif,A:277;B:277,external/PoseBench/data/posebusters_benchmark_set/7PRI_7TI/7PRI_7TI_protein.pdb,0.1434391438961029,30.404159545898438,0.21274378895759583,0.15730006992816925,24.815143778778218,0.0,80.859,ok,full_base_c1_s20_n1,10.374428713330577,False,17.304581123285352,False,results/posebench_702_predictions/protenix_gpu/posebusters_benchmark/7PRI_7TI/full_base_c1_s20_n1/run_status.json,,,,,ok
results/posebench_702_predictions/protenix_gpu/posebusters_benchmark/7PRM_81I/full_base_c1_s20_n1/output/7PRM_81I/seed_101/predictions/7PRM_81I_seed_101_summary_confidence_sample_0.json,posebusters_benchmark,7,results/posebench_702_predictions/protenix_gpu/posebusters_benchmark/7PRM_81I/full_base_c1_s20_n1/inputs/7PRM_81I.json,external/PoseBench/data/posebusters_benchmark_set/7PRM_81I/7PRM_81I_ligand.sdf,32.0,O=C(c1ccco1)N1CCN([C@@H]2CC(=O)N(c3ccc(-c4ccc(F)cc4)cc3)C2)CC1,295.0,A:295,protenix_base_default_v0.5.0,7PRM_81I,1.0,32.0,results/posebench_702_predictions/protenix_gpu/posebusters_benchmark/7PRM_81I/full_base_c1_s20_n1,15.63324496148117,10.0,97.0,32.0,results/posebench_702_predictions/protenix_gpu/posebusters_benchmark/7PRM_81I/full_base_c1_s20_n1/output/7PRM_81I/seed_101/predictions/7PRM_81I_seed_101_sample_0.cif,A:295,external/PoseBench/data/posebusters_benchmark_set/7PRM_81I/7PRM_81I_protein.pdb,0.46025943756103516,44.00960922241211,0.42003321647644043,0.45221418142318726,19.246363367663815,0.0,71.434,ok,full_base_c1_s20_n1,11.068555806906328,False,11.861513672788123,False,results/posebench_702_predictions/protenix_gpu/posebusters_benchmark/7PRM_81I/full_base_c1_s20_n1/run_status.json,,,,,ok
results/posebench_702_predictions/protenix_gpu/posebusters_benchmark/7PT3_3KK/full_base_c1_s20_n1/output/7PT3_3KK/seed_101/predictions/7PT3_3KK_seed_101_summary_confidence_sample_0.json,posebusters_benchmark,4,results/posebench_702_predictions/protenix_gpu/posebusters_benchmark/7PT3_3KK/full_base_c1_s20_n1/inputs/7PT3_3KK.json,external/PoseBench/data/posebusters_benchmark_set/7PT3_3KK/7PT3_3KK_ligand.sdf,54.0,CC(C)(O)C(=O)SCCNC(=O)CCNC(=O)[C@H](O)C(C)(C)CO[P@@](=O)(O)O[P@](=O)(O)OC[C@H]1O[C@@H](n2cnc3c(N)ncnc32)[C@H](O)[C@@H]1OP(=O)(O)O,1146.0,"A:574,B:572",protenix_base_default_v0.5.0,7PT3_3KK,2.0,54.0,results/posebench_702_predictions/protenix_gpu/posebusters_benchmark/7PT3_3KK/full_base_c1_s20_n1,17.90967403660603,10.0,132.0,54.0,results/posebench_702_predictions/protenix_gpu/posebusters_benchmark/7PT3_3KK/full_base_c1_s20_n1/output/7PT3_3KK/seed_101/predictions/7PT3_3KK_seed_101_sample_0.cif,A:574;B:572,external/PoseBench/data/posebusters_benchmark_set/7PT3_3KK/7PT3_3KK_protein.pdb,0.15717212855815887,35.74176788330078,0.21704533696174622,0.16914677619934082,28.316177457369836,0.0,101.193,ok,full_base_c1_s20_n1,19.83528299509039,False,30.348727520480878,False,results/posebench_702_predictions/protenix_gpu/posebusters_benchmark/7PT3_3KK/full_base_c1_s20_n1/run_status.json,,,,,ok
results/posebench_702_predictions/protenix_gpu/posebusters_benchmark/7PUV_84Z/full_base_c1_s20_n1/output/7PUV_84Z/seed_101/predictions/7PUV_84Z_seed_101_summary_confidence_sample_0.json,posebusters_benchmark,5,results/posebench_702_predictions/protenix_gpu/posebusters_benchmark/7PUV_84Z/full_base_c1_s20_n1/inputs/7PUV_84Z.json,external/PoseBench/data/posebusters_benchmark_set/7PUV_84Z/7PUV_84Z_ligand.sdf,24.0,COC(=O)c1cc(S(N)(=O)=O)c(Cl)cc1S(=O)(=O)c1ccccc1,1042.0,"A:260,B:261,C:260,D:261",protenix_base_default_v0.5.0,7PUV_84Z,4.0,24.0,results/posebench_702_predictions/protenix_gpu/posebusters_benchmark/7PUV_84Z/full_base_c1_s20_n1,13.312171116231722,10.0,74.0,24.0,results/posebench_702_predictions/protenix_gpu/posebusters_benchmark/7PUV_84Z/full_base_c1_s20_n1/output/7PUV_84Z/seed_101/predictions/7PUV_84Z_seed_101_sample_0.cif,A:260;B:261;C:260;D:261,external/PoseBench/data/posebusters_benchmark_set/7PUV_84Z/7PUV_84Z_protein.pdb,0.1425010859966278,30.246463775634766,0.1757286936044693,0.14914661645889282,30.435445510303566,0.0,94.298,ok,full_base_c1_s20_n1,8.936340448456374,False,24.444761286245562,False,results/posebench_702_predictions/protenix_gpu/posebusters_benchmark/7PUV_84Z/full_base_c1_s20_n1/run_status.json,,,,,ok
results/posebench_702_predictions/protenix_gpu/posebusters_benchmark/7Q19_DSM/full_base_c1_s20_n1/output/7Q19_DSM/seed_101/predictions/7Q19_DSM_seed_101_summary_confidence_sample_0.json,posebusters_benchmark,6,results/posebench_702_predictions/protenix_gpu/posebusters_benchmark/7Q19_DSM/full_base_c1_s20_n1/inputs/7Q19_DSM.json,external/PoseBench/data/posebusters_benchmark_set/7Q19_DSM/7Q19_DSM_ligand.sdf,20.0,CNCCCN1c2ccccc2CCc2ccccc21,158.0,A:158,protenix_base_default_v0.5.0,7Q19_DSM,1.0,20.0,results/posebench_702_predictions/protenix_gpu/posebusters_benchmark/7Q19_DSM/full_base_c1_s20_n1,12.09938242517874,10.0,64.0,20.0,results/posebench_702_predictions/protenix_gpu/posebusters_benchmark/7Q19_DSM/full_base_c1_s20_n1/output/7Q19_DSM/seed_101/predictions/7Q19_DSM_seed_101_sample_0.cif,A:158,external/PoseBench/data/posebusters_benchmark_set/7Q19_DSM/7Q19_DSM_protein.pdb,0.15933425724506378,36.57815170288086,0.2334689497947693,0.17416119575500488,15.936049722619668,0.0,77.298,ok,full_base_c1_s20_n1,15.394484166409091,False,12.654529563821972,False,results/posebench_702_predictions/protenix_gpu/posebusters_benchmark/7Q19_DSM/full_base_c1_s20_n1/run_status.json,,,,,ok
results/posebench_702_predictions/protenix_gpu/posebusters_benchmark/7Q25_8J9/full_base_c1_s20_n1/output/7Q25_8J9/seed_101/predictions/7Q25_8J9_seed_101_summary_confidence_sample_0.json,posebusters_benchmark,7,results/posebench_702_predictions/protenix_gpu/posebusters_benchmark/7Q25_8J9/full_base_c1_s20_n1/inputs/7Q25_8J9.json,external/PoseBench/data/posebusters_benchmark_set/7Q25_8J9/7Q25_8J9_ligand.sdf,33.0,CCCC[C@H](N[C@@H](CCc1ccccc1)C(=O)O)C(=O)N[C@@H](Cc1ccc(O)cc1)C(=O)O,1217.0,"A:611,B:606",protenix_base_default_v0.5.0,7Q25_8J9,2.0,33.0,results/posebench_702_predictions/protenix_gpu/posebusters_benchmark/7Q25_8J9/full_base_c1_s20_n1,12.167642468002942,10.0,92.0,33.0,results/posebench_702_predictions/protenix_gpu/posebusters_benchmark/7Q25_8J9/full_base_c1_s20_n1/output/7Q25_8J9/seed_101/predictions/7Q25_8J9_seed_101_sample_0.cif,A:611;B:606,external/PoseBench/data/posebusters_benchmark_set/7Q25_8J9/7Q25_8J9_protein.pdb,0.14997786283493042,36.67556381225586,0.18837586045265198,0.1576574742794037,29.01222804522461,0.0,113.024,ok,full_base_c1_s20_n1,19.76861981127526,False,19.440612470176134,False,results/posebench_702_predictions/protenix_gpu/posebusters_benchmark/7Q25_8J9/full_base_c1_s20_n1/run_status.json,,,,,ok
results/posebench_702_predictions/protenix_gpu/posebusters_benchmark/7Q27_8KC/full_base_c1_s20_n1/output/7Q27_8KC/seed_101/predictions/7Q27_8KC_seed_101_summary_confidence_sample_0.json,posebusters_benchmark,4,results/posebench_702_predictions/protenix_gpu/posebusters_benchmark/7Q27_8KC/full_base_c1_s20_n1/inputs/7Q27_8KC.json,external/PoseBench/data/posebusters_benchmark_set/7Q27_8KC/7Q27_8KC_ligand.sdf,35.0,CCCC[C@H](N[C@@H](CCc1ccccc1)C(=O)O)C(=O)N[C@@H](Cc1c[nH]c2ccccc12)C(=O)O,586.0,A:586,protenix_base_default_v0.5.0,7Q27_8KC,1.0,35.0,results/posebench_702_predictions/protenix_gpu/posebusters_benchmark/7Q27_8KC/full_base_c1_s20_n1,15.58327188892406,10.0,96.0,35.0,results/posebench_702_predictions/protenix_gpu/posebusters_benchmark/7Q27_8KC/full_base_c1_s20_n1/output/7Q27_8KC/seed_101/predictions/7Q27_8KC_seed_101_sample_0.cif,A:586,external/PoseBench/data/posebusters_benchmark_set/7Q27_8KC/7Q27_8KC_protein.pdb,0.3057079315185547,34.89141845703125,0.1724894493818283,0.27906423807144165,23.56894946901674,0.0,82.131,ok,full_base_c1_s20_n1,9.316889267690142,False,8.942074778094177,False,results/posebench_702_predictions/protenix_gpu/posebusters_benchmark/7Q27_8KC/full_base_c1_s20_n1/run_status.json,,,,,ok
results/posebench_702_predictions/protenix_gpu/posebusters_benchmark/7Q2B_M6H/full_base_c1_s20_n1/output/7Q2B_M6H/seed_101/predictions/7Q2B_M6H_seed_101_summary_confidence_sample_0.json,posebusters_benchmark,5,results/posebench_702_predictions/protenix_gpu/posebusters_benchmark/7Q2B_M6H/full_base_c1_s20_n1/inputs/7Q2B_M6H.json,external/PoseBench/data/posebusters_benchmark_set/7Q2B_M6H/7Q2B_M6H_ligand.sdf,12.0,c1ccc(CC2NCCN2)cc1,283.0,A:283,protenix_base_default_v0.5.0,7Q2B_M6H,1.0,12.0,results/posebench_702_predictions/protenix_gpu/posebusters_benchmark/7Q2B_M6H/full_base_c1_s20_n1,12.475889680444336,10.0,57.0,12.0,results/posebench_702_predictions/protenix_gpu/posebusters_benchmark/7Q2B_M6H/full_base_c1_s20_n1/output/7Q2B_M6H/seed_101/predictions/7Q2B_M6H_seed_101_sample_0.cif,A:283,external/PoseBench/data/posebusters_benchmark_set/7Q2B_M6H/7Q2B_M6H_protein.pdb,0.2167319506406784,29.80286407470703,0.19697318971157074,0.2127802073955536,18.47932374957155,0.0,75.549,ok,full_base_c1_s20_n1,6.414452895098516,False,7.865049747328747,False,results/posebench_702_predictions/protenix_gpu/posebusters_benchmark/7Q2B_M6H/full_base_c1_s20_n1/run_status.json,,,,,ok
results/posebench_702_predictions/protenix_gpu/posebusters_benchmark/7Q5I_I0F/full_base_c1_s20_n1/output/7Q5I_I0F/seed_101/predictions/7Q5I_I0F_seed_101_summary_confidence_sample_0.json,posebusters_benchmark,6,results/posebench_702_predictions/protenix_gpu/posebusters_benchmark/7Q5I_I0F/full_base_c1_s20_n1/inputs/7Q5I_I0F.json,external/PoseBench/data/posebusters_benchmark_set/7Q5I_I0F/7Q5I_I0F_ligand.sdf,27.0,CN(C)c1ccc(/C=C(\C#N)C(=O)N[C@@H]2O[C@H](CO)[C@@H](O)[C@H](O)[C@H]2O)cc1,807.0,A:807,protenix_base_default_v0.5.0,7Q5I_I0F,1.0,27.0,results/posebench_702_predictions/protenix_gpu/posebusters_benchmark/7Q5I_I0F/full_base_c1_s20_n1,19.57760056872932,10.0,92.0,27.0,results/posebench_702_predictions/protenix_gpu/posebusters_benchmark/7Q5I_I0F/full_base_c1_s20_n1/output/7Q5I_I0F/seed_101/predictions/7Q5I_I0F_seed_101_sample_0.cif,A:807,external/PoseBench/data/posebusters_benchmark_set/7Q5I_I0F/7Q5I_I0F_protein.pdb,0.21682816743850708,35.673580169677734,0.24255330860614777,0.2219732105731964,26.911049874832855,0.0,91.387,ok,full_base_c1_s20_n1,9.422172071973831,False,12.231794948730181,False,results/posebench_702_predictions/protenix_gpu/posebusters_benchmark/7Q5I_I0F/full_base_c1_s20_n1/run_status.json,,,,,ok
results/posebench_702_predictions/protenix_gpu/posebusters_benchmark/7QE4_NGA/full_base_c1_s20_n1/output/7QE4_NGA/seed_101/predictions/7QE4_NGA_seed_101_summary_confidence_sample_0.json,posebusters_benchmark,7,results/posebench_702_predictions/protenix_gpu/posebusters_benchmark/7QE4_NGA/full_base_c1_s20_n1/inputs/7QE4_NGA.json,external/PoseBench/data/posebusters_benchmark_set/7QE4_NGA/7QE4_NGA_ligand.sdf,15.0,CC(=O)N[C@@H]1[C@@H](O)[C@@H](O)[C@@H](CO)O[C@H]1O,647.0,"A:325,B:322",protenix_base_default_v0.5.0,7QE4_NGA,2.0,15.0,results/posebench_702_predictions/protenix_gpu/posebusters_benchmark/7QE4_NGA/full_base_c1_s20_n1,14.11355125655982,10.0,32.0,15.0,results/posebench_702_predictions/protenix_gpu/posebusters_benchmark/7QE4_NGA/full_base_c1_s20_n1/output/7QE4_NGA/seed_101/predictions/7QE4_NGA_seed_101_sample_0.cif,A:325;B:322,external/PoseBench/data/posebusters_benchmark_set/7QE4_NGA/7QE4_NGA_protein.pdb,0.10726530104875565,32.77592086791992,0.20197196304798126,0.126206636428833,32.95691687621386,0.0,84.052,ok,full_base_c1_s20_n1,16.766113601523024,False,60.225567148044746,False,results/posebench_702_predictions/protenix_gpu/posebusters_benchmark/7QE4_NGA/full_base_c1_s20_n1/run_status.json,,,,,ok
results/posebench_702_predictions/protenix_gpu/posebusters_benchmark/7QF4_RBF/full_base_c1_s20_n1/output/7QF4_RBF/seed_101/predictions/7QF4_RBF_seed_101_summary_confidence_sample_0.json,posebusters_benchmark,4,results/posebench_702_predictions/protenix_gpu/posebusters_benchmark/7QF4_RBF/full_base_c1_s20_n1/inputs/7QF4_RBF.json,external/PoseBench/data/posebusters_benchmark_set/7QF4_RBF/7QF4_RBF_ligand.sdf,27.0,Cc1cc2nc3c(=O)[nH]c(=O)nc-3n(C[C@H](O)[C@H](O)[C@H](O)CO)c2cc1C,116.0,A:116,protenix_base_default_v0.5.0,7QF4_RBF,1.0,27.0,results/posebench_702_predictions/protenix_gpu/posebusters_benchmark/7QF4_RBF/full_base_c1_s20_n1,8.653304509864808,10.0,74.0,27.0,results/posebench_702_predictions/protenix_gpu/posebusters_benchmark/7QF4_RBF/full_base_c1_s20_n1/output/7QF4_RBF/seed_101/predictions/7QF4_RBF_seed_101_sample_0.cif,A:116,external/PoseBench/data/posebusters_benchmark_set/7QF4_RBF/7QF4_RBF_protein.pdb,0.2529390752315521,48.149532318115234,0.40875405073165894,0.28410208225250244,13.061930320236796,0.0,76.376,ok,full_base_c1_s20_n1,13.286351467980909,False,15.116356272843372,False,results/posebench_702_predictions/protenix_gpu/posebusters_benchmark/7QF4_RBF/full_base_c1_s20_n1/run_status.json,,,,,ok
results/posebench_702_predictions/protenix_gpu/posebusters_benchmark/7QFM_AY3/full_base_c1_s20_n1/output/7QFM_AY3/seed_101/predictions/7QFM_AY3_seed_101_summary_confidence_sample_0.json,posebusters_benchmark,5,results/posebench_702_predictions/protenix_gpu/posebusters_benchmark/7QFM_AY3/full_base_c1_s20_n1/inputs/7QFM_AY3.json,external/PoseBench/data/posebusters_benchmark_set/7QFM_AY3/7QFM_AY3_ligand.sdf,20.0,O=C1Nc2ccccc2/C1=C\c1ccc(C(=O)O)cc1,270.0,A:270,protenix_base_default_v0.5.0,7QFM_AY3,2.0,20.0,results/posebench_702_predictions/protenix_gpu/posebusters_benchmark/7QFM_AY3/full_base_c1_s20_n1,12.518658602452893,10.0,61.0,20.0,results/posebench_702_predictions/protenix_gpu/posebusters_benchmark/7QFM_AY3/full_base_c1_s20_n1/output/7QFM_AY3/seed_101/predictions/7QFM_AY3_seed_101_sample_0.cif,A:270;D:8,external/PoseBench/data/posebusters_benchmark_set/7QFM_AY3/7QFM_AY3_protein.pdb,0.25092723965644836,35.19529342651367,0.22544030845165253,0.24582986533641815,19.755338450268976,0.0,80.249,ok,full_base_c1_s20_n1,19.040493741493954,False,20.897078839327477,False,results/posebench_702_predictions/protenix_gpu/posebusters_benchmark/7QFM_AY3/full_base_c1_s20_n1/run_status.json,,,,,ok
results/posebench_702_predictions/protenix_gpu/posebusters_benchmark/7QGP_DJ8/full_base_c1_s20_n1/output/7QGP_DJ8/seed_101/predictions/7QGP_DJ8_seed_101_summary_confidence_sample_0.json,posebusters_benchmark,6,results/posebench_702_predictions/protenix_gpu/posebusters_benchmark/7QGP_DJ8/full_base_c1_s20_n1/inputs/7QGP_DJ8.json,external/PoseBench/data/posebusters_benchmark_set/7QGP_DJ8/7QGP_DJ8_ligand.sdf,35.0,Cc1cc(Cl)ccc1CNC(=O)Nc1ccc2cc1OCCOCCNc1ccn3ncc-2c3n1,288.0,A:288,protenix_base_default_v0.5.0,7QGP_DJ8,1.0,35.0,results/posebench_702_predictions/protenix_gpu/posebusters_benchmark/7QGP_DJ8/full_base_c1_s20_n1,13.52033374145733,10.0,85.0,35.0,results/posebench_702_predictions/protenix_gpu/posebusters_benchmark/7QGP_DJ8/full_base_c1_s20_n1/output/7QGP_DJ8/seed_101/predictions/7QGP_DJ8_seed_101_sample_0.cif,A:288,external/PoseBench/data/posebusters_benchmark_set/7QGP_DJ8/7QGP_DJ8_protein.pdb,0.33489829301834106,31.809162139892578,0.268585205078125,0.3216356933116913,21.1046812827508,0.0,80.856,ok,full_base_c1_s20_n1,12.523204001916676,False,14.637790725756743,False,results/posebench_702_predictions/protenix_gpu/posebusters_benchmark/7QGP_DJ8/full_base_c1_s20_n1/run_status.json,,,,,ok
results/posebench_702_predictions/protenix_gpu/posebusters_benchmark/7QHG_T3B/full_base_c1_s20_n1/output/7QHG_T3B/seed_101/predictions/7QHG_T3B_seed_101_summary_confidence_sample_0.json,posebusters_benchmark,7,results/posebench_702_predictions/protenix_gpu/posebusters_benchmark/7QHG_T3B/full_base_c1_s20_n1/inputs/7QHG_T3B.json,external/PoseBench/data/posebusters_benchmark_set/7QHG_T3B/7QHG_T3B_ligand.sdf,42.0,CC(C)C(=O)Nc1ncc(C(=O)NCCN(Cc2ccccc2)C(=O)c2ccc(S(=O)(=O)Nc3ccccc3)cc2)s1,566.0,"A:283,B:283",protenix_base_default_v0.5.0,7QHG_T3B,2.0,42.0,results/posebench_702_predictions/protenix_gpu/posebusters_benchmark/7QHG_T3B/full_base_c1_s20_n1,13.955475307320155,10.0,105.0,42.0,results/posebench_702_predictions/protenix_gpu/posebusters_benchmark/7QHG_T3B/full_base_c1_s20_n1/output/7QHG_T3B/seed_101/predictions/7QHG_T3B_seed_101_sample_0.cif,A:283;B:283,external/PoseBench/data/posebusters_benchmark_set/7QHG_T3B/7QHG_T3B_protein.pdb,0.12555915117263794,33.19702911376953,0.19797901809215546,0.14004312455654144,21.62768877757095,0.0,89.388,ok,full_base_c1_s20_n1,17.55317085770232,False,20.589206281592485,False,results/posebench_702_predictions/protenix_gpu/posebusters_benchmark/7QHG_T3B/full_base_c1_s20_n1/run_status.json,,,,,ok
results/posebench_702_predictions/protenix_gpu/posebusters_benchmark/7QHL_D5P/full_base_c1_s20_n1/output/7QHL_D5P/seed_101/predictions/7QHL_D5P_seed_101_summary_confidence_sample_0.json,posebusters_benchmark,4,results/posebench_702_predictions/protenix_gpu/posebusters_benchmark/7QHL_D5P/full_base_c1_s20_n1/inputs/7QHL_D5P.json,external/PoseBench/data/posebusters_benchmark_set/7QHL_D5P/7QHL_D5P_ligand.sdf,30.0,NCCSc1nc(NCc2ccc(-n3cccn3)cc2)c2[nH]nc(C3CCC3)c2n1,1084.0,"A:284,B:258,C:286,D:256",protenix_base_default_v0.5.0,7QHL_D5P,4.0,30.0,results/posebench_702_predictions/protenix_gpu/posebusters_benchmark/7QHL_D5P/full_base_c1_s20_n1,13.831378158347537,10.0,56.0,30.0,results/posebench_702_predictions/protenix_gpu/posebusters_benchmark/7QHL_D5P/full_base_c1_s20_n1/output/7QHL_D5P/seed_101/predictions/7QHL_D5P_seed_101_sample_0.cif,A:284;B:258;C:286;D:256,external/PoseBench/data/posebusters_benchmark_set/7QHL_D5P/7QHL_D5P_protein.pdb,0.14135302603244781,37.427650451660156,0.18018533289432526,0.14911949634552002,26.35315340815683,0.0,105.23,ok,full_base_c1_s20_n1,17.8096576897097,False,21.170240517618513,False,results/posebench_702_predictions/protenix_gpu/posebusters_benchmark/7QHL_D5P/full_base_c1_s20_n1/run_status.json,,,,,ok
results/posebench_702_predictions/protenix_gpu/posebusters_benchmark/7QK0_EBL/full_base_c1_s20_n1/output/7QK0_EBL/seed_101/predictions/7QK0_EBL_seed_101_summary_confidence_sample_0.json,posebusters_benchmark,5,results/posebench_702_predictions/protenix_gpu/posebusters_benchmark/7QK0_EBL/full_base_c1_s20_n1/inputs/7QK0_EBL.json,external/PoseBench/data/posebusters_benchmark_set/7QK0_EBL/7QK0_EBL_ligand.sdf,38.0,C[C@H]1C[C@@H](O)CN(c2ncc(Cl)c(Nc3ccc4c(c3)c3c(c(=O)n4C)OCC(F)(F)[C@H](C4CC4)N3)n2)C1,131.0,A:131,protenix_base_default_v0.5.0,7QK0_EBL,1.0,38.0,results/posebench_702_predictions/protenix_gpu/posebusters_benchmark/7QK0_EBL/full_base_c1_s20_n1,10.033675167295007,10.0,41.0,38.0,results/posebench_702_predictions/protenix_gpu/posebusters_benchmark/7QK0_EBL/full_base_c1_s20_n1/output/7QK0_EBL/seed_101/predictions/7QK0_EBL_seed_101_sample_0.cif,A:131,external/PoseBench/data/posebusters_benchmark_set/7QK0_EBL/7QK0_EBL_protein.pdb,0.28312626481056213,47.60420608520508,0.35130101442337036,0.2967612147331238,17.106223608871584,0.0,73.67,ok,full_base_c1_s20_n1,8.729464993290385,False,5.969775128501159,False,results/posebench_702_predictions/protenix_gpu/posebusters_benchmark/7QK0_EBL/full_base_c1_s20_n1/run_status.json,,,,,ok
results/posebench_702_predictions/protenix_gpu/posebusters_benchmark/7QPP_VDX/full_base_c1_s20_n1/output/7QPP_VDX/seed_101/predictions/7QPP_VDX_seed_101_summary_confidence_sample_0.json,posebusters_benchmark,6,results/posebench_702_predictions/protenix_gpu/posebusters_benchmark/7QPP_VDX/full_base_c1_s20_n1/inputs/7QPP_VDX.json,external/PoseBench/data/posebusters_benchmark_set/7QPP_VDX/7QPP_VDX_ligand.sdf,30.0,C=C1/C(=C\C=C2/CCC[C@]3(C)[C@@H]([C@H](C)CCCC(C)(C)O)CC[C@@H]23)C[C@@H](O)C[C@@H]1O,255.0,A:255,protenix_base_default_v0.5.0,7QPP_VDX,1.0,30.0,results/posebench_702_predictions/protenix_gpu/posebusters_benchmark/7QPP_VDX/full_base_c1_s20_n1,15.963309021990804,10.0,102.0,30.0,results/posebench_702_predictions/protenix_gpu/posebusters_benchmark/7QPP_VDX/full_base_c1_s20_n1/output/7QPP_VDX/seed_101/predictions/7QPP_VDX_seed_101_sample_0.cif,A:255,external/PoseBench/data/posebusters_benchmark_set/7QPP_VDX/7QPP_VDX_protein.pdb,0.23343011736869812,37.40029525756836,0.22768768668174744,0.2322816252708435,19.748980060355898,0.0,83.887,ok,full_base_c1_s20_n1,8.84979351681916,False,11.654800213374486,False,results/posebench_702_predictions/protenix_gpu/posebusters_benchmark/7QPP_VDX/full_base_c1_s20_n1/run_status.json,,,,,ok
,posebusters_benchmark,5,results/posebench_702_predictions/protenix_gpu/posebusters_benchmark/7QSW_CAP/full_base_c1_s20_n1/inputs/7QSW_CAP.json,external/PoseBench/data/posebusters_benchmark_set/7QSW_CAP/7QSW_CAP_ligand.sdf,21.0,O=C(O)[C@@](O)(COP(=O)(O)O)[C@H](O)[C@H](O)COP(=O)(O)O,,,protenix_base_default_v0.5.0,7QSW_CAP,8.0,,results/posebench_702_predictions/protenix_gpu/posebusters_benchmark/7QSW_CAP/full_base_c1_s20_n1,,,,,,A:465;B:102;C:466;D:102;E:465;F:102;G:465;H:102,external/PoseBench/data/posebusters_benchmark_set/7QSW_CAP/7QSW_CAP_protein.pdb,,,,,,0.0,204.722,failed_no_prediction_cif,full_base_c1_s20_n1,,,,,results/posebench_702_predictions/protenix_gpu/posebusters_benchmark/7QSW_CAP/full_base_c1_s20_n1/run_status.json,"ions/protenix_gpu/posebusters_benchmark/7QSW_CAP/full_base_c1_s20_n1/inputs/7QSW_CAP.json
2026-06-11 19:43:05,106 [<REMOTE_PROJECT_ROOT>/envs/protenix/lib/python3.10/site-packages/protenix/data/infer_data_pipeline.py:246] INFO protenix.data.infer_data_pipeline: Featurizing 7QSW_CAP...
2026-06-11 19:43:12,807 [<REMOTE_PROJECT_ROOT>/envs/protenix/lib/python3.10/site-packages/protenix/data/constraint_featurizer.py:381] INFO protenix.data.constraint_featurizer: Loaded constraint feature: #atom contact:0 #contact:0 #pocket:0
2026-06-11 19:43:18,777 [<REMOTE_PROJECT_ROOT>/envs/protenix/lib/python3.10/site-packages/runner/inference.py:303] INFO runner.inference: [Rank 0 (1/1)] 7QSW_CAP: N_asym 9, N_token 2290, N_atom 18174, N_msa 1
2026-06-11 19:45:31,206 [<REMOTE_PROJECT_ROOT>/envs/protenix/lib/python3.10/site-packages/runner/inference.py:329] INFO runner.inference: [Rank 0]7QSW_CAP CUDA out of memory. Tried to allocate 5.43 GiB. GPU :
Traceback (most recent call last):
  File ""<REMOTE_PROJECT_ROOT>/envs/protenix/lib/python3.10/site-packages/runner/inference.py"", line 312, in infer_predict
    prediction = runner.predict(data)
  File ""<REMOTE_PROJECT_ROOT>/envs/protenix/lib/python3.10/site-packages/torch/utils/_contextlib.py"", line 115, in decorate_context
    return func(*args, **kwargs)
  File ""<REMOTE_PROJECT_ROOT>/envs/protenix/lib/python3.10/site-packages/runner/inference.py"", line 152, in predict
    prediction, _, _ = self.model(
  File ""<REMOTE_PROJECT_ROOT>/envs/protenix/lib/python3.10/site-packages/torch/nn/modules/module.py"", line 1532, in _wrapped_call_impl
    return self._call_impl(*args, **kwargs)
  File ""<REMOTE_PROJECT_ROOT>/envs/protenix/lib/python3.10/site-packages/torch/nn/modules/module.py"", line 1541, in _call_impl
    return forward_call(*args, **kwargs)
  File ""<REMOTE_PROJECT_ROOT>/envs/protenix/lib/python3.10/site-packages/protenix/model/protenix.py"", line 722, in forward
    pred_dict, log_dict, time_tracker = self.main_inference_loop(
  File ""<REMOTE_PROJECT_ROOT>/envs/protenix/lib/python3.10/site-packages/protenix/model/protenix.py"", line 338, in main_inference_loop
    pred_dict, log_dict, time_tracker = self._main_inference_loop(
  File ""<REMOTE_PROJECT_ROOT>/envs/protenix/lib/python3.10/site-packages/protenix/model/protenix.py"", line 431, in _main_inference_loop
    pred_dict[""coordinate""] = self.sample_diffusion(
  File ""<REMOTE_PROJECT_ROOT>/envs/protenix/lib/python3.10/site-packages/protenix/model/protenix.py"", line 292, in sample_diffusion
    return autocasting_disable_decorator(self.configs.skip_amp.sample_diffusion)(
  File ""<REMOTE_PROJECT_ROOT>/envs/protenix/lib/python3.10/site-packages/protenix/utils/torch_utils.py"", line 219, in new_func
    return func(
  File ""<REMOTE_PROJECT_ROOT>/envs/protenix/lib/python3.10/site-packages/protenix/model/generator.py"", line 239, in sample_diffusion
    chunk_x_l = _chunk_sample_diffusion(
  File ""<REMOTE_PROJECT_ROOT>/envs/protenix/lib/python3.10/site-packages/protenix/model/generator.py"", line 207, in _chunk_sample_diffusion
    x_denoised = denoise_net(
  File ""<REMOTE_PROJECT_ROOT>/envs/protenix/lib/python3.10/site-packages/torch/nn/modules/module.py"", line 1532, in _wrapped_call_impl
    return self._call_impl(*args, **kwargs)
  File ""<REMOTE_PROJECT_ROOT>/envs/protenix/lib/python3.10/site-packages/torch/nn/modules/module.py"", line 1541, in _call_impl
    return forward_call(*args, **kwargs)
  File ""<REMOTE_PROJECT_ROOT>/envs/protenix/lib/python3.10/site-packages/protenix/model/modules/diffusion.py"", line 516, in forward
    r_update = self.f_forward(
  File ""<REMOTE_PROJECT_ROOT>/envs/protenix/lib/python3.10/site-packages/protenix/model/modules/diffusion.py"", line 381, in f_forward
    s_single, z_pair = self.diffusion_conditioning(
  File ""<REMOTE_PROJECT_ROOT>/envs/protenix/lib/python3.10/site-packages/torch/nn/modules/module.py"", line 1532, in _wrapped_call_impl
    return self._call_impl(*args, **kwargs)
  File ""<REMOTE_PROJECT_ROOT>/envs/protenix/lib/python3.10/site-packages/torch/nn/modules/module.py"", line 1541, in _call_impl
    return forward_call(*args, **kwargs)
  File ""<REMOTE_PROJECT_ROOT>/envs/protenix/lib/python3.10/site-packages/protenix/model/modules/diffusion.py"", line 126, in forward
    tensors=[z_trunk, self.relpe(input_feature_dict)], dim=-1
  File ""<REMOTE_PROJECT_ROOT>/envs/protenix/lib/python3.10/site-packages/torch/nn/modules/module.py"", line 1532, in _wrapped_call_impl
    return self._call_impl(*args, **kwargs)
  File ""<REMOTE_PROJECT_ROOT>/envs/protenix/lib/python3.10/site-packages/torch/nn/modules/module.py"", line 1541, in _call_impl
    return forward_call(*args, **kwargs)
  File ""<REMOTE_PROJECT_ROOT>/envs/protenix/lib/python3.10/site-packages/protenix/model/modules/embedders.py"", line 218, in forward
    data = torch.cat(
torch.cuda.OutOfMemoryError: CUDA out of memory. Tried to allocate 5.43 GiB. GPU 


100%|██████████| 1/1 [02:27<00:00, 147.11s/it]
100%|██████████| 1/1 [02:27<00:00, 147.11s/it]
","Try to find the ccd cache data in the code directory for inference.
[2026-06-11 19:42:11,807] [INFO] [real_accelerator.py:219:get_accelerator] Setting ds_accelerator to cuda (auto detect)
train scheduler 16.0
inference scheduler 16.0
Diffusion Module has 16.0
",,,gpu_oom
results/posebench_702_predictions/protenix_gpu/posebusters_benchmark/7QTA_URI/full_base_c1_s20_n1/output/7QTA_URI/seed_101/predictions/7QTA_URI_seed_101_summary_confidence_sample_0.json,posebusters_benchmark,4,results/posebench_702_predictions/protenix_gpu/posebusters_benchmark/7QTA_URI/full_base_c1_s20_n1/inputs/7QTA_URI.json,external/PoseBench/data/posebusters_benchmark_set/7QTA_URI/7QTA_URI_ligand.sdf,17.0,O=c1ccn([C@@H]2O[C@H](CO)[C@@H](O)[C@H]2O)c(=O)[nH]1,531.0,"A:267,B:264",protenix_base_default_v0.5.0,7QTA_URI,2.0,17.0,results/posebench_702_predictions/protenix_gpu/posebusters_benchmark/7QTA_URI/full_base_c1_s20_n1,18.512910852011053,10.0,59.0,17.0,results/posebench_702_predictions/protenix_gpu/posebusters_benchmark/7QTA_URI/full_base_c1_s20_n1/output/7QTA_URI/seed_101/predictions/7QTA_URI_seed_101_sample_0.cif,A:267;B:264,external/PoseBench/data/posebusters_benchmark_set/7QTA_URI/7QTA_URI_protein.pdb,0.10716843605041504,31.625545501708984,0.17646561563014984,0.121027871966362,20.243922680155126,0.0,93.66,ok,full_base_c1_s20_n1,15.918700343466675,False,19.294945448383178,False,results/posebench_702_predictions/protenix_gpu/posebusters_benchmark/7QTA_URI/full_base_c1_s20_n1/run_status.json,,,,,ok
results/posebench_702_predictions/protenix_gpu/posebusters_benchmark/7R3D_APR/full_base_c1_s20_n1/output/7R3D_APR/seed_101/predictions/7R3D_APR_seed_101_summary_confidence_sample_0.json,posebusters_benchmark,5,results/posebench_702_predictions/protenix_gpu/posebusters_benchmark/7R3D_APR/full_base_c1_s20_n1/inputs/7R3D_APR.json,external/PoseBench/data/posebusters_benchmark_set/7R3D_APR/7R3D_APR_ligand.sdf,36.0,Nc1ncnc2c1ncn2[C@@H]1O[C@H](CO[P@](=O)(O)O[P@@](=O)(O)OC[C@H]2O[C@@H](O)[C@H](O)[C@@H]2O)[C@@H](O)[C@H]1O,768.0,"A:383,B:385",protenix_base_default_v0.5.0,7R3D_APR,2.0,36.0,results/posebench_702_predictions/protenix_gpu/posebusters_benchmark/7R3D_APR/full_base_c1_s20_n1,16.658479823131902,10.0,93.0,36.0,results/posebench_702_predictions/protenix_gpu/posebusters_benchmark/7R3D_APR/full_base_c1_s20_n1/output/7R3D_APR/seed_101/predictions/7R3D_APR_seed_101_sample_0.cif,A:383;B:385,external/PoseBench/data/posebusters_benchmark_set/7R3D_APR/7R3D_APR_protein.pdb,0.13397826254367828,34.48378372192383,0.21392658352851868,0.14996793866157532,23.409110484374832,0.0,98.722,ok,full_base_c1_s20_n1,11.581654624757393,False,26.175943929209385,False,results/posebench_702_predictions/protenix_gpu/posebusters_benchmark/7R3D_APR/full_base_c1_s20_n1/run_status.json,,,,,ok
results/posebench_702_predictions/protenix_gpu/posebusters_benchmark/7R59_I5F/full_base_c1_s20_n1/output/7R59_I5F/seed_101/predictions/7R59_I5F_seed_101_summary_confidence_sample_0.json,posebusters_benchmark,6,results/posebench_702_predictions/protenix_gpu/posebusters_benchmark/7R59_I5F/full_base_c1_s20_n1/inputs/7R59_I5F.json,external/PoseBench/data/posebusters_benchmark_set/7R59_I5F/7R59_I5F_ligand.sdf,13.0,Oc1ccc2c(c1)sc1nncn12,347.0,A:347,protenix_base_default_v0.5.0,7R59_I5F,1.0,13.0,results/posebench_702_predictions/protenix_gpu/posebusters_benchmark/7R59_I5F/full_base_c1_s20_n1,11.843598238483944,10.0,55.0,13.0,results/posebench_702_predictions/protenix_gpu/posebusters_benchmark/7R59_I5F/full_base_c1_s20_n1/output/7R59_I5F/seed_101/predictions/7R59_I5F_seed_101_sample_0.cif,A:347,external/PoseBench/data/posebusters_benchmark_set/7R59_I5F/7R59_I5F_protein.pdb,0.272410124540329,35.63604736328125,0.25355246663093567,0.26863858103752136,20.180439099957308,0.0,76.435,ok,full_base_c1_s20_n1,8.453583897314463,False,17.17339449158624,False,results/posebench_702_predictions/protenix_gpu/posebusters_benchmark/7R59_I5F/full_base_c1_s20_n1/run_status.json,,,,,ok
,posebusters_benchmark,6,results/posebench_702_predictions/protenix_gpu/posebusters_benchmark/7R6J_2I7/full_base_c1_s20_n1/inputs/7R6J_2I7.json,external/PoseBench/data/posebusters_benchmark_set/7R6J_2I7/7R6J_2I7_ligand.sdf,33.0,Cc1cc(NCc2cccc(CN3C[C@H](O)[C@@H](O)[C@H](O)[C@H]3CO)c2)cc(-c2ncccn2)c1,,,protenix_base_default_v0.5.0,7R6J_2I7,2.0,,results/posebench_702_predictions/protenix_gpu/posebusters_benchmark/7R6J_2I7/full_base_c1_s20_n1,,,,,,A:765;B:764,external/PoseBench/data/posebusters_benchmark_set/7R6J_2I7/7R6J_2I7_protein.pdb,,,,,,0.0,122.067,failed_no_prediction_cif,full_base_c1_s20_n1,,,,,results/posebench_702_predictions/protenix_gpu/posebusters_benchmark/7R6J_2I7/full_base_c1_s20_n1/run_status.json,"x/lib/python3.10/site-packages/runner/inference.py"", line 312, in infer_predict
    prediction = runner.predict(data)
  File ""<REMOTE_PROJECT_ROOT>/envs/protenix/lib/python3.10/site-packages/torch/utils/_contextlib.py"", line 115, in decorate_context
    return func(*args, **kwargs)
  File ""<REMOTE_PROJECT_ROOT>/envs/protenix/lib/python3.10/site-packages/runner/inference.py"", line 152, in predict
    prediction, _, _ = self.model(
  File ""<REMOTE_PROJECT_ROOT>/envs/protenix/lib/python3.10/site-packages/torch/nn/modules/module.py"", line 1532, in _wrapped_call_impl
    return self._call_impl(*args, **kwargs)
  File ""<REMOTE_PROJECT_ROOT>/envs/protenix/lib/python3.10/site-packages/torch/nn/modules/module.py"", line 1541, in _call_impl
    return forward_call(*args, **kwargs)
  File ""<REMOTE_PROJECT_ROOT>/envs/protenix/lib/python3.10/site-packages/protenix/model/protenix.py"", line 722, in forward
    pred_dict, log_dict, time_tracker = self.main_inference_loop(
  File ""<REMOTE_PROJECT_ROOT>/envs/protenix/lib/python3.10/site-packages/protenix/model/protenix.py"", line 338, in main_inference_loop
    pred_dict, log_dict, time_tracker = self._main_inference_loop(
  File ""<REMOTE_PROJECT_ROOT>/envs/protenix/lib/python3.10/site-packages/protenix/model/protenix.py"", line 460, in _main_inference_loop
    ) = self.run_confidence_head(
  File ""<REMOTE_PROJECT_ROOT>/envs/protenix/lib/python3.10/site-packages/protenix/model/protenix.py"", line 303, in run_confidence_head
    return autocasting_disable_decorator(self.configs.skip_amp.confidence_head)(
  File ""<REMOTE_PROJECT_ROOT>/envs/protenix/lib/python3.10/site-packages/protenix/utils/torch_utils.py"", line 219, in new_func
    return func(
  File ""<REMOTE_PROJECT_ROOT>/envs/protenix/lib/python3.10/site-packages/torch/nn/modules/module.py"", line 1532, in _wrapped_call_impl
    return self._call_impl(*args, **kwargs)
  File ""<REMOTE_PROJECT_ROOT>/envs/protenix/lib/python3.10/site-packages/torch/nn/modules/module.py"", line 1541, in _call_impl
    return forward_call(*args, **kwargs)
  File ""<REMOTE_PROJECT_ROOT>/envs/protenix/lib/python3.10/site-packages/protenix/model/modules/confidence.py"", line 211, in forward
    self.memory_efficient_forward(
  File ""<REMOTE_PROJECT_ROOT>/envs/protenix/lib/python3.10/site-packages/protenix/model/modules/confidence.py"", line 301, in memory_efficient_forward
    s_single, z_pair = self.pairformer_stack(
  File ""<REMOTE_PROJECT_ROOT>/envs/protenix/lib/python3.10/site-packages/torch/nn/modules/module.py"", line 1532, in _wrapped_call_impl
    return self._call_impl(*args, **kwargs)
  File ""<REMOTE_PROJECT_ROOT>/envs/protenix/lib/python3.10/site-packages/torch/nn/modules/module.py"", line 1541, in _call_impl
    return forward_call(*args, **kwargs)
  File ""<REMOTE_PROJECT_ROOT>/envs/protenix/lib/python3.10/site-packages/protenix/model/modules/pairformer.py"", line 309, in forward
    s, z = checkpoint_blocks(
  File ""<REMOTE_PROJECT_ROOT>/envs/protenix/lib/python3.10/site-packages/protenix/openfold_local/utils/checkpointing.py"", line 86, in checkpoint_blocks
    return exec(blocks, args)
  File ""<REMOTE_PROJECT_ROOT>/envs/protenix/lib/python3.10/site-packages/protenix/openfold_local/utils/checkpointing.py"", line 73, in exec
    a = wrap(block(*a))
  File ""<REMOTE_PROJECT_ROOT>/envs/protenix/lib/python3.10/site-packages/torch/nn/modules/module.py"", line 1532, in _wrapped_call_impl
    return self._call_impl(*args, **kwargs)
  File ""<REMOTE_PROJECT_ROOT>/envs/protenix/lib/python3.10/site-packages/torch/nn/modules/module.py"", line 1541, in _call_impl
    return forward_call(*args, **kwargs)
  File ""<REMOTE_PROJECT_ROOT>/envs/protenix/lib/python3.10/site-packages/protenix/model/modules/pairformer.py"", line 154, in forward
    z += self.pair_transition(z)
  File ""<REMOTE_PROJECT_ROOT>/envs/protenix/lib/python3.10/site-packages/torch/nn/modules/module.py"", line 1532, in _wrapped_call_impl
    return self._call_impl(*args, **kwargs)
  File ""<REMOTE_PROJECT_ROOT>/envs/protenix/lib/python3.10/site-packages/torch/nn/modules/module.py"", line 1541, in _call_impl
    return forward_call(*args, **kwargs)
  File ""<REMOTE_PROJECT_ROOT>/envs/protenix/lib/python3.10/site-packages/protenix/model/modules/primitives.py"", line 219, in forward
    b = self.linear_no_bias_b(y)
  File ""<REMOTE_PROJECT_ROOT>/envs/protenix/lib/python3.10/site-packages/torch/nn/modules/module.py"", line 1532, in _wrapped_call_impl
    return self._call_impl(*args, **kwargs)
  File ""<REMOTE_PROJECT_ROOT>/envs/protenix/lib/python3.10/site-packages/torch/nn/modules/module.py"", line 1541, in _call_impl
    return forward_call(*args, **kwargs)
  File ""<REMOTE_PROJECT_ROOT>/envs/protenix/lib/python3.10/site-packages/protenix/model/modules/primitives.py"", line 94, in forward
    return F.linear(input, self.weight, self.bias)
torch.cuda.OutOfMemoryError: CUDA out of memory. Tried to allocate 4.65 GiB. GPU 


100%|██████████| 1/1 [01:06<00:00, 66.23s/it]
100%|██████████| 1/1 [01:06<00:00, 66.23s/it]
","Try to find the ccd cache data in the code directory for inference.
[2026-06-11 19:42:51,683] [INFO] [real_accelerator.py:219:get_accelerator] Setting ds_accelerator to cuda (auto detect)
train scheduler 16.0
inference scheduler 16.0
Diffusion Module has 16.0
",,,gpu_oom
results/posebench_702_predictions/protenix_gpu/posebusters_benchmark/7R7R_AWJ/full_base_c1_s20_n1/output/7R7R_AWJ/seed_101/predictions/7R7R_AWJ_seed_101_summary_confidence_sample_0.json,posebusters_benchmark,4,results/posebench_702_predictions/protenix_gpu/posebusters_benchmark/7R7R_AWJ/full_base_c1_s20_n1/inputs/7R7R_AWJ.json,external/PoseBench/data/posebusters_benchmark_set/7R7R_AWJ/7R7R_AWJ_ligand.sdf,33.0,Cc1nc([C@](C)(O)CO)sc1-c1cnc(N)c(O[C@H](C)c2cc(F)ccc2N2NC=CN2)c1,291.0,A:291,protenix_base_default_v0.5.0,7R7R_AWJ,1.0,33.0,results/posebench_702_predictions/protenix_gpu/posebusters_benchmark/7R7R_AWJ/full_base_c1_s20_n1,14.780595625597767,10.0,66.0,33.0,results/posebench_702_predictions/protenix_gpu/posebusters_benchmark/7R7R_AWJ/full_base_c1_s20_n1/output/7R7R_AWJ/seed_101/predictions/7R7R_AWJ_seed_101_sample_0.cif,A:291,external/PoseBench/data/posebusters_benchmark_set/7R7R_AWJ/7R7R_AWJ_protein.pdb,0.21766093373298645,29.500003814697266,0.18752525746822357,0.2116338014602661,20.709679740390612,0.0,79.742,ok,full_base_c1_s20_n1,17.312883121156236,False,15.169484292205121,False,results/posebench_702_predictions/protenix_gpu/posebusters_benchmark/7R7R_AWJ/full_base_c1_s20_n1/run_status.json,,,,,ok
results/posebench_702_predictions/protenix_gpu/posebusters_benchmark/7R9N_F97/full_base_c1_s20_n1/output/7R9N_F97/seed_101/predictions/7R9N_F97_seed_101_summary_confidence_sample_0.json,posebusters_benchmark,5,results/posebench_702_predictions/protenix_gpu/posebusters_benchmark/7R9N_F97/full_base_c1_s20_n1/inputs/7R9N_F97.json,external/PoseBench/data/posebusters_benchmark_set/7R9N_F97/7R9N_F97_ligand.sdf,31.0,CC(C)n1ncc2cnc(Nc3cc([C@@H]4CCNC4)nc(N4CCC(F)(F)C4)n3)cc21,577.0,"A:291,B:286",protenix_base_default_v0.5.0,7R9N_F97,2.0,31.0,results/posebench_702_predictions/protenix_gpu/posebusters_benchmark/7R9N_F97/full_base_c1_s20_n1,13.93464343308126,10.0,64.0,31.0,results/posebench_702_predictions/protenix_gpu/posebusters_benchmark/7R9N_F97/full_base_c1_s20_n1/output/7R9N_F97/seed_101/predictions/7R9N_F97_seed_101_sample_0.cif,A:291;B:286,external/PoseBench/data/posebusters_benchmark_set/7R9N_F97/7R9N_F97_protein.pdb,0.1231054738163948,31.557857513427734,0.16266217827796936,0.1310168206691742,23.82657325748151,0.0,97.235,ok,full_base_c1_s20_n1,26.58403936353622,False,33.29520374239931,False,results/posebench_702_predictions/protenix_gpu/posebusters_benchmark/7R9N_F97/full_base_c1_s20_n1/run_status.json,,,,,ok
results/posebench_702_predictions/protenix_gpu/posebusters_benchmark/7RC3_SAH/full_base_c1_s20_n1/output/7RC3_SAH/seed_101/predictions/7RC3_SAH_seed_101_summary_confidence_sample_0.json,posebusters_benchmark,6,results/posebench_702_predictions/protenix_gpu/posebusters_benchmark/7RC3_SAH/full_base_c1_s20_n1/inputs/7RC3_SAH.json,external/PoseBench/data/posebusters_benchmark_set/7RC3_SAH/7RC3_SAH_ligand.sdf,26.0,Nc1ncnc2c1ncn2[C@@H]1O[C@H](CSCC[C@H](N)C(=O)O)[C@@H](O)[C@H]1O,375.0,A:375,protenix_base_default_v0.5.0,7RC3_SAH,1.0,26.0,results/posebench_702_predictions/protenix_gpu/posebusters_benchmark/7RC3_SAH/full_base_c1_s20_n1,12.578650134909061,10.0,82.0,26.0,results/posebench_702_predictions/protenix_gpu/posebusters_benchmark/7RC3_SAH/full_base_c1_s20_n1/output/7RC3_SAH/seed_101/predictions/7RC3_SAH_seed_101_sample_0.cif,A:375,external/PoseBench/data/posebusters_benchmark_set/7RC3_SAH/7RC3_SAH_protein.pdb,0.2374626100063324,31.079601287841797,0.204697385430336,0.2309095710515976,19.926403657563988,0.0,87.763,ok,full_base_c1_s20_n1,13.23205422978611,False,16.07354425226369,False,results/posebench_702_predictions/protenix_gpu/posebusters_benchmark/7RC3_SAH/full_base_c1_s20_n1/run_status.json,,,,,ok
results/posebench_702_predictions/protenix_gpu/posebusters_benchmark/7REE_4LY/full_base_c1_s20_n1/output/7REE_4LY/seed_101/predictions/7REE_4LY_seed_101_summary_confidence_sample_0.json,posebusters_benchmark,7,results/posebench_702_predictions/protenix_gpu/posebusters_benchmark/7REE_4LY/full_base_c1_s20_n1/inputs/7REE_4LY.json,external/PoseBench/data/posebusters_benchmark_set/7REE_4LY/7REE_4LY_ligand.sdf,42.0,CCS(=O)(=O)N1CC(CC#N)(n2cc(-c3nc(Nc4cc(F)c(C5=CCN(C)CC5)c(F)c4)nc4[nH]ccc34)cn2)C1,290.0,A:290,protenix_base_default_v0.5.0,7REE_4LY,1.0,42.0,results/posebench_702_predictions/protenix_gpu/posebusters_benchmark/7REE_4LY/full_base_c1_s20_n1,15.253399819100279,10.0,66.0,42.0,results/posebench_702_predictions/protenix_gpu/posebusters_benchmark/7REE_4LY/full_base_c1_s20_n1/output/7REE_4LY/seed_101/predictions/7REE_4LY_seed_101_sample_0.cif,A:290,external/PoseBench/data/posebusters_benchmark_set/7REE_4LY/7REE_4LY_protein.pdb,0.251628577709198,35.54353713989258,0.19982385635375977,0.24126765131950378,21.4546854908483,0.0,90.145,ok,full_base_c1_s20_n1,13.463583487561454,False,14.657931756756636,False,results/posebench_702_predictions/protenix_gpu/posebusters_benchmark/7REE_4LY/full_base_c1_s20_n1/run_status.json,,,,,ok
results/posebench_702_predictions/protenix_gpu/posebusters_benchmark/7RH3_59O/full_base_c1_s20_n1/output/7RH3_59O/seed_101/predictions/7RH3_59O_seed_101_summary_confidence_sample_0.json,posebusters_benchmark,4,results/posebench_702_predictions/protenix_gpu/posebusters_benchmark/7RH3_59O/full_base_c1_s20_n1/inputs/7RH3_59O.json,external/PoseBench/data/posebusters_benchmark_set/7RH3_59O/7RH3_59O_ligand.sdf,34.0,CO[C@@H]1O[C@H](CO)[C@H](O)[C@H](OC(=O)c2ccc(C)cc2)[C@@H]1OC(=O)c1ccc(Cl)cc1[N+](=O)[O-],138.0,A:138,protenix_base_default_v0.5.0,7RH3_59O,1.0,34.0,results/posebench_702_predictions/protenix_gpu/posebusters_benchmark/7RH3_59O/full_base_c1_s20_n1,9.267560553928172,10.0,50.0,34.0,results/posebench_702_predictions/protenix_gpu/posebusters_benchmark/7RH3_59O/full_base_c1_s20_n1/output/7RH3_59O/seed_101/predictions/7RH3_59O_seed_101_sample_0.cif,A:138,external/PoseBench/data/posebusters_benchmark_set/7RH3_59O/7RH3_59O_protein.pdb,0.30805477499961853,46.78457260131836,0.412781298160553,0.3290000855922699,13.028963263353058,0.0,92.412,ok,full_base_c1_s20_n1,9.275643118004984,False,7.78429391776743,False,results/posebench_702_predictions/protenix_gpu/posebusters_benchmark/7RH3_59O/full_base_c1_s20_n1/run_status.json,,,,,ok
results/posebench_702_predictions/protenix_gpu/posebusters_benchmark/7RH8_UTP/full_base_c1_s20_n1/output/7RH8_UTP/seed_101/predictions/7RH8_UTP_seed_101_summary_confidence_sample_0.json,posebusters_benchmark,5,results/posebench_702_predictions/protenix_gpu/posebusters_benchmark/7RH8_UTP/full_base_c1_s20_n1/inputs/7RH8_UTP.json,external/PoseBench/data/posebusters_benchmark_set/7RH8_UTP/7RH8_UTP_ligand.sdf,29.0,O=c1ccn([C@@H]2O[C@H](CO[P@@](=O)(O)O[P@@](=O)(O)OP(=O)(O)O)[C@@H](O)[C@H]2O)c(=O)[nH]1,212.0,A:212,protenix_base_default_v0.5.0,7RH8_UTP,1.0,29.0,results/posebench_702_predictions/protenix_gpu/posebusters_benchmark/7RH8_UTP/full_base_c1_s20_n1,12.704186716280999,10.0,41.0,29.0,results/posebench_702_predictions/protenix_gpu/posebusters_benchmark/7RH8_UTP/full_base_c1_s20_n1/output/7RH8_UTP/seed_101/predictions/7RH8_UTP_seed_101_sample_0.cif,A:212,external/PoseBench/data/posebusters_benchmark_set/7RH8_UTP/7RH8_UTP_protein.pdb,0.13557477295398712,37.438331604003906,0.2669913172721863,0.16185808181762695,16.69649634000909,0.0,96.317,ok,full_base_c1_s20_n1,17.872114916353297,False,18.789802726898667,False,results/posebench_702_predictions/protenix_gpu/posebusters_benchmark/7RH8_UTP/full_base_c1_s20_n1/run_status.json,,,,,ok
results/posebench_702_predictions/protenix_gpu/posebusters_benchmark/7RKW_5TV/full_base_c1_s20_n1/output/7RKW_5TV/seed_101/predictions/7RKW_5TV_seed_101_summary_confidence_sample_0.json,posebusters_benchmark,6,results/posebench_702_predictions/protenix_gpu/posebusters_benchmark/7RKW_5TV/full_base_c1_s20_n1/inputs/7RKW_5TV.json,external/PoseBench/data/posebusters_benchmark_set/7RKW_5TV/7RKW_5TV_ligand.sdf,25.0,O=C(O[C@H](Cn1ccnc1)c1ccc(F)cc1)c1cc(Cl)cc(Cl)c1,450.0,A:450,protenix_base_default_v0.5.0,7RKW_5TV,1.0,25.0,results/posebench_702_predictions/protenix_gpu/posebusters_benchmark/7RKW_5TV/full_base_c1_s20_n1,14.511350795785631,10.0,87.0,25.0,results/posebench_702_predictions/protenix_gpu/posebusters_benchmark/7RKW_5TV/full_base_c1_s20_n1/output/7RKW_5TV/seed_101/predictions/7RKW_5TV_seed_101_sample_0.cif,A:450,external/PoseBench/data/posebusters_benchmark_set/7RKW_5TV/7RKW_5TV_protein.pdb,0.23500362038612366,35.1148567199707,0.24716100096702576,0.23743510246276855,22.299975503282536,0.0,99.595,ok,full_base_c1_s20_n1,9.713295122428145,False,13.44993223566377,False,results/posebench_702_predictions/protenix_gpu/posebusters_benchmark/7RKW_5TV/full_base_c1_s20_n1/run_status.json,,,,,ok
results/posebench_702_predictions/protenix_gpu/posebusters_benchmark/7RNI_60I/full_base_c1_s20_n1/output/7RNI_60I/seed_101/predictions/7RNI_60I_seed_101_summary_confidence_sample_0.json,posebusters_benchmark,7,results/posebench_702_predictions/protenix_gpu/posebusters_benchmark/7RNI_60I/full_base_c1_s20_n1/inputs/7RNI_60I.json,external/PoseBench/data/posebusters_benchmark_set/7RNI_60I/7RNI_60I_ligand.sdf,31.0,Cc1nn(C)c(C)c1C(=O)N1CCN(Cc2nc3ccccc3n2CC(C)(C)C)CC1,719.0,"A:315,B:404",protenix_base_default_v0.5.0,7RNI_60I,2.0,31.0,results/posebench_702_predictions/protenix_gpu/posebusters_benchmark/7RNI_60I/full_base_c1_s20_n1,16.48059335244862,10.0,85.0,31.0,results/posebench_702_predictions/protenix_gpu/posebusters_benchmark/7RNI_60I/full_base_c1_s20_n1/output/7RNI_60I/seed_101/predictions/7RNI_60I_seed_101_sample_0.cif,A:315;B:404,external/PoseBench/data/posebusters_benchmark_set/7RNI_60I/7RNI_60I_protein.pdb,0.1377885937690735,38.61109161376953,0.23926061391830444,0.1580830067396164,24.592736177912833,0.0,94.556,ok,full_base_c1_s20_n1,14.617530967174751,False,11.012418480258132,False,results/posebench_702_predictions/protenix_gpu/posebusters_benchmark/7RNI_60I/full_base_c1_s20_n1/run_status.json,,,,,ok
results/posebench_702_predictions/protenix_gpu/posebusters_benchmark/7ROR_69X/full_base_c1_s20_n1/output/7ROR_69X/seed_101/predictions/7ROR_69X_seed_101_summary_confidence_sample_0.json,posebusters_benchmark,4,results/posebench_702_predictions/protenix_gpu/posebusters_benchmark/7ROR_69X/full_base_c1_s20_n1/inputs/7ROR_69X.json,external/PoseBench/data/posebusters_benchmark_set/7ROR_69X/7ROR_69X_ligand.sdf,35.0,Nc1ncnc2c1ncn2[C@@H]1O[C@H](CO[P@](=O)(O)OC(=O)[C@@H](N)Cc2ccc(O)cc2)[C@@H](O)[C@H]1O,718.0,"A:356,B:362",protenix_base_default_v0.5.0,7ROR_69X,2.0,35.0,results/posebench_702_predictions/protenix_gpu/posebusters_benchmark/7ROR_69X/full_base_c1_s20_n1,15.192419413559106,10.0,104.0,35.0,results/posebench_702_predictions/protenix_gpu/posebusters_benchmark/7ROR_69X/full_base_c1_s20_n1/output/7ROR_69X/seed_101/predictions/7ROR_69X_seed_101_sample_0.cif,A:356;B:362,external/PoseBench/data/posebusters_benchmark_set/7ROR_69X/7ROR_69X_protein.pdb,0.1251523643732071,34.63158416748047,0.18054677546024323,0.13623124361038208,31.443033684351512,0.0,96.568,ok,full_base_c1_s20_n1,14.891123891106298,False,24.46693923603783,False,results/posebench_702_predictions/protenix_gpu/posebusters_benchmark/7ROR_69X/full_base_c1_s20_n1/run_status.json,,,,,ok
results/posebench_702_predictions/protenix_gpu/posebusters_benchmark/7ROU_66I/full_base_c1_s20_n1/output/7ROU_66I/seed_101/predictions/7ROU_66I_seed_101_summary_confidence_sample_0.json,posebusters_benchmark,5,results/posebench_702_predictions/protenix_gpu/posebusters_benchmark/7ROU_66I/full_base_c1_s20_n1/inputs/7ROU_66I.json,external/PoseBench/data/posebusters_benchmark_set/7ROU_66I/7ROU_66I_ligand.sdf,39.0,Nc1ncnc2c1c(OC(F)F)nn2[C@@H]1O[C@H](COS(=O)(=O)NC(=O)[C@@H](N)Cc2ccc(O)cc2)[C@@H](O)[C@H]1O,335.0,A:335,protenix_base_default_v0.5.0,7ROU_66I,1.0,39.0,results/posebench_702_predictions/protenix_gpu/posebusters_benchmark/7ROU_66I/full_base_c1_s20_n1,16.687527607103057,10.0,105.0,39.0,results/posebench_702_predictions/protenix_gpu/posebusters_benchmark/7ROU_66I/full_base_c1_s20_n1/output/7ROU_66I/seed_101/predictions/7ROU_66I_seed_101_sample_0.cif,A:335,external/PoseBench/data/posebusters_benchmark_set/7ROU_66I/7ROU_66I_protein.pdb,0.27719634771347046,38.27239990234375,0.30079206824302673,0.28191548585891724,18.820581154159388,0.0,82.269,ok,full_base_c1_s20_n1,14.267761294564751,False,14.539851420934365,False,results/posebench_702_predictions/protenix_gpu/posebusters_benchmark/7ROU_66I/full_base_c1_s20_n1/run_status.json,,,,,ok
results/posebench_702_predictions/protenix_gpu/posebusters_benchmark/7RPZ_6IC/full_base_c1_s20_n1/output/7RPZ_6IC/seed_101/predictions/7RPZ_6IC_seed_101_summary_confidence_sample_0.json,posebusters_benchmark,6,results/posebench_702_predictions/protenix_gpu/posebusters_benchmark/7RPZ_6IC/full_base_c1_s20_n1/inputs/7RPZ_6IC.json,external/PoseBench/data/posebusters_benchmark_set/7RPZ_6IC/7RPZ_6IC_ligand.sdf,44.0,C#Cc1c(F)ccc2cc(O)cc(-c3ncc4c(N5C[C@H]6CC[C@@H](C5)N6)nc(OC[C@@]56CCCN5C[C@H](F)C6)nc4c3F)c12,168.0,A:168,protenix_base_default_v0.5.0,7RPZ_6IC,1.0,44.0,results/posebench_702_predictions/protenix_gpu/posebusters_benchmark/7RPZ_6IC/full_base_c1_s20_n1,8.778568364687931,10.0,63.0,44.0,results/posebench_702_predictions/protenix_gpu/posebusters_benchmark/7RPZ_6IC/full_base_c1_s20_n1/output/7RPZ_6IC/seed_101/predictions/7RPZ_6IC_seed_101_sample_0.cif,A:168,external/PoseBench/data/posebusters_benchmark_set/7RPZ_6IC/7RPZ_6IC_protein.pdb,0.24049411714076996,37.879547119140625,0.27382776141166687,0.24716085195541382,14.325622967373796,0.0,69.665,ok,full_base_c1_s20_n1,15.687286334327291,False,17.252883129912828,False,results/posebench_702_predictions/protenix_gpu/posebusters_benchmark/7RPZ_6IC/full_base_c1_s20_n1/run_status.json,,,,,ok
results/posebench_702_predictions/protenix_gpu/posebusters_benchmark/7RSV_7IQ/full_base_c1_s20_n1/output/7RSV_7IQ/seed_101/predictions/7RSV_7IQ_seed_101_summary_confidence_sample_0.json,posebusters_benchmark,7,results/posebench_702_predictions/protenix_gpu/posebusters_benchmark/7RSV_7IQ/full_base_c1_s20_n1/inputs/7RSV_7IQ.json,external/PoseBench/data/posebusters_benchmark_set/7RSV_7IQ/7RSV_7IQ_ligand.sdf,20.0,C[C@@H]1COCCN1c1cc2n(n1)[C@@H]1CCC[C@@H]1NC2=O,1063.0,"A:529,B:534",protenix_base_default_v0.5.0,7RSV_7IQ,2.0,20.0,results/posebench_702_predictions/protenix_gpu/posebusters_benchmark/7RSV_7IQ/full_base_c1_s20_n1,11.532794432065078,10.0,60.0,20.0,results/posebench_702_predictions/protenix_gpu/posebusters_benchmark/7RSV_7IQ/full_base_c1_s20_n1/output/7RSV_7IQ/seed_101/predictions/7RSV_7IQ_seed_101_sample_0.cif,A:529;B:534,external/PoseBench/data/posebusters_benchmark_set/7RSV_7IQ/7RSV_7IQ_protein.pdb,0.13748407363891602,38.792236328125,0.21175846457481384,0.15233895182609558,30.292855967131658,0.0,96.264,ok,full_base_c1_s20_n1,23.040375948820515,False,20.344375467321573,False,results/posebench_702_predictions/protenix_gpu/posebusters_benchmark/7RSV_7IQ/full_base_c1_s20_n1/run_status.json,,,,,ok
results/posebench_702_predictions/protenix_gpu/posebusters_benchmark/7RUI_7QZ/full_base_c1_s20_n1/output/7RUI_7QZ/seed_101/predictions/7RUI_7QZ_seed_101_summary_confidence_sample_0.json,posebusters_benchmark,4,results/posebench_702_predictions/protenix_gpu/posebusters_benchmark/7RUI_7QZ/full_base_c1_s20_n1/inputs/7RUI_7QZ.json,external/PoseBench/data/posebusters_benchmark_set/7RUI_7QZ/7RUI_7QZ_ligand.sdf,51.0,Cn1cc(-c2cc(NS(=O)(=O)CC(F)(F)F)c3ccn(C(C)(c4ccccn4)c4ccccn4)c3c2)cc(NC(=O)Nc2ccccc2F)c1=O,127.0,A:127,protenix_base_default_v0.5.0,7RUI_7QZ,1.0,51.0,results/posebench_702_predictions/protenix_gpu/posebusters_benchmark/7RUI_7QZ/full_base_c1_s20_n1,11.765264068391842,10.0,52.0,51.0,results/posebench_702_predictions/protenix_gpu/posebusters_benchmark/7RUI_7QZ/full_base_c1_s20_n1/output/7RUI_7QZ/seed_101/predictions/7RUI_7QZ_seed_101_sample_0.cif,A:127,external/PoseBench/data/posebusters_benchmark_set/7RUI_7QZ/7RUI_7QZ_protein.pdb,0.20306764543056488,43.25923156738281,0.3083907663822174,0.22413226962089539,16.688879223794736,0.0,75.819,ok,full_base_c1_s20_n1,8.431654616860342,False,10.606504364965126,False,results/posebench_702_predictions/protenix_gpu/posebusters_benchmark/7RUI_7QZ/full_base_c1_s20_n1/run_status.json,,,,,ok
results/posebench_702_predictions/protenix_gpu/posebusters_benchmark/7RWO_7WN/full_base_c1_s20_n1/output/7RWO_7WN/seed_101/predictions/7RWO_7WN_seed_101_summary_confidence_sample_0.json,posebusters_benchmark,5,results/posebench_702_predictions/protenix_gpu/posebusters_benchmark/7RWO_7WN/full_base_c1_s20_n1/inputs/7RWO_7WN.json,external/PoseBench/data/posebusters_benchmark_set/7RWO_7WN/7RWO_7WN_ligand.sdf,20.0,Cn1ncc(Nc2ccc3c(c2)CNCC3)c(Cl)c1=O,119.0,A:119,protenix_base_default_v0.5.0,7RWO_7WN,1.0,20.0,results/posebench_702_predictions/protenix_gpu/posebusters_benchmark/7RWO_7WN/full_base_c1_s20_n1,13.735581462245639,10.0,44.0,20.0,results/posebench_702_predictions/protenix_gpu/posebusters_benchmark/7RWO_7WN/full_base_c1_s20_n1/output/7RWO_7WN/seed_101/predictions/7RWO_7WN_seed_101_sample_0.cif,A:119,external/PoseBench/data/posebusters_benchmark_set/7RWO_7WN/7RWO_7WN_protein.pdb,0.20809459686279297,53.71144485473633,0.3728559911251068,0.24104687571525574,14.451753011305952,0.0,76.352,ok,full_base_c1_s20_n1,14.664547858120667,False,19.443536088567726,False,results/posebench_702_predictions/protenix_gpu/posebusters_benchmark/7RWO_7WN/full_base_c1_s20_n1/run_status.json,,,,,ok
results/posebench_702_predictions/protenix_gpu/posebusters_benchmark/7RWS_4UR/full_base_c1_s20_n1/output/7RWS_4UR/seed_101/predictions/7RWS_4UR_seed_101_summary_confidence_sample_0.json,posebusters_benchmark,6,results/posebench_702_predictions/protenix_gpu/posebusters_benchmark/7RWS_4UR/full_base_c1_s20_n1/inputs/7RWS_4UR.json,external/PoseBench/data/posebusters_benchmark_set/7RWS_4UR/7RWS_4UR_ligand.sdf,45.0,Nc1nc2c(ncn2[C@@H]2O[C@@H]3CO[P@@](=O)(O)O[C@@H]4[C@H](O)[C@@H](CO[P@](=O)(O)O[C@H]3[C@H]2O)O[C@H]4n2cnc3c(N)ncnc32)c(=O)[nH]1,255.0,A:255,protenix_base_default_v0.5.0,7RWS_4UR,1.0,45.0,results/posebench_702_predictions/protenix_gpu/posebusters_benchmark/7RWS_4UR/full_base_c1_s20_n1,11.235803566675571,10.0,65.0,45.0,results/posebench_702_predictions/protenix_gpu/posebusters_benchmark/7RWS_4UR/full_base_c1_s20_n1/output/7RWS_4UR/seed_101/predictions/7RWS_4UR_seed_101_sample_0.cif,A:255,external/PoseBench/data/posebusters_benchmark_set/7RWS_4UR/7RWS_4UR_protein.pdb,0.2013872116804123,29.611385345458984,0.20339073240756989,0.20178791880607605,18.576558206122115,0.0,77.199,ok,full_base_c1_s20_n1,17.280200453325698,False,24.8535250252936,False,results/posebench_702_predictions/protenix_gpu/posebusters_benchmark/7RWS_4UR/full_base_c1_s20_n1/run_status.json,,,,,ok
results/posebench_702_predictions/protenix_gpu/posebusters_benchmark/7RZL_NPO/full_base_c1_s20_n1/output/7RZL_NPO/seed_101/predictions/7RZL_NPO_seed_101_summary_confidence_sample_0.json,posebusters_benchmark,7,results/posebench_702_predictions/protenix_gpu/posebusters_benchmark/7RZL_NPO/full_base_c1_s20_n1/inputs/7RZL_NPO.json,external/PoseBench/data/posebusters_benchmark_set/7RZL_NPO/7RZL_NPO_ligand.sdf,10.0,O=[N+]([O-])c1ccc(O)cc1,439.0,"A:222,B:217",protenix_base_default_v0.5.0,7RZL_NPO,2.0,10.0,results/posebench_702_predictions/protenix_gpu/posebusters_benchmark/7RZL_NPO/full_base_c1_s20_n1,15.407317893362183,10.0,51.0,10.0,results/posebench_702_predictions/protenix_gpu/posebusters_benchmark/7RZL_NPO/full_base_c1_s20_n1/output/7RZL_NPO/seed_101/predictions/7RZL_NPO_seed_101_sample_0.cif,A:222;B:217,external/PoseBench/data/posebusters_benchmark_set/7RZL_NPO/7RZL_NPO_protein.pdb,0.20125728845596313,44.861507415771484,0.30148646235466003,0.22130313515663147,25.592015681710635,0.0,88.405,ok,full_base_c1_s20_n1,21.54826976393658,False,19.763255049259328,False,results/posebench_702_predictions/protenix_gpu/posebusters_benchmark/7RZL_NPO/full_base_c1_s20_n1/run_status.json,,,,,ok
results/posebench_702_predictions/protenix_gpu/posebusters_benchmark/7S45_ACO/full_base_c1_s20_n1/output/7S45_ACO/seed_101/predictions/7S45_ACO_seed_101_summary_confidence_sample_0.json,posebusters_benchmark,4,results/posebench_702_predictions/protenix_gpu/posebusters_benchmark/7S45_ACO/full_base_c1_s20_n1/inputs/7S45_ACO.json,external/PoseBench/data/posebusters_benchmark_set/7S45_ACO/7S45_ACO_ligand.sdf,51.0,CC(=O)SCCNC(=O)CCNC(=O)[C@H](O)C(C)(C)CO[P@@](=O)(O)O[P@@](=O)(O)OC[C@H]1O[C@@H](n2cnc3c(N)ncnc32)[C@H](O)[C@@H]1OP(=O)(O)O,141.0,A:141,protenix_base_default_v0.5.0,7S45_ACO,1.0,51.0,results/posebench_702_predictions/protenix_gpu/posebusters_benchmark/7S45_ACO/full_base_c1_s20_n1,11.521551492066179,10.0,39.0,51.0,results/posebench_702_predictions/protenix_gpu/posebusters_benchmark/7S45_ACO/full_base_c1_s20_n1/output/7S45_ACO/seed_101/predictions/7S45_ACO_seed_101_sample_0.cif,A:141,external/PoseBench/data/posebusters_benchmark_set/7S45_ACO/7S45_ACO_protein.pdb,0.21116848289966583,34.84982681274414,0.24210476875305176,0.21735574305057526,13.272648504455745,0.0,86.064,ok,full_base_c1_s20_n1,18.612713065120957,False,21.667119057301743,False,results/posebench_702_predictions/protenix_gpu/posebusters_benchmark/7S45_ACO/full_base_c1_s20_n1/run_status.json,,,,,ok
results/posebench_702_predictions/protenix_gpu/posebusters_benchmark/7S9H_7PP/full_base_c1_s20_n1/output/7S9H_7PP/seed_101/predictions/7S9H_7PP_seed_101_summary_confidence_sample_0.json,posebusters_benchmark,5,results/posebench_702_predictions/protenix_gpu/posebusters_benchmark/7S9H_7PP/full_base_c1_s20_n1/inputs/7S9H_7PP.json,external/PoseBench/data/posebusters_benchmark_set/7S9H_7PP/7S9H_7PP_ligand.sdf,29.0,COc1c(C)cnc(Cn2cc(C#CCC(C)(C)O)c3c(Cl)nc(N)nc32)c1C,209.0,A:209,protenix_base_default_v0.5.0,7S9H_7PP,1.0,29.0,results/posebench_702_predictions/protenix_gpu/posebusters_benchmark/7S9H_7PP/full_base_c1_s20_n1,11.356245994730198,10.0,80.0,29.0,results/posebench_702_predictions/protenix_gpu/posebusters_benchmark/7S9H_7PP/full_base_c1_s20_n1/output/7S9H_7PP/seed_101/predictions/7S9H_7PP_seed_101_sample_0.cif,A:209,external/PoseBench/data/posebusters_benchmark_set/7S9H_7PP/7S9H_7PP_protein.pdb,0.27802374958992004,37.064430236816406,0.24898645281791687,0.2722162902355194,10.843034399447461,0.0,93.873,ok,full_base_c1_s20_n1,6.364067494732656,False,6.230477897923415,False,results/posebench_702_predictions/protenix_gpu/posebusters_benchmark/7S9H_7PP/full_base_c1_s20_n1/run_status.json,,,,,ok
results/posebench_702_predictions/protenix_gpu/posebusters_benchmark/7SCW_GSP/full_base_c1_s20_n1/output/7SCW_GSP/seed_101/predictions/7SCW_GSP_seed_101_summary_confidence_sample_0.json,posebusters_benchmark,6,results/posebench_702_predictions/protenix_gpu/posebusters_benchmark/7SCW_GSP/full_base_c1_s20_n1/inputs/7SCW_GSP.json,external/PoseBench/data/posebusters_benchmark_set/7SCW_GSP/7SCW_GSP_ligand.sdf,32.0,Nc1nc2c(ncn2[C@@H]2O[C@H](CO[P@](=O)(O)O[P@](=O)(O)OP(O)(O)=S)[C@@H](O)[C@H]2O)c(=O)[nH]1,257.0,"A:171,B:86",protenix_base_default_v0.5.0,7SCW_GSP,2.0,32.0,results/posebench_702_predictions/protenix_gpu/posebusters_benchmark/7SCW_GSP/full_base_c1_s20_n1,9.795028945184399,10.0,70.0,32.0,results/posebench_702_predictions/protenix_gpu/posebusters_benchmark/7SCW_GSP/full_base_c1_s20_n1/output/7SCW_GSP/seed_101/predictions/7SCW_GSP_seed_101_sample_0.cif,A:171;B:86,external/PoseBench/data/posebusters_benchmark_set/7SCW_GSP/7SCW_GSP_protein.pdb,0.1838405728340149,50.37451934814453,0.42131707072257996,0.23133587837219238,12.66474829581064,0.0,87.255,ok,full_base_c1_s20_n1,8.35014136030752,False,10.59098162623949,False,results/posebench_702_predictions/protenix_gpu/posebusters_benchmark/7SCW_GSP/full_base_c1_s20_n1/run_status.json,,,,,ok
results/posebench_702_predictions/protenix_gpu/posebusters_benchmark/7SDD_4IP/full_base_c1_s20_n1/output/7SDD_4IP/seed_101/predictions/7SDD_4IP_seed_101_summary_confidence_sample_0.json,posebusters_benchmark,7,results/posebench_702_predictions/protenix_gpu/posebusters_benchmark/7SDD_4IP/full_base_c1_s20_n1/inputs/7SDD_4IP.json,external/PoseBench/data/posebusters_benchmark_set/7SDD_4IP/7SDD_4IP_ligand.sdf,28.0,O=P(O)(O)O[C@H]1[C@H](O)[C@@H](OP(=O)(O)O)[C@H](OP(=O)(O)O)[C@@H](OP(=O)(O)O)[C@H]1O,288.0,A:288,protenix_base_default_v0.5.0,7SDD_4IP,1.0,28.0,results/posebench_702_predictions/protenix_gpu/posebusters_benchmark/7SDD_4IP/full_base_c1_s20_n1,13.039302376349186,10.0,72.0,28.0,results/posebench_702_predictions/protenix_gpu/posebusters_benchmark/7SDD_4IP/full_base_c1_s20_n1/output/7SDD_4IP/seed_101/predictions/7SDD_4IP_seed_101_sample_0.cif,A:288,external/PoseBench/data/posebusters_benchmark_set/7SDD_4IP/7SDD_4IP_protein.pdb,0.28844594955444336,32.824222564697266,0.1887938380241394,0.26851552724838257,18.184187491559115,0.0,82.257,ok,full_base_c1_s20_n1,19.09840900797679,False,14.892791870225764,False,results/posebench_702_predictions/protenix_gpu/posebusters_benchmark/7SDD_4IP/full_base_c1_s20_n1/run_status.json,,,,,ok
results/posebench_702_predictions/protenix_gpu/posebusters_benchmark/7SED_8VD/full_base_c1_s20_n1/output/7SED_8VD/seed_101/predictions/7SED_8VD_seed_101_summary_confidence_sample_0.json,posebusters_benchmark,4,results/posebench_702_predictions/protenix_gpu/posebusters_benchmark/7SED_8VD/full_base_c1_s20_n1/inputs/7SED_8VD.json,external/PoseBench/data/posebusters_benchmark_set/7SED_8VD/7SED_8VD_ligand.sdf,17.0,FC(F)(F)c1cc(NC2CCNCC2)ncn1,227.0,A:227,protenix_base_default_v0.5.0,7SED_8VD,1.0,17.0,results/posebench_702_predictions/protenix_gpu/posebusters_benchmark/7SED_8VD/full_base_c1_s20_n1,12.815282207591864,10.0,50.0,17.0,results/posebench_702_predictions/protenix_gpu/posebusters_benchmark/7SED_8VD/full_base_c1_s20_n1/output/7SED_8VD/seed_101/predictions/7SED_8VD_seed_101_sample_0.cif,A:227,external/PoseBench/data/posebusters_benchmark_set/7SED_8VD/7SED_8VD_protein.pdb,0.19093719124794006,31.872770309448242,0.18310987949371338,0.1893717348575592,16.649307854543775,0.0,89.145,ok,full_base_c1_s20_n1,11.276164115725472,False,15.050567685464282,False,results/posebench_702_predictions/protenix_gpu/posebusters_benchmark/7SED_8VD/full_base_c1_s20_n1/run_status.json,,,,,ok
results/posebench_702_predictions/protenix_gpu/posebusters_benchmark/7SFO_98L/full_base_c1_s20_n1/output/7SFO_98L/seed_101/predictions/7SFO_98L_seed_101_summary_confidence_sample_0.json,posebusters_benchmark,5,results/posebench_702_predictions/protenix_gpu/posebusters_benchmark/7SFO_98L/full_base_c1_s20_n1/inputs/7SFO_98L.json,external/PoseBench/data/posebusters_benchmark_set/7SFO_98L/7SFO_98L_ligand.sdf,25.0,Oc1cccc(CNc2nc(Cl)nc3scc(-c4ccccc4)c23)c1,466.0,"A:220,B:229,C:7,D:10",protenix_base_default_v0.5.0,7SFO_98L,4.0,25.0,results/posebench_702_predictions/protenix_gpu/posebusters_benchmark/7SFO_98L/full_base_c1_s20_n1,11.296708698767851,10.0,81.0,25.0,results/posebench_702_predictions/protenix_gpu/posebusters_benchmark/7SFO_98L/full_base_c1_s20_n1/output/7SFO_98L/seed_101/predictions/7SFO_98L_seed_101_sample_0.cif,A:220;B:229;C:7;D:10,external/PoseBench/data/posebusters_benchmark_set/7SFO_98L/7SFO_98L_protein.pdb,0.09887541085481644,42.083255767822266,0.2153698354959488,0.12217430025339127,23.69605941264611,0.0,109.791,ok,full_base_c1_s20_n1,20.092785920746685,False,16.54183912024596,False,results/posebench_702_predictions/protenix_gpu/posebusters_benchmark/7SFO_98L/full_base_c1_s20_n1/run_status.json,,,,,ok
results/posebench_702_predictions/protenix_gpu/posebusters_benchmark/7SGV_L30/full_base_c1_s20_n1/output/7SGV_L30/seed_101/predictions/7SGV_L30_seed_101_summary_confidence_sample_0.json,posebusters_benchmark,6,results/posebench_702_predictions/protenix_gpu/posebusters_benchmark/7SGV_L30/full_base_c1_s20_n1/inputs/7SGV_L30.json,external/PoseBench/data/posebusters_benchmark_set/7SGV_L30/7SGV_L30_ligand.sdf,19.0,O=C(Nc1cccc2ccccc12)c1cccnc1,308.0,A:308,protenix_base_default_v0.5.0,7SGV_L30,1.0,19.0,results/posebench_702_predictions/protenix_gpu/posebusters_benchmark/7SGV_L30/full_base_c1_s20_n1,12.831543339315912,10.0,41.0,19.0,results/posebench_702_predictions/protenix_gpu/posebusters_benchmark/7SGV_L30/full_base_c1_s20_n1/output/7SGV_L30/seed_101/predictions/7SGV_L30_seed_101_sample_0.cif,A:308,external/PoseBench/data/posebusters_benchmark_set/7SGV_L30/7SGV_L30_protein.pdb,0.2096807360649109,30.03273582458496,0.20083679258823395,0.20791195333003998,21.76553577341596,0.0,113.766,ok,full_base_c1_s20_n1,12.475233733185943,False,23.622457941158938,False,results/posebench_702_predictions/protenix_gpu/posebusters_benchmark/7SGV_L30/full_base_c1_s20_n1/run_status.json,,,,,ok
results/posebench_702_predictions/protenix_gpu/posebusters_benchmark/7SIU_9ID/full_base_c1_s20_n1/output/7SIU_9ID/seed_101/predictions/7SIU_9ID_seed_101_summary_confidence_sample_0.json,posebusters_benchmark,7,results/posebench_702_predictions/protenix_gpu/posebusters_benchmark/7SIU_9ID/full_base_c1_s20_n1/inputs/7SIU_9ID.json,external/PoseBench/data/posebusters_benchmark_set/7SIU_9ID/7SIU_9ID_ligand.sdf,31.0,Cn1cc(Nc2ncc(C3=CCC[C@@H](NC(=O)c4ccccc4)C3)nc2C(N)=O)cn1,579.0,"A:295,B:284",protenix_base_default_v0.5.0,7SIU_9ID,2.0,31.0,results/posebench_702_predictions/protenix_gpu/posebusters_benchmark/7SIU_9ID/full_base_c1_s20_n1,16.06958141633371,10.0,82.0,31.0,results/posebench_702_predictions/protenix_gpu/posebusters_benchmark/7SIU_9ID/full_base_c1_s20_n1/output/7SIU_9ID/seed_101/predictions/7SIU_9ID_seed_101_sample_0.cif,A:295;B:284,external/PoseBench/data/posebusters_benchmark_set/7SIU_9ID/7SIU_9ID_protein.pdb,0.11392558366060257,30.02305030822754,0.1587582677602768,0.12289212644100189,22.475957845795158,0.0,115.612,ok,full_base_c1_s20_n1,16.662610220485305,False,15.124337865510913,False,results/posebench_702_predictions/protenix_gpu/posebusters_benchmark/7SIU_9ID/full_base_c1_s20_n1/run_status.json,,,,,ok
results/posebench_702_predictions/protenix_gpu/posebusters_benchmark/7SNE_9XR/full_base_c1_s20_n1/output/7SNE_9XR/seed_101/predictions/7SNE_9XR_seed_101_summary_confidence_sample_0.json,posebusters_benchmark,4,results/posebench_702_predictions/protenix_gpu/posebusters_benchmark/7SNE_9XR/full_base_c1_s20_n1/inputs/7SNE_9XR.json,external/PoseBench/data/posebusters_benchmark_set/7SNE_9XR/7SNE_9XR_ligand.sdf,45.0,NC(=O)c1cccc(N[C@H]2O[C@H](CO[P@](=O)(O)O[P@@](=O)(O)OC[C@H]3O[C@@H](n4cnc5c(N)ncnc54)[C@H](O)[C@@H]3O)[C@@H](O)[C@H]2O)c1,722.0,"A:180,B:181,C:180,D:181",protenix_base_default_v0.5.0,7SNE_9XR,4.0,45.0,results/posebench_702_predictions/protenix_gpu/posebusters_benchmark/7SNE_9XR/full_base_c1_s20_n1,13.656628045682249,10.0,79.0,45.0,results/posebench_702_predictions/protenix_gpu/posebusters_benchmark/7SNE_9XR/full_base_c1_s20_n1/output/7SNE_9XR/seed_101/predictions/7SNE_9XR_seed_101_sample_0.cif,A:180;B:181;C:180;D:181,external/PoseBench/data/posebusters_benchmark_set/7SNE_9XR/7SNE_9XR_protein.pdb,0.13504450023174286,28.986894607543945,0.17723552882671356,0.14348271489143372,26.101762102921256,0.0,118.945,ok,full_base_c1_s20_n1,17.10236375060912,False,36.23334975025537,False,results/posebench_702_predictions/protenix_gpu/posebusters_benchmark/7SNE_9XR/full_base_c1_s20_n1/run_status.json,,,,,ok
results/posebench_702_predictions/protenix_gpu/posebusters_benchmark/7SSM_B7L/full_base_c1_s20_n1/output/7SSM_B7L/seed_101/predictions/7SSM_B7L_seed_101_summary_confidence_sample_0.json,posebusters_benchmark,5,results/posebench_702_predictions/protenix_gpu/posebusters_benchmark/7SSM_B7L/full_base_c1_s20_n1/inputs/7SSM_B7L.json,external/PoseBench/data/posebusters_benchmark_set/7SSM_B7L/7SSM_B7L_ligand.sdf,25.0,O=C(O)c1cccc2cc(CNC(=O)c3cnn4cccnc34)oc12,169.0,A:169,protenix_base_default_v0.5.0,7SSM_B7L,1.0,25.0,results/posebench_702_predictions/protenix_gpu/posebusters_benchmark/7SSM_B7L/full_base_c1_s20_n1,13.890768035095629,10.0,53.0,25.0,results/posebench_702_predictions/protenix_gpu/posebusters_benchmark/7SSM_B7L/full_base_c1_s20_n1/output/7SSM_B7L/seed_101/predictions/7SSM_B7L_seed_101_sample_0.cif,A:169,external/PoseBench/data/posebusters_benchmark_set/7SSM_B7L/7SSM_B7L_protein.pdb,0.23438352346420288,38.678733825683594,0.2687787115573883,0.24126257002353668,16.131649178410594,0.0,86.554,ok,full_base_c1_s20_n1,10.411482473519692,False,8.80592732064825,False,results/posebench_702_predictions/protenix_gpu/posebusters_benchmark/7SSM_B7L/full_base_c1_s20_n1/run_status.json,,,,,ok
,posebusters_benchmark,7,results/posebench_702_predictions/protenix_gpu/posebusters_benchmark/7SUC_COM/full_base_c1_s20_n1/inputs/7SUC_COM.json,external/PoseBench/data/posebusters_benchmark_set/7SUC_COM/7SUC_COM_ligand.sdf,7.0,O=S(=O)(O)CCS,,,protenix_base_default_v0.5.0,7SUC_COM,6.0,,results/posebench_702_predictions/protenix_gpu/posebusters_benchmark/7SUC_COM/full_base_c1_s20_n1,,,,,,A:542;B:442;C:246;a:542;b:442;c:246,external/PoseBench/data/posebusters_benchmark_set/7SUC_COM/7SUC_COM_protein.pdb,,,,,,0.0,76.784,failed_no_prediction_cif,full_base_c1_s20_n1,,,,,results/posebench_702_predictions/protenix_gpu/posebusters_benchmark/7SUC_COM/full_base_c1_s20_n1/run_status.json,"site-packages/runner/inference.py:329] INFO runner.inference: [Rank 0]7SUC_COM CUDA out of memory. Tried to allocate 5.80 GiB. GPU :
Traceback (most recent call last):
  File ""<REMOTE_PROJECT_ROOT>/envs/protenix/lib/python3.10/site-packages/runner/inference.py"", line 312, in infer_predict
    prediction = runner.predict(data)
  File ""<REMOTE_PROJECT_ROOT>/envs/protenix/lib/python3.10/site-packages/torch/utils/_contextlib.py"", line 115, in decorate_context
    return func(*args, **kwargs)
  File ""<REMOTE_PROJECT_ROOT>/envs/protenix/lib/python3.10/site-packages/runner/inference.py"", line 152, in predict
    prediction, _, _ = self.model(
  File ""<REMOTE_PROJECT_ROOT>/envs/protenix/lib/python3.10/site-packages/torch/nn/modules/module.py"", line 1532, in _wrapped_call_impl
    return self._call_impl(*args, **kwargs)
  File ""<REMOTE_PROJECT_ROOT>/envs/protenix/lib/python3.10/site-packages/torch/nn/modules/module.py"", line 1541, in _call_impl
    return forward_call(*args, **kwargs)
  File ""<REMOTE_PROJECT_ROOT>/envs/protenix/lib/python3.10/site-packages/protenix/model/protenix.py"", line 722, in forward
    pred_dict, log_dict, time_tracker = self.main_inference_loop(
  File ""<REMOTE_PROJECT_ROOT>/envs/protenix/lib/python3.10/site-packages/protenix/model/protenix.py"", line 338, in main_inference_loop
    pred_dict, log_dict, time_tracker = self._main_inference_loop(
  File ""<REMOTE_PROJECT_ROOT>/envs/protenix/lib/python3.10/site-packages/protenix/model/protenix.py"", line 399, in _main_inference_loop
    s_inputs, s, z = self.get_pairformer_output(
  File ""<REMOTE_PROJECT_ROOT>/envs/protenix/lib/python3.10/site-packages/protenix/model/protenix.py"", line 211, in get_pairformer_output
    z = self.msa_module(
  File ""<REMOTE_PROJECT_ROOT>/envs/protenix/lib/python3.10/site-packages/torch/nn/modules/module.py"", line 1532, in _wrapped_call_impl
    return self._call_impl(*args, **kwargs)
  File ""<REMOTE_PROJECT_ROOT>/envs/protenix/lib/python3.10/site-packages/torch/nn/modules/module.py"", line 1541, in _call_impl
    return forward_call(*args, **kwargs)
  File ""<REMOTE_PROJECT_ROOT>/envs/protenix/lib/python3.10/site-packages/protenix/model/modules/pairformer.py"", line 889, in forward
    msa_sample, z = checkpoint_blocks(
  File ""<REMOTE_PROJECT_ROOT>/envs/protenix/lib/python3.10/site-packages/protenix/openfold_local/utils/checkpointing.py"", line 86, in checkpoint_blocks
    return exec(blocks, args)
  File ""<REMOTE_PROJECT_ROOT>/envs/protenix/lib/python3.10/site-packages/protenix/openfold_local/utils/checkpointing.py"", line 73, in exec
    a = wrap(block(*a))
  File ""<REMOTE_PROJECT_ROOT>/envs/protenix/lib/python3.10/site-packages/protenix/model/modules/pairformer.py"", line 759, in clear_cache
    return b(*args, **kwargs)
  File ""<REMOTE_PROJECT_ROOT>/envs/protenix/lib/python3.10/site-packages/torch/nn/modules/module.py"", line 1532, in _wrapped_call_impl
    return self._call_impl(*args, **kwargs)
  File ""<REMOTE_PROJECT_ROOT>/envs/protenix/lib/python3.10/site-packages/torch/nn/modules/module.py"", line 1541, in _call_impl
    return forward_call(*args, **kwargs)
  File ""<REMOTE_PROJECT_ROOT>/envs/protenix/lib/python3.10/site-packages/protenix/model/modules/pairformer.py"", line 633, in forward
    _, z = self.pair_stack(
  File ""<REMOTE_PROJECT_ROOT>/envs/protenix/lib/python3.10/site-packages/torch/nn/modules/module.py"", line 1532, in _wrapped_call_impl
    return self._call_impl(*args, **kwargs)
  File ""<REMOTE_PROJECT_ROOT>/envs/protenix/lib/python3.10/site-packages/torch/nn/modules/module.py"", line 1541, in _call_impl
    return forward_call(*args, **kwargs)
  File ""<REMOTE_PROJECT_ROOT>/envs/protenix/lib/python3.10/site-packages/protenix/model/modules/pairformer.py"", line 154, in forward
    z += self.pair_transition(z)
  File ""<REMOTE_PROJECT_ROOT>/envs/protenix/lib/python3.10/site-packages/torch/nn/modules/module.py"", line 1532, in _wrapped_call_impl
    return self._call_impl(*args, **kwargs)
  File ""<REMOTE_PROJECT_ROOT>/envs/protenix/lib/python3.10/site-packages/torch/nn/modules/module.py"", line 1541, in _call_impl
    return forward_call(*args, **kwargs)
  File ""<REMOTE_PROJECT_ROOT>/envs/protenix/lib/python3.10/site-packages/protenix/model/modules/primitives.py"", line 219, in forward
    b = self.linear_no_bias_b(y)
  File ""<REMOTE_PROJECT_ROOT>/envs/protenix/lib/python3.10/site-packages/torch/nn/modules/module.py"", line 1532, in _wrapped_call_impl
    return self._call_impl(*args, **kwargs)
  File ""<REMOTE_PROJECT_ROOT>/envs/protenix/lib/python3.10/site-packages/torch/nn/modules/module.py"", line 1541, in _call_impl
    return forward_call(*args, **kwargs)
  File ""<REMOTE_PROJECT_ROOT>/envs/protenix/lib/python3.10/site-packages/protenix/model/modules/primitives.py"", line 94, in forward
    return F.linear(input, self.weight, self.bias)
torch.cuda.OutOfMemoryError: CUDA out of memory. Tried to allocate 5.80 GiB. GPU 


100%|██████████| 1/1 [00:19<00:00, 19.68s/it]
100%|██████████| 1/1 [00:19<00:00, 19.68s/it]
","Try to find the ccd cache data in the code directory for inference.
[2026-06-11 19:43:22,046] [INFO] [real_accelerator.py:219:get_accelerator] Setting ds_accelerator to cuda (auto detect)
train scheduler 16.0
inference scheduler 16.0
Diffusion Module has 16.0
",,,gpu_oom
results/posebench_702_predictions/protenix_gpu/posebusters_benchmark/7SZA_DUI/full_base_c1_s20_n1/output/7SZA_DUI/seed_101/predictions/7SZA_DUI_seed_101_summary_confidence_sample_0.json,posebusters_benchmark,7,results/posebench_702_predictions/protenix_gpu/posebusters_benchmark/7SZA_DUI/full_base_c1_s20_n1/inputs/7SZA_DUI.json,external/PoseBench/data/posebusters_benchmark_set/7SZA_DUI/7SZA_DUI_ligand.sdf,20.0,Nc1cccc2c1C(=O)N([C@@H]1CCC(=O)NC1=O)C2=O,811.0,"A:233,B:177,C:225,D:176",protenix_base_default_v0.5.0,7SZA_DUI,4.0,20.0,results/posebench_702_predictions/protenix_gpu/posebusters_benchmark/7SZA_DUI/full_base_c1_s20_n1,12.308483589620604,10.0,56.0,20.0,results/posebench_702_predictions/protenix_gpu/posebusters_benchmark/7SZA_DUI/full_base_c1_s20_n1/output/7SZA_DUI/seed_101/predictions/7SZA_DUI_seed_101_sample_0.cif,A:233;B:177;C:225;D:176,external/PoseBench/data/posebusters_benchmark_set/7SZA_DUI/7SZA_DUI_protein.pdb,0.1186404600739479,35.82780456542969,0.2205856889486313,0.13902950286865234,26.538053358323793,0.0,83.406,ok,full_base_c1_s20_n1,33.392835632185935,False,42.55077110898469,False,results/posebench_702_predictions/protenix_gpu/posebusters_benchmark/7SZA_DUI/full_base_c1_s20_n1/run_status.json,,,,,ok
results/posebench_702_predictions/protenix_gpu/posebusters_benchmark/7T0D_FPP/full_base_c1_s20_n1/output/7T0D_FPP/seed_101/predictions/7T0D_FPP_seed_101_summary_confidence_sample_0.json,posebusters_benchmark,4,results/posebench_702_predictions/protenix_gpu/posebusters_benchmark/7T0D_FPP/full_base_c1_s20_n1/inputs/7T0D_FPP.json,external/PoseBench/data/posebusters_benchmark_set/7T0D_FPP/7T0D_FPP_ligand.sdf,24.0,CC(C)=CCC/C(C)=C/CC/C(C)=C/CO[P@](=O)(O)OP(=O)(O)O,804.0,"A:318,B:486",protenix_base_default_v0.5.0,7T0D_FPP,2.0,24.0,results/posebench_702_predictions/protenix_gpu/posebusters_benchmark/7T0D_FPP/full_base_c1_s20_n1,17.088823393230047,10.0,83.0,24.0,results/posebench_702_predictions/protenix_gpu/posebusters_benchmark/7T0D_FPP/full_base_c1_s20_n1/output/7T0D_FPP/seed_101/predictions/7T0D_FPP_seed_101_sample_0.cif,A:318;B:486,external/PoseBench/data/posebusters_benchmark_set/7T0D_FPP/7T0D_FPP_protein.pdb,0.1323094516992569,35.19939422607422,0.16735529899597168,0.13931861519813538,25.74101838274986,0.0,83.59,ok,full_base_c1_s20_n1,7.789594674063684,False,6.2009353157856575,False,results/posebench_702_predictions/protenix_gpu/posebusters_benchmark/7T0D_FPP/full_base_c1_s20_n1/run_status.json,,,,,ok
results/posebench_702_predictions/protenix_gpu/posebusters_benchmark/7T0U_E3I/full_base_c1_s20_n1/output/7T0U_E3I/seed_101/predictions/7T0U_E3I_seed_101_summary_confidence_sample_0.json,posebusters_benchmark,5,results/posebench_702_predictions/protenix_gpu/posebusters_benchmark/7T0U_E3I/full_base_c1_s20_n1/inputs/7T0U_E3I.json,external/PoseBench/data/posebusters_benchmark_set/7T0U_E3I/7T0U_E3I_ligand.sdf,48.0,C[C@H]1CN(C2COC2)CCN1c1cc(NC(=O)Cn2cc(-c3cc(Cl)c(O)c(C(N)=O)c3)c3c(=O)n(C)c(C(F)(F)F)nc32)c(Cl)cn1,490.0,"A:122,B:124,C:121,D:123",protenix_base_default_v0.5.0,7T0U_E3I,4.0,48.0,results/posebench_702_predictions/protenix_gpu/posebusters_benchmark/7T0U_E3I/full_base_c1_s20_n1,15.334639302679838,10.0,66.0,48.0,results/posebench_702_predictions/protenix_gpu/posebusters_benchmark/7T0U_E3I/full_base_c1_s20_n1/output/7T0U_E3I/seed_101/predictions/7T0U_E3I_seed_101_sample_0.cif,A:122;B:124;C:121;D:123,external/PoseBench/data/posebusters_benchmark_set/7T0U_E3I/7T0U_E3I_protein.pdb,0.1257185935974121,37.74728775024414,0.19030679762363434,0.13863623142242432,24.23913004696976,0.0,73.89,ok,full_base_c1_s20_n1,18.865785538208378,False,26.280125372319,False,results/posebench_702_predictions/protenix_gpu/posebusters_benchmark/7T0U_E3I/full_base_c1_s20_n1/run_status.json,,,,,ok
results/posebench_702_predictions/protenix_gpu/posebusters_benchmark/7T1D_E7K/full_base_c1_s20_n1/output/7T1D_E7K/seed_101/predictions/7T1D_E7K_seed_101_summary_confidence_sample_0.json,posebusters_benchmark,6,results/posebench_702_predictions/protenix_gpu/posebusters_benchmark/7T1D_E7K/full_base_c1_s20_n1/inputs/7T1D_E7K.json,external/PoseBench/data/posebusters_benchmark_set/7T1D_E7K/7T1D_E7K_ligand.sdf,34.0,Cc1cn(-c2ccc3c(c2)CN(c2ncc(Cc4ccc(-n5cccn5)cc4)s2)CC3)c(C)n1,590.0,"A:292,B:298",protenix_base_default_v0.5.0,7T1D_E7K,2.0,34.0,results/posebench_702_predictions/protenix_gpu/posebusters_benchmark/7T1D_E7K/full_base_c1_s20_n1,13.20100793463541,10.0,84.0,34.0,results/posebench_702_predictions/protenix_gpu/posebusters_benchmark/7T1D_E7K/full_base_c1_s20_n1/output/7T1D_E7K/seed_101/predictions/7T1D_E7K_seed_101_sample_0.cif,A:292;B:298,external/PoseBench/data/posebusters_benchmark_set/7T1D_E7K/7T1D_E7K_protein.pdb,0.14425736665725708,36.65825271606445,0.2631250023841858,0.16803088784217834,16.626049423483092,0.0,76.347,ok,full_base_c1_s20_n1,14.030686292214819,False,18.326234260907665,False,results/posebench_702_predictions/protenix_gpu/posebusters_benchmark/7T1D_E7K/full_base_c1_s20_n1/run_status.json,,,,,ok
results/posebench_702_predictions/protenix_gpu/posebusters_benchmark/7T2I_E9F/full_base_c1_s20_n1/output/7T2I_E9F/seed_101/predictions/7T2I_E9F_seed_101_summary_confidence_sample_0.json,posebusters_benchmark,7,results/posebench_702_predictions/protenix_gpu/posebusters_benchmark/7T2I_E9F/full_base_c1_s20_n1/inputs/7T2I_E9F.json,external/PoseBench/data/posebusters_benchmark_set/7T2I_E9F/7T2I_E9F_ligand.sdf,29.0,C[C@@H]1COCCN1c1nc(-c2ccnc3[nH]ccc23)cc(C2([S@](C)(=N)=O)CC2)n1,247.0,A:247,protenix_base_default_v0.5.0,7T2I_E9F,1.0,29.0,results/posebench_702_predictions/protenix_gpu/posebusters_benchmark/7T2I_E9F/full_base_c1_s20_n1,15.171071033271469,10.0,49.0,29.0,results/posebench_702_predictions/protenix_gpu/posebusters_benchmark/7T2I_E9F/full_base_c1_s20_n1/output/7T2I_E9F/seed_101/predictions/7T2I_E9F_seed_101_sample_0.cif,A:247,external/PoseBench/data/posebusters_benchmark_set/7T2I_E9F/7T2I_E9F_protein.pdb,0.2680216431617737,50.27229690551758,0.3376368284225464,0.2819446921348572,24.05518401234201,0.0,68.457,ok,full_base_c1_s20_n1,10.301745348518397,False,13.197438347115412,False,results/posebench_702_predictions/protenix_gpu/posebusters_benchmark/7T2I_E9F/full_base_c1_s20_n1/run_status.json,,,,,ok
results/posebench_702_predictions/protenix_gpu/posebusters_benchmark/7T3E_SLB/full_base_c1_s20_n1/output/7T3E_SLB/seed_101/predictions/7T3E_SLB_seed_101_summary_confidence_sample_0.json,posebusters_benchmark,4,results/posebench_702_predictions/protenix_gpu/posebusters_benchmark/7T3E_SLB/full_base_c1_s20_n1/inputs/7T3E_SLB.json,external/PoseBench/data/posebusters_benchmark_set/7T3E_SLB/7T3E_SLB_ligand.sdf,21.0,CC(=O)N[C@H]1[C@H]([C@H](O)[C@H](O)CO)O[C@](O)(C(=O)O)C[C@@H]1O,600.0,"A:300,B:300",protenix_base_default_v0.5.0,7T3E_SLB,2.0,21.0,results/posebench_702_predictions/protenix_gpu/posebusters_benchmark/7T3E_SLB/full_base_c1_s20_n1,14.687359933645466,10.0,84.0,21.0,results/posebench_702_predictions/protenix_gpu/posebusters_benchmark/7T3E_SLB/full_base_c1_s20_n1/output/7T3E_SLB/seed_101/predictions/7T3E_SLB_seed_101_sample_0.cif,A:300;B:300,external/PoseBench/data/posebusters_benchmark_set/7T3E_SLB/7T3E_SLB_protein.pdb,0.11512090265750885,33.04474639892578,0.18284934759140015,0.12866659462451935,26.23885351789154,0.0,73.697,ok,full_base_c1_s20_n1,10.937316372296028,False,18.013256128949838,False,results/posebench_702_predictions/protenix_gpu/posebusters_benchmark/7T3E_SLB/full_base_c1_s20_n1/run_status.json,,,,,ok
results/posebench_702_predictions/protenix_gpu/posebusters_benchmark/7T3F_EM0/full_base_c1_s20_n1/output/7T3F_EM0/seed_101/predictions/7T3F_EM0_seed_101_summary_confidence_sample_0.json,posebusters_benchmark,5,results/posebench_702_predictions/protenix_gpu/posebusters_benchmark/7T3F_EM0/full_base_c1_s20_n1/inputs/7T3F_EM0.json,external/PoseBench/data/posebusters_benchmark_set/7T3F_EM0/7T3F_EM0_ligand.sdf,24.0,Cc1cc(S(=O)(=O)Nc2ccc3c(c2)CN(C)C(=O)N3)ccc1F,127.0,A:127,protenix_base_default_v0.5.0,7T3F_EM0,1.0,24.0,results/posebench_702_predictions/protenix_gpu/posebusters_benchmark/7T3F_EM0/full_base_c1_s20_n1,11.54026464463891,10.0,47.0,24.0,results/posebench_702_predictions/protenix_gpu/posebusters_benchmark/7T3F_EM0/full_base_c1_s20_n1/output/7T3F_EM0/seed_101/predictions/7T3F_EM0_seed_101_sample_0.cif,A:127,external/PoseBench/data/posebusters_benchmark_set/7T3F_EM0/7T3F_EM0_protein.pdb,0.21835565567016602,42.409664154052734,0.25784382224082947,0.22625328600406647,14.467711757062963,0.0,65.466,ok,full_base_c1_s20_n1,16.22545677789407,False,23.0268416448081,False,results/posebench_702_predictions/protenix_gpu/posebusters_benchmark/7T3F_EM0/full_base_c1_s20_n1/run_status.json,,,,,ok
results/posebench_702_predictions/protenix_gpu/posebusters_benchmark/7T9O_GEI/full_base_c1_s20_n1/output/7T9O_GEI/seed_101/predictions/7T9O_GEI_seed_101_summary_confidence_sample_0.json,posebusters_benchmark,6,results/posebench_702_predictions/protenix_gpu/posebusters_benchmark/7T9O_GEI/full_base_c1_s20_n1/inputs/7T9O_GEI.json,external/PoseBench/data/posebusters_benchmark_set/7T9O_GEI/7T9O_GEI_ligand.sdf,41.0,Cc1nc(C)c([C@H](OC(C)(C)C)C(=O)O)c(N2CCC(C)(C)CC2)c1-c1ccc(OCCc2ccc(F)cc2)cc1,138.0,A:138,protenix_base_default_v0.5.0,7T9O_GEI,1.0,41.0,results/posebench_702_predictions/protenix_gpu/posebusters_benchmark/7T9O_GEI/full_base_c1_s20_n1,8.210232533436061,10.0,28.0,41.0,results/posebench_702_predictions/protenix_gpu/posebusters_benchmark/7T9O_GEI/full_base_c1_s20_n1/output/7T9O_GEI/seed_101/predictions/7T9O_GEI_seed_101_sample_0.cif,A:138,external/PoseBench/data/posebusters_benchmark_set/7T9O_GEI/7T9O_GEI_protein.pdb,0.258364737033844,43.71029281616211,0.28996741771698,0.2646852731704712,13.187092128195662,0.0,65.815,ok,full_base_c1_s20_n1,16.596530567123793,False,27.028938214501466,False,results/posebench_702_predictions/protenix_gpu/posebusters_benchmark/7T9O_GEI/full_base_c1_s20_n1/run_status.json,,,,,ok
,posebusters_benchmark,4,results/posebench_702_predictions/protenix_gpu/posebusters_benchmark/7TB0_UD1/full_base_c1_s20_n1/inputs/7TB0_UD1.json,external/PoseBench/data/posebusters_benchmark_set/7TB0_UD1/7TB0_UD1_ligand.sdf,39.0,CC(=O)N[C@H]1[C@@H](O[P@@](=O)(O)O[P@@](=O)(O)OC[C@H]2O[C@@H](n3ccc(=O)[nH]c3=O)[C@H](O)[C@@H]2O)O[C@H](CO)[C@@H](O)[C@@H]1O,,,protenix_base_default_v0.5.0,7TB0_UD1,4.0,,results/posebench_702_predictions/protenix_gpu/posebusters_benchmark/7TB0_UD1/full_base_c1_s20_n1,,,,,,A:420;B:420;C:420;D:420,external/PoseBench/data/posebusters_benchmark_set/7TB0_UD1/7TB0_UD1_protein.pdb,,,,,,0.0,134.995,failed_no_prediction_cif,full_base_c1_s20_n1,,,,,results/posebench_702_predictions/protenix_gpu/posebusters_benchmark/7TB0_UD1/full_base_c1_s20_n1/run_status.json,"x/lib/python3.10/site-packages/runner/inference.py"", line 312, in infer_predict
    prediction = runner.predict(data)
  File ""<REMOTE_PROJECT_ROOT>/envs/protenix/lib/python3.10/site-packages/torch/utils/_contextlib.py"", line 115, in decorate_context
    return func(*args, **kwargs)
  File ""<REMOTE_PROJECT_ROOT>/envs/protenix/lib/python3.10/site-packages/runner/inference.py"", line 152, in predict
    prediction, _, _ = self.model(
  File ""<REMOTE_PROJECT_ROOT>/envs/protenix/lib/python3.10/site-packages/torch/nn/modules/module.py"", line 1532, in _wrapped_call_impl
    return self._call_impl(*args, **kwargs)
  File ""<REMOTE_PROJECT_ROOT>/envs/protenix/lib/python3.10/site-packages/torch/nn/modules/module.py"", line 1541, in _call_impl
    return forward_call(*args, **kwargs)
  File ""<REMOTE_PROJECT_ROOT>/envs/protenix/lib/python3.10/site-packages/protenix/model/protenix.py"", line 722, in forward
    pred_dict, log_dict, time_tracker = self.main_inference_loop(
  File ""<REMOTE_PROJECT_ROOT>/envs/protenix/lib/python3.10/site-packages/protenix/model/protenix.py"", line 338, in main_inference_loop
    pred_dict, log_dict, time_tracker = self._main_inference_loop(
  File ""<REMOTE_PROJECT_ROOT>/envs/protenix/lib/python3.10/site-packages/protenix/model/protenix.py"", line 460, in _main_inference_loop
    ) = self.run_confidence_head(
  File ""<REMOTE_PROJECT_ROOT>/envs/protenix/lib/python3.10/site-packages/protenix/model/protenix.py"", line 303, in run_confidence_head
    return autocasting_disable_decorator(self.configs.skip_amp.confidence_head)(
  File ""<REMOTE_PROJECT_ROOT>/envs/protenix/lib/python3.10/site-packages/protenix/utils/torch_utils.py"", line 219, in new_func
    return func(
  File ""<REMOTE_PROJECT_ROOT>/envs/protenix/lib/python3.10/site-packages/torch/nn/modules/module.py"", line 1532, in _wrapped_call_impl
    return self._call_impl(*args, **kwargs)
  File ""<REMOTE_PROJECT_ROOT>/envs/protenix/lib/python3.10/site-packages/torch/nn/modules/module.py"", line 1541, in _call_impl
    return forward_call(*args, **kwargs)
  File ""<REMOTE_PROJECT_ROOT>/envs/protenix/lib/python3.10/site-packages/protenix/model/modules/confidence.py"", line 211, in forward
    self.memory_efficient_forward(
  File ""<REMOTE_PROJECT_ROOT>/envs/protenix/lib/python3.10/site-packages/protenix/model/modules/confidence.py"", line 301, in memory_efficient_forward
    s_single, z_pair = self.pairformer_stack(
  File ""<REMOTE_PROJECT_ROOT>/envs/protenix/lib/python3.10/site-packages/torch/nn/modules/module.py"", line 1532, in _wrapped_call_impl
    return self._call_impl(*args, **kwargs)
  File ""<REMOTE_PROJECT_ROOT>/envs/protenix/lib/python3.10/site-packages/torch/nn/modules/module.py"", line 1541, in _call_impl
    return forward_call(*args, **kwargs)
  File ""<REMOTE_PROJECT_ROOT>/envs/protenix/lib/python3.10/site-packages/protenix/model/modules/pairformer.py"", line 309, in forward
    s, z = checkpoint_blocks(
  File ""<REMOTE_PROJECT_ROOT>/envs/protenix/lib/python3.10/site-packages/protenix/openfold_local/utils/checkpointing.py"", line 86, in checkpoint_blocks
    return exec(blocks, args)
  File ""<REMOTE_PROJECT_ROOT>/envs/protenix/lib/python3.10/site-packages/protenix/openfold_local/utils/checkpointing.py"", line 73, in exec
    a = wrap(block(*a))
  File ""<REMOTE_PROJECT_ROOT>/envs/protenix/lib/python3.10/site-packages/torch/nn/modules/module.py"", line 1532, in _wrapped_call_impl
    return self._call_impl(*args, **kwargs)
  File ""<REMOTE_PROJECT_ROOT>/envs/protenix/lib/python3.10/site-packages/torch/nn/modules/module.py"", line 1541, in _call_impl
    return forward_call(*args, **kwargs)
  File ""<REMOTE_PROJECT_ROOT>/envs/protenix/lib/python3.10/site-packages/protenix/model/modules/pairformer.py"", line 154, in forward
    z += self.pair_transition(z)
  File ""<REMOTE_PROJECT_ROOT>/envs/protenix/lib/python3.10/site-packages/torch/nn/modules/module.py"", line 1532, in _wrapped_call_impl
    return self._call_impl(*args, **kwargs)
  File ""<REMOTE_PROJECT_ROOT>/envs/protenix/lib/python3.10/site-packages/torch/nn/modules/module.py"", line 1541, in _call_impl
    return forward_call(*args, **kwargs)
  File ""<REMOTE_PROJECT_ROOT>/envs/protenix/lib/python3.10/site-packages/protenix/model/modules/primitives.py"", line 219, in forward
    b = self.linear_no_bias_b(y)
  File ""<REMOTE_PROJECT_ROOT>/envs/protenix/lib/python3.10/site-packages/torch/nn/modules/module.py"", line 1532, in _wrapped_call_impl
    return self._call_impl(*args, **kwargs)
  File ""<REMOTE_PROJECT_ROOT>/envs/protenix/lib/python3.10/site-packages/torch/nn/modules/module.py"", line 1541, in _call_impl
    return forward_call(*args, **kwargs)
  File ""<REMOTE_PROJECT_ROOT>/envs/protenix/lib/python3.10/site-packages/protenix/model/modules/primitives.py"", line 94, in forward
    return F.linear(input, self.weight, self.bias)
torch.cuda.OutOfMemoryError: CUDA out of memory. Tried to allocate 5.64 GiB. GPU 


100%|██████████| 1/1 [01:17<00:00, 77.64s/it]
100%|██████████| 1/1 [01:17<00:00, 77.64s/it]
","Try to find the ccd cache data in the code directory for inference.
[2026-06-11 19:43:31,782] [INFO] [real_accelerator.py:219:get_accelerator] Setting ds_accelerator to cuda (auto detect)
train scheduler 16.0
inference scheduler 16.0
Diffusion Module has 16.0
",,,gpu_oom
results/posebench_702_predictions/protenix_gpu/posebusters_benchmark/7TBU_S3P/full_base_c1_s20_n1/output/7TBU_S3P/seed_101/predictions/7TBU_S3P_seed_101_summary_confidence_sample_0.json,posebusters_benchmark,4,results/posebench_702_predictions/protenix_gpu/posebusters_benchmark/7TBU_S3P/full_base_c1_s20_n1/inputs/7TBU_S3P.json,external/PoseBench/data/posebusters_benchmark_set/7TBU_S3P/7TBU_S3P_ligand.sdf,16.0,O=C(O)C1=C[C@@H](OP(=O)(O)O)[C@@H](O)[C@H](O)C1,885.0,"A:450,B:435",protenix_base_default_v0.5.0,7TBU_S3P,2.0,16.0,results/posebench_702_predictions/protenix_gpu/posebusters_benchmark/7TBU_S3P/full_base_c1_s20_n1,13.635747389574211,10.0,56.0,16.0,results/posebench_702_predictions/protenix_gpu/posebusters_benchmark/7TBU_S3P/full_base_c1_s20_n1/output/7TBU_S3P/seed_101/predictions/7TBU_S3P_seed_101_sample_0.cif,A:450;B:435,external/PoseBench/data/posebusters_benchmark_set/7TBU_S3P/7TBU_S3P_protein.pdb,0.14100131392478943,33.19287109375,0.1921704113483429,0.15123513340950012,27.834075243859957,0.0,79.146,ok,full_base_c1_s20_n1,10.17455683197952,False,24.886917666420672,False,results/posebench_702_predictions/protenix_gpu/posebusters_benchmark/7TBU_S3P/full_base_c1_s20_n1/run_status.json,,,,,ok
results/posebench_702_predictions/protenix_gpu/posebusters_benchmark/7TE8_P0T/full_base_c1_s20_n1/output/7TE8_P0T/seed_101/predictions/7TE8_P0T_seed_101_summary_confidence_sample_0.json,posebusters_benchmark,5,results/posebench_702_predictions/protenix_gpu/posebusters_benchmark/7TE8_P0T/full_base_c1_s20_n1/inputs/7TE8_P0T.json,external/PoseBench/data/posebusters_benchmark_set/7TE8_P0T/7TE8_P0T_ligand.sdf,23.0,C=C(C)[C@@H]1CCC(C)=C[C@H]1c1c(O)cc(CCCCC)cc1O,477.0,"C:119,A:119,D:119,B:120",protenix_base_default_v0.5.0,7TE8_P0T,4.0,23.0,results/posebench_702_predictions/protenix_gpu/posebusters_benchmark/7TE8_P0T/full_base_c1_s20_n1,11.207926954215534,10.0,82.0,23.0,results/posebench_702_predictions/protenix_gpu/posebusters_benchmark/7TE8_P0T/full_base_c1_s20_n1/output/7TE8_P0T/seed_101/predictions/7TE8_P0T_seed_101_sample_0.cif,C:119;A:120;D:119;B:120,external/PoseBench/data/posebusters_benchmark_set/7TE8_P0T/7TE8_P0T_protein.pdb,0.14816968142986298,44.88163757324219,0.26865360140800476,0.17226646840572357,24.673797356764105,0.0,67.95,ok,full_base_c1_s20_n1,14.166304205144074,False,27.13812106096841,False,results/posebench_702_predictions/protenix_gpu/posebusters_benchmark/7TE8_P0T/full_base_c1_s20_n1/run_status.json,,,,,ok
results/posebench_702_predictions/protenix_gpu/posebusters_benchmark/7TH4_FFO/full_base_c1_s20_n1/output/7TH4_FFO/seed_101/predictions/7TH4_FFO_seed_101_summary_confidence_sample_0.json,posebusters_benchmark,6,results/posebench_702_predictions/protenix_gpu/posebusters_benchmark/7TH4_FFO/full_base_c1_s20_n1/inputs/7TH4_FFO.json,external/PoseBench/data/posebusters_benchmark_set/7TH4_FFO/7TH4_FFO_ligand.sdf,34.0,Nc1nc2c(c(=O)[nH]1)N(C=O)[C@@H](CNc1ccc(C(=O)N[C@@H](CCC(=O)O)C(=O)O)cc1)CN2,582.0,"A:291,B:291",protenix_base_default_v0.5.0,7TH4_FFO,2.0,34.0,results/posebench_702_predictions/protenix_gpu/posebusters_benchmark/7TH4_FFO/full_base_c1_s20_n1,13.440287629123416,10.0,66.0,34.0,results/posebench_702_predictions/protenix_gpu/posebusters_benchmark/7TH4_FFO/full_base_c1_s20_n1/output/7TH4_FFO/seed_101/predictions/7TH4_FFO_seed_101_sample_0.cif,A:291;B:291,external/PoseBench/data/posebusters_benchmark_set/7TH4_FFO/7TH4_FFO_protein.pdb,0.14589062333106995,44.353363037109375,0.2594728171825409,0.16860707104206085,24.752877972087866,0.0,70.094,ok,full_base_c1_s20_n1,15.260810472306385,False,28.864490321548622,False,results/posebench_702_predictions/protenix_gpu/posebusters_benchmark/7TH4_FFO/full_base_c1_s20_n1/run_status.json,,,,,ok
results/posebench_702_predictions/protenix_gpu/posebusters_benchmark/7THI_PGA/full_base_c1_s20_n1/output/7THI_PGA/seed_101/predictions/7THI_PGA_seed_101_summary_confidence_sample_0.json,posebusters_benchmark,7,results/posebench_702_predictions/protenix_gpu/posebusters_benchmark/7THI_PGA/full_base_c1_s20_n1/inputs/7THI_PGA.json,external/PoseBench/data/posebusters_benchmark_set/7THI_PGA/7THI_PGA_ligand.sdf,9.0,O=C(O)COP(=O)(O)O,509.0,"A:255,B:254",protenix_base_default_v0.5.0,7THI_PGA,2.0,9.0,results/posebench_702_predictions/protenix_gpu/posebusters_benchmark/7THI_PGA/full_base_c1_s20_n1,14.582933679664755,10.0,66.0,9.0,results/posebench_702_predictions/protenix_gpu/posebusters_benchmark/7THI_PGA/full_base_c1_s20_n1/output/7THI_PGA/seed_101/predictions/7THI_PGA_seed_101_sample_0.cif,A:255;B:254,external/PoseBench/data/posebusters_benchmark_set/7THI_PGA/7THI_PGA_protein.pdb,0.12583599984645844,34.524227142333984,0.22433938086032867,0.14553667604923248,24.807871163857765,0.0,67.024,ok,full_base_c1_s20_n1,11.166789614597855,False,24.439109445918564,False,results/posebench_702_predictions/protenix_gpu/posebusters_benchmark/7THI_PGA/full_base_c1_s20_n1/run_status.json,,,,,ok
results/posebench_702_predictions/protenix_gpu/posebusters_benchmark/7TM6_GPJ/full_base_c1_s20_n1/output/7TM6_GPJ/seed_101/predictions/7TM6_GPJ_seed_101_summary_confidence_sample_0.json,posebusters_benchmark,4,results/posebench_702_predictions/protenix_gpu/posebusters_benchmark/7TM6_GPJ/full_base_c1_s20_n1/inputs/7TM6_GPJ.json,external/PoseBench/data/posebusters_benchmark_set/7TM6_GPJ/7TM6_GPJ_ligand.sdf,10.0,O=C(O)C[NH2+]CP(=O)(O)O,853.0,"A:426,B:427",protenix_base_default_v0.5.0,7TM6_GPJ,2.0,10.0,results/posebench_702_predictions/protenix_gpu/posebusters_benchmark/7TM6_GPJ/full_base_c1_s20_n1,14.969139704478012,10.0,70.0,10.0,results/posebench_702_predictions/protenix_gpu/posebusters_benchmark/7TM6_GPJ/full_base_c1_s20_n1/output/7TM6_GPJ/seed_101/predictions/7TM6_GPJ_seed_101_sample_0.cif,A:426;B:427,external/PoseBench/data/posebusters_benchmark_set/7TM6_GPJ/7TM6_GPJ_protein.pdb,0.14749367535114288,34.24147415161133,0.21356667578220367,0.16070827841758728,27.99686740615145,0.0,77.476,ok,full_base_c1_s20_n1,8.524491719298661,False,29.21117687061204,False,results/posebench_702_predictions/protenix_gpu/posebusters_benchmark/7TM6_GPJ/full_base_c1_s20_n1/run_status.json,,,,,ok
results/posebench_702_predictions/protenix_gpu/posebusters_benchmark/7TOM_5AD/full_base_c1_s20_n1/output/7TOM_5AD/seed_101/predictions/7TOM_5AD_seed_101_summary_confidence_sample_0.json,posebusters_benchmark,5,results/posebench_702_predictions/protenix_gpu/posebusters_benchmark/7TOM_5AD/full_base_c1_s20_n1/inputs/7TOM_5AD.json,external/PoseBench/data/posebusters_benchmark_set/7TOM_5AD/7TOM_5AD_ligand.sdf,18.0,C[C@H]1O[C@@H](n2cnc3c(N)ncnc32)[C@H](O)[C@@H]1O,499.0,A:499,protenix_base_default_v0.5.0,7TOM_5AD,1.0,18.0,results/posebench_702_predictions/protenix_gpu/posebusters_benchmark/7TOM_5AD/full_base_c1_s20_n1,12.348170854428016,10.0,78.0,18.0,results/posebench_702_predictions/protenix_gpu/posebusters_benchmark/7TOM_5AD/full_base_c1_s20_n1/output/7TOM_5AD/seed_101/predictions/7TOM_5AD_seed_101_sample_0.cif,A:499,external/PoseBench/data/posebusters_benchmark_set/7TOM_5AD/7TOM_5AD_protein.pdb,0.4197031557559967,36.0541877746582,0.28967317938804626,0.39369717240333557,18.643328744554722,0.0,68.316,ok,full_base_c1_s20_n1,7.175000774305361,False,7.469955703234137,False,results/posebench_702_predictions/protenix_gpu/posebusters_benchmark/7TOM_5AD/full_base_c1_s20_n1/run_status.json,,,,,ok
,posebusters_benchmark,5,results/posebench_702_predictions/protenix_gpu/posebusters_benchmark/7TS6_KMI/full_base_c1_s20_n1/inputs/7TS6_KMI.json,external/PoseBench/data/posebusters_benchmark_set/7TS6_KMI/7TS6_KMI_ligand.sdf,17.0,CNCc1cccc(-c2cc(C)cc(N)n2)c1,,,protenix_base_default_v0.5.0,7TS6_KMI,4.0,,results/posebench_702_predictions/protenix_gpu/posebusters_benchmark/7TS6_KMI/full_base_c1_s20_n1,,,,,,A:418;B:414;C:414;D:418,external/PoseBench/data/posebusters_benchmark_set/7TS6_KMI/7TS6_KMI_protein.pdb,,,,,,0.0,136.586,failed_no_prediction_cif,full_base_c1_s20_n1,,,,,results/posebench_702_predictions/protenix_gpu/posebusters_benchmark/7TS6_KMI/full_base_c1_s20_n1/run_status.json,"x/lib/python3.10/site-packages/runner/inference.py"", line 312, in infer_predict
    prediction = runner.predict(data)
  File ""<REMOTE_PROJECT_ROOT>/envs/protenix/lib/python3.10/site-packages/torch/utils/_contextlib.py"", line 115, in decorate_context
    return func(*args, **kwargs)
  File ""<REMOTE_PROJECT_ROOT>/envs/protenix/lib/python3.10/site-packages/runner/inference.py"", line 152, in predict
    prediction, _, _ = self.model(
  File ""<REMOTE_PROJECT_ROOT>/envs/protenix/lib/python3.10/site-packages/torch/nn/modules/module.py"", line 1532, in _wrapped_call_impl
    return self._call_impl(*args, **kwargs)
  File ""<REMOTE_PROJECT_ROOT>/envs/protenix/lib/python3.10/site-packages/torch/nn/modules/module.py"", line 1541, in _call_impl
    return forward_call(*args, **kwargs)
  File ""<REMOTE_PROJECT_ROOT>/envs/protenix/lib/python3.10/site-packages/protenix/model/protenix.py"", line 722, in forward
    pred_dict, log_dict, time_tracker = self.main_inference_loop(
  File ""<REMOTE_PROJECT_ROOT>/envs/protenix/lib/python3.10/site-packages/protenix/model/protenix.py"", line 338, in main_inference_loop
    pred_dict, log_dict, time_tracker = self._main_inference_loop(
  File ""<REMOTE_PROJECT_ROOT>/envs/protenix/lib/python3.10/site-packages/protenix/model/protenix.py"", line 460, in _main_inference_loop
    ) = self.run_confidence_head(
  File ""<REMOTE_PROJECT_ROOT>/envs/protenix/lib/python3.10/site-packages/protenix/model/protenix.py"", line 303, in run_confidence_head
    return autocasting_disable_decorator(self.configs.skip_amp.confidence_head)(
  File ""<REMOTE_PROJECT_ROOT>/envs/protenix/lib/python3.10/site-packages/protenix/utils/torch_utils.py"", line 219, in new_func
    return func(
  File ""<REMOTE_PROJECT_ROOT>/envs/protenix/lib/python3.10/site-packages/torch/nn/modules/module.py"", line 1532, in _wrapped_call_impl
    return self._call_impl(*args, **kwargs)
  File ""<REMOTE_PROJECT_ROOT>/envs/protenix/lib/python3.10/site-packages/torch/nn/modules/module.py"", line 1541, in _call_impl
    return forward_call(*args, **kwargs)
  File ""<REMOTE_PROJECT_ROOT>/envs/protenix/lib/python3.10/site-packages/protenix/model/modules/confidence.py"", line 211, in forward
    self.memory_efficient_forward(
  File ""<REMOTE_PROJECT_ROOT>/envs/protenix/lib/python3.10/site-packages/protenix/model/modules/confidence.py"", line 301, in memory_efficient_forward
    s_single, z_pair = self.pairformer_stack(
  File ""<REMOTE_PROJECT_ROOT>/envs/protenix/lib/python3.10/site-packages/torch/nn/modules/module.py"", line 1532, in _wrapped_call_impl
    return self._call_impl(*args, **kwargs)
  File ""<REMOTE_PROJECT_ROOT>/envs/protenix/lib/python3.10/site-packages/torch/nn/modules/module.py"", line 1541, in _call_impl
    return forward_call(*args, **kwargs)
  File ""<REMOTE_PROJECT_ROOT>/envs/protenix/lib/python3.10/site-packages/protenix/model/modules/pairformer.py"", line 309, in forward
    s, z = checkpoint_blocks(
  File ""<REMOTE_PROJECT_ROOT>/envs/protenix/lib/python3.10/site-packages/protenix/openfold_local/utils/checkpointing.py"", line 86, in checkpoint_blocks
    return exec(blocks, args)
  File ""<REMOTE_PROJECT_ROOT>/envs/protenix/lib/python3.10/site-packages/protenix/openfold_local/utils/checkpointing.py"", line 73, in exec
    a = wrap(block(*a))
  File ""<REMOTE_PROJECT_ROOT>/envs/protenix/lib/python3.10/site-packages/torch/nn/modules/module.py"", line 1532, in _wrapped_call_impl
    return self._call_impl(*args, **kwargs)
  File ""<REMOTE_PROJECT_ROOT>/envs/protenix/lib/python3.10/site-packages/torch/nn/modules/module.py"", line 1541, in _call_impl
    return forward_call(*args, **kwargs)
  File ""<REMOTE_PROJECT_ROOT>/envs/protenix/lib/python3.10/site-packages/protenix/model/modules/pairformer.py"", line 154, in forward
    z += self.pair_transition(z)
  File ""<REMOTE_PROJECT_ROOT>/envs/protenix/lib/python3.10/site-packages/torch/nn/modules/module.py"", line 1532, in _wrapped_call_impl
    return self._call_impl(*args, **kwargs)
  File ""<REMOTE_PROJECT_ROOT>/envs/protenix/lib/python3.10/site-packages/torch/nn/modules/module.py"", line 1541, in _call_impl
    return forward_call(*args, **kwargs)
  File ""<REMOTE_PROJECT_ROOT>/envs/protenix/lib/python3.10/site-packages/protenix/model/modules/primitives.py"", line 219, in forward
    b = self.linear_no_bias_b(y)
  File ""<REMOTE_PROJECT_ROOT>/envs/protenix/lib/python3.10/site-packages/torch/nn/modules/module.py"", line 1532, in _wrapped_call_impl
    return self._call_impl(*args, **kwargs)
  File ""<REMOTE_PROJECT_ROOT>/envs/protenix/lib/python3.10/site-packages/torch/nn/modules/module.py"", line 1541, in _call_impl
    return forward_call(*args, **kwargs)
  File ""<REMOTE_PROJECT_ROOT>/envs/protenix/lib/python3.10/site-packages/protenix/model/modules/primitives.py"", line 94, in forward
    return F.linear(input, self.weight, self.bias)
torch.cuda.OutOfMemoryError: CUDA out of memory. Tried to allocate 5.39 GiB. GPU 


100%|██████████| 1/1 [01:15<00:00, 75.51s/it]
100%|██████████| 1/1 [01:15<00:00, 75.51s/it]
","Try to find the ccd cache data in the code directory for inference.
[2026-06-11 19:44:41,785] [INFO] [real_accelerator.py:219:get_accelerator] Setting ds_accelerator to cuda (auto detect)
train scheduler 16.0
inference scheduler 16.0
Diffusion Module has 16.0
",,,gpu_oom
results/posebench_702_predictions/protenix_gpu/posebusters_benchmark/7TSF_H4B/full_base_c1_s20_n1/output/7TSF_H4B/seed_101/predictions/7TSF_H4B_seed_101_summary_confidence_sample_0.json,posebusters_benchmark,7,results/posebench_702_predictions/protenix_gpu/posebusters_benchmark/7TSF_H4B/full_base_c1_s20_n1/inputs/7TSF_H4B.json,external/PoseBench/data/posebusters_benchmark_set/7TSF_H4B/7TSF_H4B_ligand.sdf,17.0,C[C@H](O)[C@H](O)[C@H]1CNc2nc(N)[nH]c(=O)c2N1,821.0,"A:410,B:411",protenix_base_default_v0.5.0,7TSF_H4B,2.0,17.0,results/posebench_702_predictions/protenix_gpu/posebusters_benchmark/7TSF_H4B/full_base_c1_s20_n1,15.346978612921907,10.0,56.0,17.0,results/posebench_702_predictions/protenix_gpu/posebusters_benchmark/7TSF_H4B/full_base_c1_s20_n1/output/7TSF_H4B/seed_101/predictions/7TSF_H4B_seed_101_sample_0.cif,A:410;B:411,external/PoseBench/data/posebusters_benchmark_set/7TSF_H4B/7TSF_H4B_protein.pdb,0.13583311438560486,29.338333129882812,0.18243157863616943,0.14515280723571777,24.65396789314655,0.0,76.681,ok,full_base_c1_s20_n1,6.157355623615533,False,10.307331649040993,False,results/posebench_702_predictions/protenix_gpu/posebusters_benchmark/7TSF_H4B/full_base_c1_s20_n1/run_status.json,,,,,ok
results/posebench_702_predictions/protenix_gpu/posebusters_benchmark/7TUO_KL9/full_base_c1_s20_n1/output/7TUO_KL9/seed_101/predictions/7TUO_KL9_seed_101_summary_confidence_sample_0.json,posebusters_benchmark,4,results/posebench_702_predictions/protenix_gpu/posebusters_benchmark/7TUO_KL9/full_base_c1_s20_n1/inputs/7TUO_KL9.json,external/PoseBench/data/posebusters_benchmark_set/7TUO_KL9/7TUO_KL9_ligand.sdf,30.0,Cc1cnc2c(N)c(C(=O)NCCc3ccc([C@@H]4C[C@H]5CC[C@@H](C4)N5)cc3)sc2n1,320.0,A:320,protenix_base_default_v0.5.0,7TUO_KL9,1.0,30.0,results/posebench_702_predictions/protenix_gpu/posebusters_benchmark/7TUO_KL9/full_base_c1_s20_n1,16.015699781868474,10.0,82.0,30.0,results/posebench_702_predictions/protenix_gpu/posebusters_benchmark/7TUO_KL9/full_base_c1_s20_n1/output/7TUO_KL9/seed_101/predictions/7TUO_KL9_seed_101_sample_0.cif,A:320,external/PoseBench/data/posebusters_benchmark_set/7TUO_KL9/7TUO_KL9_protein.pdb,0.2291862666606903,34.125938415527344,0.22835010290145874,0.22901903092861176,22.26554105252583,0.0,65.621,ok,full_base_c1_s20_n1,9.732818483613979,False,13.478309500618643,False,results/posebench_702_predictions/protenix_gpu/posebusters_benchmark/7TUO_KL9/full_base_c1_s20_n1/run_status.json,,,,,ok
results/posebench_702_predictions/protenix_gpu/posebusters_benchmark/7TWC_CXS/full_base_c1_s20_n1/output/7TWC_CXS/seed_101/predictions/7TWC_CXS_seed_101_summary_confidence_sample_0.json,posebusters_benchmark,5,results/posebench_702_predictions/protenix_gpu/posebusters_benchmark/7TWC_CXS/full_base_c1_s20_n1/inputs/7TWC_CXS.json,external/PoseBench/data/posebusters_benchmark_set/7TWC_CXS/7TWC_CXS_ligand.sdf,14.0,O=S(=O)(O)CCCNC1CCCCC1,416.0,A:416,protenix_base_default_v0.5.0,7TWC_CXS,1.0,14.0,results/posebench_702_predictions/protenix_gpu/posebusters_benchmark/7TWC_CXS/full_base_c1_s20_n1,15.334571170885411,10.0,46.0,14.0,results/posebench_702_predictions/protenix_gpu/posebusters_benchmark/7TWC_CXS/full_base_c1_s20_n1/output/7TWC_CXS/seed_101/predictions/7TWC_CXS_seed_101_sample_0.cif,A:416,external/PoseBench/data/posebusters_benchmark_set/7TWC_CXS/7TWC_CXS_protein.pdb,0.19571058452129364,33.99909591674805,0.21377992630004883,0.19932445883750916,20.77279892598179,0.0,65.451,ok,full_base_c1_s20_n1,3.382128818499902,False,8.908778535671408,False,results/posebench_702_predictions/protenix_gpu/posebusters_benchmark/7TWC_CXS/full_base_c1_s20_n1/run_status.json,,,,,ok
results/posebench_702_predictions/protenix_gpu/posebusters_benchmark/7TXK_LW8/full_base_c1_s20_n1/output/7TXK_LW8/seed_101/predictions/7TXK_LW8_seed_101_summary_confidence_sample_0.json,posebusters_benchmark,6,results/posebench_702_predictions/protenix_gpu/posebusters_benchmark/7TXK_LW8/full_base_c1_s20_n1/inputs/7TXK_LW8.json,external/PoseBench/data/posebusters_benchmark_set/7TXK_LW8/7TXK_LW8_ligand.sdf,15.0,C[N+](C)(C)[C@@H](Cc1c[nH]c(=S)[nH]1)C(=O)O,541.0,"A:272,B:269",protenix_base_default_v0.5.0,7TXK_LW8,2.0,15.0,results/posebench_702_predictions/protenix_gpu/posebusters_benchmark/7TXK_LW8/full_base_c1_s20_n1,14.105992669183976,10.0,69.0,15.0,results/posebench_702_predictions/protenix_gpu/posebusters_benchmark/7TXK_LW8/full_base_c1_s20_n1/output/7TXK_LW8/seed_101/predictions/7TXK_LW8_seed_101_sample_0.cif,A:272;B:269,external/PoseBench/data/posebusters_benchmark_set/7TXK_LW8/7TXK_LW8_protein.pdb,0.11097803711891174,34.77515411376953,0.21085640788078308,0.13095371425151825,24.383915802677965,0.0,69.322,ok,full_base_c1_s20_n1,14.825553985439191,False,25.12903422122466,False,results/posebench_702_predictions/protenix_gpu/posebusters_benchmark/7TXK_LW8/full_base_c1_s20_n1/run_status.json,,,,,ok
results/posebench_702_predictions/protenix_gpu/posebusters_benchmark/7TXP_0FX/full_base_c1_s20_n1/output/7TXP_0FX/seed_101/predictions/7TXP_0FX_seed_101_summary_confidence_sample_0.json,posebusters_benchmark,7,results/posebench_702_predictions/protenix_gpu/posebusters_benchmark/7TXP_0FX/full_base_c1_s20_n1/inputs/7TXP_0FX.json,external/PoseBench/data/posebusters_benchmark_set/7TXP_0FX/7TXP_0FX_ligand.sdf,35.0,Cc1cn([C@H]2C[C@H](O)[C@@H](CO[P@](=O)(O)O[P@@](=O)(O)O[C@H]3O[C@H](C)[C@@H](N)[C@H](O)[C@H]3O)O2)c(=O)[nH]c1=O,209.0,A:209,protenix_base_default_v0.5.0,7TXP_0FX,1.0,35.0,results/posebench_702_predictions/protenix_gpu/posebusters_benchmark/7TXP_0FX/full_base_c1_s20_n1,6.107330856956319,10.0,61.0,35.0,results/posebench_702_predictions/protenix_gpu/posebusters_benchmark/7TXP_0FX/full_base_c1_s20_n1/output/7TXP_0FX/seed_101/predictions/7TXP_0FX_seed_101_sample_0.cif,A:209,external/PoseBench/data/posebusters_benchmark_set/7TXP_0FX/7TXP_0FX_protein.pdb,0.5760411024093628,37.841270446777344,0.3910687267780304,0.5390466451644897,11.210332142670316,0.0,65.614,ok,full_base_c1_s20_n1,8.998758416737612,False,7.7842744156143695,False,results/posebench_702_predictions/protenix_gpu/posebusters_benchmark/7TXP_0FX/full_base_c1_s20_n1/run_status.json,,,,,ok
results/posebench_702_predictions/protenix_gpu/posebusters_benchmark/7TYP_KUR/full_base_c1_s20_n1/output/7TYP_KUR/seed_101/predictions/7TYP_KUR_seed_101_summary_confidence_sample_0.json,posebusters_benchmark,4,results/posebench_702_predictions/protenix_gpu/posebusters_benchmark/7TYP_KUR/full_base_c1_s20_n1/inputs/7TYP_KUR.json,external/PoseBench/data/posebusters_benchmark_set/7TYP_KUR/7TYP_KUR_ligand.sdf,37.0,Cc1nccnc1-c1nn2c(=O)cc(-c3ccc(C4CCCCC4)cc3)[nH]c2c1C(=O)N1CC(CF)C1,404.0,"A:210,B:194",protenix_base_default_v0.5.0,7TYP_KUR,2.0,37.0,results/posebench_702_predictions/protenix_gpu/posebusters_benchmark/7TYP_KUR/full_base_c1_s20_n1,16.1936711931879,10.0,99.0,37.0,results/posebench_702_predictions/protenix_gpu/posebusters_benchmark/7TYP_KUR/full_base_c1_s20_n1/output/7TYP_KUR/seed_101/predictions/7TYP_KUR_seed_101_sample_0.cif,A:210;B:194,external/PoseBench/data/posebusters_benchmark_set/7TYP_KUR/7TYP_KUR_protein.pdb,0.10678798705339432,30.9327392578125,0.17926843464374542,0.12128408253192902,21.07003603477518,0.0,68.212,ok,full_base_c1_s20_n1,16.27931344960053,False,15.262238456519103,False,results/posebench_702_predictions/protenix_gpu/posebusters_benchmark/7TYP_KUR/full_base_c1_s20_n1/run_status.json,,,,,ok
results/posebench_702_predictions/protenix_gpu/posebusters_benchmark/7U0U_FK5/full_base_c1_s20_n1/output/7U0U_FK5/seed_101/predictions/7U0U_FK5_seed_101_summary_confidence_sample_0.json,posebusters_benchmark,5,results/posebench_702_predictions/protenix_gpu/posebusters_benchmark/7U0U_FK5/full_base_c1_s20_n1/inputs/7U0U_FK5.json,external/PoseBench/data/posebusters_benchmark_set/7U0U_FK5/7U0U_FK5_ligand.sdf,57.0,C=CC[C@@H]1/C=C(\C)C[C@H](C)C[C@H](OC)[C@H]2O[C@@](O)(C(=O)C(=O)N3CCCC[C@H]3C(=O)O[C@H](/C(C)=C/[C@@H]3CC[C@@H](O)[C@H](OC)C3)[C@H](C)[C@@H](O)CC1=O)[C@H](C)C[C@@H]2OC,307.0,"A:195,B:112",protenix_base_default_v0.5.0,7U0U_FK5,2.0,57.0,results/posebench_702_predictions/protenix_gpu/posebusters_benchmark/7U0U_FK5/full_base_c1_s20_n1,14.256720154677806,10.0,108.0,57.0,results/posebench_702_predictions/protenix_gpu/posebusters_benchmark/7U0U_FK5/full_base_c1_s20_n1/output/7U0U_FK5/seed_101/predictions/7U0U_FK5_seed_101_sample_0.cif,A:195;B:112,external/PoseBench/data/posebusters_benchmark_set/7U0U_FK5/7U0U_FK5_protein.pdb,0.1731647551059723,40.780338287353516,0.3103727400302887,0.2006063461303711,18.64072086810342,0.0,67.147,ok,full_base_c1_s20_n1,9.144616230495059,False,10.858875332236373,False,results/posebench_702_predictions/protenix_gpu/posebusters_benchmark/7U0U_FK5/full_base_c1_s20_n1/run_status.json,,,,,ok
results/posebench_702_predictions/protenix_gpu/posebusters_benchmark/7U3J_L6U/full_base_c1_s20_n1/output/7U3J_L6U/seed_101/predictions/7U3J_L6U_seed_101_summary_confidence_sample_0.json,posebusters_benchmark,6,results/posebench_702_predictions/protenix_gpu/posebusters_benchmark/7U3J_L6U/full_base_c1_s20_n1/inputs/7U3J_L6U.json,external/PoseBench/data/posebusters_benchmark_set/7U3J_L6U/7U3J_L6U_ligand.sdf,38.0,CNC(=O)[C@H](CCc1ccccc1)NC(=O)[C@H](NC(=O)CNCc1ccc(OC)cc1OC)c1cccs1,166.0,A:166,protenix_base_default_v0.5.0,7U3J_L6U,1.0,38.0,results/posebench_702_predictions/protenix_gpu/posebusters_benchmark/7U3J_L6U/full_base_c1_s20_n1,11.485733551860656,10.0,69.0,38.0,results/posebench_702_predictions/protenix_gpu/posebusters_benchmark/7U3J_L6U/full_base_c1_s20_n1/output/7U3J_L6U/seed_101/predictions/7U3J_L6U_seed_101_sample_0.cif,A:166,external/PoseBench/data/posebusters_benchmark_set/7U3J_L6U/7U3J_L6U_protein.pdb,0.24311567842960358,33.981056213378906,0.2341739386320114,0.24132734537124634,14.402369540627465,0.0,65.624,ok,full_base_c1_s20_n1,12.993912837512402,False,12.325477085001483,False,results/posebench_702_predictions/protenix_gpu/posebusters_benchmark/7U3J_L6U/full_base_c1_s20_n1/run_status.json,,,,,ok
results/posebench_702_predictions/protenix_gpu/posebusters_benchmark/7UAS_MBU/full_base_c1_s20_n1/output/7UAS_MBU/seed_101/predictions/7UAS_MBU_seed_101_summary_confidence_sample_0.json,posebusters_benchmark,7,results/posebench_702_predictions/protenix_gpu/posebusters_benchmark/7UAS_MBU/full_base_c1_s20_n1/inputs/7UAS_MBU.json,external/PoseBench/data/posebusters_benchmark_set/7UAS_MBU/7UAS_MBU_ligand.sdf,40.0,CCn1cc(-c2cc(Cn3ccnc3C)cc3c2CCN([C@H](c2cc(C)ccn2)C2CC2)C3=O)c(C(F)(F)F)n1,606.0,"A:302,B:304",protenix_base_default_v0.5.0,7UAS_MBU,2.0,40.0,results/posebench_702_predictions/protenix_gpu/posebusters_benchmark/7UAS_MBU/full_base_c1_s20_n1,8.290474591468989,10.0,85.0,40.0,results/posebench_702_predictions/protenix_gpu/posebusters_benchmark/7UAS_MBU/full_base_c1_s20_n1/output/7UAS_MBU/seed_101/predictions/7UAS_MBU_seed_101_sample_0.cif,A:302;B:304,external/PoseBench/data/posebusters_benchmark_set/7UAS_MBU/7UAS_MBU_protein.pdb,0.14592492580413818,41.83168411254883,0.2989055812358856,0.17652106285095215,22.70905907556659,0.0,72.69,ok,full_base_c1_s20_n1,15.250504056840859,False,30.173069142164607,False,results/posebench_702_predictions/protenix_gpu/posebusters_benchmark/7UAS_MBU/full_base_c1_s20_n1/run_status.json,,,,,ok
results/posebench_702_predictions/protenix_gpu/posebusters_benchmark/7UAW_MF6/full_base_c1_s20_n1/output/7UAW_MF6/seed_101/predictions/7UAW_MF6_seed_101_summary_confidence_sample_0.json,posebusters_benchmark,4,results/posebench_702_predictions/protenix_gpu/posebusters_benchmark/7UAW_MF6/full_base_c1_s20_n1/inputs/7UAW_MF6.json,external/PoseBench/data/posebusters_benchmark_set/7UAW_MF6/7UAW_MF6_ligand.sdf,35.0,Nc1ncnc2c1ncn2[C@@H]1O[C@@H]2CO[P@](=O)(O)O[P@](=O)(O)OC[C@H]3O[C@@H](O[C@@H]1[C@@H]2O)[C@H](O)[C@@H]3O,250.0,"A:125,B:125",protenix_base_default_v0.5.0,7UAW_MF6,2.0,35.0,results/posebench_702_predictions/protenix_gpu/posebusters_benchmark/7UAW_MF6/full_base_c1_s20_n1,17.00157244758799,10.0,80.0,35.0,results/posebench_702_predictions/protenix_gpu/posebusters_benchmark/7UAW_MF6/full_base_c1_s20_n1/output/7UAW_MF6/seed_101/predictions/7UAW_MF6_seed_101_sample_0.cif,A:125;B:125,external/PoseBench/data/posebusters_benchmark_set/7UAW_MF6/7UAW_MF6_protein.pdb,0.16849778592586517,40.16267395019531,0.2583271563053131,0.18646365404129028,20.180367023481637,0.0,66.085,ok,full_base_c1_s20_n1,9.067681593981915,False,13.13794505051939,False,results/posebench_702_predictions/protenix_gpu/posebusters_benchmark/7UAW_MF6/full_base_c1_s20_n1/run_status.json,,,,,ok
results/posebench_702_predictions/protenix_gpu/posebusters_benchmark/7UEY_N0R/full_base_c1_s20_n1/output/7UEY_N0R/seed_101/predictions/7UEY_N0R_seed_101_summary_confidence_sample_0.json,posebusters_benchmark,5,results/posebench_702_predictions/protenix_gpu/posebusters_benchmark/7UEY_N0R/full_base_c1_s20_n1/inputs/7UEY_N0R.json,external/PoseBench/data/posebusters_benchmark_set/7UEY_N0R/7UEY_N0R_ligand.sdf,27.0,O=C(CO)Nc1ccc(CC(=O)N2CCN(c3ccc(Cl)nn3)CC2)cc1,352.0,A:352,protenix_base_default_v0.5.0,7UEY_N0R,1.0,27.0,results/posebench_702_predictions/protenix_gpu/posebusters_benchmark/7UEY_N0R/full_base_c1_s20_n1,11.219588600220712,10.0,40.0,27.0,results/posebench_702_predictions/protenix_gpu/posebusters_benchmark/7UEY_N0R/full_base_c1_s20_n1/output/7UEY_N0R/seed_101/predictions/7UEY_N0R_seed_101_sample_0.cif,A:352,external/PoseBench/data/posebusters_benchmark_set/7UEY_N0R/7UEY_N0R_protein.pdb,0.2351924031972885,31.190549850463867,0.20474956929683685,0.22910383343696594,21.9486837567457,0.0,66.763,ok,full_base_c1_s20_n1,20.790629692110464,False,24.038797084808834,False,results/posebench_702_predictions/protenix_gpu/posebusters_benchmark/7UEY_N0R/full_base_c1_s20_n1/run_status.json,,,,,ok
results/posebench_702_predictions/protenix_gpu/posebusters_benchmark/7UF2_5SP/full_base_c1_s20_n1/output/7UF2_5SP/seed_101/predictions/7UF2_5SP_seed_101_summary_confidence_sample_0.json,posebusters_benchmark,6,results/posebench_702_predictions/protenix_gpu/posebusters_benchmark/7UF2_5SP/full_base_c1_s20_n1/inputs/7UF2_5SP.json,external/PoseBench/data/posebusters_benchmark_set/7UF2_5SP/7UF2_5SP_ligand.sdf,14.0,O=C(CO)[C@@H](O)[C@H](O)COP(=O)(O)O,209.0,A:209,protenix_base_default_v0.5.0,7UF2_5SP,1.0,14.0,results/posebench_702_predictions/protenix_gpu/posebusters_benchmark/7UF2_5SP/full_base_c1_s20_n1,11.251176284081295,10.0,51.0,14.0,results/posebench_702_predictions/protenix_gpu/posebusters_benchmark/7UF2_5SP/full_base_c1_s20_n1/output/7UF2_5SP/seed_101/predictions/7UF2_5SP_seed_101_sample_0.cif,A:209,external/PoseBench/data/posebusters_benchmark_set/7UF2_5SP/7UF2_5SP_protein.pdb,0.2828572988510132,32.59252166748047,0.21820011734962463,0.2699258625507355,17.698306342691428,0.0,65.595,ok,full_base_c1_s20_n1,22.621268830384675,False,21.218396129259084,False,results/posebench_702_predictions/protenix_gpu/posebusters_benchmark/7UF2_5SP/full_base_c1_s20_n1/run_status.json,,,,,ok
results/posebench_702_predictions/protenix_gpu/posebusters_benchmark/7UJ4_OQ4/full_base_c1_s20_n1/output/7UJ4_OQ4/seed_101/predictions/7UJ4_OQ4_seed_101_summary_confidence_sample_0.json,posebusters_benchmark,7,results/posebench_702_predictions/protenix_gpu/posebusters_benchmark/7UJ4_OQ4/full_base_c1_s20_n1/inputs/7UJ4_OQ4.json,external/PoseBench/data/posebusters_benchmark_set/7UJ4_OQ4/7UJ4_OQ4_ligand.sdf,44.0,CCN(C(=O)c1cc(F)ccc1Oc1cncnc1N1CC2(CCN(C[C@H]3CC[C@H](NS(=O)(=O)CC)CC3)CC2)C1)C(C)C,889.0,"A:442,B:447",protenix_base_default_v0.5.0,7UJ4_OQ4,2.0,44.0,results/posebench_702_predictions/protenix_gpu/posebusters_benchmark/7UJ4_OQ4/full_base_c1_s20_n1,13.953630516090483,10.0,105.0,44.0,results/posebench_702_predictions/protenix_gpu/posebusters_benchmark/7UJ4_OQ4/full_base_c1_s20_n1/output/7UJ4_OQ4/seed_101/predictions/7UJ4_OQ4_seed_101_sample_0.cif,A:442;B:447,external/PoseBench/data/posebusters_benchmark_set/7UJ4_OQ4/7UJ4_OQ4_protein.pdb,0.137322798371315,35.67544174194336,0.2173341065645218,0.15332505106925964,23.289778256107585,0.0,82.593,ok,full_base_c1_s20_n1,15.945574931593386,False,18.656138140589494,False,results/posebench_702_predictions/protenix_gpu/posebusters_benchmark/7UJ4_OQ4/full_base_c1_s20_n1/run_status.json,,,,,ok
results/posebench_702_predictions/protenix_gpu/posebusters_benchmark/7UJ5_DGL/full_base_c1_s20_n1/output/7UJ5_DGL/seed_101/predictions/7UJ5_DGL_seed_101_summary_confidence_sample_0.json,posebusters_benchmark,4,results/posebench_702_predictions/protenix_gpu/posebusters_benchmark/7UJ5_DGL/full_base_c1_s20_n1/inputs/7UJ5_DGL.json,external/PoseBench/data/posebusters_benchmark_set/7UJ5_DGL/7UJ5_DGL_ligand.sdf,10.0,N[C@H](CCC(=O)O)C(=O)O,1024.0,"A:256,B:256,C:256,D:256",protenix_base_default_v0.5.0,7UJ5_DGL,4.0,10.0,results/posebench_702_predictions/protenix_gpu/posebusters_benchmark/7UJ5_DGL/full_base_c1_s20_n1,9.851078162135657,10.0,68.0,10.0,results/posebench_702_predictions/protenix_gpu/posebusters_benchmark/7UJ5_DGL/full_base_c1_s20_n1/output/7UJ5_DGL/seed_101/predictions/7UJ5_DGL_seed_101_sample_0.cif,A:256;B:256;C:256;D:256,external/PoseBench/data/posebusters_benchmark_set/7UJ5_DGL/7UJ5_DGL_protein.pdb,0.1549493968486786,40.818260192871094,0.24964666366577148,0.17388884723186493,31.56675147953043,0.0,88.729,ok,full_base_c1_s20_n1,8.439732931403642,False,26.85336433290801,False,results/posebench_702_predictions/protenix_gpu/posebusters_benchmark/7UJ5_DGL/full_base_c1_s20_n1/run_status.json,,,,,ok
results/posebench_702_predictions/protenix_gpu/posebusters_benchmark/7UJF_R3V/full_base_c1_s20_n1/output/7UJF_R3V/seed_101/predictions/7UJF_R3V_seed_101_summary_confidence_sample_0.json,posebusters_benchmark,5,results/posebench_702_predictions/protenix_gpu/posebusters_benchmark/7UJF_R3V/full_base_c1_s20_n1/inputs/7UJF_R3V.json,external/PoseBench/data/posebusters_benchmark_set/7UJF_R3V/7UJF_R3V_ligand.sdf,32.0,C[C@H]1CCN(CCOc2ccc([C@@H]3c4ccc(O)cc4CC[C@@H]3c3ccccc3)cc2)C1,935.0,"B:232,A:232,C:238,D:233",protenix_base_default_v0.5.0,7UJF_R3V,4.0,32.0,results/posebench_702_predictions/protenix_gpu/posebusters_benchmark/7UJF_R3V/full_base_c1_s20_n1,15.306399202198591,10.0,86.0,32.0,results/posebench_702_predictions/protenix_gpu/posebusters_benchmark/7UJF_R3V/full_base_c1_s20_n1/output/7UJF_R3V/seed_101/predictions/7UJF_R3V_seed_101_sample_0.cif,B:235;A:232;C:238;D:233,external/PoseBench/data/posebusters_benchmark_set/7UJF_R3V/7UJF_R3V_protein.pdb,0.13782280683517456,37.620208740234375,0.1995481699705124,0.15016788244247437,30.99145362865663,0.0,84.087,ok,full_base_c1_s20_n1,14.043353611632828,False,32.003002835499224,False,results/posebench_702_predictions/protenix_gpu/posebusters_benchmark/7UJF_R3V/full_base_c1_s20_n1/run_status.json,,,,,ok
results/posebench_702_predictions/protenix_gpu/posebusters_benchmark/7ULC_56B/full_base_c1_s20_n1/output/7ULC_56B/seed_101/predictions/7ULC_56B_seed_101_summary_confidence_sample_0.json,posebusters_benchmark,6,results/posebench_702_predictions/protenix_gpu/posebusters_benchmark/7ULC_56B/full_base_c1_s20_n1/inputs/7ULC_56B.json,external/PoseBench/data/posebusters_benchmark_set/7ULC_56B/7ULC_56B_ligand.sdf,33.0,Nc1nc2c(c(CN[C@H]3C=C[C@H](O)[C@@H]3O)cn2[C@@H]2O[C@H](COP(=O)(O)O)[C@@H](O)[C@H]2O)c(=O)[nH]1,634.0,"A:315,B:319",protenix_base_default_v0.5.0,7ULC_56B,2.0,33.0,results/posebench_702_predictions/protenix_gpu/posebusters_benchmark/7ULC_56B/full_base_c1_s20_n1,12.923244261888897,10.0,85.0,33.0,results/posebench_702_predictions/protenix_gpu/posebusters_benchmark/7ULC_56B/full_base_c1_s20_n1/output/7ULC_56B/seed_101/predictions/7ULC_56B_seed_101_sample_0.cif,A:315;B:319,external/PoseBench/data/posebusters_benchmark_set/7ULC_56B/7ULC_56B_protein.pdb,0.12369238585233688,34.48450469970703,0.18052087724208832,0.13505809009075165,21.97861253632537,0.0,71.992,ok,full_base_c1_s20_n1,14.110485266970517,False,27.458950294522875,False,results/posebench_702_predictions/protenix_gpu/posebusters_benchmark/7ULC_56B/full_base_c1_s20_n1/run_status.json,,,,,ok
results/posebench_702_predictions/protenix_gpu/posebusters_benchmark/7UMV_NUU/full_base_c1_s20_n1/output/7UMV_NUU/seed_101/predictions/7UMV_NUU_seed_101_summary_confidence_sample_0.json,posebusters_benchmark,7,results/posebench_702_predictions/protenix_gpu/posebusters_benchmark/7UMV_NUU/full_base_c1_s20_n1/inputs/7UMV_NUU.json,external/PoseBench/data/posebusters_benchmark_set/7UMV_NUU/7UMV_NUU_ligand.sdf,22.0,CC(C)(C)C(=O)CSc1ncc2c(n1)-c1cccnc1CC2,150.0,A:150,protenix_base_default_v0.5.0,7UMV_NUU,1.0,22.0,results/posebench_702_predictions/protenix_gpu/posebusters_benchmark/7UMV_NUU/full_base_c1_s20_n1,7.39957654641652,10.0,48.0,22.0,results/posebench_702_predictions/protenix_gpu/posebusters_benchmark/7UMV_NUU/full_base_c1_s20_n1/output/7UMV_NUU/seed_101/predictions/7UMV_NUU_seed_101_sample_0.cif,A:150,external/PoseBench/data/posebusters_benchmark_set/7UMV_NUU/7UMV_NUU_protein.pdb,0.34537971019744873,44.068328857421875,0.3694484233856201,0.35019344091415405,10.450473215951027,0.0,65.8,ok,full_base_c1_s20_n1,19.40526590781282,False,19.294587674074627,False,results/posebench_702_predictions/protenix_gpu/posebusters_benchmark/7UMV_NUU/full_base_c1_s20_n1/run_status.json,,,,,ok
results/posebench_702_predictions/protenix_gpu/posebusters_benchmark/7UMW_NAD/full_base_c1_s20_n1/output/7UMW_NAD/seed_101/predictions/7UMW_NAD_seed_101_summary_confidence_sample_0.json,posebusters_benchmark,4,results/posebench_702_predictions/protenix_gpu/posebusters_benchmark/7UMW_NAD/full_base_c1_s20_n1/inputs/7UMW_NAD.json,external/PoseBench/data/posebusters_benchmark_set/7UMW_NAD/7UMW_NAD_ligand.sdf,44.0,NC(=O)c1ccc[n+]([C@@H]2O[C@H](CO[P@@](=O)([O-])O[P@](=O)(O)OC[C@H]3O[C@@H](n4cnc5c(N)ncnc54)[C@H](O)[C@@H]3O)[C@@H](O)[C@H]2O)c1,519.0,"A:259,B:260",protenix_base_default_v0.5.0,7UMW_NAD,2.0,44.0,results/posebench_702_predictions/protenix_gpu/posebusters_benchmark/7UMW_NAD/full_base_c1_s20_n1,15.172800681483515,10.0,101.0,44.0,results/posebench_702_predictions/protenix_gpu/posebusters_benchmark/7UMW_NAD/full_base_c1_s20_n1/output/7UMW_NAD/seed_101/predictions/7UMW_NAD_seed_101_sample_0.cif,A:259;B:260,external/PoseBench/data/posebusters_benchmark_set/7UMW_NAD/7UMW_NAD_protein.pdb,0.13789312541484833,30.970043182373047,0.19642983376979828,0.14960047602653503,20.601396943768066,0.0,70.719,ok,full_base_c1_s20_n1,12.202458866903042,False,18.63256471455426,False,results/posebench_702_predictions/protenix_gpu/posebusters_benchmark/7UMW_NAD/full_base_c1_s20_n1/run_status.json,,,,,ok
results/posebench_702_predictions/protenix_gpu/posebusters_benchmark/7UP3_NZ0/full_base_c1_s20_n1/output/7UP3_NZ0/seed_101/predictions/7UP3_NZ0_seed_101_summary_confidence_sample_0.json,posebusters_benchmark,5,results/posebench_702_predictions/protenix_gpu/posebusters_benchmark/7UP3_NZ0/full_base_c1_s20_n1/inputs/7UP3_NZ0.json,external/PoseBench/data/posebusters_benchmark_set/7UP3_NZ0/7UP3_NZ0_ligand.sdf,23.0,NS(=O)(=O)c1nccc(-c2ccc(CO)cc2)c1-c1nn[nH]n1,457.0,"A:228,B:229",protenix_base_default_v0.5.0,7UP3_NZ0,2.0,23.0,results/posebench_702_predictions/protenix_gpu/posebusters_benchmark/7UP3_NZ0/full_base_c1_s20_n1,14.491798399431218,10.0,57.0,23.0,results/posebench_702_predictions/protenix_gpu/posebusters_benchmark/7UP3_NZ0/full_base_c1_s20_n1/output/7UP3_NZ0/seed_101/predictions/7UP3_NZ0_seed_101_sample_0.cif,A:228;B:229,external/PoseBench/data/posebusters_benchmark_set/7UP3_NZ0/7UP3_NZ0_protein.pdb,0.12853114306926727,33.0724983215332,0.21912315487861633,0.1466495543718338,20.80123404720833,0.0,67.947,ok,full_base_c1_s20_n1,7.771497799540551,False,19.342640639223394,False,results/posebench_702_predictions/protenix_gpu/posebusters_benchmark/7UP3_NZ0/full_base_c1_s20_n1/run_status.json,,,,,ok
results/posebench_702_predictions/protenix_gpu/posebusters_benchmark/7UQ3_O2U/full_base_c1_s20_n1/output/7UQ3_O2U/seed_101/predictions/7UQ3_O2U_seed_101_summary_confidence_sample_0.json,posebusters_benchmark,6,results/posebench_702_predictions/protenix_gpu/posebusters_benchmark/7UQ3_O2U/full_base_c1_s20_n1/inputs/7UQ3_O2U.json,external/PoseBench/data/posebusters_benchmark_set/7UQ3_O2U/7UQ3_O2U_ligand.sdf,12.0,O=C(O)C[C@@H]1CC(=O)N(O)C1=O,228.0,A:228,protenix_base_default_v0.5.0,7UQ3_O2U,1.0,12.0,results/posebench_702_predictions/protenix_gpu/posebusters_benchmark/7UQ3_O2U/full_base_c1_s20_n1,15.229767690172617,10.0,63.0,12.0,results/posebench_702_predictions/protenix_gpu/posebusters_benchmark/7UQ3_O2U/full_base_c1_s20_n1/output/7UQ3_O2U/seed_101/predictions/7UQ3_O2U_seed_101_sample_0.cif,A:228,external/PoseBench/data/posebusters_benchmark_set/7UQ3_O2U/7UQ3_O2U_protein.pdb,0.13168974220752716,31.16706657409668,0.18666167557239532,0.14268413186073303,18.955567891354146,0.0,65.351,ok,full_base_c1_s20_n1,11.236511154173796,False,11.392754308878839,False,results/posebench_702_predictions/protenix_gpu/posebusters_benchmark/7UQ3_O2U/full_base_c1_s20_n1/run_status.json,,,,,ok
results/posebench_702_predictions/protenix_gpu/posebusters_benchmark/7USH_82V/full_base_c1_s20_n1/output/7USH_82V/seed_101/predictions/7USH_82V_seed_101_summary_confidence_sample_0.json,posebusters_benchmark,7,results/posebench_702_predictions/protenix_gpu/posebusters_benchmark/7USH_82V/full_base_c1_s20_n1/inputs/7USH_82V.json,external/PoseBench/data/posebusters_benchmark_set/7USH_82V/7USH_82V_ligand.sdf,26.0,O=c1cc(N2CCOCC2)oc2c(-c3ccc4c(c3)OCCO4)csc12,111.0,A:111,protenix_base_default_v0.5.0,7USH_82V,1.0,26.0,results/posebench_702_predictions/protenix_gpu/posebusters_benchmark/7USH_82V/full_base_c1_s20_n1,8.432390322604878,10.0,44.0,26.0,results/posebench_702_predictions/protenix_gpu/posebusters_benchmark/7USH_82V/full_base_c1_s20_n1/output/7USH_82V/seed_101/predictions/7USH_82V_seed_101_sample_0.cif,A:111,external/PoseBench/data/posebusters_benchmark_set/7USH_82V/7USH_82V_protein.pdb,0.24713531136512756,48.87470245361328,0.31732210516929626,0.26117268204689026,14.442287279437055,0.0,65.774,ok,full_base_c1_s20_n1,9.618635351141178,False,13.921760225780018,False,results/posebench_702_predictions/protenix_gpu/posebusters_benchmark/7USH_82V/full_base_c1_s20_n1/run_status.json,,,,,ok
results/posebench_702_predictions/protenix_gpu/posebusters_benchmark/7UTW_NAI/full_base_c1_s20_n1/output/7UTW_NAI/seed_101/predictions/7UTW_NAI_seed_101_summary_confidence_sample_0.json,posebusters_benchmark,4,results/posebench_702_predictions/protenix_gpu/posebusters_benchmark/7UTW_NAI/full_base_c1_s20_n1/inputs/7UTW_NAI.json,external/PoseBench/data/posebusters_benchmark_set/7UTW_NAI/7UTW_NAI_ligand.sdf,44.0,NC(=O)C1=CN([C@@H]2O[C@H](CO[P@](=O)(O)O[P@@](=O)(O)OC[C@H]3O[C@@H](n4cnc5c(N)ncnc54)[C@H](O)[C@@H]3O)[C@@H](O)[C@H]2O)C=CC1,748.0,"A:374,B:374",protenix_base_default_v0.5.0,7UTW_NAI,2.0,44.0,results/posebench_702_predictions/protenix_gpu/posebusters_benchmark/7UTW_NAI/full_base_c1_s20_n1,18.442432540116457,10.0,108.0,44.0,results/posebench_702_predictions/protenix_gpu/posebusters_benchmark/7UTW_NAI/full_base_c1_s20_n1/output/7UTW_NAI/seed_101/predictions/7UTW_NAI_seed_101_sample_0.cif,A:374;B:374,external/PoseBench/data/posebusters_benchmark_set/7UTW_NAI/7UTW_NAI_protein.pdb,0.14644084870815277,30.771446228027344,0.19838440418243408,0.1568295657634735,26.595665032110627,0.0,77.532,ok,full_base_c1_s20_n1,13.130241984483543,False,21.240618052833312,False,results/posebench_702_predictions/protenix_gpu/posebusters_benchmark/7UTW_NAI/full_base_c1_s20_n1/run_status.json,,,,,ok
results/posebench_702_predictions/protenix_gpu/posebusters_benchmark/7UXS_OJC/full_base_c1_s20_n1/output/7UXS_OJC/seed_101/predictions/7UXS_OJC_seed_101_summary_confidence_sample_0.json,posebusters_benchmark,5,results/posebench_702_predictions/protenix_gpu/posebusters_benchmark/7UXS_OJC/full_base_c1_s20_n1/inputs/7UXS_OJC.json,external/PoseBench/data/posebusters_benchmark_set/7UXS_OJC/7UXS_OJC_ligand.sdf,35.0,Nc1ncnc2c1ncn2[C@@H]1O[C@@H]2CO[P@](=O)(O)O[P@](=O)(O)OC[C@H]3O[C@@H](O[C@H]2[C@H]1O)[C@H](O)[C@@H]3O,388.0,"B:194,A:194",protenix_base_default_v0.5.0,7UXS_OJC,2.0,35.0,results/posebench_702_predictions/protenix_gpu/posebusters_benchmark/7UXS_OJC/full_base_c1_s20_n1,10.073186644895179,10.0,73.0,35.0,results/posebench_702_predictions/protenix_gpu/posebusters_benchmark/7UXS_OJC/full_base_c1_s20_n1/output/7UXS_OJC/seed_101/predictions/7UXS_OJC_seed_101_sample_0.cif,B:194;A:196,external/PoseBench/data/posebusters_benchmark_set/7UXS_OJC/7UXS_OJC_protein.pdb,0.12332560867071152,42.649539947509766,0.28892210125923157,0.15644490718841553,12.342424575534794,0.0,68.523,ok,full_base_c1_s20_n1,16.85767012607886,False,12.37529299339038,False,results/posebench_702_predictions/protenix_gpu/posebusters_benchmark/7UXS_OJC/full_base_c1_s20_n1/run_status.json,,,,,ok
results/posebench_702_predictions/protenix_gpu/posebusters_benchmark/7UY4_SMI/full_base_c1_s20_n1/output/7UY4_SMI/seed_101/predictions/7UY4_SMI_seed_101_summary_confidence_sample_0.json,posebusters_benchmark,6,results/posebench_702_predictions/protenix_gpu/posebusters_benchmark/7UY4_SMI/full_base_c1_s20_n1/inputs/7UY4_SMI.json,external/PoseBench/data/posebusters_benchmark_set/7UY4_SMI/7UY4_SMI_ligand.sdf,24.0,CN[C@@H]1[C@H](O)[C@H](NC)[C@H]2O[C@]3(O)[C@H](O[C@@H]2[C@H]1O)O[C@H](C)CC3(O)O,515.0,"A:258,B:257",protenix_base_default_v0.5.0,7UY4_SMI,2.0,24.0,results/posebench_702_predictions/protenix_gpu/posebusters_benchmark/7UY4_SMI/full_base_c1_s20_n1,11.29777767156792,10.0,59.0,24.0,results/posebench_702_predictions/protenix_gpu/posebusters_benchmark/7UY4_SMI/full_base_c1_s20_n1/output/7UY4_SMI/seed_101/predictions/7UY4_SMI_seed_101_sample_0.cif,A:258;B:257,external/PoseBench/data/posebusters_benchmark_set/7UY4_SMI/7UY4_SMI_protein.pdb,0.10528640449047089,34.25222396850586,0.19013500213623047,0.12225612998008728,25.308069154895314,0.0,70.279,ok,full_base_c1_s20_n1,24.72288642529016,False,30.366283664444666,False,results/posebench_702_predictions/protenix_gpu/posebusters_benchmark/7UY4_SMI/full_base_c1_s20_n1/run_status.json,,,,,ok
results/posebench_702_predictions/protenix_gpu/posebusters_benchmark/7UYB_OK0/full_base_c1_s20_n1/output/7UYB_OK0/seed_101/predictions/7UYB_OK0_seed_101_summary_confidence_sample_0.json,posebusters_benchmark,7,results/posebench_702_predictions/protenix_gpu/posebusters_benchmark/7UYB_OK0/full_base_c1_s20_n1/inputs/7UYB_OK0.json,external/PoseBench/data/posebusters_benchmark_set/7UYB_OK0/7UYB_OK0_ligand.sdf,31.0,NS(=O)(=O)c1c(C(F)(F)F)ccc(-c2ccc(C3CCNCC3)cc2)c1-c1nnn[nH]1,231.0,A:231,protenix_base_default_v0.5.0,7UYB_OK0,1.0,31.0,results/posebench_702_predictions/protenix_gpu/posebusters_benchmark/7UYB_OK0/full_base_c1_s20_n1,13.907203882492178,10.0,67.0,31.0,results/posebench_702_predictions/protenix_gpu/posebusters_benchmark/7UYB_OK0/full_base_c1_s20_n1/output/7UYB_OK0/seed_101/predictions/7UYB_OK0_seed_101_sample_0.cif,A:231,external/PoseBench/data/posebusters_benchmark_set/7UYB_OK0/7UYB_OK0_protein.pdb,0.4324367344379425,42.958675384521484,0.4003979563713074,0.4260289669036865,17.321533342120734,0.0,65.539,ok,full_base_c1_s20_n1,7.355840308381898,False,8.495110478022461,False,results/posebench_702_predictions/protenix_gpu/posebusters_benchmark/7UYB_OK0/full_base_c1_s20_n1/run_status.json,,,,,ok
results/posebench_702_predictions/protenix_gpu/posebusters_benchmark/7V14_ORU/full_base_c1_s20_n1/output/7V14_ORU/seed_101/predictions/7V14_ORU_seed_101_summary_confidence_sample_0.json,posebusters_benchmark,4,results/posebench_702_predictions/protenix_gpu/posebusters_benchmark/7V14_ORU/full_base_c1_s20_n1/inputs/7V14_ORU.json,external/PoseBench/data/posebusters_benchmark_set/7V14_ORU/7V14_ORU_ligand.sdf,35.0,[O-][n+]1cc(-c2c(-n3cnnn3)ccc(Cl)c2F)ccc1[C@@H](CC1CC1)n1cc(-c2cncs2)cn1,236.0,A:236,protenix_base_default_v0.5.0,7V14_ORU,1.0,35.0,results/posebench_702_predictions/protenix_gpu/posebusters_benchmark/7V14_ORU/full_base_c1_s20_n1,15.445610377280184,10.0,75.0,35.0,results/posebench_702_predictions/protenix_gpu/posebusters_benchmark/7V14_ORU/full_base_c1_s20_n1/output/7V14_ORU/seed_101/predictions/7V14_ORU_seed_101_sample_0.cif,A:236,external/PoseBench/data/posebusters_benchmark_set/7V14_ORU/7V14_ORU_protein.pdb,0.2549329996109009,35.84578323364258,0.27892181277275085,0.2597307562828064,20.38913390576637,0.0,66.462,ok,full_base_c1_s20_n1,13.75529845263751,False,17.736655149557258,False,results/posebench_702_predictions/protenix_gpu/posebusters_benchmark/7V14_ORU/full_base_c1_s20_n1/run_status.json,,,,,ok
results/posebench_702_predictions/protenix_gpu/posebusters_benchmark/7V3N_AKG/full_base_c1_s20_n1/output/7V3N_AKG/seed_101/predictions/7V3N_AKG_seed_101_summary_confidence_sample_0.json,posebusters_benchmark,5,results/posebench_702_predictions/protenix_gpu/posebusters_benchmark/7V3N_AKG/full_base_c1_s20_n1/inputs/7V3N_AKG.json,external/PoseBench/data/posebusters_benchmark_set/7V3N_AKG/7V3N_AKG_ligand.sdf,10.0,O=C(O)CCC(=O)C(=O)O,317.0,A:317,protenix_base_default_v0.5.0,7V3N_AKG,1.0,10.0,results/posebench_702_predictions/protenix_gpu/posebusters_benchmark/7V3N_AKG/full_base_c1_s20_n1,11.253961346079967,10.0,66.0,10.0,results/posebench_702_predictions/protenix_gpu/posebusters_benchmark/7V3N_AKG/full_base_c1_s20_n1/output/7V3N_AKG/seed_101/predictions/7V3N_AKG_seed_101_sample_0.cif,A:317,external/PoseBench/data/posebusters_benchmark_set/7V3N_AKG/7V3N_AKG_protein.pdb,0.11678941547870636,31.15430450439453,0.17930953204631805,0.12929344177246094,18.76536509026406,0.0,66.465,ok,full_base_c1_s20_n1,14.214097433976459,False,20.219534586333985,False,results/posebench_702_predictions/protenix_gpu/posebusters_benchmark/7V3N_AKG/full_base_c1_s20_n1/run_status.json,,,,,ok
results/posebench_702_predictions/protenix_gpu/posebusters_benchmark/7V3S_5I9/full_base_c1_s20_n1/output/7V3S_5I9/seed_101/predictions/7V3S_5I9_seed_101_summary_confidence_sample_0.json,posebusters_benchmark,6,results/posebench_702_predictions/protenix_gpu/posebusters_benchmark/7V3S_5I9/full_base_c1_s20_n1/inputs/7V3S_5I9.json,external/PoseBench/data/posebusters_benchmark_set/7V3S_5I9/7V3S_5I9_ligand.sdf,38.0,O=C(Nc1ccc(F)cc1)C1(C(=O)Nc2ccc(Oc3ccnc4c3Oc3ccccc3N4)c(F)c2)CC1,284.0,A:284,protenix_base_default_v0.5.0,7V3S_5I9,1.0,38.0,results/posebench_702_predictions/protenix_gpu/posebusters_benchmark/7V3S_5I9/full_base_c1_s20_n1,13.99884462398689,10.0,92.0,38.0,results/posebench_702_predictions/protenix_gpu/posebusters_benchmark/7V3S_5I9/full_base_c1_s20_n1/output/7V3S_5I9/seed_101/predictions/7V3S_5I9_seed_101_sample_0.cif,A:284,external/PoseBench/data/posebusters_benchmark_set/7V3S_5I9/7V3S_5I9_protein.pdb,0.20149607956409454,33.0583381652832,0.20431159436702728,0.20205919444561005,21.68749381845053,0.0,65.65,ok,full_base_c1_s20_n1,11.45279254940286,False,12.195121966052765,False,results/posebench_702_predictions/protenix_gpu/posebusters_benchmark/7V3S_5I9/full_base_c1_s20_n1/run_status.json,,,,,ok
results/posebench_702_predictions/protenix_gpu/posebusters_benchmark/7V43_C4O/full_base_c1_s20_n1/output/7V43_C4O/seed_101/predictions/7V43_C4O_seed_101_summary_confidence_sample_0.json,posebusters_benchmark,7,results/posebench_702_predictions/protenix_gpu/posebusters_benchmark/7V43_C4O/full_base_c1_s20_n1/inputs/7V43_C4O.json,external/PoseBench/data/posebusters_benchmark_set/7V43_C4O/7V43_C4O_ligand.sdf,8.0,Cc1ccc(Cl)cc1,432.0,A:432,protenix_base_default_v0.5.0,7V43_C4O,1.0,8.0,results/posebench_702_predictions/protenix_gpu/posebusters_benchmark/7V43_C4O/full_base_c1_s20_n1,11.387869179559479,10.0,56.0,8.0,results/posebench_702_predictions/protenix_gpu/posebusters_benchmark/7V43_C4O/full_base_c1_s20_n1/output/7V43_C4O/seed_101/predictions/7V43_C4O_seed_101_sample_0.cif,A:432,external/PoseBench/data/posebusters_benchmark_set/7V43_C4O/7V43_C4O_protein.pdb,0.29633480310440063,34.25253677368164,0.22788487374782562,0.2826448082923889,21.572321429088984,0.0,67.8,ok,full_base_c1_s20_n1,11.318203025457352,False,9.54108491524534,False,results/posebench_702_predictions/protenix_gpu/posebusters_benchmark/7V43_C4O/full_base_c1_s20_n1/run_status.json,,,,,ok
results/posebench_702_predictions/protenix_gpu/posebusters_benchmark/7V8Z_5YH/full_base_c1_s20_n1/output/7V8Z_5YH/seed_101/predictions/7V8Z_5YH_seed_101_summary_confidence_sample_0.json,posebusters_benchmark,4,results/posebench_702_predictions/protenix_gpu/posebusters_benchmark/7V8Z_5YH/full_base_c1_s20_n1/inputs/7V8Z_5YH.json,external/PoseBench/data/posebusters_benchmark_set/7V8Z_5YH/7V8Z_5YH_ligand.sdf,25.0,O=C1NCCN1C[C@H](O)Cn1c2ccc(F)cc2c2cc(F)ccc21,490.0,A:490,protenix_base_default_v0.5.0,7V8Z_5YH,1.0,25.0,results/posebench_702_predictions/protenix_gpu/posebusters_benchmark/7V8Z_5YH/full_base_c1_s20_n1,14.653183972647534,10.0,72.0,25.0,results/posebench_702_predictions/protenix_gpu/posebusters_benchmark/7V8Z_5YH/full_base_c1_s20_n1/output/7V8Z_5YH/seed_101/predictions/7V8Z_5YH_seed_101_sample_0.cif,A:490,external/PoseBench/data/posebusters_benchmark_set/7V8Z_5YH/7V8Z_5YH_protein.pdb,0.22932203114032745,35.111934661865234,0.20635679364204407,0.22472898662090302,25.50082687406421,0.0,70.356,ok,full_base_c1_s20_n1,10.227852856607251,False,12.366026993872179,False,results/posebench_702_predictions/protenix_gpu/posebusters_benchmark/7V8Z_5YH/full_base_c1_s20_n1/run_status.json,,,,,ok
results/posebench_702_predictions/protenix_gpu/posebusters_benchmark/7VB8_STL/full_base_c1_s20_n1/output/7VB8_STL/seed_101/predictions/7VB8_STL_seed_101_summary_confidence_sample_0.json,posebusters_benchmark,5,results/posebench_702_predictions/protenix_gpu/posebusters_benchmark/7VB8_STL/full_base_c1_s20_n1/inputs/7VB8_STL.json,external/PoseBench/data/posebusters_benchmark_set/7VB8_STL/7VB8_STL_ligand.sdf,17.0,Oc1ccc(/C=C/c2cc(O)cc(O)c2)cc1,726.0,"B:363,A:363",protenix_base_default_v0.5.0,7VB8_STL,2.0,17.0,results/posebench_702_predictions/protenix_gpu/posebusters_benchmark/7VB8_STL/full_base_c1_s20_n1,13.82255204734311,10.0,76.0,17.0,results/posebench_702_predictions/protenix_gpu/posebusters_benchmark/7VB8_STL/full_base_c1_s20_n1/output/7VB8_STL/seed_101/predictions/7VB8_STL_seed_101_sample_0.cif,B:363;A:363,external/PoseBench/data/posebusters_benchmark_set/7VB8_STL/7VB8_STL_protein.pdb,0.12536859512329102,30.581592559814453,0.18856292963027954,0.13800746202468872,24.898666015491976,0.0,74.679,ok,full_base_c1_s20_n1,5.656359522956439,False,9.81016946071075,False,results/posebench_702_predictions/protenix_gpu/posebusters_benchmark/7VB8_STL/full_base_c1_s20_n1/run_status.json,,,,,ok
results/posebench_702_predictions/protenix_gpu/posebusters_benchmark/7VBU_6I4/full_base_c1_s20_n1/output/7VBU_6I4/seed_101/predictions/7VBU_6I4_seed_101_summary_confidence_sample_0.json,posebusters_benchmark,6,results/posebench_702_predictions/protenix_gpu/posebusters_benchmark/7VBU_6I4/full_base_c1_s20_n1/inputs/7VBU_6I4.json,external/PoseBench/data/posebusters_benchmark_set/7VBU_6I4/7VBU_6I4_ligand.sdf,17.0,Cc1ccc2c(n1)[nH]c1c(C3CC3)cccc12,340.0,A:340,protenix_base_default_v0.5.0,7VBU_6I4,1.0,17.0,results/posebench_702_predictions/protenix_gpu/posebusters_benchmark/7VBU_6I4/full_base_c1_s20_n1,12.535369930498106,10.0,57.0,17.0,results/posebench_702_predictions/protenix_gpu/posebusters_benchmark/7VBU_6I4/full_base_c1_s20_n1/output/7VBU_6I4/seed_101/predictions/7VBU_6I4_seed_101_sample_0.cif,A:340,external/PoseBench/data/posebusters_benchmark_set/7VBU_6I4/7VBU_6I4_protein.pdb,0.2445565164089203,35.368167877197266,0.21953275799751282,0.23955176770687103,19.80448761943504,0.0,66.04,ok,full_base_c1_s20_n1,17.964567493260546,False,25.30889156220171,False,results/posebench_702_predictions/protenix_gpu/posebusters_benchmark/7VBU_6I4/full_base_c1_s20_n1/run_status.json,,,,,ok
results/posebench_702_predictions/protenix_gpu/posebusters_benchmark/7VC5_9SF/full_base_c1_s20_n1/output/7VC5_9SF/seed_101/predictions/7VC5_9SF_seed_101_summary_confidence_sample_0.json,posebusters_benchmark,7,results/posebench_702_predictions/protenix_gpu/posebusters_benchmark/7VC5_9SF/full_base_c1_s20_n1/inputs/7VC5_9SF.json,external/PoseBench/data/posebusters_benchmark_set/7VC5_9SF/7VC5_9SF_ligand.sdf,22.0,O=C(C[C@H]1NCCC[C@@H]1O)Cn1cnc2ccccc2c1=O,485.0,A:485,protenix_base_default_v0.5.0,7VC5_9SF,1.0,22.0,results/posebench_702_predictions/protenix_gpu/posebusters_benchmark/7VC5_9SF/full_base_c1_s20_n1,12.148883644877852,10.0,67.0,22.0,results/posebench_702_predictions/protenix_gpu/posebusters_benchmark/7VC5_9SF/full_base_c1_s20_n1/output/7VC5_9SF/seed_101/predictions/7VC5_9SF_seed_101_sample_0.cif,A:485,external/PoseBench/data/posebusters_benchmark_set/7VC5_9SF/7VC5_9SF_protein.pdb,0.3016362190246582,32.05963134765625,0.24110989272594452,0.2895309627056122,25.255903223523017,0.0,68.819,ok,full_base_c1_s20_n1,6.595843676749756,False,15.885420761725037,False,results/posebench_702_predictions/protenix_gpu/posebusters_benchmark/7VC5_9SF/full_base_c1_s20_n1/run_status.json,,,,,ok
results/posebench_702_predictions/protenix_gpu/posebusters_benchmark/7VJT_7IJ/full_base_c1_s20_n1/output/7VJT_7IJ/seed_101/predictions/7VJT_7IJ_seed_101_summary_confidence_sample_0.json,posebusters_benchmark,4,results/posebench_702_predictions/protenix_gpu/posebusters_benchmark/7VJT_7IJ/full_base_c1_s20_n1/inputs/7VJT_7IJ.json,external/PoseBench/data/posebusters_benchmark_set/7VJT_7IJ/7VJT_7IJ_ligand.sdf,27.0,O=c1oc2cc(O)ccc2c2oc3ccc(O)c(CN4CCCCC4)c3c12,550.0,"A:278,B:272",protenix_base_default_v0.5.0,7VJT_7IJ,2.0,27.0,results/posebench_702_predictions/protenix_gpu/posebusters_benchmark/7VJT_7IJ/full_base_c1_s20_n1,15.120498090782627,10.0,80.0,27.0,results/posebench_702_predictions/protenix_gpu/posebusters_benchmark/7VJT_7IJ/full_base_c1_s20_n1/output/7VJT_7IJ/seed_101/predictions/7VJT_7IJ_seed_101_sample_0.cif,A:278;B:272,external/PoseBench/data/posebusters_benchmark_set/7VJT_7IJ/7VJT_7IJ_protein.pdb,0.13829149305820465,39.6807861328125,0.262980192899704,0.16322922706604004,22.1458944310126,0.0,70.628,ok,full_base_c1_s20_n1,7.148888808802826,False,9.814291661651604,False,results/posebench_702_predictions/protenix_gpu/posebusters_benchmark/7VJT_7IJ/full_base_c1_s20_n1/run_status.json,,,,,ok
results/posebench_702_predictions/protenix_gpu/posebusters_benchmark/7VKZ_NOJ/full_base_c1_s20_n1/output/7VKZ_NOJ/seed_101/predictions/7VKZ_NOJ_seed_101_summary_confidence_sample_0.json,posebusters_benchmark,5,results/posebench_702_predictions/protenix_gpu/posebusters_benchmark/7VKZ_NOJ/full_base_c1_s20_n1/inputs/7VKZ_NOJ.json,external/PoseBench/data/posebusters_benchmark_set/7VKZ_NOJ/7VKZ_NOJ_ligand.sdf,11.0,OC[C@H]1NC[C@H](O)[C@@H](O)[C@@H]1O,1407.0,"A:704,B:703",protenix_base_default_v0.5.0,7VKZ_NOJ,2.0,11.0,results/posebench_702_predictions/protenix_gpu/posebusters_benchmark/7VKZ_NOJ/full_base_c1_s20_n1,12.76937749305559,10.0,61.0,11.0,results/posebench_702_predictions/protenix_gpu/posebusters_benchmark/7VKZ_NOJ/full_base_c1_s20_n1/output/7VKZ_NOJ/seed_101/predictions/7VKZ_NOJ_seed_101_sample_0.cif,A:704;B:703,external/PoseBench/data/posebusters_benchmark_set/7VKZ_NOJ/7VKZ_NOJ_protein.pdb,0.16519764065742493,32.601531982421875,0.2258179485797882,0.17732170224189758,25.568810916201798,0.0,112.65,ok,full_base_c1_s20_n1,20.666605979895646,False,24.0696542727524,False,results/posebench_702_predictions/protenix_gpu/posebusters_benchmark/7VKZ_NOJ/full_base_c1_s20_n1/run_status.json,,,,,ok
results/posebench_702_predictions/protenix_gpu/posebusters_benchmark/7VQ9_ISY/full_base_c1_s20_n1/output/7VQ9_ISY/seed_101/predictions/7VQ9_ISY_seed_101_summary_confidence_sample_0.json,posebusters_benchmark,6,results/posebench_702_predictions/protenix_gpu/posebusters_benchmark/7VQ9_ISY/full_base_c1_s20_n1/inputs/7VQ9_ISY.json,external/PoseBench/data/posebusters_benchmark_set/7VQ9_ISY/7VQ9_ISY_ligand.sdf,14.0,C=C(C)CCS[P@@](=O)(O)OP(=O)(O)O,409.0,"A:206,B:203",protenix_base_default_v0.5.0,7VQ9_ISY,2.0,14.0,results/posebench_702_predictions/protenix_gpu/posebusters_benchmark/7VQ9_ISY/full_base_c1_s20_n1,10.650408452679478,10.0,55.0,14.0,results/posebench_702_predictions/protenix_gpu/posebusters_benchmark/7VQ9_ISY/full_base_c1_s20_n1/output/7VQ9_ISY/seed_101/predictions/7VQ9_ISY_seed_101_sample_0.cif,A:206;B:203,external/PoseBench/data/posebusters_benchmark_set/7VQ9_ISY/7VQ9_ISY_protein.pdb,0.13102512061595917,35.050514221191406,0.27349600195884705,0.15951929986476898,14.986030358722122,0.0,66.661,ok,full_base_c1_s20_n1,10.370145865655182,False,12.992510262387125,False,results/posebench_702_predictions/protenix_gpu/posebusters_benchmark/7VQ9_ISY/full_base_c1_s20_n1/run_status.json,,,,,ok
results/posebench_702_predictions/protenix_gpu/posebusters_benchmark/7VWF_K55/full_base_c1_s20_n1/output/7VWF_K55/seed_101/predictions/7VWF_K55_seed_101_summary_confidence_sample_0.json,posebusters_benchmark,7,results/posebench_702_predictions/protenix_gpu/posebusters_benchmark/7VWF_K55/full_base_c1_s20_n1/inputs/7VWF_K55.json,external/PoseBench/data/posebusters_benchmark_set/7VWF_K55/7VWF_K55_ligand.sdf,33.0,CCCCOc1ccc(C[C@H](CC)C(=O)O)cc1CNC(=O)c1ccc(C(F)(F)F)cc1F,516.0,"A:258,B:258",protenix_base_default_v0.5.0,7VWF_K55,2.0,33.0,results/posebench_702_predictions/protenix_gpu/posebusters_benchmark/7VWF_K55/full_base_c1_s20_n1,16.915390173655556,10.0,105.0,33.0,results/posebench_702_predictions/protenix_gpu/posebusters_benchmark/7VWF_K55/full_base_c1_s20_n1/output/7VWF_K55/seed_101/predictions/7VWF_K55_seed_101_sample_0.cif,A:258;B:258,external/PoseBench/data/posebusters_benchmark_set/7VWF_K55/7VWF_K55_protein.pdb,0.1168893501162529,39.29460144042969,0.2126549482345581,0.13604247570037842,23.162935242119342,0.0,68.055,ok,full_base_c1_s20_n1,18.429492297466194,False,26.486132618006362,False,results/posebench_702_predictions/protenix_gpu/posebusters_benchmark/7VWF_K55/full_base_c1_s20_n1/run_status.json,,,,,ok
results/posebench_702_predictions/protenix_gpu/posebusters_benchmark/7VYJ_CA0/full_base_c1_s20_n1/output/7VYJ_CA0/seed_101/predictions/7VYJ_CA0_seed_101_summary_confidence_sample_0.json,posebusters_benchmark,4,results/posebench_702_predictions/protenix_gpu/posebusters_benchmark/7VYJ_CA0/full_base_c1_s20_n1/inputs/7VYJ_CA0.json,external/PoseBench/data/posebusters_benchmark_set/7VYJ_CA0/7VYJ_CA0_ligand.sdf,26.0,NC(=O)O[P@](=O)(O)OC[C@H]1O[C@@H](n2cnc3c(N)ncnc32)[C@H](O)[C@@H]1O,1354.0,"A:675,B:679",protenix_base_default_v0.5.0,7VYJ_CA0,2.0,26.0,results/posebench_702_predictions/protenix_gpu/posebusters_benchmark/7VYJ_CA0/full_base_c1_s20_n1,11.868480165498282,10.0,90.0,26.0,results/posebench_702_predictions/protenix_gpu/posebusters_benchmark/7VYJ_CA0/full_base_c1_s20_n1/output/7VYJ_CA0/seed_101/predictions/7VYJ_CA0_seed_101_sample_0.cif,A:675;B:679,external/PoseBench/data/posebusters_benchmark_set/7VYJ_CA0/7VYJ_CA0_protein.pdb,0.1710154414176941,34.74540328979492,0.25700536370277405,0.18821343779563904,33.108713510911976,0.0,108.236,ok,full_base_c1_s20_n1,11.955287975123259,False,23.01860739828911,False,results/posebench_702_predictions/protenix_gpu/posebusters_benchmark/7VYJ_CA0/full_base_c1_s20_n1/run_status.json,,,,,ok
results/posebench_702_predictions/protenix_gpu/posebusters_benchmark/7W05_GMP/full_base_c1_s20_n1/output/7W05_GMP/seed_101/predictions/7W05_GMP_seed_101_summary_confidence_sample_0.json,posebusters_benchmark,5,results/posebench_702_predictions/protenix_gpu/posebusters_benchmark/7W05_GMP/full_base_c1_s20_n1/inputs/7W05_GMP.json,external/PoseBench/data/posebusters_benchmark_set/7W05_GMP/7W05_GMP_ligand.sdf,20.0,Nc1nc2c(ncn2[C@@H]2O[C@H](CO)[C@@H](O)[C@H]2O)c(=O)[nH]1,100.0,A:100,protenix_base_default_v0.5.0,7W05_GMP,1.0,20.0,results/posebench_702_predictions/protenix_gpu/posebusters_benchmark/7W05_GMP/full_base_c1_s20_n1,8.607798998945816,10.0,35.0,20.0,results/posebench_702_predictions/protenix_gpu/posebusters_benchmark/7W05_GMP/full_base_c1_s20_n1/output/7W05_GMP/seed_101/predictions/7W05_GMP_seed_101_sample_0.cif,A:100,external/PoseBench/data/posebusters_benchmark_set/7W05_GMP/7W05_GMP_protein.pdb,0.15613050758838654,35.90794372558594,0.23425555229187012,0.17175552248954773,12.170546461988637,0.0,64.366,ok,full_base_c1_s20_n1,12.686203124854684,False,16.536605353044894,False,results/posebench_702_predictions/protenix_gpu/posebusters_benchmark/7W05_GMP/full_base_c1_s20_n1/run_status.json,,,,,ok
results/posebench_702_predictions/protenix_gpu/posebusters_benchmark/7W06_ITN/full_base_c1_s20_n1/output/7W06_ITN/seed_101/predictions/7W06_ITN_seed_101_summary_confidence_sample_0.json,posebusters_benchmark,6,results/posebench_702_predictions/protenix_gpu/posebusters_benchmark/7W06_ITN/full_base_c1_s20_n1/inputs/7W06_ITN.json,external/PoseBench/data/posebusters_benchmark_set/7W06_ITN/7W06_ITN_ligand.sdf,9.0,C=C(CC(=O)O)C(=O)O,207.0,A:207,protenix_base_default_v0.5.0,7W06_ITN,1.0,9.0,results/posebench_702_predictions/protenix_gpu/posebusters_benchmark/7W06_ITN/full_base_c1_s20_n1,13.547559497218518,10.0,58.0,9.0,results/posebench_702_predictions/protenix_gpu/posebusters_benchmark/7W06_ITN/full_base_c1_s20_n1/output/7W06_ITN/seed_101/predictions/7W06_ITN_seed_101_sample_0.cif,A:207,external/PoseBench/data/posebusters_benchmark_set/7W06_ITN/7W06_ITN_protein.pdb,0.16249722242355347,36.51868438720703,0.3020278215408325,0.19040334224700928,19.68046304111267,0.0,64.671,ok,full_base_c1_s20_n1,17.30856139154369,False,18.785758802400068,False,results/posebench_702_predictions/protenix_gpu/posebusters_benchmark/7W06_ITN/full_base_c1_s20_n1/run_status.json,,,,,ok
results/posebench_702_predictions/protenix_gpu/posebusters_benchmark/7W6F_8I6/full_base_c1_s20_n1/output/7W6F_8I6/seed_101/predictions/7W6F_8I6_seed_101_summary_confidence_sample_0.json,posebusters_benchmark,7,results/posebench_702_predictions/protenix_gpu/posebusters_benchmark/7W6F_8I6/full_base_c1_s20_n1/inputs/7W6F_8I6.json,external/PoseBench/data/posebusters_benchmark_set/7W6F_8I6/7W6F_8I6_ligand.sdf,20.0,CCCCCCCCCc1cc(O)cc(O)c1C(=O)O,208.0,"A:104,B:104",protenix_base_default_v0.5.0,7W6F_8I6,2.0,20.0,results/posebench_702_predictions/protenix_gpu/posebusters_benchmark/7W6F_8I6/full_base_c1_s20_n1,16.30231305458727,10.0,73.0,20.0,results/posebench_702_predictions/protenix_gpu/posebusters_benchmark/7W6F_8I6/full_base_c1_s20_n1/output/7W6F_8I6/seed_101/predictions/7W6F_8I6_seed_101_sample_0.cif,A:104;B:104,external/PoseBench/data/posebusters_benchmark_set/7W6F_8I6/7W6F_8I6_protein.pdb,0.34227827191352844,41.256202697753906,0.39154988527297974,0.3521326184272766,21.117961189202216,0.0,64.634,ok,full_base_c1_s20_n1,6.756796444916109,False,15.084718637943523,False,results/posebench_702_predictions/protenix_gpu/posebusters_benchmark/7W6F_8I6/full_base_c1_s20_n1/run_status.json,,,,,ok
results/posebench_702_predictions/protenix_gpu/posebusters_benchmark/7WCF_ACP/full_base_c1_s20_n1/output/7WCF_ACP/seed_101/predictions/7WCF_ACP_seed_101_summary_confidence_sample_0.json,posebusters_benchmark,4,results/posebench_702_predictions/protenix_gpu/posebusters_benchmark/7WCF_ACP/full_base_c1_s20_n1/inputs/7WCF_ACP.json,external/PoseBench/data/posebusters_benchmark_set/7WCF_ACP/7WCF_ACP_ligand.sdf,31.0,Nc1ncnc2c1ncn2[C@@H]1O[C@H](CO[P@@](=O)(O)O[P@@](=O)(O)CP(=O)(O)O)[C@@H](O)[C@H]1O,318.0,A:318,protenix_base_default_v0.5.0,7WCF_ACP,1.0,31.0,results/posebench_702_predictions/protenix_gpu/posebusters_benchmark/7WCF_ACP/full_base_c1_s20_n1,14.103481189239428,10.0,75.0,31.0,results/posebench_702_predictions/protenix_gpu/posebusters_benchmark/7WCF_ACP/full_base_c1_s20_n1/output/7WCF_ACP/seed_101/predictions/7WCF_ACP_seed_101_sample_0.cif,A:318,external/PoseBench/data/posebusters_benchmark_set/7WCF_ACP/7WCF_ACP_protein.pdb,0.13398772478103638,35.4512825012207,0.1883554756641388,0.14486128091812134,21.586360111364122,0.0,66.338,ok,full_base_c1_s20_n1,12.521250969069804,False,8.748783241975183,False,results/posebench_702_predictions/protenix_gpu/posebusters_benchmark/7WCF_ACP/full_base_c1_s20_n1/run_status.json,,,,,ok
results/posebench_702_predictions/protenix_gpu/posebusters_benchmark/7WDT_NGS/full_base_c1_s20_n1/output/7WDT_NGS/seed_101/predictions/7WDT_NGS_seed_101_summary_confidence_sample_0.json,posebusters_benchmark,5,results/posebench_702_predictions/protenix_gpu/posebusters_benchmark/7WDT_NGS/full_base_c1_s20_n1/inputs/7WDT_NGS.json,external/PoseBench/data/posebusters_benchmark_set/7WDT_NGS/7WDT_NGS_ligand.sdf,19.0,CC(=O)N[C@@H]1[C@@H](O)[C@H](O)[C@@H](COS(=O)(=O)O)O[C@H]1O,819.0,A:819,protenix_base_default_v0.5.0,7WDT_NGS,1.0,19.0,results/posebench_702_predictions/protenix_gpu/posebusters_benchmark/7WDT_NGS/full_base_c1_s20_n1,12.411394450837637,10.0,70.0,19.0,results/posebench_702_predictions/protenix_gpu/posebusters_benchmark/7WDT_NGS/full_base_c1_s20_n1/output/7WDT_NGS/seed_101/predictions/7WDT_NGS_seed_101_sample_0.cif,A:819,external/PoseBench/data/posebusters_benchmark_set/7WDT_NGS/7WDT_NGS_protein.pdb,0.2622494399547577,32.847137451171875,0.21150663495063782,0.2521008849143982,25.79357633092672,0.0,79.717,ok,full_base_c1_s20_n1,18.78159703439293,False,26.459236956533758,False,results/posebench_702_predictions/protenix_gpu/posebusters_benchmark/7WDT_NGS/full_base_c1_s20_n1/run_status.json,,,,,ok
results/posebench_702_predictions/protenix_gpu/posebusters_benchmark/7WJB_BGC/full_base_c1_s20_n1/output/7WJB_BGC/seed_101/predictions/7WJB_BGC_seed_101_summary_confidence_sample_0.json,posebusters_benchmark,6,results/posebench_702_predictions/protenix_gpu/posebusters_benchmark/7WJB_BGC/full_base_c1_s20_n1/inputs/7WJB_BGC.json,external/PoseBench/data/posebusters_benchmark_set/7WJB_BGC/7WJB_BGC_ligand.sdf,12.0,OC[C@H]1O[C@@H](O)[C@H](O)[C@@H](O)[C@@H]1O,729.0,A:729,protenix_base_default_v0.5.0,7WJB_BGC,1.0,12.0,results/posebench_702_predictions/protenix_gpu/posebusters_benchmark/7WJB_BGC/full_base_c1_s20_n1,12.853337353374881,10.0,56.0,12.0,results/posebench_702_predictions/protenix_gpu/posebusters_benchmark/7WJB_BGC/full_base_c1_s20_n1/output/7WJB_BGC/seed_101/predictions/7WJB_BGC_seed_101_sample_0.cif,A:729,external/PoseBench/data/posebusters_benchmark_set/7WJB_BGC/7WJB_BGC_protein.pdb,0.23502515256404877,31.580612182617188,0.16952869296073914,0.22192586958408356,26.77607184438955,0.0,75.518,ok,full_base_c1_s20_n1,13.465325376375546,False,22.790839554460636,False,results/posebench_702_predictions/protenix_gpu/posebusters_benchmark/7WJB_BGC/full_base_c1_s20_n1/run_status.json,,,,,ok
results/posebench_702_predictions/protenix_gpu/posebusters_benchmark/7WKL_CAQ/full_base_c1_s20_n1/output/7WKL_CAQ/seed_101/predictions/7WKL_CAQ_seed_101_summary_confidence_sample_0.json,posebusters_benchmark,7,results/posebench_702_predictions/protenix_gpu/posebusters_benchmark/7WKL_CAQ/full_base_c1_s20_n1/inputs/7WKL_CAQ.json,external/PoseBench/data/posebusters_benchmark_set/7WKL_CAQ/7WKL_CAQ_ligand.sdf,8.0,Oc1ccccc1O,1356.0,"A:339,B:339,C:339,D:339",protenix_base_default_v0.5.0,7WKL_CAQ,4.0,8.0,results/posebench_702_predictions/protenix_gpu/posebusters_benchmark/7WKL_CAQ/full_base_c1_s20_n1,12.686674863870495,10.0,61.0,8.0,results/posebench_702_predictions/protenix_gpu/posebusters_benchmark/7WKL_CAQ/full_base_c1_s20_n1/output/7WKL_CAQ/seed_101/predictions/7WKL_CAQ_seed_101_sample_0.cif,A:339;B:339;C:339;D:339,external/PoseBench/data/posebusters_benchmark_set/7WKL_CAQ/7WKL_CAQ_protein.pdb,0.16003099083900452,31.985029220581055,0.21063531935214996,0.17015185952186584,32.1389154736653,0.0,108.955,ok,full_base_c1_s20_n1,6.719546629426293,False,23.138675581606368,False,results/posebench_702_predictions/protenix_gpu/posebusters_benchmark/7WKL_CAQ/full_base_c1_s20_n1/run_status.json,,,,,ok
results/posebench_702_predictions/protenix_gpu/posebusters_benchmark/7WL4_JFU/full_base_c1_s20_n1/output/7WL4_JFU/seed_101/predictions/7WL4_JFU_seed_101_summary_confidence_sample_0.json,posebusters_benchmark,4,results/posebench_702_predictions/protenix_gpu/posebusters_benchmark/7WL4_JFU/full_base_c1_s20_n1/inputs/7WL4_JFU.json,external/PoseBench/data/posebusters_benchmark_set/7WL4_JFU/7WL4_JFU_ligand.sdf,34.0,CCN1C(=O)c2cc(N3CCN(C)CC3)nc3c(NS(=O)(=O)c4ccc(F)cc4F)ccc1c23,515.0,"A:128,B:130,C:127,D:130",protenix_base_default_v0.5.0,7WL4_JFU,4.0,34.0,results/posebench_702_predictions/protenix_gpu/posebusters_benchmark/7WL4_JFU/full_base_c1_s20_n1,11.871633612432742,10.0,67.0,34.0,results/posebench_702_predictions/protenix_gpu/posebusters_benchmark/7WL4_JFU/full_base_c1_s20_n1/output/7WL4_JFU/seed_101/predictions/7WL4_JFU_seed_101_sample_0.cif,A:128;B:130;C:127;D:130,external/PoseBench/data/posebusters_benchmark_set/7WL4_JFU/7WL4_JFU_protein.pdb,0.334155797958374,42.15938949584961,0.3512718975543976,0.33757904171943665,29.42416474305069,0.0,68.976,ok,full_base_c1_s20_n1,21.892520125163177,False,23.048763273395718,False,results/posebench_702_predictions/protenix_gpu/posebusters_benchmark/7WL4_JFU/full_base_c1_s20_n1/run_status.json,,,,,ok
results/posebench_702_predictions/protenix_gpu/posebusters_benchmark/7WN5_JGL/full_base_c1_s20_n1/output/7WN5_JGL/seed_101/predictions/7WN5_JGL_seed_101_summary_confidence_sample_0.json,posebusters_benchmark,5,results/posebench_702_predictions/protenix_gpu/posebusters_benchmark/7WN5_JGL/full_base_c1_s20_n1/inputs/7WN5_JGL.json,external/PoseBench/data/posebusters_benchmark_set/7WN5_JGL/7WN5_JGL_ligand.sdf,37.0,CCS(=O)(=O)Nc1ccc(Oc2ccc(F)cc2F)c(-c2cn(C)c(=O)c3cc(-c4cnc[nH]4)oc23)c1,236.0,"A:118,B:118",protenix_base_default_v0.5.0,7WN5_JGL,2.0,37.0,results/posebench_702_predictions/protenix_gpu/posebusters_benchmark/7WN5_JGL/full_base_c1_s20_n1,13.892093983123791,10.0,50.0,37.0,results/posebench_702_predictions/protenix_gpu/posebusters_benchmark/7WN5_JGL/full_base_c1_s20_n1/output/7WN5_JGL/seed_101/predictions/7WN5_JGL_seed_101_sample_0.cif,A:118;B:118,external/PoseBench/data/posebusters_benchmark_set/7WN5_JGL/7WN5_JGL_protein.pdb,0.3188643455505371,50.25113296508789,0.3510007858276367,0.32529163360595703,22.123421126422052,0.0,64.643,ok,full_base_c1_s20_n1,15.65520998982552,False,20.912859228405193,False,results/posebench_702_predictions/protenix_gpu/posebusters_benchmark/7WN5_JGL/full_base_c1_s20_n1/run_status.json,,,,,ok
results/posebench_702_predictions/protenix_gpu/posebusters_benchmark/7WPW_F15/full_base_c1_s20_n1/output/7WPW_F15/seed_101/predictions/7WPW_F15_seed_101_summary_confidence_sample_0.json,posebusters_benchmark,6,results/posebench_702_predictions/protenix_gpu/posebusters_benchmark/7WPW_F15/full_base_c1_s20_n1/inputs/7WPW_F15.json,external/PoseBench/data/posebusters_benchmark_set/7WPW_F15/7WPW_F15_ligand.sdf,17.0,CCCCCCCCCCCCCCC(=O)O,133.0,A:133,protenix_base_default_v0.5.0,7WPW_F15,1.0,17.0,results/posebench_702_predictions/protenix_gpu/posebusters_benchmark/7WPW_F15/full_base_c1_s20_n1,10.127907261023777,10.0,75.0,17.0,results/posebench_702_predictions/protenix_gpu/posebusters_benchmark/7WPW_F15/full_base_c1_s20_n1/output/7WPW_F15/seed_101/predictions/7WPW_F15_seed_101_sample_0.cif,A:133,external/PoseBench/data/posebusters_benchmark_set/7WPW_F15/7WPW_F15_protein.pdb,0.3516615033149719,49.66585159301758,0.4232384264469147,0.36597689986228943,12.312901702303861,0.0,65.52,ok,full_base_c1_s20_n1,6.688308108188925,False,9.464582506474128,False,results/posebench_702_predictions/protenix_gpu/posebusters_benchmark/7WPW_F15/full_base_c1_s20_n1/run_status.json,,,,,ok
results/posebench_702_predictions/protenix_gpu/posebusters_benchmark/7WQQ_5Z6/full_base_c1_s20_n1/output/7WQQ_5Z6/seed_101/predictions/7WQQ_5Z6_seed_101_summary_confidence_sample_0.json,posebusters_benchmark,7,results/posebench_702_predictions/protenix_gpu/posebusters_benchmark/7WQQ_5Z6/full_base_c1_s20_n1/inputs/7WQQ_5Z6.json,external/PoseBench/data/posebusters_benchmark_set/7WQQ_5Z6/7WQQ_5Z6_ligand.sdf,27.0,CC(C)(C)c1cc(C(=O)/C=C/c2ccc(C(=O)O)cc2)cc(C(C)(C)C)c1,228.0,A:228,protenix_base_default_v0.5.0,7WQQ_5Z6,2.0,27.0,results/posebench_702_predictions/protenix_gpu/posebusters_benchmark/7WQQ_5Z6/full_base_c1_s20_n1,16.30829255007973,10.0,90.0,27.0,results/posebench_702_predictions/protenix_gpu/posebusters_benchmark/7WQQ_5Z6/full_base_c1_s20_n1/output/7WQQ_5Z6/seed_101/predictions/7WQQ_5Z6_seed_101_sample_0.cif,A:228;C:9,external/PoseBench/data/posebusters_benchmark_set/7WQQ_5Z6/7WQQ_5Z6_protein.pdb,0.2262216955423355,41.377010345458984,0.2609785795211792,0.23317307233810425,17.28959600354539,0.0,65.692,ok,full_base_c1_s20_n1,11.965408740828845,False,14.998590144278158,False,results/posebench_702_predictions/protenix_gpu/posebusters_benchmark/7WQQ_5Z6/full_base_c1_s20_n1/run_status.json,,,,,ok
results/posebench_702_predictions/protenix_gpu/posebusters_benchmark/7WUX_6OI/full_base_c1_s20_n1/output/7WUX_6OI/seed_101/predictions/7WUX_6OI_seed_101_summary_confidence_sample_0.json,posebusters_benchmark,4,results/posebench_702_predictions/protenix_gpu/posebusters_benchmark/7WUX_6OI/full_base_c1_s20_n1/inputs/7WUX_6OI.json,external/PoseBench/data/posebusters_benchmark_set/7WUX_6OI/7WUX_6OI_ligand.sdf,17.0,N[C@@H](CC[C@H](O)[C@@H](N)COS(=O)(=O)O)C(=O)O,1056.0,"A:198,B:198,C:330,D:330",protenix_base_default_v0.5.0,7WUX_6OI,4.0,17.0,results/posebench_702_predictions/protenix_gpu/posebusters_benchmark/7WUX_6OI/full_base_c1_s20_n1,11.379241967048811,10.0,79.0,17.0,results/posebench_702_predictions/protenix_gpu/posebusters_benchmark/7WUX_6OI/full_base_c1_s20_n1/output/7WUX_6OI/seed_101/predictions/7WUX_6OI_seed_101_sample_0.cif,A:198;B:198;C:330;D:330,external/PoseBench/data/posebusters_benchmark_set/7WUX_6OI/7WUX_6OI_protein.pdb,0.14456894993782043,32.50701904296875,0.172867551445961,0.15022867918014526,27.02806082484356,0.0,89.907,ok,full_base_c1_s20_n1,13.334520530641772,False,33.232867371460415,False,results/posebench_702_predictions/protenix_gpu/posebusters_benchmark/7WUX_6OI/full_base_c1_s20_n1/run_status.json,,,,,ok
results/posebench_702_predictions/protenix_gpu/posebusters_benchmark/7WUY_76N/full_base_c1_s20_n1/output/7WUY_76N/seed_101/predictions/7WUY_76N_seed_101_summary_confidence_sample_0.json,posebusters_benchmark,5,results/posebench_702_predictions/protenix_gpu/posebusters_benchmark/7WUY_76N/full_base_c1_s20_n1/inputs/7WUY_76N.json,external/PoseBench/data/posebusters_benchmark_set/7WUY_76N/7WUY_76N_ligand.sdf,30.0,C[C@@H]1C=C[C@@H]2CCCC[C@@H]2[C@H]1C(=O)c1c(O)c([C@]2(O)CC[C@H](O)[C@@H]3O[C@@H]32)c[nH]c1=O,786.0,"A:393,B:393",protenix_base_default_v0.5.0,7WUY_76N,2.0,30.0,results/posebench_702_predictions/protenix_gpu/posebusters_benchmark/7WUY_76N/full_base_c1_s20_n1,17.19400784431919,10.0,90.0,30.0,results/posebench_702_predictions/protenix_gpu/posebusters_benchmark/7WUY_76N/full_base_c1_s20_n1/output/7WUY_76N/seed_101/predictions/7WUY_76N_seed_101_sample_0.cif,A:393;B:393,external/PoseBench/data/posebusters_benchmark_set/7WUY_76N/7WUY_76N_protein.pdb,0.14120949804782867,33.119110107421875,0.19674798846244812,0.15231719613075256,26.621611101738388,0.0,77.086,ok,full_base_c1_s20_n1,16.222960266342778,False,18.467702405418475,False,results/posebench_702_predictions/protenix_gpu/posebusters_benchmark/7WUY_76N/full_base_c1_s20_n1/run_status.json,,,,,ok
results/posebench_702_predictions/protenix_gpu/posebusters_benchmark/7WY1_D0L/full_base_c1_s20_n1/output/7WY1_D0L/seed_101/predictions/7WY1_D0L_seed_101_summary_confidence_sample_0.json,posebusters_benchmark,6,results/posebench_702_predictions/protenix_gpu/posebusters_benchmark/7WY1_D0L/full_base_c1_s20_n1/inputs/7WY1_D0L.json,external/PoseBench/data/posebusters_benchmark_set/7WY1_D0L/7WY1_D0L_ligand.sdf,26.0,CCCCCCCN1CCC[C@H]1C(=O)N[C@@H](Cc1ccccc1)C(=O)O,908.0,"A:454,B:454",protenix_base_default_v0.5.0,7WY1_D0L,2.0,26.0,results/posebench_702_predictions/protenix_gpu/posebusters_benchmark/7WY1_D0L/full_base_c1_s20_n1,20.108417219028205,10.0,87.0,26.0,results/posebench_702_predictions/protenix_gpu/posebusters_benchmark/7WY1_D0L/full_base_c1_s20_n1/output/7WY1_D0L/seed_101/predictions/7WY1_D0L_seed_101_sample_0.cif,A:454;B:454,external/PoseBench/data/posebusters_benchmark_set/7WY1_D0L/7WY1_D0L_protein.pdb,0.13661374151706696,37.03683090209961,0.21519410610198975,0.15232981741428375,30.91644526294128,0.0,81.091,ok,full_base_c1_s20_n1,13.723616608317371,False,29.48562534534724,False,results/posebench_702_predictions/protenix_gpu/posebusters_benchmark/7WY1_D0L/full_base_c1_s20_n1/run_status.json,,,,,ok
results/posebench_702_predictions/protenix_gpu/posebusters_benchmark/7X5N_5M5/full_base_c1_s20_n1/output/7X5N_5M5/seed_101/predictions/7X5N_5M5_seed_101_summary_confidence_sample_0.json,posebusters_benchmark,7,results/posebench_702_predictions/protenix_gpu/posebusters_benchmark/7X5N_5M5/full_base_c1_s20_n1/inputs/7X5N_5M5.json,external/PoseBench/data/posebusters_benchmark_set/7X5N_5M5/7X5N_5M5_ligand.sdf,30.0,Cc1n[nH]c2c1[C@](c1cc(CO)cc(-c3ccccc3)c1)(C(C)C)C(C#N)=C(N)O2,820.0,"A:409,B:411",protenix_base_default_v0.5.0,7X5N_5M5,2.0,30.0,results/posebench_702_predictions/protenix_gpu/posebusters_benchmark/7X5N_5M5/full_base_c1_s20_n1,16.121932243538335,10.0,76.0,30.0,results/posebench_702_predictions/protenix_gpu/posebusters_benchmark/7X5N_5M5/full_base_c1_s20_n1/output/7X5N_5M5/seed_101/predictions/7X5N_5M5_seed_101_sample_0.cif,A:409;B:411,external/PoseBench/data/posebusters_benchmark_set/7X5N_5M5/7X5N_5M5_protein.pdb,0.12879586219787598,38.2708740234375,0.18744918704032898,0.14052653312683105,25.1023579556193,0.0,76.071,ok,full_base_c1_s20_n1,16.83081412534143,False,22.904011322134863,False,results/posebench_702_predictions/protenix_gpu/posebusters_benchmark/7X5N_5M5/full_base_c1_s20_n1/run_status.json,,,,,ok
results/posebench_702_predictions/protenix_gpu/posebusters_benchmark/7X9K_8OG/full_base_c1_s20_n1/output/7X9K_8OG/seed_101/predictions/7X9K_8OG_seed_101_summary_confidence_sample_0.json,posebusters_benchmark,4,results/posebench_702_predictions/protenix_gpu/posebusters_benchmark/7X9K_8OG/full_base_c1_s20_n1/inputs/7X9K_8OG.json,external/PoseBench/data/posebusters_benchmark_set/7X9K_8OG/7X9K_8OG_ligand.sdf,24.0,Nc1nc2c([nH]c(=O)n2[C@H]2C[C@H](O)[C@@H](COP(=O)(O)O)O2)c(=O)[nH]1,129.0,A:129,protenix_base_default_v0.5.0,7X9K_8OG,1.0,24.0,results/posebench_702_predictions/protenix_gpu/posebusters_benchmark/7X9K_8OG/full_base_c1_s20_n1,10.402767593036435,10.0,70.0,24.0,results/posebench_702_predictions/protenix_gpu/posebusters_benchmark/7X9K_8OG/full_base_c1_s20_n1/output/7X9K_8OG/seed_101/predictions/7X9K_8OG_seed_101_sample_0.cif,A:129,external/PoseBench/data/posebusters_benchmark_set/7X9K_8OG/7X9K_8OG_protein.pdb,0.1567281037569046,39.357357025146484,0.2851405739784241,0.1824105978012085,11.778428765602564,0.0,65.411,ok,full_base_c1_s20_n1,14.20462640776445,False,13.665852081150053,False,results/posebench_702_predictions/protenix_gpu/posebusters_benchmark/7X9K_8OG/full_base_c1_s20_n1/run_status.json,,,,,ok
results/posebench_702_predictions/protenix_gpu/posebusters_benchmark/7XBV_APC/full_base_c1_s20_n1/output/7XBV_APC/seed_101/predictions/7XBV_APC_seed_101_summary_confidence_sample_0.json,posebusters_benchmark,5,results/posebench_702_predictions/protenix_gpu/posebusters_benchmark/7XBV_APC/full_base_c1_s20_n1/inputs/7XBV_APC.json,external/PoseBench/data/posebusters_benchmark_set/7XBV_APC/7XBV_APC_ligand.sdf,31.0,Nc1ncnc2c1ncn2[C@@H]1O[C@H](CO[P@](=O)(O)C[P@](=O)(O)OP(=O)(O)O)[C@@H](O)[C@H]1O,409.0,A:409,protenix_base_default_v0.5.0,7XBV_APC,1.0,31.0,results/posebench_702_predictions/protenix_gpu/posebusters_benchmark/7XBV_APC/full_base_c1_s20_n1,16.68935385330468,10.0,76.0,31.0,results/posebench_702_predictions/protenix_gpu/posebusters_benchmark/7XBV_APC/full_base_c1_s20_n1/output/7XBV_APC/seed_101/predictions/7XBV_APC_seed_101_sample_0.cif,A:409,external/PoseBench/data/posebusters_benchmark_set/7XBV_APC/7XBV_APC_protein.pdb,0.26526370644569397,33.44355392456055,0.19787687063217163,0.25178635120391846,23.463347661864393,0.0,67.619,ok,full_base_c1_s20_n1,15.154383288142393,False,19.977386693748134,False,results/posebench_702_predictions/protenix_gpu/posebusters_benchmark/7XBV_APC/full_base_c1_s20_n1/run_status.json,,,,,ok
results/posebench_702_predictions/protenix_gpu/posebusters_benchmark/7XEK_9YX/full_base_c1_s20_n1/output/7XEK_9YX/seed_101/predictions/7XEK_9YX_seed_101_summary_confidence_sample_0.json,posebusters_benchmark,6,results/posebench_702_predictions/protenix_gpu/posebusters_benchmark/7XEK_9YX/full_base_c1_s20_n1/inputs/7XEK_9YX.json,external/PoseBench/data/posebusters_benchmark_set/7XEK_9YX/7XEK_9YX_ligand.sdf,22.0,Cc1ncc(COP(=O)(O)O)c([C@H]2N[C@@H](C(=O)O)CS2)c1O,413.0,A:413,protenix_base_default_v0.5.0,7XEK_9YX,1.0,22.0,results/posebench_702_predictions/protenix_gpu/posebusters_benchmark/7XEK_9YX/full_base_c1_s20_n1,8.986368486767619,10.0,76.0,22.0,results/posebench_702_predictions/protenix_gpu/posebusters_benchmark/7XEK_9YX/full_base_c1_s20_n1/output/7XEK_9YX/seed_101/predictions/7XEK_9YX_seed_101_sample_0.cif,A:413,external/PoseBench/data/posebusters_benchmark_set/7XEK_9YX/7XEK_9YX_protein.pdb,0.3737095594406128,38.0972785949707,0.3103550374507904,0.3610386550426483,15.491874547029925,0.0,67.75,ok,full_base_c1_s20_n1,7.022618815966269,False,9.407453128231595,False,results/posebench_702_predictions/protenix_gpu/posebusters_benchmark/7XEK_9YX/full_base_c1_s20_n1/run_status.json,,,,,ok
results/posebench_702_predictions/protenix_gpu/posebusters_benchmark/7XFA_D9J/full_base_c1_s20_n1/output/7XFA_D9J/seed_101/predictions/7XFA_D9J_seed_101_summary_confidence_sample_0.json,posebusters_benchmark,7,results/posebench_702_predictions/protenix_gpu/posebusters_benchmark/7XFA_D9J/full_base_c1_s20_n1/inputs/7XFA_D9J.json,external/PoseBench/data/posebusters_benchmark_set/7XFA_D9J/7XFA_D9J_ligand.sdf,41.0,Cc1nc([C@@H]2O[C@H](CO)[C@H](O)[C@H](n3cc(-c4cc(F)c(Cl)c(F)c4)nn3)[C@H]2O)n(-c2cc(Cl)ccc2C(F)(F)F)n1,138.0,A:138,protenix_base_default_v0.5.0,7XFA_D9J,1.0,41.0,results/posebench_702_predictions/protenix_gpu/posebusters_benchmark/7XFA_D9J/full_base_c1_s20_n1,7.587070639710146,10.0,46.0,41.0,results/posebench_702_predictions/protenix_gpu/posebusters_benchmark/7XFA_D9J/full_base_c1_s20_n1/output/7XFA_D9J/seed_101/predictions/7XFA_D9J_seed_101_sample_0.cif,A:138,external/PoseBench/data/posebusters_benchmark_set/7XFA_D9J/7XFA_D9J_protein.pdb,0.34326279163360596,44.91996765136719,0.40881022810935974,0.35637229681015015,8.500146942605323,0.0,65.339,ok,full_base_c1_s20_n1,7.895744037316701,False,8.257288900824395,False,results/posebench_702_predictions/protenix_gpu/posebusters_benchmark/7XFA_D9J/full_base_c1_s20_n1/run_status.json,,,,,ok
results/posebench_702_predictions/protenix_gpu/posebusters_benchmark/7XG5_PLP/full_base_c1_s20_n1/output/7XG5_PLP/seed_101/predictions/7XG5_PLP_seed_101_summary_confidence_sample_0.json,posebusters_benchmark,4,results/posebench_702_predictions/protenix_gpu/posebusters_benchmark/7XG5_PLP/full_base_c1_s20_n1/inputs/7XG5_PLP.json,external/PoseBench/data/posebusters_benchmark_set/7XG5_PLP/7XG5_PLP_ligand.sdf,16.0,Cc1ncc(COP(=O)(O)O)c(C=O)c1O,642.0,"A:321,B:321",protenix_base_default_v0.5.0,7XG5_PLP,2.0,16.0,results/posebench_702_predictions/protenix_gpu/posebusters_benchmark/7XG5_PLP/full_base_c1_s20_n1,13.181340695743964,10.0,69.0,16.0,results/posebench_702_predictions/protenix_gpu/posebusters_benchmark/7XG5_PLP/full_base_c1_s20_n1/output/7XG5_PLP/seed_101/predictions/7XG5_PLP_seed_101_sample_0.cif,A:321;B:321,external/PoseBench/data/posebusters_benchmark_set/7XG5_PLP/7XG5_PLP_protein.pdb,0.15289603173732758,31.274349212646484,0.20084592700004578,0.1624860167503357,24.590283801334376,0.0,72.703,ok,full_base_c1_s20_n1,14.657728274824528,False,19.48833031301823,False,results/posebench_702_predictions/protenix_gpu/posebusters_benchmark/7XG5_PLP/full_base_c1_s20_n1/run_status.json,,,,,ok
results/posebench_702_predictions/protenix_gpu/posebusters_benchmark/7XI7_4RI/full_base_c1_s20_n1/output/7XI7_4RI/seed_101/predictions/7XI7_4RI_seed_101_summary_confidence_sample_0.json,posebusters_benchmark,5,results/posebench_702_predictions/protenix_gpu/posebusters_benchmark/7XI7_4RI/full_base_c1_s20_n1/inputs/7XI7_4RI.json,external/PoseBench/data/posebusters_benchmark_set/7XI7_4RI/7XI7_4RI_ligand.sdf,20.0,CCCCCCc1nc(N)nc(N)c1-c1ccccc1,186.0,A:186,protenix_base_default_v0.5.0,7XI7_4RI,1.0,20.0,results/posebench_702_predictions/protenix_gpu/posebusters_benchmark/7XI7_4RI/full_base_c1_s20_n1,11.895892867128278,10.0,72.0,20.0,results/posebench_702_predictions/protenix_gpu/posebusters_benchmark/7XI7_4RI/full_base_c1_s20_n1/output/7XI7_4RI/seed_101/predictions/7XI7_4RI_seed_101_sample_0.cif,A:186,external/PoseBench/data/posebusters_benchmark_set/7XI7_4RI/7XI7_4RI_protein.pdb,0.29457029700279236,37.09347915649414,0.3097129464149475,0.29759883880615234,14.180368887620807,0.0,66.149,ok,full_base_c1_s20_n1,4.977475073387807,False,4.485730769675405,False,results/posebench_702_predictions/protenix_gpu/posebusters_benchmark/7XI7_4RI/full_base_c1_s20_n1/run_status.json,,,,,ok
results/posebench_702_predictions/protenix_gpu/posebusters_benchmark/7XIJ_EJ3/full_base_c1_s20_n1/output/7XIJ_EJ3/seed_101/predictions/7XIJ_EJ3_seed_101_summary_confidence_sample_0.json,posebusters_benchmark,6,results/posebench_702_predictions/protenix_gpu/posebusters_benchmark/7XIJ_EJ3/full_base_c1_s20_n1/inputs/7XIJ_EJ3.json,external/PoseBench/data/posebusters_benchmark_set/7XIJ_EJ3/7XIJ_EJ3_ligand.sdf,33.0,COc1ccc2c(c1)c(C(=O)Nc1cc(C(=O)O)cc(-c3cnn(C)c3)c1F)cn2C(C)=O,131.0,A:131,protenix_base_default_v0.5.0,7XIJ_EJ3,1.0,33.0,results/posebench_702_predictions/protenix_gpu/posebusters_benchmark/7XIJ_EJ3/full_base_c1_s20_n1,6.038418273239458,10.0,49.0,33.0,results/posebench_702_predictions/protenix_gpu/posebusters_benchmark/7XIJ_EJ3/full_base_c1_s20_n1/output/7XIJ_EJ3/seed_101/predictions/7XIJ_EJ3_seed_101_sample_0.cif,A:131,external/PoseBench/data/posebusters_benchmark_set/7XIJ_EJ3/7XIJ_EJ3_protein.pdb,0.22726108133792877,48.92472457885742,0.3470098674297333,0.2512108385562897,6.777428747870953,0.0,65.923,ok,full_base_c1_s20_n1,21.31982050450723,False,24.217478396583765,False,results/posebench_702_predictions/protenix_gpu/posebusters_benchmark/7XIJ_EJ3/full_base_c1_s20_n1/run_status.json,,,,,ok
results/posebench_702_predictions/protenix_gpu/posebusters_benchmark/7XJN_NSD/full_base_c1_s20_n1/output/7XJN_NSD/seed_101/predictions/7XJN_NSD_seed_101_summary_confidence_sample_0.json,posebusters_benchmark,7,results/posebench_702_predictions/protenix_gpu/posebusters_benchmark/7XJN_NSD/full_base_c1_s20_n1/inputs/7XJN_NSD.json,external/PoseBench/data/posebusters_benchmark_set/7XJN_NSD/7XJN_NSD_ligand.sdf,9.0,NCCCNCCCN,1278.0,"A:322,B:316,C:319,D:321",protenix_base_default_v0.5.0,7XJN_NSD,4.0,9.0,results/posebench_702_predictions/protenix_gpu/posebusters_benchmark/7XJN_NSD/full_base_c1_s20_n1,12.678845542580891,10.0,64.0,9.0,results/posebench_702_predictions/protenix_gpu/posebusters_benchmark/7XJN_NSD/full_base_c1_s20_n1/output/7XJN_NSD/seed_101/predictions/7XJN_NSD_seed_101_sample_0.cif,A:322;B:316;C:319;D:321,external/PoseBench/data/posebusters_benchmark_set/7XJN_NSD/7XJN_NSD_protein.pdb,0.1635977178812027,35.376888275146484,0.22974659502506256,0.17682750523090363,27.11345320838606,0.0,101.663,ok,full_base_c1_s20_n1,30.105275063203877,False,42.734593115810355,False,results/posebench_702_predictions/protenix_gpu/posebusters_benchmark/7XJN_NSD/full_base_c1_s20_n1/run_status.json,,,,,ok
results/posebench_702_predictions/protenix_gpu/posebusters_benchmark/7XPO_UPG/full_base_c1_s20_n1/output/7XPO_UPG/seed_101/predictions/7XPO_UPG_seed_101_summary_confidence_sample_0.json,posebusters_benchmark,4,results/posebench_702_predictions/protenix_gpu/posebusters_benchmark/7XPO_UPG/full_base_c1_s20_n1/inputs/7XPO_UPG.json,external/PoseBench/data/posebusters_benchmark_set/7XPO_UPG/7XPO_UPG_ligand.sdf,36.0,O=c1ccn([C@@H]2O[C@H](CO[P@](=O)(O)O[P@](=O)(O)O[C@H]3O[C@H](CO)[C@@H](O)[C@H](O)[C@H]3O)[C@@H](O)[C@H]2O)c(=O)[nH]1,679.0,"A:343,B:336",protenix_base_default_v0.5.0,7XPO_UPG,2.0,36.0,results/posebench_702_predictions/protenix_gpu/posebusters_benchmark/7XPO_UPG/full_base_c1_s20_n1,16.296867832211863,10.0,93.0,36.0,results/posebench_702_predictions/protenix_gpu/posebusters_benchmark/7XPO_UPG/full_base_c1_s20_n1/output/7XPO_UPG/seed_101/predictions/7XPO_UPG_seed_101_sample_0.cif,A:344;B:336,external/PoseBench/data/posebusters_benchmark_set/7XPO_UPG/7XPO_UPG_protein.pdb,0.15364502370357513,39.39651107788086,0.27577662467956543,0.17807134985923767,27.14490976291885,0.0,73.244,ok,full_base_c1_s20_n1,14.591214044855269,False,24.995038184259602,False,results/posebench_702_predictions/protenix_gpu/posebusters_benchmark/7XPO_UPG/full_base_c1_s20_n1/run_status.json,,,,,ok
results/posebench_702_predictions/protenix_gpu/posebusters_benchmark/7XQZ_FPF/full_base_c1_s20_n1/output/7XQZ_FPF/seed_101/predictions/7XQZ_FPF_seed_101_summary_confidence_sample_0.json,posebusters_benchmark,5,results/posebench_702_predictions/protenix_gpu/posebusters_benchmark/7XQZ_FPF/full_base_c1_s20_n1/inputs/7XQZ_FPF.json,external/PoseBench/data/posebusters_benchmark_set/7XQZ_FPF/7XQZ_FPF_ligand.sdf,25.0,CC(C)=CCC/C(C)=C/CC/C(C)=C(\F)CO[P@@](=O)(O)OP(=O)(O)O,493.0,A:493,protenix_base_default_v0.5.0,7XQZ_FPF,1.0,25.0,results/posebench_702_predictions/protenix_gpu/posebusters_benchmark/7XQZ_FPF/full_base_c1_s20_n1,13.96718865042663,10.0,97.0,25.0,results/posebench_702_predictions/protenix_gpu/posebusters_benchmark/7XQZ_FPF/full_base_c1_s20_n1/output/7XQZ_FPF/seed_101/predictions/7XQZ_FPF_seed_101_sample_0.cif,A:493,external/PoseBench/data/posebusters_benchmark_set/7XQZ_FPF/7XQZ_FPF_protein.pdb,0.3077264726161957,41.82530212402344,0.3303932547569275,0.31225982308387756,21.361260981150306,0.0,68.471,ok,full_base_c1_s20_n1,5.5609081267157725,False,8.263272708713025,False,results/posebench_702_predictions/protenix_gpu/posebusters_benchmark/7XQZ_FPF/full_base_c1_s20_n1/run_status.json,,,,,ok
,posebusters_benchmark,6,results/posebench_702_predictions/protenix_gpu/posebusters_benchmark/7XRL_FWK/full_base_c1_s20_n1/inputs/7XRL_FWK.json,external/PoseBench/data/posebusters_benchmark_set/7XRL_FWK/7XRL_FWK_ligand.sdf,19.0,CC[C@H]1O[C@@H](n2cnc3c(N)ncnc32)[C@H](O)[C@@H]1O,,,protenix_base_default_v0.5.0,7XRL_FWK,6.0,,results/posebench_702_predictions/protenix_gpu/posebusters_benchmark/7XRL_FWK/full_base_c1_s20_n1,,,,,,A:552;B:179;C:136;D:554;E:178;F:136,external/PoseBench/data/posebusters_benchmark_set/7XRL_FWK/7XRL_FWK_protein.pdb,,,,,,0.0,146.888,failed_no_prediction_cif,full_base_c1_s20_n1,,,,,results/posebench_702_predictions/protenix_gpu/posebusters_benchmark/7XRL_FWK/full_base_c1_s20_n1/run_status.json,"x/lib/python3.10/site-packages/runner/inference.py"", line 312, in infer_predict
    prediction = runner.predict(data)
  File ""<REMOTE_PROJECT_ROOT>/envs/protenix/lib/python3.10/site-packages/torch/utils/_contextlib.py"", line 115, in decorate_context
    return func(*args, **kwargs)
  File ""<REMOTE_PROJECT_ROOT>/envs/protenix/lib/python3.10/site-packages/runner/inference.py"", line 152, in predict
    prediction, _, _ = self.model(
  File ""<REMOTE_PROJECT_ROOT>/envs/protenix/lib/python3.10/site-packages/torch/nn/modules/module.py"", line 1532, in _wrapped_call_impl
    return self._call_impl(*args, **kwargs)
  File ""<REMOTE_PROJECT_ROOT>/envs/protenix/lib/python3.10/site-packages/torch/nn/modules/module.py"", line 1541, in _call_impl
    return forward_call(*args, **kwargs)
  File ""<REMOTE_PROJECT_ROOT>/envs/protenix/lib/python3.10/site-packages/protenix/model/protenix.py"", line 722, in forward
    pred_dict, log_dict, time_tracker = self.main_inference_loop(
  File ""<REMOTE_PROJECT_ROOT>/envs/protenix/lib/python3.10/site-packages/protenix/model/protenix.py"", line 338, in main_inference_loop
    pred_dict, log_dict, time_tracker = self._main_inference_loop(
  File ""<REMOTE_PROJECT_ROOT>/envs/protenix/lib/python3.10/site-packages/protenix/model/protenix.py"", line 460, in _main_inference_loop
    ) = self.run_confidence_head(
  File ""<REMOTE_PROJECT_ROOT>/envs/protenix/lib/python3.10/site-packages/protenix/model/protenix.py"", line 303, in run_confidence_head
    return autocasting_disable_decorator(self.configs.skip_amp.confidence_head)(
  File ""<REMOTE_PROJECT_ROOT>/envs/protenix/lib/python3.10/site-packages/protenix/utils/torch_utils.py"", line 219, in new_func
    return func(
  File ""<REMOTE_PROJECT_ROOT>/envs/protenix/lib/python3.10/site-packages/torch/nn/modules/module.py"", line 1532, in _wrapped_call_impl
    return self._call_impl(*args, **kwargs)
  File ""<REMOTE_PROJECT_ROOT>/envs/protenix/lib/python3.10/site-packages/torch/nn/modules/module.py"", line 1541, in _call_impl
    return forward_call(*args, **kwargs)
  File ""<REMOTE_PROJECT_ROOT>/envs/protenix/lib/python3.10/site-packages/protenix/model/modules/confidence.py"", line 211, in forward
    self.memory_efficient_forward(
  File ""<REMOTE_PROJECT_ROOT>/envs/protenix/lib/python3.10/site-packages/protenix/model/modules/confidence.py"", line 301, in memory_efficient_forward
    s_single, z_pair = self.pairformer_stack(
  File ""<REMOTE_PROJECT_ROOT>/envs/protenix/lib/python3.10/site-packages/torch/nn/modules/module.py"", line 1532, in _wrapped_call_impl
    return self._call_impl(*args, **kwargs)
  File ""<REMOTE_PROJECT_ROOT>/envs/protenix/lib/python3.10/site-packages/torch/nn/modules/module.py"", line 1541, in _call_impl
    return forward_call(*args, **kwargs)
  File ""<REMOTE_PROJECT_ROOT>/envs/protenix/lib/python3.10/site-packages/protenix/model/modules/pairformer.py"", line 309, in forward
    s, z = checkpoint_blocks(
  File ""<REMOTE_PROJECT_ROOT>/envs/protenix/lib/python3.10/site-packages/protenix/openfold_local/utils/checkpointing.py"", line 86, in checkpoint_blocks
    return exec(blocks, args)
  File ""<REMOTE_PROJECT_ROOT>/envs/protenix/lib/python3.10/site-packages/protenix/openfold_local/utils/checkpointing.py"", line 73, in exec
    a = wrap(block(*a))
  File ""<REMOTE_PROJECT_ROOT>/envs/protenix/lib/python3.10/site-packages/torch/nn/modules/module.py"", line 1532, in _wrapped_call_impl
    return self._call_impl(*args, **kwargs)
  File ""<REMOTE_PROJECT_ROOT>/envs/protenix/lib/python3.10/site-packages/torch/nn/modules/module.py"", line 1541, in _call_impl
    return forward_call(*args, **kwargs)
  File ""<REMOTE_PROJECT_ROOT>/envs/protenix/lib/python3.10/site-packages/protenix/model/modules/pairformer.py"", line 154, in forward
    z += self.pair_transition(z)
  File ""<REMOTE_PROJECT_ROOT>/envs/protenix/lib/python3.10/site-packages/torch/nn/modules/module.py"", line 1532, in _wrapped_call_impl
    return self._call_impl(*args, **kwargs)
  File ""<REMOTE_PROJECT_ROOT>/envs/protenix/lib/python3.10/site-packages/torch/nn/modules/module.py"", line 1541, in _call_impl
    return forward_call(*args, **kwargs)
  File ""<REMOTE_PROJECT_ROOT>/envs/protenix/lib/python3.10/site-packages/protenix/model/modules/primitives.py"", line 219, in forward
    b = self.linear_no_bias_b(y)
  File ""<REMOTE_PROJECT_ROOT>/envs/protenix/lib/python3.10/site-packages/torch/nn/modules/module.py"", line 1532, in _wrapped_call_impl
    return self._call_impl(*args, **kwargs)
  File ""<REMOTE_PROJECT_ROOT>/envs/protenix/lib/python3.10/site-packages/torch/nn/modules/module.py"", line 1541, in _call_impl
    return forward_call(*args, **kwargs)
  File ""<REMOTE_PROJECT_ROOT>/envs/protenix/lib/python3.10/site-packages/protenix/model/modules/primitives.py"", line 94, in forward
    return F.linear(input, self.weight, self.bias)
torch.cuda.OutOfMemoryError: CUDA out of memory. Tried to allocate 5.87 GiB. GPU 


100%|██████████| 1/1 [01:24<00:00, 84.28s/it]
100%|██████████| 1/1 [01:24<00:00, 84.28s/it]
","Try to find the ccd cache data in the code directory for inference.
[2026-06-11 19:45:01,927] [INFO] [real_accelerator.py:219:get_accelerator] Setting ds_accelerator to cuda (auto detect)
train scheduler 16.0
inference scheduler 16.0
Diffusion Module has 16.0
",,,gpu_oom
results/posebench_702_predictions/protenix_gpu/posebusters_benchmark/7YZU_DO7/full_base_c1_s20_n1/output/7YZU_DO7/seed_101/predictions/7YZU_DO7_seed_101_summary_confidence_sample_0.json,posebusters_benchmark,7,results/posebench_702_predictions/protenix_gpu/posebusters_benchmark/7YZU_DO7/full_base_c1_s20_n1/inputs/7YZU_DO7.json,external/PoseBench/data/posebusters_benchmark_set/7YZU_DO7/7YZU_DO7_ligand.sdf,16.0,CO[C@H]1O[C@H](CS(=O)(=O)O)[C@@H](O)[C@H](O)[C@H]1O,382.0,A:382,protenix_base_default_v0.5.0,7YZU_DO7,1.0,16.0,results/posebench_702_predictions/protenix_gpu/posebusters_benchmark/7YZU_DO7/full_base_c1_s20_n1,13.743989664806021,10.0,70.0,16.0,results/posebench_702_predictions/protenix_gpu/posebusters_benchmark/7YZU_DO7/full_base_c1_s20_n1/output/7YZU_DO7/seed_101/predictions/7YZU_DO7_seed_101_sample_0.cif,A:382,external/PoseBench/data/posebusters_benchmark_set/7YZU_DO7/7YZU_DO7_protein.pdb,0.3262643814086914,33.81365203857422,0.24301469326019287,0.3096144497394562,23.195270269236698,0.0,65.012,ok,full_base_c1_s20_n1,10.116357304513958,False,13.415005451490472,False,results/posebench_702_predictions/protenix_gpu/posebusters_benchmark/7YZU_DO7/full_base_c1_s20_n1/run_status.json,,,,,ok
results/posebench_702_predictions/protenix_gpu/posebusters_benchmark/7Z1Q_NIO/full_base_c1_s20_n1/output/7Z1Q_NIO/seed_101/predictions/7Z1Q_NIO_seed_101_summary_confidence_sample_0.json,posebusters_benchmark,4,results/posebench_702_predictions/protenix_gpu/posebusters_benchmark/7Z1Q_NIO/full_base_c1_s20_n1/inputs/7Z1Q_NIO.json,external/PoseBench/data/posebusters_benchmark_set/7Z1Q_NIO/7Z1Q_NIO_ligand.sdf,9.0,O=C(O)c1cccnc1,191.0,A:191,protenix_base_default_v0.5.0,7Z1Q_NIO,1.0,9.0,results/posebench_702_predictions/protenix_gpu/posebusters_benchmark/7Z1Q_NIO/full_base_c1_s20_n1,11.824123267441262,10.0,51.0,9.0,results/posebench_702_predictions/protenix_gpu/posebusters_benchmark/7Z1Q_NIO/full_base_c1_s20_n1/output/7Z1Q_NIO/seed_101/predictions/7Z1Q_NIO_seed_101_sample_0.cif,A:191,external/PoseBench/data/posebusters_benchmark_set/7Z1Q_NIO/7Z1Q_NIO_protein.pdb,0.21643958985805511,35.751190185546875,0.24534764885902405,0.22222119569778442,16.298425351633078,0.0,63.962,ok,full_base_c1_s20_n1,7.677967939249139,False,7.307319533055617,False,results/posebench_702_predictions/protenix_gpu/posebusters_benchmark/7Z1Q_NIO/full_base_c1_s20_n1/run_status.json,,,,,ok
results/posebench_702_predictions/protenix_gpu/posebusters_benchmark/7Z2O_IAJ/full_base_c1_s20_n1/output/7Z2O_IAJ/seed_101/predictions/7Z2O_IAJ_seed_101_summary_confidence_sample_0.json,posebusters_benchmark,5,results/posebench_702_predictions/protenix_gpu/posebusters_benchmark/7Z2O_IAJ/full_base_c1_s20_n1/inputs/7Z2O_IAJ.json,external/PoseBench/data/posebusters_benchmark_set/7Z2O_IAJ/7Z2O_IAJ_ligand.sdf,14.0,COc1cccc2sc3nncn3c12,393.0,"A:195,B:198",protenix_base_default_v0.5.0,7Z2O_IAJ,2.0,14.0,results/posebench_702_predictions/protenix_gpu/posebusters_benchmark/7Z2O_IAJ/full_base_c1_s20_n1,11.968018212672902,10.0,50.0,14.0,results/posebench_702_predictions/protenix_gpu/posebusters_benchmark/7Z2O_IAJ/full_base_c1_s20_n1/output/7Z2O_IAJ/seed_101/predictions/7Z2O_IAJ_seed_101_sample_0.cif,A:195;B:198,external/PoseBench/data/posebusters_benchmark_set/7Z2O_IAJ/7Z2O_IAJ_protein.pdb,0.09992431849241257,35.0015754699707,0.1959831565618515,0.11913608759641647,22.643549917100675,0.0,66.349,ok,full_base_c1_s20_n1,36.1156759618633,False,37.007824733427924,False,results/posebench_702_predictions/protenix_gpu/posebusters_benchmark/7Z2O_IAJ/full_base_c1_s20_n1/run_status.json,,,,,ok
results/posebench_702_predictions/protenix_gpu/posebusters_benchmark/7Z7F_IF3/full_base_c1_s20_n1/output/7Z7F_IF3/seed_101/predictions/7Z7F_IF3_seed_101_summary_confidence_sample_0.json,posebusters_benchmark,6,results/posebench_702_predictions/protenix_gpu/posebusters_benchmark/7Z7F_IF3/full_base_c1_s20_n1/inputs/7Z7F_IF3.json,external/PoseBench/data/posebusters_benchmark_set/7Z7F_IF3/7Z7F_IF3_ligand.sdf,14.0,CNc1nc(NC)c2ncn(C)c2n1,298.0,"A:149,B:149",protenix_base_default_v0.5.0,7Z7F_IF3,2.0,14.0,results/posebench_702_predictions/protenix_gpu/posebusters_benchmark/7Z7F_IF3/full_base_c1_s20_n1,14.690557357253162,10.0,60.0,14.0,results/posebench_702_predictions/protenix_gpu/posebusters_benchmark/7Z7F_IF3/full_base_c1_s20_n1/output/7Z7F_IF3/seed_101/predictions/7Z7F_IF3_seed_101_sample_0.cif,A:149;B:149,external/PoseBench/data/posebusters_benchmark_set/7Z7F_IF3/7Z7F_IF3_protein.pdb,0.13491998612880707,34.237144470214844,0.20678351819515228,0.1492926925420761,21.120924270664656,0.0,66.445,ok,full_base_c1_s20_n1,31.523909066516847,False,28.954122346429795,False,results/posebench_702_predictions/protenix_gpu/posebusters_benchmark/7Z7F_IF3/full_base_c1_s20_n1/run_status.json,,,,,ok
results/posebench_702_predictions/protenix_gpu/posebusters_benchmark/7ZCC_OGA/full_base_c1_s20_n1/output/7ZCC_OGA/seed_101/predictions/7ZCC_OGA_seed_101_summary_confidence_sample_0.json,posebusters_benchmark,7,results/posebench_702_predictions/protenix_gpu/posebusters_benchmark/7ZCC_OGA/full_base_c1_s20_n1/inputs/7ZCC_OGA.json,external/PoseBench/data/posebusters_benchmark_set/7ZCC_OGA/7ZCC_OGA_ligand.sdf,10.0,O=C(O)CNC(=O)C(=O)O,1301.0,"A:325,B:326,C:325,D:325",protenix_base_default_v0.5.0,7ZCC_OGA,4.0,10.0,results/posebench_702_predictions/protenix_gpu/posebusters_benchmark/7ZCC_OGA/full_base_c1_s20_n1,12.497457260831935,10.0,65.0,10.0,results/posebench_702_predictions/protenix_gpu/posebusters_benchmark/7ZCC_OGA/full_base_c1_s20_n1/output/7ZCC_OGA/seed_101/predictions/7ZCC_OGA_seed_101_sample_0.cif,A:325;B:326;C:325;D:325,external/PoseBench/data/posebusters_benchmark_set/7ZCC_OGA/7ZCC_OGA_protein.pdb,0.1510591357946396,36.34798049926758,0.1847601681947708,0.15779933333396912,27.15244393178823,0.0,105.326,ok,full_base_c1_s20_n1,31.06310413094504,False,39.64093871639613,False,results/posebench_702_predictions/protenix_gpu/posebusters_benchmark/7ZCC_OGA/full_base_c1_s20_n1/run_status.json,,,,,ok
,posebusters_benchmark,7,results/posebench_702_predictions/protenix_gpu/posebusters_benchmark/7ZDY_6MJ/full_base_c1_s20_n1/inputs/7ZDY_6MJ.json,external/PoseBench/data/posebusters_benchmark_set/7ZDY_6MJ/7ZDY_6MJ_ligand.sdf,11.0,CO[C@@H]1OC[C@@H](O)[C@H](O)[C@H]1O,,,protenix_base_default_v0.5.0,7ZDY_6MJ,2.0,,results/posebench_702_predictions/protenix_gpu/posebusters_benchmark/7ZDY_6MJ/full_base_c1_s20_n1,,,,,,W:763;Y:761,external/PoseBench/data/posebusters_benchmark_set/7ZDY_6MJ/7ZDY_6MJ_protein.pdb,,,,,,0.0,120.61,failed_no_prediction_cif,full_base_c1_s20_n1,,,,,results/posebench_702_predictions/protenix_gpu/posebusters_benchmark/7ZDY_6MJ/full_base_c1_s20_n1/run_status.json,"x/lib/python3.10/site-packages/runner/inference.py"", line 312, in infer_predict
    prediction = runner.predict(data)
  File ""<REMOTE_PROJECT_ROOT>/envs/protenix/lib/python3.10/site-packages/torch/utils/_contextlib.py"", line 115, in decorate_context
    return func(*args, **kwargs)
  File ""<REMOTE_PROJECT_ROOT>/envs/protenix/lib/python3.10/site-packages/runner/inference.py"", line 152, in predict
    prediction, _, _ = self.model(
  File ""<REMOTE_PROJECT_ROOT>/envs/protenix/lib/python3.10/site-packages/torch/nn/modules/module.py"", line 1532, in _wrapped_call_impl
    return self._call_impl(*args, **kwargs)
  File ""<REMOTE_PROJECT_ROOT>/envs/protenix/lib/python3.10/site-packages/torch/nn/modules/module.py"", line 1541, in _call_impl
    return forward_call(*args, **kwargs)
  File ""<REMOTE_PROJECT_ROOT>/envs/protenix/lib/python3.10/site-packages/protenix/model/protenix.py"", line 722, in forward
    pred_dict, log_dict, time_tracker = self.main_inference_loop(
  File ""<REMOTE_PROJECT_ROOT>/envs/protenix/lib/python3.10/site-packages/protenix/model/protenix.py"", line 338, in main_inference_loop
    pred_dict, log_dict, time_tracker = self._main_inference_loop(
  File ""<REMOTE_PROJECT_ROOT>/envs/protenix/lib/python3.10/site-packages/protenix/model/protenix.py"", line 460, in _main_inference_loop
    ) = self.run_confidence_head(
  File ""<REMOTE_PROJECT_ROOT>/envs/protenix/lib/python3.10/site-packages/protenix/model/protenix.py"", line 303, in run_confidence_head
    return autocasting_disable_decorator(self.configs.skip_amp.confidence_head)(
  File ""<REMOTE_PROJECT_ROOT>/envs/protenix/lib/python3.10/site-packages/protenix/utils/torch_utils.py"", line 219, in new_func
    return func(
  File ""<REMOTE_PROJECT_ROOT>/envs/protenix/lib/python3.10/site-packages/torch/nn/modules/module.py"", line 1532, in _wrapped_call_impl
    return self._call_impl(*args, **kwargs)
  File ""<REMOTE_PROJECT_ROOT>/envs/protenix/lib/python3.10/site-packages/torch/nn/modules/module.py"", line 1541, in _call_impl
    return forward_call(*args, **kwargs)
  File ""<REMOTE_PROJECT_ROOT>/envs/protenix/lib/python3.10/site-packages/protenix/model/modules/confidence.py"", line 211, in forward
    self.memory_efficient_forward(
  File ""<REMOTE_PROJECT_ROOT>/envs/protenix/lib/python3.10/site-packages/protenix/model/modules/confidence.py"", line 301, in memory_efficient_forward
    s_single, z_pair = self.pairformer_stack(
  File ""<REMOTE_PROJECT_ROOT>/envs/protenix/lib/python3.10/site-packages/torch/nn/modules/module.py"", line 1532, in _wrapped_call_impl
    return self._call_impl(*args, **kwargs)
  File ""<REMOTE_PROJECT_ROOT>/envs/protenix/lib/python3.10/site-packages/torch/nn/modules/module.py"", line 1541, in _call_impl
    return forward_call(*args, **kwargs)
  File ""<REMOTE_PROJECT_ROOT>/envs/protenix/lib/python3.10/site-packages/protenix/model/modules/pairformer.py"", line 309, in forward
    s, z = checkpoint_blocks(
  File ""<REMOTE_PROJECT_ROOT>/envs/protenix/lib/python3.10/site-packages/protenix/openfold_local/utils/checkpointing.py"", line 86, in checkpoint_blocks
    return exec(blocks, args)
  File ""<REMOTE_PROJECT_ROOT>/envs/protenix/lib/python3.10/site-packages/protenix/openfold_local/utils/checkpointing.py"", line 73, in exec
    a = wrap(block(*a))
  File ""<REMOTE_PROJECT_ROOT>/envs/protenix/lib/python3.10/site-packages/torch/nn/modules/module.py"", line 1532, in _wrapped_call_impl
    return self._call_impl(*args, **kwargs)
  File ""<REMOTE_PROJECT_ROOT>/envs/protenix/lib/python3.10/site-packages/torch/nn/modules/module.py"", line 1541, in _call_impl
    return forward_call(*args, **kwargs)
  File ""<REMOTE_PROJECT_ROOT>/envs/protenix/lib/python3.10/site-packages/protenix/model/modules/pairformer.py"", line 154, in forward
    z += self.pair_transition(z)
  File ""<REMOTE_PROJECT_ROOT>/envs/protenix/lib/python3.10/site-packages/torch/nn/modules/module.py"", line 1532, in _wrapped_call_impl
    return self._call_impl(*args, **kwargs)
  File ""<REMOTE_PROJECT_ROOT>/envs/protenix/lib/python3.10/site-packages/torch/nn/modules/module.py"", line 1541, in _call_impl
    return forward_call(*args, **kwargs)
  File ""<REMOTE_PROJECT_ROOT>/envs/protenix/lib/python3.10/site-packages/protenix/model/modules/primitives.py"", line 219, in forward
    b = self.linear_no_bias_b(y)
  File ""<REMOTE_PROJECT_ROOT>/envs/protenix/lib/python3.10/site-packages/torch/nn/modules/module.py"", line 1532, in _wrapped_call_impl
    return self._call_impl(*args, **kwargs)
  File ""<REMOTE_PROJECT_ROOT>/envs/protenix/lib/python3.10/site-packages/torch/nn/modules/module.py"", line 1541, in _call_impl
    return forward_call(*args, **kwargs)
  File ""<REMOTE_PROJECT_ROOT>/envs/protenix/lib/python3.10/site-packages/protenix/model/modules/primitives.py"", line 94, in forward
    return F.linear(input, self.weight, self.bias)
torch.cuda.OutOfMemoryError: CUDA out of memory. Tried to allocate 4.50 GiB. GPU 


100%|██████████| 1/1 [01:03<00:00, 63.48s/it]
100%|██████████| 1/1 [01:03<00:00, 63.48s/it]
","Try to find the ccd cache data in the code directory for inference.
[2026-06-11 19:45:41,929] [INFO] [real_accelerator.py:219:get_accelerator] Setting ds_accelerator to cuda (auto detect)
train scheduler 16.0
inference scheduler 16.0
Diffusion Module has 16.0
",,,gpu_oom
results/posebench_702_predictions/protenix_gpu/posebusters_benchmark/7ZF0_DHR/full_base_c1_s20_n1/output/7ZF0_DHR/seed_101/predictions/7ZF0_DHR_seed_101_summary_confidence_sample_0.json,posebusters_benchmark,5,results/posebench_702_predictions/protenix_gpu/posebusters_benchmark/7ZF0_DHR/full_base_c1_s20_n1/inputs/7ZF0_DHR.json,external/PoseBench/data/posebusters_benchmark_set/7ZF0_DHR/7ZF0_DHR_ligand.sdf,11.0,N#C[C@@H](O)c1ccc(O)cc1,474.0,A:474,protenix_base_default_v0.5.0,7ZF0_DHR,1.0,11.0,results/posebench_702_predictions/protenix_gpu/posebusters_benchmark/7ZF0_DHR/full_base_c1_s20_n1,12.436947095562816,10.0,66.0,11.0,results/posebench_702_predictions/protenix_gpu/posebusters_benchmark/7ZF0_DHR/full_base_c1_s20_n1/output/7ZF0_DHR/seed_101/predictions/7ZF0_DHR_seed_101_sample_0.cif,A:474,external/PoseBench/data/posebusters_benchmark_set/7ZF0_DHR/7ZF0_DHR_protein.pdb,0.35614654421806335,32.93839645385742,0.21972140669822693,0.3288615047931671,21.16231095341863,0.0,68.598,ok,full_base_c1_s20_n1,5.057750481854437,False,5.790869086243165,False,results/posebench_702_predictions/protenix_gpu/posebusters_benchmark/7ZF0_DHR/full_base_c1_s20_n1/run_status.json,,,,,ok
results/posebench_702_predictions/protenix_gpu/posebusters_benchmark/7ZHP_IQY/full_base_c1_s20_n1/output/7ZHP_IQY/seed_101/predictions/7ZHP_IQY_seed_101_summary_confidence_sample_0.json,posebusters_benchmark,6,results/posebench_702_predictions/protenix_gpu/posebusters_benchmark/7ZHP_IQY/full_base_c1_s20_n1/inputs/7ZHP_IQY.json,external/PoseBench/data/posebusters_benchmark_set/7ZHP_IQY/7ZHP_IQY_ligand.sdf,27.0,CCC(O)(C#Cc1ccc2[nH]c3c(c2c1)-c1nc(N)ncc1CCC3)CC,293.0,A:293,protenix_base_default_v0.5.0,7ZHP_IQY,1.0,27.0,results/posebench_702_predictions/protenix_gpu/posebusters_benchmark/7ZHP_IQY/full_base_c1_s20_n1,9.279148820778028,10.0,73.0,27.0,results/posebench_702_predictions/protenix_gpu/posebusters_benchmark/7ZHP_IQY/full_base_c1_s20_n1/output/7ZHP_IQY/seed_101/predictions/7ZHP_IQY_seed_101_sample_0.cif,A:293,external/PoseBench/data/posebusters_benchmark_set/7ZHP_IQY/7ZHP_IQY_protein.pdb,0.23550301790237427,31.800683975219727,0.1921989619731903,0.22684220969676971,19.56331678210131,0.0,62.699,ok,full_base_c1_s20_n1,16.581817135948825,False,16.147692478087233,False,results/posebench_702_predictions/protenix_gpu/posebusters_benchmark/7ZHP_IQY/full_base_c1_s20_n1/run_status.json,,,,,ok
results/posebench_702_predictions/protenix_gpu/posebusters_benchmark/7ZL5_IWE/full_base_c1_s20_n1/output/7ZL5_IWE/seed_101/predictions/7ZL5_IWE_seed_101_summary_confidence_sample_0.json,posebusters_benchmark,7,results/posebench_702_predictions/protenix_gpu/posebusters_benchmark/7ZL5_IWE/full_base_c1_s20_n1/inputs/7ZL5_IWE.json,external/PoseBench/data/posebusters_benchmark_set/7ZL5_IWE/7ZL5_IWE_ligand.sdf,23.0,NS(=O)(=O)c1cc(-c2nnn[nH]2)c(NCc2cccs2)cc1Cl,512.0,"A:256,B:256",protenix_base_default_v0.5.0,7ZL5_IWE,2.0,23.0,results/posebench_702_predictions/protenix_gpu/posebusters_benchmark/7ZL5_IWE/full_base_c1_s20_n1,14.94179888532275,10.0,71.0,23.0,results/posebench_702_predictions/protenix_gpu/posebusters_benchmark/7ZL5_IWE/full_base_c1_s20_n1/output/7ZL5_IWE/seed_101/predictions/7ZL5_IWE_seed_101_sample_0.cif,A:256;B:256,external/PoseBench/data/posebusters_benchmark_set/7ZL5_IWE/7ZL5_IWE_protein.pdb,0.1142377108335495,32.410030364990234,0.21217350661754608,0.13382486999034882,25.27776701200998,0.0,68.621,ok,full_base_c1_s20_n1,8.586927794928712,False,25.56608751463278,False,results/posebench_702_predictions/protenix_gpu/posebusters_benchmark/7ZL5_IWE/full_base_c1_s20_n1/run_status.json,,,,,ok
results/posebench_702_predictions/protenix_gpu/posebusters_benchmark/7ZOC_T8E/full_base_c1_s20_n1/output/7ZOC_T8E/seed_101/predictions/7ZOC_T8E_seed_101_summary_confidence_sample_0.json,posebusters_benchmark,4,results/posebench_702_predictions/protenix_gpu/posebusters_benchmark/7ZOC_T8E/full_base_c1_s20_n1/inputs/7ZOC_T8E.json,external/PoseBench/data/posebusters_benchmark_set/7ZOC_T8E/7ZOC_T8E_ligand.sdf,15.0,CC(=O)c1ccc(NC(=O)[C@H](C)S)cc1,378.0,A:378,protenix_base_default_v0.5.0,7ZOC_T8E,1.0,15.0,results/posebench_702_predictions/protenix_gpu/posebusters_benchmark/7ZOC_T8E/full_base_c1_s20_n1,14.488282772192154,10.0,64.0,15.0,results/posebench_702_predictions/protenix_gpu/posebusters_benchmark/7ZOC_T8E/full_base_c1_s20_n1/output/7ZOC_T8E/seed_101/predictions/7ZOC_T8E_seed_101_sample_0.cif,A:378,external/PoseBench/data/posebusters_benchmark_set/7ZOC_T8E/7ZOC_T8E_protein.pdb,0.28305739164352417,32.165428161621094,0.20419418811798096,0.2672847509384155,21.66259773005341,0.0,68.182,ok,full_base_c1_s20_n1,6.502773756804543,False,11.855726546102666,False,results/posebench_702_predictions/protenix_gpu/posebusters_benchmark/7ZOC_T8E/full_base_c1_s20_n1/run_status.json,,,,,ok
results/posebench_702_predictions/protenix_gpu/posebusters_benchmark/7ZTL_BCN/full_base_c1_s20_n1/output/7ZTL_BCN/seed_101/predictions/7ZTL_BCN_seed_101_summary_confidence_sample_0.json,posebusters_benchmark,5,results/posebench_702_predictions/protenix_gpu/posebusters_benchmark/7ZTL_BCN/full_base_c1_s20_n1/inputs/7ZTL_BCN.json,external/PoseBench/data/posebusters_benchmark_set/7ZTL_BCN/7ZTL_BCN_ligand.sdf,11.0,O=C(O)CN(CCO)CCO,281.0,"A:263,B:18",protenix_base_default_v0.5.0,7ZTL_BCN,2.0,11.0,results/posebench_702_predictions/protenix_gpu/posebusters_benchmark/7ZTL_BCN/full_base_c1_s20_n1,14.421488638430098,10.0,51.0,11.0,results/posebench_702_predictions/protenix_gpu/posebusters_benchmark/7ZTL_BCN/full_base_c1_s20_n1/output/7ZTL_BCN/seed_101/predictions/7ZTL_BCN_seed_101_sample_0.cif,A:263;B:18,external/PoseBench/data/posebusters_benchmark_set/7ZTL_BCN/7ZTL_BCN_protein.pdb,0.14023293554782867,33.98648452758789,0.2012031376361847,0.15242697298526764,20.22570086952015,0.0,65.292,ok,full_base_c1_s20_n1,24.139559621086523,False,29.11585231007104,False,results/posebench_702_predictions/protenix_gpu/posebusters_benchmark/7ZTL_BCN/full_base_c1_s20_n1/run_status.json,,,,,ok
results/posebench_702_predictions/protenix_gpu/posebusters_benchmark/7ZU2_DHT/full_base_c1_s20_n1/output/7ZU2_DHT/seed_101/predictions/7ZU2_DHT_seed_101_summary_confidence_sample_0.json,posebusters_benchmark,6,results/posebench_702_predictions/protenix_gpu/posebusters_benchmark/7ZU2_DHT/full_base_c1_s20_n1/inputs/7ZU2_DHT.json,external/PoseBench/data/posebusters_benchmark_set/7ZU2_DHT/7ZU2_DHT_ligand.sdf,21.0,C[C@]12CCC(=O)C[C@@H]1CC[C@@H]1[C@@H]2CC[C@]2(C)[C@@H](O)CC[C@@H]12,242.0,A:242,protenix_base_default_v0.5.0,7ZU2_DHT,1.0,21.0,results/posebench_702_predictions/protenix_gpu/posebusters_benchmark/7ZU2_DHT/full_base_c1_s20_n1,12.105525465019458,10.0,74.0,21.0,results/posebench_702_predictions/protenix_gpu/posebusters_benchmark/7ZU2_DHT/full_base_c1_s20_n1/output/7ZU2_DHT/seed_101/predictions/7ZU2_DHT_seed_101_sample_0.cif,A:242,external/PoseBench/data/posebusters_benchmark_set/7ZU2_DHT/7ZU2_DHT_protein.pdb,0.22333790361881256,39.997108459472656,0.2769449055194855,0.23405931890010834,17.51320022740618,0.0,65.822,ok,full_base_c1_s20_n1,8.69672533288565,False,6.451438691977417,False,results/posebench_702_predictions/protenix_gpu/posebusters_benchmark/7ZU2_DHT/full_base_c1_s20_n1/run_status.json,,,,,ok
results/posebench_702_predictions/protenix_gpu/posebusters_benchmark/7ZXV_45D/full_base_c1_s20_n1/output/7ZXV_45D/seed_101/predictions/7ZXV_45D_seed_101_summary_confidence_sample_0.json,posebusters_benchmark,7,results/posebench_702_predictions/protenix_gpu/posebusters_benchmark/7ZXV_45D/full_base_c1_s20_n1/inputs/7ZXV_45D.json,external/PoseBench/data/posebusters_benchmark_set/7ZXV_45D/7ZXV_45D_ligand.sdf,42.0,CC1=C(/C=C/C(C)=C/C=C/C(C)=C/C=C/C=C(C)/C=C/C=C(C)/C=C/C2=C(C)C(=O)CCC2(C)C)C(C)(C)CCC1=O,312.0,A:312,protenix_base_default_v0.5.0,7ZXV_45D,1.0,42.0,results/posebench_702_predictions/protenix_gpu/posebusters_benchmark/7ZXV_45D/full_base_c1_s20_n1,16.697782254002767,10.0,131.0,42.0,results/posebench_702_predictions/protenix_gpu/posebusters_benchmark/7ZXV_45D/full_base_c1_s20_n1/output/7ZXV_45D/seed_101/predictions/7ZXV_45D_seed_101_sample_0.cif,A:312,external/PoseBench/data/posebusters_benchmark_set/7ZXV_45D/7ZXV_45D_protein.pdb,0.23030750453472137,32.31163024902344,0.19493412971496582,0.22323283553123474,20.732313468831023,0.0,67.671,ok,full_base_c1_s20_n1,16.987118956678138,False,16.70990575983712,False,results/posebench_702_predictions/protenix_gpu/posebusters_benchmark/7ZXV_45D/full_base_c1_s20_n1/run_status.json,,,,,ok
results/posebench_702_predictions/protenix_gpu/posebusters_benchmark/7ZXZ_K9R/full_base_c1_s20_n1/output/7ZXZ_K9R/seed_101/predictions/7ZXZ_K9R_seed_101_summary_confidence_sample_0.json,posebusters_benchmark,4,results/posebench_702_predictions/protenix_gpu/posebusters_benchmark/7ZXZ_K9R/full_base_c1_s20_n1/inputs/7ZXZ_K9R.json,external/PoseBench/data/posebusters_benchmark_set/7ZXZ_K9R/7ZXZ_K9R_ligand.sdf,33.0,O=C(CCCC[C@@H]1SC[C@@H]2NC(=O)N[C@@H]21)N[C@@H]1CC(=O)[C@H](c2cc(CS)cc(CS)c2)C1=O,247.0,"A:123,B:124",protenix_base_default_v0.5.0,7ZXZ_K9R,2.0,33.0,results/posebench_702_predictions/protenix_gpu/posebusters_benchmark/7ZXZ_K9R/full_base_c1_s20_n1,9.198800374033612,10.0,65.0,33.0,results/posebench_702_predictions/protenix_gpu/posebusters_benchmark/7ZXZ_K9R/full_base_c1_s20_n1/output/7ZXZ_K9R/seed_101/predictions/7ZXZ_K9R_seed_101_sample_0.cif,A:123;B:124,external/PoseBench/data/posebusters_benchmark_set/7ZXZ_K9R/7ZXZ_K9R_protein.pdb,0.1176270991563797,36.62328338623047,0.22722631692886353,0.1395469456911087,16.588258716688532,0.0,67.562,ok,full_base_c1_s20_n1,19.29974575919663,False,20.50081050454422,False,results/posebench_702_predictions/protenix_gpu/posebusters_benchmark/7ZXZ_K9R/full_base_c1_s20_n1/run_status.json,,,,,ok
results/posebench_702_predictions/protenix_gpu/posebusters_benchmark/7ZYS_KNR/full_base_c1_s20_n1/output/7ZYS_KNR/seed_101/predictions/7ZYS_KNR_seed_101_summary_confidence_sample_0.json,posebusters_benchmark,5,results/posebench_702_predictions/protenix_gpu/posebusters_benchmark/7ZYS_KNR/full_base_c1_s20_n1/inputs/7ZYS_KNR.json,external/PoseBench/data/posebusters_benchmark_set/7ZYS_KNR/7ZYS_KNR_ligand.sdf,44.0,CCCC[C@@H]1NC(=O)[C@H](CCCCN)NC(=O)Cc2cccc(c2)CNC(=O)CNC(=O)[C@H](NC(=N)N)CCCCNC1=O,193.0,"A:39,B:154",protenix_base_default_v0.5.0,7ZYS_KNR,2.0,44.0,results/posebench_702_predictions/protenix_gpu/posebusters_benchmark/7ZYS_KNR/full_base_c1_s20_n1,13.34214922291879,10.0,58.0,44.0,results/posebench_702_predictions/protenix_gpu/posebusters_benchmark/7ZYS_KNR/full_base_c1_s20_n1/output/7ZYS_KNR/seed_101/predictions/7ZYS_KNR_seed_101_sample_0.cif,A:39;B:154,external/PoseBench/data/posebusters_benchmark_set/7ZYS_KNR/7ZYS_KNR_protein.pdb,0.1663215607404709,30.260866165161133,0.19668330252170563,0.17239391803741455,17.53636863106028,0.0,66.836,ok,full_base_c1_s20_n1,16.329487871727064,False,25.952558615918083,False,results/posebench_702_predictions/protenix_gpu/posebusters_benchmark/7ZYS_KNR/full_base_c1_s20_n1/run_status.json,,,,,ok
results/posebench_702_predictions/protenix_gpu/posebusters_benchmark/7ZZB_KGX/full_base_c1_s20_n1/output/7ZZB_KGX/seed_101/predictions/7ZZB_KGX_seed_101_summary_confidence_sample_0.json,posebusters_benchmark,6,results/posebench_702_predictions/protenix_gpu/posebusters_benchmark/7ZZB_KGX/full_base_c1_s20_n1/inputs/7ZZB_KGX.json,external/PoseBench/data/posebusters_benchmark_set/7ZZB_KGX/7ZZB_KGX_ligand.sdf,51.0,NCCNC(=O)NC[C@H]1O[C@@H](n2c(C#CCN(CC(=O)O)C[C@H]3O[C@@H](n4cnc5c(N)ncnc54)[C@H](O)[C@@H]3O)nc3c(N)ncnc32)[C@H](O)[C@@H]1O,264.0,A:264,protenix_base_default_v0.5.0,7ZZB_KGX,1.0,51.0,results/posebench_702_predictions/protenix_gpu/posebusters_benchmark/7ZZB_KGX/full_base_c1_s20_n1,10.97982811638635,10.0,63.0,51.0,results/posebench_702_predictions/protenix_gpu/posebusters_benchmark/7ZZB_KGX/full_base_c1_s20_n1/output/7ZZB_KGX/seed_101/predictions/7ZZB_KGX_seed_101_sample_0.cif,A:264,external/PoseBench/data/posebusters_benchmark_set/7ZZB_KGX/7ZZB_KGX_protein.pdb,0.2478061020374298,29.39024543762207,0.2126474827528,0.24077437818050385,16.142642717489363,0.0,67.44,ok,full_base_c1_s20_n1,11.023508430586956,False,11.962274629039403,False,results/posebench_702_predictions/protenix_gpu/posebusters_benchmark/7ZZB_KGX/full_base_c1_s20_n1/run_status.json,,,,,ok
results/posebench_702_predictions/protenix_gpu/posebusters_benchmark/7ZZW_KKW/full_base_c1_s20_n1/output/7ZZW_KKW/seed_101/predictions/7ZZW_KKW_seed_101_summary_confidence_sample_0.json,posebusters_benchmark,7,results/posebench_702_predictions/protenix_gpu/posebusters_benchmark/7ZZW_KKW/full_base_c1_s20_n1/inputs/7ZZW_KKW.json,external/PoseBench/data/posebusters_benchmark_set/7ZZW_KKW/7ZZW_KKW_ligand.sdf,29.0,O=C([C@H]1C[C@@H](c2cccc(Cl)c2)CN1)N1CCN(c2nccc3ccsc23)CC1,1102.0,"A:367,B:368,C:367",protenix_base_default_v0.5.0,7ZZW_KKW,3.0,29.0,results/posebench_702_predictions/protenix_gpu/posebusters_benchmark/7ZZW_KKW/full_base_c1_s20_n1,13.928368291296836,10.0,83.0,29.0,results/posebench_702_predictions/protenix_gpu/posebusters_benchmark/7ZZW_KKW/full_base_c1_s20_n1/output/7ZZW_KKW/seed_101/predictions/7ZZW_KKW_seed_101_sample_0.cif,A:367;B:368;C:367,external/PoseBench/data/posebusters_benchmark_set/7ZZW_KKW/7ZZW_KKW_protein.pdb,0.14805856347084045,35.57275390625,0.22231422364711761,0.16290968656539917,30.333477779941763,0.0,92.894,ok,full_base_c1_s20_n1,15.655240555039192,False,34.55988914997702,False,results/posebench_702_predictions/protenix_gpu/posebusters_benchmark/7ZZW_KKW/full_base_c1_s20_n1/run_status.json,,,,,ok
results/posebench_702_predictions/protenix_gpu/posebusters_benchmark/8A1H_DLZ/full_base_c1_s20_n1/output/8A1H_DLZ/seed_101/predictions/8A1H_DLZ_seed_101_summary_confidence_sample_0.json,posebusters_benchmark,4,results/posebench_702_predictions/protenix_gpu/posebusters_benchmark/8A1H_DLZ/full_base_c1_s20_n1/inputs/8A1H_DLZ.json,external/PoseBench/data/posebusters_benchmark_set/8A1H_DLZ/8A1H_DLZ_ligand.sdf,23.0,Cc1nc2c(=O)[nH]c(=O)nc-2n(C[C@H](O)[C@H](O)[C@H](O)CO)c1C,516.0,A:516,protenix_base_default_v0.5.0,8A1H_DLZ,1.0,23.0,results/posebench_702_predictions/protenix_gpu/posebusters_benchmark/8A1H_DLZ/full_base_c1_s20_n1,14.124351076853703,10.0,80.0,23.0,results/posebench_702_predictions/protenix_gpu/posebusters_benchmark/8A1H_DLZ/full_base_c1_s20_n1/output/8A1H_DLZ/seed_101/predictions/8A1H_DLZ_seed_101_sample_0.cif,A:516,external/PoseBench/data/posebusters_benchmark_set/8A1H_DLZ/8A1H_DLZ_protein.pdb,0.2066168636083603,33.543331146240234,0.2103002965450287,0.20735356211662292,23.025959629748026,0.0,69.732,ok,full_base_c1_s20_n1,22.140777525808424,False,26.795537061898823,False,results/posebench_702_predictions/protenix_gpu/posebusters_benchmark/8A1H_DLZ/full_base_c1_s20_n1/run_status.json,,,,,ok
results/posebench_702_predictions/protenix_gpu/posebusters_benchmark/8A2D_KXY/full_base_c1_s20_n1/output/8A2D_KXY/seed_101/predictions/8A2D_KXY_seed_101_summary_confidence_sample_0.json,posebusters_benchmark,5,results/posebench_702_predictions/protenix_gpu/posebusters_benchmark/8A2D_KXY/full_base_c1_s20_n1/inputs/8A2D_KXY.json,external/PoseBench/data/posebusters_benchmark_set/8A2D_KXY/8A2D_KXY_ligand.sdf,49.0,Cc1c(C#Cc2ccc(CN3CCC(CO)CC3)cc2)cc(C(F)F)c2cn([C@@H](C(=O)Nc3nccs3)c3ncn4c3CCC43CC3)nc12,281.0,A:281,protenix_base_default_v0.5.0,8A2D_KXY,1.0,49.0,results/posebench_702_predictions/protenix_gpu/posebusters_benchmark/8A2D_KXY/full_base_c1_s20_n1,12.84466679454046,10.0,86.0,49.0,results/posebench_702_predictions/protenix_gpu/posebusters_benchmark/8A2D_KXY/full_base_c1_s20_n1/output/8A2D_KXY/seed_101/predictions/8A2D_KXY_seed_101_sample_0.cif,A:281,external/PoseBench/data/posebusters_benchmark_set/8A2D_KXY/8A2D_KXY_protein.pdb,0.20382799208164215,34.27083206176758,0.21418918669223785,0.20590023696422577,20.11208173000748,0.0,66.731,ok,full_base_c1_s20_n1,21.1453951642731,False,26.354653133728263,False,results/posebench_702_predictions/protenix_gpu/posebusters_benchmark/8A2D_KXY/full_base_c1_s20_n1/run_status.json,,,,,ok
results/posebench_702_predictions/protenix_gpu/posebusters_benchmark/8AAU_LH0/full_base_c1_s20_n1/output/8AAU_LH0/seed_101/predictions/8AAU_LH0_seed_101_summary_confidence_sample_0.json,posebusters_benchmark,6,results/posebench_702_predictions/protenix_gpu/posebusters_benchmark/8AAU_LH0/full_base_c1_s20_n1/inputs/8AAU_LH0.json,external/PoseBench/data/posebusters_benchmark_set/8AAU_LH0/8AAU_LH0_ligand.sdf,27.0,CC(C)C(=O)Nc1ncc(-c2cc(C(F)F)nn2-c2c(Cl)cccc2Cl)s1,291.0,concat:291,protenix_base_default_v0.5.0,8AAU_LH0,1.0,27.0,results/posebench_702_predictions/protenix_gpu/posebusters_benchmark/8AAU_LH0/full_base_c1_s20_n1,,10.0,0.0,27.0,results/posebench_702_predictions/protenix_gpu/posebusters_benchmark/8AAU_LH0/full_base_c1_s20_n1/output/8AAU_LH0/seed_101/predictions/8AAU_LH0_seed_101_sample_0.cif,L:291,external/PoseBench/data/posebusters_benchmark_set/8AAU_LH0/8AAU_LH0_protein.pdb,0.23516207933425903,32.050594329833984,0.19480082392692566,0.22708982229232788,20.194257954970993,0.0,65.61,ok,full_base_c1_s20_n1,,False,8.734858080492948,False,results/posebench_702_predictions/protenix_gpu/posebusters_benchmark/8AAU_LH0/full_base_c1_s20_n1/run_status.json,,,,,ok
results/posebench_702_predictions/protenix_gpu/posebusters_benchmark/8ACL_LQL/full_base_c1_s20_n1/output/8ACL_LQL/seed_101/predictions/8ACL_LQL_seed_101_summary_confidence_sample_0.json,posebusters_benchmark,7,results/posebench_702_predictions/protenix_gpu/posebusters_benchmark/8ACL_LQL/full_base_c1_s20_n1/inputs/8ACL_LQL.json,external/PoseBench/data/posebusters_benchmark_set/8ACL_LQL/8ACL_LQL_ligand.sdf,31.0,O=C(NCc1cccs1)[C@@H]1CN(C(=O)c2cccnc2)CCN1c1ccc(Cl)c(Cl)c1,301.0,A:301,protenix_base_default_v0.5.0,8ACL_LQL,1.0,31.0,results/posebench_702_predictions/protenix_gpu/posebusters_benchmark/8ACL_LQL/full_base_c1_s20_n1,13.988653663816786,10.0,63.0,31.0,results/posebench_702_predictions/protenix_gpu/posebusters_benchmark/8ACL_LQL/full_base_c1_s20_n1/output/8ACL_LQL/seed_101/predictions/8ACL_LQL_seed_101_sample_0.cif,A:301,external/PoseBench/data/posebusters_benchmark_set/8ACL_LQL/8ACL_LQL_protein.pdb,0.21379084885120392,28.401269912719727,0.16925378143787384,0.20488344132900238,21.897569180923487,0.0,67.019,ok,full_base_c1_s20_n1,18.70406464585326,False,25.979298258947075,False,results/posebench_702_predictions/protenix_gpu/posebusters_benchmark/8ACL_LQL/full_base_c1_s20_n1/run_status.json,,,,,ok
results/posebench_702_predictions/protenix_gpu/posebusters_benchmark/8AEM_LVF/full_base_c1_s20_n1/output/8AEM_LVF/seed_101/predictions/8AEM_LVF_seed_101_summary_confidence_sample_0.json,posebusters_benchmark,4,results/posebench_702_predictions/protenix_gpu/posebusters_benchmark/8AEM_LVF/full_base_c1_s20_n1/inputs/8AEM_LVF.json,external/PoseBench/data/posebusters_benchmark_set/8AEM_LVF/8AEM_LVF_ligand.sdf,13.0,N#CCc1c[nH]c2ccc(Cl)cc12,327.0,A:327,protenix_base_default_v0.5.0,8AEM_LVF,1.0,13.0,results/posebench_702_predictions/protenix_gpu/posebusters_benchmark/8AEM_LVF/full_base_c1_s20_n1,10.961249224394816,10.0,61.0,13.0,results/posebench_702_predictions/protenix_gpu/posebusters_benchmark/8AEM_LVF/full_base_c1_s20_n1/output/8AEM_LVF/seed_101/predictions/8AEM_LVF_seed_101_sample_0.cif,A:327,external/PoseBench/data/posebusters_benchmark_set/8AEM_LVF/8AEM_LVF_protein.pdb,0.25035178661346436,30.89921760559082,0.17852838337421417,0.2359870970249176,19.22656490155716,0.0,68.296,ok,full_base_c1_s20_n1,13.332020443911155,False,14.01708435763508,False,results/posebench_702_predictions/protenix_gpu/posebusters_benchmark/8AEM_LVF/full_base_c1_s20_n1/run_status.json,,,,,ok
results/posebench_702_predictions/protenix_gpu/posebusters_benchmark/8AEU_M0L/full_base_c1_s20_n1/output/8AEU_M0L/seed_101/predictions/8AEU_M0L_seed_101_summary_confidence_sample_0.json,posebusters_benchmark,5,results/posebench_702_predictions/protenix_gpu/posebusters_benchmark/8AEU_M0L/full_base_c1_s20_n1/inputs/8AEU_M0L.json,external/PoseBench/data/posebusters_benchmark_set/8AEU_M0L/8AEU_M0L_ligand.sdf,41.0,C=C1C(=O)NCCN1C(=O)N1C(c2ccc(OC)cc2OC(C)C)=N[C@@H](c2ccc(Cl)cc2)[C@H]1c1ccc(Cl)cc1,87.0,A:87,protenix_base_default_v0.5.0,8AEU_M0L,1.0,41.0,results/posebench_702_predictions/protenix_gpu/posebusters_benchmark/8AEU_M0L/full_base_c1_s20_n1,7.096332210270271,10.0,35.0,41.0,results/posebench_702_predictions/protenix_gpu/posebusters_benchmark/8AEU_M0L/full_base_c1_s20_n1/output/8AEU_M0L/seed_101/predictions/8AEU_M0L_seed_101_sample_0.cif,A:87,external/PoseBench/data/posebusters_benchmark_set/8AEU_M0L/8AEU_M0L_protein.pdb,0.2674762010574341,49.43464279174805,0.3569077253341675,0.28536251187324524,16.55586210167472,0.0,66.319,ok,full_base_c1_s20_n1,13.779350968385017,False,12.115099756461452,False,results/posebench_702_predictions/protenix_gpu/posebusters_benchmark/8AEU_M0L/full_base_c1_s20_n1/run_status.json,,,,,ok
results/posebench_702_predictions/protenix_gpu/posebusters_benchmark/8AIE_M7L/full_base_c1_s20_n1/output/8AIE_M7L/seed_101/predictions/8AIE_M7L_seed_101_summary_confidence_sample_0.json,posebusters_benchmark,6,results/posebench_702_predictions/protenix_gpu/posebusters_benchmark/8AIE_M7L/full_base_c1_s20_n1/inputs/8AIE_M7L.json,external/PoseBench/data/posebusters_benchmark_set/8AIE_M7L/8AIE_M7L_ligand.sdf,23.0,Cc1ncc(COP(=O)(O)O)c(C/N=C(\CON)C(=O)O)c1O,551.0,"A:276,B:275",protenix_base_default_v0.5.0,8AIE_M7L,2.0,23.0,results/posebench_702_predictions/protenix_gpu/posebusters_benchmark/8AIE_M7L/full_base_c1_s20_n1,15.23618036751478,10.0,80.0,23.0,results/posebench_702_predictions/protenix_gpu/posebusters_benchmark/8AIE_M7L/full_base_c1_s20_n1/output/8AIE_M7L/seed_101/predictions/8AIE_M7L_seed_101_sample_0.cif,A:276;B:275,external/PoseBench/data/posebusters_benchmark_set/8AIE_M7L/8AIE_M7L_protein.pdb,0.12522004544734955,31.045913696289062,0.19770348072052002,0.1397167295217514,21.28089881312441,0.0,71.544,ok,full_base_c1_s20_n1,12.052693640434766,False,16.81555220832202,False,results/posebench_702_predictions/protenix_gpu/posebusters_benchmark/8AIE_M7L/full_base_c1_s20_n1/run_status.json,,,,,ok
results/posebench_702_predictions/protenix_gpu/posebusters_benchmark/8AIJ_M9I/full_base_c1_s20_n1/output/8AIJ_M9I/seed_101/predictions/8AIJ_M9I_seed_101_summary_confidence_sample_0.json,posebusters_benchmark,7,results/posebench_702_predictions/protenix_gpu/posebusters_benchmark/8AIJ_M9I/full_base_c1_s20_n1/inputs/8AIJ_M9I.json,external/PoseBench/data/posebusters_benchmark_set/8AIJ_M9I/8AIJ_M9I_ligand.sdf,19.0,C[C@@H]1O[C@@H](NC(=O)c2ccccc2)[C@@H](O)[C@H](O)[C@@H]1O,456.0,"A:114,B:114,C:114,D:114",protenix_base_default_v0.5.0,8AIJ_M9I,4.0,19.0,results/posebench_702_predictions/protenix_gpu/posebusters_benchmark/8AIJ_M9I/full_base_c1_s20_n1,13.207822213293458,10.0,35.0,19.0,results/posebench_702_predictions/protenix_gpu/posebusters_benchmark/8AIJ_M9I/full_base_c1_s20_n1/output/8AIJ_M9I/seed_101/predictions/8AIJ_M9I_seed_101_sample_0.cif,A:114;B:114;C:114;D:114,external/PoseBench/data/posebusters_benchmark_set/8AIJ_M9I/8AIJ_M9I_protein.pdb,0.11316145956516266,33.502586364746094,0.20556364953517914,0.13164189457893372,18.042823350039153,0.0,69.145,ok,full_base_c1_s20_n1,23.69024551096884,False,41.97918436685027,False,results/posebench_702_predictions/protenix_gpu/posebusters_benchmark/8AIJ_M9I/full_base_c1_s20_n1/run_status.json,,,,,ok
results/posebench_702_predictions/protenix_gpu/posebusters_benchmark/8AJX_FUM/full_base_c1_s20_n1/output/8AJX_FUM/seed_101/predictions/8AJX_FUM_seed_101_summary_confidence_sample_0.json,posebusters_benchmark,4,results/posebench_702_predictions/protenix_gpu/posebusters_benchmark/8AJX_FUM/full_base_c1_s20_n1/inputs/8AJX_FUM.json,external/PoseBench/data/posebusters_benchmark_set/8AJX_FUM/8AJX_FUM_ligand.sdf,8.0,O=C(O)/C=C/C(=O)O,239.0,A:239,protenix_base_default_v0.5.0,8AJX_FUM,1.0,8.0,results/posebench_702_predictions/protenix_gpu/posebusters_benchmark/8AJX_FUM/full_base_c1_s20_n1,15.979684174091217,10.0,26.0,8.0,results/posebench_702_predictions/protenix_gpu/posebusters_benchmark/8AJX_FUM/full_base_c1_s20_n1/output/8AJX_FUM/seed_101/predictions/8AJX_FUM_seed_101_sample_0.cif,A:240,external/PoseBench/data/posebusters_benchmark_set/8AJX_FUM/8AJX_FUM_protein.pdb,0.18872475624084473,41.316226959228516,0.2810600697994232,0.2071918249130249,19.28428480468695,0.0,65.518,ok,full_base_c1_s20_n1,19.302999770707004,False,17.410404029551863,False,results/posebench_702_predictions/protenix_gpu/posebusters_benchmark/8AJX_FUM/full_base_c1_s20_n1/run_status.json,,,,,ok
results/posebench_702_predictions/protenix_gpu/posebusters_benchmark/8AP0_PRP/full_base_c1_s20_n1/output/8AP0_PRP/seed_101/predictions/8AP0_PRP_seed_101_summary_confidence_sample_0.json,posebusters_benchmark,5,results/posebench_702_predictions/protenix_gpu/posebusters_benchmark/8AP0_PRP/full_base_c1_s20_n1/inputs/8AP0_PRP.json,external/PoseBench/data/posebusters_benchmark_set/8AP0_PRP/8AP0_PRP_ligand.sdf,22.0,O=P(O)(O)OC[C@H]1O[C@H](O[P@@](=O)(O)OP(=O)(O)O)[C@H](O)[C@@H]1O,332.0,A:332,protenix_base_default_v0.5.0,8AP0_PRP,1.0,22.0,results/posebench_702_predictions/protenix_gpu/posebusters_benchmark/8AP0_PRP/full_base_c1_s20_n1,13.196171030357412,10.0,80.0,22.0,results/posebench_702_predictions/protenix_gpu/posebusters_benchmark/8AP0_PRP/full_base_c1_s20_n1/output/8AP0_PRP/seed_101/predictions/8AP0_PRP_seed_101_sample_0.cif,A:332,external/PoseBench/data/posebusters_benchmark_set/8AP0_PRP/8AP0_PRP_protein.pdb,0.30861613154411316,32.266212463378906,0.22645264863967896,0.29218345880508423,17.837328679720162,0.0,67.034,ok,full_base_c1_s20_n1,7.365398278757168,False,12.115612942551412,False,results/posebench_702_predictions/protenix_gpu/posebusters_benchmark/8AP0_PRP/full_base_c1_s20_n1/run_status.json,,,,,ok
,posebusters_benchmark,4,results/posebench_702_predictions/protenix_gpu/posebusters_benchmark/8AQL_PLG/full_base_c1_s20_n1/inputs/8AQL_PLG.json,external/PoseBench/data/posebusters_benchmark_set/8AQL_PLG/8AQL_PLG_ligand.sdf,20.0,Cc1ncc(COP(=O)(O)O)c(CNCC(=O)O)c1O,,,protenix_base_default_v0.5.0,8AQL_PLG,4.0,,results/posebench_702_predictions/protenix_gpu/posebusters_benchmark/8AQL_PLG/full_base_c1_s20_n1,,,,,,A:453;B:461;C:452;D:453,external/PoseBench/data/posebusters_benchmark_set/8AQL_PLG/8AQL_PLG_protein.pdb,,,,,,0.0,149.997,failed_no_prediction_cif,full_base_c1_s20_n1,,,,,results/posebench_702_predictions/protenix_gpu/posebusters_benchmark/8AQL_PLG/full_base_c1_s20_n1/run_status.json,"x/lib/python3.10/site-packages/runner/inference.py"", line 312, in infer_predict
    prediction = runner.predict(data)
  File ""<REMOTE_PROJECT_ROOT>/envs/protenix/lib/python3.10/site-packages/torch/utils/_contextlib.py"", line 115, in decorate_context
    return func(*args, **kwargs)
  File ""<REMOTE_PROJECT_ROOT>/envs/protenix/lib/python3.10/site-packages/runner/inference.py"", line 152, in predict
    prediction, _, _ = self.model(
  File ""<REMOTE_PROJECT_ROOT>/envs/protenix/lib/python3.10/site-packages/torch/nn/modules/module.py"", line 1532, in _wrapped_call_impl
    return self._call_impl(*args, **kwargs)
  File ""<REMOTE_PROJECT_ROOT>/envs/protenix/lib/python3.10/site-packages/torch/nn/modules/module.py"", line 1541, in _call_impl
    return forward_call(*args, **kwargs)
  File ""<REMOTE_PROJECT_ROOT>/envs/protenix/lib/python3.10/site-packages/protenix/model/protenix.py"", line 722, in forward
    pred_dict, log_dict, time_tracker = self.main_inference_loop(
  File ""<REMOTE_PROJECT_ROOT>/envs/protenix/lib/python3.10/site-packages/protenix/model/protenix.py"", line 338, in main_inference_loop
    pred_dict, log_dict, time_tracker = self._main_inference_loop(
  File ""<REMOTE_PROJECT_ROOT>/envs/protenix/lib/python3.10/site-packages/protenix/model/protenix.py"", line 460, in _main_inference_loop
    ) = self.run_confidence_head(
  File ""<REMOTE_PROJECT_ROOT>/envs/protenix/lib/python3.10/site-packages/protenix/model/protenix.py"", line 303, in run_confidence_head
    return autocasting_disable_decorator(self.configs.skip_amp.confidence_head)(
  File ""<REMOTE_PROJECT_ROOT>/envs/protenix/lib/python3.10/site-packages/protenix/utils/torch_utils.py"", line 219, in new_func
    return func(
  File ""<REMOTE_PROJECT_ROOT>/envs/protenix/lib/python3.10/site-packages/torch/nn/modules/module.py"", line 1532, in _wrapped_call_impl
    return self._call_impl(*args, **kwargs)
  File ""<REMOTE_PROJECT_ROOT>/envs/protenix/lib/python3.10/site-packages/torch/nn/modules/module.py"", line 1541, in _call_impl
    return forward_call(*args, **kwargs)
  File ""<REMOTE_PROJECT_ROOT>/envs/protenix/lib/python3.10/site-packages/protenix/model/modules/confidence.py"", line 211, in forward
    self.memory_efficient_forward(
  File ""<REMOTE_PROJECT_ROOT>/envs/protenix/lib/python3.10/site-packages/protenix/model/modules/confidence.py"", line 301, in memory_efficient_forward
    s_single, z_pair = self.pairformer_stack(
  File ""<REMOTE_PROJECT_ROOT>/envs/protenix/lib/python3.10/site-packages/torch/nn/modules/module.py"", line 1532, in _wrapped_call_impl
    return self._call_impl(*args, **kwargs)
  File ""<REMOTE_PROJECT_ROOT>/envs/protenix/lib/python3.10/site-packages/torch/nn/modules/module.py"", line 1541, in _call_impl
    return forward_call(*args, **kwargs)
  File ""<REMOTE_PROJECT_ROOT>/envs/protenix/lib/python3.10/site-packages/protenix/model/modules/pairformer.py"", line 309, in forward
    s, z = checkpoint_blocks(
  File ""<REMOTE_PROJECT_ROOT>/envs/protenix/lib/python3.10/site-packages/protenix/openfold_local/utils/checkpointing.py"", line 86, in checkpoint_blocks
    return exec(blocks, args)
  File ""<REMOTE_PROJECT_ROOT>/envs/protenix/lib/python3.10/site-packages/protenix/openfold_local/utils/checkpointing.py"", line 73, in exec
    a = wrap(block(*a))
  File ""<REMOTE_PROJECT_ROOT>/envs/protenix/lib/python3.10/site-packages/torch/nn/modules/module.py"", line 1532, in _wrapped_call_impl
    return self._call_impl(*args, **kwargs)
  File ""<REMOTE_PROJECT_ROOT>/envs/protenix/lib/python3.10/site-packages/torch/nn/modules/module.py"", line 1541, in _call_impl
    return forward_call(*args, **kwargs)
  File ""<REMOTE_PROJECT_ROOT>/envs/protenix/lib/python3.10/site-packages/protenix/model/modules/pairformer.py"", line 154, in forward
    z += self.pair_transition(z)
  File ""<REMOTE_PROJECT_ROOT>/envs/protenix/lib/python3.10/site-packages/torch/nn/modules/module.py"", line 1532, in _wrapped_call_impl
    return self._call_impl(*args, **kwargs)
  File ""<REMOTE_PROJECT_ROOT>/envs/protenix/lib/python3.10/site-packages/torch/nn/modules/module.py"", line 1541, in _call_impl
    return forward_call(*args, **kwargs)
  File ""<REMOTE_PROJECT_ROOT>/envs/protenix/lib/python3.10/site-packages/protenix/model/modules/primitives.py"", line 219, in forward
    b = self.linear_no_bias_b(y)
  File ""<REMOTE_PROJECT_ROOT>/envs/protenix/lib/python3.10/site-packages/torch/nn/modules/module.py"", line 1532, in _wrapped_call_impl
    return self._call_impl(*args, **kwargs)
  File ""<REMOTE_PROJECT_ROOT>/envs/protenix/lib/python3.10/site-packages/torch/nn/modules/module.py"", line 1541, in _call_impl
    return forward_call(*args, **kwargs)
  File ""<REMOTE_PROJECT_ROOT>/envs/protenix/lib/python3.10/site-packages/protenix/model/modules/primitives.py"", line 94, in forward
    return F.linear(input, self.weight, self.bias)
torch.cuda.OutOfMemoryError: CUDA out of memory. Tried to allocate 6.45 GiB. GPU 


100%|██████████| 1/1 [01:31<00:00, 91.40s/it]
100%|██████████| 1/1 [01:31<00:00, 91.40s/it]
","Try to find the ccd cache data in the code directory for inference.
[2026-06-11 19:45:52,109] [INFO] [real_accelerator.py:219:get_accelerator] Setting ds_accelerator to cuda (auto detect)
train scheduler 16.0
inference scheduler 16.0
Diffusion Module has 16.0
",,,gpu_oom
results/posebench_702_predictions/protenix_gpu/posebusters_benchmark/8AUH_L9I/full_base_c1_s20_n1/output/8AUH_L9I/seed_101/predictions/8AUH_L9I_seed_101_summary_confidence_sample_0.json,posebusters_benchmark,7,results/posebench_702_predictions/protenix_gpu/posebusters_benchmark/8AUH_L9I/full_base_c1_s20_n1/inputs/8AUH_L9I.json,external/PoseBench/data/posebusters_benchmark_set/8AUH_L9I/8AUH_L9I_ligand.sdf,11.0,CCOC(=O)/C(=N\O)C(C)=O,725.0,"A:365,B:360",protenix_base_default_v0.5.0,8AUH_L9I,2.0,11.0,results/posebench_702_predictions/protenix_gpu/posebusters_benchmark/8AUH_L9I/full_base_c1_s20_n1,11.55681776625817,10.0,61.0,11.0,results/posebench_702_predictions/protenix_gpu/posebusters_benchmark/8AUH_L9I/full_base_c1_s20_n1/output/8AUH_L9I/seed_101/predictions/8AUH_L9I_seed_101_sample_0.cif,A:365;B:360,external/PoseBench/data/posebusters_benchmark_set/8AUH_L9I/8AUH_L9I_protein.pdb,0.16398419439792633,35.95698928833008,0.3019721508026123,0.19158180058002472,26.46559875741202,0.0,72.755,ok,full_base_c1_s20_n1,10.246787305111017,False,23.236404680102712,False,results/posebench_702_predictions/protenix_gpu/posebusters_benchmark/8AUH_L9I/full_base_c1_s20_n1/run_status.json,,,,,ok
results/posebench_702_predictions/protenix_gpu/posebusters_benchmark/8AY3_OE3/full_base_c1_s20_n1/output/8AY3_OE3/seed_101/predictions/8AY3_OE3_seed_101_summary_confidence_sample_0.json,posebusters_benchmark,4,results/posebench_702_predictions/protenix_gpu/posebusters_benchmark/8AY3_OE3/full_base_c1_s20_n1/inputs/8AY3_OE3.json,external/PoseBench/data/posebusters_benchmark_set/8AY3_OE3/8AY3_OE3_ligand.sdf,25.0,CCn1c(=O)cc(C)c2cc(CNS(=O)(=O)c3ccccc3)ccc21,489.0,"A:187,B:302",protenix_base_default_v0.5.0,8AY3_OE3,2.0,25.0,results/posebench_702_predictions/protenix_gpu/posebusters_benchmark/8AY3_OE3/full_base_c1_s20_n1,12.594374751916394,10.0,82.0,25.0,results/posebench_702_predictions/protenix_gpu/posebusters_benchmark/8AY3_OE3/full_base_c1_s20_n1/output/8AY3_OE3/seed_101/predictions/8AY3_OE3_seed_101_sample_0.cif,A:187;B:302,external/PoseBench/data/posebusters_benchmark_set/8AY3_OE3/8AY3_OE3_protein.pdb,0.12180604040622711,32.12510299682617,0.173247829079628,0.1320943981409073,22.74522359177593,0.0,68.114,ok,full_base_c1_s20_n1,19.016231371132193,False,23.196113884674293,False,results/posebench_702_predictions/protenix_gpu/posebusters_benchmark/8AY3_OE3/full_base_c1_s20_n1/run_status.json,,,,,ok
results/posebench_702_predictions/protenix_gpu/posebusters_benchmark/8B8H_OJQ/full_base_c1_s20_n1/output/8B8H_OJQ/seed_101/predictions/8B8H_OJQ_seed_101_summary_confidence_sample_0.json,posebusters_benchmark,5,results/posebench_702_predictions/protenix_gpu/posebusters_benchmark/8B8H_OJQ/full_base_c1_s20_n1/inputs/8B8H_OJQ.json,external/PoseBench/data/posebusters_benchmark_set/8B8H_OJQ/8B8H_OJQ_ligand.sdf,22.0,Cc1ncc(COP(=O)(O)O)c(C[NH2+]c2conc2O)c1O,742.0,"A:371,B:371",protenix_base_default_v0.5.0,8B8H_OJQ,2.0,22.0,results/posebench_702_predictions/protenix_gpu/posebusters_benchmark/8B8H_OJQ/full_base_c1_s20_n1,12.555224461362089,10.0,89.0,22.0,results/posebench_702_predictions/protenix_gpu/posebusters_benchmark/8B8H_OJQ/full_base_c1_s20_n1/output/8B8H_OJQ/seed_101/predictions/8B8H_OJQ_seed_101_sample_0.cif,A:371;B:371,external/PoseBench/data/posebusters_benchmark_set/8B8H_OJQ/8B8H_OJQ_protein.pdb,0.1353573054075241,32.8077278137207,0.19914309680461884,0.14811447262763977,23.46414634968675,0.0,74.235,ok,full_base_c1_s20_n1,8.440064138973963,False,18.726893972205307,False,results/posebench_702_predictions/protenix_gpu/posebusters_benchmark/8B8H_OJQ/full_base_c1_s20_n1/run_status.json,,,,,ok
results/posebench_702_predictions/protenix_gpu/posebusters_benchmark/8BN6_R53/full_base_c1_s20_n1/output/8BN6_R53/seed_101/predictions/8BN6_R53_seed_101_summary_confidence_sample_0.json,posebusters_benchmark,6,results/posebench_702_predictions/protenix_gpu/posebusters_benchmark/8BN6_R53/full_base_c1_s20_n1/inputs/8BN6_R53.json,external/PoseBench/data/posebusters_benchmark_set/8BN6_R53/8BN6_R53_ligand.sdf,29.0,Cc1[nH]c(C(=O)Nc2nc3c(N4CCOCC4)cc(C(=O)O)cc3s2)c(Cl)c1Cl,206.0,A:206,protenix_base_default_v0.5.0,8BN6_R53,1.0,29.0,results/posebench_702_predictions/protenix_gpu/posebusters_benchmark/8BN6_R53/full_base_c1_s20_n1,13.988975263892858,10.0,64.0,29.0,results/posebench_702_predictions/protenix_gpu/posebusters_benchmark/8BN6_R53/full_base_c1_s20_n1/output/8BN6_R53/seed_101/predictions/8BN6_R53_seed_101_sample_0.cif,A:206,external/PoseBench/data/posebusters_benchmark_set/8BN6_R53/8BN6_R53_protein.pdb,0.30122193694114685,37.12907028198242,0.27440136671066284,0.29585781693458557,18.686990990663652,0.0,67.237,ok,full_base_c1_s20_n1,18.94543227556981,False,19.928011634521017,False,results/posebench_702_predictions/protenix_gpu/posebusters_benchmark/8BN6_R53/full_base_c1_s20_n1/run_status.json,,,,,ok
results/posebench_702_predictions/protenix_gpu/posebusters_benchmark/8BOM_QU6/full_base_c1_s20_n1/output/8BOM_QU6/seed_101/predictions/8BOM_QU6_seed_101_summary_confidence_sample_0.json,posebusters_benchmark,7,results/posebench_702_predictions/protenix_gpu/posebusters_benchmark/8BOM_QU6/full_base_c1_s20_n1/inputs/8BOM_QU6.json,external/PoseBench/data/posebusters_benchmark_set/8BOM_QU6/8BOM_QU6_ligand.sdf,35.0,COc1cccc(NC(=O)c2ccc(C)c(Nc3nc(-c4cccnc4)nc4c3cnn4C)c2)c1,267.0,A:267,protenix_base_default_v0.5.0,8BOM_QU6,1.0,35.0,results/posebench_702_predictions/protenix_gpu/posebusters_benchmark/8BOM_QU6/full_base_c1_s20_n1,14.635168908456365,10.0,84.0,35.0,results/posebench_702_predictions/protenix_gpu/posebusters_benchmark/8BOM_QU6/full_base_c1_s20_n1/output/8BOM_QU6/seed_101/predictions/8BOM_QU6_seed_101_sample_0.cif,A:267,external/PoseBench/data/posebusters_benchmark_set/8BOM_QU6/8BOM_QU6_protein.pdb,0.22605817019939423,29.128915786743164,0.2262367606163025,0.22609388828277588,20.014076842914456,0.0,65.734,ok,full_base_c1_s20_n1,15.674337335707973,False,18.90438842409548,False,results/posebench_702_predictions/protenix_gpu/posebusters_benchmark/8BOM_QU6/full_base_c1_s20_n1/run_status.json,,,,,ok
results/posebench_702_predictions/protenix_gpu/posebusters_benchmark/8BPL_CP/full_base_c1_s20_n1/output/8BPL_CP/seed_101/predictions/8BPL_CP_seed_101_summary_confidence_sample_0.json,posebusters_benchmark,4,results/posebench_702_predictions/protenix_gpu/posebusters_benchmark/8BPL_CP/full_base_c1_s20_n1/inputs/8BPL_CP.json,external/PoseBench/data/posebusters_benchmark_set/8BPL_CP/8BPL_CP_ligand.sdf,8.0,NC(=O)OP(=O)(O)O,316.0,A:316,protenix_base_default_v0.5.0,8BPL_CP,1.0,8.0,results/posebench_702_predictions/protenix_gpu/posebusters_benchmark/8BPL_CP/full_base_c1_s20_n1,11.175437099468216,10.0,42.0,8.0,results/posebench_702_predictions/protenix_gpu/posebusters_benchmark/8BPL_CP/full_base_c1_s20_n1/output/8BPL_CP/seed_101/predictions/8BPL_CP_seed_101_sample_0.cif,A:316,external/PoseBench/data/posebusters_benchmark_set/8BPL_CP/8BPL_CP_protein.pdb,0.22294218838214874,36.216548919677734,0.276350736618042,0.2336239069700241,16.76071714780231,0.0,66.741,ok,full_base_c1_s20_n1,5.960613363096386,False,11.726546803045885,False,results/posebench_702_predictions/protenix_gpu/posebusters_benchmark/8BPL_CP/full_base_c1_s20_n1/run_status.json,,,,,ok
results/posebench_702_predictions/protenix_gpu/posebusters_benchmark/8BRO_R7E/full_base_c1_s20_n1/output/8BRO_R7E/seed_101/predictions/8BRO_R7E_seed_101_summary_confidence_sample_0.json,posebusters_benchmark,5,results/posebench_702_predictions/protenix_gpu/posebusters_benchmark/8BRO_R7E/full_base_c1_s20_n1/inputs/8BRO_R7E.json,external/PoseBench/data/posebusters_benchmark_set/8BRO_R7E/8BRO_R7E_ligand.sdf,26.0,C[C@@H]1O[C@H](NC(=O)c2ccc(-c3cccc(CN)c3)o2)[C@@H](O)[C@H](O)[C@@H]1O,131.0,A:131,protenix_base_default_v0.5.0,8BRO_R7E,1.0,26.0,results/posebench_702_predictions/protenix_gpu/posebusters_benchmark/8BRO_R7E/full_base_c1_s20_n1,10.289048554905458,10.0,27.0,26.0,results/posebench_702_predictions/protenix_gpu/posebusters_benchmark/8BRO_R7E/full_base_c1_s20_n1/output/8BRO_R7E/seed_101/predictions/8BRO_R7E_seed_101_sample_0.cif,A:131,external/PoseBench/data/posebusters_benchmark_set/8BRO_R7E/8BRO_R7E_protein.pdb,0.20545591413974762,49.558372497558594,0.4152623116970062,0.24741721153259277,11.903683237270887,0.0,65.743,ok,full_base_c1_s20_n1,27.914939433941655,False,30.517464019349262,False,results/posebench_702_predictions/protenix_gpu/posebusters_benchmark/8BRO_R7E/full_base_c1_s20_n1/run_status.json,,,,,ok
results/posebench_702_predictions/protenix_gpu/posebusters_benchmark/8BTI_RFO/full_base_c1_s20_n1/output/8BTI_RFO/seed_101/predictions/8BTI_RFO_seed_101_summary_confidence_sample_0.json,posebusters_benchmark,6,results/posebench_702_predictions/protenix_gpu/posebusters_benchmark/8BTI_RFO/full_base_c1_s20_n1/inputs/8BTI_RFO.json,external/PoseBench/data/posebusters_benchmark_set/8BTI_RFO/8BTI_RFO_ligand.sdf,15.0,COCC(=O)n1ccc2c(Cl)cccc21,350.0,A:350,protenix_base_default_v0.5.0,8BTI_RFO,1.0,15.0,results/posebench_702_predictions/protenix_gpu/posebusters_benchmark/8BTI_RFO/full_base_c1_s20_n1,15.230175213246142,10.0,68.0,15.0,results/posebench_702_predictions/protenix_gpu/posebusters_benchmark/8BTI_RFO/full_base_c1_s20_n1/output/8BTI_RFO/seed_101/predictions/8BTI_RFO_seed_101_sample_0.cif,A:350,external/PoseBench/data/posebusters_benchmark_set/8BTI_RFO/8BTI_RFO_protein.pdb,0.2201782912015915,29.96305274963379,0.2040431648492813,0.21695126593112946,21.752736195902855,0.0,67.787,ok,full_base_c1_s20_n1,5.754250973517695,False,7.592347265452386,False,results/posebench_702_predictions/protenix_gpu/posebusters_benchmark/8BTI_RFO/full_base_c1_s20_n1/run_status.json,,,,,ok
results/posebench_702_predictions/protenix_gpu/posebusters_benchmark/8C3N_ADP/full_base_c1_s20_n1/output/8C3N_ADP/seed_101/predictions/8C3N_ADP_seed_101_summary_confidence_sample_0.json,posebusters_benchmark,7,results/posebench_702_predictions/protenix_gpu/posebusters_benchmark/8C3N_ADP/full_base_c1_s20_n1/inputs/8C3N_ADP.json,external/PoseBench/data/posebusters_benchmark_set/8C3N_ADP/8C3N_ADP_ligand.sdf,27.0,Nc1ncnc2c1ncn2[C@@H]1O[C@H](CO[P@](=O)(O)OP(=O)(O)O)[C@@H](O)[C@H]1O,242.0,"A:214,B:28",protenix_base_default_v0.5.0,8C3N_ADP,2.0,27.0,results/posebench_702_predictions/protenix_gpu/posebusters_benchmark/8C3N_ADP/full_base_c1_s20_n1,12.381518713757796,10.0,54.0,27.0,results/posebench_702_predictions/protenix_gpu/posebusters_benchmark/8C3N_ADP/full_base_c1_s20_n1/output/8C3N_ADP/seed_101/predictions/8C3N_ADP_seed_101_sample_0.cif,A:214;B:28,external/PoseBench/data/posebusters_benchmark_set/8C3N_ADP/8C3N_ADP_protein.pdb,0.15559300780296326,39.80636215209961,0.2973650395870209,0.18394741415977478,15.91260612782991,0.0,65.952,ok,full_base_c1_s20_n1,20.566887156924178,False,24.917838510157893,False,results/posebench_702_predictions/protenix_gpu/posebusters_benchmark/8C3N_ADP/full_base_c1_s20_n1/run_status.json,,,,,ok
results/posebench_702_predictions/protenix_gpu/posebusters_benchmark/8C5D_GTB/full_base_c1_s20_n1/output/8C5D_GTB/seed_101/predictions/8C5D_GTB_seed_101_summary_confidence_sample_0.json,posebusters_benchmark,4,results/posebench_702_predictions/protenix_gpu/posebusters_benchmark/8C5D_GTB/full_base_c1_s20_n1/inputs/8C5D_GTB.json,external/PoseBench/data/posebusters_benchmark_set/8C5D_GTB/8C5D_GTB_ligand.sdf,30.0,N[C@@H](CCC(=O)N[C@@H](CSCc1ccc([N+](=O)[O-])cc1)C(=O)NCC(=O)O)C(=O)O,418.0,"A:209,B:209",protenix_base_default_v0.5.0,8C5D_GTB,2.0,30.0,results/posebench_702_predictions/protenix_gpu/posebusters_benchmark/8C5D_GTB/full_base_c1_s20_n1,11.754176307517303,10.0,75.0,30.0,results/posebench_702_predictions/protenix_gpu/posebusters_benchmark/8C5D_GTB/full_base_c1_s20_n1/output/8C5D_GTB/seed_101/predictions/8C5D_GTB_seed_101_sample_0.cif,A:209;B:209,external/PoseBench/data/posebusters_benchmark_set/8C5D_GTB/8C5D_GTB_protein.pdb,0.10984687507152557,33.90458679199219,0.18179340660572052,0.12423618137836456,19.073913336960945,0.0,67.867,ok,full_base_c1_s20_n1,12.649323718903107,False,22.745549063327754,False,results/posebench_702_predictions/protenix_gpu/posebusters_benchmark/8C5D_GTB/full_base_c1_s20_n1/run_status.json,,,,,ok
results/posebench_702_predictions/protenix_gpu/posebusters_benchmark/8C5M_MTA/full_base_c1_s20_n1/output/8C5M_MTA/seed_101/predictions/8C5M_MTA_seed_101_summary_confidence_sample_0.json,posebusters_benchmark,5,results/posebench_702_predictions/protenix_gpu/posebusters_benchmark/8C5M_MTA/full_base_c1_s20_n1/inputs/8C5M_MTA.json,external/PoseBench/data/posebusters_benchmark_set/8C5M_MTA/8C5M_MTA_ligand.sdf,20.0,CSC[C@H]1O[C@@H](n2cnc3c(N)ncnc32)[C@H](O)[C@@H]1O,416.0,"A:301,B:115",protenix_base_default_v0.5.0,8C5M_MTA,2.0,20.0,results/posebench_702_predictions/protenix_gpu/posebusters_benchmark/8C5M_MTA/full_base_c1_s20_n1,12.115593623348472,10.0,56.0,20.0,results/posebench_702_predictions/protenix_gpu/posebusters_benchmark/8C5M_MTA/full_base_c1_s20_n1/output/8C5M_MTA/seed_101/predictions/8C5M_MTA_seed_101_sample_0.cif,A:301;B:115,external/PoseBench/data/posebusters_benchmark_set/8C5M_MTA/8C5M_MTA_protein.pdb,0.11423985660076141,29.93631362915039,0.18564900755882263,0.12852168083190918,22.78079151860065,0.0,69.028,ok,full_base_c1_s20_n1,10.370396542168075,False,17.433294335888625,False,results/posebench_702_predictions/protenix_gpu/posebusters_benchmark/8C5M_MTA/full_base_c1_s20_n1/run_status.json,,,,,ok
results/posebench_702_predictions/protenix_gpu/posebusters_benchmark/8C7Y_TXV/full_base_c1_s20_n1/output/8C7Y_TXV/seed_101/predictions/8C7Y_TXV_seed_101_summary_confidence_sample_0.json,posebusters_benchmark,6,results/posebench_702_predictions/protenix_gpu/posebusters_benchmark/8C7Y_TXV/full_base_c1_s20_n1/inputs/8C7Y_TXV.json,external/PoseBench/data/posebusters_benchmark_set/8C7Y_TXV/8C7Y_TXV_ligand.sdf,34.0,CC(C)(C#N)c1cccc(C(=O)Nc2ccc(F)c(C(=O)c3c[nH]c4ncc(Cl)cc34)c2F)c1,534.0,"A:275,B:259",protenix_base_default_v0.5.0,8C7Y_TXV,2.0,34.0,results/posebench_702_predictions/protenix_gpu/posebusters_benchmark/8C7Y_TXV/full_base_c1_s20_n1,14.864196211262275,10.0,91.0,34.0,results/posebench_702_predictions/protenix_gpu/posebusters_benchmark/8C7Y_TXV/full_base_c1_s20_n1/output/8C7Y_TXV/seed_101/predictions/8C7Y_TXV_seed_101_sample_0.cif,A:275;B:259,external/PoseBench/data/posebusters_benchmark_set/8C7Y_TXV/8C7Y_TXV_protein.pdb,0.14078228175640106,39.541831970214844,0.22016365826129913,0.15665856003761292,21.594774562054457,0.0,70.205,ok,full_base_c1_s20_n1,14.364764770436103,False,17.704096003769976,False,results/posebench_702_predictions/protenix_gpu/posebusters_benchmark/8C7Y_TXV/full_base_c1_s20_n1/run_status.json,,,,,ok
results/posebench_702_predictions/protenix_gpu/posebusters_benchmark/8CGC_LMR/full_base_c1_s20_n1/output/8CGC_LMR/seed_101/predictions/8CGC_LMR_seed_101_summary_confidence_sample_0.json,posebusters_benchmark,7,results/posebench_702_predictions/protenix_gpu/posebusters_benchmark/8CGC_LMR/full_base_c1_s20_n1/inputs/8CGC_LMR.json,external/PoseBench/data/posebusters_benchmark_set/8CGC_LMR/8CGC_LMR_ligand.sdf,9.0,O=C(O)C[C@H](O)C(=O)O,311.0,A:311,protenix_base_default_v0.5.0,8CGC_LMR,1.0,9.0,results/posebench_702_predictions/protenix_gpu/posebusters_benchmark/8CGC_LMR/full_base_c1_s20_n1,7.606415430753323,10.0,20.0,9.0,results/posebench_702_predictions/protenix_gpu/posebusters_benchmark/8CGC_LMR/full_base_c1_s20_n1/output/8CGC_LMR/seed_101/predictions/8CGC_LMR_seed_101_sample_0.cif,A:311,external/PoseBench/data/posebusters_benchmark_set/8CGC_LMR/8CGC_LMR_protein.pdb,0.1300145834684372,31.064247131347656,0.17882481217384338,0.13977663218975067,21.01109370314456,0.0,67.477,ok,full_base_c1_s20_n1,25.035052742752626,False,37.4969932315209,False,results/posebench_702_predictions/protenix_gpu/posebusters_benchmark/8CGC_LMR/full_base_c1_s20_n1/run_status.json,,,,,ok
,posebusters_benchmark,5,results/posebench_702_predictions/protenix_gpu/posebusters_benchmark/8CI0_8EL/full_base_c1_s20_n1/inputs/8CI0_8EL.json,external/PoseBench/data/posebusters_benchmark_set/8CI0_8EL/8CI0_8EL_ligand.sdf,26.0,CC1=C(CCO[P@](=O)(O)OP(=O)(O)O)SCN1Cc1cnc(C)nc1N,,,protenix_base_default_v0.5.0,8CI0_8EL,3.0,,results/posebench_702_predictions/protenix_gpu/posebusters_benchmark/8CI0_8EL/full_base_c1_s20_n1,,,,,,A:666;B:666;C:666,external/PoseBench/data/posebusters_benchmark_set/8CI0_8EL/8CI0_8EL_protein.pdb,,,,,,0.0,190.34,failed_no_prediction_cif,full_base_c1_s20_n1,,,,,results/posebench_702_predictions/protenix_gpu/posebusters_benchmark/8CI0_8EL/full_base_c1_s20_n1/run_status.json,"e-packages/protenix/model/protenix.py"", line 338, in main_inference_loop
    pred_dict, log_dict, time_tracker = self._main_inference_loop(
  File ""<REMOTE_PROJECT_ROOT>/envs/protenix/lib/python3.10/site-packages/protenix/model/protenix.py"", line 460, in _main_inference_loop
    ) = self.run_confidence_head(
  File ""<REMOTE_PROJECT_ROOT>/envs/protenix/lib/python3.10/site-packages/protenix/model/protenix.py"", line 303, in run_confidence_head
    return autocasting_disable_decorator(self.configs.skip_amp.confidence_head)(
  File ""<REMOTE_PROJECT_ROOT>/envs/protenix/lib/python3.10/site-packages/protenix/utils/torch_utils.py"", line 219, in new_func
    return func(
  File ""<REMOTE_PROJECT_ROOT>/envs/protenix/lib/python3.10/site-packages/torch/nn/modules/module.py"", line 1532, in _wrapped_call_impl
    return self._call_impl(*args, **kwargs)
  File ""<REMOTE_PROJECT_ROOT>/envs/protenix/lib/python3.10/site-packages/torch/nn/modules/module.py"", line 1541, in _call_impl
    return forward_call(*args, **kwargs)
  File ""<REMOTE_PROJECT_ROOT>/envs/protenix/lib/python3.10/site-packages/protenix/model/modules/confidence.py"", line 211, in forward
    self.memory_efficient_forward(
  File ""<REMOTE_PROJECT_ROOT>/envs/protenix/lib/python3.10/site-packages/protenix/model/modules/confidence.py"", line 301, in memory_efficient_forward
    s_single, z_pair = self.pairformer_stack(
  File ""<REMOTE_PROJECT_ROOT>/envs/protenix/lib/python3.10/site-packages/torch/nn/modules/module.py"", line 1532, in _wrapped_call_impl
    return self._call_impl(*args, **kwargs)
  File ""<REMOTE_PROJECT_ROOT>/envs/protenix/lib/python3.10/site-packages/torch/nn/modules/module.py"", line 1541, in _call_impl
    return forward_call(*args, **kwargs)
  File ""<REMOTE_PROJECT_ROOT>/envs/protenix/lib/python3.10/site-packages/protenix/model/modules/pairformer.py"", line 309, in forward
    s, z = checkpoint_blocks(
  File ""<REMOTE_PROJECT_ROOT>/envs/protenix/lib/python3.10/site-packages/protenix/openfold_local/utils/checkpointing.py"", line 86, in checkpoint_blocks
    return exec(blocks, args)
  File ""<REMOTE_PROJECT_ROOT>/envs/protenix/lib/python3.10/site-packages/protenix/openfold_local/utils/checkpointing.py"", line 73, in exec
    a = wrap(block(*a))
  File ""<REMOTE_PROJECT_ROOT>/envs/protenix/lib/python3.10/site-packages/protenix/model/modules/pairformer.py"", line 259, in clear_cache
    return b(*args, **kwargs)
  File ""<REMOTE_PROJECT_ROOT>/envs/protenix/lib/python3.10/site-packages/torch/nn/modules/module.py"", line 1532, in _wrapped_call_impl
    return self._call_impl(*args, **kwargs)
  File ""<REMOTE_PROJECT_ROOT>/envs/protenix/lib/python3.10/site-packages/torch/nn/modules/module.py"", line 1541, in _call_impl
    return forward_call(*args, **kwargs)
  File ""<REMOTE_PROJECT_ROOT>/envs/protenix/lib/python3.10/site-packages/protenix/model/modules/pairformer.py"", line 145, in forward
    z += self.tri_att_end(
  File ""<REMOTE_PROJECT_ROOT>/envs/protenix/lib/python3.10/site-packages/torch/nn/modules/module.py"", line 1532, in _wrapped_call_impl
    return self._call_impl(*args, **kwargs)
  File ""<REMOTE_PROJECT_ROOT>/envs/protenix/lib/python3.10/site-packages/torch/nn/modules/module.py"", line 1541, in _call_impl
    return forward_call(*args, **kwargs)
  File ""<REMOTE_PROJECT_ROOT>/envs/protenix/lib/python3.10/site-packages/protenix/openfold_local/model/triangular_attention.py"", line 124, in forward
    x = self._chunk(
  File ""<REMOTE_PROJECT_ROOT>/envs/protenix/lib/python3.10/site-packages/protenix/openfold_local/model/triangular_attention.py"", line 71, in _chunk
    return chunk_layer(
  File ""<REMOTE_PROJECT_ROOT>/envs/protenix/lib/python3.10/site-packages/protenix/openfold_local/utils/chunk_utils.py"", line 272, in chunk_layer
    output_chunk = layer(**chunks)
  File ""<REMOTE_PROJECT_ROOT>/envs/protenix/lib/python3.10/site-packages/torch/nn/modules/module.py"", line 1532, in _wrapped_call_impl
    return self._call_impl(*args, **kwargs)
  File ""<REMOTE_PROJECT_ROOT>/envs/protenix/lib/python3.10/site-packages/torch/nn/modules/module.py"", line 1541, in _call_impl
    return forward_call(*args, **kwargs)
  File ""<REMOTE_PROJECT_ROOT>/envs/protenix/lib/python3.10/site-packages/protenix/openfold_local/model/primitives.py"", line 578, in forward
    o = _attention(q, k, v, biases)
  File ""<REMOTE_PROJECT_ROOT>/envs/protenix/lib/python3.10/site-packages/protenix/openfold_local/model/primitives.py"", line 334, in _attention
    a = softmax_no_cast(a, -1)
  File ""<REMOTE_PROJECT_ROOT>/envs/protenix/lib/python3.10/site-packages/protenix/openfold_local/model/primitives.py"", line 313, in softmax_no_cast
    s = torch.nn.functional.softmax(t, dim=dim)
  File ""<REMOTE_PROJECT_ROOT>/envs/protenix/lib/python3.10/site-packages/torch/nn/functional.py"", line 1885, in softmax
    ret = input.softmax(dim)
torch.cuda.OutOfMemoryError: CUDA out of memory. Tried to allocate 3.91 GiB. GPU 


100%|██████████| 1/1 [02:14<00:00, 134.51s/it]
100%|██████████| 1/1 [02:14<00:00, 134.51s/it]
","Try to find the ccd cache data in the code directory for inference.
[2026-06-11 19:47:01,935] [INFO] [real_accelerator.py:219:get_accelerator] Setting ds_accelerator to cuda (auto detect)
train scheduler 16.0
inference scheduler 16.0
Diffusion Module has 16.0
",,,gpu_oom
results/posebench_702_predictions/protenix_gpu/posebusters_benchmark/8CNH_V6U/full_base_c1_s20_n1/output/8CNH_V6U/seed_101/predictions/8CNH_V6U_seed_101_summary_confidence_sample_0.json,posebusters_benchmark,5,results/posebench_702_predictions/protenix_gpu/posebusters_benchmark/8CNH_V6U/full_base_c1_s20_n1/inputs/8CNH_V6U.json,external/PoseBench/data/posebusters_benchmark_set/8CNH_V6U/8CNH_V6U_ligand.sdf,25.0,COC(=O)c1ccccc1Cc1cn(C)nc1-c1cc(Cl)nc(N)n1,452.0,A:452,protenix_base_default_v0.5.0,8CNH_V6U,1.0,25.0,results/posebench_702_predictions/protenix_gpu/posebusters_benchmark/8CNH_V6U/full_base_c1_s20_n1,12.75421650398073,10.0,76.0,25.0,results/posebench_702_predictions/protenix_gpu/posebusters_benchmark/8CNH_V6U/full_base_c1_s20_n1/output/8CNH_V6U/seed_101/predictions/8CNH_V6U_seed_101_sample_0.cif,A:452,external/PoseBench/data/posebusters_benchmark_set/8CNH_V6U/8CNH_V6U_protein.pdb,0.4480859339237213,34.57240676879883,0.28481724858283997,0.4154321849346161,20.276611642720347,0.0,67.892,ok,full_base_c1_s20_n1,9.500301654878381,False,14.535229699625653,False,results/posebench_702_predictions/protenix_gpu/posebusters_benchmark/8CNH_V6U/full_base_c1_s20_n1/run_status.json,,,,,ok
results/posebench_702_predictions/protenix_gpu/posebusters_benchmark/8CSD_C5P/full_base_c1_s20_n1/output/8CSD_C5P/seed_101/predictions/8CSD_C5P_seed_101_summary_confidence_sample_0.json,posebusters_benchmark,6,results/posebench_702_predictions/protenix_gpu/posebusters_benchmark/8CSD_C5P/full_base_c1_s20_n1/inputs/8CSD_C5P.json,external/PoseBench/data/posebusters_benchmark_set/8CSD_C5P/8CSD_C5P_ligand.sdf,21.0,Nc1ccn([C@@H]2O[C@H](COP(=O)(O)O)[C@@H](O)[C@H]2O)c(=O)n1,788.0,"A:396,B:392",protenix_base_default_v0.5.0,8CSD_C5P,2.0,21.0,results/posebench_702_predictions/protenix_gpu/posebusters_benchmark/8CSD_C5P/full_base_c1_s20_n1,12.144402909183267,10.0,67.0,21.0,results/posebench_702_predictions/protenix_gpu/posebusters_benchmark/8CSD_C5P/full_base_c1_s20_n1/output/8CSD_C5P/seed_101/predictions/8CSD_C5P_seed_101_sample_0.cif,A:396;B:392,external/PoseBench/data/posebusters_benchmark_set/8CSD_C5P/8CSD_C5P_protein.pdb,0.12744799256324768,30.944364547729492,0.1583806872367859,0.1336345374584198,26.727014973781078,0.0,74.708,ok,full_base_c1_s20_n1,10.093161518519388,False,30.653495504632794,False,results/posebench_702_predictions/protenix_gpu/posebusters_benchmark/8CSD_C5P/full_base_c1_s20_n1/run_status.json,,,,,ok
results/posebench_702_predictions/protenix_gpu/posebusters_benchmark/8D19_GSH/full_base_c1_s20_n1/output/8D19_GSH/seed_101/predictions/8D19_GSH_seed_101_summary_confidence_sample_0.json,posebusters_benchmark,7,results/posebench_702_predictions/protenix_gpu/posebusters_benchmark/8D19_GSH/full_base_c1_s20_n1/inputs/8D19_GSH.json,external/PoseBench/data/posebusters_benchmark_set/8D19_GSH/8D19_GSH_ligand.sdf,20.0,N[C@@H](CCC(=O)N[C@@H](CS)C(=O)NCC(=O)O)C(=O)O,800.0,"A:400,B:400",protenix_base_default_v0.5.0,8D19_GSH,2.0,20.0,results/posebench_702_predictions/protenix_gpu/posebusters_benchmark/8D19_GSH/full_base_c1_s20_n1,13.351409148780393,10.0,52.0,20.0,results/posebench_702_predictions/protenix_gpu/posebusters_benchmark/8D19_GSH/full_base_c1_s20_n1/output/8D19_GSH/seed_101/predictions/8D19_GSH_seed_101_sample_0.cif,A:400;B:400,external/PoseBench/data/posebusters_benchmark_set/8D19_GSH/8D19_GSH_protein.pdb,0.13172657787799835,41.81574630737305,0.2747247815132141,0.16032622754573822,28.25743296139115,0.0,75.146,ok,full_base_c1_s20_n1,26.336775393859643,False,27.44848156506052,False,results/posebench_702_predictions/protenix_gpu/posebusters_benchmark/8D19_GSH/full_base_c1_s20_n1/run_status.json,,,,,ok
results/posebench_702_predictions/protenix_gpu/posebusters_benchmark/8D39_QDB/full_base_c1_s20_n1/output/8D39_QDB/seed_101/predictions/8D39_QDB_seed_101_summary_confidence_sample_0.json,posebusters_benchmark,4,results/posebench_702_predictions/protenix_gpu/posebusters_benchmark/8D39_QDB/full_base_c1_s20_n1/inputs/8D39_QDB.json,external/PoseBench/data/posebusters_benchmark_set/8D39_QDB/8D39_QDB_ligand.sdf,17.0,O=C(O)c1ccc(C(=O)c2ccccc2)cc1,393.0,A:393,protenix_base_default_v0.5.0,8D39_QDB,1.0,17.0,results/posebench_702_predictions/protenix_gpu/posebusters_benchmark/8D39_QDB/full_base_c1_s20_n1,14.32870923856566,10.0,76.0,17.0,results/posebench_702_predictions/protenix_gpu/posebusters_benchmark/8D39_QDB/full_base_c1_s20_n1/output/8D39_QDB/seed_101/predictions/8D39_QDB_seed_101_sample_0.cif,A:393,external/PoseBench/data/posebusters_benchmark_set/8D39_QDB/8D39_QDB_protein.pdb,0.35397809743881226,34.54659652709961,0.23013685643672943,0.3292098343372345,21.340065436962114,0.0,79.185,ok,full_base_c1_s20_n1,9.51688041430198,False,5.933364509296495,False,results/posebench_702_predictions/protenix_gpu/posebusters_benchmark/8D39_QDB/full_base_c1_s20_n1/run_status.json,,,,,ok
results/posebench_702_predictions/protenix_gpu/posebusters_benchmark/8D5D_5DK/full_base_c1_s20_n1/output/8D5D_5DK/seed_101/predictions/8D5D_5DK_seed_101_summary_confidence_sample_0.json,posebusters_benchmark,5,results/posebench_702_predictions/protenix_gpu/posebusters_benchmark/8D5D_5DK/full_base_c1_s20_n1/inputs/8D5D_5DK.json,external/PoseBench/data/posebusters_benchmark_set/8D5D_5DK/8D5D_5DK_ligand.sdf,27.0,Cc1ncc(COP(=O)(O)O)c(/C=N/[C@H](CCCNC(=N)N)C(=O)O)c1O,910.0,"A:458,B:452",protenix_base_default_v0.5.0,8D5D_5DK,2.0,27.0,results/posebench_702_predictions/protenix_gpu/posebusters_benchmark/8D5D_5DK/full_base_c1_s20_n1,20.879451033523733,10.0,92.0,27.0,results/posebench_702_predictions/protenix_gpu/posebusters_benchmark/8D5D_5DK/full_base_c1_s20_n1/output/8D5D_5DK/seed_101/predictions/8D5D_5DK_seed_101_sample_0.cif,A:458;B:452,external/PoseBench/data/posebusters_benchmark_set/8D5D_5DK/8D5D_5DK_protein.pdb,0.1320141851902008,34.9011344909668,0.2113969475030899,0.14789073169231415,27.085091706581643,0.0,81.296,ok,full_base_c1_s20_n1,33.500553339550514,False,35.686952093097844,False,results/posebench_702_predictions/protenix_gpu/posebusters_benchmark/8D5D_5DK/full_base_c1_s20_n1/run_status.json,,,,,ok
results/posebench_702_predictions/protenix_gpu/posebusters_benchmark/8DHG_T78/full_base_c1_s20_n1/output/8DHG_T78/seed_101/predictions/8DHG_T78_seed_101_summary_confidence_sample_0.json,posebusters_benchmark,6,results/posebench_702_predictions/protenix_gpu/posebusters_benchmark/8DHG_T78/full_base_c1_s20_n1/inputs/8DHG_T78.json,external/PoseBench/data/posebusters_benchmark_set/8DHG_T78/8DHG_T78_ligand.sdf,35.0,CCn1c(CO)nn(-c2nc(O[C@@H](C)C(F)(F)F)c(C(=O)Nc3c(C)ccnc3Cl)cc2F)c1=O,359.0,A:359,protenix_base_default_v0.5.0,8DHG_T78,1.0,35.0,results/posebench_702_predictions/protenix_gpu/posebusters_benchmark/8DHG_T78/full_base_c1_s20_n1,12.623815593667835,10.0,78.0,35.0,results/posebench_702_predictions/protenix_gpu/posebusters_benchmark/8DHG_T78/full_base_c1_s20_n1/output/8DHG_T78/seed_101/predictions/8DHG_T78_seed_101_sample_0.cif,A:359,external/PoseBench/data/posebusters_benchmark_set/8DHG_T78/8DHG_T78_protein.pdb,0.3875296711921692,38.980384826660156,0.34499701857566833,0.37902316451072693,19.51153023943951,0.0,67.115,ok,full_base_c1_s20_n1,14.181556739718532,False,16.169423424458323,False,results/posebench_702_predictions/protenix_gpu/posebusters_benchmark/8DHG_T78/full_base_c1_s20_n1/run_status.json,,,,,ok
results/posebench_702_predictions/protenix_gpu/posebusters_benchmark/8DKO_TFB/full_base_c1_s20_n1/output/8DKO_TFB/seed_101/predictions/8DKO_TFB_seed_101_summary_confidence_sample_0.json,posebusters_benchmark,7,results/posebench_702_predictions/protenix_gpu/posebusters_benchmark/8DKO_TFB/full_base_c1_s20_n1/inputs/8DKO_TFB.json,external/PoseBench/data/posebusters_benchmark_set/8DKO_TFB/8DKO_TFB_ligand.sdf,8.0,O=C(O)[C@@H]1CCCO1,777.0,"A:384,B:393",protenix_base_default_v0.5.0,8DKO_TFB,2.0,8.0,results/posebench_702_predictions/protenix_gpu/posebusters_benchmark/8DKO_TFB/full_base_c1_s20_n1,14.784368781064321,10.0,57.0,8.0,results/posebench_702_predictions/protenix_gpu/posebusters_benchmark/8DKO_TFB/full_base_c1_s20_n1/output/8DKO_TFB/seed_101/predictions/8DKO_TFB_seed_101_sample_0.cif,A:384;B:393,external/PoseBench/data/posebusters_benchmark_set/8DKO_TFB/8DKO_TFB_protein.pdb,0.12320223450660706,35.05302429199219,0.19724102318286896,0.13800999522209167,27.126217634435772,0.0,74.748,ok,full_base_c1_s20_n1,15.544117156568834,False,17.970070161405506,False,results/posebench_702_predictions/protenix_gpu/posebusters_benchmark/8DKO_TFB/full_base_c1_s20_n1/run_status.json,,,,,ok
results/posebench_702_predictions/protenix_gpu/posebusters_benchmark/8DP2_UMA/full_base_c1_s20_n1/output/8DP2_UMA/seed_101/predictions/8DP2_UMA_seed_101_summary_confidence_sample_0.json,posebusters_benchmark,4,results/posebench_702_predictions/protenix_gpu/posebusters_benchmark/8DP2_UMA/full_base_c1_s20_n1/inputs/8DP2_UMA.json,external/PoseBench/data/posebusters_benchmark_set/8DP2_UMA/8DP2_UMA_ligand.sdf,49.0,CC(=O)N[C@H]1[C@@H](O[P@@](=O)(O)O[P@](=O)(O)OC[C@H]2O[C@@H](n3ccc(=O)[nH]c3=O)[C@H](O)[C@@H]2O)O[C@H](CO)[C@@H](O)[C@@H]1O[C@H](C)C(=O)N[C@@H](C)C(=O)O,445.0,A:445,protenix_base_default_v0.5.0,8DP2_UMA,1.0,49.0,results/posebench_702_predictions/protenix_gpu/posebusters_benchmark/8DP2_UMA/full_base_c1_s20_n1,15.101047283466787,10.0,98.0,49.0,results/posebench_702_predictions/protenix_gpu/posebusters_benchmark/8DP2_UMA/full_base_c1_s20_n1/output/8DP2_UMA/seed_101/predictions/8DP2_UMA_seed_101_sample_0.cif,A:445,external/PoseBench/data/posebusters_benchmark_set/8DP2_UMA/8DP2_UMA_protein.pdb,0.421200156211853,35.94226837158203,0.27598491311073303,0.39215710759162903,18.529771580020917,0.0,67.702,ok,full_base_c1_s20_n1,8.768975083139406,False,11.181969703792278,False,results/posebench_702_predictions/protenix_gpu/posebusters_benchmark/8DP2_UMA/full_base_c1_s20_n1/run_status.json,,,,,ok
results/posebench_702_predictions/protenix_gpu/posebusters_benchmark/8DSC_NCA/full_base_c1_s20_n1/output/8DSC_NCA/seed_101/predictions/8DSC_NCA_seed_101_summary_confidence_sample_0.json,posebusters_benchmark,5,results/posebench_702_predictions/protenix_gpu/posebusters_benchmark/8DSC_NCA/full_base_c1_s20_n1/inputs/8DSC_NCA.json,external/PoseBench/data/posebusters_benchmark_set/8DSC_NCA/8DSC_NCA_ligand.sdf,9.0,NC(=O)c1cccnc1,938.0,"A:469,B:469",protenix_base_default_v0.5.0,8DSC_NCA,2.0,9.0,results/posebench_702_predictions/protenix_gpu/posebusters_benchmark/8DSC_NCA/full_base_c1_s20_n1,14.140212316616049,10.0,60.0,9.0,results/posebench_702_predictions/protenix_gpu/posebusters_benchmark/8DSC_NCA/full_base_c1_s20_n1/output/8DSC_NCA/seed_101/predictions/8DSC_NCA_seed_101_sample_0.cif,A:469;B:469,external/PoseBench/data/posebusters_benchmark_set/8DSC_NCA/8DSC_NCA_protein.pdb,0.14270907640457153,33.02839660644531,0.20151403546333313,0.1544700711965561,22.05772926979204,0.0,82.92,ok,full_base_c1_s20_n1,8.998348801418716,False,21.229790948886347,False,results/posebench_702_predictions/protenix_gpu/posebusters_benchmark/8DSC_NCA/full_base_c1_s20_n1/run_status.json,,,,,ok
results/posebench_702_predictions/protenix_gpu/posebusters_benchmark/8DW5_FQ7/full_base_c1_s20_n1/output/8DW5_FQ7/seed_101/predictions/8DW5_FQ7_seed_101_summary_confidence_sample_0.json,posebusters_benchmark,6,results/posebench_702_predictions/protenix_gpu/posebusters_benchmark/8DW5_FQ7/full_base_c1_s20_n1/inputs/8DW5_FQ7.json,external/PoseBench/data/posebusters_benchmark_set/8DW5_FQ7/8DW5_FQ7_ligand.sdf,18.0,O=C(O)c1ccccc1Nc1cc(Cl)cc(Cl)c1,116.0,A:116,protenix_base_default_v0.5.0,8DW5_FQ7,1.0,18.0,results/posebench_702_predictions/protenix_gpu/posebusters_benchmark/8DW5_FQ7/full_base_c1_s20_n1,9.237620416225397,10.0,33.0,18.0,results/posebench_702_predictions/protenix_gpu/posebusters_benchmark/8DW5_FQ7/full_base_c1_s20_n1/output/8DW5_FQ7/seed_101/predictions/8DW5_FQ7_seed_101_sample_0.cif,A:116,external/PoseBench/data/posebusters_benchmark_set/8DW5_FQ7/8DW5_FQ7_protein.pdb,0.19192181527614594,37.57384490966797,0.24274572730064392,0.20208659768104553,13.085654670748568,0.0,66.225,ok,full_base_c1_s20_n1,6.374638774547639,False,14.784929100388947,False,results/posebench_702_predictions/protenix_gpu/posebusters_benchmark/8DW5_FQ7/full_base_c1_s20_n1/run_status.json,,,,,ok
results/posebench_702_predictions/protenix_gpu/posebusters_benchmark/8DZT_G4P/full_base_c1_s20_n1/output/8DZT_G4P/seed_101/predictions/8DZT_G4P_seed_101_summary_confidence_sample_0.json,posebusters_benchmark,7,results/posebench_702_predictions/protenix_gpu/posebusters_benchmark/8DZT_G4P/full_base_c1_s20_n1/inputs/8DZT_G4P.json,external/PoseBench/data/posebusters_benchmark_set/8DZT_G4P/8DZT_G4P_ligand.sdf,36.0,Nc1nc2c(ncn2[C@@H]2O[C@H](CO[P@](=O)(O)OP(=O)(O)O)[C@@H](O[P@](=O)(O)OP(=O)(O)O)[C@H]2O)c(=O)[nH]1,329.0,"A:164,B:165",protenix_base_default_v0.5.0,8DZT_G4P,2.0,36.0,results/posebench_702_predictions/protenix_gpu/posebusters_benchmark/8DZT_G4P/full_base_c1_s20_n1,8.317004128469764,10.0,52.0,36.0,results/posebench_702_predictions/protenix_gpu/posebusters_benchmark/8DZT_G4P/full_base_c1_s20_n1/output/8DZT_G4P/seed_101/predictions/8DZT_G4P_seed_101_sample_0.cif,A:164;B:165,external/PoseBench/data/posebusters_benchmark_set/8DZT_G4P/8DZT_G4P_protein.pdb,0.10126390308141708,34.48517608642578,0.18264389038085938,0.1175398975610733,19.127884147535337,0.0,66.923,ok,full_base_c1_s20_n1,9.153182740850273,False,11.809704430757385,False,results/posebench_702_predictions/protenix_gpu/posebusters_benchmark/8DZT_G4P/full_base_c1_s20_n1/run_status.json,,,,,ok
results/posebench_702_predictions/protenix_gpu/posebusters_benchmark/8E77_ULP/full_base_c1_s20_n1/output/8E77_ULP/seed_101/predictions/8E77_ULP_seed_101_summary_confidence_sample_0.json,posebusters_benchmark,4,results/posebench_702_predictions/protenix_gpu/posebusters_benchmark/8E77_ULP/full_base_c1_s20_n1/inputs/8E77_ULP.json,external/PoseBench/data/posebusters_benchmark_set/8E77_ULP/8E77_ULP_ligand.sdf,55.0,CC(=O)N[C@H]1[C@@H](O[P@@](=O)(O)O[P@@](=O)(O)OC[C@H]2O[C@@H](n3ccc(=O)[nH]c3=O)[C@H](O)[C@@H]2O)O[C@H](C(=O)O)[C@@H](O)[C@@H]1/N=C/c1c(COP(=O)(O)O)cnc(C)c1O,358.0,A:358,protenix_base_default_v0.5.0,8E77_ULP,1.0,55.0,results/posebench_702_predictions/protenix_gpu/posebusters_benchmark/8E77_ULP/full_base_c1_s20_n1,14.359084340817533,10.0,91.0,55.0,results/posebench_702_predictions/protenix_gpu/posebusters_benchmark/8E77_ULP/full_base_c1_s20_n1/output/8E77_ULP/seed_101/predictions/8E77_ULP_seed_101_sample_0.cif,A:358,external/PoseBench/data/posebusters_benchmark_set/8E77_ULP/8E77_ULP_protein.pdb,0.30798256397247314,32.610191345214844,0.22584284842014313,0.29155462980270386,22.532489146609496,0.0,67.976,ok,full_base_c1_s20_n1,21.324964572841246,False,24.042536687905326,False,results/posebench_702_predictions/protenix_gpu/posebusters_benchmark/8E77_ULP/full_base_c1_s20_n1/run_status.json,,,,,ok
results/posebench_702_predictions/protenix_gpu/posebusters_benchmark/8EAB_VN2/full_base_c1_s20_n1/output/8EAB_VN2/seed_101/predictions/8EAB_VN2_seed_101_summary_confidence_sample_0.json,posebusters_benchmark,5,results/posebench_702_predictions/protenix_gpu/posebusters_benchmark/8EAB_VN2/full_base_c1_s20_n1/inputs/8EAB_VN2.json,external/PoseBench/data/posebusters_benchmark_set/8EAB_VN2/8EAB_VN2_ligand.sdf,49.0,O=C(N[C@H](C(=O)Nc1cnccc1-c1ccc(C(F)(F)F)cc1)c1cccc(C(F)(F)F)c1)c1cnccc1-c1ccc(C(F)(F)F)cc1,238.0,"A:118,B:120",protenix_base_default_v0.5.0,8EAB_VN2,2.0,49.0,results/posebench_702_predictions/protenix_gpu/posebusters_benchmark/8EAB_VN2/full_base_c1_s20_n1,13.513604178965693,10.0,80.0,49.0,results/posebench_702_predictions/protenix_gpu/posebusters_benchmark/8EAB_VN2/full_base_c1_s20_n1/output/8EAB_VN2/seed_101/predictions/8EAB_VN2_seed_101_sample_0.cif,A:118;B:120,external/PoseBench/data/posebusters_benchmark_set/8EAB_VN2/8EAB_VN2_protein.pdb,0.11450964957475662,34.78899002075195,0.215703085064888,0.13474833965301514,17.1968195684244,0.0,66.869,ok,full_base_c1_s20_n1,9.083150889057233,False,11.961400300615056,False,results/posebench_702_predictions/protenix_gpu/posebusters_benchmark/8EAB_VN2/full_base_c1_s20_n1/run_status.json,,,,,ok
results/posebench_702_predictions/protenix_gpu/posebusters_benchmark/8EAD_UY0/full_base_c1_s20_n1/output/8EAD_UY0/seed_101/predictions/8EAD_UY0_seed_101_summary_confidence_sample_0.json,posebusters_benchmark,6,results/posebench_702_predictions/protenix_gpu/posebusters_benchmark/8EAD_UY0/full_base_c1_s20_n1/inputs/8EAD_UY0.json,external/PoseBench/data/posebusters_benchmark_set/8EAD_UY0/8EAD_UY0_ligand.sdf,38.0,Cc1cnc(Nc2ccc(OCCN3CCCC3)cc2)nc1Nc1ccc(Cl)c(NS(=O)(=O)C(C)(C)C)c1,127.0,A:127,protenix_base_default_v0.5.0,8EAD_UY0,1.0,38.0,results/posebench_702_predictions/protenix_gpu/posebusters_benchmark/8EAD_UY0/full_base_c1_s20_n1,10.442821371238905,10.0,48.0,38.0,results/posebench_702_predictions/protenix_gpu/posebusters_benchmark/8EAD_UY0/full_base_c1_s20_n1/output/8EAD_UY0/seed_101/predictions/8EAD_UY0_seed_101_sample_0.cif,A:127,external/PoseBench/data/posebusters_benchmark_set/8EAD_UY0/8EAD_UY0_protein.pdb,0.22320079803466797,43.15595245361328,0.2594645321369171,0.23045355081558228,16.45519269430076,0.0,67.713,ok,full_base_c1_s20_n1,17.885250776775923,False,21.461654273536357,False,results/posebench_702_predictions/protenix_gpu/posebusters_benchmark/8EAD_UY0/full_base_c1_s20_n1/run_status.json,,,,,ok
results/posebench_702_predictions/protenix_gpu/posebusters_benchmark/8ERS_WQO/full_base_c1_s20_n1/output/8ERS_WQO/seed_101/predictions/8ERS_WQO_seed_101_summary_confidence_sample_0.json,posebusters_benchmark,7,results/posebench_702_predictions/protenix_gpu/posebusters_benchmark/8ERS_WQO/full_base_c1_s20_n1/inputs/8ERS_WQO.json,external/PoseBench/data/posebusters_benchmark_set/8ERS_WQO/8ERS_WQO_ligand.sdf,23.0,Nc1ccc(C(=O)O[C@H]2c3ccccc3C[C@@H]2C(=O)O)c(O)c1,336.0,"A:167,B:169",protenix_base_default_v0.5.0,8ERS_WQO,2.0,23.0,results/posebench_702_predictions/protenix_gpu/posebusters_benchmark/8ERS_WQO/full_base_c1_s20_n1,13.743288074184438,10.0,63.0,23.0,results/posebench_702_predictions/protenix_gpu/posebusters_benchmark/8ERS_WQO/full_base_c1_s20_n1/output/8ERS_WQO/seed_101/predictions/8ERS_WQO_seed_101_sample_0.cif,A:167;B:169,external/PoseBench/data/posebusters_benchmark_set/8ERS_WQO/8ERS_WQO_protein.pdb,0.10628639906644821,33.24591064453125,0.1753978282213211,0.12010867893695831,18.26430093006483,0.0,68.463,ok,full_base_c1_s20_n1,24.53077758771254,False,30.554385833452137,False,results/posebench_702_predictions/protenix_gpu/posebusters_benchmark/8ERS_WQO/full_base_c1_s20_n1/run_status.json,,,,,ok
results/posebench_702_predictions/protenix_gpu/posebusters_benchmark/8EX2_Q2Q/full_base_c1_s20_n1/output/8EX2_Q2Q/seed_101/predictions/8EX2_Q2Q_seed_101_summary_confidence_sample_0.json,posebusters_benchmark,4,results/posebench_702_predictions/protenix_gpu/posebusters_benchmark/8EX2_Q2Q/full_base_c1_s20_n1/inputs/8EX2_Q2Q.json,external/PoseBench/data/posebusters_benchmark_set/8EX2_Q2Q/8EX2_Q2Q_ligand.sdf,26.0,O=C1CC(c2ccccc2)=Nc2c(-c3ccccc3)c(C(F)(F)F)nn21,273.0,A:273,protenix_base_default_v0.5.0,8EX2_Q2Q,1.0,26.0,results/posebench_702_predictions/protenix_gpu/posebusters_benchmark/8EX2_Q2Q/full_base_c1_s20_n1,14.19630537259085,10.0,58.0,26.0,results/posebench_702_predictions/protenix_gpu/posebusters_benchmark/8EX2_Q2Q/full_base_c1_s20_n1/output/8EX2_Q2Q/seed_101/predictions/8EX2_Q2Q_seed_101_sample_0.cif,A:273,external/PoseBench/data/posebusters_benchmark_set/8EX2_Q2Q/8EX2_Q2Q_protein.pdb,0.26114702224731445,30.864498138427734,0.18764474987983704,0.24644656479358673,18.677545417175573,0.0,67.614,ok,full_base_c1_s20_n1,9.095746126195186,False,7.130558502510302,False,results/posebench_702_predictions/protenix_gpu/posebusters_benchmark/8EX2_Q2Q/full_base_c1_s20_n1/run_status.json,,,,,ok
results/posebench_702_predictions/protenix_gpu/posebusters_benchmark/8EXL_799/full_base_c1_s20_n1/output/8EXL_799/seed_101/predictions/8EXL_799_seed_101_summary_confidence_sample_0.json,posebusters_benchmark,5,results/posebench_702_predictions/protenix_gpu/posebusters_benchmark/8EXL_799/full_base_c1_s20_n1/inputs/8EXL_799.json,external/PoseBench/data/posebusters_benchmark_set/8EXL_799/8EXL_799_ligand.sdf,34.0,Cc1nc(-c2cn3c(n2)-c2ccc(-c4cnn(C(C)(C)C(N)=O)c4)cc2OCC3)n(C(C)C)n1,892.0,A:892,protenix_base_default_v0.5.0,8EXL_799,1.0,34.0,results/posebench_702_predictions/protenix_gpu/posebusters_benchmark/8EXL_799/full_base_c1_s20_n1,13.572956550905813,10.0,72.0,34.0,results/posebench_702_predictions/protenix_gpu/posebusters_benchmark/8EXL_799/full_base_c1_s20_n1/output/8EXL_799/seed_101/predictions/8EXL_799_seed_101_sample_0.cif,A:892,external/PoseBench/data/posebusters_benchmark_set/8EXL_799/8EXL_799_protein.pdb,0.21885432302951813,34.30740737915039,0.1846962571144104,0.21202270686626434,27.43377974420303,0.0,82.744,ok,full_base_c1_s20_n1,32.441914591029764,False,32.341697801425624,False,results/posebench_702_predictions/protenix_gpu/posebusters_benchmark/8EXL_799/full_base_c1_s20_n1/run_status.json,,,,,ok
results/posebench_702_predictions/protenix_gpu/posebusters_benchmark/8EYE_X4I/full_base_c1_s20_n1/output/8EYE_X4I/seed_101/predictions/8EYE_X4I_seed_101_summary_confidence_sample_0.json,posebusters_benchmark,6,results/posebench_702_predictions/protenix_gpu/posebusters_benchmark/8EYE_X4I/full_base_c1_s20_n1/inputs/8EYE_X4I.json,external/PoseBench/data/posebusters_benchmark_set/8EYE_X4I/8EYE_X4I_ligand.sdf,33.0,O=C(CNc1cc(F)cc(F)c1)N[C@@H](C(=O)NO)c1ccc(-c2cc(F)c(F)c(F)c2)cc1,889.0,A:889,protenix_base_default_v0.5.0,8EYE_X4I,1.0,33.0,results/posebench_702_predictions/protenix_gpu/posebusters_benchmark/8EYE_X4I/full_base_c1_s20_n1,17.760736066203723,10.0,92.0,33.0,results/posebench_702_predictions/protenix_gpu/posebusters_benchmark/8EYE_X4I/full_base_c1_s20_n1/output/8EYE_X4I/seed_101/predictions/8EYE_X4I_seed_101_sample_0.cif,A:889,external/PoseBench/data/posebusters_benchmark_set/8EYE_X4I/8EYE_X4I_protein.pdb,0.2808467447757721,33.36098098754883,0.18582122027873993,0.26184165477752686,26.467673462943377,0.0,82.799,ok,full_base_c1_s20_n1,11.735496463252652,False,20.65959465833764,False,results/posebench_702_predictions/protenix_gpu/posebusters_benchmark/8EYE_X4I/full_base_c1_s20_n1/run_status.json,,,,,ok
,posebusters_benchmark,6,results/posebench_702_predictions/protenix_gpu/posebusters_benchmark/8F4J_PHO/full_base_c1_s20_n1/inputs/8F4J_PHO.json,external/PoseBench/data/posebusters_benchmark_set/8F4J_PHO/8F4J_PHO_ligand.sdf,64.0,C=Cc1c(C)c2cc3nc(c4c5[nH]c(cc6nc(cc1[nH]2)C(C)=C6CC)c(C)c5C(=O)[C@@H]4C(=O)OC)[C@@H](CCC(=O)OC/C=C(\C)CCC[C@H](C)CCC[C@H](C)CCCC(C)C)[C@@H]3C,,,protenix_base_default_v0.5.0,8F4J_PHO,40.0,,results/posebench_702_predictions/protenix_gpu/posebusters_benchmark/8F4J_PHO/full_base_c1_s20_n1,,,,,,A:334;B:505;C:442;D:341;E:82;F:34;H:65;I:35;J:36;K:37;L:37;M:32;O:244;T:29;U:97;V:137;Y:27;X:38;Z:62;R:34;a:334;b:505;c:451;d:341;e:82;f:34;h:63;i:35;j:36;k:37;l:36;m:31;o:244;t:29;u:97;v:137;y:30;x:39;z:62;r:31,external/PoseBench/data/posebusters_benchmark_set/8F4J_PHO/8F4J_PHO_protein.pdb,,,,,,0.0,96.552,failed_no_prediction_cif,full_base_c1_s20_n1,,,,,results/posebench_702_predictions/protenix_gpu/posebusters_benchmark/8F4J_PHO/full_base_c1_s20_n1/run_status.json,"nish loading checkpoint.

  0%|          | 0/1 [00:00<?, ?it/s]2026-06-11 19:48:21,349 [<REMOTE_PROJECT_ROOT>/envs/protenix/lib/python3.10/site-packages/runner/msa_search.py:109] WARNING runner.msa_search: the inference json file <REMOTE_PROJECT_ROOT>/results/posebench_702_predictions/protenix_gpu/posebusters_benchmark/8F4J_PHO/full_base_c1_s20_n1/inputs/8F4J_PHO.json 
do not contain msa and will not be updated,
and you set not using msa, in this mode, 
if you do not use esm feature, model performance might degrade significantly
2026-06-11 19:48:21,349 [<REMOTE_PROJECT_ROOT>/envs/protenix/lib/python3.10/site-packages/runner/inference.py:279] INFO runner.inference: Loading data from
<REMOTE_PROJECT_ROOT>/results/posebench_702_predictions/protenix_gpu/posebusters_benchmark/8F4J_PHO/full_base_c1_s20_n1/inputs/8F4J_PHO.json
2026-06-11 19:48:22,079 [<REMOTE_PROJECT_ROOT>/envs/protenix/lib/python3.10/site-packages/protenix/data/infer_data_pipeline.py:246] INFO protenix.data.infer_data_pipeline: Featurizing 8F4J_PHO...
2026-06-11 19:48:33,368 [<REMOTE_PROJECT_ROOT>/envs/protenix/lib/python3.10/site-packages/protenix/data/constraint_featurizer.py:381] INFO protenix.data.constraint_featurizer: Loaded constraint feature: #atom contact:0 #contact:0 #pocket:0
2026-06-11 19:48:59,021 [<REMOTE_PROJECT_ROOT>/envs/protenix/lib/python3.10/site-packages/runner/inference.py:303] INFO runner.inference: [Rank 0 (1/1)] 8F4J_PHO: N_asym 41, N_token 5366, N_atom 41663, N_msa 1
2026-06-11 19:49:03,457 [<REMOTE_PROJECT_ROOT>/envs/protenix/lib/python3.10/site-packages/runner/inference.py:329] INFO runner.inference: [Rank 0]8F4J_PHO CUDA out of memory. Tried to allocate 6.48 GiB. GPU :
Traceback (most recent call last):
  File ""<REMOTE_PROJECT_ROOT>/envs/protenix/lib/python3.10/site-packages/runner/inference.py"", line 312, in infer_predict
    prediction = runner.predict(data)
  File ""<REMOTE_PROJECT_ROOT>/envs/protenix/lib/python3.10/site-packages/torch/utils/_contextlib.py"", line 115, in decorate_context
    return func(*args, **kwargs)
  File ""<REMOTE_PROJECT_ROOT>/envs/protenix/lib/python3.10/site-packages/runner/inference.py"", line 152, in predict
    prediction, _, _ = self.model(
  File ""<REMOTE_PROJECT_ROOT>/envs/protenix/lib/python3.10/site-packages/torch/nn/modules/module.py"", line 1532, in _wrapped_call_impl
    return self._call_impl(*args, **kwargs)
  File ""<REMOTE_PROJECT_ROOT>/envs/protenix/lib/python3.10/site-packages/torch/nn/modules/module.py"", line 1541, in _call_impl
    return forward_call(*args, **kwargs)
  File ""<REMOTE_PROJECT_ROOT>/envs/protenix/lib/python3.10/site-packages/protenix/model/protenix.py"", line 722, in forward
    pred_dict, log_dict, time_tracker = self.main_inference_loop(
  File ""<REMOTE_PROJECT_ROOT>/envs/protenix/lib/python3.10/site-packages/protenix/model/protenix.py"", line 338, in main_inference_loop
    pred_dict, log_dict, time_tracker = self._main_inference_loop(
  File ""<REMOTE_PROJECT_ROOT>/envs/protenix/lib/python3.10/site-packages/protenix/model/protenix.py"", line 399, in _main_inference_loop
    s_inputs, s, z = self.get_pairformer_output(
  File ""<REMOTE_PROJECT_ROOT>/envs/protenix/lib/python3.10/site-packages/protenix/model/protenix.py"", line 159, in get_pairformer_output
    s_inputs = self.input_embedder(
  File ""<REMOTE_PROJECT_ROOT>/envs/protenix/lib/python3.10/site-packages/torch/nn/modules/module.py"", line 1532, in _wrapped_call_impl
    return self._call_impl(*args, **kwargs)
  File ""<REMOTE_PROJECT_ROOT>/envs/protenix/lib/python3.10/site-packages/torch/nn/modules/module.py"", line 1541, in _call_impl
    return forward_call(*args, **kwargs)
  File ""<REMOTE_PROJECT_ROOT>/envs/protenix/lib/python3.10/site-packages/protenix/model/modules/embedders.py"", line 85, in forward
    a, _, _, _ = self.atom_attention_encoder(
  File ""<REMOTE_PROJECT_ROOT>/envs/protenix/lib/python3.10/site-packages/torch/nn/modules/module.py"", line 1532, in _wrapped_call_impl
    return self._call_impl(*args, **kwargs)
  File ""<REMOTE_PROJECT_ROOT>/envs/protenix/lib/python3.10/site-packages/torch/nn/modules/module.py"", line 1541, in _call_impl
    return forward_call(*args, **kwargs)
  File ""<REMOTE_PROJECT_ROOT>/envs/protenix/lib/python3.10/site-packages/protenix/model/modules/transformer.py"", line 814, in forward
    q_trunked_list, k_trunked_list, pad_info = rearrange_qk_to_dense_trunk(
  File ""<REMOTE_PROJECT_ROOT>/envs/protenix/lib/python3.10/site-packages/protenix/model/modules/primitives.py"", line 385, in rearrange_qk_to_dense_trunk
    concat_split_data = optimized_concat_split(pad_mask, n_queries)
  File ""<REMOTE_PROJECT_ROOT>/envs/protenix/lib/python3.10/site-packages/protenix/model/modules/primitives.py"", line 427, in optimized_concat_split
    output = permuted.reshape(*attn_bias.shape[:-2], n_queries, num_splits * E)
torch.cuda.OutOfMemoryError: CUDA out of memory. Tried to allocate 6.48 GiB. GPU 


100%|██████████| 1/1 [00:42<00:00, 42.37s/it]
100%|██████████| 1/1 [00:42<00:00, 42.37s/it]
","Try to find the ccd cache data in the code directory for inference.
[2026-06-11 19:47:32,307] [INFO] [real_accelerator.py:219:get_accelerator] Setting ds_accelerator to cuda (auto detect)
train scheduler 16.0
inference scheduler 16.0
Diffusion Module has 16.0
",,,gpu_oom
results/posebench_702_predictions/protenix_gpu/posebusters_benchmark/8F8E_XJI/full_base_c1_s20_n1/output/8F8E_XJI/seed_101/predictions/8F8E_XJI_seed_101_summary_confidence_sample_0.json,posebusters_benchmark,4,results/posebench_702_predictions/protenix_gpu/posebusters_benchmark/8F8E_XJI/full_base_c1_s20_n1/inputs/8F8E_XJI.json,external/PoseBench/data/posebusters_benchmark_set/8F8E_XJI/8F8E_XJI_ligand.sdf,29.0,NC(=O)C[C@H](NC(=O)c1c[nH]nc1-c1ccc(Cl)cc1F)c1ccc(F)c(Cl)c1,593.0,"A:293,B:300",protenix_base_default_v0.5.0,8F8E_XJI,2.0,29.0,results/posebench_702_predictions/protenix_gpu/posebusters_benchmark/8F8E_XJI/full_base_c1_s20_n1,15.961840277079029,10.0,86.0,29.0,results/posebench_702_predictions/protenix_gpu/posebusters_benchmark/8F8E_XJI/full_base_c1_s20_n1/output/8F8E_XJI/seed_101/predictions/8F8E_XJI_seed_101_sample_0.cif,A:293;B:300,external/PoseBench/data/posebusters_benchmark_set/8F8E_XJI/8F8E_XJI_protein.pdb,0.1223999559879303,30.1820011138916,0.1764136403799057,0.1332026869058609,20.483484478136976,0.0,72.241,ok,full_base_c1_s20_n1,22.85799403927054,False,27.569890830560013,False,results/posebench_702_predictions/protenix_gpu/posebusters_benchmark/8F8E_XJI/full_base_c1_s20_n1/run_status.json,,,,,ok
results/posebench_702_predictions/protenix_gpu/posebusters_benchmark/8FAV_4Y5/full_base_c1_s20_n1/output/8FAV_4Y5/seed_101/predictions/8FAV_4Y5_seed_101_summary_confidence_sample_0.json,posebusters_benchmark,5,results/posebench_702_predictions/protenix_gpu/posebusters_benchmark/8FAV_4Y5/full_base_c1_s20_n1/inputs/8FAV_4Y5.json,external/PoseBench/data/posebusters_benchmark_set/8FAV_4Y5/8FAV_4Y5_ligand.sdf,33.0,O=C(O)c1ccc(-c2nn(C(=O)c3c(Cl)cccc3C(F)(F)F)c3cccc(F)c23)c(F)c1,496.0,"A:248,B:248",protenix_base_default_v0.5.0,8FAV_4Y5,2.0,33.0,results/posebench_702_predictions/protenix_gpu/posebusters_benchmark/8FAV_4Y5/full_base_c1_s20_n1,11.98760422472209,10.0,69.0,33.0,results/posebench_702_predictions/protenix_gpu/posebusters_benchmark/8FAV_4Y5/full_base_c1_s20_n1/output/8FAV_4Y5/seed_101/predictions/8FAV_4Y5_seed_101_sample_0.cif,A:248;B:248,external/PoseBench/data/posebusters_benchmark_set/8FAV_4Y5/8FAV_4Y5_protein.pdb,0.11652523279190063,38.82084274291992,0.20406006276607513,0.1340322047472,27.37490416030174,0.0,70.371,ok,full_base_c1_s20_n1,19.50122684417166,False,33.32500294998508,False,results/posebench_702_predictions/protenix_gpu/posebusters_benchmark/8FAV_4Y5/full_base_c1_s20_n1/run_status.json,,,,,ok
results/posebench_702_predictions/protenix_gpu/posebusters_benchmark/8FLN_Y7W/full_base_c1_s20_n1/output/8FLN_Y7W/seed_101/predictions/8FLN_Y7W_seed_101_summary_confidence_sample_0.json,posebusters_benchmark,6,results/posebench_702_predictions/protenix_gpu/posebusters_benchmark/8FLN_Y7W/full_base_c1_s20_n1/inputs/8FLN_Y7W.json,external/PoseBench/data/posebusters_benchmark_set/8FLN_Y7W/8FLN_Y7W_ligand.sdf,34.0,COc1ccc(F)cc1C(=O)NCc1ccc(-c2nn([C@@H](C)C(F)(F)F)c(N)c2C(N)=O)cc1,263.0,A:263,protenix_base_default_v0.5.0,8FLN_Y7W,1.0,34.0,results/posebench_702_predictions/protenix_gpu/posebusters_benchmark/8FLN_Y7W/full_base_c1_s20_n1,14.255238436569806,10.0,88.0,34.0,results/posebench_702_predictions/protenix_gpu/posebusters_benchmark/8FLN_Y7W/full_base_c1_s20_n1/output/8FLN_Y7W/seed_101/predictions/8FLN_Y7W_seed_101_sample_0.cif,A:263,external/PoseBench/data/posebusters_benchmark_set/8FLN_Y7W/8FLN_Y7W_protein.pdb,0.21919997036457062,35.36279296875,0.21759015321731567,0.21887801587581635,18.245868767018703,0.0,66.786,ok,full_base_c1_s20_n1,11.312999326540108,False,13.5482328727633,False,results/posebench_702_predictions/protenix_gpu/posebusters_benchmark/8FLN_Y7W/full_base_c1_s20_n1/run_status.json,,,,,ok
results/posebench_702_predictions/protenix_gpu/posebusters_benchmark/8FLV_ZB9/full_base_c1_s20_n1/output/8FLV_ZB9/seed_101/predictions/8FLV_ZB9_seed_101_summary_confidence_sample_0.json,posebusters_benchmark,7,results/posebench_702_predictions/protenix_gpu/posebusters_benchmark/8FLV_ZB9/full_base_c1_s20_n1/inputs/8FLV_ZB9.json,external/PoseBench/data/posebusters_benchmark_set/8FLV_ZB9/8FLV_ZB9_ligand.sdf,29.0,CN(c1ncnc2[nH]ccc12)[C@@H]1CCCN(C(=O)CNc2cc(Cl)cc(Cl)c2)C1,267.0,A:267,protenix_base_default_v0.5.0,8FLV_ZB9,1.0,29.0,results/posebench_702_predictions/protenix_gpu/posebusters_benchmark/8FLV_ZB9/full_base_c1_s20_n1,12.681513864303056,10.0,76.0,29.0,results/posebench_702_predictions/protenix_gpu/posebusters_benchmark/8FLV_ZB9/full_base_c1_s20_n1/output/8FLV_ZB9/seed_101/predictions/8FLV_ZB9_seed_101_sample_0.cif,A:267,external/PoseBench/data/posebusters_benchmark_set/8FLV_ZB9/8FLV_ZB9_protein.pdb,0.23432192206382751,35.57231521606445,0.2088659256696701,0.22923073172569275,15.80631716323454,0.0,66.301,ok,full_base_c1_s20_n1,11.220105204913937,False,15.075430325737646,False,results/posebench_702_predictions/protenix_gpu/posebusters_benchmark/8FLV_ZB9/full_base_c1_s20_n1/run_status.json,,,,,ok
results/posebench_702_predictions/protenix_gpu/posebusters_benchmark/8FO5_Y4U/full_base_c1_s20_n1/output/8FO5_Y4U/seed_101/predictions/8FO5_Y4U_seed_101_summary_confidence_sample_0.json,posebusters_benchmark,4,results/posebench_702_predictions/protenix_gpu/posebusters_benchmark/8FO5_Y4U/full_base_c1_s20_n1/inputs/8FO5_Y4U.json,external/PoseBench/data/posebusters_benchmark_set/8FO5_Y4U/8FO5_Y4U_ligand.sdf,17.0,CC(=O)c1ccn(S(=O)(=O)c2ccccc2)c1,860.0,"A:216,B:215,C:214,D:215",protenix_base_default_v0.5.0,8FO5_Y4U,4.0,17.0,results/posebench_702_predictions/protenix_gpu/posebusters_benchmark/8FO5_Y4U/full_base_c1_s20_n1,12.609858859751592,10.0,66.0,17.0,results/posebench_702_predictions/protenix_gpu/posebusters_benchmark/8FO5_Y4U/full_base_c1_s20_n1/output/8FO5_Y4U/seed_101/predictions/8FO5_Y4U_seed_101_sample_0.cif,A:216;B:215;C:214;D:215,external/PoseBench/data/posebusters_benchmark_set/8FO5_Y4U/8FO5_Y4U_protein.pdb,0.14318162202835083,30.67552947998047,0.19730313122272491,0.15400592982769012,32.17792841032017,0.0,79.459,ok,full_base_c1_s20_n1,9.463471361508864,False,39.54452699965746,False,results/posebench_702_predictions/protenix_gpu/posebusters_benchmark/8FO5_Y4U/full_base_c1_s20_n1/run_status.json,,,,,ok
results/posebench_702_predictions/protenix_gpu/posebusters_benchmark/8FV9_80J/full_base_c1_s20_n1/output/8FV9_80J/seed_101/predictions/8FV9_80J_seed_101_summary_confidence_sample_0.json,posebusters_benchmark,5,results/posebench_702_predictions/protenix_gpu/posebusters_benchmark/8FV9_80J/full_base_c1_s20_n1/inputs/8FV9_80J.json,external/PoseBench/data/posebusters_benchmark_set/8FV9_80J/8FV9_80J_ligand.sdf,29.0,Nc1ccn([C@@H]2O[C@H](CO[P@@](=O)(O)O[P@](=O)(O)OP(=O)(O)O)[C@@H](O)[C@H]2F)c(=O)n1,1066.0,"A:533,B:533",protenix_base_default_v0.5.0,8FV9_80J,2.0,29.0,results/posebench_702_predictions/protenix_gpu/posebusters_benchmark/8FV9_80J/full_base_c1_s20_n1,14.179346191858828,10.0,59.0,29.0,results/posebench_702_predictions/protenix_gpu/posebusters_benchmark/8FV9_80J/full_base_c1_s20_n1/output/8FV9_80J/seed_101/predictions/8FV9_80J_seed_101_sample_0.cif,A:533;B:533,external/PoseBench/data/posebusters_benchmark_set/8FV9_80J/8FV9_80J_protein.pdb,0.16032281517982483,34.806541442871094,0.23677855730056763,0.17561396956443787,27.530464396811325,0.0,91.017,ok,full_base_c1_s20_n1,10.357846811998515,False,17.110161585463537,False,results/posebench_702_predictions/protenix_gpu/posebusters_benchmark/8FV9_80J/full_base_c1_s20_n1/run_status.json,,,,,ok
,posebusters_benchmark,7,results/posebench_702_predictions/protenix_gpu/posebusters_benchmark/8G0V_YHT/full_base_c1_s20_n1/inputs/8G0V_YHT.json,external/PoseBench/data/posebusters_benchmark_set/8G0V_YHT/8G0V_YHT_ligand.sdf,26.0,C#CCO[P@](=O)(O)OC[C@H]1O[C@@H](n2cnc3c(N)ncnc32)[C@H](O)[C@@H]1O,,,protenix_base_default_v0.5.0,8G0V_YHT,3.0,,results/posebench_702_predictions/protenix_gpu/posebusters_benchmark/8G0V_YHT/full_base_c1_s20_n1,,,,,,A:666;B:665;C:665,external/PoseBench/data/posebusters_benchmark_set/8G0V_YHT/8G0V_YHT_protein.pdb,,,,,,0.0,186.188,failed_no_prediction_cif,full_base_c1_s20_n1,,,,,results/posebench_702_predictions/protenix_gpu/posebusters_benchmark/8G0V_YHT/full_base_c1_s20_n1/run_status.json,"e-packages/protenix/model/protenix.py"", line 338, in main_inference_loop
    pred_dict, log_dict, time_tracker = self._main_inference_loop(
  File ""<REMOTE_PROJECT_ROOT>/envs/protenix/lib/python3.10/site-packages/protenix/model/protenix.py"", line 460, in _main_inference_loop
    ) = self.run_confidence_head(
  File ""<REMOTE_PROJECT_ROOT>/envs/protenix/lib/python3.10/site-packages/protenix/model/protenix.py"", line 303, in run_confidence_head
    return autocasting_disable_decorator(self.configs.skip_amp.confidence_head)(
  File ""<REMOTE_PROJECT_ROOT>/envs/protenix/lib/python3.10/site-packages/protenix/utils/torch_utils.py"", line 219, in new_func
    return func(
  File ""<REMOTE_PROJECT_ROOT>/envs/protenix/lib/python3.10/site-packages/torch/nn/modules/module.py"", line 1532, in _wrapped_call_impl
    return self._call_impl(*args, **kwargs)
  File ""<REMOTE_PROJECT_ROOT>/envs/protenix/lib/python3.10/site-packages/torch/nn/modules/module.py"", line 1541, in _call_impl
    return forward_call(*args, **kwargs)
  File ""<REMOTE_PROJECT_ROOT>/envs/protenix/lib/python3.10/site-packages/protenix/model/modules/confidence.py"", line 211, in forward
    self.memory_efficient_forward(
  File ""<REMOTE_PROJECT_ROOT>/envs/protenix/lib/python3.10/site-packages/protenix/model/modules/confidence.py"", line 301, in memory_efficient_forward
    s_single, z_pair = self.pairformer_stack(
  File ""<REMOTE_PROJECT_ROOT>/envs/protenix/lib/python3.10/site-packages/torch/nn/modules/module.py"", line 1532, in _wrapped_call_impl
    return self._call_impl(*args, **kwargs)
  File ""<REMOTE_PROJECT_ROOT>/envs/protenix/lib/python3.10/site-packages/torch/nn/modules/module.py"", line 1541, in _call_impl
    return forward_call(*args, **kwargs)
  File ""<REMOTE_PROJECT_ROOT>/envs/protenix/lib/python3.10/site-packages/protenix/model/modules/pairformer.py"", line 309, in forward
    s, z = checkpoint_blocks(
  File ""<REMOTE_PROJECT_ROOT>/envs/protenix/lib/python3.10/site-packages/protenix/openfold_local/utils/checkpointing.py"", line 86, in checkpoint_blocks
    return exec(blocks, args)
  File ""<REMOTE_PROJECT_ROOT>/envs/protenix/lib/python3.10/site-packages/protenix/openfold_local/utils/checkpointing.py"", line 73, in exec
    a = wrap(block(*a))
  File ""<REMOTE_PROJECT_ROOT>/envs/protenix/lib/python3.10/site-packages/protenix/model/modules/pairformer.py"", line 259, in clear_cache
    return b(*args, **kwargs)
  File ""<REMOTE_PROJECT_ROOT>/envs/protenix/lib/python3.10/site-packages/torch/nn/modules/module.py"", line 1532, in _wrapped_call_impl
    return self._call_impl(*args, **kwargs)
  File ""<REMOTE_PROJECT_ROOT>/envs/protenix/lib/python3.10/site-packages/torch/nn/modules/module.py"", line 1541, in _call_impl
    return forward_call(*args, **kwargs)
  File ""<REMOTE_PROJECT_ROOT>/envs/protenix/lib/python3.10/site-packages/protenix/model/modules/pairformer.py"", line 145, in forward
    z += self.tri_att_end(
  File ""<REMOTE_PROJECT_ROOT>/envs/protenix/lib/python3.10/site-packages/torch/nn/modules/module.py"", line 1532, in _wrapped_call_impl
    return self._call_impl(*args, **kwargs)
  File ""<REMOTE_PROJECT_ROOT>/envs/protenix/lib/python3.10/site-packages/torch/nn/modules/module.py"", line 1541, in _call_impl
    return forward_call(*args, **kwargs)
  File ""<REMOTE_PROJECT_ROOT>/envs/protenix/lib/python3.10/site-packages/protenix/openfold_local/model/triangular_attention.py"", line 124, in forward
    x = self._chunk(
  File ""<REMOTE_PROJECT_ROOT>/envs/protenix/lib/python3.10/site-packages/protenix/openfold_local/model/triangular_attention.py"", line 71, in _chunk
    return chunk_layer(
  File ""<REMOTE_PROJECT_ROOT>/envs/protenix/lib/python3.10/site-packages/protenix/openfold_local/utils/chunk_utils.py"", line 272, in chunk_layer
    output_chunk = layer(**chunks)
  File ""<REMOTE_PROJECT_ROOT>/envs/protenix/lib/python3.10/site-packages/torch/nn/modules/module.py"", line 1532, in _wrapped_call_impl
    return self._call_impl(*args, **kwargs)
  File ""<REMOTE_PROJECT_ROOT>/envs/protenix/lib/python3.10/site-packages/torch/nn/modules/module.py"", line 1541, in _call_impl
    return forward_call(*args, **kwargs)
  File ""<REMOTE_PROJECT_ROOT>/envs/protenix/lib/python3.10/site-packages/protenix/openfold_local/model/primitives.py"", line 578, in forward
    o = _attention(q, k, v, biases)
  File ""<REMOTE_PROJECT_ROOT>/envs/protenix/lib/python3.10/site-packages/protenix/openfold_local/model/primitives.py"", line 334, in _attention
    a = softmax_no_cast(a, -1)
  File ""<REMOTE_PROJECT_ROOT>/envs/protenix/lib/python3.10/site-packages/protenix/openfold_local/model/primitives.py"", line 313, in softmax_no_cast
    s = torch.nn.functional.softmax(t, dim=dim)
  File ""<REMOTE_PROJECT_ROOT>/envs/protenix/lib/python3.10/site-packages/torch/nn/functional.py"", line 1885, in softmax
    ret = input.softmax(dim)
torch.cuda.OutOfMemoryError: CUDA out of memory. Tried to allocate 3.90 GiB. GPU 


100%|██████████| 1/1 [02:13<00:00, 133.11s/it]
100%|██████████| 1/1 [02:13<00:00, 133.11s/it]
","Try to find the ccd cache data in the code directory for inference.
[2026-06-11 19:47:52,064] [INFO] [real_accelerator.py:219:get_accelerator] Setting ds_accelerator to cuda (auto detect)
train scheduler 16.0
inference scheduler 16.0
Diffusion Module has 16.0
",,,gpu_oom
results/posebench_702_predictions/protenix_gpu/posebusters_benchmark/8G43_ZU6/full_base_c1_s20_n1/output/8G43_ZU6/seed_101/predictions/8G43_ZU6_seed_101_summary_confidence_sample_0.json,posebusters_benchmark,7,results/posebench_702_predictions/protenix_gpu/posebusters_benchmark/8G43_ZU6/full_base_c1_s20_n1/inputs/8G43_ZU6.json,external/PoseBench/data/posebusters_benchmark_set/8G43_ZU6/8G43_ZU6_ligand.sdf,21.0,CNC(=O)Cn1c(CCC(=O)O)nc2ccccc2c1=O,99.0,A:99,protenix_base_default_v0.5.0,8G43_ZU6,1.0,21.0,results/posebench_702_predictions/protenix_gpu/posebusters_benchmark/8G43_ZU6/full_base_c1_s20_n1,10.022174271753832,10.0,42.0,21.0,results/posebench_702_predictions/protenix_gpu/posebusters_benchmark/8G43_ZU6/full_base_c1_s20_n1/output/8G43_ZU6/seed_101/predictions/8G43_ZU6_seed_101_sample_0.cif,A:99,external/PoseBench/data/posebusters_benchmark_set/8G43_ZU6/8G43_ZU6_protein.pdb,0.14671580493450165,37.406219482421875,0.20743057131767273,0.1588587611913681,12.032075611145038,0.0,66.105,ok,full_base_c1_s20_n1,10.947096355300339,False,11.401353723524204,False,results/posebench_702_predictions/protenix_gpu/posebusters_benchmark/8G43_ZU6/full_base_c1_s20_n1/run_status.json,,,,,ok
results/posebench_702_predictions/protenix_gpu/posebusters_benchmark/8G6P_API/full_base_c1_s20_n1/output/8G6P_API/seed_101/predictions/8G6P_API_seed_101_summary_confidence_sample_0.json,posebusters_benchmark,4,results/posebench_702_predictions/protenix_gpu/posebusters_benchmark/8G6P_API/full_base_c1_s20_n1/inputs/8G6P_API.json,external/PoseBench/data/posebusters_benchmark_set/8G6P_API/8G6P_API_ligand.sdf,13.0,N[C@H](CCC[C@H](N)C(=O)O)C(=O)O,507.0,A:507,protenix_base_default_v0.5.0,8G6P_API,1.0,13.0,results/posebench_702_predictions/protenix_gpu/posebusters_benchmark/8G6P_API/full_base_c1_s20_n1,9.043865368875228,10.0,49.0,13.0,results/posebench_702_predictions/protenix_gpu/posebusters_benchmark/8G6P_API/full_base_c1_s20_n1/output/8G6P_API/seed_101/predictions/8G6P_API_seed_101_sample_0.cif,A:507,external/PoseBench/data/posebusters_benchmark_set/8G6P_API/8G6P_API_protein.pdb,0.30003729462623596,37.56452178955078,0.33605048060417175,0.30723994970321655,18.61209065019149,0.0,67.397,ok,full_base_c1_s20_n1,7.52654947387418,False,14.997018646892899,False,results/posebench_702_predictions/protenix_gpu/posebusters_benchmark/8G6P_API/full_base_c1_s20_n1/run_status.json,,,,,ok
results/posebench_702_predictions/protenix_gpu/posebusters_benchmark/8GFD_ZHR/full_base_c1_s20_n1/output/8GFD_ZHR/seed_101/predictions/8GFD_ZHR_seed_101_summary_confidence_sample_0.json,posebusters_benchmark,5,results/posebench_702_predictions/protenix_gpu/posebusters_benchmark/8GFD_ZHR/full_base_c1_s20_n1/inputs/8GFD_ZHR.json,external/PoseBench/data/posebusters_benchmark_set/8GFD_ZHR/8GFD_ZHR_ligand.sdf,26.0,CC(=O)N[C@H]1[C@H](OCCc2ccc3occc3c2)O[C@H](CO)[C@@H](O)[C@@H]1O,512.0,A:512,protenix_base_default_v0.5.0,8GFD_ZHR,1.0,26.0,results/posebench_702_predictions/protenix_gpu/posebusters_benchmark/8GFD_ZHR/full_base_c1_s20_n1,14.09562332161141,10.0,63.0,26.0,results/posebench_702_predictions/protenix_gpu/posebusters_benchmark/8GFD_ZHR/full_base_c1_s20_n1/output/8GFD_ZHR/seed_101/predictions/8GFD_ZHR_seed_101_sample_0.cif,A:512,external/PoseBench/data/posebusters_benchmark_set/8GFD_ZHR/8GFD_ZHR_protein.pdb,0.26934555172920227,29.718833923339844,0.19357004761695862,0.25419044494628906,24.083840682103922,0.0,68.848,ok,full_base_c1_s20_n1,10.142899970239286,False,11.657643576531031,False,results/posebench_702_predictions/protenix_gpu/posebusters_benchmark/8GFD_ZHR/full_base_c1_s20_n1/run_status.json,,,,,ok
results/posebench_702_predictions/protenix_gpu/posebusters_benchmark/8H0M_2EH/full_base_c1_s20_n1/output/8H0M_2EH/seed_101/predictions/8H0M_2EH_seed_101_summary_confidence_sample_0.json,posebusters_benchmark,4,results/posebench_702_predictions/protenix_gpu/posebusters_benchmark/8H0M_2EH/full_base_c1_s20_n1/inputs/8H0M_2EH.json,external/PoseBench/data/posebusters_benchmark_set/8H0M_2EH/8H0M_2EH_ligand.sdf,9.0,CCCC[C@H](CC)CO,392.0,A:392,protenix_base_default_v0.5.0,8H0M_2EH,1.0,9.0,results/posebench_702_predictions/protenix_gpu/posebusters_benchmark/8H0M_2EH/full_base_c1_s20_n1,16.339437575650695,10.0,62.0,9.0,results/posebench_702_predictions/protenix_gpu/posebusters_benchmark/8H0M_2EH/full_base_c1_s20_n1/output/8H0M_2EH/seed_101/predictions/8H0M_2EH_seed_101_sample_0.cif,A:392,external/PoseBench/data/posebusters_benchmark_set/8H0M_2EH/8H0M_2EH_protein.pdb,0.3002445697784424,35.1909294128418,0.27444514632225037,0.295084685087204,23.98335949485599,0.0,68.56,ok,full_base_c1_s20_n1,7.100337672488213,False,8.5170911679802,False,results/posebench_702_predictions/protenix_gpu/posebusters_benchmark/8H0M_2EH/full_base_c1_s20_n1/run_status.json,,,,,ok
results/posebench_702_predictions/protenix_gpu/posebusters_benchmark/8HFN_XGC/full_base_c1_s20_n1/output/8HFN_XGC/seed_101/predictions/8HFN_XGC_seed_101_summary_confidence_sample_0.json,posebusters_benchmark,7,results/posebench_702_predictions/protenix_gpu/posebusters_benchmark/8HFN_XGC/full_base_c1_s20_n1/inputs/8HFN_XGC.json,external/PoseBench/data/posebusters_benchmark_set/8HFN_XGC/8HFN_XGC_ligand.sdf,24.0,COc1ccc(-c2cccc(S(=O)(=O)NC(=O)[C@@H](N)CS)c2)cn1,413.0,A:413,protenix_base_default_v0.5.0,8HFN_XGC,1.0,24.0,results/posebench_702_predictions/protenix_gpu/posebusters_benchmark/8HFN_XGC/full_base_c1_s20_n1,15.099669035260657,10.0,83.0,24.0,results/posebench_702_predictions/protenix_gpu/posebusters_benchmark/8HFN_XGC/full_base_c1_s20_n1/output/8HFN_XGC/seed_101/predictions/8HFN_XGC_seed_101_sample_0.cif,A:413,external/PoseBench/data/posebusters_benchmark_set/8HFN_XGC/8HFN_XGC_protein.pdb,0.234103262424469,32.31883239746094,0.21043235063552856,0.22936907410621643,21.74468647089272,0.0,66.916,ok,full_base_c1_s20_n1,6.0293536228840265,False,5.28929243525906,False,results/posebench_702_predictions/protenix_gpu/posebusters_benchmark/8HFN_XGC/full_base_c1_s20_n1/run_status.json,,,,,ok
results/posebench_702_predictions/protenix_gpu/posebusters_benchmark/8HO0_3ZI/full_base_c1_s20_n1/output/8HO0_3ZI/seed_101/predictions/8HO0_3ZI_seed_101_summary_confidence_sample_0.json,posebusters_benchmark,4,results/posebench_702_predictions/protenix_gpu/posebusters_benchmark/8HO0_3ZI/full_base_c1_s20_n1/inputs/8HO0_3ZI.json,external/PoseBench/data/posebusters_benchmark_set/8HO0_3ZI/8HO0_3ZI_ligand.sdf,22.0,O=C1N[C@@H](Cc2c[nH]c3c(F)cccc23)C(=O)N2CCC[C@@H]12,391.0,A:391,protenix_base_default_v0.5.0,8HO0_3ZI,1.0,22.0,results/posebench_702_predictions/protenix_gpu/posebusters_benchmark/8HO0_3ZI/full_base_c1_s20_n1,16.34782325200112,10.0,81.0,22.0,results/posebench_702_predictions/protenix_gpu/posebusters_benchmark/8HO0_3ZI/full_base_c1_s20_n1/output/8HO0_3ZI/seed_101/predictions/8HO0_3ZI_seed_101_sample_0.cif,A:391,external/PoseBench/data/posebusters_benchmark_set/8HO0_3ZI/8HO0_3ZI_protein.pdb,0.3193169832229614,38.09732437133789,0.27531665563583374,0.31051692366600037,23.357399226378632,0.0,65.768,ok,full_base_c1_s20_n1,11.580610567480804,False,6.688633528062359,False,results/posebench_702_predictions/protenix_gpu/posebusters_benchmark/8HO0_3ZI/full_base_c1_s20_n1/run_status.json,,,,,ok
results/posebench_702_predictions/protenix_gpu/posebusters_benchmark/8SLG_G5A/full_base_c1_s20_n1/output/8SLG_G5A/seed_101/predictions/8SLG_G5A_seed_101_summary_confidence_sample_0.json,posebusters_benchmark,5,results/posebench_702_predictions/protenix_gpu/posebusters_benchmark/8SLG_G5A/full_base_c1_s20_n1/inputs/8SLG_G5A.json,external/PoseBench/data/posebusters_benchmark_set/8SLG_G5A/8SLG_G5A_ligand.sdf,27.0,NCC(=O)NS(=O)(=O)OC[C@H]1O[C@@H](n2cnc3c(N)ncnc32)[C@H](O)[C@@H]1O,876.0,"A:429,B:447",protenix_base_default_v0.5.0,8SLG_G5A,2.0,27.0,results/posebench_702_predictions/protenix_gpu/posebusters_benchmark/8SLG_G5A/full_base_c1_s20_n1,16.38754553813892,10.0,87.0,27.0,results/posebench_702_predictions/protenix_gpu/posebusters_benchmark/8SLG_G5A/full_base_c1_s20_n1/output/8SLG_G5A/seed_101/predictions/8SLG_G5A_seed_101_sample_0.cif,A:429;B:447,external/PoseBench/data/posebusters_benchmark_set/8SLG_G5A/8SLG_G5A_protein.pdb,0.13380290567874908,31.822017669677734,0.18259508907794952,0.14356134831905365,27.950524535437864,0.0,76.875,ok,full_base_c1_s20_n1,15.122615722416674,False,18.49484635333044,False,results/posebench_702_predictions/protenix_gpu/posebusters_benchmark/8SLG_G5A/full_base_c1_s20_n1/run_status.json,,,,,ok
