_group_id,memory_bin,ligand_novel,protein_novel,temporal_recent,temporal_2024,joint_low_ligand_protein_ood,joint_low_ligand_protein_temporal_ood,failure_label
af3|5s9l__1__1.A__1.H_1.I|1.H,high,True,False,False,False,False,False,0
af3|5s9y__1__1.A__1.K|1.K,low,True,True,False,False,True,False,1
af3|5s9z__1__1.A_1.B__1.R|1.R,mid,True,False,False,False,False,False,1
af3|5sb2__1__1.A__1.G|1.G,mid,True,True,False,False,False,False,0
af3|5scm__1__1.A__1.F_1.G_1.H_1.I|1.I,high,False,False,False,False,False,False,0
af3|5scn__1__1.A__1.B_1.C|1.C,high,False,False,False,False,False,False,0
af3|5se0__1__1.A__1.G|1.G,mid,True,True,False,False,False,False,1
af3|5sea__1__1.A__1.G|1.G,mid,True,True,False,False,False,False,1
af3|5see__1__1.A__1.E|1.E,mid,True,True,False,False,False,False,1
af3|5sf4__1__1.A__1.G|1.G,mid,True,True,False,False,False,False,1
af3|5sf7__1__1.A__1.G|1.G,mid,True,True,False,False,False,False,0
af3|5sfg__1__1.A__1.G|1.G,mid,True,True,False,False,False,False,0
af3|5sg5__1__1.A__1.G|1.G,mid,True,True,False,False,False,False,0
af3|5sgz__1__1.A__1.G|1.G,mid,True,True,False,False,False,False,0
af3|5shc__1__1.A__1.G|1.G,mid,True,True,False,False,False,False,0
af3|5shg__1__1.A__1.G|1.G,mid,True,True,False,False,False,False,0
af3|5shw__1__1.A__1.G|1.G,mid,True,True,False,False,False,False,1
af3|5si5__1__1.A__1.G|1.G,mid,True,True,False,False,False,False,0
af3|5si8__1__1.A__1.G|1.G,mid,True,True,False,False,False,False,1
af3|5si9__1__1.A__1.G|1.G,mid,True,True,False,False,False,False,0
af3|5sig__1__1.A__1.G|1.G,mid,True,True,False,False,False,False,0
af3|5siq__1__1.A__1.H|1.H,mid,True,True,False,False,False,False,0
af3|5sk9__1__1.A__1.G|1.G,mid,True,True,False,False,False,False,0
af3|5sko__1__1.A__1.G|1.G,mid,True,True,False,False,False,False,0
af3|5skr__1__1.A__1.G|1.G,mid,True,False,False,False,False,False,0
af3|5umb__1__1.A__1.E_1.F_1.G|1.G,high,False,False,False,False,False,False,0
af3|6x4j__1__1.A_2.A__2.B_2.C_2.D_2.E|2.C,high,False,False,False,False,False,False,0
af3|6x4k__1__1.A_2.A__1.B_1.C_1.D_1.E|1.C,high,False,False,False,False,False,False,0
af3|6x4l__1__1.A_2.A__2.B_2.C_2.D_2.E|2.C,high,False,False,False,False,False,False,0
af3|6zfz__1__1.A__1.B|1.B,mid,True,True,False,False,False,False,0
af3|6zg9__1__1.A__1.B|1.B,mid,True,True,False,False,False,False,0
af3|7afz__1__2.A__2.B_2.C_2.D|2.D,mid,True,True,False,False,False,False,0
af3|7an8__1__1.B__1.E|1.E,mid,True,True,False,False,False,False,0
af3|7aya__1__1.A__1.H_1.N_1.U|1.U,high,True,False,False,False,False,False,0
af3|7b3p__1__1.A__1.G|1.G,mid,True,False,False,False,False,False,0
af3|7bbn__1__1.B__1.E_1.F|1.E,high,False,False,False,False,False,False,0
af3|7bia__1__1.A_1.B__1.D_1.E|1.D,high,False,False,False,False,False,False,0
af3|7bk9__1__1.A_2.A__2.F|2.F,mid,True,False,False,False,False,False,1
af3|7bm3__1__1.A__1.M_1.P|1.P,mid,True,False,False,False,False,False,1
af3|7bn6__1__1.A__1.C_1.D|1.D,high,False,False,False,False,False,False,0
af3|7bn7__1__1.A__1.E_1.F|1.E,high,False,False,False,False,False,False,0
af3|7bo0__1__1.A__1.C_1.D|1.D,high,False,False,False,False,False,False,0
af3|7dbj__1__1.A__1.E_1.F|1.E,high,False,False,False,False,False,False,0
af3|7dbj__1__1.A__1.E_1.F|1.F,high,False,False,False,False,False,False,0
af3|7di7__1__1.A__1.D|1.D,low,True,True,False,False,True,False,1
af3|7dia__1__1.A__1.D_1.E_1.G|1.E,low,True,True,False,False,True,False,1
af3|7dij__1__1.A__1.F_1.J|1.J,low,True,True,False,False,True,False,0
af3|7dji__1__1.D_1.E__1.L|1.L,mid,True,True,False,False,False,False,0
af3|7dpk__1__1.A_1.B__1.C_1.D|1.C,high,True,False,False,False,False,False,0
af3|7du9__1__1.A_1.B__1.D|1.D,high,True,False,False,False,False,False,0
af3|7dw7__1__1.A__1.B_1.JB_1.KB_1.LB|1.B,high,False,False,False,False,False,False,0
af3|7dxl__1__1.A__1.C|1.C,mid,True,False,False,False,False,False,0
af3|7dyw__1__1.A__1.B_1.C|1.B,mid,True,False,False,False,False,False,0
af3|7e1n__1__1.A_1.B__1.D|1.D,low,True,True,False,False,True,False,0
af3|7e48__1__1.C__1.J_1.K|1.J,high,False,False,False,False,False,False,0
af3|7eba__1__1.A__1.C|1.C,mid,True,True,False,False,False,False,1
af3|7edz__1__1.A_2.A__1.E_1.G_1.I|1.E,mid,False,True,False,False,False,False,0
af3|7eer__1__2.A__2.E_2.F|2.E,high,False,False,False,False,False,False,0
af3|7ef7__1__1.A__1.B_1.C|1.C,mid,True,True,False,False,False,False,0
af3|7ei4__1__1.A_1.B_1.C__1.F|1.F,mid,True,False,False,False,False,False,1
af3|7eji__1__1.D__1.V_1.W|1.W,mid,True,True,False,False,False,False,1
af3|7ejv__1__1.B__1.D|1.D,mid,True,True,False,False,False,False,0
af3|7en5__1__1.A_3.A_4.A__3.B|3.B,mid,False,True,False,False,False,False,1
af3|7ene__1__1.A_1.B__1.E|1.E,mid,True,False,False,False,False,False,1
af3|7ens__1__2.A__2.B_2.C_2.D|2.D,high,True,False,False,False,False,False,0
af3|7erb__1__1.A__1.E_1.F|1.E,high,False,False,False,False,False,False,0
af3|7ere__1__1.A_1.B__1.G_1.I|1.G,mid,True,True,False,False,False,False,1
af3|7es1__1__1.A__1.C|1.C,mid,True,True,False,False,False,False,0
af3|7evu__1__1.B__1.E_1.F|1.F,mid,True,False,False,False,False,False,0
af3|7evv__1__1.A__1.B_1.C|1.C,high,False,False,False,False,False,False,0
af3|7exp__1__1.B__1.H_1.I|1.H,high,False,False,False,False,False,False,0
af3|7eyt__1__1.A_1.C__1.E_1.F_1.G|1.F,mid,True,True,False,False,False,False,1
af3|7eyu__1__1.A_1.B__1.C_1.D_1.E|1.D,mid,True,True,False,False,False,False,1
af3|7f21__1__1.A__1.C_1.D|1.C,high,False,False,False,False,False,False,1
af3|7f22__1__1.B__1.E_1.F|1.E,high,False,False,False,False,False,False,0
af3|7f22__1__1.B__1.E_1.F|1.F,high,False,False,False,False,False,False,0
af3|7f35__1__1.A_1.B__1.G|1.G,mid,True,False,False,False,False,False,1
af3|7f42__1__1.B__1.C|1.C,mid,True,False,False,False,False,False,1
af3|7f50__1__1.A__1.B_1.C_1.E|1.E,high,False,False,False,False,False,False,0
af3|7f6j__1__1.A__1.D_1.E|1.E,high,False,False,False,False,False,False,0
af3|7f6w__1__2.A__2.B|2.B,high,False,False,False,False,False,False,0
af3|7f7m__1__1.A__1.C_1.D|1.C,mid,True,False,False,False,False,False,1
af3|7f83__1__1.B__1.J|1.J,low,True,True,False,False,True,False,1
af3|7f8t__1__1.A__1.L_1.M|1.M,high,False,False,False,False,False,False,0
af3|7f99__1__1.B__1.L_1.O|1.O,high,False,False,False,False,False,False,0
af3|7f9a__1__1.A__1.C_1.O|1.O,high,False,False,False,False,False,False,0
af3|7f9b__1__1.A__1.C_1.I|1.I,high,False,False,False,False,False,False,0
af3|7fak__1__1.A__1.B|1.B,mid,True,False,True,False,False,False,0
af3|7fan__1__1.A__1.B_1.C|1.B,mid,True,False,False,False,False,False,0
af3|7fan__1__1.A__1.B_1.C|1.C,high,False,False,False,False,False,False,0
af3|7far__1__1.A__1.B_1.C_1.D|1.D,mid,True,True,False,False,False,False,0
af3|7fee__1__1.A__1.D|1.D,high,True,False,False,False,False,False,0
af3|7fee__1__1.A__1.E|1.E,low,True,True,False,False,True,False,1
af3|7fgm__1__1.A__1.C_1.D_1.E|1.C,high,False,False,False,False,False,False,0
af3|7fgw__1__1.A__1.E_1.F_1.G|1.E,high,False,False,False,False,False,False,0
af3|7fha__1__1.A__1.C|1.C,high,False,False,False,False,False,False,0
af3|7fhb__1__1.A__1.B|1.B,high,False,False,False,False,False,False,0
af3|7fsd__1__1.A__1.I|1.I,high,False,False,True,False,False,False,1
af3|7ftr__1__1.A__1.C_1.D_1.E_1.G|1.G,mid,True,False,True,True,False,False,1
af3|7ftu__1__1.A__1.C_1.D_1.E_1.G|1.G,mid,True,True,True,True,False,False,1
af3|7fu7__1__1.A__1.C|1.C,mid,True,True,True,True,False,False,1
af3|7fu8__1__1.A__1.C|1.C,mid,True,True,True,True,False,False,1
af3|7fuc__1__1.A__1.C|1.C,mid,True,True,True,True,False,False,1
af3|7fuf__1__1.A__1.C|1.C,mid,True,True,True,True,False,False,1
af3|7fum__1__1.A__1.C|1.C,mid,True,True,True,True,False,False,1
af3|7fur__1__1.A__1.C_1.D_1.E_1.F|1.E,high,False,False,True,True,False,False,1
af3|7fur__1__1.A__1.C_1.D_1.E_1.F|1.F,mid,True,False,True,True,False,False,1
af3|7fwi__1__1.A__1.D|1.D,mid,True,False,True,False,False,False,1
af3|7fy8__1__1.A__1.I_1.J|1.I,mid,True,False,True,False,False,False,1
af3|7fyr__1__1.A__1.B|1.B,mid,True,True,True,False,False,False,1
af3|7fz3__1__1.A__1.B|1.B,mid,True,False,True,False,False,False,0
af3|7g00__1__1.A__1.Q|1.Q,mid,True,False,True,False,False,False,0
af3|7g0g__1__1.A__1.B|1.B,mid,True,True,True,False,False,False,1
af3|7g1j__1__1.A__1.B|1.B,mid,True,False,True,False,False,False,1
af3|7g20__1__1.A__1.B|1.B,mid,True,True,True,False,False,False,1
af3|7ge9__1__1.A_2.A__1.E|1.E,high,True,False,True,False,False,False,0
af3|7gis__1__1.A_1.B__1.E_1.F|1.F,high,True,False,True,False,False,False,0
af3|7jni__1__1.A__1.C|1.C,low,True,True,False,False,True,False,1
af3|7kh4__1__1.A_1.F__1.G_1.W|1.G,high,False,False,False,False,False,False,0
af3|7l00__1__1.B__1.J_1.K_1.L|1.K,mid,True,False,False,False,False,False,0
af3|7l3m__1__1.A__1.B_1.D_1.E_1.F_1.G|1.E,high,False,False,False,False,False,False,0
af3|7ldy__1__1.A_1.B__1.H|1.H,high,False,False,False,False,False,False,0
af3|7le5__1__1.A_1.B__1.H|1.H,high,False,False,False,False,False,False,0
af3|7lff__1__1.A__1.C_1.D|1.C,high,False,False,False,False,False,False,0
af3|7lgx__1__2.B__2.F_2.H|2.F,high,True,False,False,False,False,False,0
af3|7lgx__1__2.B__2.F_2.H|2.H,high,False,False,False,False,False,False,0
af3|7lov__1__1.A__1.C_1.D_1.H|1.D,high,False,False,False,False,False,False,0
af3|7lpw__1__1.A_1.B__1.G|1.G,mid,True,True,False,False,False,False,1
af3|7lr9__1__1.A__1.C|1.C,high,True,False,False,False,False,False,1
af3|7ltt__1__1.A_1.C_1.D__1.E_1.L_1.M|1.L,high,False,False,False,False,False,False,0
af3|7ltx__1__1.A__1.E_1.F_1.G|1.E,high,False,False,False,False,False,False,0
af3|7ly6__1__1.A_2.A__1.B_1.C_1.D|1.B,low,True,True,False,False,True,False,1
af3|7ly6__1__1.A_2.A__1.B_1.C_1.D|1.C,mid,False,True,False,False,False,False,0
af3|7m9g__1__1.A_1.B__1.E|1.E,high,False,False,False,False,False,False,0
af3|7m9h__1__1.A_1.B__1.E|1.E,high,False,False,False,False,False,False,0
af3|7m9r__1__1.A_1.B__1.C|1.C,high,False,False,False,False,False,False,0
af3|7ma0__1__1.A_1.B__1.I|1.I,high,False,False,False,False,False,False,0
af3|7ma1__1__1.A_1.B__1.M|1.M,high,False,False,False,False,False,False,0
af3|7ma3__1__1.A_1.B__1.E|1.E,high,False,False,False,False,False,False,0
af3|7ma4__1__1.A_1.B__1.D|1.D,high,False,False,False,False,False,False,0
af3|7ma5__1__1.A_1.B__1.G|1.G,high,False,False,False,False,False,False,0
af3|7ma7__1__1.A_1.B__1.E|1.E,high,False,False,False,False,False,False,0
af3|7ma8__1__1.A_1.B__1.E|1.E,high,False,False,False,False,False,False,0
af3|7maq__1__1.A_1.B__1.C|1.C,high,False,False,False,False,False,False,0
af3|7mjd__1__1.B__1.S|1.S,mid,True,False,False,False,False,False,1
af3|7mmr__1__1.A_1.E__1.BA_1.CA_1.K|1.BA,high,False,False,False,False,False,False,0
af3|7mt4__1__2.A_2.B__2.C|2.C,high,False,False,False,False,False,False,0
af3|7mwn__1__1.A_1.B__1.C|1.C,mid,True,False,False,False,False,False,0
af3|7mwt__1__1.A__1.B_1.C|1.B,high,False,False,False,False,False,False,0
af3|7mwu__1__1.A__1.B_1.C|1.B,high,False,False,False,False,False,False,0
af3|7mwv__1__1.A__1.B_1.C|1.B,high,False,False,False,False,False,False,0
af3|7myd__1__1.A__1.C_1.G|1.C,high,False,False,False,False,False,False,0
af3|7n4z__1__1.A__1.F|1.F,mid,True,True,False,False,False,False,1
af3|7n53__1__1.A__1.D|1.D,mid,True,True,False,False,False,False,1
af3|7n54__1__1.B__1.H|1.H,mid,True,False,False,False,False,False,0
af3|7nag__1__1.A__1.C|1.C,mid,True,True,False,False,False,False,1
af3|7nah__1__1.A__1.C|1.C,mid,True,True,False,False,False,False,1
af3|7nai__1__1.A__1.C|1.C,mid,True,True,False,False,False,False,1
af3|7ng1__1__2.A__2.C_2.D|2.C,mid,True,True,False,False,False,False,1
af3|7ngs__1__1.A__1.B|1.B,high,False,False,False,False,False,False,0
af3|7ngy__1__2.A__2.B|2.B,high,False,False,False,False,False,False,0
af3|7nlv__1__1.A_1.C__1.G|1.G,high,True,False,False,False,False,False,0
af3|7nsn__1__1.A__1.J|1.J,low,True,True,False,False,True,False,1
af3|7nwc__1__1.A_1.B__1.G|1.G,mid,True,False,False,False,False,False,1
af3|7nya__1__1.A_1.B__1.F|1.F,mid,True,True,False,False,False,False,1
af3|7nzy__1__1.A__1.E|1.E,mid,True,True,False,False,False,False,1
af3|7o46__1__1.A_2.A__1.B|1.B,mid,True,False,False,False,False,False,0
af3|7oa4__1__1.A__1.E_1.F_1.H_1.I|1.E,mid,True,True,False,False,False,False,1
af3|7ocs__1__1.D__1.BB|1.BB,mid,False,True,False,False,False,False,1
af3|7oj6__1__1.A_1.C__1.Y|1.Y,mid,True,False,False,False,False,False,1
af3|7ojw__1__1.A_1.C__1.F|1.F,mid,True,False,False,False,False,False,1
af3|7ojy__1__1.A_1.B__1.D|1.D,mid,True,False,False,False,False,False,1
af3|7ok1__1__1.A_1.B__1.D|1.D,mid,True,False,False,False,False,False,0
af3|7oll__1__1.A_2.A__2.B_2.C_2.D|2.C,high,True,False,False,False,False,False,0
af3|7olr__1__1.A_2.A__2.B_2.C_2.D|2.C,high,False,False,False,False,False,False,0
af3|7ome__1__1.A__1.B|1.B,mid,True,True,False,False,False,False,1
af3|7onf__1__1.A_2.A__1.C|1.C,high,False,False,False,False,False,False,0
af3|7osq__1__1.A__1.B_1.C|1.B,high,False,False,False,False,False,False,0
af3|7p1e__1__1.A__1.C_1.G|1.C,low,False,True,False,False,False,False,1
af3|7p1u__1__1.A__1.C_1.D|1.C,high,False,False,False,False,False,False,0
af3|7p2t__1__1.A__1.E_1.H|1.H,mid,True,False,False,False,False,False,1
af3|7p4o__1__1.A__1.C_1.F|1.F,mid,True,True,False,False,False,False,1
af3|7p50__1__1.A_1.B__1.D_1.E_1.F|1.F,high,False,False,False,False,False,False,0
af3|7p5n__1__1.A__1.C|1.C,high,True,False,False,False,False,False,1
af3|7pcm__1__1.A_1.B__1.F_1.I_1.J_1.K|1.F,mid,True,True,False,False,False,False,0
af3|7pco__1__1.A_1.B__1.F_1.H_1.I_1.J|1.F,mid,True,True,False,False,False,False,0
af3|7pd6__1__1.A_1.B__1.K|1.K,mid,True,True,False,False,False,False,1
af3|7pdt__1__1.A__1.E|1.E,high,True,False,False,False,False,False,0
af3|7pe4__1__1.A__1.B_1.C|1.B,high,False,False,True,False,False,False,0
af3|7pjm__1__1.A_1.B__1.D_1.G_1.H|1.D,high,False,True,False,False,False,False,1
af3|7pox__1__1.A__1.C|1.C,high,True,False,False,False,False,False,1
af3|7pqv__1__1.A__1.B|1.B,mid,True,True,False,False,False,False,0
af3|7psc__1__1.A_1.B__1.C_1.D|1.C,high,False,False,True,False,False,False,0
af3|7pu9__1__1.A__1.B_1.C|1.B,mid,True,True,False,False,False,False,1
af3|7pu9__1__1.A__1.B_1.C|1.C,mid,True,True,False,False,False,False,1
af3|7puw__1__1.B__1.G_1.H|1.H,mid,True,True,False,False,False,False,0
af3|7pwd__1__1.A__1.D|1.D,mid,True,True,False,False,False,False,0
af3|7pz1__1__1.A__1.D|1.D,high,True,False,False,False,False,False,0
af3|7pzv__1__1.A__1.B_1.C|1.C,mid,True,False,False,False,False,False,1
af3|7q6v__1__1.A__1.E|1.E,mid,True,True,False,False,False,False,0
af3|7q6w__1__1.A__1.E|1.E,mid,True,True,False,False,False,False,0
af3|7q8q__1__1.A__1.C_1.E_1.J|1.C,mid,True,False,False,False,False,False,1
af3|7q8z__1__1.A__1.E|1.E,mid,True,True,False,False,False,False,0
af3|7qaa__1__1.B__1.D|1.D,high,True,False,False,False,False,False,0
af3|7qea__1__1.A__1.C|1.C,low,True,True,False,False,True,False,1
af3|7qqa__1__1.A_1.B__1.H_1.I|1.H,high,False,False,False,False,False,False,0
af3|7qt6__1__1.A__1.B|1.B,high,True,False,False,False,False,False,1
af3|7qzl__1__1.B__1.F_1.H|1.H,mid,True,True,False,False,False,False,0
af3|7r0a__1__1.A__1.C|1.C,mid,True,False,False,False,False,False,1
af3|7r2v__1__1.A__1.C_1.D|1.C,high,False,False,False,False,False,False,0
af3|7r4a__1__1.A__1.C|1.C,mid,True,True,True,False,False,False,0
af3|7r5d__1__1.A__1.C|1.C,mid,True,True,True,False,False,False,0
af3|7r7r__1__1.A__1.B|1.B,high,False,False,False,False,False,False,0
af3|7r9n__1__1.B__1.E|1.E,high,True,False,False,False,False,False,0
af3|7r9t__1__1.A__1.C|1.C,mid,True,True,False,False,False,False,0
af3|7rae__1__1.A__1.C|1.C,high,True,False,False,False,False,False,0
af3|7raf__1__1.A__1.C|1.C,high,True,False,False,False,False,False,0
af3|7rbw__1__1.A__1.C|1.C,low,True,True,False,False,True,False,0
af3|7rl2__1__1.A__1.C|1.C,high,True,False,False,False,False,False,1
af3|7rls__1__1.A_2.A__2.B|2.B,high,False,False,False,False,False,False,0
af3|7rmb__1__1.A_2.A__2.B|2.B,high,False,False,False,False,False,False,0
af3|7rre__1__1.A__1.B_1.C_1.D|1.B,mid,True,False,False,False,False,False,1
af3|7s1s__1__1.A__1.C_1.D|1.D,mid,True,False,False,False,False,False,1
af3|7s5f__1__1.A__1.E_1.F|1.F,mid,True,False,False,False,False,False,1
af3|7s6v__1__1.A__1.B|1.B,mid,True,True,False,False,False,False,0
af3|7s7t__1__1.A__1.B|1.B,low,True,True,False,False,True,False,1
af3|7scw__1__1.A_1.B__1.C_1.D|1.D,high,False,False,False,False,False,False,0
af3|7sh0__1__1.A__1.C_1.D_1.H|1.D,mid,True,False,False,False,False,False,1
af3|7sh1__1__1.A__1.C_1.J|1.C,high,False,False,False,False,False,False,0
af3|7siu__1__1.A__1.C|1.C,mid,True,False,False,False,False,False,0
af3|7snz__1__1.A_1.B__1.C|1.C,high,True,False,False,False,False,False,0
af3|7spy__1__1.A_2.A__2.B_2.C|2.B,high,False,False,False,False,False,False,1
af3|7sqe__1__1.A__1.D|1.D,high,True,False,False,False,False,False,0
af3|7sqn__1__1.A__1.B_1.E|1.B,high,False,False,False,False,False,False,0
af3|7suf__1__1.A__1.B_1.D|1.B,mid,True,True,False,False,False,False,0
af3|7sv1__1__1.A__1.C_1.D|1.D,high,True,False,False,False,False,False,1
af3|7sxj__1__1.A__1.C|1.C,high,False,False,True,False,False,False,0
af3|7t0c__1__1.A_1.B__1.VA|1.VA,high,False,False,False,False,False,False,1
af3|7t1d__1__1.A_1.B__1.G_1.I|1.I,mid,True,False,True,False,False,False,1
af3|7t2z__1__1.A_1.B__1.F_1.H|1.F,mid,True,True,False,False,False,False,1
af3|7t5k__1__1.A__1.D|1.D,mid,True,False,False,False,False,False,0
af3|7t5r__1__1.A_1.C__1.I_1.J|1.I,mid,True,False,False,False,False,False,0
af3|7t5r__1__1.A_1.C__1.I_1.J|1.J,mid,True,False,False,False,False,False,0
af3|7t5x__1__1.A_1.C__1.I|1.I,mid,True,False,False,False,False,False,0
af3|7t5y__1__1.B__1.G|1.G,mid,True,False,False,False,False,False,0
af3|7t5z__1__1.A_1.C__1.I|1.I,mid,True,False,False,False,False,False,1
af3|7t60__1__1.B_1.C__1.M|1.M,mid,True,False,False,False,False,False,1
af3|7t61__1__1.B_1.C__1.L|1.L,mid,True,False,False,False,False,False,1
af3|7t6c__1__1.A__1.E|1.E,mid,True,False,False,False,False,False,0
af3|7t6h__1__1.A__1.C_1.D|1.C,high,False,False,False,False,False,False,0
af3|7t6h__1__1.A__1.C_1.D|1.D,high,False,False,False,False,False,False,0
af3|7tba__1__1.A__1.U_1.V_1.W|1.U,mid,True,True,False,False,False,False,0
af3|7tbc__1__1.A__1.B_1.J_1.L_1.S|1.S,mid,True,True,False,False,False,False,1
af3|7tbd__1__1.A__1.E|1.E,mid,True,True,False,False,False,False,1
af3|7td8__1__1.A_1.B__1.AA_1.W|1.AA,high,True,False,False,False,False,False,0
af3|7te8__1__1.A_1.B__1.E|1.E,mid,True,True,False,False,False,False,1
af3|7tgk__1__1.A__1.Q_1.R_1.S|1.Q,high,False,False,False,False,False,False,0
af3|7tgl__1__1.B__1.R_1.S_1.U_1.W_1.X|1.S,high,False,False,False,False,False,False,0
af3|7tm5__1__1.A__1.C_1.D_1.E|1.C,high,False,False,False,False,False,False,0
af3|7tm6__1__1.A__1.C_1.D|1.C,high,False,False,False,False,False,False,0
af3|7tm6__1__1.A__1.C_1.D|1.D,high,False,False,False,False,False,False,0
af3|7tmf__1__1.A_1.B__1.J_1.P|1.J,high,False,False,False,False,False,False,0
af3|7tuo__1__1.A__1.B|1.B,low,True,True,True,False,True,True,1
af3|7twz__1__1.A__1.G_1.K|1.G,high,False,False,False,False,False,False,0
af3|7txh__1__1.A__1.G_1.H_1.I|1.G,high,False,False,False,False,False,False,0
af3|7u0r__1__1.B__1.I_1.J_1.K_1.L|1.I,mid,True,True,True,False,False,False,0
af3|7u2z__1__1.A__1.C|1.C,mid,True,True,False,False,False,False,1
af3|7u6b__1__1.A__1.B_1.E|1.B,mid,True,False,False,False,False,False,0
af3|7u8w__1__1.A__1.C|1.C,mid,True,False,True,False,False,False,0
af3|7u8x__1__1.A__1.B|1.B,mid,True,False,True,False,False,False,1
af3|7u8y__1__1.B__1.G_1.H_1.I_1.J|1.G,mid,True,True,True,False,False,False,1
af3|7u8y__1__1.B__1.G_1.H_1.I_1.J|1.H,mid,True,True,True,False,False,False,1
af3|7u9u__1__2.A__2.C_2.D|2.C,high,False,True,False,False,False,False,0
af3|7ubo__1__1.A__1.E|1.E,mid,True,True,False,False,False,False,0
af3|7udq__1__1.A__1.C|1.C,low,True,True,True,False,True,True,0
af3|7ue6__1__1.A_2.A__2.C_2.F_2.G_2.H|2.G,high,False,False,True,False,False,False,0
af3|7ueo__1__1.A_2.A__2.B_2.C_2.E|2.C,high,False,False,True,False,False,False,0
af3|7uep__1__1.A_2.A__2.B_2.C_2.D_2.E|2.B,high,False,False,True,False,False,False,0
af3|7ueq__1__1.A_2.A__2.B_2.C_2.D|2.B,high,False,False,True,False,False,False,0
af3|7ueu__1__1.A_2.A__2.C_2.D_2.E|2.C,high,False,False,True,False,False,False,0
af3|7uf8__1__1.A__1.E_1.F|1.F,low,True,True,True,False,True,True,1
af3|7ugb__1__1.A__1.C|1.C,high,False,False,True,False,False,False,0
af3|7ugl__1__1.A__1.C|1.C,mid,True,False,True,False,False,False,1
af3|7uj8__1__1.A__1.C|1.C,high,True,False,False,False,False,False,0
af3|7ujc__1__1.B__1.D|1.D,high,True,False,False,False,False,False,0
af3|7ujf__1__1.A__1.E|1.E,high,False,False,False,False,False,False,0
af3|7ujh__1__1.A_1.B__1.D|1.D,high,False,False,True,False,False,False,0
af3|7ulf__1__1.A_2.A__2.B_2.C_2.D_2.E|2.B,mid,True,True,True,False,False,False,1
af3|7um4__1__1.A__1.I|1.I,mid,True,False,False,False,False,False,0
af3|7um8__1__1.A_2.B__1.C_1.D|1.C,high,False,False,True,False,False,False,0
af3|7uoh__1__1.A__1.C_1.D|1.C,mid,True,False,False,False,False,False,1
af3|7utw__1__1.A_1.B__1.C_1.E_1.F|1.E,high,False,False,True,False,False,False,0
af3|7utw__1__1.A_1.B__1.C_1.E_1.F|1.F,high,False,False,True,False,False,False,0
af3|7uum__1__1.A_2.A__1.B_1.C|1.C,low,True,True,False,False,True,False,1
af3|7uw2__1__1.A__1.C|1.C,high,False,False,True,False,False,False,0
af3|7uy0__1__1.A__1.E|1.E,high,True,False,False,False,False,False,0
af3|7v0h__1__1.B__1.N_1.P|1.P,mid,True,True,False,False,False,False,1
af3|7vdp__1__1.A__1.E_1.F|1.E,mid,True,True,False,False,False,False,0
af3|7vdq__1__1.A__1.E|1.E,mid,True,True,False,False,False,False,0
af3|7vdr__1__1.A__1.E_1.F_1.N|1.E,mid,True,True,False,False,False,False,0
af3|7vds__1__1.A__1.E|1.E,mid,True,True,False,False,False,False,0
af3|7vez__1__1.A_1.D__1.E|1.E,high,False,False,False,False,False,False,1
af3|7vmy__1__1.A__1.C_1.D_1.E|1.D,mid,False,True,False,False,False,False,1
af3|7vo5__1__1.A__1.B|1.B,low,True,True,False,False,True,False,1
af3|7vpe__1__1.A__1.B|1.B,low,True,True,False,False,True,False,1
af3|7vqt__1__1.A__1.G_1.H|1.H,high,False,False,False,False,False,False,0
af3|7vqu__1__1.A__1.G_1.H|1.H,high,False,False,False,False,False,False,0
af3|7vwf__1__1.A_1.B__1.C_1.E|1.C,high,False,False,False,False,False,False,0
af3|7vwf__1__1.A_1.B__1.C_1.E|1.E,high,False,False,False,False,False,False,0
af3|7vyp__1__1.A_1.B__1.C_1.K_1.P_1.Q|1.P,low,True,True,False,False,True,False,1
af3|7vzy__1__1.A_1.B__1.C_1.D_1.E_1.M|1.C,low,True,True,False,False,True,False,1
af3|7vzz__1__1.A_1.B__1.AA_1.Y_1.Z|1.AA,low,True,True,False,False,True,False,1
af3|7w2d__1__1.B__1.R|1.R,mid,True,False,False,False,False,False,1
af3|7w3l__1__1.A__1.B_1.C_1.J|1.B,high,False,False,False,False,False,False,0
af3|7w4x__1__1.A__1.C_1.D_1.E|1.E,mid,True,True,False,False,False,False,1
af3|7w8v__1__1.A__1.B_1.D|1.D,high,False,False,False,False,False,False,0
af3|7wc6__1__1.A__1.F|1.F,high,True,False,False,False,False,False,0
af3|7wc8__1__1.A__1.H|1.H,mid,True,True,False,False,False,False,1
af3|7wcv__1__1.A__1.B_1.C_1.D|1.B,high,False,False,False,False,False,False,0
af3|7wdu__1__1.A__1.C|1.C,low,True,True,False,False,True,False,1
af3|7wgl__1__1.A__1.D|1.D,high,True,False,False,False,False,False,0
af3|7wlw__1__1.A__1.I|1.I,high,False,False,False,False,False,False,1
af3|7wmk__1__1.A__1.B_1.G|1.B,high,True,True,False,False,False,False,0
af3|7wpx__1__1.A__1.B_1.C|1.C,mid,True,True,False,False,False,False,1
af3|7wqm__1__1.A__1.C_1.D|1.C,high,False,False,True,False,False,False,0
af3|7wqs__1__1.A__1.C_1.D|1.C,high,False,False,True,False,False,False,0
af3|7wzv__1__1.A__1.C_1.E_1.F_1.K_1.O|1.E,mid,False,True,False,False,False,False,0
af3|7wzv__1__1.A__1.C_1.E_1.F_1.K_1.O|1.F,low,True,True,False,False,True,False,0
af3|7wzx__1__1.A__1.B_1.D_1.E_1.I|1.I,low,True,True,False,False,True,False,0
af3|7x0b__1__1.A__1.C_1.E_1.N|1.E,mid,False,True,False,False,False,False,0
af3|7x11__1__1.D__1.P|1.P,low,True,True,False,False,True,False,1
af3|7x3l__1__1.A__1.C_1.D|1.C,high,False,False,True,False,False,False,0
af3|7x3m__1__1.A__1.C_1.D|1.C,high,False,False,True,False,False,False,0
af3|7x3o__1__1.A__1.C_1.D|1.C,high,False,False,True,False,False,False,0
af3|7x9d__1__1.A__1.E|1.E,mid,True,False,True,False,False,False,1
af3|7x9l__1__1.A__1.C_1.E_1.F|1.C,high,False,False,False,False,False,False,0
af3|7xif__1__1.F__1.W_1.X|1.X,mid,False,True,False,False,False,False,0
af3|7xjb__1__1.A__1.E_1.F_1.G|1.E,high,False,False,True,False,False,False,0
af3|7xlp__1__1.A__1.B|1.B,mid,True,False,True,False,False,False,0
af3|7xm7__1__1.A__1.E|1.E,mid,True,False,False,False,False,False,1
af3|7xnc__1__1.A__1.B|1.B,mid,True,False,True,False,False,False,0
af3|7xpu__1__2.A__2.C_2.D|2.C,low,True,True,True,False,True,True,0
af3|7xpv__1__1.A__1.C_1.D|1.C,low,True,True,True,False,True,True,0
af3|7xqv__1__1.A__1.D_1.E|1.D,high,False,False,False,False,False,False,0
af3|7xrr__1__1.A__1.B|1.B,high,True,False,False,False,False,False,1
af3|7xub__1__1.A__1.H|1.H,mid,True,False,True,False,False,False,0
af3|7xvh__1__2.A__2.B_2.C|2.C,high,True,False,True,False,False,False,0
af3|7xxc__1__1.A_1.B_1.D__1.M|1.M,low,True,True,True,False,True,True,1
af3|7xxm__1__1.A_1.B_1.C__1.K|1.K,low,True,True,True,False,True,True,1
af3|7xxn__1__2.A__2.B_2.C|2.B,low,True,True,True,False,True,True,1
af3|7xyj__1__1.A_1.B__1.E_1.F|1.E,high,False,False,True,False,False,False,0
af3|7y06__1__1.A__1.B_1.C|1.B,mid,True,True,False,False,False,False,0
af3|7y4a__1__1.A__1.I_1.J_1.K|1.K,high,False,False,True,False,False,False,0
af3|7yb2__1__1.C__1.L_1.M|1.M,high,False,False,True,False,False,False,0
af3|7ycc__1__1.A__1.D_1.E_1.F|1.D,high,False,False,False,False,False,False,0
af3|7yce__1__1.A__1.B_1.C_1.D_1.E|1.B,high,False,False,False,False,False,False,0
af3|7yd2__1__1.A_1.B__1.K|1.K,low,True,True,True,False,True,True,1
af3|7yh9__1__1.A__1.G_1.H_1.I|1.I,mid,True,True,True,False,False,False,1
af3|7yha__1__1.A__1.E_1.F_1.G_1.H|1.G,mid,True,True,True,False,False,False,0
af3|7yha__1__1.A__1.E_1.F_1.G_1.H|1.H,mid,True,True,True,False,False,False,0
af3|7yhc__1__1.A__1.I_1.J_1.K|1.K,mid,True,False,True,False,False,False,1
af3|7yj9__1__1.A_2.A__2.B|2.B,high,False,False,False,False,False,False,1
af3|7ypu__1__1.A_1.B__1.I|1.I,low,True,True,True,False,True,True,1
af3|7ypu__1__1.A_1.B__1.J_1.K|1.J,low,True,True,True,False,True,True,1
af3|7ypv__1__1.A_1.B__1.J|1.J,low,True,True,True,False,True,True,1
af3|7yv4__1__1.A__1.B|1.B,low,True,True,True,False,True,True,1
af3|7yxd__1__1.A__1.I|1.I,high,True,False,False,False,False,False,0
af3|7yxl__1__1.A__1.C_1.E|1.E,low,False,True,False,False,False,False,0
af3|7yzu__1__1.A__1.B|1.B,mid,False,True,False,False,False,False,0
af3|7z0w__1__1.A_1.B__1.J_1.K|1.J,high,False,False,False,False,False,False,0
af3|7z1v__1__1.A__1.C|1.C,mid,True,True,True,False,False,False,0
af3|7z1w__1__1.A__1.C|1.C,mid,True,False,True,False,False,False,0
af3|7z2q__1__1.A__1.C|1.C,mid,True,False,True,False,False,False,0
af3|7z39__1__1.A__1.C|1.C,mid,True,True,False,False,False,False,1
af3|7z3k__1__1.A__1.D_1.DA_1.E_1.F_1.P|1.DA,mid,True,True,True,False,False,False,0
af3|7z3y__1__1.A__1.D|1.D,mid,True,False,True,False,False,False,0
af3|7z41__1__1.A__1.C|1.C,mid,True,False,True,False,False,False,0
af3|7z57__1__1.A__1.B_1.C_1.J|1.B,mid,True,True,False,False,False,False,1
af3|7z57__1__1.A__1.B_1.C_1.J|1.C,mid,True,True,False,False,False,False,1
af3|7z5u__1__1.A__1.B_1.C|1.C,low,True,True,False,False,True,False,0
af3|7z6c__1__1.A__1.B_1.C_1.D|1.B,high,False,False,False,False,False,False,0
af3|7z74__1__1.A__1.B_1.C|1.B,mid,True,True,False,False,False,False,0
af3|7z78__1__1.A__1.D|1.D,mid,True,False,False,False,False,False,0
af3|7zf0__1__1.A__1.B_1.C_1.I_1.J_1.K|1.I,mid,False,True,False,False,False,False,0
af3|7zg9__1__1.A__1.C|1.C,low,True,True,True,False,True,True,1
af3|7zgc__1__1.A__1.B|1.B,mid,True,True,True,False,False,False,0
af3|7zif__1__1.A__1.B_1.C|1.C,mid,True,False,False,False,False,False,1
af3|7zig__1__1.A__1.B_1.C|1.B,mid,True,False,False,False,False,False,0
af3|7zih__1__1.A__1.B_1.C|1.C,mid,True,False,False,False,False,False,0
af3|7zii__1__1.A__1.B_1.C|1.C,mid,True,False,False,False,False,False,0
af3|7zij__1__1.A__1.B_1.C|1.B,mid,True,False,False,False,False,False,0
af3|7zjq__1__1.A__1.E|1.E,mid,True,True,False,False,False,False,0
af3|7zks__1__1.A__1.B|1.B,mid,True,True,True,False,False,False,0
af3|7zkw__1__1.A_1.C__1.E|1.E,low,True,True,False,False,True,False,1
af3|7zkx__1__1.A__1.B_1.L|1.B,mid,True,True,True,False,False,False,0
af3|7zq3__1__2.A_2.B__2.C_2.D|2.C,high,False,False,False,False,False,False,0
af3|7zqk__1__1.A_1.B__1.C_1.D|1.C,high,False,False,False,False,False,False,0
af3|7zsq__1__1.B_1.C__1.G_1.I|1.G,mid,True,True,True,False,False,False,0
af3|7zxw__1__1.A__1.C_1.D_1.G|1.D,high,False,False,False,False,False,False,1
af3|7zym__1__1.A__1.B|1.B,high,True,False,True,False,False,False,0
af3|7zzs__1__1.A__1.D_1.J_1.L|1.L,mid,True,True,False,False,False,False,0
af3|7zzw__1__1.A__1.E_1.M|1.M,low,True,True,False,False,True,False,1
af3|8a12__1__1.A__1.D_1.G|1.D,high,False,False,True,False,False,False,0
af3|8a2p__1__1.A__1.B|1.B,high,False,False,True,False,False,False,0
af3|8a9i__1__1.A__1.B|1.B,mid,True,True,False,False,False,False,0
af3|8ad7__1__1.A__1.J|1.J,high,False,False,False,False,False,False,0
af3|8ajv__1__1.B_1.C__1.N_1.S|1.N,high,False,False,True,False,False,False,0
af3|8ajw__1__1.B_1.C__1.I_1.J|1.I,high,False,False,True,False,False,False,0
af3|8ajw__1__1.B_1.C__1.I_1.J|1.J,high,False,False,True,False,False,False,0
af3|8ak5__1__1.A__1.C_1.E_1.F_1.G|1.C,high,False,False,True,False,False,False,0
af3|8ak5__1__1.A__1.C_1.E_1.F_1.G|1.E,mid,True,True,True,False,False,False,1
af3|8ak7__1__1.A__1.C_1.E_1.G|1.C,high,False,False,True,False,False,False,0
af3|8ak8__1__1.A__1.C_1.F_1.L|1.C,high,False,False,True,False,False,False,0
af3|8akd__1__1.A__1.C_1.E|1.E,mid,True,True,True,False,False,False,1
af3|8am2__1__1.A__1.D|1.D,mid,True,True,True,False,False,False,1
af3|8am8__1__1.A__1.C_1.J|1.J,mid,True,True,True,True,False,False,0
af3|8apw__1__1.A_2.A__2.C|2.C,mid,True,False,True,False,False,False,0
af3|8aqf__1__1.A__1.B|1.B,mid,True,True,True,False,False,False,0
af3|8arj__1__1.A__1.B|1.B,mid,True,True,False,False,False,False,0
af3|8atb__1__1.A__1.C|1.C,mid,True,True,True,False,False,False,0
af3|8au8__1__1.A_1.B__1.C_1.D_1.H|1.C,high,False,False,True,False,False,False,0
af3|8aue__1__1.A__1.C_1.D|1.D,mid,True,False,True,False,False,False,1
af3|8aui__1__1.A_1.B__1.C_1.D_1.G|1.C,high,False,False,True,False,False,False,0
af3|8aui__1__1.A_1.B__1.C_1.D_1.G|1.D,mid,True,False,True,False,False,False,1
af3|8aui__1__1.A_1.B__1.C_1.D_1.G|1.G,mid,True,False,True,False,False,False,1
af3|8auj__1__1.A__1.C_1.D|1.D,mid,True,False,True,False,False,False,1
af3|8av1__1__1.B__1.J_1.M|1.M,mid,True,True,True,False,False,False,0
af3|8aw1__1__1.A__1.C|1.C,high,False,False,True,False,False,False,0
af3|8axp__1__1.A__1.C|1.C,mid,True,True,False,False,False,False,1
af3|8ay6__1__1.A_1.B__1.C|1.C,high,True,False,True,False,False,False,0
af3|8aya__1__1.A_1.B__1.C|1.C,high,True,False,True,False,False,False,0
af3|8azd__1__1.A__1.C|1.C,high,False,False,True,False,False,False,0
af3|8azi__1__1.A__1.C|1.C,high,False,False,True,True,False,False,0
af3|8azl__1__1.A__1.C|1.C,high,False,False,True,True,False,False,0
af3|8b08__1__1.B__1.E|1.E,high,False,False,True,False,False,False,0
af3|8b25__1__1.A_1.B__1.J|1.J,low,True,True,False,False,True,False,1
af3|8b72__1__1.A_1.B__1.F_1.G|1.F,mid,True,False,False,False,False,False,1
af3|8b80__1__1.A__1.F_1.G|1.F,high,False,False,False,False,False,False,0
af3|8b9h__1__1.A__1.B|1.B,mid,True,True,True,False,False,False,0
af3|8bab__1__1.A__1.H_1.I|1.I,mid,True,True,True,False,False,False,0
af3|8baj__1__1.A__1.B|1.B,high,False,False,False,False,False,False,0
af3|8bam__1__1.A__1.C_1.D|1.C,high,False,False,True,False,False,False,0
af3|8bgx__1__1.A_1.D__1.E_1.F_1.I|1.F,mid,True,True,True,False,False,False,1
af3|8bgy__1__1.A_1.B__1.E_1.F|1.F,mid,True,True,True,False,False,False,1
af3|8bgz__1__1.A_1.B__1.F|1.F,mid,True,True,True,False,False,False,1
af3|8bh0__1__1.A_1.D__1.J|1.J,mid,True,True,True,False,False,False,1
af3|8bhg__1__1.B_1.C__1.K|1.K,mid,True,True,True,False,False,False,0
af3|8bid__1__1.C_2.A__2.F_2.G|2.F,mid,True,True,True,False,False,False,1
af3|8bih__1__1.A_1.L__1.N|1.N,mid,True,True,True,False,False,False,1
af3|8bir__1__1.A_1.B__1.D|1.D,mid,True,True,True,False,False,False,1
af3|8bji__1__1.A_1.B__1.C_1.D|1.C,high,False,False,True,False,False,False,0
af3|8bl0__1__1.A__1.C_1.E|1.C,high,False,False,True,False,False,False,0
af3|8bl1__1__1.A__1.C_1.E|1.C,high,False,False,True,False,False,False,0
af3|8blz__1__1.A__1.B_1.D|1.B,high,False,False,True,False,False,False,0
af3|8br0__1__1.A_1.B__1.E_1.F_1.G|1.E,high,False,False,True,False,False,False,0
af3|8br0__1__1.A_1.B__1.E_1.F_1.G|1.F,high,False,False,True,False,False,False,0
af3|8bsg__1__1.A__1.B|1.B,high,False,False,True,False,False,False,1
af3|8bst__1__1.A__1.R|1.R,high,False,False,True,False,False,False,0
af3|8bsu__1__1.A_1.D__1.I_1.OA_1.SA|1.I,high,False,False,True,False,False,False,0
af3|8bsu__1__1.A_1.D__1.I_1.OA_1.SA|1.OA,high,False,False,True,False,False,False,0
af3|8bxx__1__1.A__1.E_1.F|1.E,high,False,False,True,False,False,False,0
af3|8c1f__1__1.A__1.B_1.C_1.D_1.J|1.B,high,False,False,True,True,False,False,0
af3|8c3g__1__1.C__1.AA|1.AA,mid,True,True,True,True,False,False,0
af3|8c3i__1__1.B__1.D|1.D,high,False,False,True,True,False,False,0
af3|8c3n__1__1.A__1.C_1.D|1.C,high,False,False,True,False,False,False,0
af3|8c3u__1__1.A__1.C|1.C,low,True,True,True,False,True,True,1
af3|8c47__1__1.B__1.E_1.F|1.E,high,False,False,True,True,False,False,0
af3|8c4w__1__1.A__1.J_1.K_1.P|1.K,mid,True,True,True,False,False,False,1
af3|8c6f__1__1.A__1.B_1.C|1.B,high,False,False,True,False,False,False,0
af3|8c6s__1__1.A__1.C|1.C,mid,True,True,True,False,False,False,1
af3|8c74__1__1.A__1.C|1.C,mid,True,True,True,False,False,False,1
af3|8c7r__1__1.A__1.C_1.D|1.C,mid,True,True,True,False,False,False,0
af3|8c7r__1__1.A__1.C_1.D|1.D,high,False,True,True,False,False,False,1
af3|8cey__1__1.A__1.D|1.D,mid,True,False,True,True,False,False,1
af3|8cfb__1__1.A__1.L|1.L,low,True,True,True,True,True,True,1
af3|8cfk__1__1.A_1.D__1.H_1.I|1.H,low,True,True,True,True,True,True,1
af3|8cfo__1__1.A_1.D__1.E_1.F_1.K|1.E,high,False,False,True,True,False,False,0
af3|8cfo__1__1.A_1.D__1.E_1.F_1.K|1.F,high,True,False,True,True,False,False,0
af3|8cg0__1__1.D__1.IA|1.IA,low,True,True,True,True,True,True,1
af3|8ci0__1__1.A_1.B__1.D_1.E|1.E,high,False,False,True,False,False,False,0
af3|8cij__1__1.A__1.B|1.B,mid,True,True,True,False,False,False,0
af3|8cji__1__1.A__1.B_1.C|1.C,mid,True,False,True,True,False,False,0
af3|8cjj__1__1.A__1.B_1.C|1.C,mid,True,False,True,True,False,False,0
af3|8cjk__1__1.A__1.B_1.C|1.C,mid,True,True,True,True,False,False,0
af3|8clq__1__1.A__1.E|1.E,low,True,True,True,True,True,True,1
af3|8cnm__1__1.A_1.B__1.F_1.N_1.S|1.N,high,False,False,True,True,False,False,1
af3|8cno__1__1.A_1.B__1.C_1.E_1.F|1.C,high,False,False,True,True,False,False,1
af3|8coq__1__1.A__1.C_1.D|1.D,mid,True,True,True,True,False,False,1
af3|8cou__1__1.A__1.V|1.V,mid,True,False,True,True,False,False,0
af3|8cp4__1__2.A__2.H_2.I|2.I,mid,False,True,True,True,False,False,1
af3|8cp7__1__1.A__1.B|1.B,high,False,False,True,False,False,False,0
af3|8cpb__1__1.B__1.H|1.H,high,False,False,True,False,False,False,0
af3|8cq8__1__1.A__1.C_1.D_1.E|1.E,high,False,False,True,True,False,False,0
af3|8cqv__1__1.A_1.B__1.K_1.P|1.K,high,False,False,True,True,False,False,0
af3|8cu7__1__1.A__1.C|1.C,mid,True,False,False,False,False,False,0
af3|8cvf__1__1.A__1.D_1.E_1.F_1.G|1.D,high,False,False,True,False,False,False,0
af3|8d19__1__1.A__1.C_1.D|1.D,high,False,False,True,False,False,False,0
af3|8d3e__1__1.A__1.C_1.D|1.C,high,False,False,True,False,False,False,0
af3|8d3h__1__1.A__1.C_1.D|1.C,high,False,False,True,False,False,False,0
af3|8d3j__1__1.A__1.D_1.E_1.F|1.D,high,False,False,True,False,False,False,0
af3|8d6e__1__1.A__1.D|1.D,mid,True,True,False,False,False,False,0
af3|8d6m__1__1.A__1.C|1.C,high,False,False,False,False,False,False,0
af3|8d6t__1__1.A__1.C|1.C,high,False,False,False,False,False,False,0
af3|8deg__1__1.A__1.B|1.B,mid,True,True,False,False,False,False,1
af3|8dil__1__1.A_1.B__1.K_1.L_1.M|1.L,high,False,False,False,False,False,False,0
af3|8dkp__1__1.A__1.C_1.D|1.C,high,False,False,False,False,False,False,0
af3|8dkp__1__1.A__1.C_1.D|1.D,high,False,False,False,False,False,False,0
af3|8dkq__1__1.A__1.C_1.D|1.C,high,False,False,False,False,False,False,0
af3|8dkt__1__1.A_1.B__1.D_1.E|1.D,high,False,False,True,False,False,False,0
af3|8dq8__1__1.B__1.F_1.G|1.F,high,False,False,True,False,False,False,0
af3|8dsc__1__1.B__1.L|1.L,mid,True,True,True,False,False,False,1
af3|8dse__1__1.A_1.B__1.C_1.G|1.G,mid,True,False,True,False,False,False,1
af3|8dsh__1__1.A_1.B__1.C|1.C,high,False,False,True,False,False,False,1
af3|8dsh__1__1.A_1.B__1.E_1.F|1.F,mid,True,True,True,False,False,False,1
af3|8dt5__1__1.B__1.I_1.M_1.O|1.O,high,True,False,False,False,False,False,1
af3|8dxk__1__1.A_1.B__1.C|1.C,high,True,False,True,False,False,False,0
af3|8e0t__1__1.C__1.F|1.F,high,False,False,False,False,False,False,1
af3|8e1h__1__1.A__1.C_1.E_1.F|1.C,high,False,False,False,False,False,False,0
af3|8e1x__1__1.A__1.C|1.C,mid,True,False,False,False,False,False,0
af3|8e5i__1__1.A__1.B_1.E|1.B,high,False,False,True,False,False,False,0
af3|8e9e__1__1.A_1.B__1.I_1.J_1.K|1.I,high,False,False,False,False,False,False,0
af3|8ea6__1__1.A_1.B__1.C|1.C,low,True,True,True,False,True,True,1
af3|8eef__1__1.A__1.C_1.D|1.C,mid,True,True,True,False,False,False,0
af3|8egf__1__1.A__1.B_1.C|1.B,high,False,False,True,False,False,False,0
af3|8et0__1__1.B__1.L|1.L,high,False,False,True,False,False,False,0
af3|8etd__1__1.B__1.E_1.F|1.F,high,False,False,False,False,False,False,0
af3|8etl__1__1.A__1.C|1.C,low,True,True,True,False,True,True,0
af3|8ex1__1__1.A__1.B|1.B,mid,True,True,True,False,False,False,0
af3|8ex2__1__1.A__1.B|1.B,mid,True,True,True,False,False,False,0
af3|8eym__1__1.A_1.B__1.C_1.E|1.C,low,True,True,True,False,True,True,0
af3|8eym__1__1.A_1.B__1.C_1.E|1.E,low,True,True,True,False,True,True,0
af3|8f1z__1__1.A__1.B|1.B,mid,True,True,True,False,False,False,0
af3|8f4s__1__1.A__1.D_1.E|1.D,low,True,True,True,False,True,True,1
af3|8f5w__1__1.A_1.B__1.S_1.T|1.S,high,False,False,True,False,False,False,0
af3|8f5w__1__1.A_1.B__1.S_1.T|1.T,high,True,False,True,False,False,False,0
af3|8f61__1__1.A_1.B__1.Q_1.R|1.Q,high,False,False,True,False,False,False,0
af3|8f8k__1__1.A__1.F_1.G_1.I_1.J_1.K|1.F,mid,True,True,True,False,False,False,1
af3|8fb1__1__1.A__1.D|1.D,high,True,False,True,False,False,False,0
af3|8fdb__1__1.A_1.B__1.D_1.F_1.H|1.D,low,False,True,True,False,False,False,1
af3|8fdb__1__1.A_1.B__1.D_1.F_1.H|1.H,low,False,True,True,False,False,False,1
af3|8fdx__1__1.A__1.B_1.C|1.B,high,False,False,True,False,False,False,0
af3|8fdz__1__1.A__1.B_1.C|1.B,high,False,False,True,False,False,False,0
af3|8fe9__1__1.A__1.B|1.B,mid,True,False,True,False,False,False,0
af3|8fh5__1__1.A__1.B_1.C|1.B,high,False,False,True,False,False,False,0
af3|8fh9__1__1.A__1.B_1.C|1.B,high,False,False,True,False,False,False,0
af3|8fjt__1__1.A_1.B__1.C_1.E|1.E,mid,True,False,True,False,False,False,1
af3|8fju__1__1.A_1.B__1.C_1.D|1.C,high,False,False,True,False,False,False,0
af3|8fju__1__1.A_1.B__1.C_1.D|1.D,mid,True,False,True,False,False,False,1
af3|8fjx__1__1.A__1.B_1.C|1.C,high,False,False,True,False,False,False,0
af3|8fjy__1__1.A__1.B_1.C|1.B,high,False,False,True,False,False,False,0
af3|8fly__1__1.A__1.K|1.K,high,True,False,True,False,False,False,1
af3|8fp5__1__1.A__1.C_1.D|1.C,high,False,False,True,False,False,False,0
af3|8fqx__1__1.A__1.B_1.C|1.C,high,True,False,True,False,False,False,1
af3|8fve__1__1.A_2.A_2.B__2.E_2.I|2.E,high,True,False,True,False,False,False,0
af3|8g3e__1__1.A__1.C|1.C,mid,True,False,True,False,False,False,1
af3|8g4a__1__1.A_1.B__1.C|1.C,low,True,True,True,True,True,True,0
af3|8g62__1__1.A__1.F_1.J_1.L|1.F,low,True,True,True,False,True,True,1
af3|8g68__1__1.A__1.C|1.C,low,True,True,True,False,True,True,1
af3|8g69__1__1.A__1.C|1.C,low,True,True,True,False,True,True,1
af3|8gb4__1__1.A__1.E_1.F_1.G|1.F,high,False,False,True,True,False,False,0
af3|8gds__1__1.A__1.E|1.E,mid,True,True,True,False,False,False,1
af3|8gem__1__1.A__1.B|1.B,mid,True,False,True,False,False,False,1
af3|8gev__1__1.A__1.B|1.B,mid,True,False,True,False,False,False,0
af3|8gfs__1__1.A__1.B|1.B,mid,True,True,True,False,False,False,1
af3|8gjb__1__1.B__1.G_1.H|1.G,high,False,False,True,True,False,False,0
af3|8gkf__1__1.A__1.J|1.J,mid,True,False,True,True,False,False,0
af3|8gm5__1__1.A__1.D|1.D,mid,True,False,True,False,False,False,0
af3|8gne__1__1.A__1.E|1.E,high,False,False,True,False,False,False,1
af3|8gpc__1__1.A__1.C_1.D_1.E|1.E,high,False,False,True,False,False,False,0
af3|8gpe__1__1.A__1.C_1.D_1.E|1.E,high,False,False,True,False,False,False,0
af3|8gtg__1__1.A__1.C|1.C,mid,True,True,True,False,False,False,0
af3|8gti__1__1.A__1.H|1.H,mid,True,True,True,False,False,False,1
af3|8gtm__1__1.A__1.C|1.C,mid,True,True,True,False,False,False,0
af3|8gu1__1__1.A_1.B__1.D|1.D,low,True,True,True,False,True,True,1
af3|8gyd__1__1.A_1.B__1.K|1.K,low,True,True,True,False,True,True,1
af3|8gyj__1__1.A_1.B__1.D_1.I|1.I,mid,True,True,True,False,False,False,1
af3|8h59__1__1.A__1.B|1.B,mid,True,False,True,False,False,False,1
af3|8hi5__1__1.A__1.B_1.C|1.B,mid,True,True,True,False,False,False,0
af3|8hi6__1__1.A__1.B_1.C|1.B,mid,True,True,True,False,False,False,0
af3|8hlj__1__1.A__1.C|1.C,high,False,False,True,True,False,False,0
af3|8hms__1__1.A__1.E|1.E,high,False,False,True,False,False,False,1
af3|8ho5__1__1.A__1.B|1.B,low,True,True,True,False,True,True,1
af3|8hp4__1__1.A_1.B__1.C_1.D|1.C,high,False,False,True,True,False,False,0
af3|8hrp__1__1.A_1.D__1.I_1.J|1.I,high,False,False,True,False,False,False,0
af3|8hu6__1__1.D__1.K_1.L|1.L,mid,False,True,True,False,False,False,1
af3|8huu__1__1.A__1.C|1.C,mid,True,False,True,False,False,False,1
af3|8hxu__1__1.A__1.C_1.D_1.E|1.E,mid,True,True,True,False,False,False,1
af3|8i19__1__1.A__1.C_1.D_1.E|1.C,high,False,False,True,False,False,False,0
af3|8i4i__1__1.A__1.C|1.C,high,False,False,True,False,False,False,0
af3|8ivs__1__1.A_1.B__1.C|1.C,low,True,True,True,False,True,True,1
af3|8ivt__1__1.A_1.B__1.F|1.F,low,True,True,True,False,True,True,1
af3|8iw3__1__1.A_1.B__1.C|1.C,low,True,True,True,False,True,True,1
af3|8j40__1__1.A_2.A__1.D|1.D,mid,True,False,True,True,False,False,1
af3|8j79__1__1.B__1.R_1.W_1.X|1.R,high,False,False,True,False,False,False,0
af3|8j7j__1__1.A_1.B__1.C|1.C,low,True,True,True,False,True,True,1
af3|8jb3__1__1.A__1.B|1.B,low,False,True,True,True,False,False,1
af3|8jdb__1__1.A__1.B_1.C|1.C,mid,False,True,True,False,False,False,0
af3|8jdo__1__1.A__1.B_1.C|1.B,mid,True,True,True,False,False,False,0
af3|8jdp__1__1.A__1.B_1.C|1.C,mid,True,True,True,False,False,False,0
af3|8jdr__1__1.A__1.B_1.C|1.C,mid,True,True,True,False,False,False,0
af3|8jdy__1__1.A__1.B_1.C_1.D|1.D,mid,False,True,True,False,False,False,0
af3|8jdz__1__1.A__1.B_1.C_1.D|1.D,mid,False,True,True,False,False,False,0
af3|8jjn__1__1.A__1.D_1.E|1.D,low,True,True,True,True,True,True,0
af3|8jjt__1__1.A__1.D|1.D,low,True,True,True,True,True,True,0
af3|8jk8__1__1.A__1.B_1.C_1.D|1.D,mid,False,True,True,True,False,False,0
af3|8jm8__1__1.A__1.C_1.I|1.I,high,False,False,True,True,False,False,0
af3|8jmp__1__1.A__1.D|1.D,mid,True,True,True,False,False,False,1
af3|8jot__1__1.A__1.B|1.B,mid,True,True,True,True,False,False,1
af3|8jpz__1__1.B__1.N_1.P|1.N,high,False,False,True,False,False,False,0
af3|8k5y__1__1.A__1.H|1.H,mid,True,True,True,False,False,False,1
af3|8k9y__1__1.A__1.C_1.E|1.C,high,False,False,True,False,False,False,0
af3|8ke1__1__2.A__2.B_2.C_2.D_2.E|2.B,high,False,False,True,False,False,False,0
af3|8ke2__1__2.A__2.B_2.C_2.D_2.E|2.D,high,False,False,True,False,False,False,0
af3|8ke4__1__2.A__2.B_2.C_2.D_2.E|2.B,high,False,False,True,False,False,False,0
af3|8oiz__1__1.B__1.J|1.J,high,False,False,True,False,False,False,0
af3|8ome__1__1.A_1.D__1.E|1.E,low,True,True,True,False,True,True,0
af3|8opu__1__1.A_1.C_1.D__1.IA|1.IA,low,True,True,True,True,True,True,1
af3|8oq2__1__1.B__1.H_1.I|1.H,high,False,False,True,True,False,False,0
af3|8oqn__1__1.A_1.D__1.I|1.I,low,True,True,True,True,True,True,1
af3|8oqp__1__1.D__1.PA|1.PA,low,True,True,True,True,True,True,1
af3|8oqt__1__1.D__1.KA_1.LA|1.KA,low,True,True,True,True,True,True,1
af3|8oqt__1__1.D__1.KA_1.LA|1.LA,low,True,True,True,True,True,True,1
af3|8oqv__1__1.B__1.Q|1.Q,low,True,True,True,True,True,True,1
af3|8orc__1__1.B__1.J|1.J,mid,True,False,True,True,False,False,1
af3|8ou2__1__1.A__1.C|1.C,mid,True,False,True,True,False,False,0
af3|8ou3__1__1.A_1.C__1.E|1.E,high,False,False,True,False,False,False,0
af3|8oum__1__1.A__1.F_1.G|1.F,high,False,False,True,True,False,False,0
af3|8ovr__1__1.A__1.B|1.B,low,True,True,True,False,True,True,1
af3|8p0m__1__1.C__1.L|1.L,mid,True,True,True,True,False,False,1
af3|8p1e__1__1.D_1.E__1.P|1.P,mid,True,True,True,True,False,False,0
af3|8p1p__1__1.A__1.E|1.E,low,True,True,True,True,True,True,1
af3|8p4z__1__1.A__1.C|1.C,mid,True,False,True,False,False,False,0
af3|8pf8__1__1.B__1.T_1.X|1.T,mid,True,True,True,True,False,False,1
af3|8pfl__1__1.A__1.C|1.C,low,True,True,True,True,True,True,1
af3|8plb__1__1.A__1.D|1.D,low,True,True,True,True,True,True,1
af3|8plu__1__1.A__1.D|1.D,low,True,True,True,True,True,True,1
af3|8pp8__1__1.A__1.D|1.D,high,False,False,True,True,False,False,0
af3|8pp9__1__1.A__1.C_1.D_1.H|1.C,high,False,False,True,True,False,False,0
af3|8pp9__1__1.A__1.C_1.D_1.H|1.D,high,False,False,True,True,False,False,0
af3|8pq9__1__1.A__1.C|1.C,mid,True,True,True,False,False,False,0
af3|8pqa__1__1.A__1.C|1.C,mid,True,True,True,False,False,False,0
af3|8pqf__1__1.A__1.C|1.C,mid,True,False,True,False,False,False,1
af3|8pqr__1__1.A_1.B_1.C__1.E|1.E,mid,False,True,True,True,False,False,1
af3|8pxt__1__1.C__1.L|1.L,mid,False,True,True,True,False,False,0
af3|8q5v__1__1.A_1.B__1.P_1.Q|1.P,high,False,False,True,True,False,False,0
af3|8q9v__1__2.A__2.C_2.D_2.E|2.C,mid,True,False,True,True,False,False,1
af3|8qg1__1__1.D__1.S_1.T|1.S,high,False,False,True,True,False,False,0
af3|8qic__1__1.B__1.F_1.J|1.F,mid,True,False,True,True,False,False,1
af3|8qkb__1__1.D__1.CA_1.HA|1.CA,high,False,False,True,False,False,False,0
af3|8qmf__1__1.A_1.B__1.M_1.R_1.S|1.M,high,False,False,True,True,False,False,0
af3|8qnh__1__1.A__1.B|1.B,low,True,True,True,False,True,True,1
af3|8qqy__1__1.A__1.B|1.B,mid,True,False,True,False,False,False,0
af3|8qtg__1__1.A__1.B|1.B,low,True,True,True,True,True,True,1
af3|8qth__1__1.A__1.B|1.B,low,True,True,True,True,True,True,1
af3|8qtj__1__1.A__1.E|1.E,low,True,True,True,True,True,True,1
af3|8qtl__1__1.A_1.B__1.G|1.G,mid,True,True,True,True,False,False,1
af3|8qyq__1__1.A__1.H|1.H,mid,True,True,True,False,False,False,1
af3|8qyw__1__1.A_2.A__1.C_1.E|1.C,high,False,False,True,True,False,False,0
af3|8r1n__1__1.A__1.C|1.C,mid,True,True,True,True,False,False,0
af3|8r1p__1__1.A_1.B__1.C|1.C,mid,True,True,True,True,False,False,0
af3|8r3d__1__1.B_1.E__1.J|1.J,high,False,False,True,True,False,False,0
af3|8r3o__1__1.A_1.B__1.E_1.F_1.G|1.E,high,False,False,True,True,False,False,0
af3|8rb6__1__1.A__1.C_1.D|1.C,high,False,False,True,True,False,False,0
af3|8rkq__1__1.A__1.E|1.E,low,True,True,True,True,True,True,1
af3|8s8x__1__1.A__1.C_1.E_1.F_1.I|1.I,high,False,False,True,True,False,False,0
af3|8se5__1__1.A_1.B__1.H|1.H,low,True,True,True,False,True,True,0
af3|8sft__1__1.A__1.E_1.F|1.F,low,True,True,True,True,True,True,1
af3|8sge__1__1.A__1.H|1.H,mid,True,False,True,True,False,False,0
af3|8sip__1__1.A_1.B__1.C|1.C,mid,True,True,True,True,False,False,0
af3|8skn__1__1.A__1.C|1.C,low,True,True,True,False,True,True,1
af3|8su1__1__1.A__1.C_1.D_1.E_1.F|1.F,high,False,False,True,False,False,False,0
af3|8sv9__1__1.A__1.C|1.C,mid,True,True,True,True,False,False,0
af3|8sz3__1__1.A_2.B__1.G|1.G,mid,True,True,True,False,False,False,1
af3|8t4o__1__1.A_1.B__1.C_1.D|1.D,high,False,False,True,True,False,False,0
af3|8tjc__1__1.A__1.K|1.K,mid,True,False,True,False,False,False,1
af3|8ts9__1__1.A__1.C|1.C,low,True,True,True,False,True,True,1
af3|8tsa__1__1.A__1.C|1.C,low,True,True,True,False,True,True,1
af3|8tsd__1__1.A__1.C|1.C,low,True,True,True,False,True,True,1
af3|8tti__1__1.A__1.E|1.E,high,False,False,True,False,False,False,0
af3|8uak__1__1.A__1.B|1.B,mid,True,True,True,True,False,False,0
af3|8uk6__1__1.A__1.C|1.C,low,True,True,True,True,True,True,1
af3|8un3__1__1.A__1.E_1.F_1.H|1.F,high,False,False,True,False,False,False,0
af3|8ux7__1__1.B__1.I|1.I,high,False,False,True,False,False,False,1
af3|8v2k__1__1.C_1.D__1.N|1.N,high,False,False,True,False,False,False,0
af3|8v8j__1__1.A__1.F|1.F,low,True,True,True,True,True,True,1
af3|8v8m__1__1.A__1.F_1.G|1.F,low,True,True,True,True,True,True,1
af3|8v8m__1__1.A__1.F_1.G|1.G,low,True,True,True,True,True,True,1
af3|8vw1__1__1.A__1.B_1.C|1.B,high,False,False,True,True,False,False,0
af3|8w0m__1__1.C__1.F|1.F,high,False,False,True,True,False,False,0
af3|8wjy__1__1.A__1.B|1.B,mid,True,True,True,False,False,False,0
af3|8wmy__1__1.A__1.C_1.D_1.E|1.C,mid,False,True,True,False,False,False,0
af3|8wr2__1__1.A__1.E_1.F|1.F,mid,True,False,True,True,False,False,1
af3|8wsm__1__1.A__1.D|1.D,low,True,True,True,False,True,True,1
af3|8wsw__1__1.A__1.E|1.E,mid,True,True,True,False,False,False,0
af3|8x1a__1__1.A__1.B|1.B,high,False,False,True,True,False,False,0
af3|8x6r__1__1.A__1.G_1.H_1.I|1.G,high,False,False,True,True,False,False,0
af3|8yhw__1__1.A__1.E_1.F|1.E,high,False,False,True,True,False,False,0
af3_no_template|5s9l__1__1.A__1.H_1.I|1.H,high,True,False,False,False,False,False,0
af3_no_template|5s9y__1__1.A__1.K|1.K,low,True,True,False,False,True,False,1
af3_no_template|5s9z__1__1.A_1.B__1.R|1.R,mid,True,False,False,False,False,False,1
af3_no_template|5sb2__1__1.A__1.G|1.G,mid,True,True,False,False,False,False,0
af3_no_template|5scm__1__1.A__1.F_1.G_1.H_1.I|1.I,high,False,False,False,False,False,False,0
af3_no_template|5scn__1__1.A__1.B_1.C|1.C,high,False,False,False,False,False,False,0
af3_no_template|5se0__1__1.A__1.G|1.G,mid,True,True,False,False,False,False,1
af3_no_template|5sea__1__1.A__1.G|1.G,mid,True,True,False,False,False,False,1
af3_no_template|5see__1__1.A__1.E|1.E,mid,True,True,False,False,False,False,1
af3_no_template|5sf4__1__1.A__1.G|1.G,mid,True,True,False,False,False,False,1
af3_no_template|5sf7__1__1.A__1.G|1.G,mid,True,True,False,False,False,False,0
af3_no_template|5sfg__1__1.A__1.G|1.G,mid,True,True,False,False,False,False,0
af3_no_template|5sg5__1__1.A__1.G|1.G,mid,True,True,False,False,False,False,0
af3_no_template|5sgz__1__1.A__1.G|1.G,mid,True,True,False,False,False,False,0
af3_no_template|5shc__1__1.A__1.G|1.G,mid,True,True,False,False,False,False,0
af3_no_template|5shg__1__1.A__1.G|1.G,mid,True,True,False,False,False,False,0
af3_no_template|5shw__1__1.A__1.G|1.G,mid,True,True,False,False,False,False,1
af3_no_template|5si5__1__1.A__1.G|1.G,mid,True,True,False,False,False,False,0
af3_no_template|5si8__1__1.A__1.G|1.G,mid,True,True,False,False,False,False,1
af3_no_template|5si9__1__1.A__1.G|1.G,mid,True,True,False,False,False,False,1
af3_no_template|5sig__1__1.A__1.G|1.G,mid,True,True,False,False,False,False,1
af3_no_template|5siq__1__1.A__1.H|1.H,mid,True,True,False,False,False,False,1
af3_no_template|5sk9__1__1.A__1.G|1.G,mid,True,True,False,False,False,False,0
af3_no_template|5sko__1__1.A__1.G|1.G,mid,True,True,False,False,False,False,0
af3_no_template|5skr__1__1.A__1.G|1.G,mid,True,False,False,False,False,False,0
af3_no_template|5umb__1__1.A__1.E_1.F_1.G|1.G,high,False,False,False,False,False,False,0
af3_no_template|6x4j__1__1.A_2.A__2.B_2.C_2.D_2.E|2.C,high,False,False,False,False,False,False,0
af3_no_template|6x4k__1__1.A_2.A__1.B_1.C_1.D_1.E|1.C,high,False,False,False,False,False,False,0
af3_no_template|6x4l__1__1.A_2.A__2.B_2.C_2.D_2.E|2.C,high,False,False,False,False,False,False,0
af3_no_template|6zfz__1__1.A__1.B|1.B,mid,True,True,False,False,False,False,0
af3_no_template|6zg9__1__1.A__1.B|1.B,mid,True,True,False,False,False,False,0
af3_no_template|7afz__1__2.A__2.B_2.C_2.D|2.D,mid,True,True,False,False,False,False,0
af3_no_template|7an8__1__1.B__1.E|1.E,mid,True,True,False,False,False,False,0
af3_no_template|7aya__1__1.A__1.H_1.N_1.U|1.U,high,True,False,False,False,False,False,0
af3_no_template|7b3p__1__1.A__1.G|1.G,mid,True,False,False,False,False,False,0
af3_no_template|7bbn__1__1.B__1.E_1.F|1.E,high,False,False,False,False,False,False,0
af3_no_template|7bia__1__1.A_1.B__1.D_1.E|1.D,high,False,False,False,False,False,False,0
af3_no_template|7bk9__1__1.A_2.A__2.F|2.F,mid,True,False,False,False,False,False,1
af3_no_template|7bm3__1__1.A__1.M_1.P|1.P,mid,True,False,False,False,False,False,1
af3_no_template|7bn6__1__1.A__1.C_1.D|1.D,high,False,False,False,False,False,False,0
af3_no_template|7bn7__1__1.A__1.E_1.F|1.E,high,False,False,False,False,False,False,0
af3_no_template|7bo0__1__1.A__1.C_1.D|1.D,high,False,False,False,False,False,False,0
af3_no_template|7dbj__1__1.A__1.E_1.F|1.E,high,False,False,False,False,False,False,0
af3_no_template|7dbj__1__1.A__1.E_1.F|1.F,high,False,False,False,False,False,False,0
af3_no_template|7di7__1__1.A__1.D|1.D,low,True,True,False,False,True,False,1
af3_no_template|7dia__1__1.A__1.D_1.E_1.G|1.E,low,True,True,False,False,True,False,1
af3_no_template|7dij__1__1.A__1.F_1.J|1.J,low,True,True,False,False,True,False,1
af3_no_template|7dji__1__1.D_1.E__1.L|1.L,mid,True,True,False,False,False,False,0
af3_no_template|7dpk__1__1.A_1.B__1.C_1.D|1.C,high,True,False,False,False,False,False,1
af3_no_template|7du9__1__1.A_1.B__1.D|1.D,high,True,False,False,False,False,False,0
af3_no_template|7dw7__1__1.A__1.B_1.JB_1.KB_1.LB|1.B,high,False,False,False,False,False,False,0
af3_no_template|7dxl__1__1.A__1.C|1.C,mid,True,False,False,False,False,False,0
af3_no_template|7dyw__1__1.A__1.B_1.C|1.B,mid,True,False,False,False,False,False,0
af3_no_template|7e1n__1__1.A_1.B__1.D|1.D,low,True,True,False,False,True,False,0
af3_no_template|7e48__1__1.C__1.J_1.K|1.J,high,False,False,False,False,False,False,0
af3_no_template|7eba__1__1.A__1.C|1.C,mid,True,True,False,False,False,False,1
af3_no_template|7edz__1__1.A_2.A__1.E_1.G_1.I|1.E,mid,False,True,False,False,False,False,0
af3_no_template|7eer__1__2.A__2.E_2.F|2.E,high,False,False,False,False,False,False,1
af3_no_template|7ef7__1__1.A__1.B_1.C|1.C,mid,True,True,False,False,False,False,0
af3_no_template|7ei4__1__1.A_1.B_1.C__1.F|1.F,mid,True,False,False,False,False,False,1
af3_no_template|7eji__1__1.D__1.V_1.W|1.W,mid,True,True,False,False,False,False,1
af3_no_template|7ejv__1__1.B__1.D|1.D,mid,True,True,False,False,False,False,0
af3_no_template|7en5__1__1.A_3.A_4.A__3.B|3.B,mid,False,True,False,False,False,False,1
af3_no_template|7ene__1__1.A_1.B__1.E|1.E,mid,True,False,False,False,False,False,1
af3_no_template|7ens__1__2.A__2.B_2.C_2.D|2.D,high,True,False,False,False,False,False,0
af3_no_template|7erb__1__1.A__1.E_1.F|1.E,high,False,False,False,False,False,False,0
af3_no_template|7ere__1__1.A_1.B__1.G_1.I|1.G,mid,True,True,False,False,False,False,1
af3_no_template|7es1__1__1.A__1.C|1.C,mid,True,True,False,False,False,False,1
af3_no_template|7evu__1__1.B__1.E_1.F|1.F,mid,True,False,False,False,False,False,0
af3_no_template|7evv__1__1.A__1.B_1.C|1.C,high,False,False,False,False,False,False,0
af3_no_template|7exp__1__1.B__1.H_1.I|1.H,high,False,False,False,False,False,False,0
af3_no_template|7eyt__1__1.A_1.C__1.E_1.F_1.G|1.F,mid,True,True,False,False,False,False,1
af3_no_template|7eyu__1__1.A_1.B__1.C_1.D_1.E|1.D,mid,True,True,False,False,False,False,1
af3_no_template|7f21__1__1.A__1.C_1.D|1.C,high,False,False,False,False,False,False,0
af3_no_template|7f22__1__1.B__1.E_1.F|1.E,high,False,False,False,False,False,False,0
af3_no_template|7f22__1__1.B__1.E_1.F|1.F,high,False,False,False,False,False,False,0
af3_no_template|7f35__1__1.A_1.B__1.G|1.G,mid,True,False,False,False,False,False,1
af3_no_template|7f42__1__1.B__1.C|1.C,mid,True,False,False,False,False,False,1
af3_no_template|7f50__1__1.A__1.B_1.C_1.E|1.E,high,False,False,False,False,False,False,0
af3_no_template|7f6j__1__1.A__1.D_1.E|1.E,high,False,False,False,False,False,False,0
af3_no_template|7f6w__1__2.A__2.B|2.B,high,False,False,False,False,False,False,0
af3_no_template|7f7m__1__1.A__1.C_1.D|1.C,mid,True,False,False,False,False,False,1
af3_no_template|7f83__1__1.B__1.J|1.J,low,True,True,False,False,True,False,1
af3_no_template|7f8t__1__1.A__1.L_1.M|1.M,high,False,False,False,False,False,False,0
af3_no_template|7f99__1__1.B__1.L_1.O|1.O,high,False,False,False,False,False,False,0
af3_no_template|7f9a__1__1.A__1.C_1.O|1.O,high,False,False,False,False,False,False,0
af3_no_template|7f9b__1__1.A__1.C_1.I|1.I,high,False,False,False,False,False,False,0
af3_no_template|7fak__1__1.A__1.B|1.B,mid,True,False,True,False,False,False,0
af3_no_template|7fan__1__1.A__1.B_1.C|1.B,mid,True,False,False,False,False,False,0
af3_no_template|7fan__1__1.A__1.B_1.C|1.C,high,False,False,False,False,False,False,0
af3_no_template|7far__1__1.A__1.B_1.C_1.D|1.D,mid,True,True,False,False,False,False,0
af3_no_template|7fee__1__1.A__1.D|1.D,high,True,False,False,False,False,False,0
af3_no_template|7fee__1__1.A__1.E|1.E,low,True,True,False,False,True,False,1
af3_no_template|7fgm__1__1.A__1.C_1.D_1.E|1.C,high,False,False,False,False,False,False,0
af3_no_template|7fgw__1__1.A__1.E_1.F_1.G|1.E,high,False,False,False,False,False,False,0
af3_no_template|7fha__1__1.A__1.C|1.C,high,False,False,False,False,False,False,0
af3_no_template|7fhb__1__1.A__1.B|1.B,high,False,False,False,False,False,False,0
af3_no_template|7fsd__1__1.A__1.I|1.I,high,False,False,True,False,False,False,1
af3_no_template|7ftr__1__1.A__1.C_1.D_1.E_1.G|1.G,mid,True,False,True,True,False,False,1
af3_no_template|7ftu__1__1.A__1.C_1.D_1.E_1.G|1.G,mid,True,True,True,True,False,False,1
af3_no_template|7fu7__1__1.A__1.C|1.C,mid,True,True,True,True,False,False,1
af3_no_template|7fu8__1__1.A__1.C|1.C,mid,True,True,True,True,False,False,1
af3_no_template|7fuc__1__1.A__1.C|1.C,mid,True,True,True,True,False,False,1
af3_no_template|7fuf__1__1.A__1.C|1.C,mid,True,True,True,True,False,False,1
af3_no_template|7fum__1__1.A__1.C|1.C,mid,True,True,True,True,False,False,1
af3_no_template|7fur__1__1.A__1.C_1.D_1.E_1.F|1.E,high,False,False,True,True,False,False,1
af3_no_template|7fur__1__1.A__1.C_1.D_1.E_1.F|1.F,mid,True,False,True,True,False,False,1
af3_no_template|7fwi__1__1.A__1.D|1.D,mid,True,False,True,False,False,False,1
af3_no_template|7fy8__1__1.A__1.I_1.J|1.I,mid,True,False,True,False,False,False,1
af3_no_template|7fyr__1__1.A__1.B|1.B,mid,True,True,True,False,False,False,1
af3_no_template|7fz3__1__1.A__1.B|1.B,mid,True,False,True,False,False,False,0
af3_no_template|7g00__1__1.A__1.Q|1.Q,mid,True,False,True,False,False,False,1
af3_no_template|7g0g__1__1.A__1.B|1.B,mid,True,True,True,False,False,False,0
af3_no_template|7g1j__1__1.A__1.B|1.B,mid,True,False,True,False,False,False,1
af3_no_template|7g20__1__1.A__1.B|1.B,mid,True,True,True,False,False,False,1
af3_no_template|7ge9__1__1.A_2.A__1.E|1.E,high,True,False,True,False,False,False,0
af3_no_template|7gis__1__1.A_1.B__1.E_1.F|1.F,high,True,False,True,False,False,False,0
af3_no_template|7jni__1__1.A__1.C|1.C,low,True,True,False,False,True,False,1
af3_no_template|7kh4__1__1.A_1.F__1.G_1.W|1.G,high,False,False,False,False,False,False,0
af3_no_template|7l00__1__1.B__1.J_1.K_1.L|1.K,mid,True,False,False,False,False,False,0
af3_no_template|7l3m__1__1.A__1.B_1.D_1.E_1.F_1.G|1.E,high,False,False,False,False,False,False,0
af3_no_template|7ldy__1__1.A_1.B__1.H|1.H,high,False,False,False,False,False,False,0
af3_no_template|7le5__1__1.A_1.B__1.H|1.H,high,False,False,False,False,False,False,0
af3_no_template|7lff__1__1.A__1.C_1.D|1.C,high,False,False,False,False,False,False,0
af3_no_template|7lgx__1__2.B__2.F_2.H|2.F,high,True,False,False,False,False,False,0
af3_no_template|7lgx__1__2.B__2.F_2.H|2.H,high,False,False,False,False,False,False,0
af3_no_template|7lov__1__1.A__1.C_1.D_1.H|1.D,high,False,False,False,False,False,False,0
af3_no_template|7lpw__1__1.A_1.B__1.G|1.G,mid,True,True,False,False,False,False,1
af3_no_template|7lr9__1__1.A__1.C|1.C,high,True,False,False,False,False,False,1
af3_no_template|7ltt__1__1.A_1.C_1.D__1.E_1.L_1.M|1.L,high,False,False,False,False,False,False,0
af3_no_template|7ltx__1__1.A__1.E_1.F_1.G|1.E,high,False,False,False,False,False,False,0
af3_no_template|7ly6__1__1.A_2.A__1.B_1.C_1.D|1.B,low,True,True,False,False,True,False,1
af3_no_template|7ly6__1__1.A_2.A__1.B_1.C_1.D|1.C,mid,False,True,False,False,False,False,0
af3_no_template|7m9g__1__1.A_1.B__1.E|1.E,high,False,False,False,False,False,False,0
af3_no_template|7m9h__1__1.A_1.B__1.E|1.E,high,False,False,False,False,False,False,0
af3_no_template|7m9r__1__1.A_1.B__1.C|1.C,high,False,False,False,False,False,False,0
af3_no_template|7ma0__1__1.A_1.B__1.I|1.I,high,False,False,False,False,False,False,0
af3_no_template|7ma1__1__1.A_1.B__1.M|1.M,high,False,False,False,False,False,False,0
af3_no_template|7ma3__1__1.A_1.B__1.E|1.E,high,False,False,False,False,False,False,0
af3_no_template|7ma4__1__1.A_1.B__1.D|1.D,high,False,False,False,False,False,False,0
af3_no_template|7ma5__1__1.A_1.B__1.G|1.G,high,False,False,False,False,False,False,0
af3_no_template|7ma7__1__1.A_1.B__1.E|1.E,high,False,False,False,False,False,False,0
af3_no_template|7ma8__1__1.A_1.B__1.E|1.E,high,False,False,False,False,False,False,0
af3_no_template|7maq__1__1.A_1.B__1.C|1.C,high,False,False,False,False,False,False,0
af3_no_template|7mjd__1__1.B__1.S|1.S,mid,True,False,False,False,False,False,1
af3_no_template|7mmr__1__1.A_1.E__1.BA_1.CA_1.K|1.BA,high,False,False,False,False,False,False,0
af3_no_template|7mt4__1__2.A_2.B__2.C|2.C,high,False,False,False,False,False,False,0
af3_no_template|7mwn__1__1.A_1.B__1.C|1.C,mid,True,False,False,False,False,False,0
af3_no_template|7mwt__1__1.A__1.B_1.C|1.B,high,False,False,False,False,False,False,0
af3_no_template|7mwu__1__1.A__1.B_1.C|1.B,high,False,False,False,False,False,False,0
af3_no_template|7mwv__1__1.A__1.B_1.C|1.B,high,False,False,False,False,False,False,0
af3_no_template|7myd__1__1.A__1.C_1.G|1.C,high,False,False,False,False,False,False,0
af3_no_template|7n4z__1__1.A__1.F|1.F,mid,True,True,False,False,False,False,1
af3_no_template|7n53__1__1.A__1.D|1.D,mid,True,True,False,False,False,False,1
af3_no_template|7n54__1__1.B__1.H|1.H,mid,True,False,False,False,False,False,0
af3_no_template|7nag__1__1.A__1.C|1.C,mid,True,True,False,False,False,False,1
af3_no_template|7nah__1__1.A__1.C|1.C,mid,True,True,False,False,False,False,1
af3_no_template|7nai__1__1.A__1.C|1.C,mid,True,True,False,False,False,False,1
af3_no_template|7ng1__1__2.A__2.C_2.D|2.C,mid,True,True,False,False,False,False,1
af3_no_template|7ngs__1__1.A__1.B|1.B,high,False,False,False,False,False,False,0
af3_no_template|7nlv__1__1.A_1.C__1.G|1.G,high,True,False,False,False,False,False,0
af3_no_template|7nsn__1__1.A__1.J|1.J,low,True,True,False,False,True,False,1
af3_no_template|7nwc__1__1.A_1.B__1.G|1.G,mid,True,False,False,False,False,False,1
af3_no_template|7nya__1__1.A_1.B__1.F|1.F,mid,True,True,False,False,False,False,1
af3_no_template|7nzy__1__1.A__1.E|1.E,mid,True,True,False,False,False,False,1
af3_no_template|7o46__1__1.A_2.A__1.B|1.B,mid,True,False,False,False,False,False,0
af3_no_template|7oa4__1__1.A__1.E_1.F_1.H_1.I|1.E,mid,True,True,False,False,False,False,0
af3_no_template|7ocs__1__1.D__1.BB|1.BB,mid,False,True,False,False,False,False,1
af3_no_template|7oj6__1__1.A_1.C__1.Y|1.Y,mid,True,False,False,False,False,False,1
af3_no_template|7ojw__1__1.A_1.C__1.F|1.F,mid,True,False,False,False,False,False,1
af3_no_template|7ojy__1__1.A_1.B__1.D|1.D,mid,True,False,False,False,False,False,1
af3_no_template|7ok1__1__1.A_1.B__1.D|1.D,mid,True,False,False,False,False,False,0
af3_no_template|7oll__1__1.A_2.A__2.B_2.C_2.D|2.C,high,True,False,False,False,False,False,0
af3_no_template|7olr__1__1.A_2.A__2.B_2.C_2.D|2.C,high,False,False,False,False,False,False,0
af3_no_template|7ome__1__1.A__1.B|1.B,mid,True,True,False,False,False,False,1
af3_no_template|7onf__1__1.A_2.A__1.C|1.C,high,False,False,False,False,False,False,0
af3_no_template|7osq__1__1.A__1.B_1.C|1.B,high,False,False,False,False,False,False,0
af3_no_template|7p1e__1__1.A__1.C_1.G|1.C,low,False,True,False,False,False,False,1
af3_no_template|7p1u__1__1.A__1.C_1.D|1.C,high,False,False,False,False,False,False,0
af3_no_template|7p2t__1__1.A__1.E_1.H|1.H,mid,True,False,False,False,False,False,1
af3_no_template|7p4o__1__1.A__1.C_1.F|1.F,mid,True,True,False,False,False,False,0
af3_no_template|7p50__1__1.A_1.B__1.D_1.E_1.F|1.F,high,False,False,False,False,False,False,0
af3_no_template|7p5n__1__1.A__1.C|1.C,high,True,False,False,False,False,False,1
af3_no_template|7pcm__1__1.A_1.B__1.F_1.I_1.J_1.K|1.F,mid,True,True,False,False,False,False,0
af3_no_template|7pco__1__1.A_1.B__1.F_1.H_1.I_1.J|1.F,mid,True,True,False,False,False,False,0
af3_no_template|7pd6__1__1.A_1.B__1.K|1.K,mid,True,True,False,False,False,False,1
af3_no_template|7pdt__1__1.A__1.E|1.E,high,True,False,False,False,False,False,0
af3_no_template|7pe4__1__1.A__1.B_1.C|1.B,high,False,False,True,False,False,False,0
af3_no_template|7pjm__1__1.A_1.B__1.D_1.G_1.H|1.D,high,False,True,False,False,False,False,1
af3_no_template|7pox__1__1.A__1.C|1.C,high,True,False,False,False,False,False,1
af3_no_template|7pqv__1__1.A__1.B|1.B,mid,True,True,False,False,False,False,0
af3_no_template|7psc__1__1.A_1.B__1.C_1.D|1.C,high,False,False,True,False,False,False,0
af3_no_template|7pu9__1__1.A__1.B_1.C|1.B,mid,True,True,False,False,False,False,1
af3_no_template|7pu9__1__1.A__1.B_1.C|1.C,mid,True,True,False,False,False,False,1
af3_no_template|7puw__1__1.B__1.G_1.H|1.H,mid,True,True,False,False,False,False,0
af3_no_template|7pwd__1__1.A__1.D|1.D,mid,True,True,False,False,False,False,0
af3_no_template|7pz1__1__1.A__1.D|1.D,high,True,False,False,False,False,False,0
af3_no_template|7pzv__1__1.A__1.B_1.C|1.C,mid,True,False,False,False,False,False,1
af3_no_template|7q6v__1__1.A__1.E|1.E,mid,True,True,False,False,False,False,0
af3_no_template|7q6w__1__1.A__1.E|1.E,mid,True,True,False,False,False,False,0
af3_no_template|7q8q__1__1.A__1.C_1.E_1.J|1.C,mid,True,False,False,False,False,False,1
af3_no_template|7q8z__1__1.A__1.E|1.E,mid,True,True,False,False,False,False,0
af3_no_template|7qaa__1__1.B__1.D|1.D,high,True,False,False,False,False,False,0
af3_no_template|7qea__1__1.A__1.C|1.C,low,True,True,False,False,True,False,0
af3_no_template|7qqa__1__1.A_1.B__1.H_1.I|1.H,high,False,False,False,False,False,False,0
af3_no_template|7qt6__1__1.A__1.B|1.B,high,True,False,False,False,False,False,0
af3_no_template|7qzl__1__1.B__1.F_1.H|1.H,mid,True,True,False,False,False,False,0
af3_no_template|7r0a__1__1.A__1.C|1.C,mid,True,False,False,False,False,False,0
af3_no_template|7r2v__1__1.A__1.C_1.D|1.C,high,False,False,False,False,False,False,0
af3_no_template|7r4a__1__1.A__1.C|1.C,mid,True,True,True,False,False,False,0
af3_no_template|7r5d__1__1.A__1.C|1.C,mid,True,True,True,False,False,False,0
af3_no_template|7r7r__1__1.A__1.B|1.B,high,False,False,False,False,False,False,0
af3_no_template|7r9n__1__1.B__1.E|1.E,high,True,False,False,False,False,False,0
af3_no_template|7r9t__1__1.A__1.C|1.C,mid,True,True,False,False,False,False,0
af3_no_template|7rae__1__1.A__1.C|1.C,high,True,False,False,False,False,False,0
af3_no_template|7raf__1__1.A__1.C|1.C,high,True,False,False,False,False,False,0
af3_no_template|7rbw__1__1.A__1.C|1.C,low,True,True,False,False,True,False,1
af3_no_template|7rl2__1__1.A__1.C|1.C,high,True,False,False,False,False,False,1
af3_no_template|7rls__1__1.A_2.A__2.B|2.B,high,False,False,False,False,False,False,0
af3_no_template|7rmb__1__1.A_2.A__2.B|2.B,high,False,False,False,False,False,False,0
af3_no_template|7rre__1__1.A__1.B_1.C_1.D|1.B,mid,True,False,False,False,False,False,1
af3_no_template|7s1s__1__1.A__1.C_1.D|1.D,mid,True,False,False,False,False,False,0
af3_no_template|7s5f__1__1.A__1.E_1.F|1.F,mid,True,False,False,False,False,False,1
af3_no_template|7s6v__1__1.A__1.B|1.B,mid,True,True,False,False,False,False,0
af3_no_template|7s7t__1__1.A__1.B|1.B,low,True,True,False,False,True,False,0
af3_no_template|7scw__1__1.A_1.B__1.C_1.D|1.D,high,False,False,False,False,False,False,0
af3_no_template|7sh0__1__1.A__1.C_1.D_1.H|1.D,mid,True,False,False,False,False,False,1
af3_no_template|7sh1__1__1.A__1.C_1.J|1.C,high,False,False,False,False,False,False,0
af3_no_template|7siu__1__1.A__1.C|1.C,mid,True,False,False,False,False,False,0
af3_no_template|7snz__1__1.A_1.B__1.C|1.C,high,True,False,False,False,False,False,0
af3_no_template|7spy__1__1.A_2.A__2.B_2.C|2.B,high,False,False,False,False,False,False,1
af3_no_template|7sqe__1__1.A__1.D|1.D,high,True,False,False,False,False,False,0
af3_no_template|7sqn__1__1.A__1.B_1.E|1.B,high,False,False,False,False,False,False,0
af3_no_template|7suf__1__1.A__1.B_1.D|1.B,mid,True,True,False,False,False,False,0
af3_no_template|7sv1__1__1.A__1.C_1.D|1.D,high,True,False,False,False,False,False,1
af3_no_template|7sxj__1__1.A__1.C|1.C,high,False,False,True,False,False,False,0
af3_no_template|7t0c__1__1.A_1.B__1.VA|1.VA,high,False,False,False,False,False,False,1
af3_no_template|7t1d__1__1.A_1.B__1.G_1.I|1.I,mid,True,False,True,False,False,False,1
af3_no_template|7t2z__1__1.A_1.B__1.F_1.H|1.F,mid,True,True,False,False,False,False,1
af3_no_template|7t5k__1__1.A__1.D|1.D,mid,True,False,False,False,False,False,1
af3_no_template|7t5r__1__1.A_1.C__1.I_1.J|1.I,mid,True,False,False,False,False,False,0
af3_no_template|7t5r__1__1.A_1.C__1.I_1.J|1.J,mid,True,False,False,False,False,False,0
af3_no_template|7t5x__1__1.A_1.C__1.I|1.I,mid,True,False,False,False,False,False,0
af3_no_template|7t5y__1__1.B__1.G|1.G,mid,True,False,False,False,False,False,0
af3_no_template|7t5z__1__1.A_1.C__1.I|1.I,mid,True,False,False,False,False,False,1
af3_no_template|7t60__1__1.B_1.C__1.M|1.M,mid,True,False,False,False,False,False,1
af3_no_template|7t61__1__1.B_1.C__1.L|1.L,mid,True,False,False,False,False,False,1
af3_no_template|7t6c__1__1.A__1.E|1.E,mid,True,False,False,False,False,False,1
af3_no_template|7t6h__1__1.A__1.C_1.D|1.C,high,False,False,False,False,False,False,0
af3_no_template|7t6h__1__1.A__1.C_1.D|1.D,high,False,False,False,False,False,False,0
af3_no_template|7tba__1__1.A__1.U_1.V_1.W|1.U,mid,True,True,False,False,False,False,0
af3_no_template|7tbc__1__1.A__1.B_1.J_1.L_1.S|1.S,mid,True,True,False,False,False,False,1
af3_no_template|7tbd__1__1.A__1.E|1.E,mid,True,True,False,False,False,False,0
af3_no_template|7td8__1__1.A_1.B__1.AA_1.W|1.AA,high,True,False,False,False,False,False,0
af3_no_template|7te8__1__1.A_1.B__1.E|1.E,mid,True,True,False,False,False,False,1
af3_no_template|7tgk__1__1.A__1.Q_1.R_1.S|1.Q,high,False,False,False,False,False,False,0
af3_no_template|7tgl__1__1.B__1.R_1.S_1.U_1.W_1.X|1.S,high,False,False,False,False,False,False,0
af3_no_template|7tm5__1__1.A__1.C_1.D_1.E|1.C,high,False,False,False,False,False,False,0
af3_no_template|7tm6__1__1.A__1.C_1.D|1.C,high,False,False,False,False,False,False,0
af3_no_template|7tm6__1__1.A__1.C_1.D|1.D,high,False,False,False,False,False,False,0
af3_no_template|7tmf__1__1.A_1.B__1.J_1.P|1.J,high,False,False,False,False,False,False,0
af3_no_template|7tuo__1__1.A__1.B|1.B,low,True,True,True,False,True,True,1
af3_no_template|7twz__1__1.A__1.G_1.K|1.G,high,False,False,False,False,False,False,0
af3_no_template|7txh__1__1.A__1.G_1.H_1.I|1.G,high,False,False,False,False,False,False,0
af3_no_template|7u0r__1__1.B__1.I_1.J_1.K_1.L|1.I,mid,True,True,True,False,False,False,0
af3_no_template|7u2z__1__1.A__1.C|1.C,mid,True,True,False,False,False,False,1
af3_no_template|7u6b__1__1.A__1.B_1.E|1.B,mid,True,False,False,False,False,False,0
af3_no_template|7u8w__1__1.A__1.C|1.C,mid,True,False,True,False,False,False,0
af3_no_template|7u8x__1__1.A__1.B|1.B,mid,True,False,True,False,False,False,0
af3_no_template|7u8y__1__1.B__1.G_1.H_1.I_1.J|1.G,mid,True,True,True,False,False,False,1
af3_no_template|7u8y__1__1.B__1.G_1.H_1.I_1.J|1.H,mid,True,True,True,False,False,False,1
af3_no_template|7u9u__1__2.A__2.C_2.D|2.C,high,False,True,False,False,False,False,0
af3_no_template|7ubo__1__1.A__1.E|1.E,mid,True,True,False,False,False,False,0
af3_no_template|7udq__1__1.A__1.C|1.C,low,True,True,True,False,True,True,0
af3_no_template|7ue6__1__1.A_2.A__2.C_2.F_2.G_2.H|2.G,high,False,False,True,False,False,False,0
af3_no_template|7ueo__1__1.A_2.A__2.B_2.C_2.E|2.C,high,False,False,True,False,False,False,0
af3_no_template|7uep__1__1.A_2.A__2.B_2.C_2.D_2.E|2.B,high,False,False,True,False,False,False,0
af3_no_template|7ueq__1__1.A_2.A__2.B_2.C_2.D|2.B,high,False,False,True,False,False,False,0
af3_no_template|7ueu__1__1.A_2.A__2.C_2.D_2.E|2.C,high,False,False,True,False,False,False,0
af3_no_template|7uf8__1__1.A__1.E_1.F|1.F,low,True,True,True,False,True,True,1
af3_no_template|7ugb__1__1.A__1.C|1.C,high,False,False,True,False,False,False,0
af3_no_template|7ugl__1__1.A__1.C|1.C,mid,True,False,True,False,False,False,1
af3_no_template|7uj8__1__1.A__1.C|1.C,high,True,False,False,False,False,False,0
af3_no_template|7ujc__1__1.B__1.D|1.D,high,True,False,False,False,False,False,0
af3_no_template|7ujf__1__1.A__1.E|1.E,high,False,False,False,False,False,False,0
af3_no_template|7ujh__1__1.A_1.B__1.D|1.D,high,False,False,True,False,False,False,0
af3_no_template|7ulf__1__1.A_2.A__2.B_2.C_2.D_2.E|2.B,mid,True,True,True,False,False,False,1
af3_no_template|7um4__1__1.A__1.I|1.I,mid,True,False,False,False,False,False,0
af3_no_template|7um8__1__1.A_2.B__1.C_1.D|1.C,high,False,False,True,False,False,False,0
af3_no_template|7uoh__1__1.A__1.C_1.D|1.C,mid,True,False,False,False,False,False,1
af3_no_template|7utw__1__1.A_1.B__1.C_1.E_1.F|1.E,high,False,False,True,False,False,False,0
af3_no_template|7utw__1__1.A_1.B__1.C_1.E_1.F|1.F,high,False,False,True,False,False,False,0
af3_no_template|7uum__1__1.A_2.A__1.B_1.C|1.C,low,True,True,False,False,True,False,1
af3_no_template|7uw2__1__1.A__1.C|1.C,high,False,False,True,False,False,False,0
af3_no_template|7uy0__1__1.A__1.E|1.E,high,True,False,False,False,False,False,0
af3_no_template|7v0h__1__1.B__1.N_1.P|1.P,mid,True,True,False,False,False,False,0
af3_no_template|7vdp__1__1.A__1.E_1.F|1.E,mid,True,True,False,False,False,False,0
af3_no_template|7vdq__1__1.A__1.E|1.E,mid,True,True,False,False,False,False,0
af3_no_template|7vdr__1__1.A__1.E_1.F_1.N|1.E,mid,True,True,False,False,False,False,0
af3_no_template|7vds__1__1.A__1.E|1.E,mid,True,True,False,False,False,False,0
af3_no_template|7vez__1__1.A_1.D__1.E|1.E,high,False,False,False,False,False,False,0
af3_no_template|7vmy__1__1.A__1.C_1.D_1.E|1.D,mid,False,True,False,False,False,False,1
af3_no_template|7vo5__1__1.A__1.B|1.B,low,True,True,False,False,True,False,1
af3_no_template|7vpe__1__1.A__1.B|1.B,low,True,True,False,False,True,False,1
af3_no_template|7vqt__1__1.A__1.G_1.H|1.H,high,False,False,False,False,False,False,0
af3_no_template|7vqu__1__1.A__1.G_1.H|1.H,high,False,False,False,False,False,False,0
af3_no_template|7vwf__1__1.A_1.B__1.C_1.E|1.C,high,False,False,False,False,False,False,0
af3_no_template|7vwf__1__1.A_1.B__1.C_1.E|1.E,high,False,False,False,False,False,False,0
af3_no_template|7vyp__1__1.A_1.B__1.C_1.K_1.P_1.Q|1.P,low,True,True,False,False,True,False,1
af3_no_template|7vzy__1__1.A_1.B__1.C_1.D_1.E_1.M|1.C,low,True,True,False,False,True,False,1
af3_no_template|7vzz__1__1.A_1.B__1.AA_1.Y_1.Z|1.AA,low,True,True,False,False,True,False,1
af3_no_template|7w2d__1__1.B__1.R|1.R,mid,True,False,False,False,False,False,1
af3_no_template|7w3l__1__1.A__1.B_1.C_1.J|1.B,high,False,False,False,False,False,False,0
af3_no_template|7w4x__1__1.A__1.C_1.D_1.E|1.E,mid,True,True,False,False,False,False,1
af3_no_template|7w8v__1__1.A__1.B_1.D|1.D,high,False,False,False,False,False,False,0
af3_no_template|7wc6__1__1.A__1.F|1.F,high,True,False,False,False,False,False,0
af3_no_template|7wc8__1__1.A__1.H|1.H,mid,True,True,False,False,False,False,0
af3_no_template|7wcv__1__1.A__1.B_1.C_1.D|1.B,high,False,False,False,False,False,False,0
af3_no_template|7wdu__1__1.A__1.C|1.C,low,True,True,False,False,True,False,1
af3_no_template|7wgl__1__1.A__1.D|1.D,high,True,False,False,False,False,False,0
af3_no_template|7wlw__1__1.A__1.I|1.I,high,False,False,False,False,False,False,0
af3_no_template|7wmk__1__1.A__1.B_1.G|1.B,high,True,True,False,False,False,False,0
af3_no_template|7wpx__1__1.A__1.B_1.C|1.C,mid,True,True,False,False,False,False,1
af3_no_template|7wqm__1__1.A__1.C_1.D|1.C,high,False,False,True,False,False,False,0
af3_no_template|7wqs__1__1.A__1.C_1.D|1.C,high,False,False,True,False,False,False,0
af3_no_template|7wzv__1__1.A__1.C_1.E_1.F_1.K_1.O|1.E,mid,False,True,False,False,False,False,0
af3_no_template|7wzv__1__1.A__1.C_1.E_1.F_1.K_1.O|1.F,low,True,True,False,False,True,False,0
af3_no_template|7wzx__1__1.A__1.B_1.D_1.E_1.I|1.I,low,True,True,False,False,True,False,0
af3_no_template|7x0b__1__1.A__1.C_1.E_1.N|1.E,mid,False,True,False,False,False,False,0
af3_no_template|7x11__1__1.D__1.P|1.P,low,True,True,False,False,True,False,1
af3_no_template|7x3l__1__1.A__1.C_1.D|1.C,high,False,False,True,False,False,False,0
af3_no_template|7x3m__1__1.A__1.C_1.D|1.C,high,False,False,True,False,False,False,0
af3_no_template|7x3o__1__1.A__1.C_1.D|1.C,high,False,False,True,False,False,False,0
af3_no_template|7x9d__1__1.A__1.E|1.E,mid,True,False,True,False,False,False,1
af3_no_template|7x9l__1__1.A__1.C_1.E_1.F|1.C,high,False,False,False,False,False,False,0
af3_no_template|7xif__1__1.F__1.W_1.X|1.X,mid,False,True,False,False,False,False,0
af3_no_template|7xjb__1__1.A__1.E_1.F_1.G|1.E,high,False,False,True,False,False,False,0
af3_no_template|7xlp__1__1.A__1.B|1.B,mid,True,False,True,False,False,False,0
af3_no_template|7xm7__1__1.A__1.E|1.E,mid,True,False,False,False,False,False,1
af3_no_template|7xnc__1__1.A__1.B|1.B,mid,True,False,True,False,False,False,0
af3_no_template|7xpu__1__2.A__2.C_2.D|2.C,low,True,True,True,False,True,True,0
af3_no_template|7xpv__1__1.A__1.C_1.D|1.C,low,True,True,True,False,True,True,0
af3_no_template|7xqv__1__1.A__1.D_1.E|1.D,high,False,False,False,False,False,False,0
af3_no_template|7xrr__1__1.A__1.B|1.B,high,True,False,False,False,False,False,1
af3_no_template|7xub__1__1.A__1.H|1.H,mid,True,False,True,False,False,False,0
af3_no_template|7xvh__1__2.A__2.B_2.C|2.C,high,True,False,True,False,False,False,0
af3_no_template|7xxc__1__1.A_1.B_1.D__1.M|1.M,low,True,True,True,False,True,True,1
af3_no_template|7xxm__1__1.A_1.B_1.C__1.K|1.K,low,True,True,True,False,True,True,1
af3_no_template|7xxn__1__2.A__2.B_2.C|2.B,low,True,True,True,False,True,True,1
af3_no_template|7xyj__1__1.A_1.B__1.E_1.F|1.E,high,False,False,True,False,False,False,0
af3_no_template|7y06__1__1.A__1.B_1.C|1.B,mid,True,True,False,False,False,False,0
af3_no_template|7y4a__1__1.A__1.I_1.J_1.K|1.K,high,False,False,True,False,False,False,0
af3_no_template|7yb2__1__1.C__1.L_1.M|1.M,high,False,False,True,False,False,False,0
af3_no_template|7ycc__1__1.A__1.D_1.E_1.F|1.D,high,False,False,False,False,False,False,0
af3_no_template|7yce__1__1.A__1.B_1.C_1.D_1.E|1.B,high,False,False,False,False,False,False,0
af3_no_template|7yd2__1__1.A_1.B__1.K|1.K,low,True,True,True,False,True,True,1
af3_no_template|7yh9__1__1.A__1.G_1.H_1.I|1.I,mid,True,True,True,False,False,False,1
af3_no_template|7yha__1__1.A__1.E_1.F_1.G_1.H|1.G,mid,True,True,True,False,False,False,0
af3_no_template|7yha__1__1.A__1.E_1.F_1.G_1.H|1.H,mid,True,True,True,False,False,False,0
af3_no_template|7yhc__1__1.A__1.I_1.J_1.K|1.K,mid,True,False,True,False,False,False,1
af3_no_template|7yj9__1__1.A_2.A__2.B|2.B,high,False,False,False,False,False,False,1
af3_no_template|7ypu__1__1.A_1.B__1.I|1.I,low,True,True,True,False,True,True,1
af3_no_template|7ypu__1__1.A_1.B__1.J_1.K|1.J,low,True,True,True,False,True,True,1
af3_no_template|7ypv__1__1.A_1.B__1.J|1.J,low,True,True,True,False,True,True,1
af3_no_template|7yv4__1__1.A__1.B|1.B,low,True,True,True,False,True,True,1
af3_no_template|7yxd__1__1.A__1.I|1.I,high,True,False,False,False,False,False,0
af3_no_template|7yxl__1__1.A__1.C_1.E|1.E,low,False,True,False,False,False,False,0
af3_no_template|7yzu__1__1.A__1.B|1.B,mid,False,True,False,False,False,False,0
af3_no_template|7z0w__1__1.A_1.B__1.J_1.K|1.J,high,False,False,False,False,False,False,0
af3_no_template|7z1v__1__1.A__1.C|1.C,mid,True,True,True,False,False,False,0
af3_no_template|7z1w__1__1.A__1.C|1.C,mid,True,False,True,False,False,False,0
af3_no_template|7z2q__1__1.A__1.C|1.C,mid,True,False,True,False,False,False,0
af3_no_template|7z39__1__1.A__1.C|1.C,mid,True,True,False,False,False,False,1
af3_no_template|7z3k__1__1.A__1.D_1.DA_1.E_1.F_1.P|1.DA,mid,True,True,True,False,False,False,0
af3_no_template|7z3y__1__1.A__1.D|1.D,mid,True,False,True,False,False,False,0
af3_no_template|7z41__1__1.A__1.C|1.C,mid,True,False,True,False,False,False,0
af3_no_template|7z57__1__1.A__1.B_1.C_1.J|1.B,mid,True,True,False,False,False,False,1
af3_no_template|7z57__1__1.A__1.B_1.C_1.J|1.C,mid,True,True,False,False,False,False,1
af3_no_template|7z5u__1__1.A__1.B_1.C|1.C,low,True,True,False,False,True,False,0
af3_no_template|7z6c__1__1.A__1.B_1.C_1.D|1.B,high,False,False,False,False,False,False,0
af3_no_template|7z74__1__1.A__1.B_1.C|1.B,mid,True,True,False,False,False,False,0
af3_no_template|7z78__1__1.A__1.D|1.D,mid,True,False,False,False,False,False,0
af3_no_template|7zf0__1__1.A__1.B_1.C_1.I_1.J_1.K|1.I,mid,False,True,False,False,False,False,0
af3_no_template|7zg9__1__1.A__1.C|1.C,low,True,True,True,False,True,True,1
af3_no_template|7zgc__1__1.A__1.B|1.B,mid,True,True,True,False,False,False,0
af3_no_template|7zif__1__1.A__1.B_1.C|1.C,mid,True,False,False,False,False,False,1
af3_no_template|7zig__1__1.A__1.B_1.C|1.B,mid,True,False,False,False,False,False,0
af3_no_template|7zih__1__1.A__1.B_1.C|1.C,mid,True,False,False,False,False,False,1
af3_no_template|7zii__1__1.A__1.B_1.C|1.C,mid,True,False,False,False,False,False,1
af3_no_template|7zij__1__1.A__1.B_1.C|1.B,mid,True,False,False,False,False,False,0
af3_no_template|7zjq__1__1.A__1.E|1.E,mid,True,True,False,False,False,False,0
af3_no_template|7zks__1__1.A__1.B|1.B,mid,True,True,True,False,False,False,0
af3_no_template|7zkw__1__1.A_1.C__1.E|1.E,low,True,True,False,False,True,False,1
af3_no_template|7zkx__1__1.A__1.B_1.L|1.B,mid,True,True,True,False,False,False,0
af3_no_template|7zq3__1__2.A_2.B__2.C_2.D|2.C,high,False,False,False,False,False,False,0
af3_no_template|7zqk__1__1.A_1.B__1.C_1.D|1.C,high,False,False,False,False,False,False,0
af3_no_template|7zsq__1__1.B_1.C__1.G_1.I|1.G,mid,True,True,True,False,False,False,0
af3_no_template|7zxw__1__1.A__1.C_1.D_1.G|1.D,high,False,False,False,False,False,False,1
af3_no_template|7zym__1__1.A__1.B|1.B,high,True,False,True,False,False,False,0
af3_no_template|7zzs__1__1.A__1.D_1.J_1.L|1.L,mid,True,True,False,False,False,False,0
af3_no_template|7zzw__1__1.A__1.E_1.M|1.M,low,True,True,False,False,True,False,1
af3_no_template|8a12__1__1.A__1.D_1.G|1.D,high,False,False,True,False,False,False,0
af3_no_template|8a2p__1__1.A__1.B|1.B,high,False,False,True,False,False,False,0
af3_no_template|8a9i__1__1.A__1.B|1.B,mid,True,True,False,False,False,False,0
af3_no_template|8ad7__1__1.A__1.J|1.J,high,False,False,False,False,False,False,0
af3_no_template|8ajv__1__1.B_1.C__1.N_1.S|1.N,high,False,False,True,False,False,False,0
af3_no_template|8ajw__1__1.B_1.C__1.I_1.J|1.I,high,False,False,True,False,False,False,0
af3_no_template|8ajw__1__1.B_1.C__1.I_1.J|1.J,high,False,False,True,False,False,False,0
af3_no_template|8ak5__1__1.A__1.C_1.E_1.F_1.G|1.C,high,False,False,True,False,False,False,0
af3_no_template|8ak5__1__1.A__1.C_1.E_1.F_1.G|1.E,mid,True,True,True,False,False,False,1
af3_no_template|8ak7__1__1.A__1.C_1.E_1.G|1.C,high,False,False,True,False,False,False,0
af3_no_template|8ak8__1__1.A__1.C_1.F_1.L|1.C,high,False,False,True,False,False,False,0
af3_no_template|8akd__1__1.A__1.C_1.E|1.E,mid,True,True,True,False,False,False,1
af3_no_template|8am2__1__1.A__1.D|1.D,mid,True,True,True,False,False,False,1
af3_no_template|8am8__1__1.A__1.C_1.J|1.J,mid,True,True,True,True,False,False,0
af3_no_template|8apw__1__1.A_2.A__2.C|2.C,mid,True,False,True,False,False,False,0
af3_no_template|8aqf__1__1.A__1.B|1.B,mid,True,True,True,False,False,False,0
af3_no_template|8arj__1__1.A__1.B|1.B,mid,True,True,False,False,False,False,0
af3_no_template|8atb__1__1.A__1.C|1.C,mid,True,True,True,False,False,False,0
af3_no_template|8au8__1__1.A_1.B__1.C_1.D_1.H|1.C,high,False,False,True,False,False,False,0
af3_no_template|8aue__1__1.A__1.C_1.D|1.D,mid,True,False,True,False,False,False,1
af3_no_template|8aui__1__1.A_1.B__1.C_1.D_1.G|1.C,high,False,False,True,False,False,False,0
af3_no_template|8aui__1__1.A_1.B__1.C_1.D_1.G|1.D,mid,True,False,True,False,False,False,1
af3_no_template|8aui__1__1.A_1.B__1.C_1.D_1.G|1.G,mid,True,False,True,False,False,False,1
af3_no_template|8auj__1__1.A__1.C_1.D|1.D,mid,True,False,True,False,False,False,1
af3_no_template|8av1__1__1.B__1.J_1.M|1.M,mid,True,True,True,False,False,False,0
af3_no_template|8aw1__1__1.A__1.C|1.C,high,False,False,True,False,False,False,0
af3_no_template|8axp__1__1.A__1.C|1.C,mid,True,True,False,False,False,False,1
af3_no_template|8ay6__1__1.A_1.B__1.C|1.C,high,True,False,True,False,False,False,0
af3_no_template|8aya__1__1.A_1.B__1.C|1.C,high,True,False,True,False,False,False,0
af3_no_template|8azd__1__1.A__1.C|1.C,high,False,False,True,False,False,False,0
af3_no_template|8azi__1__1.A__1.C|1.C,high,False,False,True,True,False,False,0
af3_no_template|8azl__1__1.A__1.C|1.C,high,False,False,True,True,False,False,0
af3_no_template|8b08__1__1.B__1.E|1.E,high,False,False,True,False,False,False,0
af3_no_template|8b25__1__1.A_1.B__1.J|1.J,low,True,True,False,False,True,False,1
af3_no_template|8b72__1__1.A_1.B__1.F_1.G|1.F,mid,True,False,False,False,False,False,1
af3_no_template|8b80__1__1.A__1.F_1.G|1.F,high,False,False,False,False,False,False,0
af3_no_template|8b9h__1__1.A__1.B|1.B,mid,True,True,True,False,False,False,0
af3_no_template|8bab__1__1.A__1.H_1.I|1.I,mid,True,True,True,False,False,False,0
af3_no_template|8baj__1__1.A__1.B|1.B,high,False,False,False,False,False,False,0
af3_no_template|8bam__1__1.A__1.C_1.D|1.C,high,False,False,True,False,False,False,0
af3_no_template|8bgx__1__1.A_1.D__1.E_1.F_1.I|1.F,mid,True,True,True,False,False,False,1
af3_no_template|8bgy__1__1.A_1.B__1.E_1.F|1.F,mid,True,True,True,False,False,False,1
af3_no_template|8bgz__1__1.A_1.B__1.F|1.F,mid,True,True,True,False,False,False,1
af3_no_template|8bh0__1__1.A_1.D__1.J|1.J,mid,True,True,True,False,False,False,1
af3_no_template|8bhg__1__1.B_1.C__1.K|1.K,mid,True,True,True,False,False,False,0
af3_no_template|8bid__1__1.C_2.A__2.F_2.G|2.F,mid,True,True,True,False,False,False,1
af3_no_template|8bih__1__1.A_1.L__1.N|1.N,mid,True,True,True,False,False,False,1
af3_no_template|8bir__1__1.A_1.B__1.D|1.D,mid,True,True,True,False,False,False,0
af3_no_template|8bji__1__1.A_1.B__1.C_1.D|1.C,high,False,False,True,False,False,False,0
af3_no_template|8bl0__1__1.A__1.C_1.E|1.C,high,False,False,True,False,False,False,0
af3_no_template|8bl1__1__1.A__1.C_1.E|1.C,high,False,False,True,False,False,False,0
af3_no_template|8blz__1__1.A__1.B_1.D|1.B,high,False,False,True,False,False,False,0
af3_no_template|8br0__1__1.A_1.B__1.E_1.F_1.G|1.E,high,False,False,True,False,False,False,0
af3_no_template|8br0__1__1.A_1.B__1.E_1.F_1.G|1.F,high,False,False,True,False,False,False,0
af3_no_template|8bsg__1__1.A__1.B|1.B,high,False,False,True,False,False,False,0
af3_no_template|8bst__1__1.A__1.R|1.R,high,False,False,True,False,False,False,0
af3_no_template|8bsu__1__1.A_1.D__1.I_1.OA_1.SA|1.I,high,False,False,True,False,False,False,0
af3_no_template|8bsu__1__1.A_1.D__1.I_1.OA_1.SA|1.OA,high,False,False,True,False,False,False,0
af3_no_template|8bxx__1__1.A__1.E_1.F|1.E,high,False,False,True,False,False,False,0
af3_no_template|8c1f__1__1.A__1.B_1.C_1.D_1.J|1.B,high,False,False,True,True,False,False,0
af3_no_template|8c3g__1__1.C__1.AA|1.AA,mid,True,True,True,True,False,False,0
af3_no_template|8c3i__1__1.B__1.D|1.D,high,False,False,True,True,False,False,0
af3_no_template|8c3n__1__1.A__1.C_1.D|1.C,high,False,False,True,False,False,False,0
af3_no_template|8c3u__1__1.A__1.C|1.C,low,True,True,True,False,True,True,1
af3_no_template|8c47__1__1.B__1.E_1.F|1.E,high,False,False,True,True,False,False,0
af3_no_template|8c4w__1__1.A__1.J_1.K_1.P|1.K,mid,True,True,True,False,False,False,1
af3_no_template|8c6f__1__1.A__1.B_1.C|1.B,high,False,False,True,False,False,False,0
af3_no_template|8c6s__1__1.A__1.C|1.C,mid,True,True,True,False,False,False,1
af3_no_template|8c74__1__1.A__1.C|1.C,mid,True,True,True,False,False,False,1
af3_no_template|8c7r__1__1.A__1.C_1.D|1.C,mid,True,True,True,False,False,False,0
af3_no_template|8c7r__1__1.A__1.C_1.D|1.D,high,False,True,True,False,False,False,0
af3_no_template|8cey__1__1.A__1.D|1.D,mid,True,False,True,True,False,False,1
af3_no_template|8cfb__1__1.A__1.L|1.L,low,True,True,True,True,True,True,1
af3_no_template|8cfk__1__1.A_1.D__1.H_1.I|1.H,low,True,True,True,True,True,True,1
af3_no_template|8cfo__1__1.A_1.D__1.E_1.F_1.K|1.E,high,False,False,True,True,False,False,0
af3_no_template|8cfo__1__1.A_1.D__1.E_1.F_1.K|1.F,high,True,False,True,True,False,False,0
af3_no_template|8cg0__1__1.D__1.IA|1.IA,low,True,True,True,True,True,True,1
af3_no_template|8ci0__1__1.A_1.B__1.D_1.E|1.E,high,False,False,True,False,False,False,0
af3_no_template|8cij__1__1.A__1.B|1.B,mid,True,True,True,False,False,False,0
af3_no_template|8cji__1__1.A__1.B_1.C|1.C,mid,True,False,True,True,False,False,0
af3_no_template|8cjj__1__1.A__1.B_1.C|1.C,mid,True,False,True,True,False,False,1
af3_no_template|8cjk__1__1.A__1.B_1.C|1.C,mid,True,True,True,True,False,False,0
af3_no_template|8clq__1__1.A__1.E|1.E,low,True,True,True,True,True,True,1
af3_no_template|8cnm__1__1.A_1.B__1.F_1.N_1.S|1.N,high,False,False,True,True,False,False,0
af3_no_template|8cno__1__1.A_1.B__1.C_1.E_1.F|1.C,high,False,False,True,True,False,False,0
af3_no_template|8coq__1__1.A__1.C_1.D|1.D,mid,True,True,True,True,False,False,1
af3_no_template|8cou__1__1.A__1.V|1.V,mid,True,False,True,True,False,False,0
af3_no_template|8cp4__1__2.A__2.H_2.I|2.I,mid,False,True,True,True,False,False,1
af3_no_template|8cp7__1__1.A__1.B|1.B,high,False,False,True,False,False,False,0
af3_no_template|8cpb__1__1.B__1.H|1.H,high,False,False,True,False,False,False,0
af3_no_template|8cq8__1__1.A__1.C_1.D_1.E|1.E,high,False,False,True,True,False,False,0
af3_no_template|8cqv__1__1.A_1.B__1.K_1.P|1.K,high,False,False,True,True,False,False,0
af3_no_template|8cu7__1__1.A__1.C|1.C,mid,True,False,False,False,False,False,0
af3_no_template|8cvf__1__1.A__1.D_1.E_1.F_1.G|1.D,high,False,False,True,False,False,False,0
af3_no_template|8d19__1__1.A__1.C_1.D|1.D,high,False,False,True,False,False,False,0
af3_no_template|8d3e__1__1.A__1.C_1.D|1.C,high,False,False,True,False,False,False,0
af3_no_template|8d3h__1__1.A__1.C_1.D|1.C,high,False,False,True,False,False,False,0
af3_no_template|8d3j__1__1.A__1.D_1.E_1.F|1.D,high,False,False,True,False,False,False,0
af3_no_template|8d6e__1__1.A__1.D|1.D,mid,True,True,False,False,False,False,0
af3_no_template|8d6m__1__1.A__1.C|1.C,high,False,False,False,False,False,False,0
af3_no_template|8d6t__1__1.A__1.C|1.C,high,False,False,False,False,False,False,1
af3_no_template|8deg__1__1.A__1.B|1.B,mid,True,True,False,False,False,False,1
af3_no_template|8dil__1__1.A_1.B__1.K_1.L_1.M|1.L,high,False,False,False,False,False,False,0
af3_no_template|8dkp__1__1.A__1.C_1.D|1.C,high,False,False,False,False,False,False,0
af3_no_template|8dkp__1__1.A__1.C_1.D|1.D,high,False,False,False,False,False,False,0
af3_no_template|8dkq__1__1.A__1.C_1.D|1.C,high,False,False,False,False,False,False,0
af3_no_template|8dkt__1__1.A_1.B__1.D_1.E|1.D,high,False,False,True,False,False,False,0
af3_no_template|8dq8__1__1.B__1.F_1.G|1.F,high,False,False,True,False,False,False,0
af3_no_template|8dsc__1__1.B__1.L|1.L,mid,True,True,True,False,False,False,1
af3_no_template|8dse__1__1.A_1.B__1.C_1.G|1.G,mid,True,False,True,False,False,False,1
af3_no_template|8dsh__1__1.A_1.B__1.C|1.C,high,False,False,True,False,False,False,1
af3_no_template|8dsh__1__1.A_1.B__1.E_1.F|1.F,mid,True,True,True,False,False,False,1
af3_no_template|8dt5__1__1.B__1.I_1.M_1.O|1.O,high,True,False,False,False,False,False,1
af3_no_template|8dxk__1__1.A_1.B__1.C|1.C,high,True,False,True,False,False,False,0
af3_no_template|8e0t__1__1.C__1.F|1.F,high,False,False,False,False,False,False,1
af3_no_template|8e1h__1__1.A__1.C_1.E_1.F|1.C,high,False,False,False,False,False,False,0
af3_no_template|8e1x__1__1.A__1.C|1.C,mid,True,False,False,False,False,False,0
af3_no_template|8e5i__1__1.A__1.B_1.E|1.B,high,False,False,True,False,False,False,0
af3_no_template|8e9e__1__1.A_1.B__1.I_1.J_1.K|1.I,high,False,False,False,False,False,False,0
af3_no_template|8ea6__1__1.A_1.B__1.C|1.C,low,True,True,True,False,True,True,1
af3_no_template|8eef__1__1.A__1.C_1.D|1.C,mid,True,True,True,False,False,False,1
af3_no_template|8egf__1__1.A__1.B_1.C|1.B,high,False,False,True,False,False,False,0
af3_no_template|8et0__1__1.B__1.L|1.L,high,False,False,True,False,False,False,0
af3_no_template|8etd__1__1.B__1.E_1.F|1.F,high,False,False,False,False,False,False,0
af3_no_template|8etl__1__1.A__1.C|1.C,low,True,True,True,False,True,True,0
af3_no_template|8ex1__1__1.A__1.B|1.B,mid,True,True,True,False,False,False,0
af3_no_template|8ex2__1__1.A__1.B|1.B,mid,True,True,True,False,False,False,0
af3_no_template|8eym__1__1.A_1.B__1.C_1.E|1.C,low,True,True,True,False,True,True,0
af3_no_template|8eym__1__1.A_1.B__1.C_1.E|1.E,low,True,True,True,False,True,True,0
af3_no_template|8f1z__1__1.A__1.B|1.B,mid,True,True,True,False,False,False,0
af3_no_template|8f4s__1__1.A__1.D_1.E|1.D,low,True,True,True,False,True,True,1
af3_no_template|8f5w__1__1.A_1.B__1.S_1.T|1.S,high,False,False,True,False,False,False,0
af3_no_template|8f5w__1__1.A_1.B__1.S_1.T|1.T,high,True,False,True,False,False,False,0
af3_no_template|8f61__1__1.A_1.B__1.Q_1.R|1.Q,high,False,False,True,False,False,False,0
af3_no_template|8f8k__1__1.A__1.F_1.G_1.I_1.J_1.K|1.F,mid,True,True,True,False,False,False,1
af3_no_template|8fb1__1__1.A__1.D|1.D,high,True,False,True,False,False,False,0
af3_no_template|8fdb__1__1.A_1.B__1.D_1.F_1.H|1.D,low,False,True,True,False,False,False,1
af3_no_template|8fdb__1__1.A_1.B__1.D_1.F_1.H|1.H,low,False,True,True,False,False,False,1
af3_no_template|8fdx__1__1.A__1.B_1.C|1.B,high,False,False,True,False,False,False,0
af3_no_template|8fdz__1__1.A__1.B_1.C|1.B,high,False,False,True,False,False,False,0
af3_no_template|8fe9__1__1.A__1.B|1.B,mid,True,False,True,False,False,False,0
af3_no_template|8fh5__1__1.A__1.B_1.C|1.B,high,False,False,True,False,False,False,0
af3_no_template|8fh9__1__1.A__1.B_1.C|1.B,high,False,False,True,False,False,False,0
af3_no_template|8fjt__1__1.A_1.B__1.C_1.E|1.E,mid,True,False,True,False,False,False,1
af3_no_template|8fju__1__1.A_1.B__1.C_1.D|1.C,high,False,False,True,False,False,False,0
af3_no_template|8fju__1__1.A_1.B__1.C_1.D|1.D,mid,True,False,True,False,False,False,0
af3_no_template|8fjx__1__1.A__1.B_1.C|1.C,high,False,False,True,False,False,False,0
af3_no_template|8fjy__1__1.A__1.B_1.C|1.B,high,False,False,True,False,False,False,0
af3_no_template|8fly__1__1.A__1.K|1.K,high,True,False,True,False,False,False,0
af3_no_template|8fp5__1__1.A__1.C_1.D|1.C,high,False,False,True,False,False,False,0
af3_no_template|8fqx__1__1.A__1.B_1.C|1.C,high,True,False,True,False,False,False,1
af3_no_template|8fve__1__1.A_2.A_2.B__2.E_2.I|2.E,high,True,False,True,False,False,False,0
af3_no_template|8g3e__1__1.A__1.C|1.C,mid,True,False,True,False,False,False,1
af3_no_template|8g4a__1__1.A_1.B__1.C|1.C,low,True,True,True,True,True,True,0
af3_no_template|8g62__1__1.A__1.F_1.J_1.L|1.F,low,True,True,True,False,True,True,1
af3_no_template|8g68__1__1.A__1.C|1.C,low,True,True,True,False,True,True,1
af3_no_template|8g69__1__1.A__1.C|1.C,low,True,True,True,False,True,True,1
af3_no_template|8gb4__1__1.A__1.E_1.F_1.G|1.F,high,False,False,True,True,False,False,0
af3_no_template|8gds__1__1.A__1.E|1.E,mid,True,True,True,False,False,False,1
af3_no_template|8gem__1__1.A__1.B|1.B,mid,True,False,True,False,False,False,1
af3_no_template|8gev__1__1.A__1.B|1.B,mid,True,False,True,False,False,False,0
af3_no_template|8gfs__1__1.A__1.B|1.B,mid,True,True,True,False,False,False,1
af3_no_template|8gjb__1__1.B__1.G_1.H|1.G,high,False,False,True,True,False,False,0
af3_no_template|8gkf__1__1.A__1.J|1.J,mid,True,False,True,True,False,False,0
af3_no_template|8gm5__1__1.A__1.D|1.D,mid,True,False,True,False,False,False,0
af3_no_template|8gne__1__1.A__1.E|1.E,high,False,False,True,False,False,False,1
af3_no_template|8gpc__1__1.A__1.C_1.D_1.E|1.E,high,False,False,True,False,False,False,0
af3_no_template|8gpe__1__1.A__1.C_1.D_1.E|1.E,high,False,False,True,False,False,False,0
af3_no_template|8gtg__1__1.A__1.C|1.C,mid,True,True,True,False,False,False,0
af3_no_template|8gti__1__1.A__1.H|1.H,mid,True,True,True,False,False,False,1
af3_no_template|8gtm__1__1.A__1.C|1.C,mid,True,True,True,False,False,False,0
af3_no_template|8gu1__1__1.A_1.B__1.D|1.D,low,True,True,True,False,True,True,1
af3_no_template|8gyd__1__1.A_1.B__1.K|1.K,low,True,True,True,False,True,True,1
af3_no_template|8gyj__1__1.A_1.B__1.D_1.I|1.I,mid,True,True,True,False,False,False,1
af3_no_template|8h59__1__1.A__1.B|1.B,mid,True,False,True,False,False,False,1
af3_no_template|8hi5__1__1.A__1.B_1.C|1.B,mid,True,True,True,False,False,False,0
af3_no_template|8hi6__1__1.A__1.B_1.C|1.B,mid,True,True,True,False,False,False,0
af3_no_template|8hlj__1__1.A__1.C|1.C,high,False,False,True,True,False,False,0
af3_no_template|8hms__1__1.A__1.E|1.E,high,False,False,True,False,False,False,1
af3_no_template|8ho5__1__1.A__1.B|1.B,low,True,True,True,False,True,True,1
af3_no_template|8hp4__1__1.A_1.B__1.C_1.D|1.C,high,False,False,True,True,False,False,0
af3_no_template|8hrp__1__1.A_1.D__1.I_1.J|1.I,high,False,False,True,False,False,False,0
af3_no_template|8hu6__1__1.D__1.K_1.L|1.L,mid,False,True,True,False,False,False,1
af3_no_template|8huu__1__1.A__1.C|1.C,mid,True,False,True,False,False,False,0
af3_no_template|8hxu__1__1.A__1.C_1.D_1.E|1.E,mid,True,True,True,False,False,False,1
af3_no_template|8i19__1__1.A__1.C_1.D_1.E|1.C,high,False,False,True,False,False,False,0
af3_no_template|8i4i__1__1.A__1.C|1.C,high,False,False,True,False,False,False,0
af3_no_template|8ivs__1__1.A_1.B__1.C|1.C,low,True,True,True,False,True,True,1
af3_no_template|8ivt__1__1.A_1.B__1.F|1.F,low,True,True,True,False,True,True,1
af3_no_template|8iw3__1__1.A_1.B__1.C|1.C,low,True,True,True,False,True,True,1
af3_no_template|8j40__1__1.A_2.A__1.D|1.D,mid,True,False,True,True,False,False,1
af3_no_template|8j79__1__1.B__1.R_1.W_1.X|1.R,high,False,False,True,False,False,False,0
af3_no_template|8j7j__1__1.A_1.B__1.C|1.C,low,True,True,True,False,True,True,1
af3_no_template|8jb3__1__1.A__1.B|1.B,low,False,True,True,True,False,False,1
af3_no_template|8jdb__1__1.A__1.B_1.C|1.C,mid,False,True,True,False,False,False,0
af3_no_template|8jdo__1__1.A__1.B_1.C|1.B,mid,True,True,True,False,False,False,0
af3_no_template|8jdp__1__1.A__1.B_1.C|1.C,mid,True,True,True,False,False,False,0
af3_no_template|8jdr__1__1.A__1.B_1.C|1.C,mid,True,True,True,False,False,False,0
af3_no_template|8jdy__1__1.A__1.B_1.C_1.D|1.D,mid,False,True,True,False,False,False,0
af3_no_template|8jdz__1__1.A__1.B_1.C_1.D|1.D,mid,False,True,True,False,False,False,0
af3_no_template|8jjn__1__1.A__1.D_1.E|1.D,low,True,True,True,True,True,True,0
af3_no_template|8jjs__1__1.A__1.C_1.D|1.C,high,False,False,True,False,False,False,0
af3_no_template|8jjt__1__1.A__1.D|1.D,low,True,True,True,True,True,True,0
af3_no_template|8jk8__1__1.A__1.B_1.C_1.D|1.D,mid,False,True,True,True,False,False,0
af3_no_template|8jm8__1__1.A__1.C_1.I|1.I,high,False,False,True,True,False,False,0
af3_no_template|8jmp__1__1.A__1.D|1.D,mid,True,True,True,False,False,False,1
af3_no_template|8jot__1__1.A__1.B|1.B,mid,True,True,True,True,False,False,1
af3_no_template|8jpz__1__1.B__1.N_1.P|1.N,high,False,False,True,False,False,False,0
af3_no_template|8k5y__1__1.A__1.H|1.H,mid,True,True,True,False,False,False,1
af3_no_template|8k9y__1__1.A__1.C_1.E|1.C,high,False,False,True,False,False,False,0
af3_no_template|8ke1__1__2.A__2.B_2.C_2.D_2.E|2.B,high,False,False,True,False,False,False,0
af3_no_template|8ke2__1__2.A__2.B_2.C_2.D_2.E|2.D,high,False,False,True,False,False,False,0
af3_no_template|8ke4__1__2.A__2.B_2.C_2.D_2.E|2.B,high,False,False,True,False,False,False,0
af3_no_template|8oiz__1__1.B__1.J|1.J,high,False,False,True,False,False,False,0
af3_no_template|8ome__1__1.A_1.D__1.E|1.E,low,True,True,True,False,True,True,0
af3_no_template|8opu__1__1.A_1.C_1.D__1.IA|1.IA,low,True,True,True,True,True,True,1
af3_no_template|8oq2__1__1.B__1.H_1.I|1.H,high,False,False,True,True,False,False,0
af3_no_template|8oqn__1__1.A_1.D__1.I|1.I,low,True,True,True,True,True,True,1
af3_no_template|8oqp__1__1.D__1.PA|1.PA,low,True,True,True,True,True,True,1
af3_no_template|8oqt__1__1.D__1.KA_1.LA|1.KA,low,True,True,True,True,True,True,1
af3_no_template|8oqt__1__1.D__1.KA_1.LA|1.LA,low,True,True,True,True,True,True,1
af3_no_template|8oqv__1__1.B__1.Q|1.Q,low,True,True,True,True,True,True,1
af3_no_template|8orc__1__1.B__1.J|1.J,mid,True,False,True,True,False,False,1
af3_no_template|8ou2__1__1.A__1.C|1.C,mid,True,False,True,True,False,False,0
af3_no_template|8ou3__1__1.A_1.C__1.E|1.E,high,False,False,True,False,False,False,0
af3_no_template|8oum__1__1.A__1.F_1.G|1.F,high,False,False,True,True,False,False,0
af3_no_template|8ovr__1__1.A__1.B|1.B,low,True,True,True,False,True,True,1
af3_no_template|8p0m__1__1.C__1.L|1.L,mid,True,True,True,True,False,False,1
af3_no_template|8p1e__1__1.D_1.E__1.P|1.P,mid,True,True,True,True,False,False,0
af3_no_template|8p1p__1__1.A__1.E|1.E,low,True,True,True,True,True,True,1
af3_no_template|8p4z__1__1.A__1.C|1.C,mid,True,False,True,False,False,False,0
af3_no_template|8pf8__1__1.B__1.T_1.X|1.T,mid,True,True,True,True,False,False,1
af3_no_template|8pfl__1__1.A__1.C|1.C,low,True,True,True,True,True,True,1
af3_no_template|8plb__1__1.A__1.D|1.D,low,True,True,True,True,True,True,1
af3_no_template|8plu__1__1.A__1.D|1.D,low,True,True,True,True,True,True,1
af3_no_template|8pp8__1__1.A__1.D|1.D,high,False,False,True,True,False,False,0
af3_no_template|8pp9__1__1.A__1.C_1.D_1.H|1.C,high,False,False,True,True,False,False,0
af3_no_template|8pp9__1__1.A__1.C_1.D_1.H|1.D,high,False,False,True,True,False,False,0
af3_no_template|8pq9__1__1.A__1.C|1.C,mid,True,True,True,False,False,False,0
af3_no_template|8pqa__1__1.A__1.C|1.C,mid,True,True,True,False,False,False,0
af3_no_template|8pqf__1__1.A__1.C|1.C,mid,True,False,True,False,False,False,0
af3_no_template|8pqr__1__1.A_1.B_1.C__1.E|1.E,mid,False,True,True,True,False,False,0
af3_no_template|8pxt__1__1.C__1.L|1.L,mid,False,True,True,True,False,False,0
af3_no_template|8q5v__1__1.A_1.B__1.P_1.Q|1.P,high,False,False,True,True,False,False,0
af3_no_template|8q9v__1__2.A__2.C_2.D_2.E|2.C,mid,True,False,True,True,False,False,1
af3_no_template|8qg1__1__1.D__1.S_1.T|1.S,high,False,False,True,True,False,False,0
af3_no_template|8qic__1__1.B__1.F_1.J|1.F,mid,True,False,True,True,False,False,1
af3_no_template|8qkb__1__1.D__1.CA_1.HA|1.CA,high,False,False,True,False,False,False,0
af3_no_template|8qmf__1__1.A_1.B__1.M_1.R_1.S|1.M,high,False,False,True,True,False,False,0
af3_no_template|8qnh__1__1.A__1.B|1.B,low,True,True,True,False,True,True,1
af3_no_template|8qqy__1__1.A__1.B|1.B,mid,True,False,True,False,False,False,0
af3_no_template|8qtg__1__1.A__1.B|1.B,low,True,True,True,True,True,True,1
af3_no_template|8qth__1__1.A__1.B|1.B,low,True,True,True,True,True,True,1
af3_no_template|8qtj__1__1.A__1.E|1.E,low,True,True,True,True,True,True,1
af3_no_template|8qtl__1__1.A_1.B__1.G|1.G,mid,True,True,True,True,False,False,1
af3_no_template|8qyq__1__1.A__1.H|1.H,mid,True,True,True,False,False,False,1
af3_no_template|8qyw__1__1.A_2.A__1.C_1.E|1.C,high,False,False,True,True,False,False,0
af3_no_template|8r1n__1__1.A__1.C|1.C,mid,True,True,True,True,False,False,0
af3_no_template|8r1p__1__1.A_1.B__1.C|1.C,mid,True,True,True,True,False,False,0
af3_no_template|8r3d__1__1.B_1.E__1.J|1.J,high,False,False,True,True,False,False,0
af3_no_template|8r3o__1__1.A_1.B__1.E_1.F_1.G|1.E,high,False,False,True,True,False,False,0
af3_no_template|8rb6__1__1.A__1.C_1.D|1.C,high,False,False,True,True,False,False,0
af3_no_template|8rkq__1__1.A__1.E|1.E,low,True,True,True,True,True,True,1
af3_no_template|8s8x__1__1.A__1.C_1.E_1.F_1.I|1.I,high,False,False,True,True,False,False,0
af3_no_template|8se5__1__1.A_1.B__1.H|1.H,low,True,True,True,False,True,True,1
af3_no_template|8sft__1__1.A__1.E_1.F|1.F,low,True,True,True,True,True,True,1
af3_no_template|8sge__1__1.A__1.H|1.H,mid,True,False,True,True,False,False,0
af3_no_template|8sip__1__1.A_1.B__1.C|1.C,mid,True,True,True,True,False,False,0
af3_no_template|8skn__1__1.A__1.C|1.C,low,True,True,True,False,True,True,1
af3_no_template|8su1__1__1.A__1.C_1.D_1.E_1.F|1.F,high,False,False,True,False,False,False,0
af3_no_template|8sv9__1__1.A__1.C|1.C,mid,True,True,True,True,False,False,0
af3_no_template|8sz3__1__1.A_2.B__1.G|1.G,mid,True,True,True,False,False,False,1
af3_no_template|8t4o__1__1.A_1.B__1.C_1.D|1.D,high,False,False,True,True,False,False,0
af3_no_template|8tjc__1__1.A__1.K|1.K,mid,True,False,True,False,False,False,1
af3_no_template|8ts9__1__1.A__1.C|1.C,low,True,True,True,False,True,True,1
af3_no_template|8tsa__1__1.A__1.C|1.C,low,True,True,True,False,True,True,1
af3_no_template|8tsd__1__1.A__1.C|1.C,low,True,True,True,False,True,True,1
af3_no_template|8tti__1__1.A__1.E|1.E,high,False,False,True,False,False,False,0
af3_no_template|8uak__1__1.A__1.B|1.B,mid,True,True,True,True,False,False,0
af3_no_template|8uk6__1__1.A__1.C|1.C,low,True,True,True,True,True,True,1
af3_no_template|8un3__1__1.A__1.E_1.F_1.H|1.F,high,False,False,True,False,False,False,0
af3_no_template|8ux7__1__1.B__1.I|1.I,high,False,False,True,False,False,False,1
af3_no_template|8v2k__1__1.C_1.D__1.N|1.N,high,False,False,True,False,False,False,0
af3_no_template|8v8j__1__1.A__1.F|1.F,low,True,True,True,True,True,True,1
af3_no_template|8v8m__1__1.A__1.F_1.G|1.F,low,True,True,True,True,True,True,1
af3_no_template|8v8m__1__1.A__1.F_1.G|1.G,low,True,True,True,True,True,True,1
af3_no_template|8vw1__1__1.A__1.B_1.C|1.B,high,False,False,True,True,False,False,0
af3_no_template|8w0m__1__1.C__1.F|1.F,high,False,False,True,True,False,False,0
af3_no_template|8wjy__1__1.A__1.B|1.B,mid,True,True,True,False,False,False,0
af3_no_template|8wmy__1__1.A__1.C_1.D_1.E|1.C,mid,False,True,True,False,False,False,0
af3_no_template|8wr2__1__1.A__1.E_1.F|1.F,mid,True,False,True,True,False,False,1
af3_no_template|8wsm__1__1.A__1.D|1.D,low,True,True,True,False,True,True,1
af3_no_template|8wsw__1__1.A__1.E|1.E,mid,True,True,True,False,False,False,0
af3_no_template|8x1a__1__1.A__1.B|1.B,high,False,False,True,True,False,False,0
af3_no_template|8x6r__1__1.A__1.G_1.H_1.I|1.G,high,False,False,True,True,False,False,0
af3_no_template|8yhw__1__1.A__1.E_1.F|1.E,high,False,False,True,True,False,False,0
boltz|5s9l__1__1.A__1.H_1.I|1.H,high,True,False,False,False,False,False,1
boltz|5s9y__1__1.A__1.K|1.K,low,True,True,False,False,True,False,1
boltz|5s9z__1__1.A_1.B__1.R|1.R,mid,True,False,False,False,False,False,1
boltz|5sb2__1__1.A__1.G|1.G,mid,True,True,False,False,False,False,0
boltz|5scm__1__1.A__1.F_1.G_1.H_1.I|1.I,high,False,False,False,False,False,False,0
boltz|5scn__1__1.A__1.B_1.C|1.C,high,False,False,False,False,False,False,0
boltz|5se0__1__1.A__1.G|1.G,mid,True,True,False,False,False,False,0
boltz|5sea__1__1.A__1.G|1.G,mid,True,True,False,False,False,False,0
boltz|5see__1__1.A__1.E|1.E,mid,True,True,False,False,False,False,0
boltz|5sex__1__1.A__1.G|1.G,mid,True,False,False,False,False,False,0
boltz|5sf4__1__1.A__1.G|1.G,mid,True,True,False,False,False,False,0
boltz|5sf7__1__1.A__1.G|1.G,mid,True,True,False,False,False,False,0
boltz|5sfg__1__1.A__1.G|1.G,mid,True,True,False,False,False,False,1
boltz|5sg5__1__1.A__1.G|1.G,mid,True,True,False,False,False,False,1
boltz|5sgz__1__1.A__1.G|1.G,mid,True,True,False,False,False,False,0
boltz|5shc__1__1.A__1.G|1.G,mid,True,True,False,False,False,False,0
boltz|5shg__1__1.A__1.G|1.G,mid,True,True,False,False,False,False,0
boltz|5shw__1__1.A__1.G|1.G,mid,True,True,False,False,False,False,1
boltz|5si5__1__1.A__1.G|1.G,mid,True,True,False,False,False,False,1
boltz|5si8__1__1.A__1.G|1.G,mid,True,True,False,False,False,False,0
boltz|5si9__1__1.A__1.G|1.G,mid,True,True,False,False,False,False,0
boltz|5sig__1__1.A__1.G|1.G,mid,True,True,False,False,False,False,1
boltz|5siq__1__1.A__1.H|1.H,mid,True,True,False,False,False,False,1
boltz|5siy__1__1.A__1.G|1.G,mid,True,False,False,False,False,False,0
boltz|5sk9__1__1.A__1.G|1.G,mid,True,True,False,False,False,False,0
boltz|5sko__1__1.A__1.G|1.G,mid,True,True,False,False,False,False,0
boltz|5skr__1__1.A__1.G|1.G,mid,True,False,False,False,False,False,1
boltz|5sku__1__1.A__1.G|1.G,mid,True,False,False,False,False,False,1
boltz|5slg__1__1.A__1.G|1.G,mid,True,False,False,False,False,False,1
boltz|5umb__1__1.A__1.E_1.F_1.G|1.G,high,False,False,False,False,False,False,0
boltz|6x4j__1__1.A_2.A__2.B_2.C_2.D_2.E|2.C,high,False,False,False,False,False,False,0
boltz|6x4k__1__1.A_2.A__1.B_1.C_1.D_1.E|1.C,high,False,False,False,False,False,False,0
boltz|6x4l__1__1.A_2.A__2.B_2.C_2.D_2.E|2.C,high,False,False,False,False,False,False,0
boltz|6zfz__1__1.A__1.B|1.B,mid,True,True,False,False,False,False,0
boltz|6zg9__1__1.A__1.B|1.B,mid,True,True,False,False,False,False,0
boltz|6zk5__1__1.A_1.B__1.F_1.G|1.F,mid,False,True,False,False,False,False,0
boltz|7afz__1__2.A__2.B_2.C_2.D|2.D,mid,True,True,False,False,False,False,0
boltz|7an8__1__1.B__1.E|1.E,mid,True,True,False,False,False,False,0
boltz|7aya__1__1.A__1.H_1.N_1.U|1.U,high,True,False,False,False,False,False,0
boltz|7b2u__1__1.A_1.B__1.C|1.C,mid,True,False,False,False,False,False,0
boltz|7b3p__1__1.A__1.G|1.G,mid,True,False,False,False,False,False,0
boltz|7bbn__1__1.B__1.E_1.F|1.E,high,False,False,False,False,False,False,0
boltz|7bia__1__1.A_1.B__1.D_1.E|1.D,high,False,False,False,False,False,False,0
boltz|7bk9__1__1.A_2.A__2.F|2.F,mid,True,False,False,False,False,False,1
boltz|7bm3__1__1.A__1.M_1.P|1.P,mid,True,False,False,False,False,False,1
boltz|7bn6__1__1.A__1.C_1.D|1.D,high,False,False,False,False,False,False,0
boltz|7bn7__1__1.A__1.E_1.F|1.E,high,False,False,False,False,False,False,0
boltz|7bo0__1__1.A__1.C_1.D|1.C,mid,True,False,False,False,False,False,0
boltz|7bo0__1__1.A__1.C_1.D|1.D,high,False,False,False,False,False,False,0
boltz|7di7__1__1.A__1.D|1.D,low,True,True,False,False,True,False,1
boltz|7dia__1__1.A__1.D_1.E_1.G|1.E,low,True,True,False,False,True,False,1
boltz|7dij__1__1.A__1.F_1.J|1.J,low,True,True,False,False,True,False,1
boltz|7dji__1__1.D_1.E__1.L|1.L,mid,True,True,False,False,False,False,1
boltz|7dn8__1__1.B__1.I_1.J|1.J,high,False,False,False,False,False,False,0
boltz|7dpk__1__1.A_1.B__1.C_1.D|1.C,high,True,False,False,False,False,False,1
boltz|7du9__1__1.A_1.B__1.D|1.D,high,True,False,False,False,False,False,0
boltz|7dxl__1__1.A__1.C|1.C,mid,True,False,False,False,False,False,0
boltz|7dyw__1__1.A__1.B_1.C|1.B,mid,True,False,False,False,False,False,0
boltz|7e1n__1__1.A_1.B__1.D|1.D,low,True,True,False,False,True,False,1
boltz|7e3n__1__1.A_2.A__1.B_1.C_1.D|1.B,high,False,False,False,False,False,False,0
boltz|7e48__1__1.C__1.J_1.K|1.J,high,False,False,False,False,False,False,0
boltz|7eba__1__1.A__1.C|1.C,mid,True,True,False,False,False,False,1
boltz|7ed1__1__1.A_1.B__1.C_1.D_1.E_1.F|1.C,high,False,False,False,False,False,False,1
boltz|7edz__1__1.A_2.A__1.E_1.G_1.I|1.E,mid,False,True,False,False,False,False,0
boltz|7eer__1__2.A__2.E_2.F|2.E,high,False,False,False,False,False,False,0
boltz|7ef7__1__1.A__1.B_1.C|1.C,mid,True,True,False,False,False,False,0
boltz|7eji__1__1.D__1.V_1.W|1.W,mid,True,True,False,False,False,False,1
boltz|7ejv__1__1.B__1.D|1.D,mid,True,True,False,False,False,False,0
boltz|7ejw__1__1.A_1.B__1.I_1.J|1.I,high,False,False,False,False,False,False,0
boltz|7ekr__1__1.A__1.C|1.C,high,True,False,False,False,False,False,0
boltz|7en5__1__1.A_3.A_4.A__3.B|3.B,mid,False,True,False,False,False,False,0
boltz|7ene__1__1.A_1.B__1.E|1.E,mid,True,False,False,False,False,False,0
boltz|7ens__1__2.A__2.B_2.C_2.D|2.B,high,False,False,False,False,False,False,0
boltz|7ens__1__2.A__2.B_2.C_2.D|2.D,high,True,False,False,False,False,False,0
boltz|7erb__1__1.A__1.E_1.F|1.E,high,False,False,False,False,False,False,0
boltz|7ere__1__1.A_1.B__1.G_1.I|1.G,mid,True,True,False,False,False,False,1
boltz|7es1__1__1.A__1.C|1.C,mid,True,True,False,False,False,False,1
boltz|7ev2__1__2.A__2.B_2.C_2.D|2.B,high,False,False,False,False,False,False,0
boltz|7ev3__1__2.A__2.B_2.C_2.D|2.B,high,False,False,False,False,False,False,0
boltz|7evu__1__1.B__1.E_1.F|1.F,mid,True,False,False,False,False,False,0
boltz|7evv__1__1.A__1.B_1.C|1.C,high,False,False,False,False,False,False,0
boltz|7eyt__1__1.A_1.C__1.E_1.F_1.G|1.F,mid,True,True,False,False,False,False,1
boltz|7eyu__1__1.A_1.B__1.C_1.D_1.E|1.D,mid,True,True,False,False,False,False,1
boltz|7ezq__1__2.A__2.B_2.C|2.B,high,True,False,False,False,False,False,0
boltz|7f35__1__1.A_1.B__1.G|1.G,mid,True,False,False,False,False,False,1
boltz|7f42__1__1.B__1.C|1.C,mid,True,False,False,False,False,False,1
boltz|7f50__1__1.A__1.B_1.C_1.E|1.E,high,False,False,False,False,False,False,0
boltz|7f51__1__1.A__1.C|1.C,high,True,False,False,False,False,False,0
boltz|7f6j__1__1.A__1.D_1.E|1.E,high,False,False,False,False,False,False,0
boltz|7f6w__1__2.A__2.B|2.B,high,False,False,False,False,False,False,0
boltz|7f7m__1__1.A__1.C_1.D|1.C,mid,True,False,False,False,False,False,1
boltz|7f8t__1__1.A__1.L_1.M|1.M,high,False,False,False,False,False,False,0
boltz|7f99__1__1.B__1.L_1.O|1.O,high,False,False,False,False,False,False,0
boltz|7f9a__1__1.A__1.C_1.O|1.O,high,False,False,False,False,False,False,0
boltz|7f9b__1__1.A__1.C_1.I|1.I,high,False,False,False,False,False,False,0
boltz|7fak__1__1.A__1.B|1.B,mid,True,False,True,False,False,False,0
boltz|7fan__1__1.A__1.B_1.C|1.B,mid,True,False,False,False,False,False,0
boltz|7fan__1__1.A__1.B_1.C|1.C,high,False,False,False,False,False,False,0
boltz|7far__1__1.A__1.B_1.C_1.D|1.D,mid,True,True,False,False,False,False,0
boltz|7fee__1__1.A__1.D|1.D,high,True,False,False,False,False,False,1
boltz|7fee__1__1.A__1.E|1.E,low,True,True,False,False,True,False,1
boltz|7fgm__1__1.A__1.C_1.D_1.E|1.C,high,False,False,False,False,False,False,0
boltz|7fha__1__1.A__1.C|1.C,high,False,False,False,False,False,False,0
boltz|7fhb__1__1.A__1.B|1.B,high,False,False,False,False,False,False,0
boltz|7ftr__1__1.A__1.C_1.D_1.E_1.G|1.G,mid,True,False,True,True,False,False,1
boltz|7ftu__1__1.A__1.C_1.D_1.E_1.G|1.G,mid,True,True,True,True,False,False,1
boltz|7ftz__1__1.A__1.D|1.D,mid,True,True,True,True,False,False,1
boltz|7fu7__1__1.A__1.C|1.C,mid,True,True,True,True,False,False,1
boltz|7fu8__1__1.A__1.C|1.C,mid,True,True,True,True,False,False,1
boltz|7fuc__1__1.A__1.C|1.C,mid,True,True,True,True,False,False,1
boltz|7fuf__1__1.A__1.C|1.C,mid,True,True,True,True,False,False,1
boltz|7fum__1__1.A__1.C|1.C,mid,True,True,True,True,False,False,1
boltz|7fur__1__1.A__1.C_1.D_1.E_1.F|1.E,high,False,False,True,True,False,False,0
boltz|7fur__1__1.A__1.C_1.D_1.E_1.F|1.F,mid,True,False,True,True,False,False,0
boltz|7fwi__1__1.A__1.D|1.D,mid,True,False,True,False,False,False,1
boltz|7fy8__1__1.A__1.I_1.J|1.I,mid,True,False,True,False,False,False,1
boltz|7fyr__1__1.A__1.B|1.B,mid,True,True,True,False,False,False,1
boltz|7fz3__1__1.A__1.B|1.B,mid,True,False,True,False,False,False,0
boltz|7fzc__1__1.A__1.B|1.B,mid,True,False,True,False,False,False,0
boltz|7g00__1__1.A__1.Q|1.Q,mid,True,False,True,False,False,False,0
boltz|7g0g__1__1.A__1.B|1.B,mid,True,True,True,False,False,False,0
boltz|7g1j__1__1.A__1.B|1.B,mid,True,False,True,False,False,False,1
boltz|7g20__1__1.A__1.B|1.B,mid,True,True,True,False,False,False,0
boltz|7gbs__1__1.A_2.A__1.E_1.F|1.E,high,True,False,True,False,False,False,0
boltz|7gda__1__1.A_2.A__1.D|1.D,high,True,False,True,False,False,False,0
boltz|7ge9__1__1.A_2.A__1.E|1.E,high,True,False,True,False,False,False,0
boltz|7gf3__1__1.A_2.A__1.E|1.E,high,True,False,True,False,False,False,0
boltz|7gis__1__1.A_1.B__1.E_1.F|1.F,high,True,False,True,False,False,False,0
boltz|7jni__1__1.A__1.C|1.C,low,True,True,False,False,True,False,1
boltz|7kh4__1__1.A_1.F__1.G_1.W|1.G,high,False,False,False,False,False,False,0
boltz|7l00__1__1.B__1.J_1.K_1.L|1.J,high,False,False,False,False,False,False,0
boltz|7lbv__1__1.A__1.B|1.B,high,True,False,False,False,False,False,0
boltz|7ldy__1__1.A_1.B__1.H|1.H,high,False,False,False,False,False,False,0
boltz|7le3__1__1.A_1.B__1.C|1.C,high,True,False,False,False,False,False,0
boltz|7le5__1__1.A_1.B__1.H|1.H,high,False,False,False,False,False,False,0
boltz|7lff__1__1.A__1.C_1.D|1.C,high,False,False,False,False,False,False,0
boltz|7lov__1__1.A__1.C_1.D_1.H|1.D,high,False,False,False,False,False,False,0
boltz|7lpw__1__1.A_1.B__1.G|1.G,mid,True,True,False,False,False,False,1
boltz|7lr9__1__1.A__1.C|1.C,high,True,False,False,False,False,False,0
boltz|7ltx__1__1.A__1.E_1.F_1.G|1.E,high,False,False,False,False,False,False,0
boltz|7ly6__1__1.A_2.A__1.B_1.C_1.D|1.B,low,True,True,False,False,True,False,0
boltz|7ly6__1__1.A_2.A__1.B_1.C_1.D|1.C,mid,False,True,False,False,False,False,0
boltz|7m9g__1__1.A_1.B__1.E|1.E,high,False,False,False,False,False,False,0
boltz|7m9h__1__1.A_1.B__1.E|1.E,high,False,False,False,False,False,False,0
boltz|7m9r__1__1.A_1.B__1.C|1.C,high,False,False,False,False,False,False,0
boltz|7m9t__1__1.A_1.B__1.D|1.D,high,True,False,False,False,False,False,0
boltz|7ma0__1__1.A_1.B__1.I|1.I,high,False,False,False,False,False,False,0
boltz|7ma1__1__1.A_1.B__1.M|1.M,high,False,False,False,False,False,False,0
boltz|7ma3__1__1.A_1.B__1.E|1.E,high,False,False,False,False,False,False,0
boltz|7ma4__1__1.A_1.B__1.D|1.D,high,False,False,False,False,False,False,0
boltz|7ma5__1__1.A_1.B__1.G|1.G,high,False,False,False,False,False,False,0
boltz|7ma7__1__1.A_1.B__1.E|1.E,high,False,False,False,False,False,False,0
boltz|7ma8__1__1.A_1.B__1.E|1.E,high,False,False,False,False,False,False,0
boltz|7maq__1__1.A_1.B__1.C|1.C,high,False,False,False,False,False,False,0
boltz|7mjd__1__1.B__1.S|1.S,mid,True,False,False,False,False,False,1
boltz|7mmr__1__1.A_1.E__1.BA_1.CA_1.K|1.BA,high,False,False,False,False,False,False,0
boltz|7mwn__1__1.A_1.B__1.C|1.C,mid,True,False,False,False,False,False,1
boltz|7mwt__1__1.A__1.B_1.C|1.B,high,False,False,False,False,False,False,0
boltz|7mwu__1__1.A__1.B_1.C|1.B,high,False,False,False,False,False,False,0
boltz|7mwv__1__1.A__1.B_1.C|1.B,high,False,False,False,False,False,False,0
boltz|7my0__1__1.A__1.C_1.F_1.G|1.C,high,False,False,False,False,False,False,0
boltz|7myd__1__1.A__1.C_1.G|1.C,high,False,False,False,False,False,False,0
boltz|7n4z__1__1.A__1.F|1.F,mid,True,True,False,False,False,False,1
boltz|7n53__1__1.A__1.D|1.D,mid,True,True,False,False,False,False,1
boltz|7n54__1__1.B__1.H|1.H,mid,True,False,False,False,False,False,0
boltz|7nag__1__1.A__1.C|1.C,mid,True,True,False,False,False,False,1
boltz|7nah__1__1.A__1.C|1.C,mid,True,True,False,False,False,False,1
boltz|7nai__1__1.A__1.C|1.C,mid,True,True,False,False,False,False,1
boltz|7ng1__1__2.A__2.C_2.D|2.C,mid,True,True,False,False,False,False,1
boltz|7ngs__1__1.A__1.B|1.B,high,False,False,False,False,False,False,0
boltz|7ngy__1__2.A__2.B|2.B,high,False,False,False,False,False,False,0
boltz|7nlv__1__1.A_1.C__1.G|1.G,high,True,False,False,False,False,False,0
boltz|7nwc__1__1.A_1.B__1.G|1.G,mid,True,False,False,False,False,False,1
boltz|7nya__1__1.A_1.B__1.F|1.F,mid,True,True,False,False,False,False,1
boltz|7nzy__1__1.A__1.E|1.E,mid,True,True,False,False,False,False,0
boltz|7o46__1__1.A_2.A__1.B|1.B,mid,True,False,False,False,False,False,0
boltz|7o6x__1__1.A__1.E|1.E,high,True,False,False,False,False,False,0
boltz|7oa4__1__1.A__1.E_1.F_1.H_1.I|1.E,mid,True,True,False,False,False,False,1
boltz|7oj6__1__1.A_1.C__1.Y|1.Y,mid,True,False,False,False,False,False,1
boltz|7ojw__1__1.A_1.C__1.F|1.F,mid,True,False,False,False,False,False,1
boltz|7ojy__1__1.A_1.B__1.D|1.D,mid,True,False,False,False,False,False,0
boltz|7ok1__1__1.A_1.B__1.D|1.D,mid,True,False,False,False,False,False,1
boltz|7oll__1__1.A_2.A__2.B_2.C_2.D|2.C,high,True,False,False,False,False,False,0
boltz|7olr__1__1.A_2.A__2.B_2.C_2.D|2.C,high,False,False,False,False,False,False,0
boltz|7ome__1__1.A__1.B|1.B,mid,True,True,False,False,False,False,1
boltz|7osq__1__1.A__1.B_1.C|1.B,high,False,False,False,False,False,False,0
boltz|7p1e__1__1.A__1.C_1.G|1.C,low,False,True,False,False,False,False,1
boltz|7p1u__1__1.A__1.C_1.D|1.C,high,False,False,False,False,False,False,0
boltz|7p2t__1__1.A__1.E_1.H|1.H,mid,True,False,False,False,False,False,1
boltz|7p3b__1__1.A__1.C_1.D_1.E|1.C,high,False,False,False,False,False,False,0
boltz|7p4o__1__1.A__1.C_1.F|1.F,mid,True,True,False,False,False,False,1
boltz|7p50__1__1.A_1.B__1.D_1.E_1.F|1.D,high,False,False,False,False,False,False,0
boltz|7p50__1__1.A_1.B__1.D_1.E_1.F|1.F,high,False,False,False,False,False,False,0
boltz|7p5n__1__1.A__1.C|1.C,high,True,False,False,False,False,False,0
boltz|7pcm__1__1.A_1.B__1.F_1.I_1.J_1.K|1.F,mid,True,True,False,False,False,False,0
boltz|7pco__1__1.A_1.B__1.F_1.H_1.I_1.J|1.F,mid,True,True,False,False,False,False,0
boltz|7pd6__1__1.A_1.B__1.K|1.K,mid,True,True,False,False,False,False,0
boltz|7pdt__1__1.A__1.E|1.E,high,True,False,False,False,False,False,0
boltz|7pe4__1__1.A__1.B_1.C|1.B,high,False,False,True,False,False,False,0
boltz|7pjm__1__1.A_1.B__1.D_1.G_1.H|1.D,high,False,True,False,False,False,False,0
boltz|7pjm__1__1.A_1.B__1.D_1.G_1.H|1.G,high,False,True,False,False,False,False,0
boltz|7pox__1__1.A__1.C|1.C,high,True,False,False,False,False,False,1
boltz|7pqs__1__1.A__1.C|1.C,mid,True,False,False,False,False,False,1
boltz|7pqv__1__1.A__1.B|1.B,mid,True,True,False,False,False,False,0
boltz|7psc__1__1.A_1.B__1.C_1.D|1.C,high,False,False,True,False,False,False,0
boltz|7pu9__1__1.A__1.B_1.C|1.B,mid,True,True,False,False,False,False,1
boltz|7pu9__1__1.A__1.B_1.C|1.C,mid,True,True,False,False,False,False,1
boltz|7puw__1__1.B__1.G_1.H|1.H,mid,True,True,False,False,False,False,0
boltz|7pz1__1__1.A__1.D|1.D,high,True,False,False,False,False,False,0
boltz|7pzv__1__1.A__1.B_1.C|1.C,mid,True,False,False,False,False,False,1
boltz|7q6v__1__1.A__1.E|1.E,mid,True,True,False,False,False,False,1
boltz|7q6w__1__1.A__1.E|1.E,mid,True,True,False,False,False,False,0
boltz|7q8q__1__1.A__1.C_1.E_1.J|1.C,mid,True,False,False,False,False,False,1
boltz|7q8z__1__1.A__1.E|1.E,mid,True,True,False,False,False,False,0
boltz|7qaa__1__1.B__1.D|1.D,high,True,False,False,False,False,False,0
boltz|7qea__1__1.A__1.C|1.C,low,True,True,False,False,True,False,1
boltz|7qqa__1__1.A_1.B__1.H_1.I|1.H,high,False,False,False,False,False,False,0
boltz|7qt6__1__1.A__1.B|1.B,high,True,False,False,False,False,False,0
boltz|7qzl__1__1.B__1.F_1.H|1.H,mid,True,True,False,False,False,False,1
boltz|7r0a__1__1.A__1.C|1.C,mid,True,False,False,False,False,False,1
boltz|7r2v__1__1.A__1.C_1.D|1.C,high,False,False,False,False,False,False,0
boltz|7r4a__1__1.A__1.C|1.C,mid,True,True,True,False,False,False,0
boltz|7r5d__1__1.A__1.C|1.C,mid,True,True,True,False,False,False,0
boltz|7r7r__1__1.A__1.B|1.B,high,False,False,False,False,False,False,0
boltz|7r9n__1__1.B__1.E|1.E,high,True,False,False,False,False,False,0
boltz|7r9t__1__1.A__1.C|1.C,mid,True,True,False,False,False,False,0
boltz|7rae__1__1.A__1.C|1.C,high,True,False,False,False,False,False,0
boltz|7raf__1__1.A__1.C|1.C,high,True,False,False,False,False,False,0
boltz|7rbw__1__1.A__1.C|1.C,low,True,True,False,False,True,False,0
boltz|7rl2__1__1.A__1.C|1.C,high,True,False,False,False,False,False,1
boltz|7rls__1__1.A_2.A__2.B|2.B,high,False,False,False,False,False,False,1
boltz|7rmb__1__1.A_2.A__2.B|2.B,high,False,False,False,False,False,False,1
boltz|7rre__1__1.A__1.B_1.C_1.D|1.B,mid,True,False,False,False,False,False,1
boltz|7s1s__1__1.A__1.C_1.D|1.D,mid,True,False,False,False,False,False,1
boltz|7s5f__1__1.A__1.E_1.F|1.F,mid,True,False,False,False,False,False,1
boltz|7s6v__1__1.A__1.B|1.B,mid,True,True,False,False,False,False,0
boltz|7s7t__1__1.A__1.B|1.B,low,True,True,False,False,True,False,1
boltz|7scw__1__1.A_1.B__1.C_1.D|1.D,high,False,False,False,False,False,False,0
boltz|7ser__1__1.A__1.C_1.D|1.C,mid,True,False,False,False,False,False,1
boltz|7sh0__1__1.A__1.C_1.D_1.H|1.D,mid,True,False,False,False,False,False,1
boltz|7siu__1__1.A__1.C|1.C,mid,True,False,False,False,False,False,0
boltz|7snz__1__1.A_1.B__1.C|1.C,high,True,False,False,False,False,False,0
boltz|7spy__1__1.A_2.A__2.B_2.C|2.B,high,False,False,False,False,False,False,0
boltz|7sqe__1__1.A__1.D|1.D,high,True,False,False,False,False,False,1
boltz|7sqn__1__1.A__1.B_1.E|1.B,high,False,False,False,False,False,False,0
boltz|7ssj__1__1.A__1.G_1.H|1.G,high,False,False,False,False,False,False,0
boltz|7suf__1__1.A__1.B_1.D|1.B,mid,True,True,False,False,False,False,0
boltz|7sv1__1__1.A__1.C_1.D|1.D,high,True,False,False,False,False,False,1
boltz|7sxj__1__1.A__1.C|1.C,high,False,False,True,False,False,False,0
boltz|7t0c__1__1.A_1.B__1.VA|1.VA,high,False,False,False,False,False,False,1
boltz|7t1d__1__1.A_1.B__1.G_1.I|1.I,mid,True,False,True,False,False,False,1
boltz|7t2z__1__1.A_1.B__1.F_1.H|1.F,mid,True,True,False,False,False,False,1
boltz|7t5k__1__1.A__1.D|1.D,mid,True,False,False,False,False,False,0
boltz|7t5r__1__1.A_1.C__1.I_1.J|1.I,mid,True,False,False,False,False,False,1
boltz|7t5r__1__1.A_1.C__1.I_1.J|1.J,mid,True,False,False,False,False,False,1
boltz|7t5x__1__1.A_1.C__1.I|1.I,mid,True,False,False,False,False,False,1
boltz|7t5y__1__1.B__1.G|1.G,mid,True,False,False,False,False,False,0
boltz|7t5z__1__1.A_1.C__1.I|1.I,mid,True,False,False,False,False,False,1
boltz|7t60__1__1.B_1.C__1.M|1.M,mid,True,False,False,False,False,False,1
boltz|7t61__1__1.B_1.C__1.L|1.L,mid,True,False,False,False,False,False,1
boltz|7t6c__1__1.A__1.E|1.E,mid,True,False,False,False,False,False,1
boltz|7t6h__1__1.A__1.C_1.D|1.C,high,False,False,False,False,False,False,0
boltz|7t6h__1__1.A__1.C_1.D|1.D,high,False,False,False,False,False,False,0
boltz|7tba__1__1.A__1.U_1.V_1.W|1.U,mid,True,True,False,False,False,False,0
boltz|7tbc__1__1.A__1.B_1.J_1.L_1.S|1.S,mid,True,True,False,False,False,False,0
boltz|7tbd__1__1.A__1.E|1.E,mid,True,True,False,False,False,False,0
boltz|7te8__1__1.A_1.B__1.E|1.E,mid,True,True,False,False,False,False,1
boltz|7tm5__1__1.A__1.C_1.D_1.E|1.C,high,False,False,False,False,False,False,0
boltz|7tm6__1__1.A__1.C_1.D|1.C,high,False,False,False,False,False,False,0
boltz|7tm6__1__1.A__1.C_1.D|1.D,high,False,False,False,False,False,False,0
boltz|7tmf__1__1.A_1.B__1.J_1.P|1.J,high,False,False,False,False,False,False,0
boltz|7tuo__1__1.A__1.B|1.B,low,True,True,True,False,True,True,1
boltz|7twz__1__1.A__1.G_1.K|1.G,high,False,False,False,False,False,False,0
boltz|7u0r__1__1.B__1.I_1.J_1.K_1.L|1.I,mid,True,True,True,False,False,False,0
boltz|7u2z__1__1.A__1.C|1.C,mid,True,True,False,False,False,False,1
boltz|7u64__1__1.A_1.B__1.S|1.S,mid,True,True,True,False,False,False,0
boltz|7u6b__1__1.A__1.B_1.E|1.B,mid,True,False,False,False,False,False,0
boltz|7u8w__1__1.A__1.C|1.C,mid,True,False,True,False,False,False,0
boltz|7u8x__1__1.A__1.B|1.B,mid,True,False,True,False,False,False,1
boltz|7u8y__1__1.B__1.G_1.H_1.I_1.J|1.G,mid,True,True,True,False,False,False,1
boltz|7u8y__1__1.B__1.G_1.H_1.I_1.J|1.H,mid,True,True,True,False,False,False,1
boltz|7u9u__1__2.A__2.C_2.D|2.C,high,False,True,False,False,False,False,0
boltz|7ubo__1__1.A__1.E|1.E,mid,True,True,False,False,False,False,0
boltz|7udq__1__1.A__1.C|1.C,low,True,True,True,False,True,True,0
boltz|7ue4__1__1.A_2.A__2.F|2.F,high,True,False,True,False,False,False,0
boltz|7ue6__1__1.A_2.A__2.C_2.F_2.G_2.H|2.G,high,False,False,True,False,False,False,0
boltz|7ueo__1__1.A_2.A__2.B_2.C_2.E|2.C,high,False,False,True,False,False,False,0
boltz|7uep__1__1.A_2.A__2.B_2.C_2.D_2.E|2.B,high,False,False,True,False,False,False,0
boltz|7ueq__1__1.A_2.A__2.B_2.C_2.D|2.B,high,False,False,True,False,False,False,0
boltz|7ueu__1__1.A_2.A__2.C_2.D_2.E|2.C,high,False,False,True,False,False,False,0
boltz|7ugb__1__1.A__1.C|1.C,high,False,False,True,False,False,False,0
boltz|7ugl__1__1.A__1.C|1.C,mid,True,False,True,False,False,False,1
boltz|7uj8__1__1.A__1.C|1.C,high,True,False,False,False,False,False,0
boltz|7ujc__1__1.B__1.D|1.D,high,True,False,False,False,False,False,0
boltz|7ujf__1__1.A__1.E|1.E,high,False,False,False,False,False,False,0
boltz|7ujy__1__1.B__1.F|1.F,high,False,False,False,False,False,False,0
boltz|7ulf__1__1.A_2.A__2.B_2.C_2.D_2.E|2.B,mid,True,True,True,False,False,False,1
boltz|7um4__1__1.A__1.I|1.I,mid,True,False,False,False,False,False,0
boltz|7uoh__1__1.A__1.C_1.D|1.C,mid,True,False,False,False,False,False,1
boltz|7utw__1__1.A_1.B__1.C_1.E_1.F|1.E,high,False,False,True,False,False,False,0
boltz|7utw__1__1.A_1.B__1.C_1.E_1.F|1.F,high,False,False,True,False,False,False,0
boltz|7uum__1__1.A_2.A__1.B_1.C|1.C,low,True,True,False,False,True,False,1
boltz|7uw2__1__1.A__1.C|1.C,high,False,False,True,False,False,False,0
boltz|7uy0__1__1.A__1.E|1.E,high,True,False,False,False,False,False,0
boltz|7v0h__1__1.B__1.N_1.P|1.P,mid,True,True,False,False,False,False,1
boltz|7vdp__1__1.A__1.E_1.F|1.E,mid,True,True,False,False,False,False,0
boltz|7vdq__1__1.A__1.E|1.E,mid,True,True,False,False,False,False,0
boltz|7vdr__1__1.A__1.E_1.F_1.N|1.E,mid,True,True,False,False,False,False,0
boltz|7vds__1__1.A__1.E|1.E,mid,True,True,False,False,False,False,0
boltz|7vez__1__1.A_1.D__1.E|1.E,high,False,False,False,False,False,False,1
boltz|7vmy__1__1.A__1.C_1.D_1.E|1.D,mid,False,True,False,False,False,False,1
boltz|7vns__1__1.A_2.A__2.C|2.C,high,False,False,False,False,False,False,0
boltz|7vo5__1__1.A__1.B|1.B,low,True,True,False,False,True,False,1
boltz|7vpe__1__1.A__1.B|1.B,low,True,True,False,False,True,False,1
boltz|7vqt__1__1.A__1.G_1.H|1.H,high,False,False,False,False,False,False,0
boltz|7vqu__1__1.A__1.G_1.H|1.H,high,False,False,False,False,False,False,0
boltz|7vwf__1__1.A_1.B__1.C_1.E|1.C,high,False,False,False,False,False,False,1
boltz|7vwf__1__1.A_1.B__1.C_1.E|1.E,high,False,False,False,False,False,False,1
boltz|7w2d__1__1.B__1.R|1.R,mid,True,False,False,False,False,False,0
boltz|7w3l__1__1.A__1.B_1.C_1.J|1.B,high,False,False,False,False,False,False,0
boltz|7w4x__1__1.A__1.C_1.D_1.E|1.E,mid,True,True,False,False,False,False,0
boltz|7w8v__1__1.A__1.B_1.D|1.B,high,False,False,False,False,False,False,0
boltz|7w8v__1__1.A__1.B_1.D|1.D,high,False,False,False,False,False,False,0
boltz|7wc6__1__1.A__1.F|1.F,high,True,False,False,False,False,False,0
boltz|7wc8__1__1.A__1.H|1.H,mid,True,True,False,False,False,False,0
boltz|7wcv__1__1.A__1.B_1.C_1.D|1.B,high,False,False,False,False,False,False,0
boltz|7wdu__1__1.A__1.C|1.C,low,True,True,False,False,True,False,1
boltz|7wf5__1__1.A__1.C|1.C,high,True,False,False,False,False,False,0
boltz|7wgl__1__1.A__1.D|1.D,high,True,False,False,False,False,False,0
boltz|7wlw__1__1.A__1.I|1.I,high,False,False,False,False,False,False,1
boltz|7wmk__1__1.A__1.B_1.G|1.B,high,True,True,False,False,False,False,0
boltz|7wpx__1__1.A__1.B_1.C|1.C,mid,True,True,False,False,False,False,1
boltz|7wqm__1__1.A__1.C_1.D|1.C,high,False,False,True,False,False,False,0
boltz|7wqs__1__1.A__1.C_1.D|1.C,high,False,False,True,False,False,False,0
boltz|7wzv__1__1.A__1.C_1.E_1.F_1.K_1.O|1.E,mid,False,True,False,False,False,False,0
boltz|7wzv__1__1.A__1.C_1.E_1.F_1.K_1.O|1.F,low,True,True,False,False,True,False,0
boltz|7wzx__1__1.A__1.B_1.D_1.E_1.I|1.I,low,True,True,False,False,True,False,0
boltz|7x0b__1__1.A__1.C_1.E_1.N|1.E,mid,False,True,False,False,False,False,0
boltz|7x3l__1__1.A__1.C_1.D|1.C,high,False,False,True,False,False,False,0
boltz|7x3m__1__1.A__1.C_1.D|1.C,high,False,False,True,False,False,False,0
boltz|7x3o__1__1.A__1.C_1.D|1.C,high,False,False,True,False,False,False,0
boltz|7x9d__1__1.A__1.E|1.E,mid,True,False,True,False,False,False,1
boltz|7x9l__1__1.A__1.C_1.E_1.F|1.C,high,False,False,False,False,False,False,0
boltz|7xjb__1__1.A__1.E_1.F_1.G|1.E,high,False,False,True,False,False,False,0
boltz|7xlp__1__1.A__1.B|1.B,mid,True,False,True,False,False,False,0
boltz|7xm7__1__1.A__1.E|1.E,mid,True,False,False,False,False,False,1
boltz|7xnc__1__1.A__1.B|1.B,mid,True,False,True,False,False,False,0
boltz|7xqv__1__1.A__1.D_1.E|1.D,high,False,False,False,False,False,False,0
boltz|7xrr__1__1.A__1.B|1.B,high,True,False,False,False,False,False,1
boltz|7xvh__1__2.A__2.B_2.C|2.C,high,True,False,True,False,False,False,0
boltz|7xxn__1__2.A__2.B_2.C|2.B,low,True,True,True,False,True,True,1
boltz|7xyj__1__1.A_1.B__1.E_1.F|1.E,high,False,False,True,False,False,False,0
boltz|7y06__1__1.A__1.B_1.C|1.B,mid,True,True,False,False,False,False,0
boltz|7y4a__1__1.A__1.I_1.J_1.K|1.K,high,False,False,True,False,False,False,0
boltz|7ya4__1__1.A__1.E_1.F|1.E,high,False,False,True,False,False,False,0
boltz|7ycc__1__1.A__1.D_1.E_1.F|1.D,high,False,False,False,False,False,False,0
boltz|7yce__1__1.A__1.B_1.C_1.D_1.E|1.B,high,False,False,False,False,False,False,0
boltz|7yd2__1__1.A_1.B__1.K|1.K,low,True,True,True,False,True,True,1
boltz|7yh9__1__1.A__1.G_1.H_1.I|1.I,mid,True,True,True,False,False,False,1
boltz|7yha__1__1.A__1.E_1.F_1.G_1.H|1.G,mid,True,True,True,False,False,False,1
boltz|7yha__1__1.A__1.E_1.F_1.G_1.H|1.H,mid,True,True,True,False,False,False,1
boltz|7yhc__1__1.A__1.I_1.J_1.K|1.K,mid,True,False,True,False,False,False,1
boltz|7yj9__1__1.A_2.A__2.B|2.B,high,False,False,False,False,False,False,1
boltz|7ypu__1__1.A_1.B__1.I|1.I,low,True,True,True,False,True,True,1
boltz|7ypu__1__1.A_1.B__1.J_1.K|1.J,low,True,True,True,False,True,True,1
boltz|7ypv__1__1.A_1.B__1.J|1.J,low,True,True,True,False,True,True,1
boltz|7yv4__1__1.A__1.B|1.B,low,True,True,True,False,True,True,1
boltz|7yxd__1__1.A__1.I|1.I,high,True,False,False,False,False,False,0
boltz|7yxl__1__1.A__1.C_1.E|1.E,low,False,True,False,False,False,False,1
boltz|7yzu__1__1.A__1.B|1.B,mid,False,True,False,False,False,False,0
boltz|7z0w__1__1.A_1.B__1.J_1.K|1.J,high,False,False,False,False,False,False,0
boltz|7z1r__1__1.A_2.A__1.B|1.B,high,True,True,False,False,False,False,1
boltz|7z1v__1__1.A__1.C|1.C,mid,True,True,True,False,False,False,0
boltz|7z1w__1__1.A__1.C|1.C,mid,True,False,True,False,False,False,0
boltz|7z2q__1__1.A__1.C|1.C,mid,True,False,True,False,False,False,0
boltz|7z39__1__1.A__1.C|1.C,mid,True,True,False,False,False,False,1
boltz|7z3y__1__1.A__1.D|1.D,mid,True,False,True,False,False,False,0
boltz|7z41__1__1.A__1.C|1.C,mid,True,False,True,False,False,False,0
boltz|7z57__1__1.A__1.B_1.C_1.J|1.B,mid,True,True,False,False,False,False,0
boltz|7z57__1__1.A__1.B_1.C_1.J|1.C,mid,True,True,False,False,False,False,0
boltz|7z5u__1__1.A__1.B_1.C|1.C,low,True,True,False,False,True,False,1
boltz|7z5x__1__1.A__1.C|1.C,high,False,False,False,False,False,False,0
boltz|7z6c__1__1.A__1.B_1.C_1.D|1.B,high,False,False,False,False,False,False,0
boltz|7z6c__1__1.A__1.B_1.C_1.D|1.C,high,False,False,False,False,False,False,1
boltz|7z74__1__1.A__1.B_1.C|1.B,mid,True,True,False,False,False,False,0
boltz|7z78__1__1.A__1.D|1.D,mid,True,False,False,False,False,False,0
boltz|7za0__1__1.A__1.B|1.B,high,True,False,True,False,False,False,1
boltz|7zej__1__1.A_2.B__1.C_1.D|1.C,high,False,True,False,False,False,False,0
boltz|7zg9__1__1.A__1.C|1.C,low,True,True,True,False,True,True,1
boltz|7zgc__1__1.A__1.B|1.B,mid,True,True,True,False,False,False,1
boltz|7zif__1__1.A__1.B_1.C|1.C,mid,True,False,False,False,False,False,1
boltz|7zig__1__1.A__1.B_1.C|1.B,mid,True,False,False,False,False,False,0
boltz|7zih__1__1.A__1.B_1.C|1.C,mid,True,False,False,False,False,False,1
boltz|7zii__1__1.A__1.B_1.C|1.C,mid,True,False,False,False,False,False,1
boltz|7zij__1__1.A__1.B_1.C|1.B,mid,True,False,False,False,False,False,1
boltz|7zjq__1__1.A__1.E|1.E,mid,True,True,False,False,False,False,0
boltz|7zks__1__1.A__1.B|1.B,mid,True,True,True,False,False,False,0
boltz|7zkw__1__1.A_1.C__1.E|1.E,low,True,True,False,False,True,False,1
boltz|7zkx__1__1.A__1.B_1.L|1.B,mid,True,True,True,False,False,False,0
boltz|7zsq__1__1.B_1.C__1.G_1.I|1.G,mid,True,True,True,False,False,False,0
boltz|7zxw__1__1.A__1.C_1.D_1.G|1.D,high,False,False,False,False,False,False,1
boltz|7zym__1__1.A__1.B|1.B,high,True,False,True,False,False,False,0
boltz|7zzs__1__1.A__1.D_1.J_1.L|1.L,mid,True,True,False,False,False,False,1
boltz|7zzw__1__1.A__1.E_1.M|1.M,low,True,True,False,False,True,False,1
boltz|8a12__1__1.A__1.D_1.G|1.D,high,False,False,True,False,False,False,1
boltz|8a2p__1__1.A__1.B|1.B,high,False,False,True,False,False,False,1
boltz|8a66__1__1.A__1.C|1.C,high,True,True,False,False,False,False,0
boltz|8a9i__1__1.A__1.B|1.B,mid,True,True,False,False,False,False,0
boltz|8acm__1__1.A__1.E|1.E,high,True,True,True,False,False,False,0
boltz|8ad7__1__1.A__1.J|1.J,high,False,False,False,False,False,False,0
boltz|8ak5__1__1.A__1.C_1.E_1.F_1.G|1.C,high,False,False,True,False,False,False,0
boltz|8ak5__1__1.A__1.C_1.E_1.F_1.G|1.E,mid,True,True,True,False,False,False,1
boltz|8ak7__1__1.A__1.C_1.E_1.G|1.C,high,False,False,True,False,False,False,0
boltz|8ak8__1__1.A__1.C_1.F_1.L|1.C,high,False,False,True,False,False,False,0
boltz|8akd__1__1.A__1.C_1.E|1.E,mid,True,True,True,False,False,False,1
boltz|8am2__1__1.A__1.D|1.D,mid,True,True,True,False,False,False,1
boltz|8apw__1__1.A_2.A__2.C|2.C,mid,True,False,True,False,False,False,0
boltz|8aqf__1__1.A__1.B|1.B,mid,True,True,True,False,False,False,0
boltz|8arj__1__1.A__1.B|1.B,mid,True,True,False,False,False,False,0
boltz|8atb__1__1.A__1.C|1.C,mid,True,True,True,False,False,False,0
boltz|8au8__1__1.A_1.B__1.C_1.D_1.H|1.C,high,False,False,True,False,False,False,0
boltz|8aue__1__1.A__1.C_1.D|1.D,mid,True,False,True,False,False,False,1
boltz|8aui__1__1.A_1.B__1.C_1.D_1.G|1.C,high,False,False,True,False,False,False,0
boltz|8aui__1__1.A_1.B__1.C_1.D_1.G|1.D,mid,True,False,True,False,False,False,1
boltz|8aui__1__1.A_1.B__1.C_1.D_1.G|1.G,mid,True,False,True,False,False,False,1
boltz|8auj__1__1.A__1.C_1.D|1.D,mid,True,False,True,False,False,False,0
boltz|8av1__1__1.B__1.J_1.M|1.M,mid,True,True,True,False,False,False,0
boltz|8aw1__1__1.A__1.C|1.C,high,False,False,True,False,False,False,0
boltz|8axp__1__1.A__1.C|1.C,mid,True,True,False,False,False,False,0
boltz|8ay6__1__1.A_1.B__1.C|1.C,high,True,False,True,False,False,False,1
boltz|8aya__1__1.A_1.B__1.C|1.C,high,True,False,True,False,False,False,0
boltz|8azd__1__1.A__1.C|1.C,high,False,False,True,False,False,False,0
boltz|8azi__1__1.A__1.C|1.C,high,False,False,True,True,False,False,0
boltz|8azl__1__1.A__1.C|1.C,high,False,False,True,True,False,False,0
boltz|8azo__1__1.A__1.C|1.C,high,False,False,True,True,False,False,0
boltz|8azp__1__1.A__1.C|1.C,high,False,False,True,True,False,False,0
boltz|8b08__1__1.B__1.E|1.E,high,False,False,True,False,False,False,0
boltz|8b25__1__1.A_1.B__1.J|1.J,low,True,True,False,False,True,False,1
boltz|8b72__1__1.A_1.B__1.F_1.G|1.F,mid,True,False,False,False,False,False,1
boltz|8b80__1__1.A__1.F_1.G|1.F,high,False,False,False,False,False,False,0
boltz|8b9h__1__1.A__1.B|1.B,mid,True,True,True,False,False,False,0
boltz|8bab__1__1.A__1.H_1.I|1.I,mid,True,True,True,False,False,False,0
boltz|8baj__1__1.A__1.B|1.B,high,False,False,False,False,False,False,0
boltz|8bam__1__1.A__1.C_1.D|1.C,high,False,False,True,False,False,False,0
boltz|8bgt__1__1.A_2.A__2.D|2.D,mid,True,True,True,False,False,False,1
boltz|8bgx__1__1.A_1.D__1.E_1.F_1.I|1.F,mid,True,True,True,False,False,False,1
boltz|8bgy__1__1.A_1.B__1.E_1.F|1.F,mid,True,True,True,False,False,False,1
boltz|8bgz__1__1.A_1.B__1.F|1.F,mid,True,True,True,False,False,False,1
boltz|8bh0__1__1.A_1.D__1.J|1.J,mid,True,True,True,False,False,False,1
boltz|8bid__1__1.C_2.A__2.F_2.G|2.F,mid,True,True,True,False,False,False,1
boltz|8bih__1__1.A_1.L__1.N|1.N,mid,True,True,True,False,False,False,1
boltz|8bir__1__1.A_1.B__1.D|1.D,mid,True,True,True,False,False,False,1
boltz|8bji__1__1.A_1.B__1.C_1.D|1.C,high,False,False,True,False,False,False,0
boltz|8bl0__1__1.A__1.C_1.E|1.C,high,False,False,True,False,False,False,0
boltz|8bl1__1__1.A__1.C_1.E|1.C,high,False,False,True,False,False,False,0
boltz|8blz__1__1.A__1.B_1.D|1.B,high,False,False,True,False,False,False,0
boltz|8br0__1__1.A_1.B__1.E_1.F_1.G|1.E,high,False,False,True,False,False,False,0
boltz|8br0__1__1.A_1.B__1.E_1.F_1.G|1.F,high,False,False,True,False,False,False,0
boltz|8bsg__1__1.A__1.B|1.B,high,False,False,True,False,False,False,1
boltz|8bst__1__1.A__1.R|1.R,high,False,False,True,False,False,False,0
boltz|8bsu__1__1.A_1.D__1.I_1.OA_1.SA|1.I,high,False,False,True,False,False,False,1
boltz|8bsu__1__1.A_1.D__1.I_1.OA_1.SA|1.OA,high,False,False,True,False,False,False,1
boltz|8bxx__1__1.A__1.E_1.F|1.E,high,False,False,True,False,False,False,0
boltz|8c1f__1__1.A__1.B_1.C_1.D_1.J|1.B,high,False,False,True,True,False,False,0
boltz|8c1m__1__1.A__1.C|1.C,mid,True,False,True,True,False,False,1
boltz|8c3i__1__1.B__1.D|1.D,high,False,False,True,True,False,False,0
boltz|8c3n__1__1.A__1.C_1.D|1.C,high,False,False,True,False,False,False,0
boltz|8c3u__1__1.A__1.C|1.C,low,True,True,True,False,True,True,1
boltz|8c47__1__1.B__1.E_1.F|1.E,high,False,False,True,True,False,False,0
boltz|8c4w__1__1.A__1.J_1.K_1.P|1.K,mid,True,True,True,False,False,False,1
boltz|8c6f__1__1.A__1.B_1.C|1.B,high,False,False,True,False,False,False,0
boltz|8c6o__1__1.A__1.C|1.C,high,True,True,True,False,False,False,0
boltz|8c6s__1__1.A__1.C|1.C,mid,True,True,True,False,False,False,1
boltz|8c74__1__1.A__1.C|1.C,mid,True,True,True,False,False,False,1
boltz|8c7r__1__1.A__1.C_1.D|1.C,mid,True,True,True,False,False,False,1
boltz|8c7r__1__1.A__1.C_1.D|1.D,high,False,True,True,False,False,False,1
boltz|8cey__1__1.A__1.D|1.D,mid,True,False,True,True,False,False,1
boltz|8cij__1__1.A__1.B|1.B,mid,True,True,True,False,False,False,0
boltz|8cji__1__1.A__1.B_1.C|1.C,mid,True,False,True,True,False,False,1
boltz|8cjj__1__1.A__1.B_1.C|1.C,mid,True,False,True,True,False,False,1
boltz|8cjk__1__1.A__1.B_1.C|1.C,mid,True,True,True,True,False,False,1
boltz|8cnm__1__1.A_1.B__1.F_1.N_1.S|1.N,high,False,False,True,True,False,False,1
boltz|8cno__1__1.A_1.B__1.C_1.E_1.F|1.C,high,False,False,True,True,False,False,0
boltz|8con__1__1.A_2.A__2.D_2.J|2.D,high,False,False,True,True,False,False,0
boltz|8coq__1__1.A__1.C_1.D|1.D,mid,True,True,True,True,False,False,1
boltz|8cou__1__1.A__1.V|1.V,mid,True,False,True,True,False,False,1
boltz|8cow__1__1.B__1.I_1.J|1.J,mid,True,True,True,True,False,False,0
boltz|8cp4__1__2.A__2.H_2.I|2.I,mid,False,True,True,True,False,False,1
boltz|8cp7__1__1.A__1.B|1.B,high,False,False,True,False,False,False,1
boltz|8cpb__1__1.B__1.H|1.H,high,False,False,True,False,False,False,1
boltz|8cq8__1__1.A__1.C_1.D_1.E|1.E,high,False,False,True,True,False,False,0
boltz|8cqv__1__1.A_1.B__1.K_1.P|1.K,high,False,False,True,True,False,False,0
boltz|8cu7__1__1.A__1.C|1.C,mid,True,False,False,False,False,False,0
boltz|8cvf__1__1.A__1.D_1.E_1.F_1.G|1.D,high,False,False,True,False,False,False,0
boltz|8d19__1__1.A__1.C_1.D|1.D,high,False,False,True,False,False,False,0
boltz|8d3e__1__1.A__1.C_1.D|1.C,high,False,False,True,False,False,False,0
boltz|8d3h__1__1.A__1.C_1.D|1.C,high,False,False,True,False,False,False,0
boltz|8d3j__1__1.A__1.D_1.E_1.F|1.D,high,False,False,True,False,False,False,0
boltz|8d6e__1__1.A__1.D|1.D,mid,True,True,False,False,False,False,0
boltz|8d6m__1__1.A__1.C|1.C,high,False,False,False,False,False,False,1
boltz|8d6t__1__1.A__1.C|1.C,high,False,False,False,False,False,False,1
boltz|8deg__1__1.A__1.B|1.B,mid,True,True,False,False,False,False,1
boltz|8dil__1__1.A_1.B__1.K_1.L_1.M|1.L,high,False,False,False,False,False,False,0
boltz|8dkp__1__1.A__1.C_1.D|1.C,high,False,False,False,False,False,False,0
boltz|8dkp__1__1.A__1.C_1.D|1.D,high,False,False,False,False,False,False,0
boltz|8dkq__1__1.A__1.C_1.D|1.C,high,False,False,False,False,False,False,0
boltz|8dkt__1__1.A_1.B__1.D_1.E|1.D,high,False,False,True,False,False,False,1
boltz|8dq8__1__1.B__1.F_1.G|1.F,high,False,False,True,False,False,False,0
boltz|8dsc__1__1.B__1.L|1.L,mid,True,True,True,False,False,False,1
boltz|8dse__1__1.A_1.B__1.C_1.G|1.G,mid,True,False,True,False,False,False,1
boltz|8dsh__1__1.A_1.B__1.C|1.C,high,False,False,True,False,False,False,1
boltz|8dsh__1__1.A_1.B__1.E_1.F|1.F,mid,True,True,True,False,False,False,1
boltz|8dt5__1__1.B__1.I_1.M_1.O|1.O,high,True,False,False,False,False,False,1
boltz|8dxk__1__1.A_1.B__1.C|1.C,high,True,False,True,False,False,False,0
boltz|8e1h__1__1.A__1.C_1.E_1.F|1.C,high,False,False,False,False,False,False,0
boltz|8e1x__1__1.A__1.C|1.C,mid,True,False,False,False,False,False,0
boltz|8e5i__1__1.A__1.B_1.E|1.B,high,False,False,True,False,False,False,0
boltz|8e9e__1__1.A_1.B__1.I_1.J_1.K|1.I,high,False,False,False,False,False,False,0
boltz|8ea6__1__1.A_1.B__1.C|1.C,low,True,True,True,False,True,True,1
boltz|8eef__1__1.A__1.C_1.D|1.C,mid,True,True,True,False,False,False,0
boltz|8egf__1__1.A__1.B_1.C|1.B,high,False,False,True,False,False,False,0
boltz|8eh0__1__1.A__1.C_1.E|1.E,mid,True,False,True,False,False,False,1
boltz|8etd__1__1.B__1.E_1.F|1.F,high,False,False,False,False,False,False,0
boltz|8etl__1__1.A__1.C|1.C,low,True,True,True,False,True,True,1
boltz|8evz__1__1.A__1.D_1.E_1.F_1.G|1.G,high,True,False,True,False,False,False,0
boltz|8ex1__1__1.A__1.B|1.B,mid,True,True,True,False,False,False,0
boltz|8ex2__1__1.A__1.B|1.B,mid,True,True,True,False,False,False,0
boltz|8eym__1__1.A_1.B__1.C_1.E|1.C,low,True,True,True,False,True,True,1
boltz|8eym__1__1.A_1.B__1.C_1.E|1.E,low,True,True,True,False,True,True,1
boltz|8f1z__1__1.A__1.B|1.B,mid,True,True,True,False,False,False,0
boltz|8f4s__1__1.A__1.D_1.E|1.D,low,True,True,True,False,True,True,1
boltz|8f8k__1__1.A__1.F_1.G_1.I_1.J_1.K|1.F,mid,True,True,True,False,False,False,1
boltz|8fb1__1__1.A__1.D|1.D,high,True,False,True,False,False,False,1
boltz|8fdb__1__1.A_1.B__1.D_1.F_1.H|1.D,low,False,True,True,False,False,False,1
boltz|8fdb__1__1.A_1.B__1.D_1.F_1.H|1.H,low,False,True,True,False,False,False,1
boltz|8fdx__1__1.A__1.B_1.C|1.B,high,False,False,True,False,False,False,0
boltz|8fdz__1__1.A__1.B_1.C|1.B,high,False,False,True,False,False,False,0
boltz|8fe6__1__1.A__1.I|1.I,high,False,False,True,False,False,False,0
boltz|8fe9__1__1.A__1.B|1.B,mid,True,False,True,False,False,False,0
boltz|8fen__1__1.A__1.B_1.C|1.C,high,False,False,True,False,False,False,0
boltz|8fh5__1__1.A__1.B_1.C|1.B,high,False,False,True,False,False,False,0
boltz|8fh9__1__1.A__1.B_1.C|1.B,high,False,False,True,False,False,False,0
boltz|8fh9__1__1.A__1.B_1.C|1.C,high,True,False,True,False,False,False,0
boltz|8fjt__1__1.A_1.B__1.C_1.E|1.E,mid,True,False,True,False,False,False,1
boltz|8fju__1__1.A_1.B__1.C_1.D|1.C,high,False,False,True,False,False,False,0
boltz|8fju__1__1.A_1.B__1.C_1.D|1.D,mid,True,False,True,False,False,False,1
boltz|8fjx__1__1.A__1.B_1.C|1.C,high,False,False,True,False,False,False,0
boltz|8fjy__1__1.A__1.B_1.C|1.B,high,False,False,True,False,False,False,0
boltz|8fly__1__1.A__1.K|1.K,high,True,False,True,False,False,False,1
boltz|8fp5__1__1.A__1.C_1.D|1.C,high,False,False,True,False,False,False,0
boltz|8fqx__1__1.A__1.B_1.C|1.C,high,True,False,True,False,False,False,0
boltz|8fsi__1__1.A__1.B_1.C_1.D_1.F|1.C,high,False,True,True,False,False,False,0
boltz|8g3e__1__1.A__1.C|1.C,mid,True,False,True,False,False,False,1
boltz|8g4a__1__1.A_1.B__1.C|1.C,low,True,True,True,True,True,True,1
boltz|8g62__1__1.A__1.F_1.J_1.L|1.F,low,True,True,True,False,True,True,1
boltz|8g68__1__1.A__1.C|1.C,low,True,True,True,False,True,True,1
boltz|8g69__1__1.A__1.C|1.C,low,True,True,True,False,True,True,1
boltz|8gb4__1__1.A__1.E_1.F_1.G|1.F,high,False,False,True,True,False,False,0
boltz|8gds__1__1.A__1.E|1.E,mid,True,True,True,False,False,False,0
boltz|8gem__1__1.A__1.B|1.B,mid,True,False,True,False,False,False,0
boltz|8gev__1__1.A__1.B|1.B,mid,True,False,True,False,False,False,0
boltz|8gfs__1__1.A__1.B|1.B,mid,True,True,True,False,False,False,1
boltz|8gjb__1__1.B__1.G_1.H|1.G,high,False,False,True,True,False,False,0
boltz|8gkf__1__1.A__1.J|1.J,mid,True,False,True,True,False,False,0
boltz|8gm5__1__1.A__1.D|1.D,mid,True,False,True,False,False,False,0
boltz|8gne__1__1.A__1.E|1.E,high,False,False,True,False,False,False,1
boltz|8gpc__1__1.A__1.C_1.D_1.E|1.E,high,False,False,True,False,False,False,0
boltz|8gpe__1__1.A__1.C_1.D_1.E|1.E,high,False,False,True,False,False,False,0
boltz|8grw__1__1.A_1.B__1.C_1.D|1.D,high,False,False,True,False,False,False,1
boltz|8gtg__1__1.A__1.C|1.C,mid,True,True,True,False,False,False,1
boltz|8gti__1__1.A__1.H|1.H,mid,True,True,True,False,False,False,1
boltz|8gtm__1__1.A__1.C|1.C,mid,True,True,True,False,False,False,1
boltz|8gu1__1__1.A_1.B__1.D|1.D,low,True,True,True,False,True,True,1
boltz|8gyd__1__1.A_1.B__1.K|1.K,low,True,True,True,False,True,True,1
boltz|8gyj__1__1.A_1.B__1.D_1.I|1.I,mid,True,True,True,False,False,False,1
boltz|8h59__1__1.A__1.B|1.B,mid,True,False,True,False,False,False,0
boltz|8hi5__1__1.A__1.B_1.C|1.B,mid,True,True,True,False,False,False,0
boltz|8hlj__1__1.A__1.C|1.C,high,False,False,True,True,False,False,0
boltz|8ho5__1__1.A__1.B|1.B,low,True,True,True,False,True,True,1
boltz|8hp4__1__1.A_1.B__1.C_1.D|1.C,high,False,False,True,True,False,False,0
boltz|8htg__1__1.A__1.F_1.G|1.G,high,False,False,True,False,False,False,0
boltz|8huu__1__1.A__1.C|1.C,mid,True,False,True,False,False,False,0
boltz|8hxu__1__1.A__1.C_1.D_1.E|1.E,mid,True,True,True,False,False,False,0
boltz|8i19__1__1.A__1.C_1.D_1.E|1.C,high,False,False,True,False,False,False,0
boltz|8i2n__1__1.A__1.C|1.C,mid,True,True,True,True,False,False,0
boltz|8i4i__1__1.A__1.C|1.C,high,False,False,True,False,False,False,0
boltz|8ivs__1__1.A_1.B__1.C|1.C,low,True,True,True,False,True,True,1
boltz|8ivt__1__1.A_1.B__1.F|1.F,low,True,True,True,False,True,True,1
boltz|8iw3__1__1.A_1.B__1.C|1.C,low,True,True,True,False,True,True,1
boltz|8j40__1__1.A_2.A__1.D|1.D,mid,True,False,True,True,False,False,1
boltz|8j7j__1__1.A_1.B__1.C|1.C,low,True,True,True,False,True,True,1
boltz|8jb3__1__1.A__1.B|1.B,low,False,True,True,True,False,False,1
boltz|8jdb__1__1.A__1.B_1.C|1.C,mid,False,True,True,False,False,False,0
boltz|8jdo__1__1.A__1.B_1.C|1.B,mid,True,True,True,False,False,False,0
boltz|8jdp__1__1.A__1.B_1.C|1.C,mid,True,True,True,False,False,False,0
boltz|8jdr__1__1.A__1.B_1.C|1.C,mid,True,True,True,False,False,False,0
boltz|8jdy__1__1.A__1.B_1.C_1.D|1.D,mid,False,True,True,False,False,False,0
boltz|8jdz__1__1.A__1.B_1.C_1.D|1.D,mid,False,True,True,False,False,False,0
boltz|8jjn__1__1.A__1.D_1.E|1.D,low,True,True,True,True,True,True,1
boltz|8jjt__1__1.A__1.D|1.D,low,True,True,True,True,True,True,0
boltz|8jk8__1__1.A__1.B_1.C_1.D|1.D,mid,False,True,True,True,False,False,0
boltz|8jm8__1__1.A__1.C_1.I|1.I,high,False,False,True,True,False,False,0
boltz|8jmp__1__1.A__1.D|1.D,mid,True,True,True,False,False,False,1
boltz|8jot__1__1.A__1.B|1.B,mid,True,True,True,True,False,False,1
boltz|8jwy__1__1.A__1.B|1.B,mid,True,False,True,False,False,False,0
boltz|8k5y__1__1.A__1.H|1.H,mid,True,True,True,False,False,False,1
boltz|8k9y__1__1.A__1.C_1.E|1.C,high,False,False,True,False,False,False,1
boltz|8ke1__1__2.A__2.B_2.C_2.D_2.E|2.B,high,False,False,True,False,False,False,0
boltz|8ke4__1__2.A__2.B_2.C_2.D_2.E|2.B,high,False,False,True,False,False,False,0
boltz|8ome__1__1.A_1.D__1.E|1.E,low,True,True,True,False,True,True,1
boltz|8oq2__1__1.B__1.H_1.I|1.H,high,False,False,True,True,False,False,0
boltz|8ou2__1__1.A__1.C|1.C,mid,True,False,True,True,False,False,0
boltz|8ou3__1__1.A_1.C__1.E|1.E,high,False,False,True,False,False,False,0
boltz|8oum__1__1.A__1.F_1.G|1.F,high,False,False,True,True,False,False,0
boltz|8ovr__1__1.A__1.B|1.B,low,True,True,True,False,True,True,1
boltz|8p0m__1__1.C__1.L|1.L,mid,True,True,True,True,False,False,1
boltz|8p1e__1__1.D_1.E__1.P|1.P,mid,True,True,True,True,False,False,1
boltz|8p1p__1__1.A__1.E|1.E,low,True,True,True,True,True,True,1
boltz|8p4z__1__1.A__1.C|1.C,mid,True,False,True,False,False,False,0
boltz|8pfl__1__1.A__1.C|1.C,low,True,True,True,True,True,True,1
boltz|8pp8__1__1.A__1.D|1.D,high,False,False,True,True,False,False,1
boltz|8pp9__1__1.A__1.C_1.D_1.H|1.C,high,False,False,True,True,False,False,0
boltz|8pp9__1__1.A__1.C_1.D_1.H|1.D,high,False,False,True,True,False,False,0
boltz|8pq9__1__1.A__1.C|1.C,mid,True,True,True,False,False,False,1
boltz|8pqa__1__1.A__1.C|1.C,mid,True,True,True,False,False,False,0
boltz|8pqf__1__1.A__1.C|1.C,mid,True,False,True,False,False,False,0
boltz|8pqr__1__1.A_1.B_1.C__1.E|1.E,mid,False,True,True,True,False,False,1
boltz|8q5v__1__1.A_1.B__1.P_1.Q|1.P,high,False,False,True,True,False,False,0
boltz|8q9v__1__2.A__2.C_2.D_2.E|2.C,mid,True,False,True,True,False,False,1
boltz|8qic__1__1.B__1.F_1.J|1.F,mid,True,False,True,True,False,False,0
boltz|8qkb__1__1.D__1.CA_1.HA|1.CA,high,False,False,True,False,False,False,0
boltz|8qnh__1__1.A__1.B|1.B,low,True,True,True,False,True,True,1
boltz|8qq4__1__1.A__1.B_1.I|1.I,high,True,False,True,False,False,False,0
boltz|8qqy__1__1.A__1.B|1.B,mid,True,False,True,False,False,False,0
boltz|8qtg__1__1.A__1.B|1.B,low,True,True,True,True,True,True,1
boltz|8qth__1__1.A__1.B|1.B,low,True,True,True,True,True,True,1
boltz|8qtj__1__1.A__1.E|1.E,low,True,True,True,True,True,True,1
boltz|8qyq__1__1.A__1.H|1.H,mid,True,True,True,False,False,False,1
boltz|8qyw__1__1.A_2.A__1.C_1.E|1.C,high,False,False,True,True,False,False,1
boltz|8r1n__1__1.A__1.C|1.C,mid,True,True,True,True,False,False,0
boltz|8r1p__1__1.A_1.B__1.C|1.C,mid,True,True,True,True,False,False,1
boltz|8r3d__1__1.B_1.E__1.J|1.J,high,False,False,True,True,False,False,0
boltz|8rb6__1__1.A__1.C_1.D|1.C,high,False,False,True,True,False,False,0
boltz|8rkq__1__1.A__1.E|1.E,low,True,True,True,True,True,True,1
boltz|8s8x__1__1.A__1.C_1.E_1.F_1.I|1.I,high,False,False,True,True,False,False,1
boltz|8se5__1__1.A_1.B__1.H|1.H,low,True,True,True,False,True,True,1
boltz|8se6__1__1.A_1.B__1.F|1.F,low,True,True,True,False,True,True,1
boltz|8sft__1__1.A__1.E_1.F|1.F,low,True,True,True,True,True,True,1
boltz|8sge__1__1.A__1.H|1.H,mid,True,False,True,True,False,False,1
boltz|8sip__1__1.A_1.B__1.C|1.C,mid,True,True,True,True,False,False,0
boltz|8su1__1__1.A__1.C_1.D_1.E_1.F|1.F,high,False,False,True,False,False,False,0
boltz|8sv9__1__1.A__1.C|1.C,mid,True,True,True,True,False,False,0
boltz|8swu__1__1.A_1.B__1.D_1.E|1.D,high,False,False,True,False,False,False,0
boltz|8sz3__1__1.A_2.B__1.G|1.G,mid,True,True,True,False,False,False,1
boltz|8tti__1__1.A__1.E|1.E,high,False,False,True,False,False,False,0
boltz|8uak__1__1.A__1.B|1.B,mid,True,True,True,True,False,False,1
boltz|8uk6__1__1.A__1.C|1.C,low,True,True,True,True,True,True,1
boltz|8un3__1__1.A__1.E_1.F_1.H|1.F,high,False,False,True,False,False,False,0
boltz|8ux7__1__1.B__1.I|1.I,high,False,False,True,False,False,False,0
boltz|8v8m__1__1.A__1.F_1.G|1.F,low,True,True,True,True,True,True,1
boltz|8v8m__1__1.A__1.F_1.G|1.G,low,True,True,True,True,True,True,1
boltz|8vw1__1__1.A__1.B_1.C|1.B,high,False,False,True,True,False,False,0
boltz|8wjy__1__1.A__1.B|1.B,mid,True,True,True,False,False,False,0
boltz|8wmy__1__1.A__1.C_1.D_1.E|1.C,mid,False,True,True,False,False,False,1
boltz|8wr2__1__1.A__1.E_1.F|1.F,mid,True,False,True,True,False,False,1
boltz|8wsm__1__1.A__1.D|1.D,low,True,True,True,False,True,True,1
boltz|8wsw__1__1.A__1.E|1.E,mid,True,True,True,False,False,False,0
boltz|8x1a__1__1.A__1.B|1.B,high,False,False,True,True,False,False,1
boltz|8x6r__1__1.A__1.G_1.H_1.I|1.G,high,False,False,True,True,False,False,0
boltz|8yhw__1__1.A__1.E_1.F|1.E,high,False,False,True,True,False,False,0
boltz1x|5s9l__1__1.A__1.H_1.I|1.H,high,True,False,False,False,False,False,1
boltz1x|5s9y__1__1.A__1.K|1.K,low,True,True,False,False,True,False,1
boltz1x|5s9z__1__1.A_1.B__1.R|1.R,mid,True,False,False,False,False,False,1
boltz1x|5sb2__1__1.A__1.G|1.G,mid,True,True,False,False,False,False,0
boltz1x|5scm__1__1.A__1.F_1.G_1.H_1.I|1.I,high,False,False,False,False,False,False,0
boltz1x|5scn__1__1.A__1.B_1.C|1.C,high,False,False,False,False,False,False,0
boltz1x|5se0__1__1.A__1.G|1.G,mid,True,True,False,False,False,False,0
boltz1x|5sea__1__1.A__1.G|1.G,mid,True,True,False,False,False,False,0
boltz1x|5see__1__1.A__1.E|1.E,mid,True,True,False,False,False,False,0
boltz1x|5sex__1__1.A__1.G|1.G,mid,True,False,False,False,False,False,0
boltz1x|5sf4__1__1.A__1.G|1.G,mid,True,True,False,False,False,False,0
boltz1x|5sf7__1__1.A__1.G|1.G,mid,True,True,False,False,False,False,0
boltz1x|5sfg__1__1.A__1.G|1.G,mid,True,True,False,False,False,False,1
boltz1x|5sg5__1__1.A__1.G|1.G,mid,True,True,False,False,False,False,1
boltz1x|5sgz__1__1.A__1.G|1.G,mid,True,True,False,False,False,False,0
boltz1x|5shc__1__1.A__1.G|1.G,mid,True,True,False,False,False,False,0
boltz1x|5shg__1__1.A__1.G|1.G,mid,True,True,False,False,False,False,0
boltz1x|5shw__1__1.A__1.G|1.G,mid,True,True,False,False,False,False,1
boltz1x|5si5__1__1.A__1.G|1.G,mid,True,True,False,False,False,False,1
boltz1x|5si8__1__1.A__1.G|1.G,mid,True,True,False,False,False,False,0
boltz1x|5si9__1__1.A__1.G|1.G,mid,True,True,False,False,False,False,0
boltz1x|5sig__1__1.A__1.G|1.G,mid,True,True,False,False,False,False,1
boltz1x|5siq__1__1.A__1.H|1.H,mid,True,True,False,False,False,False,1
boltz1x|5siy__1__1.A__1.G|1.G,mid,True,False,False,False,False,False,0
boltz1x|5sk9__1__1.A__1.G|1.G,mid,True,True,False,False,False,False,0
boltz1x|5sko__1__1.A__1.G|1.G,mid,True,True,False,False,False,False,0
boltz1x|5skr__1__1.A__1.G|1.G,mid,True,False,False,False,False,False,1
boltz1x|5sku__1__1.A__1.G|1.G,mid,True,False,False,False,False,False,1
boltz1x|5slg__1__1.A__1.G|1.G,mid,True,False,False,False,False,False,1
boltz1x|5umb__1__1.A__1.E_1.F_1.G|1.G,high,False,False,False,False,False,False,0
boltz1x|6x4j__1__1.A_2.A__2.B_2.C_2.D_2.E|2.C,high,False,False,False,False,False,False,0
boltz1x|6x4k__1__1.A_2.A__1.B_1.C_1.D_1.E|1.C,high,False,False,False,False,False,False,0
boltz1x|6x4l__1__1.A_2.A__2.B_2.C_2.D_2.E|2.C,high,False,False,False,False,False,False,0
boltz1x|6zfz__1__1.A__1.B|1.B,mid,True,True,False,False,False,False,0
boltz1x|6zg9__1__1.A__1.B|1.B,mid,True,True,False,False,False,False,0
boltz1x|6zk5__1__1.A_1.B__1.F_1.G|1.F,mid,False,True,False,False,False,False,0
boltz1x|7an8__1__1.B__1.E|1.E,mid,True,True,False,False,False,False,0
boltz1x|7aya__1__1.A__1.H_1.N_1.U|1.U,high,True,False,False,False,False,False,0
boltz1x|7b2u__1__1.A_1.B__1.C|1.C,mid,True,False,False,False,False,False,0
boltz1x|7b3p__1__1.A__1.G|1.G,mid,True,False,False,False,False,False,0
boltz1x|7bbn__1__1.B__1.E_1.F|1.E,high,False,False,False,False,False,False,0
boltz1x|7bia__1__1.A_1.B__1.D_1.E|1.D,high,False,False,False,False,False,False,0
boltz1x|7bk9__1__1.A_2.A__2.F|2.F,mid,True,False,False,False,False,False,1
boltz1x|7bm3__1__1.A__1.M_1.P|1.P,mid,True,False,False,False,False,False,1
boltz1x|7bn6__1__1.A__1.C_1.D|1.D,high,False,False,False,False,False,False,0
boltz1x|7bn7__1__1.A__1.E_1.F|1.E,high,False,False,False,False,False,False,0
boltz1x|7bo0__1__1.A__1.C_1.D|1.C,mid,True,False,False,False,False,False,0
boltz1x|7bo0__1__1.A__1.C_1.D|1.D,high,False,False,False,False,False,False,0
boltz1x|7di7__1__1.A__1.D|1.D,low,True,True,False,False,True,False,1
boltz1x|7dia__1__1.A__1.D_1.E_1.G|1.E,low,True,True,False,False,True,False,1
boltz1x|7dij__1__1.A__1.F_1.J|1.J,low,True,True,False,False,True,False,1
boltz1x|7dn8__1__1.B__1.I_1.J|1.J,high,False,False,False,False,False,False,0
boltz1x|7dpk__1__1.A_1.B__1.C_1.D|1.C,high,True,False,False,False,False,False,1
boltz1x|7du9__1__1.A_1.B__1.D|1.D,high,True,False,False,False,False,False,0
boltz1x|7dxl__1__1.A__1.C|1.C,mid,True,False,False,False,False,False,0
boltz1x|7dyw__1__1.A__1.B_1.C|1.B,mid,True,False,False,False,False,False,0
boltz1x|7e1n__1__1.A_1.B__1.D|1.D,low,True,True,False,False,True,False,1
boltz1x|7e3n__1__1.A_2.A__1.B_1.C_1.D|1.B,high,False,False,False,False,False,False,0
boltz1x|7e48__1__1.C__1.J_1.K|1.J,high,False,False,False,False,False,False,0
boltz1x|7eba__1__1.A__1.C|1.C,mid,True,True,False,False,False,False,1
boltz1x|7ed1__1__1.A_1.B__1.C_1.D_1.E_1.F|1.C,high,False,False,False,False,False,False,0
boltz1x|7edz__1__1.A_2.A__1.E_1.G_1.I|1.E,mid,False,True,False,False,False,False,0
boltz1x|7eer__1__2.A__2.E_2.F|2.E,high,False,False,False,False,False,False,0
boltz1x|7ef7__1__1.A__1.B_1.C|1.C,mid,True,True,False,False,False,False,0
boltz1x|7eji__1__1.D__1.V_1.W|1.W,mid,True,True,False,False,False,False,1
boltz1x|7ejv__1__1.B__1.D|1.D,mid,True,True,False,False,False,False,0
boltz1x|7ekr__1__1.A__1.C|1.C,high,True,False,False,False,False,False,0
boltz1x|7en5__1__1.A_3.A_4.A__3.B|3.B,mid,False,True,False,False,False,False,0
boltz1x|7ene__1__1.A_1.B__1.E|1.E,mid,True,False,False,False,False,False,0
boltz1x|7ens__1__2.A__2.B_2.C_2.D|2.B,high,False,False,False,False,False,False,0
boltz1x|7ens__1__2.A__2.B_2.C_2.D|2.D,high,True,False,False,False,False,False,0
boltz1x|7erb__1__1.A__1.E_1.F|1.E,high,False,False,False,False,False,False,0
boltz1x|7ere__1__1.A_1.B__1.G_1.I|1.G,mid,True,True,False,False,False,False,1
boltz1x|7es1__1__1.A__1.C|1.C,mid,True,True,False,False,False,False,0
boltz1x|7ev2__1__2.A__2.B_2.C_2.D|2.B,high,False,False,False,False,False,False,0
boltz1x|7ev3__1__2.A__2.B_2.C_2.D|2.B,high,False,False,False,False,False,False,0
boltz1x|7evu__1__1.B__1.E_1.F|1.F,mid,True,False,False,False,False,False,0
boltz1x|7evv__1__1.A__1.B_1.C|1.C,high,False,False,False,False,False,False,0
boltz1x|7eyt__1__1.A_1.C__1.E_1.F_1.G|1.F,mid,True,True,False,False,False,False,1
boltz1x|7eyu__1__1.A_1.B__1.C_1.D_1.E|1.D,mid,True,True,False,False,False,False,1
boltz1x|7ezq__1__2.A__2.B_2.C|2.B,high,True,False,False,False,False,False,0
boltz1x|7f35__1__1.A_1.B__1.G|1.G,mid,True,False,False,False,False,False,1
boltz1x|7f42__1__1.B__1.C|1.C,mid,True,False,False,False,False,False,1
boltz1x|7f50__1__1.A__1.B_1.C_1.E|1.E,high,False,False,False,False,False,False,0
boltz1x|7f51__1__1.A__1.C|1.C,high,True,False,False,False,False,False,1
boltz1x|7f6j__1__1.A__1.D_1.E|1.E,high,False,False,False,False,False,False,0
boltz1x|7f6w__1__2.A__2.B|2.B,high,False,False,False,False,False,False,0
boltz1x|7f7m__1__1.A__1.C_1.D|1.C,mid,True,False,False,False,False,False,1
boltz1x|7f8t__1__1.A__1.L_1.M|1.M,high,False,False,False,False,False,False,0
boltz1x|7f99__1__1.B__1.L_1.O|1.O,high,False,False,False,False,False,False,0
boltz1x|7f9a__1__1.A__1.C_1.O|1.O,high,False,False,False,False,False,False,0
boltz1x|7f9b__1__1.A__1.C_1.I|1.I,high,False,False,False,False,False,False,0
boltz1x|7fak__1__1.A__1.B|1.B,mid,True,False,True,False,False,False,0
boltz1x|7fan__1__1.A__1.B_1.C|1.B,mid,True,False,False,False,False,False,0
boltz1x|7fan__1__1.A__1.B_1.C|1.C,high,False,False,False,False,False,False,0
boltz1x|7far__1__1.A__1.B_1.C_1.D|1.D,mid,True,True,False,False,False,False,0
boltz1x|7fee__1__1.A__1.D|1.D,high,True,False,False,False,False,False,0
boltz1x|7fee__1__1.A__1.E|1.E,low,True,True,False,False,True,False,1
boltz1x|7fgm__1__1.A__1.C_1.D_1.E|1.C,high,False,False,False,False,False,False,0
boltz1x|7fha__1__1.A__1.C|1.C,high,False,False,False,False,False,False,0
boltz1x|7fhb__1__1.A__1.B|1.B,high,False,False,False,False,False,False,0
boltz1x|7ftr__1__1.A__1.C_1.D_1.E_1.G|1.G,mid,True,False,True,True,False,False,1
boltz1x|7ftu__1__1.A__1.C_1.D_1.E_1.G|1.G,mid,True,True,True,True,False,False,1
boltz1x|7ftz__1__1.A__1.D|1.D,mid,True,True,True,True,False,False,1
boltz1x|7fu7__1__1.A__1.C|1.C,mid,True,True,True,True,False,False,1
boltz1x|7fu8__1__1.A__1.C|1.C,mid,True,True,True,True,False,False,1
boltz1x|7fuc__1__1.A__1.C|1.C,mid,True,True,True,True,False,False,1
boltz1x|7fuf__1__1.A__1.C|1.C,mid,True,True,True,True,False,False,1
boltz1x|7fum__1__1.A__1.C|1.C,mid,True,True,True,True,False,False,1
boltz1x|7fur__1__1.A__1.C_1.D_1.E_1.F|1.E,high,False,False,True,True,False,False,0
boltz1x|7fur__1__1.A__1.C_1.D_1.E_1.F|1.F,mid,True,False,True,True,False,False,0
boltz1x|7fwi__1__1.A__1.D|1.D,mid,True,False,True,False,False,False,1
boltz1x|7fy8__1__1.A__1.I_1.J|1.I,mid,True,False,True,False,False,False,1
boltz1x|7fyr__1__1.A__1.B|1.B,mid,True,True,True,False,False,False,1
boltz1x|7fz3__1__1.A__1.B|1.B,mid,True,False,True,False,False,False,0
boltz1x|7fzc__1__1.A__1.B|1.B,mid,True,False,True,False,False,False,0
boltz1x|7g00__1__1.A__1.Q|1.Q,mid,True,False,True,False,False,False,0
boltz1x|7g0g__1__1.A__1.B|1.B,mid,True,True,True,False,False,False,0
boltz1x|7g1j__1__1.A__1.B|1.B,mid,True,False,True,False,False,False,1
boltz1x|7g20__1__1.A__1.B|1.B,mid,True,True,True,False,False,False,0
boltz1x|7g90__1__1.A__1.C|1.C,mid,True,True,True,False,False,False,1
boltz1x|7gbs__1__1.A_2.A__1.E_1.F|1.E,high,True,False,True,False,False,False,0
boltz1x|7gda__1__1.A_2.A__1.D|1.D,high,True,False,True,False,False,False,0
boltz1x|7ge9__1__1.A_2.A__1.E|1.E,high,True,False,True,False,False,False,0
boltz1x|7gf3__1__1.A_2.A__1.E|1.E,high,True,False,True,False,False,False,0
boltz1x|7gis__1__1.A_1.B__1.E_1.F|1.F,high,True,False,True,False,False,False,0
boltz1x|7jni__1__1.A__1.C|1.C,low,True,True,False,False,True,False,1
boltz1x|7kh4__1__1.A_1.F__1.G_1.W|1.G,high,False,False,False,False,False,False,0
boltz1x|7l00__1__1.B__1.J_1.K_1.L|1.J,high,False,False,False,False,False,False,0
boltz1x|7l00__1__1.B__1.J_1.K_1.L|1.K,mid,True,False,False,False,False,False,1
boltz1x|7l3m__1__1.A__1.B_1.D_1.E_1.F_1.G|1.E,high,False,False,False,False,False,False,0
boltz1x|7lbv__1__1.A__1.B|1.B,high,True,False,False,False,False,False,0
boltz1x|7ldy__1__1.A_1.B__1.H|1.H,high,False,False,False,False,False,False,0
boltz1x|7le3__1__1.A_1.B__1.C|1.C,high,True,False,False,False,False,False,0
boltz1x|7le5__1__1.A_1.B__1.H|1.H,high,False,False,False,False,False,False,0
boltz1x|7le6__1__1.A_1.B__1.C|1.C,high,True,False,False,False,False,False,0
boltz1x|7lff__1__1.A__1.C_1.D|1.C,high,False,False,False,False,False,False,0
boltz1x|7lov__1__1.A__1.C_1.D_1.H|1.D,high,False,False,False,False,False,False,0
boltz1x|7lpw__1__1.A_1.B__1.G|1.G,mid,True,True,False,False,False,False,1
boltz1x|7lr9__1__1.A__1.C|1.C,high,True,False,False,False,False,False,0
boltz1x|7ltx__1__1.A__1.E_1.F_1.G|1.E,high,False,False,False,False,False,False,0
boltz1x|7ly6__1__1.A_2.A__1.B_1.C_1.D|1.B,low,True,True,False,False,True,False,1
boltz1x|7ly6__1__1.A_2.A__1.B_1.C_1.D|1.C,mid,False,True,False,False,False,False,0
boltz1x|7m9g__1__1.A_1.B__1.E|1.E,high,False,False,False,False,False,False,0
boltz1x|7m9h__1__1.A_1.B__1.E|1.E,high,False,False,False,False,False,False,0
boltz1x|7m9r__1__1.A_1.B__1.C|1.C,high,False,False,False,False,False,False,0
boltz1x|7m9t__1__1.A_1.B__1.D|1.D,high,True,False,False,False,False,False,0
boltz1x|7m9v__1__1.A_1.B__1.C|1.C,high,True,False,False,False,False,False,0
boltz1x|7ma0__1__1.A_1.B__1.I|1.I,high,False,False,False,False,False,False,0
boltz1x|7ma1__1__1.A_1.B__1.M|1.M,high,False,False,False,False,False,False,0
boltz1x|7ma3__1__1.A_1.B__1.E|1.E,high,False,False,False,False,False,False,0
boltz1x|7ma4__1__1.A_1.B__1.D|1.D,high,False,False,False,False,False,False,0
boltz1x|7ma5__1__1.A_1.B__1.G|1.G,high,False,False,False,False,False,False,0
boltz1x|7ma7__1__1.A_1.B__1.E|1.E,high,False,False,False,False,False,False,0
boltz1x|7ma8__1__1.A_1.B__1.E|1.E,high,False,False,False,False,False,False,0
boltz1x|7maq__1__1.A_1.B__1.C|1.C,high,False,False,False,False,False,False,0
boltz1x|7mjd__1__1.B__1.S|1.S,mid,True,False,False,False,False,False,1
boltz1x|7mmr__1__1.A_1.E__1.BA_1.CA_1.K|1.BA,high,False,False,False,False,False,False,0
boltz1x|7mwn__1__1.A_1.B__1.C|1.C,mid,True,False,False,False,False,False,0
boltz1x|7mwt__1__1.A__1.B_1.C|1.B,high,False,False,False,False,False,False,0
boltz1x|7mwu__1__1.A__1.B_1.C|1.B,high,False,False,False,False,False,False,0
boltz1x|7mwv__1__1.A__1.B_1.C|1.B,high,False,False,False,False,False,False,0
boltz1x|7my0__1__1.A__1.C_1.F_1.G|1.C,high,False,False,False,False,False,False,0
boltz1x|7myd__1__1.A__1.C_1.G|1.C,high,False,False,False,False,False,False,0
boltz1x|7n4z__1__1.A__1.F|1.F,mid,True,True,False,False,False,False,1
boltz1x|7n53__1__1.A__1.D|1.D,mid,True,True,False,False,False,False,1
boltz1x|7nag__1__1.A__1.C|1.C,mid,True,True,False,False,False,False,1
boltz1x|7nah__1__1.A__1.C|1.C,mid,True,True,False,False,False,False,1
boltz1x|7nai__1__1.A__1.C|1.C,mid,True,True,False,False,False,False,1
boltz1x|7ng1__1__2.A__2.C_2.D|2.C,mid,True,True,False,False,False,False,1
boltz1x|7ngs__1__1.A__1.B|1.B,high,False,False,False,False,False,False,0
boltz1x|7ngy__1__2.A__2.B|2.B,high,False,False,False,False,False,False,0
boltz1x|7nlv__1__1.A_1.C__1.G|1.G,high,True,False,False,False,False,False,0
boltz1x|7nue__1__1.A__1.C|1.C,mid,True,True,False,False,False,False,1
boltz1x|7nwc__1__1.A_1.B__1.G|1.G,mid,True,False,False,False,False,False,1
boltz1x|7nya__1__1.A_1.B__1.F|1.F,mid,True,True,False,False,False,False,1
boltz1x|7nzy__1__1.A__1.E|1.E,mid,True,True,False,False,False,False,0
boltz1x|7o2t__1__1.A_2.A__1.B|1.B,mid,True,True,False,False,False,False,1
boltz1x|7o46__1__1.A_2.A__1.B|1.B,mid,True,False,False,False,False,False,0
boltz1x|7o6x__1__1.A__1.E|1.E,high,True,False,False,False,False,False,0
boltz1x|7oa4__1__1.A__1.E_1.F_1.H_1.I|1.E,mid,True,True,False,False,False,False,1
boltz1x|7oj6__1__1.A_1.C__1.Y|1.Y,mid,True,False,False,False,False,False,1
boltz1x|7ojw__1__1.A_1.C__1.F|1.F,mid,True,False,False,False,False,False,1
boltz1x|7ojy__1__1.A_1.B__1.D|1.D,mid,True,False,False,False,False,False,0
boltz1x|7ok1__1__1.A_1.B__1.D|1.D,mid,True,False,False,False,False,False,1
boltz1x|7oll__1__1.A_2.A__2.B_2.C_2.D|2.C,high,True,False,False,False,False,False,0
boltz1x|7olr__1__1.A_2.A__2.B_2.C_2.D|2.C,high,False,False,False,False,False,False,0
boltz1x|7ome__1__1.A__1.B|1.B,mid,True,True,False,False,False,False,1
boltz1x|7osq__1__1.A__1.B_1.C|1.B,high,False,False,False,False,False,False,0
boltz1x|7p1e__1__1.A__1.C_1.G|1.C,low,False,True,False,False,False,False,1
boltz1x|7p1u__1__1.A__1.C_1.D|1.C,high,False,False,False,False,False,False,0
boltz1x|7p2t__1__1.A__1.E_1.H|1.H,mid,True,False,False,False,False,False,1
boltz1x|7p4o__1__1.A__1.C_1.F|1.F,mid,True,True,False,False,False,False,1
boltz1x|7p50__1__1.A_1.B__1.D_1.E_1.F|1.D,high,False,False,False,False,False,False,0
boltz1x|7p50__1__1.A_1.B__1.D_1.E_1.F|1.F,high,False,False,False,False,False,False,0
boltz1x|7p5n__1__1.A__1.C|1.C,high,True,False,False,False,False,False,0
boltz1x|7pcm__1__1.A_1.B__1.F_1.I_1.J_1.K|1.F,mid,True,True,False,False,False,False,0
boltz1x|7pco__1__1.A_1.B__1.F_1.H_1.I_1.J|1.F,mid,True,True,False,False,False,False,0
boltz1x|7pdt__1__1.A__1.E|1.E,high,True,False,False,False,False,False,0
boltz1x|7pe4__1__1.A__1.B_1.C|1.B,high,False,False,True,False,False,False,0
boltz1x|7pjm__1__1.A_1.B__1.D_1.G_1.H|1.D,high,False,True,False,False,False,False,0
boltz1x|7pjm__1__1.A_1.B__1.D_1.G_1.H|1.G,high,False,True,False,False,False,False,0
boltz1x|7pox__1__1.A__1.C|1.C,high,True,False,False,False,False,False,1
boltz1x|7pqs__1__1.A__1.C|1.C,mid,True,False,False,False,False,False,0
boltz1x|7pqv__1__1.A__1.B|1.B,mid,True,True,False,False,False,False,0
boltz1x|7psc__1__1.A_1.B__1.C_1.D|1.C,high,False,False,True,False,False,False,0
boltz1x|7pu9__1__1.A__1.B_1.C|1.B,mid,True,True,False,False,False,False,1
boltz1x|7pu9__1__1.A__1.B_1.C|1.C,mid,True,True,False,False,False,False,1
boltz1x|7puw__1__1.B__1.G_1.H|1.H,mid,True,True,False,False,False,False,0
boltz1x|7pz1__1__1.A__1.D|1.D,high,True,False,False,False,False,False,1
boltz1x|7pzv__1__1.A__1.B_1.C|1.C,mid,True,False,False,False,False,False,1
boltz1x|7q6v__1__1.A__1.E|1.E,mid,True,True,False,False,False,False,1
boltz1x|7q6w__1__1.A__1.E|1.E,mid,True,True,False,False,False,False,0
boltz1x|7q7i__1__1.A__1.B|1.B,mid,True,True,False,False,False,False,0
boltz1x|7q8z__1__1.A__1.E|1.E,mid,True,True,False,False,False,False,0
boltz1x|7qaa__1__1.B__1.D|1.D,high,True,False,False,False,False,False,0
boltz1x|7qea__1__1.A__1.C|1.C,low,True,True,False,False,True,False,1
boltz1x|7qqa__1__1.A_1.B__1.H_1.I|1.H,high,False,False,False,False,False,False,0
boltz1x|7qt6__1__1.A__1.B|1.B,high,True,False,False,False,False,False,0
boltz1x|7qzl__1__1.B__1.F_1.H|1.F,high,False,True,False,False,False,False,0
boltz1x|7qzl__1__1.B__1.F_1.H|1.H,mid,True,True,False,False,False,False,0
boltz1x|7r0a__1__1.A__1.C|1.C,mid,True,False,False,False,False,False,1
boltz1x|7r2v__1__1.A__1.C_1.D|1.C,high,False,False,False,False,False,False,0
boltz1x|7r4a__1__1.A__1.C|1.C,mid,True,True,True,False,False,False,0
boltz1x|7r5d__1__1.A__1.C|1.C,mid,True,True,True,False,False,False,0
boltz1x|7r7r__1__1.A__1.B|1.B,high,False,False,False,False,False,False,0
boltz1x|7r9n__1__1.B__1.E|1.E,high,True,False,False,False,False,False,0
boltz1x|7r9t__1__1.A__1.C|1.C,mid,True,True,False,False,False,False,0
boltz1x|7rae__1__1.A__1.C|1.C,high,True,False,False,False,False,False,0
boltz1x|7raf__1__1.A__1.C|1.C,high,True,False,False,False,False,False,0
boltz1x|7rbw__1__1.A__1.C|1.C,low,True,True,False,False,True,False,1
boltz1x|7rl2__1__1.A__1.C|1.C,high,True,False,False,False,False,False,1
boltz1x|7rls__1__1.A_2.A__2.B|2.B,high,False,False,False,False,False,False,1
boltz1x|7rmb__1__1.A_2.A__2.B|2.B,high,False,False,False,False,False,False,1
boltz1x|7rre__1__1.A__1.B_1.C_1.D|1.B,mid,True,False,False,False,False,False,1
boltz1x|7s5f__1__1.A__1.E_1.F|1.F,mid,True,False,False,False,False,False,1
boltz1x|7s6v__1__1.A__1.B|1.B,mid,True,True,False,False,False,False,0
boltz1x|7s7t__1__1.A__1.B|1.B,low,True,True,False,False,True,False,1
boltz1x|7scw__1__1.A_1.B__1.C_1.D|1.D,high,False,False,False,False,False,False,0
boltz1x|7ser__1__1.A__1.C_1.D|1.C,mid,True,False,False,False,False,False,1
boltz1x|7sh0__1__1.A__1.C_1.D_1.H|1.D,mid,True,False,False,False,False,False,1
boltz1x|7siu__1__1.A__1.C|1.C,mid,True,False,False,False,False,False,0
boltz1x|7snz__1__1.A_1.B__1.C|1.C,high,True,False,False,False,False,False,0
boltz1x|7spy__1__1.A_2.A__2.B_2.C|2.B,high,False,False,False,False,False,False,0
boltz1x|7sqe__1__1.A__1.D|1.D,high,True,False,False,False,False,False,1
boltz1x|7sqn__1__1.A__1.B_1.E|1.B,high,False,False,False,False,False,False,0
boltz1x|7ssj__1__1.A__1.G_1.H|1.G,high,False,False,False,False,False,False,0
boltz1x|7suf__1__1.A__1.B_1.D|1.B,mid,True,True,False,False,False,False,0
boltz1x|7sv1__1__1.A__1.C_1.D|1.D,high,True,False,False,False,False,False,1
boltz1x|7sxj__1__1.A__1.C|1.C,high,False,False,True,False,False,False,0
boltz1x|7t0c__1__1.A_1.B__1.VA|1.VA,high,False,False,False,False,False,False,1
boltz1x|7t1d__1__1.A_1.B__1.G_1.I|1.I,mid,True,False,True,False,False,False,1
boltz1x|7t2z__1__1.A_1.B__1.F_1.H|1.F,mid,True,True,False,False,False,False,1
boltz1x|7t5k__1__1.A__1.D|1.D,mid,True,False,False,False,False,False,0
boltz1x|7t5r__1__1.A_1.C__1.I_1.J|1.I,mid,True,False,False,False,False,False,0
boltz1x|7t5r__1__1.A_1.C__1.I_1.J|1.J,mid,True,False,False,False,False,False,0
boltz1x|7t5x__1__1.A_1.C__1.I|1.I,mid,True,False,False,False,False,False,1
boltz1x|7t5y__1__1.B__1.G|1.G,mid,True,False,False,False,False,False,0
boltz1x|7t5z__1__1.A_1.C__1.I|1.I,mid,True,False,False,False,False,False,1
boltz1x|7t60__1__1.B_1.C__1.M|1.M,mid,True,False,False,False,False,False,1
boltz1x|7t61__1__1.B_1.C__1.L|1.L,mid,True,False,False,False,False,False,1
boltz1x|7t6c__1__1.A__1.E|1.E,mid,True,False,False,False,False,False,1
boltz1x|7t6h__1__1.A__1.C_1.D|1.C,high,False,False,False,False,False,False,0
boltz1x|7t6h__1__1.A__1.C_1.D|1.D,high,False,False,False,False,False,False,0
boltz1x|7tba__1__1.A__1.U_1.V_1.W|1.U,mid,True,True,False,False,False,False,0
boltz1x|7tbc__1__1.A__1.B_1.J_1.L_1.S|1.S,mid,True,True,False,False,False,False,0
boltz1x|7tbd__1__1.A__1.E|1.E,mid,True,True,False,False,False,False,0
boltz1x|7te8__1__1.A_1.B__1.E|1.E,mid,True,True,False,False,False,False,1
boltz1x|7tm5__1__1.A__1.C_1.D_1.E|1.C,high,False,False,False,False,False,False,0
boltz1x|7tm6__1__1.A__1.C_1.D|1.C,high,False,False,False,False,False,False,0
boltz1x|7tm6__1__1.A__1.C_1.D|1.D,high,False,False,False,False,False,False,0
boltz1x|7tmf__1__1.A_1.B__1.J_1.P|1.J,high,False,False,False,False,False,False,0
boltz1x|7tuo__1__1.A__1.B|1.B,low,True,True,True,False,True,True,1
boltz1x|7twz__1__1.A__1.G_1.K|1.G,high,False,False,False,False,False,False,0
boltz1x|7u0r__1__1.B__1.I_1.J_1.K_1.L|1.I,mid,True,True,True,False,False,False,0
boltz1x|7u2z__1__1.A__1.C|1.C,mid,True,True,False,False,False,False,0
boltz1x|7u64__1__1.A_1.B__1.S|1.S,mid,True,True,True,False,False,False,0
boltz1x|7u6b__1__1.A__1.B_1.E|1.B,mid,True,False,False,False,False,False,0
boltz1x|7u8w__1__1.A__1.C|1.C,mid,True,False,True,False,False,False,0
boltz1x|7u8x__1__1.A__1.B|1.B,mid,True,False,True,False,False,False,0
boltz1x|7u8y__1__1.B__1.G_1.H_1.I_1.J|1.G,mid,True,True,True,False,False,False,1
boltz1x|7u8y__1__1.B__1.G_1.H_1.I_1.J|1.H,mid,True,True,True,False,False,False,1
boltz1x|7u9u__1__2.A__2.C_2.D|2.C,high,False,True,False,False,False,False,0
boltz1x|7ubo__1__1.A__1.E|1.E,mid,True,True,False,False,False,False,0
boltz1x|7udq__1__1.A__1.C|1.C,low,True,True,True,False,True,True,0
boltz1x|7ue4__1__1.A_2.A__2.F|2.F,high,True,False,True,False,False,False,0
boltz1x|7ue6__1__1.A_2.A__2.C_2.F_2.G_2.H|2.G,high,False,False,True,False,False,False,0
boltz1x|7ueo__1__1.A_2.A__2.B_2.C_2.E|2.C,high,False,False,True,False,False,False,0
boltz1x|7uep__1__1.A_2.A__2.B_2.C_2.D_2.E|2.B,high,False,False,True,False,False,False,0
boltz1x|7ueq__1__1.A_2.A__2.B_2.C_2.D|2.B,high,False,False,True,False,False,False,0
boltz1x|7ueu__1__1.A_2.A__2.C_2.D_2.E|2.C,high,False,False,True,False,False,False,0
boltz1x|7ugb__1__1.A__1.C|1.C,high,False,False,True,False,False,False,0
boltz1x|7ugl__1__1.A__1.C|1.C,mid,True,False,True,False,False,False,1
boltz1x|7uj8__1__1.A__1.C|1.C,high,True,False,False,False,False,False,0
boltz1x|7ujc__1__1.B__1.D|1.D,high,True,False,False,False,False,False,0
boltz1x|7ujf__1__1.A__1.E|1.E,high,False,False,False,False,False,False,0
boltz1x|7ujy__1__1.B__1.F|1.F,high,False,False,False,False,False,False,0
boltz1x|7ulf__1__1.A_2.A__2.B_2.C_2.D_2.E|2.B,mid,True,True,True,False,False,False,1
boltz1x|7um4__1__1.A__1.I|1.I,mid,True,False,False,False,False,False,0
boltz1x|7utw__1__1.A_1.B__1.C_1.E_1.F|1.E,high,False,False,True,False,False,False,0
boltz1x|7utw__1__1.A_1.B__1.C_1.E_1.F|1.F,high,False,False,True,False,False,False,0
boltz1x|7uum__1__1.A_2.A__1.B_1.C|1.C,low,True,True,False,False,True,False,1
boltz1x|7uw2__1__1.A__1.C|1.C,high,False,False,True,False,False,False,0
boltz1x|7uw4__1__1.A__1.C|1.C,high,False,False,True,False,False,False,0
boltz1x|7v0h__1__1.B__1.N_1.P|1.P,mid,True,True,False,False,False,False,1
boltz1x|7v1o__1__1.A__1.D|1.D,high,False,False,False,False,False,False,1
boltz1x|7v9d__1__2.A__2.B_2.C_2.G|2.B,mid,True,False,False,False,False,False,0
boltz1x|7vbt__1__1.B__1.D|1.D,mid,True,True,False,False,False,False,1
boltz1x|7vdp__1__1.A__1.E_1.F|1.E,mid,True,True,False,False,False,False,0
boltz1x|7vdq__1__1.A__1.E|1.E,mid,True,True,False,False,False,False,0
boltz1x|7vdr__1__1.A__1.E_1.F_1.N|1.E,mid,True,True,False,False,False,False,0
boltz1x|7vds__1__1.A__1.E|1.E,mid,True,True,False,False,False,False,0
boltz1x|7vez__1__1.A_1.D__1.E|1.E,high,False,False,False,False,False,False,1
boltz1x|7vmy__1__1.A__1.C_1.D_1.E|1.D,mid,False,True,False,False,False,False,1
boltz1x|7vns__1__1.A_2.A__2.C|2.C,high,False,False,False,False,False,False,1
boltz1x|7vo5__1__1.A__1.B|1.B,low,True,True,False,False,True,False,1
boltz1x|7vpe__1__1.A__1.B|1.B,low,True,True,False,False,True,False,1
boltz1x|7vqt__1__1.A__1.G_1.H|1.H,high,False,False,False,False,False,False,0
boltz1x|7vqu__1__1.A__1.G_1.H|1.H,high,False,False,False,False,False,False,0
boltz1x|7vwf__1__1.A_1.B__1.C_1.E|1.C,high,False,False,False,False,False,False,1
boltz1x|7vwf__1__1.A_1.B__1.C_1.E|1.E,high,False,False,False,False,False,False,1
boltz1x|7w2d__1__1.B__1.R|1.R,mid,True,False,False,False,False,False,0
boltz1x|7w3l__1__1.A__1.B_1.C_1.J|1.B,high,False,False,False,False,False,False,0
boltz1x|7w4x__1__1.A__1.C_1.D_1.E|1.E,mid,True,True,False,False,False,False,0
boltz1x|7w8v__1__1.A__1.B_1.D|1.B,high,False,False,False,False,False,False,0
boltz1x|7wc6__1__1.A__1.F|1.F,high,True,False,False,False,False,False,0
boltz1x|7wc8__1__1.A__1.H|1.H,mid,True,True,False,False,False,False,1
boltz1x|7wcv__1__1.A__1.B_1.C_1.D|1.B,high,False,False,False,False,False,False,0
boltz1x|7wdu__1__1.A__1.C|1.C,low,True,True,False,False,True,False,1
boltz1x|7wf5__1__1.A__1.C|1.C,high,True,False,False,False,False,False,0
boltz1x|7wgl__1__1.A__1.D|1.D,high,True,False,False,False,False,False,0
boltz1x|7wmk__1__1.A__1.B_1.G|1.B,high,True,True,False,False,False,False,0
boltz1x|7wpx__1__1.A__1.B_1.C|1.C,mid,True,True,False,False,False,False,1
boltz1x|7wqm__1__1.A__1.C_1.D|1.C,high,False,False,True,False,False,False,0
boltz1x|7wqs__1__1.A__1.C_1.D|1.C,high,False,False,True,False,False,False,0
boltz1x|7wzv__1__1.A__1.C_1.E_1.F_1.K_1.O|1.E,mid,False,True,False,False,False,False,0
boltz1x|7wzv__1__1.A__1.C_1.E_1.F_1.K_1.O|1.F,low,True,True,False,False,True,False,0
boltz1x|7wzx__1__1.A__1.B_1.D_1.E_1.I|1.I,low,True,True,False,False,True,False,0
boltz1x|7x0b__1__1.A__1.C_1.E_1.N|1.E,mid,False,True,False,False,False,False,0
boltz1x|7x3l__1__1.A__1.C_1.D|1.C,high,False,False,True,False,False,False,0
boltz1x|7x3m__1__1.A__1.C_1.D|1.C,high,False,False,True,False,False,False,0
boltz1x|7x3o__1__1.A__1.C_1.D|1.C,high,False,False,True,False,False,False,0
boltz1x|7x9d__1__1.A__1.E|1.E,mid,True,False,True,False,False,False,1
boltz1x|7x9l__1__1.A__1.C_1.E_1.F|1.C,high,False,False,False,False,False,False,0
boltz1x|7xjb__1__1.A__1.E_1.F_1.G|1.E,high,False,False,True,False,False,False,0
boltz1x|7xlp__1__1.A__1.B|1.B,mid,True,False,True,False,False,False,0
boltz1x|7xm7__1__1.A__1.E|1.E,mid,True,False,False,False,False,False,1
boltz1x|7xnc__1__1.A__1.B|1.B,mid,True,False,True,False,False,False,0
boltz1x|7xqv__1__1.A__1.D_1.E|1.D,high,False,False,False,False,False,False,0
boltz1x|7xrr__1__1.A__1.B|1.B,high,True,False,False,False,False,False,1
boltz1x|7xub__1__1.A__1.H|1.H,mid,True,False,True,False,False,False,1
boltz1x|7xvh__1__2.A__2.B_2.C|2.C,high,True,False,True,False,False,False,0
boltz1x|7xxn__1__2.A__2.B_2.C|2.B,low,True,True,True,False,True,True,1
boltz1x|7xyj__1__1.A_1.B__1.E_1.F|1.E,high,False,False,True,False,False,False,0
boltz1x|7y06__1__1.A__1.B_1.C|1.B,mid,True,True,False,False,False,False,0
boltz1x|7y4a__1__1.A__1.I_1.J_1.K|1.K,high,False,False,True,False,False,False,0
boltz1x|7ya4__1__1.A__1.E_1.F|1.E,high,False,False,True,False,False,False,0
boltz1x|7yce__1__1.A__1.B_1.C_1.D_1.E|1.B,high,False,False,False,False,False,False,0
boltz1x|7yd2__1__1.A_1.B__1.K|1.K,low,True,True,True,False,True,True,1
boltz1x|7yh9__1__1.A__1.G_1.H_1.I|1.I,mid,True,True,True,False,False,False,1
boltz1x|7yha__1__1.A__1.E_1.F_1.G_1.H|1.G,mid,True,True,True,False,False,False,1
boltz1x|7yha__1__1.A__1.E_1.F_1.G_1.H|1.H,mid,True,True,True,False,False,False,1
boltz1x|7yhc__1__1.A__1.I_1.J_1.K|1.K,mid,True,False,True,False,False,False,1
boltz1x|7yj9__1__1.A_2.A__2.B|2.B,high,False,False,False,False,False,False,1
boltz1x|7ypu__1__1.A_1.B__1.I|1.I,low,True,True,True,False,True,True,1
boltz1x|7ypu__1__1.A_1.B__1.J_1.K|1.J,low,True,True,True,False,True,True,1
boltz1x|7ypv__1__1.A_1.B__1.J|1.J,low,True,True,True,False,True,True,1
boltz1x|7yv4__1__1.A__1.B|1.B,low,True,True,True,False,True,True,1
boltz1x|7yxd__1__1.A__1.I|1.I,high,True,False,False,False,False,False,0
boltz1x|7yxl__1__1.A__1.C_1.E|1.E,low,False,True,False,False,False,False,1
boltz1x|7yzu__1__1.A__1.B|1.B,mid,False,True,False,False,False,False,0
boltz1x|7z0w__1__1.A_1.B__1.J_1.K|1.J,high,False,False,False,False,False,False,0
boltz1x|7z1r__1__1.A_2.A__1.B|1.B,high,True,True,False,False,False,False,0
boltz1x|7z1v__1__1.A__1.C|1.C,mid,True,True,True,False,False,False,0
boltz1x|7z1w__1__1.A__1.C|1.C,mid,True,False,True,False,False,False,0
boltz1x|7z2q__1__1.A__1.C|1.C,mid,True,False,True,False,False,False,0
boltz1x|7z39__1__1.A__1.C|1.C,mid,True,True,False,False,False,False,1
boltz1x|7z3k__1__1.A__1.D_1.DA_1.E_1.F_1.P|1.DA,mid,True,True,True,False,False,False,1
boltz1x|7z3y__1__1.A__1.D|1.D,mid,True,False,True,False,False,False,0
boltz1x|7z41__1__1.A__1.C|1.C,mid,True,False,True,False,False,False,0
boltz1x|7z57__1__1.A__1.B_1.C_1.J|1.B,mid,True,True,False,False,False,False,0
boltz1x|7z57__1__1.A__1.B_1.C_1.J|1.C,mid,True,True,False,False,False,False,1
boltz1x|7z5u__1__1.A__1.B_1.C|1.C,low,True,True,False,False,True,False,1
boltz1x|7z5x__1__1.A__1.C|1.C,high,False,False,False,False,False,False,0
boltz1x|7z6c__1__1.A__1.B_1.C_1.D|1.B,high,False,False,False,False,False,False,0
boltz1x|7z6c__1__1.A__1.B_1.C_1.D|1.C,high,False,False,False,False,False,False,1
boltz1x|7z74__1__1.A__1.B_1.C|1.B,mid,True,True,False,False,False,False,0
boltz1x|7z78__1__1.A__1.D|1.D,mid,True,False,False,False,False,False,0
boltz1x|7za0__1__1.A__1.B|1.B,high,True,False,True,False,False,False,1
boltz1x|7zej__1__1.A_2.B__1.C_1.D|1.C,high,False,True,False,False,False,False,0
boltz1x|7zf0__1__1.A__1.B_1.C_1.I_1.J_1.K|1.I,mid,False,True,False,False,False,False,1
boltz1x|7zg9__1__1.A__1.C|1.C,low,True,True,True,False,True,True,1
boltz1x|7zgc__1__1.A__1.B|1.B,mid,True,True,True,False,False,False,1
boltz1x|7zif__1__1.A__1.B_1.C|1.C,mid,True,False,False,False,False,False,1
boltz1x|7zig__1__1.A__1.B_1.C|1.B,mid,True,False,False,False,False,False,0
boltz1x|7zih__1__1.A__1.B_1.C|1.C,mid,True,False,False,False,False,False,1
boltz1x|7zii__1__1.A__1.B_1.C|1.C,mid,True,False,False,False,False,False,1
boltz1x|7zij__1__1.A__1.B_1.C|1.B,mid,True,False,False,False,False,False,1
boltz1x|7zjq__1__1.A__1.E|1.E,mid,True,True,False,False,False,False,0
boltz1x|7zks__1__1.A__1.B|1.B,mid,True,True,True,False,False,False,0
boltz1x|7zkw__1__1.A_1.C__1.E|1.E,low,True,True,False,False,True,False,1
boltz1x|7zkx__1__1.A__1.B_1.L|1.B,mid,True,True,True,False,False,False,1
boltz1x|7zsq__1__1.B_1.C__1.G_1.I|1.G,mid,True,True,True,False,False,False,0
boltz1x|7zxw__1__1.A__1.C_1.D_1.G|1.D,high,False,False,False,False,False,False,1
boltz1x|7zym__1__1.A__1.B|1.B,high,True,False,True,False,False,False,0
boltz1x|7zzs__1__1.A__1.D_1.J_1.L|1.L,mid,True,True,False,False,False,False,1
boltz1x|7zzw__1__1.A__1.E_1.M|1.M,low,True,True,False,False,True,False,1
boltz1x|8a2p__1__1.A__1.B|1.B,high,False,False,True,False,False,False,1
boltz1x|8a9i__1__1.A__1.B|1.B,mid,True,True,False,False,False,False,0
boltz1x|8acm__1__1.A__1.E|1.E,high,True,True,True,False,False,False,0
boltz1x|8ad7__1__1.A__1.J|1.J,high,False,False,False,False,False,False,1
boltz1x|8ak5__1__1.A__1.C_1.E_1.F_1.G|1.C,high,False,False,True,False,False,False,0
boltz1x|8ak5__1__1.A__1.C_1.E_1.F_1.G|1.E,mid,True,True,True,False,False,False,1
boltz1x|8ak7__1__1.A__1.C_1.E_1.G|1.C,high,False,False,True,False,False,False,0
boltz1x|8ak8__1__1.A__1.C_1.F_1.L|1.C,high,False,False,True,False,False,False,0
boltz1x|8akd__1__1.A__1.C_1.E|1.E,mid,True,True,True,False,False,False,1
boltz1x|8am2__1__1.A__1.D|1.D,mid,True,True,True,False,False,False,1
boltz1x|8apw__1__1.A_2.A__2.C|2.C,mid,True,False,True,False,False,False,0
boltz1x|8aqf__1__1.A__1.B|1.B,mid,True,True,True,False,False,False,0
boltz1x|8arj__1__1.A__1.B|1.B,mid,True,True,False,False,False,False,0
boltz1x|8atb__1__1.A__1.C|1.C,mid,True,True,True,False,False,False,0
boltz1x|8au8__1__1.A_1.B__1.C_1.D_1.H|1.C,high,False,False,True,False,False,False,0
boltz1x|8aui__1__1.A_1.B__1.C_1.D_1.G|1.C,high,False,False,True,False,False,False,0
boltz1x|8aui__1__1.A_1.B__1.C_1.D_1.G|1.D,mid,True,False,True,False,False,False,1
boltz1x|8aui__1__1.A_1.B__1.C_1.D_1.G|1.G,mid,True,False,True,False,False,False,1
boltz1x|8auj__1__1.A__1.C_1.D|1.D,mid,True,False,True,False,False,False,0
boltz1x|8av1__1__1.B__1.J_1.M|1.M,mid,True,True,True,False,False,False,0
boltz1x|8aw1__1__1.A__1.C|1.C,high,False,False,True,False,False,False,0
boltz1x|8axp__1__1.A__1.C|1.C,mid,True,True,False,False,False,False,0
boltz1x|8ay6__1__1.A_1.B__1.C|1.C,high,True,False,True,False,False,False,1
boltz1x|8aya__1__1.A_1.B__1.C|1.C,high,True,False,True,False,False,False,0
boltz1x|8azd__1__1.A__1.C|1.C,high,False,False,True,False,False,False,0
boltz1x|8azi__1__1.A__1.C|1.C,high,False,False,True,True,False,False,0
boltz1x|8azl__1__1.A__1.C|1.C,high,False,False,True,True,False,False,0
boltz1x|8azo__1__1.A__1.C|1.C,high,False,False,True,True,False,False,0
boltz1x|8azp__1__1.A__1.C|1.C,high,False,False,True,True,False,False,0
boltz1x|8b08__1__1.B__1.E|1.E,high,False,False,True,False,False,False,0
boltz1x|8b25__1__1.A_1.B__1.J|1.J,low,True,True,False,False,True,False,1
boltz1x|8b72__1__1.A_1.B__1.F_1.G|1.F,mid,True,False,False,False,False,False,1
boltz1x|8b80__1__1.A__1.F_1.G|1.F,high,False,False,False,False,False,False,0
boltz1x|8b9h__1__1.A__1.B|1.B,mid,True,True,True,False,False,False,0
boltz1x|8bab__1__1.A__1.H_1.I|1.I,mid,True,True,True,False,False,False,0
boltz1x|8baj__1__1.A__1.B|1.B,high,False,False,False,False,False,False,0
boltz1x|8bam__1__1.A__1.C_1.D|1.C,high,False,False,True,False,False,False,0
boltz1x|8bgx__1__1.A_1.D__1.E_1.F_1.I|1.F,mid,True,True,True,False,False,False,1
boltz1x|8bgy__1__1.A_1.B__1.E_1.F|1.F,mid,True,True,True,False,False,False,1
boltz1x|8bh0__1__1.A_1.D__1.J|1.J,mid,True,True,True,False,False,False,1
boltz1x|8bid__1__1.C_2.A__2.F_2.G|2.F,mid,True,True,True,False,False,False,1
boltz1x|8bih__1__1.A_1.L__1.N|1.N,mid,True,True,True,False,False,False,1
boltz1x|8bji__1__1.A_1.B__1.C_1.D|1.C,high,False,False,True,False,False,False,0
boltz1x|8bl0__1__1.A__1.C_1.E|1.C,high,False,False,True,False,False,False,0
boltz1x|8bl1__1__1.A__1.C_1.E|1.C,high,False,False,True,False,False,False,0
boltz1x|8blz__1__1.A__1.B_1.D|1.B,high,False,False,True,False,False,False,0
boltz1x|8br0__1__1.A_1.B__1.E_1.F_1.G|1.E,high,False,False,True,False,False,False,0
boltz1x|8br0__1__1.A_1.B__1.E_1.F_1.G|1.F,high,False,False,True,False,False,False,0
boltz1x|8bsg__1__1.A__1.B|1.B,high,False,False,True,False,False,False,1
boltz1x|8bst__1__1.A__1.R|1.R,high,False,False,True,False,False,False,0
boltz1x|8bsu__1__1.A_1.D__1.I_1.OA_1.SA|1.I,high,False,False,True,False,False,False,1
boltz1x|8bsu__1__1.A_1.D__1.I_1.OA_1.SA|1.OA,high,False,False,True,False,False,False,1
boltz1x|8bxx__1__1.A__1.E_1.F|1.E,high,False,False,True,False,False,False,0
boltz1x|8c1f__1__1.A__1.B_1.C_1.D_1.J|1.B,high,False,False,True,True,False,False,0
boltz1x|8c1m__1__1.A__1.C|1.C,mid,True,False,True,True,False,False,1
boltz1x|8c3i__1__1.B__1.D|1.D,high,False,False,True,True,False,False,0
boltz1x|8c3n__1__1.A__1.C_1.D|1.C,high,False,False,True,False,False,False,0
boltz1x|8c3u__1__1.A__1.C|1.C,low,True,True,True,False,True,True,1
boltz1x|8c47__1__1.B__1.E_1.F|1.E,high,False,False,True,True,False,False,0
boltz1x|8c4w__1__1.A__1.J_1.K_1.P|1.K,mid,True,True,True,False,False,False,1
boltz1x|8c6f__1__1.A__1.B_1.C|1.B,high,False,False,True,False,False,False,0
boltz1x|8c6o__1__1.A__1.C|1.C,high,True,True,True,False,False,False,0
boltz1x|8c6s__1__1.A__1.C|1.C,mid,True,True,True,False,False,False,1
boltz1x|8c74__1__1.A__1.C|1.C,mid,True,True,True,False,False,False,1
boltz1x|8c7r__1__1.A__1.C_1.D|1.C,mid,True,True,True,False,False,False,1
boltz1x|8c7r__1__1.A__1.C_1.D|1.D,high,False,True,True,False,False,False,1
boltz1x|8ccj__1__1.A_2.A__1.B_1.J|1.B,high,False,False,True,True,False,False,0
boltz1x|8cey__1__1.A__1.D|1.D,mid,True,False,True,True,False,False,1
boltz1x|8cij__1__1.A__1.B|1.B,mid,True,True,True,False,False,False,0
boltz1x|8cji__1__1.A__1.B_1.C|1.C,mid,True,False,True,True,False,False,1
boltz1x|8cjj__1__1.A__1.B_1.C|1.C,mid,True,False,True,True,False,False,1
boltz1x|8cjk__1__1.A__1.B_1.C|1.C,mid,True,True,True,True,False,False,1
boltz1x|8cnm__1__1.A_1.B__1.F_1.N_1.S|1.N,high,False,False,True,True,False,False,0
boltz1x|8cno__1__1.A_1.B__1.C_1.E_1.F|1.C,high,False,False,True,True,False,False,0
boltz1x|8con__1__1.A_2.A__2.D_2.J|2.D,high,False,False,True,True,False,False,0
boltz1x|8coq__1__1.A__1.C_1.D|1.D,mid,True,True,True,True,False,False,0
boltz1x|8cou__1__1.A__1.V|1.V,mid,True,False,True,True,False,False,1
boltz1x|8cow__1__1.B__1.I_1.J|1.J,mid,True,True,True,True,False,False,0
boltz1x|8cp4__1__2.A__2.H_2.I|2.I,mid,False,True,True,True,False,False,1
boltz1x|8cp7__1__1.A__1.B|1.B,high,False,False,True,False,False,False,0
boltz1x|8cpb__1__1.B__1.H|1.H,high,False,False,True,False,False,False,1
boltz1x|8cq8__1__1.A__1.C_1.D_1.E|1.E,high,False,False,True,True,False,False,0
boltz1x|8cqv__1__1.A_1.B__1.K_1.P|1.K,high,False,False,True,True,False,False,0
boltz1x|8cu7__1__1.A__1.C|1.C,mid,True,False,False,False,False,False,0
boltz1x|8cvf__1__1.A__1.D_1.E_1.F_1.G|1.D,high,False,False,True,False,False,False,1
boltz1x|8d19__1__1.A__1.C_1.D|1.D,high,False,False,True,False,False,False,0
boltz1x|8d3e__1__1.A__1.C_1.D|1.C,high,False,False,True,False,False,False,0
boltz1x|8d3e__1__1.A__1.C_1.D|1.D,mid,True,False,True,False,False,False,1
boltz1x|8d3h__1__1.A__1.C_1.D|1.C,high,False,False,True,False,False,False,0
boltz1x|8d3j__1__1.A__1.D_1.E_1.F|1.D,high,False,False,True,False,False,False,0
boltz1x|8d6e__1__1.A__1.D|1.D,mid,True,True,False,False,False,False,0
boltz1x|8d6m__1__1.A__1.C|1.C,high,False,False,False,False,False,False,1
boltz1x|8d6t__1__1.A__1.C|1.C,high,False,False,False,False,False,False,1
boltz1x|8deg__1__1.A__1.B|1.B,mid,True,True,False,False,False,False,1
boltz1x|8dil__1__1.A_1.B__1.K_1.L_1.M|1.L,high,False,False,False,False,False,False,0
boltz1x|8dkp__1__1.A__1.C_1.D|1.C,high,False,False,False,False,False,False,0
boltz1x|8dkp__1__1.A__1.C_1.D|1.D,high,False,False,False,False,False,False,0
boltz1x|8dkq__1__1.A__1.C_1.D|1.C,high,False,False,False,False,False,False,0
boltz1x|8dkt__1__1.A_1.B__1.D_1.E|1.D,high,False,False,True,False,False,False,1
boltz1x|8dq8__1__1.B__1.F_1.G|1.F,high,False,False,True,False,False,False,0
boltz1x|8dsc__1__1.B__1.L|1.L,mid,True,True,True,False,False,False,1
boltz1x|8dse__1__1.A_1.B__1.C_1.G|1.G,mid,True,False,True,False,False,False,0
boltz1x|8dsh__1__1.A_1.B__1.C|1.C,high,False,False,True,False,False,False,1
boltz1x|8dsh__1__1.A_1.B__1.E_1.F|1.F,mid,True,True,True,False,False,False,0
boltz1x|8dt5__1__1.B__1.I_1.M_1.O|1.O,high,True,False,False,False,False,False,1
boltz1x|8dxk__1__1.A_1.B__1.C|1.C,high,True,False,True,False,False,False,0
boltz1x|8e1h__1__1.A__1.C_1.E_1.F|1.C,high,False,False,False,False,False,False,0
boltz1x|8e1x__1__1.A__1.C|1.C,mid,True,False,False,False,False,False,0
boltz1x|8e5i__1__1.A__1.B_1.E|1.B,high,False,False,True,False,False,False,0
boltz1x|8e9e__1__1.A_1.B__1.I_1.J_1.K|1.I,high,False,False,False,False,False,False,0
boltz1x|8ea6__1__1.A_1.B__1.C|1.C,low,True,True,True,False,True,True,1
boltz1x|8eef__1__1.A__1.C_1.D|1.C,mid,True,True,True,False,False,False,0
boltz1x|8egf__1__1.A__1.B_1.C|1.B,high,False,False,True,False,False,False,0
boltz1x|8eh0__1__1.A__1.C_1.E|1.E,mid,True,False,True,False,False,False,1
boltz1x|8etd__1__1.B__1.E_1.F|1.F,high,False,False,False,False,False,False,0
boltz1x|8etl__1__1.A__1.C|1.C,low,True,True,True,False,True,True,1
boltz1x|8evz__1__1.A__1.D_1.E_1.F_1.G|1.F,high,False,False,True,False,False,False,0
boltz1x|8evz__1__1.A__1.D_1.E_1.F_1.G|1.G,high,True,False,True,False,False,False,0
boltz1x|8ex1__1__1.A__1.B|1.B,mid,True,True,True,False,False,False,0
boltz1x|8ex2__1__1.A__1.B|1.B,mid,True,True,True,False,False,False,0
boltz1x|8f1z__1__1.A__1.B|1.B,mid,True,True,True,False,False,False,0
boltz1x|8f4s__1__1.A__1.D_1.E|1.D,low,True,True,True,False,True,True,1
boltz1x|8f8k__1__1.A__1.F_1.G_1.I_1.J_1.K|1.F,mid,True,True,True,False,False,False,1
boltz1x|8fb1__1__1.A__1.D|1.D,high,True,False,True,False,False,False,1
boltz1x|8fdb__1__1.A_1.B__1.D_1.F_1.H|1.D,low,False,True,True,False,False,False,1
boltz1x|8fdb__1__1.A_1.B__1.D_1.F_1.H|1.H,low,False,True,True,False,False,False,1
boltz1x|8fdx__1__1.A__1.B_1.C|1.B,high,False,False,True,False,False,False,0
boltz1x|8fdz__1__1.A__1.B_1.C|1.B,high,False,False,True,False,False,False,0
boltz1x|8fe6__1__1.A__1.I|1.I,high,False,False,True,False,False,False,0
boltz1x|8fe9__1__1.A__1.B|1.B,mid,True,False,True,False,False,False,0
boltz1x|8fen__1__1.A__1.B_1.C|1.C,high,False,False,True,False,False,False,0
boltz1x|8fh5__1__1.A__1.B_1.C|1.B,high,False,False,True,False,False,False,0
boltz1x|8fh9__1__1.A__1.B_1.C|1.B,high,False,False,True,False,False,False,0
boltz1x|8fh9__1__1.A__1.B_1.C|1.C,high,True,False,True,False,False,False,0
boltz1x|8fjt__1__1.A_1.B__1.C_1.E|1.E,mid,True,False,True,False,False,False,1
boltz1x|8fju__1__1.A_1.B__1.C_1.D|1.C,high,False,False,True,False,False,False,0
boltz1x|8fju__1__1.A_1.B__1.C_1.D|1.D,mid,True,False,True,False,False,False,1
boltz1x|8fjx__1__1.A__1.B_1.C|1.C,high,False,False,True,False,False,False,0
boltz1x|8fjy__1__1.A__1.B_1.C|1.B,high,False,False,True,False,False,False,0
boltz1x|8fly__1__1.A__1.K|1.K,high,True,False,True,False,False,False,0
boltz1x|8fp5__1__1.A__1.C_1.D|1.C,high,False,False,True,False,False,False,0
boltz1x|8fqx__1__1.A__1.B_1.C|1.C,high,True,False,True,False,False,False,1
boltz1x|8fsi__1__1.A__1.B_1.C_1.D_1.F|1.C,high,False,True,True,False,False,False,0
boltz1x|8g3e__1__1.A__1.C|1.C,mid,True,False,True,False,False,False,1
boltz1x|8g4a__1__1.A_1.B__1.C|1.C,low,True,True,True,True,True,True,1
boltz1x|8g62__1__1.A__1.F_1.J_1.L|1.F,low,True,True,True,False,True,True,1
boltz1x|8g68__1__1.A__1.C|1.C,low,True,True,True,False,True,True,1
boltz1x|8g69__1__1.A__1.C|1.C,low,True,True,True,False,True,True,1
boltz1x|8gb4__1__1.A__1.E_1.F_1.G|1.F,high,False,False,True,True,False,False,0
boltz1x|8gds__1__1.A__1.E|1.E,mid,True,True,True,False,False,False,0
boltz1x|8gem__1__1.A__1.B|1.B,mid,True,False,True,False,False,False,0
boltz1x|8gev__1__1.A__1.B|1.B,mid,True,False,True,False,False,False,0
boltz1x|8gfs__1__1.A__1.B|1.B,mid,True,True,True,False,False,False,1
boltz1x|8gjb__1__1.B__1.G_1.H|1.G,high,False,False,True,True,False,False,0
boltz1x|8gkf__1__1.A__1.J|1.J,mid,True,False,True,True,False,False,0
boltz1x|8gm5__1__1.A__1.D|1.D,mid,True,False,True,False,False,False,0
boltz1x|8gne__1__1.A__1.E|1.E,high,False,False,True,False,False,False,1
boltz1x|8gpc__1__1.A__1.C_1.D_1.E|1.E,high,False,False,True,False,False,False,0
boltz1x|8gpe__1__1.A__1.C_1.D_1.E|1.E,high,False,False,True,False,False,False,0
boltz1x|8grw__1__1.A_1.B__1.C_1.D|1.D,high,False,False,True,False,False,False,1
boltz1x|8gtg__1__1.A__1.C|1.C,mid,True,True,True,False,False,False,1
boltz1x|8gti__1__1.A__1.H|1.H,mid,True,True,True,False,False,False,1
boltz1x|8gtm__1__1.A__1.C|1.C,mid,True,True,True,False,False,False,1
boltz1x|8gu1__1__1.A_1.B__1.D|1.D,low,True,True,True,False,True,True,1
boltz1x|8gyd__1__1.A_1.B__1.K|1.K,low,True,True,True,False,True,True,1
boltz1x|8gyj__1__1.A_1.B__1.D_1.I|1.I,mid,True,True,True,False,False,False,1
boltz1x|8h59__1__1.A__1.B|1.B,mid,True,False,True,False,False,False,0
boltz1x|8hi5__1__1.A__1.B_1.C|1.B,mid,True,True,True,False,False,False,0
boltz1x|8hlj__1__1.A__1.C|1.C,high,False,False,True,True,False,False,0
boltz1x|8ho5__1__1.A__1.B|1.B,low,True,True,True,False,True,True,1
boltz1x|8hp4__1__1.A_1.B__1.C_1.D|1.C,high,False,False,True,True,False,False,0
boltz1x|8htg__1__1.A__1.F_1.G|1.G,high,False,False,True,False,False,False,0
boltz1x|8huu__1__1.A__1.C|1.C,mid,True,False,True,False,False,False,0
boltz1x|8hxu__1__1.A__1.C_1.D_1.E|1.E,mid,True,True,True,False,False,False,0
boltz1x|8i19__1__1.A__1.C_1.D_1.E|1.C,high,False,False,True,False,False,False,0
boltz1x|8i2n__1__1.A__1.C|1.C,mid,True,True,True,True,False,False,0
boltz1x|8ivs__1__1.A_1.B__1.C|1.C,low,True,True,True,False,True,True,1
boltz1x|8ivt__1__1.A_1.B__1.F|1.F,low,True,True,True,False,True,True,1
boltz1x|8iw3__1__1.A_1.B__1.C|1.C,low,True,True,True,False,True,True,1
boltz1x|8j40__1__1.A_2.A__1.D|1.D,mid,True,False,True,True,False,False,1
boltz1x|8j7j__1__1.A_1.B__1.C|1.C,low,True,True,True,False,True,True,1
boltz1x|8jb3__1__1.A__1.B|1.B,low,False,True,True,True,False,False,1
boltz1x|8jdb__1__1.A__1.B_1.C|1.C,mid,False,True,True,False,False,False,0
boltz1x|8jdo__1__1.A__1.B_1.C|1.B,mid,True,True,True,False,False,False,0
boltz1x|8jdp__1__1.A__1.B_1.C|1.C,mid,True,True,True,False,False,False,0
boltz1x|8jdr__1__1.A__1.B_1.C|1.C,mid,True,True,True,False,False,False,0
boltz1x|8jdy__1__1.A__1.B_1.C_1.D|1.D,mid,False,True,True,False,False,False,0
boltz1x|8jdz__1__1.A__1.B_1.C_1.D|1.D,mid,False,True,True,False,False,False,0
boltz1x|8jjn__1__1.A__1.D_1.E|1.D,low,True,True,True,True,True,True,1
boltz1x|8jjt__1__1.A__1.D|1.D,low,True,True,True,True,True,True,0
boltz1x|8jk8__1__1.A__1.B_1.C_1.D|1.D,mid,False,True,True,True,False,False,0
boltz1x|8jm8__1__1.A__1.C_1.I|1.I,high,False,False,True,True,False,False,0
boltz1x|8jmp__1__1.A__1.D|1.D,mid,True,True,True,False,False,False,1
boltz1x|8jot__1__1.A__1.B|1.B,mid,True,True,True,True,False,False,1
boltz1x|8jwy__1__1.A__1.B|1.B,mid,True,False,True,False,False,False,0
boltz1x|8k5y__1__1.A__1.H|1.H,mid,True,True,True,False,False,False,1
boltz1x|8k9y__1__1.A__1.C_1.E|1.C,high,False,False,True,False,False,False,1
boltz1x|8ke1__1__2.A__2.B_2.C_2.D_2.E|2.B,high,False,False,True,False,False,False,0
boltz1x|8ke2__1__2.A__2.B_2.C_2.D_2.E|2.D,high,False,False,True,False,False,False,0
boltz1x|8ke4__1__2.A__2.B_2.C_2.D_2.E|2.B,high,False,False,True,False,False,False,0
boltz1x|8oq2__1__1.B__1.H_1.I|1.H,high,False,False,True,True,False,False,0
boltz1x|8orc__1__1.B__1.J|1.J,mid,True,False,True,True,False,False,1
boltz1x|8ou2__1__1.A__1.C|1.C,mid,True,False,True,True,False,False,0
boltz1x|8ou3__1__1.A_1.C__1.E|1.E,high,False,False,True,False,False,False,0
boltz1x|8oum__1__1.A__1.F_1.G|1.F,high,False,False,True,True,False,False,0
boltz1x|8ovr__1__1.A__1.B|1.B,low,True,True,True,False,True,True,1
boltz1x|8p0m__1__1.C__1.L|1.L,mid,True,True,True,True,False,False,1
boltz1x|8p1p__1__1.A__1.E|1.E,low,True,True,True,True,True,True,1
boltz1x|8p4z__1__1.A__1.C|1.C,mid,True,False,True,False,False,False,0
boltz1x|8p5c__1__1.A_1.B__1.C|1.C,high,True,False,True,True,False,False,1
boltz1x|8paf__1__1.A_1.B__1.C|1.C,high,True,False,True,False,False,False,0
boltz1x|8pfl__1__1.A__1.C|1.C,low,True,True,True,True,True,True,1
boltz1x|8pp8__1__1.A__1.D|1.D,high,False,False,True,True,False,False,1
boltz1x|8pp9__1__1.A__1.C_1.D_1.H|1.C,high,False,False,True,True,False,False,0
boltz1x|8pp9__1__1.A__1.C_1.D_1.H|1.D,high,False,False,True,True,False,False,0
boltz1x|8pq9__1__1.A__1.C|1.C,mid,True,True,True,False,False,False,1
boltz1x|8pqa__1__1.A__1.C|1.C,mid,True,True,True,False,False,False,0
boltz1x|8pqf__1__1.A__1.C|1.C,mid,True,False,True,False,False,False,0
boltz1x|8pqr__1__1.A_1.B_1.C__1.E|1.E,mid,False,True,True,True,False,False,1
boltz1x|8q0u__1__1.A__1.D|1.D,mid,True,True,True,False,False,False,0
boltz1x|8q5v__1__1.A_1.B__1.P_1.Q|1.P,high,False,False,True,True,False,False,0
boltz1x|8qic__1__1.B__1.F_1.J|1.F,mid,True,False,True,True,False,False,1
boltz1x|8qkb__1__1.D__1.CA_1.HA|1.CA,high,False,False,True,False,False,False,0
boltz1x|8qnh__1__1.A__1.B|1.B,low,True,True,True,False,True,True,1
boltz1x|8qq4__1__1.A__1.B_1.I|1.I,high,True,False,True,False,False,False,0
boltz1x|8qqy__1__1.A__1.B|1.B,mid,True,False,True,False,False,False,0
boltz1x|8qtg__1__1.A__1.B|1.B,low,True,True,True,True,True,True,1
boltz1x|8qth__1__1.A__1.B|1.B,low,True,True,True,True,True,True,1
boltz1x|8qtj__1__1.A__1.E|1.E,low,True,True,True,True,True,True,1
boltz1x|8qyq__1__1.A__1.H|1.H,mid,True,True,True,False,False,False,1
boltz1x|8qyw__1__1.A_2.A__1.C_1.E|1.C,high,False,False,True,True,False,False,1
boltz1x|8r1n__1__1.A__1.C|1.C,mid,True,True,True,True,False,False,0
boltz1x|8r1p__1__1.A_1.B__1.C|1.C,mid,True,True,True,True,False,False,0
boltz1x|8r3d__1__1.B_1.E__1.J|1.J,high,False,False,True,True,False,False,0
boltz1x|8rb6__1__1.A__1.C_1.D|1.C,high,False,False,True,True,False,False,0
boltz1x|8s8x__1__1.A__1.C_1.E_1.F_1.I|1.I,high,False,False,True,True,False,False,1
boltz1x|8se5__1__1.A_1.B__1.H|1.H,low,True,True,True,False,True,True,1
boltz1x|8se6__1__1.A_1.B__1.F|1.F,low,True,True,True,False,True,True,1
boltz1x|8sft__1__1.A__1.E_1.F|1.F,low,True,True,True,True,True,True,1
boltz1x|8sge__1__1.A__1.H|1.H,mid,True,False,True,True,False,False,0
boltz1x|8sip__1__1.A_1.B__1.C|1.C,mid,True,True,True,True,False,False,0
boltz1x|8su1__1__1.A__1.C_1.D_1.E_1.F|1.F,high,False,False,True,False,False,False,0
boltz1x|8sv9__1__1.A__1.C|1.C,mid,True,True,True,True,False,False,0
boltz1x|8swu__1__1.A_1.B__1.D_1.E|1.D,high,False,False,True,False,False,False,0
boltz1x|8sz3__1__1.A_2.B__1.G|1.G,mid,True,True,True,False,False,False,1
boltz1x|8uak__1__1.A__1.B|1.B,mid,True,True,True,True,False,False,1
boltz1x|8uk6__1__1.A__1.C|1.C,low,True,True,True,True,True,True,1
boltz1x|8un3__1__1.A__1.E_1.F_1.H|1.F,high,False,False,True,False,False,False,0
boltz1x|8ux7__1__1.B__1.I|1.I,high,False,False,True,False,False,False,0
boltz1x|8v8m__1__1.A__1.F_1.G|1.F,low,True,True,True,True,True,True,1
boltz1x|8v8m__1__1.A__1.F_1.G|1.G,low,True,True,True,True,True,True,1
boltz1x|8vw1__1__1.A__1.B_1.C|1.B,high,False,False,True,True,False,False,0
boltz1x|8wjy__1__1.A__1.B|1.B,mid,True,True,True,False,False,False,0
boltz1x|8wmy__1__1.A__1.C_1.D_1.E|1.C,mid,False,True,True,False,False,False,1
boltz1x|8wr2__1__1.A__1.E_1.F|1.F,mid,True,False,True,True,False,False,1
boltz1x|8wsm__1__1.A__1.D|1.D,low,True,True,True,False,True,True,1
boltz1x|8wsw__1__1.A__1.E|1.E,mid,True,True,True,False,False,False,0
boltz1x|8x1a__1__1.A__1.B|1.B,high,False,False,True,True,False,False,1
boltz1x|8yhw__1__1.A__1.E_1.F|1.E,high,False,False,True,True,False,False,0
boltz2|7fti__1__1.A__1.C|1.C,mid,True,False,True,True,False,False,0
boltz2|7ftr__1__1.A__1.C_1.D_1.E_1.G|1.G,mid,True,False,True,True,False,False,1
boltz2|7ftu__1__1.A__1.C_1.D_1.E_1.G|1.G,mid,True,True,True,True,False,False,1
boltz2|7ftv__1__1.A__1.C|1.C,mid,True,False,True,True,False,False,1
boltz2|7ftw__1__1.A__1.C|1.C,mid,True,True,True,True,False,False,1
boltz2|7ftz__1__1.A__1.D|1.D,mid,True,True,True,True,False,False,1
boltz2|7fu2__1__1.A__1.C|1.C,mid,True,True,True,True,False,False,1
boltz2|7fu6__1__1.A__1.C|1.C,mid,True,True,True,True,False,False,1
boltz2|7fu7__1__1.A__1.C|1.C,mid,True,True,True,True,False,False,1
boltz2|7fu8__1__1.A__1.C|1.C,mid,True,True,True,True,False,False,1
boltz2|7fuc__1__1.A__1.C|1.C,mid,True,True,True,True,False,False,1
boltz2|7fuf__1__1.A__1.C|1.C,mid,True,True,True,True,False,False,1
boltz2|7fum__1__1.A__1.C|1.C,mid,True,True,True,True,False,False,1
boltz2|7fur__1__1.A__1.C_1.D_1.E_1.F|1.E,high,False,False,True,True,False,False,0
boltz2|7fur__1__1.A__1.C_1.D_1.E_1.F|1.F,mid,True,False,True,True,False,False,0
boltz2|7fw3__1__1.A__1.B|1.B,mid,True,False,True,False,False,False,1
boltz2|7fwb__1__1.A__1.B|1.B,mid,True,False,True,False,False,False,1
boltz2|7fwe__1__1.A__1.B|1.B,mid,True,False,True,False,False,False,0
boltz2|7fwh__1__1.A__1.B|1.B,mid,True,False,True,False,False,False,0
boltz2|7fwi__1__1.A__1.D|1.D,mid,True,False,True,False,False,False,1
boltz2|7fwl__1__1.A__1.B|1.B,mid,True,False,True,False,False,False,0
boltz2|7fwm__1__1.A__1.B|1.B,mid,True,False,True,False,False,False,0
boltz2|7fwn__1__1.A__1.D|1.D,high,True,False,True,False,False,False,0
boltz2|7fwr__1__1.A__1.B|1.B,mid,True,False,True,False,False,False,0
boltz2|7fy8__1__1.A__1.I_1.J|1.I,mid,True,False,True,False,False,False,0
boltz2|7fyr__1__1.A__1.B|1.B,mid,True,True,True,False,False,False,1
boltz2|7fys__1__1.A__1.B|1.B,mid,True,True,True,False,False,False,1
boltz2|7fz0__1__1.A__1.E|1.E,mid,True,False,True,False,False,False,0
boltz2|7fz3__1__1.A__1.B|1.B,mid,True,False,True,False,False,False,0
boltz2|7fzc__1__1.A__1.B|1.B,mid,True,False,True,False,False,False,0
boltz2|7fzl__1__1.A__1.B|1.B,mid,True,False,True,False,False,False,0
boltz2|7g00__1__1.A__1.Q|1.Q,mid,True,False,True,False,False,False,1
boltz2|7g07__1__1.A__1.B|1.B,mid,True,False,True,False,False,False,1
boltz2|7g0g__1__1.A__1.B|1.B,mid,True,True,True,False,False,False,0
boltz2|7g0j__1__1.A__1.D|1.D,mid,True,False,True,False,False,False,0
boltz2|7g0t__1__1.A__1.B|1.B,mid,True,False,True,False,False,False,0
boltz2|7g10__1__1.A__1.D|1.D,mid,True,False,True,False,False,False,0
boltz2|7g1e__1__1.A__1.C|1.C,mid,True,False,True,False,False,False,0
boltz2|7g1j__1__1.A__1.B|1.B,mid,True,False,True,False,False,False,0
boltz2|7g1m__1__1.A__1.B|1.B,mid,True,False,True,False,False,False,0
boltz2|7g20__1__1.A__1.B|1.B,mid,True,True,True,False,False,False,1
boltz2|7g90__1__1.A__1.C|1.C,mid,True,True,True,False,False,False,1
boltz2|7gav__1__1.A_1.B__1.E_1.I_1.J|1.I,high,True,False,True,False,False,False,0
boltz2|7gb7__1__1.A_2.A__1.B|1.B,mid,True,False,True,False,False,False,0
boltz2|7gb8__1__1.A_2.A__1.F|1.F,high,True,False,True,False,False,False,0
boltz2|7gbc__1__1.A_2.A__2.E|2.E,high,True,False,True,False,False,False,0
boltz2|7gbd__1__1.A_2.A__2.E|2.E,high,True,False,True,False,False,False,0
boltz2|7gbo__1__1.A_2.A__1.E|1.E,high,True,False,True,False,False,False,0
boltz2|7gbp__1__1.A_2.A__2.F|2.F,high,True,False,True,False,False,False,0
boltz2|7gbq__1__1.A_2.A__1.E|1.E,high,True,False,True,False,False,False,0
boltz2|7gbr__1__1.A_2.A__2.F|2.F,mid,True,False,True,False,False,False,0
boltz2|7gbs__1__1.A_2.A__1.E_1.F|1.E,high,True,False,True,False,False,False,0
boltz2|7gbw__1__1.A_2.A__1.F|1.F,high,True,False,True,False,False,False,0
boltz2|7gbz__1__1.A_2.A__2.F|2.F,high,True,False,True,False,False,False,0
boltz2|7gc3__1__1.A_2.A__2.F|2.F,mid,True,False,True,False,False,False,1
boltz2|7gc4__1__1.A_2.A__1.F_1.G|1.F,high,True,False,True,False,False,False,0
boltz2|7gcd__1__1.A_2.A__1.F_1.G|1.F,high,True,False,True,False,False,False,0
boltz2|7gce__1__1.A_2.A__2.E|2.E,mid,True,False,True,False,False,False,0
boltz2|7gco__1__1.A_2.A__2.E|2.E,mid,True,False,True,False,False,False,0
boltz2|7gcq__1__1.A_2.A__1.F|1.F,high,True,False,True,False,False,False,0
boltz2|7gcu__1__1.A_2.A__1.E|1.E,high,True,False,True,False,False,False,0
boltz2|7gda__1__1.A_2.A__1.D|1.D,high,True,False,True,False,False,False,0
boltz2|7gde__1__1.A_2.A__1.E|1.E,high,True,False,True,False,False,False,0
boltz2|7gdg__1__1.A_2.A__2.F|2.F,high,True,False,True,False,False,False,0
boltz2|7gdj__1__1.A_2.A__2.E|2.E,high,True,False,True,False,False,False,0
boltz2|7gdl__1__1.A_2.A__1.E|1.E,high,True,False,True,False,False,False,0
boltz2|7gdz__1__1.A_2.A__1.E|1.E,high,True,False,True,False,False,False,0
boltz2|7ge2__1__1.A_2.A__2.E|2.E,mid,True,False,True,False,False,False,0
boltz2|7ge3__1__1.A_2.A__1.D|1.D,high,True,False,True,False,False,False,0
boltz2|7ge4__1__1.A_2.A__1.E_1.F|1.F,high,False,False,True,False,False,False,0
boltz2|7ge9__1__1.A_2.A__1.E|1.E,high,True,False,True,False,False,False,0
boltz2|7gec__1__1.A_2.A__2.E|2.E,high,True,False,True,False,False,False,0
boltz2|7gee__1__1.A_2.A__2.E|2.E,mid,True,False,True,False,False,False,0
boltz2|7geg__1__1.A_2.A__2.E|2.E,high,True,False,True,False,False,False,0
boltz2|7gek__1__1.A_2.A__1.E|1.E,high,True,False,True,False,False,False,0
boltz2|7gem__1__1.A_2.A__1.E_1.F|1.E,high,True,False,True,False,False,False,0
boltz2|7gen__1__1.A_2.A__2.E|2.E,high,True,False,True,False,False,False,0
boltz2|7ges__1__1.A_2.A__2.E|2.E,high,True,False,True,False,False,False,0
boltz2|7geu__1__1.A_2.A__2.E|2.E,high,True,False,True,False,False,False,0
boltz2|7gew__1__1.A_2.A__1.E|1.E,high,True,False,True,False,False,False,0
boltz2|7gf0__1__1.A_2.A__1.E|1.E,high,True,False,True,False,False,False,0
boltz2|7gf2__1__1.A_2.A__2.E|2.E,high,True,False,True,False,False,False,0
boltz2|7gf3__1__1.A_2.A__1.E|1.E,high,True,False,True,False,False,False,0
boltz2|7gf5__1__1.A_2.A__1.E|1.E,high,True,False,True,False,False,False,0
boltz2|7gfr__1__1.A_2.A__2.E|2.E,high,True,False,True,False,False,False,0
boltz2|7gfx__1__1.A_2.A__2.E|2.E,high,True,False,True,False,False,False,0
boltz2|7gfz__1__1.A_2.A__2.E_2.F|2.E,mid,True,False,True,False,False,False,0
boltz2|7gfz__1__1.A_2.A__2.E_2.F|2.F,mid,True,False,True,False,False,False,0
boltz2|7ggd__1__1.A__1.E|1.E,mid,True,False,True,False,False,False,1
boltz2|7gge__1__1.A_2.A__2.E_2.F|2.E,high,True,False,True,False,False,False,0
boltz2|7ggv__1__1.A_2.A__2.E_2.G|2.E,high,True,False,True,False,False,False,0
boltz2|7ggw__1__1.A_2.A__1.E_1.F|1.E,mid,True,False,True,False,False,False,0
boltz2|7gh5__1__1.A_2.A__1.B|1.B,high,True,False,True,False,False,False,0
boltz2|7gh7__1__1.A_2.A__1.B_1.F|1.B,high,True,False,True,False,False,False,0
boltz2|7ghm__1__1.A_1.B__1.N_1.P|1.N,mid,True,False,True,False,False,False,0
boltz2|7ghn__1__1.A_1.B__1.N|1.N,high,True,False,True,False,False,False,0
boltz2|7ghq__1__1.A_1.B__1.D_1.E|1.E,mid,True,False,True,False,False,False,0
boltz2|7gi9__1__1.A_1.B__1.F|1.F,high,True,False,True,False,False,False,0
boltz2|7gia__1__1.A_1.B__1.F|1.F,high,True,False,True,False,False,False,0
boltz2|7gib__1__1.A_1.B__1.E_1.F|1.F,high,True,False,True,False,False,False,0
boltz2|7gic__1__1.A_1.B__1.E_1.F_1.G|1.F,high,True,False,True,False,False,False,0
boltz2|7gid__1__1.A_1.B__1.E_1.F|1.F,high,True,False,True,False,False,False,0
boltz2|7gih__1__1.A_1.B__1.L_1.P|1.L,high,True,False,True,False,False,False,0
boltz2|7gim__1__1.A_1.B__1.E_1.F|1.F,high,True,False,True,False,False,False,0
boltz2|7gin__1__1.A_1.B__1.F_1.G|1.F,high,True,False,True,False,False,False,0
boltz2|7gio__1__1.A_1.B__1.L_1.O|1.L,high,True,False,True,False,False,False,0
boltz2|7gis__1__1.A_1.B__1.E_1.F|1.F,high,True,False,True,False,False,False,0
boltz2|7git__1__1.A_1.B__1.E_1.F|1.F,high,True,False,True,False,False,False,0
boltz2|7giu__1__1.A_1.B__1.K_1.L|1.K,high,True,False,True,False,False,False,0
boltz2|7giy__1__1.A_1.B__1.E_1.F|1.F,high,True,False,True,False,False,False,0
boltz2|7gj6__1__1.A_1.B__1.E_1.F|1.F,high,True,False,True,False,False,False,0
boltz2|7gj8__1__1.A_1.B__1.E_1.F|1.F,high,True,False,True,False,False,False,0
boltz2|7gjg__1__1.A_1.B__1.E_1.F|1.F,mid,True,False,True,False,False,False,0
boltz2|7gjq__1__1.A_1.B__1.E_1.F|1.F,high,True,False,True,False,False,False,0
boltz2|7gjx__1__1.A_1.B__1.E_1.J|1.J,high,True,False,True,False,False,False,0
boltz2|7gk1__1__1.A_1.B__1.D_1.I|1.I,high,True,False,True,False,False,False,0
boltz2|7gk7__1__1.A_1.B__1.H|1.H,mid,True,False,True,False,False,False,0
boltz2|7gkg__1__1.A_1.B__1.E_1.J|1.J,high,True,False,True,False,False,False,0
boltz2|7gki__1__1.A__1.I|1.I,high,False,False,True,False,False,False,0
boltz2|7gkk__1__1.A_1.B__1.O|1.O,high,True,False,True,False,False,False,0
boltz2|7gm0__1__1.A_1.B__1.N|1.N,mid,True,False,True,False,False,False,0
boltz2|7gm3__1__1.A_1.B__1.D_1.I|1.I,high,True,False,True,False,False,False,0
boltz2|7gmb__1__1.A_1.B__1.D_1.I|1.I,high,True,False,True,False,False,False,0
boltz2|7gmh__1__1.A_1.B__1.O|1.O,high,True,False,True,False,False,False,0
boltz2|7gmi__1__1.A_1.B__1.D_1.I|1.I,high,True,False,True,False,False,False,0
boltz2|7gmk__1__1.A_1.B__1.E_1.J|1.J,high,False,False,True,False,False,False,0
boltz2|7gml__1__1.A_1.B__1.E_1.J|1.J,high,True,False,True,False,False,False,0
boltz2|7gmm__1__1.A_1.B__1.E_1.J|1.J,high,True,False,True,False,False,False,0
boltz2|7gmp__1__1.A_1.B__1.D_1.I|1.I,high,False,False,True,False,False,False,0
boltz2|7gmu__1__1.A_1.B__1.I|1.I,high,False,False,True,False,False,False,0
boltz2|7gng__1__1.A_1.B__1.Q|1.Q,mid,True,False,True,False,False,False,0
boltz2|7gnh__1__1.A_1.B__1.M|1.M,mid,True,False,True,False,False,False,0
boltz2|7gnt__1__1.A_1.B__1.N_1.O|1.O,mid,True,False,True,False,False,False,0
boltz2|7gnu__1__1.A_1.B__1.O_1.Q|1.O,mid,True,False,True,False,False,False,0
boltz2|7grr__1__1.A__1.D|1.D,mid,True,False,True,True,False,False,1
boltz2|7grs__1__1.B__1.Q|1.Q,mid,True,False,True,True,False,False,0
boltz2|7grw__1__1.B__1.M_1.N|1.M,mid,True,False,True,True,False,False,1
boltz2|7gs0__1__1.A_1.B__1.D|1.D,mid,True,False,True,True,False,False,1
boltz2|7h1j__1__1.B__1.E|1.E,mid,True,False,True,True,False,False,1
boltz2|7r0d__1__1.A_1.B__1.E_1.F|1.E,mid,True,False,True,False,False,False,0
boltz2|7sxj__1__1.A__1.C|1.C,high,False,False,True,False,False,False,0
boltz2|7u0r__1__1.B__1.I_1.J_1.K_1.L|1.I,mid,True,True,True,False,False,False,1
boltz2|7u0r__1__1.B__1.I_1.J_1.K_1.L|1.J,high,False,True,True,False,False,False,0
boltz2|7u8v__1__1.A__1.C|1.C,mid,True,False,True,False,False,False,0
boltz2|7u8w__1__1.A__1.C|1.C,mid,True,False,True,False,False,False,1
boltz2|7u8x__1__1.A__1.B|1.B,mid,True,False,True,False,False,False,1
boltz2|7uad__1__1.A__1.B|1.B,mid,True,False,True,False,False,False,0
boltz2|7umo__1__1.A__1.G_1.I|1.G,mid,True,True,True,False,False,False,1
boltz2|7ur9__1__1.A_1.B__1.D|1.D,mid,True,False,True,False,False,False,0
boltz2|7x1o__1__1.A__1.C_1.D|1.C,high,True,False,True,False,False,False,0
boltz2|7x1o__1__1.A__1.C_1.D|1.D,mid,True,False,True,False,False,False,0
boltz2|7xoz__1__1.B__1.F|1.F,high,False,True,True,False,False,False,1
boltz2|7xyj__1__1.A_1.B__1.E_1.F|1.E,high,False,False,True,False,False,False,0
boltz2|7y0f__1__1.B__1.G|1.G,mid,True,True,True,False,False,False,0
boltz2|7y1h__1__1.B__1.H_1.I_1.K_1.L|1.H,high,True,False,True,False,False,False,0
boltz2|7y1h__1__1.B__1.H_1.I_1.K_1.L|1.I,high,False,False,True,False,False,False,0
boltz2|7y3s__1__1.B__1.G_1.H_1.J_1.K|1.G,high,True,False,True,False,False,False,0
boltz2|7y3s__1__1.B__1.G_1.H_1.J_1.K|1.H,high,False,False,True,False,False,False,0
boltz2|7ya4__1__1.A__1.E_1.F|1.E,high,False,False,True,False,False,False,0
boltz2|7yd2__1__1.A_1.B__1.K|1.K,low,True,True,True,False,True,True,1
boltz2|7yh9__1__1.A__1.G_1.H_1.I|1.I,mid,True,True,True,False,False,False,1
boltz2|7yha__1__1.A__1.E_1.F_1.G_1.H|1.G,mid,True,True,True,False,False,False,1
boltz2|7yha__1__1.A__1.E_1.F_1.G_1.H|1.H,mid,True,True,True,False,False,False,1
boltz2|7yhb__1__1.A__1.C_1.D_1.E|1.E,mid,True,False,True,False,False,False,1
boltz2|7yhc__1__1.A__1.I_1.J_1.K|1.K,mid,True,False,True,False,False,False,1
boltz2|7yoq__1__1.B__1.D|1.D,mid,True,True,True,False,False,False,1
boltz2|7yqf__1__1.B__1.J_1.K|1.J,mid,True,False,True,False,False,False,1
boltz2|7ys8__1__1.B__1.E_1.F|1.E,high,False,True,True,False,False,False,0
boltz2|7ysx__1__1.B__1.J|1.J,mid,True,False,True,False,False,False,1
boltz2|7z9t__1__1.A__1.C|1.C,mid,True,False,True,False,False,False,0
boltz2|8a0t__1__1.A__1.C|1.C,mid,True,False,True,False,False,False,1
boltz2|8a0z__1__1.A__1.C_1.D_1.F|1.D,high,True,True,True,False,False,False,0
boltz2|8a12__1__1.A__1.D_1.G|1.D,high,False,False,True,False,False,False,0
boltz2|8a2p__1__1.A__1.B|1.B,high,False,False,True,False,False,False,1
boltz2|8a34__1__1.A__1.C_1.D|1.C,mid,True,False,True,False,False,False,1
boltz2|8acm__1__1.A__1.E|1.E,high,True,True,True,False,False,False,0
boltz2|8adj__1__1.A__1.D|1.D,mid,True,False,True,False,False,False,1
boltz2|8ai1__1__1.B__1.M_1.O|1.O,mid,False,True,True,True,False,False,0
boltz2|8ak5__1__1.A__1.C_1.E_1.F_1.G|1.E,mid,True,True,True,False,False,False,1
boltz2|8ak7__1__1.A__1.C_1.E_1.G|1.C,high,False,False,True,False,False,False,0
boltz2|8ak7__1__1.A__1.C_1.E_1.G|1.E,mid,True,False,True,False,False,False,1
boltz2|8ak8__1__1.A__1.C_1.F_1.L|1.L,mid,True,False,True,False,False,False,1
boltz2|8akd__1__1.A__1.C_1.E|1.C,high,False,True,True,False,False,False,0
boltz2|8akd__1__1.A__1.C_1.E|1.E,mid,True,True,True,False,False,False,1
boltz2|8akg__1__1.A__1.F_1.O|1.O,mid,True,False,True,False,False,False,0
boltz2|8am2__1__1.A__1.D|1.D,mid,True,True,True,False,False,False,0
boltz2|8apt__1__1.A_2.A__1.B|1.B,high,True,False,True,False,False,False,0
boltz2|8apu__1__1.A_2.A__1.B|1.B,high,True,False,True,False,False,False,0
boltz2|8apw__1__1.A_2.A__2.C|2.C,mid,True,False,True,False,False,False,0
boltz2|8aqf__1__1.A__1.B|1.B,mid,True,True,True,False,False,False,0
boltz2|8ase__1__1.B__1.F_1.G|1.F,mid,True,False,True,False,False,False,0
boltz2|8asf__1__1.B__1.E|1.E,mid,True,False,True,True,False,False,1
boltz2|8atb__1__1.A__1.C|1.C,mid,True,True,True,False,False,False,0
boltz2|8atl__1__1.A__1.C|1.C,mid,True,True,True,False,False,False,0
boltz2|8aty__1__1.A__1.B_1.C|1.C,mid,True,False,True,False,False,False,1
boltz2|8aw1__1__1.A__1.C|1.C,high,False,False,True,False,False,False,0
boltz2|8azd__1__1.A__1.C|1.C,high,False,False,True,False,False,False,0
boltz2|8azi__1__1.A__1.C|1.C,high,False,False,True,True,False,False,0
boltz2|8azl__1__1.A__1.C|1.C,high,False,False,True,True,False,False,0
boltz2|8azm__1__1.A__1.C|1.C,high,False,False,True,True,False,False,0
boltz2|8azo__1__1.A__1.C|1.C,high,False,False,True,True,False,False,0
boltz2|8azp__1__1.A__1.C|1.C,high,False,False,True,True,False,False,0
boltz2|8b35__1__1.A_1.B__1.E|1.E,high,False,True,True,False,False,False,1
boltz2|8b5s__1__1.B__1.D|1.D,high,False,False,True,False,False,False,1
boltz2|8b62__1__1.A__1.C|1.C,high,False,False,True,False,False,False,0
boltz2|8b6m__1__1.A_1.B__1.E|1.E,high,True,False,True,False,False,False,0
boltz2|8b9u__1__1.A_1.B__1.C_1.H|1.C,mid,True,True,True,False,False,False,1
boltz2|8bam__1__1.A__1.C_1.D|1.C,high,False,False,True,False,False,False,0
boltz2|8bam__1__1.A__1.C_1.D|1.D,mid,True,False,True,False,False,False,0
boltz2|8bi6__1__1.A__1.D|1.D,mid,True,False,True,False,False,False,1
boltz2|8bjd__1__1.A__1.B|1.B,mid,False,True,True,False,False,False,0
boltz2|8bji__1__1.A_1.B__1.C_1.D|1.C,high,False,False,True,False,False,False,0
boltz2|8bl0__1__1.A__1.C_1.E|1.C,high,False,False,True,False,False,False,0
boltz2|8bl0__1__1.A__1.C_1.E|1.E,mid,True,True,True,False,False,False,1
boltz2|8bl1__1__1.A__1.C_1.E|1.C,high,False,False,True,False,False,False,0
boltz2|8bl1__1__1.A__1.C_1.E|1.E,mid,True,True,True,False,False,False,1
boltz2|8blz__1__1.A__1.B_1.D|1.B,high,False,False,True,False,False,False,0
boltz2|8bo4__1__1.A__1.C|1.C,high,True,False,True,False,False,False,0
boltz2|8boc__1__1.A__1.B|1.B,high,True,True,True,False,False,False,0
boltz2|8br0__1__1.A_1.B__1.E_1.F_1.G|1.E,high,False,False,True,False,False,False,0
boltz2|8br0__1__1.A_1.B__1.E_1.F_1.G|1.F,high,False,False,True,False,False,False,0
boltz2|8br1__1__1.C__1.K_1.L_1.M|1.K,high,False,True,True,False,False,False,1
boltz2|8br6__1__1.A__1.C|1.C,mid,True,False,True,True,False,False,0
boltz2|8bst__1__1.A__1.R|1.R,high,False,False,True,False,False,False,0
boltz2|8bsu__1__1.A_1.D__1.I_1.OA_1.SA|1.I,high,False,False,True,False,False,False,0
boltz2|8bsu__1__1.A_1.D__1.I_1.OA_1.SA|1.OA,high,False,False,True,False,False,False,0
boltz2|8bvx__1__1.A__1.D_1.F|1.D,mid,True,False,True,True,False,False,1
boltz2|8bzx__1__1.A_1.B__1.E_1.F|1.E,mid,True,False,True,False,False,False,0
boltz2|8c08__1__1.A__1.C_1.D|1.C,high,False,False,True,False,False,False,0
boltz2|8c1f__1__1.A__1.B_1.C_1.D_1.J|1.B,high,False,False,True,True,False,False,0
boltz2|8c1m__1__1.A__1.C|1.C,mid,True,False,True,True,False,False,0
boltz2|8c3i__1__1.B__1.D|1.D,high,False,False,True,True,False,False,0
boltz2|8c3r__1__1.A__1.C|1.C,mid,True,True,True,True,False,False,1
boltz2|8c3u__1__1.A__1.C|1.C,low,True,True,True,False,True,True,1
boltz2|8c47__1__1.B__1.E_1.F|1.E,high,False,False,True,True,False,False,0
boltz2|8c4w__1__1.A__1.J_1.K_1.P|1.K,mid,True,True,True,False,False,False,1
boltz2|8c6f__1__1.A__1.B_1.C|1.B,high,False,False,True,False,False,False,0
boltz2|8c7r__1__1.A__1.C_1.D|1.C,mid,True,True,True,False,False,False,1
boltz2|8c7r__1__1.A__1.C_1.D|1.D,high,False,True,True,False,False,False,0
boltz2|8c9e__1__1.A__1.C|1.C,high,False,True,True,False,False,False,0
boltz2|8cbr__1__1.A_1.B_1.D__1.E|1.E,mid,True,True,True,False,False,False,0
boltz2|8cbu__1__1.A_1.B_1.D__1.M|1.M,mid,True,True,True,False,False,False,0
boltz2|8ccj__1__1.A_2.A__1.B_1.J|1.B,high,False,False,True,True,False,False,0
boltz2|8cdw__1__1.B__1.D|1.D,mid,True,True,True,False,False,False,0
boltz2|8cex__1__1.A__1.D|1.D,mid,True,False,True,True,False,False,0
boltz2|8cey__1__1.A__1.D|1.D,mid,True,False,True,True,False,False,1
boltz2|8chc__1__1.A__1.B|1.B,mid,True,False,True,True,False,False,0
boltz2|8chl__1__1.A__1.C_1.E|1.C,high,False,False,True,False,False,False,0
boltz2|8cij__1__1.A__1.B|1.B,mid,True,True,True,False,False,False,1
boltz2|8cji__1__1.A__1.B_1.C|1.C,mid,True,False,True,True,False,False,0
boltz2|8cjj__1__1.A__1.B_1.C|1.C,mid,True,False,True,True,False,False,0
boltz2|8cjk__1__1.A__1.B_1.C|1.C,mid,True,True,True,True,False,False,0
boltz2|8cjo__1__1.A__1.B_1.C|1.C,mid,True,False,True,True,False,False,1
boltz2|8cju__1__1.A__1.B|1.B,high,True,True,True,True,False,False,1
boltz2|8cnm__1__1.A_1.B__1.F_1.N_1.S|1.N,high,False,False,True,True,False,False,0
boltz2|8cnm__1__1.A_1.B__1.F_1.N_1.S|1.S,mid,True,False,True,True,False,False,0
boltz2|8cno__1__1.A_1.B__1.C_1.E_1.F|1.E,mid,True,False,True,True,False,False,1
boltz2|8con__1__1.A_2.A__2.D_2.J|2.D,high,False,False,True,True,False,False,0
boltz2|8coq__1__1.A__1.C_1.D|1.C,high,False,True,True,True,False,False,0
boltz2|8coq__1__1.A__1.C_1.D|1.D,mid,True,True,True,True,False,False,0
boltz2|8cou__1__1.A__1.V|1.V,mid,True,False,True,True,False,False,1
boltz2|8cov__1__1.A__1.D|1.D,mid,True,True,True,True,False,False,0
boltz2|8cow__1__1.B__1.I_1.J|1.I,high,False,False,True,True,False,False,0
boltz2|8cow__1__1.B__1.I_1.J|1.J,mid,True,True,True,True,False,False,0
boltz2|8cp4__1__2.A__2.H_2.I|2.I,mid,False,True,True,True,False,False,1
boltz2|8cp7__1__1.A__1.B|1.B,high,False,False,True,False,False,False,0
boltz2|8cp9__1__1.A__1.C_1.D|1.C,high,False,False,True,False,False,False,0
boltz2|8cpb__1__1.B__1.H|1.H,high,False,False,True,False,False,False,0
boltz2|8cq8__1__1.A__1.C_1.D_1.E|1.E,high,False,False,True,True,False,False,0
boltz2|8cqv__1__1.A_1.B__1.K_1.P|1.K,high,False,False,True,True,False,False,0
boltz2|8crj__1__1.A__1.B|1.B,high,True,True,True,False,False,False,0
boltz2|8crl__1__1.A__1.C|1.C,mid,True,False,True,False,False,False,0
boltz2|8cvc__1__1.A__1.C_1.J_1.O_1.P|1.J,high,True,True,True,False,False,False,0
boltz2|8cvd__1__1.A__1.B_1.K_1.L|1.K,high,True,False,True,False,False,False,0
boltz2|8cve__1__1.A__1.B_1.K_1.L|1.L,high,False,True,True,False,False,False,0
boltz2|8cvf__1__1.A__1.D_1.E_1.F_1.G|1.D,high,False,False,True,False,False,False,0
boltz2|8d3e__1__1.A__1.C_1.D|1.C,high,False,False,True,False,False,False,0
boltz2|8d3h__1__1.A__1.C_1.D|1.C,high,False,False,True,False,False,False,0
boltz2|8d3h__1__1.A__1.C_1.D|1.D,mid,True,True,True,False,False,False,0
boltz2|8d3j__1__1.A__1.D_1.E_1.F|1.E,mid,True,False,True,False,False,False,1
boltz2|8dj6__1__1.C__1.F_1.O|1.F,mid,True,True,True,False,False,False,1
boltz2|8dk4__1__1.A__1.C|1.C,high,True,False,True,False,False,False,0
boltz2|8dq8__1__1.B__1.F_1.G|1.F,high,False,False,True,False,False,False,0
boltz2|8dq8__1__1.B__1.F_1.G|1.G,high,True,False,True,False,False,False,0
boltz2|8dqd__1__1.A__1.B|1.B,mid,False,True,True,True,False,False,1
boltz2|8dsm__1__1.A_1.B__1.J|1.J,mid,True,False,True,False,False,False,0
boltz2|8e1o__1__1.A__1.D|1.D,mid,True,False,True,False,False,False,0
boltz2|8e5i__1__1.A__1.B_1.E|1.B,high,False,False,True,False,False,False,0
boltz2|8efj__1__1.A__1.D|1.D,mid,True,False,True,False,False,False,0
boltz2|8egz__1__1.B__1.I|1.I,high,False,False,True,False,False,False,0
boltz2|8eh0__1__1.A__1.C_1.E|1.E,mid,True,False,True,False,False,False,1
boltz2|8evx__1__1.A__1.C_1.D_1.E_1.F_1.G|1.C,high,False,False,True,False,False,False,0
boltz2|8evx__1__1.A__1.C_1.D_1.E_1.F_1.G|1.D,high,True,False,True,False,False,False,0
boltz2|8evz__1__1.A__1.D_1.E_1.F_1.G|1.F,high,False,False,True,False,False,False,0
boltz2|8evz__1__1.A__1.D_1.E_1.F_1.G|1.G,high,True,False,True,False,False,False,0
boltz2|8f1z__1__1.A__1.B|1.B,mid,True,True,True,False,False,False,0
boltz2|8f4q__1__1.A__1.F|1.F,mid,True,True,True,False,False,False,1
boltz2|8f4s__1__1.A__1.D_1.E|1.D,low,True,True,True,False,True,True,1
boltz2|8f8k__1__1.A__1.F_1.G_1.I_1.J_1.K|1.F,mid,True,True,True,False,False,False,1
boltz2|8f8l__1__1.A__1.B_1.D_1.E|1.B,mid,False,True,True,False,False,False,0
boltz2|8f8m__1__1.A__1.C|1.C,high,True,False,True,False,False,False,1
boltz2|8fe6__1__1.A__1.I|1.I,high,False,False,True,False,False,False,0
boltz2|8fen__1__1.A__1.B_1.C|1.B,high,False,False,True,False,False,False,0
boltz2|8fen__1__1.A__1.B_1.C|1.C,high,False,False,True,False,False,False,0
boltz2|8fev__1__1.A__1.C_1.D|1.C,mid,False,False,True,False,False,False,1
boltz2|8fev__1__1.A__1.C_1.D|1.D,high,False,False,True,False,False,False,0
boltz2|8fh5__1__1.A__1.B_1.C|1.B,high,False,False,True,False,False,False,0
boltz2|8fh5__1__1.A__1.B_1.C|1.C,high,True,False,True,False,False,False,0
boltz2|8fh9__1__1.A__1.B_1.C|1.B,high,False,False,True,False,False,False,0
boltz2|8fh9__1__1.A__1.B_1.C|1.C,high,True,False,True,False,False,False,0
boltz2|8fjt__1__1.A_1.B__1.C_1.E|1.C,high,False,False,True,False,False,False,0
boltz2|8fjt__1__1.A_1.B__1.C_1.E|1.E,mid,True,False,True,False,False,False,1
boltz2|8fju__1__1.A_1.B__1.C_1.D|1.C,high,False,False,True,False,False,False,0
boltz2|8fju__1__1.A_1.B__1.C_1.D|1.D,mid,True,False,True,False,False,False,0
boltz2|8fjx__1__1.A__1.B_1.C|1.C,high,False,False,True,False,False,False,0
boltz2|8fjy__1__1.A__1.B_1.C|1.B,high,False,False,True,False,False,False,0
boltz2|8fts__1__2.A__2.B_2.C_2.D|2.D,mid,True,True,True,False,False,False,0
boltz2|8fwp__1__1.A_1.B__1.D_1.E|1.D,high,False,False,True,False,False,False,1
boltz2|8fx1__1__1.A__1.C|1.C,mid,True,True,True,False,False,False,0
boltz2|8fx3__1__1.B__1.D|1.D,high,False,True,True,False,False,False,0
boltz2|8fy7__1__1.A_1.B__1.C|1.C,high,True,False,True,False,False,False,0
boltz2|8fz1__1__1.A__1.G_1.I_1.K|1.G,high,True,False,True,True,False,False,1
boltz2|8g3e__1__1.A__1.C|1.C,mid,True,False,True,False,False,False,1
boltz2|8g4a__1__1.A_1.B__1.C|1.C,low,True,True,True,True,True,True,1
boltz2|8g63__1__1.A__1.B|1.B,mid,True,False,True,False,False,False,0
boltz2|8g8o__1__1.B__1.E|1.E,mid,True,False,True,False,False,False,0
boltz2|8g8x__1__1.A__1.C|1.C,mid,True,False,True,False,False,False,0
boltz2|8gem__1__1.A__1.B|1.B,mid,True,False,True,False,False,False,0
boltz2|8geu__1__1.A__1.B|1.B,mid,True,False,True,False,False,False,0
boltz2|8gev__1__1.A__1.B|1.B,mid,True,False,True,False,False,False,0
boltz2|8gjb__1__1.B__1.G_1.H|1.G,high,False,False,True,True,False,False,0
boltz2|8gkf__1__1.A__1.J|1.J,mid,True,False,True,True,False,False,0
boltz2|8gpc__1__1.A__1.C_1.D_1.E|1.E,high,False,False,True,False,False,False,0
boltz2|8gpd__1__1.A__1.C_1.D_1.E|1.E,high,True,False,True,False,False,False,0
boltz2|8gpe__1__1.A__1.C_1.D_1.E|1.E,high,False,False,True,False,False,False,0
boltz2|8grw__1__1.A_1.B__1.C_1.D|1.D,high,False,False,True,False,False,False,1
boltz2|8gtg__1__1.A__1.C|1.C,mid,True,True,True,False,False,False,0
boltz2|8gti__1__1.A__1.H|1.H,mid,True,True,True,False,False,False,1
boltz2|8gtm__1__1.A__1.C|1.C,mid,True,True,True,False,False,False,1
boltz2|8gu1__1__1.A_1.B__1.D|1.D,low,True,True,True,False,True,True,1
boltz2|8gwd__1__2.A__2.B_2.C|2.C,high,True,False,True,False,False,False,0
boltz2|8gww__1__1.A__1.C|1.C,high,True,False,True,False,False,False,0
boltz2|8gyd__1__1.A_1.B__1.K|1.K,low,True,True,True,False,True,True,1
boltz2|8h4j__1__1.A_1.D__1.I_1.O|1.I,high,False,True,True,False,False,False,0
boltz2|8h4j__1__1.A_1.D__1.I_1.O|1.O,mid,True,True,True,False,False,False,1
boltz2|8h53__1__1.A__1.E_1.F_1.P_1.Q|1.E,high,False,True,True,False,False,False,0
boltz2|8h5y__1__1.A__1.D_1.E|1.D,high,False,True,True,False,False,False,0
boltz2|8h7r__1__1.A__1.B|1.B,mid,True,True,True,False,False,False,1
boltz2|8haq__1__1.A__1.C|1.C,mid,True,True,True,False,False,False,1
boltz2|8hcc__1__1.B__1.I_1.J_1.K|1.I,mid,False,False,True,False,False,False,0
boltz2|8hcd__1__1.A__1.E_1.F_1.G|1.F,high,True,False,True,False,False,False,0
boltz2|8hd3__1__1.A__1.C|1.C,high,True,False,True,False,False,False,1
boltz2|8he8__1__1.A__1.D_1.E|1.E,high,True,False,True,False,False,False,0
boltz2|8hf8__1__1.A__1.C|1.C,mid,True,False,True,False,False,False,0
boltz2|8hjg__1__1.A__1.E_1.F|1.E,high,False,True,True,True,False,False,0
boltz2|8hko__1__1.A__1.D_1.E_1.G_1.H|1.H,high,True,False,True,True,False,False,0
boltz2|8hlj__1__1.A__1.C|1.C,high,False,False,True,True,False,False,0
boltz2|8ho5__1__1.A__1.B|1.B,low,True,True,True,False,True,True,1
boltz2|8hp4__1__1.A_1.B__1.C_1.D|1.C,high,False,False,True,True,False,False,0
boltz2|8hrv__1__1.A_1.B_1.C__1.E_1.H|1.H,high,False,False,True,True,False,False,0
boltz2|8htg__1__1.A__1.F_1.G|1.G,high,False,False,True,False,False,False,0
boltz2|8huu__1__1.A__1.C|1.C,mid,True,False,True,False,False,False,0
boltz2|8hx4__1__2.A__2.B_2.C_2.D|2.C,mid,True,True,True,False,False,False,0
boltz2|8hxh__1__1.A__1.B_1.C|1.C,high,True,False,True,False,False,False,0
boltz2|8hxu__1__1.A__1.C_1.D_1.E|1.E,mid,True,True,True,False,False,False,0
boltz2|8hy6__1__1.A__1.C_1.D_1.E|1.E,mid,True,False,True,False,False,False,1
boltz2|8hyk__1__1.A__1.B_1.C|1.B,mid,False,True,True,False,False,False,0
boltz2|8hym__1__2.A__2.B_2.C|2.C,high,True,False,True,False,False,False,0
boltz2|8hyp__1__2.A__2.B_2.C|2.C,high,True,False,True,False,False,False,0
boltz2|8i1o__1__1.A__1.F|1.F,high,False,True,True,False,False,False,0
boltz2|8i2n__1__1.A__1.C|1.C,mid,True,True,True,True,False,False,0
boltz2|8im2__1__1.E__1.S_1.T_1.U|1.T,high,True,False,True,False,False,False,1
boltz2|8im3__1__2.C__2.K_2.L|2.L,high,True,True,True,False,False,False,1
boltz2|8ina__1__1.A__1.B_1.C|1.B,high,False,True,True,True,False,False,0
boltz2|8ind__1__1.A__1.B_1.C_1.D|1.B,mid,True,True,True,True,False,False,1
boltz2|8ino__1__1.A__1.B_1.C_1.D|1.B,mid,True,True,True,True,False,False,1
boltz2|8inv__1__1.A__1.B_1.C_1.D|1.B,high,False,True,True,True,False,False,0
boltz2|8iqn__1__1.A__1.B|1.B,high,True,False,True,True,False,False,0
boltz2|8iqt__1__1.A__1.B|1.B,high,True,False,True,True,False,False,0
boltz2|8iui__1__1.A__1.C|1.C,high,False,False,True,True,False,False,1
boltz2|8ivg__1__1.A__1.B_1.C|1.B,mid,True,False,True,False,False,False,0
boltz2|8ivn__1__1.A_1.B__1.C|1.C,mid,True,True,True,False,False,False,1
boltz2|8ivr__1__1.A__1.B|1.B,mid,True,False,True,False,False,False,1
boltz2|8ivs__1__1.A_1.B__1.C|1.C,low,True,True,True,False,True,True,1
boltz2|8ivt__1__1.A_1.B__1.F|1.F,low,True,True,True,False,True,True,1
boltz2|8ivu__1__1.A_1.B__1.I|1.I,mid,True,False,True,False,False,False,0
boltz2|8iw3__1__1.A_1.B__1.C|1.C,low,True,True,True,False,True,True,1
boltz2|8iw6__1__1.A_1.B__1.F|1.F,mid,True,True,True,False,False,False,1
boltz2|8ix9__1__2.A__2.D_2.E_2.F|2.D,mid,False,True,True,True,False,False,0
boltz2|8izc__1__1.A_1.B__1.I|1.I,mid,True,False,True,True,False,False,1
boltz2|8j1g__1__1.B__1.H_1.I|1.I,mid,True,True,True,False,False,False,0
boltz2|8j40__1__1.A_2.A__1.D|1.D,mid,True,False,True,True,False,False,1
boltz2|8j5e__1__1.A__1.B|1.B,mid,True,True,True,True,False,False,0
boltz2|8j5f__1__2.A__2.B|2.B,mid,True,True,True,True,False,False,0
boltz2|8j5x__1__1.A__1.B|1.B,mid,True,False,True,False,False,False,0
boltz2|8j7j__1__1.A_1.B__1.C|1.C,low,True,True,True,False,True,True,1
boltz2|8j8x__1__1.A__1.B_1.C|1.C,high,True,False,True,True,False,False,0
boltz2|8jb3__1__1.A__1.B|1.B,low,False,True,True,True,False,False,1
boltz2|8jb3__1__1.A__1.C_1.D_1.E_1.F|1.D,mid,False,True,True,True,False,False,1
boltz2|8jby__1__1.A__1.C|1.C,mid,True,False,True,True,False,False,0
boltz2|8jc5__1__1.A__1.E_1.F|1.E,high,False,True,True,True,False,False,0
boltz2|8jdb__1__1.A__1.B_1.C|1.B,high,False,True,True,False,False,False,0
boltz2|8jdb__1__1.A__1.B_1.C|1.C,mid,False,True,True,False,False,False,1
boltz2|8jdg__1__1.A__1.B_1.C|1.B,high,False,True,True,False,False,False,0
boltz2|8jdg__1__1.A__1.B_1.C|1.C,mid,True,True,True,False,False,False,0
boltz2|8jdn__1__1.A__1.B_1.C|1.B,high,False,True,True,False,False,False,0
boltz2|8jdn__1__1.A__1.B_1.C|1.C,mid,True,True,True,False,False,False,0
boltz2|8jdo__1__1.A__1.B_1.C|1.B,mid,True,True,True,False,False,False,0
boltz2|8jdo__1__1.A__1.B_1.C|1.C,high,False,True,True,False,False,False,0
boltz2|8jdp__1__1.A__1.B_1.C|1.B,high,False,True,True,False,False,False,0
boltz2|8jdp__1__1.A__1.B_1.C|1.C,mid,True,True,True,False,False,False,0
boltz2|8jdq__1__1.A__1.B_1.C|1.B,high,False,True,True,False,False,False,0
boltz2|8jdq__1__1.A__1.B_1.C|1.C,mid,False,True,True,False,False,False,0
boltz2|8jdr__1__1.A__1.B_1.C|1.B,high,False,True,True,False,False,False,0
boltz2|8jdr__1__1.A__1.B_1.C|1.C,mid,True,True,True,False,False,False,0
boltz2|8jds__1__1.A__1.B_1.C_1.D|1.B,high,False,True,True,False,False,False,0
boltz2|8jdt__1__1.A__1.B_1.C_1.D|1.B,high,False,True,True,False,False,False,0
boltz2|8jdv__1__1.A__1.B_1.C_1.D|1.B,high,False,True,True,False,False,False,0
boltz2|8jdx__1__1.A__1.B_1.C_1.D|1.B,high,False,True,True,False,False,False,0
boltz2|8jdy__1__1.A__1.B_1.C_1.D|1.B,high,False,True,True,False,False,False,0
boltz2|8jdz__1__1.A__1.B_1.C_1.D|1.B,high,False,True,True,False,False,False,0
boltz2|8jg8__1__1.A__1.B|1.B,mid,True,True,True,True,False,False,0
boltz2|8jjk__1__1.A__1.B_1.F_1.G_1.H|1.B,mid,False,True,True,True,False,False,1
boltz2|8jjn__1__1.A__1.D_1.E|1.D,low,True,True,True,True,True,True,1
boltz2|8jjs__1__1.A__1.C_1.D|1.C,high,False,False,True,False,False,False,0
boltz2|8jjt__1__1.A__1.D|1.D,low,True,True,True,True,True,True,0
boltz2|8jk8__1__1.A__1.B_1.C_1.D|1.D,mid,False,True,True,True,False,False,0
boltz2|8jk9__1__1.A__1.C_1.D_1.E_1.F|1.E,mid,False,True,True,True,False,False,0
boltz2|8jkp__1__2.A__2.B_2.C_2.D_2.E|2.B,mid,False,True,True,True,False,False,0
boltz2|8jkr__1__1.A__1.B_1.G_1.H_1.I|1.B,mid,False,True,True,True,False,False,0
boltz2|8jm8__1__1.A__1.C_1.I|1.I,high,False,False,True,True,False,False,0
boltz2|8jmp__1__1.A__1.D|1.D,mid,True,True,True,False,False,False,1
boltz2|8jmz__1__1.A__1.C_1.E_1.J|1.C,mid,True,False,True,True,False,False,1
boltz2|8jot__1__1.A__1.B|1.B,mid,True,True,True,True,False,False,1
boltz2|8jqp__1__2.A__2.C_2.D_2.E|2.C,high,False,False,True,False,False,False,0
boltz2|8jt3__1__1.A_1.C__1.E|1.E,high,False,False,True,False,False,False,0
boltz2|8ju9__1__1.A_2.A_4.A__1.B|1.B,mid,False,True,True,True,False,False,1
boltz2|8jwy__1__1.A__1.B|1.B,mid,True,False,True,False,False,False,0
boltz2|8jyc__1__1.A_1.B_1.C__1.T|1.T,mid,False,True,True,False,False,False,1
boltz2|8jye__1__1.A_1.B_1.D__1.P|1.P,high,False,True,True,False,False,False,1
boltz2|8jyf__1__1.B__1.F|1.F,high,False,False,True,False,False,False,0
boltz2|8jyg__1__1.A_1.B__1.C_1.Y|1.C,mid,True,False,True,False,False,False,1
boltz2|8k4c__1__1.B__1.G|1.G,high,False,False,True,False,False,False,1
boltz2|8k5y__1__1.A__1.H|1.H,mid,True,True,True,False,False,False,1
boltz2|8k9y__1__1.A__1.C_1.E|1.C,high,False,False,True,False,False,False,0
boltz2|8ke1__1__2.A__2.B_2.C_2.D_2.E|2.B,high,False,False,True,False,False,False,0
boltz2|8ke1__1__2.A__2.B_2.C_2.D_2.E|2.C,high,True,False,True,False,False,False,1
boltz2|8ke2__1__2.A__2.B_2.C_2.D_2.E|2.D,high,False,False,True,False,False,False,0
boltz2|8ke4__1__2.A__2.B_2.C_2.D_2.E|2.B,high,False,False,True,False,False,False,0
boltz2|8oku__1__1.A_1.B__1.C|1.C,mid,True,True,True,True,False,False,0
boltz2|8ome__1__1.A_1.D__1.E|1.E,low,True,True,True,False,True,True,1
boltz2|8oo2__1__1.A_1.B__1.C_1.D|1.C,mid,True,True,True,False,False,False,1
boltz2|8ooj__1__1.B__1.H|1.H,high,True,False,True,False,False,False,0
boltz2|8oov__1__1.A_1.B__1.D|1.D,high,False,False,True,False,False,False,0
boltz2|8oq2__1__1.B__1.H_1.I|1.H,high,False,False,True,True,False,False,0
boltz2|8orc__1__1.B__1.J|1.J,mid,True,False,True,True,False,False,1
boltz2|8otv__1__1.A_1.B__1.F|1.F,mid,True,True,True,True,False,False,1
boltz2|8ou2__1__1.A__1.C|1.C,mid,True,False,True,True,False,False,0
boltz2|8ou3__1__1.A_1.C__1.E|1.E,high,False,False,True,False,False,False,0
boltz2|8ouk__1__1.A__1.B_1.C|1.B,high,False,True,True,True,False,False,0
boltz2|8oum__1__1.A__1.F_1.G|1.F,high,False,False,True,True,False,False,0
boltz2|8oun__1__1.A__1.C_1.D|1.C,high,False,True,True,True,False,False,0
boltz2|8ouu__1__1.A__1.F|1.F,mid,True,True,True,False,False,False,1
boltz2|8ov7__1__1.A__1.B|1.B,mid,True,True,True,False,False,False,1
boltz2|8ovr__1__1.A__1.B|1.B,low,True,True,True,False,True,True,1
boltz2|8ovs__1__1.A__1.C_1.F_1.I_1.Q_1.T|1.C,mid,False,True,True,True,False,False,0
boltz2|8ozv__1__1.A_2.A__1.B_1.C|1.C,mid,True,True,True,False,False,False,0
boltz2|8p0e__1__1.A__1.C|1.C,high,False,True,True,True,False,False,0
boltz2|8p0m__1__1.C__1.L|1.L,mid,True,True,True,True,False,False,0
boltz2|8p0o__1__1.A__1.H_1.P|1.P,mid,False,True,True,False,False,False,1
boltz2|8p0p__1__1.A__1.C|1.C,mid,False,True,True,False,False,False,1
boltz2|8p1e__1__1.D_1.E__1.P|1.P,mid,True,True,True,True,False,False,1
boltz2|8p1p__1__1.A__1.E|1.E,low,True,True,True,True,True,True,1
boltz2|8p41__1__1.A__1.K_1.L|1.K,mid,True,True,True,True,False,False,1
boltz2|8p41__1__1.A__1.K_1.L|1.L,mid,True,True,True,True,False,False,1
boltz2|8p44__1__1.A_1.B__1.E|1.E,mid,True,True,True,False,False,False,1
boltz2|8p4z__1__1.A__1.C|1.C,mid,True,False,True,False,False,False,0
boltz2|8p5c__1__1.A_1.B__1.C|1.C,high,True,False,True,True,False,False,1
boltz2|8paf__1__1.A_1.B__1.C|1.C,high,True,False,True,False,False,False,0
boltz2|8pbo__1__1.A__1.C|1.C,mid,True,False,True,True,False,False,0
boltz2|8pfl__1__1.A__1.C|1.C,low,True,True,True,True,True,True,1
boltz2|8ph4__1__1.A_1.B__1.D_1.F|1.D,mid,True,True,True,True,False,False,1
boltz2|8pj0__1__1.A_1.B__1.V|1.V,mid,True,True,True,True,False,False,0
boltz2|8pj7__1__1.A__1.B|1.B,mid,True,False,True,False,False,False,0
boltz2|8pji__1__1.A__1.E|1.E,mid,True,False,True,False,False,False,0
boltz2|8pp0__1__1.A__1.C|1.C,mid,True,False,True,True,False,False,1
boltz2|8pp8__1__1.A__1.D|1.D,high,False,False,True,True,False,False,0
boltz2|8pp9__1__1.A__1.C_1.D_1.H|1.C,high,False,False,True,True,False,False,0
boltz2|8pp9__1__1.A__1.C_1.D_1.H|1.D,high,False,False,True,True,False,False,0
boltz2|8ppf__1__1.A__1.D|1.D,high,True,False,True,True,False,False,0
boltz2|8ppg__1__1.A__1.F_1.G_1.H_1.I|1.F,high,False,False,True,True,False,False,0
boltz2|8pq9__1__1.A__1.C|1.C,mid,True,True,True,False,False,False,1
boltz2|8pqa__1__1.A__1.C|1.C,mid,True,True,True,False,False,False,1
boltz2|8pqf__1__1.A__1.C|1.C,mid,True,False,True,False,False,False,1
boltz2|8pqq__1__1.B_1.D__1.J|1.J,mid,False,True,True,True,False,False,0
boltz2|8pqr__1__1.A_1.B_1.C__1.E|1.E,mid,False,True,True,True,False,False,1
boltz2|8prx__1__1.D__1.IA_1.JA_1.KA|1.IA,mid,True,False,True,False,False,False,1
boltz2|8px2__1__1.A__1.B|1.B,high,True,False,True,False,False,False,0
boltz2|8pyn__1__1.A__1.B|1.B,high,True,False,True,False,False,False,0
boltz2|8q0t__1__1.A__1.C|1.C,mid,True,True,True,False,False,False,1
boltz2|8q0u__1__1.A__1.D|1.D,mid,True,True,True,False,False,False,1
boltz2|8q17__1__1.A__1.F|1.F,mid,True,True,True,False,False,False,1
boltz2|8q18__1__1.A__1.E_1.F_1.G|1.F,mid,True,False,True,False,False,False,0
boltz2|8q1m__1__1.A_1.B__1.G|1.G,mid,True,False,True,True,False,False,1
boltz2|8q34__1__1.A__1.F|1.F,mid,True,False,True,True,False,False,0
boltz2|8q5v__1__1.A_1.B__1.P_1.Q|1.P,high,False,False,True,True,False,False,0
boltz2|8q5x__1__1.A_1.C__1.E_1.F|1.E,high,False,False,True,True,False,False,1
boltz2|8q9v__1__2.A__2.C_2.D_2.E|2.C,mid,True,False,True,True,False,False,1
boltz2|8qc4__1__1.A__1.C|1.C,high,True,False,True,False,False,False,0
boltz2|8qc5__1__1.B__1.E_1.F|1.E,mid,False,True,True,False,False,False,0
boltz2|8qdy__1__1.A_2.A__1.B|1.B,mid,True,False,True,True,False,False,1
boltz2|8qdz__1__1.A_2.A__2.B|2.B,mid,True,False,True,True,False,False,1
boltz2|8qe0__1__1.A_2.A__2.B|2.B,mid,True,False,True,True,False,False,1
boltz2|8qe1__1__1.A_2.A__1.B|1.B,mid,True,False,True,True,False,False,0
boltz2|8qe3__1__1.A_2.A__1.B|1.B,mid,True,False,True,True,False,False,1
boltz2|8qel__1__1.B__1.C|1.C,mid,True,True,True,False,False,False,0
boltz2|8qg1__1__1.D__1.S_1.T|1.S,high,False,False,True,True,False,False,0
boltz2|8qg1__1__1.D__1.S_1.T|1.T,high,False,False,True,True,False,False,1
boltz2|8qhq__1__1.A_1.B__1.G|1.G,mid,False,True,True,False,False,False,0
boltz2|8qic__1__1.B__1.F_1.J|1.F,mid,True,False,True,True,False,False,1
boltz2|8qk2__1__1.A__1.D|1.D,mid,True,False,True,True,False,False,0
boltz2|8qkb__1__1.D__1.CA_1.HA|1.CA,high,False,False,True,False,False,False,0
boltz2|8qlr__1__1.B__1.F|1.F,high,True,False,True,False,False,False,0
boltz2|8qmx__1__1.A__1.C_1.D_1.F|1.F,high,True,True,True,True,False,False,1
boltz2|8qmy__1__1.A__1.D_1.E|1.D,high,False,True,True,True,False,False,0
boltz2|8qnh__1__1.A__1.B|1.B,low,True,True,True,False,True,True,1
boltz2|8qpn__1__1.A__1.B_1.I|1.I,high,True,False,True,False,False,False,0
boltz2|8qq4__1__1.A__1.B_1.I|1.I,high,True,False,True,False,False,False,0
boltz2|8qqy__1__1.A__1.B|1.B,mid,True,False,True,False,False,False,0
boltz2|8qtg__1__1.A__1.B|1.B,low,True,True,True,True,True,True,1
boltz2|8qth__1__1.A__1.B|1.B,low,True,True,True,True,True,True,1
boltz2|8qtj__1__1.A__1.E|1.E,low,True,True,True,True,True,True,1
boltz2|8qtl__1__1.A_1.B__1.G|1.G,mid,True,True,True,True,False,False,0
boltz2|8qtt__1__1.C__1.D_1.V|1.D,mid,True,False,True,False,False,False,1
boltz2|8qve__1__1.A__1.B_1.D|1.B,high,False,True,True,True,False,False,0
boltz2|8qyg__1__1.A_1.B__1.C_1.L|1.C,high,False,True,True,True,False,False,0
boltz2|8qyq__1__1.A__1.H|1.H,mid,True,True,True,False,False,False,1
boltz2|8qyu__1__1.A__1.K_1.L|1.L,high,True,True,True,False,False,False,1
boltz2|8qyw__1__1.A_2.A__1.C_1.E|1.C,high,False,False,True,True,False,False,0
boltz2|8r0i__1__1.A_2.A__1.D|1.D,mid,True,True,True,True,False,False,0
boltz2|8r11__1__1.A_1.B__1.C|1.C,mid,True,False,True,True,False,False,0
boltz2|8r12__1__1.A_1.B__1.C|1.C,mid,True,False,True,True,False,False,0
boltz2|8r1n__1__1.A__1.C|1.C,mid,True,True,True,True,False,False,1
boltz2|8r1p__1__1.A_1.B__1.C|1.C,mid,True,True,True,True,False,False,0
boltz2|8r3d__1__1.B_1.E__1.J|1.J,high,False,False,True,True,False,False,0
boltz2|8r41__1__1.A__1.E_1.F_1.G|1.E,mid,True,True,True,True,False,False,0
boltz2|8r42__1__1.B__1.Q|1.Q,mid,True,False,True,True,False,False,0
boltz2|8r4o__1__1.A__1.M|1.M,mid,True,False,True,True,False,False,1
boltz2|8r4q__1__1.A__1.M_1.N|1.M,high,True,True,True,True,False,False,0
boltz2|8r99__1__1.A__1.B_1.C|1.B,high,False,True,True,True,False,False,1
boltz2|8rb6__1__1.A__1.C_1.D|1.C,high,False,False,True,True,False,False,0
boltz2|8rb6__1__1.A__1.C_1.D|1.D,mid,True,False,True,True,False,False,1
boltz2|8rkq__1__1.A__1.E|1.E,low,True,True,True,True,True,True,1
boltz2|8s8x__1__1.A__1.C_1.E_1.F_1.I|1.I,high,False,False,True,True,False,False,1
boltz2|8se5__1__1.A_1.B__1.H|1.H,low,True,True,True,False,True,True,0
boltz2|8se6__1__1.A_1.B__1.F|1.F,low,True,True,True,False,True,True,1
boltz2|8sft__1__1.A__1.E_1.F|1.E,mid,False,True,True,True,False,False,0
boltz2|8sft__1__1.A__1.E_1.F|1.F,low,True,True,True,True,True,True,1
boltz2|8sge__1__1.A__1.H|1.H,mid,True,False,True,True,False,False,1
boltz2|8sip__1__1.A_1.B__1.C|1.C,mid,True,True,True,True,False,False,1
boltz2|8six__1__1.A__1.B|1.B,mid,True,False,True,False,False,False,0
boltz2|8sk0__1__1.B__1.G_1.H|1.H,high,False,False,True,False,False,False,0
boltz2|8skn__1__1.A__1.C|1.C,low,True,True,True,False,True,True,1
boltz2|8su1__1__1.A__1.C_1.D_1.E_1.F|1.F,high,False,False,True,False,False,False,0
boltz2|8sv9__1__1.A__1.C|1.C,mid,True,True,True,True,False,False,0
boltz2|8svl__1__1.A__1.B_1.C_1.G|1.C,high,True,False,True,True,False,False,0
boltz2|8swe__1__1.A__1.E|1.E,mid,True,False,True,True,False,False,0
boltz2|8swr__1__1.A_1.B__1.I|1.I,high,True,False,True,False,False,False,0
boltz2|8swt__1__1.A_2.A__1.C_1.D|1.C,high,False,False,True,False,False,False,0
boltz2|8swu__1__1.A_1.B__1.D_1.E|1.D,high,False,False,True,False,False,False,0
boltz2|8sx2__1__1.A__1.C|1.C,high,True,True,True,False,False,False,0
boltz2|8sz3__1__1.A_2.B__1.G|1.G,mid,True,True,True,False,False,False,1
boltz2|8sze__1__1.A__1.C|1.C,high,True,False,True,False,False,False,0
boltz2|8szq__1__1.A__1.B_1.C|1.B,high,False,True,True,False,False,False,1
boltz2|8t1q__1__1.A__1.B_1.F_1.G|1.B,mid,True,True,True,False,False,False,0
boltz2|8t1y__1__1.A__1.B|1.B,high,True,True,True,False,False,False,0
boltz2|8t2h__1__1.A__1.C_1.D_1.E|1.C,mid,True,False,True,True,False,False,0
boltz2|8t5n__1__1.A__1.B_1.M|1.M,high,False,False,True,False,False,False,0
boltz2|8t8v__1__1.A__1.B_1.C_1.E_1.F|1.B,mid,False,True,True,False,False,False,0
boltz2|8tc8__1__1.A__1.E_1.H_1.L|1.E,high,False,False,True,True,False,False,0
boltz2|8tce__1__1.A__1.C|1.C,mid,True,False,True,True,False,False,0
boltz2|8tqv__1__1.A__1.C|1.C,mid,True,True,True,True,False,False,1
boltz2|8tti__1__1.A__1.E|1.E,high,False,False,True,False,False,False,0
boltz2|8typ__1__1.A__1.C|1.C,mid,True,True,True,False,False,False,0
boltz2|8u0n__1__1.B__1.E_1.F|1.E,mid,True,True,True,True,False,False,0
boltz2|8u0n__1__1.B__1.E_1.F|1.F,high,False,True,True,True,False,False,0
boltz2|8u2r__1__1.A__1.C|1.C,high,False,False,True,False,False,False,0
boltz2|8u37__1__1.A__1.B|1.B,mid,True,True,True,True,False,False,0
boltz2|8u4w__1__1.A__1.E|1.E,mid,True,False,True,True,False,False,0
boltz2|8u7x__1__1.A__1.C|1.C,high,True,False,True,True,False,False,0
boltz2|8u8k__1__1.A__1.B|1.B,mid,True,False,True,True,False,False,0
boltz2|8u97__1__1.A__1.B|1.B,high,False,True,True,False,False,False,0
boltz2|8uak__1__1.A__1.B|1.B,mid,True,True,True,True,False,False,0
boltz2|8ufp__1__1.A_1.B__1.K|1.K,high,True,False,True,True,False,False,1
boltz2|8ug1__1__1.B__1.H|1.H,mid,True,False,True,False,False,False,1
boltz2|8ug3__1__1.A_1.B__1.C|1.C,mid,True,False,True,False,False,False,0
boltz2|8uk6__1__1.A__1.C|1.C,low,True,True,True,True,True,True,1
boltz2|8un3__1__1.A__1.E_1.F_1.H|1.E,mid,True,False,True,False,False,False,0
boltz2|8un3__1__1.A__1.E_1.F_1.H|1.F,high,False,False,True,False,False,False,0
boltz2|8ur9__1__1.A_1.B__1.C|1.C,high,True,False,True,True,False,False,0
boltz2|8usm__1__1.A__1.C|1.C,high,True,False,True,True,False,False,0
boltz2|8ux7__1__1.B__1.I|1.I,high,False,False,True,False,False,False,0
boltz2|8v2t__1__1.A_3.A_4.A__3.C_4.B|4.B,mid,True,False,True,False,False,False,0
boltz2|8v8e__1__1.A__1.D|1.D,mid,True,False,True,True,False,False,0
boltz2|8v8m__1__1.A__1.F_1.G|1.F,low,True,True,True,True,True,True,1
boltz2|8v8m__1__1.A__1.F_1.G|1.G,low,True,True,True,True,True,True,1
boltz2|8vdw__1__1.A__1.C_1.D_1.E_1.F|1.F,high,True,True,True,True,False,False,0
boltz2|8vh9__1__1.A_1.B__1.C_1.F|1.F,high,False,False,True,True,False,False,0
boltz2|8vw1__1__1.A__1.B_1.C|1.B,high,False,False,True,True,False,False,0
boltz2|8w4s__1__1.A__1.D|1.D,mid,True,False,True,False,False,False,1
boltz2|8wd4__1__1.A__1.B|1.B,high,True,False,True,False,False,False,0
boltz2|8wdx__1__1.A__1.B|1.B,high,True,False,True,False,False,False,0
boltz2|8wjy__1__1.A__1.B|1.B,mid,True,True,True,False,False,False,0
boltz2|8wmy__1__1.A__1.C_1.D_1.E|1.C,mid,False,True,True,False,False,False,1
boltz2|8wnj__1__1.A__1.F|1.F,high,False,True,True,True,False,False,0
boltz2|8wo2__1__1.A__1.D|1.D,high,False,True,True,True,False,False,0
boltz2|8wr2__1__1.A__1.E_1.F|1.F,mid,True,False,True,True,False,False,1
boltz2|8wrj__1__1.A__1.B|1.B,mid,True,True,True,True,False,False,1
boltz2|8wsm__1__1.A__1.B_1.C|1.C,high,False,True,True,False,False,False,0
boltz2|8wsm__1__1.A__1.D|1.D,low,True,True,True,False,True,True,1
boltz2|8wsw__1__1.A__1.E|1.E,mid,True,True,True,False,False,False,0
boltz2|8wwo__1__1.A_2.D__2.K_2.L|2.K,high,False,True,True,True,False,False,0
boltz2|8wzq__1__1.A__1.C|1.C,high,True,False,True,True,False,False,0
boltz2|8x1a__1__1.A__1.B|1.B,high,False,False,True,True,False,False,0
boltz2|8x6r__1__1.A__1.G_1.H_1.I|1.G,high,False,False,True,True,False,False,0
boltz2|8xhd__1__1.A_1.B__1.C|1.C,mid,False,True,True,True,False,False,1
boltz2|8xkf__1__1.A_1.C__1.M_1.S|1.S,high,True,False,True,True,False,False,0
boltz2|8yhw__1__1.A__1.E_1.F|1.E,high,False,False,True,True,False,False,0
boltz2|9eun__1__1.A__1.E|1.E,high,True,False,True,True,False,False,1
boltz2|9f40__1__1.A__1.Q|1.Q,mid,True,True,True,True,False,False,0
chai|5s9l__1__1.A__1.H_1.I|1.H,high,True,False,False,False,False,False,0
chai|5s9y__1__1.A__1.K|1.K,low,True,True,False,False,True,False,1
chai|5s9z__1__1.A_1.B__1.R|1.R,mid,True,False,False,False,False,False,1
chai|5sb2__1__1.A__1.G|1.G,mid,True,True,False,False,False,False,0
chai|5scm__1__1.A__1.F_1.G_1.H_1.I|1.I,high,False,False,False,False,False,False,0
chai|5scn__1__1.A__1.B_1.C|1.C,high,False,False,False,False,False,False,0
chai|5se0__1__1.A__1.G|1.G,mid,True,True,False,False,False,False,1
chai|5sea__1__1.A__1.G|1.G,mid,True,True,False,False,False,False,1
chai|5see__1__1.A__1.E|1.E,mid,True,True,False,False,False,False,1
chai|5sf4__1__1.A__1.G|1.G,mid,True,True,False,False,False,False,1
chai|5sf7__1__1.A__1.G|1.G,mid,True,True,False,False,False,False,0
chai|5sfg__1__1.A__1.G|1.G,mid,True,True,False,False,False,False,1
chai|5sg5__1__1.A__1.G|1.G,mid,True,True,False,False,False,False,1
chai|5sgz__1__1.A__1.G|1.G,mid,True,True,False,False,False,False,0
chai|5shc__1__1.A__1.G|1.G,mid,True,True,False,False,False,False,0
chai|5shg__1__1.A__1.G|1.G,mid,True,True,False,False,False,False,0
chai|5shw__1__1.A__1.G|1.G,mid,True,True,False,False,False,False,1
chai|5si5__1__1.A__1.G|1.G,mid,True,True,False,False,False,False,1
chai|5si8__1__1.A__1.G|1.G,mid,True,True,False,False,False,False,0
chai|5si9__1__1.A__1.G|1.G,mid,True,True,False,False,False,False,0
chai|5sig__1__1.A__1.G|1.G,mid,True,True,False,False,False,False,1
chai|5siq__1__1.A__1.H|1.H,mid,True,True,False,False,False,False,1
chai|5siy__1__1.A__1.G|1.G,mid,True,False,False,False,False,False,0
chai|5sk9__1__1.A__1.G|1.G,mid,True,True,False,False,False,False,0
chai|5sko__1__1.A__1.G|1.G,mid,True,True,False,False,False,False,0
chai|5skr__1__1.A__1.G|1.G,mid,True,False,False,False,False,False,0
chai|5umb__1__1.A__1.E_1.F_1.G|1.G,high,False,False,False,False,False,False,0
chai|6x4j__1__1.A_2.A__2.B_2.C_2.D_2.E|2.C,high,False,False,False,False,False,False,0
chai|6x4k__1__1.A_2.A__1.B_1.C_1.D_1.E|1.C,high,False,False,False,False,False,False,0
chai|6x4l__1__1.A_2.A__2.B_2.C_2.D_2.E|2.C,high,False,False,False,False,False,False,0
chai|6zfz__1__1.A__1.B|1.B,mid,True,True,False,False,False,False,1
chai|6zg9__1__1.A__1.B|1.B,mid,True,True,False,False,False,False,0
chai|7afz__1__2.A__2.B_2.C_2.D|2.D,mid,True,True,False,False,False,False,0
chai|7an8__1__1.B__1.E|1.E,mid,True,True,False,False,False,False,0
chai|7aya__1__1.A__1.H_1.N_1.U|1.U,high,True,False,False,False,False,False,0
chai|7b3p__1__1.A__1.G|1.G,mid,True,False,False,False,False,False,0
chai|7bbn__1__1.B__1.E_1.F|1.E,high,False,False,False,False,False,False,0
chai|7bia__1__1.A_1.B__1.D_1.E|1.D,high,False,False,False,False,False,False,0
chai|7bk9__1__1.A_2.A__2.F|2.F,mid,True,False,False,False,False,False,1
chai|7bm3__1__1.A__1.M_1.P|1.P,mid,True,False,False,False,False,False,1
chai|7bn6__1__1.A__1.C_1.D|1.D,high,False,False,False,False,False,False,0
chai|7bn7__1__1.A__1.E_1.F|1.E,high,False,False,False,False,False,False,0
chai|7bo0__1__1.A__1.C_1.D|1.D,high,False,False,False,False,False,False,0
chai|7dbj__1__1.A__1.E_1.F|1.E,high,False,False,False,False,False,False,0
chai|7dbj__1__1.A__1.E_1.F|1.F,high,False,False,False,False,False,False,0
chai|7di7__1__1.A__1.D|1.D,low,True,True,False,False,True,False,1
chai|7dia__1__1.A__1.D_1.E_1.G|1.E,low,True,True,False,False,True,False,1
chai|7dij__1__1.A__1.F_1.J|1.J,low,True,True,False,False,True,False,0
chai|7dji__1__1.D_1.E__1.L|1.L,mid,True,True,False,False,False,False,1
chai|7dn8__1__1.B__1.I_1.J|1.J,high,False,False,False,False,False,False,0
chai|7dpk__1__1.A_1.B__1.C_1.D|1.C,high,True,False,False,False,False,False,1
chai|7du9__1__1.A_1.B__1.D|1.D,high,True,False,False,False,False,False,0
chai|7dw7__1__1.A__1.B_1.JB_1.KB_1.LB|1.B,high,False,False,False,False,False,False,0
chai|7dxl__1__1.A__1.C|1.C,mid,True,False,False,False,False,False,0
chai|7dyw__1__1.A__1.B_1.C|1.B,mid,True,False,False,False,False,False,0
chai|7e1n__1__1.A_1.B__1.D|1.D,low,True,True,False,False,True,False,1
chai|7e3n__1__1.A_2.A__1.B_1.C_1.D|1.B,high,False,False,False,False,False,False,0
chai|7e48__1__1.C__1.J_1.K|1.J,high,False,False,False,False,False,False,1
chai|7eba__1__1.A__1.C|1.C,mid,True,True,False,False,False,False,1
chai|7edz__1__1.A_2.A__1.E_1.G_1.I|1.E,mid,False,True,False,False,False,False,0
chai|7eer__1__2.A__2.E_2.F|2.E,high,False,False,False,False,False,False,1
chai|7ef7__1__1.A__1.B_1.C|1.C,mid,True,True,False,False,False,False,0
chai|7eji__1__1.D__1.V_1.W|1.W,mid,True,True,False,False,False,False,1
chai|7ejv__1__1.B__1.D|1.D,mid,True,True,False,False,False,False,0
chai|7ejw__1__1.A_1.B__1.I_1.J|1.I,high,False,False,False,False,False,False,0
chai|7ekr__1__1.A__1.C|1.C,high,True,False,False,False,False,False,0
chai|7en5__1__1.A_3.A_4.A__3.B|3.B,mid,False,True,False,False,False,False,1
chai|7ene__1__1.A_1.B__1.E|1.E,mid,True,False,False,False,False,False,1
chai|7ens__1__2.A__2.B_2.C_2.D|2.D,high,True,False,False,False,False,False,0
chai|7erb__1__1.A__1.E_1.F|1.E,high,False,False,False,False,False,False,0
chai|7ere__1__1.A_1.B__1.G_1.I|1.G,mid,True,True,False,False,False,False,1
chai|7es1__1__1.A__1.C|1.C,mid,True,True,False,False,False,False,0
chai|7ev2__1__2.A__2.B_2.C_2.D|2.B,high,False,False,False,False,False,False,0
chai|7ev3__1__2.A__2.B_2.C_2.D|2.B,high,False,False,False,False,False,False,0
chai|7evu__1__1.B__1.E_1.F|1.F,mid,True,False,False,False,False,False,0
chai|7evv__1__1.A__1.B_1.C|1.C,high,False,False,False,False,False,False,1
chai|7exp__1__1.B__1.H_1.I|1.H,high,False,False,False,False,False,False,0
chai|7eyt__1__1.A_1.C__1.E_1.F_1.G|1.F,mid,True,True,False,False,False,False,1
chai|7eyu__1__1.A_1.B__1.C_1.D_1.E|1.D,mid,True,True,False,False,False,False,1
chai|7ezq__1__2.A__2.B_2.C|2.B,high,True,False,False,False,False,False,0
chai|7f21__1__1.A__1.C_1.D|1.C,high,False,False,False,False,False,False,0
chai|7f35__1__1.A_1.B__1.G|1.G,mid,True,False,False,False,False,False,1
chai|7f42__1__1.B__1.C|1.C,mid,True,False,False,False,False,False,0
chai|7f50__1__1.A__1.B_1.C_1.E|1.E,high,False,False,False,False,False,False,0
chai|7f6j__1__1.A__1.D_1.E|1.E,high,False,False,False,False,False,False,0
chai|7f6w__1__2.A__2.B|2.B,high,False,False,False,False,False,False,0
chai|7f7m__1__1.A__1.C_1.D|1.C,mid,True,False,False,False,False,False,1
chai|7f83__1__1.B__1.J|1.J,low,True,True,False,False,True,False,1
chai|7f8t__1__1.A__1.L_1.M|1.M,high,False,False,False,False,False,False,1
chai|7f99__1__1.B__1.L_1.O|1.O,high,False,False,False,False,False,False,0
chai|7f9a__1__1.A__1.C_1.O|1.O,high,False,False,False,False,False,False,0
chai|7f9b__1__1.A__1.C_1.I|1.I,high,False,False,False,False,False,False,0
chai|7fak__1__1.A__1.B|1.B,mid,True,False,True,False,False,False,1
chai|7fan__1__1.A__1.B_1.C|1.B,mid,True,False,False,False,False,False,1
chai|7fan__1__1.A__1.B_1.C|1.C,high,False,False,False,False,False,False,1
chai|7far__1__1.A__1.B_1.C_1.D|1.D,mid,True,True,False,False,False,False,1
chai|7fee__1__1.A__1.D|1.D,high,True,False,False,False,False,False,0
chai|7fee__1__1.A__1.E|1.E,low,True,True,False,False,True,False,1
chai|7fgm__1__1.A__1.C_1.D_1.E|1.C,high,False,False,False,False,False,False,0
chai|7fgw__1__1.A__1.E_1.F_1.G|1.E,high,False,False,False,False,False,False,0
chai|7fha__1__1.A__1.C|1.C,high,False,False,False,False,False,False,0
chai|7fhb__1__1.A__1.B|1.B,high,False,False,False,False,False,False,0
chai|7ftr__1__1.A__1.C_1.D_1.E_1.G|1.G,mid,True,False,True,True,False,False,1
chai|7ftu__1__1.A__1.C_1.D_1.E_1.G|1.G,mid,True,True,True,True,False,False,1
chai|7ftz__1__1.A__1.D|1.D,mid,True,True,True,True,False,False,1
chai|7fu7__1__1.A__1.C|1.C,mid,True,True,True,True,False,False,1
chai|7fu8__1__1.A__1.C|1.C,mid,True,True,True,True,False,False,1
chai|7fuc__1__1.A__1.C|1.C,mid,True,True,True,True,False,False,1
chai|7fuf__1__1.A__1.C|1.C,mid,True,True,True,True,False,False,1
chai|7fum__1__1.A__1.C|1.C,mid,True,True,True,True,False,False,1
chai|7fur__1__1.A__1.C_1.D_1.E_1.F|1.E,high,False,False,True,True,False,False,1
chai|7fur__1__1.A__1.C_1.D_1.E_1.F|1.F,mid,True,False,True,True,False,False,1
chai|7fwi__1__1.A__1.D|1.D,mid,True,False,True,False,False,False,0
chai|7fy8__1__1.A__1.I_1.J|1.I,mid,True,False,True,False,False,False,0
chai|7fyr__1__1.A__1.B|1.B,mid,True,True,True,False,False,False,1
chai|7fz3__1__1.A__1.B|1.B,mid,True,False,True,False,False,False,0
chai|7fzc__1__1.A__1.B|1.B,mid,True,False,True,False,False,False,0
chai|7g00__1__1.A__1.Q|1.Q,mid,True,False,True,False,False,False,1
chai|7g0g__1__1.A__1.B|1.B,mid,True,True,True,False,False,False,1
chai|7g1j__1__1.A__1.B|1.B,mid,True,False,True,False,False,False,0
chai|7g20__1__1.A__1.B|1.B,mid,True,True,True,False,False,False,0
chai|7ge9__1__1.A_2.A__1.E|1.E,high,True,False,True,False,False,False,0
chai|7gis__1__1.A_1.B__1.E_1.F|1.F,high,True,False,True,False,False,False,1
chai|7jni__1__1.A__1.C|1.C,low,True,True,False,False,True,False,0
chai|7kh4__1__1.A_1.F__1.G_1.W|1.G,high,False,False,False,False,False,False,0
chai|7l00__1__1.B__1.J_1.K_1.L|1.K,mid,True,False,False,False,False,False,1
chai|7l3m__1__1.A__1.B_1.D_1.E_1.F_1.G|1.E,high,False,False,False,False,False,False,0
chai|7lbv__1__1.A__1.B|1.B,high,True,False,False,False,False,False,0
chai|7ldy__1__1.A_1.B__1.H|1.H,high,False,False,False,False,False,False,0
chai|7le5__1__1.A_1.B__1.H|1.H,high,False,False,False,False,False,False,0
chai|7lff__1__1.A__1.C_1.D|1.C,high,False,False,False,False,False,False,0
chai|7lgx__1__2.B__2.F_2.H|2.F,high,True,False,False,False,False,False,0
chai|7lgx__1__2.B__2.F_2.H|2.H,high,False,False,False,False,False,False,0
chai|7lov__1__1.A__1.C_1.D_1.H|1.D,high,False,False,False,False,False,False,0
chai|7lpw__1__1.A_1.B__1.G|1.G,mid,True,True,False,False,False,False,1
chai|7lr9__1__1.A__1.C|1.C,high,True,False,False,False,False,False,1
chai|7ltx__1__1.A__1.E_1.F_1.G|1.E,high,False,False,False,False,False,False,0
chai|7ly6__1__1.A_2.A__1.B_1.C_1.D|1.B,low,True,True,False,False,True,False,1
chai|7ly6__1__1.A_2.A__1.B_1.C_1.D|1.C,mid,False,True,False,False,False,False,0
chai|7m9g__1__1.A_1.B__1.E|1.E,high,False,False,False,False,False,False,0
chai|7m9h__1__1.A_1.B__1.E|1.E,high,False,False,False,False,False,False,0
chai|7m9r__1__1.A_1.B__1.C|1.C,high,False,False,False,False,False,False,0
chai|7ma0__1__1.A_1.B__1.I|1.I,high,False,False,False,False,False,False,0
chai|7ma1__1__1.A_1.B__1.M|1.M,high,False,False,False,False,False,False,0
chai|7ma3__1__1.A_1.B__1.E|1.E,high,False,False,False,False,False,False,0
chai|7ma4__1__1.A_1.B__1.D|1.D,high,False,False,False,False,False,False,0
chai|7ma5__1__1.A_1.B__1.G|1.G,high,False,False,False,False,False,False,0
chai|7ma7__1__1.A_1.B__1.E|1.E,high,False,False,False,False,False,False,0
chai|7ma8__1__1.A_1.B__1.E|1.E,high,False,False,False,False,False,False,0
chai|7maq__1__1.A_1.B__1.C|1.C,high,False,False,False,False,False,False,0
chai|7mjd__1__1.B__1.S|1.S,mid,True,False,False,False,False,False,1
chai|7mmr__1__1.A_1.E__1.BA_1.CA_1.K|1.BA,high,False,False,False,False,False,False,0
chai|7mt4__1__2.A_2.B__2.C|2.C,high,False,False,False,False,False,False,0
chai|7mwn__1__1.A_1.B__1.C|1.C,mid,True,False,False,False,False,False,1
chai|7mwt__1__1.A__1.B_1.C|1.B,high,False,False,False,False,False,False,0
chai|7mwu__1__1.A__1.B_1.C|1.B,high,False,False,False,False,False,False,0
chai|7mwv__1__1.A__1.B_1.C|1.B,high,False,False,False,False,False,False,0
chai|7myd__1__1.A__1.C_1.G|1.C,high,False,False,False,False,False,False,0
chai|7n4z__1__1.A__1.F|1.F,mid,True,True,False,False,False,False,1
chai|7n53__1__1.A__1.D|1.D,mid,True,True,False,False,False,False,1
chai|7n54__1__1.B__1.H|1.H,mid,True,False,False,False,False,False,1
chai|7nag__1__1.A__1.C|1.C,mid,True,True,False,False,False,False,1
chai|7nah__1__1.A__1.C|1.C,mid,True,True,False,False,False,False,1
chai|7nai__1__1.A__1.C|1.C,mid,True,True,False,False,False,False,1
chai|7ng1__1__2.A__2.C_2.D|2.C,mid,True,True,False,False,False,False,1
chai|7ngs__1__1.A__1.B|1.B,high,False,False,False,False,False,False,1
chai|7ngy__1__2.A__2.B|2.B,high,False,False,False,False,False,False,1
chai|7nlv__1__1.A_1.C__1.G|1.G,high,True,False,False,False,False,False,0
chai|7nsn__1__1.A__1.J|1.J,low,True,True,False,False,True,False,1
chai|7nwc__1__1.A_1.B__1.G|1.G,mid,True,False,False,False,False,False,1
chai|7nya__1__1.A_1.B__1.F|1.F,mid,True,True,False,False,False,False,1
chai|7nzy__1__1.A__1.E|1.E,mid,True,True,False,False,False,False,0
chai|7o46__1__1.A_2.A__1.B|1.B,mid,True,False,False,False,False,False,0
chai|7o6x__1__1.A__1.E|1.E,high,True,False,False,False,False,False,0
chai|7oa4__1__1.A__1.E_1.F_1.H_1.I|1.E,mid,True,True,False,False,False,False,0
chai|7ocs__1__1.D__1.BB|1.BB,mid,False,True,False,False,False,False,1
chai|7oj6__1__1.A_1.C__1.Y|1.Y,mid,True,False,False,False,False,False,1
chai|7ojw__1__1.A_1.C__1.F|1.F,mid,True,False,False,False,False,False,1
chai|7ojy__1__1.A_1.B__1.D|1.D,mid,True,False,False,False,False,False,1
chai|7ok1__1__1.A_1.B__1.D|1.D,mid,True,False,False,False,False,False,1
chai|7oll__1__1.A_2.A__2.B_2.C_2.D|2.C,high,True,False,False,False,False,False,0
chai|7olr__1__1.A_2.A__2.B_2.C_2.D|2.C,high,False,False,False,False,False,False,0
chai|7ome__1__1.A__1.B|1.B,mid,True,True,False,False,False,False,1
chai|7osq__1__1.A__1.B_1.C|1.B,high,False,False,False,False,False,False,0
chai|7p1e__1__1.A__1.C_1.G|1.C,low,False,True,False,False,False,False,1
chai|7p1u__1__1.A__1.C_1.D|1.C,high,False,False,False,False,False,False,0
chai|7p2t__1__1.A__1.E_1.H|1.H,mid,True,False,False,False,False,False,1
chai|7p4o__1__1.A__1.C_1.F|1.F,mid,True,True,False,False,False,False,1
chai|7p50__1__1.A_1.B__1.D_1.E_1.F|1.F,high,False,False,False,False,False,False,0
chai|7p5n__1__1.A__1.C|1.C,high,True,False,False,False,False,False,1
chai|7pcm__1__1.A_1.B__1.F_1.I_1.J_1.K|1.F,mid,True,True,False,False,False,False,0
chai|7pco__1__1.A_1.B__1.F_1.H_1.I_1.J|1.F,mid,True,True,False,False,False,False,0
chai|7pd6__1__1.A_1.B__1.K|1.K,mid,True,True,False,False,False,False,1
chai|7pdt__1__1.A__1.E|1.E,high,True,False,False,False,False,False,0
chai|7pe4__1__1.A__1.B_1.C|1.B,high,False,False,True,False,False,False,0
chai|7pjm__1__1.A_1.B__1.D_1.G_1.H|1.D,high,False,True,False,False,False,False,0
chai|7pox__1__1.A__1.C|1.C,high,True,False,False,False,False,False,1
chai|7pqv__1__1.A__1.B|1.B,mid,True,True,False,False,False,False,0
chai|7psc__1__1.A_1.B__1.C_1.D|1.C,high,False,False,True,False,False,False,0
chai|7pu9__1__1.A__1.B_1.C|1.B,mid,True,True,False,False,False,False,1
chai|7pu9__1__1.A__1.B_1.C|1.C,mid,True,True,False,False,False,False,1
chai|7puw__1__1.B__1.G_1.H|1.H,mid,True,True,False,False,False,False,0
chai|7pwd__1__1.A__1.D|1.D,mid,True,True,False,False,False,False,1
chai|7pz1__1__1.A__1.D|1.D,high,True,False,False,False,False,False,0
chai|7pzv__1__1.A__1.B_1.C|1.C,mid,True,False,False,False,False,False,0
chai|7q6v__1__1.A__1.E|1.E,mid,True,True,False,False,False,False,0
chai|7q6w__1__1.A__1.E|1.E,mid,True,True,False,False,False,False,0
chai|7q8q__1__1.A__1.C_1.E_1.J|1.C,mid,True,False,False,False,False,False,1
chai|7q8z__1__1.A__1.E|1.E,mid,True,True,False,False,False,False,1
chai|7qaa__1__1.B__1.D|1.D,high,True,False,False,False,False,False,0
chai|7qea__1__1.A__1.C|1.C,low,True,True,False,False,True,False,0
chai|7qqa__1__1.A_1.B__1.H_1.I|1.H,high,False,False,False,False,False,False,0
chai|7qt6__1__1.A__1.B|1.B,high,True,False,False,False,False,False,1
chai|7qzl__1__1.B__1.F_1.H|1.H,mid,True,True,False,False,False,False,1
chai|7r0a__1__1.A__1.C|1.C,mid,True,False,False,False,False,False,1
chai|7r2v__1__1.A__1.C_1.D|1.C,high,False,False,False,False,False,False,0
chai|7r4a__1__1.A__1.C|1.C,mid,True,True,True,False,False,False,0
chai|7r5d__1__1.A__1.C|1.C,mid,True,True,True,False,False,False,0
chai|7r7r__1__1.A__1.B|1.B,high,False,False,False,False,False,False,0
chai|7r9n__1__1.B__1.E|1.E,high,True,False,False,False,False,False,0
chai|7r9t__1__1.A__1.C|1.C,mid,True,True,False,False,False,False,0
chai|7rae__1__1.A__1.C|1.C,high,True,False,False,False,False,False,0
chai|7raf__1__1.A__1.C|1.C,high,True,False,False,False,False,False,0
chai|7rbw__1__1.A__1.C|1.C,low,True,True,False,False,True,False,1
chai|7rl2__1__1.A__1.C|1.C,high,True,False,False,False,False,False,1
chai|7rls__1__1.A_2.A__2.B|2.B,high,False,False,False,False,False,False,1
chai|7rmb__1__1.A_2.A__2.B|2.B,high,False,False,False,False,False,False,1
chai|7rre__1__1.A__1.B_1.C_1.D|1.B,mid,True,False,False,False,False,False,1
chai|7s1s__1__1.A__1.C_1.D|1.D,mid,True,False,False,False,False,False,1
chai|7s5f__1__1.A__1.E_1.F|1.F,mid,True,False,False,False,False,False,1
chai|7s6v__1__1.A__1.B|1.B,mid,True,True,False,False,False,False,0
chai|7s7t__1__1.A__1.B|1.B,low,True,True,False,False,True,False,1
chai|7scw__1__1.A_1.B__1.C_1.D|1.D,high,False,False,False,False,False,False,0
chai|7sh0__1__1.A__1.C_1.D_1.H|1.D,mid,True,False,False,False,False,False,1
chai|7sh1__1__1.A__1.C_1.J|1.C,high,False,False,False,False,False,False,0
chai|7siu__1__1.A__1.C|1.C,mid,True,False,False,False,False,False,0
chai|7snz__1__1.A_1.B__1.C|1.C,high,True,False,False,False,False,False,0
chai|7spy__1__1.A_2.A__2.B_2.C|2.B,high,False,False,False,False,False,False,0
chai|7sqe__1__1.A__1.D|1.D,high,True,False,False,False,False,False,1
chai|7sqn__1__1.A__1.B_1.E|1.B,high,False,False,False,False,False,False,0
chai|7suf__1__1.A__1.B_1.D|1.B,mid,True,True,False,False,False,False,0
chai|7sv1__1__1.A__1.C_1.D|1.D,high,True,False,False,False,False,False,1
chai|7sxj__1__1.A__1.C|1.C,high,False,False,True,False,False,False,0
chai|7t0c__1__1.A_1.B__1.VA|1.VA,high,False,False,False,False,False,False,0
chai|7t1d__1__1.A_1.B__1.G_1.I|1.I,mid,True,False,True,False,False,False,1
chai|7t2z__1__1.A_1.B__1.F_1.H|1.F,mid,True,True,False,False,False,False,1
chai|7t5k__1__1.A__1.D|1.D,mid,True,False,False,False,False,False,1
chai|7t5r__1__1.A_1.C__1.I_1.J|1.I,mid,True,False,False,False,False,False,0
chai|7t5r__1__1.A_1.C__1.I_1.J|1.J,mid,True,False,False,False,False,False,0
chai|7t5x__1__1.A_1.C__1.I|1.I,mid,True,False,False,False,False,False,1
chai|7t5y__1__1.B__1.G|1.G,mid,True,False,False,False,False,False,0
chai|7t5z__1__1.A_1.C__1.I|1.I,mid,True,False,False,False,False,False,0
chai|7t60__1__1.B_1.C__1.M|1.M,mid,True,False,False,False,False,False,0
chai|7t61__1__1.B_1.C__1.L|1.L,mid,True,False,False,False,False,False,1
chai|7t6c__1__1.A__1.E|1.E,mid,True,False,False,False,False,False,1
chai|7t6h__1__1.A__1.C_1.D|1.C,high,False,False,False,False,False,False,0
chai|7t6h__1__1.A__1.C_1.D|1.D,high,False,False,False,False,False,False,0
chai|7tba__1__1.A__1.U_1.V_1.W|1.U,mid,True,True,False,False,False,False,0
chai|7tbc__1__1.A__1.B_1.J_1.L_1.S|1.S,mid,True,True,False,False,False,False,0
chai|7tbd__1__1.A__1.E|1.E,mid,True,True,False,False,False,False,0
chai|7td8__1__1.A_1.B__1.AA_1.W|1.AA,high,True,False,False,False,False,False,0
chai|7te8__1__1.A_1.B__1.E|1.E,mid,True,True,False,False,False,False,1
chai|7tgk__1__1.A__1.Q_1.R_1.S|1.Q,high,False,False,False,False,False,False,0
chai|7tgl__1__1.B__1.R_1.S_1.U_1.W_1.X|1.S,high,False,False,False,False,False,False,0
chai|7tm5__1__1.A__1.C_1.D_1.E|1.C,high,False,False,False,False,False,False,0
chai|7tm6__1__1.A__1.C_1.D|1.C,high,False,False,False,False,False,False,0
chai|7tm6__1__1.A__1.C_1.D|1.D,high,False,False,False,False,False,False,0
chai|7tmf__1__1.A_1.B__1.J_1.P|1.J,high,False,False,False,False,False,False,0
chai|7tuo__1__1.A__1.B|1.B,low,True,True,True,False,True,True,1
chai|7txh__1__1.A__1.G_1.H_1.I|1.G,high,False,False,False,False,False,False,0
chai|7u0r__1__1.B__1.I_1.J_1.K_1.L|1.I,mid,True,True,True,False,False,False,1
chai|7u2z__1__1.A__1.C|1.C,mid,True,True,False,False,False,False,1
chai|7u6b__1__1.A__1.B_1.E|1.B,mid,True,False,False,False,False,False,0
chai|7u8w__1__1.A__1.C|1.C,mid,True,False,True,False,False,False,1
chai|7u8x__1__1.A__1.B|1.B,mid,True,False,True,False,False,False,1
chai|7u8y__1__1.B__1.G_1.H_1.I_1.J|1.G,mid,True,True,True,False,False,False,1
chai|7u8y__1__1.B__1.G_1.H_1.I_1.J|1.H,mid,True,True,True,False,False,False,1
chai|7u9u__1__2.A__2.C_2.D|2.C,high,False,True,False,False,False,False,0
chai|7ubo__1__1.A__1.E|1.E,mid,True,True,False,False,False,False,1
chai|7udq__1__1.A__1.C|1.C,low,True,True,True,False,True,True,0
chai|7ue6__1__1.A_2.A__2.C_2.F_2.G_2.H|2.G,high,False,False,True,False,False,False,0
chai|7ueo__1__1.A_2.A__2.B_2.C_2.E|2.C,high,False,False,True,False,False,False,0
chai|7uep__1__1.A_2.A__2.B_2.C_2.D_2.E|2.B,high,False,False,True,False,False,False,0
chai|7ueq__1__1.A_2.A__2.B_2.C_2.D|2.B,high,False,False,True,False,False,False,0
chai|7ueu__1__1.A_2.A__2.C_2.D_2.E|2.C,high,False,False,True,False,False,False,0
chai|7ugb__1__1.A__1.C|1.C,high,False,False,True,False,False,False,0
chai|7ugl__1__1.A__1.C|1.C,mid,True,False,True,False,False,False,1
chai|7uj8__1__1.A__1.C|1.C,high,True,False,False,False,False,False,0
chai|7ujc__1__1.B__1.D|1.D,high,True,False,False,False,False,False,0
chai|7ujf__1__1.A__1.E|1.E,high,False,False,False,False,False,False,0
chai|7ulf__1__1.A_2.A__2.B_2.C_2.D_2.E|2.B,mid,True,True,True,False,False,False,1
chai|7um4__1__1.A__1.I|1.I,mid,True,False,False,False,False,False,0
chai|7um8__1__1.A_2.B__1.C_1.D|1.C,high,False,False,True,False,False,False,0
chai|7uoh__1__1.A__1.C_1.D|1.C,mid,True,False,False,False,False,False,1
chai|7utw__1__1.A_1.B__1.C_1.E_1.F|1.E,high,False,False,True,False,False,False,0
chai|7utw__1__1.A_1.B__1.C_1.E_1.F|1.F,high,False,False,True,False,False,False,0
chai|7uum__1__1.A_2.A__1.B_1.C|1.C,low,True,True,False,False,True,False,1
chai|7uw2__1__1.A__1.C|1.C,high,False,False,True,False,False,False,0
chai|7uy0__1__1.A__1.E|1.E,high,True,False,False,False,False,False,0
chai|7v0h__1__1.B__1.N_1.P|1.P,mid,True,True,False,False,False,False,1
chai|7vdp__1__1.A__1.E_1.F|1.E,mid,True,True,False,False,False,False,0
chai|7vdq__1__1.A__1.E|1.E,mid,True,True,False,False,False,False,0
chai|7vdr__1__1.A__1.E_1.F_1.N|1.E,mid,True,True,False,False,False,False,0
chai|7vds__1__1.A__1.E|1.E,mid,True,True,False,False,False,False,0
chai|7vez__1__1.A_1.D__1.E|1.E,high,False,False,False,False,False,False,1
chai|7vmy__1__1.A__1.C_1.D_1.E|1.D,mid,False,True,False,False,False,False,1
chai|7vo5__1__1.A__1.B|1.B,low,True,True,False,False,True,False,1
chai|7vpe__1__1.A__1.B|1.B,low,True,True,False,False,True,False,1
chai|7vqt__1__1.A__1.G_1.H|1.H,high,False,False,False,False,False,False,0
chai|7vqu__1__1.A__1.G_1.H|1.H,high,False,False,False,False,False,False,0
chai|7vwf__1__1.A_1.B__1.C_1.E|1.C,high,False,False,False,False,False,False,0
chai|7vwf__1__1.A_1.B__1.C_1.E|1.E,high,False,False,False,False,False,False,0
chai|7vyp__1__1.A_1.B__1.C_1.K_1.P_1.Q|1.P,low,True,True,False,False,True,False,1
chai|7vzy__1__1.A_1.B__1.C_1.D_1.E_1.M|1.C,low,True,True,False,False,True,False,1
chai|7vzz__1__1.A_1.B__1.AA_1.Y_1.Z|1.AA,low,True,True,False,False,True,False,1
chai|7w2d__1__1.B__1.R|1.R,mid,True,False,False,False,False,False,0
chai|7w3l__1__1.A__1.B_1.C_1.J|1.B,high,False,False,False,False,False,False,0
chai|7w4x__1__1.A__1.C_1.D_1.E|1.E,mid,True,True,False,False,False,False,0
chai|7w8v__1__1.A__1.B_1.D|1.B,high,False,False,False,False,False,False,0
chai|7w8v__1__1.A__1.B_1.D|1.D,high,False,False,False,False,False,False,0
chai|7wc6__1__1.A__1.F|1.F,high,True,False,False,False,False,False,0
chai|7wc8__1__1.A__1.H|1.H,mid,True,True,False,False,False,False,0
chai|7wcv__1__1.A__1.B_1.C_1.D|1.B,high,False,False,False,False,False,False,0
chai|7wdu__1__1.A__1.C|1.C,low,True,True,False,False,True,False,1
chai|7wf5__1__1.A__1.C|1.C,high,True,False,False,False,False,False,0
chai|7wgl__1__1.A__1.D|1.D,high,True,False,False,False,False,False,0
chai|7wmk__1__1.A__1.B_1.G|1.B,high,True,True,False,False,False,False,0
chai|7wpx__1__1.A__1.B_1.C|1.C,mid,True,True,False,False,False,False,1
chai|7wqm__1__1.A__1.C_1.D|1.C,high,False,False,True,False,False,False,0
chai|7wqs__1__1.A__1.C_1.D|1.C,high,False,False,True,False,False,False,0
chai|7wrr__1__1.A_1.B__1.E_1.F_1.H|1.E,high,False,False,False,False,False,False,0
chai|7wzv__1__1.A__1.C_1.E_1.F_1.K_1.O|1.E,mid,False,True,False,False,False,False,0
chai|7wzv__1__1.A__1.C_1.E_1.F_1.K_1.O|1.F,low,True,True,False,False,True,False,0
chai|7wzx__1__1.A__1.B_1.D_1.E_1.I|1.I,low,True,True,False,False,True,False,0
chai|7x0b__1__1.A__1.C_1.E_1.N|1.E,mid,False,True,False,False,False,False,0
chai|7x3l__1__1.A__1.C_1.D|1.C,high,False,False,True,False,False,False,0
chai|7x3m__1__1.A__1.C_1.D|1.C,high,False,False,True,False,False,False,0
chai|7x3o__1__1.A__1.C_1.D|1.C,high,False,False,True,False,False,False,0
chai|7x9d__1__1.A__1.E|1.E,mid,True,False,True,False,False,False,1
chai|7x9l__1__1.A__1.C_1.E_1.F|1.C,high,False,False,False,False,False,False,0
chai|7xif__1__1.F__1.W_1.X|1.X,mid,False,True,False,False,False,False,1
chai|7xjb__1__1.A__1.E_1.F_1.G|1.E,high,False,False,True,False,False,False,0
chai|7xlp__1__1.A__1.B|1.B,mid,True,False,True,False,False,False,0
chai|7xm7__1__1.A__1.E|1.E,mid,True,False,False,False,False,False,1
chai|7xnc__1__1.A__1.B|1.B,mid,True,False,True,False,False,False,1
chai|7xqv__1__1.A__1.D_1.E|1.D,high,False,False,False,False,False,False,0
chai|7xrr__1__1.A__1.B|1.B,high,True,False,False,False,False,False,1
chai|7xub__1__1.A__1.H|1.H,mid,True,False,True,False,False,False,1
chai|7xvh__1__2.A__2.B_2.C|2.C,high,True,False,True,False,False,False,0
chai|7xxn__1__2.A__2.B_2.C|2.B,low,True,True,True,False,True,True,1
chai|7xyj__1__1.A_1.B__1.E_1.F|1.E,high,False,False,True,False,False,False,0
chai|7y06__1__1.A__1.B_1.C|1.B,mid,True,True,False,False,False,False,1
chai|7y4a__1__1.A__1.I_1.J_1.K|1.K,high,False,False,True,False,False,False,0
chai|7yb2__1__1.C__1.L_1.M|1.M,high,False,False,True,False,False,False,0
chai|7ycc__1__1.A__1.D_1.E_1.F|1.D,high,False,False,False,False,False,False,0
chai|7yce__1__1.A__1.B_1.C_1.D_1.E|1.B,high,False,False,False,False,False,False,0
chai|7yd2__1__1.A_1.B__1.K|1.K,low,True,True,True,False,True,True,1
chai|7yh9__1__1.A__1.G_1.H_1.I|1.I,mid,True,True,True,False,False,False,1
chai|7yha__1__1.A__1.E_1.F_1.G_1.H|1.G,mid,True,True,True,False,False,False,1
chai|7yha__1__1.A__1.E_1.F_1.G_1.H|1.H,mid,True,True,True,False,False,False,1
chai|7yhc__1__1.A__1.I_1.J_1.K|1.K,mid,True,False,True,False,False,False,0
chai|7yj9__1__1.A_2.A__2.B|2.B,high,False,False,False,False,False,False,0
chai|7yv4__1__1.A__1.B|1.B,low,True,True,True,False,True,True,1
chai|7yxd__1__1.A__1.I|1.I,high,True,False,False,False,False,False,0
chai|7yxl__1__1.A__1.C_1.E|1.E,low,False,True,False,False,False,False,0
chai|7yzu__1__1.A__1.B|1.B,mid,False,True,False,False,False,False,0
chai|7z0w__1__1.A_1.B__1.J_1.K|1.J,high,False,False,False,False,False,False,0
chai|7z1v__1__1.A__1.C|1.C,mid,True,True,True,False,False,False,0
chai|7z1w__1__1.A__1.C|1.C,mid,True,False,True,False,False,False,0
chai|7z2q__1__1.A__1.C|1.C,mid,True,False,True,False,False,False,0
chai|7z39__1__1.A__1.C|1.C,mid,True,True,False,False,False,False,1
chai|7z3k__1__1.A__1.D_1.DA_1.E_1.F_1.P|1.DA,mid,True,True,True,False,False,False,0
chai|7z3y__1__1.A__1.D|1.D,mid,True,False,True,False,False,False,1
chai|7z41__1__1.A__1.C|1.C,mid,True,False,True,False,False,False,0
chai|7z57__1__1.A__1.B_1.C_1.J|1.B,mid,True,True,False,False,False,False,1
chai|7z57__1__1.A__1.B_1.C_1.J|1.C,mid,True,True,False,False,False,False,1
chai|7z5u__1__1.A__1.B_1.C|1.C,low,True,True,False,False,True,False,1
chai|7z5x__1__1.A__1.C|1.C,high,False,False,False,False,False,False,0
chai|7z6c__1__1.A__1.B_1.C_1.D|1.B,high,False,False,False,False,False,False,0
chai|7z74__1__1.A__1.B_1.C|1.B,mid,True,True,False,False,False,False,1
chai|7z78__1__1.A__1.D|1.D,mid,True,False,False,False,False,False,0
chai|7za0__1__1.A__1.B|1.B,high,True,False,True,False,False,False,1
chai|7zej__1__1.A_2.B__1.C_1.D|1.C,high,False,True,False,False,False,False,0
chai|7zf0__1__1.A__1.B_1.C_1.I_1.J_1.K|1.I,mid,False,True,False,False,False,False,1
chai|7zg9__1__1.A__1.C|1.C,low,True,True,True,False,True,True,1
chai|7zgc__1__1.A__1.B|1.B,mid,True,True,True,False,False,False,1
chai|7zif__1__1.A__1.B_1.C|1.C,mid,True,False,False,False,False,False,1
chai|7zig__1__1.A__1.B_1.C|1.B,mid,True,False,False,False,False,False,1
chai|7zih__1__1.A__1.B_1.C|1.C,mid,True,False,False,False,False,False,1
chai|7zii__1__1.A__1.B_1.C|1.C,mid,True,False,False,False,False,False,1
chai|7zij__1__1.A__1.B_1.C|1.B,mid,True,False,False,False,False,False,1
chai|7zjq__1__1.A__1.E|1.E,mid,True,True,False,False,False,False,0
chai|7zks__1__1.A__1.B|1.B,mid,True,True,True,False,False,False,0
chai|7zkw__1__1.A_1.C__1.E|1.E,low,True,True,False,False,True,False,1
chai|7zkx__1__1.A__1.B_1.L|1.B,mid,True,True,True,False,False,False,1
chai|7zsq__1__1.B_1.C__1.G_1.I|1.G,mid,True,True,True,False,False,False,0
chai|7zxw__1__1.A__1.C_1.D_1.G|1.D,high,False,False,False,False,False,False,0
chai|7zym__1__1.A__1.B|1.B,high,True,False,True,False,False,False,1
chai|7zzs__1__1.A__1.D_1.J_1.L|1.L,mid,True,True,False,False,False,False,1
chai|7zzw__1__1.A__1.E_1.M|1.M,low,True,True,False,False,True,False,1
chai|8a12__1__1.A__1.D_1.G|1.D,high,False,False,True,False,False,False,0
chai|8a2p__1__1.A__1.B|1.B,high,False,False,True,False,False,False,0
chai|8a66__1__1.A__1.C|1.C,high,True,True,False,False,False,False,0
chai|8a9i__1__1.A__1.B|1.B,mid,True,True,False,False,False,False,1
chai|8acm__1__1.A__1.E|1.E,high,True,True,True,False,False,False,0
chai|8ad7__1__1.A__1.J|1.J,high,False,False,False,False,False,False,0
chai|8ak5__1__1.A__1.C_1.E_1.F_1.G|1.C,high,False,False,True,False,False,False,0
chai|8ak5__1__1.A__1.C_1.E_1.F_1.G|1.E,mid,True,True,True,False,False,False,0
chai|8ak7__1__1.A__1.C_1.E_1.G|1.C,high,False,False,True,False,False,False,0
chai|8ak8__1__1.A__1.C_1.F_1.L|1.C,high,False,False,True,False,False,False,0
chai|8akd__1__1.A__1.C_1.E|1.E,mid,True,True,True,False,False,False,1
chai|8am2__1__1.A__1.D|1.D,mid,True,True,True,False,False,False,1
chai|8am8__1__1.A__1.C_1.J|1.J,mid,True,True,True,True,False,False,0
chai|8apw__1__1.A_2.A__2.C|2.C,mid,True,False,True,False,False,False,0
chai|8aqf__1__1.A__1.B|1.B,mid,True,True,True,False,False,False,1
chai|8arj__1__1.A__1.B|1.B,mid,True,True,False,False,False,False,0
chai|8atb__1__1.A__1.C|1.C,mid,True,True,True,False,False,False,0
chai|8au8__1__1.A_1.B__1.C_1.D_1.H|1.C,high,False,False,True,False,False,False,0
chai|8aue__1__1.A__1.C_1.D|1.D,mid,True,False,True,False,False,False,1
chai|8aui__1__1.A_1.B__1.C_1.D_1.G|1.C,high,False,False,True,False,False,False,0
chai|8aui__1__1.A_1.B__1.C_1.D_1.G|1.D,mid,True,False,True,False,False,False,1
chai|8aui__1__1.A_1.B__1.C_1.D_1.G|1.G,mid,True,False,True,False,False,False,1
chai|8auj__1__1.A__1.C_1.D|1.D,mid,True,False,True,False,False,False,1
chai|8av1__1__1.B__1.J_1.M|1.M,mid,True,True,True,False,False,False,0
chai|8aw1__1__1.A__1.C|1.C,high,False,False,True,False,False,False,0
chai|8axp__1__1.A__1.C|1.C,mid,True,True,False,False,False,False,1
chai|8ay6__1__1.A_1.B__1.C|1.C,high,True,False,True,False,False,False,1
chai|8aya__1__1.A_1.B__1.C|1.C,high,True,False,True,False,False,False,0
chai|8azd__1__1.A__1.C|1.C,high,False,False,True,False,False,False,0
chai|8azi__1__1.A__1.C|1.C,high,False,False,True,True,False,False,0
chai|8azl__1__1.A__1.C|1.C,high,False,False,True,True,False,False,0
chai|8b08__1__1.B__1.E|1.E,high,False,False,True,False,False,False,0
chai|8b25__1__1.A_1.B__1.J|1.J,low,True,True,False,False,True,False,1
chai|8b72__1__1.A_1.B__1.F_1.G|1.F,mid,True,False,False,False,False,False,1
chai|8b80__1__1.A__1.F_1.G|1.F,high,False,False,False,False,False,False,0
chai|8b9h__1__1.A__1.B|1.B,mid,True,True,True,False,False,False,0
chai|8bab__1__1.A__1.H_1.I|1.I,mid,True,True,True,False,False,False,1
chai|8baj__1__1.A__1.B|1.B,high,False,False,False,False,False,False,0
chai|8bam__1__1.A__1.C_1.D|1.C,high,False,False,True,False,False,False,0
chai|8bgx__1__1.A_1.D__1.E_1.F_1.I|1.F,mid,True,True,True,False,False,False,1
chai|8bgy__1__1.A_1.B__1.E_1.F|1.F,mid,True,True,True,False,False,False,1
chai|8bgz__1__1.A_1.B__1.F|1.F,mid,True,True,True,False,False,False,1
chai|8bh0__1__1.A_1.D__1.J|1.J,mid,True,True,True,False,False,False,1
chai|8bid__1__1.C_2.A__2.F_2.G|2.F,mid,True,True,True,False,False,False,1
chai|8bih__1__1.A_1.L__1.N|1.N,mid,True,True,True,False,False,False,1
chai|8bir__1__1.A_1.B__1.D|1.D,mid,True,True,True,False,False,False,1
chai|8bji__1__1.A_1.B__1.C_1.D|1.C,high,False,False,True,False,False,False,0
chai|8bl0__1__1.A__1.C_1.E|1.C,high,False,False,True,False,False,False,0
chai|8bl1__1__1.A__1.C_1.E|1.C,high,False,False,True,False,False,False,0
chai|8blz__1__1.A__1.B_1.D|1.B,high,False,False,True,False,False,False,0
chai|8br0__1__1.A_1.B__1.E_1.F_1.G|1.E,high,False,False,True,False,False,False,0
chai|8br0__1__1.A_1.B__1.E_1.F_1.G|1.F,high,False,False,True,False,False,False,0
chai|8bsg__1__1.A__1.B|1.B,high,False,False,True,False,False,False,0
chai|8bst__1__1.A__1.R|1.R,high,False,False,True,False,False,False,0
chai|8bsu__1__1.A_1.D__1.I_1.OA_1.SA|1.I,high,False,False,True,False,False,False,0
chai|8bsu__1__1.A_1.D__1.I_1.OA_1.SA|1.OA,high,False,False,True,False,False,False,0
chai|8bxx__1__1.A__1.E_1.F|1.E,high,False,False,True,False,False,False,0
chai|8c1f__1__1.A__1.B_1.C_1.D_1.J|1.B,high,False,False,True,True,False,False,0
chai|8c3i__1__1.B__1.D|1.D,high,False,False,True,True,False,False,0
chai|8c3n__1__1.A__1.C_1.D|1.C,high,False,False,True,False,False,False,0
chai|8c3u__1__1.A__1.C|1.C,low,True,True,True,False,True,True,1
chai|8c47__1__1.B__1.E_1.F|1.E,high,False,False,True,True,False,False,0
chai|8c4w__1__1.A__1.J_1.K_1.P|1.K,mid,True,True,True,False,False,False,1
chai|8c6f__1__1.A__1.B_1.C|1.B,high,False,False,True,False,False,False,0
chai|8c6s__1__1.A__1.C|1.C,mid,True,True,True,False,False,False,1
chai|8c74__1__1.A__1.C|1.C,mid,True,True,True,False,False,False,1
chai|8c7r__1__1.A__1.C_1.D|1.C,mid,True,True,True,False,False,False,0
chai|8c7r__1__1.A__1.C_1.D|1.D,high,False,True,True,False,False,False,0
chai|8cey__1__1.A__1.D|1.D,mid,True,False,True,True,False,False,1
chai|8cij__1__1.A__1.B|1.B,mid,True,True,True,False,False,False,0
chai|8cji__1__1.A__1.B_1.C|1.C,mid,True,False,True,True,False,False,1
chai|8cjj__1__1.A__1.B_1.C|1.C,mid,True,False,True,True,False,False,1
chai|8cjk__1__1.A__1.B_1.C|1.C,mid,True,True,True,True,False,False,1
chai|8clq__1__1.A__1.E|1.E,low,True,True,True,True,True,True,1
chai|8cnm__1__1.A_1.B__1.F_1.N_1.S|1.N,high,False,False,True,True,False,False,1
chai|8cno__1__1.A_1.B__1.C_1.E_1.F|1.C,high,False,False,True,True,False,False,1
chai|8con__1__1.A_2.A__2.D_2.J|2.D,high,False,False,True,True,False,False,0
chai|8coq__1__1.A__1.C_1.D|1.D,mid,True,True,True,True,False,False,1
chai|8cou__1__1.A__1.V|1.V,mid,True,False,True,True,False,False,0
chai|8cp4__1__2.A__2.H_2.I|2.I,mid,False,True,True,True,False,False,1
chai|8cp7__1__1.A__1.B|1.B,high,False,False,True,False,False,False,0
chai|8cpb__1__1.B__1.H|1.H,high,False,False,True,False,False,False,0
chai|8cq8__1__1.A__1.C_1.D_1.E|1.E,high,False,False,True,True,False,False,0
chai|8cqv__1__1.A_1.B__1.K_1.P|1.K,high,False,False,True,True,False,False,0
chai|8cu7__1__1.A__1.C|1.C,mid,True,False,False,False,False,False,0
chai|8cvf__1__1.A__1.D_1.E_1.F_1.G|1.D,high,False,False,True,False,False,False,1
chai|8d19__1__1.A__1.C_1.D|1.D,high,False,False,True,False,False,False,0
chai|8d3e__1__1.A__1.C_1.D|1.C,high,False,False,True,False,False,False,0
chai|8d3h__1__1.A__1.C_1.D|1.C,high,False,False,True,False,False,False,0
chai|8d3j__1__1.A__1.D_1.E_1.F|1.D,high,False,False,True,False,False,False,0
chai|8d6e__1__1.A__1.D|1.D,mid,True,True,False,False,False,False,0
chai|8d6m__1__1.A__1.C|1.C,high,False,False,False,False,False,False,1
chai|8d6t__1__1.A__1.C|1.C,high,False,False,False,False,False,False,1
chai|8deg__1__1.A__1.B|1.B,mid,True,True,False,False,False,False,1
chai|8dil__1__1.A_1.B__1.K_1.L_1.M|1.L,high,False,False,False,False,False,False,0
chai|8dkp__1__1.A__1.C_1.D|1.C,high,False,False,False,False,False,False,0
chai|8dkp__1__1.A__1.C_1.D|1.D,high,False,False,False,False,False,False,0
chai|8dkq__1__1.A__1.C_1.D|1.C,high,False,False,False,False,False,False,0
chai|8dkt__1__1.A_1.B__1.D_1.E|1.D,high,False,False,True,False,False,False,0
chai|8dq8__1__1.B__1.F_1.G|1.F,high,False,False,True,False,False,False,0
chai|8dsc__1__1.B__1.L|1.L,mid,True,True,True,False,False,False,1
chai|8dse__1__1.A_1.B__1.C_1.G|1.G,mid,True,False,True,False,False,False,1
chai|8dsh__1__1.A_1.B__1.C|1.C,high,False,False,True,False,False,False,1
chai|8dsh__1__1.A_1.B__1.E_1.F|1.F,mid,True,True,True,False,False,False,1
chai|8dt5__1__1.B__1.I_1.M_1.O|1.O,high,True,False,False,False,False,False,0
chai|8dxk__1__1.A_1.B__1.C|1.C,high,True,False,True,False,False,False,0
chai|8e0t__1__1.C__1.F|1.F,high,False,False,False,False,False,False,1
chai|8e1h__1__1.A__1.C_1.E_1.F|1.C,high,False,False,False,False,False,False,0
chai|8e1x__1__1.A__1.C|1.C,mid,True,False,False,False,False,False,0
chai|8e5i__1__1.A__1.B_1.E|1.B,high,False,False,True,False,False,False,0
chai|8e9e__1__1.A_1.B__1.I_1.J_1.K|1.I,high,False,False,False,False,False,False,0
chai|8ea6__1__1.A_1.B__1.C|1.C,low,True,True,True,False,True,True,0
chai|8eef__1__1.A__1.C_1.D|1.C,mid,True,True,True,False,False,False,0
chai|8egf__1__1.A__1.B_1.C|1.B,high,False,False,True,False,False,False,0
chai|8etd__1__1.B__1.E_1.F|1.F,high,False,False,False,False,False,False,0
chai|8etl__1__1.A__1.C|1.C,low,True,True,True,False,True,True,1
chai|8evz__1__1.A__1.D_1.E_1.F_1.G|1.F,high,False,False,True,False,False,False,0
chai|8evz__1__1.A__1.D_1.E_1.F_1.G|1.G,high,True,False,True,False,False,False,0
chai|8ex1__1__1.A__1.B|1.B,mid,True,True,True,False,False,False,0
chai|8ex2__1__1.A__1.B|1.B,mid,True,True,True,False,False,False,0
chai|8eym__1__1.A_1.B__1.C_1.E|1.C,low,True,True,True,False,True,True,0
chai|8eym__1__1.A_1.B__1.C_1.E|1.E,low,True,True,True,False,True,True,0
chai|8f1z__1__1.A__1.B|1.B,mid,True,True,True,False,False,False,0
chai|8f4s__1__1.A__1.D_1.E|1.D,low,True,True,True,False,True,True,1
chai|8f8k__1__1.A__1.F_1.G_1.I_1.J_1.K|1.F,mid,True,True,True,False,False,False,1
chai|8fb1__1__1.A__1.D|1.D,high,True,False,True,False,False,False,0
chai|8fdb__1__1.A_1.B__1.D_1.F_1.H|1.D,low,False,True,True,False,False,False,0
chai|8fdb__1__1.A_1.B__1.D_1.F_1.H|1.H,low,False,True,True,False,False,False,0
chai|8fdx__1__1.A__1.B_1.C|1.B,high,False,False,True,False,False,False,0
chai|8fdz__1__1.A__1.B_1.C|1.B,high,False,False,True,False,False,False,0
chai|8fe6__1__1.A__1.I|1.I,high,False,False,True,False,False,False,0
chai|8fe9__1__1.A__1.B|1.B,mid,True,False,True,False,False,False,0
chai|8fh5__1__1.A__1.B_1.C|1.B,high,False,False,True,False,False,False,0
chai|8fh9__1__1.A__1.B_1.C|1.B,high,False,False,True,False,False,False,0
chai|8fjt__1__1.A_1.B__1.C_1.E|1.E,mid,True,False,True,False,False,False,0
chai|8fju__1__1.A_1.B__1.C_1.D|1.C,high,False,False,True,False,False,False,0
chai|8fju__1__1.A_1.B__1.C_1.D|1.D,mid,True,False,True,False,False,False,1
chai|8fjx__1__1.A__1.B_1.C|1.C,high,False,False,True,False,False,False,0
chai|8fjy__1__1.A__1.B_1.C|1.B,high,False,False,True,False,False,False,0
chai|8fly__1__1.A__1.K|1.K,high,True,False,True,False,False,False,0
chai|8fp5__1__1.A__1.C_1.D|1.C,high,False,False,True,False,False,False,1
chai|8fqx__1__1.A__1.B_1.C|1.C,high,True,False,True,False,False,False,1
chai|8fsi__1__1.A__1.B_1.C_1.D_1.F|1.C,high,False,True,True,False,False,False,0
chai|8g3e__1__1.A__1.C|1.C,mid,True,False,True,False,False,False,1
chai|8g4a__1__1.A_1.B__1.C|1.C,low,True,True,True,True,True,True,0
chai|8g62__1__1.A__1.F_1.J_1.L|1.F,low,True,True,True,False,True,True,1
chai|8g68__1__1.A__1.C|1.C,low,True,True,True,False,True,True,1
chai|8g69__1__1.A__1.C|1.C,low,True,True,True,False,True,True,1
chai|8gb4__1__1.A__1.E_1.F_1.G|1.F,high,False,False,True,True,False,False,0
chai|8gds__1__1.A__1.E|1.E,mid,True,True,True,False,False,False,1
chai|8gem__1__1.A__1.B|1.B,mid,True,False,True,False,False,False,0
chai|8gev__1__1.A__1.B|1.B,mid,True,False,True,False,False,False,1
chai|8gfs__1__1.A__1.B|1.B,mid,True,True,True,False,False,False,1
chai|8gjb__1__1.B__1.G_1.H|1.G,high,False,False,True,True,False,False,0
chai|8gkf__1__1.A__1.J|1.J,mid,True,False,True,True,False,False,0
chai|8gm5__1__1.A__1.D|1.D,mid,True,False,True,False,False,False,0
chai|8gne__1__1.A__1.E|1.E,high,False,False,True,False,False,False,1
chai|8gpc__1__1.A__1.C_1.D_1.E|1.E,high,False,False,True,False,False,False,0
chai|8gpe__1__1.A__1.C_1.D_1.E|1.E,high,False,False,True,False,False,False,0
chai|8grw__1__1.A_1.B__1.C_1.D|1.D,high,False,False,True,False,False,False,1
chai|8gtg__1__1.A__1.C|1.C,mid,True,True,True,False,False,False,1
chai|8gti__1__1.A__1.H|1.H,mid,True,True,True,False,False,False,1
chai|8gtm__1__1.A__1.C|1.C,mid,True,True,True,False,False,False,1
chai|8gu1__1__1.A_1.B__1.D|1.D,low,True,True,True,False,True,True,1
chai|8gyd__1__1.A_1.B__1.K|1.K,low,True,True,True,False,True,True,1
chai|8gyj__1__1.A_1.B__1.D_1.I|1.I,mid,True,True,True,False,False,False,1
chai|8h59__1__1.A__1.B|1.B,mid,True,False,True,False,False,False,1
chai|8hi5__1__1.A__1.B_1.C|1.B,mid,True,True,True,False,False,False,1
chai|8hi6__1__1.A__1.B_1.C|1.B,mid,True,True,True,False,False,False,1
chai|8hlj__1__1.A__1.C|1.C,high,False,False,True,True,False,False,0
chai|8ho5__1__1.A__1.B|1.B,low,True,True,True,False,True,True,1
chai|8hp4__1__1.A_1.B__1.C_1.D|1.C,high,False,False,True,True,False,False,0
chai|8hrp__1__1.A_1.D__1.I_1.J|1.I,high,False,False,True,False,False,False,0
chai|8htg__1__1.A__1.F_1.G|1.G,high,False,False,True,False,False,False,0
chai|8huu__1__1.A__1.C|1.C,mid,True,False,True,False,False,False,0
chai|8hxu__1__1.A__1.C_1.D_1.E|1.E,mid,True,True,True,False,False,False,1
chai|8i19__1__1.A__1.C_1.D_1.E|1.C,high,False,False,True,False,False,False,0
chai|8i2n__1__1.A__1.C|1.C,mid,True,True,True,True,False,False,0
chai|8i4i__1__1.A__1.C|1.C,high,False,False,True,False,False,False,0
chai|8ivs__1__1.A_1.B__1.C|1.C,low,True,True,True,False,True,True,1
chai|8ivt__1__1.A_1.B__1.F|1.F,low,True,True,True,False,True,True,0
chai|8iw3__1__1.A_1.B__1.C|1.C,low,True,True,True,False,True,True,1
chai|8j40__1__1.A_2.A__1.D|1.D,mid,True,False,True,True,False,False,1
chai|8j7j__1__1.A_1.B__1.C|1.C,low,True,True,True,False,True,True,1
chai|8jb3__1__1.A__1.B|1.B,low,False,True,True,True,False,False,1
chai|8jdb__1__1.A__1.B_1.C|1.C,mid,False,True,True,False,False,False,0
chai|8jdo__1__1.A__1.B_1.C|1.B,mid,True,True,True,False,False,False,0
chai|8jdp__1__1.A__1.B_1.C|1.C,mid,True,True,True,False,False,False,0
chai|8jdr__1__1.A__1.B_1.C|1.C,mid,True,True,True,False,False,False,0
chai|8jdy__1__1.A__1.B_1.C_1.D|1.D,mid,False,True,True,False,False,False,0
chai|8jdz__1__1.A__1.B_1.C_1.D|1.D,mid,False,True,True,False,False,False,0
chai|8jjn__1__1.A__1.D_1.E|1.D,low,True,True,True,True,True,True,1
chai|8jjs__1__1.A__1.C_1.D|1.C,high,False,False,True,False,False,False,0
chai|8jjt__1__1.A__1.D|1.D,low,True,True,True,True,True,True,0
chai|8jk8__1__1.A__1.B_1.C_1.D|1.D,mid,False,True,True,True,False,False,0
chai|8jm8__1__1.A__1.C_1.I|1.I,high,False,False,True,True,False,False,0
chai|8jmp__1__1.A__1.D|1.D,mid,True,True,True,False,False,False,1
chai|8jot__1__1.A__1.B|1.B,mid,True,True,True,True,False,False,1
chai|8jpz__1__1.B__1.N_1.P|1.N,high,False,False,True,False,False,False,0
chai|8jwy__1__1.A__1.B|1.B,mid,True,False,True,False,False,False,0
chai|8k5y__1__1.A__1.H|1.H,mid,True,True,True,False,False,False,1
chai|8k9y__1__1.A__1.C_1.E|1.C,high,False,False,True,False,False,False,1
chai|8ke1__1__2.A__2.B_2.C_2.D_2.E|2.B,high,False,False,True,False,False,False,0
chai|8ke2__1__2.A__2.B_2.C_2.D_2.E|2.D,high,False,False,True,False,False,False,0
chai|8ke4__1__2.A__2.B_2.C_2.D_2.E|2.B,high,False,False,True,False,False,False,0
chai|8ome__1__1.A_1.D__1.E|1.E,low,True,True,True,False,True,True,0
chai|8oq2__1__1.B__1.H_1.I|1.H,high,False,False,True,True,False,False,0
chai|8orc__1__1.B__1.J|1.J,mid,True,False,True,True,False,False,1
chai|8ou2__1__1.A__1.C|1.C,mid,True,False,True,True,False,False,0
chai|8ou3__1__1.A_1.C__1.E|1.E,high,False,False,True,False,False,False,0
chai|8oum__1__1.A__1.F_1.G|1.F,high,False,False,True,True,False,False,0
chai|8ovr__1__1.A__1.B|1.B,low,True,True,True,False,True,True,1
chai|8p0m__1__1.C__1.L|1.L,mid,True,True,True,True,False,False,1
chai|8p1e__1__1.D_1.E__1.P|1.P,mid,True,True,True,True,False,False,1
chai|8p1p__1__1.A__1.E|1.E,low,True,True,True,True,True,True,1
chai|8p4z__1__1.A__1.C|1.C,mid,True,False,True,False,False,False,0
chai|8pfl__1__1.A__1.C|1.C,low,True,True,True,True,True,True,1
chai|8plb__1__1.A__1.D|1.D,low,True,True,True,True,True,True,1
chai|8plu__1__1.A__1.D|1.D,low,True,True,True,True,True,True,1
chai|8pp8__1__1.A__1.D|1.D,high,False,False,True,True,False,False,0
chai|8pp9__1__1.A__1.C_1.D_1.H|1.C,high,False,False,True,True,False,False,1
chai|8pp9__1__1.A__1.C_1.D_1.H|1.D,high,False,False,True,True,False,False,0
chai|8pq9__1__1.A__1.C|1.C,mid,True,True,True,False,False,False,0
chai|8pqa__1__1.A__1.C|1.C,mid,True,True,True,False,False,False,0
chai|8pqf__1__1.A__1.C|1.C,mid,True,False,True,False,False,False,0
chai|8pqr__1__1.A_1.B_1.C__1.E|1.E,mid,False,True,True,True,False,False,0
chai|8px9__1__1.A_1.B__1.C_1.D|1.D,high,False,False,True,False,False,False,0
chai|8pxt__1__1.C__1.L|1.L,mid,False,True,True,True,False,False,0
chai|8q5v__1__1.A_1.B__1.P_1.Q|1.P,high,False,False,True,True,False,False,0
chai|8q9v__1__2.A__2.C_2.D_2.E|2.C,mid,True,False,True,True,False,False,1
chai|8qg1__1__1.D__1.S_1.T|1.S,high,False,False,True,True,False,False,0
chai|8qic__1__1.B__1.F_1.J|1.F,mid,True,False,True,True,False,False,1
chai|8qkb__1__1.D__1.CA_1.HA|1.CA,high,False,False,True,False,False,False,0
chai|8qmf__1__1.A_1.B__1.M_1.R_1.S|1.M,high,False,False,True,True,False,False,0
chai|8qnh__1__1.A__1.B|1.B,low,True,True,True,False,True,True,1
chai|8qqy__1__1.A__1.B|1.B,mid,True,False,True,False,False,False,0
chai|8qtg__1__1.A__1.B|1.B,low,True,True,True,True,True,True,1
chai|8qth__1__1.A__1.B|1.B,low,True,True,True,True,True,True,1
chai|8qtj__1__1.A__1.E|1.E,low,True,True,True,True,True,True,1
chai|8qtl__1__1.A_1.B__1.G|1.G,mid,True,True,True,True,False,False,1
chai|8qyq__1__1.A__1.H|1.H,mid,True,True,True,False,False,False,1
chai|8qyw__1__1.A_2.A__1.C_1.E|1.C,high,False,False,True,True,False,False,0
chai|8r1n__1__1.A__1.C|1.C,mid,True,True,True,True,False,False,0
chai|8r1p__1__1.A_1.B__1.C|1.C,mid,True,True,True,True,False,False,1
chai|8r3d__1__1.B_1.E__1.J|1.J,high,False,False,True,True,False,False,0
chai|8r3o__1__1.A_1.B__1.E_1.F_1.G|1.E,high,False,False,True,True,False,False,0
chai|8r3q__1__1.A_1.B__1.J_1.M|1.J,high,False,False,True,True,False,False,0
chai|8rb6__1__1.A__1.C_1.D|1.C,high,False,False,True,True,False,False,0
chai|8rkq__1__1.A__1.E|1.E,low,True,True,True,True,True,True,1
chai|8s8x__1__1.A__1.C_1.E_1.F_1.I|1.I,high,False,False,True,True,False,False,0
chai|8se5__1__1.A_1.B__1.H|1.H,low,True,True,True,False,True,True,0
chai|8se6__1__1.A_1.B__1.F|1.F,low,True,True,True,False,True,True,1
chai|8sft__1__1.A__1.E_1.F|1.F,low,True,True,True,True,True,True,1
chai|8sge__1__1.A__1.H|1.H,mid,True,False,True,True,False,False,0
chai|8sip__1__1.A_1.B__1.C|1.C,mid,True,True,True,True,False,False,0
chai|8skn__1__1.A__1.C|1.C,low,True,True,True,False,True,True,1
chai|8su1__1__1.A__1.C_1.D_1.E_1.F|1.F,high,False,False,True,False,False,False,0
chai|8sv9__1__1.A__1.C|1.C,mid,True,True,True,True,False,False,0
chai|8sz3__1__1.A_2.B__1.G|1.G,mid,True,True,True,False,False,False,1
chai|8tjc__1__1.A__1.K|1.K,mid,True,False,True,False,False,False,1
chai|8ts9__1__1.A__1.C|1.C,low,True,True,True,False,True,True,1
chai|8tsa__1__1.A__1.C|1.C,low,True,True,True,False,True,True,1
chai|8tsd__1__1.A__1.C|1.C,low,True,True,True,False,True,True,1
chai|8tti__1__1.A__1.E|1.E,high,False,False,True,False,False,False,0
chai|8uak__1__1.A__1.B|1.B,mid,True,True,True,True,False,False,0
chai|8uk6__1__1.A__1.C|1.C,low,True,True,True,True,True,True,1
chai|8un3__1__1.A__1.E_1.F_1.H|1.F,high,False,False,True,False,False,False,0
chai|8ux7__1__1.B__1.I|1.I,high,False,False,True,False,False,False,1
chai|8v8j__1__1.A__1.F|1.F,low,True,True,True,True,True,True,1
chai|8v8m__1__1.A__1.F_1.G|1.F,low,True,True,True,True,True,True,1
chai|8v8m__1__1.A__1.F_1.G|1.G,low,True,True,True,True,True,True,1
chai|8vw1__1__1.A__1.B_1.C|1.B,high,False,False,True,True,False,False,0
chai|8wjy__1__1.A__1.B|1.B,mid,True,True,True,False,False,False,0
chai|8wmy__1__1.A__1.C_1.D_1.E|1.C,mid,False,True,True,False,False,False,1
chai|8wr2__1__1.A__1.E_1.F|1.F,mid,True,False,True,True,False,False,1
chai|8wsm__1__1.A__1.D|1.D,low,True,True,True,False,True,True,1
chai|8wsw__1__1.A__1.E|1.E,mid,True,True,True,False,False,False,0
chai|8x1a__1__1.A__1.B|1.B,high,False,False,True,True,False,False,0
chai|8x6r__1__1.A__1.G_1.H_1.I|1.G,high,False,False,True,True,False,False,0
chai|8yhw__1__1.A__1.E_1.F|1.E,high,False,False,True,True,False,False,0
protenix|5s9l__1__1.A__1.H_1.I|1.H,high,True,False,False,False,False,False,0
protenix|5s9y__1__1.A__1.K|1.K,low,True,True,False,False,True,False,1
protenix|5s9z__1__1.A_1.B__1.R|1.R,mid,True,False,False,False,False,False,1
protenix|5sb2__1__1.A__1.G|1.G,mid,True,True,False,False,False,False,0
protenix|5scm__1__1.A__1.F_1.G_1.H_1.I|1.I,high,False,False,False,False,False,False,0
protenix|5scn__1__1.A__1.B_1.C|1.C,high,False,False,False,False,False,False,0
protenix|5se0__1__1.A__1.G|1.G,mid,True,True,False,False,False,False,0
protenix|5sea__1__1.A__1.G|1.G,mid,True,True,False,False,False,False,1
protenix|5see__1__1.A__1.E|1.E,mid,True,True,False,False,False,False,0
protenix|5sf4__1__1.A__1.G|1.G,mid,True,True,False,False,False,False,0
protenix|5sf7__1__1.A__1.G|1.G,mid,True,True,False,False,False,False,0
protenix|5sfg__1__1.A__1.G|1.G,mid,True,True,False,False,False,False,1
protenix|5sg5__1__1.A__1.G|1.G,mid,True,True,False,False,False,False,1
protenix|5sgz__1__1.A__1.G|1.G,mid,True,True,False,False,False,False,0
protenix|5shc__1__1.A__1.G|1.G,mid,True,True,False,False,False,False,0
protenix|5shg__1__1.A__1.G|1.G,mid,True,True,False,False,False,False,0
protenix|5shw__1__1.A__1.G|1.G,mid,True,True,False,False,False,False,1
protenix|5si5__1__1.A__1.G|1.G,mid,True,True,False,False,False,False,1
protenix|5si8__1__1.A__1.G|1.G,mid,True,True,False,False,False,False,0
protenix|5si9__1__1.A__1.G|1.G,mid,True,True,False,False,False,False,1
protenix|5sig__1__1.A__1.G|1.G,mid,True,True,False,False,False,False,1
protenix|5siq__1__1.A__1.H|1.H,mid,True,True,False,False,False,False,1
protenix|5siy__1__1.A__1.G|1.G,mid,True,False,False,False,False,False,0
protenix|5sk9__1__1.A__1.G|1.G,mid,True,True,False,False,False,False,0
protenix|5sko__1__1.A__1.G|1.G,mid,True,True,False,False,False,False,1
protenix|5skr__1__1.A__1.G|1.G,mid,True,False,False,False,False,False,0
protenix|5umb__1__1.A__1.E_1.F_1.G|1.G,high,False,False,False,False,False,False,0
protenix|6x4j__1__1.A_2.A__2.B_2.C_2.D_2.E|2.C,high,False,False,False,False,False,False,0
protenix|6x4k__1__1.A_2.A__1.B_1.C_1.D_1.E|1.C,high,False,False,False,False,False,False,0
protenix|6x4l__1__1.A_2.A__2.B_2.C_2.D_2.E|2.C,high,False,False,False,False,False,False,0
protenix|6zfz__1__1.A__1.B|1.B,mid,True,True,False,False,False,False,0
protenix|6zg9__1__1.A__1.B|1.B,mid,True,True,False,False,False,False,0
protenix|7afz__1__2.A__2.B_2.C_2.D|2.D,mid,True,True,False,False,False,False,0
protenix|7an8__1__1.B__1.E|1.E,mid,True,True,False,False,False,False,1
protenix|7aya__1__1.A__1.H_1.N_1.U|1.U,high,True,False,False,False,False,False,0
protenix|7b3p__1__1.A__1.G|1.G,mid,True,False,False,False,False,False,0
protenix|7bbn__1__1.B__1.E_1.F|1.E,high,False,False,False,False,False,False,0
protenix|7bia__1__1.A_1.B__1.D_1.E|1.D,high,False,False,False,False,False,False,0
protenix|7bk9__1__1.A_2.A__2.F|2.F,mid,True,False,False,False,False,False,1
protenix|7bm3__1__1.A__1.M_1.P|1.P,mid,True,False,False,False,False,False,1
protenix|7bn6__1__1.A__1.C_1.D|1.D,high,False,False,False,False,False,False,0
protenix|7bn7__1__1.A__1.E_1.F|1.E,high,False,False,False,False,False,False,0
protenix|7bo0__1__1.A__1.C_1.D|1.D,high,False,False,False,False,False,False,0
protenix|7dbj__1__1.A__1.E_1.F|1.E,high,False,False,False,False,False,False,0
protenix|7dbj__1__1.A__1.E_1.F|1.F,high,False,False,False,False,False,False,0
protenix|7di7__1__1.A__1.D|1.D,low,True,True,False,False,True,False,1
protenix|7dia__1__1.A__1.D_1.E_1.G|1.E,low,True,True,False,False,True,False,1
protenix|7dij__1__1.A__1.F_1.J|1.J,low,True,True,False,False,True,False,1
protenix|7dji__1__1.D_1.E__1.L|1.L,mid,True,True,False,False,False,False,1
protenix|7dn8__1__1.B__1.I_1.J|1.J,high,False,False,False,False,False,False,0
protenix|7dpk__1__1.A_1.B__1.C_1.D|1.C,high,True,False,False,False,False,False,0
protenix|7du9__1__1.A_1.B__1.D|1.D,high,True,False,False,False,False,False,0
protenix|7dw7__1__1.A__1.B_1.JB_1.KB_1.LB|1.B,high,False,False,False,False,False,False,0
protenix|7dxl__1__1.A__1.C|1.C,mid,True,False,False,False,False,False,1
protenix|7dyw__1__1.A__1.B_1.C|1.B,mid,True,False,False,False,False,False,0
protenix|7e1n__1__1.A_1.B__1.D|1.D,low,True,True,False,False,True,False,1
protenix|7e3n__1__1.A_2.A__1.B_1.C_1.D|1.B,high,False,False,False,False,False,False,0
protenix|7e48__1__1.C__1.J_1.K|1.J,high,False,False,False,False,False,False,0
protenix|7eba__1__1.A__1.C|1.C,mid,True,True,False,False,False,False,1
protenix|7edz__1__1.A_2.A__1.E_1.G_1.I|1.E,mid,False,True,False,False,False,False,0
protenix|7eer__1__2.A__2.E_2.F|2.E,high,False,False,False,False,False,False,1
protenix|7ef7__1__1.A__1.B_1.C|1.C,mid,True,True,False,False,False,False,0
protenix|7ei4__1__1.A_1.B_1.C__1.F|1.F,mid,True,False,False,False,False,False,1
protenix|7eji__1__1.D__1.V_1.W|1.W,mid,True,True,False,False,False,False,1
protenix|7ejv__1__1.B__1.D|1.D,mid,True,True,False,False,False,False,0
protenix|7en5__1__1.A_3.A_4.A__3.B|3.B,mid,False,True,False,False,False,False,1
protenix|7ene__1__1.A_1.B__1.E|1.E,mid,True,False,False,False,False,False,0
protenix|7ens__1__2.A__2.B_2.C_2.D|2.D,high,True,False,False,False,False,False,0
protenix|7erb__1__1.A__1.E_1.F|1.E,high,False,False,False,False,False,False,0
protenix|7ere__1__1.A_1.B__1.G_1.I|1.G,mid,True,True,False,False,False,False,1
protenix|7es1__1__1.A__1.C|1.C,mid,True,True,False,False,False,False,1
protenix|7ev3__1__2.A__2.B_2.C_2.D|2.B,high,False,False,False,False,False,False,0
protenix|7evu__1__1.B__1.E_1.F|1.F,mid,True,False,False,False,False,False,0
protenix|7evv__1__1.A__1.B_1.C|1.C,high,False,False,False,False,False,False,0
protenix|7exp__1__1.B__1.H_1.I|1.H,high,False,False,False,False,False,False,0
protenix|7eyt__1__1.A_1.C__1.E_1.F_1.G|1.F,mid,True,True,False,False,False,False,1
protenix|7eyu__1__1.A_1.B__1.C_1.D_1.E|1.D,mid,True,True,False,False,False,False,1
protenix|7ezq__1__2.A__2.B_2.C|2.B,high,True,False,False,False,False,False,0
protenix|7f21__1__1.A__1.C_1.D|1.C,high,False,False,False,False,False,False,1
protenix|7f22__1__1.B__1.E_1.F|1.E,high,False,False,False,False,False,False,0
protenix|7f22__1__1.B__1.E_1.F|1.F,high,False,False,False,False,False,False,1
protenix|7f35__1__1.A_1.B__1.G|1.G,mid,True,False,False,False,False,False,1
protenix|7f42__1__1.B__1.C|1.C,mid,True,False,False,False,False,False,1
protenix|7f50__1__1.A__1.B_1.C_1.E|1.E,high,False,False,False,False,False,False,0
protenix|7f6j__1__1.A__1.D_1.E|1.E,high,False,False,False,False,False,False,0
protenix|7f6w__1__2.A__2.B|2.B,high,False,False,False,False,False,False,0
protenix|7f7m__1__1.A__1.C_1.D|1.C,mid,True,False,False,False,False,False,1
protenix|7f8t__1__1.A__1.L_1.M|1.M,high,False,False,False,False,False,False,0
protenix|7f99__1__1.B__1.L_1.O|1.O,high,False,False,False,False,False,False,0
protenix|7f9a__1__1.A__1.C_1.O|1.O,high,False,False,False,False,False,False,0
protenix|7f9b__1__1.A__1.C_1.I|1.I,high,False,False,False,False,False,False,0
protenix|7fak__1__1.A__1.B|1.B,mid,True,False,True,False,False,False,1
protenix|7fan__1__1.A__1.B_1.C|1.B,mid,True,False,False,False,False,False,1
protenix|7fan__1__1.A__1.B_1.C|1.C,high,False,False,False,False,False,False,0
protenix|7far__1__1.A__1.B_1.C_1.D|1.D,mid,True,True,False,False,False,False,0
protenix|7fee__1__1.A__1.D|1.D,high,True,False,False,False,False,False,0
protenix|7fee__1__1.A__1.E|1.E,low,True,True,False,False,True,False,1
protenix|7fgm__1__1.A__1.C_1.D_1.E|1.C,high,False,False,False,False,False,False,0
protenix|7fgw__1__1.A__1.E_1.F_1.G|1.E,high,False,False,False,False,False,False,0
protenix|7fha__1__1.A__1.C|1.C,high,False,False,False,False,False,False,0
protenix|7fhb__1__1.A__1.B|1.B,high,False,False,False,False,False,False,0
protenix|7ftr__1__1.A__1.C_1.D_1.E_1.G|1.G,mid,True,False,True,True,False,False,1
protenix|7ftu__1__1.A__1.C_1.D_1.E_1.G|1.G,mid,True,True,True,True,False,False,1
protenix|7ftz__1__1.A__1.D|1.D,mid,True,True,True,True,False,False,1
protenix|7fu7__1__1.A__1.C|1.C,mid,True,True,True,True,False,False,1
protenix|7fu8__1__1.A__1.C|1.C,mid,True,True,True,True,False,False,1
protenix|7fuc__1__1.A__1.C|1.C,mid,True,True,True,True,False,False,1
protenix|7fuf__1__1.A__1.C|1.C,mid,True,True,True,True,False,False,1
protenix|7fum__1__1.A__1.C|1.C,mid,True,True,True,True,False,False,1
protenix|7fur__1__1.A__1.C_1.D_1.E_1.F|1.E,high,False,False,True,True,False,False,0
protenix|7fur__1__1.A__1.C_1.D_1.E_1.F|1.F,mid,True,False,True,True,False,False,1
protenix|7fwi__1__1.A__1.D|1.D,mid,True,False,True,False,False,False,1
protenix|7fy8__1__1.A__1.I_1.J|1.I,mid,True,False,True,False,False,False,0
protenix|7fyr__1__1.A__1.B|1.B,mid,True,True,True,False,False,False,1
protenix|7fz3__1__1.A__1.B|1.B,mid,True,False,True,False,False,False,0
protenix|7fzc__1__1.A__1.B|1.B,mid,True,False,True,False,False,False,0
protenix|7g00__1__1.A__1.Q|1.Q,mid,True,False,True,False,False,False,0
protenix|7g0g__1__1.A__1.B|1.B,mid,True,True,True,False,False,False,0
protenix|7g1j__1__1.A__1.B|1.B,mid,True,False,True,False,False,False,1
protenix|7g20__1__1.A__1.B|1.B,mid,True,True,True,False,False,False,1
protenix|7ge9__1__1.A_2.A__1.E|1.E,high,True,False,True,False,False,False,0
protenix|7gis__1__1.A_1.B__1.E_1.F|1.F,high,True,False,True,False,False,False,0
protenix|7jni__1__1.A__1.C|1.C,low,True,True,False,False,True,False,1
protenix|7kh4__1__1.A_1.F__1.G_1.W|1.G,high,False,False,False,False,False,False,0
protenix|7l00__1__1.B__1.J_1.K_1.L|1.K,mid,True,False,False,False,False,False,1
protenix|7l3m__1__1.A__1.B_1.D_1.E_1.F_1.G|1.E,high,False,False,False,False,False,False,0
protenix|7ldy__1__1.A_1.B__1.H|1.H,high,False,False,False,False,False,False,0
protenix|7le5__1__1.A_1.B__1.H|1.H,high,False,False,False,False,False,False,0
protenix|7lff__1__1.A__1.C_1.D|1.C,high,False,False,False,False,False,False,0
protenix|7lgx__1__2.B__2.F_2.H|2.F,high,True,False,False,False,False,False,0
protenix|7lgx__1__2.B__2.F_2.H|2.H,high,False,False,False,False,False,False,0
protenix|7lov__1__1.A__1.C_1.D_1.H|1.D,high,False,False,False,False,False,False,0
protenix|7lpw__1__1.A_1.B__1.G|1.G,mid,True,True,False,False,False,False,1
protenix|7lr9__1__1.A__1.C|1.C,high,True,False,False,False,False,False,0
protenix|7ltx__1__1.A__1.E_1.F_1.G|1.E,high,False,False,False,False,False,False,0
protenix|7ly6__1__1.A_2.A__1.B_1.C_1.D|1.B,low,True,True,False,False,True,False,1
protenix|7ly6__1__1.A_2.A__1.B_1.C_1.D|1.C,mid,False,True,False,False,False,False,0
protenix|7m9g__1__1.A_1.B__1.E|1.E,high,False,False,False,False,False,False,0
protenix|7m9h__1__1.A_1.B__1.E|1.E,high,False,False,False,False,False,False,0
protenix|7m9r__1__1.A_1.B__1.C|1.C,high,False,False,False,False,False,False,0
protenix|7ma0__1__1.A_1.B__1.I|1.I,high,False,False,False,False,False,False,0
protenix|7ma1__1__1.A_1.B__1.M|1.M,high,False,False,False,False,False,False,0
protenix|7ma3__1__1.A_1.B__1.E|1.E,high,False,False,False,False,False,False,0
protenix|7ma4__1__1.A_1.B__1.D|1.D,high,False,False,False,False,False,False,0
protenix|7ma5__1__1.A_1.B__1.G|1.G,high,False,False,False,False,False,False,0
protenix|7ma7__1__1.A_1.B__1.E|1.E,high,False,False,False,False,False,False,0
protenix|7ma8__1__1.A_1.B__1.E|1.E,high,False,False,False,False,False,False,0
protenix|7maq__1__1.A_1.B__1.C|1.C,high,False,False,False,False,False,False,0
protenix|7mjd__1__1.B__1.S|1.S,mid,True,False,False,False,False,False,1
protenix|7mmr__1__1.A_1.E__1.BA_1.CA_1.K|1.BA,high,False,False,False,False,False,False,0
protenix|7mt4__1__2.A_2.B__2.C|2.C,high,False,False,False,False,False,False,0
protenix|7mwn__1__1.A_1.B__1.C|1.C,mid,True,False,False,False,False,False,1
protenix|7mwt__1__1.A__1.B_1.C|1.B,high,False,False,False,False,False,False,0
protenix|7mwu__1__1.A__1.B_1.C|1.B,high,False,False,False,False,False,False,0
protenix|7mwv__1__1.A__1.B_1.C|1.B,high,False,False,False,False,False,False,0
protenix|7myd__1__1.A__1.C_1.G|1.C,high,False,False,False,False,False,False,0
protenix|7n4z__1__1.A__1.F|1.F,mid,True,True,False,False,False,False,1
protenix|7n53__1__1.A__1.D|1.D,mid,True,True,False,False,False,False,1
protenix|7n54__1__1.B__1.H|1.H,mid,True,False,False,False,False,False,0
protenix|7nag__1__1.A__1.C|1.C,mid,True,True,False,False,False,False,1
protenix|7nah__1__1.A__1.C|1.C,mid,True,True,False,False,False,False,1
protenix|7nai__1__1.A__1.C|1.C,mid,True,True,False,False,False,False,0
protenix|7ng1__1__2.A__2.C_2.D|2.C,mid,True,True,False,False,False,False,1
protenix|7ngs__1__1.A__1.B|1.B,high,False,False,False,False,False,False,0
protenix|7ngy__1__2.A__2.B|2.B,high,False,False,False,False,False,False,1
protenix|7nlv__1__1.A_1.C__1.G|1.G,high,True,False,False,False,False,False,0
protenix|7nsn__1__1.A__1.J|1.J,low,True,True,False,False,True,False,1
protenix|7nwc__1__1.A_1.B__1.G|1.G,mid,True,False,False,False,False,False,1
protenix|7nya__1__1.A_1.B__1.F|1.F,mid,True,True,False,False,False,False,1
protenix|7nzy__1__1.A__1.E|1.E,mid,True,True,False,False,False,False,0
protenix|7o46__1__1.A_2.A__1.B|1.B,mid,True,False,False,False,False,False,0
protenix|7oa4__1__1.A__1.E_1.F_1.H_1.I|1.E,mid,True,True,False,False,False,False,1
protenix|7ocs__1__1.D__1.BB|1.BB,mid,False,True,False,False,False,False,1
protenix|7oj6__1__1.A_1.C__1.Y|1.Y,mid,True,False,False,False,False,False,1
protenix|7ojw__1__1.A_1.C__1.F|1.F,mid,True,False,False,False,False,False,1
protenix|7ojy__1__1.A_1.B__1.D|1.D,mid,True,False,False,False,False,False,1
protenix|7ok1__1__1.A_1.B__1.D|1.D,mid,True,False,False,False,False,False,1
protenix|7oll__1__1.A_2.A__2.B_2.C_2.D|2.C,high,True,False,False,False,False,False,0
protenix|7olr__1__1.A_2.A__2.B_2.C_2.D|2.C,high,False,False,False,False,False,False,0
protenix|7ome__1__1.A__1.B|1.B,mid,True,True,False,False,False,False,1
protenix|7osq__1__1.A__1.B_1.C|1.B,high,False,False,False,False,False,False,0
protenix|7p1e__1__1.A__1.C_1.G|1.C,low,False,True,False,False,False,False,1
protenix|7p1u__1__1.A__1.C_1.D|1.C,high,False,False,False,False,False,False,0
protenix|7p2t__1__1.A__1.E_1.H|1.H,mid,True,False,False,False,False,False,1
protenix|7p4o__1__1.A__1.C_1.F|1.F,mid,True,True,False,False,False,False,0
protenix|7p50__1__1.A_1.B__1.D_1.E_1.F|1.F,high,False,False,False,False,False,False,0
protenix|7p5n__1__1.A__1.C|1.C,high,True,False,False,False,False,False,0
protenix|7pcm__1__1.A_1.B__1.F_1.I_1.J_1.K|1.F,mid,True,True,False,False,False,False,0
protenix|7pco__1__1.A_1.B__1.F_1.H_1.I_1.J|1.F,mid,True,True,False,False,False,False,0
protenix|7pd6__1__1.A_1.B__1.K|1.K,mid,True,True,False,False,False,False,1
protenix|7pdt__1__1.A__1.E|1.E,high,True,False,False,False,False,False,0
protenix|7pe4__1__1.A__1.B_1.C|1.B,high,False,False,True,False,False,False,0
protenix|7pjm__1__1.A_1.B__1.D_1.G_1.H|1.D,high,False,True,False,False,False,False,1
protenix|7pox__1__1.A__1.C|1.C,high,True,False,False,False,False,False,1
protenix|7pqv__1__1.A__1.B|1.B,mid,True,True,False,False,False,False,0
protenix|7psc__1__1.A_1.B__1.C_1.D|1.C,high,False,False,True,False,False,False,0
protenix|7pu9__1__1.A__1.B_1.C|1.B,mid,True,True,False,False,False,False,1
protenix|7pu9__1__1.A__1.B_1.C|1.C,mid,True,True,False,False,False,False,1
protenix|7puw__1__1.B__1.G_1.H|1.H,mid,True,True,False,False,False,False,0
protenix|7pwd__1__1.A__1.D|1.D,mid,True,True,False,False,False,False,0
protenix|7pz1__1__1.A__1.D|1.D,high,True,False,False,False,False,False,1
protenix|7pzv__1__1.A__1.B_1.C|1.C,mid,True,False,False,False,False,False,1
protenix|7q6v__1__1.A__1.E|1.E,mid,True,True,False,False,False,False,1
protenix|7q6w__1__1.A__1.E|1.E,mid,True,True,False,False,False,False,1
protenix|7q8q__1__1.A__1.C_1.E_1.J|1.C,mid,True,False,False,False,False,False,1
protenix|7q8z__1__1.A__1.E|1.E,mid,True,True,False,False,False,False,0
protenix|7qaa__1__1.B__1.D|1.D,high,True,False,False,False,False,False,0
protenix|7qea__1__1.A__1.C|1.C,low,True,True,False,False,True,False,1
protenix|7qqa__1__1.A_1.B__1.H_1.I|1.H,high,False,False,False,False,False,False,0
protenix|7qt6__1__1.A__1.B|1.B,high,True,False,False,False,False,False,0
protenix|7qzl__1__1.B__1.F_1.H|1.H,mid,True,True,False,False,False,False,1
protenix|7r0a__1__1.A__1.C|1.C,mid,True,False,False,False,False,False,1
protenix|7r2v__1__1.A__1.C_1.D|1.C,high,False,False,False,False,False,False,0
protenix|7r4a__1__1.A__1.C|1.C,mid,True,True,True,False,False,False,0
protenix|7r5d__1__1.A__1.C|1.C,mid,True,True,True,False,False,False,0
protenix|7r7r__1__1.A__1.B|1.B,high,False,False,False,False,False,False,0
protenix|7r9n__1__1.B__1.E|1.E,high,True,False,False,False,False,False,0
protenix|7r9t__1__1.A__1.C|1.C,mid,True,True,False,False,False,False,1
protenix|7rae__1__1.A__1.C|1.C,high,True,False,False,False,False,False,0
protenix|7raf__1__1.A__1.C|1.C,high,True,False,False,False,False,False,0
protenix|7rbw__1__1.A__1.C|1.C,low,True,True,False,False,True,False,1
protenix|7rl2__1__1.A__1.C|1.C,high,True,False,False,False,False,False,1
protenix|7rls__1__1.A_2.A__2.B|2.B,high,False,False,False,False,False,False,0
protenix|7rmb__1__1.A_2.A__2.B|2.B,high,False,False,False,False,False,False,0
protenix|7rre__1__1.A__1.B_1.C_1.D|1.B,mid,True,False,False,False,False,False,1
protenix|7s1s__1__1.A__1.C_1.D|1.D,mid,True,False,False,False,False,False,1
protenix|7s5f__1__1.A__1.E_1.F|1.F,mid,True,False,False,False,False,False,1
protenix|7s6v__1__1.A__1.B|1.B,mid,True,True,False,False,False,False,0
protenix|7s7t__1__1.A__1.B|1.B,low,True,True,False,False,True,False,1
protenix|7scw__1__1.A_1.B__1.C_1.D|1.D,high,False,False,False,False,False,False,0
protenix|7sh0__1__1.A__1.C_1.D_1.H|1.D,mid,True,False,False,False,False,False,1
protenix|7siu__1__1.A__1.C|1.C,mid,True,False,False,False,False,False,0
protenix|7snz__1__1.A_1.B__1.C|1.C,high,True,False,False,False,False,False,0
protenix|7spy__1__1.A_2.A__2.B_2.C|2.B,high,False,False,False,False,False,False,0
protenix|7sqe__1__1.A__1.D|1.D,high,True,False,False,False,False,False,0
protenix|7sqn__1__1.A__1.B_1.E|1.B,high,False,False,False,False,False,False,0
protenix|7suf__1__1.A__1.B_1.D|1.B,mid,True,True,False,False,False,False,0
protenix|7sv1__1__1.A__1.C_1.D|1.D,high,True,False,False,False,False,False,1
protenix|7sxj__1__1.A__1.C|1.C,high,False,False,True,False,False,False,0
protenix|7t0c__1__1.A_1.B__1.VA|1.VA,high,False,False,False,False,False,False,1
protenix|7t1d__1__1.A_1.B__1.G_1.I|1.I,mid,True,False,True,False,False,False,1
protenix|7t2z__1__1.A_1.B__1.F_1.H|1.F,mid,True,True,False,False,False,False,1
protenix|7t5k__1__1.A__1.D|1.D,mid,True,False,False,False,False,False,0
protenix|7t5r__1__1.A_1.C__1.I_1.J|1.I,mid,True,False,False,False,False,False,1
protenix|7t5r__1__1.A_1.C__1.I_1.J|1.J,mid,True,False,False,False,False,False,1
protenix|7t5x__1__1.A_1.C__1.I|1.I,mid,True,False,False,False,False,False,1
protenix|7t5y__1__1.B__1.G|1.G,mid,True,False,False,False,False,False,0
protenix|7t5z__1__1.A_1.C__1.I|1.I,mid,True,False,False,False,False,False,1
protenix|7t60__1__1.B_1.C__1.M|1.M,mid,True,False,False,False,False,False,0
protenix|7t61__1__1.B_1.C__1.L|1.L,mid,True,False,False,False,False,False,1
protenix|7t6c__1__1.A__1.E|1.E,mid,True,False,False,False,False,False,1
protenix|7t6h__1__1.A__1.C_1.D|1.C,high,False,False,False,False,False,False,0
protenix|7t6h__1__1.A__1.C_1.D|1.D,high,False,False,False,False,False,False,0
protenix|7tba__1__1.A__1.U_1.V_1.W|1.U,mid,True,True,False,False,False,False,0
protenix|7tbc__1__1.A__1.B_1.J_1.L_1.S|1.S,mid,True,True,False,False,False,False,1
protenix|7tbd__1__1.A__1.E|1.E,mid,True,True,False,False,False,False,0
protenix|7td8__1__1.A_1.B__1.AA_1.W|1.AA,high,True,False,False,False,False,False,0
protenix|7te8__1__1.A_1.B__1.E|1.E,mid,True,True,False,False,False,False,1
protenix|7tgk__1__1.A__1.Q_1.R_1.S|1.Q,high,False,False,False,False,False,False,0
protenix|7tgl__1__1.B__1.R_1.S_1.U_1.W_1.X|1.S,high,False,False,False,False,False,False,0
protenix|7tm5__1__1.A__1.C_1.D_1.E|1.C,high,False,False,False,False,False,False,0
protenix|7tm6__1__1.A__1.C_1.D|1.C,high,False,False,False,False,False,False,0
protenix|7tm6__1__1.A__1.C_1.D|1.D,high,False,False,False,False,False,False,0
protenix|7tmf__1__1.A_1.B__1.J_1.P|1.J,high,False,False,False,False,False,False,0
protenix|7tuo__1__1.A__1.B|1.B,low,True,True,True,False,True,True,1
protenix|7twz__1__1.A__1.G_1.K|1.G,high,False,False,False,False,False,False,0
protenix|7txh__1__1.A__1.G_1.H_1.I|1.G,high,False,False,False,False,False,False,0
protenix|7u0r__1__1.B__1.I_1.J_1.K_1.L|1.I,mid,True,True,True,False,False,False,1
protenix|7u2z__1__1.A__1.C|1.C,mid,True,True,False,False,False,False,1
protenix|7u6b__1__1.A__1.B_1.E|1.B,mid,True,False,False,False,False,False,0
protenix|7u8w__1__1.A__1.C|1.C,mid,True,False,True,False,False,False,0
protenix|7u8x__1__1.A__1.B|1.B,mid,True,False,True,False,False,False,1
protenix|7u8y__1__1.B__1.G_1.H_1.I_1.J|1.G,mid,True,True,True,False,False,False,1
protenix|7u8y__1__1.B__1.G_1.H_1.I_1.J|1.H,mid,True,True,True,False,False,False,1
protenix|7u9u__1__2.A__2.C_2.D|2.C,high,False,True,False,False,False,False,0
protenix|7ubo__1__1.A__1.E|1.E,mid,True,True,False,False,False,False,1
protenix|7udq__1__1.A__1.C|1.C,low,True,True,True,False,True,True,0
protenix|7ue6__1__1.A_2.A__2.C_2.F_2.G_2.H|2.G,high,False,False,True,False,False,False,0
protenix|7ueo__1__1.A_2.A__2.B_2.C_2.E|2.C,high,False,False,True,False,False,False,0
protenix|7uep__1__1.A_2.A__2.B_2.C_2.D_2.E|2.B,high,False,False,True,False,False,False,0
protenix|7ueq__1__1.A_2.A__2.B_2.C_2.D|2.B,high,False,False,True,False,False,False,0
protenix|7ueu__1__1.A_2.A__2.C_2.D_2.E|2.C,high,False,False,True,False,False,False,0
protenix|7uf8__1__1.A__1.E_1.F|1.F,low,True,True,True,False,True,True,0
protenix|7ugb__1__1.A__1.C|1.C,high,False,False,True,False,False,False,0
protenix|7ugl__1__1.A__1.C|1.C,mid,True,False,True,False,False,False,1
protenix|7uj8__1__1.A__1.C|1.C,high,True,False,False,False,False,False,0
protenix|7ujc__1__1.B__1.D|1.D,high,True,False,False,False,False,False,0
protenix|7ujf__1__1.A__1.E|1.E,high,False,False,False,False,False,False,0
protenix|7ulf__1__1.A_2.A__2.B_2.C_2.D_2.E|2.B,mid,True,True,True,False,False,False,1
protenix|7um4__1__1.A__1.I|1.I,mid,True,False,False,False,False,False,0
protenix|7um8__1__1.A_2.B__1.C_1.D|1.C,high,False,False,True,False,False,False,0
protenix|7uoh__1__1.A__1.C_1.D|1.C,mid,True,False,False,False,False,False,1
protenix|7utw__1__1.A_1.B__1.C_1.E_1.F|1.E,high,False,False,True,False,False,False,0
protenix|7utw__1__1.A_1.B__1.C_1.E_1.F|1.F,high,False,False,True,False,False,False,0
protenix|7uum__1__1.A_2.A__1.B_1.C|1.C,low,True,True,False,False,True,False,1
protenix|7uw2__1__1.A__1.C|1.C,high,False,False,True,False,False,False,0
protenix|7uy0__1__1.A__1.E|1.E,high,True,False,False,False,False,False,0
protenix|7v0h__1__1.B__1.N_1.P|1.P,mid,True,True,False,False,False,False,1
protenix|7vdp__1__1.A__1.E_1.F|1.E,mid,True,True,False,False,False,False,0
protenix|7vdq__1__1.A__1.E|1.E,mid,True,True,False,False,False,False,0
protenix|7vdr__1__1.A__1.E_1.F_1.N|1.E,mid,True,True,False,False,False,False,0
protenix|7vds__1__1.A__1.E|1.E,mid,True,True,False,False,False,False,1
protenix|7vez__1__1.A_1.D__1.E|1.E,high,False,False,False,False,False,False,0
protenix|7vmy__1__1.A__1.C_1.D_1.E|1.D,mid,False,True,False,False,False,False,1
protenix|7vo5__1__1.A__1.B|1.B,low,True,True,False,False,True,False,1
protenix|7vpe__1__1.A__1.B|1.B,low,True,True,False,False,True,False,1
protenix|7vqt__1__1.A__1.G_1.H|1.H,high,False,False,False,False,False,False,0
protenix|7vqu__1__1.A__1.G_1.H|1.H,high,False,False,False,False,False,False,0
protenix|7vwf__1__1.A_1.B__1.C_1.E|1.C,high,False,False,False,False,False,False,1
protenix|7vwf__1__1.A_1.B__1.C_1.E|1.E,high,False,False,False,False,False,False,1
protenix|7vyp__1__1.A_1.B__1.C_1.K_1.P_1.Q|1.P,low,True,True,False,False,True,False,1
protenix|7vzy__1__1.A_1.B__1.C_1.D_1.E_1.M|1.C,low,True,True,False,False,True,False,1
protenix|7vzz__1__1.A_1.B__1.AA_1.Y_1.Z|1.AA,low,True,True,False,False,True,False,1
protenix|7w2d__1__1.B__1.R|1.R,mid,True,False,False,False,False,False,0
protenix|7w3l__1__1.A__1.B_1.C_1.J|1.B,high,False,False,False,False,False,False,0
protenix|7w4x__1__1.A__1.C_1.D_1.E|1.E,mid,True,True,False,False,False,False,1
protenix|7w8v__1__1.A__1.B_1.D|1.D,high,False,False,False,False,False,False,0
protenix|7wc6__1__1.A__1.F|1.F,high,True,False,False,False,False,False,0
protenix|7wc8__1__1.A__1.H|1.H,mid,True,True,False,False,False,False,0
protenix|7wcv__1__1.A__1.B_1.C_1.D|1.B,high,False,False,False,False,False,False,0
protenix|7wdu__1__1.A__1.C|1.C,low,True,True,False,False,True,False,1
protenix|7wf5__1__1.A__1.C|1.C,high,True,False,False,False,False,False,0
protenix|7wgl__1__1.A__1.D|1.D,high,True,False,False,False,False,False,0
protenix|7wlw__1__1.A__1.I|1.I,high,False,False,False,False,False,False,0
protenix|7wmk__1__1.A__1.B_1.G|1.B,high,True,True,False,False,False,False,0
protenix|7wpx__1__1.A__1.B_1.C|1.C,mid,True,True,False,False,False,False,1
protenix|7wqm__1__1.A__1.C_1.D|1.C,high,False,False,True,False,False,False,0
protenix|7wqs__1__1.A__1.C_1.D|1.C,high,False,False,True,False,False,False,0
protenix|7wrr__1__1.A_1.B__1.E_1.F_1.H|1.E,high,False,False,False,False,False,False,0
protenix|7wzv__1__1.A__1.C_1.E_1.F_1.K_1.O|1.E,mid,False,True,False,False,False,False,0
protenix|7wzv__1__1.A__1.C_1.E_1.F_1.K_1.O|1.F,low,True,True,False,False,True,False,0
protenix|7wzx__1__1.A__1.B_1.D_1.E_1.I|1.I,low,True,True,False,False,True,False,0
protenix|7x0b__1__1.A__1.C_1.E_1.N|1.E,mid,False,True,False,False,False,False,0
protenix|7x3l__1__1.A__1.C_1.D|1.C,high,False,False,True,False,False,False,0
protenix|7x3m__1__1.A__1.C_1.D|1.C,high,False,False,True,False,False,False,0
protenix|7x3o__1__1.A__1.C_1.D|1.C,high,False,False,True,False,False,False,0
protenix|7x9d__1__1.A__1.E|1.E,mid,True,False,True,False,False,False,1
protenix|7x9l__1__1.A__1.C_1.E_1.F|1.C,high,False,False,False,False,False,False,0
protenix|7xif__1__1.F__1.W_1.X|1.X,mid,False,True,False,False,False,False,0
protenix|7xjb__1__1.A__1.E_1.F_1.G|1.E,high,False,False,True,False,False,False,0
protenix|7xlp__1__1.A__1.B|1.B,mid,True,False,True,False,False,False,0
protenix|7xm7__1__1.A__1.E|1.E,mid,True,False,False,False,False,False,1
protenix|7xnc__1__1.A__1.B|1.B,mid,True,False,True,False,False,False,0
protenix|7xqv__1__1.A__1.D_1.E|1.D,high,False,False,False,False,False,False,0
protenix|7xrr__1__1.A__1.B|1.B,high,True,False,False,False,False,False,0
protenix|7xub__1__1.A__1.H|1.H,mid,True,False,True,False,False,False,1
protenix|7xvh__1__2.A__2.B_2.C|2.C,high,True,False,True,False,False,False,0
protenix|7xxc__1__1.A_1.B_1.D__1.M|1.M,low,True,True,True,False,True,True,1
protenix|7xxm__1__1.A_1.B_1.C__1.K|1.K,low,True,True,True,False,True,True,1
protenix|7xxn__1__2.A__2.B_2.C|2.B,low,True,True,True,False,True,True,1
protenix|7xyj__1__1.A_1.B__1.E_1.F|1.E,high,False,False,True,False,False,False,0
protenix|7y06__1__1.A__1.B_1.C|1.B,mid,True,True,False,False,False,False,0
protenix|7y4a__1__1.A__1.I_1.J_1.K|1.K,high,False,False,True,False,False,False,0
protenix|7yb2__1__1.C__1.L_1.M|1.M,high,False,False,True,False,False,False,0
protenix|7ycc__1__1.A__1.D_1.E_1.F|1.D,high,False,False,False,False,False,False,0
protenix|7yce__1__1.A__1.B_1.C_1.D_1.E|1.B,high,False,False,False,False,False,False,0
protenix|7yd2__1__1.A_1.B__1.K|1.K,low,True,True,True,False,True,True,1
protenix|7yh9__1__1.A__1.G_1.H_1.I|1.I,mid,True,True,True,False,False,False,1
protenix|7yha__1__1.A__1.E_1.F_1.G_1.H|1.G,mid,True,True,True,False,False,False,1
protenix|7yha__1__1.A__1.E_1.F_1.G_1.H|1.H,mid,True,True,True,False,False,False,1
protenix|7yhc__1__1.A__1.I_1.J_1.K|1.K,mid,True,False,True,False,False,False,0
protenix|7yj9__1__1.A_2.A__2.B|2.B,high,False,False,False,False,False,False,1
protenix|7ypu__1__1.A_1.B__1.I|1.I,low,True,True,True,False,True,True,1
protenix|7ypu__1__1.A_1.B__1.J_1.K|1.J,low,True,True,True,False,True,True,1
protenix|7ypv__1__1.A_1.B__1.J|1.J,low,True,True,True,False,True,True,1
protenix|7yv4__1__1.A__1.B|1.B,low,True,True,True,False,True,True,1
protenix|7yxd__1__1.A__1.I|1.I,high,True,False,False,False,False,False,0
protenix|7yxl__1__1.A__1.C_1.E|1.E,low,False,True,False,False,False,False,0
protenix|7yzu__1__1.A__1.B|1.B,mid,False,True,False,False,False,False,0
protenix|7z0w__1__1.A_1.B__1.J_1.K|1.J,high,False,False,False,False,False,False,0
protenix|7z1v__1__1.A__1.C|1.C,mid,True,True,True,False,False,False,0
protenix|7z1w__1__1.A__1.C|1.C,mid,True,False,True,False,False,False,0
protenix|7z2q__1__1.A__1.C|1.C,mid,True,False,True,False,False,False,0
protenix|7z39__1__1.A__1.C|1.C,mid,True,True,False,False,False,False,1
protenix|7z3k__1__1.A__1.D_1.DA_1.E_1.F_1.P|1.DA,mid,True,True,True,False,False,False,1
protenix|7z3y__1__1.A__1.D|1.D,mid,True,False,True,False,False,False,1
protenix|7z41__1__1.A__1.C|1.C,mid,True,False,True,False,False,False,1
protenix|7z57__1__1.A__1.B_1.C_1.J|1.B,mid,True,True,False,False,False,False,1
protenix|7z57__1__1.A__1.B_1.C_1.J|1.C,mid,True,True,False,False,False,False,1
protenix|7z5u__1__1.A__1.B_1.C|1.C,low,True,True,False,False,True,False,0
protenix|7z5x__1__1.A__1.C|1.C,high,False,False,False,False,False,False,0
protenix|7z6c__1__1.A__1.B_1.C_1.D|1.B,high,False,False,False,False,False,False,0
protenix|7z74__1__1.A__1.B_1.C|1.B,mid,True,True,False,False,False,False,1
protenix|7z78__1__1.A__1.D|1.D,mid,True,False,False,False,False,False,0
protenix|7za0__1__1.A__1.B|1.B,high,True,False,True,False,False,False,1
protenix|7zf0__1__1.A__1.B_1.C_1.I_1.J_1.K|1.I,mid,False,True,False,False,False,False,1
protenix|7zg9__1__1.A__1.C|1.C,low,True,True,True,False,True,True,1
protenix|7zgc__1__1.A__1.B|1.B,mid,True,True,True,False,False,False,1
protenix|7zif__1__1.A__1.B_1.C|1.C,mid,True,False,False,False,False,False,1
protenix|7zig__1__1.A__1.B_1.C|1.B,mid,True,False,False,False,False,False,1
protenix|7zih__1__1.A__1.B_1.C|1.C,mid,True,False,False,False,False,False,1
protenix|7zii__1__1.A__1.B_1.C|1.C,mid,True,False,False,False,False,False,1
protenix|7zij__1__1.A__1.B_1.C|1.B,mid,True,False,False,False,False,False,1
protenix|7zjq__1__1.A__1.E|1.E,mid,True,True,False,False,False,False,1
protenix|7zks__1__1.A__1.B|1.B,mid,True,True,True,False,False,False,1
protenix|7zkw__1__1.A_1.C__1.E|1.E,low,True,True,False,False,True,False,1
protenix|7zkx__1__1.A__1.B_1.L|1.B,mid,True,True,True,False,False,False,1
protenix|7zq3__1__2.A_2.B__2.C_2.D|2.C,high,False,False,False,False,False,False,0
protenix|7zqk__1__1.A_1.B__1.C_1.D|1.C,high,False,False,False,False,False,False,0
protenix|7zsq__1__1.B_1.C__1.G_1.I|1.G,mid,True,True,True,False,False,False,0
protenix|7zxw__1__1.A__1.C_1.D_1.G|1.D,high,False,False,False,False,False,False,0
protenix|7zym__1__1.A__1.B|1.B,high,True,False,True,False,False,False,0
protenix|7zzs__1__1.A__1.D_1.J_1.L|1.L,mid,True,True,False,False,False,False,1
protenix|7zzw__1__1.A__1.E_1.M|1.M,low,True,True,False,False,True,False,1
protenix|8a12__1__1.A__1.D_1.G|1.D,high,False,False,True,False,False,False,0
protenix|8a2p__1__1.A__1.B|1.B,high,False,False,True,False,False,False,0
protenix|8a66__1__1.A__1.C|1.C,high,True,True,False,False,False,False,0
protenix|8a9i__1__1.A__1.B|1.B,mid,True,True,False,False,False,False,0
protenix|8acm__1__1.A__1.E|1.E,high,True,True,True,False,False,False,1
protenix|8ad7__1__1.A__1.J|1.J,high,False,False,False,False,False,False,0
protenix|8ajw__1__1.B_1.C__1.I_1.J|1.I,high,False,False,True,False,False,False,0
protenix|8ajw__1__1.B_1.C__1.I_1.J|1.J,high,False,False,True,False,False,False,0
protenix|8ak5__1__1.A__1.C_1.E_1.F_1.G|1.C,high,False,False,True,False,False,False,0
protenix|8ak5__1__1.A__1.C_1.E_1.F_1.G|1.E,mid,True,True,True,False,False,False,1
protenix|8ak7__1__1.A__1.C_1.E_1.G|1.C,high,False,False,True,False,False,False,0
protenix|8ak8__1__1.A__1.C_1.F_1.L|1.C,high,False,False,True,False,False,False,0
protenix|8akd__1__1.A__1.C_1.E|1.E,mid,True,True,True,False,False,False,1
protenix|8am2__1__1.A__1.D|1.D,mid,True,True,True,False,False,False,1
protenix|8am8__1__1.A__1.C_1.J|1.J,mid,True,True,True,True,False,False,0
protenix|8apw__1__1.A_2.A__2.C|2.C,mid,True,False,True,False,False,False,0
protenix|8aqf__1__1.A__1.B|1.B,mid,True,True,True,False,False,False,1
protenix|8arj__1__1.A__1.B|1.B,mid,True,True,False,False,False,False,0
protenix|8atb__1__1.A__1.C|1.C,mid,True,True,True,False,False,False,0
protenix|8au8__1__1.A_1.B__1.C_1.D_1.H|1.C,high,False,False,True,False,False,False,0
protenix|8aue__1__1.A__1.C_1.D|1.D,mid,True,False,True,False,False,False,1
protenix|8aui__1__1.A_1.B__1.C_1.D_1.G|1.C,high,False,False,True,False,False,False,0
protenix|8aui__1__1.A_1.B__1.C_1.D_1.G|1.D,mid,True,False,True,False,False,False,1
protenix|8aui__1__1.A_1.B__1.C_1.D_1.G|1.G,mid,True,False,True,False,False,False,1
protenix|8auj__1__1.A__1.C_1.D|1.D,mid,True,False,True,False,False,False,1
protenix|8av1__1__1.B__1.J_1.M|1.M,mid,True,True,True,False,False,False,0
protenix|8aw1__1__1.A__1.C|1.C,high,False,False,True,False,False,False,0
protenix|8axp__1__1.A__1.C|1.C,mid,True,True,False,False,False,False,1
protenix|8ay6__1__1.A_1.B__1.C|1.C,high,True,False,True,False,False,False,0
protenix|8aya__1__1.A_1.B__1.C|1.C,high,True,False,True,False,False,False,0
protenix|8azd__1__1.A__1.C|1.C,high,False,False,True,False,False,False,0
protenix|8azi__1__1.A__1.C|1.C,high,False,False,True,True,False,False,0
protenix|8azl__1__1.A__1.C|1.C,high,False,False,True,True,False,False,0
protenix|8b08__1__1.B__1.E|1.E,high,False,False,True,False,False,False,0
protenix|8b25__1__1.A_1.B__1.J|1.J,low,True,True,False,False,True,False,1
protenix|8b72__1__1.A_1.B__1.F_1.G|1.F,mid,True,False,False,False,False,False,1
protenix|8b80__1__1.A__1.F_1.G|1.F,high,False,False,False,False,False,False,1
protenix|8b9h__1__1.A__1.B|1.B,mid,True,True,True,False,False,False,0
protenix|8bab__1__1.A__1.H_1.I|1.I,mid,True,True,True,False,False,False,0
protenix|8baj__1__1.A__1.B|1.B,high,False,False,False,False,False,False,0
protenix|8bam__1__1.A__1.C_1.D|1.C,high,False,False,True,False,False,False,0
protenix|8bgx__1__1.A_1.D__1.E_1.F_1.I|1.F,mid,True,True,True,False,False,False,0
protenix|8bgy__1__1.A_1.B__1.E_1.F|1.F,mid,True,True,True,False,False,False,1
protenix|8bgz__1__1.A_1.B__1.F|1.F,mid,True,True,True,False,False,False,1
protenix|8bh0__1__1.A_1.D__1.J|1.J,mid,True,True,True,False,False,False,1
protenix|8bid__1__1.C_2.A__2.F_2.G|2.F,mid,True,True,True,False,False,False,1
protenix|8bih__1__1.A_1.L__1.N|1.N,mid,True,True,True,False,False,False,1
protenix|8bir__1__1.A_1.B__1.D|1.D,mid,True,True,True,False,False,False,1
protenix|8bji__1__1.A_1.B__1.C_1.D|1.C,high,False,False,True,False,False,False,0
protenix|8bl0__1__1.A__1.C_1.E|1.C,high,False,False,True,False,False,False,0
protenix|8bl1__1__1.A__1.C_1.E|1.C,high,False,False,True,False,False,False,0
protenix|8blz__1__1.A__1.B_1.D|1.B,high,False,False,True,False,False,False,0
protenix|8br0__1__1.A_1.B__1.E_1.F_1.G|1.E,high,False,False,True,False,False,False,0
protenix|8br0__1__1.A_1.B__1.E_1.F_1.G|1.F,high,False,False,True,False,False,False,0
protenix|8bsg__1__1.A__1.B|1.B,high,False,False,True,False,False,False,0
protenix|8bst__1__1.A__1.R|1.R,high,False,False,True,False,False,False,0
protenix|8bsu__1__1.A_1.D__1.I_1.OA_1.SA|1.I,high,False,False,True,False,False,False,1
protenix|8bsu__1__1.A_1.D__1.I_1.OA_1.SA|1.OA,high,False,False,True,False,False,False,1
protenix|8bxx__1__1.A__1.E_1.F|1.E,high,False,False,True,False,False,False,0
protenix|8c1f__1__1.A__1.B_1.C_1.D_1.J|1.B,high,False,False,True,True,False,False,0
protenix|8c3g__1__1.C__1.AA|1.AA,mid,True,True,True,True,False,False,0
protenix|8c3i__1__1.B__1.D|1.D,high,False,False,True,True,False,False,0
protenix|8c3n__1__1.A__1.C_1.D|1.C,high,False,False,True,False,False,False,0
protenix|8c3u__1__1.A__1.C|1.C,low,True,True,True,False,True,True,1
protenix|8c47__1__1.B__1.E_1.F|1.E,high,False,False,True,True,False,False,0
protenix|8c4w__1__1.A__1.J_1.K_1.P|1.K,mid,True,True,True,False,False,False,1
protenix|8c6f__1__1.A__1.B_1.C|1.B,high,False,False,True,False,False,False,0
protenix|8c6s__1__1.A__1.C|1.C,mid,True,True,True,False,False,False,1
protenix|8c74__1__1.A__1.C|1.C,mid,True,True,True,False,False,False,1
protenix|8c7r__1__1.A__1.C_1.D|1.C,mid,True,True,True,False,False,False,0
protenix|8c7r__1__1.A__1.C_1.D|1.D,high,False,True,True,False,False,False,0
protenix|8cey__1__1.A__1.D|1.D,mid,True,False,True,True,False,False,1
protenix|8cfo__1__1.A_1.D__1.E_1.F_1.K|1.E,high,False,False,True,True,False,False,0
protenix|8cfo__1__1.A_1.D__1.E_1.F_1.K|1.F,high,True,False,True,True,False,False,1
protenix|8cg0__1__1.D__1.IA|1.IA,low,True,True,True,True,True,True,1
protenix|8cij__1__1.A__1.B|1.B,mid,True,True,True,False,False,False,0
protenix|8cji__1__1.A__1.B_1.C|1.C,mid,True,False,True,True,False,False,1
protenix|8cjj__1__1.A__1.B_1.C|1.C,mid,True,False,True,True,False,False,1
protenix|8cjk__1__1.A__1.B_1.C|1.C,mid,True,True,True,True,False,False,1
protenix|8clq__1__1.A__1.E|1.E,low,True,True,True,True,True,True,1
protenix|8cnm__1__1.A_1.B__1.F_1.N_1.S|1.N,high,False,False,True,True,False,False,0
protenix|8cno__1__1.A_1.B__1.C_1.E_1.F|1.C,high,False,False,True,True,False,False,0
protenix|8coq__1__1.A__1.C_1.D|1.D,mid,True,True,True,True,False,False,0
protenix|8cou__1__1.A__1.V|1.V,mid,True,False,True,True,False,False,1
protenix|8cp4__1__2.A__2.H_2.I|2.I,mid,False,True,True,True,False,False,1
protenix|8cp7__1__1.A__1.B|1.B,high,False,False,True,False,False,False,0
protenix|8cpb__1__1.B__1.H|1.H,high,False,False,True,False,False,False,0
protenix|8cq8__1__1.A__1.C_1.D_1.E|1.E,high,False,False,True,True,False,False,0
protenix|8cqv__1__1.A_1.B__1.K_1.P|1.K,high,False,False,True,True,False,False,0
protenix|8cu7__1__1.A__1.C|1.C,mid,True,False,False,False,False,False,0
protenix|8cvf__1__1.A__1.D_1.E_1.F_1.G|1.D,high,False,False,True,False,False,False,0
protenix|8d19__1__1.A__1.C_1.D|1.D,high,False,False,True,False,False,False,0
protenix|8d3e__1__1.A__1.C_1.D|1.C,high,False,False,True,False,False,False,0
protenix|8d3h__1__1.A__1.C_1.D|1.C,high,False,False,True,False,False,False,0
protenix|8d3j__1__1.A__1.D_1.E_1.F|1.D,high,False,False,True,False,False,False,0
protenix|8d6e__1__1.A__1.D|1.D,mid,True,True,False,False,False,False,0
protenix|8d6m__1__1.A__1.C|1.C,high,False,False,False,False,False,False,1
protenix|8d6t__1__1.A__1.C|1.C,high,False,False,False,False,False,False,1
protenix|8dil__1__1.A_1.B__1.K_1.L_1.M|1.L,high,False,False,False,False,False,False,0
protenix|8dkp__1__1.A__1.C_1.D|1.C,high,False,False,False,False,False,False,0
protenix|8dkp__1__1.A__1.C_1.D|1.D,high,False,False,False,False,False,False,0
protenix|8dkq__1__1.A__1.C_1.D|1.C,high,False,False,False,False,False,False,0
protenix|8dkt__1__1.A_1.B__1.D_1.E|1.D,high,False,False,True,False,False,False,1
protenix|8dq8__1__1.B__1.F_1.G|1.F,high,False,False,True,False,False,False,0
protenix|8dsc__1__1.B__1.L|1.L,mid,True,True,True,False,False,False,1
protenix|8dse__1__1.A_1.B__1.C_1.G|1.G,mid,True,False,True,False,False,False,1
protenix|8dsh__1__1.A_1.B__1.C|1.C,high,False,False,True,False,False,False,1
protenix|8dsh__1__1.A_1.B__1.E_1.F|1.F,mid,True,True,True,False,False,False,1
protenix|8dt5__1__1.B__1.I_1.M_1.O|1.O,high,True,False,False,False,False,False,1
protenix|8dxk__1__1.A_1.B__1.C|1.C,high,True,False,True,False,False,False,0
protenix|8e0t__1__1.C__1.F|1.F,high,False,False,False,False,False,False,0
protenix|8e1h__1__1.A__1.C_1.E_1.F|1.C,high,False,False,False,False,False,False,0
protenix|8e1x__1__1.A__1.C|1.C,mid,True,False,False,False,False,False,0
protenix|8e5i__1__1.A__1.B_1.E|1.B,high,False,False,True,False,False,False,0
protenix|8e9e__1__1.A_1.B__1.I_1.J_1.K|1.I,high,False,False,False,False,False,False,0
protenix|8ea6__1__1.A_1.B__1.C|1.C,low,True,True,True,False,True,True,1
protenix|8eef__1__1.A__1.C_1.D|1.C,mid,True,True,True,False,False,False,0
protenix|8egf__1__1.A__1.B_1.C|1.B,high,False,False,True,False,False,False,0
protenix|8et0__1__1.B__1.L|1.L,high,False,False,True,False,False,False,0
protenix|8etd__1__1.B__1.E_1.F|1.F,high,False,False,False,False,False,False,0
protenix|8etl__1__1.A__1.C|1.C,low,True,True,True,False,True,True,0
protenix|8evz__1__1.A__1.D_1.E_1.F_1.G|1.F,high,False,False,True,False,False,False,0
protenix|8evz__1__1.A__1.D_1.E_1.F_1.G|1.G,high,True,False,True,False,False,False,0
protenix|8ex1__1__1.A__1.B|1.B,mid,True,True,True,False,False,False,0
protenix|8ex2__1__1.A__1.B|1.B,mid,True,True,True,False,False,False,0
protenix|8eym__1__1.A_1.B__1.C_1.E|1.C,low,True,True,True,False,True,True,1
protenix|8eym__1__1.A_1.B__1.C_1.E|1.E,low,True,True,True,False,True,True,1
protenix|8f1z__1__1.A__1.B|1.B,mid,True,True,True,False,False,False,0
protenix|8f4s__1__1.A__1.D_1.E|1.D,low,True,True,True,False,True,True,1
protenix|8f8k__1__1.A__1.F_1.G_1.I_1.J_1.K|1.F,mid,True,True,True,False,False,False,1
protenix|8fb1__1__1.A__1.D|1.D,high,True,False,True,False,False,False,0
protenix|8fdb__1__1.A_1.B__1.D_1.F_1.H|1.D,low,False,True,True,False,False,False,1
protenix|8fdb__1__1.A_1.B__1.D_1.F_1.H|1.H,low,False,True,True,False,False,False,1
protenix|8fdx__1__1.A__1.B_1.C|1.B,high,False,False,True,False,False,False,0
protenix|8fdz__1__1.A__1.B_1.C|1.B,high,False,False,True,False,False,False,0
protenix|8fe6__1__1.A__1.I|1.I,high,False,False,True,False,False,False,0
protenix|8fe9__1__1.A__1.B|1.B,mid,True,False,True,False,False,False,0
protenix|8fh5__1__1.A__1.B_1.C|1.B,high,False,False,True,False,False,False,0
protenix|8fh9__1__1.A__1.B_1.C|1.B,high,False,False,True,False,False,False,0
protenix|8fjt__1__1.A_1.B__1.C_1.E|1.E,mid,True,False,True,False,False,False,1
protenix|8fju__1__1.A_1.B__1.C_1.D|1.C,high,False,False,True,False,False,False,0
protenix|8fju__1__1.A_1.B__1.C_1.D|1.D,mid,True,False,True,False,False,False,1
protenix|8fjx__1__1.A__1.B_1.C|1.C,high,False,False,True,False,False,False,0
protenix|8fjy__1__1.A__1.B_1.C|1.B,high,False,False,True,False,False,False,0
protenix|8fly__1__1.A__1.K|1.K,high,True,False,True,False,False,False,0
protenix|8fp5__1__1.A__1.C_1.D|1.C,high,False,False,True,False,False,False,0
protenix|8fqx__1__1.A__1.B_1.C|1.C,high,True,False,True,False,False,False,0
protenix|8fsi__1__1.A__1.B_1.C_1.D_1.F|1.C,high,False,True,True,False,False,False,0
protenix|8g3e__1__1.A__1.C|1.C,mid,True,False,True,False,False,False,1
protenix|8g4a__1__1.A_1.B__1.C|1.C,low,True,True,True,True,True,True,0
protenix|8g62__1__1.A__1.F_1.J_1.L|1.F,low,True,True,True,False,True,True,1
protenix|8g68__1__1.A__1.C|1.C,low,True,True,True,False,True,True,1
protenix|8g69__1__1.A__1.C|1.C,low,True,True,True,False,True,True,1
protenix|8gb4__1__1.A__1.E_1.F_1.G|1.F,high,False,False,True,True,False,False,0
protenix|8gds__1__1.A__1.E|1.E,mid,True,True,True,False,False,False,1
protenix|8gem__1__1.A__1.B|1.B,mid,True,False,True,False,False,False,0
protenix|8gev__1__1.A__1.B|1.B,mid,True,False,True,False,False,False,0
protenix|8gfs__1__1.A__1.B|1.B,mid,True,True,True,False,False,False,1
protenix|8gjb__1__1.B__1.G_1.H|1.G,high,False,False,True,True,False,False,0
protenix|8gkf__1__1.A__1.J|1.J,mid,True,False,True,True,False,False,0
protenix|8gm5__1__1.A__1.D|1.D,mid,True,False,True,False,False,False,1
protenix|8gne__1__1.A__1.E|1.E,high,False,False,True,False,False,False,1
protenix|8gpc__1__1.A__1.C_1.D_1.E|1.E,high,False,False,True,False,False,False,0
protenix|8gpe__1__1.A__1.C_1.D_1.E|1.E,high,False,False,True,False,False,False,0
protenix|8gtg__1__1.A__1.C|1.C,mid,True,True,True,False,False,False,0
protenix|8gti__1__1.A__1.H|1.H,mid,True,True,True,False,False,False,1
protenix|8gtm__1__1.A__1.C|1.C,mid,True,True,True,False,False,False,0
protenix|8gu1__1__1.A_1.B__1.D|1.D,low,True,True,True,False,True,True,1
protenix|8gyd__1__1.A_1.B__1.K|1.K,low,True,True,True,False,True,True,1
protenix|8gyj__1__1.A_1.B__1.D_1.I|1.I,mid,True,True,True,False,False,False,1
protenix|8h59__1__1.A__1.B|1.B,mid,True,False,True,False,False,False,1
protenix|8hi5__1__1.A__1.B_1.C|1.B,mid,True,True,True,False,False,False,1
protenix|8hi6__1__1.A__1.B_1.C|1.B,mid,True,True,True,False,False,False,1
protenix|8hlj__1__1.A__1.C|1.C,high,False,False,True,True,False,False,0
protenix|8ho5__1__1.A__1.B|1.B,low,True,True,True,False,True,True,1
protenix|8hp4__1__1.A_1.B__1.C_1.D|1.C,high,False,False,True,True,False,False,0
protenix|8hrp__1__1.A_1.D__1.I_1.J|1.I,high,False,False,True,False,False,False,0
protenix|8htg__1__1.A__1.F_1.G|1.G,high,False,False,True,False,False,False,0
protenix|8huu__1__1.A__1.C|1.C,mid,True,False,True,False,False,False,0
protenix|8hxu__1__1.A__1.C_1.D_1.E|1.E,mid,True,True,True,False,False,False,1
protenix|8i19__1__1.A__1.C_1.D_1.E|1.C,high,False,False,True,False,False,False,0
protenix|8i2n__1__1.A__1.C|1.C,mid,True,True,True,True,False,False,0
protenix|8i4i__1__1.A__1.C|1.C,high,False,False,True,False,False,False,0
protenix|8ivs__1__1.A_1.B__1.C|1.C,low,True,True,True,False,True,True,1
protenix|8ivt__1__1.A_1.B__1.F|1.F,low,True,True,True,False,True,True,1
protenix|8iw3__1__1.A_1.B__1.C|1.C,low,True,True,True,False,True,True,1
protenix|8j40__1__1.A_2.A__1.D|1.D,mid,True,False,True,True,False,False,1
protenix|8j7j__1__1.A_1.B__1.C|1.C,low,True,True,True,False,True,True,1
protenix|8jb3__1__1.A__1.B|1.B,low,False,True,True,True,False,False,1
protenix|8jdb__1__1.A__1.B_1.C|1.C,mid,False,True,True,False,False,False,0
protenix|8jdo__1__1.A__1.B_1.C|1.B,mid,True,True,True,False,False,False,0
protenix|8jdp__1__1.A__1.B_1.C|1.C,mid,True,True,True,False,False,False,0
protenix|8jdr__1__1.A__1.B_1.C|1.C,mid,True,True,True,False,False,False,0
protenix|8jdy__1__1.A__1.B_1.C_1.D|1.D,mid,False,True,True,False,False,False,0
protenix|8jdz__1__1.A__1.B_1.C_1.D|1.D,mid,False,True,True,False,False,False,0
protenix|8jjn__1__1.A__1.D_1.E|1.D,low,True,True,True,True,True,True,1
protenix|8jjt__1__1.A__1.D|1.D,low,True,True,True,True,True,True,0
protenix|8jk8__1__1.A__1.B_1.C_1.D|1.D,mid,False,True,True,True,False,False,0
protenix|8jm8__1__1.A__1.C_1.I|1.I,high,False,False,True,True,False,False,0
protenix|8jmp__1__1.A__1.D|1.D,mid,True,True,True,False,False,False,0
protenix|8jot__1__1.A__1.B|1.B,mid,True,True,True,True,False,False,1
protenix|8jpz__1__1.B__1.N_1.P|1.N,high,False,False,True,False,False,False,0
protenix|8jwy__1__1.A__1.B|1.B,mid,True,False,True,False,False,False,0
protenix|8k5y__1__1.A__1.H|1.H,mid,True,True,True,False,False,False,1
protenix|8k9y__1__1.A__1.C_1.E|1.C,high,False,False,True,False,False,False,1
protenix|8ke1__1__2.A__2.B_2.C_2.D_2.E|2.B,high,False,False,True,False,False,False,0
protenix|8ke2__1__2.A__2.B_2.C_2.D_2.E|2.D,high,False,False,True,False,False,False,0
protenix|8ke4__1__2.A__2.B_2.C_2.D_2.E|2.B,high,False,False,True,False,False,False,0
protenix|8oiz__1__1.B__1.J|1.J,high,False,False,True,False,False,False,0
protenix|8ome__1__1.A_1.D__1.E|1.E,low,True,True,True,False,True,True,1
protenix|8opu__1__1.A_1.C_1.D__1.IA|1.IA,low,True,True,True,True,True,True,1
protenix|8oq2__1__1.B__1.H_1.I|1.H,high,False,False,True,True,False,False,0
protenix|8orc__1__1.B__1.J|1.J,mid,True,False,True,True,False,False,1
protenix|8ou2__1__1.A__1.C|1.C,mid,True,False,True,True,False,False,0
protenix|8ou3__1__1.A_1.C__1.E|1.E,high,False,False,True,False,False,False,0
protenix|8oum__1__1.A__1.F_1.G|1.F,high,False,False,True,True,False,False,0
protenix|8ovr__1__1.A__1.B|1.B,low,True,True,True,False,True,True,1
protenix|8p0m__1__1.C__1.L|1.L,mid,True,True,True,True,False,False,1
protenix|8p1e__1__1.D_1.E__1.P|1.P,mid,True,True,True,True,False,False,1
protenix|8p1p__1__1.A__1.E|1.E,low,True,True,True,True,True,True,1
protenix|8p4z__1__1.A__1.C|1.C,mid,True,False,True,False,False,False,0
protenix|8pfl__1__1.A__1.C|1.C,low,True,True,True,True,True,True,1
protenix|8plb__1__1.A__1.D|1.D,low,True,True,True,True,True,True,1
protenix|8plu__1__1.A__1.D|1.D,low,True,True,True,True,True,True,1
protenix|8pp8__1__1.A__1.D|1.D,high,False,False,True,True,False,False,0
protenix|8pp9__1__1.A__1.C_1.D_1.H|1.C,high,False,False,True,True,False,False,0
protenix|8pp9__1__1.A__1.C_1.D_1.H|1.D,high,False,False,True,True,False,False,0
protenix|8pq9__1__1.A__1.C|1.C,mid,True,True,True,False,False,False,1
protenix|8pqa__1__1.A__1.C|1.C,mid,True,True,True,False,False,False,1
protenix|8pqf__1__1.A__1.C|1.C,mid,True,False,True,False,False,False,0
protenix|8pqr__1__1.A_1.B_1.C__1.E|1.E,mid,False,True,True,True,False,False,1
protenix|8pxt__1__1.C__1.L|1.L,mid,False,True,True,True,False,False,0
protenix|8q5v__1__1.A_1.B__1.P_1.Q|1.P,high,False,False,True,True,False,False,0
protenix|8q9v__1__2.A__2.C_2.D_2.E|2.C,mid,True,False,True,True,False,False,1
protenix|8qg1__1__1.D__1.S_1.T|1.S,high,False,False,True,True,False,False,0
protenix|8qic__1__1.B__1.F_1.J|1.F,mid,True,False,True,True,False,False,1
protenix|8qkb__1__1.D__1.CA_1.HA|1.CA,high,False,False,True,False,False,False,0
protenix|8qmf__1__1.A_1.B__1.M_1.R_1.S|1.M,high,False,False,True,True,False,False,0
protenix|8qnh__1__1.A__1.B|1.B,low,True,True,True,False,True,True,1
protenix|8qqy__1__1.A__1.B|1.B,mid,True,False,True,False,False,False,0
protenix|8qtg__1__1.A__1.B|1.B,low,True,True,True,True,True,True,1
protenix|8qth__1__1.A__1.B|1.B,low,True,True,True,True,True,True,1
protenix|8qtj__1__1.A__1.E|1.E,low,True,True,True,True,True,True,1
protenix|8qtl__1__1.A_1.B__1.G|1.G,mid,True,True,True,True,False,False,0
protenix|8qyq__1__1.A__1.H|1.H,mid,True,True,True,False,False,False,1
protenix|8qyw__1__1.A_2.A__1.C_1.E|1.C,high,False,False,True,True,False,False,1
protenix|8r1n__1__1.A__1.C|1.C,mid,True,True,True,True,False,False,1
protenix|8r1p__1__1.A_1.B__1.C|1.C,mid,True,True,True,True,False,False,1
protenix|8r3d__1__1.B_1.E__1.J|1.J,high,False,False,True,True,False,False,0
protenix|8r3o__1__1.A_1.B__1.E_1.F_1.G|1.E,high,False,False,True,True,False,False,0
protenix|8r3q__1__1.A_1.B__1.J_1.M|1.J,high,False,False,True,True,False,False,0
protenix|8rb6__1__1.A__1.C_1.D|1.C,high,False,False,True,True,False,False,0
protenix|8rkq__1__1.A__1.E|1.E,low,True,True,True,True,True,True,1
protenix|8s8x__1__1.A__1.C_1.E_1.F_1.I|1.I,high,False,False,True,True,False,False,0
protenix|8se5__1__1.A_1.B__1.H|1.H,low,True,True,True,False,True,True,1
protenix|8se6__1__1.A_1.B__1.F|1.F,low,True,True,True,False,True,True,1
protenix|8sft__1__1.A__1.E_1.F|1.F,low,True,True,True,True,True,True,1
protenix|8sge__1__1.A__1.H|1.H,mid,True,False,True,True,False,False,0
protenix|8sip__1__1.A_1.B__1.C|1.C,mid,True,True,True,True,False,False,1
protenix|8skn__1__1.A__1.C|1.C,low,True,True,True,False,True,True,1
protenix|8su1__1__1.A__1.C_1.D_1.E_1.F|1.F,high,False,False,True,False,False,False,0
protenix|8sv9__1__1.A__1.C|1.C,mid,True,True,True,True,False,False,0
protenix|8sz3__1__1.A_2.B__1.G|1.G,mid,True,True,True,False,False,False,1
protenix|8ts9__1__1.A__1.C|1.C,low,True,True,True,False,True,True,1
protenix|8tsa__1__1.A__1.C|1.C,low,True,True,True,False,True,True,1
protenix|8tsd__1__1.A__1.C|1.C,low,True,True,True,False,True,True,1
protenix|8tti__1__1.A__1.E|1.E,high,False,False,True,False,False,False,0
protenix|8uak__1__1.A__1.B|1.B,mid,True,True,True,True,False,False,0
protenix|8uk6__1__1.A__1.C|1.C,low,True,True,True,True,True,True,1
protenix|8un3__1__1.A__1.E_1.F_1.H|1.F,high,False,False,True,False,False,False,0
protenix|8ux7__1__1.B__1.I|1.I,high,False,False,True,False,False,False,0
protenix|8v8j__1__1.A__1.F|1.F,low,True,True,True,True,True,True,1
protenix|8v8m__1__1.A__1.F_1.G|1.F,low,True,True,True,True,True,True,1
protenix|8v8m__1__1.A__1.F_1.G|1.G,low,True,True,True,True,True,True,1
protenix|8vw1__1__1.A__1.B_1.C|1.B,high,False,False,True,True,False,False,0
protenix|8wjy__1__1.A__1.B|1.B,mid,True,True,True,False,False,False,0
protenix|8wmy__1__1.A__1.C_1.D_1.E|1.C,mid,False,True,True,False,False,False,1
protenix|8wr2__1__1.A__1.E_1.F|1.F,mid,True,False,True,True,False,False,1
protenix|8wsm__1__1.A__1.D|1.D,low,True,True,True,False,True,True,1
protenix|8wsw__1__1.A__1.E|1.E,mid,True,True,True,False,False,False,0
protenix|8x1a__1__1.A__1.B|1.B,high,False,False,True,True,False,False,0
protenix|8x6r__1__1.A__1.G_1.H_1.I|1.G,high,False,False,True,True,False,False,0
protenix|8yhw__1__1.A__1.E_1.F|1.E,high,False,False,True,True,False,False,0
