dataset,mol_id,gpu,pid,log_path,tag,command,start_time,status,exit_code,elapsed_sec
astex_diverse,1GPK_HUP,0,112394,logs/chai_default_s5_t200_astex_diverse_1GPK_HUP.log,default_s5_t200,<REMOTE_PROJECT_ROOT>/.venv/bin/python scripts/70_run_posebench_chai_case.py --dataset astex_diverse --case-id 1GPK_HUP --gpu 0 --tag default_s5_t200 --seed 1 --num-trunk-recycles 3 --num-diffn-timesteps 200 --num-diffn-samples 5 --num-trunk-samples 1,1779103289.7486298,finished,0,190.214
posebusters_benchmark,5SD5_HWI,1,112395,logs/chai_default_s5_t200_posebusters_benchmark_5SD5_HWI.log,default_s5_t200,<REMOTE_PROJECT_ROOT>/.venv/bin/python scripts/70_run_posebench_chai_case.py --dataset posebusters_benchmark --case-id 5SD5_HWI --gpu 1 --tag default_s5_t200 --seed 1 --num-trunk-recycles 3 --num-diffn-timesteps 200 --num-diffn-samples 5 --num-trunk-samples 1,1779103289.7499666,finished,0,70.079
dockgen,3jqm_1_GTP_5,2,112396,logs/chai_default_s5_t200_dockgen_3jqm_1_GTP_5.log,default_s5_t200,<REMOTE_PROJECT_ROOT>/.venv/bin/python scripts/70_run_posebench_chai_case.py --dataset dockgen --case-id 3jqm_1_GTP_5 --gpu 2 --tag default_s5_t200 --seed 1 --num-trunk-recycles 3 --num-diffn-timesteps 200 --num-diffn-samples 5 --num-trunk-samples 1,1779103289.7514365,finished,0,100.112
astex_diverse,1HNN_SKF,3,112397,logs/chai_default_s5_t200_astex_diverse_1HNN_SKF.log,default_s5_t200,<REMOTE_PROJECT_ROOT>/.venv/bin/python scripts/70_run_posebench_chai_case.py --dataset astex_diverse --case-id 1HNN_SKF --gpu 3 --tag default_s5_t200 --seed 1 --num-trunk-recycles 3 --num-diffn-timesteps 200 --num-diffn-samples 5 --num-trunk-samples 1,1779103289.7530258,finished,0,200.224
posebusters_benchmark,5SIS_JSM,4,112398,logs/chai_default_s5_t200_posebusters_benchmark_5SIS_JSM.log,default_s5_t200,<REMOTE_PROJECT_ROOT>/.venv/bin/python scripts/70_run_posebench_chai_case.py --dataset posebusters_benchmark --case-id 5SIS_JSM --gpu 4 --tag default_s5_t200 --seed 1 --num-trunk-recycles 3 --num-diffn-timesteps 200 --num-diffn-samples 5 --num-trunk-samples 1,1779103289.7545187,finished,0,90.097
dockgen,3ju4_1_SLB_2,5,112399,logs/chai_default_s5_t200_dockgen_3ju4_1_SLB_2.log,default_s5_t200,<REMOTE_PROJECT_ROOT>/.venv/bin/python scripts/70_run_posebench_chai_case.py --dataset dockgen --case-id 3ju4_1_SLB_2 --gpu 5 --tag default_s5_t200 --seed 1 --num-trunk-recycles 3 --num-diffn-timesteps 200 --num-diffn-samples 5 --num-trunk-samples 1,1779103289.7559063,finished,0,190.206
astex_diverse,1HP0_AD3,6,112400,logs/chai_default_s5_t200_astex_diverse_1HP0_AD3.log,default_s5_t200,<REMOTE_PROJECT_ROOT>/.venv/bin/python scripts/70_run_posebench_chai_case.py --dataset astex_diverse --case-id 1HP0_AD3 --gpu 6 --tag default_s5_t200 --seed 1 --num-trunk-recycles 3 --num-diffn-timesteps 200 --num-diffn-samples 5 --num-trunk-samples 1,1779103289.7575662,finished,0,200.219
posebusters_benchmark,6M2B_EZO,7,112401,logs/chai_default_s5_t200_posebusters_benchmark_6M2B_EZO.log,default_s5_t200,<REMOTE_PROJECT_ROOT>/.venv/bin/python scripts/70_run_posebench_chai_case.py --dataset posebusters_benchmark --case-id 6M2B_EZO --gpu 7 --tag default_s5_t200 --seed 1 --num-trunk-recycles 3 --num-diffn-timesteps 200 --num-diffn-samples 5 --num-trunk-samples 1,1779103289.7589328,finished,0,120.126
dockgen,4cnl_1_CHT_1,1,118308,logs/chai_default_s5_t200_dockgen_4cnl_1_CHT_1.log,default_s5_t200,<REMOTE_PROJECT_ROOT>/.venv/bin/python scripts/70_run_posebench_chai_case.py --dataset dockgen --case-id 4cnl_1_CHT_1 --gpu 1 --tag default_s5_t200 --seed 1 --num-trunk-recycles 3 --num-diffn-timesteps 200 --num-diffn-samples 5 --num-trunk-samples 1,1779103359.83097,finished,0,70.076
astex_diverse,1HQ2_PH2,4,119163,logs/chai_default_s5_t200_astex_diverse_1HQ2_PH2.log,default_s5_t200,<REMOTE_PROJECT_ROOT>/.venv/bin/python scripts/70_run_posebench_chai_case.py --dataset astex_diverse --case-id 1HQ2_PH2 --gpu 4 --tag default_s5_t200 --seed 1 --num-trunk-recycles 3 --num-diffn-timesteps 200 --num-diffn-samples 5 --num-trunk-samples 1,1779103379.8529336,finished,0,70.077
posebusters_benchmark,6M73_FNR,2,119885,logs/chai_default_s5_t200_posebusters_benchmark_6M73_FNR.log,default_s5_t200,<REMOTE_PROJECT_ROOT>/.venv/bin/python scripts/70_run_posebench_chai_case.py --dataset posebusters_benchmark --case-id 6M73_FNR --gpu 2 --tag default_s5_t200 --seed 1 --num-trunk-recycles 3 --num-diffn-timesteps 200 --num-diffn-samples 5 --num-trunk-samples 1,1779103389.8649573,finished,0,120.134
dockgen,1hg0_1_SIN_1,7,120713,logs/chai_default_s5_t200_dockgen_1hg0_1_SIN_1.log,default_s5_t200,<REMOTE_PROJECT_ROOT>/.venv/bin/python scripts/70_run_posebench_chai_case.py --dataset dockgen --case-id 1hg0_1_SIN_1 --gpu 7 --tag default_s5_t200 --seed 1 --num-trunk-recycles 3 --num-diffn-timesteps 200 --num-diffn-samples 5 --num-trunk-samples 1,1779103409.8871295,finished,0,180.202
astex_diverse,1HVY_D16,1,121562,logs/chai_default_s5_t200_astex_diverse_1HVY_D16.log,default_s5_t200,<REMOTE_PROJECT_ROOT>/.venv/bin/python scripts/70_run_posebench_chai_case.py --dataset astex_diverse --case-id 1HVY_D16 --gpu 1 --tag default_s5_t200 --seed 1 --num-trunk-recycles 3 --num-diffn-timesteps 200 --num-diffn-samples 5 --num-trunk-samples 1,1779103429.909357,finished,0,50.053
posebusters_benchmark,6T88_MWQ,4,122431,logs/chai_default_s5_t200_posebusters_benchmark_6T88_MWQ.log,default_s5_t200,<REMOTE_PROJECT_ROOT>/.venv/bin/python scripts/70_run_posebench_chai_case.py --dataset posebusters_benchmark --case-id 6T88_MWQ --gpu 4 --tag default_s5_t200 --seed 1 --num-trunk-recycles 3 --num-diffn-timesteps 200 --num-diffn-samples 5 --num-trunk-samples 1,1779103449.9316783,finished,0,120.135
dockgen,1i8t_1_FAD_1,0,123458,logs/chai_default_s5_t200_dockgen_1i8t_1_FAD_1.log,default_s5_t200,<REMOTE_PROJECT_ROOT>/.venv/bin/python scripts/70_run_posebench_chai_case.py --dataset dockgen --case-id 1i8t_1_FAD_1 --gpu 0 --tag default_s5_t200 --seed 1 --num-trunk-recycles 3 --num-diffn-timesteps 200 --num-diffn-samples 5 --num-trunk-samples 1,1779103479.9641633,finished,0,120.136
astex_diverse,1HWI_115,5,123459,logs/chai_default_s5_t200_astex_diverse_1HWI_115.log,default_s5_t200,<REMOTE_PROJECT_ROOT>/.venv/bin/python scripts/70_run_posebench_chai_case.py --dataset astex_diverse --case-id 1HWI_115 --gpu 5 --tag default_s5_t200 --seed 1 --num-trunk-recycles 3 --num-diffn-timesteps 200 --num-diffn-samples 5 --num-trunk-samples 1,1779103479.9656389,finished,0,70.079
posebusters_benchmark,6TW5_9M2,1,123460,logs/chai_default_s5_t200_posebusters_benchmark_6TW5_9M2.log,default_s5_t200,<REMOTE_PROJECT_ROOT>/.venv/bin/python scripts/70_run_posebench_chai_case.py --dataset posebusters_benchmark --case-id 6TW5_9M2 --gpu 1 --tag default_s5_t200 --seed 1 --num-trunk-recycles 3 --num-diffn-timesteps 200 --num-diffn-samples 5 --num-trunk-samples 1,1779103479.9667563,finished,0,60.064
dockgen,1o28_1_UFP_2,3,125534,logs/chai_default_s5_t200_dockgen_1o28_1_UFP_2.log,default_s5_t200,<REMOTE_PROJECT_ROOT>/.venv/bin/python scripts/70_run_posebench_chai_case.py --dataset dockgen --case-id 1o28_1_UFP_2 --gpu 3 --tag default_s5_t200 --seed 1 --num-trunk-recycles 3 --num-diffn-timesteps 200 --num-diffn-samples 5 --num-trunk-samples 1,1779103489.978441,finished,0,200.226
astex_diverse,1HWW_SWA,6,125535,logs/chai_default_s5_t200_astex_diverse_1HWW_SWA.log,default_s5_t200,<REMOTE_PROJECT_ROOT>/.venv/bin/python scripts/70_run_posebench_chai_case.py --dataset astex_diverse --case-id 1HWW_SWA --gpu 6 --tag default_s5_t200 --seed 1 --num-trunk-recycles 3 --num-diffn-timesteps 200 --num-diffn-samples 5 --num-trunk-samples 1,1779103489.9796247,finished,0,50.052
posebusters_benchmark,6TW7_NZB,2,127041,logs/chai_default_s5_t200_posebusters_benchmark_6TW7_NZB.log,default_s5_t200,<REMOTE_PROJECT_ROOT>/.venv/bin/python scripts/70_run_posebench_chai_case.py --dataset posebusters_benchmark --case-id 6TW7_NZB --gpu 2 --tag default_s5_t200 --seed 1 --num-trunk-recycles 3 --num-diffn-timesteps 200 --num-diffn-samples 5 --num-trunk-samples 1,1779103510.000652,finished,0,120.136
dockgen,1o72_2_PC_0,1,128031,logs/chai_default_s5_t200_dockgen_1o72_2_PC_0.log,default_s5_t200,<REMOTE_PROJECT_ROOT>/.venv/bin/python scripts/70_run_posebench_chai_case.py --dataset dockgen --case-id 1o72_2_PC_0 --gpu 1 --tag default_s5_t200 --seed 1 --num-trunk-recycles 3 --num-diffn-timesteps 200 --num-diffn-samples 5 --num-trunk-samples 1,1779103540.033194,finished,0,70.08
astex_diverse,1IA1_TQ3,6,128032,logs/chai_default_s5_t200_astex_diverse_1IA1_TQ3.log,default_s5_t200,<REMOTE_PROJECT_ROOT>/.venv/bin/python scripts/70_run_posebench_chai_case.py --dataset astex_diverse --case-id 1IA1_TQ3 --gpu 6 --tag default_s5_t200 --seed 1 --num-trunk-recycles 3 --num-diffn-timesteps 200 --num-diffn-samples 5 --num-trunk-samples 1,1779103540.034606,finished,0,120.134
posebusters_benchmark,6VS3_R6V,5,129461,logs/chai_default_s5_t200_posebusters_benchmark_6VS3_R6V.log,default_s5_t200,<REMOTE_PROJECT_ROOT>/.venv/bin/python scripts/70_run_posebench_chai_case.py --dataset posebusters_benchmark --case-id 6VS3_R6V --gpu 5 --tag default_s5_t200 --seed 1 --num-trunk-recycles 3 --num-diffn-timesteps 200 --num-diffn-samples 5 --num-trunk-samples 1,1779103550.0468545,finished,0,190.212
dockgen,1pj2_1_FUM_0,4,130317,logs/chai_default_s5_t200_dockgen_1pj2_1_FUM_0.log,default_s5_t200,<REMOTE_PROJECT_ROOT>/.venv/bin/python scripts/70_run_posebench_chai_case.py --dataset dockgen --case-id 1pj2_1_FUM_0 --gpu 4 --tag default_s5_t200 --seed 1 --num-trunk-recycles 3 --num-diffn-timesteps 200 --num-diffn-samples 5 --num-trunk-samples 1,1779103570.068846,finished,0,50.056
astex_diverse,1IG3_VIB,7,131655,logs/chai_default_s5_t200_astex_diverse_1IG3_VIB.log,default_s5_t200,<REMOTE_PROJECT_ROOT>/.venv/bin/python scripts/70_run_posebench_chai_case.py --dataset astex_diverse --case-id 1IG3_VIB --gpu 7 --tag default_s5_t200 --seed 1 --num-trunk-recycles 3 --num-diffn-timesteps 200 --num-diffn-samples 5 --num-trunk-samples 1,1779103590.0903616,finished,0,190.213
posebusters_benchmark,6VTA_AKN,0,132400,logs/chai_default_s5_t200_posebusters_benchmark_6VTA_AKN.log,default_s5_t200,<REMOTE_PROJECT_ROOT>/.venv/bin/python scripts/70_run_posebench_chai_case.py --dataset posebusters_benchmark --case-id 6VTA_AKN --gpu 0 --tag default_s5_t200 --seed 1 --num-trunk-recycles 3 --num-diffn-timesteps 200 --num-diffn-samples 5 --num-trunk-samples 1,1779103600.1026301,finished,0,110.124
dockgen,1pj4_1_FUM_1,1,133134,logs/chai_default_s5_t200_dockgen_1pj4_1_FUM_1.log,default_s5_t200,<REMOTE_PROJECT_ROOT>/.venv/bin/python scripts/70_run_posebench_chai_case.py --dataset dockgen --case-id 1pj4_1_FUM_1 --gpu 1 --tag default_s5_t200 --seed 1 --num-trunk-recycles 3 --num-diffn-timesteps 200 --num-diffn-samples 5 --num-trunk-samples 1,1779103610.114603,finished,0,50.055
astex_diverse,1J3J_CP6,4,133869,logs/chai_default_s5_t200_astex_diverse_1J3J_CP6.log,default_s5_t200,<REMOTE_PROJECT_ROOT>/.venv/bin/python scripts/70_run_posebench_chai_case.py --dataset astex_diverse --case-id 1J3J_CP6 --gpu 4 --tag default_s5_t200 --seed 1 --num-trunk-recycles 3 --num-diffn-timesteps 200 --num-diffn-samples 5 --num-trunk-samples 1,1779103620.1267304,finished,0,60.066
posebusters_benchmark,6W59_SZD,2,134596,logs/chai_default_s5_t200_posebusters_benchmark_6W59_SZD.log,default_s5_t200,<REMOTE_PROJECT_ROOT>/.venv/bin/python scripts/70_run_posebench_chai_case.py --dataset posebusters_benchmark --case-id 6W59_SZD --gpu 2 --tag default_s5_t200 --seed 1 --num-trunk-recycles 3 --num-diffn-timesteps 200 --num-diffn-samples 5 --num-trunk-samples 1,1779103630.1387277,finished,0,180.194
dockgen,1qaw_1_TRP_7,6,135493,logs/chai_default_s5_t200_dockgen_1qaw_1_TRP_7.log,default_s5_t200,<REMOTE_PROJECT_ROOT>/.venv/bin/python scripts/70_run_posebench_chai_case.py --dataset dockgen --case-id 1qaw_1_TRP_7 --gpu 6 --tag default_s5_t200 --seed 1 --num-trunk-recycles 3 --num-diffn-timesteps 200 --num-diffn-samples 5 --num-trunk-samples 1,1779103660.1710854,finished,0,80.088
astex_diverse,1JD0_AZM,1,135494,logs/chai_default_s5_t200_astex_diverse_1JD0_AZM.log,default_s5_t200,<REMOTE_PROJECT_ROOT>/.venv/bin/python scripts/70_run_posebench_chai_case.py --dataset astex_diverse --case-id 1JD0_AZM --gpu 1 --tag default_s5_t200 --seed 1 --num-trunk-recycles 3 --num-diffn-timesteps 200 --num-diffn-samples 5 --num-trunk-samples 1,1779103660.1723967,finished,0,190.207
posebusters_benchmark,6WTN_RXT,4,136973,logs/chai_default_s5_t200_posebusters_benchmark_6WTN_RXT.log,default_s5_t200,<REMOTE_PROJECT_ROOT>/.venv/bin/python scripts/70_run_posebench_chai_case.py --dataset posebusters_benchmark --case-id 6WTN_RXT --gpu 4 --tag default_s5_t200 --seed 1 --num-trunk-recycles 3 --num-diffn-timesteps 200 --num-diffn-samples 5 --num-trunk-samples 1,1779103680.1939547,finished,0,90.098
dockgen,1rqp_1_SAM_0,3,137685,logs/chai_default_s5_t200_dockgen_1rqp_1_SAM_0.log,default_s5_t200,<REMOTE_PROJECT_ROOT>/.venv/bin/python scripts/70_run_posebench_chai_case.py --dataset dockgen --case-id 1rqp_1_SAM_0 --gpu 3 --tag default_s5_t200 --seed 1 --num-trunk-recycles 3 --num-diffn-timesteps 200 --num-diffn-samples 5 --num-trunk-samples 1,1779103690.2059174,finished,0,180.195
astex_diverse,1JJE_BYS,0,138565,logs/chai_default_s5_t200_astex_diverse_1JJE_BYS.log,default_s5_t200,<REMOTE_PROJECT_ROOT>/.venv/bin/python scripts/70_run_posebench_chai_case.py --dataset astex_diverse --case-id 1JJE_BYS --gpu 0 --tag default_s5_t200 --seed 1 --num-trunk-recycles 3 --num-diffn-timesteps 200 --num-diffn-samples 5 --num-trunk-samples 1,1779103710.2282453,finished,0,120.128
posebusters_benchmark,6X8D_ARA,5,139579,logs/chai_default_s5_t200_posebusters_benchmark_6X8D_ARA.log,default_s5_t200,<REMOTE_PROJECT_ROOT>/.venv/bin/python scripts/70_run_posebench_chai_case.py --dataset posebusters_benchmark --case-id 6X8D_ARA --gpu 5 --tag default_s5_t200 --seed 1 --num-trunk-recycles 3 --num-diffn-timesteps 200 --num-diffn-samples 5 --num-trunk-samples 1,1779103740.2605486,finished,0,70.072
dockgen,1sbz_1_FMN_3,6,139580,logs/chai_default_s5_t200_dockgen_1sbz_1_FMN_3.log,default_s5_t200,<REMOTE_PROJECT_ROOT>/.venv/bin/python scripts/70_run_posebench_chai_case.py --dataset dockgen --case-id 1sbz_1_FMN_3 --gpu 6 --tag default_s5_t200 --seed 1 --num-trunk-recycles 3 --num-diffn-timesteps 200 --num-diffn-samples 5 --num-trunk-samples 1,1779103740.2614937,finished,0,100.107
astex_diverse,1JLA_TNK,4,141127,logs/chai_default_s5_t200_astex_diverse_1JLA_TNK.log,default_s5_t200,<REMOTE_PROJECT_ROOT>/.venv/bin/python scripts/70_run_posebench_chai_case.py --dataset astex_diverse --case-id 1JLA_TNK --gpu 4 --tag default_s5_t200 --seed 1 --num-trunk-recycles 3 --num-diffn-timesteps 200 --num-diffn-samples 5 --num-trunk-samples 1,1779103770.2937953,finished,0,280.313
posebusters_benchmark,6XAF_GDP,7,141876,logs/chai_default_s5_t200_posebusters_benchmark_6XAF_GDP.log,default_s5_t200,<REMOTE_PROJECT_ROOT>/.venv/bin/python scripts/70_run_posebench_chai_case.py --dataset posebusters_benchmark --case-id 6XAF_GDP --gpu 7 --tag default_s5_t200 --seed 1 --num-trunk-recycles 3 --num-diffn-timesteps 200 --num-diffn-samples 5 --num-trunk-samples 1,1779103780.3060334,finished,0,100.107
dockgen,1sij_1_PCD_0,2,142869,logs/chai_default_s5_t200_dockgen_1sij_1_PCD_0.log,default_s5_t200,<REMOTE_PROJECT_ROOT>/.venv/bin/python scripts/70_run_posebench_chai_case.py --dataset dockgen --case-id 1sij_1_PCD_0 --gpu 2 --tag default_s5_t200 --seed 1 --num-trunk-recycles 3 --num-diffn-timesteps 200 --num-diffn-samples 5 --num-trunk-samples 1,1779103810.3347147,finished,0,290.316
astex_diverse,1K3U_IAD,5,142870,logs/chai_default_s5_t200_astex_diverse_1K3U_IAD.log,default_s5_t200,<REMOTE_PROJECT_ROOT>/.venv/bin/python scripts/70_run_posebench_chai_case.py --dataset astex_diverse --case-id 1K3U_IAD --gpu 5 --tag default_s5_t200 --seed 1 --num-trunk-recycles 3 --num-diffn-timesteps 200 --num-diffn-samples 5 --num-trunk-samples 1,1779103810.3363419,finished,0,190.214
posebusters_benchmark,6XBO_5MC,0,144397,logs/chai_default_s5_t200_posebusters_benchmark_6XBO_5MC.log,default_s5_t200,<REMOTE_PROJECT_ROOT>/.venv/bin/python scripts/70_run_posebench_chai_case.py --dataset posebusters_benchmark --case-id 6XBO_5MC --gpu 0 --tag default_s5_t200 --seed 1 --num-trunk-recycles 3 --num-diffn-timesteps 200 --num-diffn-samples 5 --num-trunk-samples 1,1779103830.3580923,finished,0,90.1
dockgen,1tke_1_SER_0,6,145153,logs/chai_default_s5_t200_dockgen_1tke_1_SER_0.log,default_s5_t200,<REMOTE_PROJECT_ROOT>/.venv/bin/python scripts/70_run_posebench_chai_case.py --dataset dockgen --case-id 1tke_1_SER_0 --gpu 6 --tag default_s5_t200 --seed 1 --num-trunk-recycles 3 --num-diffn-timesteps 200 --num-diffn-samples 5 --num-trunk-samples 1,1779103840.3698125,finished,0,70.076
astex_diverse,1KE5_LS1,1,145915,logs/chai_default_s5_t200_astex_diverse_1KE5_LS1.log,default_s5_t200,<REMOTE_PROJECT_ROOT>/.venv/bin/python scripts/70_run_posebench_chai_case.py --dataset astex_diverse --case-id 1KE5_LS1 --gpu 1 --tag default_s5_t200 --seed 1 --num-trunk-recycles 3 --num-diffn-timesteps 200 --num-diffn-samples 5 --num-trunk-samples 1,1779103850.3819332,finished,0,90.098
posebusters_benchmark,6XCT_478,3,146802,logs/chai_default_s5_t200_posebusters_benchmark_6XCT_478.log,default_s5_t200,<REMOTE_PROJECT_ROOT>/.venv/bin/python scripts/70_run_posebench_chai_case.py --dataset posebusters_benchmark --case-id 6XCT_478 --gpu 3 --tag default_s5_t200 --seed 1 --num-trunk-recycles 3 --num-diffn-timesteps 200 --num-diffn-samples 5 --num-trunk-samples 1,1779103870.4033208,finished,0,90.101
dockgen,1tkg_1_SSA_0,7,147521,logs/chai_default_s5_t200_dockgen_1tkg_1_SSA_0.log,default_s5_t200,<REMOTE_PROJECT_ROOT>/.venv/bin/python scripts/70_run_posebench_chai_case.py --dataset dockgen --case-id 1tkg_1_SSA_0 --gpu 7 --tag default_s5_t200 --seed 1 --num-trunk-recycles 3 --num-diffn-timesteps 200 --num-diffn-samples 5 --num-trunk-samples 1,1779103880.4151187,finished,0,70.077
astex_diverse,1KZK_JE2,6,148473,logs/chai_default_s5_t200_astex_diverse_1KZK_JE2.log,default_s5_t200,<REMOTE_PROJECT_ROOT>/.venv/bin/python scripts/70_run_posebench_chai_case.py --dataset astex_diverse --case-id 1KZK_JE2 --gpu 6 --tag default_s5_t200 --seed 1 --num-trunk-recycles 3 --num-diffn-timesteps 200 --num-diffn-samples 5 --num-trunk-samples 1,1779103910.4478478,finished,0,70.078
posebusters_benchmark,6XG5_TOP,0,149243,logs/chai_default_s5_t200_posebusters_benchmark_6XG5_TOP.log,default_s5_t200,<REMOTE_PROJECT_ROOT>/.venv/bin/python scripts/70_run_posebench_chai_case.py --dataset posebusters_benchmark --case-id 6XG5_TOP --gpu 0 --tag default_s5_t200 --seed 1 --num-trunk-recycles 3 --num-diffn-timesteps 200 --num-diffn-samples 5 --num-trunk-samples 1,1779103920.4597735,finished,0,70.078
dockgen,1u8u_1_OCA_0,1,150073,logs/chai_default_s5_t200_dockgen_1u8u_1_OCA_0.log,default_s5_t200,<REMOTE_PROJECT_ROOT>/.venv/bin/python scripts/70_run_posebench_chai_case.py --dataset dockgen --case-id 1u8u_1_OCA_0 --gpu 1 --tag default_s5_t200 --seed 1 --num-trunk-recycles 3 --num-diffn-timesteps 200 --num-diffn-samples 5 --num-trunk-samples 1,1779103940.4820282,finished,0,70.08
astex_diverse,1L2S_STC,7,150822,logs/chai_default_s5_t200_astex_diverse_1L2S_STC.log,default_s5_t200,<REMOTE_PROJECT_ROOT>/.venv/bin/python scripts/70_run_posebench_chai_case.py --dataset astex_diverse --case-id 1L2S_STC --gpu 7 --tag default_s5_t200 --seed 1 --num-trunk-recycles 3 --num-diffn-timesteps 200 --num-diffn-samples 5 --num-trunk-samples 1,1779103950.4941137,finished,0,190.203
posebusters_benchmark,6XHT_V2V,3,151564,logs/chai_default_s5_t200_posebusters_benchmark_6XHT_V2V.log,default_s5_t200,<REMOTE_PROJECT_ROOT>/.venv/bin/python scripts/70_run_posebench_chai_case.py --dataset posebusters_benchmark --case-id 6XHT_V2V --gpu 3 --tag default_s5_t200 --seed 1 --num-trunk-recycles 3 --num-diffn-timesteps 200 --num-diffn-samples 5 --num-trunk-samples 1,1779103960.5059383,finished,0,70.079
dockgen,1uf5_1_CDT_0,6,152521,logs/chai_default_s5_t200_dockgen_1uf5_1_CDT_0.log,default_s5_t200,<REMOTE_PROJECT_ROOT>/.venv/bin/python scripts/70_run_posebench_chai_case.py --dataset dockgen --case-id 1uf5_1_CDT_0 --gpu 6 --tag default_s5_t200 --seed 1 --num-trunk-recycles 3 --num-diffn-timesteps 200 --num-diffn-samples 5 --num-trunk-samples 1,1779103980.5281315,finished,0,180.192
astex_diverse,1L7F_BCZ,0,153252,logs/chai_default_s5_t200_astex_diverse_1L7F_BCZ.log,default_s5_t200,<REMOTE_PROJECT_ROOT>/.venv/bin/python scripts/70_run_posebench_chai_case.py --dataset astex_diverse --case-id 1L7F_BCZ --gpu 0 --tag default_s5_t200 --seed 1 --num-trunk-recycles 3 --num-diffn-timesteps 200 --num-diffn-samples 5 --num-trunk-samples 1,1779103990.5402343,finished,0,120.122
posebusters_benchmark,6XM9_V55,5,153991,logs/chai_default_s5_t200_posebusters_benchmark_6XM9_V55.log,default_s5_t200,<REMOTE_PROJECT_ROOT>/.venv/bin/python scripts/70_run_posebench_chai_case.py --dataset posebusters_benchmark --case-id 6XM9_V55 --gpu 5 --tag default_s5_t200 --seed 1 --num-trunk-recycles 3 --num-diffn-timesteps 200 --num-diffn-samples 5 --num-trunk-samples 1,1779104000.5523994,finished,0,120.122
dockgen,1uf7_1_CDV_0,1,154758,logs/chai_default_s5_t200_dockgen_1uf7_1_CDV_0.log,default_s5_t200,<REMOTE_PROJECT_ROOT>/.venv/bin/python scripts/70_run_posebench_chai_case.py --dataset dockgen --case-id 1uf7_1_CDV_0 --gpu 1 --tag default_s5_t200 --seed 1 --num-trunk-recycles 3 --num-diffn-timesteps 200 --num-diffn-samples 5 --num-trunk-samples 1,1779104010.5646505,finished,0,180.188
astex_diverse,1LPZ_CMB,3,155943,logs/chai_default_s5_t200_astex_diverse_1LPZ_CMB.log,default_s5_t200,<REMOTE_PROJECT_ROOT>/.venv/bin/python scripts/70_run_posebench_chai_case.py --dataset astex_diverse --case-id 1LPZ_CMB --gpu 3 --tag default_s5_t200 --seed 1 --num-trunk-recycles 3 --num-diffn-timesteps 200 --num-diffn-samples 5 --num-trunk-samples 1,1779104030.5869093,finished,0,100.099
posebusters_benchmark,6XUM_30L,4,156746,logs/chai_default_s5_t200_posebusters_benchmark_6XUM_30L.log,default_s5_t200,<REMOTE_PROJECT_ROOT>/.venv/bin/python scripts/70_run_posebench_chai_case.py --dataset posebusters_benchmark --case-id 6XUM_30L --gpu 4 --tag default_s5_t200 --seed 1 --num-trunk-recycles 3 --num-diffn-timesteps 200 --num-diffn-samples 5 --num-trunk-samples 1,1779104050.609251,finished,0,90.088
dockgen,1uf8_1_ING_2,2,157816,logs/chai_default_s5_t200_dockgen_1uf8_1_ING_2.log,default_s5_t200,<REMOTE_PROJECT_ROOT>/.venv/bin/python scripts/70_run_posebench_chai_case.py --dataset dockgen --case-id 1uf8_1_ING_2 --gpu 2 --tag default_s5_t200 --seed 1 --num-trunk-recycles 3 --num-diffn-timesteps 200 --num-diffn-samples 5 --num-trunk-samples 1,1779104100.6524885,finished,0,190.215
astex_diverse,1LRH_NLA,0,158538,logs/chai_default_s5_t200_astex_diverse_1LRH_NLA.log,default_s5_t200,<REMOTE_PROJECT_ROOT>/.venv/bin/python scripts/70_run_posebench_chai_case.py --dataset astex_diverse --case-id 1LRH_NLA --gpu 0 --tag default_s5_t200 --seed 1 --num-trunk-recycles 3 --num-diffn-timesteps 200 --num-diffn-samples 5 --num-trunk-samples 1,1779104110.6640275,finished,0,190.216
posebusters_benchmark,6Y7L_QMG,5,159269,logs/chai_default_s5_t200_posebusters_benchmark_6Y7L_QMG.log,default_s5_t200,<REMOTE_PROJECT_ROOT>/.venv/bin/python scripts/70_run_posebench_chai_case.py --dataset posebusters_benchmark --case-id 6Y7L_QMG --gpu 5 --tag default_s5_t200 --seed 1 --num-trunk-recycles 3 --num-diffn-timesteps 200 --num-diffn-samples 5 --num-trunk-samples 1,1779104120.6759057,finished,0,70.076
dockgen,1v2g_1_OCA_0,3,160036,logs/chai_default_s5_t200_dockgen_1v2g_1_OCA_0.log,default_s5_t200,<REMOTE_PROJECT_ROOT>/.venv/bin/python scripts/70_run_posebench_chai_case.py --dataset dockgen --case-id 1v2g_1_OCA_0 --gpu 3 --tag default_s5_t200 --seed 1 --num-trunk-recycles 3 --num-diffn-timesteps 200 --num-diffn-samples 5 --num-trunk-samples 1,1779104130.687285,finished,0,70.078
astex_diverse,1M2Z_DEX,7,160849,logs/chai_default_s5_t200_astex_diverse_1M2Z_DEX.log,default_s5_t200,<REMOTE_PROJECT_ROOT>/.venv/bin/python scripts/70_run_posebench_chai_case.py --dataset astex_diverse --case-id 1M2Z_DEX --gpu 7 --tag default_s5_t200 --seed 1 --num-trunk-recycles 3 --num-diffn-timesteps 200 --num-diffn-samples 5 --num-trunk-samples 1,1779104140.6994572,finished,0,190.215
posebusters_benchmark,6YDY_K73,4,160850,logs/chai_default_s5_t200_posebusters_benchmark_6YDY_K73.log,default_s5_t200,<REMOTE_PROJECT_ROOT>/.venv/bin/python scripts/70_run_posebench_chai_case.py --dataset posebusters_benchmark --case-id 6YDY_K73 --gpu 4 --tag default_s5_t200 --seed 1 --num-trunk-recycles 3 --num-diffn-timesteps 200 --num-diffn-samples 5 --num-trunk-samples 1,1779104140.7004564,finished,0,70.077
dockgen,1v97_1_MTE_1,6,162338,logs/chai_default_s5_t200_dockgen_1v97_1_MTE_1.log,default_s5_t200,<REMOTE_PROJECT_ROOT>/.venv/bin/python scripts/70_run_posebench_chai_case.py --dataset dockgen --case-id 1v97_1_MTE_1 --gpu 6 --tag default_s5_t200 --seed 1 --num-trunk-recycles 3 --num-diffn-timesteps 200 --num-diffn-samples 5 --num-trunk-samples 1,1779104160.722073,finished,0,60.067
astex_diverse,1MEH_MOA,1,163267,logs/chai_default_s5_t200_astex_diverse_1MEH_MOA.log,default_s5_t200,<REMOTE_PROJECT_ROOT>/.venv/bin/python scripts/70_run_posebench_chai_case.py --dataset astex_diverse --case-id 1MEH_MOA --gpu 1 --tag default_s5_t200 --seed 1 --num-trunk-recycles 3 --num-diffn-timesteps 200 --num-diffn-samples 5 --num-trunk-samples 1,1779104190.754124,finished,0,90.102
posebusters_benchmark,6YJA_2BA,5,163268,logs/chai_default_s5_t200_posebusters_benchmark_6YJA_2BA.log,default_s5_t200,<REMOTE_PROJECT_ROOT>/.venv/bin/python scripts/70_run_posebench_chai_case.py --dataset posebusters_benchmark --case-id 6YJA_2BA --gpu 5 --tag default_s5_t200 --seed 1 --num-trunk-recycles 3 --num-diffn-timesteps 200 --num-diffn-samples 5 --num-trunk-samples 1,1779104190.7556717,finished,0,100.112
dockgen,1za2_1_CTP_4,3,164695,logs/chai_default_s5_t200_dockgen_1za2_1_CTP_4.log,default_s5_t200,<REMOTE_PROJECT_ROOT>/.venv/bin/python scripts/70_run_posebench_chai_case.py --dataset dockgen --case-id 1za2_1_CTP_4 --gpu 3 --tag default_s5_t200 --seed 1 --num-trunk-recycles 3 --num-diffn-timesteps 200 --num-diffn-samples 5 --num-trunk-samples 1,1779104200.7671945,finished,0,70.077
astex_diverse,1MMV_3AR,4,165560,logs/chai_default_s5_t200_astex_diverse_1MMV_3AR.log,default_s5_t200,<REMOTE_PROJECT_ROOT>/.venv/bin/python scripts/70_run_posebench_chai_case.py --dataset astex_diverse --case-id 1MMV_3AR --gpu 4 --tag default_s5_t200 --seed 1 --num-trunk-recycles 3 --num-diffn-timesteps 200 --num-diffn-samples 5 --num-trunk-samples 1,1779104210.7787027,finished,0,290.329
posebusters_benchmark,6YMS_OZH,6,166282,logs/chai_default_s5_t200_posebusters_benchmark_6YMS_OZH.log,default_s5_t200,<REMOTE_PROJECT_ROOT>/.venv/bin/python scripts/70_run_posebench_chai_case.py --dataset posebusters_benchmark --case-id 6YMS_OZH --gpu 6 --tag default_s5_t200 --seed 1 --num-trunk-recycles 3 --num-diffn-timesteps 200 --num-diffn-samples 5 --num-trunk-samples 1,1779104220.7907028,finished,0,90.102
dockgen,2cdc_1_XYS_5,3,167313,logs/chai_default_s5_t200_dockgen_2cdc_1_XYS_5.log,default_s5_t200,<REMOTE_PROJECT_ROOT>/.venv/bin/python scripts/70_run_posebench_chai_case.py --dataset dockgen --case-id 2cdc_1_XYS_5 --gpu 3 --tag default_s5_t200 --seed 1 --num-trunk-recycles 3 --num-diffn-timesteps 200 --num-diffn-samples 5 --num-trunk-samples 1,1779104270.8459864,finished,0,190.214
astex_diverse,1MZC_BNE,1,168066,logs/chai_default_s5_t200_astex_diverse_1MZC_BNE.log,default_s5_t200,<REMOTE_PROJECT_ROOT>/.venv/bin/python scripts/70_run_posebench_chai_case.py --dataset astex_diverse --case-id 1MZC_BNE --gpu 1 --tag default_s5_t200 --seed 1 --num-trunk-recycles 3 --num-diffn-timesteps 200 --num-diffn-samples 5 --num-trunk-samples 1,1779104280.8576896,finished,0,190.215
posebusters_benchmark,6YQV_8K2,2,168774,logs/chai_default_s5_t200_posebusters_benchmark_6YQV_8K2.log,default_s5_t200,<REMOTE_PROJECT_ROOT>/.venv/bin/python scripts/70_run_posebench_chai_case.py --dataset posebusters_benchmark --case-id 6YQV_8K2 --gpu 2 --tag default_s5_t200 --seed 1 --num-trunk-recycles 3 --num-diffn-timesteps 200 --num-diffn-samples 5 --num-trunk-samples 1,1779104290.869232,finished,0,100.114
dockgen,2ext_1_TRP_0,5,168775,logs/chai_default_s5_t200_dockgen_2ext_1_TRP_0.log,default_s5_t200,<REMOTE_PROJECT_ROOT>/.venv/bin/python scripts/70_run_posebench_chai_case.py --dataset dockgen --case-id 2ext_1_TRP_0 --gpu 5 --tag default_s5_t200 --seed 1 --num-trunk-recycles 3 --num-diffn-timesteps 200 --num-diffn-samples 5 --num-trunk-samples 1,1779104290.8701885,finished,0,80.089
astex_diverse,1N1M_A3M,0,170137,logs/chai_default_s5_t200_astex_diverse_1N1M_A3M.log,default_s5_t200,<REMOTE_PROJECT_ROOT>/.venv/bin/python scripts/70_run_posebench_chai_case.py --dataset astex_diverse --case-id 1N1M_A3M --gpu 0 --tag default_s5_t200 --seed 1 --num-trunk-recycles 3 --num-diffn-timesteps 200 --num-diffn-samples 5 --num-trunk-samples 1,1779104300.882093,finished,0,60.065
posebusters_benchmark,6YQW_82I,6,170916,logs/chai_default_s5_t200_posebusters_benchmark_6YQW_82I.log,default_s5_t200,<REMOTE_PROJECT_ROOT>/.venv/bin/python scripts/70_run_posebench_chai_case.py --dataset posebusters_benchmark --case-id 6YQW_82I --gpu 6 --tag default_s5_t200 --seed 1 --num-trunk-recycles 3 --num-diffn-timesteps 200 --num-diffn-samples 5 --num-trunk-samples 1,1779104310.894251,finished,0,70.076
dockgen,2g7c_1_NAG-GAL-GLA_1,7,171742,logs/chai_default_s5_t200_dockgen_2g7c_1_NAG-GAL-GLA_1.log,default_s5_t200,<REMOTE_PROJECT_ROOT>/.venv/bin/python scripts/70_run_posebench_chai_case.py --dataset dockgen --case-id 2g7c_1_NAG-GAL-GLA_1 --gpu 7 --tag default_s5_t200 --seed 1 --num-trunk-recycles 3 --num-diffn-timesteps 200 --num-diffn-samples 5 --num-trunk-samples 1,1779104330.9163232,finished,0,90.101
astex_diverse,1N2J_PAF,0,172596,logs/chai_default_s5_t200_astex_diverse_1N2J_PAF.log,default_s5_t200,<REMOTE_PROJECT_ROOT>/.venv/bin/python scripts/70_run_posebench_chai_case.py --dataset astex_diverse --case-id 1N2J_PAF --gpu 0 --tag default_s5_t200 --seed 1 --num-trunk-recycles 3 --num-diffn-timesteps 200 --num-diffn-samples 5 --num-trunk-samples 1,1779104360.9486315,finished,0,190.213
posebusters_benchmark,6YR2_T1C,5,173302,logs/chai_default_s5_t200_posebusters_benchmark_6YR2_T1C.log,default_s5_t200,<REMOTE_PROJECT_ROOT>/.venv/bin/python scripts/70_run_posebench_chai_case.py --dataset posebusters_benchmark --case-id 6YR2_T1C --gpu 5 --tag default_s5_t200 --seed 1 --num-trunk-recycles 3 --num-diffn-timesteps 200 --num-diffn-samples 5 --num-trunk-samples 1,1779104370.9606712,finished,0,120.135
dockgen,2gag_1_FOA_0,6,174002,logs/chai_default_s5_t200_dockgen_2gag_1_FOA_0.log,default_s5_t200,<REMOTE_PROJECT_ROOT>/.venv/bin/python scripts/70_run_posebench_chai_case.py --dataset dockgen --case-id 2gag_1_FOA_0 --gpu 6 --tag default_s5_t200 --seed 1 --num-trunk-recycles 3 --num-diffn-timesteps 200 --num-diffn-samples 5 --num-trunk-samples 1,1779104380.972888,finished,0,280.305
astex_diverse,1N2V_BDI,2,174715,logs/chai_default_s5_t200_astex_diverse_1N2V_BDI.log,default_s5_t200,<REMOTE_PROJECT_ROOT>/.venv/bin/python scripts/70_run_posebench_chai_case.py --dataset astex_diverse --case-id 1N2V_BDI --gpu 2 --tag default_s5_t200 --seed 1 --num-trunk-recycles 3 --num-diffn-timesteps 200 --num-diffn-samples 5 --num-trunk-samples 1,1779104390.9846032,finished,0,120.135
posebusters_benchmark,6YRV_PJ8,7,175567,logs/chai_default_s5_t200_posebusters_benchmark_6YRV_PJ8.log,default_s5_t200,<REMOTE_PROJECT_ROOT>/.venv/bin/python scripts/70_run_posebench_chai_case.py --dataset posebusters_benchmark --case-id 6YRV_PJ8 --gpu 7 --tag default_s5_t200 --seed 1 --num-trunk-recycles 3 --num-diffn-timesteps 200 --num-diffn-samples 5 --num-trunk-samples 1,1779104421.019788,finished,0,180.195
dockgen,2gag_1_NAD_0,3,178684,logs/chai_default_s5_t200_dockgen_2gag_1_NAD_0.log,default_s5_t200,<REMOTE_PROJECT_ROOT>/.venv/bin/python scripts/70_run_posebench_chai_case.py --dataset dockgen --case-id 2gag_1_NAD_0 --gpu 3 --tag default_s5_t200 --seed 1 --num-trunk-recycles 3 --num-diffn-timesteps 200 --num-diffn-samples 5 --num-trunk-samples 1,1779104461.0624852,finished,0,290.316
astex_diverse,1N46_PFA,1,179380,logs/chai_default_s5_t200_astex_diverse_1N46_PFA.log,default_s5_t200,<REMOTE_PROJECT_ROOT>/.venv/bin/python scripts/70_run_posebench_chai_case.py --dataset astex_diverse --case-id 1N46_PFA --gpu 1 --tag default_s5_t200 --seed 1 --num-trunk-recycles 3 --num-diffn-timesteps 200 --num-diffn-samples 5 --num-trunk-samples 1,1779104471.0746667,finished,0,190.204
posebusters_benchmark,6YSP_PAL,5,180128,logs/chai_default_s5_t200_posebusters_benchmark_6YSP_PAL.log,default_s5_t200,<REMOTE_PROJECT_ROOT>/.venv/bin/python scripts/70_run_posebench_chai_case.py --dataset posebusters_benchmark --case-id 6YSP_PAL --gpu 5 --tag default_s5_t200 --seed 1 --num-trunk-recycles 3 --num-diffn-timesteps 200 --num-diffn-samples 5 --num-trunk-samples 1,1779104491.0974815,finished,0,300.326
dockgen,2gah_1_NAD_0,4,180826,logs/chai_default_s5_t200_dockgen_2gah_1_NAD_0.log,default_s5_t200,<REMOTE_PROJECT_ROOT>/.venv/bin/python scripts/70_run_posebench_chai_case.py --dataset dockgen --case-id 2gah_1_NAD_0 --gpu 4 --tag default_s5_t200 --seed 1 --num-trunk-recycles 3 --num-diffn-timesteps 200 --num-diffn-samples 5 --num-trunk-samples 1,1779104501.1098416,finished,0,280.3
astex_diverse,1NAV_IH5,2,181585,logs/chai_default_s5_t200_astex_diverse_1NAV_IH5.log,default_s5_t200,<REMOTE_PROJECT_ROOT>/.venv/bin/python scripts/70_run_posebench_chai_case.py --dataset astex_diverse --case-id 1NAV_IH5 --gpu 2 --tag default_s5_t200 --seed 1 --num-trunk-recycles 3 --num-diffn-timesteps 200 --num-diffn-samples 5 --num-trunk-samples 1,1779104511.1214097,finished,0,90.093
posebusters_benchmark,6YT6_PKE,0,182526,logs/chai_default_s5_t200_posebusters_benchmark_6YT6_PKE.log,default_s5_t200,<REMOTE_PROJECT_ROOT>/.venv/bin/python scripts/70_run_posebench_chai_case.py --dataset posebusters_benchmark --case-id 6YT6_PKE --gpu 0 --tag default_s5_t200 --seed 1 --num-trunk-recycles 3 --num-diffn-timesteps 200 --num-diffn-samples 5 --num-trunk-samples 1,1779104551.1639562,finished,0,190.201
dockgen,2gf3_2_FOA_1,7,183603,logs/chai_default_s5_t200_dockgen_2gf3_2_FOA_1.log,default_s5_t200,<REMOTE_PROJECT_ROOT>/.venv/bin/python scripts/70_run_posebench_chai_case.py --dataset dockgen --case-id 2gf3_2_FOA_1 --gpu 7 --tag default_s5_t200 --seed 1 --num-trunk-recycles 3 --num-diffn-timesteps 200 --num-diffn-samples 5 --num-trunk-samples 1,1779104601.2168665,finished,0,120.126
astex_diverse,1OF1_SCT,2,183604,logs/chai_default_s5_t200_astex_diverse_1OF1_SCT.log,default_s5_t200,<REMOTE_PROJECT_ROOT>/.venv/bin/python scripts/70_run_posebench_chai_case.py --dataset astex_diverse --case-id 1OF1_SCT --gpu 2 --tag default_s5_t200 --seed 1 --num-trunk-recycles 3 --num-diffn-timesteps 200 --num-diffn-samples 5 --num-trunk-samples 1,1779104601.2185416,finished,0,190.205
posebusters_benchmark,6YYO_Q1K,6,185788,logs/chai_default_s5_t200_posebusters_benchmark_6YYO_Q1K.log,default_s5_t200,<REMOTE_PROJECT_ROOT>/.venv/bin/python scripts/70_run_posebench_chai_case.py --dataset posebusters_benchmark --case-id 6YYO_Q1K --gpu 6 --tag default_s5_t200 --seed 1 --num-trunk-recycles 3 --num-diffn-timesteps 200 --num-diffn-samples 5 --num-trunk-samples 1,1779104661.280477,finished,0,120.13
dockgen,2him_1_ASN_3,1,185789,logs/chai_default_s5_t200_dockgen_2him_1_ASN_3.log,default_s5_t200,<REMOTE_PROJECT_ROOT>/.venv/bin/python scripts/70_run_posebench_chai_case.py --dataset dockgen --case-id 2him_1_ASN_3 --gpu 1 --tag default_s5_t200 --seed 1 --num-trunk-recycles 3 --num-diffn-timesteps 200 --num-diffn-samples 5 --num-trunk-samples 1,1779104661.2819877,finished,0,190.206
astex_diverse,1OF6_DTY,7,187437,logs/chai_default_s5_t200_astex_diverse_1OF6_DTY.log,default_s5_t200,<REMOTE_PROJECT_ROOT>/.venv/bin/python scripts/70_run_posebench_chai_case.py --dataset astex_diverse --case-id 1OF6_DTY --gpu 7 --tag default_s5_t200 --seed 1 --num-trunk-recycles 3 --num-diffn-timesteps 200 --num-diffn-samples 5 --num-trunk-samples 1,1779104721.3447666,finished,0,20.02
posebusters_benchmark,6Z0R_Q4H,0,188568,logs/chai_default_s5_t200_posebusters_benchmark_6Z0R_Q4H.log,default_s5_t200,<REMOTE_PROJECT_ROOT>/.venv/bin/python scripts/70_run_posebench_chai_case.py --dataset posebusters_benchmark --case-id 6Z0R_Q4H --gpu 0 --tag default_s5_t200 --seed 1 --num-trunk-recycles 3 --num-diffn-timesteps 200 --num-diffn-samples 5 --num-trunk-samples 1,1779104741.3670008,finished,0,90.097
dockgen,2hk9_1_SKM_0,7,188569,logs/chai_default_s5_t200_dockgen_2hk9_1_SKM_0.log,default_s5_t200,<REMOTE_PROJECT_ROOT>/.venv/bin/python scripts/70_run_posebench_chai_case.py --dataset dockgen --case-id 2hk9_1_SKM_0 --gpu 7 --tag default_s5_t200 --seed 1 --num-trunk-recycles 3 --num-diffn-timesteps 200 --num-diffn-samples 5 --num-trunk-samples 1,1779104741.3686569,finished,0,90.095
astex_diverse,1OPK_P16,3,189936,logs/chai_default_s5_t200_astex_diverse_1OPK_P16.log,default_s5_t200,<REMOTE_PROJECT_ROOT>/.venv/bin/python scripts/70_run_posebench_chai_case.py --dataset astex_diverse --case-id 1OPK_P16 --gpu 3 --tag default_s5_t200 --seed 1 --num-trunk-recycles 3 --num-diffn-timesteps 200 --num-diffn-samples 5 --num-trunk-samples 1,1779104751.380536,finished,0,120.129
posebusters_benchmark,6Z14_Q4Z,4,190747,logs/chai_default_s5_t200_posebusters_benchmark_6Z14_Q4Z.log,default_s5_t200,<REMOTE_PROJECT_ROOT>/.venv/bin/python scripts/70_run_posebench_chai_case.py --dataset posebusters_benchmark --case-id 6Z14_Q4Z --gpu 4 --tag default_s5_t200 --seed 1 --num-trunk-recycles 3 --num-diffn-timesteps 200 --num-diffn-samples 5 --num-trunk-samples 1,1779104781.4116921,finished,0,180.201
dockgen,2hs3_1_FGR_0,6,190748,logs/chai_default_s5_t200_dockgen_2hs3_1_FGR_0.log,default_s5_t200,<REMOTE_PROJECT_ROOT>/.venv/bin/python scripts/70_run_posebench_chai_case.py --dataset dockgen --case-id 2hs3_1_FGR_0 --gpu 6 --tag default_s5_t200 --seed 1 --num-trunk-recycles 3 --num-diffn-timesteps 200 --num-diffn-samples 5 --num-trunk-samples 1,1779104781.4130132,finished,0,180.2
astex_diverse,1OQ5_CEL,5,192452,logs/chai_default_s5_t200_astex_diverse_1OQ5_CEL.log,default_s5_t200,<REMOTE_PROJECT_ROOT>/.venv/bin/python scripts/70_run_posebench_chai_case.py --dataset astex_diverse --case-id 1OQ5_CEL --gpu 5 --tag default_s5_t200 --seed 1 --num-trunk-recycles 3 --num-diffn-timesteps 200 --num-diffn-samples 5 --num-trunk-samples 1,1779104791.4251256,finished,0,90.097
posebusters_benchmark,6Z1C_7EY,2,192453,logs/chai_default_s5_t200_posebusters_benchmark_6Z1C_7EY.log,default_s5_t200,<REMOTE_PROJECT_ROOT>/.venv/bin/python scripts/70_run_posebench_chai_case.py --dataset posebusters_benchmark --case-id 6Z1C_7EY --gpu 2 --tag default_s5_t200 --seed 1 --num-trunk-recycles 3 --num-diffn-timesteps 200 --num-diffn-samples 5 --num-trunk-samples 1,1779104791.4267612,finished,0,90.095
dockgen,2o5m_1_MNR_0,0,194042,logs/chai_default_s5_t200_dockgen_2o5m_1_MNR_0.log,default_s5_t200,<REMOTE_PROJECT_ROOT>/.venv/bin/python scripts/70_run_posebench_chai_case.py --dataset dockgen --case-id 2o5m_1_MNR_0 --gpu 0 --tag default_s5_t200 --seed 1 --num-trunk-recycles 3 --num-diffn-timesteps 200 --num-diffn-samples 5 --num-trunk-samples 1,1779104831.4657955,finished,0,70.079
astex_diverse,1OWE_675,7,194043,logs/chai_default_s5_t200_astex_diverse_1OWE_675.log,default_s5_t200,<REMOTE_PROJECT_ROOT>/.venv/bin/python scripts/70_run_posebench_chai_case.py --dataset astex_diverse --case-id 1OWE_675 --gpu 7 --tag default_s5_t200 --seed 1 --num-trunk-recycles 3 --num-diffn-timesteps 200 --num-diffn-samples 5 --num-trunk-samples 1,1779104831.467467,finished,0,90.1
posebusters_benchmark,6Z2C_Q5E,1,195487,logs/chai_default_s5_t200_posebusters_benchmark_6Z2C_Q5E.log,default_s5_t200,<REMOTE_PROJECT_ROOT>/.venv/bin/python scripts/70_run_posebench_chai_case.py --dataset posebusters_benchmark --case-id 6Z2C_Q5E --gpu 1 --tag default_s5_t200 --seed 1 --num-trunk-recycles 3 --num-diffn-timesteps 200 --num-diffn-samples 5 --num-trunk-samples 1,1779104851.4898574,finished,0,200.227
dockgen,2q37_1_3AL_0,3,196628,logs/chai_default_s5_t200_dockgen_2q37_1_3AL_0.log,default_s5_t200,<REMOTE_PROJECT_ROOT>/.venv/bin/python scripts/70_run_posebench_chai_case.py --dataset dockgen --case-id 2q37_1_3AL_0 --gpu 3 --tag default_s5_t200 --seed 1 --num-trunk-recycles 3 --num-diffn-timesteps 200 --num-diffn-samples 5 --num-trunk-samples 1,1779104871.51186,finished,0,70.079
astex_diverse,1OYT_FSN,5,197338,logs/chai_default_s5_t200_astex_diverse_1OYT_FSN.log,default_s5_t200,<REMOTE_PROJECT_ROOT>/.venv/bin/python scripts/70_run_posebench_chai_case.py --dataset astex_diverse --case-id 1OYT_FSN --gpu 5 --tag default_s5_t200 --seed 1 --num-trunk-recycles 3 --num-diffn-timesteps 200 --num-diffn-samples 5 --num-trunk-samples 1,1779104881.5237288,finished,0,100.113
posebusters_benchmark,6Z4N_Q7B,2,197339,logs/chai_default_s5_t200_posebusters_benchmark_6Z4N_Q7B.log,default_s5_t200,<REMOTE_PROJECT_ROOT>/.venv/bin/python scripts/70_run_posebench_chai_case.py --dataset posebusters_benchmark --case-id 6Z4N_Q7B --gpu 2 --tag default_s5_t200 --seed 1 --num-trunk-recycles 3 --num-diffn-timesteps 200 --num-diffn-samples 5 --num-trunk-samples 1,1779104881.5250185,finished,0,190.216
dockgen,2q6k_1_ADN_1,0,198812,logs/chai_default_s5_t200_dockgen_2q6k_1_ADN_1.log,default_s5_t200,<REMOTE_PROJECT_ROOT>/.venv/bin/python scripts/70_run_posebench_chai_case.py --dataset dockgen --case-id 2q6k_1_ADN_1 --gpu 0 --tag default_s5_t200 --seed 1 --num-trunk-recycles 3 --num-diffn-timesteps 200 --num-diffn-samples 5 --num-trunk-samples 1,1779104901.547343,finished,0,90.102
astex_diverse,1P2Y_NCT,7,199595,logs/chai_default_s5_t200_astex_diverse_1P2Y_NCT.log,default_s5_t200,<REMOTE_PROJECT_ROOT>/.venv/bin/python scripts/70_run_posebench_chai_case.py --dataset astex_diverse --case-id 1P2Y_NCT --gpu 7 --tag default_s5_t200 --seed 1 --num-trunk-recycles 3 --num-diffn-timesteps 200 --num-diffn-samples 5 --num-trunk-samples 1,1779104921.5701933,finished,0,120.135
posebusters_benchmark,6Z5Z_BDF,3,200528,logs/chai_default_s5_t200_posebusters_benchmark_6Z5Z_BDF.log,default_s5_t200,<REMOTE_PROJECT_ROOT>/.venv/bin/python scripts/70_run_posebench_chai_case.py --dataset posebusters_benchmark --case-id 6Z5Z_BDF --gpu 3 --tag default_s5_t200 --seed 1 --num-trunk-recycles 3 --num-diffn-timesteps 200 --num-diffn-samples 5 --num-trunk-samples 1,1779104941.5924125,finished,0,70.079
dockgen,2r4e_1_13P_0,4,201337,logs/chai_default_s5_t200_dockgen_2r4e_1_13P_0.log,default_s5_t200,<REMOTE_PROJECT_ROOT>/.venv/bin/python scripts/70_run_posebench_chai_case.py --dataset dockgen --case-id 2r4e_1_13P_0 --gpu 4 --tag default_s5_t200 --seed 1 --num-trunk-recycles 3 --num-diffn-timesteps 200 --num-diffn-samples 5 --num-trunk-samples 1,1779104961.6148345,finished,0,120.142
astex_diverse,1P62_GEO,6,201338,logs/chai_default_s5_t200_astex_diverse_1P62_GEO.log,default_s5_t200,<REMOTE_PROJECT_ROOT>/.venv/bin/python scripts/70_run_posebench_chai_case.py --dataset astex_diverse --case-id 1P62_GEO --gpu 6 --tag default_s5_t200 --seed 1 --num-trunk-recycles 3 --num-diffn-timesteps 200 --num-diffn-samples 5 --num-trunk-samples 1,1779104961.616557,finished,0,70.077
posebusters_benchmark,6ZAE_ACV,5,202907,logs/chai_default_s5_t200_posebusters_benchmark_6ZAE_ACV.log,default_s5_t200,<REMOTE_PROJECT_ROOT>/.venv/bin/python scripts/70_run_posebench_chai_case.py --dataset posebusters_benchmark --case-id 6ZAE_ACV --gpu 5 --tag default_s5_t200 --seed 1 --num-trunk-recycles 3 --num-diffn-timesteps 200 --num-diffn-samples 5 --num-trunk-samples 1,1779104981.6388967,finished,0,90.102
dockgen,2v5e_1_GU4-YYJ_0,0,203628,logs/chai_default_s5_t200_dockgen_2v5e_1_GU4-YYJ_0.log,default_s5_t200,<REMOTE_PROJECT_ROOT>/.venv/bin/python scripts/70_run_posebench_chai_case.py --dataset dockgen --case-id 2v5e_1_GU4-YYJ_0 --gpu 0 --tag default_s5_t200 --seed 1 --num-trunk-recycles 3 --num-diffn-timesteps 200 --num-diffn-samples 5 --num-trunk-samples 1,1779104991.6510897,finished,0,70.078
astex_diverse,1PMN_984,3,204398,logs/chai_default_s5_t200_astex_diverse_1PMN_984.log,default_s5_t200,<REMOTE_PROJECT_ROOT>/.venv/bin/python scripts/70_run_posebench_chai_case.py --dataset astex_diverse --case-id 1PMN_984 --gpu 3 --tag default_s5_t200 --seed 1 --num-trunk-recycles 3 --num-diffn-timesteps 200 --num-diffn-samples 5 --num-trunk-samples 1,1779105011.67322,finished,0,100.118
posebusters_benchmark,6ZC3_JOR,6,205157,logs/chai_default_s5_t200_posebusters_benchmark_6ZC3_JOR.log,default_s5_t200,<REMOTE_PROJECT_ROOT>/.venv/bin/python scripts/70_run_posebench_chai_case.py --dataset posebusters_benchmark --case-id 6ZC3_JOR --gpu 6 --tag default_s5_t200 --seed 1 --num-trunk-recycles 3 --num-diffn-timesteps 200 --num-diffn-samples 5 --num-trunk-samples 1,1779105031.6948247,finished,0,80.096
dockgen,2v7t_1_SAH_4,7,205855,logs/chai_default_s5_t200_dockgen_2v7t_1_SAH_4.log,default_s5_t200,<REMOTE_PROJECT_ROOT>/.venv/bin/python scripts/70_run_posebench_chai_case.py --dataset dockgen --case-id 2v7t_1_SAH_4 --gpu 7 --tag default_s5_t200 --seed 1 --num-trunk-recycles 3 --num-diffn-timesteps 200 --num-diffn-samples 5 --num-trunk-samples 1,1779105041.7070506,finished,0,180.205
astex_diverse,1Q1G_MTI,1,206635,logs/chai_default_s5_t200_astex_diverse_1Q1G_MTI.log,default_s5_t200,<REMOTE_PROJECT_ROOT>/.venv/bin/python scripts/70_run_posebench_chai_case.py --dataset astex_diverse --case-id 1Q1G_MTI --gpu 1 --tag default_s5_t200 --seed 1 --num-trunk-recycles 3 --num-diffn-timesteps 200 --num-diffn-samples 5 --num-trunk-samples 1,1779105051.718983,finished,0,50.06
posebusters_benchmark,6ZCY_QF8,0,207346,logs/chai_default_s5_t200_posebusters_benchmark_6ZCY_QF8.log,default_s5_t200,<REMOTE_PROJECT_ROOT>/.venv/bin/python scripts/70_run_posebench_chai_case.py --dataset posebusters_benchmark --case-id 6ZCY_QF8 --gpu 0 --tag default_s5_t200 --seed 1 --num-trunk-recycles 3 --num-diffn-timesteps 200 --num-diffn-samples 5 --num-trunk-samples 1,1779105061.7306988,finished,0,90.104
dockgen,2v7u_1_SAM_2,2,208055,logs/chai_default_s5_t200_dockgen_2v7u_1_SAM_2.log,default_s5_t200,<REMOTE_PROJECT_ROOT>/.venv/bin/python scripts/70_run_posebench_chai_case.py --dataset dockgen --case-id 2v7u_1_SAM_2 --gpu 2 --tag default_s5_t200 --seed 1 --num-trunk-recycles 3 --num-diffn-timesteps 200 --num-diffn-samples 5 --num-trunk-samples 1,1779105071.7427876,finished,0,180.201
astex_diverse,1Q41_IXM,5,208056,logs/chai_default_s5_t200_astex_diverse_1Q41_IXM.log,default_s5_t200,<REMOTE_PROJECT_ROOT>/.venv/bin/python scripts/70_run_posebench_chai_case.py --dataset astex_diverse --case-id 1Q41_IXM --gpu 5 --tag default_s5_t200 --seed 1 --num-trunk-recycles 3 --num-diffn-timesteps 200 --num-diffn-samples 5 --num-trunk-samples 1,1779105071.7440104,finished,0,190.212
posebusters_benchmark,6ZK5_IMH,4,209409,logs/chai_default_s5_t200_posebusters_benchmark_6ZK5_IMH.log,default_s5_t200,<REMOTE_PROJECT_ROOT>/.venv/bin/python scripts/70_run_posebench_chai_case.py --dataset posebusters_benchmark --case-id 6ZK5_IMH --gpu 4 --tag default_s5_t200 --seed 1 --num-trunk-recycles 3 --num-diffn-timesteps 200 --num-diffn-samples 5 --num-trunk-samples 1,1779105081.7591832,finished,0,180.197
dockgen,2v7v_1_5FD_0,1,210193,logs/chai_default_s5_t200_dockgen_2v7v_1_5FD_0.log,default_s5_t200,<REMOTE_PROJECT_ROOT>/.venv/bin/python scripts/70_run_posebench_chai_case.py --dataset dockgen --case-id 2v7v_1_5FD_0 --gpu 1 --tag default_s5_t200 --seed 1 --num-trunk-recycles 3 --num-diffn-timesteps 200 --num-diffn-samples 5 --num-trunk-samples 1,1779105101.7808008,finished,0,190.209
astex_diverse,1Q4G_BFL,3,210903,logs/chai_default_s5_t200_astex_diverse_1Q4G_BFL.log,default_s5_t200,<REMOTE_PROJECT_ROOT>/.venv/bin/python scripts/70_run_posebench_chai_case.py --dataset astex_diverse --case-id 1Q4G_BFL --gpu 3 --tag default_s5_t200 --seed 1 --num-trunk-recycles 3 --num-diffn-timesteps 200 --num-diffn-samples 5 --num-trunk-samples 1,1779105111.7929304,finished,0,50.054
posebusters_benchmark,6ZPB_3D1,6,210904,logs/chai_default_s5_t200_posebusters_benchmark_6ZPB_3D1.log,default_s5_t200,<REMOTE_PROJECT_ROOT>/.venv/bin/python scripts/70_run_posebench_chai_case.py --dataset posebusters_benchmark --case-id 6ZPB_3D1 --gpu 6 --tag default_s5_t200 --seed 1 --num-trunk-recycles 3 --num-diffn-timesteps 200 --num-diffn-samples 5 --num-trunk-samples 1,1779105111.7943537,finished,0,70.075
dockgen,2v7w_1_5FD_0,0,212522,logs/chai_default_s5_t200_dockgen_2v7w_1_5FD_0.log,default_s5_t200,<REMOTE_PROJECT_ROOT>/.venv/bin/python scripts/70_run_posebench_chai_case.py --dataset dockgen --case-id 2v7w_1_5FD_0 --gpu 0 --tag default_s5_t200 --seed 1 --num-trunk-recycles 3 --num-diffn-timesteps 200 --num-diffn-samples 5 --num-trunk-samples 1,1779105151.836944,finished,0,180.199
astex_diverse,1R1H_BIR,3,213224,logs/chai_default_s5_t200_astex_diverse_1R1H_BIR.log,default_s5_t200,<REMOTE_PROJECT_ROOT>/.venv/bin/python scripts/70_run_posebench_chai_case.py --dataset astex_diverse --case-id 1R1H_BIR --gpu 3 --tag default_s5_t200 --seed 1 --num-trunk-recycles 3 --num-diffn-timesteps 200 --num-diffn-samples 5 --num-trunk-samples 1,1779105161.8488734,finished,0,180.199
posebusters_benchmark,6ZR8_QOZ,6,214051,logs/chai_default_s5_t200_posebusters_benchmark_6ZR8_QOZ.log,default_s5_t200,<REMOTE_PROJECT_ROOT>/.venv/bin/python scripts/70_run_posebench_chai_case.py --dataset posebusters_benchmark --case-id 6ZR8_QOZ --gpu 6 --tag default_s5_t200 --seed 1 --num-trunk-recycles 3 --num-diffn-timesteps 200 --num-diffn-samples 5 --num-trunk-samples 1,1779105181.8713298,finished,0,90.097
dockgen,2vdf_1_OCT_0,7,214986,logs/chai_default_s5_t200_dockgen_2vdf_1_OCT_0.log,default_s5_t200,<REMOTE_PROJECT_ROOT>/.venv/bin/python scripts/70_run_posebench_chai_case.py --dataset dockgen --case-id 2vdf_1_OCT_0 --gpu 7 --tag default_s5_t200 --seed 1 --num-trunk-recycles 3 --num-diffn-timesteps 200 --num-diffn-samples 5 --num-trunk-samples 1,1779105221.91394,finished,0,70.077
astex_diverse,1R55_097,2,215821,logs/chai_default_s5_t200_astex_diverse_1R55_097.log,default_s5_t200,<REMOTE_PROJECT_ROOT>/.venv/bin/python scripts/70_run_posebench_chai_case.py --dataset astex_diverse --case-id 1R55_097 --gpu 2 --tag default_s5_t200 --seed 1 --num-trunk-recycles 3 --num-diffn-timesteps 200 --num-diffn-samples 5 --num-trunk-samples 1,1779105251.9457219,finished,0,70.078
posebusters_benchmark,6ZT2_QPK,5,216529,logs/chai_default_s5_t200_posebusters_benchmark_6ZT2_QPK.log,default_s5_t200,<REMOTE_PROJECT_ROOT>/.venv/bin/python scripts/70_run_posebench_chai_case.py --dataset posebusters_benchmark --case-id 6ZT2_QPK --gpu 5 --tag default_s5_t200 --seed 1 --num-trunk-recycles 3 --num-diffn-timesteps 200 --num-diffn-samples 5 --num-trunk-samples 1,1779105261.9572642,finished,0,90.102
dockgen,2vfu_1_MTL_0,4,216530,logs/chai_default_s5_t200_dockgen_2vfu_1_MTL_0.log,default_s5_t200,<REMOTE_PROJECT_ROOT>/.venv/bin/python scripts/70_run_posebench_chai_case.py --dataset dockgen --case-id 2vfu_1_MTL_0 --gpu 4 --tag default_s5_t200 --seed 1 --num-trunk-recycles 3 --num-diffn-timesteps 200 --num-diffn-samples 5 --num-trunk-samples 1,1779105261.958269,finished,0,120.134
astex_diverse,1R58_AO5,6,218033,logs/chai_default_s5_t200_astex_diverse_1R58_AO5.log,default_s5_t200,<REMOTE_PROJECT_ROOT>/.venv/bin/python scripts/70_run_posebench_chai_case.py --dataset astex_diverse --case-id 1R58_AO5 --gpu 6 --tag default_s5_t200 --seed 1 --num-trunk-recycles 3 --num-diffn-timesteps 200 --num-diffn-samples 5 --num-trunk-samples 1,1779105271.9701214,finished,0,120.135
posebusters_benchmark,6ZX3_QRZ,1,218897,logs/chai_default_s5_t200_posebusters_benchmark_6ZX3_QRZ.log,default_s5_t200,<REMOTE_PROJECT_ROOT>/.venv/bin/python scripts/70_run_posebench_chai_case.py --dataset posebusters_benchmark --case-id 6ZX3_QRZ --gpu 1 --tag default_s5_t200 --seed 1 --num-trunk-recycles 3 --num-diffn-timesteps 200 --num-diffn-samples 5 --num-trunk-samples 1,1779105291.9924707,finished,0,90.1
dockgen,2wab_1_BGC-BGC-BGC-BGC-BGC_0,7,218898,logs/chai_default_s5_t200_dockgen_2wab_1_BGC-BGC-BGC-BGC-BGC_0.log,default_s5_t200,<REMOTE_PROJECT_ROOT>/.venv/bin/python scripts/70_run_posebench_chai_case.py --dataset dockgen --case-id 2wab_1_BGC-BGC-BGC-BGC-BGC_0 --gpu 7 --tag default_s5_t200 --seed 1 --num-trunk-recycles 3 --num-diffn-timesteps 200 --num-diffn-samples 5 --num-trunk-samples 1,1779105291.9939535,finished,0,120.134
astex_diverse,1R9O_FLP,2,220613,logs/chai_default_s5_t200_astex_diverse_1R9O_FLP.log,default_s5_t200,<REMOTE_PROJECT_ROOT>/.venv/bin/python scripts/70_run_posebench_chai_case.py --dataset astex_diverse --case-id 1R9O_FLP --gpu 2 --tag default_s5_t200 --seed 1 --num-trunk-recycles 3 --num-diffn-timesteps 200 --num-diffn-samples 5 --num-trunk-samples 1,1779105322.0256202,finished,0,120.134
posebusters_benchmark,6ZXQ_IMO,0,221332,logs/chai_default_s5_t200_posebusters_benchmark_6ZXQ_IMO.log,default_s5_t200,<REMOTE_PROJECT_ROOT>/.venv/bin/python scripts/70_run_posebench_chai_case.py --dataset posebusters_benchmark --case-id 6ZXQ_IMO --gpu 0 --tag default_s5_t200 --seed 1 --num-trunk-recycles 3 --num-diffn-timesteps 200 --num-diffn-samples 5 --num-trunk-samples 1,1779105332.0373514,finished,0,120.136
dockgen,2wao_1_BGC-BGC-BGC-BGC-BGC_0,3,222094,logs/chai_default_s5_t200_dockgen_2wao_1_BGC-BGC-BGC-BGC-BGC_0.log,default_s5_t200,<REMOTE_PROJECT_ROOT>/.venv/bin/python scripts/70_run_posebench_chai_case.py --dataset dockgen --case-id 2wao_1_BGC-BGC-BGC-BGC-BGC_0 --gpu 3 --tag default_s5_t200 --seed 1 --num-trunk-recycles 3 --num-diffn-timesteps 200 --num-diffn-samples 5 --num-trunk-samples 1,1779105342.0494933,finished,0,120.136
astex_diverse,1S19_MC9,5,222869,logs/chai_default_s5_t200_astex_diverse_1S19_MC9.log,default_s5_t200,<REMOTE_PROJECT_ROOT>/.venv/bin/python scripts/70_run_posebench_chai_case.py --dataset astex_diverse --case-id 1S19_MC9 --gpu 5 --tag default_s5_t200 --seed 1 --num-trunk-recycles 3 --num-diffn-timesteps 200 --num-diffn-samples 5 --num-trunk-samples 1,1779105352.061697,finished,0,90.098
posebusters_benchmark,7A1P_QW2,4,223848,logs/chai_default_s5_t200_posebusters_benchmark_7A1P_QW2.log,default_s5_t200,<REMOTE_PROJECT_ROOT>/.venv/bin/python scripts/70_run_posebench_chai_case.py --dataset posebusters_benchmark --case-id 7A1P_QW2 --gpu 4 --tag default_s5_t200 --seed 1 --num-trunk-recycles 3 --num-diffn-timesteps 200 --num-diffn-samples 5 --num-trunk-samples 1,1779105382.093853,finished,0,90.105
dockgen,2wr8_1_SAH_1,1,223849,logs/chai_default_s5_t200_dockgen_2wr8_1_SAH_1.log,default_s5_t200,<REMOTE_PROJECT_ROOT>/.venv/bin/python scripts/70_run_posebench_chai_case.py --dataset dockgen --case-id 2wr8_1_SAH_1 --gpu 1 --tag default_s5_t200 --seed 1 --num-trunk-recycles 3 --num-diffn-timesteps 200 --num-diffn-samples 5 --num-trunk-samples 1,1779105382.09544,finished,0,90.104
astex_diverse,1S3V_TQD,6,225261,logs/chai_default_s5_t200_astex_diverse_1S3V_TQD.log,default_s5_t200,<REMOTE_PROJECT_ROOT>/.venv/bin/python scripts/70_run_posebench_chai_case.py --dataset astex_diverse --case-id 1S3V_TQD --gpu 6 --tag default_s5_t200 --seed 1 --num-trunk-recycles 3 --num-diffn-timesteps 200 --num-diffn-samples 5 --num-trunk-samples 1,1779105392.1077929,finished,0,70.077
posebusters_benchmark,7A9E_R4W,7,226070,logs/chai_default_s5_t200_posebusters_benchmark_7A9E_R4W.log,default_s5_t200,<REMOTE_PROJECT_ROOT>/.venv/bin/python scripts/70_run_posebench_chai_case.py --dataset posebusters_benchmark --case-id 7A9E_R4W --gpu 7 --tag default_s5_t200 --seed 1 --num-trunk-recycles 3 --num-diffn-timesteps 200 --num-diffn-samples 5 --num-trunk-samples 1,1779105412.129406,finished,0,120.136
dockgen,2wwc_1_CHT_2,2,227129,logs/chai_default_s5_t200_dockgen_2wwc_1_CHT_2.log,default_s5_t200,<REMOTE_PROJECT_ROOT>/.venv/bin/python scripts/70_run_posebench_chai_case.py --dataset dockgen --case-id 2wwc_1_CHT_2 --gpu 2 --tag default_s5_t200 --seed 1 --num-trunk-recycles 3 --num-diffn-timesteps 200 --num-diffn-samples 5 --num-trunk-samples 1,1779105442.1615741,finished,0,120.141
astex_diverse,1SG0_STL,5,227130,logs/chai_default_s5_t200_astex_diverse_1SG0_STL.log,default_s5_t200,<REMOTE_PROJECT_ROOT>/.venv/bin/python scripts/70_run_posebench_chai_case.py --dataset astex_diverse --case-id 1SG0_STL --gpu 5 --tag default_s5_t200 --seed 1 --num-trunk-recycles 3 --num-diffn-timesteps 200 --num-diffn-samples 5 --num-trunk-samples 1,1779105442.1629398,finished,0,120.14
posebusters_benchmark,7A9H_TPP,0,228495,logs/chai_default_s5_t200_posebusters_benchmark_7A9H_TPP.log,default_s5_t200,<REMOTE_PROJECT_ROOT>/.venv/bin/python scripts/70_run_posebench_chai_case.py --dataset posebusters_benchmark --case-id 7A9H_TPP --gpu 0 --tag default_s5_t200 --seed 1 --num-trunk-recycles 3 --num-diffn-timesteps 200 --num-diffn-samples 5 --num-trunk-samples 1,1779105452.1750808,finished,0,50.058
dockgen,2x34_2_UQ8_0,3,229223,logs/chai_default_s5_t200_dockgen_2x34_2_UQ8_0.log,default_s5_t200,<REMOTE_PROJECT_ROOT>/.venv/bin/python scripts/70_run_posebench_chai_case.py --dataset dockgen --case-id 2x34_2_UQ8_0 --gpu 3 --tag default_s5_t200 --seed 1 --num-trunk-recycles 3 --num-diffn-timesteps 200 --num-diffn-samples 5 --num-trunk-samples 1,1779105462.1870573,finished,0,70.078
astex_diverse,1SJ0_E4D,6,229224,logs/chai_default_s5_t200_astex_diverse_1SJ0_E4D.log,default_s5_t200,<REMOTE_PROJECT_ROOT>/.venv/bin/python scripts/70_run_posebench_chai_case.py --dataset astex_diverse --case-id 1SJ0_E4D --gpu 6 --tag default_s5_t200 --seed 1 --num-trunk-recycles 3 --num-diffn-timesteps 200 --num-diffn-samples 5 --num-trunk-samples 1,1779105462.1887672,finished,0,90.102
posebusters_benchmark,7AA0_R6B,4,230586,logs/chai_default_s5_t200_posebusters_benchmark_7AA0_R6B.log,default_s5_t200,<REMOTE_PROJECT_ROOT>/.venv/bin/python scripts/70_run_posebench_chai_case.py --dataset posebusters_benchmark --case-id 7AA0_R6B --gpu 4 --tag default_s5_t200 --seed 1 --num-trunk-recycles 3 --num-diffn-timesteps 200 --num-diffn-samples 5 --num-trunk-samples 1,1779105472.2011206,finished,0,100.116
dockgen,2xrh_1_NIO_1,1,230587,logs/chai_default_s5_t200_dockgen_2xrh_1_NIO_1.log,default_s5_t200,<REMOTE_PROJECT_ROOT>/.venv/bin/python scripts/70_run_posebench_chai_case.py --dataset dockgen --case-id 2xrh_1_NIO_1 --gpu 1 --tag default_s5_t200 --seed 1 --num-trunk-recycles 3 --num-diffn-timesteps 200 --num-diffn-samples 5 --num-trunk-samples 1,1779105472.2027724,finished,0,70.076
astex_diverse,1SQ5_PAU,0,232123,logs/chai_default_s5_t200_astex_diverse_1SQ5_PAU.log,default_s5_t200,<REMOTE_PROJECT_ROOT>/.venv/bin/python scripts/70_run_posebench_chai_case.py --dataset astex_diverse --case-id 1SQ5_PAU --gpu 0 --tag default_s5_t200 --seed 1 --num-trunk-recycles 3 --num-diffn-timesteps 200 --num-diffn-samples 5 --num-trunk-samples 1,1779105502.235047,finished,0,60.068
posebusters_benchmark,7AFX_R9K,7,232970,logs/chai_default_s5_t200_posebusters_benchmark_7AFX_R9K.log,default_s5_t200,<REMOTE_PROJECT_ROOT>/.venv/bin/python scripts/70_run_posebench_chai_case.py --dataset posebusters_benchmark --case-id 7AFX_R9K --gpu 7 --tag default_s5_t200 --seed 1 --num-trunk-recycles 3 --num-diffn-timesteps 200 --num-diffn-samples 5 --num-trunk-samples 1,1779105532.2670584,finished,0,130.15
dockgen,2xta_1_ACO_0,3,232971,logs/chai_default_s5_t200_dockgen_2xta_1_ACO_0.log,default_s5_t200,<REMOTE_PROJECT_ROOT>/.venv/bin/python scripts/70_run_posebench_chai_case.py --dataset dockgen --case-id 2xta_1_ACO_0 --gpu 3 --tag default_s5_t200 --seed 1 --num-trunk-recycles 3 --num-diffn-timesteps 200 --num-diffn-samples 5 --num-trunk-samples 1,1779105532.2686481,finished,0,280.312
astex_diverse,1SQN_NDR,1,234330,logs/chai_default_s5_t200_astex_diverse_1SQN_NDR.log,default_s5_t200,<REMOTE_PROJECT_ROOT>/.venv/bin/python scripts/70_run_posebench_chai_case.py --dataset astex_diverse --case-id 1SQN_NDR --gpu 1 --tag default_s5_t200 --seed 1 --num-trunk-recycles 3 --num-diffn-timesteps 200 --num-diffn-samples 5 --num-trunk-samples 1,1779105542.2804296,finished,0,190.214
posebusters_benchmark,7AKL_RK5,6,235041,logs/chai_default_s5_t200_posebusters_benchmark_7AKL_RK5.log,default_s5_t200,<REMOTE_PROJECT_ROOT>/.venv/bin/python scripts/70_run_posebench_chai_case.py --dataset posebusters_benchmark --case-id 7AKL_RK5 --gpu 6 --tag default_s5_t200 --seed 1 --num-trunk-recycles 3 --num-diffn-timesteps 200 --num-diffn-samples 5 --num-trunk-samples 1,1779105552.2922103,finished,0,90.099
dockgen,2zcz_2_TRP_3,2,235753,logs/chai_default_s5_t200_dockgen_2zcz_2_TRP_3.log,default_s5_t200,<REMOTE_PROJECT_ROOT>/.venv/bin/python scripts/70_run_posebench_chai_case.py --dataset dockgen --case-id 2zcz_2_TRP_3 --gpu 2 --tag default_s5_t200 --seed 1 --num-trunk-recycles 3 --num-diffn-timesteps 200 --num-diffn-samples 5 --num-trunk-samples 1,1779105562.3046317,finished,0,70.075
astex_diverse,1T40_ID5,5,235754,logs/chai_default_s5_t200_astex_diverse_1T40_ID5.log,default_s5_t200,<REMOTE_PROJECT_ROOT>/.venv/bin/python scripts/70_run_posebench_chai_case.py --dataset astex_diverse --case-id 1T40_ID5 --gpu 5 --tag default_s5_t200 --seed 1 --num-trunk-recycles 3 --num-diffn-timesteps 200 --num-diffn-samples 5 --num-trunk-samples 1,1779105562.3058352,finished,0,90.099
posebusters_benchmark,7AMC_73B,0,235755,logs/chai_default_s5_t200_posebusters_benchmark_7AMC_73B.log,default_s5_t200,<REMOTE_PROJECT_ROOT>/.venv/bin/python scripts/70_run_posebench_chai_case.py --dataset posebusters_benchmark --case-id 7AMC_73B --gpu 0 --tag default_s5_t200 --seed 1 --num-trunk-recycles 3 --num-diffn-timesteps 200 --num-diffn-samples 5 --num-trunk-samples 1,1779105562.307074,finished,0,90.098
dockgen,2zd0_1_TRP_9,4,237764,logs/chai_default_s5_t200_dockgen_2zd0_1_TRP_9.log,default_s5_t200,<REMOTE_PROJECT_ROOT>/.venv/bin/python scripts/70_run_posebench_chai_case.py --dataset dockgen --case-id 2zd0_1_TRP_9 --gpu 4 --tag default_s5_t200 --seed 1 --num-trunk-recycles 3 --num-diffn-timesteps 200 --num-diffn-samples 5 --num-trunk-samples 1,1779105572.3190677,finished,0,70.072
astex_diverse,1T46_STI,2,238773,logs/chai_default_s5_t200_astex_diverse_1T46_STI.log,default_s5_t200,<REMOTE_PROJECT_ROOT>/.venv/bin/python scripts/70_run_posebench_chai_case.py --dataset astex_diverse --case-id 1T46_STI --gpu 2 --tag default_s5_t200 --seed 1 --num-trunk-recycles 3 --num-diffn-timesteps 200 --num-diffn-samples 5 --num-trunk-samples 1,1779105632.381129,finished,0,90.1
posebusters_benchmark,7AN5_RDH,6,239472,logs/chai_default_s5_t200_posebusters_benchmark_7AN5_RDH.log,default_s5_t200,<REMOTE_PROJECT_ROOT>/.venv/bin/python scripts/70_run_posebench_chai_case.py --dataset posebusters_benchmark --case-id 7AN5_RDH --gpu 6 --tag default_s5_t200 --seed 1 --num-trunk-recycles 3 --num-diffn-timesteps 200 --num-diffn-samples 5 --num-trunk-samples 1,1779105642.3928988,finished,0,190.211
dockgen,2ze9_1_PD7_0,4,239473,logs/chai_default_s5_t200_dockgen_2ze9_1_PD7_0.log,default_s5_t200,<REMOTE_PROJECT_ROOT>/.venv/bin/python scripts/70_run_posebench_chai_case.py --dataset dockgen --case-id 2ze9_1_PD7_0 --gpu 4 --tag default_s5_t200 --seed 1 --num-trunk-recycles 3 --num-diffn-timesteps 200 --num-diffn-samples 5 --num-trunk-samples 1,1779105642.3944445,finished,0,180.198
astex_diverse,1T9B_1CS,5,240822,logs/chai_default_s5_t200_astex_diverse_1T9B_1CS.log,default_s5_t200,<REMOTE_PROJECT_ROOT>/.venv/bin/python scripts/70_run_posebench_chai_case.py --dataset astex_diverse --case-id 1T9B_1CS --gpu 5 --tag default_s5_t200 --seed 1 --num-trunk-recycles 3 --num-diffn-timesteps 200 --num-diffn-samples 5 --num-trunk-samples 1,1779105652.4061637,finished,0,60.063
posebusters_benchmark,7AS1_21G,0,240823,logs/chai_default_s5_t200_posebusters_benchmark_7AS1_21G.log,default_s5_t200,<REMOTE_PROJECT_ROOT>/.venv/bin/python scripts/70_run_posebench_chai_case.py --dataset posebusters_benchmark --case-id 7AS1_21G --gpu 0 --tag default_s5_t200 --seed 1 --num-trunk-recycles 3 --num-diffn-timesteps 200 --num-diffn-samples 5 --num-trunk-samples 1,1779105652.4070752,finished,0,70.074
dockgen,3ad7_1_NAD_0,7,242183,logs/chai_default_s5_t200_dockgen_3ad7_1_NAD_0.log,default_s5_t200,<REMOTE_PROJECT_ROOT>/.venv/bin/python scripts/70_run_posebench_chai_case.py --dataset dockgen --case-id 3ad7_1_NAD_0 --gpu 7 --tag default_s5_t200 --seed 1 --num-trunk-recycles 3 --num-diffn-timesteps 200 --num-diffn-samples 5 --num-trunk-samples 1,1779105662.4185896,finished,0,280.307
astex_diverse,1TOW_CRZ,5,243241,logs/chai_default_s5_t200_astex_diverse_1TOW_CRZ.log,default_s5_t200,<REMOTE_PROJECT_ROOT>/.venv/bin/python scripts/70_run_posebench_chai_case.py --dataset astex_diverse --case-id 1TOW_CRZ --gpu 5 --tag default_s5_t200 --seed 1 --num-trunk-recycles 3 --num-diffn-timesteps 200 --num-diffn-samples 5 --num-trunk-samples 1,1779105712.4710884,finished,0,70.075
posebusters_benchmark,7AVI_S2Q,2,243988,logs/chai_default_s5_t200_posebusters_benchmark_7AVI_S2Q.log,default_s5_t200,<REMOTE_PROJECT_ROOT>/.venv/bin/python scripts/70_run_posebench_chai_case.py --dataset posebusters_benchmark --case-id 7AVI_S2Q --gpu 2 --tag default_s5_t200 --seed 1 --num-trunk-recycles 3 --num-diffn-timesteps 200 --num-diffn-samples 5 --num-trunk-samples 1,1779105722.482678,finished,0,290.321
dockgen,3ad9_1_NAD_0,0,243989,logs/chai_default_s5_t200_dockgen_3ad9_1_NAD_0.log,default_s5_t200,<REMOTE_PROJECT_ROOT>/.venv/bin/python scripts/70_run_posebench_chai_case.py --dataset dockgen --case-id 3ad9_1_NAD_0 --gpu 0 --tag default_s5_t200 --seed 1 --num-trunk-recycles 3 --num-diffn-timesteps 200 --num-diffn-samples 5 --num-trunk-samples 1,1779105722.4842107,finished,0,280.308
astex_diverse,1TT1_KAI,1,245330,logs/chai_default_s5_t200_astex_diverse_1TT1_KAI.log,default_s5_t200,<REMOTE_PROJECT_ROOT>/.venv/bin/python scripts/70_run_posebench_chai_case.py --dataset astex_diverse --case-id 1TT1_KAI --gpu 1 --tag default_s5_t200 --seed 1 --num-trunk-recycles 3 --num-diffn-timesteps 200 --num-diffn-samples 5 --num-trunk-samples 1,1779105732.4960082,finished,0,180.195
posebusters_benchmark,7B0E_C2E,5,246418,logs/chai_default_s5_t200_posebusters_benchmark_7B0E_C2E.log,default_s5_t200,<REMOTE_PROJECT_ROOT>/.venv/bin/python scripts/70_run_posebench_chai_case.py --dataset posebusters_benchmark --case-id 7B0E_C2E --gpu 5 --tag default_s5_t200 --seed 1 --num-trunk-recycles 3 --num-diffn-timesteps 200 --num-diffn-samples 5 --num-trunk-samples 1,1779105782.5486357,finished,0,90.1
dockgen,3ada_1_NAD_0,3,247285,logs/chai_default_s5_t200_dockgen_3ada_1_NAD_0.log,default_s5_t200,<REMOTE_PROJECT_ROOT>/.venv/bin/python scripts/70_run_posebench_chai_case.py --dataset dockgen --case-id 3ada_1_NAD_0 --gpu 3 --tag default_s5_t200 --seed 1 --num-trunk-recycles 3 --num-diffn-timesteps 200 --num-diffn-samples 5 --num-trunk-samples 1,1779105812.5824368,finished,0,280.309
astex_diverse,1TZ8_DES,4,248001,logs/chai_default_s5_t200_astex_diverse_1TZ8_DES.log,default_s5_t200,<REMOTE_PROJECT_ROOT>/.venv/bin/python scripts/70_run_posebench_chai_case.py --dataset astex_diverse --case-id 1TZ8_DES --gpu 4 --tag default_s5_t200 --seed 1 --num-trunk-recycles 3 --num-diffn-timesteps 200 --num-diffn-samples 5 --num-trunk-samples 1,1779105822.5940788,finished,0,120.131
posebusters_benchmark,7B2C_TP7,6,248720,logs/chai_default_s5_t200_posebusters_benchmark_7B2C_TP7.log,default_s5_t200,<REMOTE_PROJECT_ROOT>/.venv/bin/python scripts/70_run_posebench_chai_case.py --dataset posebusters_benchmark --case-id 7B2C_TP7 --gpu 6 --tag default_s5_t200 --seed 1 --num-trunk-recycles 3 --num-diffn-timesteps 200 --num-diffn-samples 5 --num-trunk-samples 1,1779105832.606172,finished,0,20.02
dockgen,3eca_1_ASP_3,6,249472,logs/chai_default_s5_t200_dockgen_3eca_1_ASP_3.log,default_s5_t200,<REMOTE_PROJECT_ROOT>/.venv/bin/python scripts/70_run_posebench_chai_case.py --dataset dockgen --case-id 3eca_1_ASP_3 --gpu 6 --tag default_s5_t200 --seed 1 --num-trunk-recycles 3 --num-diffn-timesteps 200 --num-diffn-samples 5 --num-trunk-samples 1,1779105852.6286378,finished,0,180.198
astex_diverse,1U1C_BAU,5,250219,logs/chai_default_s5_t200_astex_diverse_1U1C_BAU.log,default_s5_t200,<REMOTE_PROJECT_ROOT>/.venv/bin/python scripts/70_run_posebench_chai_case.py --dataset astex_diverse --case-id 1U1C_BAU --gpu 5 --tag default_s5_t200 --seed 1 --num-trunk-recycles 3 --num-diffn-timesteps 200 --num-diffn-samples 5 --num-trunk-samples 1,1779105872.6509228,finished,0,70.075
posebusters_benchmark,7B94_ANP,1,251341,logs/chai_default_s5_t200_posebusters_benchmark_7B94_ANP.log,default_s5_t200,<REMOTE_PROJECT_ROOT>/.venv/bin/python scripts/70_run_posebench_chai_case.py --dataset posebusters_benchmark --case-id 7B94_ANP --gpu 1 --tag default_s5_t200 --seed 1 --num-trunk-recycles 3 --num-diffn-timesteps 200 --num-diffn-samples 5 --num-trunk-samples 1,1779105912.6937292,finished,0,190.209
dockgen,3gf4_1_FAD_1,7,252230,logs/chai_default_s5_t200_dockgen_3gf4_1_FAD_1.log,default_s5_t200,<REMOTE_PROJECT_ROOT>/.venv/bin/python scripts/70_run_posebench_chai_case.py --dataset dockgen --case-id 3gf4_1_FAD_1 --gpu 7 --tag default_s5_t200 --seed 1 --num-trunk-recycles 3 --num-diffn-timesteps 200 --num-diffn-samples 5 --num-trunk-samples 1,1779105942.7277648,finished,0,120.131
astex_diverse,1U4D_DBQ,4,252231,logs/chai_default_s5_t200_astex_diverse_1U4D_DBQ.log,default_s5_t200,<REMOTE_PROJECT_ROOT>/.venv/bin/python scripts/70_run_posebench_chai_case.py --dataset astex_diverse --case-id 1U4D_DBQ --gpu 4 --tag default_s5_t200 --seed 1 --num-trunk-recycles 3 --num-diffn-timesteps 200 --num-diffn-samples 5 --num-trunk-samples 1,1779105942.729187,finished,0,190.211
posebusters_benchmark,7BA0_T5H,5,252232,logs/chai_default_s5_t200_posebusters_benchmark_7BA0_T5H.log,default_s5_t200,<REMOTE_PROJECT_ROOT>/.venv/bin/python scripts/70_run_posebench_chai_case.py --dataset posebusters_benchmark --case-id 7BA0_T5H --gpu 5 --tag default_s5_t200 --seed 1 --num-trunk-recycles 3 --num-diffn-timesteps 200 --num-diffn-samples 5 --num-trunk-samples 1,1779105942.7308989,finished,0,70.073
dockgen,3gf4_1_U5P_0,0,254734,logs/chai_default_s5_t200_dockgen_3gf4_1_U5P_0.log,default_s5_t200,<REMOTE_PROJECT_ROOT>/.venv/bin/python scripts/70_run_posebench_chai_case.py --dataset dockgen --case-id 3gf4_1_U5P_0 --gpu 0 --tag default_s5_t200 --seed 1 --num-trunk-recycles 3 --num-diffn-timesteps 200 --num-diffn-samples 5 --num-trunk-samples 1,1779106002.7939355,finished,0,120.135
astex_diverse,1UML_FR4,2,255455,logs/chai_default_s5_t200_astex_diverse_1UML_FR4.log,default_s5_t200,<REMOTE_PROJECT_ROOT>/.venv/bin/python scripts/70_run_posebench_chai_case.py --dataset astex_diverse --case-id 1UML_FR4 --gpu 2 --tag default_s5_t200 --seed 1 --num-trunk-recycles 3 --num-diffn-timesteps 200 --num-diffn-samples 5 --num-trunk-samples 1,1779106012.8066967,finished,0,90.097
posebusters_benchmark,7BCP_GCO,5,255456,logs/chai_default_s5_t200_posebusters_benchmark_7BCP_GCO.log,default_s5_t200,<REMOTE_PROJECT_ROOT>/.venv/bin/python scripts/70_run_posebench_chai_case.py --dataset posebusters_benchmark --case-id 7BCP_GCO --gpu 5 --tag default_s5_t200 --seed 1 --num-trunk-recycles 3 --num-diffn-timesteps 200 --num-diffn-samples 5 --num-trunk-samples 1,1779106012.8076665,finished,0,100.11
dockgen,3he3_5_UDP_0,6,256942,logs/chai_default_s5_t200_dockgen_3he3_5_UDP_0.log,default_s5_t200,<REMOTE_PROJECT_ROOT>/.venv/bin/python scripts/70_run_posebench_chai_case.py --dataset dockgen --case-id 3he3_5_UDP_0 --gpu 6 --tag default_s5_t200 --seed 1 --num-trunk-recycles 3 --num-diffn-timesteps 200 --num-diffn-samples 5 --num-trunk-samples 1,1779106032.8286114,finished,0,120.134
astex_diverse,1UNL_RRC,7,257863,logs/chai_default_s5_t200_astex_diverse_1UNL_RRC.log,default_s5_t200,<REMOTE_PROJECT_ROOT>/.venv/bin/python scripts/70_run_posebench_chai_case.py --dataset astex_diverse --case-id 1UNL_RRC --gpu 7 --tag default_s5_t200 --seed 1 --num-trunk-recycles 3 --num-diffn-timesteps 200 --num-diffn-samples 5 --num-trunk-samples 1,1779106062.8610528,finished,0,290.313
posebusters_benchmark,7BHX_TO5,3,258900,logs/chai_default_s5_t200_posebusters_benchmark_7BHX_TO5.log,default_s5_t200,<REMOTE_PROJECT_ROOT>/.venv/bin/python scripts/70_run_posebench_chai_case.py --dataset posebusters_benchmark --case-id 7BHX_TO5 --gpu 3 --tag default_s5_t200 --seed 1 --num-trunk-recycles 3 --num-diffn-timesteps 200 --num-diffn-samples 5 --num-trunk-samples 1,1779106092.8930871,finished,0,120.135
dockgen,3it6_1_ORN_1,1,259666,logs/chai_default_s5_t200_dockgen_3it6_1_ORN_1.log,default_s5_t200,<REMOTE_PROJECT_ROOT>/.venv/bin/python scripts/70_run_posebench_chai_case.py --dataset dockgen --case-id 3it6_1_ORN_1 --gpu 1 --tag default_s5_t200 --seed 1 --num-trunk-recycles 3 --num-diffn-timesteps 200 --num-diffn-samples 5 --num-trunk-samples 1,1779106102.905583,finished,0,190.209
astex_diverse,1UOU_CMU,2,259667,logs/chai_default_s5_t200_astex_diverse_1UOU_CMU.log,default_s5_t200,<REMOTE_PROJECT_ROOT>/.venv/bin/python scripts/70_run_posebench_chai_case.py --dataset astex_diverse --case-id 1UOU_CMU --gpu 2 --tag default_s5_t200 --seed 1 --num-trunk-recycles 3 --num-diffn-timesteps 200 --num-diffn-samples 5 --num-trunk-samples 1,1779106102.9070613,finished,0,120.132
posebusters_benchmark,7BJ6_TVK,5,261137,logs/chai_default_s5_t200_posebusters_benchmark_7BJ6_TVK.log,default_s5_t200,<REMOTE_PROJECT_ROOT>/.venv/bin/python scripts/70_run_posebench_chai_case.py --dataset posebusters_benchmark --case-id 7BJ6_TVK --gpu 5 --tag default_s5_t200 --seed 1 --num-trunk-recycles 3 --num-diffn-timesteps 200 --num-diffn-samples 5 --num-trunk-samples 1,1779106112.9186044,finished,0,70.076
dockgen,3k8l_1_GLC-GLC-GLC-GLC-GLC_0,0,261840,logs/chai_default_s5_t200_dockgen_3k8l_1_GLC-GLC-GLC-GLC-GLC_0.log,default_s5_t200,<REMOTE_PROJECT_ROOT>/.venv/bin/python scripts/70_run_posebench_chai_case.py --dataset dockgen --case-id 3k8l_1_GLC-GLC-GLC-GLC-GLC_0 --gpu 0 --tag default_s5_t200 --seed 1 --num-trunk-recycles 3 --num-diffn-timesteps 200 --num-diffn-samples 5 --num-trunk-samples 1,1779106122.930451,finished,0,210.222
astex_diverse,1V0P_PVB,4,262577,logs/chai_default_s5_t200_astex_diverse_1V0P_PVB.log,default_s5_t200,<REMOTE_PROJECT_ROOT>/.venv/bin/python scripts/70_run_posebench_chai_case.py --dataset astex_diverse --case-id 1V0P_PVB --gpu 4 --tag default_s5_t200 --seed 1 --num-trunk-recycles 3 --num-diffn-timesteps 200 --num-diffn-samples 5 --num-trunk-samples 1,1779106132.9423428,finished,0,190.206
posebusters_benchmark,7BJJ_TVW,6,263375,logs/chai_default_s5_t200_posebusters_benchmark_7BJJ_TVW.log,default_s5_t200,<REMOTE_PROJECT_ROOT>/.venv/bin/python scripts/70_run_posebench_chai_case.py --dataset posebusters_benchmark --case-id 7BJJ_TVW --gpu 6 --tag default_s5_t200 --seed 1 --num-trunk-recycles 3 --num-diffn-timesteps 200 --num-diffn-samples 5 --num-trunk-samples 1,1779106152.96483,finished,0,90.097
dockgen,3k8m_1_GLC-GLC-AC1_0,5,264286,logs/chai_default_s5_t200_dockgen_3k8m_1_GLC-GLC-AC1_0.log,default_s5_t200,<REMOTE_PROJECT_ROOT>/.venv/bin/python scripts/70_run_posebench_chai_case.py --dataset dockgen --case-id 3k8m_1_GLC-GLC-AC1_0 --gpu 5 --tag default_s5_t200 --seed 1 --num-trunk-recycles 3 --num-diffn-timesteps 200 --num-diffn-samples 5 --num-trunk-samples 1,1779106182.9973414,finished,0,200.212
astex_diverse,1V48_HA1,3,265284,logs/chai_default_s5_t200_astex_diverse_1V48_HA1.log,default_s5_t200,<REMOTE_PROJECT_ROOT>/.venv/bin/python scripts/70_run_posebench_chai_case.py --dataset astex_diverse --case-id 1V48_HA1 --gpu 3 --tag default_s5_t200 --seed 1 --num-trunk-recycles 3 --num-diffn-timesteps 200 --num-diffn-samples 5 --num-trunk-samples 1,1779106213.0291772,finished,0,90.097
posebusters_benchmark,7BKA_4JC,2,266054,logs/chai_default_s5_t200_posebusters_benchmark_7BKA_4JC.log,default_s5_t200,<REMOTE_PROJECT_ROOT>/.venv/bin/python scripts/70_run_posebench_chai_case.py --dataset posebusters_benchmark --case-id 7BKA_4JC --gpu 2 --tag default_s5_t200 --seed 1 --num-trunk-recycles 3 --num-diffn-timesteps 200 --num-diffn-samples 5 --num-trunk-samples 1,1779106223.041217,finished,0,310.336
dockgen,3nvv_1_MTE_1,6,266883,logs/chai_default_s5_t200_dockgen_3nvv_1_MTE_1.log,default_s5_t200,<REMOTE_PROJECT_ROOT>/.venv/bin/python scripts/70_run_posebench_chai_case.py --dataset dockgen --case-id 3nvv_1_MTE_1 --gpu 6 --tag default_s5_t200 --seed 1 --num-trunk-recycles 3 --num-diffn-timesteps 200 --num-diffn-samples 5 --num-trunk-samples 1,1779106243.0636282,finished,0,290.314
astex_diverse,1V4S_MRK,1,268899,logs/chai_default_s5_t200_astex_diverse_1V4S_MRK.log,default_s5_t200,<REMOTE_PROJECT_ROOT>/.venv/bin/python scripts/70_run_posebench_chai_case.py --dataset astex_diverse --case-id 1V4S_MRK --gpu 1 --tag default_s5_t200 --seed 1 --num-trunk-recycles 3 --num-diffn-timesteps 200 --num-diffn-samples 5 --num-trunk-samples 1,1779106293.1163785,finished,0,120.125
posebusters_benchmark,7BLA_WCS,3,269616,logs/chai_default_s5_t200_posebusters_benchmark_7BLA_WCS.log,default_s5_t200,<REMOTE_PROJECT_ROOT>/.venv/bin/python scripts/70_run_posebench_chai_case.py --dataset posebusters_benchmark --case-id 7BLA_WCS --gpu 3 --tag default_s5_t200 --seed 1 --num-trunk-recycles 3 --num-diffn-timesteps 200 --num-diffn-samples 5 --num-trunk-samples 1,1779106303.127928,finished,0,70.069
dockgen,3o01_2_DXC_0,4,270581,logs/chai_default_s5_t200_dockgen_3o01_2_DXC_0.log,default_s5_t200,<REMOTE_PROJECT_ROOT>/.venv/bin/python scripts/70_run_posebench_chai_case.py --dataset dockgen --case-id 3o01_2_DXC_0 --gpu 4 --tag default_s5_t200 --seed 1 --num-trunk-recycles 3 --num-diffn-timesteps 200 --num-diffn-samples 5 --num-trunk-samples 1,1779106323.149754,finished,0,90.092
astex_diverse,1VCJ_IBA,0,271343,logs/chai_default_s5_t200_astex_diverse_1VCJ_IBA.log,default_s5_t200,<REMOTE_PROJECT_ROOT>/.venv/bin/python scripts/70_run_posebench_chai_case.py --dataset astex_diverse --case-id 1VCJ_IBA --gpu 0 --tag default_s5_t200 --seed 1 --num-trunk-recycles 3 --num-diffn-timesteps 200 --num-diffn-samples 5 --num-trunk-samples 1,1779106333.1543653,finished,0,120.134
posebusters_benchmark,7BLG_GAL,7,272131,logs/chai_default_s5_t200_posebusters_benchmark_7BLG_GAL.log,default_s5_t200,<REMOTE_PROJECT_ROOT>/.venv/bin/python scripts/70_run_posebench_chai_case.py --dataset posebusters_benchmark --case-id 7BLG_GAL --gpu 7 --tag default_s5_t200 --seed 1 --num-trunk-recycles 3 --num-diffn-timesteps 200 --num-diffn-samples 5 --num-trunk-samples 1,1779106353.176907,finished,0,70.079
dockgen,3o02_2_JN3_0,3,272831,logs/chai_default_s5_t200_dockgen_3o02_2_JN3_0.log,default_s5_t200,<REMOTE_PROJECT_ROOT>/.venv/bin/python scripts/70_run_posebench_chai_case.py --dataset dockgen --case-id 3o02_2_JN3_0 --gpu 3 --tag default_s5_t200 --seed 1 --num-trunk-recycles 3 --num-diffn-timesteps 200 --num-diffn-samples 5 --num-trunk-samples 1,1779106373.1989446,finished,0,90.102
astex_diverse,1W1P_GIO,5,273484,logs/chai_default_s5_t200_astex_diverse_1W1P_GIO.log,default_s5_t200,<REMOTE_PROJECT_ROOT>/.venv/bin/python scripts/70_run_posebench_chai_case.py --dataset astex_diverse --case-id 1W1P_GIO --gpu 5 --tag default_s5_t200 --seed 1 --num-trunk-recycles 3 --num-diffn-timesteps 200 --num-diffn-samples 5 --num-trunk-samples 1,1779106383.2111614,finished,0,280.315
posebusters_benchmark,7BMI_U4B,1,274246,logs/chai_default_s5_t200_posebusters_benchmark_7BMI_U4B.log,default_s5_t200,<REMOTE_PROJECT_ROOT>/.venv/bin/python scripts/70_run_posebench_chai_case.py --dataset posebusters_benchmark --case-id 7BMI_U4B --gpu 1 --tag default_s5_t200 --seed 1 --num-trunk-recycles 3 --num-diffn-timesteps 200 --num-diffn-samples 5 --num-trunk-samples 1,1779106413.24369,finished,0,120.134
dockgen,3o7j_1_2AL_0,4,274247,logs/chai_default_s5_t200_dockgen_3o7j_1_2AL_0.log,default_s5_t200,<REMOTE_PROJECT_ROOT>/.venv/bin/python scripts/70_run_posebench_chai_case.py --dataset dockgen --case-id 3o7j_1_2AL_0 --gpu 4 --tag default_s5_t200 --seed 1 --num-trunk-recycles 3 --num-diffn-timesteps 200 --num-diffn-samples 5 --num-trunk-samples 1,1779106413.245352,finished,0,70.077
astex_diverse,1W2G_THM,7,275641,logs/chai_default_s5_t200_astex_diverse_1W2G_THM.log,default_s5_t200,<REMOTE_PROJECT_ROOT>/.venv/bin/python scripts/70_run_posebench_chai_case.py --dataset astex_diverse --case-id 1W2G_THM --gpu 7 --tag default_s5_t200 --seed 1 --num-trunk-recycles 3 --num-diffn-timesteps 200 --num-diffn-samples 5 --num-trunk-samples 1,1779106423.2577372,finished,0,120.134
posebusters_benchmark,7BNH_BEZ,0,276571,logs/chai_default_s5_t200_posebusters_benchmark_7BNH_BEZ.log,default_s5_t200,<REMOTE_PROJECT_ROOT>/.venv/bin/python scripts/70_run_posebench_chai_case.py --dataset posebusters_benchmark --case-id 7BNH_BEZ --gpu 0 --tag default_s5_t200 --seed 1 --num-trunk-recycles 3 --num-diffn-timesteps 200 --num-diffn-samples 5 --num-trunk-samples 1,1779106453.2904072,finished,0,70.075
dockgen,3q14_1_PCR_3,3,277293,logs/chai_default_s5_t200_dockgen_3q14_1_PCR_3.log,default_s5_t200,<REMOTE_PROJECT_ROOT>/.venv/bin/python scripts/70_run_posebench_chai_case.py --dataset dockgen --case-id 3q14_1_PCR_3 --gpu 3 --tag default_s5_t200 --seed 1 --num-trunk-recycles 3 --num-diffn-timesteps 200 --num-diffn-samples 5 --num-trunk-samples 1,1779106463.3024962,finished,0,190.211
astex_diverse,1X8X_TYR,4,278063,logs/chai_default_s5_t200_astex_diverse_1X8X_TYR.log,default_s5_t200,<REMOTE_PROJECT_ROOT>/.venv/bin/python scripts/70_run_posebench_chai_case.py --dataset astex_diverse --case-id 1X8X_TYR --gpu 4 --tag default_s5_t200 --seed 1 --num-trunk-recycles 3 --num-diffn-timesteps 200 --num-diffn-samples 5 --num-trunk-samples 1,1779106483.325078,finished,0,90.099
posebusters_benchmark,7BTT_F8R,0,278942,logs/chai_default_s5_t200_posebusters_benchmark_7BTT_F8R.log,default_s5_t200,<REMOTE_PROJECT_ROOT>/.venv/bin/python scripts/70_run_posebench_chai_case.py --dataset posebusters_benchmark --case-id 7BTT_F8R --gpu 0 --tag default_s5_t200 --seed 1 --num-trunk-recycles 3 --num-diffn-timesteps 200 --num-diffn-samples 5 --num-trunk-samples 1,1779106523.3671691,finished,0,90.102
dockgen,3qrc_2_GU4-YYJ_0,2,279646,logs/chai_default_s5_t200_dockgen_3qrc_2_GU4-YYJ_0.log,default_s5_t200,<REMOTE_PROJECT_ROOT>/.venv/bin/python scripts/70_run_posebench_chai_case.py --dataset dockgen --case-id 3qrc_2_GU4-YYJ_0 --gpu 2 --tag default_s5_t200 --seed 1 --num-trunk-recycles 3 --num-diffn-timesteps 200 --num-diffn-samples 5 --num-trunk-samples 1,1779106533.3795097,finished,0,70.077
astex_diverse,1XM6_5RM,6,279647,logs/chai_default_s5_t200_astex_diverse_1XM6_5RM.log,default_s5_t200,<REMOTE_PROJECT_ROOT>/.venv/bin/python scripts/70_run_posebench_chai_case.py --dataset astex_diverse --case-id 1XM6_5RM --gpu 6 --tag default_s5_t200 --seed 1 --num-trunk-recycles 3 --num-diffn-timesteps 200 --num-diffn-samples 5 --num-trunk-samples 1,1779106533.3806336,finished,0,190.215
posebusters_benchmark,7C0U_FGO,1,279648,logs/chai_default_s5_t200_posebusters_benchmark_7C0U_FGO.log,default_s5_t200,<REMOTE_PROJECT_ROOT>/.venv/bin/python scripts/70_run_posebench_chai_case.py --dataset posebusters_benchmark --case-id 7C0U_FGO --gpu 1 --tag default_s5_t200 --seed 1 --num-trunk-recycles 3 --num-diffn-timesteps 200 --num-diffn-samples 5 --num-trunk-samples 1,1779106533.3819463,finished,0,290.316
dockgen,3s5x_1_BMA-MAN-MAN-MAN-MAN_0,7,281635,logs/chai_default_s5_t200_dockgen_3s5x_1_BMA-MAN-MAN-MAN-MAN_0.log,default_s5_t200,<REMOTE_PROJECT_ROOT>/.venv/bin/python scripts/70_run_posebench_chai_case.py --dataset dockgen --case-id 3s5x_1_BMA-MAN-MAN-MAN-MAN_0 --gpu 7 --tag default_s5_t200 --seed 1 --num-trunk-recycles 3 --num-diffn-timesteps 200 --num-diffn-samples 5 --num-trunk-samples 1,1779106543.393836,finished,0,80.088
astex_diverse,1XOQ_ROF,4,282470,logs/chai_default_s5_t200_astex_diverse_1XOQ_ROF.log,default_s5_t200,<REMOTE_PROJECT_ROOT>/.venv/bin/python scripts/70_run_posebench_chai_case.py --dataset astex_diverse --case-id 1XOQ_ROF --gpu 4 --tag default_s5_t200 --seed 1 --num-trunk-recycles 3 --num-diffn-timesteps 200 --num-diffn-samples 5 --num-trunk-samples 1,1779106573.426448,finished,0,190.213
posebusters_benchmark,7C3U_AZG,2,283393,logs/chai_default_s5_t200_posebusters_benchmark_7C3U_AZG.log,default_s5_t200,<REMOTE_PROJECT_ROOT>/.venv/bin/python scripts/70_run_posebench_chai_case.py --dataset posebusters_benchmark --case-id 7C3U_AZG --gpu 2 --tag default_s5_t200 --seed 1 --num-trunk-recycles 3 --num-diffn-timesteps 200 --num-diffn-samples 5 --num-trunk-samples 1,1779106603.4589043,finished,0,100.113
dockgen,3s6a_1_ANP_0,0,284096,logs/chai_default_s5_t200_dockgen_3s6a_1_ANP_0.log,default_s5_t200,<REMOTE_PROJECT_ROOT>/.venv/bin/python scripts/70_run_posebench_chai_case.py --dataset dockgen --case-id 3s6a_1_ANP_0 --gpu 0 --tag default_s5_t200 --seed 1 --num-trunk-recycles 3 --num-diffn-timesteps 200 --num-diffn-samples 5 --num-trunk-samples 1,1779106613.4713235,finished,0,70.078
astex_diverse,1XOZ_CIA,7,284838,logs/chai_default_s5_t200_astex_diverse_1XOZ_CIA.log,default_s5_t200,<REMOTE_PROJECT_ROOT>/.venv/bin/python scripts/70_run_posebench_chai_case.py --dataset astex_diverse --case-id 1XOZ_CIA --gpu 7 --tag default_s5_t200 --seed 1 --num-trunk-recycles 3 --num-diffn-timesteps 200 --num-diffn-samples 5 --num-trunk-samples 1,1779106623.4834542,finished,0,90.1
posebusters_benchmark,7C6P_SQH,3,285788,logs/chai_default_s5_t200_posebusters_benchmark_7C6P_SQH.log,default_s5_t200,<REMOTE_PROJECT_ROOT>/.venv/bin/python scripts/70_run_posebench_chai_case.py --dataset posebusters_benchmark --case-id 7C6P_SQH --gpu 3 --tag default_s5_t200 --seed 1 --num-trunk-recycles 3 --num-diffn-timesteps 200 --num-diffn-samples 5 --num-trunk-samples 1,1779106653.5159886,finished,0,70.08
dockgen,3se5_1_ANP_2,5,286491,logs/chai_default_s5_t200_dockgen_3se5_1_ANP_2.log,default_s5_t200,<REMOTE_PROJECT_ROOT>/.venv/bin/python scripts/70_run_posebench_chai_case.py --dataset dockgen --case-id 3se5_1_ANP_2 --gpu 5 --tag default_s5_t200 --seed 1 --num-trunk-recycles 3 --num-diffn-timesteps 200 --num-diffn-samples 5 --num-trunk-samples 1,1779106663.5285406,finished,0,120.135
astex_diverse,1Y6B_AAX,0,287300,logs/chai_default_s5_t200_astex_diverse_1Y6B_AAX.log,default_s5_t200,<REMOTE_PROJECT_ROOT>/.venv/bin/python scripts/70_run_posebench_chai_case.py --dataset astex_diverse --case-id 1Y6B_AAX --gpu 0 --tag default_s5_t200 --seed 1 --num-trunk-recycles 3 --num-diffn-timesteps 200 --num-diffn-samples 5 --num-trunk-samples 1,1779106683.5511472,finished,0,90.1
posebusters_benchmark,7C8Q_DSG,2,288145,logs/chai_default_s5_t200_posebusters_benchmark_7C8Q_DSG.log,default_s5_t200,<REMOTE_PROJECT_ROOT>/.venv/bin/python scripts/70_run_posebench_chai_case.py --dataset posebusters_benchmark --case-id 7C8Q_DSG --gpu 2 --tag default_s5_t200 --seed 1 --num-trunk-recycles 3 --num-diffn-timesteps 200 --num-diffn-samples 5 --num-trunk-samples 1,1779106703.5737145,finished,0,190.209
dockgen,3sr6_1_MTE_1,7,288860,logs/chai_default_s5_t200_dockgen_3sr6_1_MTE_1.log,default_s5_t200,<REMOTE_PROJECT_ROOT>/.venv/bin/python scripts/70_run_posebench_chai_case.py --dataset dockgen --case-id 3sr6_1_MTE_1 --gpu 7 --tag default_s5_t200 --seed 1 --num-trunk-recycles 3 --num-diffn-timesteps 200 --num-diffn-samples 5 --num-trunk-samples 1,1779106713.5856044,finished,0,290.321
astex_diverse,1YGC_905,6,289635,logs/chai_default_s5_t200_astex_diverse_1YGC_905.log,default_s5_t200,<REMOTE_PROJECT_ROOT>/.venv/bin/python scripts/70_run_posebench_chai_case.py --dataset astex_diverse --case-id 1YGC_905 --gpu 6 --tag default_s5_t200 --seed 1 --num-trunk-recycles 3 --num-diffn-timesteps 200 --num-diffn-samples 5 --num-trunk-samples 1,1779106723.5975072,finished,0,100.101
posebusters_benchmark,7CD9_FVR,3,289636,logs/chai_default_s5_t200_posebusters_benchmark_7CD9_FVR.log,default_s5_t200,<REMOTE_PROJECT_ROOT>/.venv/bin/python scripts/70_run_posebench_chai_case.py --dataset posebusters_benchmark --case-id 7CD9_FVR --gpu 3 --tag default_s5_t200 --seed 1 --num-trunk-recycles 3 --num-diffn-timesteps 200 --num-diffn-samples 5 --num-trunk-samples 1,1779106723.598605,finished,0,120.13
dockgen,3ub7_1_ACM_1,4,291238,logs/chai_default_s5_t200_dockgen_3ub7_1_ACM_1.log,default_s5_t200,<REMOTE_PROJECT_ROOT>/.venv/bin/python scripts/70_run_posebench_chai_case.py --dataset dockgen --case-id 3ub7_1_ACM_1 --gpu 4 --tag default_s5_t200 --seed 1 --num-trunk-recycles 3 --num-diffn-timesteps 200 --num-diffn-samples 5 --num-trunk-samples 1,1779106763.6414251,finished,0,70.075
astex_diverse,1YQY_915,0,291963,logs/chai_default_s5_t200_astex_diverse_1YQY_915.log,default_s5_t200,<REMOTE_PROJECT_ROOT>/.venv/bin/python scripts/70_run_posebench_chai_case.py --dataset astex_diverse --case-id 1YQY_915 --gpu 0 --tag default_s5_t200 --seed 1 --num-trunk-recycles 3 --num-diffn-timesteps 200 --num-diffn-samples 5 --num-trunk-samples 1,1779106773.6532047,finished,0,180.198
posebusters_benchmark,7CIJ_G0C,5,292818,logs/chai_default_s5_t200_posebusters_benchmark_7CIJ_G0C.log,default_s5_t200,<REMOTE_PROJECT_ROOT>/.venv/bin/python scripts/70_run_posebench_chai_case.py --dataset posebusters_benchmark --case-id 7CIJ_G0C --gpu 5 --tag default_s5_t200 --seed 1 --num-trunk-recycles 3 --num-diffn-timesteps 200 --num-diffn-samples 5 --num-trunk-samples 1,1779106783.66546,finished,0,60.063
dockgen,3ub9_1_NHY_1,1,293811,logs/chai_default_s5_t200_dockgen_3ub9_1_NHY_1.log,default_s5_t200,<REMOTE_PROJECT_ROOT>/.venv/bin/python scripts/70_run_posebench_chai_case.py --dataset dockgen --case-id 3ub9_1_NHY_1 --gpu 1 --tag default_s5_t200 --seed 1 --num-trunk-recycles 3 --num-diffn-timesteps 200 --num-diffn-samples 5 --num-trunk-samples 1,1779106823.7008364,finished,0,70.082
astex_diverse,1YV3_BIT,6,293812,logs/chai_default_s5_t200_astex_diverse_1YV3_BIT.log,default_s5_t200,<REMOTE_PROJECT_ROOT>/.venv/bin/python scripts/70_run_posebench_chai_case.py --dataset astex_diverse --case-id 1YV3_BIT --gpu 6 --tag default_s5_t200 --seed 1 --num-trunk-recycles 3 --num-diffn-timesteps 200 --num-diffn-samples 5 --num-trunk-samples 1,1779106823.702388,finished,0,180.204
posebusters_benchmark,7CL8_TES,4,295154,logs/chai_default_s5_t200_posebusters_benchmark_7CL8_TES.log,default_s5_t200,<REMOTE_PROJECT_ROOT>/.venv/bin/python scripts/70_run_posebench_chai_case.py --dataset posebusters_benchmark --case-id 7CL8_TES --gpu 4 --tag default_s5_t200 --seed 1 --num-trunk-recycles 3 --num-diffn-timesteps 200 --num-diffn-samples 5 --num-trunk-samples 1,1779106833.718369,finished,0,120.133
dockgen,3uni_1_SAL_0,3,295905,logs/chai_default_s5_t200_dockgen_3uni_1_SAL_0.log,default_s5_t200,<REMOTE_PROJECT_ROOT>/.venv/bin/python scripts/70_run_posebench_chai_case.py --dataset dockgen --case-id 3uni_1_SAL_0 --gpu 3 --tag default_s5_t200 --seed 1 --num-trunk-recycles 3 --num-diffn-timesteps 200 --num-diffn-samples 5 --num-trunk-samples 1,1779106843.7306135,finished,0,50.053
astex_diverse,1YVF_PH7,5,295906,logs/chai_default_s5_t200_astex_diverse_1YVF_PH7.log,default_s5_t200,<REMOTE_PROJECT_ROOT>/.venv/bin/python scripts/70_run_posebench_chai_case.py --dataset astex_diverse --case-id 1YVF_PH7 --gpu 5 --tag default_s5_t200 --seed 1 --num-trunk-recycles 3 --num-diffn-timesteps 200 --num-diffn-samples 5 --num-trunk-samples 1,1779106843.732275,finished,0,190.207
posebusters_benchmark,7CNQ_G8X,2,297892,logs/chai_default_s5_t200_posebusters_benchmark_7CNQ_G8X.log,default_s5_t200,<REMOTE_PROJECT_ROOT>/.venv/bin/python scripts/70_run_posebench_chai_case.py --dataset posebusters_benchmark --case-id 7CNQ_G8X --gpu 2 --tag default_s5_t200 --seed 1 --num-trunk-recycles 3 --num-diffn-timesteps 200 --num-diffn-samples 5 --num-trunk-samples 1,1779106893.7850244,finished,0,20.023
dockgen,3wrb_1_GDE_0,1,297893,logs/chai_default_s5_t200_dockgen_3wrb_1_GDE_0.log,default_s5_t200,<REMOTE_PROJECT_ROOT>/.venv/bin/python scripts/70_run_posebench_chai_case.py --dataset dockgen --case-id 3wrb_1_GDE_0 --gpu 1 --tag default_s5_t200 --seed 1 --num-trunk-recycles 3 --num-diffn-timesteps 200 --num-diffn-samples 5 --num-trunk-samples 1,1779106893.7859979,finished,0,290.316
astex_diverse,1YWR_LI9,3,297894,logs/chai_default_s5_t200_astex_diverse_1YWR_LI9.log,default_s5_t200,<REMOTE_PROJECT_ROOT>/.venv/bin/python scripts/70_run_posebench_chai_case.py --dataset astex_diverse --case-id 1YWR_LI9 --gpu 3 --tag default_s5_t200 --seed 1 --num-trunk-recycles 3 --num-diffn-timesteps 200 --num-diffn-samples 5 --num-trunk-samples 1,1779106893.787398,finished,0,90.097
posebusters_benchmark,7CNS_PMV,2,299948,logs/chai_default_s5_t200_posebusters_benchmark_7CNS_PMV.log,default_s5_t200,<REMOTE_PROJECT_ROOT>/.venv/bin/python scripts/70_run_posebench_chai_case.py --dataset posebusters_benchmark --case-id 7CNS_PMV --gpu 2 --tag default_s5_t200 --seed 1 --num-trunk-recycles 3 --num-diffn-timesteps 200 --num-diffn-samples 5 --num-trunk-samples 1,1779106913.809321,finished,0,190.197
dockgen,3wvc_1_FEG_0,0,300838,logs/chai_default_s5_t200_dockgen_3wvc_1_FEG_0.log,default_s5_t200,<REMOTE_PROJECT_ROOT>/.venv/bin/python scripts/70_run_posebench_chai_case.py --dataset dockgen --case-id 3wvc_1_FEG_0 --gpu 0 --tag default_s5_t200 --seed 1 --num-trunk-recycles 3 --num-diffn-timesteps 200 --num-diffn-samples 5 --num-trunk-samples 1,1779106953.853138,finished,0,90.098
astex_diverse,1Z95_198,4,300839,logs/chai_default_s5_t200_astex_diverse_1Z95_198.log,default_s5_t200,<REMOTE_PROJECT_ROOT>/.venv/bin/python scripts/70_run_posebench_chai_case.py --dataset astex_diverse --case-id 1Z95_198 --gpu 4 --tag default_s5_t200 --seed 1 --num-trunk-recycles 3 --num-diffn-timesteps 200 --num-diffn-samples 5 --num-trunk-samples 1,1779106953.8547359,finished,0,90.097
posebusters_benchmark,7CTM_BDP,3,302328,logs/chai_default_s5_t200_posebusters_benchmark_7CTM_BDP.log,default_s5_t200,<REMOTE_PROJECT_ROOT>/.venv/bin/python scripts/70_run_posebench_chai_case.py --dataset posebusters_benchmark --case-id 7CTM_BDP --gpu 3 --tag default_s5_t200 --seed 1 --num-trunk-recycles 3 --num-diffn-timesteps 200 --num-diffn-samples 5 --num-trunk-samples 1,1779106983.8861284,finished,0,120.12
dockgen,3zec_1_ANP_0,7,303095,logs/chai_default_s5_t200_dockgen_3zec_1_ANP_0.log,default_s5_t200,<REMOTE_PROJECT_ROOT>/.venv/bin/python scripts/70_run_posebench_chai_case.py --dataset dockgen --case-id 3zec_1_ANP_0 --gpu 7 --tag default_s5_t200 --seed 1 --num-trunk-recycles 3 --num-diffn-timesteps 200 --num-diffn-samples 5 --num-trunk-samples 1,1779107003.9083917,finished,0,120.122
astex_diverse,2BM2_PM2,6,303096,logs/chai_default_s5_t200_astex_diverse_2BM2_PM2.log,default_s5_t200,<REMOTE_PROJECT_ROOT>/.venv/bin/python scripts/70_run_posebench_chai_case.py --dataset astex_diverse --case-id 2BM2_PM2 --gpu 6 --tag default_s5_t200 --seed 1 --num-trunk-recycles 3 --num-diffn-timesteps 200 --num-diffn-samples 5 --num-trunk-samples 1,1779107003.909811,finished,0,290.32
posebusters_benchmark,7CUO_PHB,5,304574,logs/chai_default_s5_t200_posebusters_benchmark_7CUO_PHB.log,default_s5_t200,<REMOTE_PROJECT_ROOT>/.venv/bin/python scripts/70_run_posebench_chai_case.py --dataset posebusters_benchmark --case-id 7CUO_PHB --gpu 5 --tag default_s5_t200 --seed 1 --num-trunk-recycles 3 --num-diffn-timesteps 200 --num-diffn-samples 5 --num-trunk-samples 1,1779107033.9412236,finished,0,120.125
dockgen,3zjx_1_BOG_0,0,305278,logs/chai_default_s5_t200_dockgen_3zjx_1_BOG_0.log,default_s5_t200,<REMOTE_PROJECT_ROOT>/.venv/bin/python scripts/70_run_posebench_chai_case.py --dataset dockgen --case-id 3zjx_1_BOG_0 --gpu 0 --tag default_s5_t200 --seed 1 --num-trunk-recycles 3 --num-diffn-timesteps 200 --num-diffn-samples 5 --num-trunk-samples 1,1779107043.9536986,finished,0,90.088
astex_diverse,2BR1_PFP,4,305279,logs/chai_default_s5_t200_astex_diverse_2BR1_PFP.log,default_s5_t200,<REMOTE_PROJECT_ROOT>/.venv/bin/python scripts/70_run_posebench_chai_case.py --dataset astex_diverse --case-id 2BR1_PFP --gpu 4 --tag default_s5_t200 --seed 1 --num-trunk-recycles 3 --num-diffn-timesteps 200 --num-diffn-samples 5 --num-trunk-samples 1,1779107043.9552374,finished,0,90.087
posebusters_benchmark,7D0P_1VU,2,306944,logs/chai_default_s5_t200_posebusters_benchmark_7D0P_1VU.log,default_s5_t200,<REMOTE_PROJECT_ROOT>/.venv/bin/python scripts/70_run_posebench_chai_case.py --dataset posebusters_benchmark --case-id 7D0P_1VU --gpu 2 --tag default_s5_t200 --seed 1 --num-trunk-recycles 3 --num-diffn-timesteps 200 --num-diffn-samples 5 --num-trunk-samples 1,1779107104.0082781,finished,0,100.118
dockgen,3zqu_1_FNR_5,3,306945,logs/chai_default_s5_t200_dockgen_3zqu_1_FNR_5.log,default_s5_t200,<REMOTE_PROJECT_ROOT>/.venv/bin/python scripts/70_run_posebench_chai_case.py --dataset dockgen --case-id 3zqu_1_FNR_5 --gpu 3 --tag default_s5_t200 --seed 1 --num-trunk-recycles 3 --num-diffn-timesteps 200 --num-diffn-samples 5 --num-trunk-samples 1,1779107104.0100913,finished,0,70.078
astex_diverse,2BSM_BSM,7,308363,logs/chai_default_s5_t200_astex_diverse_2BSM_BSM.log,default_s5_t200,<REMOTE_PROJECT_ROOT>/.venv/bin/python scripts/70_run_posebench_chai_case.py --dataset astex_diverse --case-id 2BSM_BSM --gpu 7 --tag default_s5_t200 --seed 1 --num-trunk-recycles 3 --num-diffn-timesteps 200 --num-diffn-samples 5 --num-trunk-samples 1,1779107124.0318756,finished,0,70.081
posebusters_benchmark,7D5C_GV6,0,309063,logs/chai_default_s5_t200_posebusters_benchmark_7D5C_GV6.log,default_s5_t200,<REMOTE_PROJECT_ROOT>/.venv/bin/python scripts/70_run_posebench_chai_case.py --dataset posebusters_benchmark --case-id 7D5C_GV6 --gpu 0 --tag default_s5_t200 --seed 1 --num-trunk-recycles 3 --num-diffn-timesteps 200 --num-diffn-samples 5 --num-trunk-samples 1,1779107134.044329,finished,0,290.328
dockgen,3zzs_1_TRP_3,4,309064,logs/chai_default_s5_t200_dockgen_3zzs_1_TRP_3.log,default_s5_t200,<REMOTE_PROJECT_ROOT>/.venv/bin/python scripts/70_run_posebench_chai_case.py --dataset dockgen --case-id 3zzs_1_TRP_3 --gpu 4 --tag default_s5_t200 --seed 1 --num-trunk-recycles 3 --num-diffn-timesteps 200 --num-diffn-samples 5 --num-trunk-samples 1,1779107134.0456743,finished,0,80.092
posebusters_benchmark,7D6O_MTE,5,310486,logs/chai_default_s5_t200_posebusters_benchmark_7D6O_MTE.log,default_s5_t200,<REMOTE_PROJECT_ROOT>/.venv/bin/python scripts/70_run_posebench_chai_case.py --dataset posebusters_benchmark --case-id 7D6O_MTE --gpu 5 --tag default_s5_t200 --seed 1 --num-trunk-recycles 3 --num-diffn-timesteps 200 --num-diffn-samples 5 --num-trunk-samples 1,1779107154.068061,finished,0,20.02
dockgen,4b4v_1_L34_0,3,311245,logs/chai_default_s5_t200_dockgen_4b4v_1_L34_0.log,default_s5_t200,<REMOTE_PROJECT_ROOT>/.venv/bin/python scripts/70_run_posebench_chai_case.py --dataset dockgen --case-id 4b4v_1_L34_0 --gpu 3 --tag default_s5_t200 --seed 1 --num-trunk-recycles 3 --num-diffn-timesteps 200 --num-diffn-samples 5 --num-trunk-samples 1,1779107174.0900986,finished,0,100.116
posebusters_benchmark,7D8Q_GZF,5,311246,logs/chai_default_s5_t200_posebusters_benchmark_7D8Q_GZF.log,default_s5_t200,<REMOTE_PROJECT_ROOT>/.venv/bin/python scripts/70_run_posebench_chai_case.py --dataset posebusters_benchmark --case-id 7D8Q_GZF --gpu 5 --tag default_s5_t200 --seed 1 --num-trunk-recycles 3 --num-diffn-timesteps 200 --num-diffn-samples 5 --num-trunk-samples 1,1779107174.0916257,finished,0,70.079
dockgen,4bc9_1_CNV-FAD_0,1,312599,logs/chai_default_s5_t200_dockgen_4bc9_1_CNV-FAD_0.log,default_s5_t200,<REMOTE_PROJECT_ROOT>/.venv/bin/python scripts/70_run_posebench_chai_case.py --dataset dockgen --case-id 4bc9_1_CNV-FAD_0 --gpu 1 --tag default_s5_t200 --seed 1 --num-trunk-recycles 3 --num-diffn-timesteps 200 --num-diffn-samples 5 --num-trunk-samples 1,1779107184.103518,finished,0,60.067
posebusters_benchmark,7D9L_GSF,7,313304,logs/chai_default_s5_t200_posebusters_benchmark_7D9L_GSF.log,default_s5_t200,<REMOTE_PROJECT_ROOT>/.venv/bin/python scripts/70_run_posebench_chai_case.py --dataset posebusters_benchmark --case-id 7D9L_GSF --gpu 7 --tag default_s5_t200 --seed 1 --num-trunk-recycles 3 --num-diffn-timesteps 200 --num-diffn-samples 5 --num-trunk-samples 1,1779107194.1159496,finished,0,70.078
dockgen,4cdn_2_FAD_0,2,314031,logs/chai_default_s5_t200_dockgen_4cdn_2_FAD_0.log,default_s5_t200,<REMOTE_PROJECT_ROOT>/.venv/bin/python scripts/70_run_posebench_chai_case.py --dataset dockgen --case-id 4cdn_2_FAD_0 --gpu 2 --tag default_s5_t200 --seed 1 --num-trunk-recycles 3 --num-diffn-timesteps 200 --num-diffn-samples 5 --num-trunk-samples 1,1779107204.127789,finished,0,120.135
posebusters_benchmark,7DIN_MPO,4,314739,logs/chai_default_s5_t200_posebusters_benchmark_7DIN_MPO.log,default_s5_t200,<REMOTE_PROJECT_ROOT>/.venv/bin/python scripts/70_run_posebench_chai_case.py --dataset posebusters_benchmark --case-id 7DIN_MPO --gpu 4 --tag default_s5_t200 --seed 1 --num-trunk-recycles 3 --num-diffn-timesteps 200 --num-diffn-samples 5 --num-trunk-samples 1,1779107214.1397605,finished,0,70.078
dockgen,4fyv_1_DCP_2,5,315583,logs/chai_default_s5_t200_dockgen_4fyv_1_DCP_2.log,default_s5_t200,<REMOTE_PROJECT_ROOT>/.venv/bin/python scripts/70_run_posebench_chai_case.py --dataset dockgen --case-id 4fyv_1_DCP_2 --gpu 5 --tag default_s5_t200 --seed 1 --num-trunk-recycles 3 --num-diffn-timesteps 200 --num-diffn-samples 5 --num-trunk-samples 1,1779107244.1724913,finished,0,70.079
posebusters_benchmark,7DKT_GLF,1,315584,logs/chai_default_s5_t200_posebusters_benchmark_7DKT_GLF.log,default_s5_t200,<REMOTE_PROJECT_ROOT>/.venv/bin/python scripts/70_run_posebench_chai_case.py --dataset posebusters_benchmark --case-id 7DKT_GLF --gpu 1 --tag default_s5_t200 --seed 1 --num-trunk-recycles 3 --num-diffn-timesteps 200 --num-diffn-samples 5 --num-trunk-samples 1,1779107244.1739402,finished,0,290.32
dockgen,4fyw_1_CTP_4,7,317003,logs/chai_default_s5_t200_dockgen_4fyw_1_CTP_4.log,default_s5_t200,<REMOTE_PROJECT_ROOT>/.venv/bin/python scripts/70_run_posebench_chai_case.py --dataset dockgen --case-id 4fyw_1_CTP_4 --gpu 7 --tag default_s5_t200 --seed 1 --num-trunk-recycles 3 --num-diffn-timesteps 200 --num-diffn-samples 5 --num-trunk-samples 1,1779107264.1956863,finished,0,70.079
posebusters_benchmark,7DQL_4CL,3,317711,logs/chai_default_s5_t200_posebusters_benchmark_7DQL_4CL.log,default_s5_t200,<REMOTE_PROJECT_ROOT>/.venv/bin/python scripts/70_run_posebench_chai_case.py --dataset posebusters_benchmark --case-id 7DQL_4CL --gpu 3 --tag default_s5_t200 --seed 1 --num-trunk-recycles 3 --num-diffn-timesteps 200 --num-diffn-samples 5 --num-trunk-samples 1,1779107274.207621,finished,0,100.11
dockgen,4gk9_1_BMA-MAN-MAN-MAN-MAN_3,4,318420,logs/chai_default_s5_t200_dockgen_4gk9_1_BMA-MAN-MAN-MAN-MAN_3.log,default_s5_t200,<REMOTE_PROJECT_ROOT>/.venv/bin/python scripts/70_run_posebench_chai_case.py --dataset dockgen --case-id 4gk9_1_BMA-MAN-MAN-MAN-MAN_3 --gpu 4 --tag default_s5_t200 --seed 1 --num-trunk-recycles 3 --num-diffn-timesteps 200 --num-diffn-samples 5 --num-trunk-samples 1,1779107284.2195435,finished,0,120.13
posebusters_benchmark,7DUA_HJ0,6,319136,logs/chai_default_s5_t200_posebusters_benchmark_7DUA_HJ0.log,default_s5_t200,<REMOTE_PROJECT_ROOT>/.venv/bin/python scripts/70_run_posebench_chai_case.py --dataset posebusters_benchmark --case-id 7DUA_HJ0 --gpu 6 --tag default_s5_t200 --seed 1 --num-trunk-recycles 3 --num-diffn-timesteps 200 --num-diffn-samples 5 --num-trunk-samples 1,1779107294.231837,finished,0,190.206
dockgen,4h2f_1_ADN_0,5,319913,logs/chai_default_s5_t200_dockgen_4h2f_1_ADN_0.log,default_s5_t200,<REMOTE_PROJECT_ROOT>/.venv/bin/python scripts/70_run_posebench_chai_case.py --dataset dockgen --case-id 4h2f_1_ADN_0 --gpu 5 --tag default_s5_t200 --seed 1 --num-trunk-recycles 3 --num-diffn-timesteps 200 --num-diffn-samples 5 --num-trunk-samples 1,1779107314.2530496,finished,0,190.207
posebusters_benchmark,7E2S_BLA,2,320638,logs/chai_default_s5_t200_posebusters_benchmark_7E2S_BLA.log,default_s5_t200,<REMOTE_PROJECT_ROOT>/.venv/bin/python scripts/70_run_posebench_chai_case.py --dataset posebusters_benchmark --case-id 7E2S_BLA --gpu 2 --tag default_s5_t200 --seed 1 --num-trunk-recycles 3 --num-diffn-timesteps 200 --num-diffn-samples 5 --num-trunk-samples 1,1779107324.2650547,finished,0,100.107
dockgen,4idk_1_1FE_0,7,321351,logs/chai_default_s5_t200_dockgen_4idk_1_1FE_0.log,default_s5_t200,<REMOTE_PROJECT_ROOT>/.venv/bin/python scripts/70_run_posebench_chai_case.py --dataset dockgen --case-id 4idk_1_1FE_0 --gpu 7 --tag default_s5_t200 --seed 1 --num-trunk-recycles 3 --num-diffn-timesteps 200 --num-diffn-samples 5 --num-trunk-samples 1,1779107334.276722,finished,0,180.197
posebusters_benchmark,7E4L_MDN,3,322331,logs/chai_default_s5_t200_posebusters_benchmark_7E4L_MDN.log,default_s5_t200,<REMOTE_PROJECT_ROOT>/.venv/bin/python scripts/70_run_posebench_chai_case.py --dataset posebusters_benchmark --case-id 7E4L_MDN --gpu 3 --tag default_s5_t200 --seed 1 --num-trunk-recycles 3 --num-diffn-timesteps 200 --num-diffn-samples 5 --num-trunk-samples 1,1779107374.319266,finished,0,190.209
dockgen,4kgx_1_CTP_5,4,323158,logs/chai_default_s5_t200_dockgen_4kgx_1_CTP_5.log,default_s5_t200,<REMOTE_PROJECT_ROOT>/.venv/bin/python scripts/70_run_posebench_chai_case.py --dataset dockgen --case-id 4kgx_1_CTP_5 --gpu 4 --tag default_s5_t200 --seed 1 --num-trunk-recycles 3 --num-diffn-timesteps 200 --num-diffn-samples 5 --num-trunk-samples 1,1779107404.3519685,finished,0,70.075
posebusters_benchmark,7EBG_J0L,0,323928,logs/chai_default_s5_t200_posebusters_benchmark_7EBG_J0L.log,default_s5_t200,<REMOTE_PROJECT_ROOT>/.venv/bin/python scripts/70_run_posebench_chai_case.py --dataset posebusters_benchmark --case-id 7EBG_J0L --gpu 0 --tag default_s5_t200 --seed 1 --num-trunk-recycles 3 --num-diffn-timesteps 200 --num-diffn-samples 5 --num-trunk-samples 1,1779107424.3745978,finished,0,190.203
dockgen,4mig_1_G3F_2,2,323929,logs/chai_default_s5_t200_dockgen_4mig_1_G3F_2.log,default_s5_t200,<REMOTE_PROJECT_ROOT>/.venv/bin/python scripts/70_run_posebench_chai_case.py --dataset dockgen --case-id 4mig_1_G3F_2 --gpu 2 --tag default_s5_t200 --seed 1 --num-trunk-recycles 3 --num-diffn-timesteps 200 --num-diffn-samples 5 --num-trunk-samples 1,1779107424.3763614,finished,0,190.201
posebusters_benchmark,7ECR_SIN,4,325546,logs/chai_default_s5_t200_posebusters_benchmark_7ECR_SIN.log,default_s5_t200,<REMOTE_PROJECT_ROOT>/.venv/bin/python scripts/70_run_posebench_chai_case.py --dataset posebusters_benchmark --case-id 7ECR_SIN --gpu 4 --tag default_s5_t200 --seed 1 --num-trunk-recycles 3 --num-diffn-timesteps 200 --num-diffn-samples 5 --num-trunk-samples 1,1779107474.4286082,finished,0,60.066
dockgen,4mo2_2_FDA_0,6,326305,logs/chai_default_s5_t200_dockgen_4mo2_2_FDA_0.log,default_s5_t200,<REMOTE_PROJECT_ROOT>/.venv/bin/python scripts/70_run_posebench_chai_case.py --dataset dockgen --case-id 4mo2_2_FDA_0 --gpu 6 --tag default_s5_t200 --seed 1 --num-trunk-recycles 3 --num-diffn-timesteps 200 --num-diffn-samples 5 --num-trunk-samples 1,1779107484.4401631,finished,0,130.138
posebusters_benchmark,7ED2_A3P,5,327146,logs/chai_default_s5_t200_posebusters_benchmark_7ED2_A3P.log,default_s5_t200,<REMOTE_PROJECT_ROOT>/.venv/bin/python scripts/70_run_posebench_chai_case.py --dataset posebusters_benchmark --case-id 7ED2_A3P --gpu 5 --tag default_s5_t200 --seed 1 --num-trunk-recycles 3 --num-diffn-timesteps 200 --num-diffn-samples 5 --num-trunk-samples 1,1779107504.4617074,finished,0,120.13
dockgen,4mos_1_GAF_1,7,327884,logs/chai_default_s5_t200_dockgen_4mos_1_GAF_1.log,default_s5_t200,<REMOTE_PROJECT_ROOT>/.venv/bin/python scripts/70_run_posebench_chai_case.py --dataset dockgen --case-id 4mos_1_GAF_1 --gpu 7 --tag default_s5_t200 --seed 1 --num-trunk-recycles 3 --num-diffn-timesteps 200 --num-diffn-samples 5 --num-trunk-samples 1,1779107514.4749358,finished,0,180.193
posebusters_benchmark,7ELT_TYM,1,328830,logs/chai_default_s5_t200_posebusters_benchmark_7ELT_TYM.log,default_s5_t200,<REMOTE_PROJECT_ROOT>/.venv/bin/python scripts/70_run_posebench_chai_case.py --dataset posebusters_benchmark --case-id 7ELT_TYM --gpu 1 --tag default_s5_t200 --seed 1 --num-trunk-recycles 3 --num-diffn-timesteps 200 --num-diffn-samples 5 --num-trunk-samples 1,1779107534.496282,finished,0,100.107
dockgen,4n4l_1_HG1_0,4,328831,logs/chai_default_s5_t200_dockgen_4n4l_1_HG1_0.log,default_s5_t200,<REMOTE_PROJECT_ROOT>/.venv/bin/python scripts/70_run_posebench_chai_case.py --dataset dockgen --case-id 4n4l_1_HG1_0 --gpu 4 --tag default_s5_t200 --seed 1 --num-trunk-recycles 3 --num-diffn-timesteps 200 --num-diffn-samples 5 --num-trunk-samples 1,1779107534.4979742,finished,0,120.128
posebusters_benchmark,7EN7_J79,3,330363,logs/chai_default_s5_t200_posebusters_benchmark_7EN7_J79.log,default_s5_t200,<REMOTE_PROJECT_ROOT>/.venv/bin/python scripts/70_run_posebench_chai_case.py --dataset posebusters_benchmark --case-id 7EN7_J79 --gpu 3 --tag default_s5_t200 --seed 1 --num-trunk-recycles 3 --num-diffn-timesteps 200 --num-diffn-samples 5 --num-trunk-samples 1,1779107564.530223,finished,0,70.073
dockgen,4o0d_1_GLY_3,0,331439,logs/chai_default_s5_t200_dockgen_4o0d_1_GLY_3.log,default_s5_t200,<REMOTE_PROJECT_ROOT>/.venv/bin/python scripts/70_run_posebench_chai_case.py --dataset dockgen --case-id 4o0d_1_GLY_3 --gpu 0 --tag default_s5_t200 --seed 1 --num-trunk-recycles 3 --num-diffn-timesteps 200 --num-diffn-samples 5 --num-trunk-samples 1,1779107614.5794113,finished,0,190.201
posebusters_benchmark,7EPV_FDA,2,331440,logs/chai_default_s5_t200_posebusters_benchmark_7EPV_FDA.log,default_s5_t200,<REMOTE_PROJECT_ROOT>/.venv/bin/python scripts/70_run_posebench_chai_case.py --dataset posebusters_benchmark --case-id 7EPV_FDA --gpu 2 --tag default_s5_t200 --seed 1 --num-trunk-recycles 3 --num-diffn-timesteps 200 --num-diffn-samples 5 --num-trunk-samples 1,1779107614.5806491,finished,0,120.125
dockgen,4o0f_1_GLY_3,6,331441,logs/chai_default_s5_t200_dockgen_4o0f_1_GLY_3.log,default_s5_t200,<REMOTE_PROJECT_ROOT>/.venv/bin/python scripts/70_run_posebench_chai_case.py --dataset dockgen --case-id 4o0f_1_GLY_3 --gpu 6 --tag default_s5_t200 --seed 1 --num-trunk-recycles 3 --num-diffn-timesteps 200 --num-diffn-samples 5 --num-trunk-samples 1,1779107614.582126,finished,0,190.198
posebusters_benchmark,7ES1_UDP,5,333487,logs/chai_default_s5_t200_posebusters_benchmark_7ES1_UDP.log,default_s5_t200,<REMOTE_PROJECT_ROOT>/.venv/bin/python scripts/70_run_posebench_chai_case.py --dataset posebusters_benchmark --case-id 7ES1_UDP --gpu 5 --tag default_s5_t200 --seed 1 --num-trunk-recycles 3 --num-diffn-timesteps 200 --num-diffn-samples 5 --num-trunk-samples 1,1779107624.5934699,finished,0,120.12
dockgen,4o95_1_245_0,1,334249,logs/chai_default_s5_t200_dockgen_4o95_1_245_0.log,default_s5_t200,<REMOTE_PROJECT_ROOT>/.venv/bin/python scripts/70_run_posebench_chai_case.py --dataset dockgen --case-id 4o95_1_245_0 --gpu 1 --tag default_s5_t200 --seed 1 --num-trunk-recycles 3 --num-diffn-timesteps 200 --num-diffn-samples 5 --num-trunk-samples 1,1779107634.60494,finished,0,120.12
posebusters_benchmark,7F51_BA7,3,334250,logs/chai_default_s5_t200_posebusters_benchmark_7F51_BA7.log,default_s5_t200,<REMOTE_PROJECT_ROOT>/.venv/bin/python scripts/70_run_posebench_chai_case.py --dataset posebusters_benchmark --case-id 7F51_BA7 --gpu 3 --tag default_s5_t200 --seed 1 --num-trunk-recycles 3 --num-diffn-timesteps 200 --num-diffn-samples 5 --num-trunk-samples 1,1779107634.6062384,finished,0,90.095
dockgen,4oal_2_245_0,4,335691,logs/chai_default_s5_t200_dockgen_4oal_2_245_0.log,default_s5_t200,<REMOTE_PROJECT_ROOT>/.venv/bin/python scripts/70_run_posebench_chai_case.py --dataset dockgen --case-id 4oal_2_245_0 --gpu 4 --tag default_s5_t200 --seed 1 --num-trunk-recycles 3 --num-diffn-timesteps 200 --num-diffn-samples 5 --num-trunk-samples 1,1779107654.6282718,finished,0,120.121
posebusters_benchmark,7F5D_EUO,7,336730,logs/chai_default_s5_t200_posebusters_benchmark_7F5D_EUO.log,default_s5_t200,<REMOTE_PROJECT_ROOT>/.venv/bin/python scripts/70_run_posebench_chai_case.py --dataset posebusters_benchmark --case-id 7F5D_EUO --gpu 7 --tag default_s5_t200 --seed 1 --num-trunk-recycles 3 --num-diffn-timesteps 200 --num-diffn-samples 5 --num-trunk-samples 1,1779107694.670544,finished,0,70.066
dockgen,4osx_1_GLY_2,3,337606,logs/chai_default_s5_t200_dockgen_4osx_1_GLY_2.log,default_s5_t200,<REMOTE_PROJECT_ROOT>/.venv/bin/python scripts/70_run_posebench_chai_case.py --dataset dockgen --case-id 4osx_1_GLY_2 --gpu 3 --tag default_s5_t200 --seed 1 --num-trunk-recycles 3 --num-diffn-timesteps 200 --num-diffn-samples 5 --num-trunk-samples 1,1779107724.7023351,finished,0,180.191
posebusters_benchmark,7F8T_FAD,2,338319,logs/chai_default_s5_t200_posebusters_benchmark_7F8T_FAD.log,default_s5_t200,<REMOTE_PROJECT_ROOT>/.venv/bin/python scripts/70_run_posebench_chai_case.py --dataset posebusters_benchmark --case-id 7F8T_FAD --gpu 2 --tag default_s5_t200 --seed 1 --num-trunk-recycles 3 --num-diffn-timesteps 200 --num-diffn-samples 5 --num-trunk-samples 1,1779107734.7083123,finished,0,120.127
dockgen,4osy_1_GLY_3,5,339021,logs/chai_default_s5_t200_dockgen_4osy_1_GLY_3.log,default_s5_t200,<REMOTE_PROJECT_ROOT>/.venv/bin/python scripts/70_run_posebench_chai_case.py --dataset dockgen --case-id 4osy_1_GLY_3 --gpu 5 --tag default_s5_t200 --seed 1 --num-trunk-recycles 3 --num-diffn-timesteps 200 --num-diffn-samples 5 --num-trunk-samples 1,1779107744.714547,finished,0,190.215
posebusters_benchmark,7FB7_8NF,1,339743,logs/chai_default_s5_t200_posebusters_benchmark_7FB7_8NF.log,default_s5_t200,<REMOTE_PROJECT_ROOT>/.venv/bin/python scripts/70_run_posebench_chai_case.py --dataset posebusters_benchmark --case-id 7FB7_8NF --gpu 1 --tag default_s5_t200 --seed 1 --num-trunk-recycles 3 --num-diffn-timesteps 200 --num-diffn-samples 5 --num-trunk-samples 1,1779107754.7266266,finished,0,100.109
dockgen,4pfx_1_UDP_0,7,340458,logs/chai_default_s5_t200_dockgen_4pfx_1_UDP_0.log,default_s5_t200,<REMOTE_PROJECT_ROOT>/.venv/bin/python scripts/70_run_posebench_chai_case.py --dataset dockgen --case-id 4pfx_1_UDP_0 --gpu 7 --tag default_s5_t200 --seed 1 --num-trunk-recycles 3 --num-diffn-timesteps 200 --num-diffn-samples 5 --num-trunk-samples 1,1779107764.7388337,finished,0,90.097
posebusters_benchmark,7FHA_ADX,4,341172,logs/chai_default_s5_t200_posebusters_benchmark_7FHA_ADX.log,default_s5_t200,<REMOTE_PROJECT_ROOT>/.venv/bin/python scripts/70_run_posebench_chai_case.py --dataset posebusters_benchmark --case-id 7FHA_ADX --gpu 4 --tag default_s5_t200 --seed 1 --num-trunk-recycles 3 --num-diffn-timesteps 200 --num-diffn-samples 5 --num-trunk-samples 1,1779107774.750371,finished,0,290.32
dockgen,4phr_1_UDP_0,0,342002,logs/chai_default_s5_t200_dockgen_4phr_1_UDP_0.log,default_s5_t200,<REMOTE_PROJECT_ROOT>/.venv/bin/python scripts/70_run_posebench_chai_case.py --dataset dockgen --case-id 4phr_1_UDP_0 --gpu 0 --tag default_s5_t200 --seed 1 --num-trunk-recycles 3 --num-diffn-timesteps 200 --num-diffn-samples 5 --num-trunk-samples 1,1779107804.7821372,finished,0,90.099
posebusters_benchmark,7FRX_O88,6,342003,logs/chai_default_s5_t200_posebusters_benchmark_7FRX_O88.log,default_s5_t200,<REMOTE_PROJECT_ROOT>/.venv/bin/python scripts/70_run_posebench_chai_case.py --dataset posebusters_benchmark --case-id 7FRX_O88 --gpu 6 --tag default_s5_t200 --seed 1 --num-trunk-recycles 3 --num-diffn-timesteps 200 --num-diffn-samples 5 --num-trunk-samples 1,1779107804.7833414,finished,0,20.02
dockgen,4phs_1_UDP_0,6,343418,logs/chai_default_s5_t200_dockgen_4phs_1_UDP_0.log,default_s5_t200,<REMOTE_PROJECT_ROOT>/.venv/bin/python scripts/70_run_posebench_chai_case.py --dataset dockgen --case-id 4phs_1_UDP_0 --gpu 6 --tag default_s5_t200 --seed 1 --num-trunk-recycles 3 --num-diffn-timesteps 200 --num-diffn-samples 5 --num-trunk-samples 1,1779107824.804941,finished,0,90.1
posebusters_benchmark,7FT9_4MB,2,344257,logs/chai_default_s5_t200_posebusters_benchmark_7FT9_4MB.log,default_s5_t200,<REMOTE_PROJECT_ROOT>/.venv/bin/python scripts/70_run_posebench_chai_case.py --dataset posebusters_benchmark --case-id 7FT9_4MB --gpu 2 --tag default_s5_t200 --seed 1 --num-trunk-recycles 3 --num-diffn-timesteps 200 --num-diffn-samples 5 --num-trunk-samples 1,1779107854.8376367,finished,0,300.334
dockgen,4pya_1_2X3_0,1,344258,logs/chai_default_s5_t200_dockgen_4pya_1_2X3_0.log,default_s5_t200,<REMOTE_PROJECT_ROOT>/.venv/bin/python scripts/70_run_posebench_chai_case.py --dataset dockgen --case-id 4pya_1_2X3_0 --gpu 1 --tag default_s5_t200 --seed 1 --num-trunk-recycles 3 --num-diffn-timesteps 200 --num-diffn-samples 5 --num-trunk-samples 1,1779107854.839302,finished,0,70.077
posebusters_benchmark,7JG0_GAR,7,344259,logs/chai_default_s5_t200_posebusters_benchmark_7JG0_GAR.log,default_s5_t200,<REMOTE_PROJECT_ROOT>/.venv/bin/python scripts/70_run_posebench_chai_case.py --dataset posebusters_benchmark --case-id 7JG0_GAR --gpu 7 --tag default_s5_t200 --seed 1 --num-trunk-recycles 3 --num-diffn-timesteps 200 --num-diffn-samples 5 --num-trunk-samples 1,1779107854.8408532,finished,0,70.076
dockgen,4qa8_1_PJZ_0,0,346468,logs/chai_default_s5_t200_dockgen_4qa8_1_PJZ_0.log,default_s5_t200,<REMOTE_PROJECT_ROOT>/.venv/bin/python scripts/70_run_posebench_chai_case.py --dataset dockgen --case-id 4qa8_1_PJZ_0 --gpu 0 --tag default_s5_t200 --seed 1 --num-trunk-recycles 3 --num-diffn-timesteps 200 --num-diffn-samples 5 --num-trunk-samples 1,1779107894.8830338,finished,0,70.078
posebusters_benchmark,7JGW_V9S,3,347184,logs/chai_default_s5_t200_posebusters_benchmark_7JGW_V9S.log,default_s5_t200,<REMOTE_PROJECT_ROOT>/.venv/bin/python scripts/70_run_posebench_chai_case.py --dataset posebusters_benchmark --case-id 7JGW_V9S --gpu 3 --tag default_s5_t200 --seed 1 --num-trunk-recycles 3 --num-diffn-timesteps 200 --num-diffn-samples 5 --num-trunk-samples 1,1779107904.8948781,finished,0,70.078
dockgen,4qo5_1_NAG_2,6,347916,logs/chai_default_s5_t200_dockgen_4qo5_1_NAG_2.log,default_s5_t200,<REMOTE_PROJECT_ROOT>/.venv/bin/python scripts/70_run_posebench_chai_case.py --dataset dockgen --case-id 4qo5_1_NAG_2 --gpu 6 --tag default_s5_t200 --seed 1 --num-trunk-recycles 3 --num-diffn-timesteps 200 --num-diffn-samples 5 --num-trunk-samples 1,1779107914.9066224,finished,0,190.209
posebusters_benchmark,7JHQ_VAJ,1,348668,logs/chai_default_s5_t200_posebusters_benchmark_7JHQ_VAJ.log,default_s5_t200,<REMOTE_PROJECT_ROOT>/.venv/bin/python scripts/70_run_posebench_chai_case.py --dataset posebusters_benchmark --case-id 7JHQ_VAJ --gpu 1 --tag default_s5_t200 --seed 1 --num-trunk-recycles 3 --num-diffn-timesteps 200 --num-diffn-samples 5 --num-trunk-samples 1,1779107924.9185202,finished,0,290.32
dockgen,4rhe_1_FMN_6,7,348669,logs/chai_default_s5_t200_dockgen_4rhe_1_FMN_6.log,default_s5_t200,<REMOTE_PROJECT_ROOT>/.venv/bin/python scripts/70_run_posebench_chai_case.py --dataset dockgen --case-id 4rhe_1_FMN_6 --gpu 7 --tag default_s5_t200 --seed 1 --num-trunk-recycles 3 --num-diffn-timesteps 200 --num-diffn-samples 5 --num-trunk-samples 1,1779107924.9199283,finished,0,130.138
posebusters_benchmark,7JMV_4NC,5,350073,logs/chai_default_s5_t200_posebusters_benchmark_7JMV_4NC.log,default_s5_t200,<REMOTE_PROJECT_ROOT>/.venv/bin/python scripts/70_run_posebench_chai_case.py --dataset posebusters_benchmark --case-id 7JMV_4NC --gpu 5 --tag default_s5_t200 --seed 1 --num-trunk-recycles 3 --num-diffn-timesteps 200 --num-diffn-samples 5 --num-trunk-samples 1,1779107934.9316447,finished,0,70.074
dockgen,4rpj_1_UDP_0,0,350963,logs/chai_default_s5_t200_dockgen_4rpj_1_UDP_0.log,default_s5_t200,<REMOTE_PROJECT_ROOT>/.venv/bin/python scripts/70_run_posebench_chai_case.py --dataset dockgen --case-id 4rpj_1_UDP_0 --gpu 0 --tag default_s5_t200 --seed 1 --num-trunk-recycles 3 --num-diffn-timesteps 200 --num-diffn-samples 5 --num-trunk-samples 1,1779107964.963289,finished,0,120.129
posebusters_benchmark,7JNB_A2G,3,351699,logs/chai_default_s5_t200_posebusters_benchmark_7JNB_A2G.log,default_s5_t200,<REMOTE_PROJECT_ROOT>/.venv/bin/python scripts/70_run_posebench_chai_case.py --dataset posebusters_benchmark --case-id 7JNB_A2G --gpu 3 --tag default_s5_t200 --seed 1 --num-trunk-recycles 3 --num-diffn-timesteps 200 --num-diffn-samples 5 --num-trunk-samples 1,1779107974.975306,finished,0,120.128
dockgen,4rpm_1_HXC_0,5,352587,logs/chai_default_s5_t200_dockgen_4rpm_1_HXC_0.log,default_s5_t200,<REMOTE_PROJECT_ROOT>/.venv/bin/python scripts/70_run_posebench_chai_case.py --dataset dockgen --case-id 4rpm_1_HXC_0 --gpu 5 --tag default_s5_t200 --seed 1 --num-trunk-recycles 3 --num-diffn-timesteps 200 --num-diffn-samples 5 --num-trunk-samples 1,1779108005.0073674,finished,0,120.13
posebusters_benchmark,7JR8_VH7,7,353612,logs/chai_default_s5_t200_posebusters_benchmark_7JR8_VH7.log,default_s5_t200,<REMOTE_PROJECT_ROOT>/.venv/bin/python scripts/70_run_posebench_chai_case.py --dataset posebusters_benchmark --case-id 7JR8_VH7 --gpu 7 --tag default_s5_t200 --seed 1 --num-trunk-recycles 3 --num-diffn-timesteps 200 --num-diffn-samples 5 --num-trunk-samples 1,1779108055.0598543,finished,0,120.135
dockgen,4tvd_1_BGC_4,4,354335,logs/chai_default_s5_t200_dockgen_4tvd_1_BGC_4.log,default_s5_t200,<REMOTE_PROJECT_ROOT>/.venv/bin/python scripts/70_run_posebench_chai_case.py --dataset dockgen --case-id 4tvd_1_BGC_4 --gpu 4 --tag default_s5_t200 --seed 1 --num-trunk-recycles 3 --num-diffn-timesteps 200 --num-diffn-samples 5 --num-trunk-samples 1,1779108065.0718977,finished,0,60.065
posebusters_benchmark,7JUD_MMA,0,355157,logs/chai_default_s5_t200_posebusters_benchmark_7JUD_MMA.log,default_s5_t200,<REMOTE_PROJECT_ROOT>/.venv/bin/python scripts/70_run_posebench_chai_case.py --dataset posebusters_benchmark --case-id 7JUD_MMA --gpu 0 --tag default_s5_t200 --seed 1 --num-trunk-recycles 3 --num-diffn-timesteps 200 --num-diffn-samples 5 --num-trunk-samples 1,1779108085.093603,finished,0,100.112
dockgen,4tvd_1_GLC_0,3,355879,logs/chai_default_s5_t200_dockgen_4tvd_1_GLC_0.log,default_s5_t200,<REMOTE_PROJECT_ROOT>/.venv/bin/python scripts/70_run_posebench_chai_case.py --dataset dockgen --case-id 4tvd_1_GLC_0 --gpu 3 --tag default_s5_t200 --seed 1 --num-trunk-recycles 3 --num-diffn-timesteps 200 --num-diffn-samples 5 --num-trunk-samples 1,1779108095.1050913,finished,0,50.055
posebusters_benchmark,7JXX_VP7,6,356610,logs/chai_default_s5_t200_posebusters_benchmark_7JXX_VP7.log,default_s5_t200,<REMOTE_PROJECT_ROOT>/.venv/bin/python scripts/70_run_posebench_chai_case.py --dataset posebusters_benchmark --case-id 7JXX_VP7 --gpu 6 --tag default_s5_t200 --seed 1 --num-trunk-recycles 3 --num-diffn-timesteps 200 --num-diffn-samples 5 --num-trunk-samples 1,1779108105.1174293,finished,0,100.11
dockgen,4u63_1_FAD_0,5,357428,logs/chai_default_s5_t200_dockgen_4u63_1_FAD_0.log,default_s5_t200,<REMOTE_PROJECT_ROOT>/.venv/bin/python scripts/70_run_posebench_chai_case.py --dataset dockgen --case-id 4u63_1_FAD_0 --gpu 5 --tag default_s5_t200 --seed 1 --num-trunk-recycles 3 --num-diffn-timesteps 200 --num-diffn-samples 5 --num-trunk-samples 1,1779108125.1387508,finished,0,190.208
posebusters_benchmark,7JY3_VUD,4,357429,logs/chai_default_s5_t200_posebusters_benchmark_7JY3_VUD.log,default_s5_t200,<REMOTE_PROJECT_ROOT>/.venv/bin/python scripts/70_run_posebench_chai_case.py --dataset posebusters_benchmark --case-id 7JY3_VUD --gpu 4 --tag default_s5_t200 --seed 1 --num-trunk-recycles 3 --num-diffn-timesteps 200 --num-diffn-samples 5 --num-trunk-samples 1,1779108125.1399186,finished,0,200.219
dockgen,4uoc_1_NCN_1,3,358837,logs/chai_default_s5_t200_dockgen_4uoc_1_NCN_1.log,default_s5_t200,<REMOTE_PROJECT_ROOT>/.venv/bin/python scripts/70_run_posebench_chai_case.py --dataset dockgen --case-id 4uoc_1_NCN_1 --gpu 3 --tag default_s5_t200 --seed 1 --num-trunk-recycles 3 --num-diffn-timesteps 200 --num-diffn-samples 5 --num-trunk-samples 1,1779108145.1621134,finished,0,300.333
posebusters_benchmark,7K0V_VQP,2,359853,logs/chai_default_s5_t200_posebusters_benchmark_7K0V_VQP.log,default_s5_t200,<REMOTE_PROJECT_ROOT>/.venv/bin/python scripts/70_run_posebench_chai_case.py --dataset posebusters_benchmark --case-id 7K0V_VQP --gpu 2 --tag default_s5_t200 --seed 1 --num-trunk-recycles 3 --num-diffn-timesteps 200 --num-diffn-samples 5 --num-trunk-samples 1,1779108155.174202,finished,0,70.076
dockgen,4uuw_1_AMP_0,7,360650,logs/chai_default_s5_t200_dockgen_4uuw_1_AMP_0.log,default_s5_t200,<REMOTE_PROJECT_ROOT>/.venv/bin/python scripts/70_run_posebench_chai_case.py --dataset dockgen --case-id 4uuw_1_AMP_0 --gpu 7 --tag default_s5_t200 --seed 1 --num-trunk-recycles 3 --num-diffn-timesteps 200 --num-diffn-samples 5 --num-trunk-samples 1,1779108175.1958413,finished,0,120.127
posebusters_benchmark,7K41_VUA,0,361361,logs/chai_default_s5_t200_posebusters_benchmark_7K41_VUA.log,default_s5_t200,<REMOTE_PROJECT_ROOT>/.venv/bin/python scripts/70_run_posebench_chai_case.py --dataset posebusters_benchmark --case-id 7K41_VUA --gpu 0 --tag default_s5_t200 --seed 1 --num-trunk-recycles 3 --num-diffn-timesteps 200 --num-diffn-samples 5 --num-trunk-samples 1,1779108185.2078452,finished,0,190.206
dockgen,4xdr_1_ADN_0,6,362176,logs/chai_default_s5_t200_dockgen_4xdr_1_ADN_0.log,default_s5_t200,<REMOTE_PROJECT_ROOT>/.venv/bin/python scripts/70_run_posebench_chai_case.py --dataset dockgen --case-id 4xdr_1_ADN_0 --gpu 6 --tag default_s5_t200 --seed 1 --num-trunk-recycles 3 --num-diffn-timesteps 200 --num-diffn-samples 5 --num-trunk-samples 1,1779108205.2286632,finished,0,90.094
posebusters_benchmark,7KB1_WBJ,1,363199,logs/chai_default_s5_t200_posebusters_benchmark_7KB1_WBJ.log,default_s5_t200,<REMOTE_PROJECT_ROOT>/.venv/bin/python scripts/70_run_posebench_chai_case.py --dataset posebusters_benchmark --case-id 7KB1_WBJ --gpu 1 --tag default_s5_t200 --seed 1 --num-trunk-recycles 3 --num-diffn-timesteps 200 --num-diffn-samples 5 --num-trunk-samples 1,1779108215.240102,finished,0,60.061
dockgen,4xfm_1_THE_0,2,363913,logs/chai_default_s5_t200_dockgen_4xfm_1_THE_0.log,default_s5_t200,<REMOTE_PROJECT_ROOT>/.venv/bin/python scripts/70_run_posebench_chai_case.py --dataset dockgen --case-id 4xfm_1_THE_0 --gpu 2 --tag default_s5_t200 --seed 1 --num-trunk-recycles 3 --num-diffn-timesteps 200 --num-diffn-samples 5 --num-trunk-samples 1,1779108225.2514358,finished,0,120.129
posebusters_benchmark,7KC5_BJZ,1,365180,logs/chai_default_s5_t200_posebusters_benchmark_7KC5_BJZ.log,default_s5_t200,<REMOTE_PROJECT_ROOT>/.venv/bin/python scripts/70_run_posebench_chai_case.py --dataset posebusters_benchmark --case-id 7KC5_BJZ --gpu 1 --tag default_s5_t200 --seed 1 --num-trunk-recycles 3 --num-diffn-timesteps 200 --num-diffn-samples 5 --num-trunk-samples 1,1779108275.3027284,finished,0,120.134
dockgen,4ydx_1_TCE_0,7,366233,logs/chai_default_s5_t200_dockgen_4ydx_1_TCE_0.log,default_s5_t200,<REMOTE_PROJECT_ROOT>/.venv/bin/python scripts/70_run_posebench_chai_case.py --dataset dockgen --case-id 4ydx_1_TCE_0 --gpu 7 --tag default_s5_t200 --seed 1 --num-trunk-recycles 3 --num-diffn-timesteps 200 --num-diffn-samples 5 --num-trunk-samples 1,1779108295.32618,finished,0,70.076
posebusters_benchmark,7KFO_IAC,6,366234,logs/chai_default_s5_t200_posebusters_benchmark_7KFO_IAC.log,default_s5_t200,<REMOTE_PROJECT_ROOT>/.venv/bin/python scripts/70_run_posebench_chai_case.py --dataset posebusters_benchmark --case-id 7KFO_IAC --gpu 6 --tag default_s5_t200 --seed 1 --num-trunk-recycles 3 --num-diffn-timesteps 200 --num-diffn-samples 5 --num-trunk-samples 1,1779108295.3271828,finished,0,70.075
dockgen,4zav_1_4LS_8,5,367719,logs/chai_default_s5_t200_dockgen_4zav_1_4LS_8.log,default_s5_t200,<REMOTE_PROJECT_ROOT>/.venv/bin/python scripts/70_run_posebench_chai_case.py --dataset dockgen --case-id 4zav_1_4LS_8 --gpu 5 --tag default_s5_t200 --seed 1 --num-trunk-recycles 3 --num-diffn-timesteps 200 --num-diffn-samples 5 --num-trunk-samples 1,1779108315.3488028,finished,0,70.076
posebusters_benchmark,7KLX_WOV,4,368462,logs/chai_default_s5_t200_posebusters_benchmark_7KLX_WOV.log,default_s5_t200,<REMOTE_PROJECT_ROOT>/.venv/bin/python scripts/70_run_posebench_chai_case.py --dataset posebusters_benchmark --case-id 7KLX_WOV --gpu 4 --tag default_s5_t200 --seed 1 --num-trunk-recycles 3 --num-diffn-timesteps 200 --num-diffn-samples 5 --num-trunk-samples 1,1779108325.3603268,finished,0,90.099
dockgen,4zaw_1_4LU_1,2,369275,logs/chai_default_s5_t200_dockgen_4zaw_1_4LU_1.log,default_s5_t200,<REMOTE_PROJECT_ROOT>/.venv/bin/python scripts/70_run_posebench_chai_case.py --dataset dockgen --case-id 4zaw_1_4LU_1 --gpu 2 --tag default_s5_t200 --seed 1 --num-trunk-recycles 3 --num-diffn-timesteps 200 --num-diffn-samples 5 --num-trunk-samples 1,1779108345.381983,finished,0,80.092
posebusters_benchmark,7KM8_WPD,7,370116,logs/chai_default_s5_t200_posebusters_benchmark_7KM8_WPD.log,default_s5_t200,<REMOTE_PROJECT_ROOT>/.venv/bin/python scripts/70_run_posebench_chai_case.py --dataset posebusters_benchmark --case-id 7KM8_WPD --gpu 7 --tag default_s5_t200 --seed 1 --num-trunk-recycles 3 --num-diffn-timesteps 200 --num-diffn-samples 5 --num-trunk-samples 1,1779108365.403736,finished,0,100.117
dockgen,4zay_1_4LS_6,6,370117,logs/chai_default_s5_t200_dockgen_4zay_1_4LS_6.log,default_s5_t200,<REMOTE_PROJECT_ROOT>/.venv/bin/python scripts/70_run_posebench_chai_case.py --dataset dockgen --case-id 4zay_1_4LS_6 --gpu 6 --tag default_s5_t200 --seed 1 --num-trunk-recycles 3 --num-diffn-timesteps 200 --num-diffn-samples 5 --num-trunk-samples 1,1779108365.404983,finished,0,80.09
posebusters_benchmark,7KP6_WTP,0,371510,logs/chai_default_s5_t200_posebusters_benchmark_7KP6_WTP.log,default_s5_t200,<REMOTE_PROJECT_ROOT>/.venv/bin/python scripts/70_run_posebench_chai_case.py --dataset posebusters_benchmark --case-id 7KP6_WTP --gpu 0 --tag default_s5_t200 --seed 1 --num-trunk-recycles 3 --num-diffn-timesteps 200 --num-diffn-samples 5 --num-trunk-samples 1,1779108375.4158392,finished,0,190.216
dockgen,4zaz_1_4LS_6,5,372251,logs/chai_default_s5_t200_dockgen_4zaz_1_4LS_6.log,default_s5_t200,<REMOTE_PROJECT_ROOT>/.venv/bin/python scripts/70_run_posebench_chai_case.py --dataset dockgen --case-id 4zaz_1_4LS_6 --gpu 5 --tag default_s5_t200 --seed 1 --num-trunk-recycles 3 --num-diffn-timesteps 200 --num-diffn-samples 5 --num-trunk-samples 1,1779108385.426823,finished,0,80.095
posebusters_benchmark,7KQU_YOF,1,373005,logs/chai_default_s5_t200_posebusters_benchmark_7KQU_YOF.log,default_s5_t200,<REMOTE_PROJECT_ROOT>/.venv/bin/python scripts/70_run_posebench_chai_case.py --dataset posebusters_benchmark --case-id 7KQU_YOF --gpu 1 --tag default_s5_t200 --seed 1 --num-trunk-recycles 3 --num-diffn-timesteps 200 --num-diffn-samples 5 --num-trunk-samples 1,1779108395.438981,finished,0,190.215
dockgen,4zqx_1_ATP_2,4,373835,logs/chai_default_s5_t200_dockgen_4zqx_1_ATP_2.log,default_s5_t200,<REMOTE_PROJECT_ROOT>/.venv/bin/python scripts/70_run_posebench_chai_case.py --dataset dockgen --case-id 4zqx_1_ATP_2 --gpu 4 --tag default_s5_t200 --seed 1 --num-trunk-recycles 3 --num-diffn-timesteps 200 --num-diffn-samples 5 --num-trunk-samples 1,1779108415.4612803,finished,0,90.105
posebusters_benchmark,7KRU_ATP,2,374541,logs/chai_default_s5_t200_posebusters_benchmark_7KRU_ATP.log,default_s5_t200,<REMOTE_PROJECT_ROOT>/.venv/bin/python scripts/70_run_posebench_chai_case.py --dataset posebusters_benchmark --case-id 7KRU_ATP --gpu 2 --tag default_s5_t200 --seed 1 --num-trunk-recycles 3 --num-diffn-timesteps 200 --num-diffn-samples 5 --num-trunk-samples 1,1779108425.4759846,finished,0,60.069
dockgen,5a98_1_ATP_0,3,375321,logs/chai_default_s5_t200_dockgen_5a98_1_ATP_0.log,default_s5_t200,<REMOTE_PROJECT_ROOT>/.venv/bin/python scripts/70_run_posebench_chai_case.py --dataset dockgen --case-id 5a98_1_ATP_0 --gpu 3 --tag default_s5_t200 --seed 1 --num-trunk-recycles 3 --num-diffn-timesteps 200 --num-diffn-samples 5 --num-trunk-samples 1,1779108445.4976854,finished,0,90.102
posebusters_benchmark,7KZ9_XN7,6,375322,logs/chai_default_s5_t200_posebusters_benchmark_7KZ9_XN7.log,default_s5_t200,<REMOTE_PROJECT_ROOT>/.venv/bin/python scripts/70_run_posebench_chai_case.py --dataset posebusters_benchmark --case-id 7KZ9_XN7 --gpu 6 --tag default_s5_t200 --seed 1 --num-trunk-recycles 3 --num-diffn-timesteps 200 --num-diffn-samples 5 --num-trunk-samples 1,1779108445.4987373,finished,0,300.331
dockgen,5ae3_2_AWB_1,7,376745,logs/chai_default_s5_t200_dockgen_5ae3_2_AWB_1.log,default_s5_t200,<REMOTE_PROJECT_ROOT>/.venv/bin/python scripts/70_run_posebench_chai_case.py --dataset dockgen --case-id 5ae3_2_AWB_1 --gpu 7 --tag default_s5_t200 --seed 1 --num-trunk-recycles 3 --num-diffn-timesteps 200 --num-diffn-samples 5 --num-trunk-samples 1,1779108465.5234935,finished,0,190.209
posebusters_benchmark,7L00_XCJ,5,376746,logs/chai_default_s5_t200_posebusters_benchmark_7L00_XCJ.log,default_s5_t200,<REMOTE_PROJECT_ROOT>/.venv/bin/python scripts/70_run_posebench_chai_case.py --dataset posebusters_benchmark --case-id 7L00_XCJ --gpu 5 --tag default_s5_t200 --seed 1 --num-trunk-recycles 3 --num-diffn-timesteps 200 --num-diffn-samples 5 --num-trunk-samples 1,1779108465.5245678,finished,0,60.064
dockgen,5b5s_1_BOG_0,2,378250,logs/chai_default_s5_t200_dockgen_5b5s_1_BOG_0.log,default_s5_t200,<REMOTE_PROJECT_ROOT>/.venv/bin/python scripts/70_run_posebench_chai_case.py --dataset dockgen --case-id 5b5s_1_BOG_0 --gpu 2 --tag default_s5_t200 --seed 1 --num-trunk-recycles 3 --num-diffn-timesteps 200 --num-diffn-samples 5 --num-trunk-samples 1,1779108485.546163,finished,0,70.075
posebusters_benchmark,7L03_F9F,4,379073,logs/chai_default_s5_t200_posebusters_benchmark_7L03_F9F.log,default_s5_t200,<REMOTE_PROJECT_ROOT>/.venv/bin/python scripts/70_run_posebench_chai_case.py --dataset posebusters_benchmark --case-id 7L03_F9F --gpu 4 --tag default_s5_t200 --seed 1 --num-trunk-recycles 3 --num-diffn-timesteps 200 --num-diffn-samples 5 --num-trunk-samples 1,1779108505.5679548,finished,0,190.206
dockgen,5d9g_1_GLU-ASN-LEU-TYR-PHE-GLN_0,5,379922,logs/chai_default_s5_t200_dockgen_5d9g_1_GLU-ASN-LEU-TYR-PHE-GLN_0.log,default_s5_t200,<REMOTE_PROJECT_ROOT>/.venv/bin/python scripts/70_run_posebench_chai_case.py --dataset dockgen --case-id 5d9g_1_GLU-ASN-LEU-TYR-PHE-GLN_0 --gpu 5 --tag default_s5_t200 --seed 1 --num-trunk-recycles 3 --num-diffn-timesteps 200 --num-diffn-samples 5 --num-trunk-samples 1,1779108525.589729,finished,0,100.108
posebusters_benchmark,7L5F_XNG,3,380683,logs/chai_default_s5_t200_posebusters_benchmark_7L5F_XNG.log,default_s5_t200,<REMOTE_PROJECT_ROOT>/.venv/bin/python scripts/70_run_posebench_chai_case.py --dataset posebusters_benchmark --case-id 7L5F_XNG --gpu 3 --tag default_s5_t200 --seed 1 --num-trunk-recycles 3 --num-diffn-timesteps 200 --num-diffn-samples 5 --num-trunk-samples 1,1779108535.601489,finished,0,90.097
dockgen,5dnc_1_ASN_2,2,381492,logs/chai_default_s5_t200_dockgen_5dnc_1_ASN_2.log,default_s5_t200,<REMOTE_PROJECT_ROOT>/.venv/bin/python scripts/70_run_posebench_chai_case.py --dataset dockgen --case-id 5dnc_1_ASN_2 --gpu 2 --tag default_s5_t200 --seed 1 --num-trunk-recycles 3 --num-diffn-timesteps 200 --num-diffn-samples 5 --num-trunk-samples 1,1779108555.622785,finished,0,60.064
posebusters_benchmark,7L6D_BMF,0,382210,logs/chai_default_s5_t200_posebusters_benchmark_7L6D_BMF.log,default_s5_t200,<REMOTE_PROJECT_ROOT>/.venv/bin/python scripts/70_run_posebench_chai_case.py --dataset posebusters_benchmark --case-id 7L6D_BMF --gpu 0 --tag default_s5_t200 --seed 1 --num-trunk-recycles 3 --num-diffn-timesteps 200 --num-diffn-samples 5 --num-trunk-samples 1,1779108565.6338143,finished,0,80.087
dockgen,5eno_1_5QG_0,1,383014,logs/chai_default_s5_t200_dockgen_5eno_1_5QG_0.log,default_s5_t200,<REMOTE_PROJECT_ROOT>/.venv/bin/python scripts/70_run_posebench_chai_case.py --dataset dockgen --case-id 5eno_1_5QG_0 --gpu 1 --tag default_s5_t200 --seed 1 --num-trunk-recycles 3 --num-diffn-timesteps 200 --num-diffn-samples 5 --num-trunk-samples 1,1779108585.6559193,finished,0,190.205
posebusters_benchmark,7L7C_XQ1,2,383891,logs/chai_default_s5_t200_posebusters_benchmark_7L7C_XQ1.log,default_s5_t200,<REMOTE_PROJECT_ROOT>/.venv/bin/python scripts/70_run_posebench_chai_case.py --dataset posebusters_benchmark --case-id 7L7C_XQ1 --gpu 2 --tag default_s5_t200 --seed 1 --num-trunk-recycles 3 --num-diffn-timesteps 200 --num-diffn-samples 5 --num-trunk-samples 1,1779108615.6878774,finished,0,120.131
dockgen,5enp_1_5QF_0,5,384611,logs/chai_default_s5_t200_dockgen_5enp_1_5QF_0.log,default_s5_t200,<REMOTE_PROJECT_ROOT>/.venv/bin/python scripts/70_run_posebench_chai_case.py --dataset dockgen --case-id 5enp_1_5QF_0 --gpu 5 --tag default_s5_t200 --seed 1 --num-trunk-recycles 3 --num-diffn-timesteps 200 --num-diffn-samples 5 --num-trunk-samples 1,1779108625.6997495,finished,0,190.202
posebusters_benchmark,7L81_UD4,3,384612,logs/chai_default_s5_t200_posebusters_benchmark_7L81_UD4.log,default_s5_t200,<REMOTE_PROJECT_ROOT>/.venv/bin/python scripts/70_run_posebench_chai_case.py --dataset posebusters_benchmark --case-id 7L81_UD4 --gpu 3 --tag default_s5_t200 --seed 1 --num-trunk-recycles 3 --num-diffn-timesteps 200 --num-diffn-samples 5 --num-trunk-samples 1,1779108625.7009175,finished,0,80.085
dockgen,5enq_1_5QE_0,0,386088,logs/chai_default_s5_t200_dockgen_5enq_1_5QE_0.log,default_s5_t200,<REMOTE_PROJECT_ROOT>/.venv/bin/python scripts/70_run_posebench_chai_case.py --dataset dockgen --case-id 5enq_1_5QE_0 --gpu 0 --tag default_s5_t200 --seed 1 --num-trunk-recycles 3 --num-diffn-timesteps 200 --num-diffn-samples 5 --num-trunk-samples 1,1779108645.7228353,finished,0,190.203
posebusters_benchmark,7LB3_XXS,7,386797,logs/chai_default_s5_t200_posebusters_benchmark_7LB3_XXS.log,default_s5_t200,<REMOTE_PROJECT_ROOT>/.venv/bin/python scripts/70_run_posebench_chai_case.py --dataset posebusters_benchmark --case-id 7LB3_XXS --gpu 7 --tag default_s5_t200 --seed 1 --num-trunk-recycles 3 --num-diffn-timesteps 200 --num-diffn-samples 5 --num-trunk-samples 1,1779108655.7338123,finished,0,70.073
dockgen,5enr_1_MBX_0,4,387931,logs/chai_default_s5_t200_dockgen_5enr_1_MBX_0.log,default_s5_t200,<REMOTE_PROJECT_ROOT>/.venv/bin/python scripts/70_run_posebench_chai_case.py --dataset dockgen --case-id 5enr_1_MBX_0 --gpu 4 --tag default_s5_t200 --seed 1 --num-trunk-recycles 3 --num-diffn-timesteps 200 --num-diffn-samples 5 --num-trunk-samples 1,1779108695.7759697,finished,0,190.205
posebusters_benchmark,7LCU_XTA,3,388652,logs/chai_default_s5_t200_posebusters_benchmark_7LCU_XTA.log,default_s5_t200,<REMOTE_PROJECT_ROOT>/.venv/bin/python scripts/70_run_posebench_chai_case.py --dataset posebusters_benchmark --case-id 7LCU_XTA --gpu 3 --tag default_s5_t200 --seed 1 --num-trunk-recycles 3 --num-diffn-timesteps 200 --num-diffn-samples 5 --num-trunk-samples 1,1779108705.7876801,finished,0,120.126
dockgen,5ent_1_MIY_0,7,389456,logs/chai_default_s5_t200_dockgen_5ent_1_MIY_0.log,default_s5_t200,<REMOTE_PROJECT_ROOT>/.venv/bin/python scripts/70_run_posebench_chai_case.py --dataset dockgen --case-id 5ent_1_MIY_0 --gpu 7 --tag default_s5_t200 --seed 1 --num-trunk-recycles 3 --num-diffn-timesteps 200 --num-diffn-samples 5 --num-trunk-samples 1,1779108725.8089712,finished,0,190.207
posebusters_benchmark,7LEV_0JO,2,390178,logs/chai_default_s5_t200_posebusters_benchmark_7LEV_0JO.log,default_s5_t200,<REMOTE_PROJECT_ROOT>/.venv/bin/python scripts/70_run_posebench_chai_case.py --dataset posebusters_benchmark --case-id 7LEV_0JO --gpu 2 --tag default_s5_t200 --seed 1 --num-trunk-recycles 3 --num-diffn-timesteps 200 --num-diffn-samples 5 --num-trunk-samples 1,1779108735.820759,finished,0,190.207
dockgen,5ers_1_AMP_1,6,390912,logs/chai_default_s5_t200_dockgen_5ers_1_AMP_1.log,default_s5_t200,<REMOTE_PROJECT_ROOT>/.venv/bin/python scripts/70_run_posebench_chai_case.py --dataset dockgen --case-id 5ers_1_AMP_1 --gpu 6 --tag default_s5_t200 --seed 1 --num-trunk-recycles 3 --num-diffn-timesteps 200 --num-diffn-samples 5 --num-trunk-samples 1,1779108745.8317842,finished,0,120.127
posebusters_benchmark,7LJN_GTP,1,391790,logs/chai_default_s5_t200_posebusters_benchmark_7LJN_GTP.log,default_s5_t200,<REMOTE_PROJECT_ROOT>/.venv/bin/python scripts/70_run_posebench_chai_case.py --dataset posebusters_benchmark --case-id 7LJN_GTP --gpu 1 --tag default_s5_t200 --seed 1 --num-trunk-recycles 3 --num-diffn-timesteps 200 --num-diffn-samples 5 --num-trunk-samples 1,1779108775.8628445,finished,0,70.075
dockgen,5f2t_1_PLM_0,5,392773,logs/chai_default_s5_t200_dockgen_5f2t_1_PLM_0.log,default_s5_t200,<REMOTE_PROJECT_ROOT>/.venv/bin/python scripts/70_run_posebench_chai_case.py --dataset dockgen --case-id 5f2t_1_PLM_0 --gpu 5 --tag default_s5_t200 --seed 1 --num-trunk-recycles 3 --num-diffn-timesteps 200 --num-diffn-samples 5 --num-trunk-samples 1,1779108815.903923,finished,0,90.1
posebusters_benchmark,7LMO_NYO,3,393488,logs/chai_default_s5_t200_posebusters_benchmark_7LMO_NYO.log,default_s5_t200,<REMOTE_PROJECT_ROOT>/.venv/bin/python scripts/70_run_posebench_chai_case.py --dataset posebusters_benchmark --case-id 7LMO_NYO --gpu 3 --tag default_s5_t200 --seed 1 --num-trunk-recycles 3 --num-diffn-timesteps 200 --num-diffn-samples 5 --num-trunk-samples 1,1779108825.915387,finished,0,120.135
dockgen,5f52_1_ASP_2,0,394215,logs/chai_default_s5_t200_dockgen_5f52_1_ASP_2.log,default_s5_t200,<REMOTE_PROJECT_ROOT>/.venv/bin/python scripts/70_run_posebench_chai_case.py --dataset dockgen --case-id 5f52_1_ASP_2 --gpu 0 --tag default_s5_t200 --seed 1 --num-trunk-recycles 3 --num-diffn-timesteps 200 --num-diffn-samples 5 --num-trunk-samples 1,1779108835.9274151,finished,0,190.211
posebusters_benchmark,7LOE_Y84,1,394939,logs/chai_default_s5_t200_posebusters_benchmark_7LOE_Y84.log,default_s5_t200,<REMOTE_PROJECT_ROOT>/.venv/bin/python scripts/70_run_posebench_chai_case.py --dataset posebusters_benchmark --case-id 7LOE_Y84 --gpu 1 --tag default_s5_t200 --seed 1 --num-trunk-recycles 3 --num-diffn-timesteps 200 --num-diffn-samples 5 --num-trunk-samples 1,1779108845.9391491,finished,0,70.077
dockgen,5fiu_1_Y3J_3,6,395750,logs/chai_default_s5_t200_dockgen_5fiu_1_Y3J_3.log,default_s5_t200,<REMOTE_PROJECT_ROOT>/.venv/bin/python scripts/70_run_posebench_chai_case.py --dataset dockgen --case-id 5fiu_1_Y3J_3 --gpu 6 --tag default_s5_t200 --seed 1 --num-trunk-recycles 3 --num-diffn-timesteps 200 --num-diffn-samples 5 --num-trunk-samples 1,1779108865.9611955,finished,0,190.214
posebusters_benchmark,7LOU_IFM,4,396599,logs/chai_default_s5_t200_posebusters_benchmark_7LOU_IFM.log,default_s5_t200,<REMOTE_PROJECT_ROOT>/.venv/bin/python scripts/70_run_posebench_chai_case.py --dataset posebusters_benchmark --case-id 7LOU_IFM --gpu 4 --tag default_s5_t200 --seed 1 --num-trunk-recycles 3 --num-diffn-timesteps 200 --num-diffn-samples 5 --num-trunk-samples 1,1779108885.9836245,finished,0,60.067
dockgen,5fxd_1_H7Y_1,5,397418,logs/chai_default_s5_t200_dockgen_5fxd_1_H7Y_1.log,default_s5_t200,<REMOTE_PROJECT_ROOT>/.venv/bin/python scripts/70_run_posebench_chai_case.py --dataset dockgen --case-id 5fxd_1_H7Y_1 --gpu 5 --tag default_s5_t200 --seed 1 --num-trunk-recycles 3 --num-diffn-timesteps 200 --num-diffn-samples 5 --num-trunk-samples 1,1779108906.00622,finished,0,190.208
posebusters_benchmark,7LT0_ONJ,7,398142,logs/chai_default_s5_t200_posebusters_benchmark_7LT0_ONJ.log,default_s5_t200,<REMOTE_PROJECT_ROOT>/.venv/bin/python scripts/70_run_posebench_chai_case.py --dataset posebusters_benchmark --case-id 7LT0_ONJ --gpu 7 --tag default_s5_t200 --seed 1 --num-trunk-recycles 3 --num-diffn-timesteps 200 --num-diffn-samples 5 --num-trunk-samples 1,1779108916.0179663,finished,0,80.086
dockgen,5fxe_1_CIY_1,1,398143,logs/chai_default_s5_t200_dockgen_5fxe_1_CIY_1.log,default_s5_t200,<REMOTE_PROJECT_ROOT>/.venv/bin/python scripts/70_run_posebench_chai_case.py --dataset dockgen --case-id 5fxe_1_CIY_1 --gpu 1 --tag default_s5_t200 --seed 1 --num-trunk-recycles 3 --num-diffn-timesteps 200 --num-diffn-samples 5 --num-trunk-samples 1,1779108916.0188272,finished,0,190.208
posebusters_benchmark,7LZD_YHY,2,399511,logs/chai_default_s5_t200_posebusters_benchmark_7LZD_YHY.log,default_s5_t200,<REMOTE_PROJECT_ROOT>/.venv/bin/python scripts/70_run_posebench_chai_case.py --dataset posebusters_benchmark --case-id 7LZD_YHY --gpu 2 --tag default_s5_t200 --seed 1 --num-trunk-recycles 3 --num-diffn-timesteps 200 --num-diffn-samples 5 --num-trunk-samples 1,1779108926.0300663,finished,0,100.108
dockgen,5fxf_1_BEZ_0,3,400332,logs/chai_default_s5_t200_dockgen_5fxf_1_BEZ_0.log,default_s5_t200,<REMOTE_PROJECT_ROOT>/.venv/bin/python scripts/70_run_posebench_chai_case.py --dataset dockgen --case-id 5fxf_1_BEZ_0 --gpu 3 --tag default_s5_t200 --seed 1 --num-trunk-recycles 3 --num-diffn-timesteps 200 --num-diffn-samples 5 --num-trunk-samples 1,1779108946.052053,finished,0,190.211
posebusters_benchmark,7LZQ_YJV,4,400333,logs/chai_default_s5_t200_posebusters_benchmark_7LZQ_YJV.log,default_s5_t200,<REMOTE_PROJECT_ROOT>/.venv/bin/python scripts/70_run_posebench_chai_case.py --dataset posebusters_benchmark --case-id 7LZQ_YJV --gpu 4 --tag default_s5_t200 --seed 1 --num-trunk-recycles 3 --num-diffn-timesteps 200 --num-diffn-samples 5 --num-trunk-samples 1,1779108946.0536563,finished,0,80.085
dockgen,5gqi_1_ATP_7,7,402017,logs/chai_default_s5_t200_dockgen_5gqi_1_ATP_7.log,default_s5_t200,<REMOTE_PROJECT_ROOT>/.venv/bin/python scripts/70_run_posebench_chai_case.py --dataset dockgen --case-id 5gqi_1_ATP_7 --gpu 7 --tag default_s5_t200 --seed 1 --num-trunk-recycles 3 --num-diffn-timesteps 200 --num-diffn-samples 5 --num-trunk-samples 1,1779108996.1055017,finished,0,100.109
posebusters_benchmark,7M31_TDR,0,402893,logs/chai_default_s5_t200_posebusters_benchmark_7M31_TDR.log,default_s5_t200,<REMOTE_PROJECT_ROOT>/.venv/bin/python scripts/70_run_posebench_chai_case.py --dataset posebusters_benchmark --case-id 7M31_TDR --gpu 0 --tag default_s5_t200 --seed 1 --num-trunk-recycles 3 --num-diffn-timesteps 200 --num-diffn-samples 5 --num-trunk-samples 1,1779109026.1398597,finished,0,20.022
dockgen,5gql_1_ATP_4,2,402894,logs/chai_default_s5_t200_dockgen_5gql_1_ATP_4.log,default_s5_t200,<REMOTE_PROJECT_ROOT>/.venv/bin/python scripts/70_run_posebench_chai_case.py --dataset dockgen --case-id 5gql_1_ATP_4 --gpu 2 --tag default_s5_t200 --seed 1 --num-trunk-recycles 3 --num-diffn-timesteps 200 --num-diffn-samples 5 --num-trunk-samples 1,1779109026.140613,finished,0,100.109
posebusters_benchmark,7M3H_YPV,4,402895,logs/chai_default_s5_t200_posebusters_benchmark_7M3H_YPV.log,default_s5_t200,<REMOTE_PROJECT_ROOT>/.venv/bin/python scripts/70_run_posebench_chai_case.py --dataset posebusters_benchmark --case-id 7M3H_YPV --gpu 4 --tag default_s5_t200 --seed 1 --num-trunk-recycles 3 --num-diffn-timesteps 200 --num-diffn-samples 5 --num-trunk-samples 1,1779109026.1420543,finished,0,300.33
dockgen,5hhz_1_ZME_0,0,404988,logs/chai_default_s5_t200_dockgen_5hhz_1_ZME_0.log,default_s5_t200,<REMOTE_PROJECT_ROOT>/.venv/bin/python scripts/70_run_posebench_chai_case.py --dataset dockgen --case-id 5hhz_1_ZME_0 --gpu 0 --tag default_s5_t200 --seed 1 --num-trunk-recycles 3 --num-diffn-timesteps 200 --num-diffn-samples 5 --num-trunk-samples 1,1779109046.1639826,finished,0,120.131
posebusters_benchmark,7M41_YQG,6,405714,logs/chai_default_s5_t200_posebusters_benchmark_7M41_YQG.log,default_s5_t200,<REMOTE_PROJECT_ROOT>/.venv/bin/python scripts/70_run_posebench_chai_case.py --dataset posebusters_benchmark --case-id 7M41_YQG --gpu 6 --tag default_s5_t200 --seed 1 --num-trunk-recycles 3 --num-diffn-timesteps 200 --num-diffn-samples 5 --num-trunk-samples 1,1779109056.1768136,finished,0,70.073
dockgen,5hmr_1_FDZ_0,5,406678,logs/chai_default_s5_t200_dockgen_5hmr_1_FDZ_0.log,default_s5_t200,<REMOTE_PROJECT_ROOT>/.venv/bin/python scripts/70_run_posebench_chai_case.py --dataset dockgen --case-id 5hmr_1_FDZ_0 --gpu 5 --tag default_s5_t200 --seed 1 --num-trunk-recycles 3 --num-diffn-timesteps 200 --num-diffn-samples 5 --num-trunk-samples 1,1779109096.2156065,finished,0,120.133
posebusters_benchmark,7M6K_YRJ,7,406679,logs/chai_default_s5_t200_posebusters_benchmark_7M6K_YRJ.log,default_s5_t200,<REMOTE_PROJECT_ROOT>/.venv/bin/python scripts/70_run_posebench_chai_case.py --dataset posebusters_benchmark --case-id 7M6K_YRJ --gpu 7 --tag default_s5_t200 --seed 1 --num-trunk-recycles 3 --num-diffn-timesteps 200 --num-diffn-samples 5 --num-trunk-samples 1,1779109096.2166872,finished,0,200.222
dockgen,5hqx_1_EDZ_0,1,408045,logs/chai_default_s5_t200_dockgen_5hqx_1_EDZ_0.log,default_s5_t200,<REMOTE_PROJECT_ROOT>/.venv/bin/python scripts/70_run_posebench_chai_case.py --dataset dockgen --case-id 5hqx_1_EDZ_0 --gpu 1 --tag default_s5_t200 --seed 1 --num-trunk-recycles 3 --num-diffn-timesteps 200 --num-diffn-samples 5 --num-trunk-samples 1,1779109106.2288356,finished,0,120.131
posebusters_benchmark,7MAE_XUS,2,408852,logs/chai_default_s5_t200_posebusters_benchmark_7MAE_XUS.log,default_s5_t200,<REMOTE_PROJECT_ROOT>/.venv/bin/python scripts/70_run_posebench_chai_case.py --dataset posebusters_benchmark --case-id 7MAE_XUS --gpu 2 --tag default_s5_t200 --seed 1 --num-trunk-recycles 3 --num-diffn-timesteps 200 --num-diffn-samples 5 --num-trunk-samples 1,1779109126.2508547,finished,0,70.075
dockgen,5hw0_1_GLU_2,6,408853,logs/chai_default_s5_t200_dockgen_5hw0_1_GLU_2.log,default_s5_t200,<REMOTE_PROJECT_ROOT>/.venv/bin/python scripts/70_run_posebench_chai_case.py --dataset dockgen --case-id 5hw0_1_GLU_2 --gpu 6 --tag default_s5_t200 --seed 1 --num-trunk-recycles 3 --num-diffn-timesteps 200 --num-diffn-samples 5 --num-trunk-samples 1,1779109126.2523866,finished,0,190.207
posebusters_benchmark,7MEU_MGP,3,410223,logs/chai_default_s5_t200_posebusters_benchmark_7MEU_MGP.log,default_s5_t200,<REMOTE_PROJECT_ROOT>/.venv/bin/python scripts/70_run_posebench_chai_case.py --dataset posebusters_benchmark --case-id 7MEU_MGP --gpu 3 --tag default_s5_t200 --seed 1 --num-trunk-recycles 3 --num-diffn-timesteps 200 --num-diffn-samples 5 --num-trunk-samples 1,1779109136.2649293,finished,0,120.131
dockgen,5ida_1_BMA_0,0,411107,logs/chai_default_s5_t200_dockgen_5ida_1_BMA_0.log,default_s5_t200,<REMOTE_PROJECT_ROOT>/.venv/bin/python scripts/70_run_posebench_chai_case.py --dataset dockgen --case-id 5ida_1_BMA_0 --gpu 0 --tag default_s5_t200 --seed 1 --num-trunk-recycles 3 --num-diffn-timesteps 200 --num-diffn-samples 5 --num-trunk-samples 1,1779109166.2967956,finished,0,70.077
posebusters_benchmark,7MFP_Z7P,2,412018,logs/chai_default_s5_t200_posebusters_benchmark_7MFP_Z7P.log,default_s5_t200,<REMOTE_PROJECT_ROOT>/.venv/bin/python scripts/70_run_posebench_chai_case.py --dataset posebusters_benchmark --case-id 7MFP_Z7P --gpu 2 --tag default_s5_t200 --seed 1 --num-trunk-recycles 3 --num-diffn-timesteps 200 --num-diffn-samples 5 --num-trunk-samples 1,1779109196.328142,finished,0,70.079
dockgen,5k3o_2_ASP_0,5,412804,logs/chai_default_s5_t200_dockgen_5k3o_2_ASP_0.log,default_s5_t200,<REMOTE_PROJECT_ROOT>/.venv/bin/python scripts/70_run_posebench_chai_case.py --dataset dockgen --case-id 5k3o_2_ASP_0 --gpu 5 --tag default_s5_t200 --seed 1 --num-trunk-recycles 3 --num-diffn-timesteps 200 --num-diffn-samples 5 --num-trunk-samples 1,1779109216.3503847,finished,0,190.207
posebusters_benchmark,7MGT_ZD4,1,413533,logs/chai_default_s5_t200_posebusters_benchmark_7MGT_ZD4.log,default_s5_t200,<REMOTE_PROJECT_ROOT>/.venv/bin/python scripts/70_run_posebench_chai_case.py --dataset posebusters_benchmark --case-id 7MGT_ZD4 --gpu 1 --tag default_s5_t200 --seed 1 --num-trunk-recycles 3 --num-diffn-timesteps 200 --num-diffn-samples 5 --num-trunk-samples 1,1779109226.3634877,finished,0,100.109
dockgen,5k45_2_GLU_1,0,414281,logs/chai_default_s5_t200_dockgen_5k45_2_GLU_1.log,default_s5_t200,<REMOTE_PROJECT_ROOT>/.venv/bin/python scripts/70_run_posebench_chai_case.py --dataset dockgen --case-id 5k45_2_GLU_1 --gpu 0 --tag default_s5_t200 --seed 1 --num-trunk-recycles 3 --num-diffn-timesteps 200 --num-diffn-samples 5 --num-trunk-samples 1,1779109236.3764856,finished,0,190.204
posebusters_benchmark,7MGY_ZD1,3,415089,logs/chai_default_s5_t200_posebusters_benchmark_7MGY_ZD1.log,default_s5_t200,<REMOTE_PROJECT_ROOT>/.venv/bin/python scripts/70_run_posebench_chai_case.py --dataset posebusters_benchmark --case-id 7MGY_ZD1 --gpu 3 --tag default_s5_t200 --seed 1 --num-trunk-recycles 3 --num-diffn-timesteps 200 --num-diffn-samples 5 --num-trunk-samples 1,1779109256.3979561,finished,0,60.061
dockgen,5k4h_2_GLU_3,2,415802,logs/chai_default_s5_t200_dockgen_5k4h_2_GLU_3.log,default_s5_t200,<REMOTE_PROJECT_ROOT>/.venv/bin/python scripts/70_run_posebench_chai_case.py --dataset dockgen --case-id 5k4h_2_GLU_3 --gpu 2 --tag default_s5_t200 --seed 1 --num-trunk-recycles 3 --num-diffn-timesteps 200 --num-diffn-samples 5 --num-trunk-samples 1,1779109266.4087193,finished,0,190.21
posebusters_benchmark,7MMH_ZJY,7,416680,logs/chai_default_s5_t200_posebusters_benchmark_7MMH_ZJY.log,default_s5_t200,<REMOTE_PROJECT_ROOT>/.venv/bin/python scripts/70_run_posebench_chai_case.py --dataset posebusters_benchmark --case-id 7MMH_ZJY --gpu 7 --tag default_s5_t200 --seed 1 --num-trunk-recycles 3 --num-diffn-timesteps 200 --num-diffn-samples 5 --num-trunk-samples 1,1779109296.4397156,finished,0,80.085
dockgen,5k62_1_ASN-VAL_0,6,417472,logs/chai_default_s5_t200_dockgen_5k62_1_ASN-VAL_0.log,default_s5_t200,<REMOTE_PROJECT_ROOT>/.venv/bin/python scripts/70_run_posebench_chai_case.py --dataset dockgen --case-id 5k62_1_ASN-VAL_0 --gpu 6 --tag default_s5_t200 --seed 1 --num-trunk-recycles 3 --num-diffn-timesteps 200 --num-diffn-samples 5 --num-trunk-samples 1,1779109316.4608073,finished,0,120.134
posebusters_benchmark,7MOI_HPS,3,417473,logs/chai_default_s5_t200_posebusters_benchmark_7MOI_HPS.log,default_s5_t200,<REMOTE_PROJECT_ROOT>/.venv/bin/python scripts/70_run_posebench_chai_case.py --dataset posebusters_benchmark --case-id 7MOI_HPS --gpu 3 --tag default_s5_t200 --seed 1 --num-trunk-recycles 3 --num-diffn-timesteps 200 --num-diffn-samples 5 --num-trunk-samples 1,1779109316.4618719,finished,0,100.107
dockgen,5k63_1_ASN-GLY_0,4,418841,logs/chai_default_s5_t200_dockgen_5k63_1_ASN-GLY_0.log,default_s5_t200,<REMOTE_PROJECT_ROOT>/.venv/bin/python scripts/70_run_posebench_chai_case.py --dataset dockgen --case-id 5k63_1_ASN-GLY_0 --gpu 4 --tag default_s5_t200 --seed 1 --num-trunk-recycles 3 --num-diffn-timesteps 200 --num-diffn-samples 5 --num-trunk-samples 1,1779109326.4734886,finished,0,120.133
posebusters_benchmark,7MRH_ZMJ,1,418842,logs/chai_default_s5_t200_posebusters_benchmark_7MRH_ZMJ.log,default_s5_t200,<REMOTE_PROJECT_ROOT>/.venv/bin/python scripts/70_run_posebench_chai_case.py --dataset posebusters_benchmark --case-id 7MRH_ZMJ --gpu 1 --tag default_s5_t200 --seed 1 --num-trunk-recycles 3 --num-diffn-timesteps 200 --num-diffn-samples 5 --num-trunk-samples 1,1779109326.4745312,finished,0,70.072
dockgen,5k66_1_ASN-GLU_0,7,420511,logs/chai_default_s5_t200_dockgen_5k66_1_ASN-GLU_0.log,default_s5_t200,<REMOTE_PROJECT_ROOT>/.venv/bin/python scripts/70_run_posebench_chai_case.py --dataset dockgen --case-id 5k66_1_ASN-GLU_0 --gpu 7 --tag default_s5_t200 --seed 1 --num-trunk-recycles 3 --num-diffn-timesteps 200 --num-diffn-samples 5 --num-trunk-samples 1,1779109376.5259361,finished,0,120.136
posebusters_benchmark,7MS7_ZQ1,1,421305,logs/chai_default_s5_t200_posebusters_benchmark_7MS7_ZQ1.log,default_s5_t200,<REMOTE_PROJECT_ROOT>/.venv/bin/python scripts/70_run_posebench_chai_case.py --dataset posebusters_benchmark --case-id 7MS7_ZQ1 --gpu 1 --tag default_s5_t200 --seed 1 --num-trunk-recycles 3 --num-diffn-timesteps 200 --num-diffn-samples 5 --num-trunk-samples 1,1779109396.5477211,finished,0,80.093
dockgen,5mh1_1_BMA_0,5,422024,logs/chai_default_s5_t200_dockgen_5mh1_1_BMA_0.log,default_s5_t200,<REMOTE_PROJECT_ROOT>/.venv/bin/python scripts/70_run_posebench_chai_case.py --dataset dockgen --case-id 5mh1_1_BMA_0 --gpu 5 --tag default_s5_t200 --seed 1 --num-trunk-recycles 3 --num-diffn-timesteps 200 --num-diffn-samples 5 --num-trunk-samples 1,1779109406.559182,finished,0,70.081
posebusters_benchmark,7MSR_DCA,3,422745,logs/chai_default_s5_t200_posebusters_benchmark_7MSR_DCA.log,default_s5_t200,<REMOTE_PROJECT_ROOT>/.venv/bin/python scripts/70_run_posebench_chai_case.py --dataset posebusters_benchmark --case-id 7MSR_DCA --gpu 3 --tag default_s5_t200 --seed 1 --num-trunk-recycles 3 --num-diffn-timesteps 200 --num-diffn-samples 5 --num-trunk-samples 1,1779109416.5708456,finished,0,190.213
dockgen,5u82_2_ZN0_0,0,423467,logs/chai_default_s5_t200_dockgen_5u82_2_ZN0_0.log,default_s5_t200,<REMOTE_PROJECT_ROOT>/.venv/bin/python scripts/70_run_posebench_chai_case.py --dataset dockgen --case-id 5u82_2_ZN0_0 --gpu 0 --tag default_s5_t200 --seed 1 --num-trunk-recycles 3 --num-diffn-timesteps 200 --num-diffn-samples 5 --num-trunk-samples 1,1779109426.5852907,finished,0,70.077
posebusters_benchmark,7MWN_WI5,6,424189,logs/chai_default_s5_t200_posebusters_benchmark_7MWN_WI5.log,default_s5_t200,<REMOTE_PROJECT_ROOT>/.venv/bin/python scripts/70_run_posebench_chai_case.py --dataset posebusters_benchmark --case-id 7MWN_WI5 --gpu 6 --tag default_s5_t200 --seed 1 --num-trunk-recycles 3 --num-diffn-timesteps 200 --num-diffn-samples 5 --num-trunk-samples 1,1779109436.5967963,finished,0,120.13
dockgen,6a71_1_9UX_0,4,424910,logs/chai_default_s5_t200_dockgen_6a71_1_9UX_0.log,default_s5_t200,<REMOTE_PROJECT_ROOT>/.venv/bin/python scripts/70_run_posebench_chai_case.py --dataset dockgen --case-id 6a71_1_9UX_0 --gpu 4 --tag default_s5_t200 --seed 1 --num-trunk-recycles 3 --num-diffn-timesteps 200 --num-diffn-samples 5 --num-trunk-samples 1,1779109446.6083107,finished,0,70.076
posebusters_benchmark,7MWU_ZPM,2,425635,logs/chai_default_s5_t200_posebusters_benchmark_7MWU_ZPM.log,default_s5_t200,<REMOTE_PROJECT_ROOT>/.venv/bin/python scripts/70_run_posebench_chai_case.py --dataset posebusters_benchmark --case-id 7MWU_ZPM --gpu 2 --tag default_s5_t200 --seed 1 --num-trunk-recycles 3 --num-diffn-timesteps 200 --num-diffn-samples 5 --num-trunk-samples 1,1779109456.6202545,finished,0,120.131
dockgen,6a72_1_9UX_0,1,426426,logs/chai_default_s5_t200_dockgen_6a72_1_9UX_0.log,default_s5_t200,<REMOTE_PROJECT_ROOT>/.venv/bin/python scripts/70_run_posebench_chai_case.py --dataset dockgen --case-id 6a72_1_9UX_0 --gpu 1 --tag default_s5_t200 --seed 1 --num-trunk-recycles 3 --num-diffn-timesteps 200 --num-diffn-samples 5 --num-trunk-samples 1,1779109476.6418166,finished,0,80.085
posebusters_benchmark,7MY1_IPE,5,426427,logs/chai_default_s5_t200_posebusters_benchmark_7MY1_IPE.log,default_s5_t200,<REMOTE_PROJECT_ROOT>/.venv/bin/python scripts/70_run_posebench_chai_case.py --dataset posebusters_benchmark --case-id 7MY1_IPE --gpu 5 --tag default_s5_t200 --seed 1 --num-trunk-recycles 3 --num-diffn-timesteps 200 --num-diffn-samples 5 --num-trunk-samples 1,1779109476.6428418,finished,0,90.097
dockgen,6b1b_1_TMO_15,7,427855,logs/chai_default_s5_t200_dockgen_6b1b_1_TMO_15.log,default_s5_t200,<REMOTE_PROJECT_ROOT>/.venv/bin/python scripts/70_run_posebench_chai_case.py --dataset dockgen --case-id 6b1b_1_TMO_15 --gpu 7 --tag default_s5_t200 --seed 1 --num-trunk-recycles 3 --num-diffn-timesteps 200 --num-diffn-samples 5 --num-trunk-samples 1,1779109496.664035,finished,0,180.186
posebusters_benchmark,7MYU_ZR7,0,427856,logs/chai_default_s5_t200_posebusters_benchmark_7MYU_ZR7.log,default_s5_t200,<REMOTE_PROJECT_ROOT>/.venv/bin/python scripts/70_run_posebench_chai_case.py --dataset posebusters_benchmark --case-id 7MYU_ZR7 --gpu 0 --tag default_s5_t200 --seed 1 --num-trunk-recycles 3 --num-diffn-timesteps 200 --num-diffn-samples 5 --num-trunk-samples 1,1779109496.6647263,finished,0,290.304
dockgen,6ea9_1_9BG_0,4,429291,logs/chai_default_s5_t200_dockgen_6ea9_1_9BG_0.log,default_s5_t200,<REMOTE_PROJECT_ROOT>/.venv/bin/python scripts/70_run_posebench_chai_case.py --dataset dockgen --case-id 6ea9_1_9BG_0 --gpu 4 --tag default_s5_t200 --seed 1 --num-trunk-recycles 3 --num-diffn-timesteps 200 --num-diffn-samples 5 --num-trunk-samples 1,1779109516.6863263,finished,0,120.122
posebusters_benchmark,7MZS_GLA,6,430284,logs/chai_default_s5_t200_posebusters_benchmark_7MZS_GLA.log,default_s5_t200,<REMOTE_PROJECT_ROOT>/.venv/bin/python scripts/70_run_posebench_chai_case.py --dataset posebusters_benchmark --case-id 7MZS_GLA --gpu 6 --tag default_s5_t200 --seed 1 --num-trunk-recycles 3 --num-diffn-timesteps 200 --num-diffn-samples 5 --num-trunk-samples 1,1779109556.728404,finished,0,70.077
dockgen,6ep5_1_ADP_1,1,430285,logs/chai_default_s5_t200_dockgen_6ep5_1_ADP_1.log,default_s5_t200,<REMOTE_PROJECT_ROOT>/.venv/bin/python scripts/70_run_posebench_chai_case.py --dataset dockgen --case-id 6ep5_1_ADP_1 --gpu 1 --tag default_s5_t200 --seed 1 --num-trunk-recycles 3 --num-diffn-timesteps 200 --num-diffn-samples 5 --num-trunk-samples 1,1779109556.7294436,finished,0,120.121
posebusters_benchmark,7N03_ZRP,5,431663,logs/chai_default_s5_t200_posebusters_benchmark_7N03_ZRP.log,default_s5_t200,<REMOTE_PROJECT_ROOT>/.venv/bin/python scripts/70_run_posebench_chai_case.py --dataset posebusters_benchmark --case-id 7N03_ZRP --gpu 5 --tag default_s5_t200 --seed 1 --num-trunk-recycles 3 --num-diffn-timesteps 200 --num-diffn-samples 5 --num-trunk-samples 1,1779109566.7415657,finished,0,70.067
dockgen,6etf_1_AMP_0,2,432443,logs/chai_default_s5_t200_dockgen_6etf_1_AMP_0.log,default_s5_t200,<REMOTE_PROJECT_ROOT>/.venv/bin/python scripts/70_run_posebench_chai_case.py --dataset dockgen --case-id 6etf_1_AMP_0 --gpu 2 --tag default_s5_t200 --seed 1 --num-trunk-recycles 3 --num-diffn-timesteps 200 --num-diffn-samples 5 --num-trunk-samples 1,1779109576.7536898,finished,0,120.12
posebusters_benchmark,7N4N_0BK,3,433854,logs/chai_default_s5_t200_posebusters_benchmark_7N4N_0BK.log,default_s5_t200,<REMOTE_PROJECT_ROOT>/.venv/bin/python scripts/70_run_posebench_chai_case.py --dataset posebusters_benchmark --case-id 7N4N_0BK --gpu 3 --tag default_s5_t200 --seed 1 --num-trunk-recycles 3 --num-diffn-timesteps 200 --num-diffn-samples 5 --num-trunk-samples 1,1779109606.785717,finished,0,130.13
dockgen,6fgc_1_ADP_1,6,434750,logs/chai_default_s5_t200_dockgen_6fgc_1_ADP_1.log,default_s5_t200,<REMOTE_PROJECT_ROOT>/.venv/bin/python scripts/70_run_posebench_chai_case.py --dataset dockgen --case-id 6fgc_1_ADP_1 --gpu 6 --tag default_s5_t200 --seed 1 --num-trunk-recycles 3 --num-diffn-timesteps 200 --num-diffn-samples 5 --num-trunk-samples 1,1779109626.8069966,finished,0,120.12
posebusters_benchmark,7N4W_P4V,4,435667,logs/chai_default_s5_t200_posebusters_benchmark_7N4W_P4V.log,default_s5_t200,<REMOTE_PROJECT_ROOT>/.venv/bin/python scripts/70_run_posebench_chai_case.py --dataset posebusters_benchmark --case-id 7N4W_P4V --gpu 4 --tag default_s5_t200 --seed 1 --num-trunk-recycles 3 --num-diffn-timesteps 200 --num-diffn-samples 5 --num-trunk-samples 1,1779109636.8095024,finished,0,70.076
dockgen,6fgc_1_D95_1,5,435668,logs/chai_default_s5_t200_dockgen_6fgc_1_D95_1.log,default_s5_t200,<REMOTE_PROJECT_ROOT>/.venv/bin/python scripts/70_run_posebench_chai_case.py --dataset dockgen --case-id 6fgc_1_D95_1 --gpu 5 --tag default_s5_t200 --seed 1 --num-trunk-recycles 3 --num-diffn-timesteps 200 --num-diffn-samples 5 --num-trunk-samples 1,1779109636.8109396,finished,0,120.128
posebusters_benchmark,7N6F_0I1,7,437875,logs/chai_default_s5_t200_posebusters_benchmark_7N6F_0I1.log,default_s5_t200,<REMOTE_PROJECT_ROOT>/.venv/bin/python scripts/70_run_posebench_chai_case.py --dataset posebusters_benchmark --case-id 7N6F_0I1 --gpu 7 --tag default_s5_t200 --seed 1 --num-trunk-recycles 3 --num-diffn-timesteps 200 --num-diffn-samples 5 --num-trunk-samples 1,1779109676.8521292,finished,0,120.127
dockgen,6gbf_1_AMP_0,1,437876,logs/chai_default_s5_t200_dockgen_6gbf_1_AMP_0.log,default_s5_t200,<REMOTE_PROJECT_ROOT>/.venv/bin/python scripts/70_run_posebench_chai_case.py --dataset dockgen --case-id 6gbf_1_AMP_0 --gpu 1 --tag default_s5_t200 --seed 1 --num-trunk-recycles 3 --num-diffn-timesteps 200 --num-diffn-samples 5 --num-trunk-samples 1,1779109676.853681,finished,0,200.217
posebusters_benchmark,7N7B_T3F,2,439411,logs/chai_default_s5_t200_posebusters_benchmark_7N7B_T3F.log,default_s5_t200,<REMOTE_PROJECT_ROOT>/.venv/bin/python scripts/70_run_posebench_chai_case.py --dataset posebusters_benchmark --case-id 7N7B_T3F --gpu 2 --tag default_s5_t200 --seed 1 --num-trunk-recycles 3 --num-diffn-timesteps 200 --num-diffn-samples 5 --num-trunk-samples 1,1779109696.8752825,finished,0,190.208
dockgen,6jls_1_FMN_6,4,440170,logs/chai_default_s5_t200_dockgen_6jls_1_FMN_6.log,default_s5_t200,<REMOTE_PROJECT_ROOT>/.venv/bin/python scripts/70_run_posebench_chai_case.py --dataset dockgen --case-id 6jls_1_FMN_6 --gpu 4 --tag default_s5_t200 --seed 1 --num-trunk-recycles 3 --num-diffn-timesteps 200 --num-diffn-samples 5 --num-trunk-samples 1,1779109706.8867536,finished,0,80.083
posebusters_benchmark,7N7H_CTP,3,441122,logs/chai_default_s5_t200_posebusters_benchmark_7N7H_CTP.log,default_s5_t200,<REMOTE_PROJECT_ROOT>/.venv/bin/python scripts/70_run_posebench_chai_case.py --dataset posebusters_benchmark --case-id 7N7H_CTP --gpu 3 --tag default_s5_t200 --seed 1 --num-trunk-recycles 3 --num-diffn-timesteps 200 --num-diffn-samples 5 --num-trunk-samples 1,1779109736.9179983,finished,0,90.094
dockgen,6n19_2_K8V_0,6,441878,logs/chai_default_s5_t200_dockgen_6n19_2_K8V_0.log,default_s5_t200,<REMOTE_PROJECT_ROOT>/.venv/bin/python scripts/70_run_posebench_chai_case.py --dataset dockgen --case-id 6n19_2_K8V_0 --gpu 6 --tag default_s5_t200 --seed 1 --num-trunk-recycles 3 --num-diffn-timesteps 200 --num-diffn-samples 5 --num-trunk-samples 1,1779109746.928828,finished,0,120.129
posebusters_benchmark,7NA4_1I9,5,442632,logs/chai_default_s5_t200_posebusters_benchmark_7NA4_1I9.log,default_s5_t200,<REMOTE_PROJECT_ROOT>/.venv/bin/python scripts/70_run_posebench_chai_case.py --dataset posebusters_benchmark --case-id 7NA4_1I9 --gpu 5 --tag default_s5_t200 --seed 1 --num-trunk-recycles 3 --num-diffn-timesteps 200 --num-diffn-samples 5 --num-trunk-samples 1,1779109756.9403176,finished,0,80.083
dockgen,6nco_1_KQP_0,0,443589,logs/chai_default_s5_t200_dockgen_6nco_1_KQP_0.log,default_s5_t200,<REMOTE_PROJECT_ROOT>/.venv/bin/python scripts/70_run_posebench_chai_case.py --dataset dockgen --case-id 6nco_1_KQP_0 --gpu 0 --tag default_s5_t200 --seed 1 --num-trunk-recycles 3 --num-diffn-timesteps 200 --num-diffn-samples 5 --num-trunk-samples 1,1779109786.9707766,finished,0,10.009
posebusters_benchmark,7NB4_U6Q,4,443590,logs/chai_default_s5_t200_posebusters_benchmark_7NB4_U6Q.log,default_s5_t200,<REMOTE_PROJECT_ROOT>/.venv/bin/python scripts/70_run_posebench_chai_case.py --dataset posebusters_benchmark --case-id 7NB4_U6Q --gpu 4 --tag default_s5_t200 --seed 1 --num-trunk-recycles 3 --num-diffn-timesteps 200 --num-diffn-samples 5 --num-trunk-samples 1,1779109786.9719608,finished,0,70.074
dockgen,6npp_1_KWG_0,7,444405,logs/chai_default_s5_t200_dockgen_6npp_1_KWG_0.log,default_s5_t200,<REMOTE_PROJECT_ROOT>/.venv/bin/python scripts/70_run_posebench_chai_case.py --dataset dockgen --case-id 6npp_1_KWG_0 --gpu 7 --tag default_s5_t200 --seed 1 --num-trunk-recycles 3 --num-diffn-timesteps 200 --num-diffn-samples 5 --num-trunk-samples 1,1779109796.9808886,finished,0,70.077
posebusters_benchmark,7NF0_BYN,0,444406,logs/chai_default_s5_t200_posebusters_benchmark_7NF0_BYN.log,default_s5_t200,<REMOTE_PROJECT_ROOT>/.venv/bin/python scripts/70_run_posebench_chai_case.py --dataset posebusters_benchmark --case-id 7NF0_BYN --gpu 0 --tag default_s5_t200 --seed 1 --num-trunk-recycles 3 --num-diffn-timesteps 200 --num-diffn-samples 5 --num-trunk-samples 1,1779109796.9822545,finished,0,50.053
dockgen,6o6y_1_ACK_0,3,445987,logs/chai_default_s5_t200_dockgen_6o6y_1_ACK_0.log,default_s5_t200,<REMOTE_PROJECT_ROOT>/.venv/bin/python scripts/70_run_posebench_chai_case.py --dataset dockgen --case-id 6o6y_1_ACK_0 --gpu 3 --tag default_s5_t200 --seed 1 --num-trunk-recycles 3 --num-diffn-timesteps 200 --num-diffn-samples 5 --num-trunk-samples 1,1779109827.0137517,finished,0,300.328
posebusters_benchmark,7NF3_4LU,5,446729,logs/chai_default_s5_t200_posebusters_benchmark_7NF3_4LU.log,default_s5_t200,<REMOTE_PROJECT_ROOT>/.venv/bin/python scripts/70_run_posebench_chai_case.py --dataset posebusters_benchmark --case-id 7NF3_4LU --gpu 5 --tag default_s5_t200 --seed 1 --num-trunk-recycles 3 --num-diffn-timesteps 200 --num-diffn-samples 5 --num-trunk-samples 1,1779109837.0247047,finished,0,190.204
dockgen,6o70_1_ACK_1,0,447467,logs/chai_default_s5_t200_dockgen_6o70_1_ACK_1.log,default_s5_t200,<REMOTE_PROJECT_ROOT>/.venv/bin/python scripts/70_run_posebench_chai_case.py --dataset dockgen --case-id 6o70_1_ACK_1 --gpu 0 --tag default_s5_t200 --seed 1 --num-trunk-recycles 3 --num-diffn-timesteps 200 --num-diffn-samples 5 --num-trunk-samples 1,1779109847.036206,finished,0,300.329
posebusters_benchmark,7NFB_GEN,4,447822,logs/chai_default_s5_t200_posebusters_benchmark_7NFB_GEN.log,default_s5_t200,<REMOTE_PROJECT_ROOT>/.venv/bin/python scripts/70_run_posebench_chai_case.py --dataset posebusters_benchmark --case-id 7NFB_GEN --gpu 4 --tag default_s5_t200 --seed 1 --num-trunk-recycles 3 --num-diffn-timesteps 200 --num-diffn-samples 5 --num-trunk-samples 1,1779109857.0476422,finished,0,210.223
dockgen,6pa2_1_ASP_2,6,448569,logs/chai_default_s5_t200_dockgen_6pa2_1_ASP_2.log,default_s5_t200,<REMOTE_PROJECT_ROOT>/.venv/bin/python scripts/70_run_posebench_chai_case.py --dataset dockgen --case-id 6pa2_1_ASP_2 --gpu 6 --tag default_s5_t200 --seed 1 --num-trunk-recycles 3 --num-diffn-timesteps 200 --num-diffn-samples 5 --num-trunk-samples 1,1779109867.0594244,finished,0,200.211
posebusters_benchmark,7NGW_UAW,7,448570,logs/chai_default_s5_t200_posebusters_benchmark_7NGW_UAW.log,default_s5_t200,<REMOTE_PROJECT_ROOT>/.venv/bin/python scripts/70_run_posebench_chai_case.py --dataset posebusters_benchmark --case-id 7NGW_UAW --gpu 7 --tag default_s5_t200 --seed 1 --num-trunk-recycles 3 --num-diffn-timesteps 200 --num-diffn-samples 5 --num-trunk-samples 1,1779109867.0605595,finished,0,70.076
dockgen,6pa6_2_ASN_0,1,450328,logs/chai_default_s5_t200_dockgen_6pa6_2_ASN_0.log,default_s5_t200,<REMOTE_PROJECT_ROOT>/.venv/bin/python scripts/70_run_posebench_chai_case.py --dataset dockgen --case-id 6pa6_2_ASN_0 --gpu 1 --tag default_s5_t200 --seed 1 --num-trunk-recycles 3 --num-diffn-timesteps 200 --num-diffn-samples 5 --num-trunk-samples 1,1779109877.0729396,finished,0,330.359
posebusters_benchmark,7NLK_UHK,2,451063,logs/chai_default_s5_t200_posebusters_benchmark_7NLK_UHK.log,default_s5_t200,<REMOTE_PROJECT_ROOT>/.venv/bin/python scripts/70_run_posebench_chai_case.py --dataset posebusters_benchmark --case-id 7NLK_UHK --gpu 2 --tag default_s5_t200 --seed 1 --num-trunk-recycles 3 --num-diffn-timesteps 200 --num-diffn-samples 5 --num-trunk-samples 1,1779109887.084417,finished,0,190.202
dockgen,6paa_1_ASP_2,7,452157,logs/chai_default_s5_t200_dockgen_6paa_1_ASP_2.log,default_s5_t200,<REMOTE_PROJECT_ROOT>/.venv/bin/python scripts/70_run_posebench_chai_case.py --dataset dockgen --case-id 6paa_1_ASP_2 --gpu 7 --tag default_s5_t200 --seed 1 --num-trunk-recycles 3 --num-diffn-timesteps 200 --num-diffn-samples 5 --num-trunk-samples 1,1779109937.1379328,finished,0,190.204
posebusters_benchmark,7NLV_UJE,5,453602,logs/chai_default_s5_t200_posebusters_benchmark_7NLV_UJE.log,default_s5_t200,<REMOTE_PROJECT_ROOT>/.venv/bin/python scripts/70_run_posebench_chai_case.py --dataset posebusters_benchmark --case-id 7NLV_UJE --gpu 5 --tag default_s5_t200 --seed 1 --num-trunk-recycles 3 --num-diffn-timesteps 200 --num-diffn-samples 5 --num-trunk-samples 1,1779110027.229876,finished,0,140.157
dockgen,6qkr_1_FAD_0,4,454606,logs/chai_default_s5_t200_dockgen_6qkr_1_FAD_0.log,default_s5_t200,<REMOTE_PROJECT_ROOT>/.venv/bin/python scripts/70_run_posebench_chai_case.py --dataset dockgen --case-id 6qkr_1_FAD_0 --gpu 4 --tag default_s5_t200 --seed 1 --num-trunk-recycles 3 --num-diffn-timesteps 200 --num-diffn-samples 5 --num-trunk-samples 1,1779110067.2724485,finished,0,190.215
posebusters_benchmark,7NML_I7B,6,454607,logs/chai_default_s5_t200_posebusters_benchmark_7NML_I7B.log,default_s5_t200,<REMOTE_PROJECT_ROOT>/.venv/bin/python scripts/70_run_posebench_chai_case.py --dataset posebusters_benchmark --case-id 7NML_I7B --gpu 6 --tag default_s5_t200 --seed 1 --num-trunk-recycles 3 --num-diffn-timesteps 200 --num-diffn-samples 5 --num-trunk-samples 1,1779110067.27408,finished,0,100.113
dockgen,6rms_1_AMP_1,2,455993,logs/chai_default_s5_t200_dockgen_6rms_1_AMP_1.log,default_s5_t200,<REMOTE_PROJECT_ROOT>/.venv/bin/python scripts/70_run_posebench_chai_case.py --dataset dockgen --case-id 6rms_1_AMP_1 --gpu 2 --tag default_s5_t200 --seed 1 --num-trunk-recycles 3 --num-diffn-timesteps 200 --num-diffn-samples 5 --num-trunk-samples 1,1779110077.290134,finished,0,120.13
posebusters_benchmark,7NP6_UK8,3,457066,logs/chai_default_s5_t200_posebusters_benchmark_7NP6_UK8.log,default_s5_t200,<REMOTE_PROJECT_ROOT>/.venv/bin/python scripts/70_run_posebench_chai_case.py --dataset posebusters_benchmark --case-id 7NP6_UK8 --gpu 3 --tag default_s5_t200 --seed 1 --num-trunk-recycles 3 --num-diffn-timesteps 200 --num-diffn-samples 5 --num-trunk-samples 1,1779110127.344189,finished,0,90.1
dockgen,6ryz_1_SAM_2,7,457067,logs/chai_default_s5_t200_dockgen_6ryz_1_SAM_2.log,default_s5_t200,<REMOTE_PROJECT_ROOT>/.venv/bin/python scripts/70_run_posebench_chai_case.py --dataset dockgen --case-id 6ryz_1_SAM_2 --gpu 7 --tag default_s5_t200 --seed 1 --num-trunk-recycles 3 --num-diffn-timesteps 200 --num-diffn-samples 5 --num-trunk-samples 1,1779110127.3453903,finished,0,190.208
posebusters_benchmark,7NPL_UKZ,0,458519,logs/chai_default_s5_t200_posebusters_benchmark_7NPL_UKZ.log,default_s5_t200,<REMOTE_PROJECT_ROOT>/.venv/bin/python scripts/70_run_posebench_chai_case.py --dataset posebusters_benchmark --case-id 7NPL_UKZ --gpu 0 --tag default_s5_t200 --seed 1 --num-trunk-recycles 3 --num-diffn-timesteps 200 --num-diffn-samples 5 --num-trunk-samples 1,1779110147.3667502,finished,0,90.099
dockgen,6rz2_1_5CD_2,5,459325,logs/chai_default_s5_t200_dockgen_6rz2_1_5CD_2.log,default_s5_t200,<REMOTE_PROJECT_ROOT>/.venv/bin/python scripts/70_run_posebench_chai_case.py --dataset dockgen --case-id 6rz2_1_5CD_2 --gpu 5 --tag default_s5_t200 --seed 1 --num-trunk-recycles 3 --num-diffn-timesteps 200 --num-diffn-samples 5 --num-trunk-samples 1,1779110167.3887131,finished,0,190.207
posebusters_benchmark,7NR6_UO8,6,459326,logs/chai_default_s5_t200_posebusters_benchmark_7NR6_UO8.log,default_s5_t200,<REMOTE_PROJECT_ROOT>/.venv/bin/python scripts/70_run_posebench_chai_case.py --dataset posebusters_benchmark --case-id 7NR6_UO8 --gpu 6 --tag default_s5_t200 --seed 1 --num-trunk-recycles 3 --num-diffn-timesteps 200 --num-diffn-samples 5 --num-trunk-samples 1,1779110167.3899343,finished,0,90.098
dockgen,6tvg_1_AP2_1,2,460785,logs/chai_default_s5_t200_dockgen_6tvg_1_AP2_1.log,default_s5_t200,<REMOTE_PROJECT_ROOT>/.venv/bin/python scripts/70_run_posebench_chai_case.py --dataset dockgen --case-id 6tvg_1_AP2_1 --gpu 2 --tag default_s5_t200 --seed 1 --num-trunk-recycles 3 --num-diffn-timesteps 200 --num-diffn-samples 5 --num-trunk-samples 1,1779110197.4221127,finished,0,180.195
posebusters_benchmark,7NR8_UOE,1,461509,logs/chai_default_s5_t200_posebusters_benchmark_7NR8_UOE.log,default_s5_t200,<REMOTE_PROJECT_ROOT>/.venv/bin/python scripts/70_run_posebench_chai_case.py --dataset posebusters_benchmark --case-id 7NR8_UOE --gpu 1 --tag default_s5_t200 --seed 1 --num-trunk-recycles 3 --num-diffn-timesteps 200 --num-diffn-samples 5 --num-trunk-samples 1,1779110207.4336748,finished,0,190.207
dockgen,6uqy_2_AT3_0,3,462230,logs/chai_default_s5_t200_dockgen_6uqy_2_AT3_0.log,default_s5_t200,<REMOTE_PROJECT_ROOT>/.venv/bin/python scripts/70_run_posebench_chai_case.py --dataset dockgen --case-id 6uqy_2_AT3_0 --gpu 3 --tag default_s5_t200 --seed 1 --num-trunk-recycles 3 --num-diffn-timesteps 200 --num-diffn-samples 5 --num-trunk-samples 1,1779110217.445225,finished,0,90.096
posebusters_benchmark,7NSW_HC4,0,463130,logs/chai_default_s5_t200_posebusters_benchmark_7NSW_HC4.log,default_s5_t200,<REMOTE_PROJECT_ROOT>/.venv/bin/python scripts/70_run_posebench_chai_case.py --dataset posebusters_benchmark --case-id 7NSW_HC4 --gpu 0 --tag default_s5_t200 --seed 1 --num-trunk-recycles 3 --num-diffn-timesteps 200 --num-diffn-samples 5 --num-trunk-samples 1,1779110237.4677901,finished,0,190.204
dockgen,6ur1_2_AT3_0,4,463927,logs/chai_default_s5_t200_dockgen_6ur1_2_AT3_0.log,default_s5_t200,<REMOTE_PROJECT_ROOT>/.venv/bin/python scripts/70_run_posebench_chai_case.py --dataset dockgen --case-id 6ur1_2_AT3_0 --gpu 4 --tag default_s5_t200 --seed 1 --num-trunk-recycles 3 --num-diffn-timesteps 200 --num-diffn-samples 5 --num-trunk-samples 1,1779110257.489832,finished,0,90.095
posebusters_benchmark,7NTG_F6R,6,463928,logs/chai_default_s5_t200_posebusters_benchmark_7NTG_F6R.log,default_s5_t200,<REMOTE_PROJECT_ROOT>/.venv/bin/python scripts/70_run_posebench_chai_case.py --dataset posebusters_benchmark --case-id 7NTG_F6R --gpu 6 --tag default_s5_t200 --seed 1 --num-trunk-recycles 3 --num-diffn-timesteps 200 --num-diffn-samples 5 --num-trunk-samples 1,1779110257.4909647,finished,0,120.127
dockgen,6v2a_1_ASN_3,3,465667,logs/chai_default_s5_t200_dockgen_6v2a_1_ASN_3.log,default_s5_t200,<REMOTE_PROJECT_ROOT>/.venv/bin/python scripts/70_run_posebench_chai_case.py --dataset dockgen --case-id 6v2a_1_ASN_3 --gpu 3 --tag default_s5_t200 --seed 1 --num-trunk-recycles 3 --num-diffn-timesteps 200 --num-diffn-samples 5 --num-trunk-samples 1,1779110307.5430713,finished,0,190.2
posebusters_benchmark,7NU0_DCL,7,466427,logs/chai_default_s5_t200_posebusters_benchmark_7NU0_DCL.log,default_s5_t200,<REMOTE_PROJECT_ROOT>/.venv/bin/python scripts/70_run_posebench_chai_case.py --dataset posebusters_benchmark --case-id 7NU0_DCL --gpu 7 --tag default_s5_t200 --seed 1 --num-trunk-recycles 3 --num-diffn-timesteps 200 --num-diffn-samples 5 --num-trunk-samples 1,1779110317.5548599,finished,0,290.309
dockgen,6wyz_1_DGL_1,4,467318,logs/chai_default_s5_t200_dockgen_6wyz_1_DGL_1.log,default_s5_t200,<REMOTE_PROJECT_ROOT>/.venv/bin/python scripts/70_run_posebench_chai_case.py --dataset dockgen --case-id 6wyz_1_DGL_1 --gpu 4 --tag default_s5_t200 --seed 1 --num-trunk-recycles 3 --num-diffn-timesteps 200 --num-diffn-samples 5 --num-trunk-samples 1,1779110347.586559,finished,0,190.2
posebusters_benchmark,7NUT_GLP,5,468040,logs/chai_default_s5_t200_posebusters_benchmark_7NUT_GLP.log,default_s5_t200,<REMOTE_PROJECT_ROOT>/.venv/bin/python scripts/70_run_posebench_chai_case.py --dataset posebusters_benchmark --case-id 7NUT_GLP --gpu 5 --tag default_s5_t200 --seed 1 --num-trunk-recycles 3 --num-diffn-timesteps 200 --num-diffn-samples 5 --num-trunk-samples 1,1779110357.5977626,finished,0,290.311
dockgen,6xb3_3_9BG_1,2,468840,logs/chai_default_s5_t200_dockgen_6xb3_3_9BG_1.log,default_s5_t200,<REMOTE_PROJECT_ROOT>/.venv/bin/python scripts/70_run_posebench_chai_case.py --dataset dockgen --case-id 6xb3_3_9BG_1 --gpu 2 --tag default_s5_t200 --seed 1 --num-trunk-recycles 3 --num-diffn-timesteps 200 --num-diffn-samples 5 --num-trunk-samples 1,1779110377.619515,finished,0,130.135
posebusters_benchmark,7NXO_UU8,6,468841,logs/chai_default_s5_t200_posebusters_benchmark_7NXO_UU8.log,default_s5_t200,<REMOTE_PROJECT_ROOT>/.venv/bin/python scripts/70_run_posebench_chai_case.py --dataset posebusters_benchmark --case-id 7NXO_UU8 --gpu 6 --tag default_s5_t200 --seed 1 --num-trunk-recycles 3 --num-diffn-timesteps 200 --num-diffn-samples 5 --num-trunk-samples 1,1779110377.6204298,finished,0,200.21
dockgen,6xug_1_O1Q_0,1,470282,logs/chai_default_s5_t200_dockgen_6xug_1_O1Q_0.log,default_s5_t200,<REMOTE_PROJECT_ROOT>/.venv/bin/python scripts/70_run_posebench_chai_case.py --dataset dockgen --case-id 6xug_1_O1Q_0 --gpu 1 --tag default_s5_t200 --seed 1 --num-trunk-recycles 3 --num-diffn-timesteps 200 --num-diffn-samples 5 --num-trunk-samples 1,1779110397.6419892,finished,0,320.343
posebusters_benchmark,7O0N_CDP,0,471156,logs/chai_default_s5_t200_posebusters_benchmark_7O0N_CDP.log,default_s5_t200,<REMOTE_PROJECT_ROOT>/.venv/bin/python scripts/70_run_posebench_chai_case.py --dataset posebusters_benchmark --case-id 7O0N_CDP --gpu 0 --tag default_s5_t200 --seed 1 --num-trunk-recycles 3 --num-diffn-timesteps 200 --num-diffn-samples 5 --num-trunk-samples 1,1779110427.6737807,finished,0,120.125
dockgen,6yao_1_OJ2_0,3,472317,logs/chai_default_s5_t200_dockgen_6yao_1_OJ2_0.log,default_s5_t200,<REMOTE_PROJECT_ROOT>/.venv/bin/python scripts/70_run_posebench_chai_case.py --dataset dockgen --case-id 6yao_1_OJ2_0 --gpu 3 --tag default_s5_t200 --seed 1 --num-trunk-recycles 3 --num-diffn-timesteps 200 --num-diffn-samples 5 --num-trunk-samples 1,1779110497.7448206,finished,0,120.131
posebusters_benchmark,7O1T_5X8,2,473039,logs/chai_default_s5_t200_posebusters_benchmark_7O1T_5X8.log,default_s5_t200,<REMOTE_PROJECT_ROOT>/.venv/bin/python scripts/70_run_posebench_chai_case.py --dataset posebusters_benchmark --case-id 7O1T_5X8 --gpu 2 --tag default_s5_t200 --seed 1 --num-trunk-recycles 3 --num-diffn-timesteps 200 --num-diffn-samples 5 --num-trunk-samples 1,1779110507.7565444,finished,0,90.095
dockgen,6yap_1_OHZ_0,4,473843,logs/chai_default_s5_t200_dockgen_6yap_1_OHZ_0.log,default_s5_t200,<REMOTE_PROJECT_ROOT>/.venv/bin/python scripts/70_run_posebench_chai_case.py --dataset dockgen --case-id 6yap_1_OHZ_0 --gpu 4 --tag default_s5_t200 --seed 1 --num-trunk-recycles 3 --num-diffn-timesteps 200 --num-diffn-samples 5 --num-trunk-samples 1,1779110537.7887003,finished,0,120.131
posebusters_benchmark,7OCB_V88,0,474562,logs/chai_default_s5_t200_posebusters_benchmark_7OCB_V88.log,default_s5_t200,<REMOTE_PROJECT_ROOT>/.venv/bin/python scripts/70_run_posebench_chai_case.py --dataset posebusters_benchmark --case-id 7OCB_V88 --gpu 0 --tag default_s5_t200 --seed 1 --num-trunk-recycles 3 --num-diffn-timesteps 200 --num-diffn-samples 5 --num-trunk-samples 1,1779110547.800527,finished,0,70.076
dockgen,6yaq_1_OHZ_0,6,475451,logs/chai_default_s5_t200_dockgen_6yaq_1_OHZ_0.log,default_s5_t200,<REMOTE_PROJECT_ROOT>/.venv/bin/python scripts/70_run_posebench_chai_case.py --dataset dockgen --case-id 6yaq_1_OHZ_0 --gpu 6 --tag default_s5_t200 --seed 1 --num-trunk-recycles 3 --num-diffn-timesteps 200 --num-diffn-samples 5 --num-trunk-samples 1,1779110577.831856,finished,0,190.211
posebusters_benchmark,7ODX_DGP,2,476181,logs/chai_default_s5_t200_posebusters_benchmark_7ODX_DGP.log,default_s5_t200,<REMOTE_PROJECT_ROOT>/.venv/bin/python scripts/70_run_posebench_chai_case.py --dataset posebusters_benchmark --case-id 7ODX_DGP --gpu 2 --tag default_s5_t200 --seed 1 --num-trunk-recycles 3 --num-diffn-timesteps 200 --num-diffn-samples 5 --num-trunk-samples 1,1779110597.8540504,finished,0,90.098
posebusters_benchmark,7ODY_DGI,7,476918,logs/chai_default_s5_t200_posebusters_benchmark_7ODY_DGI.log,default_s5_t200,<REMOTE_PROJECT_ROOT>/.venv/bin/python scripts/70_run_posebench_chai_case.py --dataset posebusters_benchmark --case-id 7ODY_DGI --gpu 7 --tag default_s5_t200 --seed 1 --num-trunk-recycles 3 --num-diffn-timesteps 200 --num-diffn-samples 5 --num-trunk-samples 1,1779110607.8659384,finished,0,140.152
posebusters_benchmark,7OEO_V9Z,3,477644,logs/chai_default_s5_t200_posebusters_benchmark_7OEO_V9Z.log,default_s5_t200,<REMOTE_PROJECT_ROOT>/.venv/bin/python scripts/70_run_posebench_chai_case.py --dataset posebusters_benchmark --case-id 7OEO_V9Z --gpu 3 --tag default_s5_t200 --seed 1 --num-trunk-recycles 3 --num-diffn-timesteps 200 --num-diffn-samples 5 --num-trunk-samples 1,1779110617.877494,finished,0,80.086
posebusters_benchmark,7OFF_VCB,0,477645,logs/chai_default_s5_t200_posebusters_benchmark_7OFF_VCB.log,default_s5_t200,<REMOTE_PROJECT_ROOT>/.venv/bin/python scripts/70_run_posebench_chai_case.py --dataset posebusters_benchmark --case-id 7OFF_VCB --gpu 0 --tag default_s5_t200 --seed 1 --num-trunk-recycles 3 --num-diffn-timesteps 200 --num-diffn-samples 5 --num-trunk-samples 1,1779110617.8785572,finished,0,100.107
posebusters_benchmark,7OFK_VCH,5,479199,logs/chai_default_s5_t200_posebusters_benchmark_7OFK_VCH.log,default_s5_t200,<REMOTE_PROJECT_ROOT>/.venv/bin/python scripts/70_run_posebench_chai_case.py --dataset posebusters_benchmark --case-id 7OFK_VCH --gpu 5 --tag default_s5_t200 --seed 1 --num-trunk-recycles 3 --num-diffn-timesteps 200 --num-diffn-samples 5 --num-trunk-samples 1,1779110647.910167,finished,0,100.108
posebusters_benchmark,7OKC_VFE,4,479922,logs/chai_default_s5_t200_posebusters_benchmark_7OKC_VFE.log,default_s5_t200,<REMOTE_PROJECT_ROOT>/.venv/bin/python scripts/70_run_posebench_chai_case.py --dataset posebusters_benchmark --case-id 7OKC_VFE --gpu 4 --tag default_s5_t200 --seed 1 --num-trunk-recycles 3 --num-diffn-timesteps 200 --num-diffn-samples 5 --num-trunk-samples 1,1779110657.9216952,finished,0,90.097
posebusters_benchmark,7OKF_VH5,2,480899,logs/chai_default_s5_t200_posebusters_benchmark_7OKF_VH5.log,default_s5_t200,<REMOTE_PROJECT_ROOT>/.venv/bin/python scripts/70_run_posebench_chai_case.py --dataset posebusters_benchmark --case-id 7OKF_VH5 --gpu 2 --tag default_s5_t200 --seed 1 --num-trunk-recycles 3 --num-diffn-timesteps 200 --num-diffn-samples 5 --num-trunk-samples 1,1779110687.9535964,finished,0,80.089
posebusters_benchmark,7OLI_8HG,3,481610,logs/chai_default_s5_t200_posebusters_benchmark_7OLI_8HG.log,default_s5_t200,<REMOTE_PROJECT_ROOT>/.venv/bin/python scripts/70_run_posebench_chai_case.py --dataset posebusters_benchmark --case-id 7OLI_8HG --gpu 3 --tag default_s5_t200 --seed 1 --num-trunk-recycles 3 --num-diffn-timesteps 200 --num-diffn-samples 5 --num-trunk-samples 1,1779110697.9651136,finished,0,120.133
posebusters_benchmark,7OLT_58J,1,482382,logs/chai_default_s5_t200_posebusters_benchmark_7OLT_58J.log,default_s5_t200,<REMOTE_PROJECT_ROOT>/.venv/bin/python scripts/70_run_posebench_chai_case.py --dataset posebusters_benchmark --case-id 7OLT_58J --gpu 1 --tag default_s5_t200 --seed 1 --num-trunk-recycles 3 --num-diffn-timesteps 200 --num-diffn-samples 5 --num-trunk-samples 1,1779110717.9869802,finished,0,150.167
posebusters_benchmark,7OMJ_GCP,0,482383,logs/chai_default_s5_t200_posebusters_benchmark_7OMJ_GCP.log,default_s5_t200,<REMOTE_PROJECT_ROOT>/.venv/bin/python scripts/70_run_posebench_chai_case.py --dataset posebusters_benchmark --case-id 7OMJ_GCP --gpu 0 --tag default_s5_t200 --seed 1 --num-trunk-recycles 3 --num-diffn-timesteps 200 --num-diffn-samples 5 --num-trunk-samples 1,1779110717.9880056,finished,0,100.11
posebusters_benchmark,7OMX_CNA,7,484044,logs/chai_default_s5_t200_posebusters_benchmark_7OMX_CNA.log,default_s5_t200,<REMOTE_PROJECT_ROOT>/.venv/bin/python scripts/70_run_posebench_chai_case.py --dataset posebusters_benchmark --case-id 7OMX_CNA --gpu 7 --tag default_s5_t200 --seed 1 --num-trunk-recycles 3 --num-diffn-timesteps 200 --num-diffn-samples 5 --num-trunk-samples 1,1779110748.0200198,finished,0,70.078
posebusters_benchmark,7OP9_06K,5,484045,logs/chai_default_s5_t200_posebusters_benchmark_7OP9_06K.log,default_s5_t200,<REMOTE_PROJECT_ROOT>/.venv/bin/python scripts/70_run_posebench_chai_case.py --dataset posebusters_benchmark --case-id 7OP9_06K --gpu 5 --tag default_s5_t200 --seed 1 --num-trunk-recycles 3 --num-diffn-timesteps 200 --num-diffn-samples 5 --num-trunk-samples 1,1779110748.0210028,finished,0,20.022
posebusters_benchmark,7OPG_06N,4,484046,logs/chai_default_s5_t200_posebusters_benchmark_7OPG_06N.log,default_s5_t200,<REMOTE_PROJECT_ROOT>/.venv/bin/python scripts/70_run_posebench_chai_case.py --dataset posebusters_benchmark --case-id 7OPG_06N --gpu 4 --tag default_s5_t200 --seed 1 --num-trunk-recycles 3 --num-diffn-timesteps 200 --num-diffn-samples 5 --num-trunk-samples 1,1779110748.0223293,finished,0,60.064
posebusters_benchmark,7ORW_7WA,6,486422,logs/chai_default_s5_t200_posebusters_benchmark_7ORW_7WA.log,default_s5_t200,<REMOTE_PROJECT_ROOT>/.venv/bin/python scripts/70_run_posebench_chai_case.py --dataset posebusters_benchmark --case-id 7ORW_7WA --gpu 6 --tag default_s5_t200 --seed 1 --num-trunk-recycles 3 --num-diffn-timesteps 200 --num-diffn-samples 5 --num-trunk-samples 1,1779110768.0443223,finished,0,70.079
posebusters_benchmark,7OSO_0V1,2,486423,logs/chai_default_s5_t200_posebusters_benchmark_7OSO_0V1.log,default_s5_t200,<REMOTE_PROJECT_ROOT>/.venv/bin/python scripts/70_run_posebench_chai_case.py --dataset posebusters_benchmark --case-id 7OSO_0V1 --gpu 2 --tag default_s5_t200 --seed 1 --num-trunk-recycles 3 --num-diffn-timesteps 200 --num-diffn-samples 5 --num-trunk-samples 1,1779110768.045331,finished,0,120.131
posebusters_benchmark,7OU8_1XI,5,486424,logs/chai_default_s5_t200_posebusters_benchmark_7OU8_1XI.log,default_s5_t200,<REMOTE_PROJECT_ROOT>/.venv/bin/python scripts/70_run_posebench_chai_case.py --dataset posebusters_benchmark --case-id 7OU8_1XI --gpu 5 --tag default_s5_t200 --seed 1 --num-trunk-recycles 3 --num-diffn-timesteps 200 --num-diffn-samples 5 --num-trunk-samples 1,1779110768.046381,finished,0,60.065
posebusters_benchmark,7OZ9_NGK,4,488951,logs/chai_default_s5_t200_posebusters_benchmark_7OZ9_NGK.log,default_s5_t200,<REMOTE_PROJECT_ROOT>/.venv/bin/python scripts/70_run_posebench_chai_case.py --dataset posebusters_benchmark --case-id 7OZ9_NGK --gpu 4 --tag default_s5_t200 --seed 1 --num-trunk-recycles 3 --num-diffn-timesteps 200 --num-diffn-samples 5 --num-trunk-samples 1,1779110808.088419,finished,0,540.592
posebusters_benchmark,7OZC_G6S,3,489689,logs/chai_default_s5_t200_posebusters_benchmark_7OZC_G6S.log,default_s5_t200,<REMOTE_PROJECT_ROOT>/.venv/bin/python scripts/70_run_posebench_chai_case.py --dataset posebusters_benchmark --case-id 7OZC_G6S --gpu 3 --tag default_s5_t200 --seed 1 --num-trunk-recycles 3 --num-diffn-timesteps 200 --num-diffn-samples 5 --num-trunk-samples 1,1779110818.099878,finished,0,120.132
posebusters_benchmark,7P1F_KFN,0,489690,logs/chai_default_s5_t200_posebusters_benchmark_7P1F_KFN.log,default_s5_t200,<REMOTE_PROJECT_ROOT>/.venv/bin/python scripts/70_run_posebench_chai_case.py --dataset posebusters_benchmark --case-id 7P1F_KFN --gpu 0 --tag default_s5_t200 --seed 1 --num-trunk-recycles 3 --num-diffn-timesteps 200 --num-diffn-samples 5 --num-trunk-samples 1,1779110818.1007931,finished,0,290.313
posebusters_benchmark,7P1M_4IU,7,489691,logs/chai_default_s5_t200_posebusters_benchmark_7P1M_4IU.log,default_s5_t200,<REMOTE_PROJECT_ROOT>/.venv/bin/python scripts/70_run_posebench_chai_case.py --dataset posebusters_benchmark --case-id 7P1M_4IU --gpu 7 --tag default_s5_t200 --seed 1 --num-trunk-recycles 3 --num-diffn-timesteps 200 --num-diffn-samples 5 --num-trunk-samples 1,1779110818.1017158,finished,0,100.109
posebusters_benchmark,7P2I_MFU,5,491729,logs/chai_default_s5_t200_posebusters_benchmark_7P2I_MFU.log,default_s5_t200,<REMOTE_PROJECT_ROOT>/.venv/bin/python scripts/70_run_posebench_chai_case.py --dataset posebusters_benchmark --case-id 7P2I_MFU --gpu 5 --tag default_s5_t200 --seed 1 --num-trunk-recycles 3 --num-diffn-timesteps 200 --num-diffn-samples 5 --num-trunk-samples 1,1779110828.1132572,finished,0,150.161
posebusters_benchmark,7P2W_4QR,6,492456,logs/chai_default_s5_t200_posebusters_benchmark_7P2W_4QR.log,default_s5_t200,<REMOTE_PROJECT_ROOT>/.venv/bin/python scripts/70_run_posebench_chai_case.py --dataset posebusters_benchmark --case-id 7P2W_4QR --gpu 6 --tag default_s5_t200 --seed 1 --num-trunk-recycles 3 --num-diffn-timesteps 200 --num-diffn-samples 5 --num-trunk-samples 1,1779110838.1248078,finished,0,70.074
posebusters_benchmark,7P4C_5OV,1,493383,logs/chai_default_s5_t200_posebusters_benchmark_7P4C_5OV.log,default_s5_t200,<REMOTE_PROJECT_ROOT>/.venv/bin/python scripts/70_run_posebench_chai_case.py --dataset posebusters_benchmark --case-id 7P4C_5OV --gpu 1 --tag default_s5_t200 --seed 1 --num-trunk-recycles 3 --num-diffn-timesteps 200 --num-diffn-samples 5 --num-trunk-samples 1,1779110868.1562698,finished,0,380.411
posebusters_benchmark,7P4J_5JK,2,494204,logs/chai_default_s5_t200_posebusters_benchmark_7P4J_5JK.log,default_s5_t200,<REMOTE_PROJECT_ROOT>/.venv/bin/python scripts/70_run_posebench_chai_case.py --dataset posebusters_benchmark --case-id 7P4J_5JK --gpu 2 --tag default_s5_t200 --seed 1 --num-trunk-recycles 3 --num-diffn-timesteps 200 --num-diffn-samples 5 --num-trunk-samples 1,1779110888.1784534,finished,0,280.302
posebusters_benchmark,7P4V_DAT,6,495031,logs/chai_default_s5_t200_posebusters_benchmark_7P4V_DAT.log,default_s5_t200,<REMOTE_PROJECT_ROOT>/.venv/bin/python scripts/70_run_posebench_chai_case.py --dataset posebusters_benchmark --case-id 7P4V_DAT --gpu 6 --tag default_s5_t200 --seed 1 --num-trunk-recycles 3 --num-diffn-timesteps 200 --num-diffn-samples 5 --num-trunk-samples 1,1779110908.20018,finished,0,80.086
posebusters_benchmark,7P5T_5YG,7,495767,logs/chai_default_s5_t200_posebusters_benchmark_7P5T_5YG.log,default_s5_t200,<REMOTE_PROJECT_ROOT>/.venv/bin/python scripts/70_run_posebench_chai_case.py --dataset posebusters_benchmark --case-id 7P5T_5YG --gpu 7 --tag default_s5_t200 --seed 1 --num-trunk-recycles 3 --num-diffn-timesteps 200 --num-diffn-samples 5 --num-trunk-samples 1,1779110918.212229,finished,0,120.128
posebusters_benchmark,7P85_5ZG,3,496640,logs/chai_default_s5_t200_posebusters_benchmark_7P85_5ZG.log,default_s5_t200,<REMOTE_PROJECT_ROOT>/.venv/bin/python scripts/70_run_posebench_chai_case.py --dataset posebusters_benchmark --case-id 7P85_5ZG --gpu 3 --tag default_s5_t200 --seed 1 --num-trunk-recycles 3 --num-diffn-timesteps 200 --num-diffn-samples 5 --num-trunk-samples 1,1779110938.234174,finished,0,90.094
posebusters_benchmark,7PA4_C,5,497744,logs/chai_default_s5_t200_posebusters_benchmark_7PA4_C.log,default_s5_t200,<REMOTE_PROJECT_ROOT>/.venv/bin/python scripts/70_run_posebench_chai_case.py --dataset posebusters_benchmark --case-id 7PA4_C --gpu 5 --tag default_s5_t200 --seed 1 --num-trunk-recycles 3 --num-diffn-timesteps 200 --num-diffn-samples 5 --num-trunk-samples 1,1779110978.2768192,finished,0,340.366
posebusters_benchmark,7PGX_FMN,6,498477,logs/chai_default_s5_t200_posebusters_benchmark_7PGX_FMN.log,default_s5_t200,<REMOTE_PROJECT_ROOT>/.venv/bin/python scripts/70_run_posebench_chai_case.py --dataset posebusters_benchmark --case-id 7PGX_FMN --gpu 6 --tag default_s5_t200 --seed 1 --num-trunk-recycles 3 --num-diffn-timesteps 200 --num-diffn-samples 5 --num-trunk-samples 1,1779110988.2879865,finished,0,70.073
posebusters_benchmark,7PIH_7QW,3,499482,logs/chai_default_s5_t200_posebusters_benchmark_7PIH_7QW.log,default_s5_t200,<REMOTE_PROJECT_ROOT>/.venv/bin/python scripts/70_run_posebench_chai_case.py --dataset posebusters_benchmark --case-id 7PIH_7QW --gpu 3 --tag default_s5_t200 --seed 1 --num-trunk-recycles 3 --num-diffn-timesteps 200 --num-diffn-samples 5 --num-trunk-samples 1,1779111028.3299012,finished,0,120.127
posebusters_benchmark,7PJQ_OWH,7,500217,logs/chai_default_s5_t200_posebusters_benchmark_7PJQ_OWH.log,default_s5_t200,<REMOTE_PROJECT_ROOT>/.venv/bin/python scripts/70_run_posebench_chai_case.py --dataset posebusters_benchmark --case-id 7PJQ_OWH --gpu 7 --tag default_s5_t200 --seed 1 --num-trunk-recycles 3 --num-diffn-timesteps 200 --num-diffn-samples 5 --num-trunk-samples 1,1779111038.3417351,finished,0,100.104
posebusters_benchmark,7PK0_BYC,6,501048,logs/chai_default_s5_t200_posebusters_benchmark_7PK0_BYC.log,default_s5_t200,<REMOTE_PROJECT_ROOT>/.venv/bin/python scripts/70_run_posebench_chai_case.py --dataset posebusters_benchmark --case-id 7PK0_BYC --gpu 6 --tag default_s5_t200 --seed 1 --num-trunk-recycles 3 --num-diffn-timesteps 200 --num-diffn-samples 5 --num-trunk-samples 1,1779111058.3630486,finished,0,90.094
posebusters_benchmark,7PL1_SFG,0,502171,logs/chai_default_s5_t200_posebusters_benchmark_7PL1_SFG.log,default_s5_t200,<REMOTE_PROJECT_ROOT>/.venv/bin/python scripts/70_run_posebench_chai_case.py --dataset posebusters_benchmark --case-id 7PL1_SFG --gpu 0 --tag default_s5_t200 --seed 1 --num-trunk-recycles 3 --num-diffn-timesteps 200 --num-diffn-samples 5 --num-trunk-samples 1,1779111108.415205,finished,0,70.076
posebusters_benchmark,7POM_7VZ,7,503082,logs/chai_default_s5_t200_posebusters_benchmark_7POM_7VZ.log,default_s5_t200,<REMOTE_PROJECT_ROOT>/.venv/bin/python scripts/70_run_posebench_chai_case.py --dataset posebusters_benchmark --case-id 7POM_7VZ --gpu 7 --tag default_s5_t200 --seed 1 --num-trunk-recycles 3 --num-diffn-timesteps 200 --num-diffn-samples 5 --num-trunk-samples 1,1779111138.4470162,finished,0,300.332
posebusters_benchmark,7PRI_7TI,3,503826,logs/chai_default_s5_t200_posebusters_benchmark_7PRI_7TI.log,default_s5_t200,<REMOTE_PROJECT_ROOT>/.venv/bin/python scripts/70_run_posebench_chai_case.py --dataset posebusters_benchmark --case-id 7PRI_7TI --gpu 3 --tag default_s5_t200 --seed 1 --num-trunk-recycles 3 --num-diffn-timesteps 200 --num-diffn-samples 5 --num-trunk-samples 1,1779111148.4589107,finished,0,190.209
posebusters_benchmark,7PRM_81I,6,503827,logs/chai_default_s5_t200_posebusters_benchmark_7PRM_81I.log,default_s5_t200,<REMOTE_PROJECT_ROOT>/.venv/bin/python scripts/70_run_posebench_chai_case.py --dataset posebusters_benchmark --case-id 7PRM_81I --gpu 6 --tag default_s5_t200 --seed 1 --num-trunk-recycles 3 --num-diffn-timesteps 200 --num-diffn-samples 5 --num-trunk-samples 1,1779111148.460197,finished,0,90.095
posebusters_benchmark,7PT3_3KK,2,505289,logs/chai_default_s5_t200_posebusters_benchmark_7PT3_3KK.log,default_s5_t200,<REMOTE_PROJECT_ROOT>/.venv/bin/python scripts/70_run_posebench_chai_case.py --dataset posebusters_benchmark --case-id 7PT3_3KK --gpu 2 --tag default_s5_t200 --seed 1 --num-trunk-recycles 3 --num-diffn-timesteps 200 --num-diffn-samples 5 --num-trunk-samples 1,1779111168.4818008,finished,0,60.061
posebusters_benchmark,7PUV_84Z,0,506027,logs/chai_default_s5_t200_posebusters_benchmark_7PUV_84Z.log,default_s5_t200,<REMOTE_PROJECT_ROOT>/.venv/bin/python scripts/70_run_posebench_chai_case.py --dataset posebusters_benchmark --case-id 7PUV_84Z --gpu 0 --tag default_s5_t200 --seed 1 --num-trunk-recycles 3 --num-diffn-timesteps 200 --num-diffn-samples 5 --num-trunk-samples 1,1779111178.4934704,finished,0,60.062
posebusters_benchmark,7Q19_DSM,2,507124,logs/chai_default_s5_t200_posebusters_benchmark_7Q19_DSM.log,default_s5_t200,<REMOTE_PROJECT_ROOT>/.venv/bin/python scripts/70_run_posebench_chai_case.py --dataset posebusters_benchmark --case-id 7Q19_DSM --gpu 2 --tag default_s5_t200 --seed 1 --num-trunk-recycles 3 --num-diffn-timesteps 200 --num-diffn-samples 5 --num-trunk-samples 1,1779111228.5450943,finished,0,70.075
posebusters_benchmark,7Q25_8J9,6,507844,logs/chai_default_s5_t200_posebusters_benchmark_7Q25_8J9.log,default_s5_t200,<REMOTE_PROJECT_ROOT>/.venv/bin/python scripts/70_run_posebench_chai_case.py --dataset posebusters_benchmark --case-id 7Q25_8J9 --gpu 6 --tag default_s5_t200 --seed 1 --num-trunk-recycles 3 --num-diffn-timesteps 200 --num-diffn-samples 5 --num-trunk-samples 1,1779111238.55664,finished,0,60.063
posebusters_benchmark,7Q27_8KC,0,507845,logs/chai_default_s5_t200_posebusters_benchmark_7Q27_8KC.log,default_s5_t200,<REMOTE_PROJECT_ROOT>/.venv/bin/python scripts/70_run_posebench_chai_case.py --dataset posebusters_benchmark --case-id 7Q27_8KC --gpu 0 --tag default_s5_t200 --seed 1 --num-trunk-recycles 3 --num-diffn-timesteps 200 --num-diffn-samples 5 --num-trunk-samples 1,1779111238.5576766,finished,0,180.195
posebusters_benchmark,7Q2B_M6H,1,509224,logs/chai_default_s5_t200_posebusters_benchmark_7Q2B_M6H.log,default_s5_t200,<REMOTE_PROJECT_ROOT>/.venv/bin/python scripts/70_run_posebench_chai_case.py --dataset posebusters_benchmark --case-id 7Q2B_M6H --gpu 1 --tag default_s5_t200 --seed 1 --num-trunk-recycles 3 --num-diffn-timesteps 200 --num-diffn-samples 5 --num-trunk-samples 1,1779111248.5692935,finished,0,90.099
posebusters_benchmark,7Q5I_I0F,2,510281,logs/chai_default_s5_t200_posebusters_benchmark_7Q5I_I0F.log,default_s5_t200,<REMOTE_PROJECT_ROOT>/.venv/bin/python scripts/70_run_posebench_chai_case.py --dataset posebusters_benchmark --case-id 7Q5I_I0F --gpu 2 --tag default_s5_t200 --seed 1 --num-trunk-recycles 3 --num-diffn-timesteps 200 --num-diffn-samples 5 --num-trunk-samples 1,1779111298.621492,finished,0,290.319
posebusters_benchmark,7QE4_NGA,6,510282,logs/chai_default_s5_t200_posebusters_benchmark_7QE4_NGA.log,default_s5_t200,<REMOTE_PROJECT_ROOT>/.venv/bin/python scripts/70_run_posebench_chai_case.py --dataset posebusters_benchmark --case-id 7QE4_NGA --gpu 6 --tag default_s5_t200 --seed 1 --num-trunk-recycles 3 --num-diffn-timesteps 200 --num-diffn-samples 5 --num-trunk-samples 1,1779111298.6223738,finished,0,190.212
posebusters_benchmark,7QF4_RBF,5,511736,logs/chai_default_s5_t200_posebusters_benchmark_7QF4_RBF.log,default_s5_t200,<REMOTE_PROJECT_ROOT>/.venv/bin/python scripts/70_run_posebench_chai_case.py --dataset posebusters_benchmark --case-id 7QF4_RBF --gpu 5 --tag default_s5_t200 --seed 1 --num-trunk-recycles 3 --num-diffn-timesteps 200 --num-diffn-samples 5 --num-trunk-samples 1,1779111318.6442752,finished,0,110.121
posebusters_benchmark,7QFM_AY3,3,512540,logs/chai_default_s5_t200_posebusters_benchmark_7QFM_AY3.log,default_s5_t200,<REMOTE_PROJECT_ROOT>/.venv/bin/python scripts/70_run_posebench_chai_case.py --dataset posebusters_benchmark --case-id 7QFM_AY3 --gpu 3 --tag default_s5_t200 --seed 1 --num-trunk-recycles 3 --num-diffn-timesteps 200 --num-diffn-samples 5 --num-trunk-samples 1,1779111338.6692898,finished,0,100.11
posebusters_benchmark,7QGP_DJ8,1,512541,logs/chai_default_s5_t200_posebusters_benchmark_7QGP_DJ8.log,default_s5_t200,<REMOTE_PROJECT_ROOT>/.venv/bin/python scripts/70_run_posebench_chai_case.py --dataset posebusters_benchmark --case-id 7QGP_DJ8 --gpu 1 --tag default_s5_t200 --seed 1 --num-trunk-recycles 3 --num-diffn-timesteps 200 --num-diffn-samples 5 --num-trunk-samples 1,1779111338.6705077,finished,0,90.094
posebusters_benchmark,7QHG_T3B,4,513916,logs/chai_default_s5_t200_posebusters_benchmark_7QHG_T3B.log,default_s5_t200,<REMOTE_PROJECT_ROOT>/.venv/bin/python scripts/70_run_posebench_chai_case.py --dataset posebusters_benchmark --case-id 7QHG_T3B --gpu 4 --tag default_s5_t200 --seed 1 --num-trunk-recycles 3 --num-diffn-timesteps 200 --num-diffn-samples 5 --num-trunk-samples 1,1779111348.6819923,finished,0,330.359
posebusters_benchmark,7QHL_D5P,0,515157,logs/chai_default_s5_t200_posebusters_benchmark_7QHL_D5P.log,default_s5_t200,<REMOTE_PROJECT_ROOT>/.venv/bin/python scripts/70_run_posebench_chai_case.py --dataset posebusters_benchmark --case-id 7QHL_D5P --gpu 0 --tag default_s5_t200 --seed 1 --num-trunk-recycles 3 --num-diffn-timesteps 200 --num-diffn-samples 5 --num-trunk-samples 1,1779111418.7546382,finished,0,70.08
posebusters_benchmark,7QK0_EBL,5,515494,logs/chai_default_s5_t200_posebusters_benchmark_7QK0_EBL.log,default_s5_t200,<REMOTE_PROJECT_ROOT>/.venv/bin/python scripts/70_run_posebench_chai_case.py --dataset posebusters_benchmark --case-id 7QK0_EBL --gpu 5 --tag default_s5_t200 --seed 1 --num-trunk-recycles 3 --num-diffn-timesteps 200 --num-diffn-samples 5 --num-trunk-samples 1,1779111428.7668014,finished,0,110.117
posebusters_benchmark,7QPP_VDX,1,515495,logs/chai_default_s5_t200_posebusters_benchmark_7QPP_VDX.log,default_s5_t200,<REMOTE_PROJECT_ROOT>/.venv/bin/python scripts/70_run_posebench_chai_case.py --dataset posebusters_benchmark --case-id 7QPP_VDX --gpu 1 --tag default_s5_t200 --seed 1 --num-trunk-recycles 3 --num-diffn-timesteps 200 --num-diffn-samples 5 --num-trunk-samples 1,1779111428.7686756,finished,0,90.093
posebusters_benchmark,7QSW_CAP,7,517268,logs/chai_default_s5_t200_posebusters_benchmark_7QSW_CAP.log,default_s5_t200,<REMOTE_PROJECT_ROOT>/.venv/bin/python scripts/70_run_posebench_chai_case.py --dataset posebusters_benchmark --case-id 7QSW_CAP --gpu 7 --tag default_s5_t200 --seed 1 --num-trunk-recycles 3 --num-diffn-timesteps 200 --num-diffn-samples 5 --num-trunk-samples 1,1779111438.7809627,finished,0,20.021
posebusters_benchmark,7QTA_URI,3,517269,logs/chai_default_s5_t200_posebusters_benchmark_7QTA_URI.log,default_s5_t200,<REMOTE_PROJECT_ROOT>/.venv/bin/python scripts/70_run_posebench_chai_case.py --dataset posebusters_benchmark --case-id 7QTA_URI --gpu 3 --tag default_s5_t200 --seed 1 --num-trunk-recycles 3 --num-diffn-timesteps 200 --num-diffn-samples 5 --num-trunk-samples 1,1779111438.7825153,finished,0,190.202
posebusters_benchmark,7R3D_APR,7,518777,logs/chai_default_s5_t200_posebusters_benchmark_7R3D_APR.log,default_s5_t200,<REMOTE_PROJECT_ROOT>/.venv/bin/python scripts/70_run_posebench_chai_case.py --dataset posebusters_benchmark --case-id 7R3D_APR --gpu 7 --tag default_s5_t200 --seed 1 --num-trunk-recycles 3 --num-diffn-timesteps 200 --num-diffn-samples 5 --num-trunk-samples 1,1779111458.8042765,finished,0,290.312
posebusters_benchmark,7R59_I5F,6,519731,logs/chai_default_s5_t200_posebusters_benchmark_7R59_I5F.log,default_s5_t200,<REMOTE_PROJECT_ROOT>/.venv/bin/python scripts/70_run_posebench_chai_case.py --dataset posebusters_benchmark --case-id 7R59_I5F --gpu 6 --tag default_s5_t200 --seed 1 --num-trunk-recycles 3 --num-diffn-timesteps 200 --num-diffn-samples 5 --num-trunk-samples 1,1779111488.8369398,finished,0,90.091
posebusters_benchmark,7R6J_2I7,0,519732,logs/chai_default_s5_t200_posebusters_benchmark_7R6J_2I7.log,default_s5_t200,<REMOTE_PROJECT_ROOT>/.venv/bin/python scripts/70_run_posebench_chai_case.py --dataset posebusters_benchmark --case-id 7R6J_2I7 --gpu 0 --tag default_s5_t200 --seed 1 --num-trunk-recycles 3 --num-diffn-timesteps 200 --num-diffn-samples 5 --num-trunk-samples 1,1779111488.8385546,finished,0,60.058
posebusters_benchmark,7R7R_AWJ,1,521303,logs/chai_default_s5_t200_posebusters_benchmark_7R7R_AWJ.log,default_s5_t200,<REMOTE_PROJECT_ROOT>/.venv/bin/python scripts/70_run_posebench_chai_case.py --dataset posebusters_benchmark --case-id 7R7R_AWJ --gpu 1 --tag default_s5_t200 --seed 1 --num-trunk-recycles 3 --num-diffn-timesteps 200 --num-diffn-samples 5 --num-trunk-samples 1,1779111518.863375,finished,0,90.099
posebusters_benchmark,7R9N_F97,5,522174,logs/chai_default_s5_t200_posebusters_benchmark_7R9N_F97.log,default_s5_t200,<REMOTE_PROJECT_ROOT>/.venv/bin/python scripts/70_run_posebench_chai_case.py --dataset posebusters_benchmark --case-id 7R9N_F97 --gpu 5 --tag default_s5_t200 --seed 1 --num-trunk-recycles 3 --num-diffn-timesteps 200 --num-diffn-samples 5 --num-trunk-samples 1,1779111538.8859513,finished,0,350.392
posebusters_benchmark,7RC3_SAH,0,522908,logs/chai_default_s5_t200_posebusters_benchmark_7RC3_SAH.log,default_s5_t200,<REMOTE_PROJECT_ROOT>/.venv/bin/python scripts/70_run_posebench_chai_case.py --dataset posebusters_benchmark --case-id 7RC3_SAH --gpu 0 --tag default_s5_t200 --seed 1 --num-trunk-recycles 3 --num-diffn-timesteps 200 --num-diffn-samples 5 --num-trunk-samples 1,1779111548.8980277,finished,0,120.131
posebusters_benchmark,7REE_4LY,6,523834,logs/chai_default_s5_t200_posebusters_benchmark_7REE_4LY.log,default_s5_t200,<REMOTE_PROJECT_ROOT>/.venv/bin/python scripts/70_run_posebench_chai_case.py --dataset posebusters_benchmark --case-id 7REE_4LY --gpu 6 --tag default_s5_t200 --seed 1 --num-trunk-recycles 3 --num-diffn-timesteps 200 --num-diffn-samples 5 --num-trunk-samples 1,1779111578.930695,finished,0,90.098
posebusters_benchmark,7RH3_59O,2,524573,logs/chai_default_s5_t200_posebusters_benchmark_7RH3_59O.log,default_s5_t200,<REMOTE_PROJECT_ROOT>/.venv/bin/python scripts/70_run_posebench_chai_case.py --dataset posebusters_benchmark --case-id 7RH3_59O --gpu 2 --tag default_s5_t200 --seed 1 --num-trunk-recycles 3 --num-diffn-timesteps 200 --num-diffn-samples 5 --num-trunk-samples 1,1779111588.9422905,finished,0,70.074
posebusters_benchmark,7RH8_UTP,1,525393,logs/chai_default_s5_t200_posebusters_benchmark_7RH8_UTP.log,default_s5_t200,<REMOTE_PROJECT_ROOT>/.venv/bin/python scripts/70_run_posebench_chai_case.py --dataset posebusters_benchmark --case-id 7RH8_UTP --gpu 1 --tag default_s5_t200 --seed 1 --num-trunk-recycles 3 --num-diffn-timesteps 200 --num-diffn-samples 5 --num-trunk-samples 1,1779111608.9642496,finished,0,70.077
posebusters_benchmark,7RKW_5TV,3,526220,logs/chai_default_s5_t200_posebusters_benchmark_7RKW_5TV.log,default_s5_t200,<REMOTE_PROJECT_ROOT>/.venv/bin/python scripts/70_run_posebench_chai_case.py --dataset posebusters_benchmark --case-id 7RKW_5TV --gpu 3 --tag default_s5_t200 --seed 1 --num-trunk-recycles 3 --num-diffn-timesteps 200 --num-diffn-samples 5 --num-trunk-samples 1,1779111628.9864073,finished,0,120.13
posebusters_benchmark,7RNI_60I,2,527117,logs/chai_default_s5_t200_posebusters_benchmark_7RNI_60I.log,default_s5_t200,<REMOTE_PROJECT_ROOT>/.venv/bin/python scripts/70_run_posebench_chai_case.py --dataset posebusters_benchmark --case-id 7RNI_60I --gpu 2 --tag default_s5_t200 --seed 1 --num-trunk-recycles 3 --num-diffn-timesteps 200 --num-diffn-samples 5 --num-trunk-samples 1,1779111659.0184956,finished,0,190.213
posebusters_benchmark,7ROR_69X,0,527840,logs/chai_default_s5_t200_posebusters_benchmark_7ROR_69X.log,default_s5_t200,<REMOTE_PROJECT_ROOT>/.venv/bin/python scripts/70_run_posebench_chai_case.py --dataset posebusters_benchmark --case-id 7ROR_69X --gpu 0 --tag default_s5_t200 --seed 1 --num-trunk-recycles 3 --num-diffn-timesteps 200 --num-diffn-samples 5 --num-trunk-samples 1,1779111669.030472,finished,0,200.223
posebusters_benchmark,7ROU_66I,6,527841,logs/chai_default_s5_t200_posebusters_benchmark_7ROU_66I.log,default_s5_t200,<REMOTE_PROJECT_ROOT>/.venv/bin/python scripts/70_run_posebench_chai_case.py --dataset posebusters_benchmark --case-id 7ROU_66I --gpu 6 --tag default_s5_t200 --seed 1 --num-trunk-recycles 3 --num-diffn-timesteps 200 --num-diffn-samples 5 --num-trunk-samples 1,1779111669.0315404,finished,0,90.099
posebusters_benchmark,7RPZ_6IC,4,529173,logs/chai_default_s5_t200_posebusters_benchmark_7RPZ_6IC.log,default_s5_t200,<REMOTE_PROJECT_ROOT>/.venv/bin/python scripts/70_run_posebench_chai_case.py --dataset posebusters_benchmark --case-id 7RPZ_6IC --gpu 4 --tag default_s5_t200 --seed 1 --num-trunk-recycles 3 --num-diffn-timesteps 200 --num-diffn-samples 5 --num-trunk-samples 1,1779111679.0431092,finished,0,100.11
posebusters_benchmark,7RSV_7IQ,1,529174,logs/chai_default_s5_t200_posebusters_benchmark_7RSV_7IQ.log,default_s5_t200,<REMOTE_PROJECT_ROOT>/.venv/bin/python scripts/70_run_posebench_chai_case.py --dataset posebusters_benchmark --case-id 7RSV_7IQ --gpu 1 --tag default_s5_t200 --seed 1 --num-trunk-recycles 3 --num-diffn-timesteps 200 --num-diffn-samples 5 --num-trunk-samples 1,1779111679.0438895,finished,0,60.061
posebusters_benchmark,7RUI_7QZ,1,531087,logs/chai_default_s5_t200_posebusters_benchmark_7RUI_7QZ.log,default_s5_t200,<REMOTE_PROJECT_ROOT>/.venv/bin/python scripts/70_run_posebench_chai_case.py --dataset posebusters_benchmark --case-id 7RUI_7QZ --gpu 1 --tag default_s5_t200 --seed 1 --num-trunk-recycles 3 --num-diffn-timesteps 200 --num-diffn-samples 5 --num-trunk-samples 1,1779111739.106419,finished,0,70.079
posebusters_benchmark,7RWO_7WN,7,531817,logs/chai_default_s5_t200_posebusters_benchmark_7RWO_7WN.log,default_s5_t200,<REMOTE_PROJECT_ROOT>/.venv/bin/python scripts/70_run_posebench_chai_case.py --dataset posebusters_benchmark --case-id 7RWO_7WN --gpu 7 --tag default_s5_t200 --seed 1 --num-trunk-recycles 3 --num-diffn-timesteps 200 --num-diffn-samples 5 --num-trunk-samples 1,1779111749.1197484,finished,0,70.077
posebusters_benchmark,7RWS_4UR,3,531818,logs/chai_default_s5_t200_posebusters_benchmark_7RWS_4UR.log,default_s5_t200,<REMOTE_PROJECT_ROOT>/.venv/bin/python scripts/70_run_posebench_chai_case.py --dataset posebusters_benchmark --case-id 7RWS_4UR --gpu 3 --tag default_s5_t200 --seed 1 --num-trunk-recycles 3 --num-diffn-timesteps 200 --num-diffn-samples 5 --num-trunk-samples 1,1779111749.1208591,finished,0,90.098
posebusters_benchmark,7RZL_NPO,6,533235,logs/chai_default_s5_t200_posebusters_benchmark_7RZL_NPO.log,default_s5_t200,<REMOTE_PROJECT_ROOT>/.venv/bin/python scripts/70_run_posebench_chai_case.py --dataset posebusters_benchmark --case-id 7RZL_NPO --gpu 6 --tag default_s5_t200 --seed 1 --num-trunk-recycles 3 --num-diffn-timesteps 200 --num-diffn-samples 5 --num-trunk-samples 1,1779111759.1328986,finished,0,130.145
posebusters_benchmark,7S45_ACO,4,534074,logs/chai_default_s5_t200_posebusters_benchmark_7S45_ACO.log,default_s5_t200,<REMOTE_PROJECT_ROOT>/.venv/bin/python scripts/70_run_posebench_chai_case.py --dataset posebusters_benchmark --case-id 7S45_ACO --gpu 4 --tag default_s5_t200 --seed 1 --num-trunk-recycles 3 --num-diffn-timesteps 200 --num-diffn-samples 5 --num-trunk-samples 1,1779111779.1548676,finished,0,110.124
posebusters_benchmark,7S9H_7PP,1,534987,logs/chai_default_s5_t200_posebusters_benchmark_7S9H_7PP.log,default_s5_t200,<REMOTE_PROJECT_ROOT>/.venv/bin/python scripts/70_run_posebench_chai_case.py --dataset posebusters_benchmark --case-id 7S9H_7PP --gpu 1 --tag default_s5_t200 --seed 1 --num-trunk-recycles 3 --num-diffn-timesteps 200 --num-diffn-samples 5 --num-trunk-samples 1,1779111809.1869233,finished,0,80.092
posebusters_benchmark,7SCW_GSP,7,535727,logs/chai_default_s5_t200_posebusters_benchmark_7SCW_GSP.log,default_s5_t200,<REMOTE_PROJECT_ROOT>/.venv/bin/python scripts/70_run_posebench_chai_case.py --dataset posebusters_benchmark --case-id 7SCW_GSP --gpu 7 --tag default_s5_t200 --seed 1 --num-trunk-recycles 3 --num-diffn-timesteps 200 --num-diffn-samples 5 --num-trunk-samples 1,1779111819.199007,finished,0,100.117
posebusters_benchmark,7SDD_4IP,3,536618,logs/chai_default_s5_t200_posebusters_benchmark_7SDD_4IP.log,default_s5_t200,<REMOTE_PROJECT_ROOT>/.venv/bin/python scripts/70_run_posebench_chai_case.py --dataset posebusters_benchmark --case-id 7SDD_4IP --gpu 3 --tag default_s5_t200 --seed 1 --num-trunk-recycles 3 --num-diffn-timesteps 200 --num-diffn-samples 5 --num-trunk-samples 1,1779111839.2209737,finished,0,90.107
posebusters_benchmark,7SED_8VD,2,537369,logs/chai_default_s5_t200_posebusters_benchmark_7SED_8VD.log,default_s5_t200,<REMOTE_PROJECT_ROOT>/.venv/bin/python scripts/70_run_posebench_chai_case.py --dataset posebusters_benchmark --case-id 7SED_8VD --gpu 2 --tag default_s5_t200 --seed 1 --num-trunk-recycles 3 --num-diffn-timesteps 200 --num-diffn-samples 5 --num-trunk-samples 1,1779111849.2327619,finished,0,80.096
posebusters_benchmark,7SFO_98L,0,538206,logs/chai_default_s5_t200_posebusters_benchmark_7SFO_98L.log,default_s5_t200,<REMOTE_PROJECT_ROOT>/.venv/bin/python scripts/70_run_posebench_chai_case.py --dataset posebusters_benchmark --case-id 7SFO_98L --gpu 0 --tag default_s5_t200 --seed 1 --num-trunk-recycles 3 --num-diffn-timesteps 200 --num-diffn-samples 5 --num-trunk-samples 1,1779111869.254658,finished,0,140.162
posebusters_benchmark,7SGV_L30,5,539010,logs/chai_default_s5_t200_posebusters_benchmark_7SGV_L30.log,default_s5_t200,<REMOTE_PROJECT_ROOT>/.venv/bin/python scripts/70_run_posebench_chai_case.py --dataset posebusters_benchmark --case-id 7SGV_L30 --gpu 5 --tag default_s5_t200 --seed 1 --num-trunk-recycles 3 --num-diffn-timesteps 200 --num-diffn-samples 5 --num-trunk-samples 1,1779111889.28019,finished,0,150.168
posebusters_benchmark,7SIU_9ID,6,539011,logs/chai_default_s5_t200_posebusters_benchmark_7SIU_9ID.log,default_s5_t200,<REMOTE_PROJECT_ROOT>/.venv/bin/python scripts/70_run_posebench_chai_case.py --dataset posebusters_benchmark --case-id 7SIU_9ID --gpu 6 --tag default_s5_t200 --seed 1 --num-trunk-recycles 3 --num-diffn-timesteps 200 --num-diffn-samples 5 --num-trunk-samples 1,1779111889.281637,finished,0,190.209
posebusters_benchmark,7SNE_9XR,4,539012,logs/chai_default_s5_t200_posebusters_benchmark_7SNE_9XR.log,default_s5_t200,<REMOTE_PROJECT_ROOT>/.venv/bin/python scripts/70_run_posebench_chai_case.py --dataset posebusters_benchmark --case-id 7SNE_9XR --gpu 4 --tag default_s5_t200 --seed 1 --num-trunk-recycles 3 --num-diffn-timesteps 200 --num-diffn-samples 5 --num-trunk-samples 1,1779111889.2826645,finished,0,340.372
posebusters_benchmark,7SSM_B7L,1,539013,logs/chai_default_s5_t200_posebusters_benchmark_7SSM_B7L.log,default_s5_t200,<REMOTE_PROJECT_ROOT>/.venv/bin/python scripts/70_run_posebench_chai_case.py --dataset posebusters_benchmark --case-id 7SSM_B7L --gpu 1 --tag default_s5_t200 --seed 1 --num-trunk-recycles 3 --num-diffn-timesteps 200 --num-diffn-samples 5 --num-trunk-samples 1,1779111889.2834048,finished,0,80.091
posebusters_benchmark,7SUC_COM,7,541934,logs/chai_default_s5_t200_posebusters_benchmark_7SUC_COM.log,default_s5_t200,<REMOTE_PROJECT_ROOT>/.venv/bin/python scripts/70_run_posebench_chai_case.py --dataset posebusters_benchmark --case-id 7SUC_COM --gpu 7 --tag default_s5_t200 --seed 1 --num-trunk-recycles 3 --num-diffn-timesteps 200 --num-diffn-samples 5 --num-trunk-samples 1,1779111919.3183408,finished,0,20.024
posebusters_benchmark,7SZA_DUI,3,542687,logs/chai_default_s5_t200_posebusters_benchmark_7SZA_DUI.log,default_s5_t200,<REMOTE_PROJECT_ROOT>/.venv/bin/python scripts/70_run_posebench_chai_case.py --dataset posebusters_benchmark --case-id 7SZA_DUI --gpu 3 --tag default_s5_t200 --seed 1 --num-trunk-recycles 3 --num-diffn-timesteps 200 --num-diffn-samples 5 --num-trunk-samples 1,1779111929.3305218,finished,0,310.337
posebusters_benchmark,7T0D_FPP,2,542688,logs/chai_default_s5_t200_posebusters_benchmark_7T0D_FPP.log,default_s5_t200,<REMOTE_PROJECT_ROOT>/.venv/bin/python scripts/70_run_posebench_chai_case.py --dataset posebusters_benchmark --case-id 7T0D_FPP --gpu 2 --tag default_s5_t200 --seed 1 --num-trunk-recycles 3 --num-diffn-timesteps 200 --num-diffn-samples 5 --num-trunk-samples 1,1779111929.3317842,finished,0,300.323
posebusters_benchmark,7T0U_E3I,7,544098,logs/chai_default_s5_t200_posebusters_benchmark_7T0U_E3I.log,default_s5_t200,<REMOTE_PROJECT_ROOT>/.venv/bin/python scripts/70_run_posebench_chai_case.py --dataset posebusters_benchmark --case-id 7T0U_E3I --gpu 7 --tag default_s5_t200 --seed 1 --num-trunk-recycles 3 --num-diffn-timesteps 200 --num-diffn-samples 5 --num-trunk-samples 1,1779111939.3435717,finished,0,200.212
posebusters_benchmark,7T1D_E7K,1,545027,logs/chai_default_s5_t200_posebusters_benchmark_7T1D_E7K.log,default_s5_t200,<REMOTE_PROJECT_ROOT>/.venv/bin/python scripts/70_run_posebench_chai_case.py --dataset posebusters_benchmark --case-id 7T1D_E7K --gpu 1 --tag default_s5_t200 --seed 1 --num-trunk-recycles 3 --num-diffn-timesteps 200 --num-diffn-samples 5 --num-trunk-samples 1,1779111969.3762827,finished,0,190.204
posebusters_benchmark,7T2I_E9F,0,546051,logs/chai_default_s5_t200_posebusters_benchmark_7T2I_E9F.log,default_s5_t200,<REMOTE_PROJECT_ROOT>/.venv/bin/python scripts/70_run_posebench_chai_case.py --dataset posebusters_benchmark --case-id 7T2I_E9F --gpu 0 --tag default_s5_t200 --seed 1 --num-trunk-recycles 3 --num-diffn-timesteps 200 --num-diffn-samples 5 --num-trunk-samples 1,1779112009.418272,finished,0,90.094
posebusters_benchmark,7T3E_SLB,5,547038,logs/chai_default_s5_t200_posebusters_benchmark_7T3E_SLB.log,default_s5_t200,<REMOTE_PROJECT_ROOT>/.venv/bin/python scripts/70_run_posebench_chai_case.py --dataset posebusters_benchmark --case-id 7T3E_SLB --gpu 5 --tag default_s5_t200 --seed 1 --num-trunk-recycles 3 --num-diffn-timesteps 200 --num-diffn-samples 5 --num-trunk-samples 1,1779112039.4504092,finished,0,340.364
posebusters_benchmark,7T3F_EM0,6,548027,logs/chai_default_s5_t200_posebusters_benchmark_7T3F_EM0.log,default_s5_t200,<REMOTE_PROJECT_ROOT>/.venv/bin/python scripts/70_run_posebench_chai_case.py --dataset posebusters_benchmark --case-id 7T3F_EM0 --gpu 6 --tag default_s5_t200 --seed 1 --num-trunk-recycles 3 --num-diffn-timesteps 200 --num-diffn-samples 5 --num-trunk-samples 1,1779112079.492664,finished,0,70.076
posebusters_benchmark,7T9O_GEI,0,548953,logs/chai_default_s5_t200_posebusters_benchmark_7T9O_GEI.log,default_s5_t200,<REMOTE_PROJECT_ROOT>/.venv/bin/python scripts/70_run_posebench_chai_case.py --dataset posebusters_benchmark --case-id 7T9O_GEI --gpu 0 --tag default_s5_t200 --seed 1 --num-trunk-recycles 3 --num-diffn-timesteps 200 --num-diffn-samples 5 --num-trunk-samples 1,1779112099.514149,finished,0,70.077
posebusters_benchmark,7TB0_UD1,7,549948,logs/chai_default_s5_t200_posebusters_benchmark_7TB0_UD1.log,default_s5_t200,<REMOTE_PROJECT_ROOT>/.venv/bin/python scripts/70_run_posebench_chai_case.py --dataset posebusters_benchmark --case-id 7TB0_UD1 --gpu 7 --tag default_s5_t200 --seed 1 --num-trunk-recycles 3 --num-diffn-timesteps 200 --num-diffn-samples 5 --num-trunk-samples 1,1779112139.5570076,finished,0,60.065
posebusters_benchmark,7TBU_S3P,6,550756,logs/chai_default_s5_t200_posebusters_benchmark_7TBU_S3P.log,default_s5_t200,<REMOTE_PROJECT_ROOT>/.venv/bin/python scripts/70_run_posebench_chai_case.py --dataset posebusters_benchmark --case-id 7TBU_S3P --gpu 6 --tag default_s5_t200 --seed 1 --num-trunk-recycles 3 --num-diffn-timesteps 200 --num-diffn-samples 5 --num-trunk-samples 1,1779112149.5703871,finished,0,290.312
posebusters_benchmark,7TE8_P0T,1,551481,logs/chai_default_s5_t200_posebusters_benchmark_7TE8_P0T.log,default_s5_t200,<REMOTE_PROJECT_ROOT>/.venv/bin/python scripts/70_run_posebench_chai_case.py --dataset posebusters_benchmark --case-id 7TE8_P0T --gpu 1 --tag default_s5_t200 --seed 1 --num-trunk-recycles 3 --num-diffn-timesteps 200 --num-diffn-samples 5 --num-trunk-samples 1,1779112159.5819952,finished,0,120.128
posebusters_benchmark,7TH4_FFO,0,552226,logs/chai_default_s5_t200_posebusters_benchmark_7TH4_FFO.log,default_s5_t200,<REMOTE_PROJECT_ROOT>/.venv/bin/python scripts/70_run_posebench_chai_case.py --dataset posebusters_benchmark --case-id 7TH4_FFO --gpu 0 --tag default_s5_t200 --seed 1 --num-trunk-recycles 3 --num-diffn-timesteps 200 --num-diffn-samples 5 --num-trunk-samples 1,1779112169.5927548,finished,0,180.19
posebusters_benchmark,7THI_PGA,7,553114,logs/chai_default_s5_t200_posebusters_benchmark_7THI_PGA.log,default_s5_t200,<REMOTE_PROJECT_ROOT>/.venv/bin/python scripts/70_run_posebench_chai_case.py --dataset posebusters_benchmark --case-id 7THI_PGA --gpu 7 --tag default_s5_t200 --seed 1 --num-trunk-recycles 3 --num-diffn-timesteps 200 --num-diffn-samples 5 --num-trunk-samples 1,1779112199.623966,finished,0,200.214
posebusters_benchmark,7TM6_GPJ,4,553971,logs/chai_default_s5_t200_posebusters_benchmark_7TM6_GPJ.log,default_s5_t200,<REMOTE_PROJECT_ROOT>/.venv/bin/python scripts/70_run_posebench_chai_case.py --dataset posebusters_benchmark --case-id 7TM6_GPJ --gpu 4 --tag default_s5_t200 --seed 1 --num-trunk-recycles 3 --num-diffn-timesteps 200 --num-diffn-samples 5 --num-trunk-samples 1,1779112229.6561272,finished,0,530.58
posebusters_benchmark,7TOM_5AD,2,553972,logs/chai_default_s5_t200_posebusters_benchmark_7TOM_5AD.log,default_s5_t200,<REMOTE_PROJECT_ROOT>/.venv/bin/python scripts/70_run_posebench_chai_case.py --dataset posebusters_benchmark --case-id 7TOM_5AD --gpu 2 --tag default_s5_t200 --seed 1 --num-trunk-recycles 3 --num-diffn-timesteps 200 --num-diffn-samples 5 --num-trunk-samples 1,1779112229.6577556,finished,0,190.202
posebusters_benchmark,7TS6_KMI,3,555345,logs/chai_default_s5_t200_posebusters_benchmark_7TS6_KMI.log,default_s5_t200,<REMOTE_PROJECT_ROOT>/.venv/bin/python scripts/70_run_posebench_chai_case.py --dataset posebusters_benchmark --case-id 7TS6_KMI --gpu 3 --tag default_s5_t200 --seed 1 --num-trunk-recycles 3 --num-diffn-timesteps 200 --num-diffn-samples 5 --num-trunk-samples 1,1779112239.6697092,finished,0,60.061
posebusters_benchmark,7TSF_H4B,1,556302,logs/chai_default_s5_t200_posebusters_benchmark_7TSF_H4B.log,default_s5_t200,<REMOTE_PROJECT_ROOT>/.venv/bin/python scripts/70_run_posebench_chai_case.py --dataset posebusters_benchmark --case-id 7TSF_H4B --gpu 1 --tag default_s5_t200 --seed 1 --num-trunk-recycles 3 --num-diffn-timesteps 200 --num-diffn-samples 5 --num-trunk-samples 1,1779112279.7116816,finished,0,290.315
posebusters_benchmark,7TUO_KL9,3,557111,logs/chai_default_s5_t200_posebusters_benchmark_7TUO_KL9.log,default_s5_t200,<REMOTE_PROJECT_ROOT>/.venv/bin/python scripts/70_run_posebench_chai_case.py --dataset posebusters_benchmark --case-id 7TUO_KL9 --gpu 3 --tag default_s5_t200 --seed 1 --num-trunk-recycles 3 --num-diffn-timesteps 200 --num-diffn-samples 5 --num-trunk-samples 1,1779112299.7328496,finished,0,90.092
posebusters_benchmark,7TWC_CXS,0,558135,logs/chai_default_s5_t200_posebusters_benchmark_7TWC_CXS.log,default_s5_t200,<REMOTE_PROJECT_ROOT>/.venv/bin/python scripts/70_run_posebench_chai_case.py --dataset posebusters_benchmark --case-id 7TWC_CXS --gpu 0 --tag default_s5_t200 --seed 1 --num-trunk-recycles 3 --num-diffn-timesteps 200 --num-diffn-samples 5 --num-trunk-samples 1,1779112349.7843466,finished,0,120.132
posebusters_benchmark,7TXK_LW8,5,559057,logs/chai_default_s5_t200_posebusters_benchmark_7TXK_LW8.log,default_s5_t200,<REMOTE_PROJECT_ROOT>/.venv/bin/python scripts/70_run_posebench_chai_case.py --dataset posebusters_benchmark --case-id 7TXK_LW8 --gpu 5 --tag default_s5_t200 --seed 1 --num-trunk-recycles 3 --num-diffn-timesteps 200 --num-diffn-samples 5 --num-trunk-samples 1,1779112379.815982,finished,0,350.385
posebusters_benchmark,7TXP_0FX,3,559775,logs/chai_default_s5_t200_posebusters_benchmark_7TXP_0FX.log,default_s5_t200,<REMOTE_PROJECT_ROOT>/.venv/bin/python scripts/70_run_posebench_chai_case.py --dataset posebusters_benchmark --case-id 7TXP_0FX --gpu 3 --tag default_s5_t200 --seed 1 --num-trunk-recycles 3 --num-diffn-timesteps 200 --num-diffn-samples 5 --num-trunk-samples 1,1779112389.8276043,finished,0,70.077
posebusters_benchmark,7TYP_KUR,7,560557,logs/chai_default_s5_t200_posebusters_benchmark_7TYP_KUR.log,default_s5_t200,<REMOTE_PROJECT_ROOT>/.venv/bin/python scripts/70_run_posebench_chai_case.py --dataset posebusters_benchmark --case-id 7TYP_KUR --gpu 7 --tag default_s5_t200 --seed 1 --num-trunk-recycles 3 --num-diffn-timesteps 200 --num-diffn-samples 5 --num-trunk-samples 1,1779112399.8400586,finished,0,120.131
posebusters_benchmark,7U0U_FK5,2,561358,logs/chai_default_s5_t200_posebusters_benchmark_7U0U_FK5.log,default_s5_t200,<REMOTE_PROJECT_ROOT>/.venv/bin/python scripts/70_run_posebench_chai_case.py --dataset posebusters_benchmark --case-id 7U0U_FK5 --gpu 2 --tag default_s5_t200 --seed 1 --num-trunk-recycles 3 --num-diffn-timesteps 200 --num-diffn-samples 5 --num-trunk-samples 1,1779112419.8620477,finished,0,100.109
posebusters_benchmark,7U3J_L6U,6,562196,logs/chai_default_s5_t200_posebusters_benchmark_7U3J_L6U.log,default_s5_t200,<REMOTE_PROJECT_ROOT>/.venv/bin/python scripts/70_run_posebench_chai_case.py --dataset posebusters_benchmark --case-id 7U3J_L6U --gpu 6 --tag default_s5_t200 --seed 1 --num-trunk-recycles 3 --num-diffn-timesteps 200 --num-diffn-samples 5 --num-trunk-samples 1,1779112439.8841095,finished,0,70.075
posebusters_benchmark,7UAS_MBU,3,563051,logs/chai_default_s5_t200_posebusters_benchmark_7UAS_MBU.log,default_s5_t200,<REMOTE_PROJECT_ROOT>/.venv/bin/python scripts/70_run_posebench_chai_case.py --dataset posebusters_benchmark --case-id 7UAS_MBU --gpu 3 --tag default_s5_t200 --seed 1 --num-trunk-recycles 3 --num-diffn-timesteps 200 --num-diffn-samples 5 --num-trunk-samples 1,1779112459.906284,finished,0,190.21
posebusters_benchmark,7UAW_MF6,0,563775,logs/chai_default_s5_t200_posebusters_benchmark_7UAW_MF6.log,default_s5_t200,<REMOTE_PROJECT_ROOT>/.venv/bin/python scripts/70_run_posebench_chai_case.py --dataset posebusters_benchmark --case-id 7UAW_MF6 --gpu 0 --tag default_s5_t200 --seed 1 --num-trunk-recycles 3 --num-diffn-timesteps 200 --num-diffn-samples 5 --num-trunk-samples 1,1779112469.9183962,finished,0,90.097
posebusters_benchmark,7UEY_N0R,6,564743,logs/chai_default_s5_t200_posebusters_benchmark_7UEY_N0R.log,default_s5_t200,<REMOTE_PROJECT_ROOT>/.venv/bin/python scripts/70_run_posebench_chai_case.py --dataset posebusters_benchmark --case-id 7UEY_N0R --gpu 6 --tag default_s5_t200 --seed 1 --num-trunk-recycles 3 --num-diffn-timesteps 200 --num-diffn-samples 5 --num-trunk-samples 1,1779112509.9608164,finished,0,90.101
posebusters_benchmark,7UF2_5SP,7,565494,logs/chai_default_s5_t200_posebusters_benchmark_7UF2_5SP.log,default_s5_t200,<REMOTE_PROJECT_ROOT>/.venv/bin/python scripts/70_run_posebench_chai_case.py --dataset posebusters_benchmark --case-id 7UF2_5SP --gpu 7 --tag default_s5_t200 --seed 1 --num-trunk-recycles 3 --num-diffn-timesteps 200 --num-diffn-samples 5 --num-trunk-samples 1,1779112519.9731948,finished,0,70.076
posebusters_benchmark,7UJ4_OQ4,2,565495,logs/chai_default_s5_t200_posebusters_benchmark_7UJ4_OQ4.log,default_s5_t200,<REMOTE_PROJECT_ROOT>/.venv/bin/python scripts/70_run_posebench_chai_case.py --dataset posebusters_benchmark --case-id 7UJ4_OQ4 --gpu 2 --tag default_s5_t200 --seed 1 --num-trunk-recycles 3 --num-diffn-timesteps 200 --num-diffn-samples 5 --num-trunk-samples 1,1779112519.9748101,finished,0,290.32
posebusters_benchmark,7UJ5_DGL,0,567251,logs/chai_default_s5_t200_posebusters_benchmark_7UJ5_DGL.log,default_s5_t200,<REMOTE_PROJECT_ROOT>/.venv/bin/python scripts/70_run_posebench_chai_case.py --dataset posebusters_benchmark --case-id 7UJ5_DGL --gpu 0 --tag default_s5_t200 --seed 1 --num-trunk-recycles 3 --num-diffn-timesteps 200 --num-diffn-samples 5 --num-trunk-samples 1,1779112560.0168512,finished,0,50.057
posebusters_benchmark,7UJF_R3V,1,568015,logs/chai_default_s5_t200_posebusters_benchmark_7UJF_R3V.log,default_s5_t200,<REMOTE_PROJECT_ROOT>/.venv/bin/python scripts/70_run_posebench_chai_case.py --dataset posebusters_benchmark --case-id 7UJF_R3V --gpu 1 --tag default_s5_t200 --seed 1 --num-trunk-recycles 3 --num-diffn-timesteps 200 --num-diffn-samples 5 --num-trunk-samples 1,1779112570.0291007,finished,0,310.343
posebusters_benchmark,7ULC_56B,7,568806,logs/chai_default_s5_t200_posebusters_benchmark_7ULC_56B.log,default_s5_t200,<REMOTE_PROJECT_ROOT>/.venv/bin/python scripts/70_run_posebench_chai_case.py --dataset posebusters_benchmark --case-id 7ULC_56B --gpu 7 --tag default_s5_t200 --seed 1 --num-trunk-recycles 3 --num-diffn-timesteps 200 --num-diffn-samples 5 --num-trunk-samples 1,1779112590.0514367,finished,0,190.209
posebusters_benchmark,7UMV_NUU,6,569550,logs/chai_default_s5_t200_posebusters_benchmark_7UMV_NUU.log,default_s5_t200,<REMOTE_PROJECT_ROOT>/.venv/bin/python scripts/70_run_posebench_chai_case.py --dataset posebusters_benchmark --case-id 7UMV_NUU --gpu 6 --tag default_s5_t200 --seed 1 --num-trunk-recycles 3 --num-diffn-timesteps 200 --num-diffn-samples 5 --num-trunk-samples 1,1779112600.0635738,finished,0,70.075
posebusters_benchmark,7UMW_NAD,0,570286,logs/chai_default_s5_t200_posebusters_benchmark_7UMW_NAD.log,default_s5_t200,<REMOTE_PROJECT_ROOT>/.venv/bin/python scripts/70_run_posebench_chai_case.py --dataset posebusters_benchmark --case-id 7UMW_NAD --gpu 0 --tag default_s5_t200 --seed 1 --num-trunk-recycles 3 --num-diffn-timesteps 200 --num-diffn-samples 5 --num-trunk-samples 1,1779112610.075878,finished,0,190.207
posebusters_benchmark,7UP3_NZ0,3,571326,logs/chai_default_s5_t200_posebusters_benchmark_7UP3_NZ0.log,default_s5_t200,<REMOTE_PROJECT_ROOT>/.venv/bin/python scripts/70_run_posebench_chai_case.py --dataset posebusters_benchmark --case-id 7UP3_NZ0 --gpu 3 --tag default_s5_t200 --seed 1 --num-trunk-recycles 3 --num-diffn-timesteps 200 --num-diffn-samples 5 --num-trunk-samples 1,1779112650.118467,finished,0,120.13
posebusters_benchmark,7UQ3_O2U,6,572128,logs/chai_default_s5_t200_posebusters_benchmark_7UQ3_O2U.log,default_s5_t200,<REMOTE_PROJECT_ROOT>/.venv/bin/python scripts/70_run_posebench_chai_case.py --dataset posebusters_benchmark --case-id 7UQ3_O2U --gpu 6 --tag default_s5_t200 --seed 1 --num-trunk-recycles 3 --num-diffn-timesteps 200 --num-diffn-samples 5 --num-trunk-samples 1,1779112670.1408644,finished,0,70.073
posebusters_benchmark,7USH_82V,5,573294,logs/chai_default_s5_t200_posebusters_benchmark_7USH_82V.log,default_s5_t200,<REMOTE_PROJECT_ROOT>/.venv/bin/python scripts/70_run_posebench_chai_case.py --dataset posebusters_benchmark --case-id 7USH_82V --gpu 5 --tag default_s5_t200 --seed 1 --num-trunk-recycles 3 --num-diffn-timesteps 200 --num-diffn-samples 5 --num-trunk-samples 1,1779112730.2037659,finished,0,110.124
posebusters_benchmark,7UTW_NAI,6,574051,logs/chai_default_s5_t200_posebusters_benchmark_7UTW_NAI.log,default_s5_t200,<REMOTE_PROJECT_ROOT>/.venv/bin/python scripts/70_run_posebench_chai_case.py --dataset posebusters_benchmark --case-id 7UTW_NAI --gpu 6 --tag default_s5_t200 --seed 1 --num-trunk-recycles 3 --num-diffn-timesteps 200 --num-diffn-samples 5 --num-trunk-samples 1,1779112740.2160296,finished,0,290.321
posebusters_benchmark,7UXS_OJC,4,574850,logs/chai_default_s5_t200_posebusters_benchmark_7UXS_OJC.log,default_s5_t200,<REMOTE_PROJECT_ROOT>/.venv/bin/python scripts/70_run_posebench_chai_case.py --dataset posebusters_benchmark --case-id 7UXS_OJC --gpu 4 --tag default_s5_t200 --seed 1 --num-trunk-recycles 3 --num-diffn-timesteps 200 --num-diffn-samples 5 --num-trunk-samples 1,1779112760.2378776,finished,0,200.22
posebusters_benchmark,7UY4_SMI,3,575584,logs/chai_default_s5_t200_posebusters_benchmark_7UY4_SMI.log,default_s5_t200,<REMOTE_PROJECT_ROOT>/.venv/bin/python scripts/70_run_posebench_chai_case.py --dataset posebusters_benchmark --case-id 7UY4_SMI --gpu 3 --tag default_s5_t200 --seed 1 --num-trunk-recycles 3 --num-diffn-timesteps 200 --num-diffn-samples 5 --num-trunk-samples 1,1779112770.250553,finished,0,190.207
posebusters_benchmark,7UYB_OK0,7,576314,logs/chai_default_s5_t200_posebusters_benchmark_7UYB_OK0.log,default_s5_t200,<REMOTE_PROJECT_ROOT>/.venv/bin/python scripts/70_run_posebench_chai_case.py --dataset posebusters_benchmark --case-id 7UYB_OK0 --gpu 7 --tag default_s5_t200 --seed 1 --num-trunk-recycles 3 --num-diffn-timesteps 200 --num-diffn-samples 5 --num-trunk-samples 1,1779112780.2628965,finished,0,90.097
posebusters_benchmark,7V14_ORU,0,577154,logs/chai_default_s5_t200_posebusters_benchmark_7V14_ORU.log,default_s5_t200,<REMOTE_PROJECT_ROOT>/.venv/bin/python scripts/70_run_posebench_chai_case.py --dataset posebusters_benchmark --case-id 7V14_ORU --gpu 0 --tag default_s5_t200 --seed 1 --num-trunk-recycles 3 --num-diffn-timesteps 200 --num-diffn-samples 5 --num-trunk-samples 1,1779112800.2848864,finished,0,90.099
posebusters_benchmark,7V3N_AKG,2,577920,logs/chai_default_s5_t200_posebusters_benchmark_7V3N_AKG.log,default_s5_t200,<REMOTE_PROJECT_ROOT>/.venv/bin/python scripts/70_run_posebench_chai_case.py --dataset posebusters_benchmark --case-id 7V3N_AKG --gpu 2 --tag default_s5_t200 --seed 1 --num-trunk-recycles 3 --num-diffn-timesteps 200 --num-diffn-samples 5 --num-trunk-samples 1,1779112810.2972853,finished,0,90.099
posebusters_benchmark,7V3S_5I9,5,578843,logs/chai_default_s5_t200_posebusters_benchmark_7V3S_5I9.log,default_s5_t200,<REMOTE_PROJECT_ROOT>/.venv/bin/python scripts/70_run_posebench_chai_case.py --dataset posebusters_benchmark --case-id 7V3S_5I9 --gpu 5 --tag default_s5_t200 --seed 1 --num-trunk-recycles 3 --num-diffn-timesteps 200 --num-diffn-samples 5 --num-trunk-samples 1,1779112840.3295186,finished,0,140.152
posebusters_benchmark,7V43_C4O,7,579803,logs/chai_default_s5_t200_posebusters_benchmark_7V43_C4O.log,default_s5_t200,<REMOTE_PROJECT_ROOT>/.venv/bin/python scripts/70_run_posebench_chai_case.py --dataset posebusters_benchmark --case-id 7V43_C4O --gpu 7 --tag default_s5_t200 --seed 1 --num-trunk-recycles 3 --num-diffn-timesteps 200 --num-diffn-samples 5 --num-trunk-samples 1,1779112870.3617833,finished,0,120.132
posebusters_benchmark,7V8Z_5YH,1,580547,logs/chai_default_s5_t200_posebusters_benchmark_7V8Z_5YH.log,default_s5_t200,<REMOTE_PROJECT_ROOT>/.venv/bin/python scripts/70_run_posebench_chai_case.py --dataset posebusters_benchmark --case-id 7V8Z_5YH --gpu 1 --tag default_s5_t200 --seed 1 --num-trunk-recycles 3 --num-diffn-timesteps 200 --num-diffn-samples 5 --num-trunk-samples 1,1779112880.3739405,finished,0,180.2
posebusters_benchmark,7VB8_STL,0,581308,logs/chai_default_s5_t200_posebusters_benchmark_7VB8_STL.log,default_s5_t200,<REMOTE_PROJECT_ROOT>/.venv/bin/python scripts/70_run_posebench_chai_case.py --dataset posebusters_benchmark --case-id 7VB8_STL --gpu 0 --tag default_s5_t200 --seed 1 --num-trunk-recycles 3 --num-diffn-timesteps 200 --num-diffn-samples 5 --num-trunk-samples 1,1779112890.3860025,finished,0,180.2
posebusters_benchmark,7VBU_6I4,2,582040,logs/chai_default_s5_t200_posebusters_benchmark_7VBU_6I4.log,default_s5_t200,<REMOTE_PROJECT_ROOT>/.venv/bin/python scripts/70_run_posebench_chai_case.py --dataset posebusters_benchmark --case-id 7VBU_6I4 --gpu 2 --tag default_s5_t200 --seed 1 --num-trunk-recycles 3 --num-diffn-timesteps 200 --num-diffn-samples 5 --num-trunk-samples 1,1779112900.3975496,finished,0,90.096
posebusters_benchmark,7VC5_9SF,4,583243,logs/chai_default_s5_t200_posebusters_benchmark_7VC5_9SF.log,default_s5_t200,<REMOTE_PROJECT_ROOT>/.venv/bin/python scripts/70_run_posebench_chai_case.py --dataset posebusters_benchmark --case-id 7VC5_9SF --gpu 4 --tag default_s5_t200 --seed 1 --num-trunk-recycles 3 --num-diffn-timesteps 200 --num-diffn-samples 5 --num-trunk-samples 1,1779112960.460014,finished,0,200.219
posebusters_benchmark,7VJT_7IJ,3,583244,logs/chai_default_s5_t200_posebusters_benchmark_7VJT_7IJ.log,default_s5_t200,<REMOTE_PROJECT_ROOT>/.venv/bin/python scripts/70_run_posebench_chai_case.py --dataset posebusters_benchmark --case-id 7VJT_7IJ --gpu 3 --tag default_s5_t200 --seed 1 --num-trunk-recycles 3 --num-diffn-timesteps 200 --num-diffn-samples 5 --num-trunk-samples 1,1779112960.4612272,finished,0,190.205
posebusters_benchmark,7VKZ_NOJ,5,584784,logs/chai_default_s5_t200_posebusters_benchmark_7VKZ_NOJ.log,default_s5_t200,<REMOTE_PROJECT_ROOT>/.venv/bin/python scripts/70_run_posebench_chai_case.py --dataset posebusters_benchmark --case-id 7VKZ_NOJ --gpu 5 --tag default_s5_t200 --seed 1 --num-trunk-recycles 3 --num-diffn-timesteps 200 --num-diffn-samples 5 --num-trunk-samples 1,1779112980.483586,finished,0,60.065
posebusters_benchmark,7VQ9_ISY,7,585510,logs/chai_default_s5_t200_posebusters_benchmark_7VQ9_ISY.log,default_s5_t200,<REMOTE_PROJECT_ROOT>/.venv/bin/python scripts/70_run_posebench_chai_case.py --dataset posebusters_benchmark --case-id 7VQ9_ISY --gpu 7 --tag default_s5_t200 --seed 1 --num-trunk-recycles 3 --num-diffn-timesteps 200 --num-diffn-samples 5 --num-trunk-samples 1,1779112990.495515,finished,0,130.135
posebusters_benchmark,7VWF_K55,2,585511,logs/chai_default_s5_t200_posebusters_benchmark_7VWF_K55.log,default_s5_t200,<REMOTE_PROJECT_ROOT>/.venv/bin/python scripts/70_run_posebench_chai_case.py --dataset posebusters_benchmark --case-id 7VWF_K55 --gpu 2 --tag default_s5_t200 --seed 1 --num-trunk-recycles 3 --num-diffn-timesteps 200 --num-diffn-samples 5 --num-trunk-samples 1,1779112990.4966419,finished,0,190.205
posebusters_benchmark,7VYJ_CA0,6,587227,logs/chai_default_s5_t200_posebusters_benchmark_7VYJ_CA0.log,default_s5_t200,<REMOTE_PROJECT_ROOT>/.venv/bin/python scripts/70_run_posebench_chai_case.py --dataset posebusters_benchmark --case-id 7VYJ_CA0 --gpu 6 --tag default_s5_t200 --seed 1 --num-trunk-recycles 3 --num-diffn-timesteps 200 --num-diffn-samples 5 --num-trunk-samples 1,1779113030.5388813,finished,0,60.069
posebusters_benchmark,7W05_GMP,5,588050,logs/chai_default_s5_t200_posebusters_benchmark_7W05_GMP.log,default_s5_t200,<REMOTE_PROJECT_ROOT>/.venv/bin/python scripts/70_run_posebench_chai_case.py --dataset posebusters_benchmark --case-id 7W05_GMP --gpu 5 --tag default_s5_t200 --seed 1 --num-trunk-recycles 3 --num-diffn-timesteps 200 --num-diffn-samples 5 --num-trunk-samples 1,1779113040.5509434,finished,0,110.115
posebusters_benchmark,7W06_ITN,1,588834,logs/chai_default_s5_t200_posebusters_benchmark_7W06_ITN.log,default_s5_t200,<REMOTE_PROJECT_ROOT>/.venv/bin/python scripts/70_run_posebench_chai_case.py --dataset posebusters_benchmark --case-id 7W06_ITN --gpu 1 --tag default_s5_t200 --seed 1 --num-trunk-recycles 3 --num-diffn-timesteps 200 --num-diffn-samples 5 --num-trunk-samples 1,1779113060.5758026,finished,0,70.067
posebusters_benchmark,7W6F_8I6,0,589849,logs/chai_default_s5_t200_posebusters_benchmark_7W6F_8I6.log,default_s5_t200,<REMOTE_PROJECT_ROOT>/.venv/bin/python scripts/70_run_posebench_chai_case.py --dataset posebusters_benchmark --case-id 7W6F_8I6 --gpu 0 --tag default_s5_t200 --seed 1 --num-trunk-recycles 3 --num-diffn-timesteps 200 --num-diffn-samples 5 --num-trunk-samples 1,1779113070.5874887,finished,0,70.067
posebusters_benchmark,7WCF_ACP,6,590688,logs/chai_default_s5_t200_posebusters_benchmark_7WCF_ACP.log,default_s5_t200,<REMOTE_PROJECT_ROOT>/.venv/bin/python scripts/70_run_posebench_chai_case.py --dataset posebusters_benchmark --case-id 7WCF_ACP --gpu 6 --tag default_s5_t200 --seed 1 --num-trunk-recycles 3 --num-diffn-timesteps 200 --num-diffn-samples 5 --num-trunk-samples 1,1779113090.6094573,finished,0,150.156
posebusters_benchmark,7WDT_NGS,7,591670,logs/chai_default_s5_t200_posebusters_benchmark_7WDT_NGS.log,default_s5_t200,<REMOTE_PROJECT_ROOT>/.venv/bin/python scripts/70_run_posebench_chai_case.py --dataset posebusters_benchmark --case-id 7WDT_NGS --gpu 7 --tag default_s5_t200 --seed 1 --num-trunk-recycles 3 --num-diffn-timesteps 200 --num-diffn-samples 5 --num-trunk-samples 1,1779113120.6322336,finished,0,280.308
posebusters_benchmark,7WJB_BGC,1,592417,logs/chai_default_s5_t200_posebusters_benchmark_7WJB_BGC.log,default_s5_t200,<REMOTE_PROJECT_ROOT>/.venv/bin/python scripts/70_run_posebench_chai_case.py --dataset posebusters_benchmark --case-id 7WJB_BGC --gpu 1 --tag default_s5_t200 --seed 1 --num-trunk-recycles 3 --num-diffn-timesteps 200 --num-diffn-samples 5 --num-trunk-samples 1,1779113130.6444182,finished,0,190.21
posebusters_benchmark,7WKL_CAQ,0,593150,logs/chai_default_s5_t200_posebusters_benchmark_7WKL_CAQ.log,default_s5_t200,<REMOTE_PROJECT_ROOT>/.venv/bin/python scripts/70_run_posebench_chai_case.py --dataset posebusters_benchmark --case-id 7WKL_CAQ --gpu 0 --tag default_s5_t200 --seed 1 --num-trunk-recycles 3 --num-diffn-timesteps 200 --num-diffn-samples 5 --num-trunk-samples 1,1779113140.655941,finished,0,50.057
posebusters_benchmark,7WL4_JFU,3,593903,logs/chai_default_s5_t200_posebusters_benchmark_7WL4_JFU.log,default_s5_t200,<REMOTE_PROJECT_ROOT>/.venv/bin/python scripts/70_run_posebench_chai_case.py --dataset posebusters_benchmark --case-id 7WL4_JFU --gpu 3 --tag default_s5_t200 --seed 1 --num-trunk-recycles 3 --num-diffn-timesteps 200 --num-diffn-samples 5 --num-trunk-samples 1,1779113150.6679995,finished,0,200.22
posebusters_benchmark,7WN5_JGL,5,593904,logs/chai_default_s5_t200_posebusters_benchmark_7WN5_JGL.log,default_s5_t200,<REMOTE_PROJECT_ROOT>/.venv/bin/python scripts/70_run_posebench_chai_case.py --dataset posebusters_benchmark --case-id 7WN5_JGL --gpu 5 --tag default_s5_t200 --seed 1 --num-trunk-recycles 3 --num-diffn-timesteps 200 --num-diffn-samples 5 --num-trunk-samples 1,1779113150.669165,finished,0,150.164
posebusters_benchmark,7WPW_F15,4,595377,logs/chai_default_s5_t200_posebusters_benchmark_7WPW_F15.log,default_s5_t200,<REMOTE_PROJECT_ROOT>/.venv/bin/python scripts/70_run_posebench_chai_case.py --dataset posebusters_benchmark --case-id 7WPW_F15 --gpu 4 --tag default_s5_t200 --seed 1 --num-trunk-recycles 3 --num-diffn-timesteps 200 --num-diffn-samples 5 --num-trunk-samples 1,1779113160.6811042,finished,0,100.108
posebusters_benchmark,7WQQ_5Z6,2,596196,logs/chai_default_s5_t200_posebusters_benchmark_7WQQ_5Z6.log,default_s5_t200,<REMOTE_PROJECT_ROOT>/.venv/bin/python scripts/70_run_posebench_chai_case.py --dataset posebusters_benchmark --case-id 7WQQ_5Z6 --gpu 2 --tag default_s5_t200 --seed 1 --num-trunk-recycles 3 --num-diffn-timesteps 200 --num-diffn-samples 5 --num-trunk-samples 1,1779113180.702914,finished,0,90.098
posebusters_benchmark,7WUX_6OI,0,597021,logs/chai_default_s5_t200_posebusters_benchmark_7WUX_6OI.log,default_s5_t200,<REMOTE_PROJECT_ROOT>/.venv/bin/python scripts/70_run_posebench_chai_case.py --dataset posebusters_benchmark --case-id 7WUX_6OI --gpu 0 --tag default_s5_t200 --seed 1 --num-trunk-recycles 3 --num-diffn-timesteps 200 --num-diffn-samples 5 --num-trunk-samples 1,1779113190.7149625,finished,0,50.05
posebusters_benchmark,7WUY_76N,6,598168,logs/chai_default_s5_t200_posebusters_benchmark_7WUY_76N.log,default_s5_t200,<REMOTE_PROJECT_ROOT>/.venv/bin/python scripts/70_run_posebench_chai_case.py --dataset posebusters_benchmark --case-id 7WUY_76N --gpu 6 --tag default_s5_t200 --seed 1 --num-trunk-recycles 3 --num-diffn-timesteps 200 --num-diffn-samples 5 --num-trunk-samples 1,1779113240.7674193,finished,0,540.592
posebusters_benchmark,7WY1_D0L,0,598169,logs/chai_default_s5_t200_posebusters_benchmark_7WY1_D0L.log,default_s5_t200,<REMOTE_PROJECT_ROOT>/.venv/bin/python scripts/70_run_posebench_chai_case.py --dataset posebusters_benchmark --case-id 7WY1_D0L --gpu 0 --tag default_s5_t200 --seed 1 --num-trunk-recycles 3 --num-diffn-timesteps 200 --num-diffn-samples 5 --num-trunk-samples 1,1779113240.7688015,finished,0,290.315
posebusters_benchmark,7X5N_5M5,4,599830,logs/chai_default_s5_t200_posebusters_benchmark_7X5N_5M5.log,default_s5_t200,<REMOTE_PROJECT_ROOT>/.venv/bin/python scripts/70_run_posebench_chai_case.py --dataset posebusters_benchmark --case-id 7X5N_5M5 --gpu 4 --tag default_s5_t200 --seed 1 --num-trunk-recycles 3 --num-diffn-timesteps 200 --num-diffn-samples 5 --num-trunk-samples 1,1779113260.790988,finished,0,530.581
posebusters_benchmark,7X9K_8OG,2,600551,logs/chai_default_s5_t200_posebusters_benchmark_7X9K_8OG.log,default_s5_t200,<REMOTE_PROJECT_ROOT>/.venv/bin/python scripts/70_run_posebench_chai_case.py --dataset posebusters_benchmark --case-id 7X9K_8OG --gpu 2 --tag default_s5_t200 --seed 1 --num-trunk-recycles 3 --num-diffn-timesteps 200 --num-diffn-samples 5 --num-trunk-samples 1,1779113270.802551,finished,0,70.074
posebusters_benchmark,7XBV_APC,5,601611,logs/chai_default_s5_t200_posebusters_benchmark_7XBV_APC.log,default_s5_t200,<REMOTE_PROJECT_ROOT>/.venv/bin/python scripts/70_run_posebench_chai_case.py --dataset posebusters_benchmark --case-id 7XBV_APC --gpu 5 --tag default_s5_t200 --seed 1 --num-trunk-recycles 3 --num-diffn-timesteps 200 --num-diffn-samples 5 --num-trunk-samples 1,1779113300.834768,finished,0,200.216
posebusters_benchmark,7XEK_9YX,1,602439,logs/chai_default_s5_t200_posebusters_benchmark_7XEK_9YX.log,default_s5_t200,<REMOTE_PROJECT_ROOT>/.venv/bin/python scripts/70_run_posebench_chai_case.py --dataset posebusters_benchmark --case-id 7XEK_9YX --gpu 1 --tag default_s5_t200 --seed 1 --num-trunk-recycles 3 --num-diffn-timesteps 200 --num-diffn-samples 5 --num-trunk-samples 1,1779113320.8568733,finished,0,120.127
posebusters_benchmark,7XFA_D9J,2,603243,logs/chai_default_s5_t200_posebusters_benchmark_7XFA_D9J.log,default_s5_t200,<REMOTE_PROJECT_ROOT>/.venv/bin/python scripts/70_run_posebench_chai_case.py --dataset posebusters_benchmark --case-id 7XFA_D9J --gpu 2 --tag default_s5_t200 --seed 1 --num-trunk-recycles 3 --num-diffn-timesteps 200 --num-diffn-samples 5 --num-trunk-samples 1,1779113340.878173,finished,0,70.074
posebusters_benchmark,7XG5_PLP,3,603966,logs/chai_default_s5_t200_posebusters_benchmark_7XG5_PLP.log,default_s5_t200,<REMOTE_PROJECT_ROOT>/.venv/bin/python scripts/70_run_posebench_chai_case.py --dataset posebusters_benchmark --case-id 7XG5_PLP --gpu 3 --tag default_s5_t200 --seed 1 --num-trunk-recycles 3 --num-diffn-timesteps 200 --num-diffn-samples 5 --num-trunk-samples 1,1779113350.8901207,finished,0,180.194
posebusters_benchmark,7XI7_4RI,7,605220,logs/chai_default_s5_t200_posebusters_benchmark_7XI7_4RI.log,default_s5_t200,<REMOTE_PROJECT_ROOT>/.venv/bin/python scripts/70_run_posebench_chai_case.py --dataset posebusters_benchmark --case-id 7XI7_4RI --gpu 7 --tag default_s5_t200 --seed 1 --num-trunk-recycles 3 --num-diffn-timesteps 200 --num-diffn-samples 5 --num-trunk-samples 1,1779113400.942066,finished,0,70.074
posebusters_benchmark,7XIJ_EJ3,2,605958,logs/chai_default_s5_t200_posebusters_benchmark_7XIJ_EJ3.log,default_s5_t200,<REMOTE_PROJECT_ROOT>/.venv/bin/python scripts/70_run_posebench_chai_case.py --dataset posebusters_benchmark --case-id 7XIJ_EJ3 --gpu 2 --tag default_s5_t200 --seed 1 --num-trunk-recycles 3 --num-diffn-timesteps 200 --num-diffn-samples 5 --num-trunk-samples 1,1779113410.9541328,finished,0,70.074
posebusters_benchmark,7XJN_NSD,1,606846,logs/chai_default_s5_t200_posebusters_benchmark_7XJN_NSD.log,default_s5_t200,<REMOTE_PROJECT_ROOT>/.venv/bin/python scripts/70_run_posebench_chai_case.py --dataset posebusters_benchmark --case-id 7XJN_NSD --gpu 1 --tag default_s5_t200 --seed 1 --num-trunk-recycles 3 --num-diffn-timesteps 200 --num-diffn-samples 5 --num-trunk-samples 1,1779113440.98634,finished,0,70.076
posebusters_benchmark,7XPO_UPG,7,607719,logs/chai_default_s5_t200_posebusters_benchmark_7XPO_UPG.log,default_s5_t200,<REMOTE_PROJECT_ROOT>/.venv/bin/python scripts/70_run_posebench_chai_case.py --dataset posebusters_benchmark --case-id 7XPO_UPG --gpu 7 --tag default_s5_t200 --seed 1 --num-trunk-recycles 3 --num-diffn-timesteps 200 --num-diffn-samples 5 --num-trunk-samples 1,1779113471.0184972,finished,0,190.208
posebusters_benchmark,7XQZ_FPF,2,608430,logs/chai_default_s5_t200_posebusters_benchmark_7XQZ_FPF.log,default_s5_t200,<REMOTE_PROJECT_ROOT>/.venv/bin/python scripts/70_run_posebench_chai_case.py --dataset posebusters_benchmark --case-id 7XQZ_FPF --gpu 2 --tag default_s5_t200 --seed 1 --num-trunk-recycles 3 --num-diffn-timesteps 200 --num-diffn-samples 5 --num-trunk-samples 1,1779113481.0305033,finished,0,180.196
posebusters_benchmark,7XRL_FWK,5,609263,logs/chai_default_s5_t200_posebusters_benchmark_7XRL_FWK.log,default_s5_t200,<REMOTE_PROJECT_ROOT>/.venv/bin/python scripts/70_run_posebench_chai_case.py --dataset posebusters_benchmark --case-id 7XRL_FWK --gpu 5 --tag default_s5_t200 --seed 1 --num-trunk-recycles 3 --num-diffn-timesteps 200 --num-diffn-samples 5 --num-trunk-samples 1,1779113501.0525932,finished,0,50.055
posebusters_benchmark,7YZU_DO7,1,610001,logs/chai_default_s5_t200_posebusters_benchmark_7YZU_DO7.log,default_s5_t200,<REMOTE_PROJECT_ROOT>/.venv/bin/python scripts/70_run_posebench_chai_case.py --dataset posebusters_benchmark --case-id 7YZU_DO7 --gpu 1 --tag default_s5_t200 --seed 1 --num-trunk-recycles 3 --num-diffn-timesteps 200 --num-diffn-samples 5 --num-trunk-samples 1,1779113511.0646648,finished,0,120.127
posebusters_benchmark,7Z1Q_NIO,0,610861,logs/chai_default_s5_t200_posebusters_benchmark_7Z1Q_NIO.log,default_s5_t200,<REMOTE_PROJECT_ROOT>/.venv/bin/python scripts/70_run_posebench_chai_case.py --dataset posebusters_benchmark --case-id 7Z1Q_NIO --gpu 0 --tag default_s5_t200 --seed 1 --num-trunk-recycles 3 --num-diffn-timesteps 200 --num-diffn-samples 5 --num-trunk-samples 1,1779113531.0860856,finished,0,70.074
posebusters_benchmark,7Z2O_IAJ,3,610862,logs/chai_default_s5_t200_posebusters_benchmark_7Z2O_IAJ.log,default_s5_t200,<REMOTE_PROJECT_ROOT>/.venv/bin/python scripts/70_run_posebench_chai_case.py --dataset posebusters_benchmark --case-id 7Z2O_IAJ --gpu 3 --tag default_s5_t200 --seed 1 --num-trunk-recycles 3 --num-diffn-timesteps 200 --num-diffn-samples 5 --num-trunk-samples 1,1779113531.087287,finished,0,120.127
posebusters_benchmark,7Z7F_IF3,5,612346,logs/chai_default_s5_t200_posebusters_benchmark_7Z7F_IF3.log,default_s5_t200,<REMOTE_PROJECT_ROOT>/.venv/bin/python scripts/70_run_posebench_chai_case.py --dataset posebusters_benchmark --case-id 7Z7F_IF3 --gpu 5 --tag default_s5_t200 --seed 1 --num-trunk-recycles 3 --num-diffn-timesteps 200 --num-diffn-samples 5 --num-trunk-samples 1,1779113551.1094081,finished,0,150.164
posebusters_benchmark,7ZCC_OGA,0,613584,logs/chai_default_s5_t200_posebusters_benchmark_7ZCC_OGA.log,default_s5_t200,<REMOTE_PROJECT_ROOT>/.venv/bin/python scripts/70_run_posebench_chai_case.py --dataset posebusters_benchmark --case-id 7ZCC_OGA --gpu 0 --tag default_s5_t200 --seed 1 --num-trunk-recycles 3 --num-diffn-timesteps 200 --num-diffn-samples 5 --num-trunk-samples 1,1779113601.1618297,finished,0,60.065
posebusters_benchmark,7ZDY_6MJ,1,614461,logs/chai_default_s5_t200_posebusters_benchmark_7ZDY_6MJ.log,default_s5_t200,<REMOTE_PROJECT_ROOT>/.venv/bin/python scripts/70_run_posebench_chai_case.py --dataset posebusters_benchmark --case-id 7ZDY_6MJ --gpu 1 --tag default_s5_t200 --seed 1 --num-trunk-recycles 3 --num-diffn-timesteps 200 --num-diffn-samples 5 --num-trunk-samples 1,1779113631.193995,finished,0,60.067
posebusters_benchmark,7ZF0_DHR,3,615272,logs/chai_default_s5_t200_posebusters_benchmark_7ZF0_DHR.log,default_s5_t200,<REMOTE_PROJECT_ROOT>/.venv/bin/python scripts/70_run_posebench_chai_case.py --dataset posebusters_benchmark --case-id 7ZF0_DHR --gpu 3 --tag default_s5_t200 --seed 1 --num-trunk-recycles 3 --num-diffn-timesteps 200 --num-diffn-samples 5 --num-trunk-samples 1,1779113651.2161794,finished,0,120.132
posebusters_benchmark,7ZHP_IQY,7,615950,logs/chai_default_s5_t200_posebusters_benchmark_7ZHP_IQY.log,default_s5_t200,<REMOTE_PROJECT_ROOT>/.venv/bin/python scripts/70_run_posebench_chai_case.py --dataset posebusters_benchmark --case-id 7ZHP_IQY --gpu 7 --tag default_s5_t200 --seed 1 --num-trunk-recycles 3 --num-diffn-timesteps 200 --num-diffn-samples 5 --num-trunk-samples 1,1779113661.22825,finished,0,90.097
posebusters_benchmark,7ZL5_IWE,2,615951,logs/chai_default_s5_t200_posebusters_benchmark_7ZL5_IWE.log,default_s5_t200,<REMOTE_PROJECT_ROOT>/.venv/bin/python scripts/70_run_posebench_chai_case.py --dataset posebusters_benchmark --case-id 7ZL5_IWE --gpu 2 --tag default_s5_t200 --seed 1 --num-trunk-recycles 3 --num-diffn-timesteps 200 --num-diffn-samples 5 --num-trunk-samples 1,1779113661.2295125,finished,0,190.207
posebusters_benchmark,7ZOC_T8E,0,615952,logs/chai_default_s5_t200_posebusters_benchmark_7ZOC_T8E.log,default_s5_t200,<REMOTE_PROJECT_ROOT>/.venv/bin/python scripts/70_run_posebench_chai_case.py --dataset posebusters_benchmark --case-id 7ZOC_T8E --gpu 0 --tag default_s5_t200 --seed 1 --num-trunk-recycles 3 --num-diffn-timesteps 200 --num-diffn-samples 5 --num-trunk-samples 1,1779113661.2308607,finished,0,120.129
posebusters_benchmark,7ZTL_BCN,1,618155,logs/chai_default_s5_t200_posebusters_benchmark_7ZTL_BCN.log,default_s5_t200,<REMOTE_PROJECT_ROOT>/.venv/bin/python scripts/70_run_posebench_chai_case.py --dataset posebusters_benchmark --case-id 7ZTL_BCN --gpu 1 --tag default_s5_t200 --seed 1 --num-trunk-recycles 3 --num-diffn-timesteps 200 --num-diffn-samples 5 --num-trunk-samples 1,1779113691.2629182,finished,0,100.109
posebusters_benchmark,7ZU2_DHT,5,618977,logs/chai_default_s5_t200_posebusters_benchmark_7ZU2_DHT.log,default_s5_t200,<REMOTE_PROJECT_ROOT>/.venv/bin/python scripts/70_run_posebench_chai_case.py --dataset posebusters_benchmark --case-id 7ZU2_DHT --gpu 5 --tag default_s5_t200 --seed 1 --num-trunk-recycles 3 --num-diffn-timesteps 200 --num-diffn-samples 5 --num-trunk-samples 1,1779113701.2750118,finished,0,150.161
posebusters_benchmark,7ZXV_45D,7,619934,logs/chai_default_s5_t200_posebusters_benchmark_7ZXV_45D.log,default_s5_t200,<REMOTE_PROJECT_ROOT>/.venv/bin/python scripts/70_run_posebench_chai_case.py --dataset posebusters_benchmark --case-id 7ZXV_45D --gpu 7 --tag default_s5_t200 --seed 1 --num-trunk-recycles 3 --num-diffn-timesteps 200 --num-diffn-samples 5 --num-trunk-samples 1,1779113751.327522,finished,0,100.109
posebusters_benchmark,7ZXZ_K9R,3,620933,logs/chai_default_s5_t200_posebusters_benchmark_7ZXZ_K9R.log,default_s5_t200,<REMOTE_PROJECT_ROOT>/.venv/bin/python scripts/70_run_posebench_chai_case.py --dataset posebusters_benchmark --case-id 7ZXZ_K9R --gpu 3 --tag default_s5_t200 --seed 1 --num-trunk-recycles 3 --num-diffn-timesteps 200 --num-diffn-samples 5 --num-trunk-samples 1,1779113771.3491843,finished,0,100.114
posebusters_benchmark,7ZYS_KNR,6,621679,logs/chai_default_s5_t200_posebusters_benchmark_7ZYS_KNR.log,default_s5_t200,<REMOTE_PROJECT_ROOT>/.venv/bin/python scripts/70_run_posebench_chai_case.py --dataset posebusters_benchmark --case-id 7ZYS_KNR --gpu 6 --tag default_s5_t200 --seed 1 --num-trunk-recycles 3 --num-diffn-timesteps 200 --num-diffn-samples 5 --num-trunk-samples 1,1779113781.3607306,finished,0,110.125
posebusters_benchmark,7ZZB_KGX,0,621680,logs/chai_default_s5_t200_posebusters_benchmark_7ZZB_KGX.log,default_s5_t200,<REMOTE_PROJECT_ROOT>/.venv/bin/python scripts/70_run_posebench_chai_case.py --dataset posebusters_benchmark --case-id 7ZZB_KGX --gpu 0 --tag default_s5_t200 --seed 1 --num-trunk-recycles 3 --num-diffn-timesteps 200 --num-diffn-samples 5 --num-trunk-samples 1,1779113781.3618414,finished,0,90.101
posebusters_benchmark,7ZZW_KKW,4,623070,logs/chai_default_s5_t200_posebusters_benchmark_7ZZW_KKW.log,default_s5_t200,<REMOTE_PROJECT_ROOT>/.venv/bin/python scripts/70_run_posebench_chai_case.py --dataset posebusters_benchmark --case-id 7ZZW_KKW --gpu 4 --tag default_s5_t200 --seed 1 --num-trunk-recycles 3 --num-diffn-timesteps 200 --num-diffn-samples 5 --num-trunk-samples 1,1779113791.374094,finished,0,70.077
posebusters_benchmark,8A1H_DLZ,1,623071,logs/chai_default_s5_t200_posebusters_benchmark_8A1H_DLZ.log,default_s5_t200,<REMOTE_PROJECT_ROOT>/.venv/bin/python scripts/70_run_posebench_chai_case.py --dataset posebusters_benchmark --case-id 8A1H_DLZ --gpu 1 --tag default_s5_t200 --seed 1 --num-trunk-recycles 3 --num-diffn-timesteps 200 --num-diffn-samples 5 --num-trunk-samples 1,1779113791.3757381,finished,0,190.208
posebusters_benchmark,8A2D_KXY,2,625134,logs/chai_default_s5_t200_posebusters_benchmark_8A2D_KXY.log,default_s5_t200,<REMOTE_PROJECT_ROOT>/.venv/bin/python scripts/70_run_posebench_chai_case.py --dataset posebusters_benchmark --case-id 8A2D_KXY --gpu 2 --tag default_s5_t200 --seed 1 --num-trunk-recycles 3 --num-diffn-timesteps 200 --num-diffn-samples 5 --num-trunk-samples 1,1779113851.4385154,finished,0,90.1
posebusters_benchmark,8AAU_LH0,5,625135,logs/chai_default_s5_t200_posebusters_benchmark_8AAU_LH0.log,default_s5_t200,<REMOTE_PROJECT_ROOT>/.venv/bin/python scripts/70_run_posebench_chai_case.py --dataset posebusters_benchmark --case-id 8AAU_LH0 --gpu 5 --tag default_s5_t200 --seed 1 --num-trunk-recycles 3 --num-diffn-timesteps 200 --num-diffn-samples 5 --num-trunk-samples 1,1779113851.4401774,finished,0,150.166
posebusters_benchmark,8ACL_LQL,7,625136,logs/chai_default_s5_t200_posebusters_benchmark_8ACL_LQL.log,default_s5_t200,<REMOTE_PROJECT_ROOT>/.venv/bin/python scripts/70_run_posebench_chai_case.py --dataset posebusters_benchmark --case-id 8ACL_LQL --gpu 7 --tag default_s5_t200 --seed 1 --num-trunk-recycles 3 --num-diffn-timesteps 200 --num-diffn-samples 5 --num-trunk-samples 1,1779113851.4414392,finished,0,90.097
posebusters_benchmark,8AEM_LVF,4,627166,logs/chai_default_s5_t200_posebusters_benchmark_8AEM_LVF.log,default_s5_t200,<REMOTE_PROJECT_ROOT>/.venv/bin/python scripts/70_run_posebench_chai_case.py --dataset posebusters_benchmark --case-id 8AEM_LVF --gpu 4 --tag default_s5_t200 --seed 1 --num-trunk-recycles 3 --num-diffn-timesteps 200 --num-diffn-samples 5 --num-trunk-samples 1,1779113861.4529116,finished,0,150.165
posebusters_benchmark,8AEU_M0L,3,627904,logs/chai_default_s5_t200_posebusters_benchmark_8AEU_M0L.log,default_s5_t200,<REMOTE_PROJECT_ROOT>/.venv/bin/python scripts/70_run_posebench_chai_case.py --dataset posebusters_benchmark --case-id 8AEU_M0L --gpu 3 --tag default_s5_t200 --seed 1 --num-trunk-recycles 3 --num-diffn-timesteps 200 --num-diffn-samples 5 --num-trunk-samples 1,1779113871.4648094,finished,0,70.074
posebusters_benchmark,8AIE_M7L,0,627905,logs/chai_default_s5_t200_posebusters_benchmark_8AIE_M7L.log,default_s5_t200,<REMOTE_PROJECT_ROOT>/.venv/bin/python scripts/70_run_posebench_chai_case.py --dataset posebusters_benchmark --case-id 8AIE_M7L --gpu 0 --tag default_s5_t200 --seed 1 --num-trunk-recycles 3 --num-diffn-timesteps 200 --num-diffn-samples 5 --num-trunk-samples 1,1779113871.465966,finished,0,190.21
posebusters_benchmark,8AIJ_M9I,6,629354,logs/chai_default_s5_t200_posebusters_benchmark_8AIJ_M9I.log,default_s5_t200,<REMOTE_PROJECT_ROOT>/.venv/bin/python scripts/70_run_posebench_chai_case.py --dataset posebusters_benchmark --case-id 8AIJ_M9I --gpu 6 --tag default_s5_t200 --seed 1 --num-trunk-recycles 3 --num-diffn-timesteps 200 --num-diffn-samples 5 --num-trunk-samples 1,1779113891.488139,finished,0,200.222
posebusters_benchmark,8AJX_FUM,2,630520,logs/chai_default_s5_t200_posebusters_benchmark_8AJX_FUM.log,default_s5_t200,<REMOTE_PROJECT_ROOT>/.venv/bin/python scripts/70_run_posebench_chai_case.py --dataset posebusters_benchmark --case-id 8AJX_FUM --gpu 2 --tag default_s5_t200 --seed 1 --num-trunk-recycles 3 --num-diffn-timesteps 200 --num-diffn-samples 5 --num-trunk-samples 1,1779113941.5403059,finished,0,70.078
posebusters_benchmark,8AP0_PRP,7,630521,logs/chai_default_s5_t200_posebusters_benchmark_8AP0_PRP.log,default_s5_t200,<REMOTE_PROJECT_ROOT>/.venv/bin/python scripts/70_run_posebench_chai_case.py --dataset posebusters_benchmark --case-id 8AP0_PRP --gpu 7 --tag default_s5_t200 --seed 1 --num-trunk-recycles 3 --num-diffn-timesteps 200 --num-diffn-samples 5 --num-trunk-samples 1,1779113941.542022,finished,0,90.102
posebusters_benchmark,8AQL_PLG,3,630522,logs/chai_default_s5_t200_posebusters_benchmark_8AQL_PLG.log,default_s5_t200,<REMOTE_PROJECT_ROOT>/.venv/bin/python scripts/70_run_posebench_chai_case.py --dataset posebusters_benchmark --case-id 8AQL_PLG --gpu 3 --tag default_s5_t200 --seed 1 --num-trunk-recycles 3 --num-diffn-timesteps 200 --num-diffn-samples 5 --num-trunk-samples 1,1779113941.5437443,finished,0,70.075
posebusters_benchmark,8AUH_L9I,1,632761,logs/chai_default_s5_t200_posebusters_benchmark_8AUH_L9I.log,default_s5_t200,<REMOTE_PROJECT_ROOT>/.venv/bin/python scripts/70_run_posebench_chai_case.py --dataset posebusters_benchmark --case-id 8AUH_L9I --gpu 1 --tag default_s5_t200 --seed 1 --num-trunk-recycles 3 --num-diffn-timesteps 200 --num-diffn-samples 5 --num-trunk-samples 1,1779113981.5862033,finished,0,190.212
posebusters_benchmark,8AY3_OE3,5,633627,logs/chai_default_s5_t200_posebusters_benchmark_8AY3_OE3.log,default_s5_t200,<REMOTE_PROJECT_ROOT>/.venv/bin/python scripts/70_run_posebench_chai_case.py --dataset posebusters_benchmark --case-id 8AY3_OE3 --gpu 5 --tag default_s5_t200 --seed 1 --num-trunk-recycles 3 --num-diffn-timesteps 200 --num-diffn-samples 5 --num-trunk-samples 1,1779114001.6081855,finished,0,350.382
posebusters_benchmark,8B8H_OJQ,4,634386,logs/chai_default_s5_t200_posebusters_benchmark_8B8H_OJQ.log,default_s5_t200,<REMOTE_PROJECT_ROOT>/.venv/bin/python scripts/70_run_posebench_chai_case.py --dataset posebusters_benchmark --case-id 8B8H_OJQ --gpu 4 --tag default_s5_t200 --seed 1 --num-trunk-recycles 3 --num-diffn-timesteps 200 --num-diffn-samples 5 --num-trunk-samples 1,1779114011.6205683,finished,0,340.37
posebusters_benchmark,8BN6_R53,2,634387,logs/chai_default_s5_t200_posebusters_benchmark_8BN6_R53.log,default_s5_t200,<REMOTE_PROJECT_ROOT>/.venv/bin/python scripts/70_run_posebench_chai_case.py --dataset posebusters_benchmark --case-id 8BN6_R53 --gpu 2 --tag default_s5_t200 --seed 1 --num-trunk-recycles 3 --num-diffn-timesteps 200 --num-diffn-samples 5 --num-trunk-samples 1,1779114011.622139,finished,0,70.076
posebusters_benchmark,8BOM_QU6,3,634388,logs/chai_default_s5_t200_posebusters_benchmark_8BOM_QU6.log,default_s5_t200,<REMOTE_PROJECT_ROOT>/.venv/bin/python scripts/70_run_posebench_chai_case.py --dataset posebusters_benchmark --case-id 8BOM_QU6 --gpu 3 --tag default_s5_t200 --seed 1 --num-trunk-recycles 3 --num-diffn-timesteps 200 --num-diffn-samples 5 --num-trunk-samples 1,1779114011.6237419,finished,0,90.098
posebusters_benchmark,8BPL_CP,7,636507,logs/chai_default_s5_t200_posebusters_benchmark_8BPL_CP.log,default_s5_t200,<REMOTE_PROJECT_ROOT>/.venv/bin/python scripts/70_run_posebench_chai_case.py --dataset posebusters_benchmark --case-id 8BPL_CP --gpu 7 --tag default_s5_t200 --seed 1 --num-trunk-recycles 3 --num-diffn-timesteps 200 --num-diffn-samples 5 --num-trunk-samples 1,1779114031.6458907,finished,0,90.098
posebusters_benchmark,8BRO_R7E,0,637414,logs/chai_default_s5_t200_posebusters_benchmark_8BRO_R7E.log,default_s5_t200,<REMOTE_PROJECT_ROOT>/.venv/bin/python scripts/70_run_posebench_chai_case.py --dataset posebusters_benchmark --case-id 8BRO_R7E --gpu 0 --tag default_s5_t200 --seed 1 --num-trunk-recycles 3 --num-diffn-timesteps 200 --num-diffn-samples 5 --num-trunk-samples 1,1779114061.6783423,finished,0,70.078
posebusters_benchmark,8BTI_RFO,2,638185,logs/chai_default_s5_t200_posebusters_benchmark_8BTI_RFO.log,default_s5_t200,<REMOTE_PROJECT_ROOT>/.venv/bin/python scripts/70_run_posebench_chai_case.py --dataset posebusters_benchmark --case-id 8BTI_RFO --gpu 2 --tag default_s5_t200 --seed 1 --num-trunk-recycles 3 --num-diffn-timesteps 200 --num-diffn-samples 5 --num-trunk-samples 1,1779114081.6999142,finished,0,100.111
posebusters_benchmark,8C3N_ADP,6,638919,logs/chai_default_s5_t200_posebusters_benchmark_8C3N_ADP.log,default_s5_t200,<REMOTE_PROJECT_ROOT>/.venv/bin/python scripts/70_run_posebench_chai_case.py --dataset posebusters_benchmark --case-id 8C3N_ADP --gpu 6 --tag default_s5_t200 --seed 1 --num-trunk-recycles 3 --num-diffn-timesteps 200 --num-diffn-samples 5 --num-trunk-samples 1,1779114091.7119012,finished,0,150.163
posebusters_benchmark,8C5D_GTB,3,639649,logs/chai_default_s5_t200_posebusters_benchmark_8C5D_GTB.log,default_s5_t200,<REMOTE_PROJECT_ROOT>/.venv/bin/python scripts/70_run_posebench_chai_case.py --dataset posebusters_benchmark --case-id 8C5D_GTB --gpu 3 --tag default_s5_t200 --seed 1 --num-trunk-recycles 3 --num-diffn-timesteps 200 --num-diffn-samples 5 --num-trunk-samples 1,1779114101.7240672,finished,0,120.129
posebusters_benchmark,8C5M_MTA,7,640476,logs/chai_default_s5_t200_posebusters_benchmark_8C5M_MTA.log,default_s5_t200,<REMOTE_PROJECT_ROOT>/.venv/bin/python scripts/70_run_posebench_chai_case.py --dataset posebusters_benchmark --case-id 8C5M_MTA --gpu 7 --tag default_s5_t200 --seed 1 --num-trunk-recycles 3 --num-diffn-timesteps 200 --num-diffn-samples 5 --num-trunk-samples 1,1779114121.7463984,finished,0,120.129
posebusters_benchmark,8C7Y_TXV,0,641164,logs/chai_default_s5_t200_posebusters_benchmark_8C7Y_TXV.log,default_s5_t200,<REMOTE_PROJECT_ROOT>/.venv/bin/python scripts/70_run_posebench_chai_case.py --dataset posebusters_benchmark --case-id 8C7Y_TXV --gpu 0 --tag default_s5_t200 --seed 1 --num-trunk-recycles 3 --num-diffn-timesteps 200 --num-diffn-samples 5 --num-trunk-samples 1,1779114131.758514,finished,0,190.207
posebusters_benchmark,8CGC_LMR,1,642120,logs/chai_default_s5_t200_posebusters_benchmark_8CGC_LMR.log,default_s5_t200,<REMOTE_PROJECT_ROOT>/.venv/bin/python scripts/70_run_posebench_chai_case.py --dataset posebusters_benchmark --case-id 8CGC_LMR --gpu 1 --tag default_s5_t200 --seed 1 --num-trunk-recycles 3 --num-diffn-timesteps 200 --num-diffn-samples 5 --num-trunk-samples 1,1779114171.8007863,finished,0,90.101
posebusters_benchmark,8CI0_8EL,2,642863,logs/chai_default_s5_t200_posebusters_benchmark_8CI0_8EL.log,default_s5_t200,<REMOTE_PROJECT_ROOT>/.venv/bin/python scripts/70_run_posebench_chai_case.py --dataset posebusters_benchmark --case-id 8CI0_8EL --gpu 2 --tag default_s5_t200 --seed 1 --num-trunk-recycles 3 --num-diffn-timesteps 200 --num-diffn-samples 5 --num-trunk-samples 1,1779114181.8129067,finished,0,60.063
posebusters_benchmark,8CNH_V6U,3,643790,logs/chai_default_s5_t200_posebusters_benchmark_8CNH_V6U.log,default_s5_t200,<REMOTE_PROJECT_ROOT>/.venv/bin/python scripts/70_run_posebench_chai_case.py --dataset posebusters_benchmark --case-id 8CNH_V6U --gpu 3 --tag default_s5_t200 --seed 1 --num-trunk-recycles 3 --num-diffn-timesteps 200 --num-diffn-samples 5 --num-trunk-samples 1,1779114221.8552158,finished,0,120.124
posebusters_benchmark,8CSD_C5P,6,644615,logs/chai_default_s5_t200_posebusters_benchmark_8CSD_C5P.log,default_s5_t200,<REMOTE_PROJECT_ROOT>/.venv/bin/python scripts/70_run_posebench_chai_case.py --dataset posebusters_benchmark --case-id 8CSD_C5P --gpu 6 --tag default_s5_t200 --seed 1 --num-trunk-recycles 3 --num-diffn-timesteps 200 --num-diffn-samples 5 --num-trunk-samples 1,1779114241.8772025,finished,0,540.585
posebusters_benchmark,8D19_GSH,7,644616,logs/chai_default_s5_t200_posebusters_benchmark_8D19_GSH.log,default_s5_t200,<REMOTE_PROJECT_ROOT>/.venv/bin/python scripts/70_run_posebench_chai_case.py --dataset posebusters_benchmark --case-id 8D19_GSH --gpu 7 --tag default_s5_t200 --seed 1 --num-trunk-recycles 3 --num-diffn-timesteps 200 --num-diffn-samples 5 --num-trunk-samples 1,1779114241.8788223,finished,0,280.29
posebusters_benchmark,8D39_QDB,2,644617,logs/chai_default_s5_t200_posebusters_benchmark_8D39_QDB.log,default_s5_t200,<REMOTE_PROJECT_ROOT>/.venv/bin/python scripts/70_run_posebench_chai_case.py --dataset posebusters_benchmark --case-id 8D39_QDB --gpu 2 --tag default_s5_t200 --seed 1 --num-trunk-recycles 3 --num-diffn-timesteps 200 --num-diffn-samples 5 --num-trunk-samples 1,1779114241.8805637,finished,0,120.124
posebusters_benchmark,8D5D_5DK,1,646650,logs/chai_default_s5_t200_posebusters_benchmark_8D5D_5DK.log,default_s5_t200,<REMOTE_PROJECT_ROOT>/.venv/bin/python scripts/70_run_posebench_chai_case.py --dataset posebusters_benchmark --case-id 8D5D_5DK --gpu 1 --tag default_s5_t200 --seed 1 --num-trunk-recycles 3 --num-diffn-timesteps 200 --num-diffn-samples 5 --num-trunk-samples 1,1779114261.9044268,finished,0,290.298
posebusters_benchmark,8DHG_T78,0,647736,logs/chai_default_s5_t200_posebusters_benchmark_8DHG_T78.log,default_s5_t200,<REMOTE_PROJECT_ROOT>/.venv/bin/python scripts/70_run_posebench_chai_case.py --dataset posebusters_benchmark --case-id 8DHG_T78 --gpu 0 --tag default_s5_t200 --seed 1 --num-trunk-recycles 3 --num-diffn-timesteps 200 --num-diffn-samples 5 --num-trunk-samples 1,1779114321.9670866,finished,0,120.116
posebusters_benchmark,8DKO_TFB,3,648556,logs/chai_default_s5_t200_posebusters_benchmark_8DKO_TFB.log,default_s5_t200,<REMOTE_PROJECT_ROOT>/.venv/bin/python scripts/70_run_posebench_chai_case.py --dataset posebusters_benchmark --case-id 8DKO_TFB --gpu 3 --tag default_s5_t200 --seed 1 --num-trunk-recycles 3 --num-diffn-timesteps 200 --num-diffn-samples 5 --num-trunk-samples 1,1779114341.9806132,finished,0,290.316
posebusters_benchmark,8DP2_UMA,5,649313,logs/chai_default_s5_t200_posebusters_benchmark_8DP2_UMA.log,default_s5_t200,<REMOTE_PROJECT_ROOT>/.venv/bin/python scripts/70_run_posebench_chai_case.py --dataset posebusters_benchmark --case-id 8DP2_UMA --gpu 5 --tag default_s5_t200 --seed 1 --num-trunk-recycles 3 --num-diffn-timesteps 200 --num-diffn-samples 5 --num-trunk-samples 1,1779114351.9926758,finished,0,200.21
posebusters_benchmark,8DSC_NCA,4,649314,logs/chai_default_s5_t200_posebusters_benchmark_8DSC_NCA.log,default_s5_t200,<REMOTE_PROJECT_ROOT>/.venv/bin/python scripts/70_run_posebench_chai_case.py --dataset posebusters_benchmark --case-id 8DSC_NCA --gpu 4 --tag default_s5_t200 --seed 1 --num-trunk-recycles 3 --num-diffn-timesteps 200 --num-diffn-samples 5 --num-trunk-samples 1,1779114351.9943025,finished,0,290.314
posebusters_benchmark,8DW5_FQ7,2,650682,logs/chai_default_s5_t200_posebusters_benchmark_8DW5_FQ7.log,default_s5_t200,<REMOTE_PROJECT_ROOT>/.venv/bin/python scripts/70_run_posebench_chai_case.py --dataset posebusters_benchmark --case-id 8DW5_FQ7 --gpu 2 --tag default_s5_t200 --seed 1 --num-trunk-recycles 3 --num-diffn-timesteps 200 --num-diffn-samples 5 --num-trunk-samples 1,1779114362.006477,finished,0,70.065
posebusters_benchmark,8DZT_G4P,2,652001,logs/chai_default_s5_t200_posebusters_benchmark_8DZT_G4P.log,default_s5_t200,<REMOTE_PROJECT_ROOT>/.venv/bin/python scripts/70_run_posebench_chai_case.py --dataset posebusters_benchmark --case-id 8DZT_G4P --gpu 2 --tag default_s5_t200 --seed 1 --num-trunk-recycles 3 --num-diffn-timesteps 200 --num-diffn-samples 5 --num-trunk-samples 1,1779114432.0731707,finished,0,100.107
posebusters_benchmark,8E77_ULP,0,652753,logs/chai_default_s5_t200_posebusters_benchmark_8E77_ULP.log,default_s5_t200,<REMOTE_PROJECT_ROOT>/.venv/bin/python scripts/70_run_posebench_chai_case.py --dataset posebusters_benchmark --case-id 8E77_ULP --gpu 0 --tag default_s5_t200 --seed 1 --num-trunk-recycles 3 --num-diffn-timesteps 200 --num-diffn-samples 5 --num-trunk-samples 1,1779114442.0848656,finished,0,120.132
posebusters_benchmark,8EAB_VN2,7,654291,logs/chai_default_s5_t200_posebusters_benchmark_8EAB_VN2.log,default_s5_t200,<REMOTE_PROJECT_ROOT>/.venv/bin/python scripts/70_run_posebench_chai_case.py --dataset posebusters_benchmark --case-id 8EAB_VN2 --gpu 7 --tag default_s5_t200 --seed 1 --num-trunk-recycles 3 --num-diffn-timesteps 200 --num-diffn-samples 5 --num-trunk-samples 1,1779114522.1703928,finished,0,100.111
posebusters_benchmark,8EAD_UY0,2,655019,logs/chai_default_s5_t200_posebusters_benchmark_8EAD_UY0.log,default_s5_t200,<REMOTE_PROJECT_ROOT>/.venv/bin/python scripts/70_run_posebench_chai_case.py --dataset posebusters_benchmark --case-id 8EAD_UY0 --gpu 2 --tag default_s5_t200 --seed 1 --num-trunk-recycles 3 --num-diffn-timesteps 200 --num-diffn-samples 5 --num-trunk-samples 1,1779114532.1821697,finished,0,70.077
posebusters_benchmark,8ERS_WQO,1,655821,logs/chai_default_s5_t200_posebusters_benchmark_8ERS_WQO.log,default_s5_t200,<REMOTE_PROJECT_ROOT>/.venv/bin/python scripts/70_run_posebench_chai_case.py --dataset posebusters_benchmark --case-id 8ERS_WQO --gpu 1 --tag default_s5_t200 --seed 1 --num-trunk-recycles 3 --num-diffn-timesteps 200 --num-diffn-samples 5 --num-trunk-samples 1,1779114552.2047498,finished,0,100.118
posebusters_benchmark,8EX2_Q2Q,5,655822,logs/chai_default_s5_t200_posebusters_benchmark_8EX2_Q2Q.log,default_s5_t200,<REMOTE_PROJECT_ROOT>/.venv/bin/python scripts/70_run_posebench_chai_case.py --dataset posebusters_benchmark --case-id 8EX2_Q2Q --gpu 5 --tag default_s5_t200 --seed 1 --num-trunk-recycles 3 --num-diffn-timesteps 200 --num-diffn-samples 5 --num-trunk-samples 1,1779114552.206625,finished,0,150.169
posebusters_benchmark,8EXL_799,0,657155,logs/chai_default_s5_t200_posebusters_benchmark_8EXL_799.log,default_s5_t200,<REMOTE_PROJECT_ROOT>/.venv/bin/python scripts/70_run_posebench_chai_case.py --dataset posebusters_benchmark --case-id 8EXL_799 --gpu 0 --tag default_s5_t200 --seed 1 --num-trunk-recycles 3 --num-diffn-timesteps 200 --num-diffn-samples 5 --num-trunk-samples 1,1779114562.218692,finished,0,290.325
posebusters_benchmark,8EYE_X4I,2,658115,logs/chai_default_s5_t200_posebusters_benchmark_8EYE_X4I.log,default_s5_t200,<REMOTE_PROJECT_ROOT>/.venv/bin/python scripts/70_run_posebench_chai_case.py --dataset posebusters_benchmark --case-id 8EYE_X4I --gpu 2 --tag default_s5_t200 --seed 1 --num-trunk-recycles 3 --num-diffn-timesteps 200 --num-diffn-samples 5 --num-trunk-samples 1,1779114602.2611704,finished,0,290.325
posebusters_benchmark,8F4J_PHO,7,658847,logs/chai_default_s5_t200_posebusters_benchmark_8F4J_PHO.log,default_s5_t200,<REMOTE_PROJECT_ROOT>/.venv/bin/python scripts/70_run_posebench_chai_case.py --dataset posebusters_benchmark --case-id 8F4J_PHO --gpu 7 --tag default_s5_t200 --seed 1 --num-trunk-recycles 3 --num-diffn-timesteps 200 --num-diffn-samples 5 --num-trunk-samples 1,1779114622.2830796,finished,0,20.026
posebusters_benchmark,8F8E_XJI,3,659184,logs/chai_default_s5_t200_posebusters_benchmark_8F8E_XJI.log,default_s5_t200,<REMOTE_PROJECT_ROOT>/.venv/bin/python scripts/70_run_posebench_chai_case.py --dataset posebusters_benchmark --case-id 8F8E_XJI --gpu 3 --tag default_s5_t200 --seed 1 --num-trunk-recycles 3 --num-diffn-timesteps 200 --num-diffn-samples 5 --num-trunk-samples 1,1779114632.2984188,finished,0,190.211
posebusters_benchmark,8FAV_4Y5,4,660288,logs/chai_default_s5_t200_posebusters_benchmark_8FAV_4Y5.log,default_s5_t200,<REMOTE_PROJECT_ROOT>/.venv/bin/python scripts/70_run_posebench_chai_case.py --dataset posebusters_benchmark --case-id 8FAV_4Y5 --gpu 4 --tag default_s5_t200 --seed 1 --num-trunk-recycles 3 --num-diffn-timesteps 200 --num-diffn-samples 5 --num-trunk-samples 1,1779114642.3108382,finished,0,190.21
posebusters_benchmark,8FLN_Y7W,7,660289,logs/chai_default_s5_t200_posebusters_benchmark_8FLN_Y7W.log,default_s5_t200,<REMOTE_PROJECT_ROOT>/.venv/bin/python scripts/70_run_posebench_chai_case.py --dataset posebusters_benchmark --case-id 8FLN_Y7W --gpu 7 --tag default_s5_t200 --seed 1 --num-trunk-recycles 3 --num-diffn-timesteps 200 --num-diffn-samples 5 --num-trunk-samples 1,1779114642.3125367,finished,0,90.095
posebusters_benchmark,8FLV_ZB9,1,661663,logs/chai_default_s5_t200_posebusters_benchmark_8FLV_ZB9.log,default_s5_t200,<REMOTE_PROJECT_ROOT>/.venv/bin/python scripts/70_run_posebench_chai_case.py --dataset posebusters_benchmark --case-id 8FLV_ZB9 --gpu 1 --tag default_s5_t200 --seed 1 --num-trunk-recycles 3 --num-diffn-timesteps 200 --num-diffn-samples 5 --num-trunk-samples 1,1779114652.3248293,finished,0,90.095
posebusters_benchmark,8FO5_Y4U,5,662629,logs/chai_default_s5_t200_posebusters_benchmark_8FO5_Y4U.log,default_s5_t200,<REMOTE_PROJECT_ROOT>/.venv/bin/python scripts/70_run_posebench_chai_case.py --dataset posebusters_benchmark --case-id 8FO5_Y4U --gpu 5 --tag default_s5_t200 --seed 1 --num-trunk-recycles 3 --num-diffn-timesteps 200 --num-diffn-samples 5 --num-trunk-samples 1,1779114702.3776665,finished,0,550.568
posebusters_benchmark,8FV9_80J,7,663466,logs/chai_default_s5_t200_posebusters_benchmark_8FV9_80J.log,default_s5_t200,<REMOTE_PROJECT_ROOT>/.venv/bin/python scripts/70_run_posebench_chai_case.py --dataset posebusters_benchmark --case-id 8FV9_80J --gpu 7 --tag default_s5_t200 --seed 1 --num-trunk-recycles 3 --num-diffn-timesteps 200 --num-diffn-samples 5 --num-trunk-samples 1,1779114732.4097714,finished,0,50.053
posebusters_benchmark,8G0V_YHT,1,664150,logs/chai_default_s5_t200_posebusters_benchmark_8G0V_YHT.log,default_s5_t200,<REMOTE_PROJECT_ROOT>/.venv/bin/python scripts/70_run_posebench_chai_case.py --dataset posebusters_benchmark --case-id 8G0V_YHT --gpu 1 --tag default_s5_t200 --seed 1 --num-trunk-recycles 3 --num-diffn-timesteps 200 --num-diffn-samples 5 --num-trunk-samples 1,1779114742.4219334,finished,0,60.065
posebusters_benchmark,8G43_ZU6,6,665101,logs/chai_default_s5_t200_posebusters_benchmark_8G43_ZU6.log,default_s5_t200,<REMOTE_PROJECT_ROOT>/.venv/bin/python scripts/70_run_posebench_chai_case.py --dataset posebusters_benchmark --case-id 8G43_ZU6 --gpu 6 --tag default_s5_t200 --seed 1 --num-trunk-recycles 3 --num-diffn-timesteps 200 --num-diffn-samples 5 --num-trunk-samples 1,1779114782.464769,finished,0,110.121
posebusters_benchmark,8G6P_API,7,665102,logs/chai_default_s5_t200_posebusters_benchmark_8G6P_API.log,default_s5_t200,<REMOTE_PROJECT_ROOT>/.venv/bin/python scripts/70_run_posebench_chai_case.py --dataset posebusters_benchmark --case-id 8G6P_API --gpu 7 --tag default_s5_t200 --seed 1 --num-trunk-recycles 3 --num-diffn-timesteps 200 --num-diffn-samples 5 --num-trunk-samples 1,1779114782.4667099,finished,0,180.193
posebusters_benchmark,8GFD_ZHR,1,666481,logs/chai_default_s5_t200_posebusters_benchmark_8GFD_ZHR.log,default_s5_t200,<REMOTE_PROJECT_ROOT>/.venv/bin/python scripts/70_run_posebench_chai_case.py --dataset posebusters_benchmark --case-id 8GFD_ZHR --gpu 1 --tag default_s5_t200 --seed 1 --num-trunk-recycles 3 --num-diffn-timesteps 200 --num-diffn-samples 5 --num-trunk-samples 1,1779114802.4891121,finished,0,180.191
posebusters_benchmark,8H0M_2EH,3,667279,logs/chai_default_s5_t200_posebusters_benchmark_8H0M_2EH.log,default_s5_t200,<REMOTE_PROJECT_ROOT>/.venv/bin/python scripts/70_run_posebench_chai_case.py --dataset posebusters_benchmark --case-id 8H0M_2EH --gpu 3 --tag default_s5_t200 --seed 1 --num-trunk-recycles 3 --num-diffn-timesteps 200 --num-diffn-samples 5 --num-trunk-samples 1,1779114822.511143,finished,0,120.128
posebusters_benchmark,8HFN_XGC,4,668000,logs/chai_default_s5_t200_posebusters_benchmark_8HFN_XGC.log,default_s5_t200,<REMOTE_PROJECT_ROOT>/.venv/bin/python scripts/70_run_posebench_chai_case.py --dataset posebusters_benchmark --case-id 8HFN_XGC --gpu 4 --tag default_s5_t200 --seed 1 --num-trunk-recycles 3 --num-diffn-timesteps 200 --num-diffn-samples 5 --num-trunk-samples 1,1779114832.5231352,finished,0,120.126
posebusters_benchmark,8HO0_3ZI,0,668770,logs/chai_default_s5_t200_posebusters_benchmark_8HO0_3ZI.log,default_s5_t200,<REMOTE_PROJECT_ROOT>/.venv/bin/python scripts/70_run_posebench_chai_case.py --dataset posebusters_benchmark --case-id 8HO0_3ZI --gpu 0 --tag default_s5_t200 --seed 1 --num-trunk-recycles 3 --num-diffn-timesteps 200 --num-diffn-samples 5 --num-trunk-samples 1,1779114852.545518,finished,0,120.124
posebusters_benchmark,8SLG_G5A,2,669775,logs/chai_default_s5_t200_posebusters_benchmark_8SLG_G5A.log,default_s5_t200,<REMOTE_PROJECT_ROOT>/.venv/bin/python scripts/70_run_posebench_chai_case.py --dataset posebusters_benchmark --case-id 8SLG_G5A --gpu 2 --tag default_s5_t200 --seed 1 --num-trunk-recycles 3 --num-diffn-timesteps 200 --num-diffn-samples 5 --num-trunk-samples 1,1779114892.588409,finished,0,290.287
