dataset,mol_id,pdb_id,method,method_family,attempted,status_ok,success_2a,rmsd,prediction_path,confidence_primary,confidence_secondary,protein_drift_a,pocket_drift_a,heavy_atom_count_match,ligand_heavy_atoms,ligand_chiral_centers,max_train_ligand_tanimoto,train_scaffold_exact_match,train_pdb_id_overlap,case_key
astex_diverse,1G9V_RQ3,1g9v,Vina/Meeko full,classical,True,True,False,5.6613191642937775,results/posebench_702_predictions/vina_cpu_full/astex_diverse/1G9V_RQ3/vina_poses.pdbqt,8.002,,,,1.0,25.0,0.0,0.4285714285714285,False,False,astex_diverse::1G9V_RQ3
astex_diverse,1GKC_NFH,1gkc,Vina/Meeko full,classical,True,True,False,5.585912141677978,results/posebench_702_predictions/vina_cpu_full/astex_diverse/1GKC_NFH/vina_poses.pdbqt,6.939,,,,1.0,22.0,2.0,0.2777777777777778,False,False,astex_diverse::1GKC_NFH
astex_diverse,1GM8_SOX,1gm8,Vina/Meeko full,classical,True,True,False,5.238780507745417,results/posebench_702_predictions/vina_cpu_full/astex_diverse/1GM8_SOX/vina_poses.pdbqt,7.974,,,,1.0,24.0,4.0,0.3384615384615385,False,False,astex_diverse::1GM8_SOX
astex_diverse,1GPK_HUP,1gpk,Vina/Meeko full,classical,True,True,False,3.509007892394786,results/posebench_702_predictions/vina_cpu_full/astex_diverse/1GPK_HUP/vina_poses.pdbqt,10.66,,,,1.0,18.0,2.0,0.1969696969696969,False,False,astex_diverse::1GPK_HUP
astex_diverse,1HNN_SKF,1hnn,Vina/Meeko full,classical,True,True,False,3.888645283753345,results/posebench_702_predictions/vina_cpu_full/astex_diverse/1HNN_SKF/vina_poses.pdbqt,8.476,,,,1.0,14.0,0.0,0.4186046511627907,False,False,astex_diverse::1HNN_SKF
astex_diverse,1HP0_AD3,1hp0,Vina/Meeko full,classical,True,True,False,2.8297886846900773,results/posebench_702_predictions/vina_cpu_full/astex_diverse/1HP0_AD3/vina_poses.pdbqt,8.471,,,,1.0,19.0,4.0,0.6458333333333334,False,False,astex_diverse::1HP0_AD3
astex_diverse,1HQ2_PH2,1hq2,Vina/Meeko full,classical,True,True,False,2.784330170795123,results/posebench_702_predictions/vina_cpu_full/astex_diverse/1HQ2_PH2/vina_poses.pdbqt,8.117,,,,1.0,14.0,0.0,0.5686274509803921,False,False,astex_diverse::1HQ2_PH2
astex_diverse,1HVY_D16,1hvy,Vina/Meeko full,classical,True,True,False,9.213708080558554,results/posebench_702_predictions/vina_cpu_full/astex_diverse/1HVY_D16/vina_poses.pdbqt,9.815,,,,1.0,32.0,1.0,1.0,True,False,astex_diverse::1HVY_D16
astex_diverse,1HWI_115,1hwi,Vina/Meeko full,classical,True,True,False,5.813570543707771,results/posebench_702_predictions/vina_cpu_full/astex_diverse/1HWI_115/vina_poses.pdbqt,9.116,,,,1.0,30.0,2.0,0.2898550724637681,True,False,astex_diverse::1HWI_115
astex_diverse,1HWW_SWA,1hww,Vina/Meeko full,classical,True,True,False,3.522495020105303,results/posebench_702_predictions/vina_cpu_full/astex_diverse/1HWW_SWA/vina_poses.pdbqt,6.323,,,,1.0,12.0,4.0,0.1818181818181818,False,False,astex_diverse::1HWW_SWA
astex_diverse,1IA1_TQ3,1ia1,Vina/Meeko full,classical,True,True,False,3.194603327653158,results/posebench_702_predictions/vina_cpu_full/astex_diverse/1IA1_TQ3/vina_poses.pdbqt,7.89,,,,1.0,19.0,0.0,0.2745098039215686,False,False,astex_diverse::1IA1_TQ3
astex_diverse,1IG3_VIB,1ig3,Vina/Meeko full,classical,True,True,False,5.24393932713439,results/posebench_702_predictions/vina_cpu_full/astex_diverse/1IG3_VIB/vina_poses.pdbqt,7.069,,,,1.0,18.0,0.0,0.6428571428571429,True,False,astex_diverse::1IG3_VIB
astex_diverse,1J3J_CP6,1j3j,Vina/Meeko full,classical,True,True,False,3.895716372995283,results/posebench_702_predictions/vina_cpu_full/astex_diverse/1J3J_CP6/vina_poses.pdbqt,7.705,,,,1.0,17.0,0.0,1.0,True,False,astex_diverse::1J3J_CP6
astex_diverse,1JD0_AZM,1jd0,Vina/Meeko full,classical,True,True,False,4.891778094218596,results/posebench_702_predictions/vina_cpu_full/astex_diverse/1JD0_AZM/vina_poses.pdbqt,6.05,,,,1.0,13.0,0.0,0.2888888888888888,False,False,astex_diverse::1JD0_AZM
astex_diverse,1JJE_BYS,1jje,Vina/Meeko full,classical,True,True,False,3.3480300237602414,results/posebench_702_predictions/vina_cpu_full/astex_diverse/1JJE_BYS/vina_poses.pdbqt,8.327,,,,1.0,25.0,2.0,0.3673469387755102,False,False,astex_diverse::1JJE_BYS
astex_diverse,1JLA_TNK,1jla,Vina/Meeko full,classical,True,True,False,4.127771872285292,results/posebench_702_predictions/vina_cpu_full/astex_diverse/1JLA_TNK/vina_poses.pdbqt,11.545,,,,1.0,27.0,0.0,0.2898550724637681,False,False,astex_diverse::1JLA_TNK
astex_diverse,1K3U_IAD,1k3u,Vina/Meeko full,classical,True,True,True,1.6885283251286922,results/posebench_702_predictions/vina_cpu_full/astex_diverse/1K3U_IAD/vina_poses.pdbqt,10.215,,,,1.0,21.0,1.0,0.5454545454545454,True,False,astex_diverse::1K3U_IAD
astex_diverse,1KE5_LS1,1ke5,Vina/Meeko full,classical,True,True,False,5.819690112024866,results/posebench_702_predictions/vina_cpu_full/astex_diverse/1KE5_LS1/vina_poses.pdbqt,9.61,,,,1.0,23.0,0.0,0.3272727272727272,False,False,astex_diverse::1KE5_LS1
astex_diverse,1KZK_JE2,1kzk,Vina/Meeko full,classical,True,True,False,3.992199641251644,results/posebench_702_predictions/vina_cpu_full/astex_diverse/1KZK_JE2/vina_poses.pdbqt,11.837,,,,1.0,41.0,3.0,0.2391304347826087,False,False,astex_diverse::1KZK_JE2
astex_diverse,1L2S_STC,1l2s,Vina/Meeko full,classical,True,True,False,5.532989759995089,results/posebench_702_predictions/vina_cpu_full/astex_diverse/1L2S_STC/vina_poses.pdbqt,7.671,,,,1.0,19.0,0.0,0.3421052631578947,False,False,astex_diverse::1L2S_STC
astex_diverse,1L7F_BCZ,1l7f,Vina/Meeko full,classical,True,True,False,4.573480517448201,results/posebench_702_predictions/vina_cpu_full/astex_diverse/1L7F_BCZ/vina_poses.pdbqt,7.128,,,,1.0,23.0,5.0,1.0,True,False,astex_diverse::1L7F_BCZ
astex_diverse,1LPZ_CMB,1lpz,Vina/Meeko full,classical,True,True,False,4.4477079736365335,results/posebench_702_predictions/vina_cpu_full/astex_diverse/1LPZ_CMB/vina_poses.pdbqt,10.571,,,,1.0,32.0,0.0,0.3717948717948718,False,False,astex_diverse::1LPZ_CMB
astex_diverse,1LRH_NLA,1lrh,Vina/Meeko full,classical,True,True,False,3.657113938222715,results/posebench_702_predictions/vina_cpu_full/astex_diverse/1LRH_NLA/vina_poses.pdbqt,8.03,,,,1.0,14.0,0.0,0.6060606060606061,True,False,astex_diverse::1LRH_NLA
astex_diverse,1M2Z_DEX,1m2z,Vina/Meeko full,classical,True,True,False,4.933589377203695,results/posebench_702_predictions/vina_cpu_full/astex_diverse/1M2Z_DEX/vina_poses.pdbqt,9.711,,,,1.0,28.0,8.0,1.0,True,False,astex_diverse::1M2Z_DEX
astex_diverse,1MEH_MOA,1meh,Vina/Meeko full,classical,True,True,False,7.764172357135327,results/posebench_702_predictions/vina_cpu_full/astex_diverse/1MEH_MOA/vina_poses.pdbqt,7.232,,,,1.0,23.0,0.0,0.2307692307692307,False,False,astex_diverse::1MEH_MOA
astex_diverse,1MMV_3AR,1mmv,Vina/Meeko full,classical,True,True,False,6.368797071137793,results/posebench_702_predictions/vina_cpu_full/astex_diverse/1MMV_3AR/vina_poses.pdbqt,5.421,,,,1.0,15.0,1.0,0.6470588235294118,False,False,astex_diverse::1MMV_3AR
astex_diverse,1MZC_BNE,1mzc,Vina/Meeko full,classical,True,True,False,7.589908239610957,results/posebench_702_predictions/vina_cpu_full/astex_diverse/1MZC_BNE/vina_poses.pdbqt,8.068,,,,1.0,35.0,2.0,0.2129629629629629,False,False,astex_diverse::1MZC_BNE
astex_diverse,1N1M_A3M,1n1m,Vina/Meeko full,classical,True,True,False,2.970699707139716,results/posebench_702_predictions/vina_cpu_full/astex_diverse/1N1M_A3M/vina_poses.pdbqt,5.717,,,,1.0,12.0,1.0,0.3170731707317073,True,False,astex_diverse::1N1M_A3M
astex_diverse,1N2J_PAF,1n2j,Vina/Meeko full,classical,True,True,False,10.400770442616258,results/posebench_702_predictions/vina_cpu_full/astex_diverse/1N2J_PAF/vina_poses.pdbqt,4.84,,,,1.0,10.0,1.0,0.2857142857142857,False,False,astex_diverse::1N2J_PAF
astex_diverse,1N2V_BDI,1n2v,Vina/Meeko full,classical,True,True,False,4.927505717906373,results/posebench_702_predictions/vina_cpu_full/astex_diverse/1N2V_BDI/vina_poses.pdbqt,7.247,,,,1.0,15.0,0.0,0.2244897959183673,False,False,astex_diverse::1N2V_BDI
astex_diverse,1N46_PFA,1n46,Vina/Meeko full,classical,True,True,False,4.655848711268679,results/posebench_702_predictions/vina_cpu_full/astex_diverse/1N46_PFA/vina_poses.pdbqt,11.724,,,,1.0,27.0,0.0,0.2608695652173913,False,False,astex_diverse::1N46_PFA
astex_diverse,1NAV_IH5,1nav,Vina/Meeko full,classical,True,True,False,5.212381496932588,results/posebench_702_predictions/vina_cpu_full/astex_diverse/1NAV_IH5/vina_poses.pdbqt,10.155,,,,1.0,23.0,0.0,0.3620689655172414,True,False,astex_diverse::1NAV_IH5
astex_diverse,1OF1_SCT,1of1,Vina/Meeko full,classical,True,True,False,2.996401768047061,results/posebench_702_predictions/vina_cpu_full/astex_diverse/1OF1_SCT/vina_poses.pdbqt,8.021,,,,1.0,18.0,4.0,0.3492063492063492,False,False,astex_diverse::1OF1_SCT
astex_diverse,1OF6_DTY,1of6,Vina/Meeko full,classical,True,True,False,2.986481310067856,results/posebench_702_predictions/vina_cpu_full/astex_diverse/1OF6_DTY/vina_poses.pdbqt,8.211,,,,1.0,13.0,1.0,0.5142857142857142,True,False,astex_diverse::1OF6_DTY
astex_diverse,1OPK_P16,1opk,Vina/Meeko full,classical,True,True,False,3.3847026049769773,results/posebench_702_predictions/vina_cpu_full/astex_diverse/1OPK_P16/vina_poses.pdbqt,12.001,,,,1.0,29.0,0.0,0.3522727272727273,False,False,astex_diverse::1OPK_P16
astex_diverse,1OQ5_CEL,1oq5,Vina/Meeko full,classical,True,True,False,6.076251963429176,results/posebench_702_predictions/vina_cpu_full/astex_diverse/1OQ5_CEL/vina_poses.pdbqt,8.151,,,,1.0,26.0,0.0,1.0,True,False,astex_diverse::1OQ5_CEL
astex_diverse,1OWE_675,1owe,Vina/Meeko full,classical,True,True,False,3.345905204330158,results/posebench_702_predictions/vina_cpu_full/astex_diverse/1OWE_675/vina_poses.pdbqt,8.102,,,,1.0,22.0,0.0,0.4313725490196078,False,False,astex_diverse::1OWE_675
astex_diverse,1OYT_FSN,1oyt,Vina/Meeko full,classical,True,True,False,5.995639209736802,results/posebench_702_predictions/vina_cpu_full/astex_diverse/1OYT_FSN/vina_poses.pdbqt,9.449,,,,1.0,30.0,4.0,0.2878787878787879,False,False,astex_diverse::1OYT_FSN
astex_diverse,1P2Y_NCT,1p2y,Vina/Meeko full,classical,True,True,False,3.043706402836296,results/posebench_702_predictions/vina_cpu_full/astex_diverse/1P2Y_NCT/vina_poses.pdbqt,5.76,,,,1.0,12.0,1.0,1.0,True,False,astex_diverse::1P2Y_NCT
astex_diverse,1P62_GEO,1p62,Vina/Meeko full,classical,True,True,False,4.551353400668615,results/posebench_702_predictions/vina_cpu_full/astex_diverse/1P62_GEO/vina_poses.pdbqt,7.807,,,,1.0,18.0,3.0,0.6041666666666666,True,False,astex_diverse::1P62_GEO
astex_diverse,1PMN_984,1pmn,Vina/Meeko full,classical,True,True,False,5.758219424387537,results/posebench_702_predictions/vina_cpu_full/astex_diverse/1PMN_984/vina_poses.pdbqt,9.888,,,,1.0,33.0,0.0,0.3258426966292135,False,False,astex_diverse::1PMN_984
astex_diverse,1Q1G_MTI,1q1g,Vina/Meeko full,classical,True,True,False,6.289348698394773,results/posebench_702_predictions/vina_cpu_full/astex_diverse/1Q1G_MTI/vina_poses.pdbqt,8.466,,,,1.0,20.0,4.0,0.4821428571428571,False,False,astex_diverse::1Q1G_MTI
astex_diverse,1Q41_IXM,1q41,Vina/Meeko full,classical,True,True,True,1.0364240261132325,results/posebench_702_predictions/vina_cpu_full/astex_diverse/1Q41_IXM/vina_poses.pdbqt,10.415,,,,1.0,21.0,0.0,0.3333333333333333,False,False,astex_diverse::1Q41_IXM
astex_diverse,1Q4G_BFL,1q4g,Vina/Meeko full,classical,True,True,False,4.868478866195087,results/posebench_702_predictions/vina_cpu_full/astex_diverse/1Q4G_BFL/vina_poses.pdbqt,8.835,,,,1.0,17.0,1.0,0.5483870967741935,True,False,astex_diverse::1Q4G_BFL
astex_diverse,1R1H_BIR,1r1h,Vina/Meeko full,classical,True,True,False,2.2444180875505646,results/posebench_702_predictions/vina_cpu_full/astex_diverse/1R1H_BIR/vina_poses.pdbqt,9.831,,,,1.0,29.0,4.0,0.4925373134328358,True,False,astex_diverse::1R1H_BIR
astex_diverse,1R55_097,1r55,Vina/Meeko full,classical,True,True,False,4.806192509126388,results/posebench_702_predictions/vina_cpu_full/astex_diverse/1R55_097/vina_poses.pdbqt,6.59,,,,1.0,23.0,3.0,0.3333333333333333,False,False,astex_diverse::1R55_097
astex_diverse,1R58_AO5,1r58,Vina/Meeko full,classical,True,True,False,3.823445049098818,results/posebench_702_predictions/vina_cpu_full/astex_diverse/1R58_AO5/vina_poses.pdbqt,7.942,,,,1.0,23.0,2.0,0.3928571428571428,True,False,astex_diverse::1R58_AO5
astex_diverse,1R9O_FLP,1r9o,Vina/Meeko full,classical,True,True,False,11.1985388977511,results/posebench_702_predictions/vina_cpu_full/astex_diverse/1R9O_FLP/vina_poses.pdbqt,8.439,,,,1.0,18.0,1.0,0.4680851063829787,True,False,astex_diverse::1R9O_FLP
astex_diverse,1S19_MC9,1s19,Vina/Meeko full,classical,True,True,False,6.194088832642511,results/posebench_702_predictions/vina_cpu_full/astex_diverse/1S19_MC9/vina_poses.pdbqt,10.118,,,,1.0,30.0,7.0,0.6285714285714286,False,False,astex_diverse::1S19_MC9
astex_diverse,1S3V_TQD,1s3v,Vina/Meeko full,classical,True,True,False,7.551656972945543,results/posebench_702_predictions/vina_cpu_full/astex_diverse/1S3V_TQD/vina_poses.pdbqt,9.388,,,,1.0,27.0,2.0,0.2537313432835821,False,False,astex_diverse::1S3V_TQD
astex_diverse,1SG0_STL,1sg0,Vina/Meeko full,classical,True,True,False,5.349808710159095,results/posebench_702_predictions/vina_cpu_full/astex_diverse/1SG0_STL/vina_poses.pdbqt,9.391,,,,1.0,17.0,0.0,1.0,True,False,astex_diverse::1SG0_STL
astex_diverse,1SJ0_E4D,1sj0,Vina/Meeko full,classical,True,True,False,4.469148013849729,results/posebench_702_predictions/vina_cpu_full/astex_diverse/1SJ0_E4D/vina_poses.pdbqt,9.058,,,,1.0,33.0,2.0,0.4571428571428571,False,False,astex_diverse::1SJ0_E4D
astex_diverse,1SQ5_PAU,1sq5,Vina/Meeko full,classical,True,True,False,5.605376918638032,results/posebench_702_predictions/vina_cpu_full/astex_diverse/1SQ5_PAU/vina_poses.pdbqt,5.939,,,,1.0,15.0,1.0,0.5116279069767442,False,False,astex_diverse::1SQ5_PAU
astex_diverse,1SQN_NDR,1sqn,Vina/Meeko full,classical,True,True,True,1.3021623973571457,results/posebench_702_predictions/vina_cpu_full/astex_diverse/1SQN_NDR/vina_poses.pdbqt,11.11,,,,1.0,22.0,6.0,0.3174603174603174,True,False,astex_diverse::1SQN_NDR
astex_diverse,1T40_ID5,1t40,Vina/Meeko full,classical,True,True,False,4.971583069233152,results/posebench_702_predictions/vina_cpu_full/astex_diverse/1T40_ID5/vina_poses.pdbqt,11.037,,,,1.0,28.0,0.0,0.2808988764044944,False,False,astex_diverse::1T40_ID5
astex_diverse,1T46_STI,1t46,Vina/Meeko full,classical,True,True,False,10.760040073270098,results/posebench_702_predictions/vina_cpu_full/astex_diverse/1T46_STI/vina_poses.pdbqt,10.769,,,,1.0,37.0,0.0,0.4057971014492754,False,False,astex_diverse::1T46_STI
astex_diverse,1T9B_1CS,1t9b,Vina/Meeko full,classical,True,True,False,4.477523636235043,results/posebench_702_predictions/vina_cpu_full/astex_diverse/1T9B_1CS/vina_poses.pdbqt,8.552,,,,1.0,23.0,0.0,0.7450980392156863,True,False,astex_diverse::1T9B_1CS
astex_diverse,1TOW_CRZ,1tow,Vina/Meeko full,classical,True,True,False,4.773580356614167,results/posebench_702_predictions/vina_cpu_full/astex_diverse/1TOW_CRZ/vina_poses.pdbqt,7.96,,,,1.0,19.0,0.0,0.4358974358974359,False,False,astex_diverse::1TOW_CRZ
astex_diverse,1TT1_KAI,1tt1,Vina/Meeko full,classical,True,True,False,4.2596069536988965,results/posebench_702_predictions/vina_cpu_full/astex_diverse/1TT1_KAI/vina_poses.pdbqt,7.169,,,,1.0,15.0,3.0,1.0,True,False,astex_diverse::1TT1_KAI
astex_diverse,1TZ8_DES,1tz8,Vina/Meeko full,classical,True,True,False,2.47775636413268,results/posebench_702_predictions/vina_cpu_full/astex_diverse/1TZ8_DES/vina_poses.pdbqt,7.719,,,,1.0,20.0,0.0,0.425,True,False,astex_diverse::1TZ8_DES
astex_diverse,1U1C_BAU,1u1c,Vina/Meeko full,classical,True,True,False,2.309369903242011,results/posebench_702_predictions/vina_cpu_full/astex_diverse/1U1C_BAU/vina_poses.pdbqt,9.392,,,,1.0,20.0,0.0,0.3818181818181818,False,False,astex_diverse::1U1C_BAU
astex_diverse,1U4D_DBQ,1u4d,Vina/Meeko full,classical,True,True,False,4.283047175914726,results/posebench_702_predictions/vina_cpu_full/astex_diverse/1U4D_DBQ/vina_poses.pdbqt,6.843,,,,1.0,18.0,0.0,0.2352941176470588,False,False,astex_diverse::1U4D_DBQ
astex_diverse,1UML_FR4,1uml,Vina/Meeko full,classical,True,True,False,3.078457524032568,results/posebench_702_predictions/vina_cpu_full/astex_diverse/1UML_FR4/vina_poses.pdbqt,10.012,,,,1.0,33.0,1.0,0.2788461538461538,False,False,astex_diverse::1UML_FR4
astex_diverse,1UNL_RRC,1unl,Vina/Meeko full,classical,True,True,False,4.313389716470544,results/posebench_702_predictions/vina_cpu_full/astex_diverse/1UNL_RRC/vina_poses.pdbqt,8.505,,,,1.0,26.0,1.0,0.4782608695652174,True,False,astex_diverse::1UNL_RRC
astex_diverse,1UOU_CMU,1uou,Vina/Meeko full,classical,True,True,False,5.860084139754308,results/posebench_702_predictions/vina_cpu_full/astex_diverse/1UOU_CMU/vina_poses.pdbqt,8.078,,,,1.0,16.0,0.0,0.2203389830508474,False,False,astex_diverse::1UOU_CMU
astex_diverse,1V0P_PVB,1v0p,Vina/Meeko full,classical,True,True,False,5.421420785489108,results/posebench_702_predictions/vina_cpu_full/astex_diverse/1V0P_PVB/vina_poses.pdbqt,8.983,,,,1.0,30.0,1.0,0.3095238095238095,False,False,astex_diverse::1V0P_PVB
astex_diverse,1V48_HA1,1v48,Vina/Meeko full,classical,True,True,False,3.282305952167831,results/posebench_702_predictions/vina_cpu_full/astex_diverse/1V48_HA1/vina_poses.pdbqt,8.336,,,,1.0,22.0,0.0,0.5,True,False,astex_diverse::1V48_HA1
astex_diverse,1V4S_MRK,1v4s,Vina/Meeko full,classical,True,True,False,5.555963282816041,results/posebench_702_predictions/vina_cpu_full/astex_diverse/1V4S_MRK/vina_poses.pdbqt,8.238,,,,1.0,23.0,0.0,0.3823529411764705,False,False,astex_diverse::1V4S_MRK
astex_diverse,1VCJ_IBA,1vcj,Vina/Meeko full,classical,True,True,False,5.6344332172810425,results/posebench_702_predictions/vina_cpu_full/astex_diverse/1VCJ_IBA/vina_poses.pdbqt,7.747,,,,1.0,25.0,1.0,0.265625,False,False,astex_diverse::1VCJ_IBA
astex_diverse,1W1P_GIO,1w1p,Vina/Meeko full,classical,True,True,False,10.806094282226288,results/posebench_702_predictions/vina_cpu_full/astex_diverse/1W1P_GIO/vina_poses.pdbqt,5.787,,,,1.0,11.0,1.0,0.3035714285714285,False,False,astex_diverse::1W1P_GIO
astex_diverse,1W2G_THM,1w2g,Vina/Meeko full,classical,True,True,False,2.628272313315569,results/posebench_702_predictions/vina_cpu_full/astex_diverse/1W2G_THM/vina_poses.pdbqt,8.485,,,,1.0,17.0,3.0,0.7142857142857143,True,False,astex_diverse::1W2G_THM
astex_diverse,1X8X_TYR,1x8x,Vina/Meeko full,classical,True,True,False,2.9142521537067814,results/posebench_702_predictions/vina_cpu_full/astex_diverse/1X8X_TYR/vina_poses.pdbqt,6.866,,,,1.0,13.0,1.0,0.5142857142857142,True,False,astex_diverse::1X8X_TYR
astex_diverse,1XM6_5RM,1xm6,Vina/Meeko full,classical,True,True,False,4.428633043228908,results/posebench_702_predictions/vina_cpu_full/astex_diverse/1XM6_5RM/vina_poses.pdbqt,8.903,,,,1.0,19.0,1.0,0.2894736842105263,False,False,astex_diverse::1XM6_5RM
astex_diverse,1XOQ_ROF,1xoq,Vina/Meeko full,classical,True,True,False,7.950981598810012,results/posebench_702_predictions/vina_cpu_full/astex_diverse/1XOQ_ROF/vina_poses.pdbqt,9.192,,,,1.0,26.0,0.0,0.2891566265060241,False,False,astex_diverse::1XOQ_ROF
astex_diverse,1XOZ_CIA,1xoz,Vina/Meeko full,classical,True,True,False,7.545337738379038,results/posebench_702_predictions/vina_cpu_full/astex_diverse/1XOZ_CIA/vina_poses.pdbqt,10.159,,,,1.0,29.0,2.0,0.2597402597402597,False,False,astex_diverse::1XOZ_CIA
astex_diverse,1Y6B_AAX,1y6b,Vina/Meeko full,classical,True,True,False,4.807436053840416,results/posebench_702_predictions/vina_cpu_full/astex_diverse/1Y6B_AAX/vina_poses.pdbqt,9.529,,,,1.0,34.0,0.0,0.2906976744186046,False,False,astex_diverse::1Y6B_AAX
astex_diverse,1YGC_905,1ygc,Vina/Meeko full,classical,True,True,False,7.461921142144224,results/posebench_702_predictions/vina_cpu_full/astex_diverse/1YGC_905/vina_poses.pdbqt,9.766,,,,1.0,38.0,1.0,0.2888888888888888,False,False,astex_diverse::1YGC_905
astex_diverse,1YQY_915,1yqy,Vina/Meeko full,classical,True,True,False,3.851288299415845,results/posebench_702_predictions/vina_cpu_full/astex_diverse/1YQY_915/vina_poses.pdbqt,9.65,,,,1.0,23.0,1.0,0.2676056338028169,False,False,astex_diverse::1YQY_915
astex_diverse,1YV3_BIT,1yv3,Vina/Meeko full,classical,True,True,False,11.060624318644123,results/posebench_702_predictions/vina_cpu_full/astex_diverse/1YV3_BIT/vina_poses.pdbqt,8.17,,,,1.0,22.0,1.0,0.3043478260869565,False,False,astex_diverse::1YV3_BIT
astex_diverse,1YVF_PH7,1yvf,Vina/Meeko full,classical,True,True,False,5.963821785207392,results/posebench_702_predictions/vina_cpu_full/astex_diverse/1YVF_PH7/vina_poses.pdbqt,8.634,,,,1.0,28.0,0.0,0.3191489361702128,False,False,astex_diverse::1YVF_PH7
astex_diverse,1YWR_LI9,1ywr,Vina/Meeko full,classical,True,True,False,7.298491458611743,results/posebench_702_predictions/vina_cpu_full/astex_diverse/1YWR_LI9/vina_poses.pdbqt,9.682,,,,1.0,35.0,1.0,0.2758620689655172,False,False,astex_diverse::1YWR_LI9
astex_diverse,1Z95_198,1z95,Vina/Meeko full,classical,True,True,False,3.701602048321501,results/posebench_702_predictions/vina_cpu_full/astex_diverse/1Z95_198/vina_poses.pdbqt,10.764,,,,1.0,29.0,1.0,0.2571428571428571,False,False,astex_diverse::1Z95_198
astex_diverse,2BM2_PM2,2bm2,Vina/Meeko full,classical,True,True,False,4.367148379282144,results/posebench_702_predictions/vina_cpu_full/astex_diverse/2BM2_PM2/vina_poses.pdbqt,8.378,,,,1.0,30.0,0.0,0.3333333333333333,False,False,astex_diverse::2BM2_PM2
astex_diverse,2BR1_PFP,2br1,Vina/Meeko full,classical,True,True,False,7.127196842208457,results/posebench_702_predictions/vina_cpu_full/astex_diverse/2BR1_PFP/vina_poses.pdbqt,8.279,,,,1.0,29.0,0.0,0.3064516129032258,False,False,astex_diverse::2BR1_PFP
astex_diverse,2BSM_BSM,2bsm,Vina/Meeko full,classical,True,True,False,4.372030471582334,results/posebench_702_predictions/vina_cpu_full/astex_diverse/2BSM_BSM/vina_poses.pdbqt,9.391,,,,1.0,27.0,0.0,0.2987012987012987,False,False,astex_diverse::2BSM_BSM
posebusters_benchmark,5S8I_2LY,5s8i,Vina/Meeko full,classical,True,True,False,5.02609301545445,results/posebench_702_predictions/vina_cpu_full/posebusters_benchmark/5S8I_2LY/vina_poses.pdbqt,6.013,,,,1.0,13.0,0.0,0.25,False,False,posebusters_benchmark::5S8I_2LY
posebusters_benchmark,5SAK_ZRY,5sak,Vina/Meeko full,classical,True,True,False,3.793642159367872,results/posebench_702_predictions/vina_cpu_full/posebusters_benchmark/5SAK_ZRY/vina_poses.pdbqt,9.43,,,,1.0,18.0,0.0,0.2222222222222222,False,False,posebusters_benchmark::5SAK_ZRY
posebusters_benchmark,5SB2_1K2,5sb2,Vina/Meeko full,classical,True,True,False,8.378737830564537,results/posebench_702_predictions/vina_cpu_full/posebusters_benchmark/5SB2_1K2/vina_poses.pdbqt,12.591,,,,1.0,30.0,2.0,1.0,True,True,posebusters_benchmark::5SB2_1K2
posebusters_benchmark,5SD5_HWI,5sd5,Vina/Meeko full,classical,True,True,False,7.519744908090874,results/posebench_702_predictions/vina_cpu_full/posebusters_benchmark/5SD5_HWI/vina_poses.pdbqt,8.044,,,,1.0,29.0,0.0,0.4788732394366197,False,False,posebusters_benchmark::5SD5_HWI
posebusters_benchmark,5SIS_JSM,5sis,Vina/Meeko full,classical,True,True,False,9.381561312289657,results/posebench_702_predictions/vina_cpu_full/posebusters_benchmark/5SIS_JSM/vina_poses.pdbqt,8.995,,,,1.0,32.0,0.0,0.8235294117647058,True,False,posebusters_benchmark::5SIS_JSM
posebusters_benchmark,6M2B_EZO,6m2b,Vina/Meeko full,classical,True,True,False,12.778567486224736,results/posebench_702_predictions/vina_cpu_full/posebusters_benchmark/6M2B_EZO/vina_poses.pdbqt,10.502,,,,1.0,25.0,0.0,0.3378378378378378,False,False,posebusters_benchmark::6M2B_EZO
posebusters_benchmark,6M73_FNR,6m73,Vina/Meeko full,classical,True,True,False,4.565952870201709,results/posebench_702_predictions/vina_cpu_full/posebusters_benchmark/6M73_FNR/vina_poses.pdbqt,11.023,,,,1.0,31.0,3.0,1.0,True,False,posebusters_benchmark::6M73_FNR
posebusters_benchmark,6T88_MWQ,6t88,Vina/Meeko full,classical,True,True,False,4.314582714469616,results/posebench_702_predictions/vina_cpu_full/posebusters_benchmark/6T88_MWQ/vina_poses.pdbqt,5.519,,,,1.0,10.0,0.0,0.3076923076923077,True,False,posebusters_benchmark::6T88_MWQ
posebusters_benchmark,6TW5_9M2,6tw5,Vina/Meeko full,classical,True,True,False,3.408297810893575,results/posebench_702_predictions/vina_cpu_full/posebusters_benchmark/6TW5_9M2/vina_poses.pdbqt,11.051,,,,1.0,31.0,0.0,0.2688172043010752,False,False,posebusters_benchmark::6TW5_9M2
posebusters_benchmark,6TW7_NZB,6tw7,Vina/Meeko full,classical,True,True,False,7.0691731580101385,results/posebench_702_predictions/vina_cpu_full/posebusters_benchmark/6TW7_NZB/vina_poses.pdbqt,9.792,,,,1.0,29.0,0.0,0.2577319587628865,False,False,posebusters_benchmark::6TW7_NZB
posebusters_benchmark,6VS3_R6V,6vs3,Vina/Meeko full,classical,True,True,False,9.460905940882313,results/posebench_702_predictions/vina_cpu_full/posebusters_benchmark/6VS3_R6V/vina_poses.pdbqt,11.303,,,,1.0,36.0,1.0,0.3033707865168539,False,False,posebusters_benchmark::6VS3_R6V
posebusters_benchmark,6VTA_AKN,6vta,Vina/Meeko full,classical,True,True,False,6.3697306811198855,results/posebench_702_predictions/vina_cpu_full/posebusters_benchmark/6VTA_AKN/vina_poses.pdbqt,7.221,,,,1.0,40.0,16.0,0.4558823529411764,False,False,posebusters_benchmark::6VTA_AKN
posebusters_benchmark,6W59_SZD,6w59,Vina/Meeko full,classical,True,True,False,10.579293228696802,results/posebench_702_predictions/vina_cpu_full/posebusters_benchmark/6W59_SZD/vina_poses.pdbqt,6.946,,,,1.0,32.0,0.0,0.373134328358209,False,False,posebusters_benchmark::6W59_SZD
posebusters_benchmark,6WTN_RXT,6wtn,Vina/Meeko full,classical,True,True,False,4.1635902097567925,results/posebench_702_predictions/vina_cpu_full/posebusters_benchmark/6WTN_RXT/vina_poses.pdbqt,8.614,,,,1.0,23.0,1.0,0.2428571428571428,False,False,posebusters_benchmark::6WTN_RXT
posebusters_benchmark,6X8D_ARA,6x8d,Vina/Meeko full,classical,True,True,False,3.5812424659606608,results/posebench_702_predictions/vina_cpu_full/posebusters_benchmark/6X8D_ARA/vina_poses.pdbqt,5.022,,,,1.0,10.0,4.0,0.28,True,False,posebusters_benchmark::6X8D_ARA
posebusters_benchmark,6XAF_GDP,6xaf,Vina/Meeko full,classical,True,True,False,2.6063440596250635,results/posebench_702_predictions/vina_cpu_full/posebusters_benchmark/6XAF_GDP/vina_poses.pdbqt,8.487,,,,1.0,28.0,5.0,1.0,True,False,posebusters_benchmark::6XAF_GDP
posebusters_benchmark,6XBO_5MC,6xbo,Vina/Meeko full,classical,True,True,False,2.3918371315029714,results/posebench_702_predictions/vina_cpu_full/posebusters_benchmark/6XBO_5MC/vina_poses.pdbqt,8.082,,,,1.0,22.0,4.0,0.5666666666666667,True,False,posebusters_benchmark::6XBO_5MC
posebusters_benchmark,6XCT_478,6xct,Vina/Meeko full,classical,True,True,False,6.7397331252802575,results/posebench_702_predictions/vina_cpu_full/posebusters_benchmark/6XCT_478/vina_poses.pdbqt,9.227,,,,1.0,35.0,3.0,0.7236842105263158,False,False,posebusters_benchmark::6XCT_478
posebusters_benchmark,6XG5_TOP,6xg5,Vina/Meeko full,classical,True,True,False,8.008374714723868,results/posebench_702_predictions/vina_cpu_full/posebusters_benchmark/6XG5_TOP/vina_poses.pdbqt,7.269,,,,1.0,21.0,0.0,1.0,True,False,posebusters_benchmark::6XG5_TOP
posebusters_benchmark,6XHT_V2V,6xht,Vina/Meeko full,classical,True,True,False,5.968455657971874,results/posebench_702_predictions/vina_cpu_full/posebusters_benchmark/6XHT_V2V/vina_poses.pdbqt,8.06,,,,1.0,34.0,9.0,0.7419354838709677,True,False,posebusters_benchmark::6XHT_V2V
posebusters_benchmark,6XM9_V55,6xm9,Vina/Meeko full,classical,True,True,True,1.7301339937599156,results/posebench_702_predictions/vina_cpu_full/posebusters_benchmark/6XM9_V55/vina_poses.pdbqt,6.406,,,,1.0,11.0,0.0,0.4,True,False,posebusters_benchmark::6XM9_V55
posebusters_benchmark,6XUM_30L,6xum,Vina/Meeko full,classical,True,True,False,7.089666601470059,results/posebench_702_predictions/vina_cpu_full/posebusters_benchmark/6XUM_30L/vina_poses.pdbqt,10.03,,,,1.0,25.0,0.0,0.3283582089552239,True,False,posebusters_benchmark::6XUM_30L
posebusters_benchmark,6Y7L_QMG,6y7l,Vina/Meeko full,classical,True,True,False,5.498890422621639,results/posebench_702_predictions/vina_cpu_full/posebusters_benchmark/6Y7L_QMG/vina_poses.pdbqt,8.68,,,,1.0,25.0,0.0,0.3125,False,False,posebusters_benchmark::6Y7L_QMG
posebusters_benchmark,6YDY_K73,6ydy,Vina/Meeko full,classical,True,True,False,5.887542726566225,results/posebench_702_predictions/vina_cpu_full/posebusters_benchmark/6YDY_K73/vina_poses.pdbqt,6.67,,,,1.0,28.0,2.0,0.4461538461538462,False,False,posebusters_benchmark::6YDY_K73
posebusters_benchmark,6YJA_2BA,6yja,Vina/Meeko full,classical,True,True,False,8.182742527583724,results/posebench_702_predictions/vina_cpu_full/posebusters_benchmark/6YJA_2BA/vina_poses.pdbqt,7.818,,,,1.0,44.0,10.0,0.9245283018867924,False,False,posebusters_benchmark::6YJA_2BA
posebusters_benchmark,6YMS_OZH,6yms,Vina/Meeko full,classical,True,True,False,8.800941149347935,results/posebench_702_predictions/vina_cpu_full/posebusters_benchmark/6YMS_OZH/vina_poses.pdbqt,8.31,,,,1.0,35.0,3.0,0.4354838709677419,False,False,posebusters_benchmark::6YMS_OZH
posebusters_benchmark,6YQV_8K2,6yqv,Vina/Meeko full,classical,True,True,False,4.405482152954431,results/posebench_702_predictions/vina_cpu_full/posebusters_benchmark/6YQV_8K2/vina_poses.pdbqt,5.285,,,,1.0,10.0,0.0,0.303030303030303,True,False,posebusters_benchmark::6YQV_8K2
posebusters_benchmark,6YQW_82I,6yqw,Vina/Meeko full,classical,True,True,False,2.758039306859461,results/posebench_702_predictions/vina_cpu_full/posebusters_benchmark/6YQW_82I/vina_poses.pdbqt,5.574,,,,1.0,11.0,0.0,0.5789473684210527,False,False,posebusters_benchmark::6YQW_82I
posebusters_benchmark,6YR2_T1C,6yr2,Vina/Meeko full,classical,True,True,False,9.99240127129944,results/posebench_702_predictions/vina_cpu_full/posebusters_benchmark/6YR2_T1C/vina_poses.pdbqt,9.406,,,,1.0,42.0,4.0,0.3052631578947368,False,False,posebusters_benchmark::6YR2_T1C
posebusters_benchmark,6YRV_PJ8,6yrv,Vina/Meeko full,classical,True,True,False,7.307205786876727,results/posebench_702_predictions/vina_cpu_full/posebusters_benchmark/6YRV_PJ8/vina_poses.pdbqt,7.506,,,,1.0,17.0,0.0,0.5384615384615384,False,False,posebusters_benchmark::6YRV_PJ8
posebusters_benchmark,6YSP_PAL,6ysp,Vina/Meeko full,classical,True,True,False,2.6931628130322904,results/posebench_702_predictions/vina_cpu_full/posebusters_benchmark/6YSP_PAL/vina_poses.pdbqt,9.167,,,,1.0,16.0,1.0,0.2941176470588235,False,False,posebusters_benchmark::6YSP_PAL
posebusters_benchmark,6YT6_PKE,6yt6,Vina/Meeko full,classical,True,True,False,6.542618603705125,results/posebench_702_predictions/vina_cpu_full/posebusters_benchmark/6YT6_PKE/vina_poses.pdbqt,9.421,,,,1.0,31.0,0.0,0.4642857142857143,False,False,posebusters_benchmark::6YT6_PKE
posebusters_benchmark,6YYO_Q1K,6yyo,Vina/Meeko full,classical,True,True,False,6.451261272030455,results/posebench_702_predictions/vina_cpu_full/posebusters_benchmark/6YYO_Q1K/vina_poses.pdbqt,7.624,,,,1.0,19.0,0.0,0.2428571428571428,False,False,posebusters_benchmark::6YYO_Q1K
posebusters_benchmark,6Z0R_Q4H,6z0r,Vina/Meeko full,classical,True,True,False,2.651189523381701,results/posebench_702_predictions/vina_cpu_full/posebusters_benchmark/6Z0R_Q4H/vina_poses.pdbqt,4.733,,,,1.0,9.0,0.0,0.2884615384615384,False,False,posebusters_benchmark::6Z0R_Q4H
posebusters_benchmark,6Z14_Q4Z,6z14,Vina/Meeko full,classical,True,True,False,5.358774984390867,results/posebench_702_predictions/vina_cpu_full/posebusters_benchmark/6Z14_Q4Z/vina_poses.pdbqt,6.419,,,,1.0,18.0,5.0,1.0,True,False,posebusters_benchmark::6Z14_Q4Z
posebusters_benchmark,6Z1C_7EY,6z1c,Vina/Meeko full,classical,True,True,False,4.745633097912227,results/posebench_702_predictions/vina_cpu_full/posebusters_benchmark/6Z1C_7EY/vina_poses.pdbqt,7.026,,,,1.0,22.0,0.0,0.2647058823529412,False,False,posebusters_benchmark::6Z1C_7EY
posebusters_benchmark,6Z2C_Q5E,6z2c,Vina/Meeko full,classical,True,True,False,4.786272232606017,results/posebench_702_predictions/vina_cpu_full/posebusters_benchmark/6Z2C_Q5E/vina_poses.pdbqt,10.449,,,,1.0,26.0,4.0,0.3,False,False,posebusters_benchmark::6Z2C_Q5E
posebusters_benchmark,6Z4N_Q7B,6z4n,Vina/Meeko full,classical,True,True,False,3.742540547542538,results/posebench_702_predictions/vina_cpu_full/posebusters_benchmark/6Z4N_Q7B/vina_poses.pdbqt,7.279,,,,1.0,20.0,2.0,0.2878787878787879,False,False,posebusters_benchmark::6Z4N_Q7B
posebusters_benchmark,6Z5Z_BDF,6z5z,Vina/Meeko full,classical,True,True,False,9.550168331849791,results/posebench_702_predictions/vina_cpu_full/posebusters_benchmark/6Z5Z_BDF/vina_poses.pdbqt,4.529,,,,1.0,12.0,4.0,0.3243243243243243,True,False,posebusters_benchmark::6Z5Z_BDF
posebusters_benchmark,6ZAE_ACV,6zae,Vina/Meeko full,classical,True,True,False,7.447596309660362,results/posebench_702_predictions/vina_cpu_full/posebusters_benchmark/6ZAE_ACV/vina_poses.pdbqt,6.728,,,,1.0,24.0,3.0,0.5416666666666666,False,False,posebusters_benchmark::6ZAE_ACV
posebusters_benchmark,6ZC3_JOR,6zc3,Vina/Meeko full,classical,True,True,False,4.33314997047952,results/posebench_702_predictions/vina_cpu_full/posebusters_benchmark/6ZC3_JOR/vina_poses.pdbqt,6.442,,,,1.0,15.0,0.0,0.3658536585365853,True,False,posebusters_benchmark::6ZC3_JOR
posebusters_benchmark,6ZCY_QF8,6zcy,Vina/Meeko full,classical,True,True,False,7.348187886283339,results/posebench_702_predictions/vina_cpu_full/posebusters_benchmark/6ZCY_QF8/vina_poses.pdbqt,10.276,,,,1.0,33.0,1.0,0.3012048192771084,False,False,posebusters_benchmark::6ZCY_QF8
posebusters_benchmark,6ZK5_IMH,6zk5,Vina/Meeko full,classical,True,True,False,2.8759755324338028,results/posebench_702_predictions/vina_cpu_full/posebusters_benchmark/6ZK5_IMH/vina_poses.pdbqt,8.551,,,,1.0,19.0,4.0,0.6382978723404256,False,True,posebusters_benchmark::6ZK5_IMH
posebusters_benchmark,6ZPB_3D1,6zpb,Vina/Meeko full,classical,True,True,False,5.523624484380201,results/posebench_702_predictions/vina_cpu_full/posebusters_benchmark/6ZPB_3D1/vina_poses.pdbqt,7.59,,,,1.0,18.0,3.0,0.6607142857142857,True,False,posebusters_benchmark::6ZPB_3D1
posebusters_benchmark,6ZR8_QOZ,6zr8,Vina/Meeko full,classical,True,True,False,9.866889356618811,results/posebench_702_predictions/vina_cpu_full/posebusters_benchmark/6ZR8_QOZ/vina_poses.pdbqt,8.269,,,,1.0,33.0,0.0,0.3962264150943396,False,False,posebusters_benchmark::6ZR8_QOZ
posebusters_benchmark,6ZT2_QPK,6zt2,Vina/Meeko full,classical,True,True,False,10.609825738436989,results/posebench_702_predictions/vina_cpu_full/posebusters_benchmark/6ZT2_QPK/vina_poses.pdbqt,5.55,,,,1.0,10.0,0.0,0.2727272727272727,True,False,posebusters_benchmark::6ZT2_QPK
posebusters_benchmark,6ZX3_QRZ,6zx3,Vina/Meeko full,classical,True,True,False,5.73022534824475,results/posebench_702_predictions/vina_cpu_full/posebusters_benchmark/6ZX3_QRZ/vina_poses.pdbqt,8.743,,,,1.0,24.0,4.0,0.5789473684210527,True,False,posebusters_benchmark::6ZX3_QRZ
posebusters_benchmark,6ZXQ_IMO,6zxq,Vina/Meeko full,classical,True,True,False,6.519211986576746,results/posebench_702_predictions/vina_cpu_full/posebusters_benchmark/6ZXQ_IMO/vina_poses.pdbqt,10.175,,,,1.0,27.0,4.0,0.7592592592592593,True,False,posebusters_benchmark::6ZXQ_IMO
posebusters_benchmark,7A1P_QW2,7a1p,Vina/Meeko full,classical,True,True,False,4.270673978515479,results/posebench_702_predictions/vina_cpu_full/posebusters_benchmark/7A1P_QW2/vina_poses.pdbqt,6.644,,,,1.0,13.0,1.0,0.4615384615384615,False,False,posebusters_benchmark::7A1P_QW2
posebusters_benchmark,7A9E_R4W,7a9e,Vina/Meeko full,classical,True,True,False,2.911515069512779,results/posebench_702_predictions/vina_cpu_full/posebusters_benchmark/7A9E_R4W/vina_poses.pdbqt,3.564,,,,1.0,6.0,0.0,0.25,False,False,posebusters_benchmark::7A9E_R4W
posebusters_benchmark,7A9H_TPP,7a9h,Vina/Meeko full,classical,True,True,False,4.797810017241039,results/posebench_702_predictions/vina_cpu_full/posebusters_benchmark/7A9H_TPP/vina_poses.pdbqt,8.278,,,,1.0,26.0,1.0,1.0,True,True,posebusters_benchmark::7A9H_TPP
posebusters_benchmark,7AA0_R6B,7aa0,Vina/Meeko full,classical,True,True,False,5.354010958725602,results/posebench_702_predictions/vina_cpu_full/posebusters_benchmark/7AA0_R6B/vina_poses.pdbqt,9.725,,,,1.0,26.0,0.0,0.2580645161290322,False,False,posebusters_benchmark::7AA0_R6B
posebusters_benchmark,7AFX_R9K,7afx,Vina/Meeko full,classical,True,True,False,3.671343071683713,results/posebench_702_predictions/vina_cpu_full/posebusters_benchmark/7AFX_R9K/vina_poses.pdbqt,9.65,,,,1.0,20.0,0.0,0.3968253968253968,True,False,posebusters_benchmark::7AFX_R9K
posebusters_benchmark,7AKL_RK5,7akl,Vina/Meeko full,classical,True,True,False,5.588826376186497,results/posebench_702_predictions/vina_cpu_full/posebusters_benchmark/7AKL_RK5/vina_poses.pdbqt,9.972,,,,1.0,19.0,0.0,0.293103448275862,False,False,posebusters_benchmark::7AKL_RK5
posebusters_benchmark,7AMC_73B,7amc,Vina/Meeko full,classical,True,True,False,7.652133499670153,results/posebench_702_predictions/vina_cpu_full/posebusters_benchmark/7AMC_73B/vina_poses.pdbqt,8.919,,,,1.0,31.0,2.0,0.34,False,False,posebusters_benchmark::7AMC_73B
posebusters_benchmark,7AN5_RDH,7an5,Vina/Meeko full,classical,True,True,False,4.154499055241198,results/posebench_702_predictions/vina_cpu_full/posebusters_benchmark/7AN5_RDH/vina_poses.pdbqt,7.796,,,,1.0,15.0,0.0,1.0,True,False,posebusters_benchmark::7AN5_RDH
posebusters_benchmark,7AS1_21G,7as1,Vina/Meeko full,classical,True,True,False,5.986719745431953,results/posebench_702_predictions/vina_cpu_full/posebusters_benchmark/7AS1_21G/vina_poses.pdbqt,10.589,,,,1.0,29.0,2.0,0.2428571428571428,False,False,posebusters_benchmark::7AS1_21G
posebusters_benchmark,7AVI_S2Q,7avi,Vina/Meeko full,classical,True,True,False,5.845483032982722,results/posebench_702_predictions/vina_cpu_full/posebusters_benchmark/7AVI_S2Q/vina_poses.pdbqt,8.222,,,,1.0,27.0,1.0,0.2631578947368421,False,False,posebusters_benchmark::7AVI_S2Q
posebusters_benchmark,7B0E_C2E,7b0e,Vina/Meeko full,classical,True,True,False,4.571628757893624,results/posebench_702_predictions/vina_cpu_full/posebusters_benchmark/7B0E_C2E/vina_poses.pdbqt,6.847,,,,1.0,46.0,10.0,1.0,False,False,posebusters_benchmark::7B0E_C2E
posebusters_benchmark,7B2C_TP7,7b2c,Vina/Meeko full,classical,True,True,False,4.010829263500552,results/posebench_702_predictions/vina_cpu_full/posebusters_benchmark/7B2C_TP7/vina_poses.pdbqt,6.867,,,,1.0,21.0,2.0,0.3043478260869565,False,False,posebusters_benchmark::7B2C_TP7
posebusters_benchmark,7B94_ANP,7b94,Vina/Meeko full,classical,True,True,False,3.057327891919622,results/posebench_702_predictions/vina_cpu_full/posebusters_benchmark/7B94_ANP/vina_poses.pdbqt,8.966,,,,1.0,31.0,6.0,1.0,True,False,posebusters_benchmark::7B94_ANP
posebusters_benchmark,7BA0_T5H,7ba0,Vina/Meeko full,classical,True,True,False,6.524535210196272,results/posebench_702_predictions/vina_cpu_full/posebusters_benchmark/7BA0_T5H/vina_poses.pdbqt,7.238,,,,1.0,55.0,5.0,0.2452830188679245,False,False,posebusters_benchmark::7BA0_T5H
posebusters_benchmark,7BCP_GCO,7bcp,Vina/Meeko full,classical,True,True,False,3.9929991234659696,results/posebench_702_predictions/vina_cpu_full/posebusters_benchmark/7BCP_GCO/vina_poses.pdbqt,6.614,,,,1.0,13.0,4.0,1.0,False,False,posebusters_benchmark::7BCP_GCO
posebusters_benchmark,7BHX_TO5,7bhx,Vina/Meeko full,classical,True,True,False,3.417012389012757,results/posebench_702_predictions/vina_cpu_full/posebusters_benchmark/7BHX_TO5/vina_poses.pdbqt,5.368,,,,1.0,21.0,0.0,0.3442622950819672,False,False,posebusters_benchmark::7BHX_TO5
posebusters_benchmark,7BJ6_TVK,7bj6,Vina/Meeko full,classical,True,True,False,5.8814645514761255,results/posebench_702_predictions/vina_cpu_full/posebusters_benchmark/7BJ6_TVK/vina_poses.pdbqt,8.867,,,,1.0,37.0,1.0,0.2222222222222222,False,False,posebusters_benchmark::7BJ6_TVK
posebusters_benchmark,7BJJ_TVW,7bjj,Vina/Meeko full,classical,True,True,False,3.4394457547692183,results/posebench_702_predictions/vina_cpu_full/posebusters_benchmark/7BJJ_TVW/vina_poses.pdbqt,4.709,,,,1.0,10.0,0.0,0.3333333333333333,False,False,posebusters_benchmark::7BJJ_TVW
posebusters_benchmark,7BKA_4JC,7bka,Vina/Meeko full,classical,True,True,False,3.340875571363492,results/posebench_702_predictions/vina_cpu_full/posebusters_benchmark/7BKA_4JC/vina_poses.pdbqt,7.334,,,,1.0,12.0,0.0,0.5,True,False,posebusters_benchmark::7BKA_4JC
posebusters_benchmark,7BLA_WCS,7bla,Vina/Meeko full,classical,True,True,False,8.3301871677652,results/posebench_702_predictions/vina_cpu_full/posebusters_benchmark/7BLA_WCS/vina_poses.pdbqt,7.4,,,,1.0,32.0,0.0,0.29,False,False,posebusters_benchmark::7BLA_WCS
posebusters_benchmark,7BLG_GAL,7blg,Vina/Meeko full,classical,True,True,False,10.239774586548933,results/posebench_702_predictions/vina_cpu_full/posebusters_benchmark/7BLG_GAL/vina_poses.pdbqt,4.105,,,,1.0,12.0,5.0,1.0,True,False,posebusters_benchmark::7BLG_GAL
posebusters_benchmark,7BMI_U4B,7bmi,Vina/Meeko full,classical,True,True,False,2.704922094712072,results/posebench_702_predictions/vina_cpu_full/posebusters_benchmark/7BMI_U4B/vina_poses.pdbqt,7.285,,,,1.0,13.0,0.0,0.3333333333333333,True,False,posebusters_benchmark::7BMI_U4B
posebusters_benchmark,7BNH_BEZ,7bnh,Vina/Meeko full,classical,True,True,False,4.002307834237642,results/posebench_702_predictions/vina_cpu_full/posebusters_benchmark/7BNH_BEZ/vina_poses.pdbqt,5.531,,,,1.0,9.0,0.0,1.0,True,False,posebusters_benchmark::7BNH_BEZ
posebusters_benchmark,7BTT_F8R,7btt,Vina/Meeko full,classical,True,True,False,6.54064808142129,results/posebench_702_predictions/vina_cpu_full/posebusters_benchmark/7BTT_F8R/vina_poses.pdbqt,8.033,,,,1.0,40.0,0.0,0.2792792792792792,False,False,posebusters_benchmark::7BTT_F8R
posebusters_benchmark,7C0U_FGO,7c0u,Vina/Meeko full,classical,True,True,False,9.21729129610263,results/posebench_702_predictions/vina_cpu_full/posebusters_benchmark/7C0U_FGO/vina_poses.pdbqt,11.206,,,,1.0,43.0,9.0,0.6046511627906976,False,False,posebusters_benchmark::7C0U_FGO
posebusters_benchmark,7C3U_AZG,7c3u,Vina/Meeko full,classical,True,True,False,2.9893687080598266,results/posebench_702_predictions/vina_cpu_full/posebusters_benchmark/7C3U_AZG/vina_poses.pdbqt,6.669,,,,1.0,11.0,0.0,0.2682926829268293,False,False,posebusters_benchmark::7C3U_AZG
posebusters_benchmark,7C6P_SQH,7c6p,Vina/Meeko full,classical,True,True,False,5.988505628841528,results/posebench_702_predictions/vina_cpu_full/posebusters_benchmark/7C6P_SQH/vina_poses.pdbqt,8.183,,,,1.0,21.0,0.0,0.5116279069767442,True,False,posebusters_benchmark::7C6P_SQH
posebusters_benchmark,7C8Q_DSG,7c8q,Vina/Meeko full,classical,True,True,False,2.8533913740202776,results/posebench_702_predictions/vina_cpu_full/posebusters_benchmark/7C8Q_DSG/vina_poses.pdbqt,5.638,,,,1.0,9.0,1.0,0.4782608695652174,False,False,posebusters_benchmark::7C8Q_DSG
posebusters_benchmark,7CD9_FVR,7cd9,Vina/Meeko full,classical,True,True,False,11.65995928835348,results/posebench_702_predictions/vina_cpu_full/posebusters_benchmark/7CD9_FVR/vina_poses.pdbqt,11.379,,,,1.0,33.0,2.0,0.2903225806451613,False,False,posebusters_benchmark::7CD9_FVR
posebusters_benchmark,7CIJ_G0C,7cij,Vina/Meeko full,classical,True,True,False,5.695322985113479,results/posebench_702_predictions/vina_cpu_full/posebusters_benchmark/7CIJ_G0C/vina_poses.pdbqt,7.991,,,,1.0,21.0,0.0,0.6078431372549019,True,False,posebusters_benchmark::7CIJ_G0C
posebusters_benchmark,7CL8_TES,7cl8,Vina/Meeko full,classical,True,True,False,2.027657116218711,results/posebench_702_predictions/vina_cpu_full/posebusters_benchmark/7CL8_TES/vina_poses.pdbqt,9.347,,,,1.0,21.0,6.0,1.0,True,False,posebusters_benchmark::7CL8_TES
posebusters_benchmark,7CNQ_G8X,7cnq,Vina/Meeko full,classical,True,True,False,2.618114652442351,results/posebench_702_predictions/vina_cpu_full/posebusters_benchmark/7CNQ_G8X/vina_poses.pdbqt,6.419,,,,1.0,9.0,2.0,0.5,True,False,posebusters_benchmark::7CNQ_G8X
posebusters_benchmark,7CNS_PMV,7cns,Vina/Meeko full,classical,True,True,False,2.74785220022579,results/posebench_702_predictions/vina_cpu_full/posebusters_benchmark/7CNS_PMV/vina_poses.pdbqt,6.877,,,,1.0,14.0,1.0,0.3617021276595745,False,False,posebusters_benchmark::7CNS_PMV
posebusters_benchmark,7CTM_BDP,7ctm,Vina/Meeko full,classical,True,True,False,8.901705480498581,results/posebench_702_predictions/vina_cpu_full/posebusters_benchmark/7CTM_BDP/vina_poses.pdbqt,6.041,,,,1.0,13.0,5.0,0.3846153846153846,True,False,posebusters_benchmark::7CTM_BDP
posebusters_benchmark,7CUO_PHB,7cuo,Vina/Meeko full,classical,True,True,False,3.182762589323933,results/posebench_702_predictions/vina_cpu_full/posebusters_benchmark/7CUO_PHB/vina_poses.pdbqt,7.045,,,,1.0,10.0,0.0,1.0,True,False,posebusters_benchmark::7CUO_PHB
posebusters_benchmark,7D0P_1VU,7d0p,Vina/Meeko full,classical,True,True,False,11.78286029088928,results/posebench_702_predictions/vina_cpu_full/posebusters_benchmark/7D0P_1VU/vina_poses.pdbqt,7.475,,,,1.0,52.0,7.0,0.8369565217391305,True,False,posebusters_benchmark::7D0P_1VU
posebusters_benchmark,7D5C_GV6,7d5c,Vina/Meeko full,classical,True,True,False,5.240330942516585,results/posebench_702_predictions/vina_cpu_full/posebusters_benchmark/7D5C_GV6/vina_poses.pdbqt,8.702,,,,1.0,31.0,7.0,1.0,True,False,posebusters_benchmark::7D5C_GV6
posebusters_benchmark,7D6O_MTE,7d6o,Vina/Meeko full,classical,True,True,False,6.463652128118695,results/posebench_702_predictions/vina_cpu_full/posebusters_benchmark/7D6O_MTE/vina_poses.pdbqt,8.074,,,,1.0,24.0,3.0,0.3698630136986301,False,False,posebusters_benchmark::7D6O_MTE
posebusters_benchmark,7D8Q_GZF,7d8q,Vina/Meeko full,classical,True,True,False,8.274308881368022,results/posebench_702_predictions/vina_cpu_full/posebusters_benchmark/7D8Q_GZF/vina_poses.pdbqt,6.743,,,,1.0,28.0,5.0,0.7230769230769231,True,False,posebusters_benchmark::7D8Q_GZF
posebusters_benchmark,7D9L_GSF,7d9l,Vina/Meeko full,classical,True,True,False,10.226297037095543,results/posebench_702_predictions/vina_cpu_full/posebusters_benchmark/7D9L_GSF/vina_poses.pdbqt,5.812,,,,1.0,22.0,3.0,0.6976744186046512,False,False,posebusters_benchmark::7D9L_GSF
posebusters_benchmark,7DIN_MPO,7din,Vina/Meeko full,classical,True,True,False,5.486072807223201,results/posebench_702_predictions/vina_cpu_full/posebusters_benchmark/7DIN_MPO/vina_poses.pdbqt,4.39,,,,1.0,13.0,0.0,0.5555555555555556,False,False,posebusters_benchmark::7DIN_MPO
posebusters_benchmark,7DKT_GLF,7dkt,Vina/Meeko full,classical,True,True,False,2.310144602256174,results/posebench_702_predictions/vina_cpu_full/posebusters_benchmark/7DKT_GLF/vina_poses.pdbqt,6.992,,,,1.0,12.0,5.0,0.6086956521739131,True,False,posebusters_benchmark::7DKT_GLF
posebusters_benchmark,7DQL_4CL,7dql,Vina/Meeko full,classical,True,True,False,2.58136942553969,results/posebench_702_predictions/vina_cpu_full/posebusters_benchmark/7DQL_4CL/vina_poses.pdbqt,5.299,,,,1.0,9.0,0.0,0.4,True,False,posebusters_benchmark::7DQL_4CL
posebusters_benchmark,7DUA_HJ0,7dua,Vina/Meeko full,classical,True,True,False,5.569893075236293,results/posebench_702_predictions/vina_cpu_full/posebusters_benchmark/7DUA_HJ0/vina_poses.pdbqt,9.471,,,,1.0,23.0,0.0,1.0,True,True,posebusters_benchmark::7DUA_HJ0
posebusters_benchmark,7E2S_BLA,7e2s,Vina/Meeko full,classical,True,True,False,7.305611917448948,results/posebench_702_predictions/vina_cpu_full/posebusters_benchmark/7E2S_BLA/vina_poses.pdbqt,9.331,,,,1.0,43.0,0.0,1.0,True,False,posebusters_benchmark::7E2S_BLA
posebusters_benchmark,7E4L_MDN,7e4l,Vina/Meeko full,classical,True,True,False,3.834355849132652,results/posebench_702_predictions/vina_cpu_full/posebusters_benchmark/7E4L_MDN/vina_poses.pdbqt,5.381,,,,1.0,9.0,0.0,0.3333333333333333,False,False,posebusters_benchmark::7E4L_MDN
posebusters_benchmark,7EBG_J0L,7ebg,Vina/Meeko full,classical,True,True,False,2.807087216824078,results/posebench_702_predictions/vina_cpu_full/posebusters_benchmark/7EBG_J0L/vina_poses.pdbqt,8.006,,,,1.0,14.0,0.0,0.2962962962962963,False,False,posebusters_benchmark::7EBG_J0L
posebusters_benchmark,7ECR_SIN,7ecr,Vina/Meeko full,classical,True,True,False,2.099272016676257,results/posebench_702_predictions/vina_cpu_full/posebusters_benchmark/7ECR_SIN/vina_poses.pdbqt,5.33,,,,1.0,8.0,0.0,1.0,False,False,posebusters_benchmark::7ECR_SIN
posebusters_benchmark,7ED2_A3P,7ed2,Vina/Meeko full,classical,True,True,False,4.216536972094166,results/posebench_702_predictions/vina_cpu_full/posebusters_benchmark/7ED2_A3P/vina_poses.pdbqt,8.444,,,,1.0,27.0,4.0,1.0,True,True,posebusters_benchmark::7ED2_A3P
posebusters_benchmark,7ELT_TYM,7elt,Vina/Meeko full,classical,True,True,False,3.834037650141519,results/posebench_702_predictions/vina_cpu_full/posebusters_benchmark/7ELT_TYM/vina_poses.pdbqt,12.133,,,,1.0,37.0,6.0,1.0,True,True,posebusters_benchmark::7ELT_TYM
posebusters_benchmark,7EN7_J79,7en7,Vina/Meeko full,classical,True,True,False,6.001741368830661,results/posebench_702_predictions/vina_cpu_full/posebusters_benchmark/7EN7_J79/vina_poses.pdbqt,5.674,,,,1.0,24.0,6.0,1.0,True,True,posebusters_benchmark::7EN7_J79
posebusters_benchmark,7EPV_FDA,7epv,Vina/Meeko full,classical,True,True,False,13.544096865633394,results/posebench_702_predictions/vina_cpu_full/posebusters_benchmark/7EPV_FDA/vina_poses.pdbqt,9.548,,,,1.0,53.0,9.0,1.0,True,False,posebusters_benchmark::7EPV_FDA
posebusters_benchmark,7ES1_UDP,7es1,Vina/Meeko full,classical,True,True,False,4.967756572135957,results/posebench_702_predictions/vina_cpu_full/posebusters_benchmark/7ES1_UDP/vina_poses.pdbqt,9.419,,,,1.0,25.0,5.0,1.0,True,True,posebusters_benchmark::7ES1_UDP
posebusters_benchmark,7F51_BA7,7f51,Vina/Meeko full,classical,True,True,False,9.91359235984982,results/posebench_702_predictions/vina_cpu_full/posebusters_benchmark/7F51_BA7/vina_poses.pdbqt,11.338,,,,1.0,44.0,10.0,1.0,True,True,posebusters_benchmark::7F51_BA7
posebusters_benchmark,7F5D_EUO,7f5d,Vina/Meeko full,classical,True,True,False,6.282383976530838,results/posebench_702_predictions/vina_cpu_full/posebusters_benchmark/7F5D_EUO/vina_poses.pdbqt,8.163,,,,1.0,21.0,0.0,0.3125,False,False,posebusters_benchmark::7F5D_EUO
posebusters_benchmark,7F8T_FAD,7f8t,Vina/Meeko full,classical,True,True,False,5.9264973476177945,results/posebench_702_predictions/vina_cpu_full/posebusters_benchmark/7F8T_FAD/vina_poses.pdbqt,11.687,,,,1.0,53.0,9.0,1.0,True,True,posebusters_benchmark::7F8T_FAD
posebusters_benchmark,7FB7_8NF,7fb7,Vina/Meeko full,classical,True,True,False,14.12923445280112,results/posebench_702_predictions/vina_cpu_full/posebusters_benchmark/7FB7_8NF/vina_poses.pdbqt,4.81,,,,1.0,9.0,0.0,0.2857142857142857,True,False,posebusters_benchmark::7FB7_8NF
posebusters_benchmark,7FHA_ADX,7fha,Vina/Meeko full,classical,True,True,False,2.523067232409644,results/posebench_702_predictions/vina_cpu_full/posebusters_benchmark/7FHA_ADX/vina_poses.pdbqt,9.403,,,,1.0,27.0,5.0,1.0,True,True,posebusters_benchmark::7FHA_ADX
posebusters_benchmark,7FRX_O88,7frx,Vina/Meeko full,classical,True,True,False,9.38609389646904,results/posebench_702_predictions/vina_cpu_full/posebusters_benchmark/7FRX_O88/vina_poses.pdbqt,12.237,,,,1.0,30.0,0.0,0.3703703703703703,False,False,posebusters_benchmark::7FRX_O88
posebusters_benchmark,7FT9_4MB,7ft9,Vina/Meeko full,classical,True,True,False,5.494603046886749,results/posebench_702_predictions/vina_cpu_full/posebusters_benchmark/7FT9_4MB/vina_poses.pdbqt,5.76,,,,1.0,14.0,0.0,0.6060606060606061,True,False,posebusters_benchmark::7FT9_4MB
posebusters_benchmark,7JG0_GAR,7jg0,Vina/Meeko full,classical,True,True,False,6.059244420259381,results/posebench_702_predictions/vina_cpu_full/posebusters_benchmark/7JG0_GAR/vina_poses.pdbqt,7.334,,,,1.0,18.0,4.0,1.0,True,False,posebusters_benchmark::7JG0_GAR
posebusters_benchmark,7JGW_V9S,7jgw,Vina/Meeko full,classical,True,True,False,11.099488002205826,results/posebench_702_predictions/vina_cpu_full/posebusters_benchmark/7JGW_V9S/vina_poses.pdbqt,12.811,,,,1.0,45.0,0.0,0.2524271844660194,False,False,posebusters_benchmark::7JGW_V9S
posebusters_benchmark,7JHQ_VAJ,7jhq,Vina/Meeko full,classical,True,True,False,4.945407313862024,results/posebench_702_predictions/vina_cpu_full/posebusters_benchmark/7JHQ_VAJ/vina_poses.pdbqt,7.65,,,,1.0,18.0,0.0,1.0,True,True,posebusters_benchmark::7JHQ_VAJ
posebusters_benchmark,7JMV_4NC,7jmv,Vina/Meeko full,classical,True,True,True,0.4109661565362538,results/posebench_702_predictions/vina_cpu_full/posebusters_benchmark/7JMV_4NC/vina_poses.pdbqt,6.171,,,,1.0,11.0,0.0,0.4482758620689655,True,False,posebusters_benchmark::7JMV_4NC
posebusters_benchmark,7JNB_A2G,7jnb,Vina/Meeko full,classical,True,True,False,9.504192450352283,results/posebench_702_predictions/vina_cpu_full/posebusters_benchmark/7JNB_A2G/vina_poses.pdbqt,4.911,,,,1.0,15.0,5.0,1.0,True,False,posebusters_benchmark::7JNB_A2G
posebusters_benchmark,7JR8_VH7,7jr8,Vina/Meeko full,classical,True,True,False,4.628595004349129,results/posebench_702_predictions/vina_cpu_full/posebusters_benchmark/7JR8_VH7/vina_poses.pdbqt,9.478,,,,1.0,28.0,0.0,0.3333333333333333,False,False,posebusters_benchmark::7JR8_VH7
posebusters_benchmark,7JUD_MMA,7jud,Vina/Meeko full,classical,True,True,False,14.452026078347313,results/posebench_702_predictions/vina_cpu_full/posebusters_benchmark/7JUD_MMA/vina_poses.pdbqt,4.705,,,,1.0,13.0,5.0,0.6551724137931034,True,False,posebusters_benchmark::7JUD_MMA
posebusters_benchmark,7JXX_VP7,7jxx,Vina/Meeko full,classical,True,True,False,5.37583751986609,results/posebench_702_predictions/vina_cpu_full/posebusters_benchmark/7JXX_VP7/vina_poses.pdbqt,8.362,,,,1.0,25.0,0.0,0.2873563218390804,False,False,posebusters_benchmark::7JXX_VP7
posebusters_benchmark,7JY3_VUD,7jy3,Vina/Meeko full,classical,True,True,False,6.319264115620027,results/posebench_702_predictions/vina_cpu_full/posebusters_benchmark/7JY3_VUD/vina_poses.pdbqt,8.101,,,,1.0,27.0,1.0,0.2842105263157894,False,False,posebusters_benchmark::7JY3_VUD
posebusters_benchmark,7K0V_VQP,7k0v,Vina/Meeko full,classical,True,True,False,7.89755206337698,results/posebench_702_predictions/vina_cpu_full/posebusters_benchmark/7K0V_VQP/vina_poses.pdbqt,12.547,,,,1.0,32.0,0.0,0.2524271844660194,False,False,posebusters_benchmark::7K0V_VQP
posebusters_benchmark,7K41_VUA,7k41,Vina/Meeko full,classical,True,True,False,7.471468652024301,results/posebench_702_predictions/vina_cpu_full/posebusters_benchmark/7K41_VUA/vina_poses.pdbqt,8.243,,,,1.0,22.0,0.0,0.4107142857142857,False,False,posebusters_benchmark::7K41_VUA
posebusters_benchmark,7KB1_WBJ,7kb1,Vina/Meeko full,classical,True,True,False,5.173478537871612,results/posebench_702_predictions/vina_cpu_full/posebusters_benchmark/7KB1_WBJ/vina_poses.pdbqt,9.04,,,,1.0,22.0,0.0,1.0,True,False,posebusters_benchmark::7KB1_WBJ
posebusters_benchmark,7KC5_BJZ,7kc5,Vina/Meeko full,classical,True,True,False,8.040173571139746,results/posebench_702_predictions/vina_cpu_full/posebusters_benchmark/7KC5_BJZ/vina_poses.pdbqt,10.813,,,,1.0,37.0,2.0,0.2906976744186046,False,False,posebusters_benchmark::7KC5_BJZ
posebusters_benchmark,7KFO_IAC,7kfo,Vina/Meeko full,classical,True,True,False,6.732747518943968,results/posebench_702_predictions/vina_cpu_full/posebusters_benchmark/7KFO_IAC/vina_poses.pdbqt,5.52,,,,1.0,13.0,0.0,0.75,True,False,posebusters_benchmark::7KFO_IAC
posebusters_benchmark,7KLX_WOV,7klx,Vina/Meeko full,classical,True,True,False,3.4357428942361388,results/posebench_702_predictions/vina_cpu_full/posebusters_benchmark/7KLX_WOV/vina_poses.pdbqt,5.734,,,,1.0,17.0,0.0,0.3333333333333333,False,False,posebusters_benchmark::7KLX_WOV
posebusters_benchmark,7KM8_WPD,7km8,Vina/Meeko full,classical,True,True,False,6.053976011822654,results/posebench_702_predictions/vina_cpu_full/posebusters_benchmark/7KM8_WPD/vina_poses.pdbqt,8.771,,,,1.0,29.0,1.0,0.4444444444444444,True,False,posebusters_benchmark::7KM8_WPD
posebusters_benchmark,7KP6_WTP,7kp6,Vina/Meeko full,classical,True,True,False,8.238579814333466,results/posebench_702_predictions/vina_cpu_full/posebusters_benchmark/7KP6_WTP/vina_poses.pdbqt,7.18,,,,1.0,28.0,1.0,1.0,True,False,posebusters_benchmark::7KP6_WTP
posebusters_benchmark,7KQU_YOF,7kqu,Vina/Meeko full,classical,True,True,True,1.6233902356312393,results/posebench_702_predictions/vina_cpu_full/posebusters_benchmark/7KQU_YOF/vina_poses.pdbqt,6.114,,,,1.0,14.0,1.0,0.5128205128205128,True,False,posebusters_benchmark::7KQU_YOF
posebusters_benchmark,7KRU_ATP,7kru,Vina/Meeko full,classical,True,True,False,9.888050386785704,results/posebench_702_predictions/vina_cpu_full/posebusters_benchmark/7KRU_ATP/vina_poses.pdbqt,10.124,,,,1.0,31.0,6.0,1.0,True,False,posebusters_benchmark::7KRU_ATP
posebusters_benchmark,7KZ9_XN7,7kz9,Vina/Meeko full,classical,True,True,False,4.401815038863361,results/posebench_702_predictions/vina_cpu_full/posebusters_benchmark/7KZ9_XN7/vina_poses.pdbqt,6.048,,,,1.0,11.0,0.0,0.25,False,False,posebusters_benchmark::7KZ9_XN7
posebusters_benchmark,7L00_XCJ,7l00,Vina/Meeko full,classical,True,True,False,9.270261912477226,results/posebench_702_predictions/vina_cpu_full/posebusters_benchmark/7L00_XCJ/vina_poses.pdbqt,9.156,,,,1.0,27.0,0.0,1.0,True,True,posebusters_benchmark::7L00_XCJ
posebusters_benchmark,7L03_F9F,7l03,Vina/Meeko full,classical,True,True,False,4.935348394260255,results/posebench_702_predictions/vina_cpu_full/posebusters_benchmark/7L03_F9F/vina_poses.pdbqt,9.426,,,,1.0,22.0,0.0,1.0,True,False,posebusters_benchmark::7L03_F9F
posebusters_benchmark,7L5F_XNG,7l5f,Vina/Meeko full,classical,True,True,False,7.053034528169812,results/posebench_702_predictions/vina_cpu_full/posebusters_benchmark/7L5F_XNG/vina_poses.pdbqt,6.19,,,,1.0,18.0,0.0,0.6538461538461539,False,False,posebusters_benchmark::7L5F_XNG
posebusters_benchmark,7L6D_BMF,7l6d,Vina/Meeko full,classical,True,True,False,6.139601028219528,results/posebench_702_predictions/vina_cpu_full/posebusters_benchmark/7L6D_BMF/vina_poses.pdbqt,7.984,,,,1.0,28.0,0.0,0.2446808510638297,False,False,posebusters_benchmark::7L6D_BMF
posebusters_benchmark,7L7C_XQ1,7l7c,Vina/Meeko full,classical,True,True,False,5.538502659951128,results/posebench_702_predictions/vina_cpu_full/posebusters_benchmark/7L7C_XQ1/vina_poses.pdbqt,9.114,,,,1.0,21.0,0.0,0.4893617021276595,False,False,posebusters_benchmark::7L7C_XQ1
posebusters_benchmark,7L81_UD4,7l81,Vina/Meeko full,classical,True,True,False,12.321167596756746,results/posebench_702_predictions/vina_cpu_full/posebusters_benchmark/7L81_UD4/vina_poses.pdbqt,7.003,,,,1.0,38.0,11.0,0.7972972972972973,True,False,posebusters_benchmark::7L81_UD4
posebusters_benchmark,7LB3_XXS,7lb3,Vina/Meeko full,classical,True,True,False,6.0529041134728505,results/posebench_702_predictions/vina_cpu_full/posebusters_benchmark/7LB3_XXS/vina_poses.pdbqt,8.123,,,,1.0,29.0,2.0,0.3440860215053763,False,False,posebusters_benchmark::7LB3_XXS
posebusters_benchmark,7LCU_XTA,7lcu,Vina/Meeko full,classical,True,True,False,8.57816862589906,results/posebench_702_predictions/vina_cpu_full/posebusters_benchmark/7LCU_XTA/vina_poses.pdbqt,10.265,,,,1.0,39.0,0.0,0.2702702702702703,False,False,posebusters_benchmark::7LCU_XTA
posebusters_benchmark,7LEV_0JO,7lev,Vina/Meeko full,classical,True,True,False,4.940798537734177,results/posebench_702_predictions/vina_cpu_full/posebusters_benchmark/7LEV_0JO/vina_poses.pdbqt,9.889,,,,1.0,21.0,0.0,1.0,True,False,posebusters_benchmark::7LEV_0JO
posebusters_benchmark,7LJN_GTP,7ljn,Vina/Meeko full,classical,True,True,False,8.217842364331405,results/posebench_702_predictions/vina_cpu_full/posebusters_benchmark/7LJN_GTP/vina_poses.pdbqt,7.674,,,,1.0,32.0,6.0,1.0,True,False,posebusters_benchmark::7LJN_GTP
posebusters_benchmark,7LMO_NYO,7lmo,Vina/Meeko full,classical,True,False,False,,,,,,,0.0,37.0,1.0,0.2568807339449541,False,False,posebusters_benchmark::7LMO_NYO
posebusters_benchmark,7LOE_Y84,7loe,Vina/Meeko full,classical,True,True,True,0.7636316341844889,results/posebench_702_predictions/vina_cpu_full/posebusters_benchmark/7LOE_Y84/vina_poses.pdbqt,8.207,,,,1.0,11.0,0.0,0.3142857142857143,True,False,posebusters_benchmark::7LOE_Y84
posebusters_benchmark,7LOU_IFM,7lou,Vina/Meeko full,classical,True,True,False,2.695707606547861,results/posebench_702_predictions/vina_cpu_full/posebusters_benchmark/7LOU_IFM/vina_poses.pdbqt,5.875,,,,1.0,10.0,3.0,0.4814814814814814,True,False,posebusters_benchmark::7LOU_IFM
posebusters_benchmark,7LT0_ONJ,7lt0,Vina/Meeko full,classical,True,True,False,6.248176566599843,results/posebench_702_predictions/vina_cpu_full/posebusters_benchmark/7LT0_ONJ/vina_poses.pdbqt,10.409,,,,1.0,27.0,0.0,0.3661971830985915,False,False,posebusters_benchmark::7LT0_ONJ
posebusters_benchmark,7LZD_YHY,7lzd,Vina/Meeko full,classical,True,True,False,4.487718070774792,results/posebench_702_predictions/vina_cpu_full/posebusters_benchmark/7LZD_YHY/vina_poses.pdbqt,12.4,,,,1.0,29.0,0.0,0.3103448275862069,False,False,posebusters_benchmark::7LZD_YHY
posebusters_benchmark,7LZQ_YJV,7lzq,Vina/Meeko full,classical,True,True,False,6.878013977357655,results/posebench_702_predictions/vina_cpu_full/posebusters_benchmark/7LZQ_YJV/vina_poses.pdbqt,5.671,,,,1.0,22.0,0.0,0.4677419354838709,False,False,posebusters_benchmark::7LZQ_YJV
posebusters_benchmark,7M31_TDR,7m31,Vina/Meeko full,classical,True,True,False,6.839424602178818,results/posebench_702_predictions/vina_cpu_full/posebusters_benchmark/7M31_TDR/vina_poses.pdbqt,5.539,,,,1.0,9.0,0.0,1.0,True,False,posebusters_benchmark::7M31_TDR
posebusters_benchmark,7M3H_YPV,7m3h,Vina/Meeko full,classical,True,True,False,5.990727213090801,results/posebench_702_predictions/vina_cpu_full/posebusters_benchmark/7M3H_YPV/vina_poses.pdbqt,9.182,,,,1.0,24.0,0.0,0.6875,True,False,posebusters_benchmark::7M3H_YPV
posebusters_benchmark,7M41_YQG,7m41,Vina/Meeko full,classical,True,True,False,7.095753507820716,results/posebench_702_predictions/vina_cpu_full/posebusters_benchmark/7M41_YQG/vina_poses.pdbqt,7.532,,,,1.0,32.0,0.0,0.233009708737864,False,False,posebusters_benchmark::7M41_YQG
posebusters_benchmark,7M6K_YRJ,7m6k,Vina/Meeko full,classical,True,True,False,5.401033529040362,results/posebench_702_predictions/vina_cpu_full/posebusters_benchmark/7M6K_YRJ/vina_poses.pdbqt,10.055,,,,1.0,33.0,4.0,0.35,False,False,posebusters_benchmark::7M6K_YRJ
posebusters_benchmark,7MAE_XUS,7mae,Vina/Meeko full,classical,True,True,False,7.536386171807562,results/posebench_702_predictions/vina_cpu_full/posebusters_benchmark/7MAE_XUS/vina_poses.pdbqt,8.72,,,,1.0,49.0,6.0,0.7142857142857143,True,False,posebusters_benchmark::7MAE_XUS
posebusters_benchmark,7MEU_MGP,7meu,Vina/Meeko full,classical,True,True,False,4.103066853715719,results/posebench_702_predictions/vina_cpu_full/posebusters_benchmark/7MEU_MGP/vina_poses.pdbqt,7.918,,,,1.0,33.0,6.0,1.0,True,False,posebusters_benchmark::7MEU_MGP
posebusters_benchmark,7MFP_Z7P,7mfp,Vina/Meeko full,classical,True,True,False,7.035722018385888,results/posebench_702_predictions/vina_cpu_full/posebusters_benchmark/7MFP_Z7P/vina_poses.pdbqt,11.149,,,,1.0,50.0,11.0,0.5555555555555556,False,False,posebusters_benchmark::7MFP_Z7P
posebusters_benchmark,7MGT_ZD4,7mgt,Vina/Meeko full,classical,True,True,False,5.183573498493652,results/posebench_702_predictions/vina_cpu_full/posebusters_benchmark/7MGT_ZD4/vina_poses.pdbqt,8.916,,,,1.0,28.0,5.0,1.0,True,True,posebusters_benchmark::7MGT_ZD4
posebusters_benchmark,7MGY_ZD1,7mgy,Vina/Meeko full,classical,True,True,False,5.140015441526459,results/posebench_702_predictions/vina_cpu_full/posebusters_benchmark/7MGY_ZD1/vina_poses.pdbqt,7.287,,,,1.0,23.0,9.0,0.4651162790697674,False,False,posebusters_benchmark::7MGY_ZD1
posebusters_benchmark,7MMH_ZJY,7mmh,Vina/Meeko full,classical,True,True,False,8.424814438062684,results/posebench_702_predictions/vina_cpu_full/posebusters_benchmark/7MMH_ZJY/vina_poses.pdbqt,7.098,,,,1.0,57.0,5.0,0.218978102189781,False,False,posebusters_benchmark::7MMH_ZJY
posebusters_benchmark,7MOI_HPS,7moi,Vina/Meeko full,classical,True,True,False,3.6922794880915792,results/posebench_702_predictions/vina_cpu_full/posebusters_benchmark/7MOI_HPS/vina_poses.pdbqt,6.758,,,,1.0,11.0,0.0,0.3793103448275862,True,False,posebusters_benchmark::7MOI_HPS
posebusters_benchmark,7MRH_ZMJ,7mrh,Vina/Meeko full,classical,True,True,False,4.419976003894139,results/posebench_702_predictions/vina_cpu_full/posebusters_benchmark/7MRH_ZMJ/vina_poses.pdbqt,8.208,,,,1.0,24.0,0.0,0.2835820895522388,False,False,posebusters_benchmark::7MRH_ZMJ
posebusters_benchmark,7MS7_ZQ1,7ms7,Vina/Meeko full,classical,True,True,False,9.230377443995488,results/posebench_702_predictions/vina_cpu_full/posebusters_benchmark/7MS7_ZQ1/vina_poses.pdbqt,7.552,,,,1.0,29.0,0.0,0.3205128205128205,False,False,posebusters_benchmark::7MS7_ZQ1
posebusters_benchmark,7MSR_DCA,7msr,Vina/Meeko full,classical,True,True,False,12.132781330284931,results/posebench_702_predictions/vina_cpu_full/posebusters_benchmark/7MSR_DCA/vina_poses.pdbqt,6.244,,,,1.0,47.0,7.0,0.8941176470588236,True,False,posebusters_benchmark::7MSR_DCA
posebusters_benchmark,7MWN_WI5,7mwn,Vina/Meeko full,classical,True,True,False,3.935242686290136,results/posebench_702_predictions/vina_cpu_full/posebusters_benchmark/7MWN_WI5/vina_poses.pdbqt,12.177,,,,1.0,32.0,1.0,1.0,True,True,posebusters_benchmark::7MWN_WI5
posebusters_benchmark,7MWU_ZPM,7mwu,Vina/Meeko full,classical,True,True,False,2.4706478907363563,results/posebench_702_predictions/vina_cpu_full/posebusters_benchmark/7MWU_ZPM/vina_poses.pdbqt,5.042,,,,1.0,7.0,0.0,1.0,True,True,posebusters_benchmark::7MWU_ZPM
posebusters_benchmark,7MY1_IPE,7my1,Vina/Meeko full,classical,True,True,False,10.000989854580824,results/posebench_702_predictions/vina_cpu_full/posebusters_benchmark/7MY1_IPE/vina_poses.pdbqt,5.629,,,,1.0,14.0,1.0,1.0,False,False,posebusters_benchmark::7MY1_IPE
posebusters_benchmark,7MYU_ZR7,7myu,Vina/Meeko full,classical,True,True,False,4.591493504296832,results/posebench_702_predictions/vina_cpu_full/posebusters_benchmark/7MYU_ZR7/vina_poses.pdbqt,10.214,,,,1.0,35.0,2.0,0.2307692307692307,False,False,posebusters_benchmark::7MYU_ZR7
posebusters_benchmark,7MZS_GLA,7mzs,Vina/Meeko full,classical,True,True,False,2.842787130030433,results/posebench_702_predictions/vina_cpu_full/posebusters_benchmark/7MZS_GLA/vina_poses.pdbqt,5.618,,,,1.0,12.0,5.0,1.0,True,False,posebusters_benchmark::7MZS_GLA
posebusters_benchmark,7N03_ZRP,7n03,Vina/Meeko full,classical,True,True,False,5.88867946935959,results/posebench_702_predictions/vina_cpu_full/posebusters_benchmark/7N03_ZRP/vina_poses.pdbqt,9.31,,,,1.0,28.0,0.0,0.2857142857142857,True,False,posebusters_benchmark::7N03_ZRP
posebusters_benchmark,7N4N_0BK,7n4n,Vina/Meeko full,classical,True,True,False,8.067604502344546,results/posebench_702_predictions/vina_cpu_full/posebusters_benchmark/7N4N_0BK/vina_poses.pdbqt,8.707,,,,1.0,32.0,2.0,0.2475247524752475,False,False,posebusters_benchmark::7N4N_0BK
posebusters_benchmark,7N4W_P4V,7n4w,Vina/Meeko full,classical,True,True,False,5.906735858323106,results/posebench_702_predictions/vina_cpu_full/posebusters_benchmark/7N4W_P4V/vina_poses.pdbqt,7.521,,,,1.0,26.0,1.0,1.0,True,True,posebusters_benchmark::7N4W_P4V
posebusters_benchmark,7N6F_0I1,7n6f,Vina/Meeko full,classical,True,True,False,5.141408752622033,results/posebench_702_predictions/vina_cpu_full/posebusters_benchmark/7N6F_0I1/vina_poses.pdbqt,8.055,,,,1.0,26.0,0.0,0.2807017543859649,False,False,posebusters_benchmark::7N6F_0I1
posebusters_benchmark,7N7B_T3F,7n7b,Vina/Meeko full,classical,True,True,False,5.565229393295483,results/posebench_702_predictions/vina_cpu_full/posebusters_benchmark/7N7B_T3F/vina_poses.pdbqt,10.167,,,,1.0,35.0,10.0,0.8823529411764706,True,False,posebusters_benchmark::7N7B_T3F
posebusters_benchmark,7N7H_CTP,7n7h,Vina/Meeko full,classical,True,True,False,5.722522532758699,results/posebench_702_predictions/vina_cpu_full/posebusters_benchmark/7N7H_CTP/vina_poses.pdbqt,9.551,,,,1.0,29.0,6.0,1.0,True,False,posebusters_benchmark::7N7H_CTP
posebusters_benchmark,7NA4_1I9,7na4,Vina/Meeko full,classical,True,True,False,6.572973540026974,results/posebench_702_predictions/vina_cpu_full/posebusters_benchmark/7NA4_1I9/vina_poses.pdbqt,7.56,,,,1.0,38.0,2.0,0.2075471698113207,False,False,posebusters_benchmark::7NA4_1I9
posebusters_benchmark,7NB4_U6Q,7nb4,Vina/Meeko full,classical,True,True,False,4.521597330518811,results/posebench_702_predictions/vina_cpu_full/posebusters_benchmark/7NB4_U6Q/vina_poses.pdbqt,7.384,,,,1.0,31.0,1.0,0.618421052631579,False,False,posebusters_benchmark::7NB4_U6Q
posebusters_benchmark,7NF0_BYN,7nf0,Vina/Meeko full,classical,True,True,False,4.088424929652666,results/posebench_702_predictions/vina_cpu_full/posebusters_benchmark/7NF0_BYN/vina_poses.pdbqt,11.067,,,,1.0,37.0,4.0,0.4457831325301205,False,False,posebusters_benchmark::7NF0_BYN
posebusters_benchmark,7NF3_4LU,7nf3,Vina/Meeko full,classical,True,True,False,5.047814997600447,results/posebench_702_predictions/vina_cpu_full/posebusters_benchmark/7NF3_4LU/vina_poses.pdbqt,11.066,,,,1.0,36.0,3.0,0.6027397260273972,False,False,posebusters_benchmark::7NF3_4LU
posebusters_benchmark,7NFB_GEN,7nfb,Vina/Meeko full,classical,True,True,False,2.409365269111348,results/posebench_702_predictions/vina_cpu_full/posebusters_benchmark/7NFB_GEN/vina_poses.pdbqt,8.954,,,,1.0,20.0,0.0,0.5609756097560976,True,False,posebusters_benchmark::7NFB_GEN
posebusters_benchmark,7NGW_UAW,7ngw,Vina/Meeko full,classical,True,True,False,3.594633581915588,results/posebench_702_predictions/vina_cpu_full/posebusters_benchmark/7NGW_UAW/vina_poses.pdbqt,9.568,,,,1.0,17.0,0.0,1.0,True,True,posebusters_benchmark::7NGW_UAW
posebusters_benchmark,7NLK_UHK,7nlk,Vina/Meeko full,classical,True,True,False,5.965090820767108,results/posebench_702_predictions/vina_cpu_full/posebusters_benchmark/7NLK_UHK/vina_poses.pdbqt,6.042,,,,1.0,16.0,1.0,1.0,True,True,posebusters_benchmark::7NLK_UHK
posebusters_benchmark,7NLV_UJE,7nlv,Vina/Meeko full,classical,True,True,False,7.626133876661352,results/posebench_702_predictions/vina_cpu_full/posebusters_benchmark/7NLV_UJE/vina_poses.pdbqt,8.967,,,,1.0,21.0,4.0,1.0,True,True,posebusters_benchmark::7NLV_UJE
posebusters_benchmark,7NML_I7B,7nml,Vina/Meeko full,classical,True,True,False,12.518222649901224,results/posebench_702_predictions/vina_cpu_full/posebusters_benchmark/7NML_I7B/vina_poses.pdbqt,3.92,,,,1.0,16.0,0.0,1.0,True,False,posebusters_benchmark::7NML_I7B
posebusters_benchmark,7NP6_UK8,7np6,Vina/Meeko full,classical,True,True,False,6.308830014848237,results/posebench_702_predictions/vina_cpu_full/posebusters_benchmark/7NP6_UK8/vina_poses.pdbqt,13.209,,,,1.0,32.0,0.0,0.2988505747126437,False,False,posebusters_benchmark::7NP6_UK8
posebusters_benchmark,7NPL_UKZ,7npl,Vina/Meeko full,classical,True,True,False,6.125697299688208,results/posebench_702_predictions/vina_cpu_full/posebusters_benchmark/7NPL_UKZ/vina_poses.pdbqt,13.209,,,,1.0,27.0,2.0,0.25,False,False,posebusters_benchmark::7NPL_UKZ
posebusters_benchmark,7NR6_UO8,7nr6,Vina/Meeko full,classical,True,True,False,4.654656744784161,results/posebench_702_predictions/vina_cpu_full/posebusters_benchmark/7NR6_UO8/vina_poses.pdbqt,8.1,,,,1.0,17.0,0.0,1.0,True,True,posebusters_benchmark::7NR6_UO8
posebusters_benchmark,7NR8_UOE,7nr8,Vina/Meeko full,classical,True,True,False,8.542412201610398,results/posebench_702_predictions/vina_cpu_full/posebusters_benchmark/7NR8_UOE/vina_poses.pdbqt,10.601,,,,1.0,45.0,2.0,1.0,True,True,posebusters_benchmark::7NR8_UOE
posebusters_benchmark,7NSW_HC4,7nsw,Vina/Meeko full,classical,True,True,True,1.854767730292215,results/posebench_702_predictions/vina_cpu_full/posebusters_benchmark/7NSW_HC4/vina_poses.pdbqt,6.707,,,,1.0,12.0,0.0,0.53125,True,False,posebusters_benchmark::7NSW_HC4
posebusters_benchmark,7NTG_F6R,7ntg,Vina/Meeko full,classical,True,True,False,3.839436172799336,results/posebench_702_predictions/vina_cpu_full/posebusters_benchmark/7NTG_F6R/vina_poses.pdbqt,6.204,,,,1.0,16.0,3.0,1.0,False,False,posebusters_benchmark::7NTG_F6R
posebusters_benchmark,7NU0_DCL,7nu0,Vina/Meeko full,classical,True,True,False,10.079757753785556,results/posebench_702_predictions/vina_cpu_full/posebusters_benchmark/7NU0_DCL/vina_poses.pdbqt,4.342,,,,1.0,8.0,1.0,1.0,False,True,posebusters_benchmark::7NU0_DCL
posebusters_benchmark,7NUT_GLP,7nut,Vina/Meeko full,classical,True,True,False,5.33378251103286,results/posebench_702_predictions/vina_cpu_full/posebusters_benchmark/7NUT_GLP/vina_poses.pdbqt,7.017,,,,1.0,16.0,5.0,0.71875,True,False,posebusters_benchmark::7NUT_GLP
posebusters_benchmark,7NXO_UU8,7nxo,Vina/Meeko full,classical,True,True,False,8.663128325400297,results/posebench_702_predictions/vina_cpu_full/posebusters_benchmark/7NXO_UU8/vina_poses.pdbqt,11.118,,,,1.0,34.0,0.0,0.2738095238095238,False,False,posebusters_benchmark::7NXO_UU8
posebusters_benchmark,7O0N_CDP,7o0n,Vina/Meeko full,classical,True,True,False,12.551148653410172,results/posebench_702_predictions/vina_cpu_full/posebusters_benchmark/7O0N_CDP/vina_poses.pdbqt,9.919,,,,1.0,25.0,5.0,1.0,True,False,posebusters_benchmark::7O0N_CDP
posebusters_benchmark,7O1T_5X8,7o1t,Vina/Meeko full,classical,True,True,False,7.495094315617383,results/posebench_702_predictions/vina_cpu_full/posebusters_benchmark/7O1T_5X8/vina_poses.pdbqt,8.454,,,,1.0,25.0,5.0,0.8245614035087719,True,False,posebusters_benchmark::7O1T_5X8
posebusters_benchmark,7OCB_V88,7ocb,Vina/Meeko full,classical,True,True,False,7.1844701775223,results/posebench_702_predictions/vina_cpu_full/posebusters_benchmark/7OCB_V88/vina_poses.pdbqt,7.768,,,,1.0,41.0,0.0,0.5862068965517241,False,False,posebusters_benchmark::7OCB_V88
posebusters_benchmark,7ODX_DGP,7odx,Vina/Meeko full,classical,True,True,False,2.376293999889964,results/posebench_702_predictions/vina_cpu_full/posebusters_benchmark/7ODX_DGP/vina_poses.pdbqt,8.402,,,,1.0,23.0,3.0,0.847457627118644,True,False,posebusters_benchmark::7ODX_DGP
posebusters_benchmark,7ODY_DGI,7ody,Vina/Meeko full,classical,True,True,False,2.503528413762967,results/posebench_702_predictions/vina_cpu_full/posebusters_benchmark/7ODY_DGI/vina_poses.pdbqt,10.126,,,,1.0,27.0,4.0,0.9824561403508772,True,False,posebusters_benchmark::7ODY_DGI
posebusters_benchmark,7OEO_V9Z,7oeo,Vina/Meeko full,classical,True,True,False,4.128023426078152,results/posebench_702_predictions/vina_cpu_full/posebusters_benchmark/7OEO_V9Z/vina_poses.pdbqt,8.331,,,,1.0,32.0,0.0,0.2948717948717949,False,False,posebusters_benchmark::7OEO_V9Z
posebusters_benchmark,7OFF_VCB,7off,Vina/Meeko full,classical,True,True,False,6.432908935339468,results/posebench_702_predictions/vina_cpu_full/posebusters_benchmark/7OFF_VCB/vina_poses.pdbqt,9.239,,,,1.0,27.0,1.0,0.3833333333333333,False,False,posebusters_benchmark::7OFF_VCB
posebusters_benchmark,7OFK_VCH,7ofk,Vina/Meeko full,classical,True,True,False,6.897898425296961,results/posebench_702_predictions/vina_cpu_full/posebusters_benchmark/7OFK_VCH/vina_poses.pdbqt,10.79,,,,1.0,35.0,1.0,0.2873563218390804,False,False,posebusters_benchmark::7OFK_VCH
posebusters_benchmark,7OKC_VFE,7okc,Vina/Meeko full,classical,True,True,False,8.881882366892187,results/posebench_702_predictions/vina_cpu_full/posebusters_benchmark/7OKC_VFE/vina_poses.pdbqt,5.242,,,,1.0,29.0,0.0,1.0,True,True,posebusters_benchmark::7OKC_VFE
posebusters_benchmark,7OKF_VH5,7okf,Vina/Meeko full,classical,True,True,False,8.149225055181626,results/posebench_702_predictions/vina_cpu_full/posebusters_benchmark/7OKF_VH5/vina_poses.pdbqt,6.727,,,,1.0,28.0,0.0,0.4691358024691358,False,False,posebusters_benchmark::7OKF_VH5
posebusters_benchmark,7OLI_8HG,7oli,Vina/Meeko full,classical,True,True,False,4.391918043406548,results/posebench_702_predictions/vina_cpu_full/posebusters_benchmark/7OLI_8HG/vina_poses.pdbqt,8.497,,,,1.0,20.0,3.0,1.0,True,True,posebusters_benchmark::7OLI_8HG
posebusters_benchmark,7OLT_58J,7olt,Vina/Meeko full,classical,True,True,False,4.156164279926761,results/posebench_702_predictions/vina_cpu_full/posebusters_benchmark/7OLT_58J/vina_poses.pdbqt,6.201,,,,1.0,23.0,0.0,1.0,True,False,posebusters_benchmark::7OLT_58J
posebusters_benchmark,7OMJ_GCP,7omj,Vina/Meeko full,classical,True,True,False,3.161866453338914,results/posebench_702_predictions/vina_cpu_full/posebusters_benchmark/7OMJ_GCP/vina_poses.pdbqt,10.025,,,,1.0,32.0,6.0,1.0,True,False,posebusters_benchmark::7OMJ_GCP
posebusters_benchmark,7OMX_CNA,7omx,Vina/Meeko full,classical,True,True,False,2.6046169147740845,results/posebench_702_predictions/vina_cpu_full/posebusters_benchmark/7OMX_CNA/vina_poses.pdbqt,9.621,,,,1.0,44.0,10.0,0.735632183908046,False,False,posebusters_benchmark::7OMX_CNA
posebusters_benchmark,7OP9_06K,7op9,Vina/Meeko full,classical,True,True,False,3.517346985752446,results/posebench_702_predictions/vina_cpu_full/posebusters_benchmark/7OP9_06K/vina_poses.pdbqt,5.838,,,,1.0,11.0,0.0,0.3783783783783784,True,False,posebusters_benchmark::7OP9_06K
posebusters_benchmark,7OPG_06N,7opg,Vina/Meeko full,classical,True,True,False,5.07592120755072,results/posebench_702_predictions/vina_cpu_full/posebusters_benchmark/7OPG_06N/vina_poses.pdbqt,8.343,,,,1.0,19.0,0.0,0.2835820895522388,False,False,posebusters_benchmark::7OPG_06N
posebusters_benchmark,7ORW_7WA,7orw,Vina/Meeko full,classical,True,True,False,13.43102361698467,results/posebench_702_predictions/vina_cpu_full/posebusters_benchmark/7ORW_7WA/vina_poses.pdbqt,4.186,,,,1.0,10.0,0.0,0.4482758620689655,True,False,posebusters_benchmark::7ORW_7WA
posebusters_benchmark,7OSO_0V1,7oso,Vina/Meeko full,classical,True,True,False,10.832587601439332,results/posebench_702_predictions/vina_cpu_full/posebusters_benchmark/7OSO_0V1/vina_poses.pdbqt,3.844,,,,1.0,7.0,1.0,0.6111111111111112,False,False,posebusters_benchmark::7OSO_0V1
posebusters_benchmark,7OU8_1XI,7ou8,Vina/Meeko full,classical,True,True,False,7.038886226126108,results/posebench_702_predictions/vina_cpu_full/posebusters_benchmark/7OU8_1XI/vina_poses.pdbqt,7.507,,,,1.0,23.0,4.0,1.0,True,True,posebusters_benchmark::7OU8_1XI
posebusters_benchmark,7OZ9_NGK,7oz9,Vina/Meeko full,classical,True,True,False,2.543850655579988,results/posebench_702_predictions/vina_cpu_full/posebusters_benchmark/7OZ9_NGK/vina_poses.pdbqt,6.476,,,,1.0,19.0,5.0,0.625,True,False,posebusters_benchmark::7OZ9_NGK
posebusters_benchmark,7OZC_G6S,7ozc,Vina/Meeko full,classical,True,True,False,3.3023778932762973,results/posebench_702_predictions/vina_cpu_full/posebusters_benchmark/7OZC_G6S/vina_poses.pdbqt,6.538,,,,1.0,16.0,5.0,1.0,True,False,posebusters_benchmark::7OZC_G6S
posebusters_benchmark,7P1F_KFN,7p1f,Vina/Meeko full,classical,True,True,False,5.442461753763316,results/posebench_702_predictions/vina_cpu_full/posebusters_benchmark/7P1F_KFN/vina_poses.pdbqt,7.213,,,,1.0,17.0,5.0,1.0,True,True,posebusters_benchmark::7P1F_KFN
posebusters_benchmark,7P1M_4IU,7p1m,Vina/Meeko full,classical,True,True,False,3.544292424683193,results/posebench_702_predictions/vina_cpu_full/posebusters_benchmark/7P1M_4IU/vina_poses.pdbqt,6.828,,,,1.0,24.0,3.0,0.2469135802469135,False,False,posebusters_benchmark::7P1M_4IU
posebusters_benchmark,7P2I_MFU,7p2i,Vina/Meeko full,classical,True,True,False,3.5171776919380497,results/posebench_702_predictions/vina_cpu_full/posebusters_benchmark/7P2I_MFU/vina_poses.pdbqt,5.593,,,,1.0,12.0,5.0,0.5,True,False,posebusters_benchmark::7P2I_MFU
posebusters_benchmark,7P2W_4QR,7p2w,Vina/Meeko full,classical,True,True,False,7.812972946625752,results/posebench_702_predictions/vina_cpu_full/posebusters_benchmark/7P2W_4QR/vina_poses.pdbqt,10.052,,,,1.0,34.0,0.0,0.3714285714285714,False,False,posebusters_benchmark::7P2W_4QR
posebusters_benchmark,7P4C_5OV,7p4c,Vina/Meeko full,classical,True,True,False,2.774431619719613,results/posebench_702_predictions/vina_cpu_full/posebusters_benchmark/7P4C_5OV/vina_poses.pdbqt,6.31,,,,1.0,16.0,6.0,1.0,True,True,posebusters_benchmark::7P4C_5OV
posebusters_benchmark,7P4J_5JK,7p4j,Vina/Meeko full,classical,True,True,False,8.883109598441923,results/posebench_702_predictions/vina_cpu_full/posebusters_benchmark/7P4J_5JK/vina_poses.pdbqt,10.308,,,,1.0,29.0,9.0,1.0,True,False,posebusters_benchmark::7P4J_5JK
posebusters_benchmark,7P4V_DAT,7p4v,Vina/Meeko full,classical,True,True,False,9.745593582190404,results/posebench_702_predictions/vina_cpu_full/posebusters_benchmark/7P4V_DAT/vina_poses.pdbqt,5.916,,,,1.0,26.0,4.0,1.0,True,True,posebusters_benchmark::7P4V_DAT
posebusters_benchmark,7P5T_5YG,7p5t,Vina/Meeko full,classical,True,True,False,9.308495343782331,results/posebench_702_predictions/vina_cpu_full/posebusters_benchmark/7P5T_5YG/vina_poses.pdbqt,8.627,,,,1.0,23.0,0.0,0.391304347826087,False,False,posebusters_benchmark::7P5T_5YG
posebusters_benchmark,7P85_5ZG,7p85,Vina/Meeko full,classical,True,True,False,3.706663488136698,results/posebench_702_predictions/vina_cpu_full/posebusters_benchmark/7P85_5ZG/vina_poses.pdbqt,6.877,,,,1.0,14.0,1.0,0.3137254901960784,True,False,posebusters_benchmark::7P85_5ZG
posebusters_benchmark,7PA4_C,7pa4,Vina/Meeko full,classical,True,True,False,2.364430093419273,results/posebench_702_predictions/vina_cpu_full/posebusters_benchmark/7PA4_C/vina_poses.pdbqt,6.406,,,,1.0,21.0,4.0,0.84,True,False,posebusters_benchmark::7PA4_C
posebusters_benchmark,7PGX_FMN,7pgx,Vina/Meeko full,classical,True,True,False,4.667178805231272,results/posebench_702_predictions/vina_cpu_full/posebusters_benchmark/7PGX_FMN/vina_poses.pdbqt,10.184,,,,1.0,31.0,3.0,1.0,True,False,posebusters_benchmark::7PGX_FMN
posebusters_benchmark,7PIH_7QW,7pih,Vina/Meeko full,classical,True,True,False,4.912415338541045,results/posebench_702_predictions/vina_cpu_full/posebusters_benchmark/7PIH_7QW/vina_poses.pdbqt,9.352,,,,1.0,24.0,1.0,0.3181818181818182,False,False,posebusters_benchmark::7PIH_7QW
posebusters_benchmark,7PJQ_OWH,7pjq,Vina/Meeko full,classical,True,True,False,3.2739230901168104,results/posebench_702_predictions/vina_cpu_full/posebusters_benchmark/7PJQ_OWH/vina_poses.pdbqt,5.194,,,,1.0,10.0,0.0,0.4838709677419355,True,False,posebusters_benchmark::7PJQ_OWH
posebusters_benchmark,7PK0_BYC,7pk0,Vina/Meeko full,classical,True,True,False,9.48488438912146,results/posebench_702_predictions/vina_cpu_full/posebusters_benchmark/7PK0_BYC/vina_poses.pdbqt,9.688,,,,1.0,56.0,7.0,0.8020833333333334,False,False,posebusters_benchmark::7PK0_BYC
posebusters_benchmark,7PL1_SFG,7pl1,Vina/Meeko full,classical,True,True,False,7.859914300729673,results/posebench_702_predictions/vina_cpu_full/posebusters_benchmark/7PL1_SFG/vina_poses.pdbqt,6.317,,,,1.0,27.0,6.0,0.7333333333333333,True,False,posebusters_benchmark::7PL1_SFG
posebusters_benchmark,7POM_7VZ,7pom,Vina/Meeko full,classical,True,True,False,5.0613381046014805,results/posebench_702_predictions/vina_cpu_full/posebusters_benchmark/7POM_7VZ/vina_poses.pdbqt,7.428,,,,1.0,22.0,0.0,1.0,True,True,posebusters_benchmark::7POM_7VZ
posebusters_benchmark,7PRI_7TI,7pri,Vina/Meeko full,classical,True,True,False,5.936397413414974,results/posebench_702_predictions/vina_cpu_full/posebusters_benchmark/7PRI_7TI/vina_poses.pdbqt,6.709,,,,1.0,20.0,0.0,1.0,True,True,posebusters_benchmark::7PRI_7TI
posebusters_benchmark,7PRM_81I,7prm,Vina/Meeko full,classical,True,True,False,6.48113984718352,results/posebench_702_predictions/vina_cpu_full/posebusters_benchmark/7PRM_81I/vina_poses.pdbqt,8.899,,,,1.0,32.0,1.0,0.3088235294117647,False,False,posebusters_benchmark::7PRM_81I
posebusters_benchmark,7PT3_3KK,7pt3,Vina/Meeko full,classical,True,True,False,5.952404063034501,results/posebench_702_predictions/vina_cpu_full/posebusters_benchmark/7PT3_3KK/vina_poses.pdbqt,9.203,,,,1.0,54.0,7.0,0.8369565217391305,True,False,posebusters_benchmark::7PT3_3KK
posebusters_benchmark,7PUV_84Z,7puv,Vina/Meeko full,classical,True,True,False,4.286371557039823,results/posebench_702_predictions/vina_cpu_full/posebusters_benchmark/7PUV_84Z/vina_poses.pdbqt,8.155,,,,1.0,24.0,0.0,0.5272727272727272,False,False,posebusters_benchmark::7PUV_84Z
posebusters_benchmark,7Q19_DSM,7q19,Vina/Meeko full,classical,True,True,True,1.909450365943037,results/posebench_702_predictions/vina_cpu_full/posebusters_benchmark/7Q19_DSM/vina_poses.pdbqt,5.945,,,,1.0,20.0,0.0,1.0,True,False,posebusters_benchmark::7Q19_DSM
posebusters_benchmark,7Q25_8J9,7q25,Vina/Meeko full,classical,True,True,False,8.42515067215328,results/posebench_702_predictions/vina_cpu_full/posebusters_benchmark/7Q25_8J9/vina_poses.pdbqt,8.341,,,,1.0,33.0,3.0,0.4313725490196078,False,False,posebusters_benchmark::7Q25_8J9
posebusters_benchmark,7Q27_8KC,7q27,Vina/Meeko full,classical,True,True,False,7.92762493166414,results/posebench_702_predictions/vina_cpu_full/posebusters_benchmark/7Q27_8KC/vina_poses.pdbqt,9.038,,,,1.0,35.0,3.0,0.4406779661016949,False,False,posebusters_benchmark::7Q27_8KC
posebusters_benchmark,7Q2B_M6H,7q2b,Vina/Meeko full,classical,True,True,False,3.890307667781559,results/posebench_702_predictions/vina_cpu_full/posebusters_benchmark/7Q2B_M6H/vina_poses.pdbqt,7.034,,,,1.0,12.0,0.0,0.3461538461538461,False,False,posebusters_benchmark::7Q2B_M6H
posebusters_benchmark,7Q5I_I0F,7q5i,Vina/Meeko full,classical,True,True,False,4.732632037249463,results/posebench_702_predictions/vina_cpu_full/posebusters_benchmark/7Q5I_I0F/vina_poses.pdbqt,9.134,,,,1.0,27.0,5.0,0.3050847457627119,False,False,posebusters_benchmark::7Q5I_I0F
posebusters_benchmark,7QE4_NGA,7qe4,Vina/Meeko full,classical,True,True,False,4.562520860226284,results/posebench_702_predictions/vina_cpu_full/posebusters_benchmark/7QE4_NGA/vina_poses.pdbqt,4.419,,,,1.0,15.0,5.0,1.0,True,False,posebusters_benchmark::7QE4_NGA
posebusters_benchmark,7QF4_RBF,7qf4,Vina/Meeko full,classical,True,True,False,4.145427717734681,results/posebench_702_predictions/vina_cpu_full/posebusters_benchmark/7QF4_RBF/vina_poses.pdbqt,10.815,,,,1.0,27.0,3.0,0.7368421052631579,True,False,posebusters_benchmark::7QF4_RBF
posebusters_benchmark,7QFM_AY3,7qfm,Vina/Meeko full,classical,True,True,False,4.6388036927639,results/posebench_702_predictions/vina_cpu_full/posebusters_benchmark/7QFM_AY3/vina_poses.pdbqt,8.867,,,,1.0,20.0,0.0,0.4565217391304347,False,False,posebusters_benchmark::7QFM_AY3
posebusters_benchmark,7QGP_DJ8,7qgp,Vina/Meeko full,classical,True,True,False,4.997996998798619,results/posebench_702_predictions/vina_cpu_full/posebusters_benchmark/7QGP_DJ8/vina_poses.pdbqt,10.52,,,,1.0,35.0,0.0,0.3010752688172043,False,False,posebusters_benchmark::7QGP_DJ8
posebusters_benchmark,7QHG_T3B,7qhg,Vina/Meeko full,classical,True,True,False,8.654505260817848,results/posebench_702_predictions/vina_cpu_full/posebusters_benchmark/7QHG_T3B/vina_poses.pdbqt,12.597,,,,1.0,42.0,0.0,0.2875,False,False,posebusters_benchmark::7QHG_T3B
posebusters_benchmark,7QHL_D5P,7qhl,Vina/Meeko full,classical,True,True,False,5.843336153260396,results/posebench_702_predictions/vina_cpu_full/posebusters_benchmark/7QHL_D5P/vina_poses.pdbqt,9.011,,,,1.0,30.0,0.0,1.0,True,True,posebusters_benchmark::7QHL_D5P
posebusters_benchmark,7QK0_EBL,7qk0,Vina/Meeko full,classical,True,True,False,8.480117003599469,results/posebench_702_predictions/vina_cpu_full/posebusters_benchmark/7QK0_EBL/vina_poses.pdbqt,6.358,,,,1.0,38.0,3.0,1.0,True,True,posebusters_benchmark::7QK0_EBL
posebusters_benchmark,7QPP_VDX,7qpp,Vina/Meeko full,classical,True,True,False,6.679507299694092,results/posebench_702_predictions/vina_cpu_full/posebusters_benchmark/7QPP_VDX/vina_poses.pdbqt,12.546,,,,1.0,30.0,6.0,0.8548387096774194,True,False,posebusters_benchmark::7QPP_VDX
posebusters_benchmark,7QSW_CAP,7qsw,Vina/Meeko full,classical,True,True,False,5.518661440534117,results/posebench_702_predictions/vina_cpu_full/posebusters_benchmark/7QSW_CAP/vina_poses.pdbqt,7.203,,,,1.0,21.0,3.0,0.4736842105263157,False,False,posebusters_benchmark::7QSW_CAP
posebusters_benchmark,7QTA_URI,7qta,Vina/Meeko full,classical,True,True,False,4.141219605808102,results/posebench_702_predictions/vina_cpu_full/posebusters_benchmark/7QTA_URI/vina_poses.pdbqt,6.666,,,,1.0,17.0,4.0,1.0,True,False,posebusters_benchmark::7QTA_URI
posebusters_benchmark,7R3D_APR,7r3d,Vina/Meeko full,classical,True,True,False,10.613479604048596,results/posebench_702_predictions/vina_cpu_full/posebusters_benchmark/7R3D_APR/vina_poses.pdbqt,9.377,,,,1.0,36.0,10.0,1.0,True,False,posebusters_benchmark::7R3D_APR
posebusters_benchmark,7R59_I5F,7r59,Vina/Meeko full,classical,True,True,False,4.13458180379923,results/posebench_702_predictions/vina_cpu_full/posebusters_benchmark/7R59_I5F/vina_poses.pdbqt,7.331,,,,1.0,13.0,0.0,0.6666666666666666,True,False,posebusters_benchmark::7R59_I5F
posebusters_benchmark,7R6J_2I7,7r6j,Vina/Meeko full,classical,True,True,False,8.23020497738039,results/posebench_702_predictions/vina_cpu_full/posebusters_benchmark/7R6J_2I7/vina_poses.pdbqt,9.525,,,,1.0,33.0,4.0,0.2638888888888889,False,False,posebusters_benchmark::7R6J_2I7
posebusters_benchmark,7R7R_AWJ,7r7r,Vina/Meeko full,classical,True,True,False,2.4021900298256886,results/posebench_702_predictions/vina_cpu_full/posebusters_benchmark/7R7R_AWJ/vina_poses.pdbqt,8.801,,,,1.0,33.0,2.0,1.0,True,True,posebusters_benchmark::7R7R_AWJ
posebusters_benchmark,7R9N_F97,7r9n,Vina/Meeko full,classical,True,True,False,5.547159552128837,results/posebench_702_predictions/vina_cpu_full/posebusters_benchmark/7R9N_F97/vina_poses.pdbqt,8.627,,,,1.0,31.0,1.0,1.0,True,True,posebusters_benchmark::7R9N_F97
posebusters_benchmark,7RC3_SAH,7rc3,Vina/Meeko full,classical,True,True,False,2.5692291944951413,results/posebench_702_predictions/vina_cpu_full/posebusters_benchmark/7RC3_SAH/vina_poses.pdbqt,7.144,,,,1.0,26.0,5.0,1.0,True,False,posebusters_benchmark::7RC3_SAH
posebusters_benchmark,7REE_4LY,7ree,Vina/Meeko full,classical,True,True,False,8.512263204174484,results/posebench_702_predictions/vina_cpu_full/posebusters_benchmark/7REE_4LY/vina_poses.pdbqt,10.409,,,,1.0,42.0,0.0,0.25,False,False,posebusters_benchmark::7REE_4LY
posebusters_benchmark,7RH3_59O,7rh3,Vina/Meeko full,classical,True,True,False,6.382258027486178,results/posebench_702_predictions/vina_cpu_full/posebusters_benchmark/7RH3_59O/vina_poses.pdbqt,6.627,,,,1.0,34.0,5.0,1.0,True,True,posebusters_benchmark::7RH3_59O
posebusters_benchmark,7RH8_UTP,7rh8,Vina/Meeko full,classical,True,True,False,3.0569469669297,results/posebench_702_predictions/vina_cpu_full/posebusters_benchmark/7RH8_UTP/vina_poses.pdbqt,6.887,,,,1.0,29.0,6.0,1.0,True,False,posebusters_benchmark::7RH8_UTP
posebusters_benchmark,7RKW_5TV,7rkw,Vina/Meeko full,classical,True,True,False,8.331662463158239,results/posebench_702_predictions/vina_cpu_full/posebusters_benchmark/7RKW_5TV/vina_poses.pdbqt,8.054,,,,1.0,25.0,1.0,0.2816901408450704,False,False,posebusters_benchmark::7RKW_5TV
posebusters_benchmark,7RNI_60I,7rni,Vina/Meeko full,classical,True,True,False,8.159553472523344,results/posebench_702_predictions/vina_cpu_full/posebusters_benchmark/7RNI_60I/vina_poses.pdbqt,8.886,,,,1.0,31.0,0.0,0.3375,False,False,posebusters_benchmark::7RNI_60I
posebusters_benchmark,7ROR_69X,7ror,Vina/Meeko full,classical,True,True,False,6.838530142822045,results/posebench_702_predictions/vina_cpu_full/posebusters_benchmark/7ROR_69X/vina_poses.pdbqt,12.431,,,,1.0,35.0,6.0,1.0,True,True,posebusters_benchmark::7ROR_69X
posebusters_benchmark,7ROU_66I,7rou,Vina/Meeko full,classical,True,True,False,8.162129682179643,results/posebench_702_predictions/vina_cpu_full/posebusters_benchmark/7ROU_66I/vina_poses.pdbqt,10.431,,,,1.0,39.0,5.0,1.0,True,False,posebusters_benchmark::7ROU_66I
posebusters_benchmark,7RPZ_6IC,7rpz,Vina/Meeko full,classical,True,True,False,8.36068844082504,results/posebench_702_predictions/vina_cpu_full/posebusters_benchmark/7RPZ_6IC/vina_poses.pdbqt,9.047,,,,1.0,44.0,4.0,0.2366412213740458,False,False,posebusters_benchmark::7RPZ_6IC
posebusters_benchmark,7RSV_7IQ,7rsv,Vina/Meeko full,classical,True,True,False,4.970908035761676,results/posebench_702_predictions/vina_cpu_full/posebusters_benchmark/7RSV_7IQ/vina_poses.pdbqt,8.765,,,,1.0,20.0,3.0,1.0,True,True,posebusters_benchmark::7RSV_7IQ
posebusters_benchmark,7RUI_7QZ,7rui,Vina/Meeko full,classical,True,True,False,5.840453378520085,results/posebench_702_predictions/vina_cpu_full/posebusters_benchmark/7RUI_7QZ/vina_poses.pdbqt,9.977,,,,1.0,51.0,0.0,0.2307692307692307,False,False,posebusters_benchmark::7RUI_7QZ
posebusters_benchmark,7RWO_7WN,7rwo,Vina/Meeko full,classical,True,True,False,6.249824441534337,results/posebench_702_predictions/vina_cpu_full/posebusters_benchmark/7RWO_7WN/vina_poses.pdbqt,8.367,,,,1.0,20.0,0.0,0.4629629629629629,False,False,posebusters_benchmark::7RWO_7WN
posebusters_benchmark,7RWS_4UR,7rws,Vina/Meeko full,classical,True,True,False,7.642715009151598,results/posebench_702_predictions/vina_cpu_full/posebusters_benchmark/7RWS_4UR/vina_poses.pdbqt,8.016,,,,1.0,45.0,10.0,0.8153846153846154,False,False,posebusters_benchmark::7RWS_4UR
posebusters_benchmark,7RZL_NPO,7rzl,Vina/Meeko full,classical,True,True,False,10.265820975450527,results/posebench_702_predictions/vina_cpu_full/posebusters_benchmark/7RZL_NPO/vina_poses.pdbqt,5.416,,,,1.0,10.0,0.0,0.56,True,False,posebusters_benchmark::7RZL_NPO
posebusters_benchmark,7S45_ACO,7s45,Vina/Meeko full,classical,True,True,False,11.3110644399502,results/posebench_702_predictions/vina_cpu_full/posebusters_benchmark/7S45_ACO/vina_poses.pdbqt,4.558,,,,1.0,51.0,7.0,0.8555555555555555,True,False,posebusters_benchmark::7S45_ACO
posebusters_benchmark,7S9H_7PP,7s9h,Vina/Meeko full,classical,True,True,False,3.4055685028473888,results/posebench_702_predictions/vina_cpu_full/posebusters_benchmark/7S9H_7PP/vina_poses.pdbqt,9.882,,,,1.0,29.0,0.0,0.2558139534883721,False,False,posebusters_benchmark::7S9H_7PP
posebusters_benchmark,7SCW_GSP,7scw,Vina/Meeko full,classical,True,True,False,3.014996745437713,results/posebench_702_predictions/vina_cpu_full/posebusters_benchmark/7SCW_GSP/vina_poses.pdbqt,10.568,,,,1.0,32.0,6.0,1.0,True,True,posebusters_benchmark::7SCW_GSP
posebusters_benchmark,7SDD_4IP,7sdd,Vina/Meeko full,classical,True,True,False,4.96643115972483,results/posebench_702_predictions/vina_cpu_full/posebusters_benchmark/7SDD_4IP/vina_poses.pdbqt,7.34,,,,1.0,28.0,6.0,1.0,True,True,posebusters_benchmark::7SDD_4IP
posebusters_benchmark,7SED_8VD,7sed,Vina/Meeko full,classical,True,True,False,4.297744812176293,results/posebench_702_predictions/vina_cpu_full/posebusters_benchmark/7SED_8VD/vina_poses.pdbqt,8.027,,,,1.0,17.0,0.0,0.28,False,False,posebusters_benchmark::7SED_8VD
posebusters_benchmark,7SFO_98L,7sfo,Vina/Meeko full,classical,True,True,False,5.676888122906775,results/posebench_702_predictions/vina_cpu_full/posebusters_benchmark/7SFO_98L/vina_poses.pdbqt,10.226,,,,1.0,25.0,0.0,1.0,True,True,posebusters_benchmark::7SFO_98L
posebusters_benchmark,7SGV_L30,7sgv,Vina/Meeko full,classical,True,True,False,5.81849124502401,results/posebench_702_predictions/vina_cpu_full/posebusters_benchmark/7SGV_L30/vina_poses.pdbqt,7.271,,,,1.0,19.0,0.0,0.4473684210526316,False,False,posebusters_benchmark::7SGV_L30
posebusters_benchmark,7SIU_9ID,7siu,Vina/Meeko full,classical,True,True,False,9.314043342560565,results/posebench_702_predictions/vina_cpu_full/posebusters_benchmark/7SIU_9ID/vina_poses.pdbqt,10.18,,,,1.0,31.0,1.0,1.0,True,True,posebusters_benchmark::7SIU_9ID
posebusters_benchmark,7SNE_9XR,7sne,Vina/Meeko full,classical,True,True,False,5.139171710175353,results/posebench_702_predictions/vina_cpu_full/posebusters_benchmark/7SNE_9XR/vina_poses.pdbqt,10.778,,,,1.0,45.0,10.0,0.6621621621621622,False,False,posebusters_benchmark::7SNE_9XR
posebusters_benchmark,7SSM_B7L,7ssm,Vina/Meeko full,classical,True,True,False,5.008001529552482,results/posebench_702_predictions/vina_cpu_full/posebusters_benchmark/7SSM_B7L/vina_poses.pdbqt,8.093,,,,1.0,25.0,0.0,0.3150684931506849,False,False,posebusters_benchmark::7SSM_B7L
posebusters_benchmark,7SUC_COM,7suc,Vina/Meeko full,classical,True,True,False,6.690650213971306,results/posebench_702_predictions/vina_cpu_full/posebusters_benchmark/7SUC_COM/vina_poses.pdbqt,3.787,,,,1.0,7.0,0.0,0.391304347826087,False,False,posebusters_benchmark::7SUC_COM
posebusters_benchmark,7SZA_DUI,7sza,Vina/Meeko full,classical,True,True,False,4.343418106744963,results/posebench_702_predictions/vina_cpu_full/posebusters_benchmark/7SZA_DUI/vina_poses.pdbqt,9.645,,,,1.0,20.0,1.0,1.0,True,True,posebusters_benchmark::7SZA_DUI
posebusters_benchmark,7T0D_FPP,7t0d,Vina/Meeko full,classical,True,True,False,10.18818710975281,results/posebench_702_predictions/vina_cpu_full/posebusters_benchmark/7T0D_FPP/vina_poses.pdbqt,7.839,,,,1.0,24.0,1.0,1.0,False,False,posebusters_benchmark::7T0D_FPP
posebusters_benchmark,7T0U_E3I,7t0u,Vina/Meeko full,classical,True,True,False,9.049245218294912,results/posebench_702_predictions/vina_cpu_full/posebusters_benchmark/7T0U_E3I/vina_poses.pdbqt,9.629,,,,1.0,48.0,1.0,0.4224137931034483,False,False,posebusters_benchmark::7T0U_E3I
posebusters_benchmark,7T1D_E7K,7t1d,Vina/Meeko full,classical,True,True,False,6.385181576486755,results/posebench_702_predictions/vina_cpu_full/posebusters_benchmark/7T1D_E7K/vina_poses.pdbqt,14.096,,,,1.0,34.0,0.0,1.0,True,True,posebusters_benchmark::7T1D_E7K
posebusters_benchmark,7T2I_E9F,7t2i,Vina/Meeko full,classical,True,True,False,6.169802059083893,results/posebench_702_predictions/vina_cpu_full/posebusters_benchmark/7T2I_E9F/vina_poses.pdbqt,8.761,,,,1.0,29.0,2.0,0.3012048192771084,False,False,posebusters_benchmark::7T2I_E9F
posebusters_benchmark,7T3E_SLB,7t3e,Vina/Meeko full,classical,True,True,False,4.593099181950907,results/posebench_702_predictions/vina_cpu_full/posebusters_benchmark/7T3E_SLB/vina_poses.pdbqt,8.016,,,,1.0,21.0,6.0,1.0,True,False,posebusters_benchmark::7T3E_SLB
posebusters_benchmark,7T3F_EM0,7t3f,Vina/Meeko full,classical,True,True,False,7.83819901720627,results/posebench_702_predictions/vina_cpu_full/posebusters_benchmark/7T3F_EM0/vina_poses.pdbqt,8.45,,,,1.0,24.0,0.0,0.2777777777777778,False,False,posebusters_benchmark::7T3F_EM0
posebusters_benchmark,7T9O_GEI,7t9o,Vina/Meeko full,classical,True,True,False,5.275928435229058,results/posebench_702_predictions/vina_cpu_full/posebusters_benchmark/7T9O_GEI/vina_poses.pdbqt,6.559,,,,1.0,41.0,1.0,0.2959183673469387,False,False,posebusters_benchmark::7T9O_GEI
posebusters_benchmark,7TB0_UD1,7tb0,Vina/Meeko full,classical,True,True,False,7.933846690458059,results/posebench_702_predictions/vina_cpu_full/posebusters_benchmark/7TB0_UD1/vina_poses.pdbqt,9.466,,,,1.0,39.0,11.0,1.0,True,False,posebusters_benchmark::7TB0_UD1
posebusters_benchmark,7TBU_S3P,7tbu,Vina/Meeko full,classical,True,True,False,9.412917749693769,results/posebench_702_predictions/vina_cpu_full/posebusters_benchmark/7TBU_S3P/vina_poses.pdbqt,6.897,,,,1.0,16.0,3.0,1.0,True,True,posebusters_benchmark::7TBU_S3P
posebusters_benchmark,7TE8_P0T,7te8,Vina/Meeko full,classical,True,True,False,4.776977869450244,results/posebench_702_predictions/vina_cpu_full/posebusters_benchmark/7TE8_P0T/vina_poses.pdbqt,10.778,,,,1.0,23.0,2.0,1.0,True,True,posebusters_benchmark::7TE8_P0T
posebusters_benchmark,7TH4_FFO,7th4,Vina/Meeko full,classical,True,True,False,9.70575060133394,results/posebench_702_predictions/vina_cpu_full/posebusters_benchmark/7TH4_FFO/vina_poses.pdbqt,8.103,,,,1.0,34.0,2.0,0.5324675324675324,False,False,posebusters_benchmark::7TH4_FFO
posebusters_benchmark,7THI_PGA,7thi,Vina/Meeko full,classical,True,True,True,1.7891346449548686,results/posebench_702_predictions/vina_cpu_full/posebusters_benchmark/7THI_PGA/vina_poses.pdbqt,5.855,,,,1.0,9.0,0.0,0.4285714285714285,False,False,posebusters_benchmark::7THI_PGA
posebusters_benchmark,7TM6_GPJ,7tm6,Vina/Meeko full,classical,True,True,False,3.0656773476672328,results/posebench_702_predictions/vina_cpu_full/posebusters_benchmark/7TM6_GPJ/vina_poses.pdbqt,5.55,,,,1.0,10.0,0.0,1.0,False,True,posebusters_benchmark::7TM6_GPJ
posebusters_benchmark,7TOM_5AD,7tom,Vina/Meeko full,classical,True,True,True,1.064517835558532,results/posebench_702_predictions/vina_cpu_full/posebusters_benchmark/7TOM_5AD/vina_poses.pdbqt,8.468,,,,1.0,18.0,4.0,1.0,True,False,posebusters_benchmark::7TOM_5AD
posebusters_benchmark,7TS6_KMI,7ts6,Vina/Meeko full,classical,True,True,False,8.194341684788279,results/posebench_702_predictions/vina_cpu_full/posebusters_benchmark/7TS6_KMI/vina_poses.pdbqt,7.991,,,,1.0,17.0,0.0,1.0,True,True,posebusters_benchmark::7TS6_KMI
posebusters_benchmark,7TSF_H4B,7tsf,Vina/Meeko full,classical,True,True,False,3.2834563926376337,results/posebench_702_predictions/vina_cpu_full/posebusters_benchmark/7TSF_H4B/vina_poses.pdbqt,7.624,,,,1.0,17.0,3.0,1.0,True,True,posebusters_benchmark::7TSF_H4B
posebusters_benchmark,7TUO_KL9,7tuo,Vina/Meeko full,classical,True,True,False,6.254506186209534,results/posebench_702_predictions/vina_cpu_full/posebusters_benchmark/7TUO_KL9/vina_poses.pdbqt,10.014,,,,1.0,30.0,3.0,1.0,True,True,posebusters_benchmark::7TUO_KL9
posebusters_benchmark,7TWC_CXS,7twc,Vina/Meeko full,classical,True,True,False,7.492453489059128,results/posebench_702_predictions/vina_cpu_full/posebusters_benchmark/7TWC_CXS/vina_poses.pdbqt,6.367,,,,1.0,14.0,0.0,0.7857142857142857,True,False,posebusters_benchmark::7TWC_CXS
posebusters_benchmark,7TXK_LW8,7txk,Vina/Meeko full,classical,True,True,False,2.1337172727425724,results/posebench_702_predictions/vina_cpu_full/posebusters_benchmark/7TXK_LW8/vina_poses.pdbqt,6.926,,,,1.0,15.0,1.0,1.0,True,True,posebusters_benchmark::7TXK_LW8
posebusters_benchmark,7TXP_0FX,7txp,Vina/Meeko full,classical,True,True,False,3.4273584122052783,results/posebench_702_predictions/vina_cpu_full/posebusters_benchmark/7TXP_0FX/vina_poses.pdbqt,7.244,,,,1.0,35.0,10.0,1.0,True,True,posebusters_benchmark::7TXP_0FX
posebusters_benchmark,7TYP_KUR,7typ,Vina/Meeko full,classical,True,True,False,5.672183894685992,results/posebench_702_predictions/vina_cpu_full/posebusters_benchmark/7TYP_KUR/vina_poses.pdbqt,14.188,,,,1.0,37.0,0.0,0.2365591397849462,False,False,posebusters_benchmark::7TYP_KUR
posebusters_benchmark,7U0U_FK5,7u0u,Vina/Meeko full,classical,True,True,False,6.463924560149063,results/posebench_702_predictions/vina_cpu_full/posebusters_benchmark/7U0U_FK5/vina_poses.pdbqt,9.185,,,,1.0,57.0,14.0,0.8791208791208791,True,False,posebusters_benchmark::7U0U_FK5
posebusters_benchmark,7U3J_L6U,7u3j,Vina/Meeko full,classical,True,True,False,7.234234173632159,results/posebench_702_predictions/vina_cpu_full/posebusters_benchmark/7U3J_L6U/vina_poses.pdbqt,8.357,,,,1.0,38.0,2.0,0.3111111111111111,False,False,posebusters_benchmark::7U3J_L6U
posebusters_benchmark,7UAS_MBU,7uas,Vina/Meeko full,classical,True,True,False,6.806326580836391,results/posebench_702_predictions/vina_cpu_full/posebusters_benchmark/7UAS_MBU/vina_poses.pdbqt,10.344,,,,1.0,40.0,1.0,1.0,True,True,posebusters_benchmark::7UAS_MBU
posebusters_benchmark,7UAW_MF6,7uaw,Vina/Meeko full,classical,True,True,False,5.927853184031179,results/posebench_702_predictions/vina_cpu_full/posebusters_benchmark/7UAW_MF6/vina_poses.pdbqt,7.612,,,,1.0,35.0,10.0,1.0,True,True,posebusters_benchmark::7UAW_MF6
posebusters_benchmark,7UEY_N0R,7uey,Vina/Meeko full,classical,True,True,False,12.627175049896978,results/posebench_702_predictions/vina_cpu_full/posebusters_benchmark/7UEY_N0R/vina_poses.pdbqt,6.646,,,,1.0,27.0,0.0,0.6481481481481481,True,False,posebusters_benchmark::7UEY_N0R
posebusters_benchmark,7UF2_5SP,7uf2,Vina/Meeko full,classical,True,True,False,2.7187549277459446,results/posebench_702_predictions/vina_cpu_full/posebusters_benchmark/7UF2_5SP/vina_poses.pdbqt,5.828,,,,1.0,14.0,2.0,1.0,False,False,posebusters_benchmark::7UF2_5SP
posebusters_benchmark,7UJ4_OQ4,7uj4,Vina/Meeko full,classical,True,True,False,9.1580663029425,results/posebench_702_predictions/vina_cpu_full/posebusters_benchmark/7UJ4_OQ4/vina_poses.pdbqt,8.373,,,,1.0,44.0,0.0,1.0,True,True,posebusters_benchmark::7UJ4_OQ4
posebusters_benchmark,7UJ5_DGL,7uj5,Vina/Meeko full,classical,True,True,False,2.8826662484581864,results/posebench_702_predictions/vina_cpu_full/posebusters_benchmark/7UJ5_DGL/vina_poses.pdbqt,6.188,,,,1.0,10.0,1.0,1.0,False,False,posebusters_benchmark::7UJ5_DGL
posebusters_benchmark,7UJF_R3V,7ujf,Vina/Meeko full,classical,True,True,False,4.396531473787035,results/posebench_702_predictions/vina_cpu_full/posebusters_benchmark/7UJF_R3V/vina_poses.pdbqt,9.986,,,,1.0,32.0,3.0,1.0,True,True,posebusters_benchmark::7UJF_R3V
posebusters_benchmark,7ULC_56B,7ulc,Vina/Meeko full,classical,True,True,False,6.787634820358669,results/posebench_702_predictions/vina_cpu_full/posebusters_benchmark/7ULC_56B/vina_poses.pdbqt,9.832,,,,1.0,33.0,7.0,1.0,True,False,posebusters_benchmark::7ULC_56B
posebusters_benchmark,7UMV_NUU,7umv,Vina/Meeko full,classical,True,True,False,5.583102082501839,results/posebench_702_predictions/vina_cpu_full/posebusters_benchmark/7UMV_NUU/vina_poses.pdbqt,7.335,,,,1.0,22.0,0.0,0.532258064516129,False,False,posebusters_benchmark::7UMV_NUU
posebusters_benchmark,7UMW_NAD,7umw,Vina/Meeko full,classical,True,True,False,2.91437828626528,results/posebench_702_predictions/vina_cpu_full/posebusters_benchmark/7UMW_NAD/vina_poses.pdbqt,11.295,,,,1.0,44.0,10.0,1.0,True,False,posebusters_benchmark::7UMW_NAD
posebusters_benchmark,7UP3_NZ0,7up3,Vina/Meeko full,classical,True,True,False,4.507636959263882,results/posebench_702_predictions/vina_cpu_full/posebusters_benchmark/7UP3_NZ0/vina_poses.pdbqt,6.677,,,,1.0,23.0,0.0,0.3636363636363636,False,False,posebusters_benchmark::7UP3_NZ0
posebusters_benchmark,7UQ3_O2U,7uq3,Vina/Meeko full,classical,True,True,False,3.3306247036654626,results/posebench_702_predictions/vina_cpu_full/posebusters_benchmark/7UQ3_O2U/vina_poses.pdbqt,6.548,,,,1.0,12.0,1.0,0.2333333333333333,False,False,posebusters_benchmark::7UQ3_O2U
posebusters_benchmark,7USH_82V,7ush,Vina/Meeko full,classical,True,True,False,6.619444271352276,results/posebench_702_predictions/vina_cpu_full/posebusters_benchmark/7USH_82V/vina_poses.pdbqt,9.12,,,,1.0,26.0,0.0,1.0,True,True,posebusters_benchmark::7USH_82V
posebusters_benchmark,7UTW_NAI,7utw,Vina/Meeko full,classical,True,True,False,4.444609743580113,results/posebench_702_predictions/vina_cpu_full/posebusters_benchmark/7UTW_NAI/vina_poses.pdbqt,9.801,,,,1.0,44.0,10.0,1.0,True,True,posebusters_benchmark::7UTW_NAI
posebusters_benchmark,7UXS_OJC,7uxs,Vina/Meeko full,classical,True,True,False,6.682717714907825,results/posebench_702_predictions/vina_cpu_full/posebusters_benchmark/7UXS_OJC/vina_poses.pdbqt,6.594,,,,1.0,35.0,10.0,1.0,True,True,posebusters_benchmark::7UXS_OJC
posebusters_benchmark,7UY4_SMI,7uy4,Vina/Meeko full,classical,True,True,False,7.102830046303139,results/posebench_702_predictions/vina_cpu_full/posebusters_benchmark/7UY4_SMI/vina_poses.pdbqt,7.468,,,,1.0,24.0,9.0,1.0,True,True,posebusters_benchmark::7UY4_SMI
posebusters_benchmark,7UYB_OK0,7uyb,Vina/Meeko full,classical,True,True,False,7.362167041597678,results/posebench_702_predictions/vina_cpu_full/posebusters_benchmark/7UYB_OK0/vina_poses.pdbqt,10.054,,,,1.0,31.0,0.0,0.2631578947368421,False,False,posebusters_benchmark::7UYB_OK0
posebusters_benchmark,7V14_ORU,7v14,Vina/Meeko full,classical,True,True,False,6.767283094840519,results/posebench_702_predictions/vina_cpu_full/posebusters_benchmark/7V14_ORU/vina_poses.pdbqt,9.665,,,,1.0,35.0,1.0,0.7948717948717948,False,False,posebusters_benchmark::7V14_ORU
posebusters_benchmark,7V3N_AKG,7v3n,Vina/Meeko full,classical,True,True,False,2.146692292807707,results/posebench_702_predictions/vina_cpu_full/posebusters_benchmark/7V3N_AKG/vina_poses.pdbqt,5.285,,,,1.0,10.0,0.0,1.0,False,False,posebusters_benchmark::7V3N_AKG
posebusters_benchmark,7V3S_5I9,7v3s,Vina/Meeko full,classical,True,True,False,9.568534498415543,results/posebench_702_predictions/vina_cpu_full/posebusters_benchmark/7V3S_5I9/vina_poses.pdbqt,12.624,,,,1.0,38.0,0.0,1.0,True,True,posebusters_benchmark::7V3S_5I9
posebusters_benchmark,7V43_C4O,7v43,Vina/Meeko full,classical,True,True,False,11.066150166159863,results/posebench_702_predictions/vina_cpu_full/posebusters_benchmark/7V43_C4O/vina_poses.pdbqt,6.164,,,,1.0,8.0,0.0,1.0,True,True,posebusters_benchmark::7V43_C4O
posebusters_benchmark,7V8Z_5YH,7v8z,Vina/Meeko full,classical,True,True,False,5.401422160875782,results/posebench_702_predictions/vina_cpu_full/posebusters_benchmark/7V8Z_5YH/vina_poses.pdbqt,9.841,,,,1.0,25.0,1.0,0.2571428571428571,False,False,posebusters_benchmark::7V8Z_5YH
posebusters_benchmark,7VB8_STL,7vb8,Vina/Meeko full,classical,True,True,False,6.688373956087577,results/posebench_702_predictions/vina_cpu_full/posebusters_benchmark/7VB8_STL/vina_poses.pdbqt,8.526,,,,1.0,17.0,0.0,1.0,True,False,posebusters_benchmark::7VB8_STL
posebusters_benchmark,7VBU_6I4,7vbu,Vina/Meeko full,classical,True,True,False,3.98551435163127,results/posebench_702_predictions/vina_cpu_full/posebusters_benchmark/7VBU_6I4/vina_poses.pdbqt,8.626,,,,1.0,17.0,0.0,0.5714285714285714,True,False,posebusters_benchmark::7VBU_6I4
posebusters_benchmark,7VC5_9SF,7vc5,Vina/Meeko full,classical,True,True,False,5.80629170892153,results/posebench_702_predictions/vina_cpu_full/posebusters_benchmark/7VC5_9SF/vina_poses.pdbqt,8.431,,,,1.0,22.0,2.0,0.6721311475409836,True,False,posebusters_benchmark::7VC5_9SF
posebusters_benchmark,7VJT_7IJ,7vjt,Vina/Meeko full,classical,True,True,False,5.3249403056991405,results/posebench_702_predictions/vina_cpu_full/posebusters_benchmark/7VJT_7IJ/vina_poses.pdbqt,12.32,,,,1.0,27.0,0.0,1.0,True,True,posebusters_benchmark::7VJT_7IJ
posebusters_benchmark,7VKZ_NOJ,7vkz,Vina/Meeko full,classical,True,True,False,3.238912247260576,results/posebench_702_predictions/vina_cpu_full/posebusters_benchmark/7VKZ_NOJ/vina_poses.pdbqt,6.115,,,,1.0,11.0,4.0,0.3793103448275862,True,False,posebusters_benchmark::7VKZ_NOJ
posebusters_benchmark,7VQ9_ISY,7vq9,Vina/Meeko full,classical,True,True,False,6.035152779460399,results/posebench_702_predictions/vina_cpu_full/posebusters_benchmark/7VQ9_ISY/vina_poses.pdbqt,6.761,,,,1.0,14.0,1.0,1.0,False,True,posebusters_benchmark::7VQ9_ISY
posebusters_benchmark,7VWF_K55,7vwf,Vina/Meeko full,classical,True,True,False,5.871032940452539,results/posebench_702_predictions/vina_cpu_full/posebusters_benchmark/7VWF_K55/vina_poses.pdbqt,11.075,,,,1.0,33.0,1.0,0.7424242424242424,True,True,posebusters_benchmark::7VWF_K55
posebusters_benchmark,7VYJ_CA0,7vyj,Vina/Meeko full,classical,True,True,False,6.722417642599905,results/posebench_702_predictions/vina_cpu_full/posebusters_benchmark/7VYJ_CA0/vina_poses.pdbqt,9.241,,,,1.0,26.0,5.0,1.0,True,True,posebusters_benchmark::7VYJ_CA0
posebusters_benchmark,7W05_GMP,7w05,Vina/Meeko full,classical,True,True,False,2.6713773507312664,results/posebench_702_predictions/vina_cpu_full/posebusters_benchmark/7W05_GMP/vina_poses.pdbqt,7.063,,,,1.0,20.0,4.0,0.7272727272727273,True,False,posebusters_benchmark::7W05_GMP
posebusters_benchmark,7W06_ITN,7w06,Vina/Meeko full,classical,True,True,False,3.642038180896943,results/posebench_702_predictions/vina_cpu_full/posebusters_benchmark/7W06_ITN/vina_poses.pdbqt,6.237,,,,1.0,9.0,0.0,0.3478260869565217,False,False,posebusters_benchmark::7W06_ITN
posebusters_benchmark,7W6F_8I6,7w6f,Vina/Meeko full,classical,True,True,False,6.240363747410883,results/posebench_702_predictions/vina_cpu_full/posebusters_benchmark/7W6F_8I6/vina_poses.pdbqt,8.419,,,,1.0,20.0,0.0,1.0,True,True,posebusters_benchmark::7W6F_8I6
posebusters_benchmark,7WCF_ACP,7wcf,Vina/Meeko full,classical,True,True,False,3.1570246966857693,results/posebench_702_predictions/vina_cpu_full/posebusters_benchmark/7WCF_ACP/vina_poses.pdbqt,8.364,,,,1.0,31.0,6.0,1.0,True,True,posebusters_benchmark::7WCF_ACP
posebusters_benchmark,7WDT_NGS,7wdt,Vina/Meeko full,classical,True,True,False,6.077189256815843,results/posebench_702_predictions/vina_cpu_full/posebusters_benchmark/7WDT_NGS/vina_poses.pdbqt,6.518,,,,1.0,19.0,5.0,1.0,True,True,posebusters_benchmark::7WDT_NGS
posebusters_benchmark,7WJB_BGC,7wjb,Vina/Meeko full,classical,True,True,False,3.4297100096072257,results/posebench_702_predictions/vina_cpu_full/posebusters_benchmark/7WJB_BGC/vina_poses.pdbqt,4.785,,,,1.0,12.0,5.0,1.0,True,False,posebusters_benchmark::7WJB_BGC
posebusters_benchmark,7WKL_CAQ,7wkl,Vina/Meeko full,classical,True,True,False,2.7349065797573413,results/posebench_702_predictions/vina_cpu_full/posebusters_benchmark/7WKL_CAQ/vina_poses.pdbqt,7.12,,,,1.0,8.0,0.0,0.5,True,False,posebusters_benchmark::7WKL_CAQ
posebusters_benchmark,7WL4_JFU,7wl4,Vina/Meeko full,classical,True,True,False,3.896196357837157,results/posebench_702_predictions/vina_cpu_full/posebusters_benchmark/7WL4_JFU/vina_poses.pdbqt,9.852,,,,1.0,34.0,0.0,1.0,True,True,posebusters_benchmark::7WL4_JFU
posebusters_benchmark,7WN5_JGL,7wn5,Vina/Meeko full,classical,True,True,False,6.361461418446108,results/posebench_702_predictions/vina_cpu_full/posebusters_benchmark/7WN5_JGL/vina_poses.pdbqt,9.345,,,,1.0,37.0,0.0,0.3883495145631068,False,False,posebusters_benchmark::7WN5_JGL
posebusters_benchmark,7WPW_F15,7wpw,Vina/Meeko full,classical,True,True,False,6.12614022039979,results/posebench_702_predictions/vina_cpu_full/posebusters_benchmark/7WPW_F15/vina_poses.pdbqt,5.892,,,,1.0,17.0,0.0,1.0,False,False,posebusters_benchmark::7WPW_F15
posebusters_benchmark,7WQQ_5Z6,7wqq,Vina/Meeko full,classical,True,True,False,5.465104756544013,results/posebench_702_predictions/vina_cpu_full/posebusters_benchmark/7WQQ_5Z6/vina_poses.pdbqt,13.111,,,,1.0,27.0,0.0,1.0,True,True,posebusters_benchmark::7WQQ_5Z6
posebusters_benchmark,7WUX_6OI,7wux,Vina/Meeko full,classical,True,True,False,5.0808780042545445,results/posebench_702_predictions/vina_cpu_full/posebusters_benchmark/7WUX_6OI/vina_poses.pdbqt,6.002,,,,1.0,17.0,3.0,1.0,False,True,posebusters_benchmark::7WUX_6OI
posebusters_benchmark,7WUY_76N,7wuy,Vina/Meeko full,classical,True,True,False,7.417090660539794,results/posebench_702_predictions/vina_cpu_full/posebusters_benchmark/7WUY_76N/vina_poses.pdbqt,9.476,,,,1.0,30.0,8.0,1.0,True,True,posebusters_benchmark::7WUY_76N
posebusters_benchmark,7WY1_D0L,7wy1,Vina/Meeko full,classical,True,True,False,4.4451488380376745,results/posebench_702_predictions/vina_cpu_full/posebusters_benchmark/7WY1_D0L/vina_poses.pdbqt,8.458,,,,1.0,26.0,2.0,0.5666666666666667,False,False,posebusters_benchmark::7WY1_D0L
posebusters_benchmark,7X5N_5M5,7x5n,Vina/Meeko full,classical,True,True,False,3.6076321366421698,results/posebench_702_predictions/vina_cpu_full/posebusters_benchmark/7X5N_5M5/vina_poses.pdbqt,11.197,,,,1.0,30.0,1.0,1.0,True,False,posebusters_benchmark::7X5N_5M5
posebusters_benchmark,7X9K_8OG,7x9k,Vina/Meeko full,classical,True,True,False,2.73072191309673,results/posebench_702_predictions/vina_cpu_full/posebusters_benchmark/7X9K_8OG/vina_poses.pdbqt,9.391,,,,1.0,24.0,3.0,1.0,True,False,posebusters_benchmark::7X9K_8OG
posebusters_benchmark,7XBV_APC,7xbv,Vina/Meeko full,classical,True,True,False,4.847447635678508,results/posebench_702_predictions/vina_cpu_full/posebusters_benchmark/7XBV_APC/vina_poses.pdbqt,7.468,,,,1.0,31.0,6.0,1.0,True,True,posebusters_benchmark::7XBV_APC
posebusters_benchmark,7XEK_9YX,7xek,Vina/Meeko full,classical,True,True,False,5.729121200260361,results/posebench_702_predictions/vina_cpu_full/posebusters_benchmark/7XEK_9YX/vina_poses.pdbqt,6.977,,,,1.0,22.0,2.0,1.0,True,True,posebusters_benchmark::7XEK_9YX
posebusters_benchmark,7XFA_D9J,7xfa,Vina/Meeko full,classical,True,True,False,8.462479732295504,results/posebench_702_predictions/vina_cpu_full/posebusters_benchmark/7XFA_D9J/vina_poses.pdbqt,7.797,,,,1.0,41.0,5.0,0.25,False,False,posebusters_benchmark::7XFA_D9J
posebusters_benchmark,7XG5_PLP,7xg5,Vina/Meeko full,classical,True,True,False,5.887211351735217,results/posebench_702_predictions/vina_cpu_full/posebusters_benchmark/7XG5_PLP/vina_poses.pdbqt,7.199,,,,1.0,16.0,0.0,1.0,True,False,posebusters_benchmark::7XG5_PLP
posebusters_benchmark,7XI7_4RI,7xi7,Vina/Meeko full,classical,True,True,False,4.827493930602088,results/posebench_702_predictions/vina_cpu_full/posebusters_benchmark/7XI7_4RI/vina_poses.pdbqt,7.918,,,,1.0,20.0,0.0,1.0,True,True,posebusters_benchmark::7XI7_4RI
posebusters_benchmark,7XIJ_EJ3,7xij,Vina/Meeko full,classical,True,True,False,9.182249958644684,results/posebench_702_predictions/vina_cpu_full/posebusters_benchmark/7XIJ_EJ3/vina_poses.pdbqt,8.849,,,,1.0,33.0,0.0,0.525,False,False,posebusters_benchmark::7XIJ_EJ3
posebusters_benchmark,7XJN_NSD,7xjn,Vina/Meeko full,classical,True,True,False,5.304264563118582,results/posebench_702_predictions/vina_cpu_full/posebusters_benchmark/7XJN_NSD/vina_poses.pdbqt,5.53,,,,1.0,9.0,0.0,0.8571428571428571,False,False,posebusters_benchmark::7XJN_NSD
posebusters_benchmark,7XPO_UPG,7xpo,Vina/Meeko full,classical,True,True,False,9.054823090179314,results/posebench_702_predictions/vina_cpu_full/posebusters_benchmark/7XPO_UPG/vina_poses.pdbqt,8.825,,,,1.0,36.0,11.0,1.0,True,True,posebusters_benchmark::7XPO_UPG
posebusters_benchmark,7XQZ_FPF,7xqz,Vina/Meeko full,classical,True,True,False,7.3751790052852275,results/posebench_702_predictions/vina_cpu_full/posebusters_benchmark/7XQZ_FPF/vina_poses.pdbqt,9.334,,,,1.0,25.0,1.0,1.0,False,True,posebusters_benchmark::7XQZ_FPF
posebusters_benchmark,7XRL_FWK,7xrl,Vina/Meeko full,classical,True,True,False,12.467291910392865,results/posebench_702_predictions/vina_cpu_full/posebusters_benchmark/7XRL_FWK/vina_poses.pdbqt,6.45,,,,1.0,19.0,4.0,0.7954545454545454,True,False,posebusters_benchmark::7XRL_FWK
posebusters_benchmark,7YZU_DO7,7yzu,Vina/Meeko full,classical,True,True,False,4.282168011066357,results/posebench_702_predictions/vina_cpu_full/posebusters_benchmark/7YZU_DO7/vina_poses.pdbqt,7.096,,,,1.0,16.0,5.0,1.0,True,True,posebusters_benchmark::7YZU_DO7
posebusters_benchmark,7Z1Q_NIO,7z1q,Vina/Meeko full,classical,True,True,False,9.403276278924158,results/posebench_702_predictions/vina_cpu_full/posebusters_benchmark/7Z1Q_NIO/vina_poses.pdbqt,5.88,,,,1.0,9.0,0.0,1.0,True,False,posebusters_benchmark::7Z1Q_NIO
posebusters_benchmark,7Z2O_IAJ,7z2o,Vina/Meeko full,classical,True,True,False,3.539163248565966,results/posebench_702_predictions/vina_cpu_full/posebusters_benchmark/7Z2O_IAJ/vina_poses.pdbqt,6.848,,,,1.0,14.0,0.0,0.6410256410256411,True,False,posebusters_benchmark::7Z2O_IAJ
posebusters_benchmark,7Z7F_IF3,7z7f,Vina/Meeko full,classical,True,True,False,3.7762285796432247,results/posebench_702_predictions/vina_cpu_full/posebusters_benchmark/7Z7F_IF3/vina_poses.pdbqt,5.785,,,,1.0,14.0,0.0,0.375,True,False,posebusters_benchmark::7Z7F_IF3
posebusters_benchmark,7ZCC_OGA,7zcc,Vina/Meeko full,classical,True,True,False,2.387220559562941,results/posebench_702_predictions/vina_cpu_full/posebusters_benchmark/7ZCC_OGA/vina_poses.pdbqt,5.878,,,,1.0,10.0,0.0,1.0,False,False,posebusters_benchmark::7ZCC_OGA
posebusters_benchmark,7ZDY_6MJ,7zdy,Vina/Meeko full,classical,True,True,False,3.009092025542225,results/posebench_702_predictions/vina_cpu_full/posebusters_benchmark/7ZDY_6MJ/vina_poses.pdbqt,5.055,,,,1.0,11.0,4.0,0.3333333333333333,True,False,posebusters_benchmark::7ZDY_6MJ
posebusters_benchmark,7ZF0_DHR,7zf0,Vina/Meeko full,classical,True,True,False,4.967338184215329,results/posebench_702_predictions/vina_cpu_full/posebusters_benchmark/7ZF0_DHR/vina_poses.pdbqt,6.345,,,,1.0,11.0,1.0,1.0,True,True,posebusters_benchmark::7ZF0_DHR
posebusters_benchmark,7ZHP_IQY,7zhp,Vina/Meeko full,classical,True,True,False,7.0108924063441,results/posebench_702_predictions/vina_cpu_full/posebusters_benchmark/7ZHP_IQY/vina_poses.pdbqt,8.892,,,,1.0,27.0,0.0,0.2777777777777778,False,False,posebusters_benchmark::7ZHP_IQY
posebusters_benchmark,7ZL5_IWE,7zl5,Vina/Meeko full,classical,True,True,False,5.358485164752215,results/posebench_702_predictions/vina_cpu_full/posebusters_benchmark/7ZL5_IWE/vina_poses.pdbqt,8.052,,,,1.0,23.0,0.0,1.0,True,True,posebusters_benchmark::7ZL5_IWE
posebusters_benchmark,7ZOC_T8E,7zoc,Vina/Meeko full,classical,True,True,False,4.426256220931334,results/posebench_702_predictions/vina_cpu_full/posebusters_benchmark/7ZOC_T8E/vina_poses.pdbqt,6.674,,,,1.0,15.0,1.0,0.4615384615384615,True,False,posebusters_benchmark::7ZOC_T8E
posebusters_benchmark,7ZTL_BCN,7ztl,Vina/Meeko full,classical,True,True,False,3.8009700675676807,results/posebench_702_predictions/vina_cpu_full/posebusters_benchmark/7ZTL_BCN/vina_poses.pdbqt,4.309,,,,1.0,11.0,0.0,1.0,False,False,posebusters_benchmark::7ZTL_BCN
posebusters_benchmark,7ZU2_DHT,7zu2,Vina/Meeko full,classical,True,True,False,2.081598595859853,results/posebench_702_predictions/vina_cpu_full/posebusters_benchmark/7ZU2_DHT/vina_poses.pdbqt,10.897,,,,1.0,21.0,7.0,1.0,True,False,posebusters_benchmark::7ZU2_DHT
posebusters_benchmark,7ZXV_45D,7zxv,Vina/Meeko full,classical,True,True,False,13.76772244106794,results/posebench_702_predictions/vina_cpu_full/posebusters_benchmark/7ZXV_45D/vina_poses.pdbqt,14.811,,,,1.0,42.0,0.0,1.0,True,False,posebusters_benchmark::7ZXV_45D
posebusters_benchmark,7ZXZ_K9R,7zxz,Vina/Meeko full,classical,True,True,False,4.411770176574149,results/posebench_702_predictions/vina_cpu_full/posebusters_benchmark/7ZXZ_K9R/vina_poses.pdbqt,9.569,,,,1.0,33.0,5.0,1.0,True,True,posebusters_benchmark::7ZXZ_K9R
posebusters_benchmark,7ZYS_KNR,7zys,Vina/Meeko full,classical,True,True,False,7.219057420844812,results/posebench_702_predictions/vina_cpu_full/posebusters_benchmark/7ZYS_KNR/vina_poses.pdbqt,6.39,,,,1.0,44.0,3.0,0.2792792792792792,False,False,posebusters_benchmark::7ZYS_KNR
posebusters_benchmark,7ZZB_KGX,7zzb,Vina/Meeko full,classical,True,True,False,7.834809313594822,results/posebench_702_predictions/vina_cpu_full/posebusters_benchmark/7ZZB_KGX/vina_poses.pdbqt,8.18,,,,1.0,51.0,8.0,0.8641975308641975,True,False,posebusters_benchmark::7ZZB_KGX
posebusters_benchmark,7ZZW_KKW,7zzw,Vina/Meeko full,classical,True,True,False,9.15323343471283,results/posebench_702_predictions/vina_cpu_full/posebusters_benchmark/7ZZW_KKW/vina_poses.pdbqt,8.334,,,,1.0,29.0,2.0,1.0,True,True,posebusters_benchmark::7ZZW_KKW
posebusters_benchmark,8A1H_DLZ,8a1h,Vina/Meeko full,classical,True,True,False,3.036929148362524,results/posebench_702_predictions/vina_cpu_full/posebusters_benchmark/8A1H_DLZ/vina_poses.pdbqt,9.944,,,,1.0,23.0,3.0,0.4761904761904761,False,False,posebusters_benchmark::8A1H_DLZ
posebusters_benchmark,8A2D_KXY,8a2d,Vina/Meeko full,classical,True,True,False,9.77083646702298,results/posebench_702_predictions/vina_cpu_full/posebusters_benchmark/8A2D_KXY/vina_poses.pdbqt,12.603,,,,1.0,49.0,1.0,0.2635658914728682,False,False,posebusters_benchmark::8A2D_KXY
posebusters_benchmark,8AAU_LH0,8aau,Vina/Meeko full,classical,True,True,False,7.137637696667497,results/posebench_702_predictions/vina_cpu_full/posebusters_benchmark/8AAU_LH0/vina_poses.pdbqt,7.295,,,,1.0,27.0,0.0,1.0,True,False,posebusters_benchmark::8AAU_LH0
posebusters_benchmark,8ACL_LQL,8acl,Vina/Meeko full,classical,True,True,False,6.906891467363265,results/posebench_702_predictions/vina_cpu_full/posebusters_benchmark/8ACL_LQL/vina_poses.pdbqt,7.241,,,,1.0,31.0,1.0,0.4,False,False,posebusters_benchmark::8ACL_LQL
posebusters_benchmark,8AEM_LVF,8aem,Vina/Meeko full,classical,True,True,False,3.371298186387326,results/posebench_702_predictions/vina_cpu_full/posebusters_benchmark/8AEM_LVF/vina_poses.pdbqt,7.728,,,,1.0,13.0,0.0,0.325,True,False,posebusters_benchmark::8AEM_LVF
posebusters_benchmark,8AEU_M0L,8aeu,Vina/Meeko full,classical,True,True,False,7.027503348777087,results/posebench_702_predictions/vina_cpu_full/posebusters_benchmark/8AEU_M0L/vina_poses.pdbqt,6.514,,,,1.0,41.0,2.0,0.2584269662921348,False,False,posebusters_benchmark::8AEU_M0L
posebusters_benchmark,8AIE_M7L,8aie,Vina/Meeko full,classical,True,True,False,4.398631427476348,results/posebench_702_predictions/vina_cpu_full/posebusters_benchmark/8AIE_M7L/vina_poses.pdbqt,8.609,,,,1.0,23.0,0.0,0.7321428571428571,True,False,posebusters_benchmark::8AIE_M7L
posebusters_benchmark,8AIJ_M9I,8aij,Vina/Meeko full,classical,True,True,False,5.663632198881786,results/posebench_702_predictions/vina_cpu_full/posebusters_benchmark/8AIJ_M9I/vina_poses.pdbqt,5.936,,,,1.0,19.0,5.0,1.0,True,True,posebusters_benchmark::8AIJ_M9I
posebusters_benchmark,8AJX_FUM,8ajx,Vina/Meeko full,classical,True,True,False,12.60922563542266,results/posebench_702_predictions/vina_cpu_full/posebusters_benchmark/8AJX_FUM/vina_poses.pdbqt,4.339,,,,1.0,8.0,0.0,0.375,False,False,posebusters_benchmark::8AJX_FUM
posebusters_benchmark,8AP0_PRP,8ap0,Vina/Meeko full,classical,True,True,False,6.468218807790484,results/posebench_702_predictions/vina_cpu_full/posebusters_benchmark/8AP0_PRP/vina_poses.pdbqt,7.625,,,,1.0,22.0,5.0,1.0,True,False,posebusters_benchmark::8AP0_PRP
posebusters_benchmark,8AQL_PLG,8aql,Vina/Meeko full,classical,True,True,False,5.139968346206035,results/posebench_702_predictions/vina_cpu_full/posebusters_benchmark/8AQL_PLG/vina_poses.pdbqt,7.415,,,,1.0,20.0,0.0,1.0,True,False,posebusters_benchmark::8AQL_PLG
posebusters_benchmark,8AUH_L9I,8auh,Vina/Meeko full,classical,True,True,False,12.245312884380033,results/posebench_702_predictions/vina_cpu_full/posebusters_benchmark/8AUH_L9I/vina_poses.pdbqt,6.61,,,,1.0,11.0,0.0,1.0,False,False,posebusters_benchmark::8AUH_L9I
posebusters_benchmark,8AY3_OE3,8ay3,Vina/Meeko full,classical,True,True,False,4.9106249256077374,results/posebench_702_predictions/vina_cpu_full/posebusters_benchmark/8AY3_OE3/vina_poses.pdbqt,10.026,,,,1.0,25.0,0.0,1.0,True,False,posebusters_benchmark::8AY3_OE3
posebusters_benchmark,8B8H_OJQ,8b8h,Vina/Meeko full,classical,True,True,False,4.31584808899395,results/posebench_702_predictions/vina_cpu_full/posebusters_benchmark/8B8H_OJQ/vina_poses.pdbqt,8.637,,,,1.0,22.0,0.0,0.5172413793103449,False,True,posebusters_benchmark::8B8H_OJQ
posebusters_benchmark,8BN6_R53,8bn6,Vina/Meeko full,classical,True,True,False,6.744947345209981,results/posebench_702_predictions/vina_cpu_full/posebusters_benchmark/8BN6_R53/vina_poses.pdbqt,8.387,,,,1.0,29.0,0.0,0.2873563218390804,False,False,posebusters_benchmark::8BN6_R53
posebusters_benchmark,8BOM_QU6,8bom,Vina/Meeko full,classical,True,True,False,7.63739984736765,results/posebench_702_predictions/vina_cpu_full/posebusters_benchmark/8BOM_QU6/vina_poses.pdbqt,13.151,,,,1.0,35.0,0.0,0.8840579710144928,True,False,posebusters_benchmark::8BOM_QU6
posebusters_benchmark,8BPL_CP,8bpl,Vina/Meeko full,classical,True,True,False,3.1618346928642564,results/posebench_702_predictions/vina_cpu_full/posebusters_benchmark/8BPL_CP/vina_poses.pdbqt,6.11,,,,1.0,8.0,0.0,0.4347826086956521,False,False,posebusters_benchmark::8BPL_CP
posebusters_benchmark,8BRO_R7E,8bro,Vina/Meeko full,classical,True,True,False,8.495198458314782,results/posebench_702_predictions/vina_cpu_full/posebusters_benchmark/8BRO_R7E/vina_poses.pdbqt,5.722,,,,1.0,26.0,5.0,0.4814814814814814,False,False,posebusters_benchmark::8BRO_R7E
posebusters_benchmark,8BTI_RFO,8bti,Vina/Meeko full,classical,True,True,False,4.983324037895455,results/posebench_702_predictions/vina_cpu_full/posebusters_benchmark/8BTI_RFO/vina_poses.pdbqt,7.884,,,,1.0,15.0,0.0,0.3137254901960784,True,False,posebusters_benchmark::8BTI_RFO
posebusters_benchmark,8C3N_ADP,8c3n,Vina/Meeko full,classical,True,True,False,4.491873876894355,results/posebench_702_predictions/vina_cpu_full/posebusters_benchmark/8C3N_ADP/vina_poses.pdbqt,7.143,,,,1.0,27.0,5.0,1.0,True,True,posebusters_benchmark::8C3N_ADP
posebusters_benchmark,8C5D_GTB,8c5d,Vina/Meeko full,classical,True,True,False,3.733483235085792,results/posebench_702_predictions/vina_cpu_full/posebusters_benchmark/8C5D_GTB/vina_poses.pdbqt,7.481,,,,1.0,30.0,2.0,0.5789473684210527,True,False,posebusters_benchmark::8C5D_GTB
posebusters_benchmark,8C5M_MTA,8c5m,Vina/Meeko full,classical,True,True,False,3.0398856968642747,results/posebench_702_predictions/vina_cpu_full/posebusters_benchmark/8C5M_MTA/vina_poses.pdbqt,6.536,,,,1.0,20.0,4.0,1.0,True,False,posebusters_benchmark::8C5M_MTA
posebusters_benchmark,8C7Y_TXV,8c7y,Vina/Meeko full,classical,True,True,False,6.617607364848274,results/posebench_702_predictions/vina_cpu_full/posebusters_benchmark/8C7Y_TXV/vina_poses.pdbqt,14.295,,,,1.0,34.0,0.0,0.2758620689655172,False,False,posebusters_benchmark::8C7Y_TXV
posebusters_benchmark,8CGC_LMR,8cgc,Vina/Meeko full,classical,True,True,False,10.250291860343404,results/posebench_702_predictions/vina_cpu_full/posebusters_benchmark/8CGC_LMR/vina_poses.pdbqt,3.95,,,,1.0,9.0,1.0,0.5,False,False,posebusters_benchmark::8CGC_LMR
posebusters_benchmark,8CI0_8EL,8ci0,Vina/Meeko full,classical,True,True,False,5.186137984310451,results/posebench_702_predictions/vina_cpu_full/posebusters_benchmark/8CI0_8EL/vina_poses.pdbqt,6.84,,,,1.0,26.0,1.0,0.6417910447761194,False,True,posebusters_benchmark::8CI0_8EL
posebusters_benchmark,8CNH_V6U,8cnh,Vina/Meeko full,classical,True,True,False,5.33220343947978,results/posebench_702_predictions/vina_cpu_full/posebusters_benchmark/8CNH_V6U/vina_poses.pdbqt,10.511,,,,1.0,25.0,0.0,1.0,True,True,posebusters_benchmark::8CNH_V6U
posebusters_benchmark,8CSD_C5P,8csd,Vina/Meeko full,classical,True,True,False,2.750720407803156,results/posebench_702_predictions/vina_cpu_full/posebusters_benchmark/8CSD_C5P/vina_poses.pdbqt,7.776,,,,1.0,21.0,4.0,0.84,True,False,posebusters_benchmark::8CSD_C5P
posebusters_benchmark,8D19_GSH,8d19,Vina/Meeko full,classical,True,True,False,13.970073110044916,results/posebench_702_predictions/vina_cpu_full/posebusters_benchmark/8D19_GSH/vina_poses.pdbqt,5.51,,,,1.0,20.0,2.0,1.0,False,True,posebusters_benchmark::8D19_GSH
posebusters_benchmark,8D39_QDB,8d39,Vina/Meeko full,classical,True,True,False,5.028980992559966,results/posebench_702_predictions/vina_cpu_full/posebusters_benchmark/8D39_QDB/vina_poses.pdbqt,8.331,,,,1.0,17.0,0.0,1.0,True,True,posebusters_benchmark::8D39_QDB
posebusters_benchmark,8D5D_5DK,8d5d,Vina/Meeko full,classical,True,True,False,4.759966666549952,results/posebench_702_predictions/vina_cpu_full/posebusters_benchmark/8D5D_5DK/vina_poses.pdbqt,8.904,,,,1.0,27.0,1.0,0.8870967741935484,True,False,posebusters_benchmark::8D5D_5DK
posebusters_benchmark,8DHG_T78,8dhg,Vina/Meeko full,classical,True,True,False,6.672451175221464,results/posebench_702_predictions/vina_cpu_full/posebusters_benchmark/8DHG_T78/vina_poses.pdbqt,11.971,,,,1.0,35.0,1.0,0.2417582417582417,False,False,posebusters_benchmark::8DHG_T78
posebusters_benchmark,8DKO_TFB,8dko,Vina/Meeko full,classical,True,True,False,2.1746735099779912,results/posebench_702_predictions/vina_cpu_full/posebusters_benchmark/8DKO_TFB/vina_poses.pdbqt,5.156,,,,1.0,8.0,1.0,1.0,True,False,posebusters_benchmark::8DKO_TFB
posebusters_benchmark,8DP2_UMA,8dp2,Vina/Meeko full,classical,True,True,False,10.095146301918705,results/posebench_702_predictions/vina_cpu_full/posebusters_benchmark/8DP2_UMA/vina_poses.pdbqt,8.124,,,,1.0,49.0,13.0,0.7590361445783133,True,False,posebusters_benchmark::8DP2_UMA
posebusters_benchmark,8DSC_NCA,8dsc,Vina/Meeko full,classical,True,True,False,3.186941358453623,results/posebench_702_predictions/vina_cpu_full/posebusters_benchmark/8DSC_NCA/vina_poses.pdbqt,6.621,,,,1.0,9.0,0.0,1.0,True,True,posebusters_benchmark::8DSC_NCA
posebusters_benchmark,8DW5_FQ7,8dw5,Vina/Meeko full,classical,True,True,False,12.430792988918018,results/posebench_702_predictions/vina_cpu_full/posebusters_benchmark/8DW5_FQ7/vina_poses.pdbqt,5.405,,,,1.0,18.0,0.0,0.5,True,False,posebusters_benchmark::8DW5_FQ7
posebusters_benchmark,8DZT_G4P,8dzt,Vina/Meeko full,classical,True,True,False,7.32803707042722,results/posebench_702_predictions/vina_cpu_full/posebusters_benchmark/8DZT_G4P/vina_poses.pdbqt,8.15,,,,1.0,36.0,6.0,1.0,True,False,posebusters_benchmark::8DZT_G4P
posebusters_benchmark,8E77_ULP,8e77,Vina/Meeko full,classical,True,True,False,9.676720058517198,results/posebench_702_predictions/vina_cpu_full/posebusters_benchmark/8E77_ULP/vina_poses.pdbqt,8.343,,,,1.0,55.0,11.0,0.6736842105263158,False,False,posebusters_benchmark::8E77_ULP
posebusters_benchmark,8EAB_VN2,8eab,Vina/Meeko full,classical,True,True,False,7.041062267665502,results/posebench_702_predictions/vina_cpu_full/posebusters_benchmark/8EAB_VN2/vina_poses.pdbqt,14.723,,,,1.0,49.0,1.0,0.5454545454545454,False,False,posebusters_benchmark::8EAB_VN2
posebusters_benchmark,8EAD_UY0,8ead,Vina/Meeko full,classical,True,True,False,7.145538376092492,results/posebench_702_predictions/vina_cpu_full/posebusters_benchmark/8EAD_UY0/vina_poses.pdbqt,8.084,,,,1.0,38.0,0.0,0.3258426966292135,False,False,posebusters_benchmark::8EAD_UY0
posebusters_benchmark,8ERS_WQO,8ers,Vina/Meeko full,classical,True,True,False,6.136413249221191,results/posebench_702_predictions/vina_cpu_full/posebusters_benchmark/8ERS_WQO/vina_poses.pdbqt,8.161,,,,1.0,23.0,2.0,0.2564102564102564,False,False,posebusters_benchmark::8ERS_WQO
posebusters_benchmark,8EX2_Q2Q,8ex2,Vina/Meeko full,classical,True,True,False,5.217494078725768,results/posebench_702_predictions/vina_cpu_full/posebusters_benchmark/8EX2_Q2Q/vina_poses.pdbqt,9.98,,,,1.0,26.0,0.0,1.0,True,True,posebusters_benchmark::8EX2_Q2Q
posebusters_benchmark,8EXL_799,8exl,Vina/Meeko full,classical,True,True,False,6.0003810981911325,results/posebench_702_predictions/vina_cpu_full/posebusters_benchmark/8EXL_799/vina_poses.pdbqt,8.645,,,,1.0,34.0,0.0,1.0,True,True,posebusters_benchmark::8EXL_799
posebusters_benchmark,8EYE_X4I,8eye,Vina/Meeko full,classical,True,True,False,7.107373996154425,results/posebench_702_predictions/vina_cpu_full/posebusters_benchmark/8EYE_X4I/vina_poses.pdbqt,11.592,,,,1.0,33.0,1.0,0.8,True,False,posebusters_benchmark::8EYE_X4I
posebusters_benchmark,8F4J_PHO,8f4j,Vina/Meeko full,classical,True,True,False,7.077138057020294,results/posebench_702_predictions/vina_cpu_full/posebusters_benchmark/8F4J_PHO/vina_poses.pdbqt,9.824,,,,1.0,64.0,5.0,0.2385321100917431,False,False,posebusters_benchmark::8F4J_PHO
posebusters_benchmark,8F8E_XJI,8f8e,Vina/Meeko full,classical,True,True,False,7.250366138198196,results/posebench_702_predictions/vina_cpu_full/posebusters_benchmark/8F8E_XJI/vina_poses.pdbqt,9.638,,,,1.0,29.0,1.0,1.0,True,True,posebusters_benchmark::8F8E_XJI
posebusters_benchmark,8FAV_4Y5,8fav,Vina/Meeko full,classical,True,True,False,6.886527818424856,results/posebench_702_predictions/vina_cpu_full/posebusters_benchmark/8FAV_4Y5/vina_poses.pdbqt,15.53,,,,1.0,33.0,0.0,1.0,True,False,posebusters_benchmark::8FAV_4Y5
posebusters_benchmark,8FLN_Y7W,8fln,Vina/Meeko full,classical,True,True,False,9.392123525781027,results/posebench_702_predictions/vina_cpu_full/posebusters_benchmark/8FLN_Y7W/vina_poses.pdbqt,11.227,,,,1.0,34.0,1.0,0.3,False,False,posebusters_benchmark::8FLN_Y7W
posebusters_benchmark,8FLV_ZB9,8flv,Vina/Meeko full,classical,True,True,False,6.278593640573363,results/posebench_702_predictions/vina_cpu_full/posebusters_benchmark/8FLV_ZB9/vina_poses.pdbqt,8.629,,,,1.0,29.0,1.0,0.2666666666666666,False,False,posebusters_benchmark::8FLV_ZB9
posebusters_benchmark,8FO5_Y4U,8fo5,Vina/Meeko full,classical,True,True,False,4.946525132085446,results/posebench_702_predictions/vina_cpu_full/posebusters_benchmark/8FO5_Y4U/vina_poses.pdbqt,8.807,,,,1.0,17.0,0.0,1.0,True,True,posebusters_benchmark::8FO5_Y4U
posebusters_benchmark,8FV9_80J,8fv9,Vina/Meeko full,classical,True,True,False,12.50432006175852,results/posebench_702_predictions/vina_cpu_full/posebusters_benchmark/8FV9_80J/vina_poses.pdbqt,6.868,,,,1.0,29.0,6.0,0.8392857142857143,True,False,posebusters_benchmark::8FV9_80J
posebusters_benchmark,8G0V_YHT,8g0v,Vina/Meeko full,classical,True,True,False,3.7868801142893336,results/posebench_702_predictions/vina_cpu_full/posebusters_benchmark/8G0V_YHT/vina_poses.pdbqt,8.964,,,,1.0,26.0,5.0,1.0,True,False,posebusters_benchmark::8G0V_YHT
posebusters_benchmark,8G43_ZU6,8g43,Vina/Meeko full,classical,True,True,False,4.528913198760246,results/posebench_702_predictions/vina_cpu_full/posebusters_benchmark/8G43_ZU6/vina_poses.pdbqt,7.585,,,,1.0,21.0,0.0,0.3384615384615385,True,False,posebusters_benchmark::8G43_ZU6
posebusters_benchmark,8G6P_API,8g6p,Vina/Meeko full,classical,True,True,False,13.683970959877444,results/posebench_702_predictions/vina_cpu_full/posebusters_benchmark/8G6P_API/vina_poses.pdbqt,5.724,,,,1.0,13.0,2.0,0.6818181818181818,False,False,posebusters_benchmark::8G6P_API
posebusters_benchmark,8GFD_ZHR,8gfd,Vina/Meeko full,classical,True,True,False,5.531388600175713,results/posebench_702_predictions/vina_cpu_full/posebusters_benchmark/8GFD_ZHR/vina_poses.pdbqt,7.044,,,,1.0,26.0,5.0,1.0,True,True,posebusters_benchmark::8GFD_ZHR
posebusters_benchmark,8H0M_2EH,8h0m,Vina/Meeko full,classical,True,True,False,7.377520533500546,results/posebench_702_predictions/vina_cpu_full/posebusters_benchmark/8H0M_2EH/vina_poses.pdbqt,5.358,,,,1.0,9.0,1.0,0.3703703703703703,False,False,posebusters_benchmark::8H0M_2EH
posebusters_benchmark,8HFN_XGC,8hfn,Vina/Meeko full,classical,True,True,False,6.831637883162914,results/posebench_702_predictions/vina_cpu_full/posebusters_benchmark/8HFN_XGC/vina_poses.pdbqt,8.193,,,,1.0,24.0,1.0,1.0,True,True,posebusters_benchmark::8HFN_XGC
posebusters_benchmark,8HO0_3ZI,8ho0,Vina/Meeko full,classical,True,True,False,12.356674438610826,results/posebench_702_predictions/vina_cpu_full/posebusters_benchmark/8HO0_3ZI/vina_poses.pdbqt,9.458,,,,1.0,22.0,2.0,1.0,True,True,posebusters_benchmark::8HO0_3ZI
posebusters_benchmark,8SLG_G5A,8slg,Vina/Meeko full,classical,True,True,False,7.011658030261697,results/posebench_702_predictions/vina_cpu_full/posebusters_benchmark/8SLG_G5A/vina_poses.pdbqt,10.673,,,,1.0,27.0,4.0,1.0,True,True,posebusters_benchmark::8SLG_G5A
dockgen,3gvl_1_SLB_2,3gvl,Vina/Meeko full,classical,True,True,False,4.745866607601067,results/posebench_702_predictions/vina_cpu_full/dockgen/3gvl_1_SLB_2/vina_poses.pdbqt,5.153,,,,1.0,21.0,7.0,0.490566037735849,True,False,dockgen::3gvl_1_SLB_2
dockgen,3inr_1_GDU_0,3inr,Vina/Meeko full,classical,True,True,False,6.190036326405704,results/posebench_702_predictions/vina_cpu_full/dockgen/3inr_1_GDU_0/vina_poses.pdbqt,7.219,,,,1.0,36.0,11.0,0.3050847457627119,False,False,dockgen::3inr_1_GDU_0
dockgen,3jqm_1_GTP_5,3jqm,Vina/Meeko full,classical,True,True,False,12.101172497427678,results/posebench_702_predictions/vina_cpu_full/dockgen/3jqm_1_GTP_5/vina_poses.pdbqt,5.141,,,,1.0,32.0,8.0,0.2368421052631578,False,False,dockgen::3jqm_1_GTP_5
dockgen,3ju4_1_SLB_2,3ju4,Vina/Meeko full,classical,True,True,False,4.760998124643313,results/posebench_702_predictions/vina_cpu_full/dockgen/3ju4_1_SLB_2/vina_poses.pdbqt,5.005,,,,1.0,21.0,7.0,0.490566037735849,True,False,dockgen::3ju4_1_SLB_2
dockgen,4cnl_1_CHT_1,4cnl,Vina/Meeko full,classical,True,True,False,11.422529104487198,results/posebench_702_predictions/vina_cpu_full/dockgen/4cnl_1_CHT_1/vina_poses.pdbqt,2.638,,,,1.0,7.0,0.0,0.3076923076923077,False,False,dockgen::4cnl_1_CHT_1
dockgen,1hg0_1_SIN_1,1hg0,Vina/Meeko full,classical,True,True,False,3.173757296171212,results/posebench_702_predictions/vina_cpu_full/dockgen/1hg0_1_SIN_1/vina_poses.pdbqt,4.702,,,,1.0,8.0,0.0,0.3076923076923077,False,False,dockgen::1hg0_1_SIN_1
dockgen,1i8t_1_FAD_1,1i8t,Vina/Meeko full,classical,True,True,False,6.062975524241144,results/posebench_702_predictions/vina_cpu_full/dockgen/1i8t_1_FAD_1/vina_poses.pdbqt,12.679,,,,1.0,53.0,18.0,0.2071428571428571,False,False,dockgen::1i8t_1_FAD_1
dockgen,1o28_1_UFP_2,1o28,Vina/Meeko full,classical,True,True,False,5.625060630361071,results/posebench_702_predictions/vina_cpu_full/dockgen/1o28_1_UFP_2/vina_poses.pdbqt,7.589,,,,1.0,21.0,6.0,0.2923076923076923,False,False,dockgen::1o28_1_UFP_2
dockgen,1o72_2_PC_0,1o72,Vina/Meeko full,classical,True,True,False,6.683548315895464,results/posebench_702_predictions/vina_cpu_full/dockgen/1o72_2_PC_0/vina_poses.pdbqt,4.06,,,,1.0,11.0,0.0,0.1724137931034483,False,False,dockgen::1o72_2_PC_0
dockgen,1pj2_1_FUM_0,1pj2,Vina/Meeko full,classical,True,True,False,4.2440734707353975,results/posebench_702_predictions/vina_cpu_full/dockgen/1pj2_1_FUM_0/vina_poses.pdbqt,5.069,,,,1.0,8.0,0.0,0.3076923076923077,False,False,dockgen::1pj2_1_FUM_0
dockgen,1pj4_1_FUM_1,1pj4,Vina/Meeko full,classical,True,True,False,3.492687772332362,results/posebench_702_predictions/vina_cpu_full/dockgen/1pj4_1_FUM_1/vina_poses.pdbqt,4.739,,,,1.0,8.0,0.0,0.3076923076923077,False,False,dockgen::1pj4_1_FUM_1
dockgen,1qaw_1_TRP_7,1qaw,Vina/Meeko full,classical,True,True,False,2.9820855677417,results/posebench_702_predictions/vina_cpu_full/dockgen/1qaw_1_TRP_7/vina_poses.pdbqt,8.252,,,,1.0,15.0,4.0,0.2195121951219512,False,False,dockgen::1qaw_1_TRP_7
dockgen,1rqp_1_SAM_0,1rqp,Vina/Meeko full,classical,True,True,False,2.1645497863938763,results/posebench_702_predictions/vina_cpu_full/dockgen/1rqp_1_SAM_0/vina_poses.pdbqt,10.727,,,,1.0,27.0,9.0,0.2195121951219512,False,False,dockgen::1rqp_1_SAM_0
dockgen,1sbz_1_FMN_3,1sbz,Vina/Meeko full,classical,True,True,False,3.818335311151588,results/posebench_702_predictions/vina_cpu_full/dockgen/1sbz_1_FMN_3/vina_poses.pdbqt,7.91,,,,1.0,31.0,11.0,0.1724137931034483,False,False,dockgen::1sbz_1_FMN_3
dockgen,1sij_1_PCD_0,1sij,Vina/Meeko full,classical,True,False,False,,,,,,,0.0,47.0,15.0,0.2079207920792079,False,False,dockgen::1sij_1_PCD_0
dockgen,1tke_1_SER_0,1tke,Vina/Meeko full,classical,True,True,False,2.510268454625065,results/posebench_702_predictions/vina_cpu_full/dockgen/1tke_1_SER_0/vina_poses.pdbqt,4.49,,,,1.0,7.0,1.0,0.375,False,False,dockgen::1tke_1_SER_0
dockgen,1tkg_1_SSA_0,1tkg,Vina/Meeko full,classical,True,True,False,7.278828507958947,results/posebench_702_predictions/vina_cpu_full/dockgen/1tkg_1_SSA_0/vina_poses.pdbqt,6.857,,,,1.0,29.0,9.0,0.2747252747252747,False,False,dockgen::1tkg_1_SSA_0
dockgen,1u8u_1_OCA_0,1u8u,Vina/Meeko full,classical,True,True,False,4.481667212098641,results/posebench_702_predictions/vina_cpu_full/dockgen/1u8u_1_OCA_0/vina_poses.pdbqt,4.943,,,,1.0,10.0,0.0,0.5416666666666666,False,False,dockgen::1u8u_1_OCA_0
dockgen,1uf5_1_CDT_0,1uf5,Vina/Meeko full,classical,True,True,False,7.76611456370988,results/posebench_702_predictions/vina_cpu_full/dockgen/1uf5_1_CDT_0/vina_poses.pdbqt,5.688,,,,1.0,12.0,2.0,0.40625,False,False,dockgen::1uf5_1_CDT_0
dockgen,1uf7_1_CDV_0,1uf7,Vina/Meeko full,classical,True,True,False,8.593575729472674,results/posebench_702_predictions/vina_cpu_full/dockgen/1uf7_1_CDV_0/vina_poses.pdbqt,5.52,,,,1.0,11.0,2.0,0.2631578947368421,False,False,dockgen::1uf7_1_CDV_0
dockgen,1uf8_1_ING_2,1uf8,Vina/Meeko full,classical,True,True,False,7.255570646062238,results/posebench_702_predictions/vina_cpu_full/dockgen/1uf8_1_ING_2/vina_poses.pdbqt,6.96,,,,1.0,15.0,2.0,0.2745098039215686,True,False,dockgen::1uf8_1_ING_2
dockgen,1v2g_1_OCA_0,1v2g,Vina/Meeko full,classical,True,True,False,4.64290716038992,results/posebench_702_predictions/vina_cpu_full/dockgen/1v2g_1_OCA_0/vina_poses.pdbqt,4.755,,,,1.0,10.0,0.0,0.5416666666666666,False,False,dockgen::1v2g_1_OCA_0
dockgen,1v97_1_MTE_1,1v97,Vina/Meeko full,classical,True,True,False,13.692415175319995,results/posebench_702_predictions/vina_cpu_full/dockgen/1v97_1_MTE_1/vina_poses.pdbqt,6.33,,,,1.0,24.0,9.0,0.1641791044776119,False,False,dockgen::1v97_1_MTE_1
dockgen,1za2_1_CTP_4,1za2,Vina/Meeko full,classical,True,True,False,8.462611470258558,results/posebench_702_predictions/vina_cpu_full/dockgen/1za2_1_CTP_4/vina_poses.pdbqt,5.828,,,,1.0,29.0,6.0,0.2394366197183098,False,False,dockgen::1za2_1_CTP_4
dockgen,2cdc_1_XYS_5,2cdc,Vina/Meeko full,classical,True,True,False,10.824751507540483,results/posebench_702_predictions/vina_cpu_full/dockgen/2cdc_1_XYS_5/vina_poses.pdbqt,5.131,,,,1.0,10.0,4.0,0.28,True,False,dockgen::2cdc_1_XYS_5
dockgen,2ext_1_TRP_0,2ext,Vina/Meeko full,classical,True,True,False,3.018753628017145,results/posebench_702_predictions/vina_cpu_full/dockgen/2ext_1_TRP_0/vina_poses.pdbqt,7.887,,,,1.0,15.0,4.0,0.2195121951219512,False,False,dockgen::2ext_1_TRP_0
dockgen,2g7c_1_NAG-GAL-GLA_1,2g7c,Vina/Meeko full,classical,True,True,False,5.30844012564591,results/posebench_702_predictions/vina_cpu_full/dockgen/2g7c_1_NAG-GAL-GLA_1/vina_poses.pdbqt,6.281,,,,1.0,37.0,16.0,0.5909090909090909,False,False,dockgen::2g7c_1_NAG-GAL-GLA_1
dockgen,2gag_1_FOA_0,2gag,Vina/Meeko full,classical,True,True,False,2.708241357412592,results/posebench_702_predictions/vina_cpu_full/dockgen/2gag_1_FOA_0/vina_poses.pdbqt,4.001,,,,1.0,8.0,1.0,0.3703703703703703,True,False,dockgen::2gag_1_FOA_0
dockgen,2gag_1_NAD_0,2gag,Vina/Meeko full,classical,True,True,False,6.538653607586197,results/posebench_702_predictions/vina_cpu_full/dockgen/2gag_1_NAD_0/vina_poses.pdbqt,10.61,,,,1.0,44.0,13.0,0.2159090909090909,False,False,dockgen::2gag_1_NAD_0
dockgen,2gah_1_NAD_0,2gah,Vina/Meeko full,classical,True,True,False,6.645756800737254,results/posebench_702_predictions/vina_cpu_full/dockgen/2gah_1_NAD_0/vina_poses.pdbqt,10.552,,,,1.0,44.0,13.0,0.2159090909090909,False,False,dockgen::2gah_1_NAD_0
dockgen,2gf3_2_FOA_1,2gf3,Vina/Meeko full,classical,True,True,False,11.9843054971909,results/posebench_702_predictions/vina_cpu_full/dockgen/2gf3_2_FOA_1/vina_poses.pdbqt,4.14,,,,1.0,8.0,1.0,0.3703703703703703,True,False,dockgen::2gf3_2_FOA_1
dockgen,2him_1_ASN_3,2him,Vina/Meeko full,classical,True,True,False,3.879531500924649,results/posebench_702_predictions/vina_cpu_full/dockgen/2him_1_ASN_3/vina_poses.pdbqt,5.092,,,,1.0,9.0,2.0,0.25,False,False,dockgen::2him_1_ASN_3
dockgen,2hk9_1_SKM_0,2hk9,Vina/Meeko full,classical,True,True,False,3.508661888811744,results/posebench_702_predictions/vina_cpu_full/dockgen/2hk9_1_SKM_0/vina_poses.pdbqt,6.161,,,,1.0,12.0,2.0,0.2,True,False,dockgen::2hk9_1_SKM_0
dockgen,2hs3_1_FGR_0,2hs3,Vina/Meeko full,classical,True,True,False,9.928961282531018,results/posebench_702_predictions/vina_cpu_full/dockgen/2hs3_1_FGR_0/vina_poses.pdbqt,7.197,,,,1.0,20.0,5.0,0.2857142857142857,True,False,dockgen::2hs3_1_FGR_0
dockgen,2o5m_1_MNR_0,2o5m,Vina/Meeko full,classical,True,False,False,,,,,,,0.0,43.0,17.0,0.1666666666666666,False,False,dockgen::2o5m_1_MNR_0
dockgen,2q37_1_3AL_0,2q37,Vina/Meeko full,classical,True,True,False,2.227876812328072,results/posebench_702_predictions/vina_cpu_full/dockgen/2q37_1_3AL_0/vina_poses.pdbqt,6.157,,,,1.0,11.0,4.0,0.1454545454545454,False,False,dockgen::2q37_1_3AL_0
dockgen,2q6k_1_ADN_1,2q6k,Vina/Meeko full,classical,True,True,False,6.291487030315771,results/posebench_702_predictions/vina_cpu_full/dockgen/2q6k_1_ADN_1/vina_poses.pdbqt,6.276,,,,1.0,19.0,7.0,0.3272727272727272,False,False,dockgen::2q6k_1_ADN_1
dockgen,2r4e_1_13P_0,2r4e,Vina/Meeko full,classical,True,True,False,4.564657478935304,results/posebench_702_predictions/vina_cpu_full/dockgen/2r4e_1_13P_0/vina_poses.pdbqt,4.775,,,,1.0,10.0,1.0,0.4210526315789473,False,False,dockgen::2r4e_1_13P_0
dockgen,2v5e_1_GU4-YYJ_0,2v5e,Vina/Meeko full,classical,True,True,False,10.299511276136975,results/posebench_702_predictions/vina_cpu_full/dockgen/2v5e_1_GU4-YYJ_0/vina_poses.pdbqt,4.898,,,,1.0,55.0,9.0,0.2586206896551724,True,False,dockgen::2v5e_1_GU4-YYJ_0
dockgen,2v7t_1_SAH_4,2v7t,Vina/Meeko full,classical,True,True,False,2.614992344451214,results/posebench_702_predictions/vina_cpu_full/dockgen/2v7t_1_SAH_4/vina_poses.pdbqt,9.684,,,,1.0,26.0,8.0,0.3164556962025316,False,False,dockgen::2v7t_1_SAH_4
dockgen,2v7u_1_SAM_2,2v7u,Vina/Meeko full,classical,True,True,False,2.860138289844923,results/posebench_702_predictions/vina_cpu_full/dockgen/2v7u_1_SAM_2/vina_poses.pdbqt,10.039,,,,1.0,27.0,9.0,0.2195121951219512,False,False,dockgen::2v7u_1_SAM_2
dockgen,2v7v_1_5FD_0,2v7v,Vina/Meeko full,classical,True,True,False,5.521129932979489,results/posebench_702_predictions/vina_cpu_full/dockgen/2v7v_1_5FD_0/vina_poses.pdbqt,10.165,,,,1.0,19.0,7.0,0.2333333333333333,False,False,dockgen::2v7v_1_5FD_0
dockgen,2v7w_1_5FD_0,2v7w,Vina/Meeko full,classical,True,True,False,5.534776755826935,results/posebench_702_predictions/vina_cpu_full/dockgen/2v7w_1_5FD_0/vina_poses.pdbqt,10.171,,,,1.0,19.0,7.0,0.2333333333333333,False,False,dockgen::2v7w_1_5FD_0
dockgen,2vdf_1_OCT_0,2vdf,Vina/Meeko full,classical,True,True,False,11.42717863254093,results/posebench_702_predictions/vina_cpu_full/dockgen/2vdf_1_OCT_0/vina_poses.pdbqt,3.928,,,,1.0,8.0,0.0,0.5384615384615384,False,False,dockgen::2vdf_1_OCT_0
dockgen,2vfu_1_MTL_0,2vfu,Vina/Meeko full,classical,True,True,False,11.962867793022433,results/posebench_702_predictions/vina_cpu_full/dockgen/2vfu_1_MTL_0/vina_poses.pdbqt,5.93,,,,1.0,12.0,4.0,0.5789473684210527,False,False,dockgen::2vfu_1_MTL_0
dockgen,2wab_1_BGC-BGC-BGC-BGC-BGC_0,2wab,Vina/Meeko full,classical,True,True,False,14.101951918465554,results/posebench_702_predictions/vina_cpu_full/dockgen/2wab_1_BGC-BGC-BGC-BGC-BGC_0/vina_poses.pdbqt,7.511,,,,1.0,56.0,25.0,1.0,False,False,dockgen::2wab_1_BGC-BGC-BGC-BGC-BGC_0
dockgen,2wao_1_BGC-BGC-BGC-BGC-BGC_0,2wao,Vina/Meeko full,classical,True,True,False,14.149130893299215,results/posebench_702_predictions/vina_cpu_full/dockgen/2wao_1_BGC-BGC-BGC-BGC-BGC_0/vina_poses.pdbqt,7.466,,,,1.0,56.0,25.0,1.0,False,False,dockgen::2wao_1_BGC-BGC-BGC-BGC-BGC_0
dockgen,2wr8_1_SAH_1,2wr8,Vina/Meeko full,classical,True,True,False,10.194242951104991,results/posebench_702_predictions/vina_cpu_full/dockgen/2wr8_1_SAH_1/vina_poses.pdbqt,6.142,,,,1.0,26.0,8.0,0.3164556962025316,False,False,dockgen::2wr8_1_SAH_1
dockgen,2wwc_1_CHT_2,2wwc,Vina/Meeko full,classical,True,True,False,2.764772245851104,results/posebench_702_predictions/vina_cpu_full/dockgen/2wwc_1_CHT_2/vina_poses.pdbqt,3.201,,,,1.0,7.0,0.0,0.3076923076923077,False,False,dockgen::2wwc_1_CHT_2
dockgen,2x34_2_UQ8_0,2x34,Vina/Meeko full,classical,True,True,False,8.173099721440073,results/posebench_702_predictions/vina_cpu_full/dockgen/2x34_2_UQ8_0/vina_poses.pdbqt,6.097,,,,1.0,53.0,13.0,0.2777777777777778,True,False,dockgen::2x34_2_UQ8_0
dockgen,2xrh_1_NIO_1,2xrh,Vina/Meeko full,classical,True,True,False,13.24287254001605,results/posebench_702_predictions/vina_cpu_full/dockgen/2xrh_1_NIO_1/vina_poses.pdbqt,4.504,,,,1.0,9.0,1.0,0.2926829268292683,True,False,dockgen::2xrh_1_NIO_1
dockgen,2xta_1_ACO_0,2xta,Vina/Meeko full,classical,True,True,False,11.690923883184947,results/posebench_702_predictions/vina_cpu_full/dockgen/2xta_1_ACO_0/vina_poses.pdbqt,6.165,,,,1.0,33.0,7.0,0.2022471910112359,False,False,dockgen::2xta_1_ACO_0
dockgen,2zcz_2_TRP_3,2zcz,Vina/Meeko full,classical,True,True,False,3.0415937379384936,results/posebench_702_predictions/vina_cpu_full/dockgen/2zcz_2_TRP_3/vina_poses.pdbqt,7.698,,,,1.0,15.0,4.0,0.2195121951219512,False,False,dockgen::2zcz_2_TRP_3
dockgen,2zd0_1_TRP_9,2zd0,Vina/Meeko full,classical,True,True,False,3.1489326657350643,results/posebench_702_predictions/vina_cpu_full/dockgen/2zd0_1_TRP_9/vina_poses.pdbqt,6.999,,,,1.0,15.0,4.0,0.2195121951219512,False,False,dockgen::2zd0_1_TRP_9
dockgen,2ze9_1_PD7_0,2ze9,Vina/Meeko full,classical,True,True,False,5.0380975041714375,results/posebench_702_predictions/vina_cpu_full/dockgen/2ze9_1_PD7_0/vina_poses.pdbqt,6.499,,,,1.0,26.0,3.0,0.3170731707317073,False,False,dockgen::2ze9_1_PD7_0
dockgen,3ad7_1_NAD_0,3ad7,Vina/Meeko full,classical,True,True,False,6.911279890676743,results/posebench_702_predictions/vina_cpu_full/dockgen/3ad7_1_NAD_0/vina_poses.pdbqt,10.745,,,,1.0,44.0,13.0,0.2159090909090909,False,False,dockgen::3ad7_1_NAD_0
dockgen,3ad9_1_NAD_0,3ad9,Vina/Meeko full,classical,True,True,False,6.007677052587116,results/posebench_702_predictions/vina_cpu_full/dockgen/3ad9_1_NAD_0/vina_poses.pdbqt,10.937,,,,1.0,44.0,13.0,0.2159090909090909,False,False,dockgen::3ad9_1_NAD_0
dockgen,3ada_1_NAD_0,3ada,Vina/Meeko full,classical,True,True,False,7.01962711551754,results/posebench_702_predictions/vina_cpu_full/dockgen/3ada_1_NAD_0/vina_poses.pdbqt,10.203,,,,1.0,44.0,13.0,0.2159090909090909,False,False,dockgen::3ada_1_NAD_0
dockgen,3eca_1_ASP_3,3eca,Vina/Meeko full,classical,True,True,False,5.455029514127307,results/posebench_702_predictions/vina_cpu_full/dockgen/3eca_1_ASP_3/vina_poses.pdbqt,5.125,,,,1.0,9.0,1.0,0.25,False,False,dockgen::3eca_1_ASP_3
dockgen,3gf4_1_FAD_1,3gf4,Vina/Meeko full,classical,True,True,False,6.110424396217238,results/posebench_702_predictions/vina_cpu_full/dockgen/3gf4_1_FAD_1/vina_poses.pdbqt,11.359,,,,1.0,53.0,18.0,0.2071428571428571,False,False,dockgen::3gf4_1_FAD_1
dockgen,3gf4_1_U5P_0,3gf4,Vina/Meeko full,classical,True,True,False,8.918087150761167,results/posebench_702_predictions/vina_cpu_full/dockgen/3gf4_1_U5P_0/vina_poses.pdbqt,6.092,,,,1.0,21.0,6.0,0.2698412698412698,False,False,dockgen::3gf4_1_U5P_0
dockgen,3he3_5_UDP_0,3he3,Vina/Meeko full,classical,True,True,False,10.5710493026946,results/posebench_702_predictions/vina_cpu_full/dockgen/3he3_5_UDP_0/vina_poses.pdbqt,8.118,,,,1.0,25.0,6.0,0.2537313432835821,False,False,dockgen::3he3_5_UDP_0
dockgen,3it6_1_ORN_1,3it6,Vina/Meeko full,classical,True,True,False,3.827721399359038,results/posebench_702_predictions/vina_cpu_full/dockgen/3it6_1_ORN_1/vina_poses.pdbqt,4.99,,,,1.0,9.0,1.0,0.2608695652173913,False,False,dockgen::3it6_1_ORN_1
dockgen,3k8l_1_GLC-GLC-GLC-GLC-GLC_0,3k8l,Vina/Meeko full,classical,True,True,False,8.457407560408635,results/posebench_702_predictions/vina_cpu_full/dockgen/3k8l_1_GLC-GLC-GLC-GLC-GLC_0/vina_poses.pdbqt,6.57,,,,1.0,56.0,25.0,1.0,False,False,dockgen::3k8l_1_GLC-GLC-GLC-GLC-GLC_0
dockgen,3k8m_1_GLC-GLC-AC1_0,3k8m,Vina/Meeko full,classical,True,True,False,6.383251713023558,results/posebench_702_predictions/vina_cpu_full/dockgen/3k8m_1_GLC-GLC-AC1_0/vina_poses.pdbqt,7.719,,,,1.0,44.0,20.0,0.5306122448979592,False,False,dockgen::3k8m_1_GLC-GLC-AC1_0
dockgen,3nvv_1_MTE_1,3nvv,Vina/Meeko full,classical,True,True,False,13.49205675264771,results/posebench_702_predictions/vina_cpu_full/dockgen/3nvv_1_MTE_1/vina_poses.pdbqt,5.495,,,,1.0,24.0,9.0,0.1641791044776119,False,False,dockgen::3nvv_1_MTE_1
dockgen,3o01_2_DXC_0,3o01,Vina/Meeko full,classical,True,True,False,14.39231897824074,results/posebench_702_predictions/vina_cpu_full/dockgen/3o01_2_DXC_0/vina_poses.pdbqt,6.155,,,,1.0,28.0,10.0,0.4927536231884058,True,False,dockgen::3o01_2_DXC_0
dockgen,3o02_2_JN3_0,3o02,Vina/Meeko full,classical,True,True,False,12.0397609951954,results/posebench_702_predictions/vina_cpu_full/dockgen/3o02_2_JN3_0/vina_poses.pdbqt,7.261,,,,1.0,28.0,10.0,0.7450980392156863,True,False,dockgen::3o02_2_JN3_0
dockgen,3o7j_1_2AL_0,3o7j,Vina/Meeko full,classical,True,True,False,10.325957952478968,results/posebench_702_predictions/vina_cpu_full/dockgen/3o7j_1_2AL_0/vina_poses.pdbqt,5.045,,,,1.0,11.0,4.0,0.1454545454545454,False,False,dockgen::3o7j_1_2AL_0
dockgen,3q14_1_PCR_3,3q14,Vina/Meeko full,classical,True,True,False,14.74201998116269,results/posebench_702_predictions/vina_cpu_full/dockgen/3q14_1_PCR_3/vina_poses.pdbqt,5.052,,,,1.0,8.0,0.0,0.4285714285714285,True,False,dockgen::3q14_1_PCR_3
dockgen,3qrc_2_GU4-YYJ_0,3qrc,Vina/Meeko full,classical,True,True,False,11.771046041414117,results/posebench_702_predictions/vina_cpu_full/dockgen/3qrc_2_GU4-YYJ_0/vina_poses.pdbqt,3.371,,,,1.0,55.0,9.0,0.2586206896551724,True,False,dockgen::3qrc_2_GU4-YYJ_0
dockgen,3s5x_1_BMA-MAN-MAN-MAN-MAN_0,3s5x,Vina/Meeko full,classical,True,True,False,11.38743990348821,results/posebench_702_predictions/vina_cpu_full/dockgen/3s5x_1_BMA-MAN-MAN-MAN-MAN_0/vina_poses.pdbqt,5.406,,,,1.0,45.0,20.0,0.7894736842105263,False,False,dockgen::3s5x_1_BMA-MAN-MAN-MAN-MAN_0
dockgen,3s6a_1_ANP_0,3s6a,Vina/Meeko full,classical,True,True,False,2.711328613770719,results/posebench_702_predictions/vina_cpu_full/dockgen/3s6a_1_ANP_0/vina_poses.pdbqt,8.433,,,,1.0,27.0,7.0,0.2432432432432432,False,False,dockgen::3s6a_1_ANP_0
dockgen,3se5_1_ANP_2,3se5,Vina/Meeko full,classical,True,True,False,4.07271484710217,results/posebench_702_predictions/vina_cpu_full/dockgen/3se5_1_ANP_2/vina_poses.pdbqt,8.05,,,,1.0,31.0,7.0,0.2467532467532467,False,False,dockgen::3se5_1_ANP_2
dockgen,3sr6_1_MTE_1,3sr6,Vina/Meeko full,classical,True,True,False,13.733365850487395,results/posebench_702_predictions/vina_cpu_full/dockgen/3sr6_1_MTE_1/vina_poses.pdbqt,5.321,,,,1.0,24.0,9.0,0.1641791044776119,False,False,dockgen::3sr6_1_MTE_1
dockgen,3ub7_1_ACM_1,3ub7,Vina/Meeko full,classical,True,True,False,11.961528873852204,results/posebench_702_predictions/vina_cpu_full/dockgen/3ub7_1_ACM_1/vina_poses.pdbqt,3.076,,,,1.0,4.0,1.0,0.5555555555555556,False,False,dockgen::3ub7_1_ACM_1
dockgen,3ub9_1_NHY_1,3ub9,Vina/Meeko full,classical,True,True,False,2.547650525484216,results/posebench_702_predictions/vina_cpu_full/dockgen/3ub9_1_NHY_1/vina_poses.pdbqt,3.841,,,,1.0,5.0,1.0,0.2307692307692307,False,False,dockgen::3ub9_1_NHY_1
dockgen,3uni_1_SAL_0,3uni,Vina/Meeko full,classical,True,True,False,15.21649078467174,results/posebench_702_predictions/vina_cpu_full/dockgen/3uni_1_SAL_0/vina_poses.pdbqt,5.778,,,,1.0,10.0,2.0,0.25,True,False,dockgen::3uni_1_SAL_0
dockgen,3wrb_1_GDE_0,3wrb,Vina/Meeko full,classical,True,True,False,4.054718085144761,results/posebench_702_predictions/vina_cpu_full/dockgen/3wrb_1_GDE_0/vina_poses.pdbqt,7.211,,,,1.0,12.0,2.0,0.2,True,False,dockgen::3wrb_1_GDE_0
dockgen,3wvc_1_FEG_0,3wvc,Vina/Meeko full,classical,True,True,False,11.493374837799475,results/posebench_702_predictions/vina_cpu_full/dockgen/3wvc_1_FEG_0/vina_poses.pdbqt,7.419,,,,1.0,37.0,13.0,0.2058823529411764,False,False,dockgen::3wvc_1_FEG_0
dockgen,3zec_1_ANP_0,3zec,Vina/Meeko full,classical,True,True,False,3.634355349501698,results/posebench_702_predictions/vina_cpu_full/dockgen/3zec_1_ANP_0/vina_poses.pdbqt,7.341,,,,1.0,31.0,7.0,0.2467532467532467,False,False,dockgen::3zec_1_ANP_0
dockgen,3zjx_1_BOG_0,3zjx,Vina/Meeko full,classical,True,True,False,9.30749150415943,results/posebench_702_predictions/vina_cpu_full/dockgen/3zjx_1_BOG_0/vina_poses.pdbqt,5.404,,,,1.0,20.0,5.0,1.0,True,False,dockgen::3zjx_1_BOG_0
dockgen,3zqu_1_FNR_5,3zqu,Vina/Meeko full,classical,True,True,False,4.318145013178542,results/posebench_702_predictions/vina_cpu_full/dockgen/3zqu_1_FNR_5/vina_poses.pdbqt,6.567,,,,1.0,31.0,11.0,0.1724137931034483,False,False,dockgen::3zqu_1_FNR_5
dockgen,3zzs_1_TRP_3,3zzs,Vina/Meeko full,classical,True,True,False,3.000644941786126,results/posebench_702_predictions/vina_cpu_full/dockgen/3zzs_1_TRP_3/vina_poses.pdbqt,8.007,,,,1.0,15.0,4.0,0.2195121951219512,False,False,dockgen::3zzs_1_TRP_3
dockgen,4b4v_1_L34_0,4b4v,Vina/Meeko full,classical,True,True,False,6.488730631323999,results/posebench_702_predictions/vina_cpu_full/dockgen/4b4v_1_L34_0/vina_poses.pdbqt,8.343,,,,1.0,34.0,8.0,0.1451612903225806,False,False,dockgen::4b4v_1_L34_0
dockgen,4bc9_1_CNV-FAD_0,4bc9,Vina/Meeko full,classical,True,True,False,11.577887959230354,results/posebench_702_predictions/vina_cpu_full/dockgen/4bc9_1_CNV-FAD_0/vina_poses.pdbqt,12.888,,,,1.0,57.0,19.0,0.1986301369863013,False,False,dockgen::4bc9_1_CNV-FAD_0
dockgen,4cdn_2_FAD_0,4cdn,Vina/Meeko full,classical,True,True,False,7.189013370782044,results/posebench_702_predictions/vina_cpu_full/dockgen/4cdn_2_FAD_0/vina_poses.pdbqt,11.018,,,,1.0,53.0,18.0,0.2071428571428571,False,False,dockgen::4cdn_2_FAD_0
dockgen,4fyv_1_DCP_2,4fyv,Vina/Meeko full,classical,True,True,False,5.436298550353119,results/posebench_702_predictions/vina_cpu_full/dockgen/4fyv_1_DCP_2/vina_poses.pdbqt,5.358,,,,1.0,28.0,5.0,0.2676056338028169,False,False,dockgen::4fyv_1_DCP_2
dockgen,4fyw_1_CTP_4,4fyw,Vina/Meeko full,classical,True,True,False,11.353645785415786,results/posebench_702_predictions/vina_cpu_full/dockgen/4fyw_1_CTP_4/vina_poses.pdbqt,5.58,,,,1.0,29.0,6.0,0.2394366197183098,False,False,dockgen::4fyw_1_CTP_4
dockgen,4gk9_1_BMA-MAN-MAN-MAN-MAN_3,4gk9,Vina/Meeko full,classical,True,True,False,8.128237342965043,results/posebench_702_predictions/vina_cpu_full/dockgen/4gk9_1_BMA-MAN-MAN-MAN-MAN_3/vina_poses.pdbqt,5.528,,,,1.0,56.0,25.0,0.7894736842105263,False,False,dockgen::4gk9_1_BMA-MAN-MAN-MAN-MAN_3
dockgen,4h2f_1_ADN_0,4h2f,Vina/Meeko full,classical,True,True,False,7.104126365785777,results/posebench_702_predictions/vina_cpu_full/dockgen/4h2f_1_ADN_0/vina_poses.pdbqt,6.405,,,,1.0,19.0,7.0,0.3272727272727272,False,False,dockgen::4h2f_1_ADN_0
dockgen,4idk_1_1FE_0,4idk,Vina/Meeko full,classical,True,True,False,14.792870336753444,results/posebench_702_predictions/vina_cpu_full/dockgen/4idk_1_1FE_0/vina_poses.pdbqt,5.983,,,,1.0,15.0,5.0,0.180327868852459,False,False,dockgen::4idk_1_1FE_0
dockgen,4kgx_1_CTP_5,4kgx,Vina/Meeko full,classical,True,True,False,4.912325086821991,results/posebench_702_predictions/vina_cpu_full/dockgen/4kgx_1_CTP_5/vina_poses.pdbqt,5.421,,,,1.0,29.0,6.0,0.2394366197183098,False,False,dockgen::4kgx_1_CTP_5
dockgen,4mig_1_G3F_2,4mig,Vina/Meeko full,classical,True,True,False,9.931120468003598,results/posebench_702_predictions/vina_cpu_full/dockgen/4mig_1_G3F_2/vina_poses.pdbqt,5.707,,,,1.0,12.0,5.0,0.6086956521739131,True,False,dockgen::4mig_1_G3F_2
dockgen,4mo2_2_FDA_0,4mo2,Vina/Meeko full,classical,True,True,False,6.080850564263659,results/posebench_702_predictions/vina_cpu_full/dockgen/4mo2_2_FDA_0/vina_poses.pdbqt,12.279,,,,1.0,53.0,18.0,0.2071428571428571,False,False,dockgen::4mo2_2_FDA_0
dockgen,4mos_1_GAF_1,4mos,Vina/Meeko full,classical,True,True,False,4.929334344851578,results/posebench_702_predictions/vina_cpu_full/dockgen/4mos_1_GAF_1/vina_poses.pdbqt,5.734,,,,1.0,12.0,5.0,0.6521739130434783,True,False,dockgen::4mos_1_GAF_1
dockgen,4n4l_1_HG1_0,4n4l,Vina/Meeko full,classical,True,True,False,6.706249877291081,results/posebench_702_predictions/vina_cpu_full/dockgen/4n4l_1_HG1_0/vina_poses.pdbqt,5.237,,,,1.0,12.0,1.0,0.25,True,False,dockgen::4n4l_1_HG1_0
dockgen,4o0d_1_GLY_3,4o0d,Vina/Meeko full,classical,True,True,True,1.941907464324704,results/posebench_702_predictions/vina_cpu_full/dockgen/4o0d_1_GLY_3/vina_poses.pdbqt,4.727,,,,1.0,5.0,0.0,0.3181818181818182,False,False,dockgen::4o0d_1_GLY_3
dockgen,4o0f_1_GLY_3,4o0f,Vina/Meeko full,classical,True,True,True,1.6007398289540995,results/posebench_702_predictions/vina_cpu_full/dockgen/4o0f_1_GLY_3/vina_poses.pdbqt,3.344,,,,1.0,5.0,0.0,0.3181818181818182,False,False,dockgen::4o0f_1_GLY_3
dockgen,4o95_1_245_0,4o95,Vina/Meeko full,classical,True,True,False,11.847574157259563,results/posebench_702_predictions/vina_cpu_full/dockgen/4o95_1_245_0/vina_poses.pdbqt,7.48,,,,1.0,17.0,3.0,0.2888888888888888,False,False,dockgen::4o95_1_245_0
dockgen,4oal_2_245_0,4oal,Vina/Meeko full,classical,True,True,False,11.259696184909725,results/posebench_702_predictions/vina_cpu_full/dockgen/4oal_2_245_0/vina_poses.pdbqt,7.633,,,,1.0,17.0,3.0,0.2888888888888888,False,False,dockgen::4oal_2_245_0
dockgen,4osx_1_GLY_2,4osx,Vina/Meeko full,classical,True,True,True,1.5232660306066044,results/posebench_702_predictions/vina_cpu_full/dockgen/4osx_1_GLY_2/vina_poses.pdbqt,3.317,,,,1.0,5.0,0.0,0.3181818181818182,False,False,dockgen::4osx_1_GLY_2
dockgen,4osy_1_GLY_3,4osy,Vina/Meeko full,classical,True,True,False,2.9204250033171544,results/posebench_702_predictions/vina_cpu_full/dockgen/4osy_1_GLY_3/vina_poses.pdbqt,4.4,,,,1.0,5.0,0.0,0.3181818181818182,False,False,dockgen::4osy_1_GLY_3
dockgen,4pfx_1_UDP_0,4pfx,Vina/Meeko full,classical,True,True,False,4.475060634226088,results/posebench_702_predictions/vina_cpu_full/dockgen/4pfx_1_UDP_0/vina_poses.pdbqt,8.652,,,,1.0,25.0,6.0,0.2537313432835821,False,False,dockgen::4pfx_1_UDP_0
dockgen,4phr_1_UDP_0,4phr,Vina/Meeko full,classical,True,True,False,4.175408023175699,results/posebench_702_predictions/vina_cpu_full/dockgen/4phr_1_UDP_0/vina_poses.pdbqt,8.458,,,,1.0,25.0,6.0,0.2537313432835821,False,False,dockgen::4phr_1_UDP_0
dockgen,4phs_1_UDP_0,4phs,Vina/Meeko full,classical,True,True,False,4.568114236750215,results/posebench_702_predictions/vina_cpu_full/dockgen/4phs_1_UDP_0/vina_poses.pdbqt,8.517,,,,1.0,25.0,6.0,0.2463768115942029,False,False,dockgen::4phs_1_UDP_0
dockgen,4pya_1_2X3_0,4pya,Vina/Meeko full,classical,True,True,False,7.904925529377238,results/posebench_702_predictions/vina_cpu_full/dockgen/4pya_1_2X3_0/vina_poses.pdbqt,5.547,,,,1.0,32.0,9.0,0.1585365853658536,False,False,dockgen::4pya_1_2X3_0
dockgen,4qa8_1_PJZ_0,4qa8,Vina/Meeko full,classical,True,True,False,7.513024432120999,results/posebench_702_predictions/vina_cpu_full/dockgen/4qa8_1_PJZ_0/vina_poses.pdbqt,5.652,,,,1.0,34.0,3.0,0.3714285714285714,False,False,dockgen::4qa8_1_PJZ_0
dockgen,4qo5_1_NAG_2,4qo5,Vina/Meeko full,classical,True,True,False,12.052308415521782,results/posebench_702_predictions/vina_cpu_full/dockgen/4qo5_1_NAG_2/vina_poses.pdbqt,4.538,,,,1.0,14.0,5.0,0.3142857142857143,True,False,dockgen::4qo5_1_NAG_2
dockgen,4rhe_1_FMN_6,4rhe,Vina/Meeko full,classical,True,True,False,4.339247292390251,results/posebench_702_predictions/vina_cpu_full/dockgen/4rhe_1_FMN_6/vina_poses.pdbqt,9.841,,,,1.0,31.0,11.0,0.1685393258426966,False,False,dockgen::4rhe_1_FMN_6
dockgen,4rpj_1_UDP_0,4rpj,Vina/Meeko full,classical,True,True,False,11.77642915488392,results/posebench_702_predictions/vina_cpu_full/dockgen/4rpj_1_UDP_0/vina_poses.pdbqt,7.808,,,,1.0,25.0,6.0,0.2537313432835821,False,False,dockgen::4rpj_1_UDP_0
dockgen,4rpm_1_HXC_0,4rpm,Vina/Meeko full,classical,True,True,False,5.881968850270763,results/posebench_702_predictions/vina_cpu_full/dockgen/4rpm_1_HXC_0/vina_poses.pdbqt,4.694,,,,1.0,9.0,1.0,0.4285714285714285,False,False,dockgen::4rpm_1_HXC_0
dockgen,4tvd_1_BGC_4,4tvd,Vina/Meeko full,classical,True,True,False,8.758757403307847,results/posebench_702_predictions/vina_cpu_full/dockgen/4tvd_1_BGC_4/vina_poses.pdbqt,5.087,,,,1.0,12.0,5.0,1.0,True,False,dockgen::4tvd_1_BGC_4
dockgen,4tvd_1_GLC_0,4tvd,Vina/Meeko full,classical,True,True,False,13.186892937054326,results/posebench_702_predictions/vina_cpu_full/dockgen/4tvd_1_GLC_0/vina_poses.pdbqt,4.463,,,,1.0,12.0,5.0,1.0,True,False,dockgen::4tvd_1_GLC_0
dockgen,4u63_1_FAD_0,4u63,Vina/Meeko full,classical,True,True,False,6.036031988799539,results/posebench_702_predictions/vina_cpu_full/dockgen/4u63_1_FAD_0/vina_poses.pdbqt,10.989,,,,1.0,53.0,18.0,0.2071428571428571,False,False,dockgen::4u63_1_FAD_0
dockgen,4uoc_1_NCN_1,4uoc,Vina/Meeko full,classical,True,True,False,4.029050581825586,results/posebench_702_predictions/vina_cpu_full/dockgen/4uoc_1_NCN_1/vina_poses.pdbqt,7.812,,,,1.0,22.0,5.0,0.2388059701492537,False,False,dockgen::4uoc_1_NCN_1
dockgen,4uuw_1_AMP_0,4uuw,Vina/Meeko full,classical,True,True,False,4.411968425918793,results/posebench_702_predictions/vina_cpu_full/dockgen/4uuw_1_AMP_0/vina_poses.pdbqt,8.378,,,,1.0,23.0,7.0,0.2608695652173913,False,False,dockgen::4uuw_1_AMP_0
dockgen,4xdr_1_ADN_0,4xdr,Vina/Meeko full,classical,True,True,False,6.200683031137101,results/posebench_702_predictions/vina_cpu_full/dockgen/4xdr_1_ADN_0/vina_poses.pdbqt,7.929,,,,1.0,19.0,7.0,0.3272727272727272,False,False,dockgen::4xdr_1_ADN_0
dockgen,4xfm_1_THE_0,4xfm,Vina/Meeko full,classical,True,True,False,2.878534754581457,results/posebench_702_predictions/vina_cpu_full/dockgen/4xfm_1_THE_0/vina_poses.pdbqt,4.769,,,,1.0,9.0,2.0,0.5238095238095238,False,False,dockgen::4xfm_1_THE_0
dockgen,4ydx_1_TCE_0,4ydx,Vina/Meeko full,classical,True,True,False,14.428783171581031,results/posebench_702_predictions/vina_cpu_full/dockgen/4ydx_1_TCE_0/vina_poses.pdbqt,3.332,,,,1.0,16.0,0.0,0.2222222222222222,False,False,dockgen::4ydx_1_TCE_0
dockgen,4zav_1_4LS_8,4zav,Vina/Meeko full,classical,True,True,False,10.708234592281462,results/posebench_702_predictions/vina_cpu_full/dockgen/4zav_1_4LS_8/vina_poses.pdbqt,6.097,,,,1.0,36.0,11.0,0.1648351648351648,False,False,dockgen::4zav_1_4LS_8
dockgen,4zaw_1_4LU_1,4zaw,Vina/Meeko full,classical,True,True,False,9.85746336679867,results/posebench_702_predictions/vina_cpu_full/dockgen/4zaw_1_4LU_1/vina_poses.pdbqt,6.176,,,,1.0,36.0,12.0,0.1649484536082474,False,False,dockgen::4zaw_1_4LU_1
dockgen,4zay_1_4LS_6,4zay,Vina/Meeko full,classical,True,True,False,10.719423459568874,results/posebench_702_predictions/vina_cpu_full/dockgen/4zay_1_4LS_6/vina_poses.pdbqt,6.295,,,,1.0,36.0,11.0,0.1648351648351648,False,False,dockgen::4zay_1_4LS_6
dockgen,4zaz_1_4LS_6,4zaz,Vina/Meeko full,classical,True,True,False,10.75977664472848,results/posebench_702_predictions/vina_cpu_full/dockgen/4zaz_1_4LS_6/vina_poses.pdbqt,6.191,,,,1.0,36.0,11.0,0.1648351648351648,False,False,dockgen::4zaz_1_4LS_6
dockgen,4zqx_1_ATP_2,4zqx,Vina/Meeko full,classical,True,True,False,11.1304144388538,results/posebench_702_predictions/vina_cpu_full/dockgen/4zqx_1_ATP_2/vina_poses.pdbqt,4.797,,,,1.0,31.0,7.0,0.24,False,False,dockgen::4zqx_1_ATP_2
dockgen,5a98_1_ATP_0,5a98,Vina/Meeko full,classical,True,True,False,12.702777617259478,results/posebench_702_predictions/vina_cpu_full/dockgen/5a98_1_ATP_0/vina_poses.pdbqt,6.381,,,,1.0,31.0,7.0,0.24,False,False,dockgen::5a98_1_ATP_0
dockgen,5ae3_2_AWB_1,5ae3,Vina/Meeko full,classical,True,False,False,,,,,,,0.0,39.0,12.0,0.216867469879518,False,False,dockgen::5ae3_2_AWB_1
dockgen,5b5s_1_BOG_0,5b5s,Vina/Meeko full,classical,True,True,False,7.857866615691564,results/posebench_702_predictions/vina_cpu_full/dockgen/5b5s_1_BOG_0/vina_poses.pdbqt,4.492,,,,1.0,20.0,5.0,1.0,True,False,dockgen::5b5s_1_BOG_0
dockgen,5d9g_1_GLU-ASN-LEU-TYR-PHE-GLN_0,5d9g,Vina/Meeko full,classical,True,True,False,12.175411288690846,results/posebench_702_predictions/vina_cpu_full/dockgen/5d9g_1_GLU-ASN-LEU-TYR-PHE-GLN_0/vina_poses.pdbqt,5.866,,,,1.0,41.0,4.0,0.5,False,False,dockgen::5d9g_1_GLU-ASN-LEU-TYR-PHE-GLN_0
dockgen,5dnc_1_ASN_2,5dnc,Vina/Meeko full,classical,True,True,False,2.997178302633625,results/posebench_702_predictions/vina_cpu_full/dockgen/5dnc_1_ASN_2/vina_poses.pdbqt,5.543,,,,1.0,9.0,2.0,0.25,False,False,dockgen::5dnc_1_ASN_2
dockgen,5eno_1_5QG_0,5eno,Vina/Meeko full,classical,True,True,False,13.23813217369716,results/posebench_702_predictions/vina_cpu_full/dockgen/5eno_1_5QG_0/vina_poses.pdbqt,5.709,,,,1.0,29.0,5.0,0.1772151898734177,False,False,dockgen::5eno_1_5QG_0
dockgen,5enp_1_5QF_0,5enp,Vina/Meeko full,classical,True,True,False,12.577792180471704,results/posebench_702_predictions/vina_cpu_full/dockgen/5enp_1_5QF_0/vina_poses.pdbqt,5.145,,,,1.0,37.0,8.0,0.15625,False,False,dockgen::5enp_1_5QF_0
dockgen,5enq_1_5QE_0,5enq,Vina/Meeko full,classical,True,True,False,14.458417947440072,results/posebench_702_predictions/vina_cpu_full/dockgen/5enq_1_5QE_0/vina_poses.pdbqt,5.63,,,,1.0,35.0,8.0,0.1621621621621621,False,False,dockgen::5enq_1_5QE_0
dockgen,5enr_1_MBX_0,5enr,Vina/Meeko full,classical,True,True,False,12.984725417453642,results/posebench_702_predictions/vina_cpu_full/dockgen/5enr_1_MBX_0/vina_poses.pdbqt,5.203,,,,1.0,36.0,8.0,0.1592920353982301,False,False,dockgen::5enr_1_MBX_0
dockgen,5ent_1_MIY_0,5ent,Vina/Meeko full,classical,True,True,False,8.982646643794507,results/posebench_702_predictions/vina_cpu_full/dockgen/5ent_1_MIY_0/vina_poses.pdbqt,8.53,,,,1.0,33.0,15.0,0.1690140845070422,False,False,dockgen::5ent_1_MIY_0
dockgen,5ers_1_AMP_1,5ers,Vina/Meeko full,classical,True,True,False,6.557676629920743,results/posebench_702_predictions/vina_cpu_full/dockgen/5ers_1_AMP_1/vina_poses.pdbqt,6.637,,,,1.0,23.0,7.0,0.2608695652173913,False,False,dockgen::5ers_1_AMP_1
dockgen,5f2t_1_PLM_0,5f2t,Vina/Meeko full,classical,True,True,False,5.494595258575061,results/posebench_702_predictions/vina_cpu_full/dockgen/5f2t_1_PLM_0/vina_poses.pdbqt,6.441,,,,1.0,18.0,0.0,0.5416666666666666,False,False,dockgen::5f2t_1_PLM_0
dockgen,5f52_1_ASP_2,5f52,Vina/Meeko full,classical,True,True,False,3.4483081036615304,results/posebench_702_predictions/vina_cpu_full/dockgen/5f52_1_ASP_2/vina_poses.pdbqt,5.695,,,,1.0,9.0,1.0,0.25,False,False,dockgen::5f52_1_ASP_2
dockgen,5fiu_1_Y3J_3,5fiu,Vina/Meeko full,classical,True,True,False,5.915855711560247,results/posebench_702_predictions/vina_cpu_full/dockgen/5fiu_1_Y3J_3/vina_poses.pdbqt,9.018,,,,1.0,20.0,7.0,0.1617647058823529,False,False,dockgen::5fiu_1_Y3J_3
dockgen,5fxd_1_H7Y_1,5fxd,Vina/Meeko full,classical,True,True,False,11.434728717085216,results/posebench_702_predictions/vina_cpu_full/dockgen/5fxd_1_H7Y_1/vina_poses.pdbqt,5.807,,,,1.0,12.0,3.0,0.2352941176470588,True,False,dockgen::5fxd_1_H7Y_1
dockgen,5fxe_1_CIY_1,5fxe,Vina/Meeko full,classical,True,True,False,9.947062484820483,results/posebench_702_predictions/vina_cpu_full/dockgen/5fxe_1_CIY_1/vina_poses.pdbqt,6.061,,,,1.0,13.0,3.0,0.2264150943396226,True,False,dockgen::5fxe_1_CIY_1
dockgen,5fxf_1_BEZ_0,5fxf,Vina/Meeko full,classical,True,True,False,11.083239884317823,results/posebench_702_predictions/vina_cpu_full/dockgen/5fxf_1_BEZ_0/vina_poses.pdbqt,5.606,,,,1.0,9.0,0.0,0.3125,True,False,dockgen::5fxf_1_BEZ_0
dockgen,5gqi_1_ATP_7,5gqi,Vina/Meeko full,classical,True,True,False,10.306324486418756,results/posebench_702_predictions/vina_cpu_full/dockgen/5gqi_1_ATP_7/vina_poses.pdbqt,5.228,,,,1.0,31.0,7.0,0.24,False,False,dockgen::5gqi_1_ATP_7
dockgen,5gql_1_ATP_4,5gql,Vina/Meeko full,classical,True,True,False,10.29173892012424,results/posebench_702_predictions/vina_cpu_full/dockgen/5gql_1_ATP_4/vina_poses.pdbqt,5.322,,,,1.0,31.0,7.0,0.24,False,False,dockgen::5gql_1_ATP_4
dockgen,5hhz_1_ZME_0,5hhz,Vina/Meeko full,classical,True,True,False,13.93846395650061,results/posebench_702_predictions/vina_cpu_full/dockgen/5hhz_1_ZME_0/vina_poses.pdbqt,7.176,,,,1.0,15.0,4.0,0.2083333333333333,False,False,dockgen::5hhz_1_ZME_0
dockgen,5hmr_1_FDZ_0,5hmr,Vina/Meeko full,classical,True,True,False,9.524358017735368,results/posebench_702_predictions/vina_cpu_full/dockgen/5hmr_1_FDZ_0/vina_poses.pdbqt,8.181,,,,1.0,20.0,4.0,0.1864406779661017,False,False,dockgen::5hmr_1_FDZ_0
dockgen,5hqx_1_EDZ_0,5hqx,Vina/Meeko full,classical,True,True,False,11.786685023081482,results/posebench_702_predictions/vina_cpu_full/dockgen/5hqx_1_EDZ_0/vina_poses.pdbqt,7.459,,,,1.0,18.0,4.0,0.1785714285714285,False,False,dockgen::5hqx_1_EDZ_0
dockgen,5hw0_1_GLU_2,5hw0,Vina/Meeko full,classical,True,True,False,3.34508203187904,results/posebench_702_predictions/vina_cpu_full/dockgen/5hw0_1_GLU_2/vina_poses.pdbqt,5.193,,,,1.0,10.0,1.0,0.2222222222222222,False,False,dockgen::5hw0_1_GLU_2
dockgen,5ida_1_BMA_0,5ida,Vina/Meeko full,classical,True,True,False,3.2976190021488745,results/posebench_702_predictions/vina_cpu_full/dockgen/5ida_1_BMA_0/vina_poses.pdbqt,4.651,,,,1.0,12.0,5.0,1.0,True,False,dockgen::5ida_1_BMA_0
dockgen,5k3o_2_ASP_0,5k3o,Vina/Meeko full,classical,True,True,False,3.4922098702365787,results/posebench_702_predictions/vina_cpu_full/dockgen/5k3o_2_ASP_0/vina_poses.pdbqt,5.106,,,,1.0,9.0,1.0,0.25,False,False,dockgen::5k3o_2_ASP_0
dockgen,5k45_2_GLU_1,5k45,Vina/Meeko full,classical,True,True,False,4.202160944085793,results/posebench_702_predictions/vina_cpu_full/dockgen/5k45_2_GLU_1/vina_poses.pdbqt,5.167,,,,1.0,10.0,1.0,0.2222222222222222,False,False,dockgen::5k45_2_GLU_1
dockgen,5k4h_2_GLU_3,5k4h,Vina/Meeko full,classical,True,True,False,3.7052485341741934,results/posebench_702_predictions/vina_cpu_full/dockgen/5k4h_2_GLU_3/vina_poses.pdbqt,5.759,,,,1.0,10.0,1.0,0.2222222222222222,False,False,dockgen::5k4h_2_GLU_3
dockgen,5k62_1_ASN-VAL_0,5k62,Vina/Meeko full,classical,True,True,False,6.640622440705389,results/posebench_702_predictions/vina_cpu_full/dockgen/5k62_1_ASN-VAL_0/vina_poses.pdbqt,5.899,,,,1.0,15.0,4.0,0.3125,False,False,dockgen::5k62_1_ASN-VAL_0
dockgen,5k63_1_ASN-GLY_0,5k63,Vina/Meeko full,classical,True,True,False,2.46965559339759,results/posebench_702_predictions/vina_cpu_full/dockgen/5k63_1_ASN-GLY_0/vina_poses.pdbqt,5.328,,,,1.0,12.0,3.0,0.2258064516129032,False,False,dockgen::5k63_1_ASN-GLY_0
dockgen,5k66_1_ASN-GLU_0,5k66,Vina/Meeko full,classical,True,True,False,6.395813469854828,results/posebench_702_predictions/vina_cpu_full/dockgen/5k66_1_ASN-GLU_0/vina_poses.pdbqt,5.741,,,,1.0,17.0,4.0,0.2285714285714285,False,False,dockgen::5k66_1_ASN-GLU_0
dockgen,5mh1_1_BMA_0,5mh1,Vina/Meeko full,classical,True,True,False,3.1476717983296805,results/posebench_702_predictions/vina_cpu_full/dockgen/5mh1_1_BMA_0/vina_poses.pdbqt,4.596,,,,1.0,12.0,5.0,1.0,True,False,dockgen::5mh1_1_BMA_0
dockgen,5u82_2_ZN0_0,5u82,Vina/Meeko full,classical,True,False,False,,,,,,,0.0,7.0,0.0,0.1764705882352941,False,False,dockgen::5u82_2_ZN0_0
dockgen,6a71_1_9UX_0,6a71,Vina/Meeko full,classical,True,False,False,,,,,,,0.0,6.0,0.0,0.1176470588235294,False,False,dockgen::6a71_1_9UX_0
dockgen,6a72_1_9UX_0,6a72,Vina/Meeko full,classical,True,False,False,,,,,,,0.0,6.0,0.0,0.1176470588235294,False,False,dockgen::6a72_1_9UX_0
dockgen,6b1b_1_TMO_15,6b1b,Vina/Meeko full,classical,True,True,False,13.679602011754582,results/posebench_702_predictions/vina_cpu_full/dockgen/6b1b_1_TMO_15/vina_poses.pdbqt,2.329,,,,1.0,5.0,0.0,0.2857142857142857,False,False,dockgen::6b1b_1_TMO_15
dockgen,6ea9_1_9BG_0,6ea9,Vina/Meeko full,classical,True,False,False,,,,,,,0.0,46.0,15.0,0.1979166666666666,False,False,dockgen::6ea9_1_9BG_0
dockgen,6ep5_1_ADP_1,6ep5,Vina/Meeko full,classical,True,True,False,2.8493914814947447,results/posebench_702_predictions/vina_cpu_full/dockgen/6ep5_1_ADP_1/vina_poses.pdbqt,9.043,,,,1.0,27.0,7.0,0.2465753424657534,False,False,dockgen::6ep5_1_ADP_1
dockgen,6etf_1_AMP_0,6etf,Vina/Meeko full,classical,True,True,False,3.0409980484102226,results/posebench_702_predictions/vina_cpu_full/dockgen/6etf_1_AMP_0/vina_poses.pdbqt,7.453,,,,1.0,23.0,7.0,0.2608695652173913,False,False,dockgen::6etf_1_AMP_0
dockgen,6fgc_1_ADP_1,6fgc,Vina/Meeko full,classical,True,True,False,3.028499347250432,results/posebench_702_predictions/vina_cpu_full/dockgen/6fgc_1_ADP_1/vina_poses.pdbqt,6.754,,,,1.0,27.0,7.0,0.2465753424657534,False,False,dockgen::6fgc_1_ADP_1
dockgen,6fgc_1_D95_1,6fgc,Vina/Meeko full,classical,True,True,False,8.795348364439684,results/posebench_702_predictions/vina_cpu_full/dockgen/6fgc_1_D95_1/vina_poses.pdbqt,5.339,,,,1.0,27.0,9.0,0.175,False,False,dockgen::6fgc_1_D95_1
dockgen,6gbf_1_AMP_0,6gbf,Vina/Meeko full,classical,True,True,False,4.587314104751513,results/posebench_702_predictions/vina_cpu_full/dockgen/6gbf_1_AMP_0/vina_poses.pdbqt,7.517,,,,1.0,23.0,7.0,0.2608695652173913,False,False,dockgen::6gbf_1_AMP_0
dockgen,6jls_1_FMN_6,6jls,Vina/Meeko full,classical,True,True,False,8.553431763653924,results/posebench_702_predictions/vina_cpu_full/dockgen/6jls_1_FMN_6/vina_poses.pdbqt,6.915,,,,1.0,31.0,11.0,0.1724137931034483,False,False,dockgen::6jls_1_FMN_6
dockgen,6n19_2_K8V_0,6n19,Vina/Meeko full,classical,True,True,False,4.282024280778481,results/posebench_702_predictions/vina_cpu_full/dockgen/6n19_2_K8V_0/vina_poses.pdbqt,6.537,,,,1.0,17.0,6.0,0.1891891891891892,True,False,dockgen::6n19_2_K8V_0
dockgen,6nco_1_KQP_0,6nco,Vina/Meeko full,classical,True,False,False,,,,,,,0.0,,,,False,False,dockgen::6nco_1_KQP_0
dockgen,6npp_1_KWG_0,6npp,Vina/Meeko full,classical,True,True,False,7.080742526548521,results/posebench_702_predictions/vina_cpu_full/dockgen/6npp_1_KWG_0/vina_poses.pdbqt,5.158,,,,1.0,22.0,4.0,0.1935483870967742,False,False,dockgen::6npp_1_KWG_0
dockgen,6o6y_1_ACK_0,6o6y,Vina/Meeko full,classical,True,True,False,6.535127170634373,results/posebench_702_predictions/vina_cpu_full/dockgen/6o6y_1_ACK_0/vina_poses.pdbqt,7.957,,,,1.0,22.0,7.0,0.1944444444444444,False,False,dockgen::6o6y_1_ACK_0
dockgen,6o70_1_ACK_1,6o70,Vina/Meeko full,classical,True,True,False,6.427398692670733,results/posebench_702_predictions/vina_cpu_full/dockgen/6o70_1_ACK_1/vina_poses.pdbqt,8.153,,,,1.0,22.0,7.0,0.1944444444444444,False,False,dockgen::6o70_1_ACK_1
dockgen,6pa2_1_ASP_2,6pa2,Vina/Meeko full,classical,True,True,False,3.2949356931846534,results/posebench_702_predictions/vina_cpu_full/dockgen/6pa2_1_ASP_2/vina_poses.pdbqt,5.403,,,,1.0,9.0,1.0,0.25,False,False,dockgen::6pa2_1_ASP_2
dockgen,6pa6_2_ASN_0,6pa6,Vina/Meeko full,classical,True,True,False,10.423734466218058,results/posebench_702_predictions/vina_cpu_full/dockgen/6pa6_2_ASN_0/vina_poses.pdbqt,4.474,,,,1.0,9.0,2.0,0.25,False,False,dockgen::6pa6_2_ASN_0
dockgen,6paa_1_ASP_2,6paa,Vina/Meeko full,classical,True,True,False,4.1446103824391285,results/posebench_702_predictions/vina_cpu_full/dockgen/6paa_1_ASP_2/vina_poses.pdbqt,5.348,,,,1.0,9.0,1.0,0.25,False,False,dockgen::6paa_1_ASP_2
dockgen,6qkr_1_FAD_0,6qkr,Vina/Meeko full,classical,True,True,False,12.485058134531911,results/posebench_702_predictions/vina_cpu_full/dockgen/6qkr_1_FAD_0/vina_poses.pdbqt,10.888,,,,1.0,53.0,18.0,0.2071428571428571,False,False,dockgen::6qkr_1_FAD_0
dockgen,6rms_1_AMP_1,6rms,Vina/Meeko full,classical,True,True,False,3.058175770533516,results/posebench_702_predictions/vina_cpu_full/dockgen/6rms_1_AMP_1/vina_poses.pdbqt,7.045,,,,1.0,23.0,7.0,0.2608695652173913,False,False,dockgen::6rms_1_AMP_1
dockgen,6ryz_1_SAM_2,6ryz,Vina/Meeko full,classical,True,True,False,2.5234199016414216,results/posebench_702_predictions/vina_cpu_full/dockgen/6ryz_1_SAM_2/vina_poses.pdbqt,8.372,,,,1.0,27.0,9.0,0.2195121951219512,False,False,dockgen::6ryz_1_SAM_2
dockgen,6rz2_1_5CD_2,6rz2,Vina/Meeko full,classical,True,True,False,6.290757422391077,results/posebench_702_predictions/vina_cpu_full/dockgen/6rz2_1_5CD_2/vina_poses.pdbqt,8.277,,,,1.0,19.0,7.0,0.2333333333333333,False,False,dockgen::6rz2_1_5CD_2
dockgen,6tvg_1_AP2_1,6tvg,Vina/Meeko full,classical,True,True,False,10.41572062015092,results/posebench_702_predictions/vina_cpu_full/dockgen/6tvg_1_AP2_1/vina_poses.pdbqt,6.719,,,,1.0,27.0,7.0,0.2465753424657534,False,False,dockgen::6tvg_1_AP2_1
dockgen,6uqy_2_AT3_0,6uqy,Vina/Meeko full,classical,True,True,False,3.618307836544593,results/posebench_702_predictions/vina_cpu_full/dockgen/6uqy_2_AT3_0/vina_poses.pdbqt,4.368,,,,1.0,10.0,1.0,0.3181818181818182,False,False,dockgen::6uqy_2_AT3_0
dockgen,6ur1_2_AT3_0,6ur1,Vina/Meeko full,classical,True,True,False,3.8716517534509753,results/posebench_702_predictions/vina_cpu_full/dockgen/6ur1_2_AT3_0/vina_poses.pdbqt,4.415,,,,1.0,10.0,1.0,0.3181818181818182,False,False,dockgen::6ur1_2_AT3_0
dockgen,6v2a_1_ASN_3,6v2a,Vina/Meeko full,classical,True,True,False,5.744706519919012,results/posebench_702_predictions/vina_cpu_full/dockgen/6v2a_1_ASN_3/vina_poses.pdbqt,5.033,,,,1.0,9.0,2.0,0.25,False,False,dockgen::6v2a_1_ASN_3
dockgen,6wyz_1_DGL_1,6wyz,Vina/Meeko full,classical,True,True,False,2.888826889933008,results/posebench_702_predictions/vina_cpu_full/dockgen/6wyz_1_DGL_1/vina_poses.pdbqt,5.387,,,,1.0,10.0,1.0,0.2222222222222222,False,False,dockgen::6wyz_1_DGL_1
dockgen,6xb3_3_9BG_1,6xb3,Vina/Meeko full,classical,True,True,False,6.260295797984378,results/posebench_702_predictions/vina_cpu_full/dockgen/6xb3_3_9BG_1/vina_poses.pdbqt,8.604,,,,1.0,46.0,15.0,0.1979166666666666,False,False,dockgen::6xb3_3_9BG_1
dockgen,6xug_1_O1Q_0,6xug,Vina/Meeko full,classical,True,True,False,7.120312431981637,results/posebench_702_predictions/vina_cpu_full/dockgen/6xug_1_O1Q_0/vina_poses.pdbqt,12.35,,,,1.0,31.0,10.0,0.1929824561403508,False,False,dockgen::6xug_1_O1Q_0
dockgen,6yao_1_OJ2_0,6yao,Vina/Meeko full,classical,True,True,False,9.918025790616465,results/posebench_702_predictions/vina_cpu_full/dockgen/6yao_1_OJ2_0/vina_poses.pdbqt,8.636,,,,1.0,24.0,5.0,0.2241379310344827,False,False,dockgen::6yao_1_OJ2_0
dockgen,6yap_1_OHZ_0,6yap,Vina/Meeko full,classical,True,True,False,10.231893791473796,results/posebench_702_predictions/vina_cpu_full/dockgen/6yap_1_OHZ_0/vina_poses.pdbqt,8.456,,,,1.0,25.0,6.0,0.1774193548387097,False,False,dockgen::6yap_1_OHZ_0
dockgen,6yaq_1_OHZ_0,6yaq,Vina/Meeko full,classical,True,True,False,10.027768080684757,results/posebench_702_predictions/vina_cpu_full/dockgen/6yaq_1_OHZ_0/vina_poses.pdbqt,8.196,,,,1.0,25.0,6.0,0.1774193548387097,False,False,dockgen::6yaq_1_OHZ_0
astex_diverse,1G9V_RQ3,1g9v,DiffDock-L default s10/t20,neural_docking,True,True,False,30.80186826359077,results/posebench_702_predictions/diffdock_l_gpu/astex_diverse/1G9V_RQ3/default_s10_t20/predictions/1G9V_RQ3/rank1_confidence-1.40.sdf,-1.4,10.0,,,,25.0,0.0,0.4285714285714285,False,False,astex_diverse::1G9V_RQ3
astex_diverse,1GKC_NFH,1gkc,DiffDock-L default s10/t20,neural_docking,True,True,False,39.089495913649,results/posebench_702_predictions/diffdock_l_gpu/astex_diverse/1GKC_NFH/default_s10_t20/predictions/1GKC_NFH/rank1_confidence-0.04.sdf,-0.04,10.0,,,,22.0,2.0,0.2777777777777778,False,False,astex_diverse::1GKC_NFH
astex_diverse,1GM8_SOX,1gm8,DiffDock-L default s10/t20,neural_docking,True,True,False,2.7943372152444304,results/posebench_702_predictions/diffdock_l_gpu/astex_diverse/1GM8_SOX/default_s10_t20/predictions/1GM8_SOX/rank1_confidence0.03.sdf,0.03,10.0,,,,24.0,4.0,0.3384615384615385,False,False,astex_diverse::1GM8_SOX
astex_diverse,1GPK_HUP,1gpk,DiffDock-L default s10/t20,neural_docking,True,True,True,0.369399857877612,results/posebench_702_predictions/diffdock_l_gpu/astex_diverse/1GPK_HUP/default_s10_t20/predictions/1GPK_HUP/rank1_confidence0.63.sdf,0.63,10.0,,,,18.0,2.0,0.1969696969696969,False,False,astex_diverse::1GPK_HUP
astex_diverse,1HNN_SKF,1hnn,DiffDock-L default s10/t20,neural_docking,True,True,True,0.4611847886538691,results/posebench_702_predictions/diffdock_l_gpu/astex_diverse/1HNN_SKF/default_s10_t20/predictions/1HNN_SKF/rank1_confidence0.37.sdf,0.37,10.0,,,,14.0,0.0,0.4186046511627907,False,False,astex_diverse::1HNN_SKF
astex_diverse,1HP0_AD3,1hp0,DiffDock-L default s10/t20,neural_docking,True,True,False,27.72085824886532,results/posebench_702_predictions/diffdock_l_gpu/astex_diverse/1HP0_AD3/default_s10_t20/predictions/1HP0_AD3/rank1_confidence0.06.sdf,0.06,10.0,,,,19.0,4.0,0.6458333333333334,False,False,astex_diverse::1HP0_AD3
astex_diverse,1HQ2_PH2,1hq2,DiffDock-L default s10/t20,neural_docking,True,True,True,0.3444809304280447,results/posebench_702_predictions/diffdock_l_gpu/astex_diverse/1HQ2_PH2/default_s10_t20/predictions/1HQ2_PH2/rank1_confidence0.33.sdf,0.33,10.0,,,,14.0,0.0,0.5686274509803921,False,False,astex_diverse::1HQ2_PH2
astex_diverse,1HVY_D16,1hvy,DiffDock-L default s10/t20,neural_docking,True,True,False,43.54250125994357,results/posebench_702_predictions/diffdock_l_gpu/astex_diverse/1HVY_D16/default_s10_t20/predictions/1HVY_D16/rank1_confidence-0.73.sdf,-0.73,10.0,,,,32.0,1.0,1.0,True,False,astex_diverse::1HVY_D16
astex_diverse,1HWI_115,1hwi,DiffDock-L default s10/t20,neural_docking,True,True,True,0.4766237499327956,results/posebench_702_predictions/diffdock_l_gpu/astex_diverse/1HWI_115/default_s10_t20/predictions/1HWI_115/rank1_confidence-0.02.sdf,-0.02,10.0,,,,30.0,2.0,0.2898550724637681,True,False,astex_diverse::1HWI_115
astex_diverse,1HWW_SWA,1hww,DiffDock-L default s10/t20,neural_docking,True,True,True,0.5837904011715176,results/posebench_702_predictions/diffdock_l_gpu/astex_diverse/1HWW_SWA/default_s10_t20/predictions/1HWW_SWA/rank1_confidence-0.05.sdf,-0.05,10.0,,,,12.0,4.0,0.1818181818181818,False,False,astex_diverse::1HWW_SWA
astex_diverse,1IA1_TQ3,1ia1,DiffDock-L default s10/t20,neural_docking,True,True,True,0.7220611247635049,results/posebench_702_predictions/diffdock_l_gpu/astex_diverse/1IA1_TQ3/default_s10_t20/predictions/1IA1_TQ3/rank1_confidence0.34.sdf,0.34,10.0,,,,19.0,0.0,0.2745098039215686,False,False,astex_diverse::1IA1_TQ3
astex_diverse,1IG3_VIB,1ig3,DiffDock-L default s10/t20,neural_docking,True,True,False,32.74134732358051,results/posebench_702_predictions/diffdock_l_gpu/astex_diverse/1IG3_VIB/default_s10_t20/predictions/1IG3_VIB/rank1_confidence-1.45.sdf,-1.45,10.0,,,,18.0,0.0,0.6428571428571429,True,False,astex_diverse::1IG3_VIB
astex_diverse,1J3J_CP6,1j3j,DiffDock-L default s10/t20,neural_docking,True,True,False,61.96759396069093,results/posebench_702_predictions/diffdock_l_gpu/astex_diverse/1J3J_CP6/default_s10_t20/predictions/1J3J_CP6/rank1_confidence0.04.sdf,0.04,10.0,,,,17.0,0.0,1.0,True,False,astex_diverse::1J3J_CP6
astex_diverse,1JD0_AZM,1jd0,DiffDock-L default s10/t20,neural_docking,True,True,False,35.90208405969256,results/posebench_702_predictions/diffdock_l_gpu/astex_diverse/1JD0_AZM/default_s10_t20/predictions/1JD0_AZM/rank1_confidence0.56.sdf,0.56,10.0,,,,13.0,0.0,0.2888888888888888,False,False,astex_diverse::1JD0_AZM
astex_diverse,1JJE_BYS,1jje,DiffDock-L default s10/t20,neural_docking,True,True,False,46.03749014188762,results/posebench_702_predictions/diffdock_l_gpu/astex_diverse/1JJE_BYS/default_s10_t20/predictions/1JJE_BYS/rank1_confidence0.24.sdf,0.24,10.0,,,,25.0,2.0,0.3673469387755102,False,False,astex_diverse::1JJE_BYS
astex_diverse,1JLA_TNK,1jla,DiffDock-L default s10/t20,neural_docking,True,True,True,0.659983013810597,results/posebench_702_predictions/diffdock_l_gpu/astex_diverse/1JLA_TNK/default_s10_t20/predictions/1JLA_TNK/rank1_confidence-0.04.sdf,-0.04,10.0,,,,27.0,0.0,0.2898550724637681,False,False,astex_diverse::1JLA_TNK
astex_diverse,1K3U_IAD,1k3u,DiffDock-L default s10/t20,neural_docking,True,True,True,0.3771053067525733,results/posebench_702_predictions/diffdock_l_gpu/astex_diverse/1K3U_IAD/default_s10_t20/predictions/1K3U_IAD/rank1_confidence0.48.sdf,0.48,10.0,,,,21.0,1.0,0.5454545454545454,True,False,astex_diverse::1K3U_IAD
astex_diverse,1KE5_LS1,1ke5,DiffDock-L default s10/t20,neural_docking,True,True,True,0.4703735176292949,results/posebench_702_predictions/diffdock_l_gpu/astex_diverse/1KE5_LS1/default_s10_t20/predictions/1KE5_LS1/rank1_confidence0.73.sdf,0.73,10.0,,,,23.0,0.0,0.3272727272727272,False,False,astex_diverse::1KE5_LS1
astex_diverse,1KZK_JE2,1kzk,DiffDock-L default s10/t20,neural_docking,True,True,True,0.883844628217691,results/posebench_702_predictions/diffdock_l_gpu/astex_diverse/1KZK_JE2/default_s10_t20/predictions/1KZK_JE2/rank1_confidence0.15.sdf,0.15,10.0,,,,41.0,3.0,0.2391304347826087,False,False,astex_diverse::1KZK_JE2
astex_diverse,1L2S_STC,1l2s,DiffDock-L default s10/t20,neural_docking,True,True,True,0.3112013081761176,results/posebench_702_predictions/diffdock_l_gpu/astex_diverse/1L2S_STC/default_s10_t20/predictions/1L2S_STC/rank1_confidence0.92.sdf,0.92,10.0,,,,19.0,0.0,0.3421052631578947,False,False,astex_diverse::1L2S_STC
astex_diverse,1L7F_BCZ,1l7f,DiffDock-L default s10/t20,neural_docking,True,True,True,0.3027088018139747,results/posebench_702_predictions/diffdock_l_gpu/astex_diverse/1L7F_BCZ/default_s10_t20/predictions/1L7F_BCZ/rank1_confidence0.79.sdf,0.79,10.0,,,,23.0,5.0,1.0,True,False,astex_diverse::1L7F_BCZ
astex_diverse,1LPZ_CMB,1lpz,DiffDock-L default s10/t20,neural_docking,True,True,True,0.3515677846269477,results/posebench_702_predictions/diffdock_l_gpu/astex_diverse/1LPZ_CMB/default_s10_t20/predictions/1LPZ_CMB/rank1_confidence-0.04.sdf,-0.04,10.0,,,,32.0,0.0,0.3717948717948718,False,False,astex_diverse::1LPZ_CMB
astex_diverse,1LRH_NLA,1lrh,DiffDock-L default s10/t20,neural_docking,True,True,False,64.26346837750934,results/posebench_702_predictions/diffdock_l_gpu/astex_diverse/1LRH_NLA/default_s10_t20/predictions/1LRH_NLA/rank1_confidence0.52.sdf,0.52,10.0,,,,14.0,0.0,0.6060606060606061,True,False,astex_diverse::1LRH_NLA
astex_diverse,1M2Z_DEX,1m2z,DiffDock-L default s10/t20,neural_docking,True,True,True,1.0130286831364363,results/posebench_702_predictions/diffdock_l_gpu/astex_diverse/1M2Z_DEX/default_s10_t20/predictions/1M2Z_DEX/rank1_confidence0.66.sdf,0.66,10.0,,,,28.0,8.0,1.0,True,False,astex_diverse::1M2Z_DEX
astex_diverse,1MEH_MOA,1meh,DiffDock-L default s10/t20,neural_docking,True,True,False,3.75474769452825,results/posebench_702_predictions/diffdock_l_gpu/astex_diverse/1MEH_MOA/default_s10_t20/predictions/1MEH_MOA/rank1_confidence-0.70.sdf,-0.7,10.0,,,,23.0,0.0,0.2307692307692307,False,False,astex_diverse::1MEH_MOA
astex_diverse,1MMV_3AR,1mmv,DiffDock-L default s10/t20,neural_docking,True,True,False,10.876480943485353,results/posebench_702_predictions/diffdock_l_gpu/astex_diverse/1MMV_3AR/default_s10_t20/predictions/1MMV_3AR/rank1_confidence-1.76.sdf,-1.76,10.0,,,,15.0,1.0,0.6470588235294118,False,False,astex_diverse::1MMV_3AR
astex_diverse,1MZC_BNE,1mzc,DiffDock-L default s10/t20,neural_docking,True,True,True,0.6107297319015764,results/posebench_702_predictions/diffdock_l_gpu/astex_diverse/1MZC_BNE/default_s10_t20/predictions/1MZC_BNE/rank1_confidence-1.60.sdf,-1.6,10.0,,,,35.0,2.0,0.2129629629629629,False,False,astex_diverse::1MZC_BNE
astex_diverse,1N1M_A3M,1n1m,DiffDock-L default s10/t20,neural_docking,True,True,True,0.365291896981029,results/posebench_702_predictions/diffdock_l_gpu/astex_diverse/1N1M_A3M/default_s10_t20/predictions/1N1M_A3M/rank1_confidence0.50.sdf,0.5,10.0,,,,12.0,1.0,0.3170731707317073,True,False,astex_diverse::1N1M_A3M
astex_diverse,1N2J_PAF,1n2j,DiffDock-L default s10/t20,neural_docking,True,True,True,0.1862746386387566,results/posebench_702_predictions/diffdock_l_gpu/astex_diverse/1N2J_PAF/default_s10_t20/predictions/1N2J_PAF/rank1_confidence-0.12.sdf,-0.12,10.0,,,,10.0,1.0,0.2857142857142857,False,False,astex_diverse::1N2J_PAF
astex_diverse,1N2V_BDI,1n2v,DiffDock-L default s10/t20,neural_docking,True,True,True,0.3410236961463728,results/posebench_702_predictions/diffdock_l_gpu/astex_diverse/1N2V_BDI/default_s10_t20/predictions/1N2V_BDI/rank1_confidence0.36.sdf,0.36,10.0,,,,15.0,0.0,0.2244897959183673,False,False,astex_diverse::1N2V_BDI
astex_diverse,1N46_PFA,1n46,DiffDock-L default s10/t20,neural_docking,True,True,True,0.2765020614751362,results/posebench_702_predictions/diffdock_l_gpu/astex_diverse/1N46_PFA/default_s10_t20/predictions/1N46_PFA/rank1_confidence0.29.sdf,0.29,10.0,,,,27.0,0.0,0.2608695652173913,False,False,astex_diverse::1N46_PFA
astex_diverse,1NAV_IH5,1nav,DiffDock-L default s10/t20,neural_docking,True,True,True,0.4734419651317635,results/posebench_702_predictions/diffdock_l_gpu/astex_diverse/1NAV_IH5/default_s10_t20/predictions/1NAV_IH5/rank1_confidence0.15.sdf,0.15,10.0,,,,23.0,0.0,0.3620689655172414,True,False,astex_diverse::1NAV_IH5
astex_diverse,1OF1_SCT,1of1,DiffDock-L default s10/t20,neural_docking,True,True,False,31.51814590108724,results/posebench_702_predictions/diffdock_l_gpu/astex_diverse/1OF1_SCT/default_s10_t20/predictions/1OF1_SCT/rank1_confidence0.31.sdf,0.31,10.0,,,,18.0,4.0,0.3492063492063492,False,False,astex_diverse::1OF1_SCT
astex_diverse,1OF6_DTY,1of6,DiffDock-L default s10/t20,neural_docking,True,True,True,0.1672770341494802,results/posebench_702_predictions/diffdock_l_gpu/astex_diverse/1OF6_DTY/default_s10_t20/predictions/1OF6_DTY/rank1_confidence0.44.sdf,0.44,10.0,,,,13.0,1.0,0.5142857142857142,True,False,astex_diverse::1OF6_DTY
astex_diverse,1OPK_P16,1opk,DiffDock-L default s10/t20,neural_docking,True,True,True,0.3793706985213166,results/posebench_702_predictions/diffdock_l_gpu/astex_diverse/1OPK_P16/default_s10_t20/predictions/1OPK_P16/rank1_confidence0.63.sdf,0.63,10.0,,,,29.0,0.0,0.3522727272727273,False,False,astex_diverse::1OPK_P16
astex_diverse,1OQ5_CEL,1oq5,DiffDock-L default s10/t20,neural_docking,True,True,True,0.3963879786464071,results/posebench_702_predictions/diffdock_l_gpu/astex_diverse/1OQ5_CEL/default_s10_t20/predictions/1OQ5_CEL/rank1_confidence-0.53.sdf,-0.53,10.0,,,,26.0,0.0,1.0,True,False,astex_diverse::1OQ5_CEL
astex_diverse,1OWE_675,1owe,DiffDock-L default s10/t20,neural_docking,True,True,True,0.3576757298549522,results/posebench_702_predictions/diffdock_l_gpu/astex_diverse/1OWE_675/default_s10_t20/predictions/1OWE_675/rank1_confidence0.38.sdf,0.38,10.0,,,,22.0,0.0,0.4313725490196078,False,False,astex_diverse::1OWE_675
astex_diverse,1OYT_FSN,1oyt,DiffDock-L default s10/t20,neural_docking,True,True,True,0.4040772768501916,results/posebench_702_predictions/diffdock_l_gpu/astex_diverse/1OYT_FSN/default_s10_t20/predictions/1OYT_FSN/rank1_confidence0.86.sdf,0.86,10.0,,,,30.0,4.0,0.2878787878787879,False,False,astex_diverse::1OYT_FSN
astex_diverse,1P2Y_NCT,1p2y,DiffDock-L default s10/t20,neural_docking,True,True,False,4.689291265123832,results/posebench_702_predictions/diffdock_l_gpu/astex_diverse/1P2Y_NCT/default_s10_t20/predictions/1P2Y_NCT/rank1_confidence-0.54.sdf,-0.54,10.0,,,,12.0,1.0,1.0,True,False,astex_diverse::1P2Y_NCT
astex_diverse,1P62_GEO,1p62,DiffDock-L default s10/t20,neural_docking,True,True,True,0.374278301831968,results/posebench_702_predictions/diffdock_l_gpu/astex_diverse/1P62_GEO/default_s10_t20/predictions/1P62_GEO/rank1_confidence0.67.sdf,0.67,10.0,,,,18.0,3.0,0.6041666666666666,True,False,astex_diverse::1P62_GEO
astex_diverse,1PMN_984,1pmn,DiffDock-L default s10/t20,neural_docking,True,True,True,1.4066761867048232,results/posebench_702_predictions/diffdock_l_gpu/astex_diverse/1PMN_984/default_s10_t20/predictions/1PMN_984/rank1_confidence0.73.sdf,0.73,10.0,,,,33.0,0.0,0.3258426966292135,False,False,astex_diverse::1PMN_984
astex_diverse,1Q1G_MTI,1q1g,DiffDock-L default s10/t20,neural_docking,True,True,False,44.21602184931951,results/posebench_702_predictions/diffdock_l_gpu/astex_diverse/1Q1G_MTI/default_s10_t20/predictions/1Q1G_MTI/rank1_confidence0.10.sdf,0.1,10.0,,,,20.0,4.0,0.4821428571428571,False,False,astex_diverse::1Q1G_MTI
astex_diverse,1Q41_IXM,1q41,DiffDock-L default s10/t20,neural_docking,True,True,True,0.2048667883098219,results/posebench_702_predictions/diffdock_l_gpu/astex_diverse/1Q41_IXM/default_s10_t20/predictions/1Q41_IXM/rank1_confidence0.71.sdf,0.71,10.0,,,,21.0,0.0,0.3333333333333333,False,False,astex_diverse::1Q41_IXM
astex_diverse,1Q4G_BFL,1q4g,DiffDock-L default s10/t20,neural_docking,True,True,False,44.09718909429756,results/posebench_702_predictions/diffdock_l_gpu/astex_diverse/1Q4G_BFL/default_s10_t20/predictions/1Q4G_BFL/rank1_confidence0.42.sdf,0.42,10.0,,,,17.0,1.0,0.5483870967741935,True,False,astex_diverse::1Q4G_BFL
astex_diverse,1R1H_BIR,1r1h,DiffDock-L default s10/t20,neural_docking,True,True,True,0.4757110395013439,results/posebench_702_predictions/diffdock_l_gpu/astex_diverse/1R1H_BIR/default_s10_t20/predictions/1R1H_BIR/rank1_confidence0.24.sdf,0.24,10.0,,,,29.0,4.0,0.4925373134328358,True,False,astex_diverse::1R1H_BIR
astex_diverse,1R55_097,1r55,DiffDock-L default s10/t20,neural_docking,True,True,True,0.4259814080449987,results/posebench_702_predictions/diffdock_l_gpu/astex_diverse/1R55_097/default_s10_t20/predictions/1R55_097/rank1_confidence0.49.sdf,0.49,10.0,,,,23.0,3.0,0.3333333333333333,False,False,astex_diverse::1R55_097
astex_diverse,1R58_AO5,1r58,DiffDock-L default s10/t20,neural_docking,True,True,True,0.7519404977615668,results/posebench_702_predictions/diffdock_l_gpu/astex_diverse/1R58_AO5/default_s10_t20/predictions/1R58_AO5/rank1_confidence0.23.sdf,0.23,10.0,,,,23.0,2.0,0.3928571428571428,True,False,astex_diverse::1R58_AO5
astex_diverse,1R9O_FLP,1r9o,DiffDock-L default s10/t20,neural_docking,True,True,True,1.885284482806537,results/posebench_702_predictions/diffdock_l_gpu/astex_diverse/1R9O_FLP/default_s10_t20/predictions/1R9O_FLP/rank1_confidence-0.39.sdf,-0.39,10.0,,,,18.0,1.0,0.4680851063829787,True,False,astex_diverse::1R9O_FLP
astex_diverse,1S19_MC9,1s19,DiffDock-L default s10/t20,neural_docking,True,True,True,0.89530179399649,results/posebench_702_predictions/diffdock_l_gpu/astex_diverse/1S19_MC9/default_s10_t20/predictions/1S19_MC9/rank1_confidence-0.00.sdf,-0.0,10.0,,,,30.0,7.0,0.6285714285714286,False,False,astex_diverse::1S19_MC9
astex_diverse,1S3V_TQD,1s3v,DiffDock-L default s10/t20,neural_docking,True,True,True,0.7194956113937141,results/posebench_702_predictions/diffdock_l_gpu/astex_diverse/1S3V_TQD/default_s10_t20/predictions/1S3V_TQD/rank1_confidence-0.54.sdf,-0.54,10.0,,,,27.0,2.0,0.2537313432835821,False,False,astex_diverse::1S3V_TQD
astex_diverse,1SG0_STL,1sg0,DiffDock-L default s10/t20,neural_docking,True,True,False,20.34520641622551,results/posebench_702_predictions/diffdock_l_gpu/astex_diverse/1SG0_STL/default_s10_t20/predictions/1SG0_STL/rank1_confidence-1.33.sdf,-1.33,10.0,,,,17.0,0.0,1.0,True,False,astex_diverse::1SG0_STL
astex_diverse,1SJ0_E4D,1sj0,DiffDock-L default s10/t20,neural_docking,True,True,True,0.7416277437522345,results/posebench_702_predictions/diffdock_l_gpu/astex_diverse/1SJ0_E4D/default_s10_t20/predictions/1SJ0_E4D/rank1_confidence0.32.sdf,0.32,10.0,,,,33.0,2.0,0.4571428571428571,False,False,astex_diverse::1SJ0_E4D
astex_diverse,1SQ5_PAU,1sq5,DiffDock-L default s10/t20,neural_docking,True,True,True,0.5237053299964284,results/posebench_702_predictions/diffdock_l_gpu/astex_diverse/1SQ5_PAU/default_s10_t20/predictions/1SQ5_PAU/rank1_confidence-0.57.sdf,-0.57,10.0,,,,15.0,1.0,0.5116279069767442,False,False,astex_diverse::1SQ5_PAU
astex_diverse,1SQN_NDR,1sqn,DiffDock-L default s10/t20,neural_docking,True,True,False,33.202247973374554,results/posebench_702_predictions/diffdock_l_gpu/astex_diverse/1SQN_NDR/default_s10_t20/predictions/1SQN_NDR/rank1_confidence0.81.sdf,0.81,10.0,,,,22.0,6.0,0.3174603174603174,True,False,astex_diverse::1SQN_NDR
astex_diverse,1T40_ID5,1t40,DiffDock-L default s10/t20,neural_docking,True,True,False,8.844329144590738,results/posebench_702_predictions/diffdock_l_gpu/astex_diverse/1T40_ID5/default_s10_t20/predictions/1T40_ID5/rank1_confidence-1.18.sdf,-1.18,10.0,,,,28.0,0.0,0.2808988764044944,False,False,astex_diverse::1T40_ID5
astex_diverse,1T46_STI,1t46,DiffDock-L default s10/t20,neural_docking,True,True,True,0.5906073438373375,results/posebench_702_predictions/diffdock_l_gpu/astex_diverse/1T46_STI/default_s10_t20/predictions/1T46_STI/rank1_confidence-0.06.sdf,-0.06,10.0,,,,37.0,0.0,0.4057971014492754,False,False,astex_diverse::1T46_STI
astex_diverse,1T9B_1CS,1t9b,DiffDock-L default s10/t20,neural_docking,True,True,False,41.1706211322916,results/posebench_702_predictions/diffdock_l_gpu/astex_diverse/1T9B_1CS/default_s10_t20/predictions/1T9B_1CS/rank1_confidence-1.58.sdf,-1.58,10.0,,,,23.0,0.0,0.7450980392156863,True,False,astex_diverse::1T9B_1CS
astex_diverse,1TOW_CRZ,1tow,DiffDock-L default s10/t20,neural_docking,True,True,True,0.426601714285795,results/posebench_702_predictions/diffdock_l_gpu/astex_diverse/1TOW_CRZ/default_s10_t20/predictions/1TOW_CRZ/rank1_confidence0.51.sdf,0.51,10.0,,,,19.0,0.0,0.4358974358974359,False,False,astex_diverse::1TOW_CRZ
astex_diverse,1TT1_KAI,1tt1,DiffDock-L default s10/t20,neural_docking,True,True,True,0.2719430381532131,results/posebench_702_predictions/diffdock_l_gpu/astex_diverse/1TT1_KAI/default_s10_t20/predictions/1TT1_KAI/rank1_confidence1.04.sdf,1.04,10.0,,,,15.0,3.0,1.0,True,False,astex_diverse::1TT1_KAI
astex_diverse,1TZ8_DES,1tz8,DiffDock-L default s10/t20,neural_docking,True,True,False,42.41008263996311,results/posebench_702_predictions/diffdock_l_gpu/astex_diverse/1TZ8_DES/default_s10_t20/predictions/1TZ8_DES/rank1_confidence-0.32.sdf,-0.32,10.0,,,,20.0,0.0,0.425,True,False,astex_diverse::1TZ8_DES
astex_diverse,1U1C_BAU,1u1c,DiffDock-L default s10/t20,neural_docking,True,True,True,0.2832889108313288,results/posebench_702_predictions/diffdock_l_gpu/astex_diverse/1U1C_BAU/default_s10_t20/predictions/1U1C_BAU/rank1_confidence-0.07.sdf,-0.07,10.0,,,,20.0,0.0,0.3818181818181818,False,False,astex_diverse::1U1C_BAU
astex_diverse,1U4D_DBQ,1u4d,DiffDock-L default s10/t20,neural_docking,True,True,False,37.006720711769226,results/posebench_702_predictions/diffdock_l_gpu/astex_diverse/1U4D_DBQ/default_s10_t20/predictions/1U4D_DBQ/rank1_confidence0.83.sdf,0.83,10.0,,,,18.0,0.0,0.2352941176470588,False,False,astex_diverse::1U4D_DBQ
astex_diverse,1UML_FR4,1uml,DiffDock-L default s10/t20,neural_docking,True,True,True,0.3803551346897381,results/posebench_702_predictions/diffdock_l_gpu/astex_diverse/1UML_FR4/default_s10_t20/predictions/1UML_FR4/rank1_confidence0.27.sdf,0.27,10.0,,,,33.0,1.0,0.2788461538461538,False,False,astex_diverse::1UML_FR4
astex_diverse,1UNL_RRC,1unl,DiffDock-L default s10/t20,neural_docking,True,True,True,0.2745416600024905,results/posebench_702_predictions/diffdock_l_gpu/astex_diverse/1UNL_RRC/default_s10_t20/predictions/1UNL_RRC/rank1_confidence0.48.sdf,0.48,10.0,,,,26.0,1.0,0.4782608695652174,True,False,astex_diverse::1UNL_RRC
astex_diverse,1UOU_CMU,1uou,DiffDock-L default s10/t20,neural_docking,True,True,True,0.4607341797338239,results/posebench_702_predictions/diffdock_l_gpu/astex_diverse/1UOU_CMU/default_s10_t20/predictions/1UOU_CMU/rank1_confidence0.10.sdf,0.1,10.0,,,,16.0,0.0,0.2203389830508474,False,False,astex_diverse::1UOU_CMU
astex_diverse,1V0P_PVB,1v0p,DiffDock-L default s10/t20,neural_docking,True,True,True,0.3877536498861095,results/posebench_702_predictions/diffdock_l_gpu/astex_diverse/1V0P_PVB/default_s10_t20/predictions/1V0P_PVB/rank1_confidence0.04.sdf,0.04,10.0,,,,30.0,1.0,0.3095238095238095,False,False,astex_diverse::1V0P_PVB
astex_diverse,1V48_HA1,1v48,DiffDock-L default s10/t20,neural_docking,True,True,True,0.4961529841050676,results/posebench_702_predictions/diffdock_l_gpu/astex_diverse/1V48_HA1/default_s10_t20/predictions/1V48_HA1/rank1_confidence-0.06.sdf,-0.06,10.0,,,,22.0,0.0,0.5,True,False,astex_diverse::1V48_HA1
astex_diverse,1V4S_MRK,1v4s,DiffDock-L default s10/t20,neural_docking,True,True,True,0.8086981844163262,results/posebench_702_predictions/diffdock_l_gpu/astex_diverse/1V4S_MRK/default_s10_t20/predictions/1V4S_MRK/rank1_confidence0.39.sdf,0.39,10.0,,,,23.0,0.0,0.3823529411764705,False,False,astex_diverse::1V4S_MRK
astex_diverse,1VCJ_IBA,1vcj,DiffDock-L default s10/t20,neural_docking,True,True,True,0.6857352690360903,results/posebench_702_predictions/diffdock_l_gpu/astex_diverse/1VCJ_IBA/default_s10_t20/predictions/1VCJ_IBA/rank1_confidence0.34.sdf,0.34,10.0,,,,25.0,1.0,0.265625,False,False,astex_diverse::1VCJ_IBA
astex_diverse,1W1P_GIO,1w1p,DiffDock-L default s10/t20,neural_docking,True,True,False,64.71112022301324,results/posebench_702_predictions/diffdock_l_gpu/astex_diverse/1W1P_GIO/default_s10_t20/predictions/1W1P_GIO/rank1_confidence0.31.sdf,0.31,10.0,,,,11.0,1.0,0.3035714285714285,False,False,astex_diverse::1W1P_GIO
astex_diverse,1W2G_THM,1w2g,DiffDock-L default s10/t20,neural_docking,True,True,False,28.12910310710244,results/posebench_702_predictions/diffdock_l_gpu/astex_diverse/1W2G_THM/default_s10_t20/predictions/1W2G_THM/rank1_confidence0.02.sdf,0.02,10.0,,,,17.0,3.0,0.7142857142857143,True,False,astex_diverse::1W2G_THM
astex_diverse,1X8X_TYR,1x8x,DiffDock-L default s10/t20,neural_docking,True,True,True,0.1873917595265645,results/posebench_702_predictions/diffdock_l_gpu/astex_diverse/1X8X_TYR/default_s10_t20/predictions/1X8X_TYR/rank1_confidence-0.34.sdf,-0.34,10.0,,,,13.0,1.0,0.5142857142857142,True,False,astex_diverse::1X8X_TYR
astex_diverse,1XM6_5RM,1xm6,DiffDock-L default s10/t20,neural_docking,True,True,False,47.08669589393479,results/posebench_702_predictions/diffdock_l_gpu/astex_diverse/1XM6_5RM/default_s10_t20/predictions/1XM6_5RM/rank1_confidence0.42.sdf,0.42,10.0,,,,19.0,1.0,0.2894736842105263,False,False,astex_diverse::1XM6_5RM
astex_diverse,1XOQ_ROF,1xoq,DiffDock-L default s10/t20,neural_docking,True,True,True,0.7417511745861959,results/posebench_702_predictions/diffdock_l_gpu/astex_diverse/1XOQ_ROF/default_s10_t20/predictions/1XOQ_ROF/rank1_confidence0.05.sdf,0.05,10.0,,,,26.0,0.0,0.2891566265060241,False,False,astex_diverse::1XOQ_ROF
astex_diverse,1XOZ_CIA,1xoz,DiffDock-L default s10/t20,neural_docking,True,True,True,0.9298821217470672,results/posebench_702_predictions/diffdock_l_gpu/astex_diverse/1XOZ_CIA/default_s10_t20/predictions/1XOZ_CIA/rank1_confidence0.36.sdf,0.36,10.0,,,,29.0,2.0,0.2597402597402597,False,False,astex_diverse::1XOZ_CIA
astex_diverse,1Y6B_AAX,1y6b,DiffDock-L default s10/t20,neural_docking,True,True,True,0.2994314470301815,results/posebench_702_predictions/diffdock_l_gpu/astex_diverse/1Y6B_AAX/default_s10_t20/predictions/1Y6B_AAX/rank1_confidence0.23.sdf,0.23,10.0,,,,34.0,0.0,0.2906976744186046,False,False,astex_diverse::1Y6B_AAX
astex_diverse,1YGC_905,1ygc,DiffDock-L default s10/t20,neural_docking,True,True,True,1.6303962852954692,results/posebench_702_predictions/diffdock_l_gpu/astex_diverse/1YGC_905/default_s10_t20/predictions/1YGC_905/rank1_confidence0.21.sdf,0.21,10.0,,,,38.0,1.0,0.2888888888888888,False,False,astex_diverse::1YGC_905
astex_diverse,1YQY_915,1yqy,DiffDock-L default s10/t20,neural_docking,True,True,True,0.4903209689669573,results/posebench_702_predictions/diffdock_l_gpu/astex_diverse/1YQY_915/default_s10_t20/predictions/1YQY_915/rank1_confidence0.57.sdf,0.57,10.0,,,,23.0,1.0,0.2676056338028169,False,False,astex_diverse::1YQY_915
astex_diverse,1YV3_BIT,1yv3,DiffDock-L default s10/t20,neural_docking,True,True,True,0.5308330425763909,results/posebench_702_predictions/diffdock_l_gpu/astex_diverse/1YV3_BIT/default_s10_t20/predictions/1YV3_BIT/rank1_confidence0.61.sdf,0.61,10.0,,,,22.0,1.0,0.3043478260869565,False,False,astex_diverse::1YV3_BIT
astex_diverse,1YVF_PH7,1yvf,DiffDock-L default s10/t20,neural_docking,True,True,True,0.2840367606993356,results/posebench_702_predictions/diffdock_l_gpu/astex_diverse/1YVF_PH7/default_s10_t20/predictions/1YVF_PH7/rank1_confidence0.23.sdf,0.23,10.0,,,,28.0,0.0,0.3191489361702128,False,False,astex_diverse::1YVF_PH7
astex_diverse,1YWR_LI9,1ywr,DiffDock-L default s10/t20,neural_docking,True,True,True,0.3496956203002017,results/posebench_702_predictions/diffdock_l_gpu/astex_diverse/1YWR_LI9/default_s10_t20/predictions/1YWR_LI9/rank1_confidence0.52.sdf,0.52,10.0,,,,35.0,1.0,0.2758620689655172,False,False,astex_diverse::1YWR_LI9
astex_diverse,1Z95_198,1z95,DiffDock-L default s10/t20,neural_docking,True,True,True,0.2480807550667375,results/posebench_702_predictions/diffdock_l_gpu/astex_diverse/1Z95_198/default_s10_t20/predictions/1Z95_198/rank1_confidence0.67.sdf,0.67,10.0,,,,29.0,1.0,0.2571428571428571,False,False,astex_diverse::1Z95_198
astex_diverse,2BM2_PM2,2bm2,DiffDock-L default s10/t20,neural_docking,True,True,False,41.150895625786,results/posebench_702_predictions/diffdock_l_gpu/astex_diverse/2BM2_PM2/default_s10_t20/predictions/2BM2_PM2/rank1_confidence-2.41.sdf,-2.41,10.0,,,,30.0,0.0,0.3333333333333333,False,False,astex_diverse::2BM2_PM2
astex_diverse,2BR1_PFP,2br1,DiffDock-L default s10/t20,neural_docking,True,True,True,0.4706520868928039,results/posebench_702_predictions/diffdock_l_gpu/astex_diverse/2BR1_PFP/default_s10_t20/predictions/2BR1_PFP/rank1_confidence0.77.sdf,0.77,10.0,,,,29.0,0.0,0.3064516129032258,False,False,astex_diverse::2BR1_PFP
astex_diverse,2BSM_BSM,2bsm,DiffDock-L default s10/t20,neural_docking,True,True,True,0.2363149875342936,results/posebench_702_predictions/diffdock_l_gpu/astex_diverse/2BSM_BSM/default_s10_t20/predictions/2BSM_BSM/rank1_confidence1.00.sdf,1.0,10.0,,,,27.0,0.0,0.2987012987012987,False,False,astex_diverse::2BSM_BSM
posebusters_benchmark,5S8I_2LY,5s8i,DiffDock-L default s10/t20,neural_docking,True,True,False,5.340252074502736,results/posebench_702_predictions/diffdock_l_gpu/posebusters_benchmark/5S8I_2LY/default_s10_t20/predictions/5S8I_2LY/rank1_confidence-1.79.sdf,-1.79,10.0,,,,13.0,0.0,0.25,False,False,posebusters_benchmark::5S8I_2LY
posebusters_benchmark,5SAK_ZRY,5sak,DiffDock-L default s10/t20,neural_docking,True,True,False,6.357192568570571,results/posebench_702_predictions/diffdock_l_gpu/posebusters_benchmark/5SAK_ZRY/default_s10_t20/predictions/5SAK_ZRY/rank1_confidence-0.79.sdf,-0.79,10.0,,,,18.0,0.0,0.2222222222222222,False,False,posebusters_benchmark::5SAK_ZRY
posebusters_benchmark,5SB2_1K2,5sb2,DiffDock-L default s10/t20,neural_docking,True,True,True,0.5068813322662413,results/posebench_702_predictions/diffdock_l_gpu/posebusters_benchmark/5SB2_1K2/default_s10_t20/predictions/5SB2_1K2/rank1_confidence0.56.sdf,0.56,10.0,,,,30.0,2.0,1.0,True,True,posebusters_benchmark::5SB2_1K2
posebusters_benchmark,5SD5_HWI,5sd5,DiffDock-L default s10/t20,neural_docking,True,True,True,1.918786236409487,results/posebench_702_predictions/diffdock_l_gpu/posebusters_benchmark/5SD5_HWI/default_s10_t20/predictions/5SD5_HWI/rank1_confidence0.02.sdf,0.02,10.0,,,,29.0,0.0,0.4788732394366197,False,False,posebusters_benchmark::5SD5_HWI
posebusters_benchmark,5SIS_JSM,5sis,DiffDock-L default s10/t20,neural_docking,True,True,True,1.299241777562015,results/posebench_702_predictions/diffdock_l_gpu/posebusters_benchmark/5SIS_JSM/default_s10_t20/predictions/5SIS_JSM/rank1_confidence-0.04.sdf,-0.04,10.0,,,,32.0,0.0,0.8235294117647058,True,False,posebusters_benchmark::5SIS_JSM
posebusters_benchmark,6M2B_EZO,6m2b,DiffDock-L default s10/t20,neural_docking,True,True,False,3.534030705016583,results/posebench_702_predictions/diffdock_l_gpu/posebusters_benchmark/6M2B_EZO/default_s10_t20/predictions/6M2B_EZO/rank1_confidence-0.67.sdf,-0.67,10.0,,,,25.0,0.0,0.3378378378378378,False,False,posebusters_benchmark::6M2B_EZO
posebusters_benchmark,6M73_FNR,6m73,DiffDock-L default s10/t20,neural_docking,True,True,True,0.4423835833738744,results/posebench_702_predictions/diffdock_l_gpu/posebusters_benchmark/6M73_FNR/default_s10_t20/predictions/6M73_FNR/rank1_confidence0.33.sdf,0.33,10.0,,,,31.0,3.0,1.0,True,False,posebusters_benchmark::6M73_FNR
posebusters_benchmark,6T88_MWQ,6t88,DiffDock-L default s10/t20,neural_docking,True,True,False,4.744108339614517,results/posebench_702_predictions/diffdock_l_gpu/posebusters_benchmark/6T88_MWQ/default_s10_t20/predictions/6T88_MWQ/rank1_confidence0.12.sdf,0.12,10.0,,,,10.0,0.0,0.3076923076923077,True,False,posebusters_benchmark::6T88_MWQ
posebusters_benchmark,6TW5_9M2,6tw5,DiffDock-L default s10/t20,neural_docking,True,True,False,64.0701552729506,results/posebench_702_predictions/diffdock_l_gpu/posebusters_benchmark/6TW5_9M2/default_s10_t20/predictions/6TW5_9M2/rank1_confidence-0.52.sdf,-0.52,10.0,,,,31.0,0.0,0.2688172043010752,False,False,posebusters_benchmark::6TW5_9M2
posebusters_benchmark,6TW7_NZB,6tw7,DiffDock-L default s10/t20,neural_docking,True,True,False,5.832701255820939,results/posebench_702_predictions/diffdock_l_gpu/posebusters_benchmark/6TW7_NZB/default_s10_t20/predictions/6TW7_NZB/rank1_confidence-0.64.sdf,-0.64,10.0,,,,29.0,0.0,0.2577319587628865,False,False,posebusters_benchmark::6TW7_NZB
posebusters_benchmark,6VS3_R6V,6vs3,DiffDock-L default s10/t20,neural_docking,True,True,True,0.8110548532620951,results/posebench_702_predictions/diffdock_l_gpu/posebusters_benchmark/6VS3_R6V/default_s10_t20/predictions/6VS3_R6V/rank1_confidence0.38.sdf,0.38,10.0,,,,36.0,1.0,0.3033707865168539,False,False,posebusters_benchmark::6VS3_R6V
posebusters_benchmark,6VTA_AKN,6vta,DiffDock-L default s10/t20,neural_docking,True,True,False,8.415453342913263,results/posebench_702_predictions/diffdock_l_gpu/posebusters_benchmark/6VTA_AKN/default_s10_t20/predictions/6VTA_AKN/rank1_confidence-1.67.sdf,-1.67,10.0,,,,40.0,16.0,0.4558823529411764,False,False,posebusters_benchmark::6VTA_AKN
posebusters_benchmark,6W59_SZD,6w59,DiffDock-L default s10/t20,neural_docking,True,True,False,30.297353477082986,results/posebench_702_predictions/diffdock_l_gpu/posebusters_benchmark/6W59_SZD/default_s10_t20/predictions/6W59_SZD/rank1_confidence-1.28.sdf,-1.28,10.0,,,,32.0,0.0,0.373134328358209,False,False,posebusters_benchmark::6W59_SZD
posebusters_benchmark,6WTN_RXT,6wtn,DiffDock-L default s10/t20,neural_docking,True,True,True,0.7709967202321258,results/posebench_702_predictions/diffdock_l_gpu/posebusters_benchmark/6WTN_RXT/default_s10_t20/predictions/6WTN_RXT/rank1_confidence0.58.sdf,0.58,10.0,,,,23.0,1.0,0.2428571428571428,False,False,posebusters_benchmark::6WTN_RXT
posebusters_benchmark,6X8D_ARA,6x8d,DiffDock-L default s10/t20,neural_docking,True,True,False,2.907075028787526,results/posebench_702_predictions/diffdock_l_gpu/posebusters_benchmark/6X8D_ARA/default_s10_t20/predictions/6X8D_ARA/rank1_confidence-2.01.sdf,-2.01,10.0,,,,10.0,4.0,0.28,True,False,posebusters_benchmark::6X8D_ARA
posebusters_benchmark,6XAF_GDP,6xaf,DiffDock-L default s10/t20,neural_docking,True,True,True,0.7694535542466855,results/posebench_702_predictions/diffdock_l_gpu/posebusters_benchmark/6XAF_GDP/default_s10_t20/predictions/6XAF_GDP/rank1_confidence0.44.sdf,0.44,10.0,,,,28.0,5.0,1.0,True,False,posebusters_benchmark::6XAF_GDP
posebusters_benchmark,6XBO_5MC,6xbo,DiffDock-L default s10/t20,neural_docking,True,True,False,7.420686975917086,results/posebench_702_predictions/diffdock_l_gpu/posebusters_benchmark/6XBO_5MC/default_s10_t20/predictions/6XBO_5MC/rank1_confidence-1.92.sdf,-1.92,10.0,,,,22.0,4.0,0.5666666666666667,True,False,posebusters_benchmark::6XBO_5MC
posebusters_benchmark,6XCT_478,6xct,DiffDock-L default s10/t20,neural_docking,True,True,True,1.0663775323160982,results/posebench_702_predictions/diffdock_l_gpu/posebusters_benchmark/6XCT_478/default_s10_t20/predictions/6XCT_478/rank1_confidence0.17.sdf,0.17,10.0,,,,35.0,3.0,0.7236842105263158,False,False,posebusters_benchmark::6XCT_478
posebusters_benchmark,6XG5_TOP,6xg5,DiffDock-L default s10/t20,neural_docking,True,True,True,0.6511820954453302,results/posebench_702_predictions/diffdock_l_gpu/posebusters_benchmark/6XG5_TOP/default_s10_t20/predictions/6XG5_TOP/rank1_confidence-0.06.sdf,-0.06,10.0,,,,21.0,0.0,1.0,True,False,posebusters_benchmark::6XG5_TOP
posebusters_benchmark,6XHT_V2V,6xht,DiffDock-L default s10/t20,neural_docking,True,True,True,1.4419431066935946,results/posebench_702_predictions/diffdock_l_gpu/posebusters_benchmark/6XHT_V2V/default_s10_t20/predictions/6XHT_V2V/rank1_confidence-0.62.sdf,-0.62,10.0,,,,34.0,9.0,0.7419354838709677,True,False,posebusters_benchmark::6XHT_V2V
posebusters_benchmark,6XM9_V55,6xm9,DiffDock-L default s10/t20,neural_docking,True,True,False,4.373143883357311,results/posebench_702_predictions/diffdock_l_gpu/posebusters_benchmark/6XM9_V55/default_s10_t20/predictions/6XM9_V55/rank1_confidence-0.29.sdf,-0.29,10.0,,,,11.0,0.0,0.4,True,False,posebusters_benchmark::6XM9_V55
posebusters_benchmark,6XUM_30L,6xum,DiffDock-L default s10/t20,neural_docking,True,True,False,3.887706166314529,results/posebench_702_predictions/diffdock_l_gpu/posebusters_benchmark/6XUM_30L/default_s10_t20/predictions/6XUM_30L/rank1_confidence-0.91.sdf,-0.91,10.0,,,,25.0,0.0,0.3283582089552239,True,False,posebusters_benchmark::6XUM_30L
posebusters_benchmark,6Y7L_QMG,6y7l,DiffDock-L default s10/t20,neural_docking,True,True,True,0.6767323402941521,results/posebench_702_predictions/diffdock_l_gpu/posebusters_benchmark/6Y7L_QMG/default_s10_t20/predictions/6Y7L_QMG/rank1_confidence-0.39.sdf,-0.39,10.0,,,,25.0,0.0,0.3125,False,False,posebusters_benchmark::6Y7L_QMG
posebusters_benchmark,6YDY_K73,6ydy,DiffDock-L default s10/t20,neural_docking,True,True,True,0.6178080402866712,results/posebench_702_predictions/diffdock_l_gpu/posebusters_benchmark/6YDY_K73/default_s10_t20/predictions/6YDY_K73/rank1_confidence0.51.sdf,0.51,10.0,,,,28.0,2.0,0.4461538461538462,False,False,posebusters_benchmark::6YDY_K73
posebusters_benchmark,6YJA_2BA,6yja,DiffDock-L default s10/t20,neural_docking,True,True,False,10.697697413919162,results/posebench_702_predictions/diffdock_l_gpu/posebusters_benchmark/6YJA_2BA/default_s10_t20/predictions/6YJA_2BA/rank1_confidence-1.30.sdf,-1.3,10.0,,,,44.0,10.0,0.9245283018867924,False,False,posebusters_benchmark::6YJA_2BA
posebusters_benchmark,6YMS_OZH,6yms,DiffDock-L default s10/t20,neural_docking,True,True,False,9.790337801760032,results/posebench_702_predictions/diffdock_l_gpu/posebusters_benchmark/6YMS_OZH/default_s10_t20/predictions/6YMS_OZH/rank1_confidence-1.22.sdf,-1.22,10.0,,,,35.0,3.0,0.4354838709677419,False,False,posebusters_benchmark::6YMS_OZH
posebusters_benchmark,6YQV_8K2,6yqv,DiffDock-L default s10/t20,neural_docking,True,True,True,0.6777549114539859,results/posebench_702_predictions/diffdock_l_gpu/posebusters_benchmark/6YQV_8K2/default_s10_t20/predictions/6YQV_8K2/rank1_confidence0.38.sdf,0.38,10.0,,,,10.0,0.0,0.303030303030303,True,False,posebusters_benchmark::6YQV_8K2
posebusters_benchmark,6YQW_82I,6yqw,DiffDock-L default s10/t20,neural_docking,True,True,True,0.4207144756245022,results/posebench_702_predictions/diffdock_l_gpu/posebusters_benchmark/6YQW_82I/default_s10_t20/predictions/6YQW_82I/rank1_confidence-0.20.sdf,-0.2,10.0,,,,11.0,0.0,0.5789473684210527,False,False,posebusters_benchmark::6YQW_82I
posebusters_benchmark,6YR2_T1C,6yr2,DiffDock-L default s10/t20,neural_docking,True,True,True,1.4619064017983665,results/posebench_702_predictions/diffdock_l_gpu/posebusters_benchmark/6YR2_T1C/default_s10_t20/predictions/6YR2_T1C/rank1_confidence-0.71.sdf,-0.71,10.0,,,,42.0,4.0,0.3052631578947368,False,False,posebusters_benchmark::6YR2_T1C
posebusters_benchmark,6YRV_PJ8,6yrv,DiffDock-L default s10/t20,neural_docking,True,True,False,7.1065341384655625,results/posebench_702_predictions/diffdock_l_gpu/posebusters_benchmark/6YRV_PJ8/default_s10_t20/predictions/6YRV_PJ8/rank1_confidence-0.58.sdf,-0.58,10.0,,,,17.0,0.0,0.5384615384615384,False,False,posebusters_benchmark::6YRV_PJ8
posebusters_benchmark,6YSP_PAL,6ysp,DiffDock-L default s10/t20,neural_docking,True,True,True,0.2959053110794067,results/posebench_702_predictions/diffdock_l_gpu/posebusters_benchmark/6YSP_PAL/default_s10_t20/predictions/6YSP_PAL/rank1_confidence0.56.sdf,0.56,10.0,,,,16.0,1.0,0.2941176470588235,False,False,posebusters_benchmark::6YSP_PAL
posebusters_benchmark,6YT6_PKE,6yt6,DiffDock-L default s10/t20,neural_docking,True,True,True,1.5752372514599495,results/posebench_702_predictions/diffdock_l_gpu/posebusters_benchmark/6YT6_PKE/default_s10_t20/predictions/6YT6_PKE/rank1_confidence-0.65.sdf,-0.65,10.0,,,,31.0,0.0,0.4642857142857143,False,False,posebusters_benchmark::6YT6_PKE
posebusters_benchmark,6YYO_Q1K,6yyo,DiffDock-L default s10/t20,neural_docking,True,True,False,8.10453114189834,results/posebench_702_predictions/diffdock_l_gpu/posebusters_benchmark/6YYO_Q1K/default_s10_t20/predictions/6YYO_Q1K/rank1_confidence0.50.sdf,0.5,10.0,,,,19.0,0.0,0.2428571428571428,False,False,posebusters_benchmark::6YYO_Q1K
posebusters_benchmark,6Z0R_Q4H,6z0r,DiffDock-L default s10/t20,neural_docking,True,True,False,21.494007978943547,results/posebench_702_predictions/diffdock_l_gpu/posebusters_benchmark/6Z0R_Q4H/default_s10_t20/predictions/6Z0R_Q4H/rank1_confidence-2.45.sdf,-2.45,10.0,,,,9.0,0.0,0.2884615384615384,False,False,posebusters_benchmark::6Z0R_Q4H
posebusters_benchmark,6Z14_Q4Z,6z14,DiffDock-L default s10/t20,neural_docking,True,True,True,1.1846733661412518,results/posebench_702_predictions/diffdock_l_gpu/posebusters_benchmark/6Z14_Q4Z/default_s10_t20/predictions/6Z14_Q4Z/rank1_confidence0.59.sdf,0.59,10.0,,,,18.0,5.0,1.0,True,False,posebusters_benchmark::6Z14_Q4Z
posebusters_benchmark,6Z1C_7EY,6z1c,DiffDock-L default s10/t20,neural_docking,True,True,True,0.589979355956245,results/posebench_702_predictions/diffdock_l_gpu/posebusters_benchmark/6Z1C_7EY/default_s10_t20/predictions/6Z1C_7EY/rank1_confidence-0.45.sdf,-0.45,10.0,,,,22.0,0.0,0.2647058823529412,False,False,posebusters_benchmark::6Z1C_7EY
posebusters_benchmark,6Z2C_Q5E,6z2c,DiffDock-L default s10/t20,neural_docking,True,True,False,46.03488539398472,results/posebench_702_predictions/diffdock_l_gpu/posebusters_benchmark/6Z2C_Q5E/default_s10_t20/predictions/6Z2C_Q5E/rank1_confidence-0.87.sdf,-0.87,10.0,,,,26.0,4.0,0.3,False,False,posebusters_benchmark::6Z2C_Q5E
posebusters_benchmark,6Z4N_Q7B,6z4n,DiffDock-L default s10/t20,neural_docking,True,True,False,5.369751396852559,results/posebench_702_predictions/diffdock_l_gpu/posebusters_benchmark/6Z4N_Q7B/default_s10_t20/predictions/6Z4N_Q7B/rank1_confidence-1.65.sdf,-1.65,10.0,,,,20.0,2.0,0.2878787878787879,False,False,posebusters_benchmark::6Z4N_Q7B
posebusters_benchmark,6Z5Z_BDF,6z5z,DiffDock-L default s10/t20,neural_docking,True,True,False,17.590934876947273,results/posebench_702_predictions/diffdock_l_gpu/posebusters_benchmark/6Z5Z_BDF/default_s10_t20/predictions/6Z5Z_BDF/rank1_confidence-0.28.sdf,-0.28,10.0,,,,12.0,4.0,0.3243243243243243,True,False,posebusters_benchmark::6Z5Z_BDF
posebusters_benchmark,6ZAE_ACV,6zae,DiffDock-L default s10/t20,neural_docking,True,True,False,8.667325812882925,results/posebench_702_predictions/diffdock_l_gpu/posebusters_benchmark/6ZAE_ACV/default_s10_t20/predictions/6ZAE_ACV/rank1_confidence-1.00.sdf,-1.0,10.0,,,,24.0,3.0,0.5416666666666666,False,False,posebusters_benchmark::6ZAE_ACV
posebusters_benchmark,6ZC3_JOR,6zc3,DiffDock-L default s10/t20,neural_docking,True,True,False,4.031629386571472,results/posebench_702_predictions/diffdock_l_gpu/posebusters_benchmark/6ZC3_JOR/default_s10_t20/predictions/6ZC3_JOR/rank1_confidence0.16.sdf,0.16,10.0,,,,15.0,0.0,0.3658536585365853,True,False,posebusters_benchmark::6ZC3_JOR
posebusters_benchmark,6ZCY_QF8,6zcy,DiffDock-L default s10/t20,neural_docking,True,True,True,0.6149472167543646,results/posebench_702_predictions/diffdock_l_gpu/posebusters_benchmark/6ZCY_QF8/default_s10_t20/predictions/6ZCY_QF8/rank1_confidence0.29.sdf,0.29,10.0,,,,33.0,1.0,0.3012048192771084,False,False,posebusters_benchmark::6ZCY_QF8
posebusters_benchmark,6ZK5_IMH,6zk5,DiffDock-L default s10/t20,neural_docking,True,True,False,36.95088351042574,results/posebench_702_predictions/diffdock_l_gpu/posebusters_benchmark/6ZK5_IMH/default_s10_t20/predictions/6ZK5_IMH/rank1_confidence-0.37.sdf,-0.37,10.0,,,,19.0,4.0,0.6382978723404256,False,True,posebusters_benchmark::6ZK5_IMH
posebusters_benchmark,6ZPB_3D1,6zpb,DiffDock-L default s10/t20,neural_docking,True,True,False,3.915534963308193,results/posebench_702_predictions/diffdock_l_gpu/posebusters_benchmark/6ZPB_3D1/default_s10_t20/predictions/6ZPB_3D1/rank1_confidence-0.96.sdf,-0.96,10.0,,,,18.0,3.0,0.6607142857142857,True,False,posebusters_benchmark::6ZPB_3D1
posebusters_benchmark,6ZR8_QOZ,6zr8,DiffDock-L default s10/t20,neural_docking,True,True,True,1.9256547315527557,results/posebench_702_predictions/diffdock_l_gpu/posebusters_benchmark/6ZR8_QOZ/default_s10_t20/predictions/6ZR8_QOZ/rank1_confidence-0.02.sdf,-0.02,10.0,,,,33.0,0.0,0.3962264150943396,False,False,posebusters_benchmark::6ZR8_QOZ
posebusters_benchmark,6ZT2_QPK,6zt2,DiffDock-L default s10/t20,neural_docking,True,True,False,3.3990741390855246,results/posebench_702_predictions/diffdock_l_gpu/posebusters_benchmark/6ZT2_QPK/default_s10_t20/predictions/6ZT2_QPK/rank1_confidence-0.32.sdf,-0.32,10.0,,,,10.0,0.0,0.2727272727272727,True,False,posebusters_benchmark::6ZT2_QPK
posebusters_benchmark,6ZX3_QRZ,6zx3,DiffDock-L default s10/t20,neural_docking,True,True,True,0.5637197512210006,results/posebench_702_predictions/diffdock_l_gpu/posebusters_benchmark/6ZX3_QRZ/default_s10_t20/predictions/6ZX3_QRZ/rank1_confidence-0.18.sdf,-0.18,10.0,,,,24.0,4.0,0.5789473684210527,True,False,posebusters_benchmark::6ZX3_QRZ
posebusters_benchmark,6ZXQ_IMO,6zxq,DiffDock-L default s10/t20,neural_docking,True,True,False,7.049093360903993,results/posebench_702_predictions/diffdock_l_gpu/posebusters_benchmark/6ZXQ_IMO/default_s10_t20/predictions/6ZXQ_IMO/rank1_confidence-0.03.sdf,-0.03,10.0,,,,27.0,4.0,0.7592592592592593,True,False,posebusters_benchmark::6ZXQ_IMO
posebusters_benchmark,7A1P_QW2,7a1p,DiffDock-L default s10/t20,neural_docking,True,True,True,0.5512651770106796,results/posebench_702_predictions/diffdock_l_gpu/posebusters_benchmark/7A1P_QW2/default_s10_t20/predictions/7A1P_QW2/rank1_confidence0.28.sdf,0.28,10.0,,,,13.0,1.0,0.4615384615384615,False,False,posebusters_benchmark::7A1P_QW2
posebusters_benchmark,7A9E_R4W,7a9e,DiffDock-L default s10/t20,neural_docking,True,True,False,21.487432078116424,results/posebench_702_predictions/diffdock_l_gpu/posebusters_benchmark/7A9E_R4W/default_s10_t20/predictions/7A9E_R4W/rank1_confidence0.34.sdf,0.34,10.0,,,,6.0,0.0,0.25,False,False,posebusters_benchmark::7A9E_R4W
posebusters_benchmark,7A9H_TPP,7a9h,DiffDock-L default s10/t20,neural_docking,True,True,False,30.57531270930721,results/posebench_702_predictions/diffdock_l_gpu/posebusters_benchmark/7A9H_TPP/default_s10_t20/predictions/7A9H_TPP/rank1_confidence-0.56.sdf,-0.56,10.0,,,,26.0,1.0,1.0,True,True,posebusters_benchmark::7A9H_TPP
posebusters_benchmark,7AA0_R6B,7aa0,DiffDock-L default s10/t20,neural_docking,True,True,True,0.5420569520177464,results/posebench_702_predictions/diffdock_l_gpu/posebusters_benchmark/7AA0_R6B/default_s10_t20/predictions/7AA0_R6B/rank1_confidence-0.06.sdf,-0.06,10.0,,,,26.0,0.0,0.2580645161290322,False,False,posebusters_benchmark::7AA0_R6B
posebusters_benchmark,7AFX_R9K,7afx,DiffDock-L default s10/t20,neural_docking,True,True,True,1.9148699843592527,results/posebench_702_predictions/diffdock_l_gpu/posebusters_benchmark/7AFX_R9K/default_s10_t20/predictions/7AFX_R9K/rank1_confidence-0.26.sdf,-0.26,10.0,,,,20.0,0.0,0.3968253968253968,True,False,posebusters_benchmark::7AFX_R9K
posebusters_benchmark,7AKL_RK5,7akl,DiffDock-L default s10/t20,neural_docking,True,True,True,0.9473509192535392,results/posebench_702_predictions/diffdock_l_gpu/posebusters_benchmark/7AKL_RK5/default_s10_t20/predictions/7AKL_RK5/rank1_confidence0.43.sdf,0.43,10.0,,,,19.0,0.0,0.293103448275862,False,False,posebusters_benchmark::7AKL_RK5
posebusters_benchmark,7AMC_73B,7amc,DiffDock-L default s10/t20,neural_docking,True,True,True,0.767421970395142,results/posebench_702_predictions/diffdock_l_gpu/posebusters_benchmark/7AMC_73B/default_s10_t20/predictions/7AMC_73B/rank1_confidence-0.49.sdf,-0.49,10.0,,,,31.0,2.0,0.34,False,False,posebusters_benchmark::7AMC_73B
posebusters_benchmark,7AN5_RDH,7an5,DiffDock-L default s10/t20,neural_docking,True,True,False,5.2962424774551256,results/posebench_702_predictions/diffdock_l_gpu/posebusters_benchmark/7AN5_RDH/default_s10_t20/predictions/7AN5_RDH/rank1_confidence0.01.sdf,0.01,10.0,,,,15.0,0.0,1.0,True,False,posebusters_benchmark::7AN5_RDH
posebusters_benchmark,7AS1_21G,7as1,DiffDock-L default s10/t20,neural_docking,True,True,True,0.4901236437950086,results/posebench_702_predictions/diffdock_l_gpu/posebusters_benchmark/7AS1_21G/default_s10_t20/predictions/7AS1_21G/rank1_confidence0.41.sdf,0.41,10.0,,,,29.0,2.0,0.2428571428571428,False,False,posebusters_benchmark::7AS1_21G
posebusters_benchmark,7AVI_S2Q,7avi,DiffDock-L default s10/t20,neural_docking,True,True,False,7.608616131241778,results/posebench_702_predictions/diffdock_l_gpu/posebusters_benchmark/7AVI_S2Q/default_s10_t20/predictions/7AVI_S2Q/rank1_confidence-1.34.sdf,-1.34,10.0,,,,27.0,1.0,0.2631578947368421,False,False,posebusters_benchmark::7AVI_S2Q
posebusters_benchmark,7B0E_C2E,7b0e,DiffDock-L default s10/t20,neural_docking,True,True,False,34.46872318357426,results/posebench_702_predictions/diffdock_l_gpu/posebusters_benchmark/7B0E_C2E/default_s10_t20/predictions/7B0E_C2E/rank1_confidence-1.69.sdf,-1.69,10.0,,,,46.0,10.0,1.0,False,False,posebusters_benchmark::7B0E_C2E
posebusters_benchmark,7B2C_TP7,7b2c,DiffDock-L default s10/t20,neural_docking,True,True,True,0.8282360573330934,results/posebench_702_predictions/diffdock_l_gpu/posebusters_benchmark/7B2C_TP7/default_s10_t20/predictions/7B2C_TP7/rank1_confidence-0.73.sdf,-0.73,10.0,,,,21.0,2.0,0.3043478260869565,False,False,posebusters_benchmark::7B2C_TP7
posebusters_benchmark,7B94_ANP,7b94,DiffDock-L default s10/t20,neural_docking,True,True,True,1.8481675008749403,results/posebench_702_predictions/diffdock_l_gpu/posebusters_benchmark/7B94_ANP/default_s10_t20/predictions/7B94_ANP/rank1_confidence-0.41.sdf,-0.41,10.0,,,,31.0,6.0,1.0,True,False,posebusters_benchmark::7B94_ANP
posebusters_benchmark,7BA0_T5H,7ba0,DiffDock-L default s10/t20,neural_docking,True,True,False,5.124254786050711,results/posebench_702_predictions/diffdock_l_gpu/posebusters_benchmark/7BA0_T5H/default_s10_t20/predictions/7BA0_T5H/rank1_confidence-2.62.sdf,-2.62,10.0,,,,55.0,5.0,0.2452830188679245,False,False,posebusters_benchmark::7BA0_T5H
posebusters_benchmark,7BCP_GCO,7bcp,DiffDock-L default s10/t20,neural_docking,True,True,False,2.1980268357709445,results/posebench_702_predictions/diffdock_l_gpu/posebusters_benchmark/7BCP_GCO/default_s10_t20/predictions/7BCP_GCO/rank1_confidence-0.57.sdf,-0.57,10.0,,,,13.0,4.0,1.0,False,False,posebusters_benchmark::7BCP_GCO
posebusters_benchmark,7BHX_TO5,7bhx,DiffDock-L default s10/t20,neural_docking,True,True,False,25.54527744494171,results/posebench_702_predictions/diffdock_l_gpu/posebusters_benchmark/7BHX_TO5/default_s10_t20/predictions/7BHX_TO5/rank1_confidence-1.66.sdf,-1.66,10.0,,,,21.0,0.0,0.3442622950819672,False,False,posebusters_benchmark::7BHX_TO5
posebusters_benchmark,7BJ6_TVK,7bj6,DiffDock-L default s10/t20,neural_docking,True,True,True,0.8501784551937764,results/posebench_702_predictions/diffdock_l_gpu/posebusters_benchmark/7BJ6_TVK/default_s10_t20/predictions/7BJ6_TVK/rank1_confidence-0.06.sdf,-0.06,10.0,,,,37.0,1.0,0.2222222222222222,False,False,posebusters_benchmark::7BJ6_TVK
posebusters_benchmark,7BJJ_TVW,7bjj,DiffDock-L default s10/t20,neural_docking,True,True,True,0.5275649182802055,results/posebench_702_predictions/diffdock_l_gpu/posebusters_benchmark/7BJJ_TVW/default_s10_t20/predictions/7BJJ_TVW/rank1_confidence0.49.sdf,0.49,10.0,,,,10.0,0.0,0.3333333333333333,False,False,posebusters_benchmark::7BJJ_TVW
posebusters_benchmark,7BKA_4JC,7bka,DiffDock-L default s10/t20,neural_docking,True,True,False,38.756352614657466,results/posebench_702_predictions/diffdock_l_gpu/posebusters_benchmark/7BKA_4JC/default_s10_t20/predictions/7BKA_4JC/rank1_confidence-0.24.sdf,-0.24,10.0,,,,12.0,0.0,0.5,True,False,posebusters_benchmark::7BKA_4JC
posebusters_benchmark,7BLA_WCS,7bla,DiffDock-L default s10/t20,neural_docking,True,True,False,3.3032120948782566,results/posebench_702_predictions/diffdock_l_gpu/posebusters_benchmark/7BLA_WCS/default_s10_t20/predictions/7BLA_WCS/rank1_confidence-0.83.sdf,-0.83,10.0,,,,32.0,0.0,0.29,False,False,posebusters_benchmark::7BLA_WCS
posebusters_benchmark,7BLG_GAL,7blg,DiffDock-L default s10/t20,neural_docking,True,True,True,1.5115979006777345,results/posebench_702_predictions/diffdock_l_gpu/posebusters_benchmark/7BLG_GAL/default_s10_t20/predictions/7BLG_GAL/rank1_confidence-1.29.sdf,-1.29,10.0,,,,12.0,5.0,1.0,True,False,posebusters_benchmark::7BLG_GAL
posebusters_benchmark,7BMI_U4B,7bmi,DiffDock-L default s10/t20,neural_docking,True,True,True,1.504613842102403,results/posebench_702_predictions/diffdock_l_gpu/posebusters_benchmark/7BMI_U4B/default_s10_t20/predictions/7BMI_U4B/rank1_confidence0.24.sdf,0.24,10.0,,,,13.0,0.0,0.3333333333333333,True,False,posebusters_benchmark::7BMI_U4B
posebusters_benchmark,7BNH_BEZ,7bnh,DiffDock-L default s10/t20,neural_docking,True,True,False,18.17949062136292,results/posebench_702_predictions/diffdock_l_gpu/posebusters_benchmark/7BNH_BEZ/default_s10_t20/predictions/7BNH_BEZ/rank1_confidence-0.11.sdf,-0.11,10.0,,,,9.0,0.0,1.0,True,False,posebusters_benchmark::7BNH_BEZ
posebusters_benchmark,7BTT_F8R,7btt,DiffDock-L default s10/t20,neural_docking,True,True,True,0.7631237316123777,results/posebench_702_predictions/diffdock_l_gpu/posebusters_benchmark/7BTT_F8R/default_s10_t20/predictions/7BTT_F8R/rank1_confidence-0.57.sdf,-0.57,10.0,,,,40.0,0.0,0.2792792792792792,False,False,posebusters_benchmark::7BTT_F8R
posebusters_benchmark,7C0U_FGO,7c0u,DiffDock-L default s10/t20,neural_docking,True,True,False,2.6202159895436994,results/posebench_702_predictions/diffdock_l_gpu/posebusters_benchmark/7C0U_FGO/default_s10_t20/predictions/7C0U_FGO/rank1_confidence-1.40.sdf,-1.4,10.0,,,,43.0,9.0,0.6046511627906976,False,False,posebusters_benchmark::7C0U_FGO
posebusters_benchmark,7C3U_AZG,7c3u,DiffDock-L default s10/t20,neural_docking,True,True,False,3.904948276458751,results/posebench_702_predictions/diffdock_l_gpu/posebusters_benchmark/7C3U_AZG/default_s10_t20/predictions/7C3U_AZG/rank1_confidence-0.49.sdf,-0.49,10.0,,,,11.0,0.0,0.2682926829268293,False,False,posebusters_benchmark::7C3U_AZG
posebusters_benchmark,7C6P_SQH,7c6p,DiffDock-L default s10/t20,neural_docking,True,True,True,0.5237427149169442,results/posebench_702_predictions/diffdock_l_gpu/posebusters_benchmark/7C6P_SQH/default_s10_t20/predictions/7C6P_SQH/rank1_confidence-0.30.sdf,-0.3,10.0,,,,21.0,0.0,0.5116279069767442,True,False,posebusters_benchmark::7C6P_SQH
posebusters_benchmark,7C8Q_DSG,7c8q,DiffDock-L default s10/t20,neural_docking,True,True,False,3.288473032849407,results/posebench_702_predictions/diffdock_l_gpu/posebusters_benchmark/7C8Q_DSG/default_s10_t20/predictions/7C8Q_DSG/rank1_confidence-0.10.sdf,-0.1,10.0,,,,9.0,1.0,0.4782608695652174,False,False,posebusters_benchmark::7C8Q_DSG
posebusters_benchmark,7CD9_FVR,7cd9,DiffDock-L default s10/t20,neural_docking,True,True,False,13.215902460041589,results/posebench_702_predictions/diffdock_l_gpu/posebusters_benchmark/7CD9_FVR/default_s10_t20/predictions/7CD9_FVR/rank1_confidence-2.78.sdf,-2.78,10.0,,,,33.0,2.0,0.2903225806451613,False,False,posebusters_benchmark::7CD9_FVR
posebusters_benchmark,7CIJ_G0C,7cij,DiffDock-L default s10/t20,neural_docking,True,True,False,27.5497167234248,results/posebench_702_predictions/diffdock_l_gpu/posebusters_benchmark/7CIJ_G0C/default_s10_t20/predictions/7CIJ_G0C/rank1_confidence-0.25.sdf,-0.25,10.0,,,,21.0,0.0,0.6078431372549019,True,False,posebusters_benchmark::7CIJ_G0C
posebusters_benchmark,7CL8_TES,7cl8,DiffDock-L default s10/t20,neural_docking,True,True,False,25.52115453206465,results/posebench_702_predictions/diffdock_l_gpu/posebusters_benchmark/7CL8_TES/default_s10_t20/predictions/7CL8_TES/rank1_confidence-1.75.sdf,-1.75,10.0,,,,21.0,6.0,1.0,True,False,posebusters_benchmark::7CL8_TES
posebusters_benchmark,7CNQ_G8X,7cnq,DiffDock-L default s10/t20,neural_docking,True,True,True,1.831727252865144,results/posebench_702_predictions/diffdock_l_gpu/posebusters_benchmark/7CNQ_G8X/default_s10_t20/predictions/7CNQ_G8X/rank1_confidence-0.25.sdf,-0.25,10.0,,,,9.0,2.0,0.5,True,False,posebusters_benchmark::7CNQ_G8X
posebusters_benchmark,7CNS_PMV,7cns,DiffDock-L default s10/t20,neural_docking,True,True,False,5.940982239134728,results/posebench_702_predictions/diffdock_l_gpu/posebusters_benchmark/7CNS_PMV/default_s10_t20/predictions/7CNS_PMV/rank1_confidence-0.04.sdf,-0.04,10.0,,,,14.0,1.0,0.3617021276595745,False,False,posebusters_benchmark::7CNS_PMV
posebusters_benchmark,7CTM_BDP,7ctm,DiffDock-L default s10/t20,neural_docking,True,True,False,3.422228429412176,results/posebench_702_predictions/diffdock_l_gpu/posebusters_benchmark/7CTM_BDP/default_s10_t20/predictions/7CTM_BDP/rank1_confidence-1.38.sdf,-1.38,10.0,,,,13.0,5.0,0.3846153846153846,True,False,posebusters_benchmark::7CTM_BDP
posebusters_benchmark,7CUO_PHB,7cuo,DiffDock-L default s10/t20,neural_docking,True,True,False,39.45451105103192,results/posebench_702_predictions/diffdock_l_gpu/posebusters_benchmark/7CUO_PHB/default_s10_t20/predictions/7CUO_PHB/rank1_confidence0.16.sdf,0.16,10.0,,,,10.0,0.0,1.0,True,False,posebusters_benchmark::7CUO_PHB
posebusters_benchmark,7D0P_1VU,7d0p,DiffDock-L default s10/t20,neural_docking,True,True,False,2.9409728985490484,results/posebench_702_predictions/diffdock_l_gpu/posebusters_benchmark/7D0P_1VU/default_s10_t20/predictions/7D0P_1VU/rank1_confidence-1.77.sdf,-1.77,10.0,,,,52.0,7.0,0.8369565217391305,True,False,posebusters_benchmark::7D0P_1VU
posebusters_benchmark,7D5C_GV6,7d5c,DiffDock-L default s10/t20,neural_docking,True,True,True,0.7841149716142892,results/posebench_702_predictions/diffdock_l_gpu/posebusters_benchmark/7D5C_GV6/default_s10_t20/predictions/7D5C_GV6/rank1_confidence-0.18.sdf,-0.18,10.0,,,,31.0,7.0,1.0,True,False,posebusters_benchmark::7D5C_GV6
posebusters_benchmark,7D6O_MTE,7d6o,DiffDock-L default s10/t20,neural_docking,True,False,False,,,,0.0,,,,24.0,3.0,0.3698630136986301,False,False,posebusters_benchmark::7D6O_MTE
posebusters_benchmark,7D8Q_GZF,7d8q,DiffDock-L default s10/t20,neural_docking,True,True,False,8.1584429935672,results/posebench_702_predictions/diffdock_l_gpu/posebusters_benchmark/7D8Q_GZF/default_s10_t20/predictions/7D8Q_GZF/rank1_confidence-2.21.sdf,-2.21,10.0,,,,28.0,5.0,0.7230769230769231,True,False,posebusters_benchmark::7D8Q_GZF
posebusters_benchmark,7D9L_GSF,7d9l,DiffDock-L default s10/t20,neural_docking,True,True,True,0.8771154282906297,results/posebench_702_predictions/diffdock_l_gpu/posebusters_benchmark/7D9L_GSF/default_s10_t20/predictions/7D9L_GSF/rank1_confidence-0.12.sdf,-0.12,10.0,,,,22.0,3.0,0.6976744186046512,False,False,posebusters_benchmark::7D9L_GSF
posebusters_benchmark,7DIN_MPO,7din,DiffDock-L default s10/t20,neural_docking,True,True,False,6.670755856146116,results/posebench_702_predictions/diffdock_l_gpu/posebusters_benchmark/7DIN_MPO/default_s10_t20/predictions/7DIN_MPO/rank1_confidence0.14.sdf,0.14,10.0,,,,13.0,0.0,0.5555555555555556,False,False,posebusters_benchmark::7DIN_MPO
posebusters_benchmark,7DKT_GLF,7dkt,DiffDock-L default s10/t20,neural_docking,True,True,True,0.5899619246188677,results/posebench_702_predictions/diffdock_l_gpu/posebusters_benchmark/7DKT_GLF/default_s10_t20/predictions/7DKT_GLF/rank1_confidence-0.22.sdf,-0.22,10.0,,,,12.0,5.0,0.6086956521739131,True,False,posebusters_benchmark::7DKT_GLF
posebusters_benchmark,7DQL_4CL,7dql,DiffDock-L default s10/t20,neural_docking,True,True,False,43.19586884087156,results/posebench_702_predictions/diffdock_l_gpu/posebusters_benchmark/7DQL_4CL/default_s10_t20/predictions/7DQL_4CL/rank1_confidence0.02.sdf,0.02,10.0,,,,9.0,0.0,0.4,True,False,posebusters_benchmark::7DQL_4CL
posebusters_benchmark,7DUA_HJ0,7dua,DiffDock-L default s10/t20,neural_docking,True,True,True,0.6066732341577946,results/posebench_702_predictions/diffdock_l_gpu/posebusters_benchmark/7DUA_HJ0/default_s10_t20/predictions/7DUA_HJ0/rank1_confidence0.58.sdf,0.58,10.0,,,,23.0,0.0,1.0,True,True,posebusters_benchmark::7DUA_HJ0
posebusters_benchmark,7E2S_BLA,7e2s,DiffDock-L default s10/t20,neural_docking,True,True,False,6.290969984938361,results/posebench_702_predictions/diffdock_l_gpu/posebusters_benchmark/7E2S_BLA/default_s10_t20/predictions/7E2S_BLA/rank1_confidence-1.49.sdf,-1.49,10.0,,,,43.0,0.0,1.0,True,False,posebusters_benchmark::7E2S_BLA
posebusters_benchmark,7E4L_MDN,7e4l,DiffDock-L default s10/t20,neural_docking,True,True,False,35.72272487426208,results/posebench_702_predictions/diffdock_l_gpu/posebusters_benchmark/7E4L_MDN/default_s10_t20/predictions/7E4L_MDN/rank1_confidence-0.55.sdf,-0.55,10.0,,,,9.0,0.0,0.3333333333333333,False,False,posebusters_benchmark::7E4L_MDN
posebusters_benchmark,7EBG_J0L,7ebg,DiffDock-L default s10/t20,neural_docking,True,True,True,0.8704102419467005,results/posebench_702_predictions/diffdock_l_gpu/posebusters_benchmark/7EBG_J0L/default_s10_t20/predictions/7EBG_J0L/rank1_confidence1.05.sdf,1.05,10.0,,,,14.0,0.0,0.2962962962962963,False,False,posebusters_benchmark::7EBG_J0L
posebusters_benchmark,7ECR_SIN,7ecr,DiffDock-L default s10/t20,neural_docking,True,True,False,37.83095579593186,results/posebench_702_predictions/diffdock_l_gpu/posebusters_benchmark/7ECR_SIN/default_s10_t20/predictions/7ECR_SIN/rank1_confidence0.05.sdf,0.05,10.0,,,,8.0,0.0,1.0,False,False,posebusters_benchmark::7ECR_SIN
posebusters_benchmark,7ED2_A3P,7ed2,DiffDock-L default s10/t20,neural_docking,True,True,False,4.734602662119404,results/posebench_702_predictions/diffdock_l_gpu/posebusters_benchmark/7ED2_A3P/default_s10_t20/predictions/7ED2_A3P/rank1_confidence-0.99.sdf,-0.99,10.0,,,,27.0,4.0,1.0,True,True,posebusters_benchmark::7ED2_A3P
posebusters_benchmark,7ELT_TYM,7elt,DiffDock-L default s10/t20,neural_docking,True,True,True,0.7324465411725796,results/posebench_702_predictions/diffdock_l_gpu/posebusters_benchmark/7ELT_TYM/default_s10_t20/predictions/7ELT_TYM/rank1_confidence0.07.sdf,0.07,10.0,,,,37.0,6.0,1.0,True,True,posebusters_benchmark::7ELT_TYM
posebusters_benchmark,7EN7_J79,7en7,DiffDock-L default s10/t20,neural_docking,True,True,False,3.87927450294081,results/posebench_702_predictions/diffdock_l_gpu/posebusters_benchmark/7EN7_J79/default_s10_t20/predictions/7EN7_J79/rank1_confidence-1.84.sdf,-1.84,10.0,,,,24.0,6.0,1.0,True,True,posebusters_benchmark::7EN7_J79
posebusters_benchmark,7EPV_FDA,7epv,DiffDock-L default s10/t20,neural_docking,True,True,True,0.8863177598973372,results/posebench_702_predictions/diffdock_l_gpu/posebusters_benchmark/7EPV_FDA/default_s10_t20/predictions/7EPV_FDA/rank1_confidence-0.62.sdf,-0.62,10.0,,,,53.0,9.0,1.0,True,False,posebusters_benchmark::7EPV_FDA
posebusters_benchmark,7ES1_UDP,7es1,DiffDock-L default s10/t20,neural_docking,True,True,True,0.8574616943047659,results/posebench_702_predictions/diffdock_l_gpu/posebusters_benchmark/7ES1_UDP/default_s10_t20/predictions/7ES1_UDP/rank1_confidence0.29.sdf,0.29,10.0,,,,25.0,5.0,1.0,True,True,posebusters_benchmark::7ES1_UDP
posebusters_benchmark,7F51_BA7,7f51,DiffDock-L default s10/t20,neural_docking,True,True,True,0.8032071711412487,results/posebench_702_predictions/diffdock_l_gpu/posebusters_benchmark/7F51_BA7/default_s10_t20/predictions/7F51_BA7/rank1_confidence0.16.sdf,0.16,10.0,,,,44.0,10.0,1.0,True,True,posebusters_benchmark::7F51_BA7
posebusters_benchmark,7F5D_EUO,7f5d,DiffDock-L default s10/t20,neural_docking,True,True,False,2.6572256961869445,results/posebench_702_predictions/diffdock_l_gpu/posebusters_benchmark/7F5D_EUO/default_s10_t20/predictions/7F5D_EUO/rank1_confidence-0.10.sdf,-0.1,10.0,,,,21.0,0.0,0.3125,False,False,posebusters_benchmark::7F5D_EUO
posebusters_benchmark,7F8T_FAD,7f8t,DiffDock-L default s10/t20,neural_docking,True,True,True,0.8827080686887947,results/posebench_702_predictions/diffdock_l_gpu/posebusters_benchmark/7F8T_FAD/default_s10_t20/predictions/7F8T_FAD/rank1_confidence-0.43.sdf,-0.43,10.0,,,,53.0,9.0,1.0,True,True,posebusters_benchmark::7F8T_FAD
posebusters_benchmark,7FB7_8NF,7fb7,DiffDock-L default s10/t20,neural_docking,True,True,False,50.11438739222278,results/posebench_702_predictions/diffdock_l_gpu/posebusters_benchmark/7FB7_8NF/default_s10_t20/predictions/7FB7_8NF/rank1_confidence0.05.sdf,0.05,10.0,,,,9.0,0.0,0.2857142857142857,True,False,posebusters_benchmark::7FB7_8NF
posebusters_benchmark,7FHA_ADX,7fha,DiffDock-L default s10/t20,neural_docking,True,True,False,46.6388461905992,results/posebench_702_predictions/diffdock_l_gpu/posebusters_benchmark/7FHA_ADX/default_s10_t20/predictions/7FHA_ADX/rank1_confidence0.24.sdf,0.24,10.0,,,,27.0,5.0,1.0,True,True,posebusters_benchmark::7FHA_ADX
posebusters_benchmark,7FRX_O88,7frx,DiffDock-L default s10/t20,neural_docking,True,False,False,,,,0.0,,,,30.0,0.0,0.3703703703703703,False,False,posebusters_benchmark::7FRX_O88
posebusters_benchmark,7FT9_4MB,7ft9,DiffDock-L default s10/t20,neural_docking,True,True,False,22.08136469561413,results/posebench_702_predictions/diffdock_l_gpu/posebusters_benchmark/7FT9_4MB/default_s10_t20/predictions/7FT9_4MB/rank1_confidence0.04.sdf,0.04,10.0,,,,14.0,0.0,0.6060606060606061,True,False,posebusters_benchmark::7FT9_4MB
posebusters_benchmark,7JG0_GAR,7jg0,DiffDock-L default s10/t20,neural_docking,True,True,False,11.614367280609343,results/posebench_702_predictions/diffdock_l_gpu/posebusters_benchmark/7JG0_GAR/default_s10_t20/predictions/7JG0_GAR/rank1_confidence-0.23.sdf,-0.23,10.0,,,,18.0,4.0,1.0,True,False,posebusters_benchmark::7JG0_GAR
posebusters_benchmark,7JGW_V9S,7jgw,DiffDock-L default s10/t20,neural_docking,True,True,True,0.8298347172780853,results/posebench_702_predictions/diffdock_l_gpu/posebusters_benchmark/7JGW_V9S/default_s10_t20/predictions/7JGW_V9S/rank1_confidence-0.01.sdf,-0.01,10.0,,,,45.0,0.0,0.2524271844660194,False,False,posebusters_benchmark::7JGW_V9S
posebusters_benchmark,7JHQ_VAJ,7jhq,DiffDock-L default s10/t20,neural_docking,True,True,False,44.51990262085661,results/posebench_702_predictions/diffdock_l_gpu/posebusters_benchmark/7JHQ_VAJ/default_s10_t20/predictions/7JHQ_VAJ/rank1_confidence-0.05.sdf,-0.05,10.0,,,,18.0,0.0,1.0,True,True,posebusters_benchmark::7JHQ_VAJ
posebusters_benchmark,7JMV_4NC,7jmv,DiffDock-L default s10/t20,neural_docking,True,True,False,2.5034085492674687,results/posebench_702_predictions/diffdock_l_gpu/posebusters_benchmark/7JMV_4NC/default_s10_t20/predictions/7JMV_4NC/rank1_confidence-1.05.sdf,-1.05,10.0,,,,11.0,0.0,0.4482758620689655,True,False,posebusters_benchmark::7JMV_4NC
posebusters_benchmark,7JNB_A2G,7jnb,DiffDock-L default s10/t20,neural_docking,True,True,True,0.7746862358400335,results/posebench_702_predictions/diffdock_l_gpu/posebusters_benchmark/7JNB_A2G/default_s10_t20/predictions/7JNB_A2G/rank1_confidence-1.27.sdf,-1.27,10.0,,,,15.0,5.0,1.0,True,False,posebusters_benchmark::7JNB_A2G
posebusters_benchmark,7JR8_VH7,7jr8,DiffDock-L default s10/t20,neural_docking,True,True,True,0.9825695662394588,results/posebench_702_predictions/diffdock_l_gpu/posebusters_benchmark/7JR8_VH7/default_s10_t20/predictions/7JR8_VH7/rank1_confidence-0.43.sdf,-0.43,10.0,,,,28.0,0.0,0.3333333333333333,False,False,posebusters_benchmark::7JR8_VH7
posebusters_benchmark,7JUD_MMA,7jud,DiffDock-L default s10/t20,neural_docking,True,True,False,34.102307022512306,results/posebench_702_predictions/diffdock_l_gpu/posebusters_benchmark/7JUD_MMA/default_s10_t20/predictions/7JUD_MMA/rank1_confidence-2.94.sdf,-2.94,10.0,,,,13.0,5.0,0.6551724137931034,True,False,posebusters_benchmark::7JUD_MMA
posebusters_benchmark,7JXX_VP7,7jxx,DiffDock-L default s10/t20,neural_docking,True,True,True,0.5155907423528855,results/posebench_702_predictions/diffdock_l_gpu/posebusters_benchmark/7JXX_VP7/default_s10_t20/predictions/7JXX_VP7/rank1_confidence1.04.sdf,1.04,10.0,,,,25.0,0.0,0.2873563218390804,False,False,posebusters_benchmark::7JXX_VP7
posebusters_benchmark,7JY3_VUD,7jy3,DiffDock-L default s10/t20,neural_docking,True,True,False,37.08687379114071,results/posebench_702_predictions/diffdock_l_gpu/posebusters_benchmark/7JY3_VUD/default_s10_t20/predictions/7JY3_VUD/rank1_confidence-0.84.sdf,-0.84,10.0,,,,27.0,1.0,0.2842105263157894,False,False,posebusters_benchmark::7JY3_VUD
posebusters_benchmark,7K0V_VQP,7k0v,DiffDock-L default s10/t20,neural_docking,True,True,False,35.816066684943394,results/posebench_702_predictions/diffdock_l_gpu/posebusters_benchmark/7K0V_VQP/default_s10_t20/predictions/7K0V_VQP/rank1_confidence0.43.sdf,0.43,10.0,,,,32.0,0.0,0.2524271844660194,False,False,posebusters_benchmark::7K0V_VQP
posebusters_benchmark,7K41_VUA,7k41,DiffDock-L default s10/t20,neural_docking,True,True,False,6.469015289650138,results/posebench_702_predictions/diffdock_l_gpu/posebusters_benchmark/7K41_VUA/default_s10_t20/predictions/7K41_VUA/rank1_confidence-0.23.sdf,-0.23,10.0,,,,22.0,0.0,0.4107142857142857,False,False,posebusters_benchmark::7K41_VUA
posebusters_benchmark,7KB1_WBJ,7kb1,DiffDock-L default s10/t20,neural_docking,True,True,False,45.73295488175696,results/posebench_702_predictions/diffdock_l_gpu/posebusters_benchmark/7KB1_WBJ/default_s10_t20/predictions/7KB1_WBJ/rank1_confidence-0.11.sdf,-0.11,10.0,,,,22.0,0.0,1.0,True,False,posebusters_benchmark::7KB1_WBJ
posebusters_benchmark,7KC5_BJZ,7kc5,DiffDock-L default s10/t20,neural_docking,True,True,True,0.9952179531762496,results/posebench_702_predictions/diffdock_l_gpu/posebusters_benchmark/7KC5_BJZ/default_s10_t20/predictions/7KC5_BJZ/rank1_confidence-0.56.sdf,-0.56,10.0,,,,37.0,2.0,0.2906976744186046,False,False,posebusters_benchmark::7KC5_BJZ
posebusters_benchmark,7KFO_IAC,7kfo,DiffDock-L default s10/t20,neural_docking,True,True,False,5.787209365953906,results/posebench_702_predictions/diffdock_l_gpu/posebusters_benchmark/7KFO_IAC/default_s10_t20/predictions/7KFO_IAC/rank1_confidence-1.47.sdf,-1.47,10.0,,,,13.0,0.0,0.75,True,False,posebusters_benchmark::7KFO_IAC
posebusters_benchmark,7KLX_WOV,7klx,DiffDock-L default s10/t20,neural_docking,True,True,False,27.86721216597616,results/posebench_702_predictions/diffdock_l_gpu/posebusters_benchmark/7KLX_WOV/default_s10_t20/predictions/7KLX_WOV/rank1_confidence-0.60.sdf,-0.6,10.0,,,,17.0,0.0,0.3333333333333333,False,False,posebusters_benchmark::7KLX_WOV
posebusters_benchmark,7KM8_WPD,7km8,DiffDock-L default s10/t20,neural_docking,True,True,False,2.6813120998676285,results/posebench_702_predictions/diffdock_l_gpu/posebusters_benchmark/7KM8_WPD/default_s10_t20/predictions/7KM8_WPD/rank1_confidence-1.23.sdf,-1.23,10.0,,,,29.0,1.0,0.4444444444444444,True,False,posebusters_benchmark::7KM8_WPD
posebusters_benchmark,7KP6_WTP,7kp6,DiffDock-L default s10/t20,neural_docking,True,True,False,47.73550204895424,results/posebench_702_predictions/diffdock_l_gpu/posebusters_benchmark/7KP6_WTP/default_s10_t20/predictions/7KP6_WTP/rank1_confidence0.63.sdf,0.63,10.0,,,,28.0,1.0,1.0,True,False,posebusters_benchmark::7KP6_WTP
posebusters_benchmark,7KQU_YOF,7kqu,DiffDock-L default s10/t20,neural_docking,True,True,True,1.7661803724017369,results/posebench_702_predictions/diffdock_l_gpu/posebusters_benchmark/7KQU_YOF/default_s10_t20/predictions/7KQU_YOF/rank1_confidence-0.58.sdf,-0.58,10.0,,,,14.0,1.0,0.5128205128205128,True,False,posebusters_benchmark::7KQU_YOF
posebusters_benchmark,7KRU_ATP,7kru,DiffDock-L default s10/t20,neural_docking,True,True,False,27.44370137429152,results/posebench_702_predictions/diffdock_l_gpu/posebusters_benchmark/7KRU_ATP/default_s10_t20/predictions/7KRU_ATP/rank1_confidence0.18.sdf,0.18,10.0,,,,31.0,6.0,1.0,True,False,posebusters_benchmark::7KRU_ATP
posebusters_benchmark,7KZ9_XN7,7kz9,DiffDock-L default s10/t20,neural_docking,True,True,False,53.48849585947515,results/posebench_702_predictions/diffdock_l_gpu/posebusters_benchmark/7KZ9_XN7/default_s10_t20/predictions/7KZ9_XN7/rank1_confidence0.50.sdf,0.5,10.0,,,,11.0,0.0,0.25,False,False,posebusters_benchmark::7KZ9_XN7
posebusters_benchmark,7L00_XCJ,7l00,DiffDock-L default s10/t20,neural_docking,True,True,False,50.393440700345714,results/posebench_702_predictions/diffdock_l_gpu/posebusters_benchmark/7L00_XCJ/default_s10_t20/predictions/7L00_XCJ/rank1_confidence-1.82.sdf,-1.82,10.0,,,,27.0,0.0,1.0,True,True,posebusters_benchmark::7L00_XCJ
posebusters_benchmark,7L03_F9F,7l03,DiffDock-L default s10/t20,neural_docking,True,True,True,0.3639244820513778,results/posebench_702_predictions/diffdock_l_gpu/posebusters_benchmark/7L03_F9F/default_s10_t20/predictions/7L03_F9F/rank1_confidence0.25.sdf,0.25,10.0,,,,22.0,0.0,1.0,True,False,posebusters_benchmark::7L03_F9F
posebusters_benchmark,7L5F_XNG,7l5f,DiffDock-L default s10/t20,neural_docking,True,True,False,3.1533858504259613,results/posebench_702_predictions/diffdock_l_gpu/posebusters_benchmark/7L5F_XNG/default_s10_t20/predictions/7L5F_XNG/rank1_confidence-2.04.sdf,-2.04,10.0,,,,18.0,0.0,0.6538461538461539,False,False,posebusters_benchmark::7L5F_XNG
posebusters_benchmark,7L6D_BMF,7l6d,DiffDock-L default s10/t20,neural_docking,True,True,True,0.5572473405691847,results/posebench_702_predictions/diffdock_l_gpu/posebusters_benchmark/7L6D_BMF/default_s10_t20/predictions/7L6D_BMF/rank1_confidence0.23.sdf,0.23,10.0,,,,28.0,0.0,0.2446808510638297,False,False,posebusters_benchmark::7L6D_BMF
posebusters_benchmark,7L7C_XQ1,7l7c,DiffDock-L default s10/t20,neural_docking,True,True,True,1.8185676490814728,results/posebench_702_predictions/diffdock_l_gpu/posebusters_benchmark/7L7C_XQ1/default_s10_t20/predictions/7L7C_XQ1/rank1_confidence-0.58.sdf,-0.58,10.0,,,,21.0,0.0,0.4893617021276595,False,False,posebusters_benchmark::7L7C_XQ1
posebusters_benchmark,7L81_UD4,7l81,DiffDock-L default s10/t20,neural_docking,True,True,True,1.9871015252319009,results/posebench_702_predictions/diffdock_l_gpu/posebusters_benchmark/7L81_UD4/default_s10_t20/predictions/7L81_UD4/rank1_confidence-1.69.sdf,-1.69,10.0,,,,38.0,11.0,0.7972972972972973,True,False,posebusters_benchmark::7L81_UD4
posebusters_benchmark,7LB3_XXS,7lb3,DiffDock-L default s10/t20,neural_docking,True,True,False,5.679564641796484,results/posebench_702_predictions/diffdock_l_gpu/posebusters_benchmark/7LB3_XXS/default_s10_t20/predictions/7LB3_XXS/rank1_confidence-1.66.sdf,-1.66,10.0,,,,29.0,2.0,0.3440860215053763,False,False,posebusters_benchmark::7LB3_XXS
posebusters_benchmark,7LCU_XTA,7lcu,DiffDock-L default s10/t20,neural_docking,True,True,False,12.016706953984889,results/posebench_702_predictions/diffdock_l_gpu/posebusters_benchmark/7LCU_XTA/default_s10_t20/predictions/7LCU_XTA/rank1_confidence-1.61.sdf,-1.61,10.0,,,,39.0,0.0,0.2702702702702703,False,False,posebusters_benchmark::7LCU_XTA
posebusters_benchmark,7LEV_0JO,7lev,DiffDock-L default s10/t20,neural_docking,True,True,True,0.673685994044279,results/posebench_702_predictions/diffdock_l_gpu/posebusters_benchmark/7LEV_0JO/default_s10_t20/predictions/7LEV_0JO/rank1_confidence0.27.sdf,0.27,10.0,,,,21.0,0.0,1.0,True,False,posebusters_benchmark::7LEV_0JO
posebusters_benchmark,7LJN_GTP,7ljn,DiffDock-L default s10/t20,neural_docking,True,True,False,4.671371246988136,results/posebench_702_predictions/diffdock_l_gpu/posebusters_benchmark/7LJN_GTP/default_s10_t20/predictions/7LJN_GTP/rank1_confidence-2.21.sdf,-2.21,10.0,,,,32.0,6.0,1.0,True,False,posebusters_benchmark::7LJN_GTP
posebusters_benchmark,7LMO_NYO,7lmo,DiffDock-L default s10/t20,neural_docking,True,True,False,10.986756672922178,results/posebench_702_predictions/diffdock_l_gpu/posebusters_benchmark/7LMO_NYO/default_s10_t20/predictions/7LMO_NYO/rank1_confidence-1.68.sdf,-1.68,10.0,,,,37.0,1.0,0.2568807339449541,False,False,posebusters_benchmark::7LMO_NYO
posebusters_benchmark,7LOE_Y84,7loe,DiffDock-L default s10/t20,neural_docking,True,True,False,2.546772063898641,results/posebench_702_predictions/diffdock_l_gpu/posebusters_benchmark/7LOE_Y84/default_s10_t20/predictions/7LOE_Y84/rank1_confidence0.21.sdf,0.21,10.0,,,,11.0,0.0,0.3142857142857143,True,False,posebusters_benchmark::7LOE_Y84
posebusters_benchmark,7LOU_IFM,7lou,DiffDock-L default s10/t20,neural_docking,True,True,False,9.326158088730857,results/posebench_702_predictions/diffdock_l_gpu/posebusters_benchmark/7LOU_IFM/default_s10_t20/predictions/7LOU_IFM/rank1_confidence-0.34.sdf,-0.34,10.0,,,,10.0,3.0,0.4814814814814814,True,False,posebusters_benchmark::7LOU_IFM
posebusters_benchmark,7LT0_ONJ,7lt0,DiffDock-L default s10/t20,neural_docking,True,True,True,0.6248909012927926,results/posebench_702_predictions/diffdock_l_gpu/posebusters_benchmark/7LT0_ONJ/default_s10_t20/predictions/7LT0_ONJ/rank1_confidence0.19.sdf,0.19,10.0,,,,27.0,0.0,0.3661971830985915,False,False,posebusters_benchmark::7LT0_ONJ
posebusters_benchmark,7LZD_YHY,7lzd,DiffDock-L default s10/t20,neural_docking,True,True,False,2.60279236245786,results/posebench_702_predictions/diffdock_l_gpu/posebusters_benchmark/7LZD_YHY/default_s10_t20/predictions/7LZD_YHY/rank1_confidence-1.08.sdf,-1.08,10.0,,,,29.0,0.0,0.3103448275862069,False,False,posebusters_benchmark::7LZD_YHY
posebusters_benchmark,7LZQ_YJV,7lzq,DiffDock-L default s10/t20,neural_docking,True,True,False,26.02728533052992,results/posebench_702_predictions/diffdock_l_gpu/posebusters_benchmark/7LZQ_YJV/default_s10_t20/predictions/7LZQ_YJV/rank1_confidence-0.91.sdf,-0.91,10.0,,,,22.0,0.0,0.4677419354838709,False,False,posebusters_benchmark::7LZQ_YJV
posebusters_benchmark,7M31_TDR,7m31,DiffDock-L default s10/t20,neural_docking,True,False,False,,,,0.0,,,,9.0,0.0,1.0,True,False,posebusters_benchmark::7M31_TDR
posebusters_benchmark,7M3H_YPV,7m3h,DiffDock-L default s10/t20,neural_docking,True,True,False,34.187733087358986,results/posebench_702_predictions/diffdock_l_gpu/posebusters_benchmark/7M3H_YPV/default_s10_t20/predictions/7M3H_YPV/rank1_confidence-0.85.sdf,-0.85,10.0,,,,24.0,0.0,0.6875,True,False,posebusters_benchmark::7M3H_YPV
posebusters_benchmark,7M41_YQG,7m41,DiffDock-L default s10/t20,neural_docking,True,True,False,30.385130151116886,results/posebench_702_predictions/diffdock_l_gpu/posebusters_benchmark/7M41_YQG/default_s10_t20/predictions/7M41_YQG/rank1_confidence-1.94.sdf,-1.94,10.0,,,,32.0,0.0,0.233009708737864,False,False,posebusters_benchmark::7M41_YQG
posebusters_benchmark,7M6K_YRJ,7m6k,DiffDock-L default s10/t20,neural_docking,True,True,False,33.2349914535186,results/posebench_702_predictions/diffdock_l_gpu/posebusters_benchmark/7M6K_YRJ/default_s10_t20/predictions/7M6K_YRJ/rank1_confidence-0.96.sdf,-0.96,10.0,,,,33.0,4.0,0.35,False,False,posebusters_benchmark::7M6K_YRJ
posebusters_benchmark,7MAE_XUS,7mae,DiffDock-L default s10/t20,neural_docking,True,True,True,0.7211546035663209,results/posebench_702_predictions/diffdock_l_gpu/posebusters_benchmark/7MAE_XUS/default_s10_t20/predictions/7MAE_XUS/rank1_confidence-0.35.sdf,-0.35,10.0,,,,49.0,6.0,0.7142857142857143,True,False,posebusters_benchmark::7MAE_XUS
posebusters_benchmark,7MEU_MGP,7meu,DiffDock-L default s10/t20,neural_docking,True,True,True,0.8784896120528963,results/posebench_702_predictions/diffdock_l_gpu/posebusters_benchmark/7MEU_MGP/default_s10_t20/predictions/7MEU_MGP/rank1_confidence-0.60.sdf,-0.6,10.0,,,,33.0,6.0,1.0,True,False,posebusters_benchmark::7MEU_MGP
posebusters_benchmark,7MFP_Z7P,7mfp,DiffDock-L default s10/t20,neural_docking,True,True,False,31.215677898017844,results/posebench_702_predictions/diffdock_l_gpu/posebusters_benchmark/7MFP_Z7P/default_s10_t20/predictions/7MFP_Z7P/rank1_confidence-1.72.sdf,-1.72,10.0,,,,50.0,11.0,0.5555555555555556,False,False,posebusters_benchmark::7MFP_Z7P
posebusters_benchmark,7MGT_ZD4,7mgt,DiffDock-L default s10/t20,neural_docking,True,True,False,9.974798216219,results/posebench_702_predictions/diffdock_l_gpu/posebusters_benchmark/7MGT_ZD4/default_s10_t20/predictions/7MGT_ZD4/rank1_confidence-1.33.sdf,-1.33,10.0,,,,28.0,5.0,1.0,True,True,posebusters_benchmark::7MGT_ZD4
posebusters_benchmark,7MGY_ZD1,7mgy,DiffDock-L default s10/t20,neural_docking,True,True,False,72.36558606640855,results/posebench_702_predictions/diffdock_l_gpu/posebusters_benchmark/7MGY_ZD1/default_s10_t20/predictions/7MGY_ZD1/rank1_confidence0.15.sdf,0.15,10.0,,,,23.0,9.0,0.4651162790697674,False,False,posebusters_benchmark::7MGY_ZD1
posebusters_benchmark,7MMH_ZJY,7mmh,DiffDock-L default s10/t20,neural_docking,True,True,True,1.587454043208258,results/posebench_702_predictions/diffdock_l_gpu/posebusters_benchmark/7MMH_ZJY/default_s10_t20/predictions/7MMH_ZJY/rank1_confidence0.15.sdf,0.15,10.0,,,,57.0,5.0,0.218978102189781,False,False,posebusters_benchmark::7MMH_ZJY
posebusters_benchmark,7MOI_HPS,7moi,DiffDock-L default s10/t20,neural_docking,True,True,False,30.78864024516776,results/posebench_702_predictions/diffdock_l_gpu/posebusters_benchmark/7MOI_HPS/default_s10_t20/predictions/7MOI_HPS/rank1_confidence0.21.sdf,0.21,10.0,,,,11.0,0.0,0.3793103448275862,True,False,posebusters_benchmark::7MOI_HPS
posebusters_benchmark,7MRH_ZMJ,7mrh,DiffDock-L default s10/t20,neural_docking,True,True,False,30.053110319531267,results/posebench_702_predictions/diffdock_l_gpu/posebusters_benchmark/7MRH_ZMJ/default_s10_t20/predictions/7MRH_ZMJ/rank1_confidence0.79.sdf,0.79,10.0,,,,24.0,0.0,0.2835820895522388,False,False,posebusters_benchmark::7MRH_ZMJ
posebusters_benchmark,7MS7_ZQ1,7ms7,DiffDock-L default s10/t20,neural_docking,True,True,False,21.860600890509343,results/posebench_702_predictions/diffdock_l_gpu/posebusters_benchmark/7MS7_ZQ1/default_s10_t20/predictions/7MS7_ZQ1/rank1_confidence-1.89.sdf,-1.89,10.0,,,,29.0,0.0,0.3205128205128205,False,False,posebusters_benchmark::7MS7_ZQ1
posebusters_benchmark,7MSR_DCA,7msr,DiffDock-L default s10/t20,neural_docking,True,True,True,0.7131891678572632,results/posebench_702_predictions/diffdock_l_gpu/posebusters_benchmark/7MSR_DCA/default_s10_t20/predictions/7MSR_DCA/rank1_confidence-0.97.sdf,-0.97,10.0,,,,47.0,7.0,0.8941176470588236,True,False,posebusters_benchmark::7MSR_DCA
posebusters_benchmark,7MWN_WI5,7mwn,DiffDock-L default s10/t20,neural_docking,True,True,False,3.826878025394852,results/posebench_702_predictions/diffdock_l_gpu/posebusters_benchmark/7MWN_WI5/default_s10_t20/predictions/7MWN_WI5/rank1_confidence-0.40.sdf,-0.4,10.0,,,,32.0,1.0,1.0,True,True,posebusters_benchmark::7MWN_WI5
posebusters_benchmark,7MWU_ZPM,7mwu,DiffDock-L default s10/t20,neural_docking,True,True,False,3.6143512727538174,results/posebench_702_predictions/diffdock_l_gpu/posebusters_benchmark/7MWU_ZPM/default_s10_t20/predictions/7MWU_ZPM/rank1_confidence-0.59.sdf,-0.59,10.0,,,,7.0,0.0,1.0,True,True,posebusters_benchmark::7MWU_ZPM
posebusters_benchmark,7MY1_IPE,7my1,DiffDock-L default s10/t20,neural_docking,True,True,True,0.964530022120322,results/posebench_702_predictions/diffdock_l_gpu/posebusters_benchmark/7MY1_IPE/default_s10_t20/predictions/7MY1_IPE/rank1_confidence-1.23.sdf,-1.23,10.0,,,,14.0,1.0,1.0,False,False,posebusters_benchmark::7MY1_IPE
posebusters_benchmark,7MYU_ZR7,7myu,DiffDock-L default s10/t20,neural_docking,True,True,False,49.36266290606408,results/posebench_702_predictions/diffdock_l_gpu/posebusters_benchmark/7MYU_ZR7/default_s10_t20/predictions/7MYU_ZR7/rank1_confidence0.04.sdf,0.04,10.0,,,,35.0,2.0,0.2307692307692307,False,False,posebusters_benchmark::7MYU_ZR7
posebusters_benchmark,7MZS_GLA,7mzs,DiffDock-L default s10/t20,neural_docking,True,True,False,16.30705825276793,results/posebench_702_predictions/diffdock_l_gpu/posebusters_benchmark/7MZS_GLA/default_s10_t20/predictions/7MZS_GLA/rank1_confidence-0.97.sdf,-0.97,10.0,,,,12.0,5.0,1.0,True,False,posebusters_benchmark::7MZS_GLA
posebusters_benchmark,7N03_ZRP,7n03,DiffDock-L default s10/t20,neural_docking,True,True,True,0.7114018833562763,results/posebench_702_predictions/diffdock_l_gpu/posebusters_benchmark/7N03_ZRP/default_s10_t20/predictions/7N03_ZRP/rank1_confidence0.50.sdf,0.5,10.0,,,,28.0,0.0,0.2857142857142857,True,False,posebusters_benchmark::7N03_ZRP
posebusters_benchmark,7N4N_0BK,7n4n,DiffDock-L default s10/t20,neural_docking,True,True,True,0.8281531689548742,results/posebench_702_predictions/diffdock_l_gpu/posebusters_benchmark/7N4N_0BK/default_s10_t20/predictions/7N4N_0BK/rank1_confidence0.32.sdf,0.32,10.0,,,,32.0,2.0,0.2475247524752475,False,False,posebusters_benchmark::7N4N_0BK
posebusters_benchmark,7N4W_P4V,7n4w,DiffDock-L default s10/t20,neural_docking,True,True,True,1.6051547549403742,results/posebench_702_predictions/diffdock_l_gpu/posebusters_benchmark/7N4W_P4V/default_s10_t20/predictions/7N4W_P4V/rank1_confidence-0.73.sdf,-0.73,10.0,,,,26.0,1.0,1.0,True,True,posebusters_benchmark::7N4W_P4V
posebusters_benchmark,7N6F_0I1,7n6f,DiffDock-L default s10/t20,neural_docking,True,True,False,7.693037211485961,results/posebench_702_predictions/diffdock_l_gpu/posebusters_benchmark/7N6F_0I1/default_s10_t20/predictions/7N6F_0I1/rank1_confidence-1.20.sdf,-1.2,10.0,,,,26.0,0.0,0.2807017543859649,False,False,posebusters_benchmark::7N6F_0I1
posebusters_benchmark,7N7B_T3F,7n7b,DiffDock-L default s10/t20,neural_docking,True,True,False,38.30784155168308,results/posebench_702_predictions/diffdock_l_gpu/posebusters_benchmark/7N7B_T3F/default_s10_t20/predictions/7N7B_T3F/rank1_confidence-0.93.sdf,-0.93,10.0,,,,35.0,10.0,0.8823529411764706,True,False,posebusters_benchmark::7N7B_T3F
posebusters_benchmark,7N7H_CTP,7n7h,DiffDock-L default s10/t20,neural_docking,True,True,False,5.348853130151457,results/posebench_702_predictions/diffdock_l_gpu/posebusters_benchmark/7N7H_CTP/default_s10_t20/predictions/7N7H_CTP/rank1_confidence-0.62.sdf,-0.62,10.0,,,,29.0,6.0,1.0,True,False,posebusters_benchmark::7N7H_CTP
posebusters_benchmark,7NA4_1I9,7na4,DiffDock-L default s10/t20,neural_docking,True,True,True,0.9000766432277924,results/posebench_702_predictions/diffdock_l_gpu/posebusters_benchmark/7NA4_1I9/default_s10_t20/predictions/7NA4_1I9/rank1_confidence0.36.sdf,0.36,10.0,,,,38.0,2.0,0.2075471698113207,False,False,posebusters_benchmark::7NA4_1I9
posebusters_benchmark,7NB4_U6Q,7nb4,DiffDock-L default s10/t20,neural_docking,True,True,False,2.3369798492512617,results/posebench_702_predictions/diffdock_l_gpu/posebusters_benchmark/7NB4_U6Q/default_s10_t20/predictions/7NB4_U6Q/rank1_confidence-0.80.sdf,-0.8,10.0,,,,31.0,1.0,0.618421052631579,False,False,posebusters_benchmark::7NB4_U6Q
posebusters_benchmark,7NF0_BYN,7nf0,DiffDock-L default s10/t20,neural_docking,True,True,False,4.874744811311195,results/posebench_702_predictions/diffdock_l_gpu/posebusters_benchmark/7NF0_BYN/default_s10_t20/predictions/7NF0_BYN/rank1_confidence-1.08.sdf,-1.08,10.0,,,,37.0,4.0,0.4457831325301205,False,False,posebusters_benchmark::7NF0_BYN
posebusters_benchmark,7NF3_4LU,7nf3,DiffDock-L default s10/t20,neural_docking,True,True,False,5.087889116841854,results/posebench_702_predictions/diffdock_l_gpu/posebusters_benchmark/7NF3_4LU/default_s10_t20/predictions/7NF3_4LU/rank1_confidence-1.52.sdf,-1.52,10.0,,,,36.0,3.0,0.6027397260273972,False,False,posebusters_benchmark::7NF3_4LU
posebusters_benchmark,7NFB_GEN,7nfb,DiffDock-L default s10/t20,neural_docking,True,True,False,29.574287585028998,results/posebench_702_predictions/diffdock_l_gpu/posebusters_benchmark/7NFB_GEN/default_s10_t20/predictions/7NFB_GEN/rank1_confidence0.24.sdf,0.24,10.0,,,,20.0,0.0,0.5609756097560976,True,False,posebusters_benchmark::7NFB_GEN
posebusters_benchmark,7NGW_UAW,7ngw,DiffDock-L default s10/t20,neural_docking,True,True,True,0.5857896882188434,results/posebench_702_predictions/diffdock_l_gpu/posebusters_benchmark/7NGW_UAW/default_s10_t20/predictions/7NGW_UAW/rank1_confidence-0.35.sdf,-0.35,10.0,,,,17.0,0.0,1.0,True,True,posebusters_benchmark::7NGW_UAW
posebusters_benchmark,7NLK_UHK,7nlk,DiffDock-L default s10/t20,neural_docking,True,True,True,1.696305004819298,results/posebench_702_predictions/diffdock_l_gpu/posebusters_benchmark/7NLK_UHK/default_s10_t20/predictions/7NLK_UHK/rank1_confidence-0.46.sdf,-0.46,10.0,,,,16.0,1.0,1.0,True,True,posebusters_benchmark::7NLK_UHK
posebusters_benchmark,7NLV_UJE,7nlv,DiffDock-L default s10/t20,neural_docking,True,True,False,29.586170317855316,results/posebench_702_predictions/diffdock_l_gpu/posebusters_benchmark/7NLV_UJE/default_s10_t20/predictions/7NLV_UJE/rank1_confidence-0.11.sdf,-0.11,10.0,,,,21.0,4.0,1.0,True,True,posebusters_benchmark::7NLV_UJE
posebusters_benchmark,7NML_I7B,7nml,DiffDock-L default s10/t20,neural_docking,True,True,False,29.490236696373344,results/posebench_702_predictions/diffdock_l_gpu/posebusters_benchmark/7NML_I7B/default_s10_t20/predictions/7NML_I7B/rank1_confidence-2.83.sdf,-2.83,10.0,,,,16.0,0.0,1.0,True,False,posebusters_benchmark::7NML_I7B
posebusters_benchmark,7NP6_UK8,7np6,DiffDock-L default s10/t20,neural_docking,True,True,True,0.6243915690994712,results/posebench_702_predictions/diffdock_l_gpu/posebusters_benchmark/7NP6_UK8/default_s10_t20/predictions/7NP6_UK8/rank1_confidence0.62.sdf,0.62,10.0,,,,32.0,0.0,0.2988505747126437,False,False,posebusters_benchmark::7NP6_UK8
posebusters_benchmark,7NPL_UKZ,7npl,DiffDock-L default s10/t20,neural_docking,True,True,False,24.715556171524398,results/posebench_702_predictions/diffdock_l_gpu/posebusters_benchmark/7NPL_UKZ/default_s10_t20/predictions/7NPL_UKZ/rank1_confidence-1.80.sdf,-1.8,10.0,,,,27.0,2.0,0.25,False,False,posebusters_benchmark::7NPL_UKZ
posebusters_benchmark,7NR6_UO8,7nr6,DiffDock-L default s10/t20,neural_docking,True,True,False,23.9270383923588,results/posebench_702_predictions/diffdock_l_gpu/posebusters_benchmark/7NR6_UO8/default_s10_t20/predictions/7NR6_UO8/rank1_confidence-0.51.sdf,-0.51,10.0,,,,17.0,0.0,1.0,True,True,posebusters_benchmark::7NR6_UO8
posebusters_benchmark,7NR8_UOE,7nr8,DiffDock-L default s10/t20,neural_docking,True,True,False,2.5940537367431515,results/posebench_702_predictions/diffdock_l_gpu/posebusters_benchmark/7NR8_UOE/default_s10_t20/predictions/7NR8_UOE/rank1_confidence-0.83.sdf,-0.83,10.0,,,,45.0,2.0,1.0,True,True,posebusters_benchmark::7NR8_UOE
posebusters_benchmark,7NSW_HC4,7nsw,DiffDock-L default s10/t20,neural_docking,True,True,False,39.37747137978559,results/posebench_702_predictions/diffdock_l_gpu/posebusters_benchmark/7NSW_HC4/default_s10_t20/predictions/7NSW_HC4/rank1_confidence0.34.sdf,0.34,10.0,,,,12.0,0.0,0.53125,True,False,posebusters_benchmark::7NSW_HC4
posebusters_benchmark,7NTG_F6R,7ntg,DiffDock-L default s10/t20,neural_docking,True,True,True,1.2803916724971316,results/posebench_702_predictions/diffdock_l_gpu/posebusters_benchmark/7NTG_F6R/default_s10_t20/predictions/7NTG_F6R/rank1_confidence-0.30.sdf,-0.3,10.0,,,,16.0,3.0,1.0,False,False,posebusters_benchmark::7NTG_F6R
posebusters_benchmark,7NU0_DCL,7nu0,DiffDock-L default s10/t20,neural_docking,True,True,True,0.6879952670622091,results/posebench_702_predictions/diffdock_l_gpu/posebusters_benchmark/7NU0_DCL/default_s10_t20/predictions/7NU0_DCL/rank1_confidence-0.28.sdf,-0.28,10.0,,,,8.0,1.0,1.0,False,True,posebusters_benchmark::7NU0_DCL
posebusters_benchmark,7NUT_GLP,7nut,DiffDock-L default s10/t20,neural_docking,True,True,False,34.02557391148972,results/posebench_702_predictions/diffdock_l_gpu/posebusters_benchmark/7NUT_GLP/default_s10_t20/predictions/7NUT_GLP/rank1_confidence-1.00.sdf,-1.0,10.0,,,,16.0,5.0,0.71875,True,False,posebusters_benchmark::7NUT_GLP
posebusters_benchmark,7NXO_UU8,7nxo,DiffDock-L default s10/t20,neural_docking,True,True,False,34.81281907951353,results/posebench_702_predictions/diffdock_l_gpu/posebusters_benchmark/7NXO_UU8/default_s10_t20/predictions/7NXO_UU8/rank1_confidence-2.50.sdf,-2.5,10.0,,,,34.0,0.0,0.2738095238095238,False,False,posebusters_benchmark::7NXO_UU8
posebusters_benchmark,7O0N_CDP,7o0n,DiffDock-L default s10/t20,neural_docking,True,True,False,11.657090393524449,results/posebench_702_predictions/diffdock_l_gpu/posebusters_benchmark/7O0N_CDP/default_s10_t20/predictions/7O0N_CDP/rank1_confidence-1.59.sdf,-1.59,10.0,,,,25.0,5.0,1.0,True,False,posebusters_benchmark::7O0N_CDP
posebusters_benchmark,7O1T_5X8,7o1t,DiffDock-L default s10/t20,neural_docking,True,True,False,5.360896853587095,results/posebench_702_predictions/diffdock_l_gpu/posebusters_benchmark/7O1T_5X8/default_s10_t20/predictions/7O1T_5X8/rank1_confidence-1.27.sdf,-1.27,10.0,,,,25.0,5.0,0.8245614035087719,True,False,posebusters_benchmark::7O1T_5X8
posebusters_benchmark,7OCB_V88,7ocb,DiffDock-L default s10/t20,neural_docking,True,True,False,2.43490866253296,results/posebench_702_predictions/diffdock_l_gpu/posebusters_benchmark/7OCB_V88/default_s10_t20/predictions/7OCB_V88/rank1_confidence-1.11.sdf,-1.11,10.0,,,,41.0,0.0,0.5862068965517241,False,False,posebusters_benchmark::7OCB_V88
posebusters_benchmark,7ODX_DGP,7odx,DiffDock-L default s10/t20,neural_docking,True,True,True,1.7529202240088193,results/posebench_702_predictions/diffdock_l_gpu/posebusters_benchmark/7ODX_DGP/default_s10_t20/predictions/7ODX_DGP/rank1_confidence-0.37.sdf,-0.37,10.0,,,,23.0,3.0,0.847457627118644,True,False,posebusters_benchmark::7ODX_DGP
posebusters_benchmark,7ODY_DGI,7ody,DiffDock-L default s10/t20,neural_docking,True,True,False,27.531269558852934,results/posebench_702_predictions/diffdock_l_gpu/posebusters_benchmark/7ODY_DGI/default_s10_t20/predictions/7ODY_DGI/rank1_confidence0.02.sdf,0.02,10.0,,,,27.0,4.0,0.9824561403508772,True,False,posebusters_benchmark::7ODY_DGI
posebusters_benchmark,7OEO_V9Z,7oeo,DiffDock-L default s10/t20,neural_docking,True,True,True,1.3478849378285227,results/posebench_702_predictions/diffdock_l_gpu/posebusters_benchmark/7OEO_V9Z/default_s10_t20/predictions/7OEO_V9Z/rank1_confidence0.07.sdf,0.07,10.0,,,,32.0,0.0,0.2948717948717949,False,False,posebusters_benchmark::7OEO_V9Z
posebusters_benchmark,7OFF_VCB,7off,DiffDock-L default s10/t20,neural_docking,True,True,False,2.491332795097019,results/posebench_702_predictions/diffdock_l_gpu/posebusters_benchmark/7OFF_VCB/default_s10_t20/predictions/7OFF_VCB/rank1_confidence-0.18.sdf,-0.18,10.0,,,,27.0,1.0,0.3833333333333333,False,False,posebusters_benchmark::7OFF_VCB
posebusters_benchmark,7OFK_VCH,7ofk,DiffDock-L default s10/t20,neural_docking,True,True,True,1.1539713340089026,results/posebench_702_predictions/diffdock_l_gpu/posebusters_benchmark/7OFK_VCH/default_s10_t20/predictions/7OFK_VCH/rank1_confidence-0.02.sdf,-0.02,10.0,,,,35.0,1.0,0.2873563218390804,False,False,posebusters_benchmark::7OFK_VCH
posebusters_benchmark,7OKC_VFE,7okc,DiffDock-L default s10/t20,neural_docking,True,True,False,26.38030896598237,results/posebench_702_predictions/diffdock_l_gpu/posebusters_benchmark/7OKC_VFE/default_s10_t20/predictions/7OKC_VFE/rank1_confidence-2.49.sdf,-2.49,10.0,,,,29.0,0.0,1.0,True,True,posebusters_benchmark::7OKC_VFE
posebusters_benchmark,7OKF_VH5,7okf,DiffDock-L default s10/t20,neural_docking,True,True,False,26.484013583346037,results/posebench_702_predictions/diffdock_l_gpu/posebusters_benchmark/7OKF_VH5/default_s10_t20/predictions/7OKF_VH5/rank1_confidence-0.96.sdf,-0.96,10.0,,,,28.0,0.0,0.4691358024691358,False,False,posebusters_benchmark::7OKF_VH5
posebusters_benchmark,7OLI_8HG,7oli,DiffDock-L default s10/t20,neural_docking,True,True,False,3.226254735602879,results/posebench_702_predictions/diffdock_l_gpu/posebusters_benchmark/7OLI_8HG/default_s10_t20/predictions/7OLI_8HG/rank1_confidence-0.22.sdf,-0.22,10.0,,,,20.0,3.0,1.0,True,True,posebusters_benchmark::7OLI_8HG
posebusters_benchmark,7OLT_58J,7olt,DiffDock-L default s10/t20,neural_docking,True,True,False,6.727439269077829,results/posebench_702_predictions/diffdock_l_gpu/posebusters_benchmark/7OLT_58J/default_s10_t20/predictions/7OLT_58J/rank1_confidence-0.35.sdf,-0.35,10.0,,,,23.0,0.0,1.0,True,False,posebusters_benchmark::7OLT_58J
posebusters_benchmark,7OMJ_GCP,7omj,DiffDock-L default s10/t20,neural_docking,True,True,True,0.89475559948653,results/posebench_702_predictions/diffdock_l_gpu/posebusters_benchmark/7OMJ_GCP/default_s10_t20/predictions/7OMJ_GCP/rank1_confidence-0.16.sdf,-0.16,10.0,,,,32.0,6.0,1.0,True,False,posebusters_benchmark::7OMJ_GCP
posebusters_benchmark,7OMX_CNA,7omx,DiffDock-L default s10/t20,neural_docking,True,True,False,2.7545863256493788,results/posebench_702_predictions/diffdock_l_gpu/posebusters_benchmark/7OMX_CNA/default_s10_t20/predictions/7OMX_CNA/rank1_confidence-0.84.sdf,-0.84,10.0,,,,44.0,10.0,0.735632183908046,False,False,posebusters_benchmark::7OMX_CNA
posebusters_benchmark,7OP9_06K,7op9,DiffDock-L default s10/t20,neural_docking,True,True,False,40.841649661166414,results/posebench_702_predictions/diffdock_l_gpu/posebusters_benchmark/7OP9_06K/default_s10_t20/predictions/7OP9_06K/rank1_confidence-0.11.sdf,-0.11,10.0,,,,11.0,0.0,0.3783783783783784,True,False,posebusters_benchmark::7OP9_06K
posebusters_benchmark,7OPG_06N,7opg,DiffDock-L default s10/t20,neural_docking,True,True,False,40.62047611011108,results/posebench_702_predictions/diffdock_l_gpu/posebusters_benchmark/7OPG_06N/default_s10_t20/predictions/7OPG_06N/rank1_confidence0.74.sdf,0.74,10.0,,,,19.0,0.0,0.2835820895522388,False,False,posebusters_benchmark::7OPG_06N
posebusters_benchmark,7ORW_7WA,7orw,DiffDock-L default s10/t20,neural_docking,True,True,False,26.06832096700898,results/posebench_702_predictions/diffdock_l_gpu/posebusters_benchmark/7ORW_7WA/default_s10_t20/predictions/7ORW_7WA/rank1_confidence-0.91.sdf,-0.91,10.0,,,,10.0,0.0,0.4482758620689655,True,False,posebusters_benchmark::7ORW_7WA
posebusters_benchmark,7OSO_0V1,7oso,DiffDock-L default s10/t20,neural_docking,True,True,False,3.0555960793272403,results/posebench_702_predictions/diffdock_l_gpu/posebusters_benchmark/7OSO_0V1/default_s10_t20/predictions/7OSO_0V1/rank1_confidence-0.40.sdf,-0.4,10.0,,,,7.0,1.0,0.6111111111111112,False,False,posebusters_benchmark::7OSO_0V1
posebusters_benchmark,7OU8_1XI,7ou8,DiffDock-L default s10/t20,neural_docking,True,True,True,0.9471631917146756,results/posebench_702_predictions/diffdock_l_gpu/posebusters_benchmark/7OU8_1XI/default_s10_t20/predictions/7OU8_1XI/rank1_confidence0.29.sdf,0.29,10.0,,,,23.0,4.0,1.0,True,True,posebusters_benchmark::7OU8_1XI
posebusters_benchmark,7OZ9_NGK,7oz9,DiffDock-L default s10/t20,neural_docking,True,True,False,5.397298771266586,results/posebench_702_predictions/diffdock_l_gpu/posebusters_benchmark/7OZ9_NGK/default_s10_t20/predictions/7OZ9_NGK/rank1_confidence-1.38.sdf,-1.38,10.0,,,,19.0,5.0,0.625,True,False,posebusters_benchmark::7OZ9_NGK
posebusters_benchmark,7OZC_G6S,7ozc,DiffDock-L default s10/t20,neural_docking,True,True,False,5.884521910539971,results/posebench_702_predictions/diffdock_l_gpu/posebusters_benchmark/7OZC_G6S/default_s10_t20/predictions/7OZC_G6S/rank1_confidence-1.29.sdf,-1.29,10.0,,,,16.0,5.0,1.0,True,False,posebusters_benchmark::7OZC_G6S
posebusters_benchmark,7P1F_KFN,7p1f,DiffDock-L default s10/t20,neural_docking,True,True,False,44.73003569922038,results/posebench_702_predictions/diffdock_l_gpu/posebusters_benchmark/7P1F_KFN/default_s10_t20/predictions/7P1F_KFN/rank1_confidence0.05.sdf,0.05,10.0,,,,17.0,5.0,1.0,True,True,posebusters_benchmark::7P1F_KFN
posebusters_benchmark,7P1M_4IU,7p1m,DiffDock-L default s10/t20,neural_docking,True,True,True,1.357497734190865,results/posebench_702_predictions/diffdock_l_gpu/posebusters_benchmark/7P1M_4IU/default_s10_t20/predictions/7P1M_4IU/rank1_confidence-1.02.sdf,-1.02,10.0,,,,24.0,3.0,0.2469135802469135,False,False,posebusters_benchmark::7P1M_4IU
posebusters_benchmark,7P2I_MFU,7p2i,DiffDock-L default s10/t20,neural_docking,True,True,False,17.592875500800506,results/posebench_702_predictions/diffdock_l_gpu/posebusters_benchmark/7P2I_MFU/default_s10_t20/predictions/7P2I_MFU/rank1_confidence-0.15.sdf,-0.15,10.0,,,,12.0,5.0,0.5,True,False,posebusters_benchmark::7P2I_MFU
posebusters_benchmark,7P2W_4QR,7p2w,DiffDock-L default s10/t20,neural_docking,True,True,False,3.279095574778114,results/posebench_702_predictions/diffdock_l_gpu/posebusters_benchmark/7P2W_4QR/default_s10_t20/predictions/7P2W_4QR/rank1_confidence-0.33.sdf,-0.33,10.0,,,,34.0,0.0,0.3714285714285714,False,False,posebusters_benchmark::7P2W_4QR
posebusters_benchmark,7P4C_5OV,7p4c,DiffDock-L default s10/t20,neural_docking,True,True,True,0.7488336389011907,results/posebench_702_predictions/diffdock_l_gpu/posebusters_benchmark/7P4C_5OV/default_s10_t20/predictions/7P4C_5OV/rank1_confidence0.23.sdf,0.23,10.0,,,,16.0,6.0,1.0,True,True,posebusters_benchmark::7P4C_5OV
posebusters_benchmark,7P4J_5JK,7p4j,DiffDock-L default s10/t20,neural_docking,True,True,False,2.241101093135955,results/posebench_702_predictions/diffdock_l_gpu/posebusters_benchmark/7P4J_5JK/default_s10_t20/predictions/7P4J_5JK/rank1_confidence-0.73.sdf,-0.73,10.0,,,,29.0,9.0,1.0,True,False,posebusters_benchmark::7P4J_5JK
posebusters_benchmark,7P4V_DAT,7p4v,DiffDock-L default s10/t20,neural_docking,True,True,True,1.8410698678924549,results/posebench_702_predictions/diffdock_l_gpu/posebusters_benchmark/7P4V_DAT/default_s10_t20/predictions/7P4V_DAT/rank1_confidence-1.40.sdf,-1.4,10.0,,,,26.0,4.0,1.0,True,True,posebusters_benchmark::7P4V_DAT
posebusters_benchmark,7P5T_5YG,7p5t,DiffDock-L default s10/t20,neural_docking,True,True,False,9.79459376646117,results/posebench_702_predictions/diffdock_l_gpu/posebusters_benchmark/7P5T_5YG/default_s10_t20/predictions/7P5T_5YG/rank1_confidence-1.16.sdf,-1.16,10.0,,,,23.0,0.0,0.391304347826087,False,False,posebusters_benchmark::7P5T_5YG
posebusters_benchmark,7P85_5ZG,7p85,DiffDock-L default s10/t20,neural_docking,True,True,False,2.5762025412555256,results/posebench_702_predictions/diffdock_l_gpu/posebusters_benchmark/7P85_5ZG/default_s10_t20/predictions/7P85_5ZG/rank1_confidence-0.54.sdf,-0.54,10.0,,,,14.0,1.0,0.3137254901960784,True,False,posebusters_benchmark::7P85_5ZG
posebusters_benchmark,7PA4_C,7pa4,DiffDock-L default s10/t20,neural_docking,True,True,True,1.6184737166319914,results/posebench_702_predictions/diffdock_l_gpu/posebusters_benchmark/7PA4_C/default_s10_t20/predictions/7PA4_C/rank1_confidence-0.01.sdf,-0.01,10.0,,,,21.0,4.0,0.84,True,False,posebusters_benchmark::7PA4_C
posebusters_benchmark,7PGX_FMN,7pgx,DiffDock-L default s10/t20,neural_docking,True,True,True,0.3952856247845224,results/posebench_702_predictions/diffdock_l_gpu/posebusters_benchmark/7PGX_FMN/default_s10_t20/predictions/7PGX_FMN/rank1_confidence0.19.sdf,0.19,10.0,,,,31.0,3.0,1.0,True,False,posebusters_benchmark::7PGX_FMN
posebusters_benchmark,7PIH_7QW,7pih,DiffDock-L default s10/t20,neural_docking,True,True,True,1.6874224155004385,results/posebench_702_predictions/diffdock_l_gpu/posebusters_benchmark/7PIH_7QW/default_s10_t20/predictions/7PIH_7QW/rank1_confidence-0.17.sdf,-0.17,10.0,,,,24.0,1.0,0.3181818181818182,False,False,posebusters_benchmark::7PIH_7QW
posebusters_benchmark,7PJQ_OWH,7pjq,DiffDock-L default s10/t20,neural_docking,True,True,False,40.32455266302405,results/posebench_702_predictions/diffdock_l_gpu/posebusters_benchmark/7PJQ_OWH/default_s10_t20/predictions/7PJQ_OWH/rank1_confidence-1.63.sdf,-1.63,10.0,,,,10.0,0.0,0.4838709677419355,True,False,posebusters_benchmark::7PJQ_OWH
posebusters_benchmark,7PK0_BYC,7pk0,DiffDock-L default s10/t20,neural_docking,True,True,False,9.7143139174328,results/posebench_702_predictions/diffdock_l_gpu/posebusters_benchmark/7PK0_BYC/default_s10_t20/predictions/7PK0_BYC/rank1_confidence-1.95.sdf,-1.95,10.0,,,,56.0,7.0,0.8020833333333334,False,False,posebusters_benchmark::7PK0_BYC
posebusters_benchmark,7PL1_SFG,7pl1,DiffDock-L default s10/t20,neural_docking,True,True,True,0.6190088233081439,results/posebench_702_predictions/diffdock_l_gpu/posebusters_benchmark/7PL1_SFG/default_s10_t20/predictions/7PL1_SFG/rank1_confidence0.32.sdf,0.32,10.0,,,,27.0,6.0,0.7333333333333333,True,False,posebusters_benchmark::7PL1_SFG
posebusters_benchmark,7POM_7VZ,7pom,DiffDock-L default s10/t20,neural_docking,True,True,False,28.36037252503282,results/posebench_702_predictions/diffdock_l_gpu/posebusters_benchmark/7POM_7VZ/default_s10_t20/predictions/7POM_7VZ/rank1_confidence0.16.sdf,0.16,10.0,,,,22.0,0.0,1.0,True,True,posebusters_benchmark::7POM_7VZ
posebusters_benchmark,7PRI_7TI,7pri,DiffDock-L default s10/t20,neural_docking,True,True,False,5.146082542283984,results/posebench_702_predictions/diffdock_l_gpu/posebusters_benchmark/7PRI_7TI/default_s10_t20/predictions/7PRI_7TI/rank1_confidence-0.24.sdf,-0.24,10.0,,,,20.0,0.0,1.0,True,True,posebusters_benchmark::7PRI_7TI
posebusters_benchmark,7PRM_81I,7prm,DiffDock-L default s10/t20,neural_docking,True,True,False,2.5123042397617783,results/posebench_702_predictions/diffdock_l_gpu/posebusters_benchmark/7PRM_81I/default_s10_t20/predictions/7PRM_81I/rank1_confidence-0.54.sdf,-0.54,10.0,,,,32.0,1.0,0.3088235294117647,False,False,posebusters_benchmark::7PRM_81I
posebusters_benchmark,7PT3_3KK,7pt3,DiffDock-L default s10/t20,neural_docking,True,True,False,17.41896598161092,results/posebench_702_predictions/diffdock_l_gpu/posebusters_benchmark/7PT3_3KK/default_s10_t20/predictions/7PT3_3KK/rank1_confidence-2.03.sdf,-2.03,10.0,,,,54.0,7.0,0.8369565217391305,True,False,posebusters_benchmark::7PT3_3KK
posebusters_benchmark,7PUV_84Z,7puv,DiffDock-L default s10/t20,neural_docking,True,True,False,36.369706843739934,results/posebench_702_predictions/diffdock_l_gpu/posebusters_benchmark/7PUV_84Z/default_s10_t20/predictions/7PUV_84Z/rank1_confidence0.31.sdf,0.31,10.0,,,,24.0,0.0,0.5272727272727272,False,False,posebusters_benchmark::7PUV_84Z
posebusters_benchmark,7Q19_DSM,7q19,DiffDock-L default s10/t20,neural_docking,True,True,False,4.060801580784267,results/posebench_702_predictions/diffdock_l_gpu/posebusters_benchmark/7Q19_DSM/default_s10_t20/predictions/7Q19_DSM/rank1_confidence-0.73.sdf,-0.73,10.0,,,,20.0,0.0,1.0,True,False,posebusters_benchmark::7Q19_DSM
posebusters_benchmark,7Q25_8J9,7q25,DiffDock-L default s10/t20,neural_docking,True,True,False,53.95421917156557,results/posebench_702_predictions/diffdock_l_gpu/posebusters_benchmark/7Q25_8J9/default_s10_t20/predictions/7Q25_8J9/rank1_confidence0.21.sdf,0.21,10.0,,,,33.0,3.0,0.4313725490196078,False,False,posebusters_benchmark::7Q25_8J9
posebusters_benchmark,7Q27_8KC,7q27,DiffDock-L default s10/t20,neural_docking,True,True,True,0.4761534386548699,results/posebench_702_predictions/diffdock_l_gpu/posebusters_benchmark/7Q27_8KC/default_s10_t20/predictions/7Q27_8KC/rank1_confidence0.37.sdf,0.37,10.0,,,,35.0,3.0,0.4406779661016949,False,False,posebusters_benchmark::7Q27_8KC
posebusters_benchmark,7Q2B_M6H,7q2b,DiffDock-L default s10/t20,neural_docking,True,True,False,6.643277783594481,results/posebench_702_predictions/diffdock_l_gpu/posebusters_benchmark/7Q2B_M6H/default_s10_t20/predictions/7Q2B_M6H/rank1_confidence-1.69.sdf,-1.69,10.0,,,,12.0,0.0,0.3461538461538461,False,False,posebusters_benchmark::7Q2B_M6H
posebusters_benchmark,7Q5I_I0F,7q5i,DiffDock-L default s10/t20,neural_docking,True,True,True,1.6280947823669143,results/posebench_702_predictions/diffdock_l_gpu/posebusters_benchmark/7Q5I_I0F/default_s10_t20/predictions/7Q5I_I0F/rank1_confidence-0.10.sdf,-0.1,10.0,,,,27.0,5.0,0.3050847457627119,False,False,posebusters_benchmark::7Q5I_I0F
posebusters_benchmark,7QE4_NGA,7qe4,DiffDock-L default s10/t20,neural_docking,True,True,False,2.216298797996336,results/posebench_702_predictions/diffdock_l_gpu/posebusters_benchmark/7QE4_NGA/default_s10_t20/predictions/7QE4_NGA/rank1_confidence-0.79.sdf,-0.79,10.0,,,,15.0,5.0,1.0,True,False,posebusters_benchmark::7QE4_NGA
posebusters_benchmark,7QF4_RBF,7qf4,DiffDock-L default s10/t20,neural_docking,True,True,True,0.2926404132745194,results/posebench_702_predictions/diffdock_l_gpu/posebusters_benchmark/7QF4_RBF/default_s10_t20/predictions/7QF4_RBF/rank1_confidence0.38.sdf,0.38,10.0,,,,27.0,3.0,0.7368421052631579,True,False,posebusters_benchmark::7QF4_RBF
posebusters_benchmark,7QFM_AY3,7qfm,DiffDock-L default s10/t20,neural_docking,True,True,True,1.7818384406281051,results/posebench_702_predictions/diffdock_l_gpu/posebusters_benchmark/7QFM_AY3/default_s10_t20/predictions/7QFM_AY3/rank1_confidence-0.07.sdf,-0.07,10.0,,,,20.0,0.0,0.4565217391304347,False,False,posebusters_benchmark::7QFM_AY3
posebusters_benchmark,7QGP_DJ8,7qgp,DiffDock-L default s10/t20,neural_docking,True,True,True,0.8825250903758244,results/posebench_702_predictions/diffdock_l_gpu/posebusters_benchmark/7QGP_DJ8/default_s10_t20/predictions/7QGP_DJ8/rank1_confidence0.18.sdf,0.18,10.0,,,,35.0,0.0,0.3010752688172043,False,False,posebusters_benchmark::7QGP_DJ8
posebusters_benchmark,7QHG_T3B,7qhg,DiffDock-L default s10/t20,neural_docking,True,True,True,1.2473747758506957,results/posebench_702_predictions/diffdock_l_gpu/posebusters_benchmark/7QHG_T3B/default_s10_t20/predictions/7QHG_T3B/rank1_confidence-0.58.sdf,-0.58,10.0,,,,42.0,0.0,0.2875,False,False,posebusters_benchmark::7QHG_T3B
posebusters_benchmark,7QHL_D5P,7qhl,DiffDock-L default s10/t20,neural_docking,True,True,True,1.421090586486308,results/posebench_702_predictions/diffdock_l_gpu/posebusters_benchmark/7QHL_D5P/default_s10_t20/predictions/7QHL_D5P/rank1_confidence-0.06.sdf,-0.06,10.0,,,,30.0,0.0,1.0,True,True,posebusters_benchmark::7QHL_D5P
posebusters_benchmark,7QK0_EBL,7qk0,DiffDock-L default s10/t20,neural_docking,True,True,False,26.55956777048032,results/posebench_702_predictions/diffdock_l_gpu/posebusters_benchmark/7QK0_EBL/default_s10_t20/predictions/7QK0_EBL/rank1_confidence-0.68.sdf,-0.68,10.0,,,,38.0,3.0,1.0,True,True,posebusters_benchmark::7QK0_EBL
posebusters_benchmark,7QPP_VDX,7qpp,DiffDock-L default s10/t20,neural_docking,True,True,True,0.5720033700366925,results/posebench_702_predictions/diffdock_l_gpu/posebusters_benchmark/7QPP_VDX/default_s10_t20/predictions/7QPP_VDX/rank1_confidence0.25.sdf,0.25,10.0,,,,30.0,6.0,0.8548387096774194,True,False,posebusters_benchmark::7QPP_VDX
posebusters_benchmark,7QSW_CAP,7qsw,DiffDock-L default s10/t20,neural_docking,True,True,True,0.9696090731639752,results/posebench_702_predictions/diffdock_l_gpu/posebusters_benchmark/7QSW_CAP/default_s10_t20/predictions/7QSW_CAP/rank1_confidence-0.19.sdf,-0.19,10.0,,,,21.0,3.0,0.4736842105263157,False,False,posebusters_benchmark::7QSW_CAP
posebusters_benchmark,7QTA_URI,7qta,DiffDock-L default s10/t20,neural_docking,True,True,False,36.2024423374917,results/posebench_702_predictions/diffdock_l_gpu/posebusters_benchmark/7QTA_URI/default_s10_t20/predictions/7QTA_URI/rank1_confidence-1.41.sdf,-1.41,10.0,,,,17.0,4.0,1.0,True,False,posebusters_benchmark::7QTA_URI
posebusters_benchmark,7R3D_APR,7r3d,DiffDock-L default s10/t20,neural_docking,True,True,False,44.5733964525428,results/posebench_702_predictions/diffdock_l_gpu/posebusters_benchmark/7R3D_APR/default_s10_t20/predictions/7R3D_APR/rank1_confidence-1.00.sdf,-1.0,10.0,,,,36.0,10.0,1.0,True,False,posebusters_benchmark::7R3D_APR
posebusters_benchmark,7R59_I5F,7r59,DiffDock-L default s10/t20,neural_docking,True,True,True,0.4276907320806615,results/posebench_702_predictions/diffdock_l_gpu/posebusters_benchmark/7R59_I5F/default_s10_t20/predictions/7R59_I5F/rank1_confidence0.83.sdf,0.83,10.0,,,,13.0,0.0,0.6666666666666666,True,False,posebusters_benchmark::7R59_I5F
posebusters_benchmark,7R6J_2I7,7r6j,DiffDock-L default s10/t20,neural_docking,True,True,False,3.129293833206695,results/posebench_702_predictions/diffdock_l_gpu/posebusters_benchmark/7R6J_2I7/default_s10_t20/predictions/7R6J_2I7/rank1_confidence-2.55.sdf,-2.55,10.0,,,,33.0,4.0,0.2638888888888889,False,False,posebusters_benchmark::7R6J_2I7
posebusters_benchmark,7R7R_AWJ,7r7r,DiffDock-L default s10/t20,neural_docking,True,True,True,0.3699349357206836,results/posebench_702_predictions/diffdock_l_gpu/posebusters_benchmark/7R7R_AWJ/default_s10_t20/predictions/7R7R_AWJ/rank1_confidence0.06.sdf,0.06,10.0,,,,33.0,2.0,1.0,True,True,posebusters_benchmark::7R7R_AWJ
posebusters_benchmark,7R9N_F97,7r9n,DiffDock-L default s10/t20,neural_docking,True,True,False,59.06469007583564,results/posebench_702_predictions/diffdock_l_gpu/posebusters_benchmark/7R9N_F97/default_s10_t20/predictions/7R9N_F97/rank1_confidence0.81.sdf,0.81,10.0,,,,31.0,1.0,1.0,True,True,posebusters_benchmark::7R9N_F97
posebusters_benchmark,7RC3_SAH,7rc3,DiffDock-L default s10/t20,neural_docking,True,True,True,0.5254670362200153,results/posebench_702_predictions/diffdock_l_gpu/posebusters_benchmark/7RC3_SAH/default_s10_t20/predictions/7RC3_SAH/rank1_confidence0.24.sdf,0.24,10.0,,,,26.0,5.0,1.0,True,False,posebusters_benchmark::7RC3_SAH
posebusters_benchmark,7REE_4LY,7ree,DiffDock-L default s10/t20,neural_docking,True,True,True,1.4490492200552942,results/posebench_702_predictions/diffdock_l_gpu/posebusters_benchmark/7REE_4LY/default_s10_t20/predictions/7REE_4LY/rank1_confidence-0.25.sdf,-0.25,10.0,,,,42.0,0.0,0.25,False,False,posebusters_benchmark::7REE_4LY
posebusters_benchmark,7RH3_59O,7rh3,DiffDock-L default s10/t20,neural_docking,True,True,False,2.374703134016099,results/posebench_702_predictions/diffdock_l_gpu/posebusters_benchmark/7RH3_59O/default_s10_t20/predictions/7RH3_59O/rank1_confidence-1.10.sdf,-1.1,10.0,,,,34.0,5.0,1.0,True,True,posebusters_benchmark::7RH3_59O
posebusters_benchmark,7RH8_UTP,7rh8,DiffDock-L default s10/t20,neural_docking,True,True,False,29.55608431928392,results/posebench_702_predictions/diffdock_l_gpu/posebusters_benchmark/7RH8_UTP/default_s10_t20/predictions/7RH8_UTP/rank1_confidence-0.37.sdf,-0.37,10.0,,,,29.0,6.0,1.0,True,False,posebusters_benchmark::7RH8_UTP
posebusters_benchmark,7RKW_5TV,7rkw,DiffDock-L default s10/t20,neural_docking,True,True,False,6.201917086062986,results/posebench_702_predictions/diffdock_l_gpu/posebusters_benchmark/7RKW_5TV/default_s10_t20/predictions/7RKW_5TV/rank1_confidence-1.20.sdf,-1.2,10.0,,,,25.0,1.0,0.2816901408450704,False,False,posebusters_benchmark::7RKW_5TV
posebusters_benchmark,7RNI_60I,7rni,DiffDock-L default s10/t20,neural_docking,True,True,False,6.289093534663157,results/posebench_702_predictions/diffdock_l_gpu/posebusters_benchmark/7RNI_60I/default_s10_t20/predictions/7RNI_60I/rank1_confidence-2.00.sdf,-2.0,10.0,,,,31.0,0.0,0.3375,False,False,posebusters_benchmark::7RNI_60I
posebusters_benchmark,7ROR_69X,7ror,DiffDock-L default s10/t20,neural_docking,True,True,False,42.7302431527534,results/posebench_702_predictions/diffdock_l_gpu/posebusters_benchmark/7ROR_69X/default_s10_t20/predictions/7ROR_69X/rank1_confidence0.01.sdf,0.01,10.0,,,,35.0,6.0,1.0,True,True,posebusters_benchmark::7ROR_69X
posebusters_benchmark,7ROU_66I,7rou,DiffDock-L default s10/t20,neural_docking,True,True,True,0.900380069036376,results/posebench_702_predictions/diffdock_l_gpu/posebusters_benchmark/7ROU_66I/default_s10_t20/predictions/7ROU_66I/rank1_confidence-0.53.sdf,-0.53,10.0,,,,39.0,5.0,1.0,True,False,posebusters_benchmark::7ROU_66I
posebusters_benchmark,7RPZ_6IC,7rpz,DiffDock-L default s10/t20,neural_docking,True,True,True,1.5585238586414214,results/posebench_702_predictions/diffdock_l_gpu/posebusters_benchmark/7RPZ_6IC/default_s10_t20/predictions/7RPZ_6IC/rank1_confidence-1.09.sdf,-1.09,10.0,,,,44.0,4.0,0.2366412213740458,False,False,posebusters_benchmark::7RPZ_6IC
posebusters_benchmark,7RSV_7IQ,7rsv,DiffDock-L default s10/t20,neural_docking,True,True,True,1.57921471703502,results/posebench_702_predictions/diffdock_l_gpu/posebusters_benchmark/7RSV_7IQ/default_s10_t20/predictions/7RSV_7IQ/rank1_confidence1.07.sdf,1.07,10.0,,,,20.0,3.0,1.0,True,True,posebusters_benchmark::7RSV_7IQ
posebusters_benchmark,7RUI_7QZ,7rui,DiffDock-L default s10/t20,neural_docking,True,True,True,1.1807218198552747,results/posebench_702_predictions/diffdock_l_gpu/posebusters_benchmark/7RUI_7QZ/default_s10_t20/predictions/7RUI_7QZ/rank1_confidence-0.53.sdf,-0.53,10.0,,,,51.0,0.0,0.2307692307692307,False,False,posebusters_benchmark::7RUI_7QZ
posebusters_benchmark,7RWO_7WN,7rwo,DiffDock-L default s10/t20,neural_docking,True,True,True,1.9172768469889785,results/posebench_702_predictions/diffdock_l_gpu/posebusters_benchmark/7RWO_7WN/default_s10_t20/predictions/7RWO_7WN/rank1_confidence-0.07.sdf,-0.07,10.0,,,,20.0,0.0,0.4629629629629629,False,False,posebusters_benchmark::7RWO_7WN
posebusters_benchmark,7RWS_4UR,7rws,DiffDock-L default s10/t20,neural_docking,True,True,False,5.069252823247229,results/posebench_702_predictions/diffdock_l_gpu/posebusters_benchmark/7RWS_4UR/default_s10_t20/predictions/7RWS_4UR/rank1_confidence-1.61.sdf,-1.61,10.0,,,,45.0,10.0,0.8153846153846154,False,False,posebusters_benchmark::7RWS_4UR
posebusters_benchmark,7RZL_NPO,7rzl,DiffDock-L default s10/t20,neural_docking,True,True,False,3.667441346497582,results/posebench_702_predictions/diffdock_l_gpu/posebusters_benchmark/7RZL_NPO/default_s10_t20/predictions/7RZL_NPO/rank1_confidence-0.47.sdf,-0.47,10.0,,,,10.0,0.0,0.56,True,False,posebusters_benchmark::7RZL_NPO
posebusters_benchmark,7S45_ACO,7s45,DiffDock-L default s10/t20,neural_docking,True,True,False,22.038222265921476,results/posebench_702_predictions/diffdock_l_gpu/posebusters_benchmark/7S45_ACO/default_s10_t20/predictions/7S45_ACO/rank1_confidence-2.76.sdf,-2.76,10.0,,,,51.0,7.0,0.8555555555555555,True,False,posebusters_benchmark::7S45_ACO
posebusters_benchmark,7S9H_7PP,7s9h,DiffDock-L default s10/t20,neural_docking,True,True,True,0.6960316297806967,results/posebench_702_predictions/diffdock_l_gpu/posebusters_benchmark/7S9H_7PP/default_s10_t20/predictions/7S9H_7PP/rank1_confidence-0.28.sdf,-0.28,10.0,,,,29.0,0.0,0.2558139534883721,False,False,posebusters_benchmark::7S9H_7PP
posebusters_benchmark,7SCW_GSP,7scw,DiffDock-L default s10/t20,neural_docking,True,True,True,0.6458594753311284,results/posebench_702_predictions/diffdock_l_gpu/posebusters_benchmark/7SCW_GSP/default_s10_t20/predictions/7SCW_GSP/rank1_confidence0.79.sdf,0.79,10.0,,,,32.0,6.0,1.0,True,True,posebusters_benchmark::7SCW_GSP
posebusters_benchmark,7SDD_4IP,7sdd,DiffDock-L default s10/t20,neural_docking,True,True,False,2.180399103866734,results/posebench_702_predictions/diffdock_l_gpu/posebusters_benchmark/7SDD_4IP/default_s10_t20/predictions/7SDD_4IP/rank1_confidence-0.91.sdf,-0.91,10.0,,,,28.0,6.0,1.0,True,True,posebusters_benchmark::7SDD_4IP
posebusters_benchmark,7SED_8VD,7sed,DiffDock-L default s10/t20,neural_docking,True,True,True,1.8983408773111825,results/posebench_702_predictions/diffdock_l_gpu/posebusters_benchmark/7SED_8VD/default_s10_t20/predictions/7SED_8VD/rank1_confidence-0.18.sdf,-0.18,10.0,,,,17.0,0.0,0.28,False,False,posebusters_benchmark::7SED_8VD
posebusters_benchmark,7SFO_98L,7sfo,DiffDock-L default s10/t20,neural_docking,True,True,False,29.512516028119325,results/posebench_702_predictions/diffdock_l_gpu/posebusters_benchmark/7SFO_98L/default_s10_t20/predictions/7SFO_98L/rank1_confidence-0.83.sdf,-0.83,10.0,,,,25.0,0.0,1.0,True,True,posebusters_benchmark::7SFO_98L
posebusters_benchmark,7SGV_L30,7sgv,DiffDock-L default s10/t20,neural_docking,True,True,False,4.6250804309933775,results/posebench_702_predictions/diffdock_l_gpu/posebusters_benchmark/7SGV_L30/default_s10_t20/predictions/7SGV_L30/rank1_confidence-0.51.sdf,-0.51,10.0,,,,19.0,0.0,0.4473684210526316,False,False,posebusters_benchmark::7SGV_L30
posebusters_benchmark,7SIU_9ID,7siu,DiffDock-L default s10/t20,neural_docking,True,True,True,1.3670187438835766,results/posebench_702_predictions/diffdock_l_gpu/posebusters_benchmark/7SIU_9ID/default_s10_t20/predictions/7SIU_9ID/rank1_confidence0.45.sdf,0.45,10.0,,,,31.0,1.0,1.0,True,True,posebusters_benchmark::7SIU_9ID
posebusters_benchmark,7SNE_9XR,7sne,DiffDock-L default s10/t20,neural_docking,True,True,False,39.195375883106415,results/posebench_702_predictions/diffdock_l_gpu/posebusters_benchmark/7SNE_9XR/default_s10_t20/predictions/7SNE_9XR/rank1_confidence-0.55.sdf,-0.55,10.0,,,,45.0,10.0,0.6621621621621622,False,False,posebusters_benchmark::7SNE_9XR
posebusters_benchmark,7SSM_B7L,7ssm,DiffDock-L default s10/t20,neural_docking,True,True,False,2.671377913961258,results/posebench_702_predictions/diffdock_l_gpu/posebusters_benchmark/7SSM_B7L/default_s10_t20/predictions/7SSM_B7L/rank1_confidence-1.17.sdf,-1.17,10.0,,,,25.0,0.0,0.3150684931506849,False,False,posebusters_benchmark::7SSM_B7L
posebusters_benchmark,7SUC_COM,7suc,DiffDock-L default s10/t20,neural_docking,True,True,False,41.00195836641743,results/posebench_702_predictions/diffdock_l_gpu/posebusters_benchmark/7SUC_COM/default_s10_t20/predictions/7SUC_COM/rank1_confidence0.03.sdf,0.03,10.0,,,,7.0,0.0,0.391304347826087,False,False,posebusters_benchmark::7SUC_COM
posebusters_benchmark,7SZA_DUI,7sza,DiffDock-L default s10/t20,neural_docking,True,True,False,50.1150972587852,results/posebench_702_predictions/diffdock_l_gpu/posebusters_benchmark/7SZA_DUI/default_s10_t20/predictions/7SZA_DUI/rank1_confidence0.56.sdf,0.56,10.0,,,,20.0,1.0,1.0,True,True,posebusters_benchmark::7SZA_DUI
posebusters_benchmark,7T0D_FPP,7t0d,DiffDock-L default s10/t20,neural_docking,True,True,True,0.93111101155197,results/posebench_702_predictions/diffdock_l_gpu/posebusters_benchmark/7T0D_FPP/default_s10_t20/predictions/7T0D_FPP/rank1_confidence-0.49.sdf,-0.49,10.0,,,,24.0,1.0,1.0,False,False,posebusters_benchmark::7T0D_FPP
posebusters_benchmark,7T0U_E3I,7t0u,DiffDock-L default s10/t20,neural_docking,True,True,False,52.05448929060619,results/posebench_702_predictions/diffdock_l_gpu/posebusters_benchmark/7T0U_E3I/default_s10_t20/predictions/7T0U_E3I/rank1_confidence-1.09.sdf,-1.09,10.0,,,,48.0,1.0,0.4224137931034483,False,False,posebusters_benchmark::7T0U_E3I
posebusters_benchmark,7T1D_E7K,7t1d,DiffDock-L default s10/t20,neural_docking,True,True,True,1.1210894605380124,results/posebench_702_predictions/diffdock_l_gpu/posebusters_benchmark/7T1D_E7K/default_s10_t20/predictions/7T1D_E7K/rank1_confidence0.23.sdf,0.23,10.0,,,,34.0,0.0,1.0,True,True,posebusters_benchmark::7T1D_E7K
posebusters_benchmark,7T2I_E9F,7t2i,DiffDock-L default s10/t20,neural_docking,True,True,True,1.3639101541599778,results/posebench_702_predictions/diffdock_l_gpu/posebusters_benchmark/7T2I_E9F/default_s10_t20/predictions/7T2I_E9F/rank1_confidence-0.51.sdf,-0.51,10.0,,,,29.0,2.0,0.3012048192771084,False,False,posebusters_benchmark::7T2I_E9F
posebusters_benchmark,7T3E_SLB,7t3e,DiffDock-L default s10/t20,neural_docking,True,True,True,0.4590273293036255,results/posebench_702_predictions/diffdock_l_gpu/posebusters_benchmark/7T3E_SLB/default_s10_t20/predictions/7T3E_SLB/rank1_confidence-0.29.sdf,-0.29,10.0,,,,21.0,6.0,1.0,True,False,posebusters_benchmark::7T3E_SLB
posebusters_benchmark,7T3F_EM0,7t3f,DiffDock-L default s10/t20,neural_docking,True,True,True,1.424456717196654,results/posebench_702_predictions/diffdock_l_gpu/posebusters_benchmark/7T3F_EM0/default_s10_t20/predictions/7T3F_EM0/rank1_confidence0.14.sdf,0.14,10.0,,,,24.0,0.0,0.2777777777777778,False,False,posebusters_benchmark::7T3F_EM0
posebusters_benchmark,7T9O_GEI,7t9o,DiffDock-L default s10/t20,neural_docking,True,True,False,3.1872789708541016,results/posebench_702_predictions/diffdock_l_gpu/posebusters_benchmark/7T9O_GEI/default_s10_t20/predictions/7T9O_GEI/rank1_confidence-0.76.sdf,-0.76,10.0,,,,41.0,1.0,0.2959183673469387,False,False,posebusters_benchmark::7T9O_GEI
posebusters_benchmark,7TB0_UD1,7tb0,DiffDock-L default s10/t20,neural_docking,True,True,False,56.31443755335771,results/posebench_702_predictions/diffdock_l_gpu/posebusters_benchmark/7TB0_UD1/default_s10_t20/predictions/7TB0_UD1/rank1_confidence-1.11.sdf,-1.11,10.0,,,,39.0,11.0,1.0,True,False,posebusters_benchmark::7TB0_UD1
posebusters_benchmark,7TBU_S3P,7tbu,DiffDock-L default s10/t20,neural_docking,True,True,True,1.3363831039881495,results/posebench_702_predictions/diffdock_l_gpu/posebusters_benchmark/7TBU_S3P/default_s10_t20/predictions/7TBU_S3P/rank1_confidence-0.58.sdf,-0.58,10.0,,,,16.0,3.0,1.0,True,True,posebusters_benchmark::7TBU_S3P
posebusters_benchmark,7TE8_P0T,7te8,DiffDock-L default s10/t20,neural_docking,True,True,False,35.2181449220365,results/posebench_702_predictions/diffdock_l_gpu/posebusters_benchmark/7TE8_P0T/default_s10_t20/predictions/7TE8_P0T/rank1_confidence-0.92.sdf,-0.92,10.0,,,,23.0,2.0,1.0,True,True,posebusters_benchmark::7TE8_P0T
posebusters_benchmark,7TH4_FFO,7th4,DiffDock-L default s10/t20,neural_docking,True,True,False,14.905053732089348,results/posebench_702_predictions/diffdock_l_gpu/posebusters_benchmark/7TH4_FFO/default_s10_t20/predictions/7TH4_FFO/rank1_confidence-1.36.sdf,-1.36,10.0,,,,34.0,2.0,0.5324675324675324,False,False,posebusters_benchmark::7TH4_FFO
posebusters_benchmark,7THI_PGA,7thi,DiffDock-L default s10/t20,neural_docking,True,True,False,3.471349358038681,results/posebench_702_predictions/diffdock_l_gpu/posebusters_benchmark/7THI_PGA/default_s10_t20/predictions/7THI_PGA/rank1_confidence-0.11.sdf,-0.11,10.0,,,,9.0,0.0,0.4285714285714285,False,False,posebusters_benchmark::7THI_PGA
posebusters_benchmark,7TM6_GPJ,7tm6,DiffDock-L default s10/t20,neural_docking,True,True,True,0.2770720159092217,results/posebench_702_predictions/diffdock_l_gpu/posebusters_benchmark/7TM6_GPJ/default_s10_t20/predictions/7TM6_GPJ/rank1_confidence0.79.sdf,0.79,10.0,,,,10.0,0.0,1.0,False,True,posebusters_benchmark::7TM6_GPJ
posebusters_benchmark,7TOM_5AD,7tom,DiffDock-L default s10/t20,neural_docking,True,True,False,11.432146997951776,results/posebench_702_predictions/diffdock_l_gpu/posebusters_benchmark/7TOM_5AD/default_s10_t20/predictions/7TOM_5AD/rank1_confidence-2.48.sdf,-2.48,10.0,,,,18.0,4.0,1.0,True,False,posebusters_benchmark::7TOM_5AD
posebusters_benchmark,7TS6_KMI,7ts6,DiffDock-L default s10/t20,neural_docking,True,True,False,27.3076117228275,results/posebench_702_predictions/diffdock_l_gpu/posebusters_benchmark/7TS6_KMI/default_s10_t20/predictions/7TS6_KMI/rank1_confidence-0.82.sdf,-0.82,10.0,,,,17.0,0.0,1.0,True,True,posebusters_benchmark::7TS6_KMI
posebusters_benchmark,7TSF_H4B,7tsf,DiffDock-L default s10/t20,neural_docking,True,True,False,18.519746428752587,results/posebench_702_predictions/diffdock_l_gpu/posebusters_benchmark/7TSF_H4B/default_s10_t20/predictions/7TSF_H4B/rank1_confidence-1.18.sdf,-1.18,10.0,,,,17.0,3.0,1.0,True,True,posebusters_benchmark::7TSF_H4B
posebusters_benchmark,7TUO_KL9,7tuo,DiffDock-L default s10/t20,neural_docking,True,True,False,15.095746305698173,results/posebench_702_predictions/diffdock_l_gpu/posebusters_benchmark/7TUO_KL9/default_s10_t20/predictions/7TUO_KL9/rank1_confidence-1.48.sdf,-1.48,10.0,,,,30.0,3.0,1.0,True,True,posebusters_benchmark::7TUO_KL9
posebusters_benchmark,7TWC_CXS,7twc,DiffDock-L default s10/t20,neural_docking,True,True,False,9.769348060168308,results/posebench_702_predictions/diffdock_l_gpu/posebusters_benchmark/7TWC_CXS/default_s10_t20/predictions/7TWC_CXS/rank1_confidence-1.49.sdf,-1.49,10.0,,,,14.0,0.0,0.7857142857142857,True,False,posebusters_benchmark::7TWC_CXS
posebusters_benchmark,7TXK_LW8,7txk,DiffDock-L default s10/t20,neural_docking,True,True,False,36.38932152624814,results/posebench_702_predictions/diffdock_l_gpu/posebusters_benchmark/7TXK_LW8/default_s10_t20/predictions/7TXK_LW8/rank1_confidence0.14.sdf,0.14,10.0,,,,15.0,1.0,1.0,True,True,posebusters_benchmark::7TXK_LW8
posebusters_benchmark,7TXP_0FX,7txp,DiffDock-L default s10/t20,neural_docking,True,True,True,1.1092774321280372,results/posebench_702_predictions/diffdock_l_gpu/posebusters_benchmark/7TXP_0FX/default_s10_t20/predictions/7TXP_0FX/rank1_confidence-1.27.sdf,-1.27,10.0,,,,35.0,10.0,1.0,True,True,posebusters_benchmark::7TXP_0FX
posebusters_benchmark,7TYP_KUR,7typ,DiffDock-L default s10/t20,neural_docking,True,True,False,4.1738109582412966,results/posebench_702_predictions/diffdock_l_gpu/posebusters_benchmark/7TYP_KUR/default_s10_t20/predictions/7TYP_KUR/rank1_confidence-0.69.sdf,-0.69,10.0,,,,37.0,0.0,0.2365591397849462,False,False,posebusters_benchmark::7TYP_KUR
posebusters_benchmark,7U0U_FK5,7u0u,DiffDock-L default s10/t20,neural_docking,True,True,False,2.749070770789108,results/posebench_702_predictions/diffdock_l_gpu/posebusters_benchmark/7U0U_FK5/default_s10_t20/predictions/7U0U_FK5/rank1_confidence-1.29.sdf,-1.29,10.0,,,,57.0,14.0,0.8791208791208791,True,False,posebusters_benchmark::7U0U_FK5
posebusters_benchmark,7U3J_L6U,7u3j,DiffDock-L default s10/t20,neural_docking,True,True,False,3.515863922431104,results/posebench_702_predictions/diffdock_l_gpu/posebusters_benchmark/7U3J_L6U/default_s10_t20/predictions/7U3J_L6U/rank1_confidence-1.52.sdf,-1.52,10.0,,,,38.0,2.0,0.3111111111111111,False,False,posebusters_benchmark::7U3J_L6U
posebusters_benchmark,7UAS_MBU,7uas,DiffDock-L default s10/t20,neural_docking,True,True,True,1.2621769751108596,results/posebench_702_predictions/diffdock_l_gpu/posebusters_benchmark/7UAS_MBU/default_s10_t20/predictions/7UAS_MBU/rank1_confidence0.05.sdf,0.05,10.0,,,,40.0,1.0,1.0,True,True,posebusters_benchmark::7UAS_MBU
posebusters_benchmark,7UAW_MF6,7uaw,DiffDock-L default s10/t20,neural_docking,True,True,False,4.846965349400151,results/posebench_702_predictions/diffdock_l_gpu/posebusters_benchmark/7UAW_MF6/default_s10_t20/predictions/7UAW_MF6/rank1_confidence-1.02.sdf,-1.02,10.0,,,,35.0,10.0,1.0,True,True,posebusters_benchmark::7UAW_MF6
posebusters_benchmark,7UEY_N0R,7uey,DiffDock-L default s10/t20,neural_docking,True,True,False,21.58088192087995,results/posebench_702_predictions/diffdock_l_gpu/posebusters_benchmark/7UEY_N0R/default_s10_t20/predictions/7UEY_N0R/rank1_confidence-1.15.sdf,-1.15,10.0,,,,27.0,0.0,0.6481481481481481,True,False,posebusters_benchmark::7UEY_N0R
posebusters_benchmark,7UF2_5SP,7uf2,DiffDock-L default s10/t20,neural_docking,True,True,True,1.427243377734055,results/posebench_702_predictions/diffdock_l_gpu/posebusters_benchmark/7UF2_5SP/default_s10_t20/predictions/7UF2_5SP/rank1_confidence-0.07.sdf,-0.07,10.0,,,,14.0,2.0,1.0,False,False,posebusters_benchmark::7UF2_5SP
posebusters_benchmark,7UJ4_OQ4,7uj4,DiffDock-L default s10/t20,neural_docking,True,True,False,35.47176242353333,results/posebench_702_predictions/diffdock_l_gpu/posebusters_benchmark/7UJ4_OQ4/default_s10_t20/predictions/7UJ4_OQ4/rank1_confidence0.13.sdf,0.13,10.0,,,,44.0,0.0,1.0,True,True,posebusters_benchmark::7UJ4_OQ4
posebusters_benchmark,7UJ5_DGL,7uj5,DiffDock-L default s10/t20,neural_docking,True,True,False,43.57754435362323,results/posebench_702_predictions/diffdock_l_gpu/posebusters_benchmark/7UJ5_DGL/default_s10_t20/predictions/7UJ5_DGL/rank1_confidence0.51.sdf,0.51,10.0,,,,10.0,1.0,1.0,False,False,posebusters_benchmark::7UJ5_DGL
posebusters_benchmark,7UJF_R3V,7ujf,DiffDock-L default s10/t20,neural_docking,True,True,False,31.487638796036894,results/posebench_702_predictions/diffdock_l_gpu/posebusters_benchmark/7UJF_R3V/default_s10_t20/predictions/7UJF_R3V/rank1_confidence-0.52.sdf,-0.52,10.0,,,,32.0,3.0,1.0,True,True,posebusters_benchmark::7UJF_R3V
posebusters_benchmark,7ULC_56B,7ulc,DiffDock-L default s10/t20,neural_docking,True,True,False,51.174895906782254,results/posebench_702_predictions/diffdock_l_gpu/posebusters_benchmark/7ULC_56B/default_s10_t20/predictions/7ULC_56B/rank1_confidence-0.44.sdf,-0.44,10.0,,,,33.0,7.0,1.0,True,False,posebusters_benchmark::7ULC_56B
posebusters_benchmark,7UMV_NUU,7umv,DiffDock-L default s10/t20,neural_docking,True,True,False,17.001141106488333,results/posebench_702_predictions/diffdock_l_gpu/posebusters_benchmark/7UMV_NUU/default_s10_t20/predictions/7UMV_NUU/rank1_confidence-1.07.sdf,-1.07,10.0,,,,22.0,0.0,0.532258064516129,False,False,posebusters_benchmark::7UMV_NUU
posebusters_benchmark,7UMW_NAD,7umw,DiffDock-L default s10/t20,neural_docking,True,True,False,34.679239363358825,results/posebench_702_predictions/diffdock_l_gpu/posebusters_benchmark/7UMW_NAD/default_s10_t20/predictions/7UMW_NAD/rank1_confidence-0.38.sdf,-0.38,10.0,,,,44.0,10.0,1.0,True,False,posebusters_benchmark::7UMW_NAD
posebusters_benchmark,7UP3_NZ0,7up3,DiffDock-L default s10/t20,neural_docking,True,True,True,1.9364342673427184,results/posebench_702_predictions/diffdock_l_gpu/posebusters_benchmark/7UP3_NZ0/default_s10_t20/predictions/7UP3_NZ0/rank1_confidence0.02.sdf,0.02,10.0,,,,23.0,0.0,0.3636363636363636,False,False,posebusters_benchmark::7UP3_NZ0
posebusters_benchmark,7UQ3_O2U,7uq3,DiffDock-L default s10/t20,neural_docking,True,True,True,0.9116921433064268,results/posebench_702_predictions/diffdock_l_gpu/posebusters_benchmark/7UQ3_O2U/default_s10_t20/predictions/7UQ3_O2U/rank1_confidence0.89.sdf,0.89,10.0,,,,12.0,1.0,0.2333333333333333,False,False,posebusters_benchmark::7UQ3_O2U
posebusters_benchmark,7USH_82V,7ush,DiffDock-L default s10/t20,neural_docking,True,True,True,0.4584939207717101,results/posebench_702_predictions/diffdock_l_gpu/posebusters_benchmark/7USH_82V/default_s10_t20/predictions/7USH_82V/rank1_confidence0.67.sdf,0.67,10.0,,,,26.0,0.0,1.0,True,True,posebusters_benchmark::7USH_82V
posebusters_benchmark,7UTW_NAI,7utw,DiffDock-L default s10/t20,neural_docking,True,True,True,0.9289302619631404,results/posebench_702_predictions/diffdock_l_gpu/posebusters_benchmark/7UTW_NAI/default_s10_t20/predictions/7UTW_NAI/rank1_confidence-0.09.sdf,-0.09,10.0,,,,44.0,10.0,1.0,True,True,posebusters_benchmark::7UTW_NAI
posebusters_benchmark,7UXS_OJC,7uxs,DiffDock-L default s10/t20,neural_docking,True,True,True,1.539437855192603,results/posebench_702_predictions/diffdock_l_gpu/posebusters_benchmark/7UXS_OJC/default_s10_t20/predictions/7UXS_OJC/rank1_confidence-0.96.sdf,-0.96,10.0,,,,35.0,10.0,1.0,True,True,posebusters_benchmark::7UXS_OJC
posebusters_benchmark,7UY4_SMI,7uy4,DiffDock-L default s10/t20,neural_docking,True,True,False,4.065766442863716,results/posebench_702_predictions/diffdock_l_gpu/posebusters_benchmark/7UY4_SMI/default_s10_t20/predictions/7UY4_SMI/rank1_confidence-2.48.sdf,-2.48,10.0,,,,24.0,9.0,1.0,True,True,posebusters_benchmark::7UY4_SMI
posebusters_benchmark,7UYB_OK0,7uyb,DiffDock-L default s10/t20,neural_docking,True,True,True,0.9062430422424786,results/posebench_702_predictions/diffdock_l_gpu/posebusters_benchmark/7UYB_OK0/default_s10_t20/predictions/7UYB_OK0/rank1_confidence0.19.sdf,0.19,10.0,,,,31.0,0.0,0.2631578947368421,False,False,posebusters_benchmark::7UYB_OK0
posebusters_benchmark,7V14_ORU,7v14,DiffDock-L default s10/t20,neural_docking,True,True,True,0.8603683264409823,results/posebench_702_predictions/diffdock_l_gpu/posebusters_benchmark/7V14_ORU/default_s10_t20/predictions/7V14_ORU/rank1_confidence1.07.sdf,1.07,10.0,,,,35.0,1.0,0.7948717948717948,False,False,posebusters_benchmark::7V14_ORU
posebusters_benchmark,7V3N_AKG,7v3n,DiffDock-L default s10/t20,neural_docking,True,True,False,2.7950412572983603,results/posebench_702_predictions/diffdock_l_gpu/posebusters_benchmark/7V3N_AKG/default_s10_t20/predictions/7V3N_AKG/rank1_confidence-0.05.sdf,-0.05,10.0,,,,10.0,0.0,1.0,False,False,posebusters_benchmark::7V3N_AKG
posebusters_benchmark,7V3S_5I9,7v3s,DiffDock-L default s10/t20,neural_docking,True,True,True,0.4467080914281367,results/posebench_702_predictions/diffdock_l_gpu/posebusters_benchmark/7V3S_5I9/default_s10_t20/predictions/7V3S_5I9/rank1_confidence0.51.sdf,0.51,10.0,,,,38.0,0.0,1.0,True,True,posebusters_benchmark::7V3S_5I9
posebusters_benchmark,7V43_C4O,7v43,DiffDock-L default s10/t20,neural_docking,True,True,False,10.952482302827518,results/posebench_702_predictions/diffdock_l_gpu/posebusters_benchmark/7V43_C4O/default_s10_t20/predictions/7V43_C4O/rank1_confidence-0.74.sdf,-0.74,10.0,,,,8.0,0.0,1.0,True,True,posebusters_benchmark::7V43_C4O
posebusters_benchmark,7V8Z_5YH,7v8z,DiffDock-L default s10/t20,neural_docking,True,True,False,3.0377863043999653,results/posebench_702_predictions/diffdock_l_gpu/posebusters_benchmark/7V8Z_5YH/default_s10_t20/predictions/7V8Z_5YH/rank1_confidence-0.07.sdf,-0.07,10.0,,,,25.0,1.0,0.2571428571428571,False,False,posebusters_benchmark::7V8Z_5YH
posebusters_benchmark,7VB8_STL,7vb8,DiffDock-L default s10/t20,neural_docking,True,True,True,0.7656341112783187,results/posebench_702_predictions/diffdock_l_gpu/posebusters_benchmark/7VB8_STL/default_s10_t20/predictions/7VB8_STL/rank1_confidence-0.03.sdf,-0.03,10.0,,,,17.0,0.0,1.0,True,False,posebusters_benchmark::7VB8_STL
posebusters_benchmark,7VBU_6I4,7vbu,DiffDock-L default s10/t20,neural_docking,True,True,False,5.546546911473523,results/posebench_702_predictions/diffdock_l_gpu/posebusters_benchmark/7VBU_6I4/default_s10_t20/predictions/7VBU_6I4/rank1_confidence0.22.sdf,0.22,10.0,,,,17.0,0.0,0.5714285714285714,True,False,posebusters_benchmark::7VBU_6I4
posebusters_benchmark,7VC5_9SF,7vc5,DiffDock-L default s10/t20,neural_docking,True,True,True,0.4344275993660039,results/posebench_702_predictions/diffdock_l_gpu/posebusters_benchmark/7VC5_9SF/default_s10_t20/predictions/7VC5_9SF/rank1_confidence-0.26.sdf,-0.26,10.0,,,,22.0,2.0,0.6721311475409836,True,False,posebusters_benchmark::7VC5_9SF
posebusters_benchmark,7VJT_7IJ,7vjt,DiffDock-L default s10/t20,neural_docking,True,True,True,0.3689072190894295,results/posebench_702_predictions/diffdock_l_gpu/posebusters_benchmark/7VJT_7IJ/default_s10_t20/predictions/7VJT_7IJ/rank1_confidence0.40.sdf,0.4,10.0,,,,27.0,0.0,1.0,True,True,posebusters_benchmark::7VJT_7IJ
posebusters_benchmark,7VKZ_NOJ,7vkz,DiffDock-L default s10/t20,neural_docking,True,True,True,0.8631047392461071,results/posebench_702_predictions/diffdock_l_gpu/posebusters_benchmark/7VKZ_NOJ/default_s10_t20/predictions/7VKZ_NOJ/rank1_confidence-0.53.sdf,-0.53,10.0,,,,11.0,4.0,0.3793103448275862,True,False,posebusters_benchmark::7VKZ_NOJ
posebusters_benchmark,7VQ9_ISY,7vq9,DiffDock-L default s10/t20,neural_docking,True,True,False,5.4022744621396015,results/posebench_702_predictions/diffdock_l_gpu/posebusters_benchmark/7VQ9_ISY/default_s10_t20/predictions/7VQ9_ISY/rank1_confidence-0.45.sdf,-0.45,10.0,,,,14.0,1.0,1.0,False,True,posebusters_benchmark::7VQ9_ISY
posebusters_benchmark,7VWF_K55,7vwf,DiffDock-L default s10/t20,neural_docking,True,True,False,50.829890486200064,results/posebench_702_predictions/diffdock_l_gpu/posebusters_benchmark/7VWF_K55/default_s10_t20/predictions/7VWF_K55/rank1_confidence0.15.sdf,0.15,10.0,,,,33.0,1.0,0.7424242424242424,True,True,posebusters_benchmark::7VWF_K55
posebusters_benchmark,7VYJ_CA0,7vyj,DiffDock-L default s10/t20,neural_docking,True,True,False,16.215632723144758,results/posebench_702_predictions/diffdock_l_gpu/posebusters_benchmark/7VYJ_CA0/default_s10_t20/predictions/7VYJ_CA0/rank1_confidence-1.01.sdf,-1.01,10.0,,,,26.0,5.0,1.0,True,True,posebusters_benchmark::7VYJ_CA0
posebusters_benchmark,7W05_GMP,7w05,DiffDock-L default s10/t20,neural_docking,True,True,False,2.1757182180833987,results/posebench_702_predictions/diffdock_l_gpu/posebusters_benchmark/7W05_GMP/default_s10_t20/predictions/7W05_GMP/rank1_confidence-0.77.sdf,-0.77,10.0,,,,20.0,4.0,0.7272727272727273,True,False,posebusters_benchmark::7W05_GMP
posebusters_benchmark,7W06_ITN,7w06,DiffDock-L default s10/t20,neural_docking,True,True,False,3.5759823097996444,results/posebench_702_predictions/diffdock_l_gpu/posebusters_benchmark/7W06_ITN/default_s10_t20/predictions/7W06_ITN/rank1_confidence-0.57.sdf,-0.57,10.0,,,,9.0,0.0,0.3478260869565217,False,False,posebusters_benchmark::7W06_ITN
posebusters_benchmark,7W6F_8I6,7w6f,DiffDock-L default s10/t20,neural_docking,True,True,False,26.217700126498517,results/posebench_702_predictions/diffdock_l_gpu/posebusters_benchmark/7W6F_8I6/default_s10_t20/predictions/7W6F_8I6/rank1_confidence-1.45.sdf,-1.45,10.0,,,,20.0,0.0,1.0,True,True,posebusters_benchmark::7W6F_8I6
posebusters_benchmark,7WCF_ACP,7wcf,DiffDock-L default s10/t20,neural_docking,True,True,True,1.9213841459034244,results/posebench_702_predictions/diffdock_l_gpu/posebusters_benchmark/7WCF_ACP/default_s10_t20/predictions/7WCF_ACP/rank1_confidence-0.41.sdf,-0.41,10.0,,,,31.0,6.0,1.0,True,True,posebusters_benchmark::7WCF_ACP
posebusters_benchmark,7WDT_NGS,7wdt,DiffDock-L default s10/t20,neural_docking,True,True,True,1.4289616568831036,results/posebench_702_predictions/diffdock_l_gpu/posebusters_benchmark/7WDT_NGS/default_s10_t20/predictions/7WDT_NGS/rank1_confidence-0.17.sdf,-0.17,10.0,,,,19.0,5.0,1.0,True,True,posebusters_benchmark::7WDT_NGS
posebusters_benchmark,7WJB_BGC,7wjb,DiffDock-L default s10/t20,neural_docking,True,True,True,1.4697341497132514,results/posebench_702_predictions/diffdock_l_gpu/posebusters_benchmark/7WJB_BGC/default_s10_t20/predictions/7WJB_BGC/rank1_confidence-0.45.sdf,-0.45,10.0,,,,12.0,5.0,1.0,True,False,posebusters_benchmark::7WJB_BGC
posebusters_benchmark,7WKL_CAQ,7wkl,DiffDock-L default s10/t20,neural_docking,True,True,False,27.685433351854908,results/posebench_702_predictions/diffdock_l_gpu/posebusters_benchmark/7WKL_CAQ/default_s10_t20/predictions/7WKL_CAQ/rank1_confidence-0.36.sdf,-0.36,10.0,,,,8.0,0.0,0.5,True,False,posebusters_benchmark::7WKL_CAQ
posebusters_benchmark,7WL4_JFU,7wl4,DiffDock-L default s10/t20,neural_docking,True,True,False,32.74869820199864,results/posebench_702_predictions/diffdock_l_gpu/posebusters_benchmark/7WL4_JFU/default_s10_t20/predictions/7WL4_JFU/rank1_confidence0.14.sdf,0.14,10.0,,,,34.0,0.0,1.0,True,True,posebusters_benchmark::7WL4_JFU
posebusters_benchmark,7WN5_JGL,7wn5,DiffDock-L default s10/t20,neural_docking,True,True,False,38.76023937864328,results/posebench_702_predictions/diffdock_l_gpu/posebusters_benchmark/7WN5_JGL/default_s10_t20/predictions/7WN5_JGL/rank1_confidence0.66.sdf,0.66,10.0,,,,37.0,0.0,0.3883495145631068,False,False,posebusters_benchmark::7WN5_JGL
posebusters_benchmark,7WPW_F15,7wpw,DiffDock-L default s10/t20,neural_docking,True,True,True,0.9535349967358304,results/posebench_702_predictions/diffdock_l_gpu/posebusters_benchmark/7WPW_F15/default_s10_t20/predictions/7WPW_F15/rank1_confidence0.05.sdf,0.05,10.0,,,,17.0,0.0,1.0,False,False,posebusters_benchmark::7WPW_F15
posebusters_benchmark,7WQQ_5Z6,7wqq,DiffDock-L default s10/t20,neural_docking,True,True,True,0.4370548990857043,results/posebench_702_predictions/diffdock_l_gpu/posebusters_benchmark/7WQQ_5Z6/default_s10_t20/predictions/7WQQ_5Z6/rank1_confidence0.47.sdf,0.47,10.0,,,,27.0,0.0,1.0,True,True,posebusters_benchmark::7WQQ_5Z6
posebusters_benchmark,7WUX_6OI,7wux,DiffDock-L default s10/t20,neural_docking,True,True,False,60.95304025670331,results/posebench_702_predictions/diffdock_l_gpu/posebusters_benchmark/7WUX_6OI/default_s10_t20/predictions/7WUX_6OI/rank1_confidence-1.84.sdf,-1.84,10.0,,,,17.0,3.0,1.0,False,True,posebusters_benchmark::7WUX_6OI
posebusters_benchmark,7WUY_76N,7wuy,DiffDock-L default s10/t20,neural_docking,True,True,False,32.94994946697187,results/posebench_702_predictions/diffdock_l_gpu/posebusters_benchmark/7WUY_76N/default_s10_t20/predictions/7WUY_76N/rank1_confidence-1.74.sdf,-1.74,10.0,,,,30.0,8.0,1.0,True,True,posebusters_benchmark::7WUY_76N
posebusters_benchmark,7WY1_D0L,7wy1,DiffDock-L default s10/t20,neural_docking,True,True,False,66.02170278125043,results/posebench_702_predictions/diffdock_l_gpu/posebusters_benchmark/7WY1_D0L/default_s10_t20/predictions/7WY1_D0L/rank1_confidence-0.99.sdf,-0.99,10.0,,,,26.0,2.0,0.5666666666666667,False,False,posebusters_benchmark::7WY1_D0L
posebusters_benchmark,7X5N_5M5,7x5n,DiffDock-L default s10/t20,neural_docking,True,True,True,1.2975904622286143,results/posebench_702_predictions/diffdock_l_gpu/posebusters_benchmark/7X5N_5M5/default_s10_t20/predictions/7X5N_5M5/rank1_confidence-0.42.sdf,-0.42,10.0,,,,30.0,1.0,1.0,True,False,posebusters_benchmark::7X5N_5M5
posebusters_benchmark,7X9K_8OG,7x9k,DiffDock-L default s10/t20,neural_docking,True,True,True,0.7719553910902713,results/posebench_702_predictions/diffdock_l_gpu/posebusters_benchmark/7X9K_8OG/default_s10_t20/predictions/7X9K_8OG/rank1_confidence0.53.sdf,0.53,10.0,,,,24.0,3.0,1.0,True,False,posebusters_benchmark::7X9K_8OG
posebusters_benchmark,7XBV_APC,7xbv,DiffDock-L default s10/t20,neural_docking,True,True,False,2.579610550626437,results/posebench_702_predictions/diffdock_l_gpu/posebusters_benchmark/7XBV_APC/default_s10_t20/predictions/7XBV_APC/rank1_confidence-1.30.sdf,-1.3,10.0,,,,31.0,6.0,1.0,True,True,posebusters_benchmark::7XBV_APC
posebusters_benchmark,7XEK_9YX,7xek,DiffDock-L default s10/t20,neural_docking,True,True,True,1.457858167125507,results/posebench_702_predictions/diffdock_l_gpu/posebusters_benchmark/7XEK_9YX/default_s10_t20/predictions/7XEK_9YX/rank1_confidence-0.12.sdf,-0.12,10.0,,,,22.0,2.0,1.0,True,True,posebusters_benchmark::7XEK_9YX
posebusters_benchmark,7XFA_D9J,7xfa,DiffDock-L default s10/t20,neural_docking,True,True,True,0.9968834143004474,results/posebench_702_predictions/diffdock_l_gpu/posebusters_benchmark/7XFA_D9J/default_s10_t20/predictions/7XFA_D9J/rank1_confidence-1.23.sdf,-1.23,10.0,,,,41.0,5.0,0.25,False,False,posebusters_benchmark::7XFA_D9J
posebusters_benchmark,7XG5_PLP,7xg5,DiffDock-L default s10/t20,neural_docking,True,True,False,5.532203881196445,results/posebench_702_predictions/diffdock_l_gpu/posebusters_benchmark/7XG5_PLP/default_s10_t20/predictions/7XG5_PLP/rank1_confidence-0.63.sdf,-0.63,10.0,,,,16.0,0.0,1.0,True,False,posebusters_benchmark::7XG5_PLP
posebusters_benchmark,7XI7_4RI,7xi7,DiffDock-L default s10/t20,neural_docking,True,True,True,1.3506950527413653,results/posebench_702_predictions/diffdock_l_gpu/posebusters_benchmark/7XI7_4RI/default_s10_t20/predictions/7XI7_4RI/rank1_confidence0.04.sdf,0.04,10.0,,,,20.0,0.0,1.0,True,True,posebusters_benchmark::7XI7_4RI
posebusters_benchmark,7XIJ_EJ3,7xij,DiffDock-L default s10/t20,neural_docking,True,True,False,2.8385160702220964,results/posebench_702_predictions/diffdock_l_gpu/posebusters_benchmark/7XIJ_EJ3/default_s10_t20/predictions/7XIJ_EJ3/rank1_confidence-0.01.sdf,-0.01,10.0,,,,33.0,0.0,0.525,False,False,posebusters_benchmark::7XIJ_EJ3
posebusters_benchmark,7XJN_NSD,7xjn,DiffDock-L default s10/t20,neural_docking,True,True,False,43.35816711300063,results/posebench_702_predictions/diffdock_l_gpu/posebusters_benchmark/7XJN_NSD/default_s10_t20/predictions/7XJN_NSD/rank1_confidence0.39.sdf,0.39,10.0,,,,9.0,0.0,0.8571428571428571,False,False,posebusters_benchmark::7XJN_NSD
posebusters_benchmark,7XPO_UPG,7xpo,DiffDock-L default s10/t20,neural_docking,True,True,False,42.197479451150606,results/posebench_702_predictions/diffdock_l_gpu/posebusters_benchmark/7XPO_UPG/default_s10_t20/predictions/7XPO_UPG/rank1_confidence-0.55.sdf,-0.55,10.0,,,,36.0,11.0,1.0,True,True,posebusters_benchmark::7XPO_UPG
posebusters_benchmark,7XQZ_FPF,7xqz,DiffDock-L default s10/t20,neural_docking,True,True,False,7.181664112418513,results/posebench_702_predictions/diffdock_l_gpu/posebusters_benchmark/7XQZ_FPF/default_s10_t20/predictions/7XQZ_FPF/rank1_confidence-2.45.sdf,-2.45,10.0,,,,25.0,1.0,1.0,False,True,posebusters_benchmark::7XQZ_FPF
posebusters_benchmark,7XRL_FWK,7xrl,DiffDock-L default s10/t20,neural_docking,True,True,False,50.68550075808559,results/posebench_702_predictions/diffdock_l_gpu/posebusters_benchmark/7XRL_FWK/default_s10_t20/predictions/7XRL_FWK/rank1_confidence-2.87.sdf,-2.87,10.0,,,,19.0,4.0,0.7954545454545454,True,False,posebusters_benchmark::7XRL_FWK
posebusters_benchmark,7YZU_DO7,7yzu,DiffDock-L default s10/t20,neural_docking,True,True,False,3.96875163842486,results/posebench_702_predictions/diffdock_l_gpu/posebusters_benchmark/7YZU_DO7/default_s10_t20/predictions/7YZU_DO7/rank1_confidence-1.11.sdf,-1.11,10.0,,,,16.0,5.0,1.0,True,True,posebusters_benchmark::7YZU_DO7
posebusters_benchmark,7Z1Q_NIO,7z1q,DiffDock-L default s10/t20,neural_docking,True,True,True,1.1568237314109504,results/posebench_702_predictions/diffdock_l_gpu/posebusters_benchmark/7Z1Q_NIO/default_s10_t20/predictions/7Z1Q_NIO/rank1_confidence0.38.sdf,0.38,10.0,,,,9.0,0.0,1.0,True,False,posebusters_benchmark::7Z1Q_NIO
posebusters_benchmark,7Z2O_IAJ,7z2o,DiffDock-L default s10/t20,neural_docking,True,True,False,2.998674526115068,results/posebench_702_predictions/diffdock_l_gpu/posebusters_benchmark/7Z2O_IAJ/default_s10_t20/predictions/7Z2O_IAJ/rank1_confidence0.50.sdf,0.5,10.0,,,,14.0,0.0,0.6410256410256411,True,False,posebusters_benchmark::7Z2O_IAJ
posebusters_benchmark,7Z7F_IF3,7z7f,DiffDock-L default s10/t20,neural_docking,True,True,False,3.40082106283594,results/posebench_702_predictions/diffdock_l_gpu/posebusters_benchmark/7Z7F_IF3/default_s10_t20/predictions/7Z7F_IF3/rank1_confidence-0.45.sdf,-0.45,10.0,,,,14.0,0.0,0.375,True,False,posebusters_benchmark::7Z7F_IF3
posebusters_benchmark,7ZCC_OGA,7zcc,DiffDock-L default s10/t20,neural_docking,True,True,False,41.6125851163323,results/posebench_702_predictions/diffdock_l_gpu/posebusters_benchmark/7ZCC_OGA/default_s10_t20/predictions/7ZCC_OGA/rank1_confidence0.42.sdf,0.42,10.0,,,,10.0,0.0,1.0,False,False,posebusters_benchmark::7ZCC_OGA
posebusters_benchmark,7ZDY_6MJ,7zdy,DiffDock-L default s10/t20,neural_docking,True,True,True,1.0456026870140056,results/posebench_702_predictions/diffdock_l_gpu/posebusters_benchmark/7ZDY_6MJ/default_s10_t20/predictions/7ZDY_6MJ/rank1_confidence-0.60.sdf,-0.6,10.0,,,,11.0,4.0,0.3333333333333333,True,False,posebusters_benchmark::7ZDY_6MJ
posebusters_benchmark,7ZF0_DHR,7zf0,DiffDock-L default s10/t20,neural_docking,True,True,False,2.583218996981022,results/posebench_702_predictions/diffdock_l_gpu/posebusters_benchmark/7ZF0_DHR/default_s10_t20/predictions/7ZF0_DHR/rank1_confidence-0.67.sdf,-0.67,10.0,,,,11.0,1.0,1.0,True,True,posebusters_benchmark::7ZF0_DHR
posebusters_benchmark,7ZHP_IQY,7zhp,DiffDock-L default s10/t20,neural_docking,True,True,True,0.4537049224624588,results/posebench_702_predictions/diffdock_l_gpu/posebusters_benchmark/7ZHP_IQY/default_s10_t20/predictions/7ZHP_IQY/rank1_confidence1.02.sdf,1.02,10.0,,,,27.0,0.0,0.2777777777777778,False,False,posebusters_benchmark::7ZHP_IQY
posebusters_benchmark,7ZL5_IWE,7zl5,DiffDock-L default s10/t20,neural_docking,True,True,True,1.168678434219052,results/posebench_702_predictions/diffdock_l_gpu/posebusters_benchmark/7ZL5_IWE/default_s10_t20/predictions/7ZL5_IWE/rank1_confidence0.14.sdf,0.14,10.0,,,,23.0,0.0,1.0,True,True,posebusters_benchmark::7ZL5_IWE
posebusters_benchmark,7ZOC_T8E,7zoc,DiffDock-L default s10/t20,neural_docking,True,True,True,0.4864948557453278,results/posebench_702_predictions/diffdock_l_gpu/posebusters_benchmark/7ZOC_T8E/default_s10_t20/predictions/7ZOC_T8E/rank1_confidence0.77.sdf,0.77,10.0,,,,15.0,1.0,0.4615384615384615,True,False,posebusters_benchmark::7ZOC_T8E
posebusters_benchmark,7ZTL_BCN,7ztl,DiffDock-L default s10/t20,neural_docking,True,True,False,18.9801240895455,results/posebench_702_predictions/diffdock_l_gpu/posebusters_benchmark/7ZTL_BCN/default_s10_t20/predictions/7ZTL_BCN/rank1_confidence-1.57.sdf,-1.57,10.0,,,,11.0,0.0,1.0,False,False,posebusters_benchmark::7ZTL_BCN
posebusters_benchmark,7ZU2_DHT,7zu2,DiffDock-L default s10/t20,neural_docking,True,True,True,0.3722644745978578,results/posebench_702_predictions/diffdock_l_gpu/posebusters_benchmark/7ZU2_DHT/default_s10_t20/predictions/7ZU2_DHT/rank1_confidence0.89.sdf,0.89,10.0,,,,21.0,7.0,1.0,True,False,posebusters_benchmark::7ZU2_DHT
posebusters_benchmark,7ZXV_45D,7zxv,DiffDock-L default s10/t20,neural_docking,True,True,True,0.7011039485459104,results/posebench_702_predictions/diffdock_l_gpu/posebusters_benchmark/7ZXV_45D/default_s10_t20/predictions/7ZXV_45D/rank1_confidence-0.23.sdf,-0.23,10.0,,,,42.0,0.0,1.0,True,False,posebusters_benchmark::7ZXV_45D
posebusters_benchmark,7ZXZ_K9R,7zxz,DiffDock-L default s10/t20,neural_docking,True,True,False,3.443781370203047,results/posebench_702_predictions/diffdock_l_gpu/posebusters_benchmark/7ZXZ_K9R/default_s10_t20/predictions/7ZXZ_K9R/rank1_confidence-0.54.sdf,-0.54,10.0,,,,33.0,5.0,1.0,True,True,posebusters_benchmark::7ZXZ_K9R
posebusters_benchmark,7ZYS_KNR,7zys,DiffDock-L default s10/t20,neural_docking,True,True,False,3.9280510079601,results/posebench_702_predictions/diffdock_l_gpu/posebusters_benchmark/7ZYS_KNR/default_s10_t20/predictions/7ZYS_KNR/rank1_confidence-2.11.sdf,-2.11,10.0,,,,44.0,3.0,0.2792792792792792,False,False,posebusters_benchmark::7ZYS_KNR
posebusters_benchmark,7ZZB_KGX,7zzb,DiffDock-L default s10/t20,neural_docking,True,True,False,6.8526030604807255,results/posebench_702_predictions/diffdock_l_gpu/posebusters_benchmark/7ZZB_KGX/default_s10_t20/predictions/7ZZB_KGX/rank1_confidence-2.06.sdf,-2.06,10.0,,,,51.0,8.0,0.8641975308641975,True,False,posebusters_benchmark::7ZZB_KGX
posebusters_benchmark,7ZZW_KKW,7zzw,DiffDock-L default s10/t20,neural_docking,True,True,False,53.54493521909972,results/posebench_702_predictions/diffdock_l_gpu/posebusters_benchmark/7ZZW_KKW/default_s10_t20/predictions/7ZZW_KKW/rank1_confidence0.03.sdf,0.03,10.0,,,,29.0,2.0,1.0,True,True,posebusters_benchmark::7ZZW_KKW
posebusters_benchmark,8A1H_DLZ,8a1h,DiffDock-L default s10/t20,neural_docking,True,True,True,0.5942583810753208,results/posebench_702_predictions/diffdock_l_gpu/posebusters_benchmark/8A1H_DLZ/default_s10_t20/predictions/8A1H_DLZ/rank1_confidence0.54.sdf,0.54,10.0,,,,23.0,3.0,0.4761904761904761,False,False,posebusters_benchmark::8A1H_DLZ
posebusters_benchmark,8A2D_KXY,8a2d,DiffDock-L default s10/t20,neural_docking,True,True,False,14.942939749075135,results/posebench_702_predictions/diffdock_l_gpu/posebusters_benchmark/8A2D_KXY/default_s10_t20/predictions/8A2D_KXY/rank1_confidence-1.36.sdf,-1.36,10.0,,,,49.0,1.0,0.2635658914728682,False,False,posebusters_benchmark::8A2D_KXY
posebusters_benchmark,8AAU_LH0,8aau,DiffDock-L default s10/t20,neural_docking,True,True,True,0.7873552186722139,results/posebench_702_predictions/diffdock_l_gpu/posebusters_benchmark/8AAU_LH0/default_s10_t20/predictions/8AAU_LH0/rank1_confidence0.35.sdf,0.35,10.0,,,,27.0,0.0,1.0,True,False,posebusters_benchmark::8AAU_LH0
posebusters_benchmark,8ACL_LQL,8acl,DiffDock-L default s10/t20,neural_docking,True,True,False,3.1790322377587925,results/posebench_702_predictions/diffdock_l_gpu/posebusters_benchmark/8ACL_LQL/default_s10_t20/predictions/8ACL_LQL/rank1_confidence-0.89.sdf,-0.89,10.0,,,,31.0,1.0,0.4,False,False,posebusters_benchmark::8ACL_LQL
posebusters_benchmark,8AEM_LVF,8aem,DiffDock-L default s10/t20,neural_docking,True,True,False,15.313573220487465,results/posebench_702_predictions/diffdock_l_gpu/posebusters_benchmark/8AEM_LVF/default_s10_t20/predictions/8AEM_LVF/rank1_confidence0.59.sdf,0.59,10.0,,,,13.0,0.0,0.325,True,False,posebusters_benchmark::8AEM_LVF
posebusters_benchmark,8AEU_M0L,8aeu,DiffDock-L default s10/t20,neural_docking,True,True,True,1.780004449227106,results/posebench_702_predictions/diffdock_l_gpu/posebusters_benchmark/8AEU_M0L/default_s10_t20/predictions/8AEU_M0L/rank1_confidence-2.82.sdf,-2.82,10.0,,,,41.0,2.0,0.2584269662921348,False,False,posebusters_benchmark::8AEU_M0L
posebusters_benchmark,8AIE_M7L,8aie,DiffDock-L default s10/t20,neural_docking,True,True,False,31.56054744779917,results/posebench_702_predictions/diffdock_l_gpu/posebusters_benchmark/8AIE_M7L/default_s10_t20/predictions/8AIE_M7L/rank1_confidence-1.96.sdf,-1.96,10.0,,,,23.0,0.0,0.7321428571428571,True,False,posebusters_benchmark::8AIE_M7L
posebusters_benchmark,8AIJ_M9I,8aij,DiffDock-L default s10/t20,neural_docking,True,True,False,43.7636482126253,results/posebench_702_predictions/diffdock_l_gpu/posebusters_benchmark/8AIJ_M9I/default_s10_t20/predictions/8AIJ_M9I/rank1_confidence-0.36.sdf,-0.36,10.0,,,,19.0,5.0,1.0,True,True,posebusters_benchmark::8AIJ_M9I
posebusters_benchmark,8AJX_FUM,8ajx,DiffDock-L default s10/t20,neural_docking,True,True,False,9.394863053153037,results/posebench_702_predictions/diffdock_l_gpu/posebusters_benchmark/8AJX_FUM/default_s10_t20/predictions/8AJX_FUM/rank1_confidence-0.45.sdf,-0.45,10.0,,,,8.0,0.0,0.375,False,False,posebusters_benchmark::8AJX_FUM
posebusters_benchmark,8AP0_PRP,8ap0,DiffDock-L default s10/t20,neural_docking,True,True,False,4.39999828667322,results/posebench_702_predictions/diffdock_l_gpu/posebusters_benchmark/8AP0_PRP/default_s10_t20/predictions/8AP0_PRP/rank1_confidence-1.90.sdf,-1.9,10.0,,,,22.0,5.0,1.0,True,False,posebusters_benchmark::8AP0_PRP
posebusters_benchmark,8AQL_PLG,8aql,DiffDock-L default s10/t20,neural_docking,True,True,False,55.00178283440001,results/posebench_702_predictions/diffdock_l_gpu/posebusters_benchmark/8AQL_PLG/default_s10_t20/predictions/8AQL_PLG/rank1_confidence0.27.sdf,0.27,10.0,,,,20.0,0.0,1.0,True,False,posebusters_benchmark::8AQL_PLG
posebusters_benchmark,8AUH_L9I,8auh,DiffDock-L default s10/t20,neural_docking,True,True,False,5.293662177719521,results/posebench_702_predictions/diffdock_l_gpu/posebusters_benchmark/8AUH_L9I/default_s10_t20/predictions/8AUH_L9I/rank1_confidence-0.27.sdf,-0.27,10.0,,,,11.0,0.0,1.0,False,False,posebusters_benchmark::8AUH_L9I
posebusters_benchmark,8AY3_OE3,8ay3,DiffDock-L default s10/t20,neural_docking,True,True,True,0.7218851487598292,results/posebench_702_predictions/diffdock_l_gpu/posebusters_benchmark/8AY3_OE3/default_s10_t20/predictions/8AY3_OE3/rank1_confidence0.10.sdf,0.1,10.0,,,,25.0,0.0,1.0,True,False,posebusters_benchmark::8AY3_OE3
posebusters_benchmark,8B8H_OJQ,8b8h,DiffDock-L default s10/t20,neural_docking,True,True,False,37.76267443570798,results/posebench_702_predictions/diffdock_l_gpu/posebusters_benchmark/8B8H_OJQ/default_s10_t20/predictions/8B8H_OJQ/rank1_confidence0.10.sdf,0.1,10.0,,,,22.0,0.0,0.5172413793103449,False,True,posebusters_benchmark::8B8H_OJQ
posebusters_benchmark,8BN6_R53,8bn6,DiffDock-L default s10/t20,neural_docking,True,True,True,0.834942814890895,results/posebench_702_predictions/diffdock_l_gpu/posebusters_benchmark/8BN6_R53/default_s10_t20/predictions/8BN6_R53/rank1_confidence0.27.sdf,0.27,10.0,,,,29.0,0.0,0.2873563218390804,False,False,posebusters_benchmark::8BN6_R53
posebusters_benchmark,8BOM_QU6,8bom,DiffDock-L default s10/t20,neural_docking,True,True,True,0.8316881570465146,results/posebench_702_predictions/diffdock_l_gpu/posebusters_benchmark/8BOM_QU6/default_s10_t20/predictions/8BOM_QU6/rank1_confidence0.55.sdf,0.55,10.0,,,,35.0,0.0,0.8840579710144928,True,False,posebusters_benchmark::8BOM_QU6
posebusters_benchmark,8BPL_CP,8bpl,DiffDock-L default s10/t20,neural_docking,True,True,True,0.3592818287918279,results/posebench_702_predictions/diffdock_l_gpu/posebusters_benchmark/8BPL_CP/default_s10_t20/predictions/8BPL_CP/rank1_confidence0.48.sdf,0.48,10.0,,,,8.0,0.0,0.4347826086956521,False,False,posebusters_benchmark::8BPL_CP
posebusters_benchmark,8BRO_R7E,8bro,DiffDock-L default s10/t20,neural_docking,True,True,False,4.819657632590164,results/posebench_702_predictions/diffdock_l_gpu/posebusters_benchmark/8BRO_R7E/default_s10_t20/predictions/8BRO_R7E/rank1_confidence-2.01.sdf,-2.01,10.0,,,,26.0,5.0,0.4814814814814814,False,False,posebusters_benchmark::8BRO_R7E
posebusters_benchmark,8BTI_RFO,8bti,DiffDock-L default s10/t20,neural_docking,True,True,False,2.3930682315108918,results/posebench_702_predictions/diffdock_l_gpu/posebusters_benchmark/8BTI_RFO/default_s10_t20/predictions/8BTI_RFO/rank1_confidence0.22.sdf,0.22,10.0,,,,15.0,0.0,0.3137254901960784,True,False,posebusters_benchmark::8BTI_RFO
posebusters_benchmark,8C3N_ADP,8c3n,DiffDock-L default s10/t20,neural_docking,True,True,True,1.4642928099711945,results/posebench_702_predictions/diffdock_l_gpu/posebusters_benchmark/8C3N_ADP/default_s10_t20/predictions/8C3N_ADP/rank1_confidence-0.77.sdf,-0.77,10.0,,,,27.0,5.0,1.0,True,True,posebusters_benchmark::8C3N_ADP
posebusters_benchmark,8C5D_GTB,8c5d,DiffDock-L default s10/t20,neural_docking,True,True,False,24.63385061831246,results/posebench_702_predictions/diffdock_l_gpu/posebusters_benchmark/8C5D_GTB/default_s10_t20/predictions/8C5D_GTB/rank1_confidence-0.39.sdf,-0.39,10.0,,,,30.0,2.0,0.5789473684210527,True,False,posebusters_benchmark::8C5D_GTB
posebusters_benchmark,8C5M_MTA,8c5m,DiffDock-L default s10/t20,neural_docking,True,True,True,0.7170373417751695,results/posebench_702_predictions/diffdock_l_gpu/posebusters_benchmark/8C5M_MTA/default_s10_t20/predictions/8C5M_MTA/rank1_confidence0.01.sdf,0.01,10.0,,,,20.0,4.0,1.0,True,False,posebusters_benchmark::8C5M_MTA
posebusters_benchmark,8C7Y_TXV,8c7y,DiffDock-L default s10/t20,neural_docking,True,True,False,27.3219626170208,results/posebench_702_predictions/diffdock_l_gpu/posebusters_benchmark/8C7Y_TXV/default_s10_t20/predictions/8C7Y_TXV/rank1_confidence0.68.sdf,0.68,10.0,,,,34.0,0.0,0.2758620689655172,False,False,posebusters_benchmark::8C7Y_TXV
posebusters_benchmark,8CGC_LMR,8cgc,DiffDock-L default s10/t20,neural_docking,True,True,False,19.89973466336228,results/posebench_702_predictions/diffdock_l_gpu/posebusters_benchmark/8CGC_LMR/default_s10_t20/predictions/8CGC_LMR/rank1_confidence0.17.sdf,0.17,10.0,,,,9.0,1.0,0.5,False,False,posebusters_benchmark::8CGC_LMR
posebusters_benchmark,8CI0_8EL,8ci0,DiffDock-L default s10/t20,neural_docking,True,True,False,100.17999351195712,results/posebench_702_predictions/diffdock_l_gpu/posebusters_benchmark/8CI0_8EL/default_s10_t20/predictions/8CI0_8EL/rank1_confidence-0.13.sdf,-0.13,10.0,,,,26.0,1.0,0.6417910447761194,False,True,posebusters_benchmark::8CI0_8EL
posebusters_benchmark,8CNH_V6U,8cnh,DiffDock-L default s10/t20,neural_docking,True,True,False,3.901597365746496,results/posebench_702_predictions/diffdock_l_gpu/posebusters_benchmark/8CNH_V6U/default_s10_t20/predictions/8CNH_V6U/rank1_confidence-0.04.sdf,-0.04,10.0,,,,25.0,0.0,1.0,True,True,posebusters_benchmark::8CNH_V6U
posebusters_benchmark,8CSD_C5P,8csd,DiffDock-L default s10/t20,neural_docking,True,True,True,1.150762438766659,results/posebench_702_predictions/diffdock_l_gpu/posebusters_benchmark/8CSD_C5P/default_s10_t20/predictions/8CSD_C5P/rank1_confidence-0.01.sdf,-0.01,10.0,,,,21.0,4.0,0.84,True,False,posebusters_benchmark::8CSD_C5P
posebusters_benchmark,8D19_GSH,8d19,DiffDock-L default s10/t20,neural_docking,True,True,True,1.1518259840357832,results/posebench_702_predictions/diffdock_l_gpu/posebusters_benchmark/8D19_GSH/default_s10_t20/predictions/8D19_GSH/rank1_confidence-0.35.sdf,-0.35,10.0,,,,20.0,2.0,1.0,False,True,posebusters_benchmark::8D19_GSH
posebusters_benchmark,8D39_QDB,8d39,DiffDock-L default s10/t20,neural_docking,True,True,False,17.59355295865004,results/posebench_702_predictions/diffdock_l_gpu/posebusters_benchmark/8D39_QDB/default_s10_t20/predictions/8D39_QDB/rank1_confidence-0.66.sdf,-0.66,10.0,,,,17.0,0.0,1.0,True,True,posebusters_benchmark::8D39_QDB
posebusters_benchmark,8D5D_5DK,8d5d,DiffDock-L default s10/t20,neural_docking,True,True,True,0.6549143981383286,results/posebench_702_predictions/diffdock_l_gpu/posebusters_benchmark/8D5D_5DK/default_s10_t20/predictions/8D5D_5DK/rank1_confidence-0.26.sdf,-0.26,10.0,,,,27.0,1.0,0.8870967741935484,True,False,posebusters_benchmark::8D5D_5DK
posebusters_benchmark,8DHG_T78,8dhg,DiffDock-L default s10/t20,neural_docking,True,True,True,1.9128001370466576,results/posebench_702_predictions/diffdock_l_gpu/posebusters_benchmark/8DHG_T78/default_s10_t20/predictions/8DHG_T78/rank1_confidence-0.37.sdf,-0.37,10.0,,,,35.0,1.0,0.2417582417582417,False,False,posebusters_benchmark::8DHG_T78
posebusters_benchmark,8DKO_TFB,8dko,DiffDock-L default s10/t20,neural_docking,True,True,False,28.348886925129,results/posebench_702_predictions/diffdock_l_gpu/posebusters_benchmark/8DKO_TFB/default_s10_t20/predictions/8DKO_TFB/rank1_confidence0.01.sdf,0.01,10.0,,,,8.0,1.0,1.0,True,False,posebusters_benchmark::8DKO_TFB
posebusters_benchmark,8DP2_UMA,8dp2,DiffDock-L default s10/t20,neural_docking,True,True,True,1.2597310846820782,results/posebench_702_predictions/diffdock_l_gpu/posebusters_benchmark/8DP2_UMA/default_s10_t20/predictions/8DP2_UMA/rank1_confidence-1.47.sdf,-1.47,10.0,,,,49.0,13.0,0.7590361445783133,True,False,posebusters_benchmark::8DP2_UMA
posebusters_benchmark,8DSC_NCA,8dsc,DiffDock-L default s10/t20,neural_docking,True,True,True,0.1863040227394164,results/posebench_702_predictions/diffdock_l_gpu/posebusters_benchmark/8DSC_NCA/default_s10_t20/predictions/8DSC_NCA/rank1_confidence-0.26.sdf,-0.26,10.0,,,,9.0,0.0,1.0,True,True,posebusters_benchmark::8DSC_NCA
posebusters_benchmark,8DW5_FQ7,8dw5,DiffDock-L default s10/t20,neural_docking,True,True,True,0.7409962917885923,results/posebench_702_predictions/diffdock_l_gpu/posebusters_benchmark/8DW5_FQ7/default_s10_t20/predictions/8DW5_FQ7/rank1_confidence-0.02.sdf,-0.02,10.0,,,,18.0,0.0,0.5,True,False,posebusters_benchmark::8DW5_FQ7
posebusters_benchmark,8DZT_G4P,8dzt,DiffDock-L default s10/t20,neural_docking,True,True,True,1.4648285304468616,results/posebench_702_predictions/diffdock_l_gpu/posebusters_benchmark/8DZT_G4P/default_s10_t20/predictions/8DZT_G4P/rank1_confidence-0.83.sdf,-0.83,10.0,,,,36.0,6.0,1.0,True,False,posebusters_benchmark::8DZT_G4P
posebusters_benchmark,8E77_ULP,8e77,DiffDock-L default s10/t20,neural_docking,True,True,True,1.230685719647975,results/posebench_702_predictions/diffdock_l_gpu/posebusters_benchmark/8E77_ULP/default_s10_t20/predictions/8E77_ULP/rank1_confidence-1.57.sdf,-1.57,10.0,,,,55.0,11.0,0.6736842105263158,False,False,posebusters_benchmark::8E77_ULP
posebusters_benchmark,8EAB_VN2,8eab,DiffDock-L default s10/t20,neural_docking,True,True,False,7.90328479938589,results/posebench_702_predictions/diffdock_l_gpu/posebusters_benchmark/8EAB_VN2/default_s10_t20/predictions/8EAB_VN2/rank1_confidence0.19.sdf,0.19,10.0,,,,49.0,1.0,0.5454545454545454,False,False,posebusters_benchmark::8EAB_VN2
posebusters_benchmark,8EAD_UY0,8ead,DiffDock-L default s10/t20,neural_docking,True,True,True,0.9694560502782236,results/posebench_702_predictions/diffdock_l_gpu/posebusters_benchmark/8EAD_UY0/default_s10_t20/predictions/8EAD_UY0/rank1_confidence-0.54.sdf,-0.54,10.0,,,,38.0,0.0,0.3258426966292135,False,False,posebusters_benchmark::8EAD_UY0
posebusters_benchmark,8ERS_WQO,8ers,DiffDock-L default s10/t20,neural_docking,True,True,False,7.079619817199717,results/posebench_702_predictions/diffdock_l_gpu/posebusters_benchmark/8ERS_WQO/default_s10_t20/predictions/8ERS_WQO/rank1_confidence-0.63.sdf,-0.63,10.0,,,,23.0,2.0,0.2564102564102564,False,False,posebusters_benchmark::8ERS_WQO
posebusters_benchmark,8EX2_Q2Q,8ex2,DiffDock-L default s10/t20,neural_docking,True,True,True,0.4126956244758823,results/posebench_702_predictions/diffdock_l_gpu/posebusters_benchmark/8EX2_Q2Q/default_s10_t20/predictions/8EX2_Q2Q/rank1_confidence0.59.sdf,0.59,10.0,,,,26.0,0.0,1.0,True,True,posebusters_benchmark::8EX2_Q2Q
posebusters_benchmark,8EXL_799,8exl,DiffDock-L default s10/t20,neural_docking,True,True,True,1.6428440393558543,results/posebench_702_predictions/diffdock_l_gpu/posebusters_benchmark/8EXL_799/default_s10_t20/predictions/8EXL_799/rank1_confidence0.33.sdf,0.33,10.0,,,,34.0,0.0,1.0,True,True,posebusters_benchmark::8EXL_799
posebusters_benchmark,8EYE_X4I,8eye,DiffDock-L default s10/t20,neural_docking,True,True,True,0.8537971286960956,results/posebench_702_predictions/diffdock_l_gpu/posebusters_benchmark/8EYE_X4I/default_s10_t20/predictions/8EYE_X4I/rank1_confidence-0.00.sdf,-0.0,10.0,,,,33.0,1.0,0.8,True,False,posebusters_benchmark::8EYE_X4I
posebusters_benchmark,8F4J_PHO,8f4j,DiffDock-L default s10/t20,neural_docking,True,False,False,,,,0.0,,,,64.0,5.0,0.2385321100917431,False,False,posebusters_benchmark::8F4J_PHO
posebusters_benchmark,8F8E_XJI,8f8e,DiffDock-L default s10/t20,neural_docking,True,True,False,12.3036442409528,results/posebench_702_predictions/diffdock_l_gpu/posebusters_benchmark/8F8E_XJI/default_s10_t20/predictions/8F8E_XJI/rank1_confidence-1.43.sdf,-1.43,10.0,,,,29.0,1.0,1.0,True,True,posebusters_benchmark::8F8E_XJI
posebusters_benchmark,8FAV_4Y5,8fav,DiffDock-L default s10/t20,neural_docking,True,True,False,70.63742765032465,results/posebench_702_predictions/diffdock_l_gpu/posebusters_benchmark/8FAV_4Y5/default_s10_t20/predictions/8FAV_4Y5/rank1_confidence0.52.sdf,0.52,10.0,,,,33.0,0.0,1.0,True,False,posebusters_benchmark::8FAV_4Y5
posebusters_benchmark,8FLN_Y7W,8fln,DiffDock-L default s10/t20,neural_docking,True,True,False,2.196634317072639,results/posebench_702_predictions/diffdock_l_gpu/posebusters_benchmark/8FLN_Y7W/default_s10_t20/predictions/8FLN_Y7W/rank1_confidence-0.64.sdf,-0.64,10.0,,,,34.0,1.0,0.3,False,False,posebusters_benchmark::8FLN_Y7W
posebusters_benchmark,8FLV_ZB9,8flv,DiffDock-L default s10/t20,neural_docking,True,True,True,0.7747279647142891,results/posebench_702_predictions/diffdock_l_gpu/posebusters_benchmark/8FLV_ZB9/default_s10_t20/predictions/8FLV_ZB9/rank1_confidence0.40.sdf,0.4,10.0,,,,29.0,1.0,0.2666666666666666,False,False,posebusters_benchmark::8FLV_ZB9
posebusters_benchmark,8FO5_Y4U,8fo5,DiffDock-L default s10/t20,neural_docking,True,True,False,80.19375524008382,results/posebench_702_predictions/diffdock_l_gpu/posebusters_benchmark/8FO5_Y4U/default_s10_t20/predictions/8FO5_Y4U/rank1_confidence-3.06.sdf,-3.06,10.0,,,,17.0,0.0,1.0,True,True,posebusters_benchmark::8FO5_Y4U
posebusters_benchmark,8FV9_80J,8fv9,DiffDock-L default s10/t20,neural_docking,True,True,True,1.8356514670875543,results/posebench_702_predictions/diffdock_l_gpu/posebusters_benchmark/8FV9_80J/default_s10_t20/predictions/8FV9_80J/rank1_confidence-0.76.sdf,-0.76,10.0,,,,29.0,6.0,0.8392857142857143,True,False,posebusters_benchmark::8FV9_80J
posebusters_benchmark,8G0V_YHT,8g0v,DiffDock-L default s10/t20,neural_docking,True,True,False,65.30088863252993,results/posebench_702_predictions/diffdock_l_gpu/posebusters_benchmark/8G0V_YHT/default_s10_t20/predictions/8G0V_YHT/rank1_confidence-0.19.sdf,-0.19,10.0,,,,26.0,5.0,1.0,True,False,posebusters_benchmark::8G0V_YHT
posebusters_benchmark,8G43_ZU6,8g43,DiffDock-L default s10/t20,neural_docking,True,True,True,0.6964629334135792,results/posebench_702_predictions/diffdock_l_gpu/posebusters_benchmark/8G43_ZU6/default_s10_t20/predictions/8G43_ZU6/rank1_confidence0.77.sdf,0.77,10.0,,,,21.0,0.0,0.3384615384615385,True,False,posebusters_benchmark::8G43_ZU6
posebusters_benchmark,8G6P_API,8g6p,DiffDock-L default s10/t20,neural_docking,True,True,False,11.429687390300751,results/posebench_702_predictions/diffdock_l_gpu/posebusters_benchmark/8G6P_API/default_s10_t20/predictions/8G6P_API/rank1_confidence-1.40.sdf,-1.4,10.0,,,,13.0,2.0,0.6818181818181818,False,False,posebusters_benchmark::8G6P_API
posebusters_benchmark,8GFD_ZHR,8gfd,DiffDock-L default s10/t20,neural_docking,True,True,False,14.664309001908734,results/posebench_702_predictions/diffdock_l_gpu/posebusters_benchmark/8GFD_ZHR/default_s10_t20/predictions/8GFD_ZHR/rank1_confidence-2.35.sdf,-2.35,10.0,,,,26.0,5.0,1.0,True,True,posebusters_benchmark::8GFD_ZHR
posebusters_benchmark,8H0M_2EH,8h0m,DiffDock-L default s10/t20,neural_docking,True,True,False,7.229218639966869,results/posebench_702_predictions/diffdock_l_gpu/posebusters_benchmark/8H0M_2EH/default_s10_t20/predictions/8H0M_2EH/rank1_confidence-0.61.sdf,-0.61,10.0,,,,9.0,1.0,0.3703703703703703,False,False,posebusters_benchmark::8H0M_2EH
posebusters_benchmark,8HFN_XGC,8hfn,DiffDock-L default s10/t20,neural_docking,True,True,False,2.768334514649556,results/posebench_702_predictions/diffdock_l_gpu/posebusters_benchmark/8HFN_XGC/default_s10_t20/predictions/8HFN_XGC/rank1_confidence-1.55.sdf,-1.55,10.0,,,,24.0,1.0,1.0,True,True,posebusters_benchmark::8HFN_XGC
posebusters_benchmark,8HO0_3ZI,8ho0,DiffDock-L default s10/t20,neural_docking,True,True,False,10.14749088581642,results/posebench_702_predictions/diffdock_l_gpu/posebusters_benchmark/8HO0_3ZI/default_s10_t20/predictions/8HO0_3ZI/rank1_confidence-1.12.sdf,-1.12,10.0,,,,22.0,2.0,1.0,True,True,posebusters_benchmark::8HO0_3ZI
posebusters_benchmark,8SLG_G5A,8slg,DiffDock-L default s10/t20,neural_docking,True,True,True,0.8287360610525469,results/posebench_702_predictions/diffdock_l_gpu/posebusters_benchmark/8SLG_G5A/default_s10_t20/predictions/8SLG_G5A/rank1_confidence-0.11.sdf,-0.11,10.0,,,,27.0,4.0,1.0,True,True,posebusters_benchmark::8SLG_G5A
dockgen,3gvl_1_SLB_2,3gvl,DiffDock-L default s10/t20,neural_docking,True,True,False,65.59248372173592,results/posebench_702_predictions/diffdock_l_gpu/dockgen/3gvl_1_SLB_2/default_s10_t20/predictions/3gvl_1_SLB_2/rank1_confidence-1.22.sdf,-1.22,10.0,,,,21.0,7.0,0.490566037735849,True,False,dockgen::3gvl_1_SLB_2
dockgen,3inr_1_GDU_0,3inr,DiffDock-L default s10/t20,neural_docking,True,True,False,22.09538592232928,results/posebench_702_predictions/diffdock_l_gpu/dockgen/3inr_1_GDU_0/default_s10_t20/predictions/3inr_1_GDU_0/rank1_confidence-0.96.sdf,-0.96,10.0,,,,36.0,11.0,0.3050847457627119,False,False,dockgen::3inr_1_GDU_0
dockgen,3jqm_1_GTP_5,3jqm,DiffDock-L default s10/t20,neural_docking,True,True,False,41.44862006533662,results/posebench_702_predictions/diffdock_l_gpu/dockgen/3jqm_1_GTP_5/default_s10_t20/predictions/3jqm_1_GTP_5/rank1_confidence-1.19.sdf,-1.19,10.0,,,,32.0,8.0,0.2368421052631578,False,False,dockgen::3jqm_1_GTP_5
dockgen,3ju4_1_SLB_2,3ju4,DiffDock-L default s10/t20,neural_docking,True,True,False,61.15938930988905,results/posebench_702_predictions/diffdock_l_gpu/dockgen/3ju4_1_SLB_2/default_s10_t20/predictions/3ju4_1_SLB_2/rank1_confidence-1.77.sdf,-1.77,10.0,,,,21.0,7.0,0.490566037735849,True,False,dockgen::3ju4_1_SLB_2
dockgen,4cnl_1_CHT_1,4cnl,DiffDock-L default s10/t20,neural_docking,True,True,False,22.296355048431444,results/posebench_702_predictions/diffdock_l_gpu/dockgen/4cnl_1_CHT_1/default_s10_t20/predictions/4cnl_1_CHT_1/rank1_confidence-0.70.sdf,-0.7,10.0,,,,7.0,0.0,0.3076923076923077,False,False,dockgen::4cnl_1_CHT_1
dockgen,1hg0_1_SIN_1,1hg0,DiffDock-L default s10/t20,neural_docking,True,True,False,3.1154964134949665,results/posebench_702_predictions/diffdock_l_gpu/dockgen/1hg0_1_SIN_1/default_s10_t20/predictions/1hg0_1_SIN_1/rank1_confidence-0.41.sdf,-0.41,10.0,,,,8.0,0.0,0.3076923076923077,False,False,dockgen::1hg0_1_SIN_1
dockgen,1i8t_1_FAD_1,1i8t,DiffDock-L default s10/t20,neural_docking,True,True,True,1.556647189520319,results/posebench_702_predictions/diffdock_l_gpu/dockgen/1i8t_1_FAD_1/default_s10_t20/predictions/1i8t_1_FAD_1/rank1_confidence-0.89.sdf,-0.89,10.0,,,,53.0,18.0,0.2071428571428571,False,False,dockgen::1i8t_1_FAD_1
dockgen,1o28_1_UFP_2,1o28,DiffDock-L default s10/t20,neural_docking,True,True,False,4.920801718990416,results/posebench_702_predictions/diffdock_l_gpu/dockgen/1o28_1_UFP_2/default_s10_t20/predictions/1o28_1_UFP_2/rank1_confidence-1.32.sdf,-1.32,10.0,,,,21.0,6.0,0.2923076923076923,False,False,dockgen::1o28_1_UFP_2
dockgen,1o72_2_PC_0,1o72,DiffDock-L default s10/t20,neural_docking,True,True,False,38.444593321309945,results/posebench_702_predictions/diffdock_l_gpu/dockgen/1o72_2_PC_0/default_s10_t20/predictions/1o72_2_PC_0/rank1_confidence-2.30.sdf,-2.3,10.0,,,,11.0,0.0,0.1724137931034483,False,False,dockgen::1o72_2_PC_0
dockgen,1pj2_1_FUM_0,1pj2,DiffDock-L default s10/t20,neural_docking,True,True,True,0.5151866494291181,results/posebench_702_predictions/diffdock_l_gpu/dockgen/1pj2_1_FUM_0/default_s10_t20/predictions/1pj2_1_FUM_0/rank1_confidence0.03.sdf,0.03,10.0,,,,8.0,0.0,0.3076923076923077,False,False,dockgen::1pj2_1_FUM_0
dockgen,1pj4_1_FUM_1,1pj4,DiffDock-L default s10/t20,neural_docking,True,True,False,19.136240040757745,results/posebench_702_predictions/diffdock_l_gpu/dockgen/1pj4_1_FUM_1/default_s10_t20/predictions/1pj4_1_FUM_1/rank1_confidence-0.07.sdf,-0.07,10.0,,,,8.0,0.0,0.3076923076923077,False,False,dockgen::1pj4_1_FUM_1
dockgen,1qaw_1_TRP_7,1qaw,DiffDock-L default s10/t20,neural_docking,True,True,False,14.808069920440904,results/posebench_702_predictions/diffdock_l_gpu/dockgen/1qaw_1_TRP_7/default_s10_t20/predictions/1qaw_1_TRP_7/rank1_confidence-0.84.sdf,-0.84,10.0,,,,15.0,4.0,0.2195121951219512,False,False,dockgen::1qaw_1_TRP_7
dockgen,1rqp_1_SAM_0,1rqp,DiffDock-L default s10/t20,neural_docking,True,True,True,1.342442833599064,results/posebench_702_predictions/diffdock_l_gpu/dockgen/1rqp_1_SAM_0/default_s10_t20/predictions/1rqp_1_SAM_0/rank1_confidence-0.40.sdf,-0.4,10.0,,,,27.0,9.0,0.2195121951219512,False,False,dockgen::1rqp_1_SAM_0
dockgen,1sbz_1_FMN_3,1sbz,DiffDock-L default s10/t20,neural_docking,True,True,False,7.890843717818282,results/posebench_702_predictions/diffdock_l_gpu/dockgen/1sbz_1_FMN_3/default_s10_t20/predictions/1sbz_1_FMN_3/rank1_confidence-1.05.sdf,-1.05,10.0,,,,31.0,11.0,0.1724137931034483,False,False,dockgen::1sbz_1_FMN_3
dockgen,1sij_1_PCD_0,1sij,DiffDock-L default s10/t20,neural_docking,True,True,True,1.4153333931727132,results/posebench_702_predictions/diffdock_l_gpu/dockgen/1sij_1_PCD_0/default_s10_t20/predictions/1sij_1_PCD_0/rank1_confidence-0.71.sdf,-0.71,10.0,,,,47.0,15.0,0.2079207920792079,False,False,dockgen::1sij_1_PCD_0
dockgen,1tke_1_SER_0,1tke,DiffDock-L default s10/t20,neural_docking,True,True,False,3.3936152854609625,results/posebench_702_predictions/diffdock_l_gpu/dockgen/1tke_1_SER_0/default_s10_t20/predictions/1tke_1_SER_0/rank1_confidence-1.54.sdf,-1.54,10.0,,,,7.0,1.0,0.375,False,False,dockgen::1tke_1_SER_0
dockgen,1tkg_1_SSA_0,1tkg,DiffDock-L default s10/t20,neural_docking,True,True,False,6.818495289992886,results/posebench_702_predictions/diffdock_l_gpu/dockgen/1tkg_1_SSA_0/default_s10_t20/predictions/1tkg_1_SSA_0/rank1_confidence-2.30.sdf,-2.3,10.0,,,,29.0,9.0,0.2747252747252747,False,False,dockgen::1tkg_1_SSA_0
dockgen,1u8u_1_OCA_0,1u8u,DiffDock-L default s10/t20,neural_docking,True,True,True,0.8638077355523035,results/posebench_702_predictions/diffdock_l_gpu/dockgen/1u8u_1_OCA_0/default_s10_t20/predictions/1u8u_1_OCA_0/rank1_confidence-0.00.sdf,-0.0,10.0,,,,10.0,0.0,0.5416666666666666,False,False,dockgen::1u8u_1_OCA_0
dockgen,1uf5_1_CDT_0,1uf5,DiffDock-L default s10/t20,neural_docking,True,True,False,33.9072133286562,results/posebench_702_predictions/diffdock_l_gpu/dockgen/1uf5_1_CDT_0/default_s10_t20/predictions/1uf5_1_CDT_0/rank1_confidence-1.81.sdf,-1.81,10.0,,,,12.0,2.0,0.40625,False,False,dockgen::1uf5_1_CDT_0
dockgen,1uf7_1_CDV_0,1uf7,DiffDock-L default s10/t20,neural_docking,True,True,False,2.715489781370437,results/posebench_702_predictions/diffdock_l_gpu/dockgen/1uf7_1_CDV_0/default_s10_t20/predictions/1uf7_1_CDV_0/rank1_confidence-1.00.sdf,-1.0,10.0,,,,11.0,2.0,0.2631578947368421,False,False,dockgen::1uf7_1_CDV_0
dockgen,1uf8_1_ING_2,1uf8,DiffDock-L default s10/t20,neural_docking,True,True,False,3.2806681544059475,results/posebench_702_predictions/diffdock_l_gpu/dockgen/1uf8_1_ING_2/default_s10_t20/predictions/1uf8_1_ING_2/rank1_confidence-2.37.sdf,-2.37,10.0,,,,15.0,2.0,0.2745098039215686,True,False,dockgen::1uf8_1_ING_2
dockgen,1v2g_1_OCA_0,1v2g,DiffDock-L default s10/t20,neural_docking,True,True,False,2.0303003287691217,results/posebench_702_predictions/diffdock_l_gpu/dockgen/1v2g_1_OCA_0/default_s10_t20/predictions/1v2g_1_OCA_0/rank1_confidence-0.48.sdf,-0.48,10.0,,,,10.0,0.0,0.5416666666666666,False,False,dockgen::1v2g_1_OCA_0
dockgen,1v97_1_MTE_1,1v97,DiffDock-L default s10/t20,neural_docking,True,False,False,,,,0.0,,,,24.0,9.0,0.1641791044776119,False,False,dockgen::1v97_1_MTE_1
dockgen,1za2_1_CTP_4,1za2,DiffDock-L default s10/t20,neural_docking,True,True,False,3.94459945884112,results/posebench_702_predictions/diffdock_l_gpu/dockgen/1za2_1_CTP_4/default_s10_t20/predictions/1za2_1_CTP_4/rank1_confidence-1.72.sdf,-1.72,10.0,,,,29.0,6.0,0.2394366197183098,False,False,dockgen::1za2_1_CTP_4
dockgen,2cdc_1_XYS_5,2cdc,DiffDock-L default s10/t20,neural_docking,True,True,True,0.8473728028441799,results/posebench_702_predictions/diffdock_l_gpu/dockgen/2cdc_1_XYS_5/default_s10_t20/predictions/2cdc_1_XYS_5/rank1_confidence-0.70.sdf,-0.7,10.0,,,,10.0,4.0,0.28,True,False,dockgen::2cdc_1_XYS_5
dockgen,2ext_1_TRP_0,2ext,DiffDock-L default s10/t20,neural_docking,True,True,True,1.9231189266397453,results/posebench_702_predictions/diffdock_l_gpu/dockgen/2ext_1_TRP_0/default_s10_t20/predictions/2ext_1_TRP_0/rank1_confidence0.02.sdf,0.02,10.0,,,,15.0,4.0,0.2195121951219512,False,False,dockgen::2ext_1_TRP_0
dockgen,2g7c_1_NAG-GAL-GLA_1,2g7c,DiffDock-L default s10/t20,neural_docking,True,True,False,18.76526982640638,results/posebench_702_predictions/diffdock_l_gpu/dockgen/2g7c_1_NAG-GAL-GLA_1/default_s10_t20/predictions/2g7c_1_NAG-GAL-GLA_1/rank1_confidence-2.80.sdf,-2.8,10.0,,,,37.0,16.0,0.5909090909090909,False,False,dockgen::2g7c_1_NAG-GAL-GLA_1
dockgen,2gag_1_FOA_0,2gag,DiffDock-L default s10/t20,neural_docking,True,True,False,23.59492450464718,results/posebench_702_predictions/diffdock_l_gpu/dockgen/2gag_1_FOA_0/default_s10_t20/predictions/2gag_1_FOA_0/rank1_confidence-0.14.sdf,-0.14,10.0,,,,8.0,1.0,0.3703703703703703,True,False,dockgen::2gag_1_FOA_0
dockgen,2gag_1_NAD_0,2gag,DiffDock-L default s10/t20,neural_docking,True,True,False,2.5837017016640718,results/posebench_702_predictions/diffdock_l_gpu/dockgen/2gag_1_NAD_0/default_s10_t20/predictions/2gag_1_NAD_0/rank1_confidence-0.59.sdf,-0.59,10.0,,,,44.0,13.0,0.2159090909090909,False,False,dockgen::2gag_1_NAD_0
dockgen,2gah_1_NAD_0,2gah,DiffDock-L default s10/t20,neural_docking,True,True,False,2.6996295349800064,results/posebench_702_predictions/diffdock_l_gpu/dockgen/2gah_1_NAD_0/default_s10_t20/predictions/2gah_1_NAD_0/rank1_confidence-0.73.sdf,-0.73,10.0,,,,44.0,13.0,0.2159090909090909,False,False,dockgen::2gah_1_NAD_0
dockgen,2gf3_2_FOA_1,2gf3,DiffDock-L default s10/t20,neural_docking,True,True,False,18.20652769510156,results/posebench_702_predictions/diffdock_l_gpu/dockgen/2gf3_2_FOA_1/default_s10_t20/predictions/2gf3_2_FOA_1/rank1_confidence0.48.sdf,0.48,10.0,,,,8.0,1.0,0.3703703703703703,True,False,dockgen::2gf3_2_FOA_1
dockgen,2him_1_ASN_3,2him,DiffDock-L default s10/t20,neural_docking,True,True,False,4.591366381106561,results/posebench_702_predictions/diffdock_l_gpu/dockgen/2him_1_ASN_3/default_s10_t20/predictions/2him_1_ASN_3/rank1_confidence-0.74.sdf,-0.74,10.0,,,,9.0,2.0,0.25,False,False,dockgen::2him_1_ASN_3
dockgen,2hk9_1_SKM_0,2hk9,DiffDock-L default s10/t20,neural_docking,True,True,True,0.9095824280038258,results/posebench_702_predictions/diffdock_l_gpu/dockgen/2hk9_1_SKM_0/default_s10_t20/predictions/2hk9_1_SKM_0/rank1_confidence-0.51.sdf,-0.51,10.0,,,,12.0,2.0,0.2,True,False,dockgen::2hk9_1_SKM_0
dockgen,2hs3_1_FGR_0,2hs3,DiffDock-L default s10/t20,neural_docking,True,True,False,5.862614008102529,results/posebench_702_predictions/diffdock_l_gpu/dockgen/2hs3_1_FGR_0/default_s10_t20/predictions/2hs3_1_FGR_0/rank1_confidence-1.45.sdf,-1.45,10.0,,,,20.0,5.0,0.2857142857142857,True,False,dockgen::2hs3_1_FGR_0
dockgen,2o5m_1_MNR_0,2o5m,DiffDock-L default s10/t20,neural_docking,True,True,False,6.0787785179069855,results/posebench_702_predictions/diffdock_l_gpu/dockgen/2o5m_1_MNR_0/default_s10_t20/predictions/2o5m_1_MNR_0/rank1_confidence-1.80.sdf,-1.8,10.0,,,,43.0,17.0,0.1666666666666666,False,False,dockgen::2o5m_1_MNR_0
dockgen,2q37_1_3AL_0,2q37,DiffDock-L default s10/t20,neural_docking,True,True,False,4.298739540102002,results/posebench_702_predictions/diffdock_l_gpu/dockgen/2q37_1_3AL_0/default_s10_t20/predictions/2q37_1_3AL_0/rank1_confidence-0.79.sdf,-0.79,10.0,,,,11.0,4.0,0.1454545454545454,False,False,dockgen::2q37_1_3AL_0
dockgen,2q6k_1_ADN_1,2q6k,DiffDock-L default s10/t20,neural_docking,True,True,True,1.8729766555152956,results/posebench_702_predictions/diffdock_l_gpu/dockgen/2q6k_1_ADN_1/default_s10_t20/predictions/2q6k_1_ADN_1/rank1_confidence-0.83.sdf,-0.83,10.0,,,,19.0,7.0,0.3272727272727272,False,False,dockgen::2q6k_1_ADN_1
dockgen,2r4e_1_13P_0,2r4e,DiffDock-L default s10/t20,neural_docking,True,True,True,1.1609465082423054,results/posebench_702_predictions/diffdock_l_gpu/dockgen/2r4e_1_13P_0/default_s10_t20/predictions/2r4e_1_13P_0/rank1_confidence-0.27.sdf,-0.27,10.0,,,,10.0,1.0,0.4210526315789473,False,False,dockgen::2r4e_1_13P_0
dockgen,2v5e_1_GU4-YYJ_0,2v5e,DiffDock-L default s10/t20,neural_docking,True,True,False,28.451799423896485,results/posebench_702_predictions/diffdock_l_gpu/dockgen/2v5e_1_GU4-YYJ_0/default_s10_t20/predictions/2v5e_1_GU4-YYJ_0/rank1_confidence-3.09.sdf,-3.09,10.0,,,,55.0,9.0,0.2586206896551724,True,False,dockgen::2v5e_1_GU4-YYJ_0
dockgen,2v7t_1_SAH_4,2v7t,DiffDock-L default s10/t20,neural_docking,True,True,True,1.2032035979321702,results/posebench_702_predictions/diffdock_l_gpu/dockgen/2v7t_1_SAH_4/default_s10_t20/predictions/2v7t_1_SAH_4/rank1_confidence-0.27.sdf,-0.27,10.0,,,,26.0,8.0,0.3164556962025316,False,False,dockgen::2v7t_1_SAH_4
dockgen,2v7u_1_SAM_2,2v7u,DiffDock-L default s10/t20,neural_docking,True,True,True,1.7144335179316248,results/posebench_702_predictions/diffdock_l_gpu/dockgen/2v7u_1_SAM_2/default_s10_t20/predictions/2v7u_1_SAM_2/rank1_confidence-0.47.sdf,-0.47,10.0,,,,27.0,9.0,0.2195121951219512,False,False,dockgen::2v7u_1_SAM_2
dockgen,2v7v_1_5FD_0,2v7v,DiffDock-L default s10/t20,neural_docking,True,True,True,1.0137320745381229,results/posebench_702_predictions/diffdock_l_gpu/dockgen/2v7v_1_5FD_0/default_s10_t20/predictions/2v7v_1_5FD_0/rank1_confidence0.15.sdf,0.15,10.0,,,,19.0,7.0,0.2333333333333333,False,False,dockgen::2v7v_1_5FD_0
dockgen,2v7w_1_5FD_0,2v7w,DiffDock-L default s10/t20,neural_docking,True,True,True,0.9408997846406628,results/posebench_702_predictions/diffdock_l_gpu/dockgen/2v7w_1_5FD_0/default_s10_t20/predictions/2v7w_1_5FD_0/rank1_confidence0.00.sdf,0.0,10.0,,,,19.0,7.0,0.2333333333333333,False,False,dockgen::2v7w_1_5FD_0
dockgen,2vdf_1_OCT_0,2vdf,DiffDock-L default s10/t20,neural_docking,True,True,False,33.41899413860701,results/posebench_702_predictions/diffdock_l_gpu/dockgen/2vdf_1_OCT_0/default_s10_t20/predictions/2vdf_1_OCT_0/rank1_confidence-0.50.sdf,-0.5,10.0,,,,8.0,0.0,0.5384615384615384,False,False,dockgen::2vdf_1_OCT_0
dockgen,2vfu_1_MTL_0,2vfu,DiffDock-L default s10/t20,neural_docking,True,True,False,2.644171461756341,results/posebench_702_predictions/diffdock_l_gpu/dockgen/2vfu_1_MTL_0/default_s10_t20/predictions/2vfu_1_MTL_0/rank1_confidence-1.07.sdf,-1.07,10.0,,,,12.0,4.0,0.5789473684210527,False,False,dockgen::2vfu_1_MTL_0
dockgen,2wab_1_BGC-BGC-BGC-BGC-BGC_0,2wab,DiffDock-L default s10/t20,neural_docking,True,True,False,3.46270693017554,results/posebench_702_predictions/diffdock_l_gpu/dockgen/2wab_1_BGC-BGC-BGC-BGC-BGC_0/default_s10_t20/predictions/2wab_1_BGC-BGC-BGC-BGC-BGC_0/rank1_confidence-2.38.sdf,-2.38,10.0,,,,56.0,25.0,1.0,False,False,dockgen::2wab_1_BGC-BGC-BGC-BGC-BGC_0
dockgen,2wao_1_BGC-BGC-BGC-BGC-BGC_0,2wao,DiffDock-L default s10/t20,neural_docking,True,True,False,3.0237707784970835,results/posebench_702_predictions/diffdock_l_gpu/dockgen/2wao_1_BGC-BGC-BGC-BGC-BGC_0/default_s10_t20/predictions/2wao_1_BGC-BGC-BGC-BGC-BGC_0/rank1_confidence-2.00.sdf,-2.0,10.0,,,,56.0,25.0,1.0,False,False,dockgen::2wao_1_BGC-BGC-BGC-BGC-BGC_0
dockgen,2wr8_1_SAH_1,2wr8,DiffDock-L default s10/t20,neural_docking,True,True,True,0.8699214272653506,results/posebench_702_predictions/diffdock_l_gpu/dockgen/2wr8_1_SAH_1/default_s10_t20/predictions/2wr8_1_SAH_1/rank1_confidence-0.20.sdf,-0.2,10.0,,,,26.0,8.0,0.3164556962025316,False,False,dockgen::2wr8_1_SAH_1
dockgen,2wwc_1_CHT_2,2wwc,DiffDock-L default s10/t20,neural_docking,True,True,False,49.60405722107244,results/posebench_702_predictions/diffdock_l_gpu/dockgen/2wwc_1_CHT_2/default_s10_t20/predictions/2wwc_1_CHT_2/rank1_confidence-1.49.sdf,-1.49,10.0,,,,7.0,0.0,0.3076923076923077,False,False,dockgen::2wwc_1_CHT_2
dockgen,2x34_2_UQ8_0,2x34,DiffDock-L default s10/t20,neural_docking,True,True,False,5.49748522866901,results/posebench_702_predictions/diffdock_l_gpu/dockgen/2x34_2_UQ8_0/default_s10_t20/predictions/2x34_2_UQ8_0/rank1_confidence-1.41.sdf,-1.41,10.0,,,,53.0,13.0,0.2777777777777778,True,False,dockgen::2x34_2_UQ8_0
dockgen,2xrh_1_NIO_1,2xrh,DiffDock-L default s10/t20,neural_docking,True,True,False,7.462957769320866,results/posebench_702_predictions/diffdock_l_gpu/dockgen/2xrh_1_NIO_1/default_s10_t20/predictions/2xrh_1_NIO_1/rank1_confidence-0.10.sdf,-0.1,10.0,,,,9.0,1.0,0.2926829268292683,True,False,dockgen::2xrh_1_NIO_1
dockgen,2xta_1_ACO_0,2xta,DiffDock-L default s10/t20,neural_docking,True,True,True,1.3017331306121596,results/posebench_702_predictions/diffdock_l_gpu/dockgen/2xta_1_ACO_0/default_s10_t20/predictions/2xta_1_ACO_0/rank1_confidence-1.71.sdf,-1.71,10.0,,,,33.0,7.0,0.2022471910112359,False,False,dockgen::2xta_1_ACO_0
dockgen,2zcz_2_TRP_3,2zcz,DiffDock-L default s10/t20,neural_docking,True,True,False,2.6105097337493297,results/posebench_702_predictions/diffdock_l_gpu/dockgen/2zcz_2_TRP_3/default_s10_t20/predictions/2zcz_2_TRP_3/rank1_confidence-1.11.sdf,-1.11,10.0,,,,15.0,4.0,0.2195121951219512,False,False,dockgen::2zcz_2_TRP_3
dockgen,2zd0_1_TRP_9,2zd0,DiffDock-L default s10/t20,neural_docking,True,True,True,1.5270711105468102,results/posebench_702_predictions/diffdock_l_gpu/dockgen/2zd0_1_TRP_9/default_s10_t20/predictions/2zd0_1_TRP_9/rank1_confidence0.14.sdf,0.14,10.0,,,,15.0,4.0,0.2195121951219512,False,False,dockgen::2zd0_1_TRP_9
dockgen,2ze9_1_PD7_0,2ze9,DiffDock-L default s10/t20,neural_docking,True,True,False,5.743316342464116,results/posebench_702_predictions/diffdock_l_gpu/dockgen/2ze9_1_PD7_0/default_s10_t20/predictions/2ze9_1_PD7_0/rank1_confidence-0.87.sdf,-0.87,10.0,,,,26.0,3.0,0.3170731707317073,False,False,dockgen::2ze9_1_PD7_0
dockgen,3ad7_1_NAD_0,3ad7,DiffDock-L default s10/t20,neural_docking,True,True,False,2.8356216221652195,results/posebench_702_predictions/diffdock_l_gpu/dockgen/3ad7_1_NAD_0/default_s10_t20/predictions/3ad7_1_NAD_0/rank1_confidence-0.71.sdf,-0.71,10.0,,,,44.0,13.0,0.2159090909090909,False,False,dockgen::3ad7_1_NAD_0
dockgen,3ad9_1_NAD_0,3ad9,DiffDock-L default s10/t20,neural_docking,True,True,False,3.2654836340954847,results/posebench_702_predictions/diffdock_l_gpu/dockgen/3ad9_1_NAD_0/default_s10_t20/predictions/3ad9_1_NAD_0/rank1_confidence-0.66.sdf,-0.66,10.0,,,,44.0,13.0,0.2159090909090909,False,False,dockgen::3ad9_1_NAD_0
dockgen,3ada_1_NAD_0,3ada,DiffDock-L default s10/t20,neural_docking,True,True,False,2.5984166737562595,results/posebench_702_predictions/diffdock_l_gpu/dockgen/3ada_1_NAD_0/default_s10_t20/predictions/3ada_1_NAD_0/rank1_confidence-0.55.sdf,-0.55,10.0,,,,44.0,13.0,0.2159090909090909,False,False,dockgen::3ada_1_NAD_0
dockgen,3eca_1_ASP_3,3eca,DiffDock-L default s10/t20,neural_docking,True,True,False,2.4373496749087478,results/posebench_702_predictions/diffdock_l_gpu/dockgen/3eca_1_ASP_3/default_s10_t20/predictions/3eca_1_ASP_3/rank1_confidence-0.75.sdf,-0.75,10.0,,,,9.0,1.0,0.25,False,False,dockgen::3eca_1_ASP_3
dockgen,3gf4_1_FAD_1,3gf4,DiffDock-L default s10/t20,neural_docking,True,True,True,1.9104333292401747,results/posebench_702_predictions/diffdock_l_gpu/dockgen/3gf4_1_FAD_1/default_s10_t20/predictions/3gf4_1_FAD_1/rank1_confidence-1.09.sdf,-1.09,10.0,,,,53.0,18.0,0.2071428571428571,False,False,dockgen::3gf4_1_FAD_1
dockgen,3gf4_1_U5P_0,3gf4,DiffDock-L default s10/t20,neural_docking,True,True,False,27.596464237962493,results/posebench_702_predictions/diffdock_l_gpu/dockgen/3gf4_1_U5P_0/default_s10_t20/predictions/3gf4_1_U5P_0/rank1_confidence-0.41.sdf,-0.41,10.0,,,,21.0,6.0,0.2698412698412698,False,False,dockgen::3gf4_1_U5P_0
dockgen,3he3_5_UDP_0,3he3,DiffDock-L default s10/t20,neural_docking,True,True,False,23.663011845984443,results/posebench_702_predictions/diffdock_l_gpu/dockgen/3he3_5_UDP_0/default_s10_t20/predictions/3he3_5_UDP_0/rank1_confidence-0.70.sdf,-0.7,10.0,,,,25.0,6.0,0.2537313432835821,False,False,dockgen::3he3_5_UDP_0
dockgen,3it6_1_ORN_1,3it6,DiffDock-L default s10/t20,neural_docking,True,True,False,2.033533034728802,results/posebench_702_predictions/diffdock_l_gpu/dockgen/3it6_1_ORN_1/default_s10_t20/predictions/3it6_1_ORN_1/rank1_confidence-0.16.sdf,-0.16,10.0,,,,9.0,1.0,0.2608695652173913,False,False,dockgen::3it6_1_ORN_1
dockgen,3k8l_1_GLC-GLC-GLC-GLC-GLC_0,3k8l,DiffDock-L default s10/t20,neural_docking,True,True,False,39.64836272539015,results/posebench_702_predictions/diffdock_l_gpu/dockgen/3k8l_1_GLC-GLC-GLC-GLC-GLC_0/default_s10_t20/predictions/3k8l_1_GLC-GLC-GLC-GLC-GLC_0/rank1_confidence-2.15.sdf,-2.15,10.0,,,,56.0,25.0,1.0,False,False,dockgen::3k8l_1_GLC-GLC-GLC-GLC-GLC_0
dockgen,3k8m_1_GLC-GLC-AC1_0,3k8m,DiffDock-L default s10/t20,neural_docking,True,True,False,43.57844563654459,results/posebench_702_predictions/diffdock_l_gpu/dockgen/3k8m_1_GLC-GLC-AC1_0/default_s10_t20/predictions/3k8m_1_GLC-GLC-AC1_0/rank1_confidence-2.09.sdf,-2.09,10.0,,,,44.0,20.0,0.5306122448979592,False,False,dockgen::3k8m_1_GLC-GLC-AC1_0
dockgen,3nvv_1_MTE_1,3nvv,DiffDock-L default s10/t20,neural_docking,True,True,True,0.943905488294952,results/posebench_702_predictions/diffdock_l_gpu/dockgen/3nvv_1_MTE_1/default_s10_t20/predictions/3nvv_1_MTE_1/rank1_confidence-0.35.sdf,-0.35,10.0,,,,24.0,9.0,0.1641791044776119,False,False,dockgen::3nvv_1_MTE_1
dockgen,3o01_2_DXC_0,3o01,DiffDock-L default s10/t20,neural_docking,True,True,False,28.647780211537707,results/posebench_702_predictions/diffdock_l_gpu/dockgen/3o01_2_DXC_0/default_s10_t20/predictions/3o01_2_DXC_0/rank1_confidence-1.33.sdf,-1.33,10.0,,,,28.0,10.0,0.4927536231884058,True,False,dockgen::3o01_2_DXC_0
dockgen,3o02_2_JN3_0,3o02,DiffDock-L default s10/t20,neural_docking,True,True,False,31.57791079395645,results/posebench_702_predictions/diffdock_l_gpu/dockgen/3o02_2_JN3_0/default_s10_t20/predictions/3o02_2_JN3_0/rank1_confidence-1.41.sdf,-1.41,10.0,,,,28.0,10.0,0.7450980392156863,True,False,dockgen::3o02_2_JN3_0
dockgen,3o7j_1_2AL_0,3o7j,DiffDock-L default s10/t20,neural_docking,True,True,False,2.4144389111043054,results/posebench_702_predictions/diffdock_l_gpu/dockgen/3o7j_1_2AL_0/default_s10_t20/predictions/3o7j_1_2AL_0/rank1_confidence-0.49.sdf,-0.49,10.0,,,,11.0,4.0,0.1454545454545454,False,False,dockgen::3o7j_1_2AL_0
dockgen,3q14_1_PCR_3,3q14,DiffDock-L default s10/t20,neural_docking,True,True,False,22.22320972648866,results/posebench_702_predictions/diffdock_l_gpu/dockgen/3q14_1_PCR_3/default_s10_t20/predictions/3q14_1_PCR_3/rank1_confidence0.02.sdf,0.02,10.0,,,,8.0,0.0,0.4285714285714285,True,False,dockgen::3q14_1_PCR_3
dockgen,3qrc_2_GU4-YYJ_0,3qrc,DiffDock-L default s10/t20,neural_docking,True,True,False,25.58094114548421,results/posebench_702_predictions/diffdock_l_gpu/dockgen/3qrc_2_GU4-YYJ_0/default_s10_t20/predictions/3qrc_2_GU4-YYJ_0/rank1_confidence-2.91.sdf,-2.91,10.0,,,,55.0,9.0,0.2586206896551724,True,False,dockgen::3qrc_2_GU4-YYJ_0
dockgen,3s5x_1_BMA-MAN-MAN-MAN-MAN_0,3s5x,DiffDock-L default s10/t20,neural_docking,True,True,False,40.39821466279309,results/posebench_702_predictions/diffdock_l_gpu/dockgen/3s5x_1_BMA-MAN-MAN-MAN-MAN_0/default_s10_t20/predictions/3s5x_1_BMA-MAN-MAN-MAN-MAN_0/rank1_confidence-2.84.sdf,-2.84,10.0,,,,45.0,20.0,0.7894736842105263,False,False,dockgen::3s5x_1_BMA-MAN-MAN-MAN-MAN_0
dockgen,3s6a_1_ANP_0,3s6a,DiffDock-L default s10/t20,neural_docking,True,True,False,3.161735546839449,results/posebench_702_predictions/diffdock_l_gpu/dockgen/3s6a_1_ANP_0/default_s10_t20/predictions/3s6a_1_ANP_0/rank1_confidence-1.62.sdf,-1.62,10.0,,,,27.0,7.0,0.2432432432432432,False,False,dockgen::3s6a_1_ANP_0
dockgen,3se5_1_ANP_2,3se5,DiffDock-L default s10/t20,neural_docking,True,True,False,9.07536180430468,results/posebench_702_predictions/diffdock_l_gpu/dockgen/3se5_1_ANP_2/default_s10_t20/predictions/3se5_1_ANP_2/rank1_confidence-1.35.sdf,-1.35,10.0,,,,31.0,7.0,0.2467532467532467,False,False,dockgen::3se5_1_ANP_2
dockgen,3sr6_1_MTE_1,3sr6,DiffDock-L default s10/t20,neural_docking,True,True,True,0.8990727858002739,results/posebench_702_predictions/diffdock_l_gpu/dockgen/3sr6_1_MTE_1/default_s10_t20/predictions/3sr6_1_MTE_1/rank1_confidence-0.32.sdf,-0.32,10.0,,,,24.0,9.0,0.1641791044776119,False,False,dockgen::3sr6_1_MTE_1
dockgen,3ub7_1_ACM_1,3ub7,DiffDock-L default s10/t20,neural_docking,True,True,False,2.0052099528478307,results/posebench_702_predictions/diffdock_l_gpu/dockgen/3ub7_1_ACM_1/default_s10_t20/predictions/3ub7_1_ACM_1/rank1_confidence0.14.sdf,0.14,10.0,,,,4.0,1.0,0.5555555555555556,False,False,dockgen::3ub7_1_ACM_1
dockgen,3ub9_1_NHY_1,3ub9,DiffDock-L default s10/t20,neural_docking,True,True,False,2.097287384218004,results/posebench_702_predictions/diffdock_l_gpu/dockgen/3ub9_1_NHY_1/default_s10_t20/predictions/3ub9_1_NHY_1/rank1_confidence0.49.sdf,0.49,10.0,,,,5.0,1.0,0.2307692307692307,False,False,dockgen::3ub9_1_NHY_1
dockgen,3uni_1_SAL_0,3uni,DiffDock-L default s10/t20,neural_docking,True,False,False,,,,0.0,,,,10.0,2.0,0.25,True,False,dockgen::3uni_1_SAL_0
dockgen,3wrb_1_GDE_0,3wrb,DiffDock-L default s10/t20,neural_docking,True,True,False,45.59808167478101,results/posebench_702_predictions/diffdock_l_gpu/dockgen/3wrb_1_GDE_0/default_s10_t20/predictions/3wrb_1_GDE_0/rank1_confidence-0.81.sdf,-0.81,10.0,,,,12.0,2.0,0.2,True,False,dockgen::3wrb_1_GDE_0
dockgen,3wvc_1_FEG_0,3wvc,DiffDock-L default s10/t20,neural_docking,True,True,False,8.617750581448389,results/posebench_702_predictions/diffdock_l_gpu/dockgen/3wvc_1_FEG_0/default_s10_t20/predictions/3wvc_1_FEG_0/rank1_confidence-1.38.sdf,-1.38,10.0,,,,37.0,13.0,0.2058823529411764,False,False,dockgen::3wvc_1_FEG_0
dockgen,3zec_1_ANP_0,3zec,DiffDock-L default s10/t20,neural_docking,True,True,False,8.574505322362674,results/posebench_702_predictions/diffdock_l_gpu/dockgen/3zec_1_ANP_0/default_s10_t20/predictions/3zec_1_ANP_0/rank1_confidence-2.07.sdf,-2.07,10.0,,,,31.0,7.0,0.2467532467532467,False,False,dockgen::3zec_1_ANP_0
dockgen,3zjx_1_BOG_0,3zjx,DiffDock-L default s10/t20,neural_docking,True,True,False,87.81146456014157,results/posebench_702_predictions/diffdock_l_gpu/dockgen/3zjx_1_BOG_0/default_s10_t20/predictions/3zjx_1_BOG_0/rank1_confidence-2.74.sdf,-2.74,10.0,,,,20.0,5.0,1.0,True,False,dockgen::3zjx_1_BOG_0
dockgen,3zqu_1_FNR_5,3zqu,DiffDock-L default s10/t20,neural_docking,True,True,False,5.940625071081435,results/posebench_702_predictions/diffdock_l_gpu/dockgen/3zqu_1_FNR_5/default_s10_t20/predictions/3zqu_1_FNR_5/rank1_confidence-2.50.sdf,-2.5,10.0,,,,31.0,11.0,0.1724137931034483,False,False,dockgen::3zqu_1_FNR_5
dockgen,3zzs_1_TRP_3,3zzs,DiffDock-L default s10/t20,neural_docking,True,True,False,12.58719093713923,results/posebench_702_predictions/diffdock_l_gpu/dockgen/3zzs_1_TRP_3/default_s10_t20/predictions/3zzs_1_TRP_3/rank1_confidence-1.48.sdf,-1.48,10.0,,,,15.0,4.0,0.2195121951219512,False,False,dockgen::3zzs_1_TRP_3
dockgen,4b4v_1_L34_0,4b4v,DiffDock-L default s10/t20,neural_docking,True,True,True,1.3495710226935511,results/posebench_702_predictions/diffdock_l_gpu/dockgen/4b4v_1_L34_0/default_s10_t20/predictions/4b4v_1_L34_0/rank1_confidence-0.95.sdf,-0.95,10.0,,,,34.0,8.0,0.1451612903225806,False,False,dockgen::4b4v_1_L34_0
dockgen,4bc9_1_CNV-FAD_0,4bc9,DiffDock-L default s10/t20,neural_docking,True,True,False,3.752485008490688,results/posebench_702_predictions/diffdock_l_gpu/dockgen/4bc9_1_CNV-FAD_0/default_s10_t20/predictions/4bc9_1_CNV-FAD_0/rank1_confidence-1.62.sdf,-1.62,10.0,,,,57.0,19.0,0.1986301369863013,False,False,dockgen::4bc9_1_CNV-FAD_0
dockgen,4cdn_2_FAD_0,4cdn,DiffDock-L default s10/t20,neural_docking,True,True,True,1.4993901924600164,results/posebench_702_predictions/diffdock_l_gpu/dockgen/4cdn_2_FAD_0/default_s10_t20/predictions/4cdn_2_FAD_0/rank1_confidence-1.28.sdf,-1.28,10.0,,,,53.0,18.0,0.2071428571428571,False,False,dockgen::4cdn_2_FAD_0
dockgen,4fyv_1_DCP_2,4fyv,DiffDock-L default s10/t20,neural_docking,True,True,False,7.24815766172934,results/posebench_702_predictions/diffdock_l_gpu/dockgen/4fyv_1_DCP_2/default_s10_t20/predictions/4fyv_1_DCP_2/rank1_confidence-2.09.sdf,-2.09,10.0,,,,28.0,5.0,0.2676056338028169,False,False,dockgen::4fyv_1_DCP_2
dockgen,4fyw_1_CTP_4,4fyw,DiffDock-L default s10/t20,neural_docking,True,True,False,4.316944239853001,results/posebench_702_predictions/diffdock_l_gpu/dockgen/4fyw_1_CTP_4/default_s10_t20/predictions/4fyw_1_CTP_4/rank1_confidence-1.62.sdf,-1.62,10.0,,,,29.0,6.0,0.2394366197183098,False,False,dockgen::4fyw_1_CTP_4
dockgen,4gk9_1_BMA-MAN-MAN-MAN-MAN_3,4gk9,DiffDock-L default s10/t20,neural_docking,True,True,False,46.687935403903936,results/posebench_702_predictions/diffdock_l_gpu/dockgen/4gk9_1_BMA-MAN-MAN-MAN-MAN_3/default_s10_t20/predictions/4gk9_1_BMA-MAN-MAN-MAN-MAN_3/rank1_confidence-3.47.sdf,-3.47,10.0,,,,56.0,25.0,0.7894736842105263,False,False,dockgen::4gk9_1_BMA-MAN-MAN-MAN-MAN_3
dockgen,4h2f_1_ADN_0,4h2f,DiffDock-L default s10/t20,neural_docking,True,True,False,2.418597595497723,results/posebench_702_predictions/diffdock_l_gpu/dockgen/4h2f_1_ADN_0/default_s10_t20/predictions/4h2f_1_ADN_0/rank1_confidence-0.94.sdf,-0.94,10.0,,,,19.0,7.0,0.3272727272727272,False,False,dockgen::4h2f_1_ADN_0
dockgen,4idk_1_1FE_0,4idk,DiffDock-L default s10/t20,neural_docking,True,True,False,49.39766377519622,results/posebench_702_predictions/diffdock_l_gpu/dockgen/4idk_1_1FE_0/default_s10_t20/predictions/4idk_1_1FE_0/rank1_confidence-0.14.sdf,-0.14,10.0,,,,15.0,5.0,0.180327868852459,False,False,dockgen::4idk_1_1FE_0
dockgen,4kgx_1_CTP_5,4kgx,DiffDock-L default s10/t20,neural_docking,True,True,True,1.4537951226430392,results/posebench_702_predictions/diffdock_l_gpu/dockgen/4kgx_1_CTP_5/default_s10_t20/predictions/4kgx_1_CTP_5/rank1_confidence-1.61.sdf,-1.61,10.0,,,,29.0,6.0,0.2394366197183098,False,False,dockgen::4kgx_1_CTP_5
dockgen,4mig_1_G3F_2,4mig,DiffDock-L default s10/t20,neural_docking,True,True,True,0.3483704158889889,results/posebench_702_predictions/diffdock_l_gpu/dockgen/4mig_1_G3F_2/default_s10_t20/predictions/4mig_1_G3F_2/rank1_confidence-0.16.sdf,-0.16,10.0,,,,12.0,5.0,0.6086956521739131,True,False,dockgen::4mig_1_G3F_2
dockgen,4mo2_2_FDA_0,4mo2,DiffDock-L default s10/t20,neural_docking,True,True,True,1.4590734426793175,results/posebench_702_predictions/diffdock_l_gpu/dockgen/4mo2_2_FDA_0/default_s10_t20/predictions/4mo2_2_FDA_0/rank1_confidence-0.63.sdf,-0.63,10.0,,,,53.0,18.0,0.2071428571428571,False,False,dockgen::4mo2_2_FDA_0
dockgen,4mos_1_GAF_1,4mos,DiffDock-L default s10/t20,neural_docking,True,True,True,0.9553294641117293,results/posebench_702_predictions/diffdock_l_gpu/dockgen/4mos_1_GAF_1/default_s10_t20/predictions/4mos_1_GAF_1/rank1_confidence-0.61.sdf,-0.61,10.0,,,,12.0,5.0,0.6521739130434783,True,False,dockgen::4mos_1_GAF_1
dockgen,4n4l_1_HG1_0,4n4l,DiffDock-L default s10/t20,neural_docking,True,True,False,36.83814135306413,results/posebench_702_predictions/diffdock_l_gpu/dockgen/4n4l_1_HG1_0/default_s10_t20/predictions/4n4l_1_HG1_0/rank1_confidence-1.43.sdf,-1.43,10.0,,,,12.0,1.0,0.25,True,False,dockgen::4n4l_1_HG1_0
dockgen,4o0d_1_GLY_3,4o0d,DiffDock-L default s10/t20,neural_docking,True,True,False,25.491599971716173,results/posebench_702_predictions/diffdock_l_gpu/dockgen/4o0d_1_GLY_3/default_s10_t20/predictions/4o0d_1_GLY_3/rank1_confidence-0.05.sdf,-0.05,10.0,,,,5.0,0.0,0.3181818181818182,False,False,dockgen::4o0d_1_GLY_3
dockgen,4o0f_1_GLY_3,4o0f,DiffDock-L default s10/t20,neural_docking,True,True,False,23.924862539542417,results/posebench_702_predictions/diffdock_l_gpu/dockgen/4o0f_1_GLY_3/default_s10_t20/predictions/4o0f_1_GLY_3/rank1_confidence0.14.sdf,0.14,10.0,,,,5.0,0.0,0.3181818181818182,False,False,dockgen::4o0f_1_GLY_3
dockgen,4o95_1_245_0,4o95,DiffDock-L default s10/t20,neural_docking,True,True,False,10.31732768307763,results/posebench_702_predictions/diffdock_l_gpu/dockgen/4o95_1_245_0/default_s10_t20/predictions/4o95_1_245_0/rank1_confidence-0.87.sdf,-0.87,10.0,,,,17.0,3.0,0.2888888888888888,False,False,dockgen::4o95_1_245_0
dockgen,4oal_2_245_0,4oal,DiffDock-L default s10/t20,neural_docking,True,True,False,10.41587756984499,results/posebench_702_predictions/diffdock_l_gpu/dockgen/4oal_2_245_0/default_s10_t20/predictions/4oal_2_245_0/rank1_confidence-1.07.sdf,-1.07,10.0,,,,17.0,3.0,0.2888888888888888,False,False,dockgen::4oal_2_245_0
dockgen,4osx_1_GLY_2,4osx,DiffDock-L default s10/t20,neural_docking,True,True,False,14.675498708187058,results/posebench_702_predictions/diffdock_l_gpu/dockgen/4osx_1_GLY_2/default_s10_t20/predictions/4osx_1_GLY_2/rank1_confidence0.10.sdf,0.1,10.0,,,,5.0,0.0,0.3181818181818182,False,False,dockgen::4osx_1_GLY_2
dockgen,4osy_1_GLY_3,4osy,DiffDock-L default s10/t20,neural_docking,True,True,True,1.6123978702541133,results/posebench_702_predictions/diffdock_l_gpu/dockgen/4osy_1_GLY_3/default_s10_t20/predictions/4osy_1_GLY_3/rank1_confidence0.01.sdf,0.01,10.0,,,,5.0,0.0,0.3181818181818182,False,False,dockgen::4osy_1_GLY_3
dockgen,4pfx_1_UDP_0,4pfx,DiffDock-L default s10/t20,neural_docking,True,True,False,4.059889112722169,results/posebench_702_predictions/diffdock_l_gpu/dockgen/4pfx_1_UDP_0/default_s10_t20/predictions/4pfx_1_UDP_0/rank1_confidence-1.79.sdf,-1.79,10.0,,,,25.0,6.0,0.2537313432835821,False,False,dockgen::4pfx_1_UDP_0
dockgen,4phr_1_UDP_0,4phr,DiffDock-L default s10/t20,neural_docking,True,True,False,4.305475677506495,results/posebench_702_predictions/diffdock_l_gpu/dockgen/4phr_1_UDP_0/default_s10_t20/predictions/4phr_1_UDP_0/rank1_confidence-1.30.sdf,-1.3,10.0,,,,25.0,6.0,0.2537313432835821,False,False,dockgen::4phr_1_UDP_0
dockgen,4phs_1_UDP_0,4phs,DiffDock-L default s10/t20,neural_docking,True,True,False,4.109392717811234,results/posebench_702_predictions/diffdock_l_gpu/dockgen/4phs_1_UDP_0/default_s10_t20/predictions/4phs_1_UDP_0/rank1_confidence-1.50.sdf,-1.5,10.0,,,,25.0,6.0,0.2463768115942029,False,False,dockgen::4phs_1_UDP_0
dockgen,4pya_1_2X3_0,4pya,DiffDock-L default s10/t20,neural_docking,True,True,False,24.456893382694783,results/posebench_702_predictions/diffdock_l_gpu/dockgen/4pya_1_2X3_0/default_s10_t20/predictions/4pya_1_2X3_0/rank1_confidence-1.10.sdf,-1.1,10.0,,,,32.0,9.0,0.1585365853658536,False,False,dockgen::4pya_1_2X3_0
dockgen,4qa8_1_PJZ_0,4qa8,DiffDock-L default s10/t20,neural_docking,True,True,False,7.534171527408423,results/posebench_702_predictions/diffdock_l_gpu/dockgen/4qa8_1_PJZ_0/default_s10_t20/predictions/4qa8_1_PJZ_0/rank1_confidence-1.40.sdf,-1.4,10.0,,,,34.0,3.0,0.3714285714285714,False,False,dockgen::4qa8_1_PJZ_0
dockgen,4qo5_1_NAG_2,4qo5,DiffDock-L default s10/t20,neural_docking,True,True,False,35.619800041299264,results/posebench_702_predictions/diffdock_l_gpu/dockgen/4qo5_1_NAG_2/default_s10_t20/predictions/4qo5_1_NAG_2/rank1_confidence-1.40.sdf,-1.4,10.0,,,,14.0,5.0,0.3142857142857143,True,False,dockgen::4qo5_1_NAG_2
dockgen,4rhe_1_FMN_6,4rhe,DiffDock-L default s10/t20,neural_docking,True,True,False,2.250433483905684,results/posebench_702_predictions/diffdock_l_gpu/dockgen/4rhe_1_FMN_6/default_s10_t20/predictions/4rhe_1_FMN_6/rank1_confidence-1.20.sdf,-1.2,10.0,,,,31.0,11.0,0.1685393258426966,False,False,dockgen::4rhe_1_FMN_6
dockgen,4rpj_1_UDP_0,4rpj,DiffDock-L default s10/t20,neural_docking,True,True,False,23.794063436580146,results/posebench_702_predictions/diffdock_l_gpu/dockgen/4rpj_1_UDP_0/default_s10_t20/predictions/4rpj_1_UDP_0/rank1_confidence-0.68.sdf,-0.68,10.0,,,,25.0,6.0,0.2537313432835821,False,False,dockgen::4rpj_1_UDP_0
dockgen,4rpm_1_HXC_0,4rpm,DiffDock-L default s10/t20,neural_docking,True,True,True,1.5733436224946054,results/posebench_702_predictions/diffdock_l_gpu/dockgen/4rpm_1_HXC_0/default_s10_t20/predictions/4rpm_1_HXC_0/rank1_confidence-0.48.sdf,-0.48,10.0,,,,9.0,1.0,0.4285714285714285,False,False,dockgen::4rpm_1_HXC_0
dockgen,4tvd_1_BGC_4,4tvd,DiffDock-L default s10/t20,neural_docking,True,False,False,,,,0.0,,,,12.0,5.0,1.0,True,False,dockgen::4tvd_1_BGC_4
dockgen,4tvd_1_GLC_0,4tvd,DiffDock-L default s10/t20,neural_docking,True,False,False,,,,0.0,,,,12.0,5.0,1.0,True,False,dockgen::4tvd_1_GLC_0
dockgen,4u63_1_FAD_0,4u63,DiffDock-L default s10/t20,neural_docking,True,True,True,1.2482278033502556,results/posebench_702_predictions/diffdock_l_gpu/dockgen/4u63_1_FAD_0/default_s10_t20/predictions/4u63_1_FAD_0/rank1_confidence-1.22.sdf,-1.22,10.0,,,,53.0,18.0,0.2071428571428571,False,False,dockgen::4u63_1_FAD_0
dockgen,4uoc_1_NCN_1,4uoc,DiffDock-L default s10/t20,neural_docking,True,True,False,37.20877366129832,results/posebench_702_predictions/diffdock_l_gpu/dockgen/4uoc_1_NCN_1/default_s10_t20/predictions/4uoc_1_NCN_1/rank1_confidence-0.08.sdf,-0.08,10.0,,,,22.0,5.0,0.2388059701492537,False,False,dockgen::4uoc_1_NCN_1
dockgen,4uuw_1_AMP_0,4uuw,DiffDock-L default s10/t20,neural_docking,True,True,False,43.347883776047695,results/posebench_702_predictions/diffdock_l_gpu/dockgen/4uuw_1_AMP_0/default_s10_t20/predictions/4uuw_1_AMP_0/rank1_confidence-1.37.sdf,-1.37,10.0,,,,23.0,7.0,0.2608695652173913,False,False,dockgen::4uuw_1_AMP_0
dockgen,4xdr_1_ADN_0,4xdr,DiffDock-L default s10/t20,neural_docking,True,True,False,9.730664526369042,results/posebench_702_predictions/diffdock_l_gpu/dockgen/4xdr_1_ADN_0/default_s10_t20/predictions/4xdr_1_ADN_0/rank1_confidence-1.26.sdf,-1.26,10.0,,,,19.0,7.0,0.3272727272727272,False,False,dockgen::4xdr_1_ADN_0
dockgen,4xfm_1_THE_0,4xfm,DiffDock-L default s10/t20,neural_docking,True,True,False,4.14531038979927,results/posebench_702_predictions/diffdock_l_gpu/dockgen/4xfm_1_THE_0/default_s10_t20/predictions/4xfm_1_THE_0/rank1_confidence-0.95.sdf,-0.95,10.0,,,,9.0,2.0,0.5238095238095238,False,False,dockgen::4xfm_1_THE_0
dockgen,4ydx_1_TCE_0,4ydx,DiffDock-L default s10/t20,neural_docking,True,True,False,7.819597751443165,results/posebench_702_predictions/diffdock_l_gpu/dockgen/4ydx_1_TCE_0/default_s10_t20/predictions/4ydx_1_TCE_0/rank1_confidence-1.59.sdf,-1.59,10.0,,,,16.0,0.0,0.2222222222222222,False,False,dockgen::4ydx_1_TCE_0
dockgen,4zav_1_4LS_8,4zav,DiffDock-L default s10/t20,neural_docking,True,True,False,5.473231034848916,results/posebench_702_predictions/diffdock_l_gpu/dockgen/4zav_1_4LS_8/default_s10_t20/predictions/4zav_1_4LS_8/rank1_confidence-2.70.sdf,-2.7,10.0,,,,36.0,11.0,0.1648351648351648,False,False,dockgen::4zav_1_4LS_8
dockgen,4zaw_1_4LU_1,4zaw,DiffDock-L default s10/t20,neural_docking,True,True,False,5.46913612635589,results/posebench_702_predictions/diffdock_l_gpu/dockgen/4zaw_1_4LU_1/default_s10_t20/predictions/4zaw_1_4LU_1/rank1_confidence-2.09.sdf,-2.09,10.0,,,,36.0,12.0,0.1649484536082474,False,False,dockgen::4zaw_1_4LU_1
dockgen,4zay_1_4LS_6,4zay,DiffDock-L default s10/t20,neural_docking,True,True,False,5.952666588317094,results/posebench_702_predictions/diffdock_l_gpu/dockgen/4zay_1_4LS_6/default_s10_t20/predictions/4zay_1_4LS_6/rank1_confidence-2.23.sdf,-2.23,10.0,,,,36.0,11.0,0.1648351648351648,False,False,dockgen::4zay_1_4LS_6
dockgen,4zaz_1_4LS_6,4zaz,DiffDock-L default s10/t20,neural_docking,True,True,False,6.112599841720379,results/posebench_702_predictions/diffdock_l_gpu/dockgen/4zaz_1_4LS_6/default_s10_t20/predictions/4zaz_1_4LS_6/rank1_confidence-3.24.sdf,-3.24,10.0,,,,36.0,11.0,0.1648351648351648,False,False,dockgen::4zaz_1_4LS_6
dockgen,4zqx_1_ATP_2,4zqx,DiffDock-L default s10/t20,neural_docking,True,True,False,37.56434971598093,results/posebench_702_predictions/diffdock_l_gpu/dockgen/4zqx_1_ATP_2/default_s10_t20/predictions/4zqx_1_ATP_2/rank1_confidence-1.37.sdf,-1.37,10.0,,,,31.0,7.0,0.24,False,False,dockgen::4zqx_1_ATP_2
dockgen,5a98_1_ATP_0,5a98,DiffDock-L default s10/t20,neural_docking,True,True,False,44.20493333111208,results/posebench_702_predictions/diffdock_l_gpu/dockgen/5a98_1_ATP_0/default_s10_t20/predictions/5a98_1_ATP_0/rank1_confidence-1.78.sdf,-1.78,10.0,,,,31.0,7.0,0.24,False,False,dockgen::5a98_1_ATP_0
dockgen,5ae3_2_AWB_1,5ae3,DiffDock-L default s10/t20,neural_docking,True,True,False,10.105635993751465,results/posebench_702_predictions/diffdock_l_gpu/dockgen/5ae3_2_AWB_1/default_s10_t20/predictions/5ae3_2_AWB_1/rank1_confidence-1.96.sdf,-1.96,10.0,,,,39.0,12.0,0.216867469879518,False,False,dockgen::5ae3_2_AWB_1
dockgen,5b5s_1_BOG_0,5b5s,DiffDock-L default s10/t20,neural_docking,True,True,False,10.85370782189202,results/posebench_702_predictions/diffdock_l_gpu/dockgen/5b5s_1_BOG_0/default_s10_t20/predictions/5b5s_1_BOG_0/rank1_confidence-2.68.sdf,-2.68,10.0,,,,20.0,5.0,1.0,True,False,dockgen::5b5s_1_BOG_0
dockgen,5d9g_1_GLU-ASN-LEU-TYR-PHE-GLN_0,5d9g,DiffDock-L default s10/t20,neural_docking,True,True,False,10.826210572562472,results/posebench_702_predictions/diffdock_l_gpu/dockgen/5d9g_1_GLU-ASN-LEU-TYR-PHE-GLN_0/default_s10_t20/predictions/5d9g_1_GLU-ASN-LEU-TYR-PHE-GLN_0/rank1_confidence-3.70.sdf,-3.7,10.0,,,,41.0,4.0,0.5,False,False,dockgen::5d9g_1_GLU-ASN-LEU-TYR-PHE-GLN_0
dockgen,5dnc_1_ASN_2,5dnc,DiffDock-L default s10/t20,neural_docking,True,True,False,4.032658865231887,results/posebench_702_predictions/diffdock_l_gpu/dockgen/5dnc_1_ASN_2/default_s10_t20/predictions/5dnc_1_ASN_2/rank1_confidence-0.60.sdf,-0.6,10.0,,,,9.0,2.0,0.25,False,False,dockgen::5dnc_1_ASN_2
dockgen,5eno_1_5QG_0,5eno,DiffDock-L default s10/t20,neural_docking,True,True,False,16.55033309477278,results/posebench_702_predictions/diffdock_l_gpu/dockgen/5eno_1_5QG_0/default_s10_t20/predictions/5eno_1_5QG_0/rank1_confidence-2.64.sdf,-2.64,10.0,,,,29.0,5.0,0.1772151898734177,False,False,dockgen::5eno_1_5QG_0
dockgen,5enp_1_5QF_0,5enp,DiffDock-L default s10/t20,neural_docking,True,True,False,9.029838458912431,results/posebench_702_predictions/diffdock_l_gpu/dockgen/5enp_1_5QF_0/default_s10_t20/predictions/5enp_1_5QF_0/rank1_confidence-2.52.sdf,-2.52,10.0,,,,37.0,8.0,0.15625,False,False,dockgen::5enp_1_5QF_0
dockgen,5enq_1_5QE_0,5enq,DiffDock-L default s10/t20,neural_docking,True,True,False,8.065080272897829,results/posebench_702_predictions/diffdock_l_gpu/dockgen/5enq_1_5QE_0/default_s10_t20/predictions/5enq_1_5QE_0/rank1_confidence-1.93.sdf,-1.93,10.0,,,,35.0,8.0,0.1621621621621621,False,False,dockgen::5enq_1_5QE_0
dockgen,5enr_1_MBX_0,5enr,DiffDock-L default s10/t20,neural_docking,True,True,False,8.654047398022628,results/posebench_702_predictions/diffdock_l_gpu/dockgen/5enr_1_MBX_0/default_s10_t20/predictions/5enr_1_MBX_0/rank1_confidence-2.25.sdf,-2.25,10.0,,,,36.0,8.0,0.1592920353982301,False,False,dockgen::5enr_1_MBX_0
dockgen,5ent_1_MIY_0,5ent,DiffDock-L default s10/t20,neural_docking,True,True,False,13.308843004069503,results/posebench_702_predictions/diffdock_l_gpu/dockgen/5ent_1_MIY_0/default_s10_t20/predictions/5ent_1_MIY_0/rank1_confidence-2.97.sdf,-2.97,10.0,,,,33.0,15.0,0.1690140845070422,False,False,dockgen::5ent_1_MIY_0
dockgen,5ers_1_AMP_1,5ers,DiffDock-L default s10/t20,neural_docking,True,True,False,58.34263597258124,results/posebench_702_predictions/diffdock_l_gpu/dockgen/5ers_1_AMP_1/default_s10_t20/predictions/5ers_1_AMP_1/rank1_confidence-1.03.sdf,-1.03,10.0,,,,23.0,7.0,0.2608695652173913,False,False,dockgen::5ers_1_AMP_1
dockgen,5f2t_1_PLM_0,5f2t,DiffDock-L default s10/t20,neural_docking,True,True,False,2.219764796599456,results/posebench_702_predictions/diffdock_l_gpu/dockgen/5f2t_1_PLM_0/default_s10_t20/predictions/5f2t_1_PLM_0/rank1_confidence-0.59.sdf,-0.59,10.0,,,,18.0,0.0,0.5416666666666666,False,False,dockgen::5f2t_1_PLM_0
dockgen,5f52_1_ASP_2,5f52,DiffDock-L default s10/t20,neural_docking,True,True,False,2.79618975850273,results/posebench_702_predictions/diffdock_l_gpu/dockgen/5f52_1_ASP_2/default_s10_t20/predictions/5f52_1_ASP_2/rank1_confidence-0.75.sdf,-0.75,10.0,,,,9.0,1.0,0.25,False,False,dockgen::5f52_1_ASP_2
dockgen,5fiu_1_Y3J_3,5fiu,DiffDock-L default s10/t20,neural_docking,True,True,True,1.1564948134341122,results/posebench_702_predictions/diffdock_l_gpu/dockgen/5fiu_1_Y3J_3/default_s10_t20/predictions/5fiu_1_Y3J_3/rank1_confidence-0.03.sdf,-0.03,10.0,,,,20.0,7.0,0.1617647058823529,False,False,dockgen::5fiu_1_Y3J_3
dockgen,5fxd_1_H7Y_1,5fxd,DiffDock-L default s10/t20,neural_docking,True,True,False,2.863496695766675,results/posebench_702_predictions/diffdock_l_gpu/dockgen/5fxd_1_H7Y_1/default_s10_t20/predictions/5fxd_1_H7Y_1/rank1_confidence-0.88.sdf,-0.88,10.0,,,,12.0,3.0,0.2352941176470588,True,False,dockgen::5fxd_1_H7Y_1
dockgen,5fxe_1_CIY_1,5fxe,DiffDock-L default s10/t20,neural_docking,True,True,False,6.218834778131053,results/posebench_702_predictions/diffdock_l_gpu/dockgen/5fxe_1_CIY_1/default_s10_t20/predictions/5fxe_1_CIY_1/rank1_confidence-1.17.sdf,-1.17,10.0,,,,13.0,3.0,0.2264150943396226,True,False,dockgen::5fxe_1_CIY_1
dockgen,5fxf_1_BEZ_0,5fxf,DiffDock-L default s10/t20,neural_docking,True,True,False,6.878797586868734,results/posebench_702_predictions/diffdock_l_gpu/dockgen/5fxf_1_BEZ_0/default_s10_t20/predictions/5fxf_1_BEZ_0/rank1_confidence-0.87.sdf,-0.87,10.0,,,,9.0,0.0,0.3125,True,False,dockgen::5fxf_1_BEZ_0
dockgen,5gqi_1_ATP_7,5gqi,DiffDock-L default s10/t20,neural_docking,True,True,False,47.4559816869717,results/posebench_702_predictions/diffdock_l_gpu/dockgen/5gqi_1_ATP_7/default_s10_t20/predictions/5gqi_1_ATP_7/rank1_confidence-1.92.sdf,-1.92,10.0,,,,31.0,7.0,0.24,False,False,dockgen::5gqi_1_ATP_7
dockgen,5gql_1_ATP_4,5gql,DiffDock-L default s10/t20,neural_docking,True,True,False,31.730399686400258,results/posebench_702_predictions/diffdock_l_gpu/dockgen/5gql_1_ATP_4/default_s10_t20/predictions/5gql_1_ATP_4/rank1_confidence-2.17.sdf,-2.17,10.0,,,,31.0,7.0,0.24,False,False,dockgen::5gql_1_ATP_4
dockgen,5hhz_1_ZME_0,5hhz,DiffDock-L default s10/t20,neural_docking,True,True,False,13.997317313447368,results/posebench_702_predictions/diffdock_l_gpu/dockgen/5hhz_1_ZME_0/default_s10_t20/predictions/5hhz_1_ZME_0/rank1_confidence-0.32.sdf,-0.32,10.0,,,,15.0,4.0,0.2083333333333333,False,False,dockgen::5hhz_1_ZME_0
dockgen,5hmr_1_FDZ_0,5hmr,DiffDock-L default s10/t20,neural_docking,True,True,False,13.080948532426842,results/posebench_702_predictions/diffdock_l_gpu/dockgen/5hmr_1_FDZ_0/default_s10_t20/predictions/5hmr_1_FDZ_0/rank1_confidence-0.68.sdf,-0.68,10.0,,,,20.0,4.0,0.1864406779661017,False,False,dockgen::5hmr_1_FDZ_0
dockgen,5hqx_1_EDZ_0,5hqx,DiffDock-L default s10/t20,neural_docking,True,True,False,6.692636226397554,results/posebench_702_predictions/diffdock_l_gpu/dockgen/5hqx_1_EDZ_0/default_s10_t20/predictions/5hqx_1_EDZ_0/rank1_confidence-1.57.sdf,-1.57,10.0,,,,18.0,4.0,0.1785714285714285,False,False,dockgen::5hqx_1_EDZ_0
dockgen,5hw0_1_GLU_2,5hw0,DiffDock-L default s10/t20,neural_docking,True,True,False,35.23029255911736,results/posebench_702_predictions/diffdock_l_gpu/dockgen/5hw0_1_GLU_2/default_s10_t20/predictions/5hw0_1_GLU_2/rank1_confidence-0.87.sdf,-0.87,10.0,,,,10.0,1.0,0.2222222222222222,False,False,dockgen::5hw0_1_GLU_2
dockgen,5ida_1_BMA_0,5ida,DiffDock-L default s10/t20,neural_docking,True,True,False,19.770190169798568,results/posebench_702_predictions/diffdock_l_gpu/dockgen/5ida_1_BMA_0/default_s10_t20/predictions/5ida_1_BMA_0/rank1_confidence-1.76.sdf,-1.76,10.0,,,,12.0,5.0,1.0,True,False,dockgen::5ida_1_BMA_0
dockgen,5k3o_2_ASP_0,5k3o,DiffDock-L default s10/t20,neural_docking,True,True,False,35.56254050331612,results/posebench_702_predictions/diffdock_l_gpu/dockgen/5k3o_2_ASP_0/default_s10_t20/predictions/5k3o_2_ASP_0/rank1_confidence-0.55.sdf,-0.55,10.0,,,,9.0,1.0,0.25,False,False,dockgen::5k3o_2_ASP_0
dockgen,5k45_2_GLU_1,5k45,DiffDock-L default s10/t20,neural_docking,True,True,False,37.460754328563645,results/posebench_702_predictions/diffdock_l_gpu/dockgen/5k45_2_GLU_1/default_s10_t20/predictions/5k45_2_GLU_1/rank1_confidence-0.70.sdf,-0.7,10.0,,,,10.0,1.0,0.2222222222222222,False,False,dockgen::5k45_2_GLU_1
dockgen,5k4h_2_GLU_3,5k4h,DiffDock-L default s10/t20,neural_docking,True,True,False,37.39448906278839,results/posebench_702_predictions/diffdock_l_gpu/dockgen/5k4h_2_GLU_3/default_s10_t20/predictions/5k4h_2_GLU_3/rank1_confidence-0.85.sdf,-0.85,10.0,,,,10.0,1.0,0.2222222222222222,False,False,dockgen::5k4h_2_GLU_3
dockgen,5k62_1_ASN-VAL_0,5k62,DiffDock-L default s10/t20,neural_docking,True,True,False,2.4354874014592367,results/posebench_702_predictions/diffdock_l_gpu/dockgen/5k62_1_ASN-VAL_0/default_s10_t20/predictions/5k62_1_ASN-VAL_0/rank1_confidence-1.08.sdf,-1.08,10.0,,,,15.0,4.0,0.3125,False,False,dockgen::5k62_1_ASN-VAL_0
dockgen,5k63_1_ASN-GLY_0,5k63,DiffDock-L default s10/t20,neural_docking,True,True,True,1.6997000002451412,results/posebench_702_predictions/diffdock_l_gpu/dockgen/5k63_1_ASN-GLY_0/default_s10_t20/predictions/5k63_1_ASN-GLY_0/rank1_confidence-0.43.sdf,-0.43,10.0,,,,12.0,3.0,0.2258064516129032,False,False,dockgen::5k63_1_ASN-GLY_0
dockgen,5k66_1_ASN-GLU_0,5k66,DiffDock-L default s10/t20,neural_docking,True,True,True,1.9697089380383672,results/posebench_702_predictions/diffdock_l_gpu/dockgen/5k66_1_ASN-GLU_0/default_s10_t20/predictions/5k66_1_ASN-GLU_0/rank1_confidence-0.96.sdf,-0.96,10.0,,,,17.0,4.0,0.2285714285714285,False,False,dockgen::5k66_1_ASN-GLU_0
dockgen,5mh1_1_BMA_0,5mh1,DiffDock-L default s10/t20,neural_docking,True,True,False,18.736568903172568,results/posebench_702_predictions/diffdock_l_gpu/dockgen/5mh1_1_BMA_0/default_s10_t20/predictions/5mh1_1_BMA_0/rank1_confidence-1.72.sdf,-1.72,10.0,,,,12.0,5.0,1.0,True,False,dockgen::5mh1_1_BMA_0
dockgen,5u82_2_ZN0_0,5u82,DiffDock-L default s10/t20,neural_docking,True,True,False,2.9356488937103595,results/posebench_702_predictions/diffdock_l_gpu/dockgen/5u82_2_ZN0_0/default_s10_t20/predictions/5u82_2_ZN0_0/rank1_confidence-2.28.sdf,-2.28,10.0,,,,7.0,0.0,0.1764705882352941,False,False,dockgen::5u82_2_ZN0_0
dockgen,6a71_1_9UX_0,6a71,DiffDock-L default s10/t20,neural_docking,True,False,False,,,,0.0,,,,6.0,0.0,0.1176470588235294,False,False,dockgen::6a71_1_9UX_0
dockgen,6a72_1_9UX_0,6a72,DiffDock-L default s10/t20,neural_docking,True,True,False,2.4849483888000576,results/posebench_702_predictions/diffdock_l_gpu/dockgen/6a72_1_9UX_0/default_s10_t20/predictions/6a72_1_9UX_0/rank1_confidence-0.09.sdf,-0.09,10.0,,,,6.0,0.0,0.1176470588235294,False,False,dockgen::6a72_1_9UX_0
dockgen,6b1b_1_TMO_15,6b1b,DiffDock-L default s10/t20,neural_docking,True,True,False,34.8938963930943,results/posebench_702_predictions/diffdock_l_gpu/dockgen/6b1b_1_TMO_15/default_s10_t20/predictions/6b1b_1_TMO_15/rank1_confidence-0.81.sdf,-0.81,10.0,,,,5.0,0.0,0.2857142857142857,False,False,dockgen::6b1b_1_TMO_15
dockgen,6ea9_1_9BG_0,6ea9,DiffDock-L default s10/t20,neural_docking,True,True,False,30.62062121863659,results/posebench_702_predictions/diffdock_l_gpu/dockgen/6ea9_1_9BG_0/default_s10_t20/predictions/6ea9_1_9BG_0/rank1_confidence-1.18.sdf,-1.18,10.0,,,,46.0,15.0,0.1979166666666666,False,False,dockgen::6ea9_1_9BG_0
dockgen,6ep5_1_ADP_1,6ep5,DiffDock-L default s10/t20,neural_docking,True,True,False,2.822761753502593,results/posebench_702_predictions/diffdock_l_gpu/dockgen/6ep5_1_ADP_1/default_s10_t20/predictions/6ep5_1_ADP_1/rank1_confidence-1.54.sdf,-1.54,10.0,,,,27.0,7.0,0.2465753424657534,False,False,dockgen::6ep5_1_ADP_1
dockgen,6etf_1_AMP_0,6etf,DiffDock-L default s10/t20,neural_docking,True,True,False,59.39433581903171,results/posebench_702_predictions/diffdock_l_gpu/dockgen/6etf_1_AMP_0/default_s10_t20/predictions/6etf_1_AMP_0/rank1_confidence-0.68.sdf,-0.68,10.0,,,,23.0,7.0,0.2608695652173913,False,False,dockgen::6etf_1_AMP_0
dockgen,6fgc_1_ADP_1,6fgc,DiffDock-L default s10/t20,neural_docking,True,True,False,59.21411196692771,results/posebench_702_predictions/diffdock_l_gpu/dockgen/6fgc_1_ADP_1/default_s10_t20/predictions/6fgc_1_ADP_1/rank1_confidence-0.70.sdf,-0.7,10.0,,,,27.0,7.0,0.2465753424657534,False,False,dockgen::6fgc_1_ADP_1
dockgen,6fgc_1_D95_1,6fgc,DiffDock-L default s10/t20,neural_docking,True,True,False,8.392644950126801,results/posebench_702_predictions/diffdock_l_gpu/dockgen/6fgc_1_D95_1/default_s10_t20/predictions/6fgc_1_D95_1/rank1_confidence-2.07.sdf,-2.07,10.0,,,,27.0,9.0,0.175,False,False,dockgen::6fgc_1_D95_1
dockgen,6gbf_1_AMP_0,6gbf,DiffDock-L default s10/t20,neural_docking,True,True,False,59.39579667250288,results/posebench_702_predictions/diffdock_l_gpu/dockgen/6gbf_1_AMP_0/default_s10_t20/predictions/6gbf_1_AMP_0/rank1_confidence-0.58.sdf,-0.58,10.0,,,,23.0,7.0,0.2608695652173913,False,False,dockgen::6gbf_1_AMP_0
dockgen,6jls_1_FMN_6,6jls,DiffDock-L default s10/t20,neural_docking,True,True,False,3.186426188715037,results/posebench_702_predictions/diffdock_l_gpu/dockgen/6jls_1_FMN_6/default_s10_t20/predictions/6jls_1_FMN_6/rank1_confidence-0.77.sdf,-0.77,10.0,,,,31.0,11.0,0.1724137931034483,False,False,dockgen::6jls_1_FMN_6
dockgen,6n19_2_K8V_0,6n19,DiffDock-L default s10/t20,neural_docking,True,True,False,3.305001447361077,results/posebench_702_predictions/diffdock_l_gpu/dockgen/6n19_2_K8V_0/default_s10_t20/predictions/6n19_2_K8V_0/rank1_confidence-1.05.sdf,-1.05,10.0,,,,17.0,6.0,0.1891891891891892,True,False,dockgen::6n19_2_K8V_0
dockgen,6nco_1_KQP_0,6nco,DiffDock-L default s10/t20,neural_docking,True,False,False,,,,0.0,,,,,,,False,False,dockgen::6nco_1_KQP_0
dockgen,6npp_1_KWG_0,6npp,DiffDock-L default s10/t20,neural_docking,True,True,False,20.654264524371893,results/posebench_702_predictions/diffdock_l_gpu/dockgen/6npp_1_KWG_0/default_s10_t20/predictions/6npp_1_KWG_0/rank1_confidence-1.27.sdf,-1.27,10.0,,,,22.0,4.0,0.1935483870967742,False,False,dockgen::6npp_1_KWG_0
dockgen,6o6y_1_ACK_0,6o6y,DiffDock-L default s10/t20,neural_docking,True,True,False,60.51118115545785,results/posebench_702_predictions/diffdock_l_gpu/dockgen/6o6y_1_ACK_0/default_s10_t20/predictions/6o6y_1_ACK_0/rank1_confidence-0.91.sdf,-0.91,10.0,,,,22.0,7.0,0.1944444444444444,False,False,dockgen::6o6y_1_ACK_0
dockgen,6o70_1_ACK_1,6o70,DiffDock-L default s10/t20,neural_docking,True,True,False,59.79613499705023,results/posebench_702_predictions/diffdock_l_gpu/dockgen/6o70_1_ACK_1/default_s10_t20/predictions/6o70_1_ACK_1/rank1_confidence-1.43.sdf,-1.43,10.0,,,,22.0,7.0,0.1944444444444444,False,False,dockgen::6o70_1_ACK_1
dockgen,6pa2_1_ASP_2,6pa2,DiffDock-L default s10/t20,neural_docking,True,True,True,1.4421612881751869,results/posebench_702_predictions/diffdock_l_gpu/dockgen/6pa2_1_ASP_2/default_s10_t20/predictions/6pa2_1_ASP_2/rank1_confidence-0.30.sdf,-0.3,10.0,,,,9.0,1.0,0.25,False,False,dockgen::6pa2_1_ASP_2
dockgen,6pa6_2_ASN_0,6pa6,DiffDock-L default s10/t20,neural_docking,True,True,False,33.88696412070249,results/posebench_702_predictions/diffdock_l_gpu/dockgen/6pa6_2_ASN_0/default_s10_t20/predictions/6pa6_2_ASN_0/rank1_confidence-0.65.sdf,-0.65,10.0,,,,9.0,2.0,0.25,False,False,dockgen::6pa6_2_ASN_0
dockgen,6paa_1_ASP_2,6paa,DiffDock-L default s10/t20,neural_docking,True,True,True,1.4160654747888206,results/posebench_702_predictions/diffdock_l_gpu/dockgen/6paa_1_ASP_2/default_s10_t20/predictions/6paa_1_ASP_2/rank1_confidence-0.59.sdf,-0.59,10.0,,,,9.0,1.0,0.25,False,False,dockgen::6paa_1_ASP_2
dockgen,6qkr_1_FAD_0,6qkr,DiffDock-L default s10/t20,neural_docking,True,True,True,1.3423528765876056,results/posebench_702_predictions/diffdock_l_gpu/dockgen/6qkr_1_FAD_0/default_s10_t20/predictions/6qkr_1_FAD_0/rank1_confidence-0.82.sdf,-0.82,10.0,,,,53.0,18.0,0.2071428571428571,False,False,dockgen::6qkr_1_FAD_0
dockgen,6rms_1_AMP_1,6rms,DiffDock-L default s10/t20,neural_docking,True,True,False,58.47238469846443,results/posebench_702_predictions/diffdock_l_gpu/dockgen/6rms_1_AMP_1/default_s10_t20/predictions/6rms_1_AMP_1/rank1_confidence-1.34.sdf,-1.34,10.0,,,,23.0,7.0,0.2608695652173913,False,False,dockgen::6rms_1_AMP_1
dockgen,6ryz_1_SAM_2,6ryz,DiffDock-L default s10/t20,neural_docking,True,True,True,1.8788162463123976,results/posebench_702_predictions/diffdock_l_gpu/dockgen/6ryz_1_SAM_2/default_s10_t20/predictions/6ryz_1_SAM_2/rank1_confidence-0.67.sdf,-0.67,10.0,,,,27.0,9.0,0.2195121951219512,False,False,dockgen::6ryz_1_SAM_2
dockgen,6rz2_1_5CD_2,6rz2,DiffDock-L default s10/t20,neural_docking,True,True,True,1.5207450769104491,results/posebench_702_predictions/diffdock_l_gpu/dockgen/6rz2_1_5CD_2/default_s10_t20/predictions/6rz2_1_5CD_2/rank1_confidence-0.35.sdf,-0.35,10.0,,,,19.0,7.0,0.2333333333333333,False,False,dockgen::6rz2_1_5CD_2
dockgen,6tvg_1_AP2_1,6tvg,DiffDock-L default s10/t20,neural_docking,True,True,False,2.989947067783667,results/posebench_702_predictions/diffdock_l_gpu/dockgen/6tvg_1_AP2_1/default_s10_t20/predictions/6tvg_1_AP2_1/rank1_confidence-1.12.sdf,-1.12,10.0,,,,27.0,7.0,0.2465753424657534,False,False,dockgen::6tvg_1_AP2_1
dockgen,6uqy_2_AT3_0,6uqy,DiffDock-L default s10/t20,neural_docking,True,True,False,31.214344430293583,results/posebench_702_predictions/diffdock_l_gpu/dockgen/6uqy_2_AT3_0/default_s10_t20/predictions/6uqy_2_AT3_0/rank1_confidence-1.57.sdf,-1.57,10.0,,,,10.0,1.0,0.3181818181818182,False,False,dockgen::6uqy_2_AT3_0
dockgen,6ur1_2_AT3_0,6ur1,DiffDock-L default s10/t20,neural_docking,True,True,False,5.913636108605264,results/posebench_702_predictions/diffdock_l_gpu/dockgen/6ur1_2_AT3_0/default_s10_t20/predictions/6ur1_2_AT3_0/rank1_confidence-1.36.sdf,-1.36,10.0,,,,10.0,1.0,0.3181818181818182,False,False,dockgen::6ur1_2_AT3_0
dockgen,6v2a_1_ASN_3,6v2a,DiffDock-L default s10/t20,neural_docking,True,True,False,4.191232333494928,results/posebench_702_predictions/diffdock_l_gpu/dockgen/6v2a_1_ASN_3/default_s10_t20/predictions/6v2a_1_ASN_3/rank1_confidence-0.57.sdf,-0.57,10.0,,,,9.0,2.0,0.25,False,False,dockgen::6v2a_1_ASN_3
dockgen,6wyz_1_DGL_1,6wyz,DiffDock-L default s10/t20,neural_docking,True,True,False,34.45441976815166,results/posebench_702_predictions/diffdock_l_gpu/dockgen/6wyz_1_DGL_1/default_s10_t20/predictions/6wyz_1_DGL_1/rank1_confidence-0.77.sdf,-0.77,10.0,,,,10.0,1.0,0.2222222222222222,False,False,dockgen::6wyz_1_DGL_1
dockgen,6xb3_3_9BG_1,6xb3,DiffDock-L default s10/t20,neural_docking,True,True,False,29.726656272809077,results/posebench_702_predictions/diffdock_l_gpu/dockgen/6xb3_3_9BG_1/default_s10_t20/predictions/6xb3_3_9BG_1/rank1_confidence-1.47.sdf,-1.47,10.0,,,,46.0,15.0,0.1979166666666666,False,False,dockgen::6xb3_3_9BG_1
dockgen,6xug_1_O1Q_0,6xug,DiffDock-L default s10/t20,neural_docking,True,True,False,3.175869084254353,results/posebench_702_predictions/diffdock_l_gpu/dockgen/6xug_1_O1Q_0/default_s10_t20/predictions/6xug_1_O1Q_0/rank1_confidence-1.12.sdf,-1.12,10.0,,,,31.0,10.0,0.1929824561403508,False,False,dockgen::6xug_1_O1Q_0
dockgen,6yao_1_OJ2_0,6yao,DiffDock-L default s10/t20,neural_docking,True,True,False,9.70434274086006,results/posebench_702_predictions/diffdock_l_gpu/dockgen/6yao_1_OJ2_0/default_s10_t20/predictions/6yao_1_OJ2_0/rank1_confidence-0.73.sdf,-0.73,10.0,,,,24.0,5.0,0.2241379310344827,False,False,dockgen::6yao_1_OJ2_0
dockgen,6yap_1_OHZ_0,6yap,DiffDock-L default s10/t20,neural_docking,True,True,False,10.46286182410912,results/posebench_702_predictions/diffdock_l_gpu/dockgen/6yap_1_OHZ_0/default_s10_t20/predictions/6yap_1_OHZ_0/rank1_confidence-0.86.sdf,-0.86,10.0,,,,25.0,6.0,0.1774193548387097,False,False,dockgen::6yap_1_OHZ_0
dockgen,6yaq_1_OHZ_0,6yaq,DiffDock-L default s10/t20,neural_docking,True,True,False,4.37850657261126,results/posebench_702_predictions/diffdock_l_gpu/dockgen/6yaq_1_OHZ_0/default_s10_t20/predictions/6yaq_1_OHZ_0/rank1_confidence-1.56.sdf,-1.56,10.0,,,,25.0,6.0,0.1774193548387097,False,False,dockgen::6yaq_1_OHZ_0
astex_diverse,1G9V_RQ3,1g9v,Boltz-1 full receptor r1/s20,cofolding,True,True,False,10.707687235021838,results/posebench_702_predictions/boltz1_gpu/astex_diverse/1G9V_RQ3/full_r1_s20/boltz_results_1G9V_RQ3_boltz1/predictions/1G9V_RQ3_boltz1/1G9V_RQ3_boltz1_model_0.cif,0.599609911441803,0.2583656311035156,7.738301912381739,5.298320135959013,1.0,25.0,0.0,0.4285714285714285,False,False,astex_diverse::1G9V_RQ3
astex_diverse,1GKC_NFH,1gkc,Boltz-1 full receptor r1/s20,cofolding,True,True,False,14.966655423649266,results/posebench_702_predictions/boltz1_gpu/astex_diverse/1GKC_NFH/full_r1_s20/boltz_results_1GKC_NFH_boltz1/predictions/1GKC_NFH_boltz1/1GKC_NFH_boltz1_model_0.cif,0.3159915804862976,0.4028539359569549,20.254627163191245,11.676638604388549,1.0,22.0,2.0,0.2777777777777778,False,False,astex_diverse::1GKC_NFH
astex_diverse,1GM8_SOX,1gm8,Boltz-1 full receptor r1/s20,cofolding,True,True,False,11.51788661596349,results/posebench_702_predictions/boltz1_gpu/astex_diverse/1GM8_SOX/full_r1_s20/boltz_results_1GM8_SOX_boltz1/predictions/1GM8_SOX_boltz1/1GM8_SOX_boltz1_model_0.cif,0.307267963886261,0.2993119060993194,27.931955122021726,13.354067906828163,1.0,24.0,4.0,0.3384615384615385,False,False,astex_diverse::1GM8_SOX
astex_diverse,1GPK_HUP,1gpk,Boltz-1 full receptor r1/s20,cofolding,True,True,False,5.066670127574264,results/posebench_702_predictions/boltz1_gpu/astex_diverse/1GPK_HUP/full_r1_s20/boltz_results_1GPK_HUP_boltz1/predictions/1GPK_HUP_boltz1/1GPK_HUP_boltz1_model_0.cif,0.6724227070808411,0.4224734306335449,6.163698364620413,1.2723923425877284,1.0,18.0,2.0,0.1969696969696969,False,False,astex_diverse::1GPK_HUP
astex_diverse,1HNN_SKF,1hnn,Boltz-1 full receptor r1/s20,cofolding,True,True,False,16.830455140226917,results/posebench_702_predictions/boltz1_gpu/astex_diverse/1HNN_SKF/full_r1_s20/boltz_results_1HNN_SKF_boltz1/predictions/1HNN_SKF_boltz1/1HNN_SKF_boltz1_model_0.cif,0.3244032561779022,0.4458884298801422,19.272797325308638,8.778706732617318,1.0,14.0,0.0,0.4186046511627907,False,False,astex_diverse::1HNN_SKF
astex_diverse,1HP0_AD3,1hp0,Boltz-1 full receptor r1/s20,cofolding,True,True,False,12.652727526848608,results/posebench_702_predictions/boltz1_gpu/astex_diverse/1HP0_AD3/full_r1_s20/boltz_results_1HP0_AD3_boltz1/predictions/1HP0_AD3_boltz1/1HP0_AD3_boltz1_model_0.cif,0.3550552129745483,0.4507239758968353,18.186714079542394,9.189137481640753,1.0,19.0,4.0,0.6458333333333334,False,False,astex_diverse::1HP0_AD3
astex_diverse,1HQ2_PH2,1hq2,Boltz-1 full receptor r1/s20,cofolding,True,True,False,10.453387878121012,results/posebench_702_predictions/boltz1_gpu/astex_diverse/1HQ2_PH2/full_r1_s20/boltz_results_1HQ2_PH2_boltz1/predictions/1HQ2_PH2_boltz1/1HQ2_PH2_boltz1_model_0.cif,0.4310556352138519,0.4417213499546051,16.993322184723638,13.805802955936876,1.0,14.0,0.0,0.5686274509803921,False,False,astex_diverse::1HQ2_PH2
astex_diverse,1HVY_D16,1hvy,Boltz-1 full receptor r1/s20,cofolding,True,True,False,26.47533080805504,results/posebench_702_predictions/boltz1_gpu/astex_diverse/1HVY_D16/full_r1_s20/boltz_results_1HVY_D16_boltz1/predictions/1HVY_D16_boltz1/1HVY_D16_boltz1_model_0.cif,0.3060571849346161,0.3687075674533844,35.11082856692949,12.35731563410269,1.0,32.0,1.0,1.0,True,False,astex_diverse::1HVY_D16
astex_diverse,1HWI_115,1hwi,Boltz-1 full receptor r1/s20,cofolding,True,False,False,,,,,,,0.0,30.0,2.0,0.2898550724637681,True,False,astex_diverse::1HWI_115
astex_diverse,1HWW_SWA,1hww,Boltz-1 full receptor r1/s20,cofolding,True,True,False,4.907539351602984,results/posebench_702_predictions/boltz1_gpu/astex_diverse/1HWW_SWA/full_r1_s20/boltz_results_1HWW_SWA_boltz1/predictions/1HWW_SWA_boltz1/1HWW_SWA_boltz1_model_0.cif,0.4413506984710693,0.6266722679138184,26.8276501800167,10.57481838500813,1.0,12.0,4.0,0.1818181818181818,False,False,astex_diverse::1HWW_SWA
astex_diverse,1IA1_TQ3,1ia1,Boltz-1 full receptor r1/s20,cofolding,True,True,False,25.1783182509348,results/posebench_702_predictions/boltz1_gpu/astex_diverse/1IA1_TQ3/full_r1_s20/boltz_results_1IA1_TQ3_boltz1/predictions/1IA1_TQ3_boltz1/1IA1_TQ3_boltz1_model_0.cif,0.3803790211677551,0.4404768347740173,21.731098802321775,4.679927757887876,1.0,19.0,0.0,0.2745098039215686,False,False,astex_diverse::1IA1_TQ3
astex_diverse,1IG3_VIB,1ig3,Boltz-1 full receptor r1/s20,cofolding,True,True,False,18.890493757001124,results/posebench_702_predictions/boltz1_gpu/astex_diverse/1IG3_VIB/full_r1_s20/boltz_results_1IG3_VIB_boltz1/predictions/1IG3_VIB_boltz1/1IG3_VIB_boltz1_model_0.cif,0.3903720080852508,0.3555266857147217,20.731935920135317,15.447273300854452,1.0,18.0,0.0,0.6428571428571429,True,False,astex_diverse::1IG3_VIB
astex_diverse,1J3J_CP6,1j3j,Boltz-1 full receptor r1/s20,cofolding,True,True,False,15.7769524706554,results/posebench_702_predictions/boltz1_gpu/astex_diverse/1J3J_CP6/full_r1_s20/boltz_results_1J3J_CP6_boltz1/predictions/1J3J_CP6_boltz1/1J3J_CP6_boltz1_model_0.cif,0.3011603653430938,0.2761013209819793,31.66639103443324,13.064675321655194,1.0,17.0,0.0,1.0,True,False,astex_diverse::1J3J_CP6
astex_diverse,1JD0_AZM,1jd0,Boltz-1 full receptor r1/s20,cofolding,True,False,False,,,,,,,0.0,13.0,0.0,0.2888888888888888,False,False,astex_diverse::1JD0_AZM
astex_diverse,1JJE_BYS,1jje,Boltz-1 full receptor r1/s20,cofolding,True,True,False,5.765571654332188,results/posebench_702_predictions/boltz1_gpu/astex_diverse/1JJE_BYS/full_r1_s20/boltz_results_1JJE_BYS_boltz1/predictions/1JJE_BYS_boltz1/1JJE_BYS_boltz1_model_0.cif,0.3141612112522125,0.31623575091362,25.063170340590904,13.385341111414284,1.0,25.0,2.0,0.3673469387755102,False,False,astex_diverse::1JJE_BYS
astex_diverse,1JLA_TNK,1jla,Boltz-1 full receptor r1/s20,cofolding,True,True,False,15.400234577328868,results/posebench_702_predictions/boltz1_gpu/astex_diverse/1JLA_TNK/full_r1_s20/boltz_results_1JLA_TNK_boltz1/predictions/1JLA_TNK_boltz1/1JLA_TNK_boltz1_model_0.cif,0.3578856289386749,0.5476675629615784,29.638923759218383,12.186975467390692,1.0,27.0,0.0,0.2898550724637681,False,False,astex_diverse::1JLA_TNK
astex_diverse,1K3U_IAD,1k3u,Boltz-1 full receptor r1/s20,cofolding,True,True,False,5.607971481898312,results/posebench_702_predictions/boltz1_gpu/astex_diverse/1K3U_IAD/full_r1_s20/boltz_results_1K3U_IAD_boltz1/predictions/1K3U_IAD_boltz1/1K3U_IAD_boltz1_model_0.cif,0.4782570004463196,0.561618447303772,19.794899330964743,9.817829815476758,1.0,21.0,1.0,0.5454545454545454,True,False,astex_diverse::1K3U_IAD
astex_diverse,1KE5_LS1,1ke5,Boltz-1 full receptor r1/s20,cofolding,True,True,False,19.748954925754717,results/posebench_702_predictions/boltz1_gpu/astex_diverse/1KE5_LS1/full_r1_s20/boltz_results_1KE5_LS1_boltz1/predictions/1KE5_LS1_boltz1/1KE5_LS1_boltz1_model_0.cif,0.3918062448501587,0.3200768232345581,17.59828422680087,13.504157646518816,1.0,23.0,0.0,0.3272727272727272,False,False,astex_diverse::1KE5_LS1
astex_diverse,1KZK_JE2,1kzk,Boltz-1 full receptor r1/s20,cofolding,True,True,False,5.416898724180256,results/posebench_702_predictions/boltz1_gpu/astex_diverse/1KZK_JE2/full_r1_s20/boltz_results_1KZK_JE2_boltz1/predictions/1KZK_JE2_boltz1/1KZK_JE2_boltz1_model_0.cif,0.9586500525474548,0.9655666947364808,0.4741608364877678,0.3895206159364234,1.0,41.0,3.0,0.2391304347826087,False,False,astex_diverse::1KZK_JE2
astex_diverse,1L2S_STC,1l2s,Boltz-1 full receptor r1/s20,cofolding,True,True,False,6.612123654364146,results/posebench_702_predictions/boltz1_gpu/astex_diverse/1L2S_STC/full_r1_s20/boltz_results_1L2S_STC_boltz1/predictions/1L2S_STC_boltz1/1L2S_STC_boltz1_model_0.cif,0.3124674260616302,0.3617753684520721,26.09542526272883,12.318177569937308,1.0,19.0,0.0,0.3421052631578947,False,False,astex_diverse::1L2S_STC
astex_diverse,1L7F_BCZ,1l7f,Boltz-1 full receptor r1/s20,cofolding,True,True,False,5.126736565072963,results/posebench_702_predictions/boltz1_gpu/astex_diverse/1L7F_BCZ/full_r1_s20/boltz_results_1L7F_BCZ_boltz1/predictions/1L7F_BCZ_boltz1/1L7F_BCZ_boltz1_model_0.cif,0.8318247199058533,0.5382648706436157,0.7636348586225647,0.6023376005768251,1.0,23.0,5.0,1.0,True,False,astex_diverse::1L7F_BCZ
astex_diverse,1LPZ_CMB,1lpz,Boltz-1 full receptor r1/s20,cofolding,True,True,False,6.9982923358788085,results/posebench_702_predictions/boltz1_gpu/astex_diverse/1LPZ_CMB/full_r1_s20/boltz_results_1LPZ_CMB_boltz1/predictions/1LPZ_CMB_boltz1/1LPZ_CMB_boltz1_model_0.cif,0.5967842936515808,0.837158203125,13.422885990982389,7.137847555802713,1.0,32.0,0.0,0.3717948717948718,False,False,astex_diverse::1LPZ_CMB
astex_diverse,1LRH_NLA,1lrh,Boltz-1 full receptor r1/s20,cofolding,True,True,False,20.16641711103369,results/posebench_702_predictions/boltz1_gpu/astex_diverse/1LRH_NLA/full_r1_s20/boltz_results_1LRH_NLA_boltz1/predictions/1LRH_NLA_boltz1/1LRH_NLA_boltz1_model_0.cif,0.3340395987033844,0.2237132936716079,26.87734920953852,11.79645407675619,1.0,14.0,0.0,0.6060606060606061,True,False,astex_diverse::1LRH_NLA
astex_diverse,1M2Z_DEX,1m2z,Boltz-1 full receptor r1/s20,cofolding,True,True,False,11.86333800473256,results/posebench_702_predictions/boltz1_gpu/astex_diverse/1M2Z_DEX/full_r1_s20/boltz_results_1M2Z_DEX_boltz1/predictions/1M2Z_DEX_boltz1/1M2Z_DEX_boltz1_model_0.cif,0.3856250643730163,0.3084173798561096,24.845857873846043,8.214252355152533,1.0,28.0,8.0,1.0,True,False,astex_diverse::1M2Z_DEX
astex_diverse,1MEH_MOA,1meh,Boltz-1 full receptor r1/s20,cofolding,True,True,False,6.025047139549504,results/posebench_702_predictions/boltz1_gpu/astex_diverse/1MEH_MOA/full_r1_s20/boltz_results_1MEH_MOA_boltz1/predictions/1MEH_MOA_boltz1/1MEH_MOA_boltz1_model_0.cif,0.5195784568786621,0.435630589723587,14.338144503417762,6.725685896024901,1.0,23.0,0.0,0.2307692307692307,False,False,astex_diverse::1MEH_MOA
astex_diverse,1MMV_3AR,1mmv,Boltz-1 full receptor r1/s20,cofolding,True,True,False,12.939214068594486,results/posebench_702_predictions/boltz1_gpu/astex_diverse/1MMV_3AR/full_r1_s20/boltz_results_1MMV_3AR_boltz1/predictions/1MMV_3AR_boltz1/1MMV_3AR_boltz1_model_0.cif,0.299442708492279,0.2501928508281708,24.24695427676269,12.493436278490812,1.0,15.0,1.0,0.6470588235294118,False,False,astex_diverse::1MMV_3AR
astex_diverse,1MZC_BNE,1mzc,Boltz-1 full receptor r1/s20,cofolding,True,False,False,,,,,,,0.0,35.0,2.0,0.2129629629629629,False,False,astex_diverse::1MZC_BNE
astex_diverse,1N1M_A3M,1n1m,Boltz-1 full receptor r1/s20,cofolding,True,False,False,,,,,,,0.0,12.0,1.0,0.3170731707317073,True,False,astex_diverse::1N1M_A3M
astex_diverse,1N2J_PAF,1n2j,Boltz-1 full receptor r1/s20,cofolding,True,True,False,9.201177759192277,results/posebench_702_predictions/boltz1_gpu/astex_diverse/1N2J_PAF/full_r1_s20/boltz_results_1N2J_PAF_boltz1/predictions/1N2J_PAF_boltz1/1N2J_PAF_boltz1_model_0.cif,0.4274867475032806,0.5396789908409119,26.47984672062921,8.905065562876558,1.0,10.0,1.0,0.2857142857142857,False,False,astex_diverse::1N2J_PAF
astex_diverse,1N2V_BDI,1n2v,Boltz-1 full receptor r1/s20,cofolding,True,True,False,5.120858234220681,results/posebench_702_predictions/boltz1_gpu/astex_diverse/1N2V_BDI/full_r1_s20/boltz_results_1N2V_BDI_boltz1/predictions/1N2V_BDI_boltz1/1N2V_BDI_boltz1_model_0.cif,0.5248507857322693,0.6557288765907288,15.833935967079409,8.025015123367933,1.0,15.0,0.0,0.2244897959183673,False,False,astex_diverse::1N2V_BDI
astex_diverse,1N46_PFA,1n46,Boltz-1 full receptor r1/s20,cofolding,True,True,False,16.147132986313505,results/posebench_702_predictions/boltz1_gpu/astex_diverse/1N46_PFA/full_r1_s20/boltz_results_1N46_PFA_boltz1/predictions/1N46_PFA_boltz1/1N46_PFA_boltz1_model_0.cif,0.3214467167854309,0.2634751796722412,20.671766226771812,12.575744168824134,1.0,27.0,0.0,0.2608695652173913,False,False,astex_diverse::1N46_PFA
astex_diverse,1NAV_IH5,1nav,Boltz-1 full receptor r1/s20,cofolding,True,True,False,10.76578441959683,results/posebench_702_predictions/boltz1_gpu/astex_diverse/1NAV_IH5/full_r1_s20/boltz_results_1NAV_IH5_boltz1/predictions/1NAV_IH5_boltz1/1NAV_IH5_boltz1_model_0.cif,0.4719026684761047,0.4037249982357025,17.53528273251602,11.695314669755716,1.0,23.0,0.0,0.3620689655172414,True,False,astex_diverse::1NAV_IH5
astex_diverse,1OF1_SCT,1of1,Boltz-1 full receptor r1/s20,cofolding,True,True,False,10.844421541084971,results/posebench_702_predictions/boltz1_gpu/astex_diverse/1OF1_SCT/full_r1_s20/boltz_results_1OF1_SCT_boltz1/predictions/1OF1_SCT_boltz1/1OF1_SCT_boltz1_model_0.cif,0.3962390422821045,0.460066020488739,21.35093032997248,14.090218820739064,1.0,18.0,4.0,0.3492063492063492,False,False,astex_diverse::1OF1_SCT
astex_diverse,1OF6_DTY,1of6,Boltz-1 full receptor r1/s20,cofolding,True,False,False,,,,,,,0.0,13.0,1.0,0.5142857142857142,True,False,astex_diverse::1OF6_DTY
astex_diverse,1OPK_P16,1opk,Boltz-1 full receptor r1/s20,cofolding,True,True,False,12.740823883621964,results/posebench_702_predictions/boltz1_gpu/astex_diverse/1OPK_P16/full_r1_s20/boltz_results_1OPK_P16_boltz1/predictions/1OPK_P16_boltz1/1OPK_P16_boltz1_model_0.cif,0.3597393929958343,0.3291444480419159,20.98626078245739,11.940116274392352,1.0,29.0,0.0,0.3522727272727273,False,False,astex_diverse::1OPK_P16
astex_diverse,1OQ5_CEL,1oq5,Boltz-1 full receptor r1/s20,cofolding,True,True,False,6.079849983625127,results/posebench_702_predictions/boltz1_gpu/astex_diverse/1OQ5_CEL/full_r1_s20/boltz_results_1OQ5_CEL_boltz1/predictions/1OQ5_CEL_boltz1/1OQ5_CEL_boltz1_model_0.cif,0.40285524725914,0.4617080390453338,19.232480216082205,12.20492530155481,1.0,26.0,0.0,1.0,True,False,astex_diverse::1OQ5_CEL
astex_diverse,1OWE_675,1owe,Boltz-1 full receptor r1/s20,cofolding,True,True,False,4.876365243408716,results/posebench_702_predictions/boltz1_gpu/astex_diverse/1OWE_675/full_r1_s20/boltz_results_1OWE_675_boltz1/predictions/1OWE_675_boltz1/1OWE_675_boltz1_model_0.cif,0.6709592938423157,0.8686800599098206,6.180525248025294,3.863096776274776,1.0,22.0,0.0,0.4313725490196078,False,False,astex_diverse::1OWE_675
astex_diverse,1OYT_FSN,1oyt,Boltz-1 full receptor r1/s20,cofolding,True,True,False,6.21085285794506,results/posebench_702_predictions/boltz1_gpu/astex_diverse/1OYT_FSN/full_r1_s20/boltz_results_1OYT_FSN_boltz1/predictions/1OYT_FSN_boltz1/1OYT_FSN_boltz1_model_0.cif,0.8192402124404907,0.8386743068695068,4.181226268485534,0.8136135950971132,1.0,30.0,4.0,0.2878787878787879,False,False,astex_diverse::1OYT_FSN
astex_diverse,1P2Y_NCT,1p2y,Boltz-1 full receptor r1/s20,cofolding,True,True,False,5.833656124070799,results/posebench_702_predictions/boltz1_gpu/astex_diverse/1P2Y_NCT/full_r1_s20/boltz_results_1P2Y_NCT_boltz1/predictions/1P2Y_NCT_boltz1/1P2Y_NCT_boltz1_model_0.cif,0.3631865680217743,0.3279443383216858,22.625895043625924,17.135882513286063,1.0,12.0,1.0,1.0,True,False,astex_diverse::1P2Y_NCT
astex_diverse,1P62_GEO,1p62,Boltz-1 full receptor r1/s20,cofolding,True,True,False,8.615810925124674,results/posebench_702_predictions/boltz1_gpu/astex_diverse/1P62_GEO/full_r1_s20/boltz_results_1P62_GEO_boltz1/predictions/1P62_GEO_boltz1/1P62_GEO_boltz1_model_0.cif,0.4775534272193908,0.612074613571167,11.48933263202604,12.854511747010353,1.0,18.0,3.0,0.6041666666666666,True,False,astex_diverse::1P62_GEO
astex_diverse,1PMN_984,1pmn,Boltz-1 full receptor r1/s20,cofolding,True,True,False,17.165574202322443,results/posebench_702_predictions/boltz1_gpu/astex_diverse/1PMN_984/full_r1_s20/boltz_results_1PMN_984_boltz1/predictions/1PMN_984_boltz1/1PMN_984_boltz1_model_0.cif,0.5017759203910828,0.5962142944335938,17.4514702636078,10.042962464059483,1.0,33.0,0.0,0.3258426966292135,False,False,astex_diverse::1PMN_984
astex_diverse,1Q1G_MTI,1q1g,Boltz-1 full receptor r1/s20,cofolding,True,False,False,,,,,,,0.0,20.0,4.0,0.4821428571428571,False,False,astex_diverse::1Q1G_MTI
astex_diverse,1Q41_IXM,1q41,Boltz-1 full receptor r1/s20,cofolding,True,True,False,12.02150170594713,results/posebench_702_predictions/boltz1_gpu/astex_diverse/1Q41_IXM/full_r1_s20/boltz_results_1Q41_IXM_boltz1/predictions/1Q41_IXM_boltz1/1Q41_IXM_boltz1_model_0.cif,0.3191721141338348,0.2635166347026825,26.21005279650029,11.895668754077294,1.0,21.0,0.0,0.3333333333333333,False,False,astex_diverse::1Q41_IXM
astex_diverse,1Q4G_BFL,1q4g,Boltz-1 full receptor r1/s20,cofolding,True,True,False,32.63145282826863,results/posebench_702_predictions/boltz1_gpu/astex_diverse/1Q4G_BFL/full_r1_s20/boltz_results_1Q4G_BFL_boltz1/predictions/1Q4G_BFL_boltz1/1Q4G_BFL_boltz1_model_0.cif,0.3638783991336822,0.4058960974216461,27.678305846863807,12.830076968595623,1.0,17.0,1.0,0.5483870967741935,True,False,astex_diverse::1Q4G_BFL
astex_diverse,1R1H_BIR,1r1h,Boltz-1 full receptor r1/s20,cofolding,True,True,False,9.606191797550544,results/posebench_702_predictions/boltz1_gpu/astex_diverse/1R1H_BIR/full_r1_s20/boltz_results_1R1H_BIR_boltz1/predictions/1R1H_BIR_boltz1/1R1H_BIR_boltz1_model_0.cif,0.465861052274704,0.820465087890625,26.679030262788235,11.210438139897208,1.0,29.0,4.0,0.4925373134328358,True,False,astex_diverse::1R1H_BIR
astex_diverse,1R55_097,1r55,Boltz-1 full receptor r1/s20,cofolding,True,True,False,14.244767000636305,results/posebench_702_predictions/boltz1_gpu/astex_diverse/1R55_097/full_r1_s20/boltz_results_1R55_097_boltz1/predictions/1R55_097_boltz1/1R55_097_boltz1_model_0.cif,0.5267371535301208,0.8248338103294373,13.021377445032131,12.748770134438049,1.0,23.0,3.0,0.3333333333333333,False,False,astex_diverse::1R55_097
astex_diverse,1R58_AO5,1r58,Boltz-1 full receptor r1/s20,cofolding,True,True,False,5.860414265713984,results/posebench_702_predictions/boltz1_gpu/astex_diverse/1R58_AO5/full_r1_s20/boltz_results_1R58_AO5_boltz1/predictions/1R58_AO5_boltz1/1R58_AO5_boltz1_model_0.cif,0.3668807446956634,0.4610680341720581,21.22193801400116,14.108679953605904,1.0,23.0,2.0,0.3928571428571428,True,False,astex_diverse::1R58_AO5
astex_diverse,1R9O_FLP,1r9o,Boltz-1 full receptor r1/s20,cofolding,True,True,False,8.880706143146611,results/posebench_702_predictions/boltz1_gpu/astex_diverse/1R9O_FLP/full_r1_s20/boltz_results_1R9O_FLP_boltz1/predictions/1R9O_FLP_boltz1/1R9O_FLP_boltz1_model_0.cif,0.3755972683429718,0.4720949828624725,23.85889347506119,15.874548999162505,1.0,18.0,1.0,0.4680851063829787,True,False,astex_diverse::1R9O_FLP
astex_diverse,1S19_MC9,1s19,Boltz-1 full receptor r1/s20,cofolding,True,True,False,7.71631967917007,results/posebench_702_predictions/boltz1_gpu/astex_diverse/1S19_MC9/full_r1_s20/boltz_results_1S19_MC9_boltz1/predictions/1S19_MC9_boltz1/1S19_MC9_boltz1_model_0.cif,0.3802281320095062,0.309767335653305,16.91083155387719,14.590696666338838,1.0,30.0,7.0,0.6285714285714286,False,False,astex_diverse::1S19_MC9
astex_diverse,1S3V_TQD,1s3v,Boltz-1 full receptor r1/s20,cofolding,True,True,False,11.70948718589966,results/posebench_702_predictions/boltz1_gpu/astex_diverse/1S3V_TQD/full_r1_s20/boltz_results_1S3V_TQD_boltz1/predictions/1S3V_TQD_boltz1/1S3V_TQD_boltz1_model_0.cif,0.5225404500961304,0.4836214184761047,7.255956659272694,5.983592059071639,1.0,27.0,2.0,0.2537313432835821,False,False,astex_diverse::1S3V_TQD
astex_diverse,1SG0_STL,1sg0,Boltz-1 full receptor r1/s20,cofolding,True,True,False,17.44950996058848,results/posebench_702_predictions/boltz1_gpu/astex_diverse/1SG0_STL/full_r1_s20/boltz_results_1SG0_STL_boltz1/predictions/1SG0_STL_boltz1/1SG0_STL_boltz1_model_0.cif,0.4652827382087707,0.4891034364700317,19.95920026748849,12.029089587823435,1.0,17.0,0.0,1.0,True,False,astex_diverse::1SG0_STL
astex_diverse,1SJ0_E4D,1sj0,Boltz-1 full receptor r1/s20,cofolding,True,True,False,9.614173402659366,results/posebench_702_predictions/boltz1_gpu/astex_diverse/1SJ0_E4D/full_r1_s20/boltz_results_1SJ0_E4D_boltz1/predictions/1SJ0_E4D_boltz1/1SJ0_E4D_boltz1_model_0.cif,0.4056810438632965,0.2232011258602142,17.79341551195734,13.483564589735874,1.0,33.0,2.0,0.4571428571428571,False,False,astex_diverse::1SJ0_E4D
astex_diverse,1SQ5_PAU,1sq5,Boltz-1 full receptor r1/s20,cofolding,True,True,False,16.593886089615996,results/posebench_702_predictions/boltz1_gpu/astex_diverse/1SQ5_PAU/full_r1_s20/boltz_results_1SQ5_PAU_boltz1/predictions/1SQ5_PAU_boltz1/1SQ5_PAU_boltz1_model_0.cif,0.3476278781890869,0.2091166824102401,34.804703294734026,14.726133832970064,1.0,15.0,1.0,0.5116279069767442,False,False,astex_diverse::1SQ5_PAU
astex_diverse,1SQN_NDR,1sqn,Boltz-1 full receptor r1/s20,cofolding,True,True,False,10.02386066410139,results/posebench_702_predictions/boltz1_gpu/astex_diverse/1SQN_NDR/full_r1_s20/boltz_results_1SQN_NDR_boltz1/predictions/1SQN_NDR_boltz1/1SQN_NDR_boltz1_model_0.cif,0.3212501406669616,0.2912324965000152,19.63771605880885,12.00645144836372,1.0,22.0,6.0,0.3174603174603174,True,False,astex_diverse::1SQN_NDR
astex_diverse,1T40_ID5,1t40,Boltz-1 full receptor r1/s20,cofolding,True,True,False,9.58509635050764,results/posebench_702_predictions/boltz1_gpu/astex_diverse/1T40_ID5/full_r1_s20/boltz_results_1T40_ID5_boltz1/predictions/1T40_ID5_boltz1/1T40_ID5_boltz1_model_0.cif,0.5287346243858337,0.553537905216217,16.493417750066907,12.592488048470775,1.0,28.0,0.0,0.2808988764044944,False,False,astex_diverse::1T40_ID5
astex_diverse,1T46_STI,1t46,Boltz-1 full receptor r1/s20,cofolding,True,True,False,8.396352026803706,results/posebench_702_predictions/boltz1_gpu/astex_diverse/1T46_STI/full_r1_s20/boltz_results_1T46_STI_boltz1/predictions/1T46_STI_boltz1/1T46_STI_boltz1_model_0.cif,0.3591938614845276,0.2810828685760498,20.3362746520972,14.152930289676116,1.0,37.0,0.0,0.4057971014492754,False,False,astex_diverse::1T46_STI
astex_diverse,1T9B_1CS,1t9b,Boltz-1 full receptor r1/s20,cofolding,True,True,False,15.250519525328771,results/posebench_702_predictions/boltz1_gpu/astex_diverse/1T9B_1CS/full_r1_s20/boltz_results_1T9B_1CS_boltz1/predictions/1T9B_1CS_boltz1/1T9B_1CS_boltz1_model_0.cif,0.3943007886409759,0.4021462202072143,26.76912036044942,13.083682645896635,1.0,23.0,0.0,0.7450980392156863,True,False,astex_diverse::1T9B_1CS
astex_diverse,1TOW_CRZ,1tow,Boltz-1 full receptor r1/s20,cofolding,True,True,False,11.175779805611365,results/posebench_702_predictions/boltz1_gpu/astex_diverse/1TOW_CRZ/full_r1_s20/boltz_results_1TOW_CRZ_boltz1/predictions/1TOW_CRZ_boltz1/1TOW_CRZ_boltz1_model_0.cif,0.5012739300727844,0.3135994672775268,11.616841690443358,11.38082729010646,1.0,19.0,0.0,0.4358974358974359,False,False,astex_diverse::1TOW_CRZ
astex_diverse,1TT1_KAI,1tt1,Boltz-1 full receptor r1/s20,cofolding,True,True,False,11.713055582422644,results/posebench_702_predictions/boltz1_gpu/astex_diverse/1TT1_KAI/full_r1_s20/boltz_results_1TT1_KAI_boltz1/predictions/1TT1_KAI_boltz1/1TT1_KAI_boltz1_model_0.cif,0.3589710593223572,0.2968352735042572,24.330123516825083,11.834405786837795,1.0,15.0,3.0,1.0,True,False,astex_diverse::1TT1_KAI
astex_diverse,1TZ8_DES,1tz8,Boltz-1 full receptor r1/s20,cofolding,True,True,False,6.570057710259626,results/posebench_702_predictions/boltz1_gpu/astex_diverse/1TZ8_DES/full_r1_s20/boltz_results_1TZ8_DES_boltz1/predictions/1TZ8_DES_boltz1/1TZ8_DES_boltz1_model_0.cif,0.3596102595329284,0.1784053146839141,24.26699684733822,12.462099958655712,1.0,20.0,0.0,0.425,True,False,astex_diverse::1TZ8_DES
astex_diverse,1U1C_BAU,1u1c,Boltz-1 full receptor r1/s20,cofolding,True,False,False,,,,,,,0.0,20.0,0.0,0.3818181818181818,False,False,astex_diverse::1U1C_BAU
astex_diverse,1U4D_DBQ,1u4d,Boltz-1 full receptor r1/s20,cofolding,True,True,False,20.434329505056752,results/posebench_702_predictions/boltz1_gpu/astex_diverse/1U4D_DBQ/full_r1_s20/boltz_results_1U4D_DBQ_boltz1/predictions/1U4D_DBQ_boltz1/1U4D_DBQ_boltz1_model_0.cif,0.2891586124897003,0.2894544601440429,22.39509042846177,12.109080577983216,1.0,18.0,0.0,0.2352941176470588,False,False,astex_diverse::1U4D_DBQ
astex_diverse,1UML_FR4,1uml,Boltz-1 full receptor r1/s20,cofolding,True,True,False,7.99564615355505,results/posebench_702_predictions/boltz1_gpu/astex_diverse/1UML_FR4/full_r1_s20/boltz_results_1UML_FR4_boltz1/predictions/1UML_FR4_boltz1/1UML_FR4_boltz1_model_0.cif,0.4077588617801666,0.352691650390625,14.746705453115808,10.34305455168268,1.0,33.0,1.0,0.2788461538461538,False,False,astex_diverse::1UML_FR4
astex_diverse,1UNL_RRC,1unl,Boltz-1 full receptor r1/s20,cofolding,True,True,False,6.72015322937311,results/posebench_702_predictions/boltz1_gpu/astex_diverse/1UNL_RRC/full_r1_s20/boltz_results_1UNL_RRC_boltz1/predictions/1UNL_RRC_boltz1/1UNL_RRC_boltz1_model_0.cif,0.3354452848434448,0.2152966260910034,34.070899650086304,8.367978206001231,1.0,26.0,1.0,0.4782608695652174,True,False,astex_diverse::1UNL_RRC
astex_diverse,1UOU_CMU,1uou,Boltz-1 full receptor r1/s20,cofolding,True,True,False,7.327257557256473,results/posebench_702_predictions/boltz1_gpu/astex_diverse/1UOU_CMU/full_r1_s20/boltz_results_1UOU_CMU_boltz1/predictions/1UOU_CMU_boltz1/1UOU_CMU_boltz1_model_0.cif,0.4033524096012115,0.4248219430446625,21.290897233408884,10.310211331631416,1.0,16.0,0.0,0.2203389830508474,False,False,astex_diverse::1UOU_CMU
astex_diverse,1V0P_PVB,1v0p,Boltz-1 full receptor r1/s20,cofolding,True,True,False,26.925423331823072,results/posebench_702_predictions/boltz1_gpu/astex_diverse/1V0P_PVB/full_r1_s20/boltz_results_1V0P_PVB_boltz1/predictions/1V0P_PVB_boltz1/1V0P_PVB_boltz1_model_0.cif,0.3259099423885345,0.3807498216629028,22.048923864702964,12.783385993059472,1.0,30.0,1.0,0.3095238095238095,False,False,astex_diverse::1V0P_PVB
astex_diverse,1V48_HA1,1v48,Boltz-1 full receptor r1/s20,cofolding,True,True,False,8.11411787073705,results/posebench_702_predictions/boltz1_gpu/astex_diverse/1V48_HA1/full_r1_s20/boltz_results_1V48_HA1_boltz1/predictions/1V48_HA1_boltz1/1V48_HA1_boltz1_model_0.cif,0.4517182409763336,0.4356733858585357,19.767495500931386,11.862793377648476,1.0,22.0,0.0,0.5,True,False,astex_diverse::1V48_HA1
astex_diverse,1V4S_MRK,1v4s,Boltz-1 full receptor r1/s20,cofolding,True,True,False,12.937670880599258,results/posebench_702_predictions/boltz1_gpu/astex_diverse/1V4S_MRK/full_r1_s20/boltz_results_1V4S_MRK_boltz1/predictions/1V4S_MRK_boltz1/1V4S_MRK_boltz1_model_0.cif,0.4067632257938385,0.3708632588386535,19.75799495480502,17.578457488130457,1.0,23.0,0.0,0.3823529411764705,False,False,astex_diverse::1V4S_MRK
astex_diverse,1VCJ_IBA,1vcj,Boltz-1 full receptor r1/s20,cofolding,True,True,False,5.594844768110525,results/posebench_702_predictions/boltz1_gpu/astex_diverse/1VCJ_IBA/full_r1_s20/boltz_results_1VCJ_IBA_boltz1/predictions/1VCJ_IBA_boltz1/1VCJ_IBA_boltz1_model_0.cif,0.7316473126411438,0.5981791615486145,3.0177402882652604,3.29126738199026,1.0,25.0,1.0,0.265625,False,False,astex_diverse::1VCJ_IBA
astex_diverse,1W1P_GIO,1w1p,Boltz-1 full receptor r1/s20,cofolding,True,False,False,,,,,,,0.0,11.0,1.0,0.3035714285714285,False,False,astex_diverse::1W1P_GIO
astex_diverse,1W2G_THM,1w2g,Boltz-1 full receptor r1/s20,cofolding,True,True,False,9.606955005012493,results/posebench_702_predictions/boltz1_gpu/astex_diverse/1W2G_THM/full_r1_s20/boltz_results_1W2G_THM_boltz1/predictions/1W2G_THM_boltz1/1W2G_THM_boltz1_model_0.cif,0.4161616265773773,0.2993247509002685,13.977818197985584,10.392158820763449,1.0,17.0,3.0,0.7142857142857143,True,False,astex_diverse::1W2G_THM
astex_diverse,1X8X_TYR,1x8x,Boltz-1 full receptor r1/s20,cofolding,True,True,False,6.24471368783842,results/posebench_702_predictions/boltz1_gpu/astex_diverse/1X8X_TYR/full_r1_s20/boltz_results_1X8X_TYR_boltz1/predictions/1X8X_TYR_boltz1/1X8X_TYR_boltz1_model_0.cif,0.4574654102325439,0.4893659055233001,14.353737097935332,6.219915064874599,1.0,13.0,1.0,0.5142857142857142,True,False,astex_diverse::1X8X_TYR
astex_diverse,1XM6_5RM,1xm6,Boltz-1 full receptor r1/s20,cofolding,True,True,False,8.474489575030004,results/posebench_702_predictions/boltz1_gpu/astex_diverse/1XM6_5RM/full_r1_s20/boltz_results_1XM6_5RM_boltz1/predictions/1XM6_5RM_boltz1/1XM6_5RM_boltz1_model_0.cif,0.3347146213054657,0.3984260261058807,25.8741673109789,15.13118051112348,1.0,19.0,1.0,0.2894736842105263,False,False,astex_diverse::1XM6_5RM
astex_diverse,1XOQ_ROF,1xoq,Boltz-1 full receptor r1/s20,cofolding,True,True,False,19.00743365362222,results/posebench_702_predictions/boltz1_gpu/astex_diverse/1XOQ_ROF/full_r1_s20/boltz_results_1XOQ_ROF_boltz1/predictions/1XOQ_ROF_boltz1/1XOQ_ROF_boltz1_model_0.cif,0.3675138652324676,0.5053063035011292,25.206401087951157,11.439887584659251,1.0,26.0,0.0,0.2891566265060241,False,False,astex_diverse::1XOQ_ROF
astex_diverse,1XOZ_CIA,1xoz,Boltz-1 full receptor r1/s20,cofolding,True,True,False,10.174349450137887,results/posebench_702_predictions/boltz1_gpu/astex_diverse/1XOZ_CIA/full_r1_s20/boltz_results_1XOZ_CIA_boltz1/predictions/1XOZ_CIA_boltz1/1XOZ_CIA_boltz1_model_0.cif,0.3553306758403778,0.2568755149841308,19.184461431165435,12.009650665675164,1.0,29.0,2.0,0.2597402597402597,False,False,astex_diverse::1XOZ_CIA
astex_diverse,1Y6B_AAX,1y6b,Boltz-1 full receptor r1/s20,cofolding,True,True,False,12.77860297972699,results/posebench_702_predictions/boltz1_gpu/astex_diverse/1Y6B_AAX/full_r1_s20/boltz_results_1Y6B_AAX_boltz1/predictions/1Y6B_AAX_boltz1/1Y6B_AAX_boltz1_model_0.cif,0.3719862997531891,0.2762933373451233,19.78137445868784,13.700104649256163,1.0,34.0,0.0,0.2906976744186046,False,False,astex_diverse::1Y6B_AAX
astex_diverse,1YGC_905,1ygc,Boltz-1 full receptor r1/s20,cofolding,True,True,False,8.47671356738194,results/posebench_702_predictions/boltz1_gpu/astex_diverse/1YGC_905/full_r1_s20/boltz_results_1YGC_905_boltz1/predictions/1YGC_905_boltz1/1YGC_905_boltz1_model_0.cif,0.6179422736167908,0.8883911371231079,14.169232163645065,10.68504291411085,1.0,38.0,1.0,0.2888888888888888,False,False,astex_diverse::1YGC_905
astex_diverse,1YQY_915,1yqy,Boltz-1 full receptor r1/s20,cofolding,True,True,False,6.312257454023295,results/posebench_702_predictions/boltz1_gpu/astex_diverse/1YQY_915/full_r1_s20/boltz_results_1YQY_915_boltz1/predictions/1YQY_915_boltz1/1YQY_915_boltz1_model_0.cif,0.4795273244380951,0.8097612261772156,23.376767057937077,12.294188371289438,1.0,23.0,1.0,0.2676056338028169,False,False,astex_diverse::1YQY_915
astex_diverse,1YV3_BIT,1yv3,Boltz-1 full receptor r1/s20,cofolding,True,True,False,11.760225595584744,results/posebench_702_predictions/boltz1_gpu/astex_diverse/1YV3_BIT/full_r1_s20/boltz_results_1YV3_BIT_boltz1/predictions/1YV3_BIT_boltz1/1YV3_BIT_boltz1_model_0.cif,0.3679405152797699,0.3127777278423309,22.629700725324145,13.219256538528107,1.0,22.0,1.0,0.3043478260869565,False,False,astex_diverse::1YV3_BIT
astex_diverse,1YVF_PH7,1yvf,Boltz-1 full receptor r1/s20,cofolding,True,True,False,6.33409386392449,results/posebench_702_predictions/boltz1_gpu/astex_diverse/1YVF_PH7/full_r1_s20/boltz_results_1YVF_PH7_boltz1/predictions/1YVF_PH7_boltz1/1YVF_PH7_boltz1_model_0.cif,0.3944550454616546,0.4672017693519592,24.22052651962841,11.83668965651393,1.0,28.0,0.0,0.3191489361702128,False,False,astex_diverse::1YVF_PH7
astex_diverse,1YWR_LI9,1ywr,Boltz-1 full receptor r1/s20,cofolding,True,True,False,8.503996953900783,results/posebench_702_predictions/boltz1_gpu/astex_diverse/1YWR_LI9/full_r1_s20/boltz_results_1YWR_LI9_boltz1/predictions/1YWR_LI9_boltz1/1YWR_LI9_boltz1_model_0.cif,0.3778302073478699,0.3980638086795807,21.073047888167284,10.646543396505988,1.0,35.0,1.0,0.2758620689655172,False,False,astex_diverse::1YWR_LI9
astex_diverse,1Z95_198,1z95,Boltz-1 full receptor r1/s20,cofolding,True,False,False,,,,,,,0.0,29.0,1.0,0.2571428571428571,False,False,astex_diverse::1Z95_198
astex_diverse,2BM2_PM2,2bm2,Boltz-1 full receptor r1/s20,cofolding,True,True,False,17.257371420795252,results/posebench_702_predictions/boltz1_gpu/astex_diverse/2BM2_PM2/full_r1_s20/boltz_results_2BM2_PM2_boltz1/predictions/2BM2_PM2_boltz1/2BM2_PM2_boltz1_model_0.cif,0.6370824575424194,0.3566833734512329,26.29244811962806,10.478038644839543,1.0,30.0,0.0,0.3333333333333333,False,False,astex_diverse::2BM2_PM2
astex_diverse,2BR1_PFP,2br1,Boltz-1 full receptor r1/s20,cofolding,True,True,False,8.54033094948032,results/posebench_702_predictions/boltz1_gpu/astex_diverse/2BR1_PFP/full_r1_s20/boltz_results_2BR1_PFP_boltz1/predictions/2BR1_PFP_boltz1/2BR1_PFP_boltz1_model_0.cif,0.409471184015274,0.2418661564588546,18.506519565779303,11.482569909556608,1.0,29.0,0.0,0.3064516129032258,False,False,astex_diverse::2BR1_PFP
astex_diverse,2BSM_BSM,2bsm,Boltz-1 full receptor r1/s20,cofolding,True,True,False,8.06813762938836,results/posebench_702_predictions/boltz1_gpu/astex_diverse/2BSM_BSM/full_r1_s20/boltz_results_2BSM_BSM_boltz1/predictions/2BSM_BSM_boltz1/2BSM_BSM_boltz1_model_0.cif,0.5165473818778992,0.4044625759124756,8.587307523402922,9.451731953297037,1.0,27.0,0.0,0.2987012987012987,False,False,astex_diverse::2BSM_BSM
posebusters_benchmark,5S8I_2LY,5s8i,Boltz-1 full receptor r1/s20,cofolding,True,True,False,9.354345230877824,results/posebench_702_predictions/boltz1_gpu/posebusters_benchmark/5S8I_2LY/full_r1_s20/boltz_results_5S8I_2LY_boltz1/predictions/5S8I_2LY_boltz1/5S8I_2LY_boltz1_model_0.cif,0.4712871611118316,0.2089128792285919,9.200238771125589,10.246241518428958,1.0,13.0,0.0,0.25,False,False,posebusters_benchmark::5S8I_2LY
posebusters_benchmark,5SAK_ZRY,5sak,Boltz-1 full receptor r1/s20,cofolding,True,True,False,10.824343576419286,results/posebench_702_predictions/boltz1_gpu/posebusters_benchmark/5SAK_ZRY/full_r1_s20/boltz_results_5SAK_ZRY_boltz1/predictions/5SAK_ZRY_boltz1/5SAK_ZRY_boltz1_model_0.cif,0.3362604081630707,0.4201374650001526,19.27371465282877,14.42994945669229,1.0,18.0,0.0,0.2222222222222222,False,False,posebusters_benchmark::5SAK_ZRY
posebusters_benchmark,5SB2_1K2,5sb2,Boltz-1 full receptor r1/s20,cofolding,True,True,False,15.139517106383908,results/posebench_702_predictions/boltz1_gpu/posebusters_benchmark/5SB2_1K2/full_r1_s20/boltz_results_5SB2_1K2_boltz1/predictions/5SB2_1K2_boltz1/5SB2_1K2_boltz1_model_0.cif,0.3547675907611847,0.3135998249053955,18.8134405417842,12.23767645623068,1.0,30.0,2.0,1.0,True,True,posebusters_benchmark::5SB2_1K2
posebusters_benchmark,5SD5_HWI,5sd5,Boltz-1 full receptor r1/s20,cofolding,True,True,False,13.481212053593277,results/posebench_702_predictions/boltz1_gpu/posebusters_benchmark/5SD5_HWI/full_r1_s20/boltz_results_5SD5_HWI_boltz1/predictions/5SD5_HWI_boltz1/5SD5_HWI_boltz1_model_0.cif,0.3827137053012848,0.3253868520259857,12.784394486256376,10.903225824125933,1.0,29.0,0.0,0.4788732394366197,False,False,posebusters_benchmark::5SD5_HWI
posebusters_benchmark,5SIS_JSM,5sis,Boltz-1 full receptor r1/s20,cofolding,True,True,False,8.784024748086255,results/posebench_702_predictions/boltz1_gpu/posebusters_benchmark/5SIS_JSM/full_r1_s20/boltz_results_5SIS_JSM_boltz1/predictions/5SIS_JSM_boltz1/5SIS_JSM_boltz1_model_0.cif,0.37886843085289,0.3258211612701416,20.279732360992448,10.597435789297451,1.0,32.0,0.0,0.8235294117647058,True,False,posebusters_benchmark::5SIS_JSM
posebusters_benchmark,6M2B_EZO,6m2b,Boltz-1 full receptor r1/s20,cofolding,True,True,False,13.046524070380176,results/posebench_702_predictions/boltz1_gpu/posebusters_benchmark/6M2B_EZO/full_r1_s20/boltz_results_6M2B_EZO_boltz1/predictions/6M2B_EZO_boltz1/6M2B_EZO_boltz1_model_0.cif,0.5572913289070129,0.5677926540374756,12.052612440606962,15.45427377001389,1.0,25.0,0.0,0.3378378378378378,False,False,posebusters_benchmark::6M2B_EZO
posebusters_benchmark,6M73_FNR,6m73,Boltz-1 full receptor r1/s20,cofolding,True,True,False,8.251368925793502,results/posebench_702_predictions/boltz1_gpu/posebusters_benchmark/6M73_FNR/full_r1_s20/boltz_results_6M73_FNR_boltz1/predictions/6M73_FNR_boltz1/6M73_FNR_boltz1_model_0.cif,0.5158665180206299,0.7859323620796204,16.231113843768192,10.252617054339172,1.0,31.0,3.0,1.0,True,False,posebusters_benchmark::6M73_FNR
posebusters_benchmark,6T88_MWQ,6t88,Boltz-1 full receptor r1/s20,cofolding,True,True,False,5.848353156583391,results/posebench_702_predictions/boltz1_gpu/posebusters_benchmark/6T88_MWQ/full_r1_s20/boltz_results_6T88_MWQ_boltz1/predictions/6T88_MWQ_boltz1/6T88_MWQ_boltz1_model_0.cif,0.4028488099575043,0.4821039736270904,21.510636001397607,12.949439723718015,1.0,10.0,0.0,0.3076923076923077,True,False,posebusters_benchmark::6T88_MWQ
posebusters_benchmark,6TW5_9M2,6tw5,Boltz-1 full receptor r1/s20,cofolding,True,True,False,5.679642181639848,results/posebench_702_predictions/boltz1_gpu/posebusters_benchmark/6TW5_9M2/full_r1_s20/boltz_results_6TW5_9M2_boltz1/predictions/6TW5_9M2_boltz1/6TW5_9M2_boltz1_model_0.cif,0.2971943914890289,0.2432398945093155,29.8095238593094,14.212549628423956,1.0,31.0,0.0,0.2688172043010752,False,False,posebusters_benchmark::6TW5_9M2
posebusters_benchmark,6TW7_NZB,6tw7,Boltz-1 full receptor r1/s20,cofolding,True,True,False,8.162014309221815,results/posebench_702_predictions/boltz1_gpu/posebusters_benchmark/6TW7_NZB/full_r1_s20/boltz_results_6TW7_NZB_boltz1/predictions/6TW7_NZB_boltz1/6TW7_NZB_boltz1_model_0.cif,0.3520411550998688,0.4019050598144531,21.47438350400785,15.319885417858709,1.0,29.0,0.0,0.2577319587628865,False,False,posebusters_benchmark::6TW7_NZB
posebusters_benchmark,6VS3_R6V,6vs3,Boltz-1 full receptor r1/s20,cofolding,True,True,False,16.590309398885935,results/posebench_702_predictions/boltz1_gpu/posebusters_benchmark/6VS3_R6V/full_r1_s20/boltz_results_6VS3_R6V_boltz1/predictions/6VS3_R6V_boltz1/6VS3_R6V_boltz1_model_0.cif,0.3336066603660583,0.3081115782260895,25.584948551979117,13.3725499757686,1.0,36.0,1.0,0.3033707865168539,False,False,posebusters_benchmark::6VS3_R6V
posebusters_benchmark,6VTA_AKN,6vta,Boltz-1 full receptor r1/s20,cofolding,True,True,False,8.853097406217715,results/posebench_702_predictions/boltz1_gpu/posebusters_benchmark/6VTA_AKN/full_r1_s20/boltz_results_6VTA_AKN_boltz1/predictions/6VTA_AKN_boltz1/6VTA_AKN_boltz1_model_0.cif,0.2933762371540069,0.1760587692260742,21.34899870753654,12.004226715896891,1.0,40.0,16.0,0.4558823529411764,False,False,posebusters_benchmark::6VTA_AKN
posebusters_benchmark,6W59_SZD,6w59,Boltz-1 full receptor r1/s20,cofolding,True,True,False,21.57873698179361,results/posebench_702_predictions/boltz1_gpu/posebusters_benchmark/6W59_SZD/full_r1_s20/boltz_results_6W59_SZD_boltz1/predictions/6W59_SZD_boltz1/6W59_SZD_boltz1_model_0.cif,0.4349637031555176,0.5056406855583191,15.552618249604166,9.955164197344676,1.0,32.0,0.0,0.373134328358209,False,False,posebusters_benchmark::6W59_SZD
posebusters_benchmark,6WTN_RXT,6wtn,Boltz-1 full receptor r1/s20,cofolding,True,True,False,11.267927327314572,results/posebench_702_predictions/boltz1_gpu/posebusters_benchmark/6WTN_RXT/full_r1_s20/boltz_results_6WTN_RXT_boltz1/predictions/6WTN_RXT_boltz1/6WTN_RXT_boltz1_model_0.cif,0.4047300517559051,0.3221160173416137,19.5954876784628,11.431629496075155,1.0,23.0,1.0,0.2428571428571428,False,False,posebusters_benchmark::6WTN_RXT
posebusters_benchmark,6X8D_ARA,6x8d,Boltz-1 full receptor r1/s20,cofolding,True,True,False,3.6976071335177294,results/posebench_702_predictions/boltz1_gpu/posebusters_benchmark/6X8D_ARA/full_r1_s20/boltz_results_6X8D_ARA_boltz1/predictions/6X8D_ARA_boltz1/6X8D_ARA_boltz1_model_0.cif,0.4246776700019836,0.3820520937442779,13.09743213047448,7.930452411704036,1.0,10.0,4.0,0.28,True,False,posebusters_benchmark::6X8D_ARA
posebusters_benchmark,6XAF_GDP,6xaf,Boltz-1 full receptor r1/s20,cofolding,True,True,False,7.087040804363809,results/posebench_702_predictions/boltz1_gpu/posebusters_benchmark/6XAF_GDP/full_r1_s20/boltz_results_6XAF_GDP_boltz1/predictions/6XAF_GDP_boltz1/6XAF_GDP_boltz1_model_0.cif,0.5293297171592712,0.739935576915741,20.976395947964807,8.373098235982823,1.0,28.0,5.0,1.0,True,False,posebusters_benchmark::6XAF_GDP
posebusters_benchmark,6XBO_5MC,6xbo,Boltz-1 full receptor r1/s20,cofolding,True,True,False,18.42859877520234,results/posebench_702_predictions/boltz1_gpu/posebusters_benchmark/6XBO_5MC/full_r1_s20/boltz_results_6XBO_5MC_boltz1/predictions/6XBO_5MC_boltz1/6XBO_5MC_boltz1_model_0.cif,0.3863249719142914,0.2460292726755142,18.75901340851192,15.161957486158698,1.0,22.0,4.0,0.5666666666666667,True,False,posebusters_benchmark::6XBO_5MC
posebusters_benchmark,6XCT_478,6xct,Boltz-1 full receptor r1/s20,cofolding,True,True,False,16.390156784410017,results/posebench_702_predictions/boltz1_gpu/posebusters_benchmark/6XCT_478/full_r1_s20/boltz_results_6XCT_478_boltz1/predictions/6XCT_478_boltz1/6XCT_478_boltz1_model_0.cif,0.4725781083106994,0.8442681431770325,15.320878582812044,11.516894122028807,1.0,35.0,3.0,0.7236842105263158,False,False,posebusters_benchmark::6XCT_478
posebusters_benchmark,6XG5_TOP,6xg5,Boltz-1 full receptor r1/s20,cofolding,True,True,False,8.420341963341569,results/posebench_702_predictions/boltz1_gpu/posebusters_benchmark/6XG5_TOP/full_r1_s20/boltz_results_6XG5_TOP_boltz1/predictions/6XG5_TOP_boltz1/6XG5_TOP_boltz1_model_0.cif,0.537592887878418,0.3668438196182251,11.550247449912156,7.122362023630801,1.0,21.0,0.0,1.0,True,False,posebusters_benchmark::6XG5_TOP
posebusters_benchmark,6XHT_V2V,6xht,Boltz-1 full receptor r1/s20,cofolding,True,False,False,,,,,,,0.0,34.0,9.0,0.7419354838709677,True,False,posebusters_benchmark::6XHT_V2V
posebusters_benchmark,6XM9_V55,6xm9,Boltz-1 full receptor r1/s20,cofolding,True,True,False,7.532764341552452,results/posebench_702_predictions/boltz1_gpu/posebusters_benchmark/6XM9_V55/full_r1_s20/boltz_results_6XM9_V55_boltz1/predictions/6XM9_V55_boltz1/6XM9_V55_boltz1_model_0.cif,0.4035965502262115,0.5595793724060059,17.42214405053395,11.848326890684788,1.0,11.0,0.0,0.4,True,False,posebusters_benchmark::6XM9_V55
posebusters_benchmark,6XUM_30L,6xum,Boltz-1 full receptor r1/s20,cofolding,True,True,False,4.9862430677717775,results/posebench_702_predictions/boltz1_gpu/posebusters_benchmark/6XUM_30L/full_r1_s20/boltz_results_6XUM_30L_boltz1/predictions/6XUM_30L_boltz1/6XUM_30L_boltz1_model_0.cif,0.5461375117301941,0.5625072121620178,13.242644532453305,10.465175639954102,1.0,25.0,0.0,0.3283582089552239,True,False,posebusters_benchmark::6XUM_30L
posebusters_benchmark,6Y7L_QMG,6y7l,Boltz-1 full receptor r1/s20,cofolding,True,True,False,8.74991959994283,results/posebench_702_predictions/boltz1_gpu/posebusters_benchmark/6Y7L_QMG/full_r1_s20/boltz_results_6Y7L_QMG_boltz1/predictions/6Y7L_QMG_boltz1/6Y7L_QMG_boltz1_model_0.cif,0.563057541847229,0.3120537102222442,11.080456461276135,8.934920635377885,1.0,25.0,0.0,0.3125,False,False,posebusters_benchmark::6Y7L_QMG
posebusters_benchmark,6YDY_K73,6ydy,Boltz-1 full receptor r1/s20,cofolding,True,True,False,6.416461002873839,results/posebench_702_predictions/boltz1_gpu/posebusters_benchmark/6YDY_K73/full_r1_s20/boltz_results_6YDY_K73_boltz1/predictions/6YDY_K73_boltz1/6YDY_K73_boltz1_model_0.cif,0.7232379913330078,0.9755369424819946,10.74852480308106,10.514511016832136,1.0,28.0,2.0,0.4461538461538462,False,False,posebusters_benchmark::6YDY_K73
posebusters_benchmark,6YJA_2BA,6yja,Boltz-1 full receptor r1/s20,cofolding,True,True,False,7.880193673684283,results/posebench_702_predictions/boltz1_gpu/posebusters_benchmark/6YJA_2BA/full_r1_s20/boltz_results_6YJA_2BA_boltz1/predictions/6YJA_2BA_boltz1/6YJA_2BA_boltz1_model_0.cif,0.3394157588481903,0.2128440588712692,19.728783217210918,12.782527740083152,1.0,44.0,10.0,0.9245283018867924,False,False,posebusters_benchmark::6YJA_2BA
posebusters_benchmark,6YMS_OZH,6yms,Boltz-1 full receptor r1/s20,cofolding,True,True,False,11.528199570973284,results/posebench_702_predictions/boltz1_gpu/posebusters_benchmark/6YMS_OZH/full_r1_s20/boltz_results_6YMS_OZH_boltz1/predictions/6YMS_OZH_boltz1/6YMS_OZH_boltz1_model_0.cif,0.4294672906398773,0.5656217932701111,15.83202079918427,11.17172132728269,1.0,35.0,3.0,0.4354838709677419,False,False,posebusters_benchmark::6YMS_OZH
posebusters_benchmark,6YQV_8K2,6yqv,Boltz-1 full receptor r1/s20,cofolding,True,True,False,4.317099672358151,results/posebench_702_predictions/boltz1_gpu/posebusters_benchmark/6YQV_8K2/full_r1_s20/boltz_results_6YQV_8K2_boltz1/predictions/6YQV_8K2_boltz1/6YQV_8K2_boltz1_model_0.cif,0.7654134035110474,0.9157879948616028,8.695768396722848,0.9762771522289992,1.0,10.0,0.0,0.303030303030303,True,False,posebusters_benchmark::6YQV_8K2
posebusters_benchmark,6YQW_82I,6yqw,Boltz-1 full receptor r1/s20,cofolding,True,True,False,10.831901542235563,results/posebench_702_predictions/boltz1_gpu/posebusters_benchmark/6YQW_82I/full_r1_s20/boltz_results_6YQW_82I_boltz1/predictions/6YQW_82I_boltz1/6YQW_82I_boltz1_model_0.cif,0.6587013602256775,0.4753656983375549,9.052179013921704,10.38203902574672,1.0,11.0,0.0,0.5789473684210527,False,False,posebusters_benchmark::6YQW_82I
posebusters_benchmark,6YR2_T1C,6yr2,Boltz-1 full receptor r1/s20,cofolding,True,True,False,7.943476012991806,results/posebench_702_predictions/boltz1_gpu/posebusters_benchmark/6YR2_T1C/full_r1_s20/boltz_results_6YR2_T1C_boltz1/predictions/6YR2_T1C_boltz1/6YR2_T1C_boltz1_model_0.cif,0.4244050979614258,0.2972094416618347,23.67058664071061,18.43629397835777,1.0,42.0,4.0,0.3052631578947368,False,False,posebusters_benchmark::6YR2_T1C
posebusters_benchmark,6YRV_PJ8,6yrv,Boltz-1 full receptor r1/s20,cofolding,True,True,False,11.87708541945295,results/posebench_702_predictions/boltz1_gpu/posebusters_benchmark/6YRV_PJ8/full_r1_s20/boltz_results_6YRV_PJ8_boltz1/predictions/6YRV_PJ8_boltz1/6YRV_PJ8_boltz1_model_0.cif,0.3889030516147613,0.3337312638759613,22.1823617851751,15.307792090780056,1.0,17.0,0.0,0.5384615384615384,False,False,posebusters_benchmark::6YRV_PJ8
posebusters_benchmark,6YSP_PAL,6ysp,Boltz-1 full receptor r1/s20,cofolding,True,True,False,24.392743393025796,results/posebench_702_predictions/boltz1_gpu/posebusters_benchmark/6YSP_PAL/full_r1_s20/boltz_results_6YSP_PAL_boltz1/predictions/6YSP_PAL_boltz1/6YSP_PAL_boltz1_model_0.cif,0.4001416862010956,0.4823201894760132,21.1031881758004,13.949365471430353,1.0,16.0,1.0,0.2941176470588235,False,False,posebusters_benchmark::6YSP_PAL
posebusters_benchmark,6YT6_PKE,6yt6,Boltz-1 full receptor r1/s20,cofolding,True,True,False,10.724575024530605,results/posebench_702_predictions/boltz1_gpu/posebusters_benchmark/6YT6_PKE/full_r1_s20/boltz_results_6YT6_PKE_boltz1/predictions/6YT6_PKE_boltz1/6YT6_PKE_boltz1_model_0.cif,0.3406133651733398,0.2524465024471283,19.211393486216117,9.84541228099965,1.0,31.0,0.0,0.4642857142857143,False,False,posebusters_benchmark::6YT6_PKE
posebusters_benchmark,6YYO_Q1K,6yyo,Boltz-1 full receptor r1/s20,cofolding,True,True,False,8.63457629774717,results/posebench_702_predictions/boltz1_gpu/posebusters_benchmark/6YYO_Q1K/full_r1_s20/boltz_results_6YYO_Q1K_boltz1/predictions/6YYO_Q1K_boltz1/6YYO_Q1K_boltz1_model_0.cif,0.349823921918869,0.4066579937934875,22.65665255737017,15.857469106801174,1.0,19.0,0.0,0.2428571428571428,False,False,posebusters_benchmark::6YYO_Q1K
posebusters_benchmark,6Z0R_Q4H,6z0r,Boltz-1 full receptor r1/s20,cofolding,True,True,False,16.619201123867178,results/posebench_702_predictions/boltz1_gpu/posebusters_benchmark/6Z0R_Q4H/full_r1_s20/boltz_results_6Z0R_Q4H_boltz1/predictions/6Z0R_Q4H_boltz1/6Z0R_Q4H_boltz1_model_0.cif,0.3673443496227264,0.4215595126152038,18.917308395185792,9.077807018219762,1.0,9.0,0.0,0.2884615384615384,False,False,posebusters_benchmark::6Z0R_Q4H
posebusters_benchmark,6Z14_Q4Z,6z14,Boltz-1 full receptor r1/s20,cofolding,True,True,False,5.937288458836045,results/posebench_702_predictions/boltz1_gpu/posebusters_benchmark/6Z14_Q4Z/full_r1_s20/boltz_results_6Z14_Q4Z_boltz1/predictions/6Z14_Q4Z_boltz1/6Z14_Q4Z_boltz1_model_0.cif,0.4589917361736297,0.663471519947052,18.50323253983553,11.89313850906385,1.0,18.0,5.0,1.0,True,False,posebusters_benchmark::6Z14_Q4Z
posebusters_benchmark,6Z1C_7EY,6z1c,Boltz-1 full receptor r1/s20,cofolding,True,True,False,14.6435708295866,results/posebench_702_predictions/boltz1_gpu/posebusters_benchmark/6Z1C_7EY/full_r1_s20/boltz_results_6Z1C_7EY_boltz1/predictions/6Z1C_7EY_boltz1/6Z1C_7EY_boltz1_model_0.cif,0.4451944530010223,0.4986932575702667,18.83347409593034,12.759095598638948,1.0,22.0,0.0,0.2647058823529412,False,False,posebusters_benchmark::6Z1C_7EY
posebusters_benchmark,6Z2C_Q5E,6z2c,Boltz-1 full receptor r1/s20,cofolding,True,True,False,21.14022890088857,results/posebench_702_predictions/boltz1_gpu/posebusters_benchmark/6Z2C_Q5E/full_r1_s20/boltz_results_6Z2C_Q5E_boltz1/predictions/6Z2C_Q5E_boltz1/6Z2C_Q5E_boltz1_model_0.cif,0.3240815997123718,0.2547522187232971,21.118320356663897,13.200499183186814,1.0,26.0,4.0,0.3,False,False,posebusters_benchmark::6Z2C_Q5E
posebusters_benchmark,6Z4N_Q7B,6z4n,Boltz-1 full receptor r1/s20,cofolding,True,True,False,5.4371488641756285,results/posebench_702_predictions/boltz1_gpu/posebusters_benchmark/6Z4N_Q7B/full_r1_s20/boltz_results_6Z4N_Q7B_boltz1/predictions/6Z4N_Q7B_boltz1/6Z4N_Q7B_boltz1_model_0.cif,0.393865019083023,0.3694800138473511,23.08293100901224,10.685852337881398,1.0,20.0,2.0,0.2878787878787879,False,False,posebusters_benchmark::6Z4N_Q7B
posebusters_benchmark,6Z5Z_BDF,6z5z,Boltz-1 full receptor r1/s20,cofolding,True,True,False,17.440318135174657,results/posebench_702_predictions/boltz1_gpu/posebusters_benchmark/6Z5Z_BDF/full_r1_s20/boltz_results_6Z5Z_BDF_boltz1/predictions/6Z5Z_BDF_boltz1/6Z5Z_BDF_boltz1_model_0.cif,0.8201797604560852,0.5788697004318237,0.8455223074145803,0.5402517182737023,1.0,12.0,4.0,0.3243243243243243,True,False,posebusters_benchmark::6Z5Z_BDF
posebusters_benchmark,6ZAE_ACV,6zae,Boltz-1 full receptor r1/s20,cofolding,True,True,False,11.74114354848126,results/posebench_702_predictions/boltz1_gpu/posebusters_benchmark/6ZAE_ACV/full_r1_s20/boltz_results_6ZAE_ACV_boltz1/predictions/6ZAE_ACV_boltz1/6ZAE_ACV_boltz1_model_0.cif,0.3743388652801513,0.5373872518539429,20.418902521310955,12.84827374103484,1.0,24.0,3.0,0.5416666666666666,False,False,posebusters_benchmark::6ZAE_ACV
posebusters_benchmark,6ZC3_JOR,6zc3,Boltz-1 full receptor r1/s20,cofolding,True,True,False,9.046161812840827,results/posebench_702_predictions/boltz1_gpu/posebusters_benchmark/6ZC3_JOR/full_r1_s20/boltz_results_6ZC3_JOR_boltz1/predictions/6ZC3_JOR_boltz1/6ZC3_JOR_boltz1_model_0.cif,0.3895383179187774,0.2041254490613937,16.404825875975522,9.966686968864996,1.0,15.0,0.0,0.3658536585365853,True,False,posebusters_benchmark::6ZC3_JOR
posebusters_benchmark,6ZCY_QF8,6zcy,Boltz-1 full receptor r1/s20,cofolding,True,True,False,10.796295146315334,results/posebench_702_predictions/boltz1_gpu/posebusters_benchmark/6ZCY_QF8/full_r1_s20/boltz_results_6ZCY_QF8_boltz1/predictions/6ZCY_QF8_boltz1/6ZCY_QF8_boltz1_model_0.cif,0.3496789336204529,0.2396676242351532,20.59366004338081,13.625201053743544,1.0,33.0,1.0,0.3012048192771084,False,False,posebusters_benchmark::6ZCY_QF8
posebusters_benchmark,6ZK5_IMH,6zk5,Boltz-1 full receptor r1/s20,cofolding,True,True,False,5.920081048963781,results/posebench_702_predictions/boltz1_gpu/posebusters_benchmark/6ZK5_IMH/full_r1_s20/boltz_results_6ZK5_IMH_boltz1/predictions/6ZK5_IMH_boltz1/6ZK5_IMH_boltz1_model_0.cif,0.4480009973049164,0.7121800184249878,23.316884678119543,13.138635960984123,1.0,19.0,4.0,0.6382978723404256,False,True,posebusters_benchmark::6ZK5_IMH
posebusters_benchmark,6ZPB_3D1,6zpb,Boltz-1 full receptor r1/s20,cofolding,True,True,False,7.020296108105655,results/posebench_702_predictions/boltz1_gpu/posebusters_benchmark/6ZPB_3D1/full_r1_s20/boltz_results_6ZPB_3D1_boltz1/predictions/6ZPB_3D1_boltz1/6ZPB_3D1_boltz1_model_0.cif,0.4595340192317962,0.2212899178266525,15.137747561077529,9.353458412702324,1.0,18.0,3.0,0.6607142857142857,True,False,posebusters_benchmark::6ZPB_3D1
posebusters_benchmark,6ZR8_QOZ,6zr8,Boltz-1 full receptor r1/s20,cofolding,True,True,False,8.58279147570052,results/posebench_702_predictions/boltz1_gpu/posebusters_benchmark/6ZR8_QOZ/full_r1_s20/boltz_results_6ZR8_QOZ_boltz1/predictions/6ZR8_QOZ_boltz1/6ZR8_QOZ_boltz1_model_0.cif,0.3590435087680816,0.3173009753227234,18.689220742458502,12.25450948142856,1.0,33.0,0.0,0.3962264150943396,False,False,posebusters_benchmark::6ZR8_QOZ
posebusters_benchmark,6ZT2_QPK,6zt2,Boltz-1 full receptor r1/s20,cofolding,True,True,False,4.93645579370357,results/posebench_702_predictions/boltz1_gpu/posebusters_benchmark/6ZT2_QPK/full_r1_s20/boltz_results_6ZT2_QPK_boltz1/predictions/6ZT2_QPK_boltz1/6ZT2_QPK_boltz1_model_0.cif,0.4744598865509033,0.2638092339038849,11.289551110765895,10.52904797182032,1.0,10.0,0.0,0.2727272727272727,True,False,posebusters_benchmark::6ZT2_QPK
posebusters_benchmark,6ZX3_QRZ,6zx3,Boltz-1 full receptor r1/s20,cofolding,True,True,False,5.305045108695194,results/posebench_702_predictions/boltz1_gpu/posebusters_benchmark/6ZX3_QRZ/full_r1_s20/boltz_results_6ZX3_QRZ_boltz1/predictions/6ZX3_QRZ_boltz1/6ZX3_QRZ_boltz1_model_0.cif,0.6180477142333984,0.6154683828353882,8.717033356796062,7.589886331280178,1.0,24.0,4.0,0.5789473684210527,True,False,posebusters_benchmark::6ZX3_QRZ
posebusters_benchmark,6ZXQ_IMO,6zxq,Boltz-1 full receptor r1/s20,cofolding,True,True,False,6.579710245532831,results/posebench_702_predictions/boltz1_gpu/posebusters_benchmark/6ZXQ_IMO/full_r1_s20/boltz_results_6ZXQ_IMO_boltz1/predictions/6ZXQ_IMO_boltz1/6ZXQ_IMO_boltz1_model_0.cif,0.4134226441383362,0.4358702301979065,11.687378721891958,9.58828898246422,1.0,27.0,4.0,0.7592592592592593,True,False,posebusters_benchmark::6ZXQ_IMO
posebusters_benchmark,7A1P_QW2,7a1p,Boltz-1 full receptor r1/s20,cofolding,True,True,False,11.647404889587584,results/posebench_702_predictions/boltz1_gpu/posebusters_benchmark/7A1P_QW2/full_r1_s20/boltz_results_7A1P_QW2_boltz1/predictions/7A1P_QW2_boltz1/7A1P_QW2_boltz1_model_0.cif,0.3439188599586487,0.3605622351169586,23.033407728294,12.59348124716708,1.0,13.0,1.0,0.4615384615384615,False,False,posebusters_benchmark::7A1P_QW2
posebusters_benchmark,7A9E_R4W,7a9e,Boltz-1 full receptor r1/s20,cofolding,True,True,False,15.290231652760886,results/posebench_702_predictions/boltz1_gpu/posebusters_benchmark/7A9E_R4W/full_r1_s20/boltz_results_7A9E_R4W_boltz1/predictions/7A9E_R4W_boltz1/7A9E_R4W_boltz1_model_0.cif,0.4365946352481842,0.4361192286014557,12.286131472820095,4.683116837334657,1.0,6.0,0.0,0.25,False,False,posebusters_benchmark::7A9E_R4W
posebusters_benchmark,7A9H_TPP,7a9h,Boltz-1 full receptor r1/s20,cofolding,True,True,False,15.25641492785122,results/posebench_702_predictions/boltz1_gpu/posebusters_benchmark/7A9H_TPP/full_r1_s20/boltz_results_7A9H_TPP_boltz1/predictions/7A9H_TPP_boltz1/7A9H_TPP_boltz1_model_0.cif,0.3362181186676025,0.3522045016288757,29.90530025231673,13.5440117627796,1.0,26.0,1.0,1.0,True,True,posebusters_benchmark::7A9H_TPP
posebusters_benchmark,7AA0_R6B,7aa0,Boltz-1 full receptor r1/s20,cofolding,True,True,False,9.965634476888116,results/posebench_702_predictions/boltz1_gpu/posebusters_benchmark/7AA0_R6B/full_r1_s20/boltz_results_7AA0_R6B_boltz1/predictions/7AA0_R6B_boltz1/7AA0_R6B_boltz1_model_0.cif,0.435700386762619,0.231887474656105,25.248146029552174,11.68915954017664,1.0,26.0,0.0,0.2580645161290322,False,False,posebusters_benchmark::7AA0_R6B
posebusters_benchmark,7AFX_R9K,7afx,Boltz-1 full receptor r1/s20,cofolding,True,True,False,14.310637648795067,results/posebench_702_predictions/boltz1_gpu/posebusters_benchmark/7AFX_R9K/full_r1_s20/boltz_results_7AFX_R9K_boltz1/predictions/7AFX_R9K_boltz1/7AFX_R9K_boltz1_model_0.cif,0.5270127058029175,0.5349471569061279,19.28027763002883,11.125439544339004,1.0,20.0,0.0,0.3968253968253968,True,False,posebusters_benchmark::7AFX_R9K
posebusters_benchmark,7AKL_RK5,7akl,Boltz-1 full receptor r1/s20,cofolding,True,False,False,,,,,,,0.0,19.0,0.0,0.293103448275862,False,False,posebusters_benchmark::7AKL_RK5
posebusters_benchmark,7AMC_73B,7amc,Boltz-1 full receptor r1/s20,cofolding,True,True,False,12.99205747351607,results/posebench_702_predictions/boltz1_gpu/posebusters_benchmark/7AMC_73B/full_r1_s20/boltz_results_7AMC_73B_boltz1/predictions/7AMC_73B_boltz1/7AMC_73B_boltz1_model_0.cif,0.36660036444664,0.2809621691703796,16.848347005813608,10.055507389582935,1.0,31.0,2.0,0.34,False,False,posebusters_benchmark::7AMC_73B
posebusters_benchmark,7AN5_RDH,7an5,Boltz-1 full receptor r1/s20,cofolding,True,True,False,13.368093612164234,results/posebench_702_predictions/boltz1_gpu/posebusters_benchmark/7AN5_RDH/full_r1_s20/boltz_results_7AN5_RDH_boltz1/predictions/7AN5_RDH_boltz1/7AN5_RDH_boltz1_model_0.cif,0.3451944291591644,0.2492150366306305,22.641040080990862,13.997168940578986,1.0,15.0,0.0,1.0,True,False,posebusters_benchmark::7AN5_RDH
posebusters_benchmark,7AS1_21G,7as1,Boltz-1 full receptor r1/s20,cofolding,True,True,False,7.954714847652727,results/posebench_702_predictions/boltz1_gpu/posebusters_benchmark/7AS1_21G/full_r1_s20/boltz_results_7AS1_21G_boltz1/predictions/7AS1_21G_boltz1/7AS1_21G_boltz1_model_0.cif,0.3757034242153168,0.2323054671287536,18.576876497742404,11.199913423953458,1.0,29.0,2.0,0.2428571428571428,False,False,posebusters_benchmark::7AS1_21G
posebusters_benchmark,7AVI_S2Q,7avi,Boltz-1 full receptor r1/s20,cofolding,True,False,False,,,,,,,0.0,27.0,1.0,0.2631578947368421,False,False,posebusters_benchmark::7AVI_S2Q
posebusters_benchmark,7B0E_C2E,7b0e,Boltz-1 full receptor r1/s20,cofolding,True,True,False,9.761327761180752,results/posebench_702_predictions/boltz1_gpu/posebusters_benchmark/7B0E_C2E/full_r1_s20/boltz_results_7B0E_C2E_boltz1/predictions/7B0E_C2E_boltz1/7B0E_C2E_boltz1_model_0.cif,0.542180597782135,0.5951303839683533,13.254061072458384,7.239944221804267,1.0,46.0,10.0,1.0,False,False,posebusters_benchmark::7B0E_C2E
posebusters_benchmark,7B2C_TP7,7b2c,Boltz-1 full receptor r1/s20,cofolding,True,False,False,,,,,,,0.0,21.0,2.0,0.3043478260869565,False,False,posebusters_benchmark::7B2C_TP7
posebusters_benchmark,7B94_ANP,7b94,Boltz-1 full receptor r1/s20,cofolding,True,True,False,9.442863052596577,results/posebench_702_predictions/boltz1_gpu/posebusters_benchmark/7B94_ANP/full_r1_s20/boltz_results_7B94_ANP_boltz1/predictions/7B94_ANP_boltz1/7B94_ANP_boltz1_model_0.cif,0.3518627882003784,0.3531877100467682,23.66733519317088,13.117729867524934,1.0,31.0,6.0,1.0,True,False,posebusters_benchmark::7B94_ANP
posebusters_benchmark,7BA0_T5H,7ba0,Boltz-1 full receptor r1/s20,cofolding,True,True,False,14.819027256758886,results/posebench_702_predictions/boltz1_gpu/posebusters_benchmark/7BA0_T5H/full_r1_s20/boltz_results_7BA0_T5H_boltz1/predictions/7BA0_T5H_boltz1/7BA0_T5H_boltz1_model_0.cif,0.4213007092475891,0.2905752658843994,14.53683522019932,11.59213128337068,1.0,55.0,5.0,0.2452830188679245,False,False,posebusters_benchmark::7BA0_T5H
posebusters_benchmark,7BCP_GCO,7bcp,Boltz-1 full receptor r1/s20,cofolding,True,True,False,5.568751621063267,results/posebench_702_predictions/boltz1_gpu/posebusters_benchmark/7BCP_GCO/full_r1_s20/boltz_results_7BCP_GCO_boltz1/predictions/7BCP_GCO_boltz1/7BCP_GCO_boltz1_model_0.cif,0.393016517162323,0.3818905055522918,22.753424747578013,12.980667363905052,1.0,13.0,4.0,1.0,False,False,posebusters_benchmark::7BCP_GCO
posebusters_benchmark,7BHX_TO5,7bhx,Boltz-1 full receptor r1/s20,cofolding,True,True,False,11.478433020216483,results/posebench_702_predictions/boltz1_gpu/posebusters_benchmark/7BHX_TO5/full_r1_s20/boltz_results_7BHX_TO5_boltz1/predictions/7BHX_TO5_boltz1/7BHX_TO5_boltz1_model_0.cif,0.3767691254615783,0.47664475440979,19.79653823704307,10.740205194547984,1.0,21.0,0.0,0.3442622950819672,False,False,posebusters_benchmark::7BHX_TO5
posebusters_benchmark,7BJ6_TVK,7bj6,Boltz-1 full receptor r1/s20,cofolding,True,True,False,5.718086827886254,results/posebench_702_predictions/boltz1_gpu/posebusters_benchmark/7BJ6_TVK/full_r1_s20/boltz_results_7BJ6_TVK_boltz1/predictions/7BJ6_TVK_boltz1/7BJ6_TVK_boltz1_model_0.cif,0.5551431179046631,0.4337742328643799,3.15708677793175,3.1281691190806287,1.0,37.0,1.0,0.2222222222222222,False,False,posebusters_benchmark::7BJ6_TVK
posebusters_benchmark,7BJJ_TVW,7bjj,Boltz-1 full receptor r1/s20,cofolding,True,True,False,6.205653822992919,results/posebench_702_predictions/boltz1_gpu/posebusters_benchmark/7BJJ_TVW/full_r1_s20/boltz_results_7BJJ_TVW_boltz1/predictions/7BJJ_TVW_boltz1/7BJJ_TVW_boltz1_model_0.cif,0.4181103408336639,0.4947129189968109,18.564642821858094,10.30878145579457,1.0,10.0,0.0,0.3333333333333333,False,False,posebusters_benchmark::7BJJ_TVW
posebusters_benchmark,7BKA_4JC,7bka,Boltz-1 full receptor r1/s20,cofolding,True,True,False,14.972214154833054,results/posebench_702_predictions/boltz1_gpu/posebusters_benchmark/7BKA_4JC/full_r1_s20/boltz_results_7BKA_4JC_boltz1/predictions/7BKA_4JC_boltz1/7BKA_4JC_boltz1_model_0.cif,0.2672246396541595,0.1757392436265945,27.34916495650006,12.078773395190458,1.0,12.0,0.0,0.5,True,False,posebusters_benchmark::7BKA_4JC
posebusters_benchmark,7BLA_WCS,7bla,Boltz-1 full receptor r1/s20,cofolding,True,True,False,10.667881832020491,results/posebench_702_predictions/boltz1_gpu/posebusters_benchmark/7BLA_WCS/full_r1_s20/boltz_results_7BLA_WCS_boltz1/predictions/7BLA_WCS_boltz1/7BLA_WCS_boltz1_model_0.cif,0.4802247583866119,0.214193657040596,9.013847769910608,8.745771827810358,1.0,32.0,0.0,0.29,False,False,posebusters_benchmark::7BLA_WCS
posebusters_benchmark,7BLG_GAL,7blg,Boltz-1 full receptor r1/s20,cofolding,True,True,False,3.7252565759047753,results/posebench_702_predictions/boltz1_gpu/posebusters_benchmark/7BLG_GAL/full_r1_s20/boltz_results_7BLG_GAL_boltz1/predictions/7BLG_GAL_boltz1/7BLG_GAL_boltz1_model_0.cif,0.4951057434082031,0.3552786111831665,4.752324784673965,4.96229397966191,1.0,12.0,5.0,1.0,True,False,posebusters_benchmark::7BLG_GAL
posebusters_benchmark,7BMI_U4B,7bmi,Boltz-1 full receptor r1/s20,cofolding,True,True,False,7.933820730413026,results/posebench_702_predictions/boltz1_gpu/posebusters_benchmark/7BMI_U4B/full_r1_s20/boltz_results_7BMI_U4B_boltz1/predictions/7BMI_U4B_boltz1/7BMI_U4B_boltz1_model_0.cif,0.4263371527194977,0.4159826636314392,22.603064554753274,12.732903533847091,1.0,13.0,0.0,0.3333333333333333,True,False,posebusters_benchmark::7BMI_U4B
posebusters_benchmark,7BNH_BEZ,7bnh,Boltz-1 full receptor r1/s20,cofolding,True,True,False,6.416133261986239,results/posebench_702_predictions/boltz1_gpu/posebusters_benchmark/7BNH_BEZ/full_r1_s20/boltz_results_7BNH_BEZ_boltz1/predictions/7BNH_BEZ_boltz1/7BNH_BEZ_boltz1_model_0.cif,0.3490766286849975,0.1983322650194168,15.6358709271713,12.398594794629014,1.0,9.0,0.0,1.0,True,False,posebusters_benchmark::7BNH_BEZ
posebusters_benchmark,7BTT_F8R,7btt,Boltz-1 full receptor r1/s20,cofolding,True,True,False,17.801027257007384,results/posebench_702_predictions/boltz1_gpu/posebusters_benchmark/7BTT_F8R/full_r1_s20/boltz_results_7BTT_F8R_boltz1/predictions/7BTT_F8R_boltz1/7BTT_F8R_boltz1_model_0.cif,0.3700268566608429,0.3238160908222198,19.380143585049822,13.114989620176493,1.0,40.0,0.0,0.2792792792792792,False,False,posebusters_benchmark::7BTT_F8R
posebusters_benchmark,7C0U_FGO,7c0u,Boltz-1 full receptor r1/s20,cofolding,True,True,False,17.104555127494635,results/posebench_702_predictions/boltz1_gpu/posebusters_benchmark/7C0U_FGO/full_r1_s20/boltz_results_7C0U_FGO_boltz1/predictions/7C0U_FGO_boltz1/7C0U_FGO_boltz1_model_0.cif,0.3476444184780121,0.4354051351547241,31.752645812382912,14.337150890199831,1.0,43.0,9.0,0.6046511627906976,False,False,posebusters_benchmark::7C0U_FGO
posebusters_benchmark,7C3U_AZG,7c3u,Boltz-1 full receptor r1/s20,cofolding,True,True,False,16.83150004170312,results/posebench_702_predictions/boltz1_gpu/posebusters_benchmark/7C3U_AZG/full_r1_s20/boltz_results_7C3U_AZG_boltz1/predictions/7C3U_AZG_boltz1/7C3U_AZG_boltz1_model_0.cif,0.2963104546070099,0.2825090289115906,17.77464890522157,9.682466535830324,1.0,11.0,0.0,0.2682926829268293,False,False,posebusters_benchmark::7C3U_AZG
posebusters_benchmark,7C6P_SQH,7c6p,Boltz-1 full receptor r1/s20,cofolding,True,True,False,12.454843001656885,results/posebench_702_predictions/boltz1_gpu/posebusters_benchmark/7C6P_SQH/full_r1_s20/boltz_results_7C6P_SQH_boltz1/predictions/7C6P_SQH_boltz1/7C6P_SQH_boltz1_model_0.cif,0.4539450705051422,0.2976479232311249,11.787490202485465,7.020037230907649,1.0,21.0,0.0,0.5116279069767442,True,False,posebusters_benchmark::7C6P_SQH
posebusters_benchmark,7C8Q_DSG,7c8q,Boltz-1 full receptor r1/s20,cofolding,True,True,False,7.525441256191754,results/posebench_702_predictions/boltz1_gpu/posebusters_benchmark/7C8Q_DSG/full_r1_s20/boltz_results_7C8Q_DSG_boltz1/predictions/7C8Q_DSG_boltz1/7C8Q_DSG_boltz1_model_0.cif,0.5060659050941467,0.2390088886022567,24.485216239755957,11.236745579055915,1.0,9.0,1.0,0.4782608695652174,False,False,posebusters_benchmark::7C8Q_DSG
posebusters_benchmark,7CD9_FVR,7cd9,Boltz-1 full receptor r1/s20,cofolding,True,True,False,10.282342137002413,results/posebench_702_predictions/boltz1_gpu/posebusters_benchmark/7CD9_FVR/full_r1_s20/boltz_results_7CD9_FVR_boltz1/predictions/7CD9_FVR_boltz1/7CD9_FVR_boltz1_model_0.cif,0.3258101642131805,0.2650474309921264,21.78224187023678,16.499574063903836,1.0,33.0,2.0,0.2903225806451613,False,False,posebusters_benchmark::7CD9_FVR
posebusters_benchmark,7CIJ_G0C,7cij,Boltz-1 full receptor r1/s20,cofolding,True,False,False,,,,,,,0.0,21.0,0.0,0.6078431372549019,True,False,posebusters_benchmark::7CIJ_G0C
posebusters_benchmark,7CL8_TES,7cl8,Boltz-1 full receptor r1/s20,cofolding,True,True,False,11.159836415721747,results/posebench_702_predictions/boltz1_gpu/posebusters_benchmark/7CL8_TES/full_r1_s20/boltz_results_7CL8_TES_boltz1/predictions/7CL8_TES_boltz1/7CL8_TES_boltz1_model_0.cif,0.3740465342998504,0.4128143489360809,17.560688086578264,13.749872155245832,1.0,21.0,6.0,1.0,True,False,posebusters_benchmark::7CL8_TES
posebusters_benchmark,7CNQ_G8X,7cnq,Boltz-1 full receptor r1/s20,cofolding,True,False,False,,,,,,,0.0,9.0,2.0,0.5,True,False,posebusters_benchmark::7CNQ_G8X
posebusters_benchmark,7CNS_PMV,7cns,Boltz-1 full receptor r1/s20,cofolding,True,True,False,5.52341968921559,results/posebench_702_predictions/boltz1_gpu/posebusters_benchmark/7CNS_PMV/full_r1_s20/boltz_results_7CNS_PMV_boltz1/predictions/7CNS_PMV_boltz1/7CNS_PMV_boltz1_model_0.cif,0.3629528284072876,0.4978645443916321,20.86178396133877,14.264573653034542,1.0,14.0,1.0,0.3617021276595745,False,False,posebusters_benchmark::7CNS_PMV
posebusters_benchmark,7CTM_BDP,7ctm,Boltz-1 full receptor r1/s20,cofolding,True,True,False,6.2787257931533125,results/posebench_702_predictions/boltz1_gpu/posebusters_benchmark/7CTM_BDP/full_r1_s20/boltz_results_7CTM_BDP_boltz1/predictions/7CTM_BDP_boltz1/7CTM_BDP_boltz1_model_0.cif,0.4822007715702057,0.6085888743400574,23.50005888395614,13.647584331610275,1.0,13.0,5.0,0.3846153846153846,True,False,posebusters_benchmark::7CTM_BDP
posebusters_benchmark,7CUO_PHB,7cuo,Boltz-1 full receptor r1/s20,cofolding,True,True,False,15.765021045334818,results/posebench_702_predictions/boltz1_gpu/posebusters_benchmark/7CUO_PHB/full_r1_s20/boltz_results_7CUO_PHB_boltz1/predictions/7CUO_PHB_boltz1/7CUO_PHB_boltz1_model_0.cif,0.3798093497753143,0.2250231057405471,25.98509319003017,12.21160820562474,1.0,10.0,0.0,1.0,True,False,posebusters_benchmark::7CUO_PHB
posebusters_benchmark,7D0P_1VU,7d0p,Boltz-1 full receptor r1/s20,cofolding,True,True,False,19.704720704989747,results/posebench_702_predictions/boltz1_gpu/posebusters_benchmark/7D0P_1VU/full_r1_s20/boltz_results_7D0P_1VU_boltz1/predictions/7D0P_1VU_boltz1/7D0P_1VU_boltz1_model_0.cif,0.3009479939937591,0.1672250628471374,18.742567302093203,12.338161244326557,1.0,52.0,7.0,0.8369565217391305,True,False,posebusters_benchmark::7D0P_1VU
posebusters_benchmark,7D5C_GV6,7d5c,Boltz-1 full receptor r1/s20,cofolding,True,True,False,9.256354882835677,results/posebench_702_predictions/boltz1_gpu/posebusters_benchmark/7D5C_GV6/full_r1_s20/boltz_results_7D5C_GV6_boltz1/predictions/7D5C_GV6_boltz1/7D5C_GV6_boltz1_model_0.cif,0.4253213405609131,0.5792556405067444,32.74242199049235,14.795424627765668,1.0,31.0,7.0,1.0,True,False,posebusters_benchmark::7D5C_GV6
posebusters_benchmark,7D6O_MTE,7d6o,Boltz-1 full receptor r1/s20,cofolding,True,False,False,,,,,,,0.0,24.0,3.0,0.3698630136986301,False,False,posebusters_benchmark::7D6O_MTE
posebusters_benchmark,7D8Q_GZF,7d8q,Boltz-1 full receptor r1/s20,cofolding,True,True,False,7.333643286828749,results/posebench_702_predictions/boltz1_gpu/posebusters_benchmark/7D8Q_GZF/full_r1_s20/boltz_results_7D8Q_GZF_boltz1/predictions/7D8Q_GZF_boltz1/7D8Q_GZF_boltz1_model_0.cif,0.3606821000576019,0.2477470338344574,14.413205919035688,9.877904546125087,1.0,28.0,5.0,0.7230769230769231,True,False,posebusters_benchmark::7D8Q_GZF
posebusters_benchmark,7D9L_GSF,7d9l,Boltz-1 full receptor r1/s20,cofolding,True,True,False,9.60150376511048,results/posebench_702_predictions/boltz1_gpu/posebusters_benchmark/7D9L_GSF/full_r1_s20/boltz_results_7D9L_GSF_boltz1/predictions/7D9L_GSF_boltz1/7D9L_GSF_boltz1_model_0.cif,0.4336864948272705,0.3726367056369781,17.360500058237037,12.923093264979483,1.0,22.0,3.0,0.6976744186046512,False,False,posebusters_benchmark::7D9L_GSF
posebusters_benchmark,7DIN_MPO,7din,Boltz-1 full receptor r1/s20,cofolding,True,True,False,6.858249810820897,results/posebench_702_predictions/boltz1_gpu/posebusters_benchmark/7DIN_MPO/full_r1_s20/boltz_results_7DIN_MPO_boltz1/predictions/7DIN_MPO_boltz1/7DIN_MPO_boltz1_model_0.cif,0.5409257411956787,0.3576563000679016,4.245494635995676,4.246757133565611,1.0,13.0,0.0,0.5555555555555556,False,False,posebusters_benchmark::7DIN_MPO
posebusters_benchmark,7DKT_GLF,7dkt,Boltz-1 full receptor r1/s20,cofolding,True,False,False,,,,,,,0.0,12.0,5.0,0.6086956521739131,True,False,posebusters_benchmark::7DKT_GLF
posebusters_benchmark,7DQL_4CL,7dql,Boltz-1 full receptor r1/s20,cofolding,True,True,False,10.570567972742571,results/posebench_702_predictions/boltz1_gpu/posebusters_benchmark/7DQL_4CL/full_r1_s20/boltz_results_7DQL_4CL_boltz1/predictions/7DQL_4CL_boltz1/7DQL_4CL_boltz1_model_0.cif,0.3273209035396576,0.299002468585968,16.389235449675176,10.43921097703415,1.0,9.0,0.0,0.4,True,False,posebusters_benchmark::7DQL_4CL
posebusters_benchmark,7DUA_HJ0,7dua,Boltz-1 full receptor r1/s20,cofolding,True,True,False,12.218541021797009,results/posebench_702_predictions/boltz1_gpu/posebusters_benchmark/7DUA_HJ0/full_r1_s20/boltz_results_7DUA_HJ0_boltz1/predictions/7DUA_HJ0_boltz1/7DUA_HJ0_boltz1_model_0.cif,0.3260358273983001,0.3876534104347229,25.090763510839132,14.180656264422378,1.0,23.0,0.0,1.0,True,True,posebusters_benchmark::7DUA_HJ0
posebusters_benchmark,7E2S_BLA,7e2s,Boltz-1 full receptor r1/s20,cofolding,True,True,False,7.401774831837899,results/posebench_702_predictions/boltz1_gpu/posebusters_benchmark/7E2S_BLA/full_r1_s20/boltz_results_7E2S_BLA_boltz1/predictions/7E2S_BLA_boltz1/7E2S_BLA_boltz1_model_0.cif,0.3464796245098114,0.3058444261550903,14.103618517193793,11.972262232448175,1.0,43.0,0.0,1.0,True,False,posebusters_benchmark::7E2S_BLA
posebusters_benchmark,7E4L_MDN,7e4l,Boltz-1 full receptor r1/s20,cofolding,True,True,False,5.553762562883494,results/posebench_702_predictions/boltz1_gpu/posebusters_benchmark/7E4L_MDN/full_r1_s20/boltz_results_7E4L_MDN_boltz1/predictions/7E4L_MDN_boltz1/7E4L_MDN_boltz1_model_0.cif,0.4502007961273193,0.4858798682689667,16.110633905076966,7.390290730531213,1.0,9.0,0.0,0.3333333333333333,False,False,posebusters_benchmark::7E4L_MDN
posebusters_benchmark,7EBG_J0L,7ebg,Boltz-1 full receptor r1/s20,cofolding,True,True,False,10.814974880823216,results/posebench_702_predictions/boltz1_gpu/posebusters_benchmark/7EBG_J0L/full_r1_s20/boltz_results_7EBG_J0L_boltz1/predictions/7EBG_J0L_boltz1/7EBG_J0L_boltz1_model_0.cif,0.3194730877876282,0.3035469949245453,24.169624514555483,12.326531234793986,1.0,14.0,0.0,0.2962962962962963,False,False,posebusters_benchmark::7EBG_J0L
posebusters_benchmark,7ECR_SIN,7ecr,Boltz-1 full receptor r1/s20,cofolding,True,False,False,,,,,,,0.0,8.0,0.0,1.0,False,False,posebusters_benchmark::7ECR_SIN
posebusters_benchmark,7ED2_A3P,7ed2,Boltz-1 full receptor r1/s20,cofolding,True,True,False,27.214973618140853,results/posebench_702_predictions/boltz1_gpu/posebusters_benchmark/7ED2_A3P/full_r1_s20/boltz_results_7ED2_A3P_boltz1/predictions/7ED2_A3P_boltz1/7ED2_A3P_boltz1_model_0.cif,0.3156912326812744,0.3652539253234863,22.17942220934927,14.22761983581175,1.0,27.0,4.0,1.0,True,True,posebusters_benchmark::7ED2_A3P
posebusters_benchmark,7ELT_TYM,7elt,Boltz-1 full receptor r1/s20,cofolding,True,True,False,11.71125222445061,results/posebench_702_predictions/boltz1_gpu/posebusters_benchmark/7ELT_TYM/full_r1_s20/boltz_results_7ELT_TYM_boltz1/predictions/7ELT_TYM_boltz1/7ELT_TYM_boltz1_model_0.cif,0.4292507171630859,0.3921072483062744,17.339701811945922,14.042456183200258,1.0,37.0,6.0,1.0,True,True,posebusters_benchmark::7ELT_TYM
posebusters_benchmark,7EN7_J79,7en7,Boltz-1 full receptor r1/s20,cofolding,True,True,False,7.386180291848877,results/posebench_702_predictions/boltz1_gpu/posebusters_benchmark/7EN7_J79/full_r1_s20/boltz_results_7EN7_J79_boltz1/predictions/7EN7_J79_boltz1/7EN7_J79_boltz1_model_0.cif,0.5136454105377197,0.65093994140625,18.11232477014205,10.196809636599603,1.0,24.0,6.0,1.0,True,True,posebusters_benchmark::7EN7_J79
posebusters_benchmark,7EPV_FDA,7epv,Boltz-1 full receptor r1/s20,cofolding,True,True,False,13.401868576350145,results/posebench_702_predictions/boltz1_gpu/posebusters_benchmark/7EPV_FDA/full_r1_s20/boltz_results_7EPV_FDA_boltz1/predictions/7EPV_FDA_boltz1/7EPV_FDA_boltz1_model_0.cif,0.4233991801738739,0.5570675134658813,24.18026012476061,13.306057706209645,1.0,53.0,9.0,1.0,True,False,posebusters_benchmark::7EPV_FDA
posebusters_benchmark,7ES1_UDP,7es1,Boltz-1 full receptor r1/s20,cofolding,True,True,False,9.498351939812595,results/posebench_702_predictions/boltz1_gpu/posebusters_benchmark/7ES1_UDP/full_r1_s20/boltz_results_7ES1_UDP_boltz1/predictions/7ES1_UDP_boltz1/7ES1_UDP_boltz1_model_0.cif,0.5066529512405396,0.5440601706504822,18.40284330566853,14.503414787632124,1.0,25.0,5.0,1.0,True,True,posebusters_benchmark::7ES1_UDP
posebusters_benchmark,7F51_BA7,7f51,Boltz-1 full receptor r1/s20,cofolding,True,True,False,12.88132479997958,results/posebench_702_predictions/boltz1_gpu/posebusters_benchmark/7F51_BA7/full_r1_s20/boltz_results_7F51_BA7_boltz1/predictions/7F51_BA7_boltz1/7F51_BA7_boltz1_model_0.cif,0.4098250865936279,0.3960832059383392,18.48896918278053,13.202787419812308,1.0,44.0,10.0,1.0,True,True,posebusters_benchmark::7F51_BA7
posebusters_benchmark,7F5D_EUO,7f5d,Boltz-1 full receptor r1/s20,cofolding,True,True,False,9.631241411694814,results/posebench_702_predictions/boltz1_gpu/posebusters_benchmark/7F5D_EUO/full_r1_s20/boltz_results_7F5D_EUO_boltz1/predictions/7F5D_EUO_boltz1/7F5D_EUO_boltz1_model_0.cif,0.604813277721405,0.3981603980064392,7.522298368188275,6.936982116612803,1.0,21.0,0.0,0.3125,False,False,posebusters_benchmark::7F5D_EUO
posebusters_benchmark,7F8T_FAD,7f8t,Boltz-1 full receptor r1/s20,cofolding,True,True,False,12.061877133620811,results/posebench_702_predictions/boltz1_gpu/posebusters_benchmark/7F8T_FAD/full_r1_s20/boltz_results_7F8T_FAD_boltz1/predictions/7F8T_FAD_boltz1/7F8T_FAD_boltz1_model_0.cif,0.4049346148967743,0.4089175462722778,20.25124472580434,15.14369615196623,1.0,53.0,9.0,1.0,True,True,posebusters_benchmark::7F8T_FAD
posebusters_benchmark,7FB7_8NF,7fb7,Boltz-1 full receptor r1/s20,cofolding,True,True,False,9.362698669660327,results/posebench_702_predictions/boltz1_gpu/posebusters_benchmark/7FB7_8NF/full_r1_s20/boltz_results_7FB7_8NF_boltz1/predictions/7FB7_8NF_boltz1/7FB7_8NF_boltz1_model_0.cif,0.2862975001335144,0.2916365265846252,21.73115325214889,10.212375687111733,1.0,9.0,0.0,0.2857142857142857,True,False,posebusters_benchmark::7FB7_8NF
posebusters_benchmark,7FHA_ADX,7fha,Boltz-1 full receptor r1/s20,cofolding,True,True,False,12.303035144208485,results/posebench_702_predictions/boltz1_gpu/posebusters_benchmark/7FHA_ADX/full_r1_s20/boltz_results_7FHA_ADX_boltz1/predictions/7FHA_ADX_boltz1/7FHA_ADX_boltz1_model_0.cif,0.3174368441104889,0.3689266741275787,26.05657401929485,11.794850733279011,1.0,27.0,5.0,1.0,True,True,posebusters_benchmark::7FHA_ADX
posebusters_benchmark,7FRX_O88,7frx,Boltz-1 full receptor r1/s20,cofolding,True,False,False,,,,,,,0.0,30.0,0.0,0.3703703703703703,False,False,posebusters_benchmark::7FRX_O88
posebusters_benchmark,7FT9_4MB,7ft9,Boltz-1 full receptor r1/s20,cofolding,True,True,False,11.277522228327236,results/posebench_702_predictions/boltz1_gpu/posebusters_benchmark/7FT9_4MB/full_r1_s20/boltz_results_7FT9_4MB_boltz1/predictions/7FT9_4MB_boltz1/7FT9_4MB_boltz1_model_0.cif,0.318438857793808,0.1655637472867965,35.826589390345504,13.233168894936435,1.0,14.0,0.0,0.6060606060606061,True,False,posebusters_benchmark::7FT9_4MB
posebusters_benchmark,7JG0_GAR,7jg0,Boltz-1 full receptor r1/s20,cofolding,True,True,False,8.731094661410525,results/posebench_702_predictions/boltz1_gpu/posebusters_benchmark/7JG0_GAR/full_r1_s20/boltz_results_7JG0_GAR_boltz1/predictions/7JG0_GAR_boltz1/7JG0_GAR_boltz1_model_0.cif,0.532974123954773,0.5160477161407471,13.631462888986622,10.453464505058475,1.0,18.0,4.0,1.0,True,False,posebusters_benchmark::7JG0_GAR
posebusters_benchmark,7JGW_V9S,7jgw,Boltz-1 full receptor r1/s20,cofolding,True,True,False,13.97613059560086,results/posebench_702_predictions/boltz1_gpu/posebusters_benchmark/7JGW_V9S/full_r1_s20/boltz_results_7JGW_V9S_boltz1/predictions/7JGW_V9S_boltz1/7JGW_V9S_boltz1_model_0.cif,0.4592196941375732,0.2847545742988586,13.2574080317688,6.73981231805862,1.0,45.0,0.0,0.2524271844660194,False,False,posebusters_benchmark::7JGW_V9S
posebusters_benchmark,7JHQ_VAJ,7jhq,Boltz-1 full receptor r1/s20,cofolding,True,True,False,13.956196861408737,results/posebench_702_predictions/boltz1_gpu/posebusters_benchmark/7JHQ_VAJ/full_r1_s20/boltz_results_7JHQ_VAJ_boltz1/predictions/7JHQ_VAJ_boltz1/7JHQ_VAJ_boltz1_model_0.cif,0.3119715452194214,0.2025650739669799,25.697999051633232,11.14176096632762,1.0,18.0,0.0,1.0,True,True,posebusters_benchmark::7JHQ_VAJ
posebusters_benchmark,7JMV_4NC,7jmv,Boltz-1 full receptor r1/s20,cofolding,True,True,False,13.45767981653096,results/posebench_702_predictions/boltz1_gpu/posebusters_benchmark/7JMV_4NC/full_r1_s20/boltz_results_7JMV_4NC_boltz1/predictions/7JMV_4NC_boltz1/7JMV_4NC_boltz1_model_0.cif,0.3303971886634826,0.1858585625886917,17.9674914151063,13.580007700603607,1.0,11.0,0.0,0.4482758620689655,True,False,posebusters_benchmark::7JMV_4NC
posebusters_benchmark,7JNB_A2G,7jnb,Boltz-1 full receptor r1/s20,cofolding,True,True,False,28.947203638459037,results/posebench_702_predictions/boltz1_gpu/posebusters_benchmark/7JNB_A2G/full_r1_s20/boltz_results_7JNB_A2G_boltz1/predictions/7JNB_A2G_boltz1/7JNB_A2G_boltz1_model_0.cif,0.5548497438430786,0.4095751047134399,15.803527804755284,6.247280064406477,1.0,15.0,5.0,1.0,True,False,posebusters_benchmark::7JNB_A2G
posebusters_benchmark,7JR8_VH7,7jr8,Boltz-1 full receptor r1/s20,cofolding,True,True,False,11.136274206155385,results/posebench_702_predictions/boltz1_gpu/posebusters_benchmark/7JR8_VH7/full_r1_s20/boltz_results_7JR8_VH7_boltz1/predictions/7JR8_VH7_boltz1/7JR8_VH7_boltz1_model_0.cif,0.3520411849021911,0.238905131816864,20.603420433355456,12.62026433552006,1.0,28.0,0.0,0.3333333333333333,False,False,posebusters_benchmark::7JR8_VH7
posebusters_benchmark,7JUD_MMA,7jud,Boltz-1 full receptor r1/s20,cofolding,True,True,False,14.834229592674944,results/posebench_702_predictions/boltz1_gpu/posebusters_benchmark/7JUD_MMA/full_r1_s20/boltz_results_7JUD_MMA_boltz1/predictions/7JUD_MMA_boltz1/7JUD_MMA_boltz1_model_0.cif,0.2988342940807342,0.1260703057050705,17.86670336433312,10.466983272379345,1.0,13.0,5.0,0.6551724137931034,True,False,posebusters_benchmark::7JUD_MMA
posebusters_benchmark,7JXX_VP7,7jxx,Boltz-1 full receptor r1/s20,cofolding,True,True,False,5.748911594872095,results/posebench_702_predictions/boltz1_gpu/posebusters_benchmark/7JXX_VP7/full_r1_s20/boltz_results_7JXX_VP7_boltz1/predictions/7JXX_VP7_boltz1/7JXX_VP7_boltz1_model_0.cif,0.402883917093277,0.4039622545242309,15.938431557813336,13.78614509549296,1.0,25.0,0.0,0.2873563218390804,False,False,posebusters_benchmark::7JXX_VP7
posebusters_benchmark,7JY3_VUD,7jy3,Boltz-1 full receptor r1/s20,cofolding,True,True,False,25.24430589694776,results/posebench_702_predictions/boltz1_gpu/posebusters_benchmark/7JY3_VUD/full_r1_s20/boltz_results_7JY3_VUD_boltz1/predictions/7JY3_VUD_boltz1/7JY3_VUD_boltz1_model_0.cif,0.6067991256713867,0.4252603948116302,22.622761131088915,8.773391419520928,1.0,27.0,1.0,0.2842105263157894,False,False,posebusters_benchmark::7JY3_VUD
posebusters_benchmark,7K0V_VQP,7k0v,Boltz-1 full receptor r1/s20,cofolding,True,True,False,14.505270059619209,results/posebench_702_predictions/boltz1_gpu/posebusters_benchmark/7K0V_VQP/full_r1_s20/boltz_results_7K0V_VQP_boltz1/predictions/7K0V_VQP_boltz1/7K0V_VQP_boltz1_model_0.cif,0.3349369764328003,0.2428123354911804,28.229516983155914,15.251389234326002,1.0,32.0,0.0,0.2524271844660194,False,False,posebusters_benchmark::7K0V_VQP
posebusters_benchmark,7K41_VUA,7k41,Boltz-1 full receptor r1/s20,cofolding,True,True,False,4.961296331258632,results/posebench_702_predictions/boltz1_gpu/posebusters_benchmark/7K41_VUA/full_r1_s20/boltz_results_7K41_VUA_boltz1/predictions/7K41_VUA_boltz1/7K41_VUA_boltz1_model_0.cif,0.4555082023143768,0.5387076139450073,18.389678923100018,10.392475734597914,1.0,22.0,0.0,0.4107142857142857,False,False,posebusters_benchmark::7K41_VUA
posebusters_benchmark,7KB1_WBJ,7kb1,Boltz-1 full receptor r1/s20,cofolding,True,False,False,,,,,,,0.0,22.0,0.0,1.0,True,False,posebusters_benchmark::7KB1_WBJ
posebusters_benchmark,7KC5_BJZ,7kc5,Boltz-1 full receptor r1/s20,cofolding,True,True,False,37.08747847301304,results/posebench_702_predictions/boltz1_gpu/posebusters_benchmark/7KC5_BJZ/full_r1_s20/boltz_results_7KC5_BJZ_boltz1/predictions/7KC5_BJZ_boltz1/7KC5_BJZ_boltz1_model_0.cif,0.4632321000099182,0.3949609398841858,15.523532462975904,3.8745301983102793,1.0,37.0,2.0,0.2906976744186046,False,False,posebusters_benchmark::7KC5_BJZ
posebusters_benchmark,7KFO_IAC,7kfo,Boltz-1 full receptor r1/s20,cofolding,True,True,False,6.131255106963317,results/posebench_702_predictions/boltz1_gpu/posebusters_benchmark/7KFO_IAC/full_r1_s20/boltz_results_7KFO_IAC_boltz1/predictions/7KFO_IAC_boltz1/7KFO_IAC_boltz1_model_0.cif,0.5645410418510437,0.6549829840660095,11.576009891631871,9.68474228203987,1.0,13.0,0.0,0.75,True,False,posebusters_benchmark::7KFO_IAC
posebusters_benchmark,7KLX_WOV,7klx,Boltz-1 full receptor r1/s20,cofolding,True,True,False,25.9462145021688,results/posebench_702_predictions/boltz1_gpu/posebusters_benchmark/7KLX_WOV/full_r1_s20/boltz_results_7KLX_WOV_boltz1/predictions/7KLX_WOV_boltz1/7KLX_WOV_boltz1_model_0.cif,0.4039210975170135,0.3964441120624542,12.015417947763854,6.580230441138901,1.0,17.0,0.0,0.3333333333333333,False,False,posebusters_benchmark::7KLX_WOV
posebusters_benchmark,7KM8_WPD,7km8,Boltz-1 full receptor r1/s20,cofolding,True,True,False,9.190976029740744,results/posebench_702_predictions/boltz1_gpu/posebusters_benchmark/7KM8_WPD/full_r1_s20/boltz_results_7KM8_WPD_boltz1/predictions/7KM8_WPD_boltz1/7KM8_WPD_boltz1_model_0.cif,0.3685426414012909,0.5244513750076294,21.11823891337965,17.201171954221806,1.0,29.0,1.0,0.4444444444444444,True,False,posebusters_benchmark::7KM8_WPD
posebusters_benchmark,7KP6_WTP,7kp6,Boltz-1 full receptor r1/s20,cofolding,True,True,False,10.261905766527509,results/posebench_702_predictions/boltz1_gpu/posebusters_benchmark/7KP6_WTP/full_r1_s20/boltz_results_7KP6_WTP_boltz1/predictions/7KP6_WTP_boltz1/7KP6_WTP_boltz1_model_0.cif,0.29738250374794,0.2907045483589172,26.60180685611957,14.233756783028852,1.0,28.0,1.0,1.0,True,False,posebusters_benchmark::7KP6_WTP
posebusters_benchmark,7KQU_YOF,7kqu,Boltz-1 full receptor r1/s20,cofolding,True,True,False,10.862040821702134,results/posebench_702_predictions/boltz1_gpu/posebusters_benchmark/7KQU_YOF/full_r1_s20/boltz_results_7KQU_YOF_boltz1/predictions/7KQU_YOF_boltz1/7KQU_YOF_boltz1_model_0.cif,0.3174708783626556,0.4290304780006408,20.09903906770896,12.33723955752871,1.0,14.0,1.0,0.5128205128205128,True,False,posebusters_benchmark::7KQU_YOF
posebusters_benchmark,7KRU_ATP,7kru,Boltz-1 full receptor r1/s20,cofolding,True,True,False,18.35761605378338,results/posebench_702_predictions/boltz1_gpu/posebusters_benchmark/7KRU_ATP/full_r1_s20/boltz_results_7KRU_ATP_boltz1/predictions/7KRU_ATP_boltz1/7KRU_ATP_boltz1_model_0.cif,0.4180853962898254,0.5600050091743469,34.59877322806257,14.144647778733765,1.0,31.0,6.0,1.0,True,False,posebusters_benchmark::7KRU_ATP
posebusters_benchmark,7KZ9_XN7,7kz9,Boltz-1 full receptor r1/s20,cofolding,True,True,False,6.374171214165263,results/posebench_702_predictions/boltz1_gpu/posebusters_benchmark/7KZ9_XN7/full_r1_s20/boltz_results_7KZ9_XN7_boltz1/predictions/7KZ9_XN7_boltz1/7KZ9_XN7_boltz1_model_0.cif,0.3638976514339447,0.3190890252590179,31.039344418597363,14.24160851425583,1.0,11.0,0.0,0.25,False,False,posebusters_benchmark::7KZ9_XN7
posebusters_benchmark,7L00_XCJ,7l00,Boltz-1 full receptor r1/s20,cofolding,True,True,False,15.994494223326331,results/posebench_702_predictions/boltz1_gpu/posebusters_benchmark/7L00_XCJ/full_r1_s20/boltz_results_7L00_XCJ_boltz1/predictions/7L00_XCJ_boltz1/7L00_XCJ_boltz1_model_0.cif,0.4454599320888519,0.3440420925617218,31.72323426203978,12.481185209861556,1.0,27.0,0.0,1.0,True,True,posebusters_benchmark::7L00_XCJ
posebusters_benchmark,7L03_F9F,7l03,Boltz-1 full receptor r1/s20,cofolding,True,True,False,7.521792592211394,results/posebench_702_predictions/boltz1_gpu/posebusters_benchmark/7L03_F9F/full_r1_s20/boltz_results_7L03_F9F_boltz1/predictions/7L03_F9F_boltz1/7L03_F9F_boltz1_model_0.cif,0.4817371070384979,0.6915568113327026,18.472921649013028,10.586911204990749,1.0,22.0,0.0,1.0,True,False,posebusters_benchmark::7L03_F9F
posebusters_benchmark,7L5F_XNG,7l5f,Boltz-1 full receptor r1/s20,cofolding,True,True,False,7.559585788867417,results/posebench_702_predictions/boltz1_gpu/posebusters_benchmark/7L5F_XNG/full_r1_s20/boltz_results_7L5F_XNG_boltz1/predictions/7L5F_XNG_boltz1/7L5F_XNG_boltz1_model_0.cif,0.3783015310764313,0.3151580989360809,14.637909568598714,12.242730433479911,1.0,18.0,0.0,0.6538461538461539,False,False,posebusters_benchmark::7L5F_XNG
posebusters_benchmark,7L6D_BMF,7l6d,Boltz-1 full receptor r1/s20,cofolding,True,True,False,12.98012107266064,results/posebench_702_predictions/boltz1_gpu/posebusters_benchmark/7L6D_BMF/full_r1_s20/boltz_results_7L6D_BMF_boltz1/predictions/7L6D_BMF_boltz1/7L6D_BMF_boltz1_model_0.cif,0.6584262847900391,0.421159952878952,8.083592323507748,4.566671911934015,1.0,28.0,0.0,0.2446808510638297,False,False,posebusters_benchmark::7L6D_BMF
posebusters_benchmark,7L7C_XQ1,7l7c,Boltz-1 full receptor r1/s20,cofolding,True,True,False,14.820090853253117,results/posebench_702_predictions/boltz1_gpu/posebusters_benchmark/7L7C_XQ1/full_r1_s20/boltz_results_7L7C_XQ1_boltz1/predictions/7L7C_XQ1_boltz1/7L7C_XQ1_boltz1_model_0.cif,0.3599275648593902,0.182732492685318,18.56289330014461,11.494484426574653,1.0,21.0,0.0,0.4893617021276595,False,False,posebusters_benchmark::7L7C_XQ1
posebusters_benchmark,7L81_UD4,7l81,Boltz-1 full receptor r1/s20,cofolding,True,True,False,7.840171398246725,results/posebench_702_predictions/boltz1_gpu/posebusters_benchmark/7L81_UD4/full_r1_s20/boltz_results_7L81_UD4_boltz1/predictions/7L81_UD4_boltz1/7L81_UD4_boltz1_model_0.cif,0.4464785158634186,0.3789420127868652,11.115346953829766,5.267708343500551,1.0,38.0,11.0,0.7972972972972973,True,False,posebusters_benchmark::7L81_UD4
posebusters_benchmark,7LB3_XXS,7lb3,Boltz-1 full receptor r1/s20,cofolding,True,True,False,11.260038428171145,results/posebench_702_predictions/boltz1_gpu/posebusters_benchmark/7LB3_XXS/full_r1_s20/boltz_results_7LB3_XXS_boltz1/predictions/7LB3_XXS_boltz1/7LB3_XXS_boltz1_model_0.cif,0.4543900489807129,0.2591284215450287,13.35986456351422,10.083760175360831,1.0,29.0,2.0,0.3440860215053763,False,False,posebusters_benchmark::7LB3_XXS
posebusters_benchmark,7LCU_XTA,7lcu,Boltz-1 full receptor r1/s20,cofolding,True,True,False,13.386426089768433,results/posebench_702_predictions/boltz1_gpu/posebusters_benchmark/7LCU_XTA/full_r1_s20/boltz_results_7LCU_XTA_boltz1/predictions/7LCU_XTA_boltz1/7LCU_XTA_boltz1_model_0.cif,0.4001294076442718,0.4592523574829101,24.076566498888795,7.906578480118491,1.0,39.0,0.0,0.2702702702702703,False,False,posebusters_benchmark::7LCU_XTA
posebusters_benchmark,7LEV_0JO,7lev,Boltz-1 full receptor r1/s20,cofolding,True,True,False,7.413660961244727,results/posebench_702_predictions/boltz1_gpu/posebusters_benchmark/7LEV_0JO/full_r1_s20/boltz_results_7LEV_0JO_boltz1/predictions/7LEV_0JO_boltz1/7LEV_0JO_boltz1_model_0.cif,0.4352010190486908,0.541368305683136,18.54275495713096,11.67551076698224,1.0,21.0,0.0,1.0,True,False,posebusters_benchmark::7LEV_0JO
posebusters_benchmark,7LJN_GTP,7ljn,Boltz-1 full receptor r1/s20,cofolding,True,False,False,,,,,,,0.0,32.0,6.0,1.0,True,False,posebusters_benchmark::7LJN_GTP
posebusters_benchmark,7LMO_NYO,7lmo,Boltz-1 full receptor r1/s20,cofolding,True,True,False,12.308677681048229,results/posebench_702_predictions/boltz1_gpu/posebusters_benchmark/7LMO_NYO/full_r1_s20/boltz_results_7LMO_NYO_boltz1/predictions/7LMO_NYO_boltz1/7LMO_NYO_boltz1_model_0.cif,0.8055476546287537,0.4456133246421814,5.224016816048763,1.7600012371966791,1.0,37.0,1.0,0.2568807339449541,False,False,posebusters_benchmark::7LMO_NYO
posebusters_benchmark,7LOE_Y84,7loe,Boltz-1 full receptor r1/s20,cofolding,True,True,False,2.2529920410702173,results/posebench_702_predictions/boltz1_gpu/posebusters_benchmark/7LOE_Y84/full_r1_s20/boltz_results_7LOE_Y84_boltz1/predictions/7LOE_Y84_boltz1/7LOE_Y84_boltz1_model_0.cif,0.9231781959533693,0.7924918532371521,0.6128107975495657,0.4836685804929309,1.0,11.0,0.0,0.3142857142857143,True,False,posebusters_benchmark::7LOE_Y84
posebusters_benchmark,7LOU_IFM,7lou,Boltz-1 full receptor r1/s20,cofolding,True,True,False,6.441144910454117,results/posebench_702_predictions/boltz1_gpu/posebusters_benchmark/7LOU_IFM/full_r1_s20/boltz_results_7LOU_IFM_boltz1/predictions/7LOU_IFM_boltz1/7LOU_IFM_boltz1_model_0.cif,0.3526749312877655,0.5527180433273315,33.161148113850935,13.37016437760231,1.0,10.0,3.0,0.4814814814814814,True,False,posebusters_benchmark::7LOU_IFM
posebusters_benchmark,7LT0_ONJ,7lt0,Boltz-1 full receptor r1/s20,cofolding,True,True,False,9.44407653730339,results/posebench_702_predictions/boltz1_gpu/posebusters_benchmark/7LT0_ONJ/full_r1_s20/boltz_results_7LT0_ONJ_boltz1/predictions/7LT0_ONJ_boltz1/7LT0_ONJ_boltz1_model_0.cif,0.4739877879619598,0.4523337185382843,14.61540002911653,10.984915567297104,1.0,27.0,0.0,0.3661971830985915,False,False,posebusters_benchmark::7LT0_ONJ
posebusters_benchmark,7LZD_YHY,7lzd,Boltz-1 full receptor r1/s20,cofolding,True,True,False,13.703559852954976,results/posebench_702_predictions/boltz1_gpu/posebusters_benchmark/7LZD_YHY/full_r1_s20/boltz_results_7LZD_YHY_boltz1/predictions/7LZD_YHY_boltz1/7LZD_YHY_boltz1_model_0.cif,0.3280163109302521,0.2267865389585495,18.659728271705387,13.780042580585512,1.0,29.0,0.0,0.3103448275862069,False,False,posebusters_benchmark::7LZD_YHY
posebusters_benchmark,7LZQ_YJV,7lzq,Boltz-1 full receptor r1/s20,cofolding,True,True,False,9.647258560047613,results/posebench_702_predictions/boltz1_gpu/posebusters_benchmark/7LZQ_YJV/full_r1_s20/boltz_results_7LZQ_YJV_boltz1/predictions/7LZQ_YJV_boltz1/7LZQ_YJV_boltz1_model_0.cif,0.4767272174358368,0.3077538609504699,16.133886868478232,8.95352490356507,1.0,22.0,0.0,0.4677419354838709,False,False,posebusters_benchmark::7LZQ_YJV
posebusters_benchmark,7M31_TDR,7m31,Boltz-1 full receptor r1/s20,cofolding,True,False,False,,,,,,,0.0,9.0,0.0,1.0,True,False,posebusters_benchmark::7M31_TDR
posebusters_benchmark,7M3H_YPV,7m3h,Boltz-1 full receptor r1/s20,cofolding,True,True,False,11.606253780523044,results/posebench_702_predictions/boltz1_gpu/posebusters_benchmark/7M3H_YPV/full_r1_s20/boltz_results_7M3H_YPV_boltz1/predictions/7M3H_YPV_boltz1/7M3H_YPV_boltz1_model_0.cif,0.3221778869628906,0.2779812514781952,30.617512327318583,20.795025905436056,1.0,24.0,0.0,0.6875,True,False,posebusters_benchmark::7M3H_YPV
posebusters_benchmark,7M41_YQG,7m41,Boltz-1 full receptor r1/s20,cofolding,True,True,False,47.61205684772049,results/posebench_702_predictions/boltz1_gpu/posebusters_benchmark/7M41_YQG/full_r1_s20/boltz_results_7M41_YQG_boltz1/predictions/7M41_YQG_boltz1/7M41_YQG_boltz1_model_0.cif,0.4693727493286133,0.2604151666164398,11.625447201269967,9.483945940269278,1.0,32.0,0.0,0.233009708737864,False,False,posebusters_benchmark::7M41_YQG
posebusters_benchmark,7M6K_YRJ,7m6k,Boltz-1 full receptor r1/s20,cofolding,True,True,False,18.82764061497935,results/posebench_702_predictions/boltz1_gpu/posebusters_benchmark/7M6K_YRJ/full_r1_s20/boltz_results_7M6K_YRJ_boltz1/predictions/7M6K_YRJ_boltz1/7M6K_YRJ_boltz1_model_0.cif,0.3176035583019256,0.2438389509916305,21.04906487664298,14.007680053401655,1.0,33.0,4.0,0.35,False,False,posebusters_benchmark::7M6K_YRJ
posebusters_benchmark,7MAE_XUS,7mae,Boltz-1 full receptor r1/s20,cofolding,True,True,False,9.392795181190344,results/posebench_702_predictions/boltz1_gpu/posebusters_benchmark/7MAE_XUS/full_r1_s20/boltz_results_7MAE_XUS_boltz1/predictions/7MAE_XUS_boltz1/7MAE_XUS_boltz1_model_0.cif,0.5197104215621948,0.5331165194511414,6.688960953566686,8.175887405741056,1.0,49.0,6.0,0.7142857142857143,True,False,posebusters_benchmark::7MAE_XUS
posebusters_benchmark,7MEU_MGP,7meu,Boltz-1 full receptor r1/s20,cofolding,True,True,False,6.656446850406843,results/posebench_702_predictions/boltz1_gpu/posebusters_benchmark/7MEU_MGP/full_r1_s20/boltz_results_7MEU_MGP_boltz1/predictions/7MEU_MGP_boltz1/7MEU_MGP_boltz1_model_0.cif,0.4053539335727691,0.5347200036048889,18.68678598216507,14.39930442801936,1.0,33.0,6.0,1.0,True,False,posebusters_benchmark::7MEU_MGP
posebusters_benchmark,7MFP_Z7P,7mfp,Boltz-1 full receptor r1/s20,cofolding,True,False,False,,,,,,,0.0,50.0,11.0,0.5555555555555556,False,False,posebusters_benchmark::7MFP_Z7P
posebusters_benchmark,7MGT_ZD4,7mgt,Boltz-1 full receptor r1/s20,cofolding,True,True,False,8.679313619663482,results/posebench_702_predictions/boltz1_gpu/posebusters_benchmark/7MGT_ZD4/full_r1_s20/boltz_results_7MGT_ZD4_boltz1/predictions/7MGT_ZD4_boltz1/7MGT_ZD4_boltz1_model_0.cif,0.3829149603843689,0.3824385702610016,22.00260724103985,13.97199302725006,1.0,28.0,5.0,1.0,True,True,posebusters_benchmark::7MGT_ZD4
posebusters_benchmark,7MGY_ZD1,7mgy,Boltz-1 full receptor r1/s20,cofolding,True,False,False,,,,,,,0.0,23.0,9.0,0.4651162790697674,False,False,posebusters_benchmark::7MGY_ZD1
posebusters_benchmark,7MMH_ZJY,7mmh,Boltz-1 full receptor r1/s20,cofolding,True,True,False,6.951020603986304,results/posebench_702_predictions/boltz1_gpu/posebusters_benchmark/7MMH_ZJY/full_r1_s20/boltz_results_7MMH_ZJY_boltz1/predictions/7MMH_ZJY_boltz1/7MMH_ZJY_boltz1_model_0.cif,0.8835746645927429,0.968039333820343,6.550034258340353,1.1942261481364411,1.0,57.0,5.0,0.218978102189781,False,False,posebusters_benchmark::7MMH_ZJY
posebusters_benchmark,7MOI_HPS,7moi,Boltz-1 full receptor r1/s20,cofolding,True,True,False,13.069127441448869,results/posebench_702_predictions/boltz1_gpu/posebusters_benchmark/7MOI_HPS/full_r1_s20/boltz_results_7MOI_HPS_boltz1/predictions/7MOI_HPS_boltz1/7MOI_HPS_boltz1_model_0.cif,0.5126746296882629,0.5607175230979919,17.533834643901095,12.73897929166654,1.0,11.0,0.0,0.3793103448275862,True,False,posebusters_benchmark::7MOI_HPS
posebusters_benchmark,7MRH_ZMJ,7mrh,Boltz-1 full receptor r1/s20,cofolding,True,True,False,15.849905100796976,results/posebench_702_predictions/boltz1_gpu/posebusters_benchmark/7MRH_ZMJ/full_r1_s20/boltz_results_7MRH_ZMJ_boltz1/predictions/7MRH_ZMJ_boltz1/7MRH_ZMJ_boltz1_model_0.cif,0.4068169295787811,0.3327922523021698,15.658621583709108,9.060357554977614,1.0,24.0,0.0,0.2835820895522388,False,False,posebusters_benchmark::7MRH_ZMJ
posebusters_benchmark,7MS7_ZQ1,7ms7,Boltz-1 full receptor r1/s20,cofolding,True,True,False,7.954495932184772,results/posebench_702_predictions/boltz1_gpu/posebusters_benchmark/7MS7_ZQ1/full_r1_s20/boltz_results_7MS7_ZQ1_boltz1/predictions/7MS7_ZQ1_boltz1/7MS7_ZQ1_boltz1_model_0.cif,0.4404846727848053,0.2688939571380615,17.199345880911554,7.025876482098168,1.0,29.0,0.0,0.3205128205128205,False,False,posebusters_benchmark::7MS7_ZQ1
posebusters_benchmark,7MSR_DCA,7msr,Boltz-1 full receptor r1/s20,cofolding,True,True,False,14.17796103415495,results/posebench_702_predictions/boltz1_gpu/posebusters_benchmark/7MSR_DCA/full_r1_s20/boltz_results_7MSR_DCA_boltz1/predictions/7MSR_DCA_boltz1/7MSR_DCA_boltz1_model_0.cif,0.3811956346035003,0.3992154002189636,18.841154600578477,9.848948156780615,1.0,47.0,7.0,0.8941176470588236,True,False,posebusters_benchmark::7MSR_DCA
posebusters_benchmark,7MWN_WI5,7mwn,Boltz-1 full receptor r1/s20,cofolding,True,True,False,19.77414970732248,results/posebench_702_predictions/boltz1_gpu/posebusters_benchmark/7MWN_WI5/full_r1_s20/boltz_results_7MWN_WI5_boltz1/predictions/7MWN_WI5_boltz1/7MWN_WI5_boltz1_model_0.cif,0.3138931095600128,0.2752724587917328,22.30943191113008,11.095797131998042,1.0,32.0,1.0,1.0,True,True,posebusters_benchmark::7MWN_WI5
posebusters_benchmark,7MWU_ZPM,7mwu,Boltz-1 full receptor r1/s20,cofolding,True,True,False,5.044123488161236,results/posebench_702_predictions/boltz1_gpu/posebusters_benchmark/7MWU_ZPM/full_r1_s20/boltz_results_7MWU_ZPM_boltz1/predictions/7MWU_ZPM_boltz1/7MWU_ZPM_boltz1_model_0.cif,0.4997223913669586,0.4976075887680053,22.34949886946509,5.732458071503003,1.0,7.0,0.0,1.0,True,True,posebusters_benchmark::7MWU_ZPM
posebusters_benchmark,7MY1_IPE,7my1,Boltz-1 full receptor r1/s20,cofolding,True,True,False,12.928966618150088,results/posebench_702_predictions/boltz1_gpu/posebusters_benchmark/7MY1_IPE/full_r1_s20/boltz_results_7MY1_IPE_boltz1/predictions/7MY1_IPE_boltz1/7MY1_IPE_boltz1_model_0.cif,0.4241044223308563,0.5753562450408936,18.86484198498708,13.315080742195308,1.0,14.0,1.0,1.0,False,False,posebusters_benchmark::7MY1_IPE
posebusters_benchmark,7MYU_ZR7,7myu,Boltz-1 full receptor r1/s20,cofolding,True,True,False,13.09214965787828,results/posebench_702_predictions/boltz1_gpu/posebusters_benchmark/7MYU_ZR7/full_r1_s20/boltz_results_7MYU_ZR7_boltz1/predictions/7MYU_ZR7_boltz1/7MYU_ZR7_boltz1_model_0.cif,0.2859205305576324,0.6303299069404602,27.61990608158712,13.106152819277415,1.0,35.0,2.0,0.2307692307692307,False,False,posebusters_benchmark::7MYU_ZR7
posebusters_benchmark,7MZS_GLA,7mzs,Boltz-1 full receptor r1/s20,cofolding,True,True,False,5.4654521405827525,results/posebench_702_predictions/boltz1_gpu/posebusters_benchmark/7MZS_GLA/full_r1_s20/boltz_results_7MZS_GLA_boltz1/predictions/7MZS_GLA_boltz1/7MZS_GLA_boltz1_model_0.cif,0.4838437736034393,0.3760016858577728,13.82374796848926,9.524428295874213,1.0,12.0,5.0,1.0,True,False,posebusters_benchmark::7MZS_GLA
posebusters_benchmark,7N03_ZRP,7n03,Boltz-1 full receptor r1/s20,cofolding,True,True,False,12.97695355600204,results/posebench_702_predictions/boltz1_gpu/posebusters_benchmark/7N03_ZRP/full_r1_s20/boltz_results_7N03_ZRP_boltz1/predictions/7N03_ZRP_boltz1/7N03_ZRP_boltz1_model_0.cif,0.4492467939853668,0.2676008641719818,15.660720290006592,13.225129880835112,1.0,28.0,0.0,0.2857142857142857,True,False,posebusters_benchmark::7N03_ZRP
posebusters_benchmark,7N4N_0BK,7n4n,Boltz-1 full receptor r1/s20,cofolding,True,True,False,8.70664472489262,results/posebench_702_predictions/boltz1_gpu/posebusters_benchmark/7N4N_0BK/full_r1_s20/boltz_results_7N4N_0BK_boltz1/predictions/7N4N_0BK_boltz1/7N4N_0BK_boltz1_model_0.cif,0.4473000168800354,0.5810317397117615,22.505233673808167,12.68592807926414,1.0,32.0,2.0,0.2475247524752475,False,False,posebusters_benchmark::7N4N_0BK
posebusters_benchmark,7N4W_P4V,7n4w,Boltz-1 full receptor r1/s20,cofolding,True,True,False,6.490380836910695,results/posebench_702_predictions/boltz1_gpu/posebusters_benchmark/7N4W_P4V/full_r1_s20/boltz_results_7N4W_P4V_boltz1/predictions/7N4W_P4V_boltz1/7N4W_P4V_boltz1_model_0.cif,0.4926958978176117,0.323354572057724,18.286133150818205,11.78080483077324,1.0,26.0,1.0,1.0,True,True,posebusters_benchmark::7N4W_P4V
posebusters_benchmark,7N6F_0I1,7n6f,Boltz-1 full receptor r1/s20,cofolding,True,True,False,9.8178647432542,results/posebench_702_predictions/boltz1_gpu/posebusters_benchmark/7N6F_0I1/full_r1_s20/boltz_results_7N6F_0I1_boltz1/predictions/7N6F_0I1_boltz1/7N6F_0I1_boltz1_model_0.cif,0.3842070698738098,0.3052925765514374,19.81114784201345,14.519717408962126,1.0,26.0,0.0,0.2807017543859649,False,False,posebusters_benchmark::7N6F_0I1
posebusters_benchmark,7N7B_T3F,7n7b,Boltz-1 full receptor r1/s20,cofolding,True,True,False,14.77327379544547,results/posebench_702_predictions/boltz1_gpu/posebusters_benchmark/7N7B_T3F/full_r1_s20/boltz_results_7N7B_T3F_boltz1/predictions/7N7B_T3F_boltz1/7N7B_T3F_boltz1_model_0.cif,0.4080720543861389,0.4258579015731811,25.007610534850727,13.072330114646398,1.0,35.0,10.0,0.8823529411764706,True,False,posebusters_benchmark::7N7B_T3F
posebusters_benchmark,7N7H_CTP,7n7h,Boltz-1 full receptor r1/s20,cofolding,True,True,False,12.19073309280198,results/posebench_702_predictions/boltz1_gpu/posebusters_benchmark/7N7H_CTP/full_r1_s20/boltz_results_7N7H_CTP_boltz1/predictions/7N7H_CTP_boltz1/7N7H_CTP_boltz1_model_0.cif,0.5205423831939697,0.6881875395774841,12.388594654077046,13.89472162596728,1.0,29.0,6.0,1.0,True,False,posebusters_benchmark::7N7H_CTP
posebusters_benchmark,7NA4_1I9,7na4,Boltz-1 full receptor r1/s20,cofolding,True,True,False,6.697383979765669,results/posebench_702_predictions/boltz1_gpu/posebusters_benchmark/7NA4_1I9/full_r1_s20/boltz_results_7NA4_1I9_boltz1/predictions/7NA4_1I9_boltz1/7NA4_1I9_boltz1_model_0.cif,0.936270236968994,0.9585112929344176,1.7155214891185224,1.971322373571319,1.0,38.0,2.0,0.2075471698113207,False,False,posebusters_benchmark::7NA4_1I9
posebusters_benchmark,7NB4_U6Q,7nb4,Boltz-1 full receptor r1/s20,cofolding,True,True,False,3.0187172047781514,results/posebench_702_predictions/boltz1_gpu/posebusters_benchmark/7NB4_U6Q/full_r1_s20/boltz_results_7NB4_U6Q_boltz1/predictions/7NB4_U6Q_boltz1/7NB4_U6Q_boltz1_model_0.cif,0.9466533064842224,0.9716761708259584,1.0684244594963286,0.4352135038614776,1.0,31.0,1.0,0.618421052631579,False,False,posebusters_benchmark::7NB4_U6Q
posebusters_benchmark,7NF0_BYN,7nf0,Boltz-1 full receptor r1/s20,cofolding,True,True,False,23.79600208032857,results/posebench_702_predictions/boltz1_gpu/posebusters_benchmark/7NF0_BYN/full_r1_s20/boltz_results_7NF0_BYN_boltz1/predictions/7NF0_BYN_boltz1/7NF0_BYN_boltz1_model_0.cif,0.2968804836273193,0.4282794594764709,29.27099480012276,13.555325906957975,1.0,37.0,4.0,0.4457831325301205,False,False,posebusters_benchmark::7NF0_BYN
posebusters_benchmark,7NF3_4LU,7nf3,Boltz-1 full receptor r1/s20,cofolding,True,True,False,8.77284896978053,results/posebench_702_predictions/boltz1_gpu/posebusters_benchmark/7NF3_4LU/full_r1_s20/boltz_results_7NF3_4LU_boltz1/predictions/7NF3_4LU_boltz1/7NF3_4LU_boltz1_model_0.cif,0.3874515891075134,0.4987138509750366,21.889446916547588,15.275739257154171,1.0,36.0,3.0,0.6027397260273972,False,False,posebusters_benchmark::7NF3_4LU
posebusters_benchmark,7NFB_GEN,7nfb,Boltz-1 full receptor r1/s20,cofolding,True,True,False,16.25270879588511,results/posebench_702_predictions/boltz1_gpu/posebusters_benchmark/7NFB_GEN/full_r1_s20/boltz_results_7NFB_GEN_boltz1/predictions/7NFB_GEN_boltz1/7NFB_GEN_boltz1_model_0.cif,0.3746063411235809,0.2413651943206787,19.73932213011193,10.13317788390157,1.0,20.0,0.0,0.5609756097560976,True,False,posebusters_benchmark::7NFB_GEN
posebusters_benchmark,7NGW_UAW,7ngw,Boltz-1 full receptor r1/s20,cofolding,True,True,False,11.553161655871277,results/posebench_702_predictions/boltz1_gpu/posebusters_benchmark/7NGW_UAW/full_r1_s20/boltz_results_7NGW_UAW_boltz1/predictions/7NGW_UAW_boltz1/7NGW_UAW_boltz1_model_0.cif,0.5192221999168396,0.2905880510807037,14.563105931110936,7.831834778818106,1.0,17.0,0.0,1.0,True,True,posebusters_benchmark::7NGW_UAW
posebusters_benchmark,7NLK_UHK,7nlk,Boltz-1 full receptor r1/s20,cofolding,True,True,False,25.48309116575356,results/posebench_702_predictions/boltz1_gpu/posebusters_benchmark/7NLK_UHK/full_r1_s20/boltz_results_7NLK_UHK_boltz1/predictions/7NLK_UHK_boltz1/7NLK_UHK_boltz1_model_0.cif,0.2975110411643982,0.6711183190345764,19.887592111086263,9.244776160596563,1.0,16.0,1.0,1.0,True,True,posebusters_benchmark::7NLK_UHK
posebusters_benchmark,7NLV_UJE,7nlv,Boltz-1 full receptor r1/s20,cofolding,True,True,False,26.011453760680133,results/posebench_702_predictions/boltz1_gpu/posebusters_benchmark/7NLV_UJE/full_r1_s20/boltz_results_7NLV_UJE_boltz1/predictions/7NLV_UJE_boltz1/7NLV_UJE_boltz1_model_0.cif,0.4024819433689117,0.2238141745328903,21.016383674474543,6.549215926194962,1.0,21.0,4.0,1.0,True,True,posebusters_benchmark::7NLV_UJE
posebusters_benchmark,7NML_I7B,7nml,Boltz-1 full receptor r1/s20,cofolding,True,True,False,40.54309439357203,results/posebench_702_predictions/boltz1_gpu/posebusters_benchmark/7NML_I7B/full_r1_s20/boltz_results_7NML_I7B_boltz1/predictions/7NML_I7B_boltz1/7NML_I7B_boltz1_model_0.cif,0.7276905179023743,0.541701078414917,2.065835923519381,0.8020885211915293,1.0,16.0,0.0,1.0,True,False,posebusters_benchmark::7NML_I7B
posebusters_benchmark,7NP6_UK8,7np6,Boltz-1 full receptor r1/s20,cofolding,True,True,False,8.968612400039216,results/posebench_702_predictions/boltz1_gpu/posebusters_benchmark/7NP6_UK8/full_r1_s20/boltz_results_7NP6_UK8_boltz1/predictions/7NP6_UK8_boltz1/7NP6_UK8_boltz1_model_0.cif,0.4149745404720306,0.3068156242370605,19.237397815852404,8.653415792498688,1.0,32.0,0.0,0.2988505747126437,False,False,posebusters_benchmark::7NP6_UK8
posebusters_benchmark,7NPL_UKZ,7npl,Boltz-1 full receptor r1/s20,cofolding,True,True,False,7.584356407516346,results/posebench_702_predictions/boltz1_gpu/posebusters_benchmark/7NPL_UKZ/full_r1_s20/boltz_results_7NPL_UKZ_boltz1/predictions/7NPL_UKZ_boltz1/7NPL_UKZ_boltz1_model_0.cif,0.3450823724269867,0.2945719361305237,22.55566258067716,14.091516005433206,1.0,27.0,2.0,0.25,False,False,posebusters_benchmark::7NPL_UKZ
posebusters_benchmark,7NR6_UO8,7nr6,Boltz-1 full receptor r1/s20,cofolding,True,True,False,9.3219112559709,results/posebench_702_predictions/boltz1_gpu/posebusters_benchmark/7NR6_UO8/full_r1_s20/boltz_results_7NR6_UO8_boltz1/predictions/7NR6_UO8_boltz1/7NR6_UO8_boltz1_model_0.cif,0.3396231532096863,0.3266348540782928,16.140873656053618,13.66732395382977,1.0,17.0,0.0,1.0,True,True,posebusters_benchmark::7NR6_UO8
posebusters_benchmark,7NR8_UOE,7nr8,Boltz-1 full receptor r1/s20,cofolding,True,True,False,16.047563655935868,results/posebench_702_predictions/boltz1_gpu/posebusters_benchmark/7NR8_UOE/full_r1_s20/boltz_results_7NR8_UOE_boltz1/predictions/7NR8_UOE_boltz1/7NR8_UOE_boltz1_model_0.cif,0.3612339794635772,0.2888880968093872,20.3619629521952,14.376606807554744,1.0,45.0,2.0,1.0,True,True,posebusters_benchmark::7NR8_UOE
posebusters_benchmark,7NSW_HC4,7nsw,Boltz-1 full receptor r1/s20,cofolding,True,True,False,10.436216663718636,results/posebench_702_predictions/boltz1_gpu/posebusters_benchmark/7NSW_HC4/full_r1_s20/boltz_results_7NSW_HC4_boltz1/predictions/7NSW_HC4_boltz1/7NSW_HC4_boltz1_model_0.cif,0.4042948782444,0.5080425143241882,24.527140176203066,13.276286751388673,1.0,12.0,0.0,0.53125,True,False,posebusters_benchmark::7NSW_HC4
posebusters_benchmark,7NTG_F6R,7ntg,Boltz-1 full receptor r1/s20,cofolding,True,True,False,6.591968054906274,results/posebench_702_predictions/boltz1_gpu/posebusters_benchmark/7NTG_F6R/full_r1_s20/boltz_results_7NTG_F6R_boltz1/predictions/7NTG_F6R_boltz1/7NTG_F6R_boltz1_model_0.cif,0.4597213864326477,0.4993129968643188,18.99680778919768,9.662961170499676,1.0,16.0,3.0,1.0,False,False,posebusters_benchmark::7NTG_F6R
posebusters_benchmark,7NU0_DCL,7nu0,Boltz-1 full receptor r1/s20,cofolding,True,True,False,6.664820872866851,results/posebench_702_predictions/boltz1_gpu/posebusters_benchmark/7NU0_DCL/full_r1_s20/boltz_results_7NU0_DCL_boltz1/predictions/7NU0_DCL_boltz1/7NU0_DCL_boltz1_model_0.cif,0.4215796887874603,0.6369748711585999,31.173870784758773,11.825817049323174,1.0,8.0,1.0,1.0,False,True,posebusters_benchmark::7NU0_DCL
posebusters_benchmark,7NUT_GLP,7nut,Boltz-1 full receptor r1/s20,cofolding,True,True,False,6.292103301460941,results/posebench_702_predictions/boltz1_gpu/posebusters_benchmark/7NUT_GLP/full_r1_s20/boltz_results_7NUT_GLP_boltz1/predictions/7NUT_GLP_boltz1/7NUT_GLP_boltz1_model_0.cif,0.3550063967704773,0.5624271035194397,24.9704633105235,11.494301603857792,1.0,16.0,5.0,0.71875,True,False,posebusters_benchmark::7NUT_GLP
posebusters_benchmark,7NXO_UU8,7nxo,Boltz-1 full receptor r1/s20,cofolding,True,True,False,13.091885678527332,results/posebench_702_predictions/boltz1_gpu/posebusters_benchmark/7NXO_UU8/full_r1_s20/boltz_results_7NXO_UU8_boltz1/predictions/7NXO_UU8_boltz1/7NXO_UU8_boltz1_model_0.cif,0.3090516328811645,0.4649277925491333,21.644307629234465,15.348133194874023,1.0,34.0,0.0,0.2738095238095238,False,False,posebusters_benchmark::7NXO_UU8
posebusters_benchmark,7O0N_CDP,7o0n,Boltz-1 full receptor r1/s20,cofolding,True,True,False,11.170014383982195,results/posebench_702_predictions/boltz1_gpu/posebusters_benchmark/7O0N_CDP/full_r1_s20/boltz_results_7O0N_CDP_boltz1/predictions/7O0N_CDP_boltz1/7O0N_CDP_boltz1_model_0.cif,0.3563682734966278,0.3899937868118286,22.168141002100977,12.166588337705798,1.0,25.0,5.0,1.0,True,False,posebusters_benchmark::7O0N_CDP
posebusters_benchmark,7O1T_5X8,7o1t,Boltz-1 full receptor r1/s20,cofolding,True,True,False,4.951811306622256,results/posebench_702_predictions/boltz1_gpu/posebusters_benchmark/7O1T_5X8/full_r1_s20/boltz_results_7O1T_5X8_boltz1/predictions/7O1T_5X8_boltz1/7O1T_5X8_boltz1_model_0.cif,0.6113348007202148,0.6002049446105957,10.165453114636348,7.69050602346559,1.0,25.0,5.0,0.8245614035087719,True,False,posebusters_benchmark::7O1T_5X8
posebusters_benchmark,7OCB_V88,7ocb,Boltz-1 full receptor r1/s20,cofolding,True,True,False,9.872722645931573,results/posebench_702_predictions/boltz1_gpu/posebusters_benchmark/7OCB_V88/full_r1_s20/boltz_results_7OCB_V88_boltz1/predictions/7OCB_V88_boltz1/7OCB_V88_boltz1_model_0.cif,0.4309609532356262,0.3452692329883575,17.112805111213383,9.540959028269704,1.0,41.0,0.0,0.5862068965517241,False,False,posebusters_benchmark::7OCB_V88
posebusters_benchmark,7ODX_DGP,7odx,Boltz-1 full receptor r1/s20,cofolding,True,True,False,7.716974856333082,results/posebench_702_predictions/boltz1_gpu/posebusters_benchmark/7ODX_DGP/full_r1_s20/boltz_results_7ODX_DGP_boltz1/predictions/7ODX_DGP_boltz1/7ODX_DGP_boltz1_model_0.cif,0.474172443151474,0.5615549683570862,16.386326015192992,12.400861706628907,1.0,23.0,3.0,0.847457627118644,True,False,posebusters_benchmark::7ODX_DGP
posebusters_benchmark,7ODY_DGI,7ody,Boltz-1 full receptor r1/s20,cofolding,True,True,False,10.66674352434806,results/posebench_702_predictions/boltz1_gpu/posebusters_benchmark/7ODY_DGI/full_r1_s20/boltz_results_7ODY_DGI_boltz1/predictions/7ODY_DGI_boltz1/7ODY_DGI_boltz1_model_0.cif,0.3612355291843414,0.2689006924629211,19.899819290474863,12.051259717151874,1.0,27.0,4.0,0.9824561403508772,True,False,posebusters_benchmark::7ODY_DGI
posebusters_benchmark,7OEO_V9Z,7oeo,Boltz-1 full receptor r1/s20,cofolding,True,True,False,10.438221807156946,results/posebench_702_predictions/boltz1_gpu/posebusters_benchmark/7OEO_V9Z/full_r1_s20/boltz_results_7OEO_V9Z_boltz1/predictions/7OEO_V9Z_boltz1/7OEO_V9Z_boltz1_model_0.cif,0.534235954284668,0.3911325633525848,7.575086445138148,5.712562935249409,1.0,32.0,0.0,0.2948717948717949,False,False,posebusters_benchmark::7OEO_V9Z
posebusters_benchmark,7OFF_VCB,7off,Boltz-1 full receptor r1/s20,cofolding,True,True,False,6.050032616706877,results/posebench_702_predictions/boltz1_gpu/posebusters_benchmark/7OFF_VCB/full_r1_s20/boltz_results_7OFF_VCB_boltz1/predictions/7OFF_VCB_boltz1/7OFF_VCB_boltz1_model_0.cif,0.8058555722236633,0.6740999221801758,1.2987252163233511,1.3754169527976057,1.0,27.0,1.0,0.3833333333333333,False,False,posebusters_benchmark::7OFF_VCB
posebusters_benchmark,7OFK_VCH,7ofk,Boltz-1 full receptor r1/s20,cofolding,True,True,False,16.363674661400022,results/posebench_702_predictions/boltz1_gpu/posebusters_benchmark/7OFK_VCH/full_r1_s20/boltz_results_7OFK_VCH_boltz1/predictions/7OFK_VCH_boltz1/7OFK_VCH_boltz1_model_0.cif,0.3878755271434784,0.3080200850963592,22.787697716484224,15.939653337103822,1.0,35.0,1.0,0.2873563218390804,False,False,posebusters_benchmark::7OFK_VCH
posebusters_benchmark,7OKC_VFE,7okc,Boltz-1 full receptor r1/s20,cofolding,True,True,False,8.162446830603,results/posebench_702_predictions/boltz1_gpu/posebusters_benchmark/7OKC_VFE/full_r1_s20/boltz_results_7OKC_VFE_boltz1/predictions/7OKC_VFE_boltz1/7OKC_VFE_boltz1_model_0.cif,0.5193880796432495,0.4664433300495147,15.712593412224557,10.472264046305384,1.0,29.0,0.0,1.0,True,True,posebusters_benchmark::7OKC_VFE
posebusters_benchmark,7OKF_VH5,7okf,Boltz-1 full receptor r1/s20,cofolding,True,True,False,14.985316323504131,results/posebench_702_predictions/boltz1_gpu/posebusters_benchmark/7OKF_VH5/full_r1_s20/boltz_results_7OKF_VH5_boltz1/predictions/7OKF_VH5_boltz1/7OKF_VH5_boltz1_model_0.cif,0.4642610251903534,0.2971064746379852,16.211865701885255,9.207311241266297,1.0,28.0,0.0,0.4691358024691358,False,False,posebusters_benchmark::7OKF_VH5
posebusters_benchmark,7OLI_8HG,7oli,Boltz-1 full receptor r1/s20,cofolding,True,True,False,21.41459431964641,results/posebench_702_predictions/boltz1_gpu/posebusters_benchmark/7OLI_8HG/full_r1_s20/boltz_results_7OLI_8HG_boltz1/predictions/7OLI_8HG_boltz1/7OLI_8HG_boltz1_model_0.cif,0.4271879196166992,0.7398076057434082,22.5404643831341,15.103080264132032,1.0,20.0,3.0,1.0,True,True,posebusters_benchmark::7OLI_8HG
posebusters_benchmark,7OLT_58J,7olt,Boltz-1 full receptor r1/s20,cofolding,True,True,False,8.590238858326053,results/posebench_702_predictions/boltz1_gpu/posebusters_benchmark/7OLT_58J/full_r1_s20/boltz_results_7OLT_58J_boltz1/predictions/7OLT_58J_boltz1/7OLT_58J_boltz1_model_0.cif,0.3752538859844208,0.3412252068519592,19.949855117130237,10.34045285296846,1.0,23.0,0.0,1.0,True,False,posebusters_benchmark::7OLT_58J
posebusters_benchmark,7OMJ_GCP,7omj,Boltz-1 full receptor r1/s20,cofolding,True,True,False,8.722030850424188,results/posebench_702_predictions/boltz1_gpu/posebusters_benchmark/7OMJ_GCP/full_r1_s20/boltz_results_7OMJ_GCP_boltz1/predictions/7OMJ_GCP_boltz1/7OMJ_GCP_boltz1_model_0.cif,0.6000421643257141,0.8350319266319275,14.616910211770367,7.29009842551088,1.0,32.0,6.0,1.0,True,False,posebusters_benchmark::7OMJ_GCP
posebusters_benchmark,7OMX_CNA,7omx,Boltz-1 full receptor r1/s20,cofolding,True,True,False,13.547822553736534,results/posebench_702_predictions/boltz1_gpu/posebusters_benchmark/7OMX_CNA/full_r1_s20/boltz_results_7OMX_CNA_boltz1/predictions/7OMX_CNA_boltz1/7OMX_CNA_boltz1_model_0.cif,0.3809469640254974,0.3127924501895904,18.47834506733174,15.486243078698376,1.0,44.0,10.0,0.735632183908046,False,False,posebusters_benchmark::7OMX_CNA
posebusters_benchmark,7OP9_06K,7op9,Boltz-1 full receptor r1/s20,cofolding,True,False,False,,,,,,,0.0,11.0,0.0,0.3783783783783784,True,False,posebusters_benchmark::7OP9_06K
posebusters_benchmark,7OPG_06N,7opg,Boltz-1 full receptor r1/s20,cofolding,True,True,False,15.796284697795125,results/posebench_702_predictions/boltz1_gpu/posebusters_benchmark/7OPG_06N/full_r1_s20/boltz_results_7OPG_06N_boltz1/predictions/7OPG_06N_boltz1/7OPG_06N_boltz1_model_0.cif,0.3257079720497131,0.2896254956722259,28.20534620854914,10.529077299204202,1.0,19.0,0.0,0.2835820895522388,False,False,posebusters_benchmark::7OPG_06N
posebusters_benchmark,7ORW_7WA,7orw,Boltz-1 full receptor r1/s20,cofolding,True,True,False,12.8608321426723,results/posebench_702_predictions/boltz1_gpu/posebusters_benchmark/7ORW_7WA/full_r1_s20/boltz_results_7ORW_7WA_boltz1/predictions/7ORW_7WA_boltz1/7ORW_7WA_boltz1_model_0.cif,0.4613663852214813,0.3220483064651489,13.978426868799415,11.622619327203145,1.0,10.0,0.0,0.4482758620689655,True,False,posebusters_benchmark::7ORW_7WA
posebusters_benchmark,7OSO_0V1,7oso,Boltz-1 full receptor r1/s20,cofolding,True,True,False,5.367189391975936,results/posebench_702_predictions/boltz1_gpu/posebusters_benchmark/7OSO_0V1/full_r1_s20/boltz_results_7OSO_0V1_boltz1/predictions/7OSO_0V1_boltz1/7OSO_0V1_boltz1_model_0.cif,0.592930793762207,0.6879152059555054,10.406961853692188,5.540726065208131,1.0,7.0,1.0,0.6111111111111112,False,False,posebusters_benchmark::7OSO_0V1
posebusters_benchmark,7OU8_1XI,7ou8,Boltz-1 full receptor r1/s20,cofolding,True,False,False,,,,,,,0.0,23.0,4.0,1.0,True,True,posebusters_benchmark::7OU8_1XI
posebusters_benchmark,7OZ9_NGK,7oz9,Boltz-1 full receptor r1/s20,cofolding,True,True,False,5.090088814226311,results/posebench_702_predictions/boltz1_gpu/posebusters_benchmark/7OZ9_NGK/full_r1_s20/boltz_results_7OZ9_NGK_boltz1/predictions/7OZ9_NGK_boltz1/7OZ9_NGK_boltz1_model_0.cif,0.392374187707901,0.5557441115379333,30.78686548268617,9.28191506462238,1.0,19.0,5.0,0.625,True,False,posebusters_benchmark::7OZ9_NGK
posebusters_benchmark,7OZC_G6S,7ozc,Boltz-1 full receptor r1/s20,cofolding,True,True,False,3.618103281210353,results/posebench_702_predictions/boltz1_gpu/posebusters_benchmark/7OZC_G6S/full_r1_s20/boltz_results_7OZC_G6S_boltz1/predictions/7OZC_G6S_boltz1/7OZC_G6S_boltz1_model_0.cif,0.4677565097808838,0.7201459407806396,12.11906087984486,12.375370514364572,1.0,16.0,5.0,1.0,True,False,posebusters_benchmark::7OZC_G6S
posebusters_benchmark,7P1F_KFN,7p1f,Boltz-1 full receptor r1/s20,cofolding,True,True,False,11.577204231968182,results/posebench_702_predictions/boltz1_gpu/posebusters_benchmark/7P1F_KFN/full_r1_s20/boltz_results_7P1F_KFN_boltz1/predictions/7P1F_KFN_boltz1/7P1F_KFN_boltz1_model_0.cif,0.4903751313686371,0.5196211934089661,25.36474107762612,8.10874649432862,1.0,17.0,5.0,1.0,True,True,posebusters_benchmark::7P1F_KFN
posebusters_benchmark,7P1M_4IU,7p1m,Boltz-1 full receptor r1/s20,cofolding,True,True,False,8.622188556125694,results/posebench_702_predictions/boltz1_gpu/posebusters_benchmark/7P1M_4IU/full_r1_s20/boltz_results_7P1M_4IU_boltz1/predictions/7P1M_4IU_boltz1/7P1M_4IU_boltz1_model_0.cif,0.5452608466148376,0.5011356472969055,17.813296040674732,4.827863447956385,1.0,24.0,3.0,0.2469135802469135,False,False,posebusters_benchmark::7P1M_4IU
posebusters_benchmark,7P2I_MFU,7p2i,Boltz-1 full receptor r1/s20,cofolding,True,True,False,17.483707535164143,results/posebench_702_predictions/boltz1_gpu/posebusters_benchmark/7P2I_MFU/full_r1_s20/boltz_results_7P2I_MFU_boltz1/predictions/7P2I_MFU_boltz1/7P2I_MFU_boltz1_model_0.cif,0.9427255988121032,0.8957402110099792,19.782816636935088,0.3199335887183067,1.0,12.0,5.0,0.5,True,False,posebusters_benchmark::7P2I_MFU
posebusters_benchmark,7P2W_4QR,7p2w,Boltz-1 full receptor r1/s20,cofolding,True,True,False,17.46764409435864,results/posebench_702_predictions/boltz1_gpu/posebusters_benchmark/7P2W_4QR/full_r1_s20/boltz_results_7P2W_4QR_boltz1/predictions/7P2W_4QR_boltz1/7P2W_4QR_boltz1_model_0.cif,0.3319434225559234,0.2013446241617202,16.43397778956882,11.040407670078723,1.0,34.0,0.0,0.3714285714285714,False,False,posebusters_benchmark::7P2W_4QR
posebusters_benchmark,7P4C_5OV,7p4c,Boltz-1 full receptor r1/s20,cofolding,True,True,False,4.403197541138426,results/posebench_702_predictions/boltz1_gpu/posebusters_benchmark/7P4C_5OV/full_r1_s20/boltz_results_7P4C_5OV_boltz1/predictions/7P4C_5OV_boltz1/7P4C_5OV_boltz1_model_0.cif,0.4573846757411957,0.6703428030014038,21.20440473866941,7.905733720537122,1.0,16.0,6.0,1.0,True,True,posebusters_benchmark::7P4C_5OV
posebusters_benchmark,7P4J_5JK,7p4j,Boltz-1 full receptor r1/s20,cofolding,True,True,False,9.330501718047357,results/posebench_702_predictions/boltz1_gpu/posebusters_benchmark/7P4J_5JK/full_r1_s20/boltz_results_7P4J_5JK_boltz1/predictions/7P4J_5JK_boltz1/7P4J_5JK_boltz1_model_0.cif,0.591535747051239,0.7521316409111023,24.84057285068603,14.05131535566734,1.0,29.0,9.0,1.0,True,False,posebusters_benchmark::7P4J_5JK
posebusters_benchmark,7P4V_DAT,7p4v,Boltz-1 full receptor r1/s20,cofolding,True,True,False,16.826432580732575,results/posebench_702_predictions/boltz1_gpu/posebusters_benchmark/7P4V_DAT/full_r1_s20/boltz_results_7P4V_DAT_boltz1/predictions/7P4V_DAT_boltz1/7P4V_DAT_boltz1_model_0.cif,0.3895940482616424,0.3144639134407043,15.779191629558913,10.99818954420514,1.0,26.0,4.0,1.0,True,True,posebusters_benchmark::7P4V_DAT
posebusters_benchmark,7P5T_5YG,7p5t,Boltz-1 full receptor r1/s20,cofolding,True,True,False,8.990408625273279,results/posebench_702_predictions/boltz1_gpu/posebusters_benchmark/7P5T_5YG/full_r1_s20/boltz_results_7P5T_5YG_boltz1/predictions/7P5T_5YG_boltz1/7P5T_5YG_boltz1_model_0.cif,0.3502042889595032,0.3442597091197967,22.906656728315717,15.863311270661764,1.0,23.0,0.0,0.391304347826087,False,False,posebusters_benchmark::7P5T_5YG
posebusters_benchmark,7P85_5ZG,7p85,Boltz-1 full receptor r1/s20,cofolding,True,True,False,6.2988780753005775,results/posebench_702_predictions/boltz1_gpu/posebusters_benchmark/7P85_5ZG/full_r1_s20/boltz_results_7P85_5ZG_boltz1/predictions/7P85_5ZG_boltz1/7P85_5ZG_boltz1_model_0.cif,0.5221242308616638,0.5656611919403076,10.411765794006747,7.640800210486781,1.0,14.0,1.0,0.3137254901960784,True,False,posebusters_benchmark::7P85_5ZG
posebusters_benchmark,7PA4_C,7pa4,Boltz-1 full receptor r1/s20,cofolding,True,True,False,17.82498944392677,results/posebench_702_predictions/boltz1_gpu/posebusters_benchmark/7PA4_C/full_r1_s20/boltz_results_7PA4_C_boltz1/predictions/7PA4_C_boltz1/7PA4_C_boltz1_model_0.cif,0.5553514361381531,0.6758188009262085,17.583673780597614,11.02421800392112,1.0,21.0,4.0,0.84,True,False,posebusters_benchmark::7PA4_C
posebusters_benchmark,7PGX_FMN,7pgx,Boltz-1 full receptor r1/s20,cofolding,True,True,False,7.034991163069513,results/posebench_702_predictions/boltz1_gpu/posebusters_benchmark/7PGX_FMN/full_r1_s20/boltz_results_7PGX_FMN_boltz1/predictions/7PGX_FMN_boltz1/7PGX_FMN_boltz1_model_0.cif,0.420213520526886,0.3188789784908294,10.91271362162433,9.10707486152013,1.0,31.0,3.0,1.0,True,False,posebusters_benchmark::7PGX_FMN
posebusters_benchmark,7PIH_7QW,7pih,Boltz-1 full receptor r1/s20,cofolding,True,True,False,11.65813575621122,results/posebench_702_predictions/boltz1_gpu/posebusters_benchmark/7PIH_7QW/full_r1_s20/boltz_results_7PIH_7QW_boltz1/predictions/7PIH_7QW_boltz1/7PIH_7QW_boltz1_model_0.cif,0.3863009214401245,0.4286893010139465,18.74599849640279,11.871934354144887,1.0,24.0,1.0,0.3181818181818182,False,False,posebusters_benchmark::7PIH_7QW
posebusters_benchmark,7PJQ_OWH,7pjq,Boltz-1 full receptor r1/s20,cofolding,True,True,False,10.089776684212998,results/posebench_702_predictions/boltz1_gpu/posebusters_benchmark/7PJQ_OWH/full_r1_s20/boltz_results_7PJQ_OWH_boltz1/predictions/7PJQ_OWH_boltz1/7PJQ_OWH_boltz1_model_0.cif,0.2930633723735809,0.173720508813858,20.186434353722223,12.19445048716223,1.0,10.0,0.0,0.4838709677419355,True,False,posebusters_benchmark::7PJQ_OWH
posebusters_benchmark,7PK0_BYC,7pk0,Boltz-1 full receptor r1/s20,cofolding,True,True,False,11.363499378947212,results/posebench_702_predictions/boltz1_gpu/posebusters_benchmark/7PK0_BYC/full_r1_s20/boltz_results_7PK0_BYC_boltz1/predictions/7PK0_BYC_boltz1/7PK0_BYC_boltz1_model_0.cif,0.3460173606872558,0.2270054072141647,19.38692564683491,11.9368319069697,1.0,56.0,7.0,0.8020833333333334,False,False,posebusters_benchmark::7PK0_BYC
posebusters_benchmark,7PL1_SFG,7pl1,Boltz-1 full receptor r1/s20,cofolding,True,True,False,11.335514114349404,results/posebench_702_predictions/boltz1_gpu/posebusters_benchmark/7PL1_SFG/full_r1_s20/boltz_results_7PL1_SFG_boltz1/predictions/7PL1_SFG_boltz1/7PL1_SFG_boltz1_model_0.cif,0.4423390924930572,0.4713454246520996,14.959239795795916,11.121997468190871,1.0,27.0,6.0,0.7333333333333333,True,False,posebusters_benchmark::7PL1_SFG
posebusters_benchmark,7POM_7VZ,7pom,Boltz-1 full receptor r1/s20,cofolding,True,True,False,17.435878899307063,results/posebench_702_predictions/boltz1_gpu/posebusters_benchmark/7POM_7VZ/full_r1_s20/boltz_results_7POM_7VZ_boltz1/predictions/7POM_7VZ_boltz1/7POM_7VZ_boltz1_model_0.cif,0.3671637773513794,0.2428399473428726,28.862319010249404,15.347098192512854,1.0,22.0,0.0,1.0,True,True,posebusters_benchmark::7POM_7VZ
posebusters_benchmark,7PRI_7TI,7pri,Boltz-1 full receptor r1/s20,cofolding,True,True,False,9.781306713832736,results/posebench_702_predictions/boltz1_gpu/posebusters_benchmark/7PRI_7TI/full_r1_s20/boltz_results_7PRI_7TI_boltz1/predictions/7PRI_7TI_boltz1/7PRI_7TI_boltz1_model_0.cif,0.2962064146995544,0.3754833936691284,22.00889652945288,13.336296702226994,1.0,20.0,0.0,1.0,True,True,posebusters_benchmark::7PRI_7TI
posebusters_benchmark,7PRM_81I,7prm,Boltz-1 full receptor r1/s20,cofolding,True,True,False,12.997424298275424,results/posebench_702_predictions/boltz1_gpu/posebusters_benchmark/7PRM_81I/full_r1_s20/boltz_results_7PRM_81I_boltz1/predictions/7PRM_81I_boltz1/7PRM_81I_boltz1_model_0.cif,0.4202748835086822,0.3908189237117767,14.216975603348423,14.172365593512897,1.0,32.0,1.0,0.3088235294117647,False,False,posebusters_benchmark::7PRM_81I
posebusters_benchmark,7PT3_3KK,7pt3,Boltz-1 full receptor r1/s20,cofolding,True,True,False,8.03592307151689,results/posebench_702_predictions/boltz1_gpu/posebusters_benchmark/7PT3_3KK/full_r1_s20/boltz_results_7PT3_3KK_boltz1/predictions/7PT3_3KK_boltz1/7PT3_3KK_boltz1_model_0.cif,0.3858002126216888,0.3617187440395355,30.818331052116687,15.759310130975924,1.0,54.0,7.0,0.8369565217391305,True,False,posebusters_benchmark::7PT3_3KK
posebusters_benchmark,7PUV_84Z,7puv,Boltz-1 full receptor r1/s20,cofolding,True,True,False,20.45026005188316,results/posebench_702_predictions/boltz1_gpu/posebusters_benchmark/7PUV_84Z/full_r1_s20/boltz_results_7PUV_84Z_boltz1/predictions/7PUV_84Z_boltz1/7PUV_84Z_boltz1_model_0.cif,0.2874978184700012,0.2276792079210281,26.414132133124305,10.655887623606604,1.0,24.0,0.0,0.5272727272727272,False,False,posebusters_benchmark::7PUV_84Z
posebusters_benchmark,7Q19_DSM,7q19,Boltz-1 full receptor r1/s20,cofolding,True,True,False,12.40495628918018,results/posebench_702_predictions/boltz1_gpu/posebusters_benchmark/7Q19_DSM/full_r1_s20/boltz_results_7Q19_DSM_boltz1/predictions/7Q19_DSM_boltz1/7Q19_DSM_boltz1_model_0.cif,0.3506366014480591,0.218196839094162,14.139840555036963,9.865376196938778,1.0,20.0,0.0,1.0,True,False,posebusters_benchmark::7Q19_DSM
posebusters_benchmark,7Q25_8J9,7q25,Boltz-1 full receptor r1/s20,cofolding,True,True,False,9.856765357778375,results/posebench_702_predictions/boltz1_gpu/posebusters_benchmark/7Q25_8J9/full_r1_s20/boltz_results_7Q25_8J9_boltz1/predictions/7Q25_8J9_boltz1/7Q25_8J9_boltz1_model_0.cif,0.4266498982906341,0.5441309809684753,33.21663302493313,7.338175081515589,1.0,33.0,3.0,0.4313725490196078,False,False,posebusters_benchmark::7Q25_8J9
posebusters_benchmark,7Q27_8KC,7q27,Boltz-1 full receptor r1/s20,cofolding,True,True,False,7.05926944430099,results/posebench_702_predictions/boltz1_gpu/posebusters_benchmark/7Q27_8KC/full_r1_s20/boltz_results_7Q27_8KC_boltz1/predictions/7Q27_8KC_boltz1/7Q27_8KC_boltz1_model_0.cif,0.669881284236908,0.7890458106994629,11.837493975144447,5.059614174631552,1.0,35.0,3.0,0.4406779661016949,False,False,posebusters_benchmark::7Q27_8KC
posebusters_benchmark,7Q2B_M6H,7q2b,Boltz-1 full receptor r1/s20,cofolding,True,True,False,10.713829278268964,results/posebench_702_predictions/boltz1_gpu/posebusters_benchmark/7Q2B_M6H/full_r1_s20/boltz_results_7Q2B_M6H_boltz1/predictions/7Q2B_M6H_boltz1/7Q2B_M6H_boltz1_model_0.cif,0.485047310590744,0.3948011398315429,17.32239597812411,11.5626014809093,1.0,12.0,0.0,0.3461538461538461,False,False,posebusters_benchmark::7Q2B_M6H
posebusters_benchmark,7Q5I_I0F,7q5i,Boltz-1 full receptor r1/s20,cofolding,True,True,False,8.817384614126034,results/posebench_702_predictions/boltz1_gpu/posebusters_benchmark/7Q5I_I0F/full_r1_s20/boltz_results_7Q5I_I0F_boltz1/predictions/7Q5I_I0F_boltz1/7Q5I_I0F_boltz1_model_0.cif,0.4268225133419037,0.5753408670425415,23.254177081905294,11.992233141069269,1.0,27.0,5.0,0.3050847457627119,False,False,posebusters_benchmark::7Q5I_I0F
posebusters_benchmark,7QE4_NGA,7qe4,Boltz-1 full receptor r1/s20,cofolding,True,True,False,17.259109778881243,results/posebench_702_predictions/boltz1_gpu/posebusters_benchmark/7QE4_NGA/full_r1_s20/boltz_results_7QE4_NGA_boltz1/predictions/7QE4_NGA_boltz1/7QE4_NGA_boltz1_model_0.cif,0.3841567933559418,0.2555228471755981,36.81548046861008,5.265759349807569,1.0,15.0,5.0,1.0,True,False,posebusters_benchmark::7QE4_NGA
posebusters_benchmark,7QF4_RBF,7qf4,Boltz-1 full receptor r1/s20,cofolding,True,True,False,16.86974626096302,results/posebench_702_predictions/boltz1_gpu/posebusters_benchmark/7QF4_RBF/full_r1_s20/boltz_results_7QF4_RBF_boltz1/predictions/7QF4_RBF_boltz1/7QF4_RBF_boltz1_model_0.cif,0.5992650985717773,0.6252598762512207,11.880815645921734,7.262985015701237,1.0,27.0,3.0,0.7368421052631579,True,False,posebusters_benchmark::7QF4_RBF
posebusters_benchmark,7QFM_AY3,7qfm,Boltz-1 full receptor r1/s20,cofolding,True,True,False,7.167503506371552,results/posebench_702_predictions/boltz1_gpu/posebusters_benchmark/7QFM_AY3/full_r1_s20/boltz_results_7QFM_AY3_boltz1/predictions/7QFM_AY3_boltz1/7QFM_AY3_boltz1_model_0.cif,0.3294340074062347,0.2225303053855896,15.554529397928755,12.534599384569056,1.0,20.0,0.0,0.4565217391304347,False,False,posebusters_benchmark::7QFM_AY3
posebusters_benchmark,7QGP_DJ8,7qgp,Boltz-1 full receptor r1/s20,cofolding,True,True,False,17.545023218948682,results/posebench_702_predictions/boltz1_gpu/posebusters_benchmark/7QGP_DJ8/full_r1_s20/boltz_results_7QGP_DJ8_boltz1/predictions/7QGP_DJ8_boltz1/7QGP_DJ8_boltz1_model_0.cif,0.4383526742458343,0.2627815902233124,16.029042490956474,9.20689567885417,1.0,35.0,0.0,0.3010752688172043,False,False,posebusters_benchmark::7QGP_DJ8
posebusters_benchmark,7QHG_T3B,7qhg,Boltz-1 full receptor r1/s20,cofolding,True,True,False,16.826976433152332,results/posebench_702_predictions/boltz1_gpu/posebusters_benchmark/7QHG_T3B/full_r1_s20/boltz_results_7QHG_T3B_boltz1/predictions/7QHG_T3B_boltz1/7QHG_T3B_boltz1_model_0.cif,0.3247310817241668,0.2408449053764343,24.806719035889305,13.992168245820451,1.0,42.0,0.0,0.2875,False,False,posebusters_benchmark::7QHG_T3B
posebusters_benchmark,7QHL_D5P,7qhl,Boltz-1 full receptor r1/s20,cofolding,True,True,False,13.608121573892497,results/posebench_702_predictions/boltz1_gpu/posebusters_benchmark/7QHL_D5P/full_r1_s20/boltz_results_7QHL_D5P_boltz1/predictions/7QHL_D5P_boltz1/7QHL_D5P_boltz1_model_0.cif,0.3387398421764374,0.3318293690681457,31.030126374616813,13.752868712208532,1.0,30.0,0.0,1.0,True,True,posebusters_benchmark::7QHL_D5P
posebusters_benchmark,7QK0_EBL,7qk0,Boltz-1 full receptor r1/s20,cofolding,True,True,False,10.74810067991956,results/posebench_702_predictions/boltz1_gpu/posebusters_benchmark/7QK0_EBL/full_r1_s20/boltz_results_7QK0_EBL_boltz1/predictions/7QK0_EBL_boltz1/7QK0_EBL_boltz1_model_0.cif,0.6560105681419373,0.7173030972480774,16.081795948565624,10.80826528905668,1.0,38.0,3.0,1.0,True,True,posebusters_benchmark::7QK0_EBL
posebusters_benchmark,7QPP_VDX,7qpp,Boltz-1 full receptor r1/s20,cofolding,True,True,False,7.997747004356927,results/posebench_702_predictions/boltz1_gpu/posebusters_benchmark/7QPP_VDX/full_r1_s20/boltz_results_7QPP_VDX_boltz1/predictions/7QPP_VDX_boltz1/7QPP_VDX_boltz1_model_0.cif,0.371421068906784,0.239641934633255,18.745596556080468,13.78670877314248,1.0,30.0,6.0,0.8548387096774194,True,False,posebusters_benchmark::7QPP_VDX
posebusters_benchmark,7QSW_CAP,7qsw,Boltz-1 full receptor r1/s20,cofolding,True,False,False,,,,,,,0.0,21.0,3.0,0.4736842105263157,False,False,posebusters_benchmark::7QSW_CAP
posebusters_benchmark,7QTA_URI,7qta,Boltz-1 full receptor r1/s20,cofolding,True,True,False,7.662881251256451,results/posebench_702_predictions/boltz1_gpu/posebusters_benchmark/7QTA_URI/full_r1_s20/boltz_results_7QTA_URI_boltz1/predictions/7QTA_URI_boltz1/7QTA_URI_boltz1_model_0.cif,0.3262208104133606,0.2562894523143768,23.35931718850885,10.204247827218822,1.0,17.0,4.0,1.0,True,False,posebusters_benchmark::7QTA_URI
posebusters_benchmark,7R3D_APR,7r3d,Boltz-1 full receptor r1/s20,cofolding,True,True,False,14.038502270332796,results/posebench_702_predictions/boltz1_gpu/posebusters_benchmark/7R3D_APR/full_r1_s20/boltz_results_7R3D_APR_boltz1/predictions/7R3D_APR_boltz1/7R3D_APR_boltz1_model_0.cif,0.3900695741176605,0.4373623728752136,24.52517134251432,14.971266272905286,1.0,36.0,10.0,1.0,True,False,posebusters_benchmark::7R3D_APR
posebusters_benchmark,7R59_I5F,7r59,Boltz-1 full receptor r1/s20,cofolding,True,True,False,5.492227907457512,results/posebench_702_predictions/boltz1_gpu/posebusters_benchmark/7R59_I5F/full_r1_s20/boltz_results_7R59_I5F_boltz1/predictions/7R59_I5F_boltz1/7R59_I5F_boltz1_model_0.cif,0.374153196811676,0.3013136386871338,18.987098920094954,11.966476242791227,1.0,13.0,0.0,0.6666666666666666,True,False,posebusters_benchmark::7R59_I5F
posebusters_benchmark,7R6J_2I7,7r6j,Boltz-1 full receptor r1/s20,cofolding,True,False,False,,,,,,,0.0,33.0,4.0,0.2638888888888889,False,False,posebusters_benchmark::7R6J_2I7
posebusters_benchmark,7R7R_AWJ,7r7r,Boltz-1 full receptor r1/s20,cofolding,True,True,False,11.55218254036138,results/posebench_702_predictions/boltz1_gpu/posebusters_benchmark/7R7R_AWJ/full_r1_s20/boltz_results_7R7R_AWJ_boltz1/predictions/7R7R_AWJ_boltz1/7R7R_AWJ_boltz1_model_0.cif,0.3299642205238342,0.2680031955242157,17.62249923768603,13.300251888744617,1.0,33.0,2.0,1.0,True,True,posebusters_benchmark::7R7R_AWJ
posebusters_benchmark,7R9N_F97,7r9n,Boltz-1 full receptor r1/s20,cofolding,True,True,False,44.56982722239641,results/posebench_702_predictions/boltz1_gpu/posebusters_benchmark/7R9N_F97/full_r1_s20/boltz_results_7R9N_F97_boltz1/predictions/7R9N_F97_boltz1/7R9N_F97_boltz1_model_0.cif,0.3198919892311096,0.2597302198410034,23.30451554062633,13.250313970386989,1.0,31.0,1.0,1.0,True,True,posebusters_benchmark::7R9N_F97
posebusters_benchmark,7RC3_SAH,7rc3,Boltz-1 full receptor r1/s20,cofolding,True,True,False,12.141968633880843,results/posebench_702_predictions/boltz1_gpu/posebusters_benchmark/7RC3_SAH/full_r1_s20/boltz_results_7RC3_SAH_boltz1/predictions/7RC3_SAH_boltz1/7RC3_SAH_boltz1_model_0.cif,0.4791200160980224,0.5766342878341675,16.77884946097353,8.512003141145195,1.0,26.0,5.0,1.0,True,False,posebusters_benchmark::7RC3_SAH
posebusters_benchmark,7REE_4LY,7ree,Boltz-1 full receptor r1/s20,cofolding,True,True,False,9.625177863375882,results/posebench_702_predictions/boltz1_gpu/posebusters_benchmark/7REE_4LY/full_r1_s20/boltz_results_7REE_4LY_boltz1/predictions/7REE_4LY_boltz1/7REE_4LY_boltz1_model_0.cif,0.3721480667591095,0.2223352044820785,17.584097944175426,12.113118783219722,1.0,42.0,0.0,0.25,False,False,posebusters_benchmark::7REE_4LY
posebusters_benchmark,7RH3_59O,7rh3,Boltz-1 full receptor r1/s20,cofolding,True,True,False,6.005864609733962,results/posebench_702_predictions/boltz1_gpu/posebusters_benchmark/7RH3_59O/full_r1_s20/boltz_results_7RH3_59O_boltz1/predictions/7RH3_59O_boltz1/7RH3_59O_boltz1_model_0.cif,0.925143837928772,0.9186610579490662,1.2317003947592744,0.4560685893499566,1.0,34.0,5.0,1.0,True,True,posebusters_benchmark::7RH3_59O
posebusters_benchmark,7RH8_UTP,7rh8,Boltz-1 full receptor r1/s20,cofolding,True,True,False,25.347115193044377,results/posebench_702_predictions/boltz1_gpu/posebusters_benchmark/7RH8_UTP/full_r1_s20/boltz_results_7RH8_UTP_boltz1/predictions/7RH8_UTP_boltz1/7RH8_UTP_boltz1_model_0.cif,0.454574316740036,0.4433732032775879,15.3528032345384,10.249443631390571,1.0,29.0,6.0,1.0,True,False,posebusters_benchmark::7RH8_UTP
posebusters_benchmark,7RKW_5TV,7rkw,Boltz-1 full receptor r1/s20,cofolding,True,True,False,8.715541522914842,results/posebench_702_predictions/boltz1_gpu/posebusters_benchmark/7RKW_5TV/full_r1_s20/boltz_results_7RKW_5TV_boltz1/predictions/7RKW_5TV_boltz1/7RKW_5TV_boltz1_model_0.cif,0.3447864055633545,0.2576175332069397,24.202189010831624,14.630572817306158,1.0,25.0,1.0,0.2816901408450704,False,False,posebusters_benchmark::7RKW_5TV
posebusters_benchmark,7RNI_60I,7rni,Boltz-1 full receptor r1/s20,cofolding,True,True,False,8.221439363003416,results/posebench_702_predictions/boltz1_gpu/posebusters_benchmark/7RNI_60I/full_r1_s20/boltz_results_7RNI_60I_boltz1/predictions/7RNI_60I_boltz1/7RNI_60I_boltz1_model_0.cif,0.563518226146698,0.7826685309410095,20.88006632369513,6.83877155584514,1.0,31.0,0.0,0.3375,False,False,posebusters_benchmark::7RNI_60I
posebusters_benchmark,7ROR_69X,7ror,Boltz-1 full receptor r1/s20,cofolding,True,True,False,18.95268724734557,results/posebench_702_predictions/boltz1_gpu/posebusters_benchmark/7ROR_69X/full_r1_s20/boltz_results_7ROR_69X_boltz1/predictions/7ROR_69X_boltz1/7ROR_69X_boltz1_model_0.cif,0.3618786931037903,0.2015438973903656,29.08433699310589,12.050497044286812,1.0,35.0,6.0,1.0,True,True,posebusters_benchmark::7ROR_69X
posebusters_benchmark,7ROU_66I,7rou,Boltz-1 full receptor r1/s20,cofolding,True,True,False,9.9059540840599,results/posebench_702_predictions/boltz1_gpu/posebusters_benchmark/7ROU_66I/full_r1_s20/boltz_results_7ROU_66I_boltz1/predictions/7ROU_66I_boltz1/7ROU_66I_boltz1_model_0.cif,0.4253203570842743,0.3453287482261657,21.103931815461056,13.801799589575298,1.0,39.0,5.0,1.0,True,False,posebusters_benchmark::7ROU_66I
posebusters_benchmark,7RPZ_6IC,7rpz,Boltz-1 full receptor r1/s20,cofolding,True,True,False,20.692675400270694,results/posebench_702_predictions/boltz1_gpu/posebusters_benchmark/7RPZ_6IC/full_r1_s20/boltz_results_7RPZ_6IC_boltz1/predictions/7RPZ_6IC_boltz1/7RPZ_6IC_boltz1_model_0.cif,0.694348156452179,0.7347181439399719,5.692641276368138,5.573737136788008,1.0,44.0,4.0,0.2366412213740458,False,False,posebusters_benchmark::7RPZ_6IC
posebusters_benchmark,7RSV_7IQ,7rsv,Boltz-1 full receptor r1/s20,cofolding,True,True,False,26.69658410878405,results/posebench_702_predictions/boltz1_gpu/posebusters_benchmark/7RSV_7IQ/full_r1_s20/boltz_results_7RSV_7IQ_boltz1/predictions/7RSV_7IQ_boltz1/7RSV_7IQ_boltz1_model_0.cif,0.3516344726085663,0.2811075448989868,29.21377995557959,12.618616924254937,1.0,20.0,3.0,1.0,True,True,posebusters_benchmark::7RSV_7IQ
posebusters_benchmark,7RUI_7QZ,7rui,Boltz-1 full receptor r1/s20,cofolding,True,True,False,10.088611211065423,results/posebench_702_predictions/boltz1_gpu/posebusters_benchmark/7RUI_7QZ/full_r1_s20/boltz_results_7RUI_7QZ_boltz1/predictions/7RUI_7QZ_boltz1/7RUI_7QZ_boltz1_model_0.cif,0.6259655356407166,0.4862686395645141,9.007745313436423,9.60010493509274,1.0,51.0,0.0,0.2307692307692307,False,False,posebusters_benchmark::7RUI_7QZ
posebusters_benchmark,7RWO_7WN,7rwo,Boltz-1 full receptor r1/s20,cofolding,True,True,False,11.7940933321377,results/posebench_702_predictions/boltz1_gpu/posebusters_benchmark/7RWO_7WN/full_r1_s20/boltz_results_7RWO_7WN_boltz1/predictions/7RWO_7WN_boltz1/7RWO_7WN_boltz1_model_0.cif,0.6753844618797302,0.5278303623199463,8.427611803676394,6.8740561917450185,1.0,20.0,0.0,0.4629629629629629,False,False,posebusters_benchmark::7RWO_7WN
posebusters_benchmark,7RWS_4UR,7rws,Boltz-1 full receptor r1/s20,cofolding,True,True,False,15.22178149325824,results/posebench_702_predictions/boltz1_gpu/posebusters_benchmark/7RWS_4UR/full_r1_s20/boltz_results_7RWS_4UR_boltz1/predictions/7RWS_4UR_boltz1/7RWS_4UR_boltz1_model_0.cif,0.3899655938148498,0.4458735585212707,20.36094665021428,12.2182896082989,1.0,45.0,10.0,0.8153846153846154,False,False,posebusters_benchmark::7RWS_4UR
posebusters_benchmark,7RZL_NPO,7rzl,Boltz-1 full receptor r1/s20,cofolding,True,True,False,16.06180332057206,results/posebench_702_predictions/boltz1_gpu/posebusters_benchmark/7RZL_NPO/full_r1_s20/boltz_results_7RZL_NPO_boltz1/predictions/7RZL_NPO_boltz1/7RZL_NPO_boltz1_model_0.cif,0.3299596309661865,0.2666865289211273,20.184847522911305,11.81514966650957,1.0,10.0,0.0,0.56,True,False,posebusters_benchmark::7RZL_NPO
posebusters_benchmark,7S45_ACO,7s45,Boltz-1 full receptor r1/s20,cofolding,True,True,False,24.518694855183004,results/posebench_702_predictions/boltz1_gpu/posebusters_benchmark/7S45_ACO/full_r1_s20/boltz_results_7S45_ACO_boltz1/predictions/7S45_ACO_boltz1/7S45_ACO_boltz1_model_0.cif,0.5490719676017761,0.3413147926330566,12.43506244237352,8.922490735848793,1.0,51.0,7.0,0.8555555555555555,True,False,posebusters_benchmark::7S45_ACO
posebusters_benchmark,7S9H_7PP,7s9h,Boltz-1 full receptor r1/s20,cofolding,True,True,False,9.551013417617996,results/posebench_702_predictions/boltz1_gpu/posebusters_benchmark/7S9H_7PP/full_r1_s20/boltz_results_7S9H_7PP_boltz1/predictions/7S9H_7PP_boltz1/7S9H_7PP_boltz1_model_0.cif,0.572674572467804,0.5232475996017456,7.238875198246308,6.442434685106721,1.0,29.0,0.0,0.2558139534883721,False,False,posebusters_benchmark::7S9H_7PP
posebusters_benchmark,7SCW_GSP,7scw,Boltz-1 full receptor r1/s20,cofolding,True,True,False,9.41874073185894,results/posebench_702_predictions/boltz1_gpu/posebusters_benchmark/7SCW_GSP/full_r1_s20/boltz_results_7SCW_GSP_boltz1/predictions/7SCW_GSP_boltz1/7SCW_GSP_boltz1_model_0.cif,0.5958737730979919,0.8813976645469666,12.286035863953945,7.260694793804091,1.0,32.0,6.0,1.0,True,True,posebusters_benchmark::7SCW_GSP
posebusters_benchmark,7SDD_4IP,7sdd,Boltz-1 full receptor r1/s20,cofolding,True,True,False,8.999958531200807,results/posebench_702_predictions/boltz1_gpu/posebusters_benchmark/7SDD_4IP/full_r1_s20/boltz_results_7SDD_4IP_boltz1/predictions/7SDD_4IP_boltz1/7SDD_4IP_boltz1_model_0.cif,0.3797325193881988,0.437106043100357,16.257006044755702,11.35283666181734,1.0,28.0,6.0,1.0,True,True,posebusters_benchmark::7SDD_4IP
posebusters_benchmark,7SED_8VD,7sed,Boltz-1 full receptor r1/s20,cofolding,True,True,False,10.838573073333457,results/posebench_702_predictions/boltz1_gpu/posebusters_benchmark/7SED_8VD/full_r1_s20/boltz_results_7SED_8VD_boltz1/predictions/7SED_8VD_boltz1/7SED_8VD_boltz1_model_0.cif,0.3617531955242157,0.2694408595561981,15.591401376568951,10.385152831276915,1.0,17.0,0.0,0.28,False,False,posebusters_benchmark::7SED_8VD
posebusters_benchmark,7SFO_98L,7sfo,Boltz-1 full receptor r1/s20,cofolding,True,True,False,11.058567084988184,results/posebench_702_predictions/boltz1_gpu/posebusters_benchmark/7SFO_98L/full_r1_s20/boltz_results_7SFO_98L_boltz1/predictions/7SFO_98L_boltz1/7SFO_98L_boltz1_model_0.cif,0.4412594735622406,0.3285280466079712,21.31636499043354,14.214233501855391,1.0,25.0,0.0,1.0,True,True,posebusters_benchmark::7SFO_98L
posebusters_benchmark,7SGV_L30,7sgv,Boltz-1 full receptor r1/s20,cofolding,True,True,False,6.924763951426013,results/posebench_702_predictions/boltz1_gpu/posebusters_benchmark/7SGV_L30/full_r1_s20/boltz_results_7SGV_L30_boltz1/predictions/7SGV_L30_boltz1/7SGV_L30_boltz1_model_0.cif,0.3453817665576935,0.3153642416000366,21.413316435399924,13.008150773863466,1.0,19.0,0.0,0.4473684210526316,False,False,posebusters_benchmark::7SGV_L30
posebusters_benchmark,7SIU_9ID,7siu,Boltz-1 full receptor r1/s20,cofolding,True,True,False,17.31414716210157,results/posebench_702_predictions/boltz1_gpu/posebusters_benchmark/7SIU_9ID/full_r1_s20/boltz_results_7SIU_9ID_boltz1/predictions/7SIU_9ID_boltz1/7SIU_9ID_boltz1_model_0.cif,0.3444890975952148,0.2808869779109955,24.174637890995843,15.500858035358045,1.0,31.0,1.0,1.0,True,True,posebusters_benchmark::7SIU_9ID
posebusters_benchmark,7SNE_9XR,7sne,Boltz-1 full receptor r1/s20,cofolding,True,True,False,35.06854325772731,results/posebench_702_predictions/boltz1_gpu/posebusters_benchmark/7SNE_9XR/full_r1_s20/boltz_results_7SNE_9XR_boltz1/predictions/7SNE_9XR_boltz1/7SNE_9XR_boltz1_model_0.cif,0.3462080657482147,0.2545675635337829,28.56784348668878,11.274475251689587,1.0,45.0,10.0,0.6621621621621622,False,False,posebusters_benchmark::7SNE_9XR
posebusters_benchmark,7SSM_B7L,7ssm,Boltz-1 full receptor r1/s20,cofolding,True,True,False,11.038043020494374,results/posebench_702_predictions/boltz1_gpu/posebusters_benchmark/7SSM_B7L/full_r1_s20/boltz_results_7SSM_B7L_boltz1/predictions/7SSM_B7L_boltz1/7SSM_B7L_boltz1_model_0.cif,0.3515361249446869,0.2156309485435485,15.747902044214726,12.680682648210215,1.0,25.0,0.0,0.3150684931506849,False,False,posebusters_benchmark::7SSM_B7L
posebusters_benchmark,7SUC_COM,7suc,Boltz-1 full receptor r1/s20,cofolding,True,False,False,,,,,,,0.0,7.0,0.0,0.391304347826087,False,False,posebusters_benchmark::7SUC_COM
posebusters_benchmark,7SZA_DUI,7sza,Boltz-1 full receptor r1/s20,cofolding,True,True,False,16.51945376019043,results/posebench_702_predictions/boltz1_gpu/posebusters_benchmark/7SZA_DUI/full_r1_s20/boltz_results_7SZA_DUI_boltz1/predictions/7SZA_DUI_boltz1/7SZA_DUI_boltz1_model_0.cif,0.3355852663516998,0.3017802834510803,27.57991164081172,13.007818165851084,1.0,20.0,1.0,1.0,True,True,posebusters_benchmark::7SZA_DUI
posebusters_benchmark,7T0D_FPP,7t0d,Boltz-1 full receptor r1/s20,cofolding,True,True,False,12.831058653016468,results/posebench_702_predictions/boltz1_gpu/posebusters_benchmark/7T0D_FPP/full_r1_s20/boltz_results_7T0D_FPP_boltz1/predictions/7T0D_FPP_boltz1/7T0D_FPP_boltz1_model_0.cif,0.4238168895244598,0.5491877794265747,24.0869798851148,14.49327349530323,1.0,24.0,1.0,1.0,False,False,posebusters_benchmark::7T0D_FPP
posebusters_benchmark,7T0U_E3I,7t0u,Boltz-1 full receptor r1/s20,cofolding,True,True,False,15.490786217249244,results/posebench_702_predictions/boltz1_gpu/posebusters_benchmark/7T0U_E3I/full_r1_s20/boltz_results_7T0U_E3I_boltz1/predictions/7T0U_E3I_boltz1/7T0U_E3I_boltz1_model_0.cif,0.3454435467720032,0.2175359278917312,22.960610064940845,14.300990788096382,1.0,48.0,1.0,0.4224137931034483,False,False,posebusters_benchmark::7T0U_E3I
posebusters_benchmark,7T1D_E7K,7t1d,Boltz-1 full receptor r1/s20,cofolding,True,True,False,11.710448843261329,results/posebench_702_predictions/boltz1_gpu/posebusters_benchmark/7T1D_E7K/full_r1_s20/boltz_results_7T1D_E7K_boltz1/predictions/7T1D_E7K_boltz1/7T1D_E7K_boltz1_model_0.cif,0.4361374080181122,0.2861934006214142,21.18587134494765,12.83341381651313,1.0,34.0,0.0,1.0,True,True,posebusters_benchmark::7T1D_E7K
posebusters_benchmark,7T2I_E9F,7t2i,Boltz-1 full receptor r1/s20,cofolding,True,True,False,10.91866827272471,results/posebench_702_predictions/boltz1_gpu/posebusters_benchmark/7T2I_E9F/full_r1_s20/boltz_results_7T2I_E9F_boltz1/predictions/7T2I_E9F_boltz1/7T2I_E9F_boltz1_model_0.cif,0.4487530887126922,0.3747332394123077,12.956433592753196,10.018602132856657,1.0,29.0,2.0,0.3012048192771084,False,False,posebusters_benchmark::7T2I_E9F
posebusters_benchmark,7T3E_SLB,7t3e,Boltz-1 full receptor r1/s20,cofolding,True,True,False,10.1591098247586,results/posebench_702_predictions/boltz1_gpu/posebusters_benchmark/7T3E_SLB/full_r1_s20/boltz_results_7T3E_SLB_boltz1/predictions/7T3E_SLB_boltz1/7T3E_SLB_boltz1_model_0.cif,0.3139868676662445,0.3645184636116028,22.79415471616653,12.521613729651188,1.0,21.0,6.0,1.0,True,False,posebusters_benchmark::7T3E_SLB
posebusters_benchmark,7T3F_EM0,7t3f,Boltz-1 full receptor r1/s20,cofolding,True,True,False,11.33999035234317,results/posebench_702_predictions/boltz1_gpu/posebusters_benchmark/7T3F_EM0/full_r1_s20/boltz_results_7T3F_EM0_boltz1/predictions/7T3F_EM0_boltz1/7T3F_EM0_boltz1_model_0.cif,0.6450645327568054,0.4395616352558136,9.49065327282937,8.874479868581211,1.0,24.0,0.0,0.2777777777777778,False,False,posebusters_benchmark::7T3F_EM0
posebusters_benchmark,7T9O_GEI,7t9o,Boltz-1 full receptor r1/s20,cofolding,True,True,False,7.622981719239053,results/posebench_702_predictions/boltz1_gpu/posebusters_benchmark/7T9O_GEI/full_r1_s20/boltz_results_7T9O_GEI_boltz1/predictions/7T9O_GEI_boltz1/7T9O_GEI_boltz1_model_0.cif,0.635055661201477,0.2558622360229492,1.8736739214870348,1.276704862295276,1.0,41.0,1.0,0.2959183673469387,False,False,posebusters_benchmark::7T9O_GEI
posebusters_benchmark,7TB0_UD1,7tb0,Boltz-1 full receptor r1/s20,cofolding,True,False,False,,,,,,,0.0,39.0,11.0,1.0,True,False,posebusters_benchmark::7TB0_UD1
posebusters_benchmark,7TBU_S3P,7tbu,Boltz-1 full receptor r1/s20,cofolding,True,True,False,6.479400531734296,results/posebench_702_predictions/boltz1_gpu/posebusters_benchmark/7TBU_S3P/full_r1_s20/boltz_results_7TBU_S3P_boltz1/predictions/7TBU_S3P_boltz1/7TBU_S3P_boltz1_model_0.cif,0.4388981461524963,0.5047090649604797,29.71107758273681,6.979931803196797,1.0,16.0,3.0,1.0,True,True,posebusters_benchmark::7TBU_S3P
posebusters_benchmark,7TE8_P0T,7te8,Boltz-1 full receptor r1/s20,cofolding,True,True,False,18.05131036659389,results/posebench_702_predictions/boltz1_gpu/posebusters_benchmark/7TE8_P0T/full_r1_s20/boltz_results_7TE8_P0T_boltz1/predictions/7TE8_P0T_boltz1/7TE8_P0T_boltz1_model_0.cif,0.6294113397598267,0.5269478559494019,18.04360065484821,4.172284147153416,1.0,23.0,2.0,1.0,True,True,posebusters_benchmark::7TE8_P0T
posebusters_benchmark,7TH4_FFO,7th4,Boltz-1 full receptor r1/s20,cofolding,True,True,False,37.78168804521121,results/posebench_702_predictions/boltz1_gpu/posebusters_benchmark/7TH4_FFO/full_r1_s20/boltz_results_7TH4_FFO_boltz1/predictions/7TH4_FFO_boltz1/7TH4_FFO_boltz1_model_0.cif,0.6864296793937683,0.7283740043640137,20.32323950411737,3.430175758643073,1.0,34.0,2.0,0.5324675324675324,False,False,posebusters_benchmark::7TH4_FFO
posebusters_benchmark,7THI_PGA,7thi,Boltz-1 full receptor r1/s20,cofolding,True,True,False,13.475746100158188,results/posebench_702_predictions/boltz1_gpu/posebusters_benchmark/7THI_PGA/full_r1_s20/boltz_results_7THI_PGA_boltz1/predictions/7THI_PGA_boltz1/7THI_PGA_boltz1_model_0.cif,0.4181446135044098,0.5230623483657837,22.900636606498296,13.542010576511132,1.0,9.0,0.0,0.4285714285714285,False,False,posebusters_benchmark::7THI_PGA
posebusters_benchmark,7TM6_GPJ,7tm6,Boltz-1 full receptor r1/s20,cofolding,True,True,False,8.81168708207536,results/posebench_702_predictions/boltz1_gpu/posebusters_benchmark/7TM6_GPJ/full_r1_s20/boltz_results_7TM6_GPJ_boltz1/predictions/7TM6_GPJ_boltz1/7TM6_GPJ_boltz1_model_0.cif,0.4251351356506347,0.4514857828617096,25.512735769030822,11.827451035252013,1.0,10.0,0.0,1.0,False,True,posebusters_benchmark::7TM6_GPJ
posebusters_benchmark,7TOM_5AD,7tom,Boltz-1 full receptor r1/s20,cofolding,True,True,False,8.043727840814617,results/posebench_702_predictions/boltz1_gpu/posebusters_benchmark/7TOM_5AD/full_r1_s20/boltz_results_7TOM_5AD_boltz1/predictions/7TOM_5AD_boltz1/7TOM_5AD_boltz1_model_0.cif,0.56025630235672,0.7356001734733582,22.06058247861348,10.571970301373756,1.0,18.0,4.0,1.0,True,False,posebusters_benchmark::7TOM_5AD
posebusters_benchmark,7TS6_KMI,7ts6,Boltz-1 full receptor r1/s20,cofolding,True,False,False,,,,,,,0.0,17.0,0.0,1.0,True,True,posebusters_benchmark::7TS6_KMI
posebusters_benchmark,7TSF_H4B,7tsf,Boltz-1 full receptor r1/s20,cofolding,True,True,False,5.301687426912717,results/posebench_702_predictions/boltz1_gpu/posebusters_benchmark/7TSF_H4B/full_r1_s20/boltz_results_7TSF_H4B_boltz1/predictions/7TSF_H4B_boltz1/7TSF_H4B_boltz1_model_0.cif,0.3003819584846496,0.4504937827587127,27.716217730433403,13.94684852252878,1.0,17.0,3.0,1.0,True,True,posebusters_benchmark::7TSF_H4B
posebusters_benchmark,7TUO_KL9,7tuo,Boltz-1 full receptor r1/s20,cofolding,True,True,False,13.65685507822436,results/posebench_702_predictions/boltz1_gpu/posebusters_benchmark/7TUO_KL9/full_r1_s20/boltz_results_7TUO_KL9_boltz1/predictions/7TUO_KL9_boltz1/7TUO_KL9_boltz1_model_0.cif,0.3598179817199707,0.3135771751403808,19.61198670571829,14.019702574565542,1.0,30.0,3.0,1.0,True,True,posebusters_benchmark::7TUO_KL9
posebusters_benchmark,7TWC_CXS,7twc,Boltz-1 full receptor r1/s20,cofolding,True,True,False,8.757277877176987,results/posebench_702_predictions/boltz1_gpu/posebusters_benchmark/7TWC_CXS/full_r1_s20/boltz_results_7TWC_CXS_boltz1/predictions/7TWC_CXS_boltz1/7TWC_CXS_boltz1_model_0.cif,0.409714937210083,0.4056823849678039,18.2275692980949,13.913457482387908,1.0,14.0,0.0,0.7857142857142857,True,False,posebusters_benchmark::7TWC_CXS
posebusters_benchmark,7TXK_LW8,7txk,Boltz-1 full receptor r1/s20,cofolding,True,True,False,6.41151446452143,results/posebench_702_predictions/boltz1_gpu/posebusters_benchmark/7TXK_LW8/full_r1_s20/boltz_results_7TXK_LW8_boltz1/predictions/7TXK_LW8_boltz1/7TXK_LW8_boltz1_model_0.cif,0.3133594393730163,0.2714684009552002,24.197278788862672,12.51030712271622,1.0,15.0,1.0,1.0,True,True,posebusters_benchmark::7TXK_LW8
posebusters_benchmark,7TXP_0FX,7txp,Boltz-1 full receptor r1/s20,cofolding,True,True,False,8.270604265970691,results/posebench_702_predictions/boltz1_gpu/posebusters_benchmark/7TXP_0FX/full_r1_s20/boltz_results_7TXP_0FX_boltz1/predictions/7TXP_0FX_boltz1/7TXP_0FX_boltz1_model_0.cif,0.5559486746788025,0.55095374584198,13.609590387703946,6.290125726509106,1.0,35.0,10.0,1.0,True,True,posebusters_benchmark::7TXP_0FX
posebusters_benchmark,7TYP_KUR,7typ,Boltz-1 full receptor r1/s20,cofolding,True,True,False,12.175763914764335,results/posebench_702_predictions/boltz1_gpu/posebusters_benchmark/7TYP_KUR/full_r1_s20/boltz_results_7TYP_KUR_boltz1/predictions/7TYP_KUR_boltz1/7TYP_KUR_boltz1_model_0.cif,0.3675032556056976,0.4386311769485473,21.71203151310131,15.30413013244774,1.0,37.0,0.0,0.2365591397849462,False,False,posebusters_benchmark::7TYP_KUR
posebusters_benchmark,7U0U_FK5,7u0u,Boltz-1 full receptor r1/s20,cofolding,True,True,False,11.172279823334195,results/posebench_702_predictions/boltz1_gpu/posebusters_benchmark/7U0U_FK5/full_r1_s20/boltz_results_7U0U_FK5_boltz1/predictions/7U0U_FK5_boltz1/7U0U_FK5_boltz1_model_0.cif,0.444153368473053,0.2996385991573334,14.001105964360578,14.32470818281023,1.0,57.0,14.0,0.8791208791208791,True,False,posebusters_benchmark::7U0U_FK5
posebusters_benchmark,7U3J_L6U,7u3j,Boltz-1 full receptor r1/s20,cofolding,True,True,False,11.300083805890644,results/posebench_702_predictions/boltz1_gpu/posebusters_benchmark/7U3J_L6U/full_r1_s20/boltz_results_7U3J_L6U_boltz1/predictions/7U3J_L6U_boltz1/7U3J_L6U_boltz1_model_0.cif,0.3515596091747284,0.2119975686073303,12.653301085617596,5.204406836007192,1.0,38.0,2.0,0.3111111111111111,False,False,posebusters_benchmark::7U3J_L6U
posebusters_benchmark,7UAS_MBU,7uas,Boltz-1 full receptor r1/s20,cofolding,True,True,False,6.794787402253244,results/posebench_702_predictions/boltz1_gpu/posebusters_benchmark/7UAS_MBU/full_r1_s20/boltz_results_7UAS_MBU_boltz1/predictions/7UAS_MBU_boltz1/7UAS_MBU_boltz1_model_0.cif,0.7314901351928711,0.3905321061611175,24.68733225350694,0.4138011709769194,1.0,40.0,1.0,1.0,True,True,posebusters_benchmark::7UAS_MBU
posebusters_benchmark,7UAW_MF6,7uaw,Boltz-1 full receptor r1/s20,cofolding,True,True,False,34.449200075342574,results/posebench_702_predictions/boltz1_gpu/posebusters_benchmark/7UAW_MF6/full_r1_s20/boltz_results_7UAW_MF6_boltz1/predictions/7UAW_MF6_boltz1/7UAW_MF6_boltz1_model_0.cif,0.4043493270874023,0.1419568806886673,22.38261135165132,14.302926270602512,1.0,35.0,10.0,1.0,True,True,posebusters_benchmark::7UAW_MF6
posebusters_benchmark,7UEY_N0R,7uey,Boltz-1 full receptor r1/s20,cofolding,True,True,False,14.132625652813546,results/posebench_702_predictions/boltz1_gpu/posebusters_benchmark/7UEY_N0R/full_r1_s20/boltz_results_7UEY_N0R_boltz1/predictions/7UEY_N0R_boltz1/7UEY_N0R_boltz1_model_0.cif,0.3917797207832336,0.3818525075912475,19.82320513051512,7.735250423476227,1.0,27.0,0.0,0.6481481481481481,True,False,posebusters_benchmark::7UEY_N0R
posebusters_benchmark,7UF2_5SP,7uf2,Boltz-1 full receptor r1/s20,cofolding,True,True,False,6.541342328477012,results/posebench_702_predictions/boltz1_gpu/posebusters_benchmark/7UF2_5SP/full_r1_s20/boltz_results_7UF2_5SP_boltz1/predictions/7UF2_5SP_boltz1/7UF2_5SP_boltz1_model_0.cif,0.4195610582828522,0.3811036646366119,18.959224844402243,12.031793021555549,1.0,14.0,2.0,1.0,False,False,posebusters_benchmark::7UF2_5SP
posebusters_benchmark,7UJ4_OQ4,7uj4,Boltz-1 full receptor r1/s20,cofolding,True,True,False,12.208064723362916,results/posebench_702_predictions/boltz1_gpu/posebusters_benchmark/7UJ4_OQ4/full_r1_s20/boltz_results_7UJ4_OQ4_boltz1/predictions/7UJ4_OQ4_boltz1/7UJ4_OQ4_boltz1_model_0.cif,0.4411604404449463,0.4250766336917877,32.74952902457335,8.056522614158926,1.0,44.0,0.0,1.0,True,True,posebusters_benchmark::7UJ4_OQ4
posebusters_benchmark,7UJ5_DGL,7uj5,Boltz-1 full receptor r1/s20,cofolding,True,True,False,20.52421657924661,results/posebench_702_predictions/boltz1_gpu/posebusters_benchmark/7UJ5_DGL/full_r1_s20/boltz_results_7UJ5_DGL_boltz1/predictions/7UJ5_DGL_boltz1/7UJ5_DGL_boltz1_model_0.cif,0.3949141204357147,0.5059739947319031,31.32133923845825,11.445606576358182,1.0,10.0,1.0,1.0,False,False,posebusters_benchmark::7UJ5_DGL
posebusters_benchmark,7UJF_R3V,7ujf,Boltz-1 full receptor r1/s20,cofolding,True,True,False,25.72971233756275,results/posebench_702_predictions/boltz1_gpu/posebusters_benchmark/7UJF_R3V/full_r1_s20/boltz_results_7UJF_R3V_boltz1/predictions/7UJF_R3V_boltz1/7UJF_R3V_boltz1_model_0.cif,0.3251930475234985,0.2327772080898285,30.82570332967488,15.598450251876484,1.0,32.0,3.0,1.0,True,True,posebusters_benchmark::7UJF_R3V
posebusters_benchmark,7ULC_56B,7ulc,Boltz-1 full receptor r1/s20,cofolding,True,True,False,22.570731589630444,results/posebench_702_predictions/boltz1_gpu/posebusters_benchmark/7ULC_56B/full_r1_s20/boltz_results_7ULC_56B_boltz1/predictions/7ULC_56B_boltz1/7ULC_56B_boltz1_model_0.cif,0.3429324626922607,0.2835832834243774,23.92399029276249,14.326681302732537,1.0,33.0,7.0,1.0,True,False,posebusters_benchmark::7ULC_56B
posebusters_benchmark,7UMV_NUU,7umv,Boltz-1 full receptor r1/s20,cofolding,True,True,False,27.656845945631265,results/posebench_702_predictions/boltz1_gpu/posebusters_benchmark/7UMV_NUU/full_r1_s20/boltz_results_7UMV_NUU_boltz1/predictions/7UMV_NUU_boltz1/7UMV_NUU_boltz1_model_0.cif,0.5722657442092896,0.2486462444067001,6.400995465015429,2.997164191195909,1.0,22.0,0.0,0.532258064516129,False,False,posebusters_benchmark::7UMV_NUU
posebusters_benchmark,7UMW_NAD,7umw,Boltz-1 full receptor r1/s20,cofolding,True,True,False,11.02700902038047,results/posebench_702_predictions/boltz1_gpu/posebusters_benchmark/7UMW_NAD/full_r1_s20/boltz_results_7UMW_NAD_boltz1/predictions/7UMW_NAD_boltz1/7UMW_NAD_boltz1_model_0.cif,0.3507499396800995,0.3438395857810974,17.706820290952884,11.311082406313684,1.0,44.0,10.0,1.0,True,False,posebusters_benchmark::7UMW_NAD
posebusters_benchmark,7UP3_NZ0,7up3,Boltz-1 full receptor r1/s20,cofolding,True,True,False,20.821345903357976,results/posebench_702_predictions/boltz1_gpu/posebusters_benchmark/7UP3_NZ0/full_r1_s20/boltz_results_7UP3_NZ0_boltz1/predictions/7UP3_NZ0_boltz1/7UP3_NZ0_boltz1_model_0.cif,0.3902553021907806,0.4230144619941711,17.890523511506,12.982049743627918,1.0,23.0,0.0,0.3636363636363636,False,False,posebusters_benchmark::7UP3_NZ0
posebusters_benchmark,7UQ3_O2U,7uq3,Boltz-1 full receptor r1/s20,cofolding,True,True,False,13.66024018412726,results/posebench_702_predictions/boltz1_gpu/posebusters_benchmark/7UQ3_O2U/full_r1_s20/boltz_results_7UQ3_O2U_boltz1/predictions/7UQ3_O2U_boltz1/7UQ3_O2U_boltz1_model_0.cif,0.3406839668750763,0.2877016961574554,16.841719152686,10.0521507290518,1.0,12.0,1.0,0.2333333333333333,False,False,posebusters_benchmark::7UQ3_O2U
posebusters_benchmark,7USH_82V,7ush,Boltz-1 full receptor r1/s20,cofolding,True,True,False,10.741351191357108,results/posebench_702_predictions/boltz1_gpu/posebusters_benchmark/7USH_82V/full_r1_s20/boltz_results_7USH_82V_boltz1/predictions/7USH_82V_boltz1/7USH_82V_boltz1_model_0.cif,0.6820699572563171,0.4058724641799927,7.332557698649405,4.413584884909995,1.0,26.0,0.0,1.0,True,True,posebusters_benchmark::7USH_82V
posebusters_benchmark,7UTW_NAI,7utw,Boltz-1 full receptor r1/s20,cofolding,True,True,False,26.09784033811625,results/posebench_702_predictions/boltz1_gpu/posebusters_benchmark/7UTW_NAI/full_r1_s20/boltz_results_7UTW_NAI_boltz1/predictions/7UTW_NAI_boltz1/7UTW_NAI_boltz1_model_0.cif,0.3576678335666656,0.7703903913497925,27.71455963013485,16.01778409533737,1.0,44.0,10.0,1.0,True,True,posebusters_benchmark::7UTW_NAI
posebusters_benchmark,7UXS_OJC,7uxs,Boltz-1 full receptor r1/s20,cofolding,True,True,False,9.044465581132185,results/posebench_702_predictions/boltz1_gpu/posebusters_benchmark/7UXS_OJC/full_r1_s20/boltz_results_7UXS_OJC_boltz1/predictions/7UXS_OJC_boltz1/7UXS_OJC_boltz1_model_0.cif,0.505433976650238,0.3228450715541839,7.840557852625358,4.10685383418654,1.0,35.0,10.0,1.0,True,True,posebusters_benchmark::7UXS_OJC
posebusters_benchmark,7UY4_SMI,7uy4,Boltz-1 full receptor r1/s20,cofolding,True,True,False,24.51107514529632,results/posebench_702_predictions/boltz1_gpu/posebusters_benchmark/7UY4_SMI/full_r1_s20/boltz_results_7UY4_SMI_boltz1/predictions/7UY4_SMI_boltz1/7UY4_SMI_boltz1_model_0.cif,0.3310951292514801,0.281179666519165,19.75842813503249,11.626091892151331,1.0,24.0,9.0,1.0,True,True,posebusters_benchmark::7UY4_SMI
posebusters_benchmark,7UYB_OK0,7uyb,Boltz-1 full receptor r1/s20,cofolding,True,True,False,7.3768126357361,results/posebench_702_predictions/boltz1_gpu/posebusters_benchmark/7UYB_OK0/full_r1_s20/boltz_results_7UYB_OK0_boltz1/predictions/7UYB_OK0_boltz1/7UYB_OK0_boltz1_model_0.cif,0.7040988206863403,0.7188682556152344,4.240207748389022,5.017241271037382,1.0,31.0,0.0,0.2631578947368421,False,False,posebusters_benchmark::7UYB_OK0
posebusters_benchmark,7V14_ORU,7v14,Boltz-1 full receptor r1/s20,cofolding,True,True,False,14.552727108208398,results/posebench_702_predictions/boltz1_gpu/posebusters_benchmark/7V14_ORU/full_r1_s20/boltz_results_7V14_ORU_boltz1/predictions/7V14_ORU_boltz1/7V14_ORU_boltz1_model_0.cif,0.51723313331604,0.3745327293872833,10.855557989367057,9.964445505329698,1.0,35.0,1.0,0.7948717948717948,False,False,posebusters_benchmark::7V14_ORU
posebusters_benchmark,7V3N_AKG,7v3n,Boltz-1 full receptor r1/s20,cofolding,True,True,False,9.922005529658389,results/posebench_702_predictions/boltz1_gpu/posebusters_benchmark/7V3N_AKG/full_r1_s20/boltz_results_7V3N_AKG_boltz1/predictions/7V3N_AKG_boltz1/7V3N_AKG_boltz1_model_0.cif,0.3402644693851471,0.323144793510437,19.625709839154503,13.732386479546834,1.0,10.0,0.0,1.0,False,False,posebusters_benchmark::7V3N_AKG
posebusters_benchmark,7V3S_5I9,7v3s,Boltz-1 full receptor r1/s20,cofolding,True,True,False,8.21609962309503,results/posebench_702_predictions/boltz1_gpu/posebusters_benchmark/7V3S_5I9/full_r1_s20/boltz_results_7V3S_5I9_boltz1/predictions/7V3S_5I9_boltz1/7V3S_5I9_boltz1_model_0.cif,0.3457896411418915,0.2224316447973251,17.43212400505687,13.234668186409785,1.0,38.0,0.0,1.0,True,True,posebusters_benchmark::7V3S_5I9
posebusters_benchmark,7V43_C4O,7v43,Boltz-1 full receptor r1/s20,cofolding,True,True,False,12.165682865801816,results/posebench_702_predictions/boltz1_gpu/posebusters_benchmark/7V43_C4O/full_r1_s20/boltz_results_7V43_C4O_boltz1/predictions/7V43_C4O_boltz1/7V43_C4O_boltz1_model_0.cif,0.3878965079784393,0.3463022112846374,21.888112540186537,12.525843418384566,1.0,8.0,0.0,1.0,True,True,posebusters_benchmark::7V43_C4O
posebusters_benchmark,7V8Z_5YH,7v8z,Boltz-1 full receptor r1/s20,cofolding,True,True,False,9.512163211029366,results/posebench_702_predictions/boltz1_gpu/posebusters_benchmark/7V8Z_5YH/full_r1_s20/boltz_results_7V8Z_5YH_boltz1/predictions/7V8Z_5YH_boltz1/7V8Z_5YH_boltz1_model_0.cif,0.4075592160224914,0.4888443946838379,24.899158906162462,11.034344161458325,1.0,25.0,1.0,0.2571428571428571,False,False,posebusters_benchmark::7V8Z_5YH
posebusters_benchmark,7VB8_STL,7vb8,Boltz-1 full receptor r1/s20,cofolding,True,True,False,6.151967642099221,results/posebench_702_predictions/boltz1_gpu/posebusters_benchmark/7VB8_STL/full_r1_s20/boltz_results_7VB8_STL_boltz1/predictions/7VB8_STL_boltz1/7VB8_STL_boltz1_model_0.cif,0.3501802682876587,0.4386033415794372,31.003622165111217,12.28714105154172,1.0,17.0,0.0,1.0,True,False,posebusters_benchmark::7VB8_STL
posebusters_benchmark,7VBU_6I4,7vbu,Boltz-1 full receptor r1/s20,cofolding,True,True,False,7.583782474045869,results/posebench_702_predictions/boltz1_gpu/posebusters_benchmark/7VBU_6I4/full_r1_s20/boltz_results_7VBU_6I4_boltz1/predictions/7VBU_6I4_boltz1/7VBU_6I4_boltz1_model_0.cif,0.3562937378883362,0.2709709703922272,21.5553429156068,13.61511297194886,1.0,17.0,0.0,0.5714285714285714,True,False,posebusters_benchmark::7VBU_6I4
posebusters_benchmark,7VC5_9SF,7vc5,Boltz-1 full receptor r1/s20,cofolding,True,True,False,9.569093497087284,results/posebench_702_predictions/boltz1_gpu/posebusters_benchmark/7VC5_9SF/full_r1_s20/boltz_results_7VC5_9SF_boltz1/predictions/7VC5_9SF_boltz1/7VC5_9SF_boltz1_model_0.cif,0.3734461367130279,0.3902183175086975,24.028117860627667,13.159684080187375,1.0,22.0,2.0,0.6721311475409836,True,False,posebusters_benchmark::7VC5_9SF
posebusters_benchmark,7VJT_7IJ,7vjt,Boltz-1 full receptor r1/s20,cofolding,True,True,False,9.69723536069058,results/posebench_702_predictions/boltz1_gpu/posebusters_benchmark/7VJT_7IJ/full_r1_s20/boltz_results_7VJT_7IJ_boltz1/predictions/7VJT_7IJ_boltz1/7VJT_7IJ_boltz1_model_0.cif,0.3804919421672821,0.4187588691711426,21.54839623721948,16.125455138603765,1.0,27.0,0.0,1.0,True,True,posebusters_benchmark::7VJT_7IJ
posebusters_benchmark,7VKZ_NOJ,7vkz,Boltz-1 full receptor r1/s20,cofolding,True,False,False,,,,,,,0.0,11.0,4.0,0.3793103448275862,True,False,posebusters_benchmark::7VKZ_NOJ
posebusters_benchmark,7VQ9_ISY,7vq9,Boltz-1 full receptor r1/s20,cofolding,True,True,False,8.609957068001409,results/posebench_702_predictions/boltz1_gpu/posebusters_benchmark/7VQ9_ISY/full_r1_s20/boltz_results_7VQ9_ISY_boltz1/predictions/7VQ9_ISY_boltz1/7VQ9_ISY_boltz1_model_0.cif,0.4338452816009521,0.4337091445922851,16.336193346329,10.761462715825218,1.0,14.0,1.0,1.0,False,True,posebusters_benchmark::7VQ9_ISY
posebusters_benchmark,7VWF_K55,7vwf,Boltz-1 full receptor r1/s20,cofolding,True,True,False,11.276398784870327,results/posebench_702_predictions/boltz1_gpu/posebusters_benchmark/7VWF_K55/full_r1_s20/boltz_results_7VWF_K55_boltz1/predictions/7VWF_K55_boltz1/7VWF_K55_boltz1_model_0.cif,0.4471049010753631,0.5565685629844666,22.58161229896552,16.71431437365935,1.0,33.0,1.0,0.7424242424242424,True,True,posebusters_benchmark::7VWF_K55
posebusters_benchmark,7VYJ_CA0,7vyj,Boltz-1 full receptor r1/s20,cofolding,True,False,False,,,,,,,0.0,26.0,5.0,1.0,True,True,posebusters_benchmark::7VYJ_CA0
posebusters_benchmark,7W05_GMP,7w05,Boltz-1 full receptor r1/s20,cofolding,True,True,False,14.905045813946751,results/posebench_702_predictions/boltz1_gpu/posebusters_benchmark/7W05_GMP/full_r1_s20/boltz_results_7W05_GMP_boltz1/predictions/7W05_GMP_boltz1/7W05_GMP_boltz1_model_0.cif,0.432195633649826,0.3804187476634979,9.634107682983124,6.589918613317738,1.0,20.0,4.0,0.7272727272727273,True,False,posebusters_benchmark::7W05_GMP
posebusters_benchmark,7W06_ITN,7w06,Boltz-1 full receptor r1/s20,cofolding,True,True,False,13.74698024099082,results/posebench_702_predictions/boltz1_gpu/posebusters_benchmark/7W06_ITN/full_r1_s20/boltz_results_7W06_ITN_boltz1/predictions/7W06_ITN_boltz1/7W06_ITN_boltz1_model_0.cif,0.4969879686832428,0.5250254273414612,16.903046892645825,10.217502355409051,1.0,9.0,0.0,0.3478260869565217,False,False,posebusters_benchmark::7W06_ITN
posebusters_benchmark,7W6F_8I6,7w6f,Boltz-1 full receptor r1/s20,cofolding,True,True,False,14.80887021303102,results/posebench_702_predictions/boltz1_gpu/posebusters_benchmark/7W6F_8I6/full_r1_s20/boltz_results_7W6F_8I6_boltz1/predictions/7W6F_8I6_boltz1/7W6F_8I6_boltz1_model_0.cif,0.5146682262420654,0.5186188220977783,16.628976683803838,10.288628543625393,1.0,20.0,0.0,1.0,True,True,posebusters_benchmark::7W6F_8I6
posebusters_benchmark,7WCF_ACP,7wcf,Boltz-1 full receptor r1/s20,cofolding,True,True,False,12.902008639113516,results/posebench_702_predictions/boltz1_gpu/posebusters_benchmark/7WCF_ACP/full_r1_s20/boltz_results_7WCF_ACP_boltz1/predictions/7WCF_ACP_boltz1/7WCF_ACP_boltz1_model_0.cif,0.3746044635772705,0.232064738869667,17.227504682916734,14.967058612041823,1.0,31.0,6.0,1.0,True,True,posebusters_benchmark::7WCF_ACP
posebusters_benchmark,7WDT_NGS,7wdt,Boltz-1 full receptor r1/s20,cofolding,True,True,False,6.836757669707805,results/posebench_702_predictions/boltz1_gpu/posebusters_benchmark/7WDT_NGS/full_r1_s20/boltz_results_7WDT_NGS_boltz1/predictions/7WDT_NGS_boltz1/7WDT_NGS_boltz1_model_0.cif,0.4592121243476867,0.6492884755134583,31.414604269316428,11.679022991722553,1.0,19.0,5.0,1.0,True,True,posebusters_benchmark::7WDT_NGS
posebusters_benchmark,7WJB_BGC,7wjb,Boltz-1 full receptor r1/s20,cofolding,True,True,False,3.977156643737525,results/posebench_702_predictions/boltz1_gpu/posebusters_benchmark/7WJB_BGC/full_r1_s20/boltz_results_7WJB_BGC_boltz1/predictions/7WJB_BGC_boltz1/7WJB_BGC_boltz1_model_0.cif,0.4459451735019684,0.6871316432952881,26.52205938304624,8.705401611470224,1.0,12.0,5.0,1.0,True,False,posebusters_benchmark::7WJB_BGC
posebusters_benchmark,7WKL_CAQ,7wkl,Boltz-1 full receptor r1/s20,cofolding,True,False,False,,,,,,,0.0,8.0,0.0,0.5,True,False,posebusters_benchmark::7WKL_CAQ
posebusters_benchmark,7WL4_JFU,7wl4,Boltz-1 full receptor r1/s20,cofolding,True,True,False,7.444104760183927,results/posebench_702_predictions/boltz1_gpu/posebusters_benchmark/7WL4_JFU/full_r1_s20/boltz_results_7WL4_JFU_boltz1/predictions/7WL4_JFU_boltz1/7WL4_JFU_boltz1_model_0.cif,0.3687704801559448,0.4088057577610016,27.18838422249237,10.829609911011913,1.0,34.0,0.0,1.0,True,True,posebusters_benchmark::7WL4_JFU
posebusters_benchmark,7WN5_JGL,7wn5,Boltz-1 full receptor r1/s20,cofolding,True,True,False,25.576704830009152,results/posebench_702_predictions/boltz1_gpu/posebusters_benchmark/7WN5_JGL/full_r1_s20/boltz_results_7WN5_JGL_boltz1/predictions/7WN5_JGL_boltz1/7WN5_JGL_boltz1_model_0.cif,0.4842825531959533,0.350434273481369,10.76140923943137,9.193046198830515,1.0,37.0,0.0,0.3883495145631068,False,False,posebusters_benchmark::7WN5_JGL
posebusters_benchmark,7WPW_F15,7wpw,Boltz-1 full receptor r1/s20,cofolding,True,True,False,7.262612725853227,results/posebench_702_predictions/boltz1_gpu/posebusters_benchmark/7WPW_F15/full_r1_s20/boltz_results_7WPW_F15_boltz1/predictions/7WPW_F15_boltz1/7WPW_F15_boltz1_model_0.cif,0.6024479866027832,0.4818212389945984,9.976086646216327,8.065229596410447,1.0,17.0,0.0,1.0,False,False,posebusters_benchmark::7WPW_F15
posebusters_benchmark,7WQQ_5Z6,7wqq,Boltz-1 full receptor r1/s20,cofolding,True,True,False,9.334704159421175,results/posebench_702_predictions/boltz1_gpu/posebusters_benchmark/7WQQ_5Z6/full_r1_s20/boltz_results_7WQQ_5Z6_boltz1/predictions/7WQQ_5Z6_boltz1/7WQQ_5Z6_boltz1_model_0.cif,0.4679594933986664,0.3662157654762268,21.403595118091378,13.7227488487158,1.0,27.0,0.0,1.0,True,True,posebusters_benchmark::7WQQ_5Z6
posebusters_benchmark,7WUX_6OI,7wux,Boltz-1 full receptor r1/s20,cofolding,True,True,False,17.172481160683997,results/posebench_702_predictions/boltz1_gpu/posebusters_benchmark/7WUX_6OI/full_r1_s20/boltz_results_7WUX_6OI_boltz1/predictions/7WUX_6OI_boltz1/7WUX_6OI_boltz1_model_0.cif,0.3351931571960449,0.6814855337142944,29.5730044991966,14.759575639727478,1.0,17.0,3.0,1.0,False,True,posebusters_benchmark::7WUX_6OI
posebusters_benchmark,7WUY_76N,7wuy,Boltz-1 full receptor r1/s20,cofolding,True,True,False,10.064409479649846,results/posebench_702_predictions/boltz1_gpu/posebusters_benchmark/7WUY_76N/full_r1_s20/boltz_results_7WUY_76N_boltz1/predictions/7WUY_76N_boltz1/7WUY_76N_boltz1_model_0.cif,0.3453916013240814,0.4470488727092743,28.831206212694035,16.57757889643804,1.0,30.0,8.0,1.0,True,True,posebusters_benchmark::7WUY_76N
posebusters_benchmark,7WY1_D0L,7wy1,Boltz-1 full receptor r1/s20,cofolding,True,True,False,24.316227170957276,results/posebench_702_predictions/boltz1_gpu/posebusters_benchmark/7WY1_D0L/full_r1_s20/boltz_results_7WY1_D0L_boltz1/predictions/7WY1_D0L_boltz1/7WY1_D0L_boltz1_model_0.cif,0.3647301197052002,0.5474801659584045,32.62295265650887,16.75125104311423,1.0,26.0,2.0,0.5666666666666667,False,False,posebusters_benchmark::7WY1_D0L
posebusters_benchmark,7X5N_5M5,7x5n,Boltz-1 full receptor r1/s20,cofolding,True,True,False,8.20155011904227,results/posebench_702_predictions/boltz1_gpu/posebusters_benchmark/7X5N_5M5/full_r1_s20/boltz_results_7X5N_5M5_boltz1/predictions/7X5N_5M5_boltz1/7X5N_5M5_boltz1_model_0.cif,0.4180547297000885,0.5747721791267395,28.376547438139607,13.317939884251237,1.0,30.0,1.0,1.0,True,False,posebusters_benchmark::7X5N_5M5
posebusters_benchmark,7X9K_8OG,7x9k,Boltz-1 full receptor r1/s20,cofolding,True,True,False,17.647800753787802,results/posebench_702_predictions/boltz1_gpu/posebusters_benchmark/7X9K_8OG/full_r1_s20/boltz_results_7X9K_8OG_boltz1/predictions/7X9K_8OG_boltz1/7X9K_8OG_boltz1_model_0.cif,0.4994398057460785,0.4669404923915863,7.741621917142634,6.808285820953477,1.0,24.0,3.0,1.0,True,False,posebusters_benchmark::7X9K_8OG
posebusters_benchmark,7XBV_APC,7xbv,Boltz-1 full receptor r1/s20,cofolding,True,True,False,10.371794660454489,results/posebench_702_predictions/boltz1_gpu/posebusters_benchmark/7XBV_APC/full_r1_s20/boltz_results_7XBV_APC_boltz1/predictions/7XBV_APC_boltz1/7XBV_APC_boltz1_model_0.cif,0.3983839154243469,0.4096840620040893,19.958894673703018,15.798140288922768,1.0,31.0,6.0,1.0,True,True,posebusters_benchmark::7XBV_APC
posebusters_benchmark,7XEK_9YX,7xek,Boltz-1 full receptor r1/s20,cofolding,True,True,False,8.025153405191267,results/posebench_702_predictions/boltz1_gpu/posebusters_benchmark/7XEK_9YX/full_r1_s20/boltz_results_7XEK_9YX_boltz1/predictions/7XEK_9YX_boltz1/7XEK_9YX_boltz1_model_0.cif,0.5580587387084961,0.8468964099884033,18.66171965771669,10.58139384775223,1.0,22.0,2.0,1.0,True,True,posebusters_benchmark::7XEK_9YX
posebusters_benchmark,7XFA_D9J,7xfa,Boltz-1 full receptor r1/s20,cofolding,True,True,False,8.605917688095799,results/posebench_702_predictions/boltz1_gpu/posebusters_benchmark/7XFA_D9J/full_r1_s20/boltz_results_7XFA_D9J_boltz1/predictions/7XFA_D9J_boltz1/7XFA_D9J_boltz1_model_0.cif,0.9494213461875916,0.9682269096374512,1.238735445919499,0.5247330524011802,1.0,41.0,5.0,0.25,False,False,posebusters_benchmark::7XFA_D9J
posebusters_benchmark,7XG5_PLP,7xg5,Boltz-1 full receptor r1/s20,cofolding,True,True,False,17.564571436786093,results/posebench_702_predictions/boltz1_gpu/posebusters_benchmark/7XG5_PLP/full_r1_s20/boltz_results_7XG5_PLP_boltz1/predictions/7XG5_PLP_boltz1/7XG5_PLP_boltz1_model_0.cif,0.3140306770801544,0.563369631767273,24.287075749194287,13.821233297353697,1.0,16.0,0.0,1.0,True,False,posebusters_benchmark::7XG5_PLP
posebusters_benchmark,7XI7_4RI,7xi7,Boltz-1 full receptor r1/s20,cofolding,True,True,False,8.980230634444734,results/posebench_702_predictions/boltz1_gpu/posebusters_benchmark/7XI7_4RI/full_r1_s20/boltz_results_7XI7_4RI_boltz1/predictions/7XI7_4RI_boltz1/7XI7_4RI_boltz1_model_0.cif,0.6004505753517151,0.5343645215034485,6.887239412785392,5.246259918791052,1.0,20.0,0.0,1.0,True,True,posebusters_benchmark::7XI7_4RI
posebusters_benchmark,7XIJ_EJ3,7xij,Boltz-1 full receptor r1/s20,cofolding,True,True,False,15.513557844827794,results/posebench_702_predictions/boltz1_gpu/posebusters_benchmark/7XIJ_EJ3/full_r1_s20/boltz_results_7XIJ_EJ3_boltz1/predictions/7XIJ_EJ3_boltz1/7XIJ_EJ3_boltz1_model_0.cif,0.530646562576294,0.5454578995704651,7.180394145840401,3.961905419106013,1.0,33.0,0.0,0.525,False,False,posebusters_benchmark::7XIJ_EJ3
posebusters_benchmark,7XJN_NSD,7xjn,Boltz-1 full receptor r1/s20,cofolding,True,False,False,,,,,,,0.0,9.0,0.0,0.8571428571428571,False,False,posebusters_benchmark::7XJN_NSD
posebusters_benchmark,7XPO_UPG,7xpo,Boltz-1 full receptor r1/s20,cofolding,True,True,False,13.39734290228822,results/posebench_702_predictions/boltz1_gpu/posebusters_benchmark/7XPO_UPG/full_r1_s20/boltz_results_7XPO_UPG_boltz1/predictions/7XPO_UPG_boltz1/7XPO_UPG_boltz1_model_0.cif,0.4725383818149566,0.574494481086731,23.37645008536387,13.22568373557854,1.0,36.0,11.0,1.0,True,True,posebusters_benchmark::7XPO_UPG
posebusters_benchmark,7XQZ_FPF,7xqz,Boltz-1 full receptor r1/s20,cofolding,True,True,False,10.350906780182552,results/posebench_702_predictions/boltz1_gpu/posebusters_benchmark/7XQZ_FPF/full_r1_s20/boltz_results_7XQZ_FPF_boltz1/predictions/7XQZ_FPF_boltz1/7XQZ_FPF_boltz1_model_0.cif,0.5125570297241211,0.3201318681240082,19.479964444588177,13.497639928902217,1.0,25.0,1.0,1.0,False,True,posebusters_benchmark::7XQZ_FPF
posebusters_benchmark,7XRL_FWK,7xrl,Boltz-1 full receptor r1/s20,cofolding,True,False,False,,,,,,,0.0,19.0,4.0,0.7954545454545454,True,False,posebusters_benchmark::7XRL_FWK
posebusters_benchmark,7YZU_DO7,7yzu,Boltz-1 full receptor r1/s20,cofolding,True,True,False,10.693058368613944,results/posebench_702_predictions/boltz1_gpu/posebusters_benchmark/7YZU_DO7/full_r1_s20/boltz_results_7YZU_DO7_boltz1/predictions/7YZU_DO7_boltz1/7YZU_DO7_boltz1_model_0.cif,0.4150106012821197,0.5099079012870789,22.05748173727533,12.372168271322964,1.0,16.0,5.0,1.0,True,True,posebusters_benchmark::7YZU_DO7
posebusters_benchmark,7Z1Q_NIO,7z1q,Boltz-1 full receptor r1/s20,cofolding,True,True,False,7.297034486577321,results/posebench_702_predictions/boltz1_gpu/posebusters_benchmark/7Z1Q_NIO/full_r1_s20/boltz_results_7Z1Q_NIO_boltz1/predictions/7Z1Q_NIO_boltz1/7Z1Q_NIO_boltz1_model_0.cif,0.428770363330841,0.47571861743927,15.872197766616669,10.932993245144656,1.0,9.0,0.0,1.0,True,False,posebusters_benchmark::7Z1Q_NIO
posebusters_benchmark,7Z2O_IAJ,7z2o,Boltz-1 full receptor r1/s20,cofolding,True,True,False,25.29787963314701,results/posebench_702_predictions/boltz1_gpu/posebusters_benchmark/7Z2O_IAJ/full_r1_s20/boltz_results_7Z2O_IAJ_boltz1/predictions/7Z2O_IAJ_boltz1/7Z2O_IAJ_boltz1_model_0.cif,0.3054403960704803,0.2420627176761627,21.888074323143545,11.997363992020697,1.0,14.0,0.0,0.6410256410256411,True,False,posebusters_benchmark::7Z2O_IAJ
posebusters_benchmark,7Z7F_IF3,7z7f,Boltz-1 full receptor r1/s20,cofolding,True,True,False,6.694064927733826,results/posebench_702_predictions/boltz1_gpu/posebusters_benchmark/7Z7F_IF3/full_r1_s20/boltz_results_7Z7F_IF3_boltz1/predictions/7Z7F_IF3_boltz1/7Z7F_IF3_boltz1_model_0.cif,0.4300300776958465,0.3306912183761596,20.030831171851588,13.455992685448942,1.0,14.0,0.0,0.375,True,False,posebusters_benchmark::7Z7F_IF3
posebusters_benchmark,7ZCC_OGA,7zcc,Boltz-1 full receptor r1/s20,cofolding,True,False,False,,,,,,,0.0,10.0,0.0,1.0,False,False,posebusters_benchmark::7ZCC_OGA
posebusters_benchmark,7ZDY_6MJ,7zdy,Boltz-1 full receptor r1/s20,cofolding,True,False,False,,,,,,,0.0,11.0,4.0,0.3333333333333333,True,False,posebusters_benchmark::7ZDY_6MJ
posebusters_benchmark,7ZF0_DHR,7zf0,Boltz-1 full receptor r1/s20,cofolding,True,True,False,4.608821851153635,results/posebench_702_predictions/boltz1_gpu/posebusters_benchmark/7ZF0_DHR/full_r1_s20/boltz_results_7ZF0_DHR_boltz1/predictions/7ZF0_DHR_boltz1/7ZF0_DHR_boltz1_model_0.cif,0.4903537929058075,0.669022262096405,19.08118382145018,8.380174942096394,1.0,11.0,1.0,1.0,True,True,posebusters_benchmark::7ZF0_DHR
posebusters_benchmark,7ZHP_IQY,7zhp,Boltz-1 full receptor r1/s20,cofolding,True,True,False,7.029295064772529,results/posebench_702_predictions/boltz1_gpu/posebusters_benchmark/7ZHP_IQY/full_r1_s20/boltz_results_7ZHP_IQY_boltz1/predictions/7ZHP_IQY_boltz1/7ZHP_IQY_boltz1_model_0.cif,0.3425551354885101,0.2277013957500457,18.316529767508584,13.522937885781056,1.0,27.0,0.0,0.2777777777777778,False,False,posebusters_benchmark::7ZHP_IQY
posebusters_benchmark,7ZL5_IWE,7zl5,Boltz-1 full receptor r1/s20,cofolding,True,True,False,11.928362658017724,results/posebench_702_predictions/boltz1_gpu/posebusters_benchmark/7ZL5_IWE/full_r1_s20/boltz_results_7ZL5_IWE_boltz1/predictions/7ZL5_IWE_boltz1/7ZL5_IWE_boltz1_model_0.cif,0.3521788716316223,0.3375062644481659,26.032188539803524,13.665004564594245,1.0,23.0,0.0,1.0,True,True,posebusters_benchmark::7ZL5_IWE
posebusters_benchmark,7ZOC_T8E,7zoc,Boltz-1 full receptor r1/s20,cofolding,True,True,False,7.500786161284186,results/posebench_702_predictions/boltz1_gpu/posebusters_benchmark/7ZOC_T8E/full_r1_s20/boltz_results_7ZOC_T8E_boltz1/predictions/7ZOC_T8E_boltz1/7ZOC_T8E_boltz1_model_0.cif,0.3502074778079986,0.3311443626880646,21.18708378098257,13.26792840957571,1.0,15.0,1.0,0.4615384615384615,True,False,posebusters_benchmark::7ZOC_T8E
posebusters_benchmark,7ZTL_BCN,7ztl,Boltz-1 full receptor r1/s20,cofolding,True,True,False,13.337934428729977,results/posebench_702_predictions/boltz1_gpu/posebusters_benchmark/7ZTL_BCN/full_r1_s20/boltz_results_7ZTL_BCN_boltz1/predictions/7ZTL_BCN_boltz1/7ZTL_BCN_boltz1_model_0.cif,0.4685475826263428,0.3253083527088165,13.138612413670735,9.996456882942532,1.0,11.0,0.0,1.0,False,False,posebusters_benchmark::7ZTL_BCN
posebusters_benchmark,7ZU2_DHT,7zu2,Boltz-1 full receptor r1/s20,cofolding,True,True,False,9.520833188361417,results/posebench_702_predictions/boltz1_gpu/posebusters_benchmark/7ZU2_DHT/full_r1_s20/boltz_results_7ZU2_DHT_boltz1/predictions/7ZU2_DHT_boltz1/7ZU2_DHT_boltz1_model_0.cif,0.4072051644325256,0.3007615506649017,18.990145272653525,12.69477158426016,1.0,21.0,7.0,1.0,True,False,posebusters_benchmark::7ZU2_DHT
posebusters_benchmark,7ZXV_45D,7zxv,Boltz-1 full receptor r1/s20,cofolding,True,True,False,14.578440241074004,results/posebench_702_predictions/boltz1_gpu/posebusters_benchmark/7ZXV_45D/full_r1_s20/boltz_results_7ZXV_45D_boltz1/predictions/7ZXV_45D_boltz1/7ZXV_45D_boltz1_model_0.cif,0.3587933480739593,0.3147453665733337,19.508844133559062,15.658986585016311,1.0,42.0,0.0,1.0,True,False,posebusters_benchmark::7ZXV_45D
posebusters_benchmark,7ZXZ_K9R,7zxz,Boltz-1 full receptor r1/s20,cofolding,True,True,False,9.24355011583882,results/posebench_702_predictions/boltz1_gpu/posebusters_benchmark/7ZXZ_K9R/full_r1_s20/boltz_results_7ZXZ_K9R_boltz1/predictions/7ZXZ_K9R_boltz1/7ZXZ_K9R_boltz1_model_0.cif,0.5013583898544312,0.3970514833927154,11.446191094381517,6.363973404129199,1.0,33.0,5.0,1.0,True,True,posebusters_benchmark::7ZXZ_K9R
posebusters_benchmark,7ZYS_KNR,7zys,Boltz-1 full receptor r1/s20,cofolding,True,True,False,15.91940899703786,results/posebench_702_predictions/boltz1_gpu/posebusters_benchmark/7ZYS_KNR/full_r1_s20/boltz_results_7ZYS_KNR_boltz1/predictions/7ZYS_KNR_boltz1/7ZYS_KNR_boltz1_model_0.cif,0.3224703371524811,0.296588659286499,16.852505545236266,11.494372526014937,1.0,44.0,3.0,0.2792792792792792,False,False,posebusters_benchmark::7ZYS_KNR
posebusters_benchmark,7ZZB_KGX,7zzb,Boltz-1 full receptor r1/s20,cofolding,True,True,False,17.340211550733923,results/posebench_702_predictions/boltz1_gpu/posebusters_benchmark/7ZZB_KGX/full_r1_s20/boltz_results_7ZZB_KGX_boltz1/predictions/7ZZB_KGX_boltz1/7ZZB_KGX_boltz1_model_0.cif,0.3417904675006866,0.3639506995677948,20.323500461049168,12.390646795143333,1.0,51.0,8.0,0.8641975308641975,True,False,posebusters_benchmark::7ZZB_KGX
posebusters_benchmark,7ZZW_KKW,7zzw,Boltz-1 full receptor r1/s20,cofolding,True,True,False,10.598134359560037,results/posebench_702_predictions/boltz1_gpu/posebusters_benchmark/7ZZW_KKW/full_r1_s20/boltz_results_7ZZW_KKW_boltz1/predictions/7ZZW_KKW_boltz1/7ZZW_KKW_boltz1_model_0.cif,0.378715306520462,0.3677393198013305,28.190174094806164,11.448712943816806,1.0,29.0,2.0,1.0,True,True,posebusters_benchmark::7ZZW_KKW
posebusters_benchmark,8A1H_DLZ,8a1h,Boltz-1 full receptor r1/s20,cofolding,True,True,False,10.061704565994244,results/posebench_702_predictions/boltz1_gpu/posebusters_benchmark/8A1H_DLZ/full_r1_s20/boltz_results_8A1H_DLZ_boltz1/predictions/8A1H_DLZ_boltz1/8A1H_DLZ_boltz1_model_0.cif,0.4075733125209808,0.3668197393417358,20.88540516769285,14.933751012794565,1.0,23.0,3.0,0.4761904761904761,False,False,posebusters_benchmark::8A1H_DLZ
posebusters_benchmark,8A2D_KXY,8a2d,Boltz-1 full receptor r1/s20,cofolding,True,True,False,14.774646752573169,results/posebench_702_predictions/boltz1_gpu/posebusters_benchmark/8A2D_KXY/full_r1_s20/boltz_results_8A2D_KXY_boltz1/predictions/8A2D_KXY_boltz1/8A2D_KXY_boltz1_model_0.cif,0.3716785013675689,0.4443612396717071,23.17551538758704,14.712400237552623,1.0,49.0,1.0,0.2635658914728682,False,False,posebusters_benchmark::8A2D_KXY
posebusters_benchmark,8AAU_LH0,8aau,Boltz-1 full receptor r1/s20,cofolding,True,True,False,,results/posebench_702_predictions/boltz1_gpu/posebusters_benchmark/8AAU_LH0/full_r1_s20/boltz_results_8AAU_LH0_boltz1/predictions/8AAU_LH0_boltz1/8AAU_LH0_boltz1_model_0.cif,0.8304885029792786,0.0,,,0.0,27.0,0.0,1.0,True,False,posebusters_benchmark::8AAU_LH0
posebusters_benchmark,8ACL_LQL,8acl,Boltz-1 full receptor r1/s20,cofolding,True,True,False,10.47394117916416,results/posebench_702_predictions/boltz1_gpu/posebusters_benchmark/8ACL_LQL/full_r1_s20/boltz_results_8ACL_LQL_boltz1/predictions/8ACL_LQL_boltz1/8ACL_LQL_boltz1_model_0.cif,0.3565791547298431,0.3265694677829742,19.447012890444288,14.17860148824857,1.0,31.0,1.0,0.4,False,False,posebusters_benchmark::8ACL_LQL
posebusters_benchmark,8AEM_LVF,8aem,Boltz-1 full receptor r1/s20,cofolding,True,True,False,16.773770809117433,results/posebench_702_predictions/boltz1_gpu/posebusters_benchmark/8AEM_LVF/full_r1_s20/boltz_results_8AEM_LVF_boltz1/predictions/8AEM_LVF_boltz1/8AEM_LVF_boltz1_model_0.cif,0.4915288090705871,0.3200067579746246,13.16745137824493,3.74358819588502,1.0,13.0,0.0,0.325,True,False,posebusters_benchmark::8AEM_LVF
posebusters_benchmark,8AEU_M0L,8aeu,Boltz-1 full receptor r1/s20,cofolding,True,True,False,6.754031985333022,results/posebench_702_predictions/boltz1_gpu/posebusters_benchmark/8AEU_M0L/full_r1_s20/boltz_results_8AEU_M0L_boltz1/predictions/8AEU_M0L_boltz1/8AEU_M0L_boltz1_model_0.cif,0.8123854994773865,0.7074535489082336,13.945342260394746,1.7742138493035122,1.0,41.0,2.0,0.2584269662921348,False,False,posebusters_benchmark::8AEU_M0L
posebusters_benchmark,8AIE_M7L,8aie,Boltz-1 full receptor r1/s20,cofolding,True,True,False,12.249514736482196,results/posebench_702_predictions/boltz1_gpu/posebusters_benchmark/8AIE_M7L/full_r1_s20/boltz_results_8AIE_M7L_boltz1/predictions/8AIE_M7L_boltz1/8AIE_M7L_boltz1_model_0.cif,0.3222125470638275,0.5139498710632324,24.119476883842,14.296091130445266,1.0,23.0,0.0,0.7321428571428571,True,False,posebusters_benchmark::8AIE_M7L
posebusters_benchmark,8AIJ_M9I,8aij,Boltz-1 full receptor r1/s20,cofolding,True,True,False,43.06660491550492,results/posebench_702_predictions/boltz1_gpu/posebusters_benchmark/8AIJ_M9I/full_r1_s20/boltz_results_8AIJ_M9I_boltz1/predictions/8AIJ_M9I_boltz1/8AIJ_M9I_boltz1_model_0.cif,0.6470683217048645,0.7245984077453613,16.731860281432798,2.210236037425228,1.0,19.0,5.0,1.0,True,True,posebusters_benchmark::8AIJ_M9I
posebusters_benchmark,8AJX_FUM,8ajx,Boltz-1 full receptor r1/s20,cofolding,True,True,False,8.04570801770353,results/posebench_702_predictions/boltz1_gpu/posebusters_benchmark/8AJX_FUM/full_r1_s20/boltz_results_8AJX_FUM_boltz1/predictions/8AJX_FUM_boltz1/8AJX_FUM_boltz1_model_0.cif,0.4075663089752197,0.2648138701915741,19.2004478341252,12.50694229449557,1.0,8.0,0.0,0.375,False,False,posebusters_benchmark::8AJX_FUM
posebusters_benchmark,8AP0_PRP,8ap0,Boltz-1 full receptor r1/s20,cofolding,True,True,False,11.089869642281853,results/posebench_702_predictions/boltz1_gpu/posebusters_benchmark/8AP0_PRP/full_r1_s20/boltz_results_8AP0_PRP_boltz1/predictions/8AP0_PRP_boltz1/8AP0_PRP_boltz1_model_0.cif,0.4269162118434906,0.5577965974807739,21.49023006171054,15.235030686181783,1.0,22.0,5.0,1.0,True,False,posebusters_benchmark::8AP0_PRP
posebusters_benchmark,8AQL_PLG,8aql,Boltz-1 full receptor r1/s20,cofolding,True,False,False,,,,,,,0.0,20.0,0.0,1.0,True,False,posebusters_benchmark::8AQL_PLG
posebusters_benchmark,8AUH_L9I,8auh,Boltz-1 full receptor r1/s20,cofolding,True,True,False,4.368556816122168,results/posebench_702_predictions/boltz1_gpu/posebusters_benchmark/8AUH_L9I/full_r1_s20/boltz_results_8AUH_L9I_boltz1/predictions/8AUH_L9I_boltz1/8AUH_L9I_boltz1_model_0.cif,0.4708684086799621,0.494764506816864,25.69730020088305,8.295454527308243,1.0,11.0,0.0,1.0,False,False,posebusters_benchmark::8AUH_L9I
posebusters_benchmark,8AY3_OE3,8ay3,Boltz-1 full receptor r1/s20,cofolding,True,True,False,6.313950184248606,results/posebench_702_predictions/boltz1_gpu/posebusters_benchmark/8AY3_OE3/full_r1_s20/boltz_results_8AY3_OE3_boltz1/predictions/8AY3_OE3_boltz1/8AY3_OE3_boltz1_model_0.cif,0.3153128325939178,0.3325734734535217,20.76912302660548,14.44587834694374,1.0,25.0,0.0,1.0,True,False,posebusters_benchmark::8AY3_OE3
posebusters_benchmark,8B8H_OJQ,8b8h,Boltz-1 full receptor r1/s20,cofolding,True,True,False,30.3944849617004,results/posebench_702_predictions/boltz1_gpu/posebusters_benchmark/8B8H_OJQ/full_r1_s20/boltz_results_8B8H_OJQ_boltz1/predictions/8B8H_OJQ_boltz1/8B8H_OJQ_boltz1_model_0.cif,0.3763827383518219,0.5261915922164917,25.66951001817121,16.624528618218996,1.0,22.0,0.0,0.5172413793103449,False,True,posebusters_benchmark::8B8H_OJQ
posebusters_benchmark,8BN6_R53,8bn6,Boltz-1 full receptor r1/s20,cofolding,True,True,False,18.953974962443684,results/posebench_702_predictions/boltz1_gpu/posebusters_benchmark/8BN6_R53/full_r1_s20/boltz_results_8BN6_R53_boltz1/predictions/8BN6_R53_boltz1/8BN6_R53_boltz1_model_0.cif,0.3309741914272308,0.1763735562562942,19.163863728261568,12.71094947606015,1.0,29.0,0.0,0.2873563218390804,False,False,posebusters_benchmark::8BN6_R53
posebusters_benchmark,8BOM_QU6,8bom,Boltz-1 full receptor r1/s20,cofolding,True,True,False,9.597936514058205,results/posebench_702_predictions/boltz1_gpu/posebusters_benchmark/8BOM_QU6/full_r1_s20/boltz_results_8BOM_QU6_boltz1/predictions/8BOM_QU6_boltz1/8BOM_QU6_boltz1_model_0.cif,0.3416506946086883,0.2748807668685913,20.74172347799652,17.201241574677613,1.0,35.0,0.0,0.8840579710144928,True,False,posebusters_benchmark::8BOM_QU6
posebusters_benchmark,8BPL_CP,8bpl,Boltz-1 full receptor r1/s20,cofolding,True,True,False,5.648686829165115,results/posebench_702_predictions/boltz1_gpu/posebusters_benchmark/8BPL_CP/full_r1_s20/boltz_results_8BPL_CP_boltz1/predictions/8BPL_CP_boltz1/8BPL_CP_boltz1_model_0.cif,0.5039963722229004,0.5440549850463867,16.628892841667117,9.773745064716572,1.0,8.0,0.0,0.4347826086956521,False,False,posebusters_benchmark::8BPL_CP
posebusters_benchmark,8BRO_R7E,8bro,Boltz-1 full receptor r1/s20,cofolding,True,True,False,14.282397858598308,results/posebench_702_predictions/boltz1_gpu/posebusters_benchmark/8BRO_R7E/full_r1_s20/boltz_results_8BRO_R7E_boltz1/predictions/8BRO_R7E_boltz1/8BRO_R7E_boltz1_model_0.cif,0.4012535512447357,0.2647809684276581,10.450973088784565,9.027723271223268,1.0,26.0,5.0,0.4814814814814814,False,False,posebusters_benchmark::8BRO_R7E
posebusters_benchmark,8BTI_RFO,8bti,Boltz-1 full receptor r1/s20,cofolding,True,True,False,6.7310522621510085,results/posebench_702_predictions/boltz1_gpu/posebusters_benchmark/8BTI_RFO/full_r1_s20/boltz_results_8BTI_RFO_boltz1/predictions/8BTI_RFO_boltz1/8BTI_RFO_boltz1_model_0.cif,0.4128994643688202,0.4639366567134857,15.176554410472486,9.857102510224394,1.0,15.0,0.0,0.3137254901960784,True,False,posebusters_benchmark::8BTI_RFO
posebusters_benchmark,8C3N_ADP,8c3n,Boltz-1 full receptor r1/s20,cofolding,True,True,False,14.258996591191451,results/posebench_702_predictions/boltz1_gpu/posebusters_benchmark/8C3N_ADP/full_r1_s20/boltz_results_8C3N_ADP_boltz1/predictions/8C3N_ADP_boltz1/8C3N_ADP_boltz1_model_0.cif,0.5775451064109802,0.583530068397522,11.325090567829044,11.776457439548745,1.0,27.0,5.0,1.0,True,True,posebusters_benchmark::8C3N_ADP
posebusters_benchmark,8C5D_GTB,8c5d,Boltz-1 full receptor r1/s20,cofolding,True,True,False,10.35271741524467,results/posebench_702_predictions/boltz1_gpu/posebusters_benchmark/8C5D_GTB/full_r1_s20/boltz_results_8C5D_GTB_boltz1/predictions/8C5D_GTB_boltz1/8C5D_GTB_boltz1_model_0.cif,0.3151578903198242,0.3220730125904083,19.05953977794954,13.327308255616748,1.0,30.0,2.0,0.5789473684210527,True,False,posebusters_benchmark::8C5D_GTB
posebusters_benchmark,8C5M_MTA,8c5m,Boltz-1 full receptor r1/s20,cofolding,True,True,False,11.128006876706982,results/posebench_702_predictions/boltz1_gpu/posebusters_benchmark/8C5M_MTA/full_r1_s20/boltz_results_8C5M_MTA_boltz1/predictions/8C5M_MTA_boltz1/8C5M_MTA_boltz1_model_0.cif,0.3348821103572845,0.534981369972229,23.333643120032928,9.918450020790964,1.0,20.0,4.0,1.0,True,False,posebusters_benchmark::8C5M_MTA
posebusters_benchmark,8C7Y_TXV,8c7y,Boltz-1 full receptor r1/s20,cofolding,True,True,False,10.33472498021194,results/posebench_702_predictions/boltz1_gpu/posebusters_benchmark/8C7Y_TXV/full_r1_s20/boltz_results_8C7Y_TXV_boltz1/predictions/8C7Y_TXV_boltz1/8C7Y_TXV_boltz1_model_0.cif,0.3464687764644623,0.3551496565341949,25.2123598078164,16.785694349186244,1.0,34.0,0.0,0.2758620689655172,False,False,posebusters_benchmark::8C7Y_TXV
posebusters_benchmark,8CGC_LMR,8cgc,Boltz-1 full receptor r1/s20,cofolding,True,True,False,4.961612952127554,results/posebench_702_predictions/boltz1_gpu/posebusters_benchmark/8CGC_LMR/full_r1_s20/boltz_results_8CGC_LMR_boltz1/predictions/8CGC_LMR_boltz1/8CGC_LMR_boltz1_model_0.cif,0.3571606576442718,0.3207975029945373,20.027666001228464,7.546496541421708,1.0,9.0,1.0,0.5,False,False,posebusters_benchmark::8CGC_LMR
posebusters_benchmark,8CI0_8EL,8ci0,Boltz-1 full receptor r1/s20,cofolding,True,False,False,,,,,,,0.0,26.0,1.0,0.6417910447761194,False,True,posebusters_benchmark::8CI0_8EL
posebusters_benchmark,8CNH_V6U,8cnh,Boltz-1 full receptor r1/s20,cofolding,True,True,False,8.382481625135151,results/posebench_702_predictions/boltz1_gpu/posebusters_benchmark/8CNH_V6U/full_r1_s20/boltz_results_8CNH_V6U_boltz1/predictions/8CNH_V6U_boltz1/8CNH_V6U_boltz1_model_0.cif,0.393758624792099,0.379498690366745,21.27855088446225,12.760343707704106,1.0,25.0,0.0,1.0,True,True,posebusters_benchmark::8CNH_V6U
posebusters_benchmark,8CSD_C5P,8csd,Boltz-1 full receptor r1/s20,cofolding,True,True,False,13.633639758268808,results/posebench_702_predictions/boltz1_gpu/posebusters_benchmark/8CSD_C5P/full_r1_s20/boltz_results_8CSD_C5P_boltz1/predictions/8CSD_C5P_boltz1/8CSD_C5P_boltz1_model_0.cif,0.3284472823143005,0.3254255950450897,26.930593834995424,10.513243087307556,1.0,21.0,4.0,0.84,True,False,posebusters_benchmark::8CSD_C5P
posebusters_benchmark,8D19_GSH,8d19,Boltz-1 full receptor r1/s20,cofolding,True,True,False,15.786588116040724,results/posebench_702_predictions/boltz1_gpu/posebusters_benchmark/8D19_GSH/full_r1_s20/boltz_results_8D19_GSH_boltz1/predictions/8D19_GSH_boltz1/8D19_GSH_boltz1_model_0.cif,0.5881662964820862,0.4809538125991821,26.851807950097125,18.95612762719684,1.0,20.0,2.0,1.0,False,True,posebusters_benchmark::8D19_GSH
posebusters_benchmark,8D39_QDB,8d39,Boltz-1 full receptor r1/s20,cofolding,True,True,False,7.027841631588545,results/posebench_702_predictions/boltz1_gpu/posebusters_benchmark/8D39_QDB/full_r1_s20/boltz_results_8D39_QDB_boltz1/predictions/8D39_QDB_boltz1/8D39_QDB_boltz1_model_0.cif,0.3856021463871002,0.3862831890583038,20.72261886447856,14.365176909662743,1.0,17.0,0.0,1.0,True,True,posebusters_benchmark::8D39_QDB
posebusters_benchmark,8D5D_5DK,8d5d,Boltz-1 full receptor r1/s20,cofolding,True,True,False,12.52438768640008,results/posebench_702_predictions/boltz1_gpu/posebusters_benchmark/8D5D_5DK/full_r1_s20/boltz_results_8D5D_5DK_boltz1/predictions/8D5D_5DK_boltz1/8D5D_5DK_boltz1_model_0.cif,0.4328969419002533,0.2517129480838775,22.472940383770453,10.180394361740612,1.0,27.0,1.0,0.8870967741935484,True,False,posebusters_benchmark::8D5D_5DK
posebusters_benchmark,8DHG_T78,8dhg,Boltz-1 full receptor r1/s20,cofolding,True,True,False,17.28143791796197,results/posebench_702_predictions/boltz1_gpu/posebusters_benchmark/8DHG_T78/full_r1_s20/boltz_results_8DHG_T78_boltz1/predictions/8DHG_T78_boltz1/8DHG_T78_boltz1_model_0.cif,0.5587584376335144,0.518511950969696,14.003191692342408,13.433477649983756,1.0,35.0,1.0,0.2417582417582417,False,False,posebusters_benchmark::8DHG_T78
posebusters_benchmark,8DKO_TFB,8dko,Boltz-1 full receptor r1/s20,cofolding,True,True,False,9.250854487853776,results/posebench_702_predictions/boltz1_gpu/posebusters_benchmark/8DKO_TFB/full_r1_s20/boltz_results_8DKO_TFB_boltz1/predictions/8DKO_TFB_boltz1/8DKO_TFB_boltz1_model_0.cif,0.4593938887119293,0.4367457926273346,18.423639982224987,10.47799234409324,1.0,8.0,1.0,1.0,True,False,posebusters_benchmark::8DKO_TFB
posebusters_benchmark,8DP2_UMA,8dp2,Boltz-1 full receptor r1/s20,cofolding,True,True,False,10.215898423973744,results/posebench_702_predictions/boltz1_gpu/posebusters_benchmark/8DP2_UMA/full_r1_s20/boltz_results_8DP2_UMA_boltz1/predictions/8DP2_UMA_boltz1/8DP2_UMA_boltz1_model_0.cif,0.4933215677738189,0.38454070687294,11.813967530687826,8.185088504229325,1.0,49.0,13.0,0.7590361445783133,True,False,posebusters_benchmark::8DP2_UMA
posebusters_benchmark,8DSC_NCA,8dsc,Boltz-1 full receptor r1/s20,cofolding,True,True,False,9.832423648555396,results/posebench_702_predictions/boltz1_gpu/posebusters_benchmark/8DSC_NCA/full_r1_s20/boltz_results_8DSC_NCA_boltz1/predictions/8DSC_NCA_boltz1/8DSC_NCA_boltz1_model_0.cif,0.3593387901782989,0.4735157489776611,31.82343687886191,14.549927518451298,1.0,9.0,0.0,1.0,True,True,posebusters_benchmark::8DSC_NCA
posebusters_benchmark,8DW5_FQ7,8dw5,Boltz-1 full receptor r1/s20,cofolding,True,True,False,11.040829285791276,results/posebench_702_predictions/boltz1_gpu/posebusters_benchmark/8DW5_FQ7/full_r1_s20/boltz_results_8DW5_FQ7_boltz1/predictions/8DW5_FQ7_boltz1/8DW5_FQ7_boltz1_model_0.cif,0.6175439953804016,0.5079275369644165,4.288763881811161,5.402907272509481,1.0,18.0,0.0,0.5,True,False,posebusters_benchmark::8DW5_FQ7
posebusters_benchmark,8DZT_G4P,8dzt,Boltz-1 full receptor r1/s20,cofolding,True,True,False,9.70136465984449,results/posebench_702_predictions/boltz1_gpu/posebusters_benchmark/8DZT_G4P/full_r1_s20/boltz_results_8DZT_G4P_boltz1/predictions/8DZT_G4P_boltz1/8DZT_G4P_boltz1_model_0.cif,0.4751430153846741,0.3753083348274231,15.105014966880349,5.672621900337799,1.0,36.0,6.0,1.0,True,False,posebusters_benchmark::8DZT_G4P
posebusters_benchmark,8E77_ULP,8e77,Boltz-1 full receptor r1/s20,cofolding,True,True,False,17.086481612284516,results/posebench_702_predictions/boltz1_gpu/posebusters_benchmark/8E77_ULP/full_r1_s20/boltz_results_8E77_ULP_boltz1/predictions/8E77_ULP_boltz1/8E77_ULP_boltz1_model_0.cif,0.4161679446697235,0.4362246096134186,16.895972661675312,10.707104901861786,1.0,55.0,11.0,0.6736842105263158,False,False,posebusters_benchmark::8E77_ULP
posebusters_benchmark,8EAB_VN2,8eab,Boltz-1 full receptor r1/s20,cofolding,True,True,False,7.467236390625752,results/posebench_702_predictions/boltz1_gpu/posebusters_benchmark/8EAB_VN2/full_r1_s20/boltz_results_8EAB_VN2_boltz1/predictions/8EAB_VN2_boltz1/8EAB_VN2_boltz1_model_0.cif,0.3074955642223358,0.2333634048700332,17.151221587413783,13.04999650970103,1.0,49.0,1.0,0.5454545454545454,False,False,posebusters_benchmark::8EAB_VN2
posebusters_benchmark,8EAD_UY0,8ead,Boltz-1 full receptor r1/s20,cofolding,True,True,False,9.777661715006678,results/posebench_702_predictions/boltz1_gpu/posebusters_benchmark/8EAD_UY0/full_r1_s20/boltz_results_8EAD_UY0_boltz1/predictions/8EAD_UY0_boltz1/8EAD_UY0_boltz1_model_0.cif,0.5904802680015564,0.3273405432701111,9.090422885763868,9.084044990475295,1.0,38.0,0.0,0.3258426966292135,False,False,posebusters_benchmark::8EAD_UY0
posebusters_benchmark,8ERS_WQO,8ers,Boltz-1 full receptor r1/s20,cofolding,True,True,False,7.691128792608461,results/posebench_702_predictions/boltz1_gpu/posebusters_benchmark/8ERS_WQO/full_r1_s20/boltz_results_8ERS_WQO_boltz1/predictions/8ERS_WQO_boltz1/8ERS_WQO_boltz1_model_0.cif,0.3252420723438263,0.257543534040451,18.151413853378,11.342958603386368,1.0,23.0,2.0,0.2564102564102564,False,False,posebusters_benchmark::8ERS_WQO
posebusters_benchmark,8EX2_Q2Q,8ex2,Boltz-1 full receptor r1/s20,cofolding,True,True,False,13.140981532872392,results/posebench_702_predictions/boltz1_gpu/posebusters_benchmark/8EX2_Q2Q/full_r1_s20/boltz_results_8EX2_Q2Q_boltz1/predictions/8EX2_Q2Q_boltz1/8EX2_Q2Q_boltz1_model_0.cif,0.3733481168746948,0.2747139036655426,18.09184821580555,11.06651315690199,1.0,26.0,0.0,1.0,True,True,posebusters_benchmark::8EX2_Q2Q
posebusters_benchmark,8EXL_799,8exl,Boltz-1 full receptor r1/s20,cofolding,True,True,False,34.04774171762217,results/posebench_702_predictions/boltz1_gpu/posebusters_benchmark/8EXL_799/full_r1_s20/boltz_results_8EXL_799_boltz1/predictions/8EXL_799_boltz1/8EXL_799_boltz1_model_0.cif,0.3672113418579101,0.2894503474235534,29.368800708107376,13.537825822573176,1.0,34.0,0.0,1.0,True,True,posebusters_benchmark::8EXL_799
posebusters_benchmark,8EYE_X4I,8eye,Boltz-1 full receptor r1/s20,cofolding,True,True,False,14.970822612177852,results/posebench_702_predictions/boltz1_gpu/posebusters_benchmark/8EYE_X4I/full_r1_s20/boltz_results_8EYE_X4I_boltz1/predictions/8EYE_X4I_boltz1/8EYE_X4I_boltz1_model_0.cif,0.4050962924957275,0.5083112716674805,28.50166723075361,15.412661332458498,1.0,33.0,1.0,0.8,True,False,posebusters_benchmark::8EYE_X4I
posebusters_benchmark,8F4J_PHO,8f4j,Boltz-1 full receptor r1/s20,cofolding,True,False,False,,,,,,,0.0,64.0,5.0,0.2385321100917431,False,False,posebusters_benchmark::8F4J_PHO
posebusters_benchmark,8F8E_XJI,8f8e,Boltz-1 full receptor r1/s20,cofolding,True,True,False,13.21782243740462,results/posebench_702_predictions/boltz1_gpu/posebusters_benchmark/8F8E_XJI/full_r1_s20/boltz_results_8F8E_XJI_boltz1/predictions/8F8E_XJI_boltz1/8F8E_XJI_boltz1_model_0.cif,0.4302338659763336,0.3934851586818695,26.606475009305864,8.463824118412576,1.0,29.0,1.0,1.0,True,True,posebusters_benchmark::8F8E_XJI
posebusters_benchmark,8FAV_4Y5,8fav,Boltz-1 full receptor r1/s20,cofolding,True,True,False,19.699788588455142,results/posebench_702_predictions/boltz1_gpu/posebusters_benchmark/8FAV_4Y5/full_r1_s20/boltz_results_8FAV_4Y5_boltz1/predictions/8FAV_4Y5_boltz1/8FAV_4Y5_boltz1_model_0.cif,0.3457008600234985,0.3238545656204223,25.73910991627303,13.964377385583504,1.0,33.0,0.0,1.0,True,False,posebusters_benchmark::8FAV_4Y5
posebusters_benchmark,8FLN_Y7W,8fln,Boltz-1 full receptor r1/s20,cofolding,True,True,False,9.841823572377152,results/posebench_702_predictions/boltz1_gpu/posebusters_benchmark/8FLN_Y7W/full_r1_s20/boltz_results_8FLN_Y7W_boltz1/predictions/8FLN_Y7W_boltz1/8FLN_Y7W_boltz1_model_0.cif,0.4114168584346771,0.324072003364563,20.625328059994413,14.858008564776716,1.0,34.0,1.0,0.3,False,False,posebusters_benchmark::8FLN_Y7W
posebusters_benchmark,8FLV_ZB9,8flv,Boltz-1 full receptor r1/s20,cofolding,True,True,False,11.933771184596596,results/posebench_702_predictions/boltz1_gpu/posebusters_benchmark/8FLV_ZB9/full_r1_s20/boltz_results_8FLV_ZB9_boltz1/predictions/8FLV_ZB9_boltz1/8FLV_ZB9_boltz1_model_0.cif,0.3967043757438659,0.2910118997097015,21.400648510809344,15.223076311324462,1.0,29.0,1.0,0.2666666666666666,False,False,posebusters_benchmark::8FLV_ZB9
posebusters_benchmark,8FO5_Y4U,8fo5,Boltz-1 full receptor r1/s20,cofolding,True,True,False,5.974184646195962,results/posebench_702_predictions/boltz1_gpu/posebusters_benchmark/8FO5_Y4U/full_r1_s20/boltz_results_8FO5_Y4U_boltz1/predictions/8FO5_Y4U_boltz1/8FO5_Y4U_boltz1_model_0.cif,0.7036159038543701,0.7329820990562439,32.34090120613647,10.617122355584115,1.0,17.0,0.0,1.0,True,True,posebusters_benchmark::8FO5_Y4U
posebusters_benchmark,8FV9_80J,8fv9,Boltz-1 full receptor r1/s20,cofolding,True,True,False,11.965416527031987,results/posebench_702_predictions/boltz1_gpu/posebusters_benchmark/8FV9_80J/full_r1_s20/boltz_results_8FV9_80J_boltz1/predictions/8FV9_80J_boltz1/8FV9_80J_boltz1_model_0.cif,0.4732364118099212,0.3772194981575012,26.527940462631893,15.905873476637671,1.0,29.0,6.0,0.8392857142857143,True,False,posebusters_benchmark::8FV9_80J
posebusters_benchmark,8G0V_YHT,8g0v,Boltz-1 full receptor r1/s20,cofolding,True,False,False,,,,,,,0.0,26.0,5.0,1.0,True,False,posebusters_benchmark::8G0V_YHT
posebusters_benchmark,8G43_ZU6,8g43,Boltz-1 full receptor r1/s20,cofolding,True,True,False,8.112939291911003,results/posebench_702_predictions/boltz1_gpu/posebusters_benchmark/8G43_ZU6/full_r1_s20/boltz_results_8G43_ZU6_boltz1/predictions/8G43_ZU6_boltz1/8G43_ZU6_boltz1_model_0.cif,0.3814538419246673,0.1785082519054412,12.400315271002976,9.512704959825191,1.0,21.0,0.0,0.3384615384615385,True,False,posebusters_benchmark::8G43_ZU6
posebusters_benchmark,8G6P_API,8g6p,Boltz-1 full receptor r1/s20,cofolding,True,True,False,5.477853398222795,results/posebench_702_predictions/boltz1_gpu/posebusters_benchmark/8G6P_API/full_r1_s20/boltz_results_8G6P_API_boltz1/predictions/8G6P_API_boltz1/8G6P_API_boltz1_model_0.cif,0.4056665599346161,0.5098341107368469,20.9510755437043,8.23495944902446,1.0,13.0,2.0,0.6818181818181818,False,False,posebusters_benchmark::8G6P_API
posebusters_benchmark,8GFD_ZHR,8gfd,Boltz-1 full receptor r1/s20,cofolding,True,True,False,11.152935001767144,results/posebench_702_predictions/boltz1_gpu/posebusters_benchmark/8GFD_ZHR/full_r1_s20/boltz_results_8GFD_ZHR_boltz1/predictions/8GFD_ZHR_boltz1/8GFD_ZHR_boltz1_model_0.cif,0.3939017951488495,0.4495185613632202,22.571539617782005,12.164047712618787,1.0,26.0,5.0,1.0,True,True,posebusters_benchmark::8GFD_ZHR
posebusters_benchmark,8H0M_2EH,8h0m,Boltz-1 full receptor r1/s20,cofolding,True,True,False,8.906668272642305,results/posebench_702_predictions/boltz1_gpu/posebusters_benchmark/8H0M_2EH/full_r1_s20/boltz_results_8H0M_2EH_boltz1/predictions/8H0M_2EH_boltz1/8H0M_2EH_boltz1_model_0.cif,0.4339126050472259,0.3861243724822998,18.168645202890623,12.527694105634469,1.0,9.0,1.0,0.3703703703703703,False,False,posebusters_benchmark::8H0M_2EH
posebusters_benchmark,8HFN_XGC,8hfn,Boltz-1 full receptor r1/s20,cofolding,True,True,False,9.00313724975134,results/posebench_702_predictions/boltz1_gpu/posebusters_benchmark/8HFN_XGC/full_r1_s20/boltz_results_8HFN_XGC_boltz1/predictions/8HFN_XGC_boltz1/8HFN_XGC_boltz1_model_0.cif,0.3996066153049469,0.4263862669467926,19.41052684559538,12.924782161481128,1.0,24.0,1.0,1.0,True,True,posebusters_benchmark::8HFN_XGC
posebusters_benchmark,8HO0_3ZI,8ho0,Boltz-1 full receptor r1/s20,cofolding,True,True,False,13.558243623067796,results/posebench_702_predictions/boltz1_gpu/posebusters_benchmark/8HO0_3ZI/full_r1_s20/boltz_results_8HO0_3ZI_boltz1/predictions/8HO0_3ZI_boltz1/8HO0_3ZI_boltz1_model_0.cif,0.3799538016319275,0.4584167897701263,24.480115813157852,14.205268808560996,1.0,22.0,2.0,1.0,True,True,posebusters_benchmark::8HO0_3ZI
posebusters_benchmark,8SLG_G5A,8slg,Boltz-1 full receptor r1/s20,cofolding,True,True,False,12.562922474592783,results/posebench_702_predictions/boltz1_gpu/posebusters_benchmark/8SLG_G5A/full_r1_s20/boltz_results_8SLG_G5A_boltz1/predictions/8SLG_G5A_boltz1/8SLG_G5A_boltz1_model_0.cif,0.3025765120983124,0.3538049161434173,26.450701174033032,14.528616963921396,1.0,27.0,4.0,1.0,True,True,posebusters_benchmark::8SLG_G5A
dockgen,3gvl_1_SLB_2,3gvl,Boltz-1 full receptor r1/s20,cofolding,True,True,False,26.05423469991608,results/posebench_702_predictions/boltz1_gpu/dockgen/3gvl_1_SLB_2/full_r1_s20/boltz_results_3gvl_1_SLB_2_boltz1/predictions/3gvl_1_SLB_2_boltz1/3gvl_1_SLB_2_boltz1_model_0.cif,0.5110164880752563,0.6973042488098145,31.125000377350823,3.6058111062790967,1.0,21.0,7.0,0.490566037735849,True,False,dockgen::3gvl_1_SLB_2
dockgen,3inr_1_GDU_0,3inr,Boltz-1 full receptor r1/s20,cofolding,True,True,False,12.861284738751737,results/posebench_702_predictions/boltz1_gpu/dockgen/3inr_1_GDU_0/full_r1_s20/boltz_results_3inr_1_GDU_0_boltz1/predictions/3inr_1_GDU_0_boltz1/3inr_1_GDU_0_boltz1_model_0.cif,0.4775455892086029,0.7630995512008667,21.45407265565394,13.841277989359387,1.0,36.0,11.0,0.3050847457627119,False,False,dockgen::3inr_1_GDU_0
dockgen,3jqm_1_GTP_5,3jqm,Boltz-1 full receptor r1/s20,cofolding,True,True,False,14.413507096610084,results/posebench_702_predictions/boltz1_gpu/dockgen/3jqm_1_GTP_5/full_r1_s20/boltz_results_3jqm_1_GTP_5_boltz1/predictions/3jqm_1_GTP_5_boltz1/3jqm_1_GTP_5_boltz1_model_0.cif,0.3971401154994964,0.2525691092014313,18.887296858212576,12.545988733574088,1.0,32.0,8.0,0.2368421052631578,False,False,dockgen::3jqm_1_GTP_5
dockgen,3ju4_1_SLB_2,3ju4,Boltz-1 full receptor r1/s20,cofolding,True,True,False,23.518605095946267,results/posebench_702_predictions/boltz1_gpu/dockgen/3ju4_1_SLB_2/full_r1_s20/boltz_results_3ju4_1_SLB_2_boltz1/predictions/3ju4_1_SLB_2_boltz1/3ju4_1_SLB_2_boltz1_model_0.cif,0.5098786354064941,0.7300392389297485,32.89669300302933,5.6560804607457325,1.0,21.0,7.0,0.490566037735849,True,False,dockgen::3ju4_1_SLB_2
dockgen,4cnl_1_CHT_1,4cnl,Boltz-1 full receptor r1/s20,cofolding,True,True,False,23.914873424258836,results/posebench_702_predictions/boltz1_gpu/dockgen/4cnl_1_CHT_1/full_r1_s20/boltz_results_4cnl_1_CHT_1_boltz1/predictions/4cnl_1_CHT_1_boltz1/4cnl_1_CHT_1_boltz1_model_0.cif,0.7447792291641235,0.1742686033248901,2.598035515345725,0.4966551600172856,1.0,7.0,0.0,0.3076923076923077,False,False,dockgen::4cnl_1_CHT_1
dockgen,1hg0_1_SIN_1,1hg0,Boltz-1 full receptor r1/s20,cofolding,True,True,False,16.466125413277968,results/posebench_702_predictions/boltz1_gpu/dockgen/1hg0_1_SIN_1/full_r1_s20/boltz_results_1hg0_1_SIN_1_boltz1/predictions/1hg0_1_SIN_1_boltz1/1hg0_1_SIN_1_boltz1_model_0.cif,0.427244484424591,0.4891988933086395,23.702522227697006,11.736830249856608,1.0,8.0,0.0,0.3076923076923077,False,False,dockgen::1hg0_1_SIN_1
dockgen,1i8t_1_FAD_1,1i8t,Boltz-1 full receptor r1/s20,cofolding,True,True,False,8.043183561595164,results/posebench_702_predictions/boltz1_gpu/dockgen/1i8t_1_FAD_1/full_r1_s20/boltz_results_1i8t_1_FAD_1_boltz1/predictions/1i8t_1_FAD_1_boltz1/1i8t_1_FAD_1_boltz1_model_0.cif,0.4916621148586273,0.5250652432441711,20.157579876783576,12.920352169075992,1.0,53.0,18.0,0.2071428571428571,False,False,dockgen::1i8t_1_FAD_1
dockgen,1o28_1_UFP_2,1o28,Boltz-1 full receptor r1/s20,cofolding,True,True,False,14.389073410806471,results/posebench_702_predictions/boltz1_gpu/dockgen/1o28_1_UFP_2/full_r1_s20/boltz_results_1o28_1_UFP_2_boltz1/predictions/1o28_1_UFP_2_boltz1/1o28_1_UFP_2_boltz1_model_0.cif,0.4646564126014709,0.4702461063861847,27.9802621694154,20.27757944031729,1.0,21.0,6.0,0.2923076923076923,False,False,dockgen::1o28_1_UFP_2
dockgen,1o72_2_PC_0,1o72,Boltz-1 full receptor r1/s20,cofolding,True,True,False,6.204621614063001,results/posebench_702_predictions/boltz1_gpu/dockgen/1o72_2_PC_0/full_r1_s20/boltz_results_1o72_2_PC_0_boltz1/predictions/1o72_2_PC_0_boltz1/1o72_2_PC_0_boltz1_model_0.cif,0.4499523639678955,0.4111819565296173,13.93206577519106,8.442774677366202,1.0,11.0,0.0,0.1724137931034483,False,False,dockgen::1o72_2_PC_0
dockgen,1pj2_1_FUM_0,1pj2,Boltz-1 full receptor r1/s20,cofolding,True,True,False,19.313653757783715,results/posebench_702_predictions/boltz1_gpu/dockgen/1pj2_1_FUM_0/full_r1_s20/boltz_results_1pj2_1_FUM_0_boltz1/predictions/1pj2_1_FUM_0_boltz1/1pj2_1_FUM_0_boltz1_model_0.cif,0.3411562144756317,0.5020257234573364,23.617918012284274,12.718870356038972,1.0,8.0,0.0,0.3076923076923077,False,False,dockgen::1pj2_1_FUM_0
dockgen,1pj4_1_FUM_1,1pj4,Boltz-1 full receptor r1/s20,cofolding,True,True,False,16.106854451802835,results/posebench_702_predictions/boltz1_gpu/dockgen/1pj4_1_FUM_1/full_r1_s20/boltz_results_1pj4_1_FUM_1_boltz1/predictions/1pj4_1_FUM_1_boltz1/1pj4_1_FUM_1_boltz1_model_0.cif,0.3495756983757019,0.2184241265058517,21.560570616203357,14.127738444278403,1.0,8.0,0.0,0.3076923076923077,False,False,dockgen::1pj4_1_FUM_1
dockgen,1qaw_1_TRP_7,1qaw,Boltz-1 full receptor r1/s20,cofolding,True,True,False,14.315188505799902,results/posebench_702_predictions/boltz1_gpu/dockgen/1qaw_1_TRP_7/full_r1_s20/boltz_results_1qaw_1_TRP_7_boltz1/predictions/1qaw_1_TRP_7_boltz1/1qaw_1_TRP_7_boltz1_model_0.cif,0.5161568522453308,0.3851079940795898,13.533718119200524,6.479061458840828,1.0,15.0,4.0,0.2195121951219512,False,False,dockgen::1qaw_1_TRP_7
dockgen,1rqp_1_SAM_0,1rqp,Boltz-1 full receptor r1/s20,cofolding,True,True,False,16.20641487191435,results/posebench_702_predictions/boltz1_gpu/dockgen/1rqp_1_SAM_0/full_r1_s20/boltz_results_1rqp_1_SAM_0_boltz1/predictions/1rqp_1_SAM_0_boltz1/1rqp_1_SAM_0_boltz1_model_0.cif,0.331654816865921,0.4178332984447479,24.559767384410385,15.45530235855167,1.0,27.0,9.0,0.2195121951219512,False,False,dockgen::1rqp_1_SAM_0
dockgen,1sbz_1_FMN_3,1sbz,Boltz-1 full receptor r1/s20,cofolding,True,True,False,13.892875908035618,results/posebench_702_predictions/boltz1_gpu/dockgen/1sbz_1_FMN_3/full_r1_s20/boltz_results_1sbz_1_FMN_3_boltz1/predictions/1sbz_1_FMN_3_boltz1/1sbz_1_FMN_3_boltz1_model_0.cif,0.4892081320285797,0.4031085073947906,21.73188407402612,11.91624247500078,1.0,31.0,11.0,0.1724137931034483,False,False,dockgen::1sbz_1_FMN_3
dockgen,1sij_1_PCD_0,1sij,Boltz-1 full receptor r1/s20,cofolding,True,True,False,,results/posebench_702_predictions/boltz1_gpu/dockgen/1sij_1_PCD_0/full_r1_s20/boltz_results_1sij_1_PCD_0_boltz1/predictions/1sij_1_PCD_0_boltz1/1sij_1_PCD_0_boltz1_model_0.cif,0.382587194442749,0.4561158120632171,29.08746365099675,,0.0,47.0,15.0,0.2079207920792079,False,False,dockgen::1sij_1_PCD_0
dockgen,1tke_1_SER_0,1tke,Boltz-1 full receptor r1/s20,cofolding,True,True,False,11.778484511884564,results/posebench_702_predictions/boltz1_gpu/dockgen/1tke_1_SER_0/full_r1_s20/boltz_results_1tke_1_SER_0_boltz1/predictions/1tke_1_SER_0_boltz1/1tke_1_SER_0_boltz1_model_0.cif,0.417271226644516,0.3492673337459564,15.35975321294588,11.066590870778874,1.0,7.0,1.0,0.375,False,False,dockgen::1tke_1_SER_0
dockgen,1tkg_1_SSA_0,1tkg,Boltz-1 full receptor r1/s20,cofolding,True,True,False,7.260218336165198,results/posebench_702_predictions/boltz1_gpu/dockgen/1tkg_1_SSA_0/full_r1_s20/boltz_results_1tkg_1_SSA_0_boltz1/predictions/1tkg_1_SSA_0_boltz1/1tkg_1_SSA_0_boltz1_model_0.cif,0.3866403996944427,0.261115700006485,14.867414708376527,11.151477187348322,1.0,29.0,9.0,0.2747252747252747,False,False,dockgen::1tkg_1_SSA_0
dockgen,1u8u_1_OCA_0,1u8u,Boltz-1 full receptor r1/s20,cofolding,True,True,False,6.341940770958409,results/posebench_702_predictions/boltz1_gpu/dockgen/1u8u_1_OCA_0/full_r1_s20/boltz_results_1u8u_1_OCA_0_boltz1/predictions/1u8u_1_OCA_0_boltz1/1u8u_1_OCA_0_boltz1_model_0.cif,0.672577977180481,0.5192001461982727,3.4106514634304186,4.540528255547224,1.0,10.0,0.0,0.5416666666666666,False,False,dockgen::1u8u_1_OCA_0
dockgen,1uf5_1_CDT_0,1uf5,Boltz-1 full receptor r1/s20,cofolding,True,True,False,9.101664994081522,results/posebench_702_predictions/boltz1_gpu/dockgen/1uf5_1_CDT_0/full_r1_s20/boltz_results_1uf5_1_CDT_0_boltz1/predictions/1uf5_1_CDT_0_boltz1/1uf5_1_CDT_0_boltz1_model_0.cif,0.4094266891479492,0.6149346828460693,16.287867032501985,11.704883960203825,1.0,12.0,2.0,0.40625,False,False,dockgen::1uf5_1_CDT_0
dockgen,1uf7_1_CDV_0,1uf7,Boltz-1 full receptor r1/s20,cofolding,True,True,False,17.02370648123265,results/posebench_702_predictions/boltz1_gpu/dockgen/1uf7_1_CDV_0/full_r1_s20/boltz_results_1uf7_1_CDV_0_boltz1/predictions/1uf7_1_CDV_0_boltz1/1uf7_1_CDV_0_boltz1_model_0.cif,0.4135028421878814,0.2113439738750457,21.04392227491866,13.55930128254298,1.0,11.0,2.0,0.2631578947368421,False,False,dockgen::1uf7_1_CDV_0
dockgen,1uf8_1_ING_2,1uf8,Boltz-1 full receptor r1/s20,cofolding,True,True,False,36.08465686374306,results/posebench_702_predictions/boltz1_gpu/dockgen/1uf8_1_ING_2/full_r1_s20/boltz_results_1uf8_1_ING_2_boltz1/predictions/1uf8_1_ING_2_boltz1/1uf8_1_ING_2_boltz1_model_0.cif,0.4433150887489319,0.6244020462036133,21.137439504598028,13.77029204497168,1.0,15.0,2.0,0.2745098039215686,True,False,dockgen::1uf8_1_ING_2
dockgen,1v2g_1_OCA_0,1v2g,Boltz-1 full receptor r1/s20,cofolding,True,True,False,5.548305552630583,results/posebench_702_predictions/boltz1_gpu/dockgen/1v2g_1_OCA_0/full_r1_s20/boltz_results_1v2g_1_OCA_0_boltz1/predictions/1v2g_1_OCA_0_boltz1/1v2g_1_OCA_0_boltz1_model_0.cif,0.7088009119033813,0.5523858666419983,3.9188560970344217,5.308232640846432,1.0,10.0,0.0,0.5416666666666666,False,False,dockgen::1v2g_1_OCA_0
dockgen,1v97_1_MTE_1,1v97,Boltz-1 full receptor r1/s20,cofolding,True,False,False,,,,,,,0.0,24.0,9.0,0.1641791044776119,False,False,dockgen::1v97_1_MTE_1
dockgen,1za2_1_CTP_4,1za2,Boltz-1 full receptor r1/s20,cofolding,True,True,False,14.574232083059227,results/posebench_702_predictions/boltz1_gpu/dockgen/1za2_1_CTP_4/full_r1_s20/boltz_results_1za2_1_CTP_4_boltz1/predictions/1za2_1_CTP_4_boltz1/1za2_1_CTP_4_boltz1_model_0.cif,0.3890510499477386,0.3976218104362488,13.7008041022676,9.221862957732933,1.0,29.0,6.0,0.2394366197183098,False,False,dockgen::1za2_1_CTP_4
dockgen,2cdc_1_XYS_5,2cdc,Boltz-1 full receptor r1/s20,cofolding,True,True,False,15.932432069125356,results/posebench_702_predictions/boltz1_gpu/dockgen/2cdc_1_XYS_5/full_r1_s20/boltz_results_2cdc_1_XYS_5_boltz1/predictions/2cdc_1_XYS_5_boltz1/2cdc_1_XYS_5_boltz1_model_0.cif,0.3631004393100738,0.1860044300556183,22.41330069378053,13.85977733380738,1.0,10.0,4.0,0.28,True,False,dockgen::2cdc_1_XYS_5
dockgen,2ext_1_TRP_0,2ext,Boltz-1 full receptor r1/s20,cofolding,True,True,False,12.440679482986088,results/posebench_702_predictions/boltz1_gpu/dockgen/2ext_1_TRP_0/full_r1_s20/boltz_results_2ext_1_TRP_0_boltz1/predictions/2ext_1_TRP_0_boltz1/2ext_1_TRP_0_boltz1_model_0.cif,0.4972881972789764,0.2988069653511047,14.081409706013751,11.27285104930084,1.0,15.0,4.0,0.2195121951219512,False,False,dockgen::2ext_1_TRP_0
dockgen,2g7c_1_NAG-GAL-GLA_1,2g7c,Boltz-1 full receptor r1/s20,cofolding,True,True,False,12.6131163530316,results/posebench_702_predictions/boltz1_gpu/dockgen/2g7c_1_NAG-GAL-GLA_1/full_r1_s20/boltz_results_2g7c_1_NAG-GAL-GLA_1_boltz1/predictions/2g7c_1_NAG-GAL-GLA_1_boltz1/2g7c_1_NAG-GAL-GLA_1_boltz1_model_0.cif,0.4401191174983978,0.1747761368751526,20.682068735087327,8.727918686819951,1.0,37.0,16.0,0.5909090909090909,False,False,dockgen::2g7c_1_NAG-GAL-GLA_1
dockgen,2gag_1_FOA_0,2gag,Boltz-1 full receptor r1/s20,cofolding,True,True,False,9.290573675617894,results/posebench_702_predictions/boltz1_gpu/dockgen/2gag_1_FOA_0/full_r1_s20/boltz_results_2gag_1_FOA_0_boltz1/predictions/2gag_1_FOA_0_boltz1/2gag_1_FOA_0_boltz1_model_0.cif,0.3540152609348297,0.3322487473487854,33.85573187384615,15.983054299160788,1.0,8.0,1.0,0.3703703703703703,True,False,dockgen::2gag_1_FOA_0
dockgen,2gag_1_NAD_0,2gag,Boltz-1 full receptor r1/s20,cofolding,True,True,False,17.785514508578398,results/posebench_702_predictions/boltz1_gpu/dockgen/2gag_1_NAD_0/full_r1_s20/boltz_results_2gag_1_NAD_0_boltz1/predictions/2gag_1_NAD_0_boltz1/2gag_1_NAD_0_boltz1_model_0.cif,0.3604740798473358,0.3381583392620086,30.924087861331305,18.532751615406056,1.0,44.0,13.0,0.2159090909090909,False,False,dockgen::2gag_1_NAD_0
dockgen,2gah_1_NAD_0,2gah,Boltz-1 full receptor r1/s20,cofolding,True,True,False,11.591257882034402,results/posebench_702_predictions/boltz1_gpu/dockgen/2gah_1_NAD_0/full_r1_s20/boltz_results_2gah_1_NAD_0_boltz1/predictions/2gah_1_NAD_0_boltz1/2gah_1_NAD_0_boltz1_model_0.cif,0.3633867502212524,0.3626130521297455,31.99331015902978,18.244620432928045,1.0,44.0,13.0,0.2159090909090909,False,False,dockgen::2gah_1_NAD_0
dockgen,2gf3_2_FOA_1,2gf3,Boltz-1 full receptor r1/s20,cofolding,True,True,False,19.067849374513905,results/posebench_702_predictions/boltz1_gpu/dockgen/2gf3_2_FOA_1/full_r1_s20/boltz_results_2gf3_2_FOA_1_boltz1/predictions/2gf3_2_FOA_1_boltz1/2gf3_2_FOA_1_boltz1_model_0.cif,0.4607989490032196,0.4032715857028961,16.068004802803245,9.953591714204922,1.0,8.0,1.0,0.3703703703703703,True,False,dockgen::2gf3_2_FOA_1
dockgen,2him_1_ASN_3,2him,Boltz-1 full receptor r1/s20,cofolding,True,True,False,7.192462194045708,results/posebench_702_predictions/boltz1_gpu/dockgen/2him_1_ASN_3/full_r1_s20/boltz_results_2him_1_ASN_3_boltz1/predictions/2him_1_ASN_3_boltz1/2him_1_ASN_3_boltz1_model_0.cif,0.452270358800888,0.4179383814334869,24.126464707474124,14.495415925841774,1.0,9.0,2.0,0.25,False,False,dockgen::2him_1_ASN_3
dockgen,2hk9_1_SKM_0,2hk9,Boltz-1 full receptor r1/s20,cofolding,True,True,False,7.098928095322882,results/posebench_702_predictions/boltz1_gpu/dockgen/2hk9_1_SKM_0/full_r1_s20/boltz_results_2hk9_1_SKM_0_boltz1/predictions/2hk9_1_SKM_0_boltz1/2hk9_1_SKM_0_boltz1_model_0.cif,0.5296570062637329,0.3860635757446289,15.205228416263964,10.580938328031277,1.0,12.0,2.0,0.2,True,False,dockgen::2hk9_1_SKM_0
dockgen,2hs3_1_FGR_0,2hs3,Boltz-1 full receptor r1/s20,cofolding,True,True,False,6.460522617029103,results/posebench_702_predictions/boltz1_gpu/dockgen/2hs3_1_FGR_0/full_r1_s20/boltz_results_2hs3_1_FGR_0_boltz1/predictions/2hs3_1_FGR_0_boltz1/2hs3_1_FGR_0_boltz1_model_0.cif,0.3772172927856445,0.4582931697368622,23.971186543862483,14.503470861243883,1.0,20.0,5.0,0.2857142857142857,True,False,dockgen::2hs3_1_FGR_0
dockgen,2o5m_1_MNR_0,2o5m,Boltz-1 full receptor r1/s20,cofolding,True,False,False,,,,,,,0.0,43.0,17.0,0.1666666666666666,False,False,dockgen::2o5m_1_MNR_0
dockgen,2q37_1_3AL_0,2q37,Boltz-1 full receptor r1/s20,cofolding,True,True,False,8.517890102949702,results/posebench_702_predictions/boltz1_gpu/dockgen/2q37_1_3AL_0/full_r1_s20/boltz_results_2q37_1_3AL_0_boltz1/predictions/2q37_1_3AL_0_boltz1/2q37_1_3AL_0_boltz1_model_0.cif,0.3830863833427429,0.2591907083988189,15.837066457454746,11.24533429045228,1.0,11.0,4.0,0.1454545454545454,False,False,dockgen::2q37_1_3AL_0
dockgen,2q6k_1_ADN_1,2q6k,Boltz-1 full receptor r1/s20,cofolding,True,True,False,10.439055642271011,results/posebench_702_predictions/boltz1_gpu/dockgen/2q6k_1_ADN_1/full_r1_s20/boltz_results_2q6k_1_ADN_1_boltz1/predictions/2q6k_1_ADN_1_boltz1/2q6k_1_ADN_1_boltz1_model_0.cif,0.4033361077308655,0.4655352234840393,16.921473889714456,9.511175071661164,1.0,19.0,7.0,0.3272727272727272,False,False,dockgen::2q6k_1_ADN_1
dockgen,2r4e_1_13P_0,2r4e,Boltz-1 full receptor r1/s20,cofolding,True,True,False,13.660667386541014,results/posebench_702_predictions/boltz1_gpu/dockgen/2r4e_1_13P_0/full_r1_s20/boltz_results_2r4e_1_13P_0_boltz1/predictions/2r4e_1_13P_0_boltz1/2r4e_1_13P_0_boltz1_model_0.cif,0.4257078766822815,0.5189754366874695,22.15811885073116,14.231171496763292,1.0,10.0,1.0,0.4210526315789473,False,False,dockgen::2r4e_1_13P_0
dockgen,2v5e_1_GU4-YYJ_0,2v5e,Boltz-1 full receptor r1/s20,cofolding,True,True,False,11.65498682309243,results/posebench_702_predictions/boltz1_gpu/dockgen/2v5e_1_GU4-YYJ_0/full_r1_s20/boltz_results_2v5e_1_GU4-YYJ_0_boltz1/predictions/2v5e_1_GU4-YYJ_0_boltz1/2v5e_1_GU4-YYJ_0_boltz1_model_0.cif,0.4246192872524261,0.3882067501544952,9.927165186674404,5.747838385882156,1.0,55.0,9.0,0.2586206896551724,True,False,dockgen::2v5e_1_GU4-YYJ_0
dockgen,2v7t_1_SAH_4,2v7t,Boltz-1 full receptor r1/s20,cofolding,True,True,False,17.356004099936815,results/posebench_702_predictions/boltz1_gpu/dockgen/2v7t_1_SAH_4/full_r1_s20/boltz_results_2v7t_1_SAH_4_boltz1/predictions/2v7t_1_SAH_4_boltz1/2v7t_1_SAH_4_boltz1_model_0.cif,0.3172657191753387,0.5136491060256958,24.212455463789706,14.948738584177049,1.0,26.0,8.0,0.3164556962025316,False,False,dockgen::2v7t_1_SAH_4
dockgen,2v7u_1_SAM_2,2v7u,Boltz-1 full receptor r1/s20,cofolding,True,True,False,13.476963563718638,results/posebench_702_predictions/boltz1_gpu/dockgen/2v7u_1_SAM_2/full_r1_s20/boltz_results_2v7u_1_SAM_2_boltz1/predictions/2v7u_1_SAM_2_boltz1/2v7u_1_SAM_2_boltz1_model_0.cif,0.3056012094020843,0.4643264710903168,23.908141243591952,15.677519953848634,1.0,27.0,9.0,0.2195121951219512,False,False,dockgen::2v7u_1_SAM_2
dockgen,2v7v_1_5FD_0,2v7v,Boltz-1 full receptor r1/s20,cofolding,True,True,False,7.506460116161588,results/posebench_702_predictions/boltz1_gpu/dockgen/2v7v_1_5FD_0/full_r1_s20/boltz_results_2v7v_1_5FD_0_boltz1/predictions/2v7v_1_5FD_0_boltz1/2v7v_1_5FD_0_boltz1_model_0.cif,0.3208976686000824,0.3672172427177429,22.948510490327177,11.78173853500267,1.0,19.0,7.0,0.2333333333333333,False,False,dockgen::2v7v_1_5FD_0
dockgen,2v7w_1_5FD_0,2v7w,Boltz-1 full receptor r1/s20,cofolding,True,True,False,12.42296695396949,results/posebench_702_predictions/boltz1_gpu/dockgen/2v7w_1_5FD_0/full_r1_s20/boltz_results_2v7w_1_5FD_0_boltz1/predictions/2v7w_1_5FD_0_boltz1/2v7w_1_5FD_0_boltz1_model_0.cif,0.3312745988368988,0.371525377035141,20.943789593623755,12.92398868303878,1.0,19.0,7.0,0.2333333333333333,False,False,dockgen::2v7w_1_5FD_0
dockgen,2vdf_1_OCT_0,2vdf,Boltz-1 full receptor r1/s20,cofolding,True,True,False,9.420151534204852,results/posebench_702_predictions/boltz1_gpu/dockgen/2vdf_1_OCT_0/full_r1_s20/boltz_results_2vdf_1_OCT_0_boltz1/predictions/2vdf_1_OCT_0_boltz1/2vdf_1_OCT_0_boltz1_model_0.cif,0.3044805526733398,0.2144121527671814,21.658367564251893,11.819199716856442,1.0,8.0,0.0,0.5384615384615384,False,False,dockgen::2vdf_1_OCT_0
dockgen,2vfu_1_MTL_0,2vfu,Boltz-1 full receptor r1/s20,cofolding,True,True,False,8.832399932716127,results/posebench_702_predictions/boltz1_gpu/dockgen/2vfu_1_MTL_0/full_r1_s20/boltz_results_2vfu_1_MTL_0_boltz1/predictions/2vfu_1_MTL_0_boltz1/2vfu_1_MTL_0_boltz1_model_0.cif,0.3989519774913788,0.5309996604919434,20.451560500904865,15.25568713399432,1.0,12.0,4.0,0.5789473684210527,False,False,dockgen::2vfu_1_MTL_0
dockgen,2wab_1_BGC-BGC-BGC-BGC-BGC_0,2wab,Boltz-1 full receptor r1/s20,cofolding,True,True,False,10.026415606419,results/posebench_702_predictions/boltz1_gpu/dockgen/2wab_1_BGC-BGC-BGC-BGC-BGC_0/full_r1_s20/boltz_results_2wab_1_BGC-BGC-BGC-BGC-BGC_0_boltz1/predictions/2wab_1_BGC-BGC-BGC-BGC-BGC_0_boltz1/2wab_1_BGC-BGC-BGC-BGC-BGC_0_boltz1_model_0.cif,0.5120707154273987,0.447611004114151,8.179866781528299,8.377106425968122,1.0,56.0,25.0,1.0,False,False,dockgen::2wab_1_BGC-BGC-BGC-BGC-BGC_0
dockgen,2wao_1_BGC-BGC-BGC-BGC-BGC_0,2wao,Boltz-1 full receptor r1/s20,cofolding,True,True,False,10.795704056727097,results/posebench_702_predictions/boltz1_gpu/dockgen/2wao_1_BGC-BGC-BGC-BGC-BGC_0/full_r1_s20/boltz_results_2wao_1_BGC-BGC-BGC-BGC-BGC_0_boltz1/predictions/2wao_1_BGC-BGC-BGC-BGC-BGC_0_boltz1/2wao_1_BGC-BGC-BGC-BGC-BGC_0_boltz1_model_0.cif,0.4985860288143158,0.4016345143318176,8.819036104697885,7.734357571251037,1.0,56.0,25.0,1.0,False,False,dockgen::2wao_1_BGC-BGC-BGC-BGC-BGC_0
dockgen,2wr8_1_SAH_1,2wr8,Boltz-1 full receptor r1/s20,cofolding,True,True,False,6.494811057166515,results/posebench_702_predictions/boltz1_gpu/dockgen/2wr8_1_SAH_1/full_r1_s20/boltz_results_2wr8_1_SAH_1_boltz1/predictions/2wr8_1_SAH_1_boltz1/2wr8_1_SAH_1_boltz1_model_0.cif,0.3909379839897156,0.3575197458267212,14.941677202549457,7.770525496174917,1.0,26.0,8.0,0.3164556962025316,False,False,dockgen::2wr8_1_SAH_1
dockgen,2wwc_1_CHT_2,2wwc,Boltz-1 full receptor r1/s20,cofolding,True,True,False,27.68889651702818,results/posebench_702_predictions/boltz1_gpu/dockgen/2wwc_1_CHT_2/full_r1_s20/boltz_results_2wwc_1_CHT_2_boltz1/predictions/2wwc_1_CHT_2_boltz1/2wwc_1_CHT_2_boltz1_model_0.cif,0.6769498586654663,0.3880133330821991,19.155727725679995,0.3893409537353238,1.0,7.0,0.0,0.3076923076923077,False,False,dockgen::2wwc_1_CHT_2
dockgen,2x34_2_UQ8_0,2x34,Boltz-1 full receptor r1/s20,cofolding,True,True,False,21.473562245114664,results/posebench_702_predictions/boltz1_gpu/dockgen/2x34_2_UQ8_0/full_r1_s20/boltz_results_2x34_2_UQ8_0_boltz1/predictions/2x34_2_UQ8_0_boltz1/2x34_2_UQ8_0_boltz1_model_0.cif,0.4128715693950653,0.4255172312259674,15.89283924306217,15.498863183485796,1.0,53.0,13.0,0.2777777777777778,True,False,dockgen::2x34_2_UQ8_0
dockgen,2xrh_1_NIO_1,2xrh,Boltz-1 full receptor r1/s20,cofolding,True,True,False,4.604952132632843,results/posebench_702_predictions/boltz1_gpu/dockgen/2xrh_1_NIO_1/full_r1_s20/boltz_results_2xrh_1_NIO_1_boltz1/predictions/2xrh_1_NIO_1_boltz1/2xrh_1_NIO_1_boltz1_model_0.cif,0.6406975984573364,0.6658290028572083,14.409393695580809,11.566283258543582,1.0,9.0,1.0,0.2926829268292683,True,False,dockgen::2xrh_1_NIO_1
dockgen,2xta_1_ACO_0,2xta,Boltz-1 full receptor r1/s20,cofolding,True,True,False,16.300964971169357,results/posebench_702_predictions/boltz1_gpu/dockgen/2xta_1_ACO_0/full_r1_s20/boltz_results_2xta_1_ACO_0_boltz1/predictions/2xta_1_ACO_0_boltz1/2xta_1_ACO_0_boltz1_model_0.cif,0.363383412361145,0.3326776027679443,29.727464464924456,14.70463561760614,1.0,33.0,7.0,0.2022471910112359,False,False,dockgen::2xta_1_ACO_0
dockgen,2zcz_2_TRP_3,2zcz,Boltz-1 full receptor r1/s20,cofolding,True,True,False,13.727419551430255,results/posebench_702_predictions/boltz1_gpu/dockgen/2zcz_2_TRP_3/full_r1_s20/boltz_results_2zcz_2_TRP_3_boltz1/predictions/2zcz_2_TRP_3_boltz1/2zcz_2_TRP_3_boltz1_model_0.cif,0.5522302389144897,0.553411066532135,11.786104933679429,9.39602746018649,1.0,15.0,4.0,0.2195121951219512,False,False,dockgen::2zcz_2_TRP_3
dockgen,2zd0_1_TRP_9,2zd0,Boltz-1 full receptor r1/s20,cofolding,True,True,False,9.944096255438131,results/posebench_702_predictions/boltz1_gpu/dockgen/2zd0_1_TRP_9/full_r1_s20/boltz_results_2zd0_1_TRP_9_boltz1/predictions/2zd0_1_TRP_9_boltz1/2zd0_1_TRP_9_boltz1_model_0.cif,0.55349200963974,0.2162696421146392,15.988289755808625,10.99574927242931,1.0,15.0,4.0,0.2195121951219512,False,False,dockgen::2zd0_1_TRP_9
dockgen,2ze9_1_PD7_0,2ze9,Boltz-1 full receptor r1/s20,cofolding,True,True,False,6.823147828758857,results/posebench_702_predictions/boltz1_gpu/dockgen/2ze9_1_PD7_0/full_r1_s20/boltz_results_2ze9_1_PD7_0_boltz1/predictions/2ze9_1_PD7_0_boltz1/2ze9_1_PD7_0_boltz1_model_0.cif,0.4600820541381836,0.4022104442119598,15.76004740884246,12.523202722781768,1.0,26.0,3.0,0.3170731707317073,False,False,dockgen::2ze9_1_PD7_0
dockgen,3ad7_1_NAD_0,3ad7,Boltz-1 full receptor r1/s20,cofolding,True,True,False,13.630118839907489,results/posebench_702_predictions/boltz1_gpu/dockgen/3ad7_1_NAD_0/full_r1_s20/boltz_results_3ad7_1_NAD_0_boltz1/predictions/3ad7_1_NAD_0_boltz1/3ad7_1_NAD_0_boltz1_model_0.cif,0.3481556475162506,0.3321448564529419,33.68580433756422,16.641652400185794,1.0,44.0,13.0,0.2159090909090909,False,False,dockgen::3ad7_1_NAD_0
dockgen,3ad9_1_NAD_0,3ad9,Boltz-1 full receptor r1/s20,cofolding,True,True,False,14.451286491015484,results/posebench_702_predictions/boltz1_gpu/dockgen/3ad9_1_NAD_0/full_r1_s20/boltz_results_3ad9_1_NAD_0_boltz1/predictions/3ad9_1_NAD_0_boltz1/3ad9_1_NAD_0_boltz1_model_0.cif,0.3528414368629455,0.3290460109710693,32.25991583977516,17.934788128899147,1.0,44.0,13.0,0.2159090909090909,False,False,dockgen::3ad9_1_NAD_0
dockgen,3ada_1_NAD_0,3ada,Boltz-1 full receptor r1/s20,cofolding,True,True,False,11.379086943758915,results/posebench_702_predictions/boltz1_gpu/dockgen/3ada_1_NAD_0/full_r1_s20/boltz_results_3ada_1_NAD_0_boltz1/predictions/3ada_1_NAD_0_boltz1/3ada_1_NAD_0_boltz1_model_0.cif,0.3528384268283844,0.3401635289192199,34.91459177390287,18.085279400813743,1.0,44.0,13.0,0.2159090909090909,False,False,dockgen::3ada_1_NAD_0
dockgen,3eca_1_ASP_3,3eca,Boltz-1 full receptor r1/s20,cofolding,True,True,False,9.607644018426978,results/posebench_702_predictions/boltz1_gpu/dockgen/3eca_1_ASP_3/full_r1_s20/boltz_results_3eca_1_ASP_3_boltz1/predictions/3eca_1_ASP_3_boltz1/3eca_1_ASP_3_boltz1_model_0.cif,0.3885819613933563,0.5081435441970825,25.265921930146582,11.814650929804705,1.0,9.0,1.0,0.25,False,False,dockgen::3eca_1_ASP_3
dockgen,3gf4_1_FAD_1,3gf4,Boltz-1 full receptor r1/s20,cofolding,True,True,False,15.5220296143539,results/posebench_702_predictions/boltz1_gpu/dockgen/3gf4_1_FAD_1/full_r1_s20/boltz_results_3gf4_1_FAD_1_boltz1/predictions/3gf4_1_FAD_1_boltz1/3gf4_1_FAD_1_boltz1_model_0.cif,0.492831140756607,0.8562052249908447,23.17453567017329,15.516736127316197,1.0,53.0,18.0,0.2071428571428571,False,False,dockgen::3gf4_1_FAD_1
dockgen,3gf4_1_U5P_0,3gf4,Boltz-1 full receptor r1/s20,cofolding,True,True,False,13.347997800636511,results/posebench_702_predictions/boltz1_gpu/dockgen/3gf4_1_U5P_0/full_r1_s20/boltz_results_3gf4_1_U5P_0_boltz1/predictions/3gf4_1_U5P_0_boltz1/3gf4_1_U5P_0_boltz1_model_0.cif,0.5004410743713379,0.788048267364502,21.23086866386231,15.259345164223651,1.0,21.0,6.0,0.2698412698412698,False,False,dockgen::3gf4_1_U5P_0
dockgen,3he3_5_UDP_0,3he3,Boltz-1 full receptor r1/s20,cofolding,True,True,False,8.412435133677786,results/posebench_702_predictions/boltz1_gpu/dockgen/3he3_5_UDP_0/full_r1_s20/boltz_results_3he3_5_UDP_0_boltz1/predictions/3he3_5_UDP_0_boltz1/3he3_5_UDP_0_boltz1_model_0.cif,0.5072733163833618,0.6945140957832336,21.8903432262654,15.980952741634194,1.0,25.0,6.0,0.2537313432835821,False,False,dockgen::3he3_5_UDP_0
dockgen,3it6_1_ORN_1,3it6,Boltz-1 full receptor r1/s20,cofolding,True,True,False,16.199867798779174,results/posebench_702_predictions/boltz1_gpu/dockgen/3it6_1_ORN_1/full_r1_s20/boltz_results_3it6_1_ORN_1_boltz1/predictions/3it6_1_ORN_1_boltz1/3it6_1_ORN_1_boltz1_model_0.cif,0.3240828812122345,0.4298352897167206,21.910351315388866,15.82813912024162,1.0,9.0,1.0,0.2608695652173913,False,False,dockgen::3it6_1_ORN_1
dockgen,3k8l_1_GLC-GLC-GLC-GLC-GLC_0,3k8l,Boltz-1 full receptor r1/s20,cofolding,True,True,False,27.70854257558084,results/posebench_702_predictions/boltz1_gpu/dockgen/3k8l_1_GLC-GLC-GLC-GLC-GLC_0/full_r1_s20/boltz_results_3k8l_1_GLC-GLC-GLC-GLC-GLC_0_boltz1/predictions/3k8l_1_GLC-GLC-GLC-GLC-GLC_0_boltz1/3k8l_1_GLC-GLC-GLC-GLC-GLC_0_boltz1_model_0.cif,0.4926738739013672,0.476151704788208,26.133215238788218,9.481905334425772,1.0,56.0,25.0,1.0,False,False,dockgen::3k8l_1_GLC-GLC-GLC-GLC-GLC_0
dockgen,3k8m_1_GLC-GLC-AC1_0,3k8m,Boltz-1 full receptor r1/s20,cofolding,True,True,False,31.30193439805575,results/posebench_702_predictions/boltz1_gpu/dockgen/3k8m_1_GLC-GLC-AC1_0/full_r1_s20/boltz_results_3k8m_1_GLC-GLC-AC1_0_boltz1/predictions/3k8m_1_GLC-GLC-AC1_0_boltz1/3k8m_1_GLC-GLC-AC1_0_boltz1_model_0.cif,0.4858169257640838,0.6365675330162048,25.280773988152216,11.867640523880572,1.0,44.0,20.0,0.5306122448979592,False,False,dockgen::3k8m_1_GLC-GLC-AC1_0
dockgen,3nvv_1_MTE_1,3nvv,Boltz-1 full receptor r1/s20,cofolding,True,True,False,9.932440363044094,results/posebench_702_predictions/boltz1_gpu/dockgen/3nvv_1_MTE_1/full_r1_s20/boltz_results_3nvv_1_MTE_1_boltz1/predictions/3nvv_1_MTE_1_boltz1/3nvv_1_MTE_1_boltz1_model_0.cif,0.3979050815105438,0.3290338516235351,14.612848957515345,3.829269705412063,1.0,24.0,9.0,0.1641791044776119,False,False,dockgen::3nvv_1_MTE_1
dockgen,3o01_2_DXC_0,3o01,Boltz-1 full receptor r1/s20,cofolding,True,True,False,21.075541631233836,results/posebench_702_predictions/boltz1_gpu/dockgen/3o01_2_DXC_0/full_r1_s20/boltz_results_3o01_2_DXC_0_boltz1/predictions/3o01_2_DXC_0_boltz1/3o01_2_DXC_0_boltz1_model_0.cif,0.4938230216503143,0.2889690399169922,7.951753341037079,3.8562503957123178,1.0,28.0,10.0,0.4927536231884058,True,False,dockgen::3o01_2_DXC_0
dockgen,3o02_2_JN3_0,3o02,Boltz-1 full receptor r1/s20,cofolding,True,True,False,37.28648394071348,results/posebench_702_predictions/boltz1_gpu/dockgen/3o02_2_JN3_0/full_r1_s20/boltz_results_3o02_2_JN3_0_boltz1/predictions/3o02_2_JN3_0_boltz1/3o02_2_JN3_0_boltz1_model_0.cif,0.5885072946548462,0.2619639039039612,4.931613815397519,3.3856266383535907,1.0,28.0,10.0,0.7450980392156863,True,False,dockgen::3o02_2_JN3_0
dockgen,3o7j_1_2AL_0,3o7j,Boltz-1 full receptor r1/s20,cofolding,True,True,False,14.94316760791142,results/posebench_702_predictions/boltz1_gpu/dockgen/3o7j_1_2AL_0/full_r1_s20/boltz_results_3o7j_1_2AL_0_boltz1/predictions/3o7j_1_2AL_0_boltz1/3o7j_1_2AL_0_boltz1_model_0.cif,0.4839111864566803,0.3714666664600372,14.907107945329049,10.730868644319663,1.0,11.0,4.0,0.1454545454545454,False,False,dockgen::3o7j_1_2AL_0
dockgen,3q14_1_PCR_3,3q14,Boltz-1 full receptor r1/s20,cofolding,True,True,False,20.129780475863527,results/posebench_702_predictions/boltz1_gpu/dockgen/3q14_1_PCR_3/full_r1_s20/boltz_results_3q14_1_PCR_3_boltz1/predictions/3q14_1_PCR_3_boltz1/3q14_1_PCR_3_boltz1_model_0.cif,0.355973333120346,0.5297681093215942,26.445023184653557,17.1509051165996,1.0,8.0,0.0,0.4285714285714285,True,False,dockgen::3q14_1_PCR_3
dockgen,3qrc_2_GU4-YYJ_0,3qrc,Boltz-1 full receptor r1/s20,cofolding,True,True,False,18.231941011415408,results/posebench_702_predictions/boltz1_gpu/dockgen/3qrc_2_GU4-YYJ_0/full_r1_s20/boltz_results_3qrc_2_GU4-YYJ_0_boltz1/predictions/3qrc_2_GU4-YYJ_0_boltz1/3qrc_2_GU4-YYJ_0_boltz1_model_0.cif,0.289265364408493,0.2072416543960571,16.962785626732874,10.327595508491331,1.0,55.0,9.0,0.2586206896551724,True,False,dockgen::3qrc_2_GU4-YYJ_0
dockgen,3s5x_1_BMA-MAN-MAN-MAN-MAN_0,3s5x,Boltz-1 full receptor r1/s20,cofolding,True,True,False,31.64318766234583,results/posebench_702_predictions/boltz1_gpu/dockgen/3s5x_1_BMA-MAN-MAN-MAN-MAN_0/full_r1_s20/boltz_results_3s5x_1_BMA-MAN-MAN-MAN-MAN_0_boltz1/predictions/3s5x_1_BMA-MAN-MAN-MAN-MAN_0_boltz1/3s5x_1_BMA-MAN-MAN-MAN-MAN_0_boltz1_model_0.cif,0.5587500929832458,0.3648111522197723,6.469876968307663,2.948964207336717,1.0,45.0,20.0,0.7894736842105263,False,False,dockgen::3s5x_1_BMA-MAN-MAN-MAN-MAN_0
dockgen,3s6a_1_ANP_0,3s6a,Boltz-1 full receptor r1/s20,cofolding,True,True,False,10.554188981708826,results/posebench_702_predictions/boltz1_gpu/dockgen/3s6a_1_ANP_0/full_r1_s20/boltz_results_3s6a_1_ANP_0_boltz1/predictions/3s6a_1_ANP_0_boltz1/3s6a_1_ANP_0_boltz1_model_0.cif,0.4040896594524383,0.4277872741222381,16.978204529894015,12.051418978019516,1.0,27.0,7.0,0.2432432432432432,False,False,dockgen::3s6a_1_ANP_0
dockgen,3se5_1_ANP_2,3se5,Boltz-1 full receptor r1/s20,cofolding,True,True,False,14.05258569391806,results/posebench_702_predictions/boltz1_gpu/dockgen/3se5_1_ANP_2/full_r1_s20/boltz_results_3se5_1_ANP_2_boltz1/predictions/3se5_1_ANP_2_boltz1/3se5_1_ANP_2_boltz1_model_0.cif,0.3878932297229767,0.4171907007694244,21.266168256865736,12.70498016446868,1.0,31.0,7.0,0.2467532467532467,False,False,dockgen::3se5_1_ANP_2
dockgen,3sr6_1_MTE_1,3sr6,Boltz-1 full receptor r1/s20,cofolding,True,True,False,11.38473167954354,results/posebench_702_predictions/boltz1_gpu/dockgen/3sr6_1_MTE_1/full_r1_s20/boltz_results_3sr6_1_MTE_1_boltz1/predictions/3sr6_1_MTE_1_boltz1/3sr6_1_MTE_1_boltz1_model_0.cif,0.3943553566932678,0.3077921867370605,12.884950999041436,3.00080010526816,1.0,24.0,9.0,0.1641791044776119,False,False,dockgen::3sr6_1_MTE_1
dockgen,3ub7_1_ACM_1,3ub7,Boltz-1 full receptor r1/s20,cofolding,True,True,False,7.950241164962361,results/posebench_702_predictions/boltz1_gpu/dockgen/3ub7_1_ACM_1/full_r1_s20/boltz_results_3ub7_1_ACM_1_boltz1/predictions/3ub7_1_ACM_1_boltz1/3ub7_1_ACM_1_boltz1_model_0.cif,0.3792094588279724,0.1357566863298416,17.393689430788985,11.175346033987015,1.0,4.0,1.0,0.5555555555555556,False,False,dockgen::3ub7_1_ACM_1
dockgen,3ub9_1_NHY_1,3ub9,Boltz-1 full receptor r1/s20,cofolding,True,True,False,13.592651843176506,results/posebench_702_predictions/boltz1_gpu/dockgen/3ub9_1_NHY_1/full_r1_s20/boltz_results_3ub9_1_NHY_1_boltz1/predictions/3ub9_1_NHY_1_boltz1/3ub9_1_NHY_1_boltz1_model_0.cif,0.3770073354244232,0.178303837776184,17.051508098861746,11.263365439198106,1.0,5.0,1.0,0.2307692307692307,False,False,dockgen::3ub9_1_NHY_1
dockgen,3uni_1_SAL_0,3uni,Boltz-1 full receptor r1/s20,cofolding,True,False,False,,,,,,,0.0,10.0,2.0,0.25,True,False,dockgen::3uni_1_SAL_0
dockgen,3wrb_1_GDE_0,3wrb,Boltz-1 full receptor r1/s20,cofolding,True,True,False,8.293874607673372,results/posebench_702_predictions/boltz1_gpu/dockgen/3wrb_1_GDE_0/full_r1_s20/boltz_results_3wrb_1_GDE_0_boltz1/predictions/3wrb_1_GDE_0_boltz1/3wrb_1_GDE_0_boltz1_model_0.cif,0.3529433310031891,0.3629378080368042,29.39562905932936,13.87262516618088,1.0,12.0,2.0,0.2,True,False,dockgen::3wrb_1_GDE_0
dockgen,3wvc_1_FEG_0,3wvc,Boltz-1 full receptor r1/s20,cofolding,True,True,False,9.31422361368475,results/posebench_702_predictions/boltz1_gpu/dockgen/3wvc_1_FEG_0/full_r1_s20/boltz_results_3wvc_1_FEG_0_boltz1/predictions/3wvc_1_FEG_0_boltz1/3wvc_1_FEG_0_boltz1_model_0.cif,0.3390646874904632,0.3246712684631347,18.0373268452757,13.122716756174048,1.0,37.0,13.0,0.2058823529411764,False,False,dockgen::3wvc_1_FEG_0
dockgen,3zec_1_ANP_0,3zec,Boltz-1 full receptor r1/s20,cofolding,True,True,False,12.320753044901268,results/posebench_702_predictions/boltz1_gpu/dockgen/3zec_1_ANP_0/full_r1_s20/boltz_results_3zec_1_ANP_0_boltz1/predictions/3zec_1_ANP_0_boltz1/3zec_1_ANP_0_boltz1_model_0.cif,0.394101470708847,0.4556223452091217,22.907030016025967,14.975732045486632,1.0,31.0,7.0,0.2467532467532467,False,False,dockgen::3zec_1_ANP_0
dockgen,3zjx_1_BOG_0,3zjx,Boltz-1 full receptor r1/s20,cofolding,True,True,False,12.802815785510315,results/posebench_702_predictions/boltz1_gpu/dockgen/3zjx_1_BOG_0/full_r1_s20/boltz_results_3zjx_1_BOG_0_boltz1/predictions/3zjx_1_BOG_0_boltz1/3zjx_1_BOG_0_boltz1_model_0.cif,0.3530159890651703,0.1670868247747421,33.242780086902584,11.88357784089754,1.0,20.0,5.0,1.0,True,False,dockgen::3zjx_1_BOG_0
dockgen,3zqu_1_FNR_5,3zqu,Boltz-1 full receptor r1/s20,cofolding,True,True,False,10.73134107826828,results/posebench_702_predictions/boltz1_gpu/dockgen/3zqu_1_FNR_5/full_r1_s20/boltz_results_3zqu_1_FNR_5_boltz1/predictions/3zqu_1_FNR_5_boltz1/3zqu_1_FNR_5_boltz1_model_0.cif,0.6869862675666809,0.6102485656738281,7.781244059501143,1.7523688771114752,1.0,31.0,11.0,0.1724137931034483,False,False,dockgen::3zqu_1_FNR_5
dockgen,3zzs_1_TRP_3,3zzs,Boltz-1 full receptor r1/s20,cofolding,True,True,False,7.642747321955023,results/posebench_702_predictions/boltz1_gpu/dockgen/3zzs_1_TRP_3/full_r1_s20/boltz_results_3zzs_1_TRP_3_boltz1/predictions/3zzs_1_TRP_3_boltz1/3zzs_1_TRP_3_boltz1_model_0.cif,0.4135186374187469,0.211447611451149,14.581587130896642,10.667524858714046,1.0,15.0,4.0,0.2195121951219512,False,False,dockgen::3zzs_1_TRP_3
dockgen,4b4v_1_L34_0,4b4v,Boltz-1 full receptor r1/s20,cofolding,True,True,False,14.069266704006573,results/posebench_702_predictions/boltz1_gpu/dockgen/4b4v_1_L34_0/full_r1_s20/boltz_results_4b4v_1_L34_0_boltz1/predictions/4b4v_1_L34_0_boltz1/4b4v_1_L34_0_boltz1_model_0.cif,0.5897106528282166,0.6804192662239075,9.264704694547302,7.262182164641057,1.0,34.0,8.0,0.1451612903225806,False,False,dockgen::4b4v_1_L34_0
dockgen,4bc9_1_CNV-FAD_0,4bc9,Boltz-1 full receptor r1/s20,cofolding,True,True,False,14.475696955862038,results/posebench_702_predictions/boltz1_gpu/dockgen/4bc9_1_CNV-FAD_0/full_r1_s20/boltz_results_4bc9_1_CNV-FAD_0_boltz1/predictions/4bc9_1_CNV-FAD_0_boltz1/4bc9_1_CNV-FAD_0_boltz1_model_0.cif,0.3072800934314728,0.329799473285675,26.36690417055768,16.0492096415191,1.0,57.0,19.0,0.1986301369863013,False,False,dockgen::4bc9_1_CNV-FAD_0
dockgen,4cdn_2_FAD_0,4cdn,Boltz-1 full receptor r1/s20,cofolding,True,True,False,15.19938043837219,results/posebench_702_predictions/boltz1_gpu/dockgen/4cdn_2_FAD_0/full_r1_s20/boltz_results_4cdn_2_FAD_0_boltz1/predictions/4cdn_2_FAD_0_boltz1/4cdn_2_FAD_0_boltz1_model_0.cif,0.3740693032741546,0.3742054402828216,20.02251587278411,13.958466193693736,1.0,53.0,18.0,0.2071428571428571,False,False,dockgen::4cdn_2_FAD_0
dockgen,4fyv_1_DCP_2,4fyv,Boltz-1 full receptor r1/s20,cofolding,True,True,False,16.16535382280434,results/posebench_702_predictions/boltz1_gpu/dockgen/4fyv_1_DCP_2/full_r1_s20/boltz_results_4fyv_1_DCP_2_boltz1/predictions/4fyv_1_DCP_2_boltz1/4fyv_1_DCP_2_boltz1_model_0.cif,0.3468627631664276,0.2035714387893676,15.730474954095472,10.738653241084991,1.0,28.0,5.0,0.2676056338028169,False,False,dockgen::4fyv_1_DCP_2
dockgen,4fyw_1_CTP_4,4fyw,Boltz-1 full receptor r1/s20,cofolding,True,True,False,13.954811810140532,results/posebench_702_predictions/boltz1_gpu/dockgen/4fyw_1_CTP_4/full_r1_s20/boltz_results_4fyw_1_CTP_4_boltz1/predictions/4fyw_1_CTP_4_boltz1/4fyw_1_CTP_4_boltz1_model_0.cif,0.332820862531662,0.2058347761631012,16.006554520920638,9.881607254546774,1.0,29.0,6.0,0.2394366197183098,False,False,dockgen::4fyw_1_CTP_4
dockgen,4gk9_1_BMA-MAN-MAN-MAN-MAN_3,4gk9,Boltz-1 full receptor r1/s20,cofolding,True,True,False,31.119214961337804,results/posebench_702_predictions/boltz1_gpu/dockgen/4gk9_1_BMA-MAN-MAN-MAN-MAN_3/full_r1_s20/boltz_results_4gk9_1_BMA-MAN-MAN-MAN-MAN_3_boltz1/predictions/4gk9_1_BMA-MAN-MAN-MAN-MAN_3_boltz1/4gk9_1_BMA-MAN-MAN-MAN-MAN_3_boltz1_model_0.cif,0.3477963209152221,0.2612238824367523,17.231337365333417,6.589373136104388,1.0,56.0,25.0,0.7894736842105263,False,False,dockgen::4gk9_1_BMA-MAN-MAN-MAN-MAN_3
dockgen,4h2f_1_ADN_0,4h2f,Boltz-1 full receptor r1/s20,cofolding,True,True,False,23.29030422490194,results/posebench_702_predictions/boltz1_gpu/dockgen/4h2f_1_ADN_0/full_r1_s20/boltz_results_4h2f_1_ADN_0_boltz1/predictions/4h2f_1_ADN_0_boltz1/4h2f_1_ADN_0_boltz1_model_0.cif,0.5939339995384216,0.7903342247009277,17.650156963481912,11.876354592036382,1.0,19.0,7.0,0.3272727272727272,False,False,dockgen::4h2f_1_ADN_0
dockgen,4idk_1_1FE_0,4idk,Boltz-1 full receptor r1/s20,cofolding,True,True,False,8.32229597194944,results/posebench_702_predictions/boltz1_gpu/dockgen/4idk_1_1FE_0/full_r1_s20/boltz_results_4idk_1_1FE_0_boltz1/predictions/4idk_1_1FE_0_boltz1/4idk_1_1FE_0_boltz1_model_0.cif,0.3820919990539551,0.4504404664039612,32.867550666717584,15.59977181672744,1.0,15.0,5.0,0.180327868852459,False,False,dockgen::4idk_1_1FE_0
dockgen,4kgx_1_CTP_5,4kgx,Boltz-1 full receptor r1/s20,cofolding,True,False,False,,,,,,,0.0,29.0,6.0,0.2394366197183098,False,False,dockgen::4kgx_1_CTP_5
dockgen,4mig_1_G3F_2,4mig,Boltz-1 full receptor r1/s20,cofolding,True,True,False,6.263081526305536,results/posebench_702_predictions/boltz1_gpu/dockgen/4mig_1_G3F_2/full_r1_s20/boltz_results_4mig_1_G3F_2_boltz1/predictions/4mig_1_G3F_2_boltz1/4mig_1_G3F_2_boltz1_model_0.cif,0.369627296924591,0.4823684096336365,27.454990220084213,14.30921152071616,1.0,12.0,5.0,0.6086956521739131,True,False,dockgen::4mig_1_G3F_2
dockgen,4mo2_2_FDA_0,4mo2,Boltz-1 full receptor r1/s20,cofolding,True,True,False,13.55375952515409,results/posebench_702_predictions/boltz1_gpu/dockgen/4mo2_2_FDA_0/full_r1_s20/boltz_results_4mo2_2_FDA_0_boltz1/predictions/4mo2_2_FDA_0_boltz1/4mo2_2_FDA_0_boltz1_model_0.cif,0.5283158421516418,0.8237248063087463,17.509344774427618,13.82745795347238,1.0,53.0,18.0,0.2071428571428571,False,False,dockgen::4mo2_2_FDA_0
dockgen,4mos_1_GAF_1,4mos,Boltz-1 full receptor r1/s20,cofolding,True,True,False,4.113440843179431,results/posebench_702_predictions/boltz1_gpu/dockgen/4mos_1_GAF_1/full_r1_s20/boltz_results_4mos_1_GAF_1_boltz1/predictions/4mos_1_GAF_1_boltz1/4mos_1_GAF_1_boltz1_model_0.cif,0.3950900733470917,0.5564985871315002,26.79942888148502,13.052730026731457,1.0,12.0,5.0,0.6521739130434783,True,False,dockgen::4mos_1_GAF_1
dockgen,4n4l_1_HG1_0,4n4l,Boltz-1 full receptor r1/s20,cofolding,True,True,False,13.744801489282835,results/posebench_702_predictions/boltz1_gpu/dockgen/4n4l_1_HG1_0/full_r1_s20/boltz_results_4n4l_1_HG1_0_boltz1/predictions/4n4l_1_HG1_0_boltz1/4n4l_1_HG1_0_boltz1_model_0.cif,0.3388420343399048,0.3497970402240753,23.19962994285973,4.929593361755199,1.0,12.0,1.0,0.25,True,False,dockgen::4n4l_1_HG1_0
dockgen,4o0d_1_GLY_3,4o0d,Boltz-1 full receptor r1/s20,cofolding,True,True,False,16.07641865727994,results/posebench_702_predictions/boltz1_gpu/dockgen/4o0d_1_GLY_3/full_r1_s20/boltz_results_4o0d_1_GLY_3_boltz1/predictions/4o0d_1_GLY_3_boltz1/4o0d_1_GLY_3_boltz1_model_0.cif,0.3157181143760681,0.4184400737285614,20.644087655470795,16.23412725782251,1.0,5.0,0.0,0.3181818181818182,False,False,dockgen::4o0d_1_GLY_3
dockgen,4o0f_1_GLY_3,4o0f,Boltz-1 full receptor r1/s20,cofolding,True,True,False,9.633531192039516,results/posebench_702_predictions/boltz1_gpu/dockgen/4o0f_1_GLY_3/full_r1_s20/boltz_results_4o0f_1_GLY_3_boltz1/predictions/4o0f_1_GLY_3_boltz1/4o0f_1_GLY_3_boltz1_model_0.cif,0.305138498544693,0.1460080593824386,22.65098610747432,14.902200144416769,1.0,5.0,0.0,0.3181818181818182,False,False,dockgen::4o0f_1_GLY_3
dockgen,4o95_1_245_0,4o95,Boltz-1 full receptor r1/s20,cofolding,True,True,False,8.96513629807817,results/posebench_702_predictions/boltz1_gpu/dockgen/4o95_1_245_0/full_r1_s20/boltz_results_4o95_1_245_0_boltz1/predictions/4o95_1_245_0_boltz1/4o95_1_245_0_boltz1_model_0.cif,0.3652829825878143,0.377728134393692,20.68528696621004,13.970144261277508,1.0,17.0,3.0,0.2888888888888888,False,False,dockgen::4o95_1_245_0
dockgen,4oal_2_245_0,4oal,Boltz-1 full receptor r1/s20,cofolding,True,True,False,11.691789457649053,results/posebench_702_predictions/boltz1_gpu/dockgen/4oal_2_245_0/full_r1_s20/boltz_results_4oal_2_245_0_boltz1/predictions/4oal_2_245_0_boltz1/4oal_2_245_0_boltz1_model_0.cif,0.3596421182155609,0.391561895608902,21.146247482405556,12.024938744174904,1.0,17.0,3.0,0.2888888888888888,False,False,dockgen::4oal_2_245_0
dockgen,4osx_1_GLY_2,4osx,Boltz-1 full receptor r1/s20,cofolding,True,True,False,24.937778601808876,results/posebench_702_predictions/boltz1_gpu/dockgen/4osx_1_GLY_2/full_r1_s20/boltz_results_4osx_1_GLY_2_boltz1/predictions/4osx_1_GLY_2_boltz1/4osx_1_GLY_2_boltz1_model_0.cif,0.2886365056037903,0.390292763710022,22.03201716784119,14.752358296788476,1.0,5.0,0.0,0.3181818181818182,False,False,dockgen::4osx_1_GLY_2
dockgen,4osy_1_GLY_3,4osy,Boltz-1 full receptor r1/s20,cofolding,True,True,False,6.986537033949627,results/posebench_702_predictions/boltz1_gpu/dockgen/4osy_1_GLY_3/full_r1_s20/boltz_results_4osy_1_GLY_3_boltz1/predictions/4osy_1_GLY_3_boltz1/4osy_1_GLY_3_boltz1_model_0.cif,0.2925895154476166,0.3531602025032043,19.545255171814446,11.215698069786445,1.0,5.0,0.0,0.3181818181818182,False,False,dockgen::4osy_1_GLY_3
dockgen,4pfx_1_UDP_0,4pfx,Boltz-1 full receptor r1/s20,cofolding,True,True,False,10.756087139791088,results/posebench_702_predictions/boltz1_gpu/dockgen/4pfx_1_UDP_0/full_r1_s20/boltz_results_4pfx_1_UDP_0_boltz1/predictions/4pfx_1_UDP_0_boltz1/4pfx_1_UDP_0_boltz1_model_0.cif,0.3979033827781677,0.4739538729190826,15.24790126667004,13.052808535909469,1.0,25.0,6.0,0.2537313432835821,False,False,dockgen::4pfx_1_UDP_0
dockgen,4phr_1_UDP_0,4phr,Boltz-1 full receptor r1/s20,cofolding,True,True,False,9.858670375374032,results/posebench_702_predictions/boltz1_gpu/dockgen/4phr_1_UDP_0/full_r1_s20/boltz_results_4phr_1_UDP_0_boltz1/predictions/4phr_1_UDP_0_boltz1/4phr_1_UDP_0_boltz1_model_0.cif,0.3806885778903961,0.3882482945919037,18.160800915982875,13.70284113870606,1.0,25.0,6.0,0.2537313432835821,False,False,dockgen::4phr_1_UDP_0
dockgen,4phs_1_UDP_0,4phs,Boltz-1 full receptor r1/s20,cofolding,True,True,False,8.837139624427415,results/posebench_702_predictions/boltz1_gpu/dockgen/4phs_1_UDP_0/full_r1_s20/boltz_results_4phs_1_UDP_0_boltz1/predictions/4phs_1_UDP_0_boltz1/4phs_1_UDP_0_boltz1_model_0.cif,0.3985370099544525,0.4530373811721802,19.17251145788389,14.323315606684137,1.0,25.0,6.0,0.2463768115942029,False,False,dockgen::4phs_1_UDP_0
dockgen,4pya_1_2X3_0,4pya,Boltz-1 full receptor r1/s20,cofolding,True,True,False,11.19175989269891,results/posebench_702_predictions/boltz1_gpu/dockgen/4pya_1_2X3_0/full_r1_s20/boltz_results_4pya_1_2X3_0_boltz1/predictions/4pya_1_2X3_0_boltz1/4pya_1_2X3_0_boltz1_model_0.cif,0.3999447226524353,0.2655030190944671,14.284530147653646,9.935663118191108,1.0,32.0,9.0,0.1585365853658536,False,False,dockgen::4pya_1_2X3_0
dockgen,4qa8_1_PJZ_0,4qa8,Boltz-1 full receptor r1/s20,cofolding,True,True,False,9.543903773304436,results/posebench_702_predictions/boltz1_gpu/dockgen/4qa8_1_PJZ_0/full_r1_s20/boltz_results_4qa8_1_PJZ_0_boltz1/predictions/4qa8_1_PJZ_0_boltz1/4qa8_1_PJZ_0_boltz1_model_0.cif,0.3678509593009949,0.4106495082378387,18.74578399030969,11.731416028109924,1.0,34.0,3.0,0.3714285714285714,False,False,dockgen::4qa8_1_PJZ_0
dockgen,4qo5_1_NAG_2,4qo5,Boltz-1 full receptor r1/s20,cofolding,True,True,False,17.269575586710506,results/posebench_702_predictions/boltz1_gpu/dockgen/4qo5_1_NAG_2/full_r1_s20/boltz_results_4qo5_1_NAG_2_boltz1/predictions/4qo5_1_NAG_2_boltz1/4qo5_1_NAG_2_boltz1_model_0.cif,0.3504154980182647,0.2769307196140289,23.692112603950463,12.24587681258746,1.0,14.0,5.0,0.3142857142857143,True,False,dockgen::4qo5_1_NAG_2
dockgen,4rhe_1_FMN_6,4rhe,Boltz-1 full receptor r1/s20,cofolding,True,True,False,10.435650699336865,results/posebench_702_predictions/boltz1_gpu/dockgen/4rhe_1_FMN_6/full_r1_s20/boltz_results_4rhe_1_FMN_6_boltz1/predictions/4rhe_1_FMN_6_boltz1/4rhe_1_FMN_6_boltz1_model_0.cif,0.605320155620575,0.6498127579689026,19.62002902920593,15.511325405042504,1.0,31.0,11.0,0.1685393258426966,False,False,dockgen::4rhe_1_FMN_6
dockgen,4rpj_1_UDP_0,4rpj,Boltz-1 full receptor r1/s20,cofolding,True,True,False,10.15819032866846,results/posebench_702_predictions/boltz1_gpu/dockgen/4rpj_1_UDP_0/full_r1_s20/boltz_results_4rpj_1_UDP_0_boltz1/predictions/4rpj_1_UDP_0_boltz1/4rpj_1_UDP_0_boltz1_model_0.cif,0.4603772163391113,0.6483877897262573,24.86937608477628,14.28221558175736,1.0,25.0,6.0,0.2537313432835821,False,False,dockgen::4rpj_1_UDP_0
dockgen,4rpm_1_HXC_0,4rpm,Boltz-1 full receptor r1/s20,cofolding,True,True,False,12.604281490721815,results/posebench_702_predictions/boltz1_gpu/dockgen/4rpm_1_HXC_0/full_r1_s20/boltz_results_4rpm_1_HXC_0_boltz1/predictions/4rpm_1_HXC_0_boltz1/4rpm_1_HXC_0_boltz1_model_0.cif,0.3766026496887207,0.4294682443141937,20.507802345474108,14.445042786741013,1.0,9.0,1.0,0.4285714285714285,False,False,dockgen::4rpm_1_HXC_0
dockgen,4tvd_1_BGC_4,4tvd,Boltz-1 full receptor r1/s20,cofolding,True,True,False,21.413624146800995,results/posebench_702_predictions/boltz1_gpu/dockgen/4tvd_1_BGC_4/full_r1_s20/boltz_results_4tvd_1_BGC_4_boltz1/predictions/4tvd_1_BGC_4_boltz1/4tvd_1_BGC_4_boltz1_model_0.cif,0.4122022688388824,0.4611309766769409,30.841268610771444,11.54820144114087,1.0,12.0,5.0,1.0,True,False,dockgen::4tvd_1_BGC_4
dockgen,4tvd_1_GLC_0,4tvd,Boltz-1 full receptor r1/s20,cofolding,True,True,False,44.37937589937048,results/posebench_702_predictions/boltz1_gpu/dockgen/4tvd_1_GLC_0/full_r1_s20/boltz_results_4tvd_1_GLC_0_boltz1/predictions/4tvd_1_GLC_0_boltz1/4tvd_1_GLC_0_boltz1_model_0.cif,0.4004751741886139,0.4214094281196594,31.69590387781668,1.9846298644823612,1.0,12.0,5.0,1.0,True,False,dockgen::4tvd_1_GLC_0
dockgen,4u63_1_FAD_0,4u63,Boltz-1 full receptor r1/s20,cofolding,True,True,False,16.687077404007805,results/posebench_702_predictions/boltz1_gpu/dockgen/4u63_1_FAD_0/full_r1_s20/boltz_results_4u63_1_FAD_0_boltz1/predictions/4u63_1_FAD_0_boltz1/4u63_1_FAD_0_boltz1_model_0.cif,0.4333337843418121,0.6497113108634949,24.36493863846385,14.633567161574463,1.0,53.0,18.0,0.2071428571428571,False,False,dockgen::4u63_1_FAD_0
dockgen,4uoc_1_NCN_1,4uoc,Boltz-1 full receptor r1/s20,cofolding,True,True,False,11.488370529895864,results/posebench_702_predictions/boltz1_gpu/dockgen/4uoc_1_NCN_1/full_r1_s20/boltz_results_4uoc_1_NCN_1_boltz1/predictions/4uoc_1_NCN_1_boltz1/4uoc_1_NCN_1_boltz1_model_0.cif,0.3836678266525268,0.3889234662055969,25.000946796896823,12.9269973886798,1.0,22.0,5.0,0.2388059701492537,False,False,dockgen::4uoc_1_NCN_1
dockgen,4uuw_1_AMP_0,4uuw,Boltz-1 full receptor r1/s20,cofolding,True,True,False,4.7023994611011615,results/posebench_702_predictions/boltz1_gpu/dockgen/4uuw_1_AMP_0/full_r1_s20/boltz_results_4uuw_1_AMP_0_boltz1/predictions/4uuw_1_AMP_0_boltz1/4uuw_1_AMP_0_boltz1_model_0.cif,0.477658599615097,0.5827528834342957,24.6460618182414,7.3271190596566065,1.0,23.0,7.0,0.2608695652173913,False,False,dockgen::4uuw_1_AMP_0
dockgen,4xdr_1_ADN_0,4xdr,Boltz-1 full receptor r1/s20,cofolding,True,True,False,10.386236902846296,results/posebench_702_predictions/boltz1_gpu/dockgen/4xdr_1_ADN_0/full_r1_s20/boltz_results_4xdr_1_ADN_0_boltz1/predictions/4xdr_1_ADN_0_boltz1/4xdr_1_ADN_0_boltz1_model_0.cif,0.4568923115730285,0.6176568269729614,21.62182854373397,12.996451367160589,1.0,19.0,7.0,0.3272727272727272,False,False,dockgen::4xdr_1_ADN_0
dockgen,4xfm_1_THE_0,4xfm,Boltz-1 full receptor r1/s20,cofolding,True,True,False,6.130169347860901,results/posebench_702_predictions/boltz1_gpu/dockgen/4xfm_1_THE_0/full_r1_s20/boltz_results_4xfm_1_THE_0_boltz1/predictions/4xfm_1_THE_0_boltz1/4xfm_1_THE_0_boltz1_model_0.cif,0.4164724051952362,0.3094198405742645,22.423884712799115,9.831377489434518,1.0,9.0,2.0,0.5238095238095238,False,False,dockgen::4xfm_1_THE_0
dockgen,4ydx_1_TCE_0,4ydx,Boltz-1 full receptor r1/s20,cofolding,True,True,False,7.222019399171573,results/posebench_702_predictions/boltz1_gpu/dockgen/4ydx_1_TCE_0/full_r1_s20/boltz_results_4ydx_1_TCE_0_boltz1/predictions/4ydx_1_TCE_0_boltz1/4ydx_1_TCE_0_boltz1_model_0.cif,0.5034436583518982,0.3913585543632507,3.772124784107547,2.463155512582123,1.0,16.0,0.0,0.2222222222222222,False,False,dockgen::4ydx_1_TCE_0
dockgen,4zav_1_4LS_8,4zav,Boltz-1 full receptor r1/s20,cofolding,True,True,False,35.9831112733403,results/posebench_702_predictions/boltz1_gpu/dockgen/4zav_1_4LS_8/full_r1_s20/boltz_results_4zav_1_4LS_8_boltz1/predictions/4zav_1_4LS_8_boltz1/4zav_1_4LS_8_boltz1_model_0.cif,0.6967143416404724,0.5782018303871155,8.432539494625352,7.233906889297452,1.0,36.0,11.0,0.1648351648351648,False,False,dockgen::4zav_1_4LS_8
dockgen,4zaw_1_4LU_1,4zaw,Boltz-1 full receptor r1/s20,cofolding,True,True,False,17.687207254905893,results/posebench_702_predictions/boltz1_gpu/dockgen/4zaw_1_4LU_1/full_r1_s20/boltz_results_4zaw_1_4LU_1_boltz1/predictions/4zaw_1_4LU_1_boltz1/4zaw_1_4LU_1_boltz1_model_0.cif,0.6793440580368042,0.6066626906394958,8.08693046294978,3.0994538303566563,1.0,36.0,12.0,0.1649484536082474,False,False,dockgen::4zaw_1_4LU_1
dockgen,4zay_1_4LS_6,4zay,Boltz-1 full receptor r1/s20,cofolding,True,True,False,17.781251620659347,results/posebench_702_predictions/boltz1_gpu/dockgen/4zay_1_4LS_6/full_r1_s20/boltz_results_4zay_1_4LS_6_boltz1/predictions/4zay_1_4LS_6_boltz1/4zay_1_4LS_6_boltz1_model_0.cif,0.6440145969390869,0.4792023301124573,7.525713364792301,3.6106672858119735,1.0,36.0,11.0,0.1648351648351648,False,False,dockgen::4zay_1_4LS_6
dockgen,4zaz_1_4LS_6,4zaz,Boltz-1 full receptor r1/s20,cofolding,True,True,False,19.30826551440208,results/posebench_702_predictions/boltz1_gpu/dockgen/4zaz_1_4LS_6/full_r1_s20/boltz_results_4zaz_1_4LS_6_boltz1/predictions/4zaz_1_4LS_6_boltz1/4zaz_1_4LS_6_boltz1_model_0.cif,0.6678182482719421,0.5162143111228943,7.823224835726714,4.202337009115642,1.0,36.0,11.0,0.1648351648351648,False,False,dockgen::4zaz_1_4LS_6
dockgen,4zqx_1_ATP_2,4zqx,Boltz-1 full receptor r1/s20,cofolding,True,True,False,11.113356174864707,results/posebench_702_predictions/boltz1_gpu/dockgen/4zqx_1_ATP_2/full_r1_s20/boltz_results_4zqx_1_ATP_2_boltz1/predictions/4zqx_1_ATP_2_boltz1/4zqx_1_ATP_2_boltz1_model_0.cif,0.4117658734321594,0.373945027589798,18.02049363975587,9.98009124364802,1.0,31.0,7.0,0.24,False,False,dockgen::4zqx_1_ATP_2
dockgen,5a98_1_ATP_0,5a98,Boltz-1 full receptor r1/s20,cofolding,True,True,False,22.814982221730364,results/posebench_702_predictions/boltz1_gpu/dockgen/5a98_1_ATP_0/full_r1_s20/boltz_results_5a98_1_ATP_0_boltz1/predictions/5a98_1_ATP_0_boltz1/5a98_1_ATP_0_boltz1_model_0.cif,0.3373086154460907,0.276809424161911,20.45025640934171,13.814499177232207,1.0,31.0,7.0,0.24,False,False,dockgen::5a98_1_ATP_0
dockgen,5ae3_2_AWB_1,5ae3,Boltz-1 full receptor r1/s20,cofolding,True,True,False,15.067166796494352,results/posebench_702_predictions/boltz1_gpu/dockgen/5ae3_2_AWB_1/full_r1_s20/boltz_results_5ae3_2_AWB_1_boltz1/predictions/5ae3_2_AWB_1_boltz1/5ae3_2_AWB_1_boltz1_model_0.cif,0.3520699143409729,0.3791206479072571,26.19014004194794,15.493854303243252,1.0,39.0,12.0,0.216867469879518,False,False,dockgen::5ae3_2_AWB_1
dockgen,5b5s_1_BOG_0,5b5s,Boltz-1 full receptor r1/s20,cofolding,True,True,False,12.63954292928772,results/posebench_702_predictions/boltz1_gpu/dockgen/5b5s_1_BOG_0/full_r1_s20/boltz_results_5b5s_1_BOG_0_boltz1/predictions/5b5s_1_BOG_0_boltz1/5b5s_1_BOG_0_boltz1_model_0.cif,0.6024567484855652,0.4633187055587768,4.974577757641367,7.052157310456853,1.0,20.0,5.0,1.0,True,False,dockgen::5b5s_1_BOG_0
dockgen,5d9g_1_GLU-ASN-LEU-TYR-PHE-GLN_0,5d9g,Boltz-1 full receptor r1/s20,cofolding,True,True,False,22.869668114972907,results/posebench_702_predictions/boltz1_gpu/dockgen/5d9g_1_GLU-ASN-LEU-TYR-PHE-GLN_0/full_r1_s20/boltz_results_5d9g_1_GLU-ASN-LEU-TYR-PHE-GLN_0_boltz1/predictions/5d9g_1_GLU-ASN-LEU-TYR-PHE-GLN_0_boltz1/5d9g_1_GLU-ASN-LEU-TYR-PHE-GLN_0_boltz1_model_0.cif,0.2679437398910522,0.1388246864080429,18.798803195290304,9.674630857149744,1.0,41.0,4.0,0.5,False,False,dockgen::5d9g_1_GLU-ASN-LEU-TYR-PHE-GLN_0
dockgen,5dnc_1_ASN_2,5dnc,Boltz-1 full receptor r1/s20,cofolding,True,True,False,3.451013212349868,results/posebench_702_predictions/boltz1_gpu/dockgen/5dnc_1_ASN_2/full_r1_s20/boltz_results_5dnc_1_ASN_2_boltz1/predictions/5dnc_1_ASN_2_boltz1/5dnc_1_ASN_2_boltz1_model_0.cif,0.3542415797710418,0.3454004824161529,28.7772748181934,12.4939218398712,1.0,9.0,2.0,0.25,False,False,dockgen::5dnc_1_ASN_2
dockgen,5eno_1_5QG_0,5eno,Boltz-1 full receptor r1/s20,cofolding,True,True,False,7.18577432641382,results/posebench_702_predictions/boltz1_gpu/dockgen/5eno_1_5QG_0/full_r1_s20/boltz_results_5eno_1_5QG_0_boltz1/predictions/5eno_1_5QG_0_boltz1/5eno_1_5QG_0_boltz1_model_0.cif,0.406333178281784,0.4302242696285248,26.245751406704034,13.486747247705486,1.0,29.0,5.0,0.1772151898734177,False,False,dockgen::5eno_1_5QG_0
dockgen,5enp_1_5QF_0,5enp,Boltz-1 full receptor r1/s20,cofolding,True,True,False,11.663683668091304,results/posebench_702_predictions/boltz1_gpu/dockgen/5enp_1_5QF_0/full_r1_s20/boltz_results_5enp_1_5QF_0_boltz1/predictions/5enp_1_5QF_0_boltz1/5enp_1_5QF_0_boltz1_model_0.cif,0.3554472625255584,0.3256292641162872,26.376674772022263,14.07390588324217,1.0,37.0,8.0,0.15625,False,False,dockgen::5enp_1_5QF_0
dockgen,5enq_1_5QE_0,5enq,Boltz-1 full receptor r1/s20,cofolding,True,True,False,6.862188837988286,results/posebench_702_predictions/boltz1_gpu/dockgen/5enq_1_5QE_0/full_r1_s20/boltz_results_5enq_1_5QE_0_boltz1/predictions/5enq_1_5QE_0_boltz1/5enq_1_5QE_0_boltz1_model_0.cif,0.3651943206787109,0.3311284184455871,26.801670776097534,13.866685150887504,1.0,35.0,8.0,0.1621621621621621,False,False,dockgen::5enq_1_5QE_0
dockgen,5enr_1_MBX_0,5enr,Boltz-1 full receptor r1/s20,cofolding,True,True,False,8.590285744976464,results/posebench_702_predictions/boltz1_gpu/dockgen/5enr_1_MBX_0/full_r1_s20/boltz_results_5enr_1_MBX_0_boltz1/predictions/5enr_1_MBX_0_boltz1/5enr_1_MBX_0_boltz1_model_0.cif,0.3903744220733642,0.4363066554069519,25.478060464660608,12.047705638257987,1.0,36.0,8.0,0.1592920353982301,False,False,dockgen::5enr_1_MBX_0
dockgen,5ent_1_MIY_0,5ent,Boltz-1 full receptor r1/s20,cofolding,True,True,False,11.344995080495623,results/posebench_702_predictions/boltz1_gpu/dockgen/5ent_1_MIY_0/full_r1_s20/boltz_results_5ent_1_MIY_0_boltz1/predictions/5ent_1_MIY_0_boltz1/5ent_1_MIY_0_boltz1_model_0.cif,0.3694591522216797,0.4414206147193908,27.2655623312718,16.052546718824924,1.0,33.0,15.0,0.1690140845070422,False,False,dockgen::5ent_1_MIY_0
dockgen,5ers_1_AMP_1,5ers,Boltz-1 full receptor r1/s20,cofolding,True,True,False,17.685244479746576,results/posebench_702_predictions/boltz1_gpu/dockgen/5ers_1_AMP_1/full_r1_s20/boltz_results_5ers_1_AMP_1_boltz1/predictions/5ers_1_AMP_1_boltz1/5ers_1_AMP_1_boltz1_model_0.cif,0.4012374877929687,0.4987550675868988,25.62223453287549,9.853313045981634,1.0,23.0,7.0,0.2608695652173913,False,False,dockgen::5ers_1_AMP_1
dockgen,5f2t_1_PLM_0,5f2t,Boltz-1 full receptor r1/s20,cofolding,True,True,False,7.58913246520602,results/posebench_702_predictions/boltz1_gpu/dockgen/5f2t_1_PLM_0/full_r1_s20/boltz_results_5f2t_1_PLM_0_boltz1/predictions/5f2t_1_PLM_0_boltz1/5f2t_1_PLM_0_boltz1_model_0.cif,0.3612506985664367,0.2304511666297912,16.576096000017365,14.583063917054774,1.0,18.0,0.0,0.5416666666666666,False,False,dockgen::5f2t_1_PLM_0
dockgen,5f52_1_ASP_2,5f52,Boltz-1 full receptor r1/s20,cofolding,True,True,False,8.886890909310331,results/posebench_702_predictions/boltz1_gpu/dockgen/5f52_1_ASP_2/full_r1_s20/boltz_results_5f52_1_ASP_2_boltz1/predictions/5f52_1_ASP_2_boltz1/5f52_1_ASP_2_boltz1_model_0.cif,0.4194658696651459,0.3976711332798004,22.12239982975392,10.21220695085021,1.0,9.0,1.0,0.25,False,False,dockgen::5f52_1_ASP_2
dockgen,5fiu_1_Y3J_3,5fiu,Boltz-1 full receptor r1/s20,cofolding,True,True,False,6.813947650265527,results/posebench_702_predictions/boltz1_gpu/dockgen/5fiu_1_Y3J_3/full_r1_s20/boltz_results_5fiu_1_Y3J_3_boltz1/predictions/5fiu_1_Y3J_3_boltz1/5fiu_1_Y3J_3_boltz1_model_0.cif,0.3159640729427337,0.4687077105045318,20.892736774761552,10.477029752605633,1.0,20.0,7.0,0.1617647058823529,False,False,dockgen::5fiu_1_Y3J_3
dockgen,5fxd_1_H7Y_1,5fxd,Boltz-1 full receptor r1/s20,cofolding,True,True,False,7.184793051041615,results/posebench_702_predictions/boltz1_gpu/dockgen/5fxd_1_H7Y_1/full_r1_s20/boltz_results_5fxd_1_H7Y_1_boltz1/predictions/5fxd_1_H7Y_1_boltz1/5fxd_1_H7Y_1_boltz1_model_0.cif,0.3945520520210266,0.4503702223300934,23.238606958666573,13.472764490635262,1.0,12.0,3.0,0.2352941176470588,True,False,dockgen::5fxd_1_H7Y_1
dockgen,5fxe_1_CIY_1,5fxe,Boltz-1 full receptor r1/s20,cofolding,True,True,False,5.447976091837504,results/posebench_702_predictions/boltz1_gpu/dockgen/5fxe_1_CIY_1/full_r1_s20/boltz_results_5fxe_1_CIY_1_boltz1/predictions/5fxe_1_CIY_1_boltz1/5fxe_1_CIY_1_boltz1_model_0.cif,0.3925053775310516,0.4745943546295166,22.24642437474865,14.57698633908379,1.0,13.0,3.0,0.2264150943396226,True,False,dockgen::5fxe_1_CIY_1
dockgen,5fxf_1_BEZ_0,5fxf,Boltz-1 full receptor r1/s20,cofolding,True,True,False,4.47555183294558,results/posebench_702_predictions/boltz1_gpu/dockgen/5fxf_1_BEZ_0/full_r1_s20/boltz_results_5fxf_1_BEZ_0_boltz1/predictions/5fxf_1_BEZ_0_boltz1/5fxf_1_BEZ_0_boltz1_model_0.cif,0.3999757468700409,0.4710135161876678,22.206335335301063,12.593340450126686,1.0,9.0,0.0,0.3125,True,False,dockgen::5fxf_1_BEZ_0
dockgen,5gqi_1_ATP_7,5gqi,Boltz-1 full receptor r1/s20,cofolding,True,True,False,10.45514863465952,results/posebench_702_predictions/boltz1_gpu/dockgen/5gqi_1_ATP_7/full_r1_s20/boltz_results_5gqi_1_ATP_7_boltz1/predictions/5gqi_1_ATP_7_boltz1/5gqi_1_ATP_7_boltz1_model_0.cif,0.4600657522678375,0.4348458051681518,16.093284856126967,12.3398734145322,1.0,31.0,7.0,0.24,False,False,dockgen::5gqi_1_ATP_7
dockgen,5gql_1_ATP_4,5gql,Boltz-1 full receptor r1/s20,cofolding,True,True,False,16.090064074898116,results/posebench_702_predictions/boltz1_gpu/dockgen/5gql_1_ATP_4/full_r1_s20/boltz_results_5gql_1_ATP_4_boltz1/predictions/5gql_1_ATP_4_boltz1/5gql_1_ATP_4_boltz1_model_0.cif,0.4607186317443847,0.4217747151851654,17.303421772694723,11.858290410468395,1.0,31.0,7.0,0.24,False,False,dockgen::5gql_1_ATP_4
dockgen,5hhz_1_ZME_0,5hhz,Boltz-1 full receptor r1/s20,cofolding,True,True,False,8.991223743257809,results/posebench_702_predictions/boltz1_gpu/dockgen/5hhz_1_ZME_0/full_r1_s20/boltz_results_5hhz_1_ZME_0_boltz1/predictions/5hhz_1_ZME_0_boltz1/5hhz_1_ZME_0_boltz1_model_0.cif,0.3681156933307647,0.4648641049861908,22.34082460021073,12.166866945457038,1.0,15.0,4.0,0.2083333333333333,False,False,dockgen::5hhz_1_ZME_0
dockgen,5hmr_1_FDZ_0,5hmr,Boltz-1 full receptor r1/s20,cofolding,True,True,False,8.682195470786748,results/posebench_702_predictions/boltz1_gpu/dockgen/5hmr_1_FDZ_0/full_r1_s20/boltz_results_5hmr_1_FDZ_0_boltz1/predictions/5hmr_1_FDZ_0_boltz1/5hmr_1_FDZ_0_boltz1_model_0.cif,0.3635843694210052,0.4049974381923675,20.04340987535077,13.32781825912416,1.0,20.0,4.0,0.1864406779661017,False,False,dockgen::5hmr_1_FDZ_0
dockgen,5hqx_1_EDZ_0,5hqx,Boltz-1 full receptor r1/s20,cofolding,True,True,False,5.111186350838459,results/posebench_702_predictions/boltz1_gpu/dockgen/5hqx_1_EDZ_0/full_r1_s20/boltz_results_5hqx_1_EDZ_0_boltz1/predictions/5hqx_1_EDZ_0_boltz1/5hqx_1_EDZ_0_boltz1_model_0.cif,0.3639585375785827,0.3979686200618744,22.022290057191125,13.863522748872972,1.0,18.0,4.0,0.1785714285714285,False,False,dockgen::5hqx_1_EDZ_0
dockgen,5hw0_1_GLU_2,5hw0,Boltz-1 full receptor r1/s20,cofolding,True,True,False,5.592594005512536,results/posebench_702_predictions/boltz1_gpu/dockgen/5hw0_1_GLU_2/full_r1_s20/boltz_results_5hw0_1_GLU_2_boltz1/predictions/5hw0_1_GLU_2_boltz1/5hw0_1_GLU_2_boltz1_model_0.cif,0.4299874305725097,0.3932842910289764,21.82315225649575,10.319396122972387,1.0,10.0,1.0,0.2222222222222222,False,False,dockgen::5hw0_1_GLU_2
dockgen,5ida_1_BMA_0,5ida,Boltz-1 full receptor r1/s20,cofolding,True,True,False,13.0356543749801,results/posebench_702_predictions/boltz1_gpu/dockgen/5ida_1_BMA_0/full_r1_s20/boltz_results_5ida_1_BMA_0_boltz1/predictions/5ida_1_BMA_0_boltz1/5ida_1_BMA_0_boltz1_model_0.cif,0.3053077757358551,0.1736927181482315,12.677938491092153,9.071884169530804,1.0,12.0,5.0,1.0,True,False,dockgen::5ida_1_BMA_0
dockgen,5k3o_2_ASP_0,5k3o,Boltz-1 full receptor r1/s20,cofolding,True,True,False,16.91164613085848,results/posebench_702_predictions/boltz1_gpu/dockgen/5k3o_2_ASP_0/full_r1_s20/boltz_results_5k3o_2_ASP_0_boltz1/predictions/5k3o_2_ASP_0_boltz1/5k3o_2_ASP_0_boltz1_model_0.cif,0.421361356973648,0.5493029356002808,25.572817377989143,13.135662164010611,1.0,9.0,1.0,0.25,False,False,dockgen::5k3o_2_ASP_0
dockgen,5k45_2_GLU_1,5k45,Boltz-1 full receptor r1/s20,cofolding,True,True,False,18.66935516119024,results/posebench_702_predictions/boltz1_gpu/dockgen/5k45_2_GLU_1/full_r1_s20/boltz_results_5k45_2_GLU_1_boltz1/predictions/5k45_2_GLU_1_boltz1/5k45_2_GLU_1_boltz1_model_0.cif,0.4377065300941467,0.6837288737297058,27.1790421459032,14.43683038042075,1.0,10.0,1.0,0.2222222222222222,False,False,dockgen::5k45_2_GLU_1
dockgen,5k4h_2_GLU_3,5k4h,Boltz-1 full receptor r1/s20,cofolding,True,True,False,5.852820705434243,results/posebench_702_predictions/boltz1_gpu/dockgen/5k4h_2_GLU_3/full_r1_s20/boltz_results_5k4h_2_GLU_3_boltz1/predictions/5k4h_2_GLU_3_boltz1/5k4h_2_GLU_3_boltz1_model_0.cif,0.4040277004241943,0.3548791110515594,23.77739200652153,9.446277794596634,1.0,10.0,1.0,0.2222222222222222,False,False,dockgen::5k4h_2_GLU_3
dockgen,5k62_1_ASN-VAL_0,5k62,Boltz-1 full receptor r1/s20,cofolding,True,True,False,9.337027589480511,results/posebench_702_predictions/boltz1_gpu/dockgen/5k62_1_ASN-VAL_0/full_r1_s20/boltz_results_5k62_1_ASN-VAL_0_boltz1/predictions/5k62_1_ASN-VAL_0_boltz1/5k62_1_ASN-VAL_0_boltz1_model_0.cif,0.4292782843112945,0.5022842884063721,17.311852111897956,11.012919537530406,1.0,15.0,4.0,0.3125,False,False,dockgen::5k62_1_ASN-VAL_0
dockgen,5k63_1_ASN-GLY_0,5k63,Boltz-1 full receptor r1/s20,cofolding,True,True,False,11.125272587877197,results/posebench_702_predictions/boltz1_gpu/dockgen/5k63_1_ASN-GLY_0/full_r1_s20/boltz_results_5k63_1_ASN-GLY_0_boltz1/predictions/5k63_1_ASN-GLY_0_boltz1/5k63_1_ASN-GLY_0_boltz1_model_0.cif,0.4248031675815582,0.4809368550777435,21.598103273287244,9.93803267795734,1.0,12.0,3.0,0.2258064516129032,False,False,dockgen::5k63_1_ASN-GLY_0
dockgen,5k66_1_ASN-GLU_0,5k66,Boltz-1 full receptor r1/s20,cofolding,True,True,False,10.004158414798471,results/posebench_702_predictions/boltz1_gpu/dockgen/5k66_1_ASN-GLU_0/full_r1_s20/boltz_results_5k66_1_ASN-GLU_0_boltz1/predictions/5k66_1_ASN-GLU_0_boltz1/5k66_1_ASN-GLU_0_boltz1_model_0.cif,0.4227038919925689,0.4884338974952698,21.60974354258517,14.449982974199392,1.0,17.0,4.0,0.2285714285714285,False,False,dockgen::5k66_1_ASN-GLU_0
dockgen,5mh1_1_BMA_0,5mh1,Boltz-1 full receptor r1/s20,cofolding,True,True,False,8.778808294720402,results/posebench_702_predictions/boltz1_gpu/dockgen/5mh1_1_BMA_0/full_r1_s20/boltz_results_5mh1_1_BMA_0_boltz1/predictions/5mh1_1_BMA_0_boltz1/5mh1_1_BMA_0_boltz1_model_0.cif,0.394778698682785,0.2390948981046676,9.32886449238024,4.861699276366331,1.0,12.0,5.0,1.0,True,False,dockgen::5mh1_1_BMA_0
dockgen,5u82_2_ZN0_0,5u82,Boltz-1 full receptor r1/s20,cofolding,True,True,False,,results/posebench_702_predictions/boltz1_gpu/dockgen/5u82_2_ZN0_0/full_r1_s20/boltz_results_5u82_2_ZN0_0_boltz1/predictions/5u82_2_ZN0_0_boltz1/5u82_2_ZN0_0_boltz1_model_0.cif,0.4475590884685516,0.3946817517280578,15.279933921553244,,0.0,7.0,0.0,0.1764705882352941,False,False,dockgen::5u82_2_ZN0_0
dockgen,6a71_1_9UX_0,6a71,Boltz-1 full receptor r1/s20,cofolding,True,False,False,,,,,,,0.0,6.0,0.0,0.1176470588235294,False,False,dockgen::6a71_1_9UX_0
dockgen,6a72_1_9UX_0,6a72,Boltz-1 full receptor r1/s20,cofolding,True,False,False,,,,,,,0.0,6.0,0.0,0.1176470588235294,False,False,dockgen::6a72_1_9UX_0
dockgen,6b1b_1_TMO_15,6b1b,Boltz-1 full receptor r1/s20,cofolding,True,True,False,25.09598079056797,results/posebench_702_predictions/boltz1_gpu/dockgen/6b1b_1_TMO_15/full_r1_s20/boltz_results_6b1b_1_TMO_15_boltz1/predictions/6b1b_1_TMO_15_boltz1/6b1b_1_TMO_15_boltz1_model_0.cif,0.3410838544368744,0.3133964538574219,25.38780498267121,9.579433980225518,1.0,5.0,0.0,0.2857142857142857,False,False,dockgen::6b1b_1_TMO_15
dockgen,6ea9_1_9BG_0,6ea9,Boltz-1 full receptor r1/s20,cofolding,True,True,False,16.188893454719345,results/posebench_702_predictions/boltz1_gpu/dockgen/6ea9_1_9BG_0/full_r1_s20/boltz_results_6ea9_1_9BG_0_boltz1/predictions/6ea9_1_9BG_0_boltz1/6ea9_1_9BG_0_boltz1_model_0.cif,0.2785051465034485,0.291383683681488,22.095342747737757,14.095454093053808,1.0,46.0,15.0,0.1979166666666666,False,False,dockgen::6ea9_1_9BG_0
dockgen,6ep5_1_ADP_1,6ep5,Boltz-1 full receptor r1/s20,cofolding,True,True,False,8.233800681017495,results/posebench_702_predictions/boltz1_gpu/dockgen/6ep5_1_ADP_1/full_r1_s20/boltz_results_6ep5_1_ADP_1_boltz1/predictions/6ep5_1_ADP_1_boltz1/6ep5_1_ADP_1_boltz1_model_0.cif,0.3806726634502411,0.5505761504173279,18.448563170155914,13.507500573900678,1.0,27.0,7.0,0.2465753424657534,False,False,dockgen::6ep5_1_ADP_1
dockgen,6etf_1_AMP_0,6etf,Boltz-1 full receptor r1/s20,cofolding,True,True,False,6.003281169459328,results/posebench_702_predictions/boltz1_gpu/dockgen/6etf_1_AMP_0/full_r1_s20/boltz_results_6etf_1_AMP_0_boltz1/predictions/6etf_1_AMP_0_boltz1/6etf_1_AMP_0_boltz1_model_0.cif,0.4496161937713623,0.6602153182029724,25.10851841421626,6.6453076296193805,1.0,23.0,7.0,0.2608695652173913,False,False,dockgen::6etf_1_AMP_0
dockgen,6fgc_1_ADP_1,6fgc,Boltz-1 full receptor r1/s20,cofolding,True,True,False,17.656180862393157,results/posebench_702_predictions/boltz1_gpu/dockgen/6fgc_1_ADP_1/full_r1_s20/boltz_results_6fgc_1_ADP_1_boltz1/predictions/6fgc_1_ADP_1_boltz1/6fgc_1_ADP_1_boltz1_model_0.cif,0.4212870597839355,0.520107626914978,26.801487941809764,9.027628459728549,1.0,27.0,7.0,0.2465753424657534,False,False,dockgen::6fgc_1_ADP_1
dockgen,6fgc_1_D95_1,6fgc,Boltz-1 full receptor r1/s20,cofolding,True,True,False,26.07334982632088,results/posebench_702_predictions/boltz1_gpu/dockgen/6fgc_1_D95_1/full_r1_s20/boltz_results_6fgc_1_D95_1_boltz1/predictions/6fgc_1_D95_1_boltz1/6fgc_1_D95_1_boltz1_model_0.cif,0.3644805550575256,0.2654316127300262,27.1637564301564,1.5291777624902758,1.0,27.0,9.0,0.175,False,False,dockgen::6fgc_1_D95_1
dockgen,6gbf_1_AMP_0,6gbf,Boltz-1 full receptor r1/s20,cofolding,True,True,False,6.496214148657152,results/posebench_702_predictions/boltz1_gpu/dockgen/6gbf_1_AMP_0/full_r1_s20/boltz_results_6gbf_1_AMP_0_boltz1/predictions/6gbf_1_AMP_0_boltz1/6gbf_1_AMP_0_boltz1_model_0.cif,0.4605494141578674,0.6210429072380066,24.309334293494683,9.217339417749509,1.0,23.0,7.0,0.2608695652173913,False,False,dockgen::6gbf_1_AMP_0
dockgen,6jls_1_FMN_6,6jls,Boltz-1 full receptor r1/s20,cofolding,True,True,False,32.66792997897044,results/posebench_702_predictions/boltz1_gpu/dockgen/6jls_1_FMN_6/full_r1_s20/boltz_results_6jls_1_FMN_6_boltz1/predictions/6jls_1_FMN_6_boltz1/6jls_1_FMN_6_boltz1_model_0.cif,0.7350660562515259,0.5910646319389343,2.7163370699426936,2.1817378496165025,1.0,31.0,11.0,0.1724137931034483,False,False,dockgen::6jls_1_FMN_6
dockgen,6n19_2_K8V_0,6n19,Boltz-1 full receptor r1/s20,cofolding,True,True,False,9.04615267452508,results/posebench_702_predictions/boltz1_gpu/dockgen/6n19_2_K8V_0/full_r1_s20/boltz_results_6n19_2_K8V_0_boltz1/predictions/6n19_2_K8V_0_boltz1/6n19_2_K8V_0_boltz1_model_0.cif,0.4059626758098602,0.4696062207221985,18.73196444944364,15.407791176958897,1.0,17.0,6.0,0.1891891891891892,True,False,dockgen::6n19_2_K8V_0
dockgen,6nco_1_KQP_0,6nco,Boltz-1 full receptor r1/s20,cofolding,True,False,False,,,,,,,0.0,,,,False,False,dockgen::6nco_1_KQP_0
dockgen,6npp_1_KWG_0,6npp,Boltz-1 full receptor r1/s20,cofolding,True,True,False,18.864544961033232,results/posebench_702_predictions/boltz1_gpu/dockgen/6npp_1_KWG_0/full_r1_s20/boltz_results_6npp_1_KWG_0_boltz1/predictions/6npp_1_KWG_0_boltz1/6npp_1_KWG_0_boltz1_model_0.cif,0.4547090232372284,0.4362580478191376,11.725893093470416,10.02770253840358,1.0,22.0,4.0,0.1935483870967742,False,False,dockgen::6npp_1_KWG_0
dockgen,6o6y_1_ACK_0,6o6y,Boltz-1 full receptor r1/s20,cofolding,True,True,False,10.338584711402271,results/posebench_702_predictions/boltz1_gpu/dockgen/6o6y_1_ACK_0/full_r1_s20/boltz_results_6o6y_1_ACK_0_boltz1/predictions/6o6y_1_ACK_0_boltz1/6o6y_1_ACK_0_boltz1_model_0.cif,0.3475017249584198,0.4577769935131073,30.773600213638357,14.487890538017965,1.0,22.0,7.0,0.1944444444444444,False,False,dockgen::6o6y_1_ACK_0
dockgen,6o70_1_ACK_1,6o70,Boltz-1 full receptor r1/s20,cofolding,True,True,False,13.672280231411056,results/posebench_702_predictions/boltz1_gpu/dockgen/6o70_1_ACK_1/full_r1_s20/boltz_results_6o70_1_ACK_1_boltz1/predictions/6o70_1_ACK_1_boltz1/6o70_1_ACK_1_boltz1_model_0.cif,0.3267380595207214,0.4030169546604156,29.79982167156552,12.20957950669766,1.0,22.0,7.0,0.1944444444444444,False,False,dockgen::6o70_1_ACK_1
dockgen,6pa2_1_ASP_2,6pa2,Boltz-1 full receptor r1/s20,cofolding,True,True,False,8.606411599108945,results/posebench_702_predictions/boltz1_gpu/dockgen/6pa2_1_ASP_2/full_r1_s20/boltz_results_6pa2_1_ASP_2_boltz1/predictions/6pa2_1_ASP_2_boltz1/6pa2_1_ASP_2_boltz1_model_0.cif,0.3786445260047912,0.4337084591388702,22.679140391543267,12.854903811461773,1.0,9.0,1.0,0.25,False,False,dockgen::6pa2_1_ASP_2
dockgen,6pa6_2_ASN_0,6pa6,Boltz-1 full receptor r1/s20,cofolding,True,True,False,12.55348408358316,results/posebench_702_predictions/boltz1_gpu/dockgen/6pa6_2_ASN_0/full_r1_s20/boltz_results_6pa6_2_ASN_0_boltz1/predictions/6pa6_2_ASN_0_boltz1/6pa6_2_ASN_0_boltz1_model_0.cif,0.3810888826847076,0.3896983861923218,24.62340990663261,11.93028665057148,1.0,9.0,2.0,0.25,False,False,dockgen::6pa6_2_ASN_0
dockgen,6paa_1_ASP_2,6paa,Boltz-1 full receptor r1/s20,cofolding,True,True,False,17.84041266895677,results/posebench_702_predictions/boltz1_gpu/dockgen/6paa_1_ASP_2/full_r1_s20/boltz_results_6paa_1_ASP_2_boltz1/predictions/6paa_1_ASP_2_boltz1/6paa_1_ASP_2_boltz1_model_0.cif,0.4201125204563141,0.4773555994033813,24.468363646818325,13.761083425156082,1.0,9.0,1.0,0.25,False,False,dockgen::6paa_1_ASP_2
dockgen,6qkr_1_FAD_0,6qkr,Boltz-1 full receptor r1/s20,cofolding,True,True,False,15.069098317423572,results/posebench_702_predictions/boltz1_gpu/dockgen/6qkr_1_FAD_0/full_r1_s20/boltz_results_6qkr_1_FAD_0_boltz1/predictions/6qkr_1_FAD_0_boltz1/6qkr_1_FAD_0_boltz1_model_0.cif,0.5423353314399719,0.6041625738143921,16.14408368047978,12.532466930867656,1.0,53.0,18.0,0.2071428571428571,False,False,dockgen::6qkr_1_FAD_0
dockgen,6rms_1_AMP_1,6rms,Boltz-1 full receptor r1/s20,cofolding,True,True,False,15.332709530985015,results/posebench_702_predictions/boltz1_gpu/dockgen/6rms_1_AMP_1/full_r1_s20/boltz_results_6rms_1_AMP_1_boltz1/predictions/6rms_1_AMP_1_boltz1/6rms_1_AMP_1_boltz1_model_0.cif,0.4515493512153625,0.6555556058883667,23.116743589978995,12.087782205982595,1.0,23.0,7.0,0.2608695652173913,False,False,dockgen::6rms_1_AMP_1
dockgen,6ryz_1_SAM_2,6ryz,Boltz-1 full receptor r1/s20,cofolding,True,True,False,6.844478606490136,results/posebench_702_predictions/boltz1_gpu/dockgen/6ryz_1_SAM_2/full_r1_s20/boltz_results_6ryz_1_SAM_2_boltz1/predictions/6ryz_1_SAM_2_boltz1/6ryz_1_SAM_2_boltz1_model_0.cif,0.3901603519916534,0.3515628278255462,22.906558913618152,10.593494613720155,1.0,27.0,9.0,0.2195121951219512,False,False,dockgen::6ryz_1_SAM_2
dockgen,6rz2_1_5CD_2,6rz2,Boltz-1 full receptor r1/s20,cofolding,True,True,False,12.566105592729754,results/posebench_702_predictions/boltz1_gpu/dockgen/6rz2_1_5CD_2/full_r1_s20/boltz_results_6rz2_1_5CD_2_boltz1/predictions/6rz2_1_5CD_2_boltz1/6rz2_1_5CD_2_boltz1_model_0.cif,0.3471200168132782,0.2888047695159912,19.638621559500248,13.723294955677408,1.0,19.0,7.0,0.2333333333333333,False,False,dockgen::6rz2_1_5CD_2
dockgen,6tvg_1_AP2_1,6tvg,Boltz-1 full receptor r1/s20,cofolding,True,True,False,15.08395644059407,results/posebench_702_predictions/boltz1_gpu/dockgen/6tvg_1_AP2_1/full_r1_s20/boltz_results_6tvg_1_AP2_1_boltz1/predictions/6tvg_1_AP2_1_boltz1/6tvg_1_AP2_1_boltz1_model_0.cif,0.5233709216117859,0.5104476809501648,18.791353920396,15.311843013486968,1.0,27.0,7.0,0.2465753424657534,False,False,dockgen::6tvg_1_AP2_1
dockgen,6uqy_2_AT3_0,6uqy,Boltz-1 full receptor r1/s20,cofolding,True,True,False,6.163122607049608,results/posebench_702_predictions/boltz1_gpu/dockgen/6uqy_2_AT3_0/full_r1_s20/boltz_results_6uqy_2_AT3_0_boltz1/predictions/6uqy_2_AT3_0_boltz1/6uqy_2_AT3_0_boltz1_model_0.cif,0.5421134829521179,0.5046886205673218,12.01694851863096,10.298995730478229,1.0,10.0,1.0,0.3181818181818182,False,False,dockgen::6uqy_2_AT3_0
dockgen,6ur1_2_AT3_0,6ur1,Boltz-1 full receptor r1/s20,cofolding,True,True,False,5.288431889024287,results/posebench_702_predictions/boltz1_gpu/dockgen/6ur1_2_AT3_0/full_r1_s20/boltz_results_6ur1_2_AT3_0_boltz1/predictions/6ur1_2_AT3_0_boltz1/6ur1_2_AT3_0_boltz1_model_0.cif,0.541168212890625,0.507500171661377,11.17850445952614,10.900208355646823,1.0,10.0,1.0,0.3181818181818182,False,False,dockgen::6ur1_2_AT3_0
dockgen,6v2a_1_ASN_3,6v2a,Boltz-1 full receptor r1/s20,cofolding,True,True,False,9.075025478742427,results/posebench_702_predictions/boltz1_gpu/dockgen/6v2a_1_ASN_3/full_r1_s20/boltz_results_6v2a_1_ASN_3_boltz1/predictions/6v2a_1_ASN_3_boltz1/6v2a_1_ASN_3_boltz1_model_0.cif,0.394438087940216,0.401951402425766,24.49058138154202,10.633860216257132,1.0,9.0,2.0,0.25,False,False,dockgen::6v2a_1_ASN_3
dockgen,6wyz_1_DGL_1,6wyz,Boltz-1 full receptor r1/s20,cofolding,True,True,False,12.20014729147914,results/posebench_702_predictions/boltz1_gpu/dockgen/6wyz_1_DGL_1/full_r1_s20/boltz_results_6wyz_1_DGL_1_boltz1/predictions/6wyz_1_DGL_1_boltz1/6wyz_1_DGL_1_boltz1_model_0.cif,0.4042852818965912,0.5198561549186707,23.46743769126415,12.129399120586406,1.0,10.0,1.0,0.2222222222222222,False,False,dockgen::6wyz_1_DGL_1
dockgen,6xb3_3_9BG_1,6xb3,Boltz-1 full receptor r1/s20,cofolding,True,True,False,16.12385272178568,results/posebench_702_predictions/boltz1_gpu/dockgen/6xb3_3_9BG_1/full_r1_s20/boltz_results_6xb3_3_9BG_1_boltz1/predictions/6xb3_3_9BG_1_boltz1/6xb3_3_9BG_1_boltz1_model_0.cif,0.2793042361736297,0.3233624696731567,24.462634924962927,15.93378931935472,1.0,46.0,15.0,0.1979166666666666,False,False,dockgen::6xb3_3_9BG_1
dockgen,6xug_1_O1Q_0,6xug,Boltz-1 full receptor r1/s20,cofolding,True,True,False,10.314431458024908,results/posebench_702_predictions/boltz1_gpu/dockgen/6xug_1_O1Q_0/full_r1_s20/boltz_results_6xug_1_O1Q_0_boltz1/predictions/6xug_1_O1Q_0_boltz1/6xug_1_O1Q_0_boltz1_model_0.cif,0.5355448126792908,0.4576124846935272,19.43706313401196,16.109974037047518,1.0,31.0,10.0,0.1929824561403508,False,False,dockgen::6xug_1_O1Q_0
dockgen,6yao_1_OJ2_0,6yao,Boltz-1 full receptor r1/s20,cofolding,True,True,False,9.86069886757464,results/posebench_702_predictions/boltz1_gpu/dockgen/6yao_1_OJ2_0/full_r1_s20/boltz_results_6yao_1_OJ2_0_boltz1/predictions/6yao_1_OJ2_0_boltz1/6yao_1_OJ2_0_boltz1_model_0.cif,0.3640888631343841,0.3728861510753631,21.756122101823134,12.828398129062736,1.0,24.0,5.0,0.2241379310344827,False,False,dockgen::6yao_1_OJ2_0
dockgen,6yap_1_OHZ_0,6yap,Boltz-1 full receptor r1/s20,cofolding,True,True,False,10.048744569821256,results/posebench_702_predictions/boltz1_gpu/dockgen/6yap_1_OHZ_0/full_r1_s20/boltz_results_6yap_1_OHZ_0_boltz1/predictions/6yap_1_OHZ_0_boltz1/6yap_1_OHZ_0_boltz1_model_0.cif,0.3394683301448822,0.3105841279029846,21.79219591063351,12.977095679792784,1.0,25.0,6.0,0.1774193548387097,False,False,dockgen::6yap_1_OHZ_0
dockgen,6yaq_1_OHZ_0,6yaq,Boltz-1 full receptor r1/s20,cofolding,True,True,False,7.54373065739032,results/posebench_702_predictions/boltz1_gpu/dockgen/6yaq_1_OHZ_0/full_r1_s20/boltz_results_6yaq_1_OHZ_0_boltz1/predictions/6yaq_1_OHZ_0_boltz1/6yaq_1_OHZ_0_boltz1_model_0.cif,0.3569241464138031,0.4010183811187744,21.866448654334427,14.2686700497325,1.0,25.0,6.0,0.1774193548387097,False,False,dockgen::6yaq_1_OHZ_0
astex_diverse,1G9V_RQ3,1g9v,Chai-1 full receptor s5/t200,cofolding,True,True,False,20.67941117834642,results/posebench_702_predictions/chai1_gpu/astex_diverse/1G9V_RQ3/default_s5_t200/predictions/pred.model_idx_1.cif,0.830540657043457,0.8207909464836121,,12.69469823191785,1.0,25.0,0.0,0.4285714285714285,False,False,astex_diverse::1G9V_RQ3
astex_diverse,1GKC_NFH,1gkc,Chai-1 full receptor s5/t200,cofolding,True,True,False,10.629732977997692,results/posebench_702_predictions/chai1_gpu/astex_diverse/1GKC_NFH/default_s5_t200/predictions/pred.model_idx_1.cif,0.5476072430610657,0.5354689359664917,,0.4461536338003131,1.0,22.0,2.0,0.2777777777777778,False,False,astex_diverse::1GKC_NFH
astex_diverse,1GM8_SOX,1gm8,Chai-1 full receptor s5/t200,cofolding,True,True,False,2.995043043065083,results/posebench_702_predictions/chai1_gpu/astex_diverse/1GM8_SOX/default_s5_t200/predictions/pred.model_idx_2.cif,0.8903131484985352,0.8852804899215698,,1.1981579256682793,1.0,24.0,4.0,0.3384615384615385,False,False,astex_diverse::1GM8_SOX
astex_diverse,1GPK_HUP,1gpk,Chai-1 full receptor s5/t200,cofolding,True,True,False,4.5069043679441165,results/posebench_702_predictions/chai1_gpu/astex_diverse/1GPK_HUP/default_s5_t200/predictions/pred.model_idx_1.cif,0.5582212209701538,0.4572820663452148,,0.248435118209979,1.0,18.0,2.0,0.1969696969696969,False,False,astex_diverse::1GPK_HUP
astex_diverse,1HNN_SKF,1hnn,Chai-1 full receptor s5/t200,cofolding,True,True,False,45.7275376688583,results/posebench_702_predictions/chai1_gpu/astex_diverse/1HNN_SKF/default_s5_t200/predictions/pred.model_idx_2.cif,0.7169321179389954,0.708014726638794,,0.2772982610252961,1.0,14.0,0.0,0.4186046511627907,False,False,astex_diverse::1HNN_SKF
astex_diverse,1HP0_AD3,1hp0,Chai-1 full receptor s5/t200,cofolding,True,True,False,26.07575740992424,results/posebench_702_predictions/chai1_gpu/astex_diverse/1HP0_AD3/default_s5_t200/predictions/pred.model_idx_1.cif,0.8246585130691528,0.805144727230072,,0.714609335969211,1.0,19.0,4.0,0.6458333333333334,False,False,astex_diverse::1HP0_AD3
astex_diverse,1HQ2_PH2,1hq2,Chai-1 full receptor s5/t200,cofolding,True,True,True,0.9256224610163614,results/posebench_702_predictions/chai1_gpu/astex_diverse/1HQ2_PH2/default_s5_t200/predictions/pred.model_idx_0.cif,0.9077671766281128,0.8978660702705383,,0.7660923764316623,1.0,14.0,0.0,0.5686274509803921,False,False,astex_diverse::1HQ2_PH2
astex_diverse,1HVY_D16,1hvy,Chai-1 full receptor s5/t200,cofolding,True,False,False,,,,,,,0.0,32.0,1.0,1.0,True,False,astex_diverse::1HVY_D16
astex_diverse,1HWI_115,1hwi,Chai-1 full receptor s5/t200,cofolding,True,False,False,,,,,,,0.0,30.0,2.0,0.2898550724637681,True,False,astex_diverse::1HWI_115
astex_diverse,1HWW_SWA,1hww,Chai-1 full receptor s5/t200,cofolding,True,False,False,,,,,,,0.0,12.0,4.0,0.1818181818181818,False,False,astex_diverse::1HWW_SWA
astex_diverse,1IA1_TQ3,1ia1,Chai-1 full receptor s5/t200,cofolding,True,True,True,0.7365711135925659,results/posebench_702_predictions/chai1_gpu/astex_diverse/1IA1_TQ3/default_s5_t200/predictions/pred.model_idx_0.cif,0.4360693693161011,0.4042929112911224,,0.4937475710374115,1.0,19.0,0.0,0.2745098039215686,False,False,astex_diverse::1IA1_TQ3
astex_diverse,1IG3_VIB,1ig3,Chai-1 full receptor s5/t200,cofolding,True,True,True,0.5021367630586809,results/posebench_702_predictions/chai1_gpu/astex_diverse/1IG3_VIB/default_s5_t200/predictions/pred.model_idx_1.cif,0.919014573097229,0.914761483669281,,0.5956166465984266,1.0,18.0,0.0,0.6428571428571429,True,False,astex_diverse::1IG3_VIB
astex_diverse,1J3J_CP6,1j3j,Chai-1 full receptor s5/t200,cofolding,True,False,False,,,,,,,0.0,17.0,0.0,1.0,True,False,astex_diverse::1J3J_CP6
astex_diverse,1JD0_AZM,1jd0,Chai-1 full receptor s5/t200,cofolding,True,True,True,1.1074957599014073,results/posebench_702_predictions/chai1_gpu/astex_diverse/1JD0_AZM/default_s5_t200/predictions/pred.model_idx_4.cif,0.5329629778862,0.5148230791091919,,0.1877568831298451,1.0,13.0,0.0,0.2888888888888888,False,False,astex_diverse::1JD0_AZM
astex_diverse,1JJE_BYS,1jje,Chai-1 full receptor s5/t200,cofolding,True,True,False,20.913313830156927,results/posebench_702_predictions/chai1_gpu/astex_diverse/1JJE_BYS/default_s5_t200/predictions/pred.model_idx_1.cif,0.4918665289878845,0.4536186754703522,,0.3804488190565535,1.0,25.0,2.0,0.3673469387755102,False,False,astex_diverse::1JJE_BYS
astex_diverse,1JLA_TNK,1jla,Chai-1 full receptor s5/t200,cofolding,True,True,False,70.34626438713384,results/posebench_702_predictions/chai1_gpu/astex_diverse/1JLA_TNK/default_s5_t200/predictions/pred.model_idx_1.cif,0.6443558931350708,0.6361813545227051,,1.638667688511019,1.0,27.0,0.0,0.2898550724637681,False,False,astex_diverse::1JLA_TNK
astex_diverse,1K3U_IAD,1k3u,Chai-1 full receptor s5/t200,cofolding,True,True,False,30.85607284822792,results/posebench_702_predictions/chai1_gpu/astex_diverse/1K3U_IAD/default_s5_t200/predictions/pred.model_idx_1.cif,0.8652759790420532,0.8519508838653564,,0.544999814840966,1.0,21.0,1.0,0.5454545454545454,True,False,astex_diverse::1K3U_IAD
astex_diverse,1KE5_LS1,1ke5,Chai-1 full receptor s5/t200,cofolding,True,True,True,0.5578099498351504,results/posebench_702_predictions/chai1_gpu/astex_diverse/1KE5_LS1/default_s5_t200/predictions/pred.model_idx_3.cif,0.8815767168998718,0.8664038777351379,,0.6999658832584983,1.0,23.0,0.0,0.3272727272727272,False,False,astex_diverse::1KE5_LS1
astex_diverse,1KZK_JE2,1kzk,Chai-1 full receptor s5/t200,cofolding,True,True,True,0.5833755408073605,results/posebench_702_predictions/chai1_gpu/astex_diverse/1KZK_JE2/default_s5_t200/predictions/pred.model_idx_0.cif,0.9418821930885316,0.9369547963142396,,0.2620897765837408,1.0,41.0,3.0,0.2391304347826087,False,False,astex_diverse::1KZK_JE2
astex_diverse,1L2S_STC,1l2s,Chai-1 full receptor s5/t200,cofolding,True,True,True,0.7984321561735983,results/posebench_702_predictions/chai1_gpu/astex_diverse/1L2S_STC/default_s5_t200/predictions/pred.model_idx_1.cif,0.3926197588443756,0.3379232883453369,,0.2807374285440944,1.0,19.0,0.0,0.3421052631578947,False,False,astex_diverse::1L2S_STC
astex_diverse,1L7F_BCZ,1l7f,Chai-1 full receptor s5/t200,cofolding,True,True,False,2.587086824868487,results/posebench_702_predictions/chai1_gpu/astex_diverse/1L7F_BCZ/default_s5_t200/predictions/pred.model_idx_3.cif,0.5644809007644653,0.4990727305412292,,0.6765766236162212,1.0,23.0,5.0,1.0,True,False,astex_diverse::1L7F_BCZ
astex_diverse,1LPZ_CMB,1lpz,Chai-1 full receptor s5/t200,cofolding,True,True,True,1.9571124784234455,results/posebench_702_predictions/chai1_gpu/astex_diverse/1LPZ_CMB/default_s5_t200/predictions/pred.model_idx_2.cif,0.8973060846328735,0.8835437297821045,,0.3506266591257708,1.0,32.0,0.0,0.3717948717948718,False,False,astex_diverse::1LPZ_CMB
astex_diverse,1LRH_NLA,1lrh,Chai-1 full receptor s5/t200,cofolding,True,True,False,29.632088915479667,results/posebench_702_predictions/chai1_gpu/astex_diverse/1LRH_NLA/default_s5_t200/predictions/pred.model_idx_4.cif,0.5546904802322388,0.5305027365684509,,0.7761743012843042,1.0,14.0,0.0,0.6060606060606061,True,False,astex_diverse::1LRH_NLA
astex_diverse,1M2Z_DEX,1m2z,Chai-1 full receptor s5/t200,cofolding,True,True,False,41.78795243980883,results/posebench_702_predictions/chai1_gpu/astex_diverse/1M2Z_DEX/default_s5_t200/predictions/pred.model_idx_3.cif,0.7931597828865051,0.7806133031845093,,0.5515330994609287,1.0,28.0,8.0,1.0,True,False,astex_diverse::1M2Z_DEX
astex_diverse,1MEH_MOA,1meh,Chai-1 full receptor s5/t200,cofolding,True,True,False,16.963781729152352,results/posebench_702_predictions/chai1_gpu/astex_diverse/1MEH_MOA/default_s5_t200/predictions/pred.model_idx_0.cif,0.3213035762310028,0.1763086915016174,,2.3305316411677386,1.0,23.0,0.0,0.2307692307692307,False,False,astex_diverse::1MEH_MOA
astex_diverse,1MMV_3AR,1mmv,Chai-1 full receptor s5/t200,cofolding,True,True,False,13.480961292083483,results/posebench_702_predictions/chai1_gpu/astex_diverse/1MMV_3AR/default_s5_t200/predictions/pred.model_idx_4.cif,0.1557165086269378,0.1383138597011566,,12.169001703536852,1.0,15.0,1.0,0.6470588235294118,False,False,astex_diverse::1MMV_3AR
astex_diverse,1MZC_BNE,1mzc,Chai-1 full receptor s5/t200,cofolding,True,True,False,6.2931082123092255,results/posebench_702_predictions/chai1_gpu/astex_diverse/1MZC_BNE/default_s5_t200/predictions/pred.model_idx_3.cif,0.930479109287262,0.9234369397163392,,0.1986366752106109,1.0,35.0,2.0,0.2129629629629629,False,False,astex_diverse::1MZC_BNE
astex_diverse,1N1M_A3M,1n1m,Chai-1 full receptor s5/t200,cofolding,True,False,False,,,,,,,0.0,12.0,1.0,0.3170731707317073,True,False,astex_diverse::1N1M_A3M
astex_diverse,1N2J_PAF,1n2j,Chai-1 full receptor s5/t200,cofolding,True,True,False,32.803804983839655,results/posebench_702_predictions/chai1_gpu/astex_diverse/1N2J_PAF/default_s5_t200/predictions/pred.model_idx_0.cif,0.9003480076789856,0.8895373940467834,,0.2234408960515159,1.0,10.0,1.0,0.2857142857142857,False,False,astex_diverse::1N2J_PAF
astex_diverse,1N2V_BDI,1n2v,Chai-1 full receptor s5/t200,cofolding,True,True,False,2.7085484996726814,results/posebench_702_predictions/chai1_gpu/astex_diverse/1N2V_BDI/default_s5_t200/predictions/pred.model_idx_4.cif,0.7552903294563293,0.7059057354927063,,0.3613514986025374,1.0,15.0,0.0,0.2244897959183673,False,False,astex_diverse::1N2V_BDI
astex_diverse,1N46_PFA,1n46,Chai-1 full receptor s5/t200,cofolding,True,True,False,37.3784817410837,results/posebench_702_predictions/chai1_gpu/astex_diverse/1N46_PFA/default_s5_t200/predictions/pred.model_idx_2.cif,0.7215298414230347,0.7021839022636414,,0.6162353548417646,1.0,27.0,0.0,0.2608695652173913,False,False,astex_diverse::1N46_PFA
astex_diverse,1NAV_IH5,1nav,Chai-1 full receptor s5/t200,cofolding,True,True,True,0.4399137706674217,results/posebench_702_predictions/chai1_gpu/astex_diverse/1NAV_IH5/default_s5_t200/predictions/pred.model_idx_2.cif,0.8846270442008972,0.8733459115028381,,0.3815019718515466,1.0,23.0,0.0,0.3620689655172414,True,False,astex_diverse::1NAV_IH5
astex_diverse,1OF1_SCT,1of1,Chai-1 full receptor s5/t200,cofolding,True,True,False,6.057336510653866,results/posebench_702_predictions/chai1_gpu/astex_diverse/1OF1_SCT/default_s5_t200/predictions/pred.model_idx_3.cif,0.7387398481369019,0.7210668325424194,,9.447908263182532,1.0,18.0,4.0,0.3492063492063492,False,False,astex_diverse::1OF1_SCT
astex_diverse,1OF6_DTY,1of6,Chai-1 full receptor s5/t200,cofolding,True,False,False,,,,,,,0.0,13.0,1.0,0.5142857142857142,True,False,astex_diverse::1OF6_DTY
astex_diverse,1OPK_P16,1opk,Chai-1 full receptor s5/t200,cofolding,True,True,True,0.976835930663046,results/posebench_702_predictions/chai1_gpu/astex_diverse/1OPK_P16/default_s5_t200/predictions/pred.model_idx_0.cif,0.7522258758544922,0.7627471089363098,,1.9118632152218835,1.0,29.0,0.0,0.3522727272727273,False,False,astex_diverse::1OPK_P16
astex_diverse,1OQ5_CEL,1oq5,Chai-1 full receptor s5/t200,cofolding,True,True,False,2.2078328197352826,results/posebench_702_predictions/chai1_gpu/astex_diverse/1OQ5_CEL/default_s5_t200/predictions/pred.model_idx_0.cif,0.8889186382293701,0.8676190376281738,,0.1662634131702706,1.0,26.0,0.0,1.0,True,False,astex_diverse::1OQ5_CEL
astex_diverse,1OWE_675,1owe,Chai-1 full receptor s5/t200,cofolding,True,True,True,1.30704338735302,results/posebench_702_predictions/chai1_gpu/astex_diverse/1OWE_675/default_s5_t200/predictions/pred.model_idx_0.cif,0.8719452619552612,0.8482890725135803,,0.2965926874422969,1.0,22.0,0.0,0.4313725490196078,False,False,astex_diverse::1OWE_675
astex_diverse,1OYT_FSN,1oyt,Chai-1 full receptor s5/t200,cofolding,True,True,True,0.7317867939907284,results/posebench_702_predictions/chai1_gpu/astex_diverse/1OYT_FSN/default_s5_t200/predictions/pred.model_idx_0.cif,0.8996269702911377,0.8815341591835022,,0.2865617103393558,1.0,30.0,4.0,0.2878787878787879,False,False,astex_diverse::1OYT_FSN
astex_diverse,1P2Y_NCT,1p2y,Chai-1 full receptor s5/t200,cofolding,True,True,False,3.909954773621042,results/posebench_702_predictions/chai1_gpu/astex_diverse/1P2Y_NCT/default_s5_t200/predictions/pred.model_idx_0.cif,0.6232060194015503,0.5425401926040649,,0.3579453169430791,1.0,12.0,1.0,1.0,True,False,astex_diverse::1P2Y_NCT
astex_diverse,1P62_GEO,1p62,Chai-1 full receptor s5/t200,cofolding,True,True,True,1.3719490052780097,results/posebench_702_predictions/chai1_gpu/astex_diverse/1P62_GEO/default_s5_t200/predictions/pred.model_idx_4.cif,0.914826273918152,0.9062002301216124,,0.3508314143185911,1.0,18.0,3.0,0.6041666666666666,True,False,astex_diverse::1P62_GEO
astex_diverse,1PMN_984,1pmn,Chai-1 full receptor s5/t200,cofolding,True,True,True,1.047841089846116,results/posebench_702_predictions/chai1_gpu/astex_diverse/1PMN_984/default_s5_t200/predictions/pred.model_idx_4.cif,0.868598222732544,0.8579963445663452,,2.763725500885476,1.0,33.0,0.0,0.3258426966292135,False,False,astex_diverse::1PMN_984
astex_diverse,1Q1G_MTI,1q1g,Chai-1 full receptor s5/t200,cofolding,True,False,False,,,,,,,0.0,20.0,4.0,0.4821428571428571,False,False,astex_diverse::1Q1G_MTI
astex_diverse,1Q41_IXM,1q41,Chai-1 full receptor s5/t200,cofolding,True,True,False,33.01717677946717,results/posebench_702_predictions/chai1_gpu/astex_diverse/1Q41_IXM/default_s5_t200/predictions/pred.model_idx_3.cif,0.5493268966674805,0.5362351536750793,,0.5157793876190326,1.0,21.0,0.0,0.3333333333333333,False,False,astex_diverse::1Q41_IXM
astex_diverse,1Q4G_BFL,1q4g,Chai-1 full receptor s5/t200,cofolding,True,False,False,,,,,,,0.0,17.0,1.0,0.5483870967741935,True,False,astex_diverse::1Q4G_BFL
astex_diverse,1R1H_BIR,1r1h,Chai-1 full receptor s5/t200,cofolding,True,True,True,1.2957144141639598,results/posebench_702_predictions/chai1_gpu/astex_diverse/1R1H_BIR/default_s5_t200/predictions/pred.model_idx_4.cif,0.8494040966033936,0.8263646364212036,,0.3098223323694931,1.0,29.0,4.0,0.4925373134328358,True,False,astex_diverse::1R1H_BIR
astex_diverse,1R55_097,1r55,Chai-1 full receptor s5/t200,cofolding,True,True,True,0.293524188365187,results/posebench_702_predictions/chai1_gpu/astex_diverse/1R55_097/default_s5_t200/predictions/pred.model_idx_1.cif,0.8979253172874451,0.8805117607116699,,0.2118551273569819,1.0,23.0,3.0,0.3333333333333333,False,False,astex_diverse::1R55_097
astex_diverse,1R58_AO5,1r58,Chai-1 full receptor s5/t200,cofolding,True,True,False,2.713812356703906,results/posebench_702_predictions/chai1_gpu/astex_diverse/1R58_AO5/default_s5_t200/predictions/pred.model_idx_4.cif,0.7307786345481873,0.6800939440727234,,0.2424906824784836,1.0,23.0,2.0,0.3928571428571428,True,False,astex_diverse::1R58_AO5
astex_diverse,1R9O_FLP,1r9o,Chai-1 full receptor s5/t200,cofolding,True,True,True,1.7848205868153555,results/posebench_702_predictions/chai1_gpu/astex_diverse/1R9O_FLP/default_s5_t200/predictions/pred.model_idx_4.cif,0.5158279538154602,0.4104984402656555,,1.2108527258343786,1.0,18.0,1.0,0.4680851063829787,True,False,astex_diverse::1R9O_FLP
astex_diverse,1S19_MC9,1s19,Chai-1 full receptor s5/t200,cofolding,True,True,True,0.5042333293265912,results/posebench_702_predictions/chai1_gpu/astex_diverse/1S19_MC9/default_s5_t200/predictions/pred.model_idx_0.cif,0.8420478701591492,0.8194161653518677,,0.2543910445005896,1.0,30.0,7.0,0.6285714285714286,False,False,astex_diverse::1S19_MC9
astex_diverse,1S3V_TQD,1s3v,Chai-1 full receptor s5/t200,cofolding,True,True,True,1.4874696496541358,results/posebench_702_predictions/chai1_gpu/astex_diverse/1S3V_TQD/default_s5_t200/predictions/pred.model_idx_4.cif,0.918328046798706,0.9084442257881165,,0.3215910060410563,1.0,27.0,2.0,0.2537313432835821,False,False,astex_diverse::1S3V_TQD
astex_diverse,1SG0_STL,1sg0,Chai-1 full receptor s5/t200,cofolding,True,True,False,28.472791572545617,results/posebench_702_predictions/chai1_gpu/astex_diverse/1SG0_STL/default_s5_t200/predictions/pred.model_idx_0.cif,0.926332950592041,0.9175490736961364,,0.4241766192995583,1.0,17.0,0.0,1.0,True,False,astex_diverse::1SG0_STL
astex_diverse,1SJ0_E4D,1sj0,Chai-1 full receptor s5/t200,cofolding,True,True,True,0.514381138837273,results/posebench_702_predictions/chai1_gpu/astex_diverse/1SJ0_E4D/default_s5_t200/predictions/pred.model_idx_1.cif,0.8757132291793823,0.8616753816604614,,1.378470225338129,1.0,33.0,2.0,0.4571428571428571,False,False,astex_diverse::1SJ0_E4D
astex_diverse,1SQ5_PAU,1sq5,Chai-1 full receptor s5/t200,cofolding,True,False,False,,,,,,,0.0,15.0,1.0,0.5116279069767442,False,False,astex_diverse::1SQ5_PAU
astex_diverse,1SQN_NDR,1sqn,Chai-1 full receptor s5/t200,cofolding,True,True,True,1.0451109860063603,results/posebench_702_predictions/chai1_gpu/astex_diverse/1SQN_NDR/default_s5_t200/predictions/pred.model_idx_1.cif,0.6394688487052917,0.625565230846405,,0.6489285032301346,1.0,22.0,6.0,0.3174603174603174,True,False,astex_diverse::1SQN_NDR
astex_diverse,1T40_ID5,1t40,Chai-1 full receptor s5/t200,cofolding,True,True,True,0.3257586008121032,results/posebench_702_predictions/chai1_gpu/astex_diverse/1T40_ID5/default_s5_t200/predictions/pred.model_idx_0.cif,0.9333057403564452,0.9233119487762452,,0.2635651180983049,1.0,28.0,0.0,0.2808988764044944,False,False,astex_diverse::1T40_ID5
astex_diverse,1T46_STI,1t46,Chai-1 full receptor s5/t200,cofolding,True,True,False,12.634218349648524,results/posebench_702_predictions/chai1_gpu/astex_diverse/1T46_STI/default_s5_t200/predictions/pred.model_idx_3.cif,0.8439151048660278,0.8212317824363708,,0.8423818280155008,1.0,37.0,0.0,0.4057971014492754,False,False,astex_diverse::1T46_STI
astex_diverse,1T9B_1CS,1t9b,Chai-1 full receptor s5/t200,cofolding,True,False,False,,,,,,,0.0,23.0,0.0,0.7450980392156863,True,False,astex_diverse::1T9B_1CS
astex_diverse,1TOW_CRZ,1tow,Chai-1 full receptor s5/t200,cofolding,True,True,True,0.6465227083035683,results/posebench_702_predictions/chai1_gpu/astex_diverse/1TOW_CRZ/default_s5_t200/predictions/pred.model_idx_0.cif,0.7266709208488464,0.6732609272003174,,0.1934067651925068,1.0,19.0,0.0,0.4358974358974359,False,False,astex_diverse::1TOW_CRZ
astex_diverse,1TT1_KAI,1tt1,Chai-1 full receptor s5/t200,cofolding,True,True,False,32.86824778625421,results/posebench_702_predictions/chai1_gpu/astex_diverse/1TT1_KAI/default_s5_t200/predictions/pred.model_idx_1.cif,0.7909319400787354,0.7714146971702576,,0.5108708722406577,1.0,15.0,3.0,1.0,True,False,astex_diverse::1TT1_KAI
astex_diverse,1TZ8_DES,1tz8,Chai-1 full receptor s5/t200,cofolding,True,True,False,11.36456804534108,results/posebench_702_predictions/chai1_gpu/astex_diverse/1TZ8_DES/default_s5_t200/predictions/pred.model_idx_4.cif,0.8601855635643005,0.8522698879241943,,9.85802729252464,1.0,20.0,0.0,0.425,True,False,astex_diverse::1TZ8_DES
astex_diverse,1U1C_BAU,1u1c,Chai-1 full receptor s5/t200,cofolding,True,False,False,,,,,,,0.0,20.0,0.0,0.3818181818181818,False,False,astex_diverse::1U1C_BAU
astex_diverse,1U4D_DBQ,1u4d,Chai-1 full receptor s5/t200,cofolding,True,True,True,0.4576035714382878,results/posebench_702_predictions/chai1_gpu/astex_diverse/1U4D_DBQ/default_s5_t200/predictions/pred.model_idx_2.cif,0.7463369369506836,0.7189849615097046,,0.689094156575229,1.0,18.0,0.0,0.2352941176470588,False,False,astex_diverse::1U4D_DBQ
astex_diverse,1UML_FR4,1uml,Chai-1 full receptor s5/t200,cofolding,True,True,False,5.3803516764348505,results/posebench_702_predictions/chai1_gpu/astex_diverse/1UML_FR4/default_s5_t200/predictions/pred.model_idx_4.cif,0.9085310697555542,0.8947257995605469,,0.8542217108370973,1.0,33.0,1.0,0.2788461538461538,False,False,astex_diverse::1UML_FR4
astex_diverse,1UNL_RRC,1unl,Chai-1 full receptor s5/t200,cofolding,True,True,True,0.5185599712336133,results/posebench_702_predictions/chai1_gpu/astex_diverse/1UNL_RRC/default_s5_t200/predictions/pred.model_idx_0.cif,0.5440911054611206,0.5237174034118652,,0.5347187815667549,1.0,26.0,1.0,0.4782608695652174,True,False,astex_diverse::1UNL_RRC
astex_diverse,1UOU_CMU,1uou,Chai-1 full receptor s5/t200,cofolding,True,True,False,4.195668615308934,results/posebench_702_predictions/chai1_gpu/astex_diverse/1UOU_CMU/default_s5_t200/predictions/pred.model_idx_3.cif,0.8374598026275635,0.8154101967811584,,0.7285967689154474,1.0,16.0,0.0,0.2203389830508474,False,False,astex_diverse::1UOU_CMU
astex_diverse,1V0P_PVB,1v0p,Chai-1 full receptor s5/t200,cofolding,True,True,False,43.09429318857581,results/posebench_702_predictions/chai1_gpu/astex_diverse/1V0P_PVB/default_s5_t200/predictions/pred.model_idx_3.cif,0.5836877226829529,0.5671308040618896,,0.93640231102543,1.0,30.0,1.0,0.3095238095238095,False,False,astex_diverse::1V0P_PVB
astex_diverse,1V48_HA1,1v48,Chai-1 full receptor s5/t200,cofolding,True,True,True,1.0996578246915445,results/posebench_702_predictions/chai1_gpu/astex_diverse/1V48_HA1/default_s5_t200/predictions/pred.model_idx_3.cif,0.8582664132118225,0.8459533452987671,,4.146906396002208,1.0,22.0,0.0,0.5,True,False,astex_diverse::1V48_HA1
astex_diverse,1V4S_MRK,1v4s,Chai-1 full receptor s5/t200,cofolding,True,True,False,4.849917430882505,results/posebench_702_predictions/chai1_gpu/astex_diverse/1V4S_MRK/default_s5_t200/predictions/pred.model_idx_3.cif,0.7311685681343079,0.6831440925598145,,1.3010045327152595,1.0,23.0,0.0,0.3823529411764705,False,False,astex_diverse::1V4S_MRK
astex_diverse,1VCJ_IBA,1vcj,Chai-1 full receptor s5/t200,cofolding,True,True,False,5.621792327910804,results/posebench_702_predictions/chai1_gpu/astex_diverse/1VCJ_IBA/default_s5_t200/predictions/pred.model_idx_2.cif,0.519781231880188,0.43716561794281,,1.94006523858061,1.0,25.0,1.0,0.265625,False,False,astex_diverse::1VCJ_IBA
astex_diverse,1W1P_GIO,1w1p,Chai-1 full receptor s5/t200,cofolding,True,True,False,3.2417036492566105,results/posebench_702_predictions/chai1_gpu/astex_diverse/1W1P_GIO/default_s5_t200/predictions/pred.model_idx_1.cif,0.3350348174571991,0.2772116661071777,,0.3181757158551997,1.0,11.0,1.0,0.3035714285714285,False,False,astex_diverse::1W1P_GIO
astex_diverse,1W2G_THM,1w2g,Chai-1 full receptor s5/t200,cofolding,True,True,True,0.4561470611391213,results/posebench_702_predictions/chai1_gpu/astex_diverse/1W2G_THM/default_s5_t200/predictions/pred.model_idx_0.cif,0.8227205276489258,0.8095555305480957,,0.3902371601753023,1.0,17.0,3.0,0.7142857142857143,True,False,astex_diverse::1W2G_THM
astex_diverse,1X8X_TYR,1x8x,Chai-1 full receptor s5/t200,cofolding,True,True,True,0.8858146317195686,results/posebench_702_predictions/chai1_gpu/astex_diverse/1X8X_TYR/default_s5_t200/predictions/pred.model_idx_1.cif,0.8759506344795227,0.8624708652496338,,0.3278155053427919,1.0,13.0,1.0,0.5142857142857142,True,False,astex_diverse::1X8X_TYR
astex_diverse,1XM6_5RM,1xm6,Chai-1 full receptor s5/t200,cofolding,True,True,False,46.42304309461902,results/posebench_702_predictions/chai1_gpu/astex_diverse/1XM6_5RM/default_s5_t200/predictions/pred.model_idx_4.cif,0.8240604996681213,0.807395339012146,,1.8910224205584856,1.0,19.0,1.0,0.2894736842105263,False,False,astex_diverse::1XM6_5RM
astex_diverse,1XOQ_ROF,1xoq,Chai-1 full receptor s5/t200,cofolding,True,True,True,0.4687050057116765,results/posebench_702_predictions/chai1_gpu/astex_diverse/1XOQ_ROF/default_s5_t200/predictions/pred.model_idx_4.cif,0.8583797812461853,0.8409866094589233,,0.151887636021384,1.0,26.0,0.0,0.2891566265060241,False,False,astex_diverse::1XOQ_ROF
astex_diverse,1XOZ_CIA,1xoz,Chai-1 full receptor s5/t200,cofolding,True,True,False,5.128422937711727,results/posebench_702_predictions/chai1_gpu/astex_diverse/1XOZ_CIA/default_s5_t200/predictions/pred.model_idx_1.cif,0.677349865436554,0.6097208261489868,,0.3506895454043123,1.0,29.0,2.0,0.2597402597402597,False,False,astex_diverse::1XOZ_CIA
astex_diverse,1Y6B_AAX,1y6b,Chai-1 full receptor s5/t200,cofolding,True,True,True,0.8167581131287098,results/posebench_702_predictions/chai1_gpu/astex_diverse/1Y6B_AAX/default_s5_t200/predictions/pred.model_idx_3.cif,0.8719236254692078,0.8591028451919556,,1.578377537809969,1.0,34.0,0.0,0.2906976744186046,False,False,astex_diverse::1Y6B_AAX
astex_diverse,1YGC_905,1ygc,Chai-1 full receptor s5/t200,cofolding,True,True,True,0.3006978092406025,results/posebench_702_predictions/chai1_gpu/astex_diverse/1YGC_905/default_s5_t200/predictions/pred.model_idx_3.cif,0.9131823778152466,0.8990360498428345,,0.288183415423863,1.0,38.0,1.0,0.2888888888888888,False,False,astex_diverse::1YGC_905
astex_diverse,1YQY_915,1yqy,Chai-1 full receptor s5/t200,cofolding,True,True,False,7.939145157082716,results/posebench_702_predictions/chai1_gpu/astex_diverse/1YQY_915/default_s5_t200/predictions/pred.model_idx_4.cif,0.6481242179870605,0.6155978441238403,,15.215540979768685,1.0,23.0,1.0,0.2676056338028169,False,False,astex_diverse::1YQY_915
astex_diverse,1YV3_BIT,1yv3,Chai-1 full receptor s5/t200,cofolding,True,True,False,23.324927686247385,results/posebench_702_predictions/chai1_gpu/astex_diverse/1YV3_BIT/default_s5_t200/predictions/pred.model_idx_1.cif,0.3553797602653503,0.2243732064962387,,0.4499260490565618,1.0,22.0,1.0,0.3043478260869565,False,False,astex_diverse::1YV3_BIT
astex_diverse,1YVF_PH7,1yvf,Chai-1 full receptor s5/t200,cofolding,True,True,False,6.704514733657188,results/posebench_702_predictions/chai1_gpu/astex_diverse/1YVF_PH7/default_s5_t200/predictions/pred.model_idx_2.cif,0.2996008694171905,0.1981990784406662,,7.793343793979077,1.0,28.0,0.0,0.3191489361702128,False,False,astex_diverse::1YVF_PH7
astex_diverse,1YWR_LI9,1ywr,Chai-1 full receptor s5/t200,cofolding,True,True,True,0.4622801634562434,results/posebench_702_predictions/chai1_gpu/astex_diverse/1YWR_LI9/default_s5_t200/predictions/pred.model_idx_1.cif,0.9040379524230956,0.8912466168403625,,0.4921554019144544,1.0,35.0,1.0,0.2758620689655172,False,False,astex_diverse::1YWR_LI9
astex_diverse,1Z95_198,1z95,Chai-1 full receptor s5/t200,cofolding,True,True,True,0.5159288118890354,results/posebench_702_predictions/chai1_gpu/astex_diverse/1Z95_198/default_s5_t200/predictions/pred.model_idx_4.cif,0.8973333835601807,0.8862559199333191,,0.3437395500231496,1.0,29.0,1.0,0.2571428571428571,False,False,astex_diverse::1Z95_198
astex_diverse,2BM2_PM2,2bm2,Chai-1 full receptor s5/t200,cofolding,True,True,False,34.4357708377153,results/posebench_702_predictions/chai1_gpu/astex_diverse/2BM2_PM2/default_s5_t200/predictions/pred.model_idx_4.cif,0.473229706287384,0.4431606829166412,,15.306188525654582,1.0,30.0,0.0,0.3333333333333333,False,False,astex_diverse::2BM2_PM2
astex_diverse,2BR1_PFP,2br1,Chai-1 full receptor s5/t200,cofolding,True,True,True,0.6419264592077888,results/posebench_702_predictions/chai1_gpu/astex_diverse/2BR1_PFP/default_s5_t200/predictions/pred.model_idx_1.cif,0.9051871299743652,0.8928502202033997,,0.4096629057894539,1.0,29.0,0.0,0.3064516129032258,False,False,astex_diverse::2BR1_PFP
astex_diverse,2BSM_BSM,2bsm,Chai-1 full receptor s5/t200,cofolding,True,True,True,0.4970122871589749,results/posebench_702_predictions/chai1_gpu/astex_diverse/2BSM_BSM/default_s5_t200/predictions/pred.model_idx_2.cif,0.9258866906166076,0.9203105568885804,,1.6613790551049743,1.0,27.0,0.0,0.2987012987012987,False,False,astex_diverse::2BSM_BSM
posebusters_benchmark,5S8I_2LY,5s8i,Chai-1 full receptor s5/t200,cofolding,True,True,False,5.991924448287278,results/posebench_702_predictions/chai1_gpu/posebusters_benchmark/5S8I_2LY/default_s5_t200/predictions/pred.model_idx_0.cif,0.4201200008392334,0.3098341524600982,,1.691008262610315,1.0,13.0,0.0,0.25,False,False,posebusters_benchmark::5S8I_2LY
posebusters_benchmark,5SAK_ZRY,5sak,Chai-1 full receptor s5/t200,cofolding,True,True,True,0.7986291485864664,results/posebench_702_predictions/chai1_gpu/posebusters_benchmark/5SAK_ZRY/default_s5_t200/predictions/pred.model_idx_0.cif,0.5428202748298645,0.4400419592857361,,0.1926199152606219,1.0,18.0,0.0,0.2222222222222222,False,False,posebusters_benchmark::5SAK_ZRY
posebusters_benchmark,5SB2_1K2,5sb2,Chai-1 full receptor s5/t200,cofolding,True,True,True,0.3194622051910255,results/posebench_702_predictions/chai1_gpu/posebusters_benchmark/5SB2_1K2/default_s5_t200/predictions/pred.model_idx_1.cif,0.8832968473434448,0.8687587380409241,,0.9457926516286757,1.0,30.0,2.0,1.0,True,True,posebusters_benchmark::5SB2_1K2
posebusters_benchmark,5SD5_HWI,5sd5,Chai-1 full receptor s5/t200,cofolding,True,True,True,1.462315833741101,results/posebench_702_predictions/chai1_gpu/posebusters_benchmark/5SD5_HWI/default_s5_t200/predictions/pred.model_idx_4.cif,0.9263039231300354,0.920683741569519,,0.5175211268373769,1.0,29.0,0.0,0.4788732394366197,False,False,posebusters_benchmark::5SD5_HWI
posebusters_benchmark,5SIS_JSM,5sis,Chai-1 full receptor s5/t200,cofolding,True,True,True,0.4139528042536577,results/posebench_702_predictions/chai1_gpu/posebusters_benchmark/5SIS_JSM/default_s5_t200/predictions/pred.model_idx_3.cif,0.8739273548126221,0.8547735810279846,,0.3838388706654623,1.0,32.0,0.0,0.8235294117647058,True,False,posebusters_benchmark::5SIS_JSM
posebusters_benchmark,6M2B_EZO,6m2b,Chai-1 full receptor s5/t200,cofolding,True,True,True,0.3864452563074576,results/posebench_702_predictions/chai1_gpu/posebusters_benchmark/6M2B_EZO/default_s5_t200/predictions/pred.model_idx_0.cif,0.7011095285415649,0.6342707276344299,,0.5816263156083883,1.0,25.0,0.0,0.3378378378378378,False,False,posebusters_benchmark::6M2B_EZO
posebusters_benchmark,6M73_FNR,6m73,Chai-1 full receptor s5/t200,cofolding,True,True,True,0.1572486898899968,results/posebench_702_predictions/chai1_gpu/posebusters_benchmark/6M73_FNR/default_s5_t200/predictions/pred.model_idx_4.cif,0.94632089138031,0.9432413578033448,,0.6945955701048762,1.0,31.0,3.0,1.0,True,False,posebusters_benchmark::6M73_FNR
posebusters_benchmark,6T88_MWQ,6t88,Chai-1 full receptor s5/t200,cofolding,True,True,False,4.40175801766601,results/posebench_702_predictions/chai1_gpu/posebusters_benchmark/6T88_MWQ/default_s5_t200/predictions/pred.model_idx_1.cif,0.424423485994339,0.3054679036140442,,0.9434038794304712,1.0,10.0,0.0,0.3076923076923077,True,False,posebusters_benchmark::6T88_MWQ
posebusters_benchmark,6TW5_9M2,6tw5,Chai-1 full receptor s5/t200,cofolding,True,False,False,,,,,,,0.0,31.0,0.0,0.2688172043010752,False,False,posebusters_benchmark::6TW5_9M2
posebusters_benchmark,6TW7_NZB,6tw7,Chai-1 full receptor s5/t200,cofolding,True,True,True,0.9520740712605144,results/posebench_702_predictions/chai1_gpu/posebusters_benchmark/6TW7_NZB/default_s5_t200/predictions/pred.model_idx_3.cif,0.8113318681716919,0.7783052921295166,,0.3176647855588347,1.0,29.0,0.0,0.2577319587628865,False,False,posebusters_benchmark::6TW7_NZB
posebusters_benchmark,6VS3_R6V,6vs3,Chai-1 full receptor s5/t200,cofolding,True,True,False,5.200027443201562,results/posebench_702_predictions/chai1_gpu/posebusters_benchmark/6VS3_R6V/default_s5_t200/predictions/pred.model_idx_4.cif,0.6229947805404663,0.6126049757003784,,11.284519279969354,1.0,36.0,1.0,0.3033707865168539,False,False,posebusters_benchmark::6VS3_R6V
posebusters_benchmark,6VTA_AKN,6vta,Chai-1 full receptor s5/t200,cofolding,True,True,False,,,,,,,0.0,40.0,16.0,0.4558823529411764,False,False,posebusters_benchmark::6VTA_AKN
posebusters_benchmark,6W59_SZD,6w59,Chai-1 full receptor s5/t200,cofolding,True,True,False,31.508134764377942,results/posebench_702_predictions/chai1_gpu/posebusters_benchmark/6W59_SZD/default_s5_t200/predictions/pred.model_idx_2.cif,0.4791026711463928,0.3684837222099304,,2.570788197228866,1.0,32.0,0.0,0.373134328358209,False,False,posebusters_benchmark::6W59_SZD
posebusters_benchmark,6WTN_RXT,6wtn,Chai-1 full receptor s5/t200,cofolding,True,True,True,0.5017708567896138,results/posebench_702_predictions/chai1_gpu/posebusters_benchmark/6WTN_RXT/default_s5_t200/predictions/pred.model_idx_0.cif,0.8889767527580261,0.877658486366272,,0.459130276509987,1.0,23.0,1.0,0.2428571428571428,False,False,posebusters_benchmark::6WTN_RXT
posebusters_benchmark,6X8D_ARA,6x8d,Chai-1 full receptor s5/t200,cofolding,True,True,True,1.798429747767931,results/posebench_702_predictions/chai1_gpu/posebusters_benchmark/6X8D_ARA/default_s5_t200/predictions/pred.model_idx_1.cif,0.4740385413169861,0.3592824637889862,,0.4603388082976749,1.0,10.0,4.0,0.28,True,False,posebusters_benchmark::6X8D_ARA
posebusters_benchmark,6XAF_GDP,6xaf,Chai-1 full receptor s5/t200,cofolding,True,True,False,2.311548775458865,results/posebench_702_predictions/chai1_gpu/posebusters_benchmark/6XAF_GDP/default_s5_t200/predictions/pred.model_idx_1.cif,0.5472151041030884,0.5296280384063721,,5.890435546626956,1.0,28.0,5.0,1.0,True,False,posebusters_benchmark::6XAF_GDP
posebusters_benchmark,6XBO_5MC,6xbo,Chai-1 full receptor s5/t200,cofolding,True,True,True,0.8208926626971812,results/posebench_702_predictions/chai1_gpu/posebusters_benchmark/6XBO_5MC/default_s5_t200/predictions/pred.model_idx_4.cif,0.769110918045044,0.7477649450302124,,0.5464723671362598,1.0,22.0,4.0,0.5666666666666667,True,False,posebusters_benchmark::6XBO_5MC
posebusters_benchmark,6XCT_478,6xct,Chai-1 full receptor s5/t200,cofolding,True,True,True,1.349885659960177,results/posebench_702_predictions/chai1_gpu/posebusters_benchmark/6XCT_478/default_s5_t200/predictions/pred.model_idx_1.cif,0.8802152872085571,0.8599948883056641,,0.791329203374217,1.0,35.0,3.0,0.7236842105263158,False,False,posebusters_benchmark::6XCT_478
posebusters_benchmark,6XG5_TOP,6xg5,Chai-1 full receptor s5/t200,cofolding,True,True,True,0.3431446466963655,results/posebench_702_predictions/chai1_gpu/posebusters_benchmark/6XG5_TOP/default_s5_t200/predictions/pred.model_idx_3.cif,0.9383733868598938,0.9300085306167604,,0.3144970286453727,1.0,21.0,0.0,1.0,True,False,posebusters_benchmark::6XG5_TOP
posebusters_benchmark,6XHT_V2V,6xht,Chai-1 full receptor s5/t200,cofolding,True,False,False,,,,,,,0.0,34.0,9.0,0.7419354838709677,True,False,posebusters_benchmark::6XHT_V2V
posebusters_benchmark,6XM9_V55,6xm9,Chai-1 full receptor s5/t200,cofolding,True,True,False,4.477942899980137,results/posebench_702_predictions/chai1_gpu/posebusters_benchmark/6XM9_V55/default_s5_t200/predictions/pred.model_idx_0.cif,0.53376305103302,0.4289917945861816,,0.3526573250537889,1.0,11.0,0.0,0.4,True,False,posebusters_benchmark::6XM9_V55
posebusters_benchmark,6XUM_30L,6xum,Chai-1 full receptor s5/t200,cofolding,True,True,True,0.300361834181671,results/posebench_702_predictions/chai1_gpu/posebusters_benchmark/6XUM_30L/default_s5_t200/predictions/pred.model_idx_1.cif,0.907181978225708,0.8903396129608154,,0.2265346856996843,1.0,25.0,0.0,0.3283582089552239,True,False,posebusters_benchmark::6XUM_30L
posebusters_benchmark,6Y7L_QMG,6y7l,Chai-1 full receptor s5/t200,cofolding,True,True,True,1.3463158135895876,results/posebench_702_predictions/chai1_gpu/posebusters_benchmark/6Y7L_QMG/default_s5_t200/predictions/pred.model_idx_2.cif,0.8806054592132568,0.8655325174331665,,0.3451727514571133,1.0,25.0,0.0,0.3125,False,False,posebusters_benchmark::6Y7L_QMG
posebusters_benchmark,6YDY_K73,6ydy,Chai-1 full receptor s5/t200,cofolding,True,True,True,0.3102405437982201,results/posebench_702_predictions/chai1_gpu/posebusters_benchmark/6YDY_K73/default_s5_t200/predictions/pred.model_idx_0.cif,0.9086319208145142,0.8915174007415771,,0.1885937865888565,1.0,28.0,2.0,0.4461538461538462,False,False,posebusters_benchmark::6YDY_K73
posebusters_benchmark,6YJA_2BA,6yja,Chai-1 full receptor s5/t200,cofolding,True,True,True,1.3188219516118815,results/posebench_702_predictions/chai1_gpu/posebusters_benchmark/6YJA_2BA/default_s5_t200/predictions/pred.model_idx_1.cif,0.729533314704895,0.7025591135025024,,0.5215645394118964,1.0,44.0,10.0,0.9245283018867924,False,False,posebusters_benchmark::6YJA_2BA
posebusters_benchmark,6YMS_OZH,6yms,Chai-1 full receptor s5/t200,cofolding,True,True,False,2.3646637592218136,results/posebench_702_predictions/chai1_gpu/posebusters_benchmark/6YMS_OZH/default_s5_t200/predictions/pred.model_idx_0.cif,0.8822855353355408,0.8601449728012085,,0.1783597607906832,1.0,35.0,3.0,0.4354838709677419,False,False,posebusters_benchmark::6YMS_OZH
posebusters_benchmark,6YQV_8K2,6yqv,Chai-1 full receptor s5/t200,cofolding,True,True,True,0.5623996085131759,results/posebench_702_predictions/chai1_gpu/posebusters_benchmark/6YQV_8K2/default_s5_t200/predictions/pred.model_idx_1.cif,0.8994134664535522,0.8825462460517883,,0.7159672768969529,1.0,10.0,0.0,0.303030303030303,True,False,posebusters_benchmark::6YQV_8K2
posebusters_benchmark,6YQW_82I,6yqw,Chai-1 full receptor s5/t200,cofolding,True,True,False,3.106446576858697,results/posebench_702_predictions/chai1_gpu/posebusters_benchmark/6YQW_82I/default_s5_t200/predictions/pred.model_idx_2.cif,0.7853134870529175,0.7431331872940063,,0.2308638378501279,1.0,11.0,0.0,0.5789473684210527,False,False,posebusters_benchmark::6YQW_82I
posebusters_benchmark,6YR2_T1C,6yr2,Chai-1 full receptor s5/t200,cofolding,True,True,True,1.050705373328961,results/posebench_702_predictions/chai1_gpu/posebusters_benchmark/6YR2_T1C/default_s5_t200/predictions/pred.model_idx_0.cif,0.8919378519058228,0.8832082152366638,,0.5794420017771034,1.0,42.0,4.0,0.3052631578947368,False,False,posebusters_benchmark::6YR2_T1C
posebusters_benchmark,6YRV_PJ8,6yrv,Chai-1 full receptor s5/t200,cofolding,True,True,True,1.7472872498076917,results/posebench_702_predictions/chai1_gpu/posebusters_benchmark/6YRV_PJ8/default_s5_t200/predictions/pred.model_idx_1.cif,0.3903190791606903,0.2508241534233093,,1.2709807319090047,1.0,17.0,0.0,0.5384615384615384,False,False,posebusters_benchmark::6YRV_PJ8
posebusters_benchmark,6YSP_PAL,6ysp,Chai-1 full receptor s5/t200,cofolding,True,True,False,32.643519409823725,results/posebench_702_predictions/chai1_gpu/posebusters_benchmark/6YSP_PAL/default_s5_t200/predictions/pred.model_idx_2.cif,0.8862419128417969,0.8779955506324768,,0.8384504735800767,1.0,16.0,1.0,0.2941176470588235,False,False,posebusters_benchmark::6YSP_PAL
posebusters_benchmark,6YT6_PKE,6yt6,Chai-1 full receptor s5/t200,cofolding,True,True,True,0.8017781217267638,results/posebench_702_predictions/chai1_gpu/posebusters_benchmark/6YT6_PKE/default_s5_t200/predictions/pred.model_idx_4.cif,0.5245050191879272,0.5038017630577087,,0.9923949625877296,1.0,31.0,0.0,0.4642857142857143,False,False,posebusters_benchmark::6YT6_PKE
posebusters_benchmark,6YYO_Q1K,6yyo,Chai-1 full receptor s5/t200,cofolding,True,True,True,1.8832639083507985,results/posebench_702_predictions/chai1_gpu/posebusters_benchmark/6YYO_Q1K/default_s5_t200/predictions/pred.model_idx_2.cif,0.3425238132476806,0.2761220037937164,,2.656704597150876,1.0,19.0,0.0,0.2428571428571428,False,False,posebusters_benchmark::6YYO_Q1K
posebusters_benchmark,6Z0R_Q4H,6z0r,Chai-1 full receptor s5/t200,cofolding,True,True,True,0.2014206420937854,results/posebench_702_predictions/chai1_gpu/posebusters_benchmark/6Z0R_Q4H/default_s5_t200/predictions/pred.model_idx_4.cif,0.8796491622924805,0.8637089729309082,,0.3511021160396848,1.0,9.0,0.0,0.2884615384615384,False,False,posebusters_benchmark::6Z0R_Q4H
posebusters_benchmark,6Z14_Q4Z,6z14,Chai-1 full receptor s5/t200,cofolding,True,True,True,1.189895585984796,results/posebench_702_predictions/chai1_gpu/posebusters_benchmark/6Z14_Q4Z/default_s5_t200/predictions/pred.model_idx_4.cif,0.8267673850059509,0.807274580001831,,1.8774951626086531,1.0,18.0,5.0,1.0,True,False,posebusters_benchmark::6Z14_Q4Z
posebusters_benchmark,6Z1C_7EY,6z1c,Chai-1 full receptor s5/t200,cofolding,True,True,True,0.4174717288642111,results/posebench_702_predictions/chai1_gpu/posebusters_benchmark/6Z1C_7EY/default_s5_t200/predictions/pred.model_idx_3.cif,0.8817222118377686,0.8609533905982971,,0.4551579045109092,1.0,22.0,0.0,0.2647058823529412,False,False,posebusters_benchmark::6Z1C_7EY
posebusters_benchmark,6Z2C_Q5E,6z2c,Chai-1 full receptor s5/t200,cofolding,True,True,False,22.974923248653635,results/posebench_702_predictions/chai1_gpu/posebusters_benchmark/6Z2C_Q5E/default_s5_t200/predictions/pred.model_idx_2.cif,0.2999072074890136,0.2621010243892669,,3.012050445233681,1.0,26.0,4.0,0.3,False,False,posebusters_benchmark::6Z2C_Q5E
posebusters_benchmark,6Z4N_Q7B,6z4n,Chai-1 full receptor s5/t200,cofolding,True,True,False,4.672029815559154,results/posebench_702_predictions/chai1_gpu/posebusters_benchmark/6Z4N_Q7B/default_s5_t200/predictions/pred.model_idx_2.cif,0.8320921659469604,0.8153918385505676,,1.044905721781377,1.0,20.0,2.0,0.2878787878787879,False,False,posebusters_benchmark::6Z4N_Q7B
posebusters_benchmark,6Z5Z_BDF,6z5z,Chai-1 full receptor s5/t200,cofolding,True,True,False,17.587332512977877,results/posebench_702_predictions/chai1_gpu/posebusters_benchmark/6Z5Z_BDF/default_s5_t200/predictions/pred.model_idx_0.cif,0.8286367654800415,0.8044244647026062,,0.3419309536964061,1.0,12.0,4.0,0.3243243243243243,True,False,posebusters_benchmark::6Z5Z_BDF
posebusters_benchmark,6ZAE_ACV,6zae,Chai-1 full receptor s5/t200,cofolding,True,True,True,0.6969010610333961,results/posebench_702_predictions/chai1_gpu/posebusters_benchmark/6ZAE_ACV/default_s5_t200/predictions/pred.model_idx_4.cif,0.6440824270248413,0.5668522119522095,,0.2384321745358284,1.0,24.0,3.0,0.5416666666666666,False,False,posebusters_benchmark::6ZAE_ACV
posebusters_benchmark,6ZC3_JOR,6zc3,Chai-1 full receptor s5/t200,cofolding,True,True,False,7.160176763552308,results/posebench_702_predictions/chai1_gpu/posebusters_benchmark/6ZC3_JOR/default_s5_t200/predictions/pred.model_idx_0.cif,0.3575460314750671,0.2921528816223144,,9.863789277631682,1.0,15.0,0.0,0.3658536585365853,True,False,posebusters_benchmark::6ZC3_JOR
posebusters_benchmark,6ZCY_QF8,6zcy,Chai-1 full receptor s5/t200,cofolding,True,True,True,0.5047083049935321,results/posebench_702_predictions/chai1_gpu/posebusters_benchmark/6ZCY_QF8/default_s5_t200/predictions/pred.model_idx_3.cif,0.9168519973754884,0.9058890342712402,,1.7668418018136016,1.0,33.0,1.0,0.3012048192771084,False,False,posebusters_benchmark::6ZCY_QF8
posebusters_benchmark,6ZK5_IMH,6zk5,Chai-1 full receptor s5/t200,cofolding,True,True,False,36.05995871947471,results/posebench_702_predictions/chai1_gpu/posebusters_benchmark/6ZK5_IMH/default_s5_t200/predictions/pred.model_idx_3.cif,0.8558561205863953,0.8388901948928833,,0.7052141587891974,1.0,19.0,4.0,0.6382978723404256,False,True,posebusters_benchmark::6ZK5_IMH
posebusters_benchmark,6ZPB_3D1,6zpb,Chai-1 full receptor s5/t200,cofolding,True,True,False,17.02215657922369,results/posebench_702_predictions/chai1_gpu/posebusters_benchmark/6ZPB_3D1/default_s5_t200/predictions/pred.model_idx_4.cif,0.3079371452331543,0.1668043732643127,,1.1934620715143658,1.0,18.0,3.0,0.6607142857142857,True,False,posebusters_benchmark::6ZPB_3D1
posebusters_benchmark,6ZR8_QOZ,6zr8,Chai-1 full receptor s5/t200,cofolding,True,True,True,1.8932958260526835,results/posebench_702_predictions/chai1_gpu/posebusters_benchmark/6ZR8_QOZ/default_s5_t200/predictions/pred.model_idx_0.cif,0.8894112706184387,0.8701812028884888,,0.3392288272326152,1.0,33.0,0.0,0.3962264150943396,False,False,posebusters_benchmark::6ZR8_QOZ
posebusters_benchmark,6ZT2_QPK,6zt2,Chai-1 full receptor s5/t200,cofolding,True,True,True,0.3955757932023931,results/posebench_702_predictions/chai1_gpu/posebusters_benchmark/6ZT2_QPK/default_s5_t200/predictions/pred.model_idx_4.cif,0.7657217383384705,0.7159068584442139,,0.2090588617237491,1.0,10.0,0.0,0.2727272727272727,True,False,posebusters_benchmark::6ZT2_QPK
posebusters_benchmark,6ZX3_QRZ,6zx3,Chai-1 full receptor s5/t200,cofolding,True,True,True,0.808409579738743,results/posebench_702_predictions/chai1_gpu/posebusters_benchmark/6ZX3_QRZ/default_s5_t200/predictions/pred.model_idx_0.cif,0.920138418674469,0.907597005367279,,0.2576078473034989,1.0,24.0,4.0,0.5789473684210527,True,False,posebusters_benchmark::6ZX3_QRZ
posebusters_benchmark,6ZXQ_IMO,6zxq,Chai-1 full receptor s5/t200,cofolding,True,True,False,2.686575874705444,results/posebench_702_predictions/chai1_gpu/posebusters_benchmark/6ZXQ_IMO/default_s5_t200/predictions/pred.model_idx_4.cif,0.7405693531036377,0.6896700859069824,,0.4373182850169962,1.0,27.0,4.0,0.7592592592592593,True,False,posebusters_benchmark::6ZXQ_IMO
posebusters_benchmark,7A1P_QW2,7a1p,Chai-1 full receptor s5/t200,cofolding,True,True,False,2.6612871411526484,results/posebench_702_predictions/chai1_gpu/posebusters_benchmark/7A1P_QW2/default_s5_t200/predictions/pred.model_idx_2.cif,0.6686869859695435,0.6070096492767334,,0.4492611514085053,1.0,13.0,1.0,0.4615384615384615,False,False,posebusters_benchmark::7A1P_QW2
posebusters_benchmark,7A9E_R4W,7a9e,Chai-1 full receptor s5/t200,cofolding,True,True,False,17.23362431849664,results/posebench_702_predictions/chai1_gpu/posebusters_benchmark/7A9E_R4W/default_s5_t200/predictions/pred.model_idx_1.cif,0.2907803654670715,0.1266785860061645,,2.4567374282394363,1.0,6.0,0.0,0.25,False,False,posebusters_benchmark::7A9E_R4W
posebusters_benchmark,7A9H_TPP,7a9h,Chai-1 full receptor s5/t200,cofolding,True,False,False,,,,,,,0.0,26.0,1.0,1.0,True,True,posebusters_benchmark::7A9H_TPP
posebusters_benchmark,7AA0_R6B,7aa0,Chai-1 full receptor s5/t200,cofolding,True,True,True,0.927283786686035,results/posebench_702_predictions/chai1_gpu/posebusters_benchmark/7AA0_R6B/default_s5_t200/predictions/pred.model_idx_3.cif,0.5864688158035278,0.5634115934371948,,3.806036380866562,1.0,26.0,0.0,0.2580645161290322,False,False,posebusters_benchmark::7AA0_R6B
posebusters_benchmark,7AFX_R9K,7afx,Chai-1 full receptor s5/t200,cofolding,True,True,False,15.575883810332256,results/posebench_702_predictions/chai1_gpu/posebusters_benchmark/7AFX_R9K/default_s5_t200/predictions/pred.model_idx_0.cif,0.7457095980644226,0.7205926179885864,,0.5124713741550999,1.0,20.0,0.0,0.3968253968253968,True,False,posebusters_benchmark::7AFX_R9K
posebusters_benchmark,7AKL_RK5,7akl,Chai-1 full receptor s5/t200,cofolding,True,True,True,0.2802058748149464,results/posebench_702_predictions/chai1_gpu/posebusters_benchmark/7AKL_RK5/default_s5_t200/predictions/pred.model_idx_0.cif,0.7263172268867493,0.6690972447395325,,0.3635917823292779,1.0,19.0,0.0,0.293103448275862,False,False,posebusters_benchmark::7AKL_RK5
posebusters_benchmark,7AMC_73B,7amc,Chai-1 full receptor s5/t200,cofolding,True,True,False,42.42456497505507,results/posebench_702_predictions/chai1_gpu/posebusters_benchmark/7AMC_73B/default_s5_t200/predictions/pred.model_idx_1.cif,0.6150912642478943,0.5918581485748291,,0.7281197605357476,1.0,31.0,2.0,0.34,False,False,posebusters_benchmark::7AMC_73B
posebusters_benchmark,7AN5_RDH,7an5,Chai-1 full receptor s5/t200,cofolding,True,True,False,39.43706994998333,results/posebench_702_predictions/chai1_gpu/posebusters_benchmark/7AN5_RDH/default_s5_t200/predictions/pred.model_idx_3.cif,0.6039837598800659,0.576708972454071,,0.3888995303506046,1.0,15.0,0.0,1.0,True,False,posebusters_benchmark::7AN5_RDH
posebusters_benchmark,7AS1_21G,7as1,Chai-1 full receptor s5/t200,cofolding,True,True,False,14.02245504348132,results/posebench_702_predictions/chai1_gpu/posebusters_benchmark/7AS1_21G/default_s5_t200/predictions/pred.model_idx_2.cif,0.1334613263607025,0.1028244197368621,,11.423825233924692,1.0,29.0,2.0,0.2428571428571428,False,False,posebusters_benchmark::7AS1_21G
posebusters_benchmark,7AVI_S2Q,7avi,Chai-1 full receptor s5/t200,cofolding,True,True,False,39.91698386758701,results/posebench_702_predictions/chai1_gpu/posebusters_benchmark/7AVI_S2Q/default_s5_t200/predictions/pred.model_idx_1.cif,0.2467912137508392,0.1749219000339508,,0.3725153320110693,1.0,27.0,1.0,0.2631578947368421,False,False,posebusters_benchmark::7AVI_S2Q
posebusters_benchmark,7B0E_C2E,7b0e,Chai-1 full receptor s5/t200,cofolding,True,True,False,6.374969793625209,results/posebench_702_predictions/chai1_gpu/posebusters_benchmark/7B0E_C2E/default_s5_t200/predictions/pred.model_idx_1.cif,0.5077004432678223,0.4098113179206848,,0.4571815560237973,1.0,46.0,10.0,1.0,False,False,posebusters_benchmark::7B0E_C2E
posebusters_benchmark,7B2C_TP7,7b2c,Chai-1 full receptor s5/t200,cofolding,True,False,False,,,,,,,0.0,21.0,2.0,0.3043478260869565,False,False,posebusters_benchmark::7B2C_TP7
posebusters_benchmark,7B94_ANP,7b94,Chai-1 full receptor s5/t200,cofolding,True,True,False,29.08045207026641,results/posebench_702_predictions/chai1_gpu/posebusters_benchmark/7B94_ANP/default_s5_t200/predictions/pred.model_idx_4.cif,0.5875338315963745,0.5716397762298584,,5.872591278332767,1.0,31.0,6.0,1.0,True,False,posebusters_benchmark::7B94_ANP
posebusters_benchmark,7BA0_T5H,7ba0,Chai-1 full receptor s5/t200,cofolding,True,True,True,0.968546559300224,results/posebench_702_predictions/chai1_gpu/posebusters_benchmark/7BA0_T5H/default_s5_t200/predictions/pred.model_idx_1.cif,0.9234630465507508,0.9156021475791932,,0.5715357515977653,1.0,55.0,5.0,0.2452830188679245,False,False,posebusters_benchmark::7BA0_T5H
posebusters_benchmark,7BCP_GCO,7bcp,Chai-1 full receptor s5/t200,cofolding,True,True,True,1.4019634894986717,results/posebench_702_predictions/chai1_gpu/posebusters_benchmark/7BCP_GCO/default_s5_t200/predictions/pred.model_idx_0.cif,0.7531838417053223,0.705895721912384,,0.432344706897785,1.0,13.0,4.0,1.0,False,False,posebusters_benchmark::7BCP_GCO
posebusters_benchmark,7BHX_TO5,7bhx,Chai-1 full receptor s5/t200,cofolding,True,True,False,34.356166712754955,results/posebench_702_predictions/chai1_gpu/posebusters_benchmark/7BHX_TO5/default_s5_t200/predictions/pred.model_idx_4.cif,0.3844630420207977,0.252619057893753,,0.470140169810319,1.0,21.0,0.0,0.3442622950819672,False,False,posebusters_benchmark::7BHX_TO5
posebusters_benchmark,7BJ6_TVK,7bj6,Chai-1 full receptor s5/t200,cofolding,True,True,True,1.0286112200036737,results/posebench_702_predictions/chai1_gpu/posebusters_benchmark/7BJ6_TVK/default_s5_t200/predictions/pred.model_idx_1.cif,0.9007972478866576,0.8877876996994019,,0.6878188215636288,1.0,37.0,1.0,0.2222222222222222,False,False,posebusters_benchmark::7BJ6_TVK
posebusters_benchmark,7BJJ_TVW,7bjj,Chai-1 full receptor s5/t200,cofolding,True,True,True,0.5259627247427318,results/posebench_702_predictions/chai1_gpu/posebusters_benchmark/7BJJ_TVW/default_s5_t200/predictions/pred.model_idx_4.cif,0.6559297442436218,0.5808814764022827,,0.4101102730763973,1.0,10.0,0.0,0.3333333333333333,False,False,posebusters_benchmark::7BJJ_TVW
posebusters_benchmark,7BKA_4JC,7bka,Chai-1 full receptor s5/t200,cofolding,True,True,False,20.219439422019143,results/posebench_702_predictions/chai1_gpu/posebusters_benchmark/7BKA_4JC/default_s5_t200/predictions/pred.model_idx_1.cif,0.5837763547897339,0.5647980570793152,,0.4714940728710388,1.0,12.0,0.0,0.5,True,False,posebusters_benchmark::7BKA_4JC
posebusters_benchmark,7BLA_WCS,7bla,Chai-1 full receptor s5/t200,cofolding,True,True,True,1.4048366450269567,results/posebench_702_predictions/chai1_gpu/posebusters_benchmark/7BLA_WCS/default_s5_t200/predictions/pred.model_idx_2.cif,0.865372896194458,0.843132734298706,,0.4672917378397986,1.0,32.0,0.0,0.29,False,False,posebusters_benchmark::7BLA_WCS
posebusters_benchmark,7BLG_GAL,7blg,Chai-1 full receptor s5/t200,cofolding,True,True,True,1.316349649850924,results/posebench_702_predictions/chai1_gpu/posebusters_benchmark/7BLG_GAL/default_s5_t200/predictions/pred.model_idx_4.cif,0.7719568014144897,0.7310240268707275,,1.6826895382807625,1.0,12.0,5.0,1.0,True,False,posebusters_benchmark::7BLG_GAL
posebusters_benchmark,7BMI_U4B,7bmi,Chai-1 full receptor s5/t200,cofolding,True,True,True,0.9595450969430586,results/posebench_702_predictions/chai1_gpu/posebusters_benchmark/7BMI_U4B/default_s5_t200/predictions/pred.model_idx_2.cif,0.7348771691322327,0.6957017183303833,,3.385749003611862,1.0,13.0,0.0,0.3333333333333333,True,False,posebusters_benchmark::7BMI_U4B
posebusters_benchmark,7BNH_BEZ,7bnh,Chai-1 full receptor s5/t200,cofolding,True,True,False,12.356874176655984,results/posebench_702_predictions/chai1_gpu/posebusters_benchmark/7BNH_BEZ/default_s5_t200/predictions/pred.model_idx_1.cif,0.2897479236125946,0.2132776975631714,,10.1327195428203,1.0,9.0,0.0,1.0,True,False,posebusters_benchmark::7BNH_BEZ
posebusters_benchmark,7BTT_F8R,7btt,Chai-1 full receptor s5/t200,cofolding,True,True,True,0.3930320294455433,results/posebench_702_predictions/chai1_gpu/posebusters_benchmark/7BTT_F8R/default_s5_t200/predictions/pred.model_idx_1.cif,0.91786128282547,0.9093835353851318,,0.8867022692322816,1.0,40.0,0.0,0.2792792792792792,False,False,posebusters_benchmark::7BTT_F8R
posebusters_benchmark,7C0U_FGO,7c0u,Chai-1 full receptor s5/t200,cofolding,True,True,True,1.6620246869702793,results/posebench_702_predictions/chai1_gpu/posebusters_benchmark/7C0U_FGO/default_s5_t200/predictions/pred.model_idx_0.cif,0.5276551842689514,0.4930240213871002,,0.6857306056123323,1.0,43.0,9.0,0.6046511627906976,False,False,posebusters_benchmark::7C0U_FGO
posebusters_benchmark,7C3U_AZG,7c3u,Chai-1 full receptor s5/t200,cofolding,True,True,False,3.0297275791015634,results/posebench_702_predictions/chai1_gpu/posebusters_benchmark/7C3U_AZG/default_s5_t200/predictions/pred.model_idx_2.cif,0.9229353070259094,0.9158148765563964,,0.2846928989885786,1.0,11.0,0.0,0.2682926829268293,False,False,posebusters_benchmark::7C3U_AZG
posebusters_benchmark,7C6P_SQH,7c6p,Chai-1 full receptor s5/t200,cofolding,True,True,True,0.6620822475300557,results/posebench_702_predictions/chai1_gpu/posebusters_benchmark/7C6P_SQH/default_s5_t200/predictions/pred.model_idx_1.cif,0.6441471576690674,0.5704681277275085,,0.8698625048782167,1.0,21.0,0.0,0.5116279069767442,True,False,posebusters_benchmark::7C6P_SQH
posebusters_benchmark,7C8Q_DSG,7c8q,Chai-1 full receptor s5/t200,cofolding,True,True,False,36.70819550110216,results/posebench_702_predictions/chai1_gpu/posebusters_benchmark/7C8Q_DSG/default_s5_t200/predictions/pred.model_idx_0.cif,0.8991841673851013,0.8894968628883362,,0.2930833327231559,1.0,9.0,1.0,0.4782608695652174,False,False,posebusters_benchmark::7C8Q_DSG
posebusters_benchmark,7CD9_FVR,7cd9,Chai-1 full receptor s5/t200,cofolding,True,True,False,10.14858747481294,results/posebench_702_predictions/chai1_gpu/posebusters_benchmark/7CD9_FVR/default_s5_t200/predictions/pred.model_idx_0.cif,0.4056849479675293,0.3568255007266998,,13.056317690686354,1.0,33.0,2.0,0.2903225806451613,False,False,posebusters_benchmark::7CD9_FVR
posebusters_benchmark,7CIJ_G0C,7cij,Chai-1 full receptor s5/t200,cofolding,True,False,False,,,,,,,0.0,21.0,0.0,0.6078431372549019,True,False,posebusters_benchmark::7CIJ_G0C
posebusters_benchmark,7CL8_TES,7cl8,Chai-1 full receptor s5/t200,cofolding,True,True,False,6.646726408345826,results/posebench_702_predictions/chai1_gpu/posebusters_benchmark/7CL8_TES/default_s5_t200/predictions/pred.model_idx_2.cif,0.6229482293128967,0.5439446568489075,,0.7681062271153686,1.0,21.0,6.0,1.0,True,False,posebusters_benchmark::7CL8_TES
posebusters_benchmark,7CNQ_G8X,7cnq,Chai-1 full receptor s5/t200,cofolding,True,False,False,,,,,,,0.0,9.0,2.0,0.5,True,False,posebusters_benchmark::7CNQ_G8X
posebusters_benchmark,7CNS_PMV,7cns,Chai-1 full receptor s5/t200,cofolding,True,True,False,5.940000589132129,results/posebench_702_predictions/chai1_gpu/posebusters_benchmark/7CNS_PMV/default_s5_t200/predictions/pred.model_idx_4.cif,0.8168476223945618,0.7907562851905823,,1.5692867593916482,1.0,14.0,1.0,0.3617021276595745,False,False,posebusters_benchmark::7CNS_PMV
posebusters_benchmark,7CTM_BDP,7ctm,Chai-1 full receptor s5/t200,cofolding,True,True,False,4.80958088719333,results/posebench_702_predictions/chai1_gpu/posebusters_benchmark/7CTM_BDP/default_s5_t200/predictions/pred.model_idx_2.cif,0.4307395815849304,0.312275618314743,,3.156419169079535,1.0,13.0,5.0,0.3846153846153846,True,False,posebusters_benchmark::7CTM_BDP
posebusters_benchmark,7CUO_PHB,7cuo,Chai-1 full receptor s5/t200,cofolding,True,True,True,1.276290569186641,results/posebench_702_predictions/chai1_gpu/posebusters_benchmark/7CUO_PHB/default_s5_t200/predictions/pred.model_idx_4.cif,0.6667831540107727,0.6478201746940613,,0.4086700017292439,1.0,10.0,0.0,1.0,True,False,posebusters_benchmark::7CUO_PHB
posebusters_benchmark,7D0P_1VU,7d0p,Chai-1 full receptor s5/t200,cofolding,True,True,True,1.0284410961720376,results/posebench_702_predictions/chai1_gpu/posebusters_benchmark/7D0P_1VU/default_s5_t200/predictions/pred.model_idx_1.cif,0.8822519779205322,0.8665531277656555,,0.8183724081921117,1.0,52.0,7.0,0.8369565217391305,True,False,posebusters_benchmark::7D0P_1VU
posebusters_benchmark,7D5C_GV6,7d5c,Chai-1 full receptor s5/t200,cofolding,True,True,True,0.7256997776988368,results/posebench_702_predictions/chai1_gpu/posebusters_benchmark/7D5C_GV6/default_s5_t200/predictions/pred.model_idx_4.cif,0.8421646356582642,0.8294914960861206,,1.16155631541553,1.0,31.0,7.0,1.0,True,False,posebusters_benchmark::7D5C_GV6
posebusters_benchmark,7D6O_MTE,7d6o,Chai-1 full receptor s5/t200,cofolding,True,False,False,,,,,,,0.0,24.0,3.0,0.3698630136986301,False,False,posebusters_benchmark::7D6O_MTE
posebusters_benchmark,7D8Q_GZF,7d8q,Chai-1 full receptor s5/t200,cofolding,True,True,False,8.47591871820691,results/posebench_702_predictions/chai1_gpu/posebusters_benchmark/7D8Q_GZF/default_s5_t200/predictions/pred.model_idx_4.cif,0.8000909090042114,0.7663131952285767,,0.5902785209278383,1.0,28.0,5.0,0.7230769230769231,True,False,posebusters_benchmark::7D8Q_GZF
posebusters_benchmark,7D9L_GSF,7d9l,Chai-1 full receptor s5/t200,cofolding,True,True,True,1.1074132556951648,results/posebench_702_predictions/chai1_gpu/posebusters_benchmark/7D9L_GSF/default_s5_t200/predictions/pred.model_idx_1.cif,0.8571979403495789,0.8317813277244568,,0.3344928047532554,1.0,22.0,3.0,0.6976744186046512,False,False,posebusters_benchmark::7D9L_GSF
posebusters_benchmark,7DIN_MPO,7din,Chai-1 full receptor s5/t200,cofolding,True,True,False,6.716695008060719,results/posebench_702_predictions/chai1_gpu/posebusters_benchmark/7DIN_MPO/default_s5_t200/predictions/pred.model_idx_2.cif,0.3482894003391266,0.2051185667514801,,0.288543085049222,1.0,13.0,0.0,0.5555555555555556,False,False,posebusters_benchmark::7DIN_MPO
posebusters_benchmark,7DKT_GLF,7dkt,Chai-1 full receptor s5/t200,cofolding,True,True,True,0.820541223033646,results/posebench_702_predictions/chai1_gpu/posebusters_benchmark/7DKT_GLF/default_s5_t200/predictions/pred.model_idx_3.cif,0.5865973234176636,0.4991343319416046,,1.3707709228195972,1.0,12.0,5.0,0.6086956521739131,True,False,posebusters_benchmark::7DKT_GLF
posebusters_benchmark,7DQL_4CL,7dql,Chai-1 full receptor s5/t200,cofolding,True,True,False,3.5644376354248286,results/posebench_702_predictions/chai1_gpu/posebusters_benchmark/7DQL_4CL/default_s5_t200/predictions/pred.model_idx_3.cif,0.3874310851097107,0.3217043578624725,,2.655914116354316,1.0,9.0,0.0,0.4,True,False,posebusters_benchmark::7DQL_4CL
posebusters_benchmark,7DUA_HJ0,7dua,Chai-1 full receptor s5/t200,cofolding,True,True,True,1.02906693208335,results/posebench_702_predictions/chai1_gpu/posebusters_benchmark/7DUA_HJ0/default_s5_t200/predictions/pred.model_idx_2.cif,0.5543003082275391,0.5430476069450378,,1.1611115102367768,1.0,23.0,0.0,1.0,True,True,posebusters_benchmark::7DUA_HJ0
posebusters_benchmark,7E2S_BLA,7e2s,Chai-1 full receptor s5/t200,cofolding,True,True,False,6.6607995085529135,results/posebench_702_predictions/chai1_gpu/posebusters_benchmark/7E2S_BLA/default_s5_t200/predictions/pred.model_idx_0.cif,0.4004132449626922,0.2746295034885406,,1.6277094637342848,1.0,43.0,0.0,1.0,True,False,posebusters_benchmark::7E2S_BLA
posebusters_benchmark,7E4L_MDN,7e4l,Chai-1 full receptor s5/t200,cofolding,True,True,False,36.14261100915106,results/posebench_702_predictions/chai1_gpu/posebusters_benchmark/7E4L_MDN/default_s5_t200/predictions/pred.model_idx_0.cif,0.4790451526641845,0.4193241596221924,,0.542280125881505,1.0,9.0,0.0,0.3333333333333333,False,False,posebusters_benchmark::7E4L_MDN
posebusters_benchmark,7EBG_J0L,7ebg,Chai-1 full receptor s5/t200,cofolding,True,True,False,24.153335657082607,results/posebench_702_predictions/chai1_gpu/posebusters_benchmark/7EBG_J0L/default_s5_t200/predictions/pred.model_idx_2.cif,0.8334214687347412,0.8179371356964111,,0.3684909011263114,1.0,14.0,0.0,0.2962962962962963,False,False,posebusters_benchmark::7EBG_J0L
posebusters_benchmark,7ECR_SIN,7ecr,Chai-1 full receptor s5/t200,cofolding,True,False,False,,,,,,,0.0,8.0,0.0,1.0,False,False,posebusters_benchmark::7ECR_SIN
posebusters_benchmark,7ED2_A3P,7ed2,Chai-1 full receptor s5/t200,cofolding,True,True,False,6.207307973341887,results/posebench_702_predictions/chai1_gpu/posebusters_benchmark/7ED2_A3P/default_s5_t200/predictions/pred.model_idx_3.cif,0.5169349908828735,0.4857476949691772,,10.439453069583456,1.0,27.0,4.0,1.0,True,True,posebusters_benchmark::7ED2_A3P
posebusters_benchmark,7ELT_TYM,7elt,Chai-1 full receptor s5/t200,cofolding,True,True,True,0.5298596807433964,results/posebench_702_predictions/chai1_gpu/posebusters_benchmark/7ELT_TYM/default_s5_t200/predictions/pred.model_idx_4.cif,0.9076390862464904,0.8977909088134766,,1.1786793289483646,1.0,37.0,6.0,1.0,True,True,posebusters_benchmark::7ELT_TYM
posebusters_benchmark,7EN7_J79,7en7,Chai-1 full receptor s5/t200,cofolding,True,True,False,2.0465447524019846,results/posebench_702_predictions/chai1_gpu/posebusters_benchmark/7EN7_J79/default_s5_t200/predictions/pred.model_idx_2.cif,0.6642717123031616,0.5967034697532654,,1.922289903688313,1.0,24.0,6.0,1.0,True,True,posebusters_benchmark::7EN7_J79
posebusters_benchmark,7EPV_FDA,7epv,Chai-1 full receptor s5/t200,cofolding,True,True,True,0.9661193531647632,results/posebench_702_predictions/chai1_gpu/posebusters_benchmark/7EPV_FDA/default_s5_t200/predictions/pred.model_idx_0.cif,0.9153874516487122,0.9077782034873962,,0.7136117625999377,1.0,53.0,9.0,1.0,True,False,posebusters_benchmark::7EPV_FDA
posebusters_benchmark,7ES1_UDP,7es1,Chai-1 full receptor s5/t200,cofolding,True,True,True,1.058441030042898,results/posebench_702_predictions/chai1_gpu/posebusters_benchmark/7ES1_UDP/default_s5_t200/predictions/pred.model_idx_1.cif,0.8901067972183228,0.8762364387512207,,1.3199545363991156,1.0,25.0,5.0,1.0,True,True,posebusters_benchmark::7ES1_UDP
posebusters_benchmark,7F51_BA7,7f51,Chai-1 full receptor s5/t200,cofolding,True,True,True,1.9449420744805048,results/posebench_702_predictions/chai1_gpu/posebusters_benchmark/7F51_BA7/default_s5_t200/predictions/pred.model_idx_1.cif,0.908366560935974,0.9004787802696228,,2.05603196646191,1.0,44.0,10.0,1.0,True,True,posebusters_benchmark::7F51_BA7
posebusters_benchmark,7F5D_EUO,7f5d,Chai-1 full receptor s5/t200,cofolding,True,True,True,1.6181832928642998,results/posebench_702_predictions/chai1_gpu/posebusters_benchmark/7F5D_EUO/default_s5_t200/predictions/pred.model_idx_2.cif,0.8449906706809998,0.8180993795394897,,0.6550769507403684,1.0,21.0,0.0,0.3125,False,False,posebusters_benchmark::7F5D_EUO
posebusters_benchmark,7F8T_FAD,7f8t,Chai-1 full receptor s5/t200,cofolding,True,True,False,2.590669950135837,results/posebench_702_predictions/chai1_gpu/posebusters_benchmark/7F8T_FAD/default_s5_t200/predictions/pred.model_idx_3.cif,0.5616166591644287,0.472444474697113,,0.3948598781730865,1.0,53.0,9.0,1.0,True,True,posebusters_benchmark::7F8T_FAD
posebusters_benchmark,7FB7_8NF,7fb7,Chai-1 full receptor s5/t200,cofolding,True,True,False,30.90200079643866,results/posebench_702_predictions/chai1_gpu/posebusters_benchmark/7FB7_8NF/default_s5_t200/predictions/pred.model_idx_0.cif,0.4595449268817901,0.4233339428901672,,1.5605888036216389,1.0,9.0,0.0,0.2857142857142857,True,False,posebusters_benchmark::7FB7_8NF
posebusters_benchmark,7FHA_ADX,7fha,Chai-1 full receptor s5/t200,cofolding,True,True,False,35.054277770651616,results/posebench_702_predictions/chai1_gpu/posebusters_benchmark/7FHA_ADX/default_s5_t200/predictions/pred.model_idx_1.cif,0.553388237953186,0.5069645643234253,,1.993687629874558,1.0,27.0,5.0,1.0,True,True,posebusters_benchmark::7FHA_ADX
posebusters_benchmark,7FRX_O88,7frx,Chai-1 full receptor s5/t200,cofolding,True,False,False,,,,,,,0.0,30.0,0.0,0.3703703703703703,False,False,posebusters_benchmark::7FRX_O88
posebusters_benchmark,7FT9_4MB,7ft9,Chai-1 full receptor s5/t200,cofolding,True,True,False,18.831937693991325,results/posebench_702_predictions/chai1_gpu/posebusters_benchmark/7FT9_4MB/default_s5_t200/predictions/pred.model_idx_1.cif,0.2188490331172943,0.1852613687515258,,9.112555394766227,1.0,14.0,0.0,0.6060606060606061,True,False,posebusters_benchmark::7FT9_4MB
posebusters_benchmark,7JG0_GAR,7jg0,Chai-1 full receptor s5/t200,cofolding,True,True,True,0.5441704204122605,results/posebench_702_predictions/chai1_gpu/posebusters_benchmark/7JG0_GAR/default_s5_t200/predictions/pred.model_idx_4.cif,0.8255249857902527,0.7904977798461914,,0.1867033529770799,1.0,18.0,4.0,1.0,True,False,posebusters_benchmark::7JG0_GAR
posebusters_benchmark,7JGW_V9S,7jgw,Chai-1 full receptor s5/t200,cofolding,True,True,False,2.4904385149086563,results/posebench_702_predictions/chai1_gpu/posebusters_benchmark/7JGW_V9S/default_s5_t200/predictions/pred.model_idx_2.cif,0.8905617594718933,0.892838716506958,,1.7082318347905,1.0,45.0,0.0,0.2524271844660194,False,False,posebusters_benchmark::7JGW_V9S
posebusters_benchmark,7JHQ_VAJ,7jhq,Chai-1 full receptor s5/t200,cofolding,True,True,False,48.4477926910823,results/posebench_702_predictions/chai1_gpu/posebusters_benchmark/7JHQ_VAJ/default_s5_t200/predictions/pred.model_idx_4.cif,0.550208330154419,0.5238152146339417,,18.45670892082716,1.0,18.0,0.0,1.0,True,True,posebusters_benchmark::7JHQ_VAJ
posebusters_benchmark,7JMV_4NC,7jmv,Chai-1 full receptor s5/t200,cofolding,True,True,True,1.7091451680108374,results/posebench_702_predictions/chai1_gpu/posebusters_benchmark/7JMV_4NC/default_s5_t200/predictions/pred.model_idx_0.cif,0.5741931796073914,0.4855352640151977,,0.6029943259338525,1.0,11.0,0.0,0.4482758620689655,True,False,posebusters_benchmark::7JMV_4NC
posebusters_benchmark,7JNB_A2G,7jnb,Chai-1 full receptor s5/t200,cofolding,True,True,True,1.4891883264021553,results/posebench_702_predictions/chai1_gpu/posebusters_benchmark/7JNB_A2G/default_s5_t200/predictions/pred.model_idx_0.cif,0.4990526437759399,0.4431034326553345,,1.2126453266606754,1.0,15.0,5.0,1.0,True,False,posebusters_benchmark::7JNB_A2G
posebusters_benchmark,7JR8_VH7,7jr8,Chai-1 full receptor s5/t200,cofolding,True,True,True,0.6319018407740521,results/posebench_702_predictions/chai1_gpu/posebusters_benchmark/7JR8_VH7/default_s5_t200/predictions/pred.model_idx_0.cif,0.924149215221405,0.9163479804992676,,0.4706722600597202,1.0,28.0,0.0,0.3333333333333333,False,False,posebusters_benchmark::7JR8_VH7
posebusters_benchmark,7JUD_MMA,7jud,Chai-1 full receptor s5/t200,cofolding,True,True,False,64.46701947763471,results/posebench_702_predictions/chai1_gpu/posebusters_benchmark/7JUD_MMA/default_s5_t200/predictions/pred.model_idx_3.cif,0.4020002484321594,0.3548095226287842,,1.857472627999452,1.0,13.0,5.0,0.6551724137931034,True,False,posebusters_benchmark::7JUD_MMA
posebusters_benchmark,7JXX_VP7,7jxx,Chai-1 full receptor s5/t200,cofolding,True,True,False,7.228535015139781,results/posebench_702_predictions/chai1_gpu/posebusters_benchmark/7JXX_VP7/default_s5_t200/predictions/pred.model_idx_1.cif,0.8390182256698608,0.810056746006012,,0.6872411113895659,1.0,25.0,0.0,0.2873563218390804,False,False,posebusters_benchmark::7JXX_VP7
posebusters_benchmark,7JY3_VUD,7jy3,Chai-1 full receptor s5/t200,cofolding,True,True,False,34.82554894986066,results/posebench_702_predictions/chai1_gpu/posebusters_benchmark/7JY3_VUD/default_s5_t200/predictions/pred.model_idx_1.cif,0.8395852446556091,0.829662024974823,,2.964441293365871,1.0,27.0,1.0,0.2842105263157894,False,False,posebusters_benchmark::7JY3_VUD
posebusters_benchmark,7K0V_VQP,7k0v,Chai-1 full receptor s5/t200,cofolding,True,False,False,,,,,,,0.0,32.0,0.0,0.2524271844660194,False,False,posebusters_benchmark::7K0V_VQP
posebusters_benchmark,7K41_VUA,7k41,Chai-1 full receptor s5/t200,cofolding,True,True,True,1.3639891048606678,results/posebench_702_predictions/chai1_gpu/posebusters_benchmark/7K41_VUA/default_s5_t200/predictions/pred.model_idx_4.cif,0.3214689195156097,0.1705410927534103,,1.5449643967518838,1.0,22.0,0.0,0.4107142857142857,False,False,posebusters_benchmark::7K41_VUA
posebusters_benchmark,7KB1_WBJ,7kb1,Chai-1 full receptor s5/t200,cofolding,True,False,False,,,,,,,0.0,22.0,0.0,1.0,True,False,posebusters_benchmark::7KB1_WBJ
posebusters_benchmark,7KC5_BJZ,7kc5,Chai-1 full receptor s5/t200,cofolding,True,True,False,2.86850741300553,results/posebench_702_predictions/chai1_gpu/posebusters_benchmark/7KC5_BJZ/default_s5_t200/predictions/pred.model_idx_1.cif,0.4230544865131378,0.3739158809185028,,0.96562496531141,1.0,37.0,2.0,0.2906976744186046,False,False,posebusters_benchmark::7KC5_BJZ
posebusters_benchmark,7KFO_IAC,7kfo,Chai-1 full receptor s5/t200,cofolding,True,True,True,0.6784905785513814,results/posebench_702_predictions/chai1_gpu/posebusters_benchmark/7KFO_IAC/default_s5_t200/predictions/pred.model_idx_1.cif,0.7898728251457214,0.7679511904716492,,0.6225662926463676,1.0,13.0,0.0,0.75,True,False,posebusters_benchmark::7KFO_IAC
posebusters_benchmark,7KLX_WOV,7klx,Chai-1 full receptor s5/t200,cofolding,True,True,False,28.803002143224457,results/posebench_702_predictions/chai1_gpu/posebusters_benchmark/7KLX_WOV/default_s5_t200/predictions/pred.model_idx_3.cif,0.3399249315261841,0.1936524361371994,,0.1895298707318129,1.0,17.0,0.0,0.3333333333333333,False,False,posebusters_benchmark::7KLX_WOV
posebusters_benchmark,7KM8_WPD,7km8,Chai-1 full receptor s5/t200,cofolding,True,True,False,27.720924339249063,results/posebench_702_predictions/chai1_gpu/posebusters_benchmark/7KM8_WPD/default_s5_t200/predictions/pred.model_idx_1.cif,0.6367475986480713,0.6137714385986328,,16.55588403505733,1.0,29.0,1.0,0.4444444444444444,True,False,posebusters_benchmark::7KM8_WPD
posebusters_benchmark,7KP6_WTP,7kp6,Chai-1 full receptor s5/t200,cofolding,True,True,False,47.98716808648573,results/posebench_702_predictions/chai1_gpu/posebusters_benchmark/7KP6_WTP/default_s5_t200/predictions/pred.model_idx_0.cif,0.8277640342712402,0.818617582321167,,0.5227581145505478,1.0,28.0,1.0,1.0,True,False,posebusters_benchmark::7KP6_WTP
posebusters_benchmark,7KQU_YOF,7kqu,Chai-1 full receptor s5/t200,cofolding,True,True,False,8.060699190246677,results/posebench_702_predictions/chai1_gpu/posebusters_benchmark/7KQU_YOF/default_s5_t200/predictions/pred.model_idx_4.cif,0.5847964286804199,0.5363383293151855,,0.9771674418997994,1.0,14.0,1.0,0.5128205128205128,True,False,posebusters_benchmark::7KQU_YOF
posebusters_benchmark,7KRU_ATP,7kru,Chai-1 full receptor s5/t200,cofolding,True,False,False,,,,,,,0.0,31.0,6.0,1.0,True,False,posebusters_benchmark::7KRU_ATP
posebusters_benchmark,7KZ9_XN7,7kz9,Chai-1 full receptor s5/t200,cofolding,True,True,True,1.310464397014168,results/posebench_702_predictions/chai1_gpu/posebusters_benchmark/7KZ9_XN7/default_s5_t200/predictions/pred.model_idx_1.cif,0.6541458368301392,0.6199932098388672,,1.2492683567153482,1.0,11.0,0.0,0.25,False,False,posebusters_benchmark::7KZ9_XN7
posebusters_benchmark,7L00_XCJ,7l00,Chai-1 full receptor s5/t200,cofolding,True,False,False,,,,,,,0.0,27.0,0.0,1.0,True,True,posebusters_benchmark::7L00_XCJ
posebusters_benchmark,7L03_F9F,7l03,Chai-1 full receptor s5/t200,cofolding,True,True,True,1.2212156556192952,results/posebench_702_predictions/chai1_gpu/posebusters_benchmark/7L03_F9F/default_s5_t200/predictions/pred.model_idx_1.cif,0.8714258074760437,0.8580177426338196,,0.5231249270901416,1.0,22.0,0.0,1.0,True,False,posebusters_benchmark::7L03_F9F
posebusters_benchmark,7L5F_XNG,7l5f,Chai-1 full receptor s5/t200,cofolding,True,True,False,8.90091364232953,results/posebench_702_predictions/chai1_gpu/posebusters_benchmark/7L5F_XNG/default_s5_t200/predictions/pred.model_idx_0.cif,0.4582964777946472,0.3352634012699127,,0.2679803225450056,1.0,18.0,0.0,0.6538461538461539,False,False,posebusters_benchmark::7L5F_XNG
posebusters_benchmark,7L6D_BMF,7l6d,Chai-1 full receptor s5/t200,cofolding,True,True,True,0.4709743064494159,results/posebench_702_predictions/chai1_gpu/posebusters_benchmark/7L6D_BMF/default_s5_t200/predictions/pred.model_idx_1.cif,0.930836021900177,0.9217652082443236,,0.3103606116320943,1.0,28.0,0.0,0.2446808510638297,False,False,posebusters_benchmark::7L6D_BMF
posebusters_benchmark,7L7C_XQ1,7l7c,Chai-1 full receptor s5/t200,cofolding,True,True,False,28.57445484201249,results/posebench_702_predictions/chai1_gpu/posebusters_benchmark/7L7C_XQ1/default_s5_t200/predictions/pred.model_idx_1.cif,0.3550629615783691,0.2904730439186096,,5.663614559237678,1.0,21.0,0.0,0.4893617021276595,False,False,posebusters_benchmark::7L7C_XQ1
posebusters_benchmark,7L81_UD4,7l81,Chai-1 full receptor s5/t200,cofolding,True,True,True,1.3606657550264876,results/posebench_702_predictions/chai1_gpu/posebusters_benchmark/7L81_UD4/default_s5_t200/predictions/pred.model_idx_2.cif,0.8434678912162781,0.8191337585449219,,0.5452654928729793,1.0,38.0,11.0,0.7972972972972973,True,False,posebusters_benchmark::7L81_UD4
posebusters_benchmark,7LB3_XXS,7lb3,Chai-1 full receptor s5/t200,cofolding,True,True,True,1.4129226484487574,results/posebench_702_predictions/chai1_gpu/posebusters_benchmark/7LB3_XXS/default_s5_t200/predictions/pred.model_idx_3.cif,0.7661641836166382,0.7258591651916504,,0.5335762007685294,1.0,29.0,2.0,0.3440860215053763,False,False,posebusters_benchmark::7LB3_XXS
posebusters_benchmark,7LCU_XTA,7lcu,Chai-1 full receptor s5/t200,cofolding,True,True,False,10.934238178573274,results/posebench_702_predictions/chai1_gpu/posebusters_benchmark/7LCU_XTA/default_s5_t200/predictions/pred.model_idx_2.cif,0.5685570240020752,0.4715025424957275,,0.3477584603362334,1.0,39.0,0.0,0.2702702702702703,False,False,posebusters_benchmark::7LCU_XTA
posebusters_benchmark,7LEV_0JO,7lev,Chai-1 full receptor s5/t200,cofolding,True,True,True,1.2178421548491265,results/posebench_702_predictions/chai1_gpu/posebusters_benchmark/7LEV_0JO/default_s5_t200/predictions/pred.model_idx_1.cif,0.7359246611595154,0.7308664321899414,,2.013702027910334,1.0,21.0,0.0,1.0,True,False,posebusters_benchmark::7LEV_0JO
posebusters_benchmark,7LJN_GTP,7ljn,Chai-1 full receptor s5/t200,cofolding,True,False,False,,,,,,,0.0,32.0,6.0,1.0,True,False,posebusters_benchmark::7LJN_GTP
posebusters_benchmark,7LMO_NYO,7lmo,Chai-1 full receptor s5/t200,cofolding,True,True,False,17.004523865374523,results/posebench_702_predictions/chai1_gpu/posebusters_benchmark/7LMO_NYO/default_s5_t200/predictions/pred.model_idx_0.cif,0.557785153388977,0.5344746708869934,,1.715950920757732,1.0,37.0,1.0,0.2568807339449541,False,False,posebusters_benchmark::7LMO_NYO
posebusters_benchmark,7LOE_Y84,7loe,Chai-1 full receptor s5/t200,cofolding,True,True,True,0.8552321567801566,results/posebench_702_predictions/chai1_gpu/posebusters_benchmark/7LOE_Y84/default_s5_t200/predictions/pred.model_idx_4.cif,0.6322579979896545,0.5593166947364807,,0.1804899447912973,1.0,11.0,0.0,0.3142857142857143,True,False,posebusters_benchmark::7LOE_Y84
posebusters_benchmark,7LOU_IFM,7lou,Chai-1 full receptor s5/t200,cofolding,True,False,False,,,,,,,0.0,10.0,3.0,0.4814814814814814,True,False,posebusters_benchmark::7LOU_IFM
posebusters_benchmark,7LT0_ONJ,7lt0,Chai-1 full receptor s5/t200,cofolding,True,True,False,7.492897523531534,results/posebench_702_predictions/chai1_gpu/posebusters_benchmark/7LT0_ONJ/default_s5_t200/predictions/pred.model_idx_4.cif,0.8449965715408325,0.8189946413040161,,0.3994271852858482,1.0,27.0,0.0,0.3661971830985915,False,False,posebusters_benchmark::7LT0_ONJ
posebusters_benchmark,7LZD_YHY,7lzd,Chai-1 full receptor s5/t200,cofolding,True,True,False,6.405984888662234,results/posebench_702_predictions/chai1_gpu/posebusters_benchmark/7LZD_YHY/default_s5_t200/predictions/pred.model_idx_4.cif,0.3626563549041748,0.2431324273347854,,1.9286350049419476,1.0,29.0,0.0,0.3103448275862069,False,False,posebusters_benchmark::7LZD_YHY
posebusters_benchmark,7LZQ_YJV,7lzq,Chai-1 full receptor s5/t200,cofolding,True,True,False,2.1324326960825744,results/posebench_702_predictions/chai1_gpu/posebusters_benchmark/7LZQ_YJV/default_s5_t200/predictions/pred.model_idx_2.cif,0.5971594452857971,0.5223420262336731,,0.1693752337519655,1.0,22.0,0.0,0.4677419354838709,False,False,posebusters_benchmark::7LZQ_YJV
posebusters_benchmark,7M31_TDR,7m31,Chai-1 full receptor s5/t200,cofolding,True,False,False,,,,,,,0.0,9.0,0.0,1.0,True,False,posebusters_benchmark::7M31_TDR
posebusters_benchmark,7M3H_YPV,7m3h,Chai-1 full receptor s5/t200,cofolding,True,True,False,33.01093149961079,results/posebench_702_predictions/chai1_gpu/posebusters_benchmark/7M3H_YPV/default_s5_t200/predictions/pred.model_idx_4.cif,0.8311912417411804,0.8178765177726746,,0.7090284048704918,1.0,24.0,0.0,0.6875,True,False,posebusters_benchmark::7M3H_YPV
posebusters_benchmark,7M41_YQG,7m41,Chai-1 full receptor s5/t200,cofolding,True,True,False,40.91711129616333,results/posebench_702_predictions/chai1_gpu/posebusters_benchmark/7M41_YQG/default_s5_t200/predictions/pred.model_idx_3.cif,0.4145265817642212,0.369020402431488,,0.7390410253807759,1.0,32.0,0.0,0.233009708737864,False,False,posebusters_benchmark::7M41_YQG
posebusters_benchmark,7M6K_YRJ,7m6k,Chai-1 full receptor s5/t200,cofolding,True,True,False,8.634937393255344,results/posebench_702_predictions/chai1_gpu/posebusters_benchmark/7M6K_YRJ/default_s5_t200/predictions/pred.model_idx_1.cif,0.5168923735618591,0.4870506823062897,,1.5175407058703965,1.0,33.0,4.0,0.35,False,False,posebusters_benchmark::7M6K_YRJ
posebusters_benchmark,7MAE_XUS,7mae,Chai-1 full receptor s5/t200,cofolding,True,True,False,11.61121839817528,results/posebench_702_predictions/chai1_gpu/posebusters_benchmark/7MAE_XUS/default_s5_t200/predictions/pred.model_idx_3.cif,0.9412850141525269,0.9370737075805664,,0.577750979214114,1.0,49.0,6.0,0.7142857142857143,True,False,posebusters_benchmark::7MAE_XUS
posebusters_benchmark,7MEU_MGP,7meu,Chai-1 full receptor s5/t200,cofolding,True,True,False,52.79420974176298,results/posebench_702_predictions/chai1_gpu/posebusters_benchmark/7MEU_MGP/default_s5_t200/predictions/pred.model_idx_2.cif,0.5055814981460571,0.4793131947517395,,1.614842490953473,1.0,33.0,6.0,1.0,True,False,posebusters_benchmark::7MEU_MGP
posebusters_benchmark,7MFP_Z7P,7mfp,Chai-1 full receptor s5/t200,cofolding,True,False,False,,,,,,,0.0,50.0,11.0,0.5555555555555556,False,False,posebusters_benchmark::7MFP_Z7P
posebusters_benchmark,7MGT_ZD4,7mgt,Chai-1 full receptor s5/t200,cofolding,True,True,True,0.7523257798615676,results/posebench_702_predictions/chai1_gpu/posebusters_benchmark/7MGT_ZD4/default_s5_t200/predictions/pred.model_idx_0.cif,0.9122079610824584,0.9045094847679138,,0.6810386054428916,1.0,28.0,5.0,1.0,True,True,posebusters_benchmark::7MGT_ZD4
posebusters_benchmark,7MGY_ZD1,7mgy,Chai-1 full receptor s5/t200,cofolding,True,False,False,,,,,,,0.0,23.0,9.0,0.4651162790697674,False,False,posebusters_benchmark::7MGY_ZD1
posebusters_benchmark,7MMH_ZJY,7mmh,Chai-1 full receptor s5/t200,cofolding,True,True,True,0.3592837068861856,results/posebench_702_predictions/chai1_gpu/posebusters_benchmark/7MMH_ZJY/default_s5_t200/predictions/pred.model_idx_1.cif,0.897491455078125,0.8994594812393188,,0.2527612862892784,1.0,57.0,5.0,0.218978102189781,False,False,posebusters_benchmark::7MMH_ZJY
posebusters_benchmark,7MOI_HPS,7moi,Chai-1 full receptor s5/t200,cofolding,True,True,False,30.54200073000253,results/posebench_702_predictions/chai1_gpu/posebusters_benchmark/7MOI_HPS/default_s5_t200/predictions/pred.model_idx_1.cif,0.8486555814743042,0.8314160108566284,,0.5227234091595506,1.0,11.0,0.0,0.3793103448275862,True,False,posebusters_benchmark::7MOI_HPS
posebusters_benchmark,7MRH_ZMJ,7mrh,Chai-1 full receptor s5/t200,cofolding,True,True,False,30.747267661422036,results/posebench_702_predictions/chai1_gpu/posebusters_benchmark/7MRH_ZMJ/default_s5_t200/predictions/pred.model_idx_3.cif,0.7385126352310181,0.7188931703567505,,0.3658159032324941,1.0,24.0,0.0,0.2835820895522388,False,False,posebusters_benchmark::7MRH_ZMJ
posebusters_benchmark,7MS7_ZQ1,7ms7,Chai-1 full receptor s5/t200,cofolding,True,True,False,45.48869618238296,results/posebench_702_predictions/chai1_gpu/posebusters_benchmark/7MS7_ZQ1/default_s5_t200/predictions/pred.model_idx_1.cif,0.4891337156295776,0.4527508020401001,,7.226678847762804,1.0,29.0,0.0,0.3205128205128205,False,False,posebusters_benchmark::7MS7_ZQ1
posebusters_benchmark,7MSR_DCA,7msr,Chai-1 full receptor s5/t200,cofolding,True,True,True,0.8891888942034951,results/posebench_702_predictions/chai1_gpu/posebusters_benchmark/7MSR_DCA/default_s5_t200/predictions/pred.model_idx_3.cif,0.8629212379455566,0.8521016836166382,,1.1706535844217976,1.0,47.0,7.0,0.8941176470588236,True,False,posebusters_benchmark::7MSR_DCA
posebusters_benchmark,7MWN_WI5,7mwn,Chai-1 full receptor s5/t200,cofolding,True,True,False,3.628678489671244,results/posebench_702_predictions/chai1_gpu/posebusters_benchmark/7MWN_WI5/default_s5_t200/predictions/pred.model_idx_1.cif,0.8875108957290649,0.8798848390579224,,0.7013776967599739,1.0,32.0,1.0,1.0,True,True,posebusters_benchmark::7MWN_WI5
posebusters_benchmark,7MWU_ZPM,7mwu,Chai-1 full receptor s5/t200,cofolding,True,True,False,2.4794014107207727,results/posebench_702_predictions/chai1_gpu/posebusters_benchmark/7MWU_ZPM/default_s5_t200/predictions/pred.model_idx_0.cif,0.2997043132781982,0.1596360057592392,,0.6363321620245209,1.0,7.0,0.0,1.0,True,True,posebusters_benchmark::7MWU_ZPM
posebusters_benchmark,7MY1_IPE,7my1,Chai-1 full receptor s5/t200,cofolding,True,True,False,8.064146574591124,results/posebench_702_predictions/chai1_gpu/posebusters_benchmark/7MY1_IPE/default_s5_t200/predictions/pred.model_idx_4.cif,0.4992502927780151,0.3858887255191803,,0.759191727570053,1.0,14.0,1.0,1.0,False,False,posebusters_benchmark::7MY1_IPE
posebusters_benchmark,7MYU_ZR7,7myu,Chai-1 full receptor s5/t200,cofolding,True,True,False,43.328963577652935,results/posebench_702_predictions/chai1_gpu/posebusters_benchmark/7MYU_ZR7/default_s5_t200/predictions/pred.model_idx_0.cif,0.5932953357696533,0.5878052711486816,,0.4739518692366423,1.0,35.0,2.0,0.2307692307692307,False,False,posebusters_benchmark::7MYU_ZR7
posebusters_benchmark,7MZS_GLA,7mzs,Chai-1 full receptor s5/t200,cofolding,True,True,False,15.30022153092802,results/posebench_702_predictions/chai1_gpu/posebusters_benchmark/7MZS_GLA/default_s5_t200/predictions/pred.model_idx_0.cif,0.1387244760990142,0.0888770744204521,,12.141569421728889,1.0,12.0,5.0,1.0,True,False,posebusters_benchmark::7MZS_GLA
posebusters_benchmark,7N03_ZRP,7n03,Chai-1 full receptor s5/t200,cofolding,True,True,True,0.8417180881662228,results/posebench_702_predictions/chai1_gpu/posebusters_benchmark/7N03_ZRP/default_s5_t200/predictions/pred.model_idx_1.cif,0.9483553767204284,0.9445115327835084,,0.4339170917250792,1.0,28.0,0.0,0.2857142857142857,True,False,posebusters_benchmark::7N03_ZRP
posebusters_benchmark,7N4N_0BK,7n4n,Chai-1 full receptor s5/t200,cofolding,True,True,True,1.5255422758151704,results/posebench_702_predictions/chai1_gpu/posebusters_benchmark/7N4N_0BK/default_s5_t200/predictions/pred.model_idx_2.cif,0.8834721446037292,0.8720347881317139,,1.2619345241474689,1.0,32.0,2.0,0.2475247524752475,False,False,posebusters_benchmark::7N4N_0BK
posebusters_benchmark,7N4W_P4V,7n4w,Chai-1 full receptor s5/t200,cofolding,True,True,False,7.910727736062527,results/posebench_702_predictions/chai1_gpu/posebusters_benchmark/7N4W_P4V/default_s5_t200/predictions/pred.model_idx_1.cif,0.6975201368331909,0.6516580581665039,,1.183601300227329,1.0,26.0,1.0,1.0,True,True,posebusters_benchmark::7N4W_P4V
posebusters_benchmark,7N6F_0I1,7n6f,Chai-1 full receptor s5/t200,cofolding,True,True,False,2.2841048149210224,results/posebench_702_predictions/chai1_gpu/posebusters_benchmark/7N6F_0I1/default_s5_t200/predictions/pred.model_idx_1.cif,0.7984520792961121,0.7634758949279785,,1.1770153236087693,1.0,26.0,0.0,0.2807017543859649,False,False,posebusters_benchmark::7N6F_0I1
posebusters_benchmark,7N7B_T3F,7n7b,Chai-1 full receptor s5/t200,cofolding,True,True,False,37.8997667403008,results/posebench_702_predictions/chai1_gpu/posebusters_benchmark/7N7B_T3F/default_s5_t200/predictions/pred.model_idx_1.cif,0.8643616437911987,0.8510217666625977,,1.0035636228468765,1.0,35.0,10.0,0.8823529411764706,True,False,posebusters_benchmark::7N7B_T3F
posebusters_benchmark,7N7H_CTP,7n7h,Chai-1 full receptor s5/t200,cofolding,True,True,False,3.644607455538592,results/posebench_702_predictions/chai1_gpu/posebusters_benchmark/7N7H_CTP/default_s5_t200/predictions/pred.model_idx_4.cif,0.7360318899154663,0.6840744614601135,,1.2337363325187982,1.0,29.0,6.0,1.0,True,False,posebusters_benchmark::7N7H_CTP
posebusters_benchmark,7NA4_1I9,7na4,Chai-1 full receptor s5/t200,cofolding,True,True,True,1.1861872421157615,results/posebench_702_predictions/chai1_gpu/posebusters_benchmark/7NA4_1I9/default_s5_t200/predictions/pred.model_idx_1.cif,0.8733916878700256,0.8576325178146362,,1.5619656106715334,1.0,38.0,2.0,0.2075471698113207,False,False,posebusters_benchmark::7NA4_1I9
posebusters_benchmark,7NB4_U6Q,7nb4,Chai-1 full receptor s5/t200,cofolding,True,True,True,0.7945569202126302,results/posebench_702_predictions/chai1_gpu/posebusters_benchmark/7NB4_U6Q/default_s5_t200/predictions/pred.model_idx_2.cif,0.9090917110443116,0.896446943283081,,0.3823093467994265,1.0,31.0,1.0,0.618421052631579,False,False,posebusters_benchmark::7NB4_U6Q
posebusters_benchmark,7NF0_BYN,7nf0,Chai-1 full receptor s5/t200,cofolding,True,False,False,,,,,,,0.0,37.0,4.0,0.4457831325301205,False,False,posebusters_benchmark::7NF0_BYN
posebusters_benchmark,7NF3_4LU,7nf3,Chai-1 full receptor s5/t200,cofolding,True,True,True,0.6206263631813956,results/posebench_702_predictions/chai1_gpu/posebusters_benchmark/7NF3_4LU/default_s5_t200/predictions/pred.model_idx_4.cif,0.8918942809104919,0.8852235078811646,,0.164916990872438,1.0,36.0,3.0,0.6027397260273972,False,False,posebusters_benchmark::7NF3_4LU
posebusters_benchmark,7NFB_GEN,7nfb,Chai-1 full receptor s5/t200,cofolding,True,True,False,6.643691777815675,results/posebench_702_predictions/chai1_gpu/posebusters_benchmark/7NFB_GEN/default_s5_t200/predictions/pred.model_idx_3.cif,0.901865005493164,0.8933866620063782,,0.3135640972117081,1.0,20.0,0.0,0.5609756097560976,True,False,posebusters_benchmark::7NFB_GEN
posebusters_benchmark,7NGW_UAW,7ngw,Chai-1 full receptor s5/t200,cofolding,True,True,True,0.5062697796722938,results/posebench_702_predictions/chai1_gpu/posebusters_benchmark/7NGW_UAW/default_s5_t200/predictions/pred.model_idx_3.cif,0.542689323425293,0.4528747797012329,,0.2185196163518916,1.0,17.0,0.0,1.0,True,True,posebusters_benchmark::7NGW_UAW
posebusters_benchmark,7NLK_UHK,7nlk,Chai-1 full receptor s5/t200,cofolding,True,True,True,1.2822745015557808,results/posebench_702_predictions/chai1_gpu/posebusters_benchmark/7NLK_UHK/default_s5_t200/predictions/pred.model_idx_1.cif,0.4067328870296478,0.3548203706741333,,0.3911210563968209,1.0,16.0,1.0,1.0,True,True,posebusters_benchmark::7NLK_UHK
posebusters_benchmark,7NLV_UJE,7nlv,Chai-1 full receptor s5/t200,cofolding,True,True,False,5.258402407907668,results/posebench_702_predictions/chai1_gpu/posebusters_benchmark/7NLV_UJE/default_s5_t200/predictions/pred.model_idx_2.cif,0.8426737785339355,0.8338862061500549,,10.907452528046583,1.0,21.0,4.0,1.0,True,True,posebusters_benchmark::7NLV_UJE
posebusters_benchmark,7NML_I7B,7nml,Chai-1 full receptor s5/t200,cofolding,True,True,False,33.465171989511184,results/posebench_702_predictions/chai1_gpu/posebusters_benchmark/7NML_I7B/default_s5_t200/predictions/pred.model_idx_2.cif,0.5369729399681091,0.4825988411903381,,1.6003167467752752,1.0,16.0,0.0,1.0,True,False,posebusters_benchmark::7NML_I7B
posebusters_benchmark,7NP6_UK8,7np6,Chai-1 full receptor s5/t200,cofolding,True,True,False,13.449271893872504,results/posebench_702_predictions/chai1_gpu/posebusters_benchmark/7NP6_UK8/default_s5_t200/predictions/pred.model_idx_4.cif,0.6963468790054321,0.6393030285835266,,1.5964884895138274,1.0,32.0,0.0,0.2988505747126437,False,False,posebusters_benchmark::7NP6_UK8
posebusters_benchmark,7NPL_UKZ,7npl,Chai-1 full receptor s5/t200,cofolding,True,True,False,2.455603622351965,results/posebench_702_predictions/chai1_gpu/posebusters_benchmark/7NPL_UKZ/default_s5_t200/predictions/pred.model_idx_2.cif,0.3643163442611694,0.2395347505807876,,1.6442987186607183,1.0,27.0,2.0,0.25,False,False,posebusters_benchmark::7NPL_UKZ
posebusters_benchmark,7NR6_UO8,7nr6,Chai-1 full receptor s5/t200,cofolding,True,True,False,25.536782597992623,results/posebench_702_predictions/chai1_gpu/posebusters_benchmark/7NR6_UO8/default_s5_t200/predictions/pred.model_idx_1.cif,0.805065929889679,0.7864922285079956,,0.835411488262041,1.0,17.0,0.0,1.0,True,True,posebusters_benchmark::7NR6_UO8
posebusters_benchmark,7NR8_UOE,7nr8,Chai-1 full receptor s5/t200,cofolding,True,True,True,1.607380555032822,results/posebench_702_predictions/chai1_gpu/posebusters_benchmark/7NR8_UOE/default_s5_t200/predictions/pred.model_idx_4.cif,0.8842854499816895,0.8703169822692871,,1.2030122738399334,1.0,45.0,2.0,1.0,True,True,posebusters_benchmark::7NR8_UOE
posebusters_benchmark,7NSW_HC4,7nsw,Chai-1 full receptor s5/t200,cofolding,True,True,True,1.1685782497860335,results/posebench_702_predictions/chai1_gpu/posebusters_benchmark/7NSW_HC4/default_s5_t200/predictions/pred.model_idx_0.cif,0.5937111973762512,0.5649306774139404,,0.5305606391318758,1.0,12.0,0.0,0.53125,True,False,posebusters_benchmark::7NSW_HC4
posebusters_benchmark,7NTG_F6R,7ntg,Chai-1 full receptor s5/t200,cofolding,True,True,True,1.1641806850574803,results/posebench_702_predictions/chai1_gpu/posebusters_benchmark/7NTG_F6R/default_s5_t200/predictions/pred.model_idx_2.cif,0.7191356420516968,0.6605826020240784,,0.5712225474947765,1.0,16.0,3.0,1.0,False,False,posebusters_benchmark::7NTG_F6R
posebusters_benchmark,7NU0_DCL,7nu0,Chai-1 full receptor s5/t200,cofolding,True,True,False,3.015391595687533,results/posebench_702_predictions/chai1_gpu/posebusters_benchmark/7NU0_DCL/default_s5_t200/predictions/pred.model_idx_4.cif,0.3718204200267792,0.2451068758964538,,2.804436089052245,1.0,8.0,1.0,1.0,False,True,posebusters_benchmark::7NU0_DCL
posebusters_benchmark,7NUT_GLP,7nut,Chai-1 full receptor s5/t200,cofolding,True,True,False,30.33427472325393,results/posebench_702_predictions/chai1_gpu/posebusters_benchmark/7NUT_GLP/default_s5_t200/predictions/pred.model_idx_3.cif,0.8861287832260132,0.875730037689209,,0.982795191660486,1.0,16.0,5.0,0.71875,True,False,posebusters_benchmark::7NUT_GLP
posebusters_benchmark,7NXO_UU8,7nxo,Chai-1 full receptor s5/t200,cofolding,True,True,False,32.24002391224187,results/posebench_702_predictions/chai1_gpu/posebusters_benchmark/7NXO_UU8/default_s5_t200/predictions/pred.model_idx_3.cif,0.8834724426269531,0.8740814924240112,,1.224789125164288,1.0,34.0,0.0,0.2738095238095238,False,False,posebusters_benchmark::7NXO_UU8
posebusters_benchmark,7O0N_CDP,7o0n,Chai-1 full receptor s5/t200,cofolding,True,True,False,2.6297829538328217,results/posebench_702_predictions/chai1_gpu/posebusters_benchmark/7O0N_CDP/default_s5_t200/predictions/pred.model_idx_3.cif,0.5872038006782532,0.5605107545852661,,9.314898208653306,1.0,25.0,5.0,1.0,True,False,posebusters_benchmark::7O0N_CDP
posebusters_benchmark,7O1T_5X8,7o1t,Chai-1 full receptor s5/t200,cofolding,True,True,True,0.9364267758850536,results/posebench_702_predictions/chai1_gpu/posebusters_benchmark/7O1T_5X8/default_s5_t200/predictions/pred.model_idx_1.cif,0.9209595322608948,0.9144006967544556,,3.256424469547515,1.0,25.0,5.0,0.8245614035087719,True,False,posebusters_benchmark::7O1T_5X8
posebusters_benchmark,7OCB_V88,7ocb,Chai-1 full receptor s5/t200,cofolding,True,True,False,9.97493752826555,results/posebench_702_predictions/chai1_gpu/posebusters_benchmark/7OCB_V88/default_s5_t200/predictions/pred.model_idx_4.cif,0.4758207499980926,0.3989758193492889,,5.391195685082809,1.0,41.0,0.0,0.5862068965517241,False,False,posebusters_benchmark::7OCB_V88
posebusters_benchmark,7ODX_DGP,7odx,Chai-1 full receptor s5/t200,cofolding,True,True,False,17.331868462782037,results/posebench_702_predictions/chai1_gpu/posebusters_benchmark/7ODX_DGP/default_s5_t200/predictions/pred.model_idx_1.cif,0.7409276366233826,0.6942600607872009,,1.9457070870585171,1.0,23.0,3.0,0.847457627118644,True,False,posebusters_benchmark::7ODX_DGP
posebusters_benchmark,7ODY_DGI,7ody,Chai-1 full receptor s5/t200,cofolding,True,True,False,2.737816966935586,results/posebench_702_predictions/chai1_gpu/posebusters_benchmark/7ODY_DGI/default_s5_t200/predictions/pred.model_idx_0.cif,0.4739750623703003,0.4529325366020202,,6.780290037075805,1.0,27.0,4.0,0.9824561403508772,True,False,posebusters_benchmark::7ODY_DGI
posebusters_benchmark,7OEO_V9Z,7oeo,Chai-1 full receptor s5/t200,cofolding,True,True,False,6.030448265999935,results/posebench_702_predictions/chai1_gpu/posebusters_benchmark/7OEO_V9Z/default_s5_t200/predictions/pred.model_idx_4.cif,0.7468693256378174,0.697605311870575,,0.383890813539057,1.0,32.0,0.0,0.2948717948717949,False,False,posebusters_benchmark::7OEO_V9Z
posebusters_benchmark,7OFF_VCB,7off,Chai-1 full receptor s5/t200,cofolding,True,True,False,6.112817824240188,results/posebench_702_predictions/chai1_gpu/posebusters_benchmark/7OFF_VCB/default_s5_t200/predictions/pred.model_idx_2.cif,0.6476275324821472,0.5724347233772278,,0.2632705100369154,1.0,27.0,1.0,0.3833333333333333,False,False,posebusters_benchmark::7OFF_VCB
posebusters_benchmark,7OFK_VCH,7ofk,Chai-1 full receptor s5/t200,cofolding,True,True,True,0.5029097799242044,results/posebench_702_predictions/chai1_gpu/posebusters_benchmark/7OFK_VCH/default_s5_t200/predictions/pred.model_idx_2.cif,0.906201183795929,0.8970320224761963,,0.2691644394350944,1.0,35.0,1.0,0.2873563218390804,False,False,posebusters_benchmark::7OFK_VCH
posebusters_benchmark,7OKC_VFE,7okc,Chai-1 full receptor s5/t200,cofolding,True,True,False,6.277543572355986,results/posebench_702_predictions/chai1_gpu/posebusters_benchmark/7OKC_VFE/default_s5_t200/predictions/pred.model_idx_2.cif,0.3895415961742401,0.2554224729537964,,0.1760732629368952,1.0,29.0,0.0,1.0,True,True,posebusters_benchmark::7OKC_VFE
posebusters_benchmark,7OKF_VH5,7okf,Chai-1 full receptor s5/t200,cofolding,True,True,True,1.2735746512751522,results/posebench_702_predictions/chai1_gpu/posebusters_benchmark/7OKF_VH5/default_s5_t200/predictions/pred.model_idx_0.cif,0.8159468173980713,0.7878804802894592,,0.288677631487877,1.0,28.0,0.0,0.4691358024691358,False,False,posebusters_benchmark::7OKF_VH5
posebusters_benchmark,7OLI_8HG,7oli,Chai-1 full receptor s5/t200,cofolding,True,True,False,2.2926607892595934,results/posebench_702_predictions/chai1_gpu/posebusters_benchmark/7OLI_8HG/default_s5_t200/predictions/pred.model_idx_3.cif,0.4247089624404907,0.3868197202682495,,5.969353891115091,1.0,20.0,3.0,1.0,True,True,posebusters_benchmark::7OLI_8HG
posebusters_benchmark,7OLT_58J,7olt,Chai-1 full receptor s5/t200,cofolding,True,True,True,0.5752307570538522,results/posebench_702_predictions/chai1_gpu/posebusters_benchmark/7OLT_58J/default_s5_t200/predictions/pred.model_idx_0.cif,0.5124537348747253,0.4166708290576935,,0.452819027356489,1.0,23.0,0.0,1.0,True,False,posebusters_benchmark::7OLT_58J
posebusters_benchmark,7OMJ_GCP,7omj,Chai-1 full receptor s5/t200,cofolding,True,True,True,0.7502922261898362,results/posebench_702_predictions/chai1_gpu/posebusters_benchmark/7OMJ_GCP/default_s5_t200/predictions/pred.model_idx_0.cif,0.8189522624015808,0.7933341860771179,,0.6832538305621088,1.0,32.0,6.0,1.0,True,False,posebusters_benchmark::7OMJ_GCP
posebusters_benchmark,7OMX_CNA,7omx,Chai-1 full receptor s5/t200,cofolding,True,True,False,2.098853830317162,results/posebench_702_predictions/chai1_gpu/posebusters_benchmark/7OMX_CNA/default_s5_t200/predictions/pred.model_idx_2.cif,0.8729801177978516,0.8547139167785645,,3.313093442936572,1.0,44.0,10.0,0.735632183908046,False,False,posebusters_benchmark::7OMX_CNA
posebusters_benchmark,7OP9_06K,7op9,Chai-1 full receptor s5/t200,cofolding,True,False,False,,,,,,,0.0,11.0,0.0,0.3783783783783784,True,False,posebusters_benchmark::7OP9_06K
posebusters_benchmark,7OPG_06N,7opg,Chai-1 full receptor s5/t200,cofolding,True,False,False,,,,,,,0.0,19.0,0.0,0.2835820895522388,False,False,posebusters_benchmark::7OPG_06N
posebusters_benchmark,7ORW_7WA,7orw,Chai-1 full receptor s5/t200,cofolding,True,True,False,9.111063904427752,results/posebench_702_predictions/chai1_gpu/posebusters_benchmark/7ORW_7WA/default_s5_t200/predictions/pred.model_idx_1.cif,0.1192418336868286,0.0825097486376762,,8.09001476564216,1.0,10.0,0.0,0.4482758620689655,True,False,posebusters_benchmark::7ORW_7WA
posebusters_benchmark,7OSO_0V1,7oso,Chai-1 full receptor s5/t200,cofolding,True,True,False,3.122528235867556,results/posebench_702_predictions/chai1_gpu/posebusters_benchmark/7OSO_0V1/default_s5_t200/predictions/pred.model_idx_2.cif,0.3082914352416992,0.1558060497045517,,1.081942399999183,1.0,7.0,1.0,0.6111111111111112,False,False,posebusters_benchmark::7OSO_0V1
posebusters_benchmark,7OU8_1XI,7ou8,Chai-1 full receptor s5/t200,cofolding,True,False,False,,,,,,,0.0,23.0,4.0,1.0,True,True,posebusters_benchmark::7OU8_1XI
posebusters_benchmark,7OZ9_NGK,7oz9,Chai-1 full receptor s5/t200,cofolding,True,True,False,5.191126473786849,results/posebench_702_predictions/chai1_gpu/posebusters_benchmark/7OZ9_NGK/default_s5_t200/predictions/pred.model_idx_4.cif,0.4370082914829254,0.3933779895305633,,2.355735682928328,1.0,19.0,5.0,0.625,True,False,posebusters_benchmark::7OZ9_NGK
posebusters_benchmark,7OZC_G6S,7ozc,Chai-1 full receptor s5/t200,cofolding,True,True,True,1.624090864182994,results/posebench_702_predictions/chai1_gpu/posebusters_benchmark/7OZC_G6S/default_s5_t200/predictions/pred.model_idx_3.cif,0.5865272879600525,0.4946790635585785,,1.6973357386402832,1.0,16.0,5.0,1.0,True,False,posebusters_benchmark::7OZC_G6S
posebusters_benchmark,7P1F_KFN,7p1f,Chai-1 full receptor s5/t200,cofolding,True,True,False,2.270620516494811,results/posebench_702_predictions/chai1_gpu/posebusters_benchmark/7P1F_KFN/default_s5_t200/predictions/pred.model_idx_2.cif,0.6151543855667114,0.587867021560669,,5.767414429608186,1.0,17.0,5.0,1.0,True,True,posebusters_benchmark::7P1F_KFN
posebusters_benchmark,7P1M_4IU,7p1m,Chai-1 full receptor s5/t200,cofolding,True,True,True,0.4363729835037551,results/posebench_702_predictions/chai1_gpu/posebusters_benchmark/7P1M_4IU/default_s5_t200/predictions/pred.model_idx_2.cif,0.5027135610580444,0.4689263105392456,,0.194079848973998,1.0,24.0,3.0,0.2469135802469135,False,False,posebusters_benchmark::7P1M_4IU
posebusters_benchmark,7P2I_MFU,7p2i,Chai-1 full receptor s5/t200,cofolding,True,True,False,17.37358065650682,results/posebench_702_predictions/chai1_gpu/posebusters_benchmark/7P2I_MFU/default_s5_t200/predictions/pred.model_idx_3.cif,0.7903924584388733,0.7752429246902466,,1.4724903319557274,1.0,12.0,5.0,0.5,True,False,posebusters_benchmark::7P2I_MFU
posebusters_benchmark,7P2W_4QR,7p2w,Chai-1 full receptor s5/t200,cofolding,True,True,False,2.0241327850991127,results/posebench_702_predictions/chai1_gpu/posebusters_benchmark/7P2W_4QR/default_s5_t200/predictions/pred.model_idx_3.cif,0.8932317495346069,0.8850865364074707,,2.905737006495037,1.0,34.0,0.0,0.3714285714285714,False,False,posebusters_benchmark::7P2W_4QR
posebusters_benchmark,7P4C_5OV,7p4c,Chai-1 full receptor s5/t200,cofolding,True,True,True,0.177667380767566,results/posebench_702_predictions/chai1_gpu/posebusters_benchmark/7P4C_5OV/default_s5_t200/predictions/pred.model_idx_0.cif,0.800035297870636,0.7615255117416382,,0.4857749137570303,1.0,16.0,6.0,1.0,True,True,posebusters_benchmark::7P4C_5OV
posebusters_benchmark,7P4J_5JK,7p4j,Chai-1 full receptor s5/t200,cofolding,True,True,False,11.053549101093717,results/posebench_702_predictions/chai1_gpu/posebusters_benchmark/7P4J_5JK/default_s5_t200/predictions/pred.model_idx_4.cif,0.6174015998840332,0.5431073307991028,,1.5559944273049058,1.0,29.0,9.0,1.0,True,False,posebusters_benchmark::7P4J_5JK
posebusters_benchmark,7P4V_DAT,7p4v,Chai-1 full receptor s5/t200,cofolding,True,True,False,26.70943476750413,results/posebench_702_predictions/chai1_gpu/posebusters_benchmark/7P4V_DAT/default_s5_t200/predictions/pred.model_idx_1.cif,0.7941752672195435,0.7725551128387451,,1.184868541525265,1.0,26.0,4.0,1.0,True,True,posebusters_benchmark::7P4V_DAT
posebusters_benchmark,7P5T_5YG,7p5t,Chai-1 full receptor s5/t200,cofolding,True,True,False,10.233799666738577,results/posebench_702_predictions/chai1_gpu/posebusters_benchmark/7P5T_5YG/default_s5_t200/predictions/pred.model_idx_4.cif,0.5067204236984253,0.3978813886642456,,0.7912212741852154,1.0,23.0,0.0,0.391304347826087,False,False,posebusters_benchmark::7P5T_5YG
posebusters_benchmark,7P85_5ZG,7p85,Chai-1 full receptor s5/t200,cofolding,True,True,False,4.065659924129212,results/posebench_702_predictions/chai1_gpu/posebusters_benchmark/7P85_5ZG/default_s5_t200/predictions/pred.model_idx_1.cif,0.5688028335571289,0.4765360355377197,,3.591186692666439,1.0,14.0,1.0,0.3137254901960784,True,False,posebusters_benchmark::7P85_5ZG
posebusters_benchmark,7PA4_C,7pa4,Chai-1 full receptor s5/t200,cofolding,True,True,False,2.3472161985610893,results/posebench_702_predictions/chai1_gpu/posebusters_benchmark/7PA4_C/default_s5_t200/predictions/pred.model_idx_3.cif,0.7566922903060913,0.732606828212738,,4.993899474101478,1.0,21.0,4.0,0.84,True,False,posebusters_benchmark::7PA4_C
posebusters_benchmark,7PGX_FMN,7pgx,Chai-1 full receptor s5/t200,cofolding,True,True,True,0.2864992830636241,results/posebench_702_predictions/chai1_gpu/posebusters_benchmark/7PGX_FMN/default_s5_t200/predictions/pred.model_idx_4.cif,0.8563502430915833,0.8494347333908081,,0.3180091424930777,1.0,31.0,3.0,1.0,True,False,posebusters_benchmark::7PGX_FMN
posebusters_benchmark,7PIH_7QW,7pih,Chai-1 full receptor s5/t200,cofolding,True,True,True,1.1065482323014315,results/posebench_702_predictions/chai1_gpu/posebusters_benchmark/7PIH_7QW/default_s5_t200/predictions/pred.model_idx_3.cif,0.8982706069946289,0.8857159614562988,,0.5422435194375954,1.0,24.0,1.0,0.3181818181818182,False,False,posebusters_benchmark::7PIH_7QW
posebusters_benchmark,7PJQ_OWH,7pjq,Chai-1 full receptor s5/t200,cofolding,True,True,False,15.509330783841932,results/posebench_702_predictions/chai1_gpu/posebusters_benchmark/7PJQ_OWH/default_s5_t200/predictions/pred.model_idx_1.cif,0.4815641343593597,0.4561374485492706,,0.8682676418975955,1.0,10.0,0.0,0.4838709677419355,True,False,posebusters_benchmark::7PJQ_OWH
posebusters_benchmark,7PK0_BYC,7pk0,Chai-1 full receptor s5/t200,cofolding,True,True,True,0.9472938525962844,results/posebench_702_predictions/chai1_gpu/posebusters_benchmark/7PK0_BYC/default_s5_t200/predictions/pred.model_idx_2.cif,0.8731306791305542,0.8608877658843994,,0.5333025572772876,1.0,56.0,7.0,0.8020833333333334,False,False,posebusters_benchmark::7PK0_BYC
posebusters_benchmark,7PL1_SFG,7pl1,Chai-1 full receptor s5/t200,cofolding,True,True,True,0.3468756257942991,results/posebench_702_predictions/chai1_gpu/posebusters_benchmark/7PL1_SFG/default_s5_t200/predictions/pred.model_idx_3.cif,0.8914610147476196,0.8821744918823242,,1.2740537374747738,1.0,27.0,6.0,0.7333333333333333,True,False,posebusters_benchmark::7PL1_SFG
posebusters_benchmark,7POM_7VZ,7pom,Chai-1 full receptor s5/t200,cofolding,True,True,False,36.40210343389785,results/posebench_702_predictions/chai1_gpu/posebusters_benchmark/7POM_7VZ/default_s5_t200/predictions/pred.model_idx_4.cif,0.3364902138710022,0.3166874945163727,,3.401417509570177,1.0,22.0,0.0,1.0,True,True,posebusters_benchmark::7POM_7VZ
posebusters_benchmark,7PRI_7TI,7pri,Chai-1 full receptor s5/t200,cofolding,True,True,False,31.97852808457326,results/posebench_702_predictions/chai1_gpu/posebusters_benchmark/7PRI_7TI/default_s5_t200/predictions/pred.model_idx_1.cif,0.4230530858039856,0.3748795092105865,,0.6952140353982961,1.0,20.0,0.0,1.0,True,True,posebusters_benchmark::7PRI_7TI
posebusters_benchmark,7PRM_81I,7prm,Chai-1 full receptor s5/t200,cofolding,True,True,True,1.0358935931976734,results/posebench_702_predictions/chai1_gpu/posebusters_benchmark/7PRM_81I/default_s5_t200/predictions/pred.model_idx_3.cif,0.7459226250648499,0.6949852108955383,,0.8408156695657412,1.0,32.0,1.0,0.3088235294117647,False,False,posebusters_benchmark::7PRM_81I
posebusters_benchmark,7PT3_3KK,7pt3,Chai-1 full receptor s5/t200,cofolding,True,False,False,,,,,,,0.0,54.0,7.0,0.8369565217391305,True,False,posebusters_benchmark::7PT3_3KK
posebusters_benchmark,7PUV_84Z,7puv,Chai-1 full receptor s5/t200,cofolding,True,False,False,,,,,,,0.0,24.0,0.0,0.5272727272727272,False,False,posebusters_benchmark::7PUV_84Z
posebusters_benchmark,7Q19_DSM,7q19,Chai-1 full receptor s5/t200,cofolding,True,True,False,4.121560237886016,results/posebench_702_predictions/chai1_gpu/posebusters_benchmark/7Q19_DSM/default_s5_t200/predictions/pred.model_idx_0.cif,0.4350019693374634,0.3285405337810516,,0.753012792965179,1.0,20.0,0.0,1.0,True,False,posebusters_benchmark::7Q19_DSM
posebusters_benchmark,7Q25_8J9,7q25,Chai-1 full receptor s5/t200,cofolding,True,False,False,,,,,,,0.0,33.0,3.0,0.4313725490196078,False,False,posebusters_benchmark::7Q25_8J9
posebusters_benchmark,7Q27_8KC,7q27,Chai-1 full receptor s5/t200,cofolding,True,True,True,1.7821496335169926,results/posebench_702_predictions/chai1_gpu/posebusters_benchmark/7Q27_8KC/default_s5_t200/predictions/pred.model_idx_0.cif,0.8697060942649841,0.8482422232627869,,0.2332487514701341,1.0,35.0,3.0,0.4406779661016949,False,False,posebusters_benchmark::7Q27_8KC
posebusters_benchmark,7Q2B_M6H,7q2b,Chai-1 full receptor s5/t200,cofolding,True,True,False,3.69104226763721,results/posebench_702_predictions/chai1_gpu/posebusters_benchmark/7Q2B_M6H/default_s5_t200/predictions/pred.model_idx_4.cif,0.556100070476532,0.4571669101715088,,0.5140621494338077,1.0,12.0,0.0,0.3461538461538461,False,False,posebusters_benchmark::7Q2B_M6H
posebusters_benchmark,7Q5I_I0F,7q5i,Chai-1 full receptor s5/t200,cofolding,True,True,True,0.7113465752403423,results/posebench_702_predictions/chai1_gpu/posebusters_benchmark/7Q5I_I0F/default_s5_t200/predictions/pred.model_idx_2.cif,0.8116458058357239,0.7854897975921631,,0.9323303040987032,1.0,27.0,5.0,0.3050847457627119,False,False,posebusters_benchmark::7Q5I_I0F
posebusters_benchmark,7QE4_NGA,7qe4,Chai-1 full receptor s5/t200,cofolding,True,True,True,0.99453236133503,results/posebench_702_predictions/chai1_gpu/posebusters_benchmark/7QE4_NGA/default_s5_t200/predictions/pred.model_idx_4.cif,0.284184455871582,0.2303326278924942,,1.075171863377027,1.0,15.0,5.0,1.0,True,False,posebusters_benchmark::7QE4_NGA
posebusters_benchmark,7QF4_RBF,7qf4,Chai-1 full receptor s5/t200,cofolding,True,True,True,0.2997438689198551,results/posebench_702_predictions/chai1_gpu/posebusters_benchmark/7QF4_RBF/default_s5_t200/predictions/pred.model_idx_3.cif,0.914924144744873,0.909786820411682,,0.3833433954299249,1.0,27.0,3.0,0.7368421052631579,True,False,posebusters_benchmark::7QF4_RBF
posebusters_benchmark,7QFM_AY3,7qfm,Chai-1 full receptor s5/t200,cofolding,True,True,True,0.5373891546700819,results/posebench_702_predictions/chai1_gpu/posebusters_benchmark/7QFM_AY3/default_s5_t200/predictions/pred.model_idx_2.cif,0.8643788695335388,0.8404931426048279,,0.8561904267687894,1.0,20.0,0.0,0.4565217391304347,False,False,posebusters_benchmark::7QFM_AY3
posebusters_benchmark,7QGP_DJ8,7qgp,Chai-1 full receptor s5/t200,cofolding,True,True,True,1.3415663902281127,results/posebench_702_predictions/chai1_gpu/posebusters_benchmark/7QGP_DJ8/default_s5_t200/predictions/pred.model_idx_1.cif,0.8723725080490112,0.8603325486183167,,4.137367098462579,1.0,35.0,0.0,0.3010752688172043,False,False,posebusters_benchmark::7QGP_DJ8
posebusters_benchmark,7QHG_T3B,7qhg,Chai-1 full receptor s5/t200,cofolding,True,True,False,3.24737644920021,results/posebench_702_predictions/chai1_gpu/posebusters_benchmark/7QHG_T3B/default_s5_t200/predictions/pred.model_idx_1.cif,0.477562665939331,0.4471378028392792,,2.4903167657770755,1.0,42.0,0.0,0.2875,False,False,posebusters_benchmark::7QHG_T3B
posebusters_benchmark,7QHL_D5P,7qhl,Chai-1 full receptor s5/t200,cofolding,True,False,False,,,,,,,0.0,30.0,0.0,1.0,True,True,posebusters_benchmark::7QHL_D5P
posebusters_benchmark,7QK0_EBL,7qk0,Chai-1 full receptor s5/t200,cofolding,True,True,False,26.35224023547749,results/posebench_702_predictions/chai1_gpu/posebusters_benchmark/7QK0_EBL/default_s5_t200/predictions/pred.model_idx_2.cif,0.4732467532157898,0.3855995535850525,,0.3057970066767211,1.0,38.0,3.0,1.0,True,True,posebusters_benchmark::7QK0_EBL
posebusters_benchmark,7QPP_VDX,7qpp,Chai-1 full receptor s5/t200,cofolding,True,True,True,0.297468717221214,results/posebench_702_predictions/chai1_gpu/posebusters_benchmark/7QPP_VDX/default_s5_t200/predictions/pred.model_idx_1.cif,0.8581482172012329,0.8382049202919006,,0.2587257626634029,1.0,30.0,6.0,0.8548387096774194,True,False,posebusters_benchmark::7QPP_VDX
posebusters_benchmark,7QSW_CAP,7qsw,Chai-1 full receptor s5/t200,cofolding,True,False,False,,,,,,,0.0,21.0,3.0,0.4736842105263157,False,False,posebusters_benchmark::7QSW_CAP
posebusters_benchmark,7QTA_URI,7qta,Chai-1 full receptor s5/t200,cofolding,True,True,False,4.169676758298293,results/posebench_702_predictions/chai1_gpu/posebusters_benchmark/7QTA_URI/default_s5_t200/predictions/pred.model_idx_0.cif,0.3251015543937683,0.2500171959400177,,9.21130492704902,1.0,17.0,4.0,1.0,True,False,posebusters_benchmark::7QTA_URI
posebusters_benchmark,7R3D_APR,7r3d,Chai-1 full receptor s5/t200,cofolding,True,True,True,0.6934965033045692,results/posebench_702_predictions/chai1_gpu/posebusters_benchmark/7R3D_APR/default_s5_t200/predictions/pred.model_idx_4.cif,0.8676202893257141,0.8564326167106628,,0.3157920316310715,1.0,36.0,10.0,1.0,True,False,posebusters_benchmark::7R3D_APR
posebusters_benchmark,7R59_I5F,7r59,Chai-1 full receptor s5/t200,cofolding,True,True,True,0.3227410849815894,results/posebench_702_predictions/chai1_gpu/posebusters_benchmark/7R59_I5F/default_s5_t200/predictions/pred.model_idx_3.cif,0.7910391092300415,0.7536641359329224,,0.4861316587917829,1.0,13.0,0.0,0.6666666666666666,True,False,posebusters_benchmark::7R59_I5F
posebusters_benchmark,7R6J_2I7,7r6j,Chai-1 full receptor s5/t200,cofolding,True,False,False,,,,,,,0.0,33.0,4.0,0.2638888888888889,False,False,posebusters_benchmark::7R6J_2I7
posebusters_benchmark,7R7R_AWJ,7r7r,Chai-1 full receptor s5/t200,cofolding,True,True,False,2.430578066264908,results/posebench_702_predictions/chai1_gpu/posebusters_benchmark/7R7R_AWJ/default_s5_t200/predictions/pred.model_idx_1.cif,0.8917326927185059,0.8794803619384766,,4.291817246130619,1.0,33.0,2.0,1.0,True,True,posebusters_benchmark::7R7R_AWJ
posebusters_benchmark,7R9N_F97,7r9n,Chai-1 full receptor s5/t200,cofolding,True,True,True,0.8674390819803532,results/posebench_702_predictions/chai1_gpu/posebusters_benchmark/7R9N_F97/default_s5_t200/predictions/pred.model_idx_0.cif,0.6860402226448059,0.6711500287055969,,0.6818249756863468,1.0,31.0,1.0,1.0,True,True,posebusters_benchmark::7R9N_F97
posebusters_benchmark,7RC3_SAH,7rc3,Chai-1 full receptor s5/t200,cofolding,True,True,True,1.0041852724206777,results/posebench_702_predictions/chai1_gpu/posebusters_benchmark/7RC3_SAH/default_s5_t200/predictions/pred.model_idx_1.cif,0.8780068159103394,0.8681038618087769,,1.8492720327566472,1.0,26.0,5.0,1.0,True,False,posebusters_benchmark::7RC3_SAH
posebusters_benchmark,7REE_4LY,7ree,Chai-1 full receptor s5/t200,cofolding,True,True,True,1.0482171600239734,results/posebench_702_predictions/chai1_gpu/posebusters_benchmark/7REE_4LY/default_s5_t200/predictions/pred.model_idx_2.cif,0.9075613021850586,0.8995458483695984,,0.4096712676225895,1.0,42.0,0.0,0.25,False,False,posebusters_benchmark::7REE_4LY
posebusters_benchmark,7RH3_59O,7rh3,Chai-1 full receptor s5/t200,cofolding,True,True,True,1.8730226947744244,results/posebench_702_predictions/chai1_gpu/posebusters_benchmark/7RH3_59O/default_s5_t200/predictions/pred.model_idx_0.cif,0.8783788084983826,0.8563272356987,,0.146421852190787,1.0,34.0,5.0,1.0,True,True,posebusters_benchmark::7RH3_59O
posebusters_benchmark,7RH8_UTP,7rh8,Chai-1 full receptor s5/t200,cofolding,True,True,False,29.852567693872395,results/posebench_702_predictions/chai1_gpu/posebusters_benchmark/7RH8_UTP/default_s5_t200/predictions/pred.model_idx_2.cif,0.8303463459014893,0.8055684566497803,,0.7706830440722652,1.0,29.0,6.0,1.0,True,False,posebusters_benchmark::7RH8_UTP
posebusters_benchmark,7RKW_5TV,7rkw,Chai-1 full receptor s5/t200,cofolding,True,True,False,3.855071705405035,results/posebench_702_predictions/chai1_gpu/posebusters_benchmark/7RKW_5TV/default_s5_t200/predictions/pred.model_idx_4.cif,0.5401666164398193,0.4425017833709717,,0.4884368677270821,1.0,25.0,1.0,0.2816901408450704,False,False,posebusters_benchmark::7RKW_5TV
posebusters_benchmark,7RNI_60I,7rni,Chai-1 full receptor s5/t200,cofolding,True,True,False,3.0320830404775694,results/posebench_702_predictions/chai1_gpu/posebusters_benchmark/7RNI_60I/default_s5_t200/predictions/pred.model_idx_4.cif,0.9244107604026794,0.9168487191200256,,0.2710040982093259,1.0,31.0,0.0,0.3375,False,False,posebusters_benchmark::7RNI_60I
posebusters_benchmark,7ROR_69X,7ror,Chai-1 full receptor s5/t200,cofolding,True,True,False,42.0351508734207,results/posebench_702_predictions/chai1_gpu/posebusters_benchmark/7ROR_69X/default_s5_t200/predictions/pred.model_idx_3.cif,0.8167083263397217,0.8024759888648987,,0.8187083090591342,1.0,35.0,6.0,1.0,True,True,posebusters_benchmark::7ROR_69X
posebusters_benchmark,7ROU_66I,7rou,Chai-1 full receptor s5/t200,cofolding,True,True,True,0.8095927566072406,results/posebench_702_predictions/chai1_gpu/posebusters_benchmark/7ROU_66I/default_s5_t200/predictions/pred.model_idx_2.cif,0.910979986190796,0.9035308957099916,,1.6240440670965466,1.0,39.0,5.0,1.0,True,False,posebusters_benchmark::7ROU_66I
posebusters_benchmark,7RPZ_6IC,7rpz,Chai-1 full receptor s5/t200,cofolding,True,True,False,17.610594817370284,results/posebench_702_predictions/chai1_gpu/posebusters_benchmark/7RPZ_6IC/default_s5_t200/predictions/pred.model_idx_1.cif,0.7445274591445923,0.6995561718940735,,1.5356278196606123,1.0,44.0,4.0,0.2366412213740458,False,False,posebusters_benchmark::7RPZ_6IC
posebusters_benchmark,7RSV_7IQ,7rsv,Chai-1 full receptor s5/t200,cofolding,True,False,False,,,,,,,0.0,20.0,3.0,1.0,True,True,posebusters_benchmark::7RSV_7IQ
posebusters_benchmark,7RUI_7QZ,7rui,Chai-1 full receptor s5/t200,cofolding,True,True,True,0.8768065009410869,results/posebench_702_predictions/chai1_gpu/posebusters_benchmark/7RUI_7QZ/default_s5_t200/predictions/pred.model_idx_4.cif,0.9148815870285034,0.9017605781555176,,0.2857509769193554,1.0,51.0,0.0,0.2307692307692307,False,False,posebusters_benchmark::7RUI_7QZ
posebusters_benchmark,7RWO_7WN,7rwo,Chai-1 full receptor s5/t200,cofolding,True,True,True,0.7306421447253606,results/posebench_702_predictions/chai1_gpu/posebusters_benchmark/7RWO_7WN/default_s5_t200/predictions/pred.model_idx_3.cif,0.8496477007865906,0.8265594244003296,,0.2595819761496336,1.0,20.0,0.0,0.4629629629629629,False,False,posebusters_benchmark::7RWO_7WN
posebusters_benchmark,7RWS_4UR,7rws,Chai-1 full receptor s5/t200,cofolding,True,True,False,8.229968355168724,results/posebench_702_predictions/chai1_gpu/posebusters_benchmark/7RWS_4UR/default_s5_t200/predictions/pred.model_idx_1.cif,0.572514533996582,0.4952497184276581,,1.46478745733564,1.0,45.0,10.0,0.8153846153846154,False,False,posebusters_benchmark::7RWS_4UR
posebusters_benchmark,7RZL_NPO,7rzl,Chai-1 full receptor s5/t200,cofolding,True,True,False,6.209435247132495,results/posebench_702_predictions/chai1_gpu/posebusters_benchmark/7RZL_NPO/default_s5_t200/predictions/pred.model_idx_1.cif,0.927355706691742,0.9201891422271729,,0.5637871234467173,1.0,10.0,0.0,0.56,True,False,posebusters_benchmark::7RZL_NPO
posebusters_benchmark,7S45_ACO,7s45,Chai-1 full receptor s5/t200,cofolding,True,True,False,23.60091947268592,results/posebench_702_predictions/chai1_gpu/posebusters_benchmark/7S45_ACO/default_s5_t200/predictions/pred.model_idx_3.cif,0.7501468062400818,0.7060254812240601,,2.3669977923974024,1.0,51.0,7.0,0.8555555555555555,True,False,posebusters_benchmark::7S45_ACO
posebusters_benchmark,7S9H_7PP,7s9h,Chai-1 full receptor s5/t200,cofolding,True,True,True,0.8294181386214126,results/posebench_702_predictions/chai1_gpu/posebusters_benchmark/7S9H_7PP/default_s5_t200/predictions/pred.model_idx_0.cif,0.938693106174469,0.9352038502693176,,0.2960393704837551,1.0,29.0,0.0,0.2558139534883721,False,False,posebusters_benchmark::7S9H_7PP
posebusters_benchmark,7SCW_GSP,7scw,Chai-1 full receptor s5/t200,cofolding,True,True,True,0.669723850394789,results/posebench_702_predictions/chai1_gpu/posebusters_benchmark/7SCW_GSP/default_s5_t200/predictions/pred.model_idx_1.cif,0.8698451519012451,0.8603932857513428,,0.619567448630361,1.0,32.0,6.0,1.0,True,True,posebusters_benchmark::7SCW_GSP
posebusters_benchmark,7SDD_4IP,7sdd,Chai-1 full receptor s5/t200,cofolding,True,True,False,5.572522293961015,results/posebench_702_predictions/chai1_gpu/posebusters_benchmark/7SDD_4IP/default_s5_t200/predictions/pred.model_idx_2.cif,0.498582661151886,0.3933842480182647,,1.409180446385918,1.0,28.0,6.0,1.0,True,True,posebusters_benchmark::7SDD_4IP
posebusters_benchmark,7SED_8VD,7sed,Chai-1 full receptor s5/t200,cofolding,True,True,True,1.0046871594308466,results/posebench_702_predictions/chai1_gpu/posebusters_benchmark/7SED_8VD/default_s5_t200/predictions/pred.model_idx_3.cif,0.6757457256317139,0.6143468618392944,,0.4241838673564393,1.0,17.0,0.0,0.28,False,False,posebusters_benchmark::7SED_8VD
posebusters_benchmark,7SFO_98L,7sfo,Chai-1 full receptor s5/t200,cofolding,True,True,False,29.595554638538,results/posebench_702_predictions/chai1_gpu/posebusters_benchmark/7SFO_98L/default_s5_t200/predictions/pred.model_idx_2.cif,0.8787853717803955,0.8705532550811768,,4.124840539655073,1.0,25.0,0.0,1.0,True,True,posebusters_benchmark::7SFO_98L
posebusters_benchmark,7SGV_L30,7sgv,Chai-1 full receptor s5/t200,cofolding,True,True,False,5.743488080252641,results/posebench_702_predictions/chai1_gpu/posebusters_benchmark/7SGV_L30/default_s5_t200/predictions/pred.model_idx_0.cif,0.2772881686687469,0.1786984801292419,,4.500429330404932,1.0,19.0,0.0,0.4473684210526316,False,False,posebusters_benchmark::7SGV_L30
posebusters_benchmark,7SIU_9ID,7siu,Chai-1 full receptor s5/t200,cofolding,True,True,True,1.444234987313775,results/posebench_702_predictions/chai1_gpu/posebusters_benchmark/7SIU_9ID/default_s5_t200/predictions/pred.model_idx_4.cif,0.6595778465270996,0.6335530877113342,,3.4282886989495744,1.0,31.0,1.0,1.0,True,True,posebusters_benchmark::7SIU_9ID
posebusters_benchmark,7SNE_9XR,7sne,Chai-1 full receptor s5/t200,cofolding,True,True,False,2.99218469295514,results/posebench_702_predictions/chai1_gpu/posebusters_benchmark/7SNE_9XR/default_s5_t200/predictions/pred.model_idx_0.cif,0.4116486310958862,0.3982098698616028,,11.055796944542587,1.0,45.0,10.0,0.6621621621621622,False,False,posebusters_benchmark::7SNE_9XR
posebusters_benchmark,7SSM_B7L,7ssm,Chai-1 full receptor s5/t200,cofolding,True,True,True,1.86611551224799,results/posebench_702_predictions/chai1_gpu/posebusters_benchmark/7SSM_B7L/default_s5_t200/predictions/pred.model_idx_1.cif,0.4240249991416931,0.3063545823097229,,0.5870597763640268,1.0,25.0,0.0,0.3150684931506849,False,False,posebusters_benchmark::7SSM_B7L
posebusters_benchmark,7SUC_COM,7suc,Chai-1 full receptor s5/t200,cofolding,True,False,False,,,,,,,0.0,7.0,0.0,0.391304347826087,False,False,posebusters_benchmark::7SUC_COM
posebusters_benchmark,7SZA_DUI,7sza,Chai-1 full receptor s5/t200,cofolding,True,True,False,41.00763891635144,results/posebench_702_predictions/chai1_gpu/posebusters_benchmark/7SZA_DUI/default_s5_t200/predictions/pred.model_idx_0.cif,0.6410889625549316,0.622630774974823,,0.8103330352670188,1.0,20.0,1.0,1.0,True,True,posebusters_benchmark::7SZA_DUI
posebusters_benchmark,7T0D_FPP,7t0d,Chai-1 full receptor s5/t200,cofolding,True,True,True,1.056649898384005,results/posebench_702_predictions/chai1_gpu/posebusters_benchmark/7T0D_FPP/default_s5_t200/predictions/pred.model_idx_4.cif,0.9156757593154908,0.907058835029602,,0.6063968391213076,1.0,24.0,1.0,1.0,False,False,posebusters_benchmark::7T0D_FPP
posebusters_benchmark,7T0U_E3I,7t0u,Chai-1 full receptor s5/t200,cofolding,True,True,False,46.12746289848217,results/posebench_702_predictions/chai1_gpu/posebusters_benchmark/7T0U_E3I/default_s5_t200/predictions/pred.model_idx_4.cif,0.4308189451694488,0.4026064872741699,,0.3805721709162466,1.0,48.0,1.0,0.4224137931034483,False,False,posebusters_benchmark::7T0U_E3I
posebusters_benchmark,7T1D_E7K,7t1d,Chai-1 full receptor s5/t200,cofolding,True,True,False,11.826748709506324,results/posebench_702_predictions/chai1_gpu/posebusters_benchmark/7T1D_E7K/default_s5_t200/predictions/pred.model_idx_3.cif,0.5360427498817444,0.485704094171524,,4.518543462797278,1.0,34.0,0.0,1.0,True,True,posebusters_benchmark::7T1D_E7K
posebusters_benchmark,7T2I_E9F,7t2i,Chai-1 full receptor s5/t200,cofolding,True,True,False,2.2849700366581644,results/posebench_702_predictions/chai1_gpu/posebusters_benchmark/7T2I_E9F/default_s5_t200/predictions/pred.model_idx_1.cif,0.463231474161148,0.4230597615242004,,2.561695559128274,1.0,29.0,2.0,0.3012048192771084,False,False,posebusters_benchmark::7T2I_E9F
posebusters_benchmark,7T3E_SLB,7t3e,Chai-1 full receptor s5/t200,cofolding,True,True,False,30.779602479651537,results/posebench_702_predictions/chai1_gpu/posebusters_benchmark/7T3E_SLB/default_s5_t200/predictions/pred.model_idx_2.cif,0.517366349697113,0.4932604432106018,,0.9436628361258952,1.0,21.0,6.0,1.0,True,False,posebusters_benchmark::7T3E_SLB
posebusters_benchmark,7T3F_EM0,7t3f,Chai-1 full receptor s5/t200,cofolding,True,True,True,0.6628619149958924,results/posebench_702_predictions/chai1_gpu/posebusters_benchmark/7T3F_EM0/default_s5_t200/predictions/pred.model_idx_3.cif,0.9049450755119324,0.8901079893112183,,0.2433967509870558,1.0,24.0,0.0,0.2777777777777778,False,False,posebusters_benchmark::7T3F_EM0
posebusters_benchmark,7T9O_GEI,7t9o,Chai-1 full receptor s5/t200,cofolding,True,True,False,31.41074319122261,results/posebench_702_predictions/chai1_gpu/posebusters_benchmark/7T9O_GEI/default_s5_t200/predictions/pred.model_idx_3.cif,0.6124314069747925,0.547569990158081,,0.7567835706793701,1.0,41.0,1.0,0.2959183673469387,False,False,posebusters_benchmark::7T9O_GEI
posebusters_benchmark,7TB0_UD1,7tb0,Chai-1 full receptor s5/t200,cofolding,True,False,False,,,,,,,0.0,39.0,11.0,1.0,True,False,posebusters_benchmark::7TB0_UD1
posebusters_benchmark,7TBU_S3P,7tbu,Chai-1 full receptor s5/t200,cofolding,True,True,False,41.1472839906415,results/posebench_702_predictions/chai1_gpu/posebusters_benchmark/7TBU_S3P/default_s5_t200/predictions/pred.model_idx_1.cif,0.5189672112464905,0.5011031627655029,,2.8633047670047853,1.0,16.0,3.0,1.0,True,True,posebusters_benchmark::7TBU_S3P
posebusters_benchmark,7TE8_P0T,7te8,Chai-1 full receptor s5/t200,cofolding,True,True,False,6.532726012292486,results/posebench_702_predictions/chai1_gpu/posebusters_benchmark/7TE8_P0T/default_s5_t200/predictions/pred.model_idx_2.cif,0.317407488822937,0.281097412109375,,4.934976524598254,1.0,23.0,2.0,1.0,True,True,posebusters_benchmark::7TE8_P0T
posebusters_benchmark,7TH4_FFO,7th4,Chai-1 full receptor s5/t200,cofolding,True,True,False,4.732546095343059,results/posebench_702_predictions/chai1_gpu/posebusters_benchmark/7TH4_FFO/default_s5_t200/predictions/pred.model_idx_3.cif,0.4935137033462524,0.4581918716430664,,1.4415737869458118,1.0,34.0,2.0,0.5324675324675324,False,False,posebusters_benchmark::7TH4_FFO
posebusters_benchmark,7THI_PGA,7thi,Chai-1 full receptor s5/t200,cofolding,True,True,True,1.6002025168182692,results/posebench_702_predictions/chai1_gpu/posebusters_benchmark/7THI_PGA/default_s5_t200/predictions/pred.model_idx_3.cif,0.8900473117828369,0.8779458999633789,,0.5982823855835038,1.0,9.0,0.0,0.4285714285714285,False,False,posebusters_benchmark::7THI_PGA
posebusters_benchmark,7TM6_GPJ,7tm6,Chai-1 full receptor s5/t200,cofolding,True,True,False,46.654215018385365,results/posebench_702_predictions/chai1_gpu/posebusters_benchmark/7TM6_GPJ/default_s5_t200/predictions/pred.model_idx_0.cif,0.5027175545692444,0.4522218108177185,,0.3358195203797208,1.0,10.0,0.0,1.0,False,True,posebusters_benchmark::7TM6_GPJ
posebusters_benchmark,7TOM_5AD,7tom,Chai-1 full receptor s5/t200,cofolding,True,True,True,0.6097866119887216,results/posebench_702_predictions/chai1_gpu/posebusters_benchmark/7TOM_5AD/default_s5_t200/predictions/pred.model_idx_2.cif,0.7022063732147217,0.6490497589111328,,1.905304646787532,1.0,18.0,4.0,1.0,True,False,posebusters_benchmark::7TOM_5AD
posebusters_benchmark,7TS6_KMI,7ts6,Chai-1 full receptor s5/t200,cofolding,True,False,False,,,,,,,0.0,17.0,0.0,1.0,True,True,posebusters_benchmark::7TS6_KMI
posebusters_benchmark,7TSF_H4B,7tsf,Chai-1 full receptor s5/t200,cofolding,True,True,False,20.99561772392004,results/posebench_702_predictions/chai1_gpu/posebusters_benchmark/7TSF_H4B/default_s5_t200/predictions/pred.model_idx_4.cif,0.1601319164037704,0.1453611850738525,,9.842875676336568,1.0,17.0,3.0,1.0,True,True,posebusters_benchmark::7TSF_H4B
posebusters_benchmark,7TUO_KL9,7tuo,Chai-1 full receptor s5/t200,cofolding,True,True,False,2.5121350054921785,results/posebench_702_predictions/chai1_gpu/posebusters_benchmark/7TUO_KL9/default_s5_t200/predictions/pred.model_idx_1.cif,0.605897068977356,0.5312182307243347,,1.4169306484553454,1.0,30.0,3.0,1.0,True,True,posebusters_benchmark::7TUO_KL9
posebusters_benchmark,7TWC_CXS,7twc,Chai-1 full receptor s5/t200,cofolding,True,True,False,9.842695536214231,results/posebench_702_predictions/chai1_gpu/posebusters_benchmark/7TWC_CXS/default_s5_t200/predictions/pred.model_idx_3.cif,0.2998469471931457,0.1423933506011963,,1.1182539906648548,1.0,14.0,0.0,0.7857142857142857,True,False,posebusters_benchmark::7TWC_CXS
posebusters_benchmark,7TXK_LW8,7txk,Chai-1 full receptor s5/t200,cofolding,True,True,False,16.633929170340775,results/posebench_702_predictions/chai1_gpu/posebusters_benchmark/7TXK_LW8/default_s5_t200/predictions/pred.model_idx_2.cif,0.5386961698532104,0.5184534788131714,,15.059254412272532,1.0,15.0,1.0,1.0,True,True,posebusters_benchmark::7TXK_LW8
posebusters_benchmark,7TXP_0FX,7txp,Chai-1 full receptor s5/t200,cofolding,True,True,False,2.887331055158726,results/posebench_702_predictions/chai1_gpu/posebusters_benchmark/7TXP_0FX/default_s5_t200/predictions/pred.model_idx_2.cif,0.5932442545890808,0.507860541343689,,0.4887562450064627,1.0,35.0,10.0,1.0,True,True,posebusters_benchmark::7TXP_0FX
posebusters_benchmark,7TYP_KUR,7typ,Chai-1 full receptor s5/t200,cofolding,True,True,False,11.409539277710294,results/posebench_702_predictions/chai1_gpu/posebusters_benchmark/7TYP_KUR/default_s5_t200/predictions/pred.model_idx_1.cif,0.1580891907215118,0.1326546669006347,,16.021744677259566,1.0,37.0,0.0,0.2365591397849462,False,False,posebusters_benchmark::7TYP_KUR
posebusters_benchmark,7U0U_FK5,7u0u,Chai-1 full receptor s5/t200,cofolding,True,True,False,5.328129186362672,results/posebench_702_predictions/chai1_gpu/posebusters_benchmark/7U0U_FK5/default_s5_t200/predictions/pred.model_idx_0.cif,0.5220986604690552,0.5048487782478333,,12.135354448820308,1.0,57.0,14.0,0.8791208791208791,True,False,posebusters_benchmark::7U0U_FK5
posebusters_benchmark,7U3J_L6U,7u3j,Chai-1 full receptor s5/t200,cofolding,True,True,False,3.51763271887458,results/posebench_702_predictions/chai1_gpu/posebusters_benchmark/7U3J_L6U/default_s5_t200/predictions/pred.model_idx_4.cif,0.7638689875602722,0.7209468483924866,,1.2267932081338766,1.0,38.0,2.0,0.3111111111111111,False,False,posebusters_benchmark::7U3J_L6U
posebusters_benchmark,7UAS_MBU,7uas,Chai-1 full receptor s5/t200,cofolding,True,True,True,0.5742375018366795,results/posebench_702_predictions/chai1_gpu/posebusters_benchmark/7UAS_MBU/default_s5_t200/predictions/pred.model_idx_2.cif,0.6022657752037048,0.5964826941490173,,0.2345205541083551,1.0,40.0,1.0,1.0,True,True,posebusters_benchmark::7UAS_MBU
posebusters_benchmark,7UAW_MF6,7uaw,Chai-1 full receptor s5/t200,cofolding,True,True,False,4.020106486337379,results/posebench_702_predictions/chai1_gpu/posebusters_benchmark/7UAW_MF6/default_s5_t200/predictions/pred.model_idx_1.cif,0.5718294978141785,0.5625479221343994,,6.443863026070969,1.0,35.0,10.0,1.0,True,True,posebusters_benchmark::7UAW_MF6
posebusters_benchmark,7UEY_N0R,7uey,Chai-1 full receptor s5/t200,cofolding,True,True,False,23.80645399464745,results/posebench_702_predictions/chai1_gpu/posebusters_benchmark/7UEY_N0R/default_s5_t200/predictions/pred.model_idx_2.cif,0.4449063837528229,0.347895860671997,,0.6737553031279033,1.0,27.0,0.0,0.6481481481481481,True,False,posebusters_benchmark::7UEY_N0R
posebusters_benchmark,7UF2_5SP,7uf2,Chai-1 full receptor s5/t200,cofolding,True,True,True,1.4068778710922991,results/posebench_702_predictions/chai1_gpu/posebusters_benchmark/7UF2_5SP/default_s5_t200/predictions/pred.model_idx_3.cif,0.5223448872566223,0.4211850166320801,,1.18482797187344,1.0,14.0,2.0,1.0,False,False,posebusters_benchmark::7UF2_5SP
posebusters_benchmark,7UJ4_OQ4,7uj4,Chai-1 full receptor s5/t200,cofolding,True,True,False,28.761803337052008,results/posebench_702_predictions/chai1_gpu/posebusters_benchmark/7UJ4_OQ4/default_s5_t200/predictions/pred.model_idx_1.cif,0.6647849082946777,0.650877058506012,,1.3414890580428476,1.0,44.0,0.0,1.0,True,True,posebusters_benchmark::7UJ4_OQ4
posebusters_benchmark,7UJ5_DGL,7uj5,Chai-1 full receptor s5/t200,cofolding,True,False,False,,,,,,,0.0,10.0,1.0,1.0,False,False,posebusters_benchmark::7UJ5_DGL
posebusters_benchmark,7UJF_R3V,7ujf,Chai-1 full receptor s5/t200,cofolding,True,True,False,24.86201298444336,results/posebench_702_predictions/chai1_gpu/posebusters_benchmark/7UJF_R3V/default_s5_t200/predictions/pred.model_idx_0.cif,0.6334007978439331,0.6137394309043884,,5.186240906490228,1.0,32.0,3.0,1.0,True,True,posebusters_benchmark::7UJF_R3V
posebusters_benchmark,7ULC_56B,7ulc,Chai-1 full receptor s5/t200,cofolding,True,True,False,47.74359196393262,results/posebench_702_predictions/chai1_gpu/posebusters_benchmark/7ULC_56B/default_s5_t200/predictions/pred.model_idx_4.cif,0.5507324934005737,0.5365551710128784,,0.9330791151328184,1.0,33.0,7.0,1.0,True,False,posebusters_benchmark::7ULC_56B
posebusters_benchmark,7UMV_NUU,7umv,Chai-1 full receptor s5/t200,cofolding,True,True,True,1.6077934415965511,results/posebench_702_predictions/chai1_gpu/posebusters_benchmark/7UMV_NUU/default_s5_t200/predictions/pred.model_idx_0.cif,0.37171670794487,0.2414719462394714,,0.7814338289838356,1.0,22.0,0.0,0.532258064516129,False,False,posebusters_benchmark::7UMV_NUU
posebusters_benchmark,7UMW_NAD,7umw,Chai-1 full receptor s5/t200,cofolding,True,True,True,0.6471306771302237,results/posebench_702_predictions/chai1_gpu/posebusters_benchmark/7UMW_NAD/default_s5_t200/predictions/pred.model_idx_1.cif,0.8607463836669922,0.8489955067634583,,0.4278628991455094,1.0,44.0,10.0,1.0,True,False,posebusters_benchmark::7UMW_NAD
posebusters_benchmark,7UP3_NZ0,7up3,Chai-1 full receptor s5/t200,cofolding,True,True,False,13.69895826181908,results/posebench_702_predictions/chai1_gpu/posebusters_benchmark/7UP3_NZ0/default_s5_t200/predictions/pred.model_idx_1.cif,0.6004825234413147,0.5767752528190613,,5.894224916095995,1.0,23.0,0.0,0.3636363636363636,False,False,posebusters_benchmark::7UP3_NZ0
posebusters_benchmark,7UQ3_O2U,7uq3,Chai-1 full receptor s5/t200,cofolding,True,True,True,0.962082810848954,results/posebench_702_predictions/chai1_gpu/posebusters_benchmark/7UQ3_O2U/default_s5_t200/predictions/pred.model_idx_1.cif,0.8245889544487,0.790973424911499,,0.2274684916751476,1.0,12.0,1.0,0.2333333333333333,False,False,posebusters_benchmark::7UQ3_O2U
posebusters_benchmark,7USH_82V,7ush,Chai-1 full receptor s5/t200,cofolding,True,True,True,0.5952739699859594,results/posebench_702_predictions/chai1_gpu/posebusters_benchmark/7USH_82V/default_s5_t200/predictions/pred.model_idx_4.cif,0.8908374309539795,0.872018039226532,,0.1843167491136674,1.0,26.0,0.0,1.0,True,True,posebusters_benchmark::7USH_82V
posebusters_benchmark,7UTW_NAI,7utw,Chai-1 full receptor s5/t200,cofolding,True,True,True,0.5948277212464551,results/posebench_702_predictions/chai1_gpu/posebusters_benchmark/7UTW_NAI/default_s5_t200/predictions/pred.model_idx_2.cif,0.903637170791626,0.89461749792099,,0.2520019942040606,1.0,44.0,10.0,1.0,True,True,posebusters_benchmark::7UTW_NAI
posebusters_benchmark,7UXS_OJC,7uxs,Chai-1 full receptor s5/t200,cofolding,True,True,False,19.51621794556544,results/posebench_702_predictions/chai1_gpu/posebusters_benchmark/7UXS_OJC/default_s5_t200/predictions/pred.model_idx_0.cif,0.7851272821426392,0.7614237666130066,,6.6197785023825455,1.0,35.0,10.0,1.0,True,True,posebusters_benchmark::7UXS_OJC
posebusters_benchmark,7UY4_SMI,7uy4,Chai-1 full receptor s5/t200,cofolding,True,True,False,18.77312628278,results/posebench_702_predictions/chai1_gpu/posebusters_benchmark/7UY4_SMI/default_s5_t200/predictions/pred.model_idx_4.cif,0.5691547393798828,0.5544530153274536,,10.24013727831118,1.0,24.0,9.0,1.0,True,True,posebusters_benchmark::7UY4_SMI
posebusters_benchmark,7UYB_OK0,7uyb,Chai-1 full receptor s5/t200,cofolding,True,True,True,1.0277116814656604,results/posebench_702_predictions/chai1_gpu/posebusters_benchmark/7UYB_OK0/default_s5_t200/predictions/pred.model_idx_2.cif,0.9039077758789062,0.887845516204834,,0.377172640720295,1.0,31.0,0.0,0.2631578947368421,False,False,posebusters_benchmark::7UYB_OK0
posebusters_benchmark,7V14_ORU,7v14,Chai-1 full receptor s5/t200,cofolding,True,True,True,0.8438211677040046,results/posebench_702_predictions/chai1_gpu/posebusters_benchmark/7V14_ORU/default_s5_t200/predictions/pred.model_idx_1.cif,0.9422870874404908,0.9355724453926086,,0.2135967581834113,1.0,35.0,1.0,0.7948717948717948,False,False,posebusters_benchmark::7V14_ORU
posebusters_benchmark,7V3N_AKG,7v3n,Chai-1 full receptor s5/t200,cofolding,True,True,True,0.644010558327902,results/posebench_702_predictions/chai1_gpu/posebusters_benchmark/7V3N_AKG/default_s5_t200/predictions/pred.model_idx_0.cif,0.6483004093170166,0.5948978066444397,,2.730311747143854,1.0,10.0,0.0,1.0,False,False,posebusters_benchmark::7V3N_AKG
posebusters_benchmark,7V3S_5I9,7v3s,Chai-1 full receptor s5/t200,cofolding,True,True,True,0.3043503083952589,results/posebench_702_predictions/chai1_gpu/posebusters_benchmark/7V3S_5I9/default_s5_t200/predictions/pred.model_idx_4.cif,0.9122995138168336,0.9035125970840454,,0.8328143464500352,1.0,38.0,0.0,1.0,True,True,posebusters_benchmark::7V3S_5I9
posebusters_benchmark,7V43_C4O,7v43,Chai-1 full receptor s5/t200,cofolding,True,True,True,1.069782528075126,results/posebench_702_predictions/chai1_gpu/posebusters_benchmark/7V43_C4O/default_s5_t200/predictions/pred.model_idx_4.cif,0.5867311954498291,0.4997034072875976,,1.2529776857070272,1.0,8.0,0.0,1.0,True,True,posebusters_benchmark::7V43_C4O
posebusters_benchmark,7V8Z_5YH,7v8z,Chai-1 full receptor s5/t200,cofolding,True,True,True,0.9331193390850462,results/posebench_702_predictions/chai1_gpu/posebusters_benchmark/7V8Z_5YH/default_s5_t200/predictions/pred.model_idx_1.cif,0.8606613278388977,0.8424787521362305,,0.4539640703101867,1.0,25.0,1.0,0.2571428571428571,False,False,posebusters_benchmark::7V8Z_5YH
posebusters_benchmark,7VB8_STL,7vb8,Chai-1 full receptor s5/t200,cofolding,True,True,False,4.586717669012833,results/posebench_702_predictions/chai1_gpu/posebusters_benchmark/7VB8_STL/default_s5_t200/predictions/pred.model_idx_4.cif,0.8950679302215576,0.8875154256820679,,0.6238341335772315,1.0,17.0,0.0,1.0,True,False,posebusters_benchmark::7VB8_STL
posebusters_benchmark,7VBU_6I4,7vbu,Chai-1 full receptor s5/t200,cofolding,True,True,True,0.3412177057967384,results/posebench_702_predictions/chai1_gpu/posebusters_benchmark/7VBU_6I4/default_s5_t200/predictions/pred.model_idx_4.cif,0.8765161633491516,0.8619965314865112,,0.3198861770750321,1.0,17.0,0.0,0.5714285714285714,True,False,posebusters_benchmark::7VBU_6I4
posebusters_benchmark,7VC5_9SF,7vc5,Chai-1 full receptor s5/t200,cofolding,True,True,False,2.021596755908961,results/posebench_702_predictions/chai1_gpu/posebusters_benchmark/7VC5_9SF/default_s5_t200/predictions/pred.model_idx_4.cif,0.6457332372665405,0.5737278461456299,,1.206305663305696,1.0,22.0,2.0,0.6721311475409836,True,False,posebusters_benchmark::7VC5_9SF
posebusters_benchmark,7VJT_7IJ,7vjt,Chai-1 full receptor s5/t200,cofolding,True,True,False,5.459131502021898,results/posebench_702_predictions/chai1_gpu/posebusters_benchmark/7VJT_7IJ/default_s5_t200/predictions/pred.model_idx_4.cif,0.4077154994010925,0.3448713719844818,,5.140426235384012,1.0,27.0,0.0,1.0,True,True,posebusters_benchmark::7VJT_7IJ
posebusters_benchmark,7VKZ_NOJ,7vkz,Chai-1 full receptor s5/t200,cofolding,True,False,False,,,,,,,0.0,11.0,4.0,0.3793103448275862,True,False,posebusters_benchmark::7VKZ_NOJ
posebusters_benchmark,7VQ9_ISY,7vq9,Chai-1 full receptor s5/t200,cofolding,True,True,False,5.782393069835661,results/posebench_702_predictions/chai1_gpu/posebusters_benchmark/7VQ9_ISY/default_s5_t200/predictions/pred.model_idx_4.cif,0.7866460680961609,0.7649076581001282,,0.6331655054580924,1.0,14.0,1.0,1.0,False,True,posebusters_benchmark::7VQ9_ISY
posebusters_benchmark,7VWF_K55,7vwf,Chai-1 full receptor s5/t200,cofolding,True,True,False,50.82933010695588,results/posebench_702_predictions/chai1_gpu/posebusters_benchmark/7VWF_K55/default_s5_t200/predictions/pred.model_idx_1.cif,0.5901179909706116,0.5785198211669922,,1.5229874176255445,1.0,33.0,1.0,0.7424242424242424,True,True,posebusters_benchmark::7VWF_K55
posebusters_benchmark,7VYJ_CA0,7vyj,Chai-1 full receptor s5/t200,cofolding,True,False,False,,,,,,,0.0,26.0,5.0,1.0,True,True,posebusters_benchmark::7VYJ_CA0
posebusters_benchmark,7W05_GMP,7w05,Chai-1 full receptor s5/t200,cofolding,True,True,True,0.3778991285754807,results/posebench_702_predictions/chai1_gpu/posebusters_benchmark/7W05_GMP/default_s5_t200/predictions/pred.model_idx_1.cif,0.8812029361724854,0.8680998086929321,,0.4705550949747159,1.0,20.0,4.0,0.7272727272727273,True,False,posebusters_benchmark::7W05_GMP
posebusters_benchmark,7W06_ITN,7w06,Chai-1 full receptor s5/t200,cofolding,True,True,True,1.4453934968890294,results/posebench_702_predictions/chai1_gpu/posebusters_benchmark/7W06_ITN/default_s5_t200/predictions/pred.model_idx_2.cif,0.5031548738479614,0.4020936787128448,,0.6899771889094334,1.0,9.0,0.0,0.3478260869565217,False,False,posebusters_benchmark::7W06_ITN
posebusters_benchmark,7W6F_8I6,7w6f,Chai-1 full receptor s5/t200,cofolding,True,True,False,26.574869533378752,results/posebench_702_predictions/chai1_gpu/posebusters_benchmark/7W6F_8I6/default_s5_t200/predictions/pred.model_idx_0.cif,0.8519197106361389,0.8373282551765442,,0.9650074717054896,1.0,20.0,0.0,1.0,True,True,posebusters_benchmark::7W6F_8I6
posebusters_benchmark,7WCF_ACP,7wcf,Chai-1 full receptor s5/t200,cofolding,True,True,True,1.760116236019832,results/posebench_702_predictions/chai1_gpu/posebusters_benchmark/7WCF_ACP/default_s5_t200/predictions/pred.model_idx_1.cif,0.8746660947799683,0.858167290687561,,3.0349882644077826,1.0,31.0,6.0,1.0,True,True,posebusters_benchmark::7WCF_ACP
posebusters_benchmark,7WDT_NGS,7wdt,Chai-1 full receptor s5/t200,cofolding,True,True,True,0.9504623956185244,results/posebench_702_predictions/chai1_gpu/posebusters_benchmark/7WDT_NGS/default_s5_t200/predictions/pred.model_idx_3.cif,0.6013549566268921,0.5438287258148193,,1.811374284215144,1.0,19.0,5.0,1.0,True,True,posebusters_benchmark::7WDT_NGS
posebusters_benchmark,7WJB_BGC,7wjb,Chai-1 full receptor s5/t200,cofolding,True,True,True,0.8254727367699151,results/posebench_702_predictions/chai1_gpu/posebusters_benchmark/7WJB_BGC/default_s5_t200/predictions/pred.model_idx_2.cif,0.6688838005065918,0.6004211902618408,,1.0728140615177504,1.0,12.0,5.0,1.0,True,False,posebusters_benchmark::7WJB_BGC
posebusters_benchmark,7WKL_CAQ,7wkl,Chai-1 full receptor s5/t200,cofolding,True,False,False,,,,,,,0.0,8.0,0.0,0.5,True,False,posebusters_benchmark::7WKL_CAQ
posebusters_benchmark,7WL4_JFU,7wl4,Chai-1 full receptor s5/t200,cofolding,True,True,False,23.24485798994767,results/posebench_702_predictions/chai1_gpu/posebusters_benchmark/7WL4_JFU/default_s5_t200/predictions/pred.model_idx_1.cif,0.3329481482505798,0.3193662762641907,,11.313181804542156,1.0,34.0,0.0,1.0,True,True,posebusters_benchmark::7WL4_JFU
posebusters_benchmark,7WN5_JGL,7wn5,Chai-1 full receptor s5/t200,cofolding,True,True,True,1.2619637085314348,results/posebench_702_predictions/chai1_gpu/posebusters_benchmark/7WN5_JGL/default_s5_t200/predictions/pred.model_idx_1.cif,0.788238525390625,0.7712059020996094,,0.1762730562143295,1.0,37.0,0.0,0.3883495145631068,False,False,posebusters_benchmark::7WN5_JGL
posebusters_benchmark,7WPW_F15,7wpw,Chai-1 full receptor s5/t200,cofolding,True,True,True,1.107485283056888,results/posebench_702_predictions/chai1_gpu/posebusters_benchmark/7WPW_F15/default_s5_t200/predictions/pred.model_idx_3.cif,0.4692189693450928,0.3493463695049286,,0.1763482808795309,1.0,17.0,0.0,1.0,False,False,posebusters_benchmark::7WPW_F15
posebusters_benchmark,7WQQ_5Z6,7wqq,Chai-1 full receptor s5/t200,cofolding,True,True,True,1.1282254209380795,results/posebench_702_predictions/chai1_gpu/posebusters_benchmark/7WQQ_5Z6/default_s5_t200/predictions/pred.model_idx_0.cif,0.8336465358734131,0.8126653432846069,,1.3610874674766211,1.0,27.0,0.0,1.0,True,True,posebusters_benchmark::7WQQ_5Z6
posebusters_benchmark,7WUX_6OI,7wux,Chai-1 full receptor s5/t200,cofolding,True,False,False,,,,,,,0.0,17.0,3.0,1.0,False,True,posebusters_benchmark::7WUX_6OI
posebusters_benchmark,7WUY_76N,7wuy,Chai-1 full receptor s5/t200,cofolding,True,True,False,33.02873479469167,results/posebench_702_predictions/chai1_gpu/posebusters_benchmark/7WUY_76N/default_s5_t200/predictions/pred.model_idx_4.cif,0.8766098022460938,0.8684492707252502,,1.8032607499856217,1.0,30.0,8.0,1.0,True,True,posebusters_benchmark::7WUY_76N
posebusters_benchmark,7WY1_D0L,7wy1,Chai-1 full receptor s5/t200,cofolding,True,True,True,0.7945135749728875,results/posebench_702_predictions/chai1_gpu/posebusters_benchmark/7WY1_D0L/default_s5_t200/predictions/pred.model_idx_2.cif,0.6777368187904358,0.640440821647644,,0.4042289965870195,1.0,26.0,2.0,0.5666666666666667,False,False,posebusters_benchmark::7WY1_D0L
posebusters_benchmark,7X5N_5M5,7x5n,Chai-1 full receptor s5/t200,cofolding,True,True,True,0.6704509452007619,results/posebench_702_predictions/chai1_gpu/posebusters_benchmark/7X5N_5M5/default_s5_t200/predictions/pred.model_idx_2.cif,0.9118608832359314,0.9036500453948976,,0.727866803560887,1.0,30.0,1.0,1.0,True,False,posebusters_benchmark::7X5N_5M5
posebusters_benchmark,7X9K_8OG,7x9k,Chai-1 full receptor s5/t200,cofolding,True,True,True,0.9775778058355254,results/posebench_702_predictions/chai1_gpu/posebusters_benchmark/7X9K_8OG/default_s5_t200/predictions/pred.model_idx_3.cif,0.939299464225769,0.936465620994568,,0.3577215807409787,1.0,24.0,3.0,1.0,True,False,posebusters_benchmark::7X9K_8OG
posebusters_benchmark,7XBV_APC,7xbv,Chai-1 full receptor s5/t200,cofolding,True,True,False,2.7367842735992745,results/posebench_702_predictions/chai1_gpu/posebusters_benchmark/7XBV_APC/default_s5_t200/predictions/pred.model_idx_0.cif,0.9112293124198914,0.9022172093391418,,0.7847810074569183,1.0,31.0,6.0,1.0,True,True,posebusters_benchmark::7XBV_APC
posebusters_benchmark,7XEK_9YX,7xek,Chai-1 full receptor s5/t200,cofolding,True,True,True,1.010662603903795,results/posebench_702_predictions/chai1_gpu/posebusters_benchmark/7XEK_9YX/default_s5_t200/predictions/pred.model_idx_3.cif,0.9295474290847778,0.9228475093841552,,0.3185921685707589,1.0,22.0,2.0,1.0,True,True,posebusters_benchmark::7XEK_9YX
posebusters_benchmark,7XFA_D9J,7xfa,Chai-1 full receptor s5/t200,cofolding,True,True,True,0.4647759748396751,results/posebench_702_predictions/chai1_gpu/posebusters_benchmark/7XFA_D9J/default_s5_t200/predictions/pred.model_idx_0.cif,0.916423797607422,0.9023911356925964,,0.1623028736469491,1.0,41.0,5.0,0.25,False,False,posebusters_benchmark::7XFA_D9J
posebusters_benchmark,7XG5_PLP,7xg5,Chai-1 full receptor s5/t200,cofolding,True,True,True,0.6865245839835629,results/posebench_702_predictions/chai1_gpu/posebusters_benchmark/7XG5_PLP/default_s5_t200/predictions/pred.model_idx_2.cif,0.8158376216888428,0.8002655506134033,,1.340611890536164,1.0,16.0,0.0,1.0,True,False,posebusters_benchmark::7XG5_PLP
posebusters_benchmark,7XI7_4RI,7xi7,Chai-1 full receptor s5/t200,cofolding,True,True,True,0.5010014826412612,results/posebench_702_predictions/chai1_gpu/posebusters_benchmark/7XI7_4RI/default_s5_t200/predictions/pred.model_idx_1.cif,0.9387659430503844,0.933659851551056,,0.3572031776674076,1.0,20.0,0.0,1.0,True,True,posebusters_benchmark::7XI7_4RI
posebusters_benchmark,7XIJ_EJ3,7xij,Chai-1 full receptor s5/t200,cofolding,True,True,False,3.784137274976178,results/posebench_702_predictions/chai1_gpu/posebusters_benchmark/7XIJ_EJ3/default_s5_t200/predictions/pred.model_idx_1.cif,0.8493167757987976,0.8353798985481262,,0.2231550495126234,1.0,33.0,0.0,0.525,False,False,posebusters_benchmark::7XIJ_EJ3
posebusters_benchmark,7XJN_NSD,7xjn,Chai-1 full receptor s5/t200,cofolding,True,False,False,,,,,,,0.0,9.0,0.0,0.8571428571428571,False,False,posebusters_benchmark::7XJN_NSD
posebusters_benchmark,7XPO_UPG,7xpo,Chai-1 full receptor s5/t200,cofolding,True,True,False,44.89717208813602,results/posebench_702_predictions/chai1_gpu/posebusters_benchmark/7XPO_UPG/default_s5_t200/predictions/pred.model_idx_2.cif,0.8992838859558105,0.888860821723938,,1.0213939959572929,1.0,36.0,11.0,1.0,True,True,posebusters_benchmark::7XPO_UPG
posebusters_benchmark,7XQZ_FPF,7xqz,Chai-1 full receptor s5/t200,cofolding,True,True,False,2.520239786296556,results/posebench_702_predictions/chai1_gpu/posebusters_benchmark/7XQZ_FPF/default_s5_t200/predictions/pred.model_idx_0.cif,0.61911541223526,0.5376782417297363,,1.829315612815543,1.0,25.0,1.0,1.0,False,True,posebusters_benchmark::7XQZ_FPF
posebusters_benchmark,7XRL_FWK,7xrl,Chai-1 full receptor s5/t200,cofolding,True,False,False,,,,,,,0.0,19.0,4.0,0.7954545454545454,True,False,posebusters_benchmark::7XRL_FWK
posebusters_benchmark,7YZU_DO7,7yzu,Chai-1 full receptor s5/t200,cofolding,True,True,True,1.1996171743398705,results/posebench_702_predictions/chai1_gpu/posebusters_benchmark/7YZU_DO7/default_s5_t200/predictions/pred.model_idx_1.cif,0.8841385245323181,0.8681380748748779,,0.7537435635973911,1.0,16.0,5.0,1.0,True,True,posebusters_benchmark::7YZU_DO7
posebusters_benchmark,7Z1Q_NIO,7z1q,Chai-1 full receptor s5/t200,cofolding,True,True,True,1.373776664354059,results/posebench_702_predictions/chai1_gpu/posebusters_benchmark/7Z1Q_NIO/default_s5_t200/predictions/pred.model_idx_3.cif,0.6169394254684448,0.535341203212738,,0.9657658228395828,1.0,9.0,0.0,1.0,True,False,posebusters_benchmark::7Z1Q_NIO
posebusters_benchmark,7Z2O_IAJ,7z2o,Chai-1 full receptor s5/t200,cofolding,True,True,False,32.143191812141666,results/posebench_702_predictions/chai1_gpu/posebusters_benchmark/7Z2O_IAJ/default_s5_t200/predictions/pred.model_idx_3.cif,0.8732483983039856,0.8596659898757935,,1.2528158094153072,1.0,14.0,0.0,0.6410256410256411,True,False,posebusters_benchmark::7Z2O_IAJ
posebusters_benchmark,7Z7F_IF3,7z7f,Chai-1 full receptor s5/t200,cofolding,True,True,False,24.56888997191053,results/posebench_702_predictions/chai1_gpu/posebusters_benchmark/7Z7F_IF3/default_s5_t200/predictions/pred.model_idx_0.cif,0.4523590803146362,0.4148481786251068,,9.666177000244147,1.0,14.0,0.0,0.375,True,False,posebusters_benchmark::7Z7F_IF3
posebusters_benchmark,7ZCC_OGA,7zcc,Chai-1 full receptor s5/t200,cofolding,True,False,False,,,,,,,0.0,10.0,0.0,1.0,False,False,posebusters_benchmark::7ZCC_OGA
posebusters_benchmark,7ZDY_6MJ,7zdy,Chai-1 full receptor s5/t200,cofolding,True,False,False,,,,,,,0.0,11.0,4.0,0.3333333333333333,True,False,posebusters_benchmark::7ZDY_6MJ
posebusters_benchmark,7ZF0_DHR,7zf0,Chai-1 full receptor s5/t200,cofolding,True,True,True,1.2409140587578689,results/posebench_702_predictions/chai1_gpu/posebusters_benchmark/7ZF0_DHR/default_s5_t200/predictions/pred.model_idx_0.cif,0.6533679366111755,0.5815483331680298,,0.4432941233273993,1.0,11.0,1.0,1.0,True,True,posebusters_benchmark::7ZF0_DHR
posebusters_benchmark,7ZHP_IQY,7zhp,Chai-1 full receptor s5/t200,cofolding,True,True,False,8.07550206694918,results/posebench_702_predictions/chai1_gpu/posebusters_benchmark/7ZHP_IQY/default_s5_t200/predictions/pred.model_idx_1.cif,0.7888736724853516,0.7493355870246887,,0.7357474080171046,1.0,27.0,0.0,0.2777777777777778,False,False,posebusters_benchmark::7ZHP_IQY
posebusters_benchmark,7ZL5_IWE,7zl5,Chai-1 full receptor s5/t200,cofolding,True,True,True,1.4811624072236074,results/posebench_702_predictions/chai1_gpu/posebusters_benchmark/7ZL5_IWE/default_s5_t200/predictions/pred.model_idx_0.cif,0.4492248892784118,0.4025166034698486,,0.4575462647302212,1.0,23.0,0.0,1.0,True,True,posebusters_benchmark::7ZL5_IWE
posebusters_benchmark,7ZOC_T8E,7zoc,Chai-1 full receptor s5/t200,cofolding,True,True,False,2.651886415649481,results/posebench_702_predictions/chai1_gpu/posebusters_benchmark/7ZOC_T8E/default_s5_t200/predictions/pred.model_idx_3.cif,0.3676648139953613,0.2463379949331283,,1.6796455665891852,1.0,15.0,1.0,0.4615384615384615,True,False,posebusters_benchmark::7ZOC_T8E
posebusters_benchmark,7ZTL_BCN,7ztl,Chai-1 full receptor s5/t200,cofolding,True,True,False,26.21548433678468,results/posebench_702_predictions/chai1_gpu/posebusters_benchmark/7ZTL_BCN/default_s5_t200/predictions/pred.model_idx_0.cif,0.5553639531135559,0.4651879966259002,,4.963996342828138,1.0,11.0,0.0,1.0,False,False,posebusters_benchmark::7ZTL_BCN
posebusters_benchmark,7ZU2_DHT,7zu2,Chai-1 full receptor s5/t200,cofolding,True,True,True,0.3573512838815923,results/posebench_702_predictions/chai1_gpu/posebusters_benchmark/7ZU2_DHT/default_s5_t200/predictions/pred.model_idx_4.cif,0.9027849435806274,0.8932957649230957,,0.2485832341507231,1.0,21.0,7.0,1.0,True,False,posebusters_benchmark::7ZU2_DHT
posebusters_benchmark,7ZXV_45D,7zxv,Chai-1 full receptor s5/t200,cofolding,True,True,False,2.415909775906418,results/posebench_702_predictions/chai1_gpu/posebusters_benchmark/7ZXV_45D/default_s5_t200/predictions/pred.model_idx_3.cif,0.4202153384685516,0.3517355620861053,,0.9598740148650736,1.0,42.0,0.0,1.0,True,False,posebusters_benchmark::7ZXV_45D
posebusters_benchmark,7ZXZ_K9R,7zxz,Chai-1 full receptor s5/t200,cofolding,True,True,False,5.854150007170697,results/posebench_702_predictions/chai1_gpu/posebusters_benchmark/7ZXZ_K9R/default_s5_t200/predictions/pred.model_idx_0.cif,0.7857280969619751,0.7676782011985779,,7.481859423738397,1.0,33.0,5.0,1.0,True,True,posebusters_benchmark::7ZXZ_K9R
posebusters_benchmark,7ZYS_KNR,7zys,Chai-1 full receptor s5/t200,cofolding,True,True,False,2.768896666899757,results/posebench_702_predictions/chai1_gpu/posebusters_benchmark/7ZYS_KNR/default_s5_t200/predictions/pred.model_idx_0.cif,0.7746317982673645,0.7628415822982788,,1.7840936767006057,1.0,44.0,3.0,0.2792792792792792,False,False,posebusters_benchmark::7ZYS_KNR
posebusters_benchmark,7ZZB_KGX,7zzb,Chai-1 full receptor s5/t200,cofolding,True,True,False,7.416080517146889,results/posebench_702_predictions/chai1_gpu/posebusters_benchmark/7ZZB_KGX/default_s5_t200/predictions/pred.model_idx_2.cif,0.6388652920722961,0.5757537484169006,,0.5875162712769296,1.0,51.0,8.0,0.8641975308641975,True,False,posebusters_benchmark::7ZZB_KGX
posebusters_benchmark,7ZZW_KKW,7zzw,Chai-1 full receptor s5/t200,cofolding,True,False,False,,,,,,,0.0,29.0,2.0,1.0,True,True,posebusters_benchmark::7ZZW_KKW
posebusters_benchmark,8A1H_DLZ,8a1h,Chai-1 full receptor s5/t200,cofolding,True,True,True,1.178127403009908,results/posebench_702_predictions/chai1_gpu/posebusters_benchmark/8A1H_DLZ/default_s5_t200/predictions/pred.model_idx_3.cif,0.900667667388916,0.890384316444397,,0.3637502922967935,1.0,23.0,3.0,0.4761904761904761,False,False,posebusters_benchmark::8A1H_DLZ
posebusters_benchmark,8A2D_KXY,8a2d,Chai-1 full receptor s5/t200,cofolding,True,True,False,3.837922308997413,results/posebench_702_predictions/chai1_gpu/posebusters_benchmark/8A2D_KXY/default_s5_t200/predictions/pred.model_idx_2.cif,0.6494332551956177,0.5863202214241028,,2.2928118587551025,1.0,49.0,1.0,0.2635658914728682,False,False,posebusters_benchmark::8A2D_KXY
posebusters_benchmark,8AAU_LH0,8aau,Chai-1 full receptor s5/t200,cofolding,True,True,True,0.9043627797453524,results/posebench_702_predictions/chai1_gpu/posebusters_benchmark/8AAU_LH0/default_s5_t200/predictions/pred.model_idx_0.cif,0.8463646173477173,0.8240646123886108,,0.7567832768117079,1.0,27.0,0.0,1.0,True,False,posebusters_benchmark::8AAU_LH0
posebusters_benchmark,8ACL_LQL,8acl,Chai-1 full receptor s5/t200,cofolding,True,True,True,1.827310337532053,results/posebench_702_predictions/chai1_gpu/posebusters_benchmark/8ACL_LQL/default_s5_t200/predictions/pred.model_idx_1.cif,0.5833865404129028,0.5593392252922058,,0.8818726078579068,1.0,31.0,1.0,0.4,False,False,posebusters_benchmark::8ACL_LQL
posebusters_benchmark,8AEM_LVF,8aem,Chai-1 full receptor s5/t200,cofolding,True,True,False,14.82798695497633,results/posebench_702_predictions/chai1_gpu/posebusters_benchmark/8AEM_LVF/default_s5_t200/predictions/pred.model_idx_4.cif,0.5355035662651062,0.4310973882675171,,1.4774770769199472,1.0,13.0,0.0,0.325,True,False,posebusters_benchmark::8AEM_LVF
posebusters_benchmark,8AEU_M0L,8aeu,Chai-1 full receptor s5/t200,cofolding,True,True,True,1.376413258713836,results/posebench_702_predictions/chai1_gpu/posebusters_benchmark/8AEU_M0L/default_s5_t200/predictions/pred.model_idx_3.cif,0.8825134634971619,0.8665070533752441,,0.4979265642364694,1.0,41.0,2.0,0.2584269662921348,False,False,posebusters_benchmark::8AEU_M0L
posebusters_benchmark,8AIE_M7L,8aie,Chai-1 full receptor s5/t200,cofolding,True,True,False,2.29913337403069,results/posebench_702_predictions/chai1_gpu/posebusters_benchmark/8AIE_M7L/default_s5_t200/predictions/pred.model_idx_3.cif,0.8072404861450195,0.7945005893707275,,1.0839912734958352,1.0,23.0,0.0,0.7321428571428571,True,False,posebusters_benchmark::8AIE_M7L
posebusters_benchmark,8AIJ_M9I,8aij,Chai-1 full receptor s5/t200,cofolding,True,True,False,39.67879977992008,results/posebench_702_predictions/chai1_gpu/posebusters_benchmark/8AIJ_M9I/default_s5_t200/predictions/pred.model_idx_1.cif,0.8042120337486267,0.793363630771637,,2.5681929405825685,1.0,19.0,5.0,1.0,True,True,posebusters_benchmark::8AIJ_M9I
posebusters_benchmark,8AJX_FUM,8ajx,Chai-1 full receptor s5/t200,cofolding,True,True,False,8.284761097673544,results/posebench_702_predictions/chai1_gpu/posebusters_benchmark/8AJX_FUM/default_s5_t200/predictions/pred.model_idx_2.cif,0.3152919411659241,0.1629061251878738,,0.5077208594168139,1.0,8.0,0.0,0.375,False,False,posebusters_benchmark::8AJX_FUM
posebusters_benchmark,8AP0_PRP,8ap0,Chai-1 full receptor s5/t200,cofolding,True,True,False,2.6593244470913784,results/posebench_702_predictions/chai1_gpu/posebusters_benchmark/8AP0_PRP/default_s5_t200/predictions/pred.model_idx_4.cif,0.5800087451934814,0.4959928095340729,,2.1908646631687776,1.0,22.0,5.0,1.0,True,False,posebusters_benchmark::8AP0_PRP
posebusters_benchmark,8AQL_PLG,8aql,Chai-1 full receptor s5/t200,cofolding,True,False,False,,,,,,,0.0,20.0,0.0,1.0,True,False,posebusters_benchmark::8AQL_PLG
posebusters_benchmark,8AUH_L9I,8auh,Chai-1 full receptor s5/t200,cofolding,True,True,False,4.842985358400626,results/posebench_702_predictions/chai1_gpu/posebusters_benchmark/8AUH_L9I/default_s5_t200/predictions/pred.model_idx_0.cif,0.8651187419891357,0.8500046730041504,,0.7656196491646647,1.0,11.0,0.0,1.0,False,False,posebusters_benchmark::8AUH_L9I
posebusters_benchmark,8AY3_OE3,8ay3,Chai-1 full receptor s5/t200,cofolding,True,True,True,0.7683256071496571,results/posebench_702_predictions/chai1_gpu/posebusters_benchmark/8AY3_OE3/default_s5_t200/predictions/pred.model_idx_3.cif,0.8726735711097717,0.862471342086792,,0.3802494611747036,1.0,25.0,0.0,1.0,True,False,posebusters_benchmark::8AY3_OE3
posebusters_benchmark,8B8H_OJQ,8b8h,Chai-1 full receptor s5/t200,cofolding,True,True,False,37.45009396135936,results/posebench_702_predictions/chai1_gpu/posebusters_benchmark/8B8H_OJQ/default_s5_t200/predictions/pred.model_idx_1.cif,0.9083417654037476,0.9011590480804444,,0.5101184763704235,1.0,22.0,0.0,0.5172413793103449,False,True,posebusters_benchmark::8B8H_OJQ
posebusters_benchmark,8BN6_R53,8bn6,Chai-1 full receptor s5/t200,cofolding,True,True,True,0.7291366634101613,results/posebench_702_predictions/chai1_gpu/posebusters_benchmark/8BN6_R53/default_s5_t200/predictions/pred.model_idx_4.cif,0.8969627022743225,0.8892332315444946,,0.3758908330906125,1.0,29.0,0.0,0.2873563218390804,False,False,posebusters_benchmark::8BN6_R53
posebusters_benchmark,8BOM_QU6,8bom,Chai-1 full receptor s5/t200,cofolding,True,True,True,0.4257581280817862,results/posebench_702_predictions/chai1_gpu/posebusters_benchmark/8BOM_QU6/default_s5_t200/predictions/pred.model_idx_3.cif,0.8864328861236572,0.8754591941833496,,1.0345896094647389,1.0,35.0,0.0,0.8840579710144928,True,False,posebusters_benchmark::8BOM_QU6
posebusters_benchmark,8BPL_CP,8bpl,Chai-1 full receptor s5/t200,cofolding,True,True,True,1.2864362449077245,results/posebench_702_predictions/chai1_gpu/posebusters_benchmark/8BPL_CP/default_s5_t200/predictions/pred.model_idx_3.cif,0.6888522505760193,0.6241697072982788,,0.8432209728330468,1.0,8.0,0.0,0.4347826086956521,False,False,posebusters_benchmark::8BPL_CP
posebusters_benchmark,8BRO_R7E,8bro,Chai-1 full receptor s5/t200,cofolding,True,True,False,8.000575702686149,results/posebench_702_predictions/chai1_gpu/posebusters_benchmark/8BRO_R7E/default_s5_t200/predictions/pred.model_idx_4.cif,0.1719321757555008,0.1100442707538604,,6.521176430496773,1.0,26.0,5.0,0.4814814814814814,False,False,posebusters_benchmark::8BRO_R7E
posebusters_benchmark,8BTI_RFO,8bti,Chai-1 full receptor s5/t200,cofolding,True,True,True,1.3060826937151118,results/posebench_702_predictions/chai1_gpu/posebusters_benchmark/8BTI_RFO/default_s5_t200/predictions/pred.model_idx_4.cif,0.6533984541893005,0.577164351940155,,0.8506109633859072,1.0,15.0,0.0,0.3137254901960784,True,False,posebusters_benchmark::8BTI_RFO
posebusters_benchmark,8C3N_ADP,8c3n,Chai-1 full receptor s5/t200,cofolding,True,True,True,0.9995441762488834,results/posebench_702_predictions/chai1_gpu/posebusters_benchmark/8C3N_ADP/default_s5_t200/predictions/pred.model_idx_2.cif,0.8362588286399841,0.8159933090209961,,0.7058687329029888,1.0,27.0,5.0,1.0,True,True,posebusters_benchmark::8C3N_ADP
posebusters_benchmark,8C5D_GTB,8c5d,Chai-1 full receptor s5/t200,cofolding,True,True,True,1.0707505216280455,results/posebench_702_predictions/chai1_gpu/posebusters_benchmark/8C5D_GTB/default_s5_t200/predictions/pred.model_idx_0.cif,0.9333149194717408,0.9263796210289,,0.4849739027934657,1.0,30.0,2.0,0.5789473684210527,True,False,posebusters_benchmark::8C5D_GTB
posebusters_benchmark,8C5M_MTA,8c5m,Chai-1 full receptor s5/t200,cofolding,True,True,True,1.4310471250854992,results/posebench_702_predictions/chai1_gpu/posebusters_benchmark/8C5M_MTA/default_s5_t200/predictions/pred.model_idx_3.cif,0.5215756893157959,0.5102553367614746,,5.727562565251899,1.0,20.0,4.0,1.0,True,False,posebusters_benchmark::8C5M_MTA
posebusters_benchmark,8C7Y_TXV,8c7y,Chai-1 full receptor s5/t200,cofolding,True,True,True,1.2390913750355887,results/posebench_702_predictions/chai1_gpu/posebusters_benchmark/8C7Y_TXV/default_s5_t200/predictions/pred.model_idx_3.cif,0.8266589641571045,0.8120161294937134,,1.8835402310465157,1.0,34.0,0.0,0.2758620689655172,False,False,posebusters_benchmark::8C7Y_TXV
posebusters_benchmark,8CGC_LMR,8cgc,Chai-1 full receptor s5/t200,cofolding,True,True,False,16.624536820409404,results/posebench_702_predictions/chai1_gpu/posebusters_benchmark/8CGC_LMR/default_s5_t200/predictions/pred.model_idx_4.cif,0.2888246476650238,0.1303811222314834,,0.531143670916199,1.0,9.0,1.0,0.5,False,False,posebusters_benchmark::8CGC_LMR
posebusters_benchmark,8CI0_8EL,8ci0,Chai-1 full receptor s5/t200,cofolding,True,False,False,,,,,,,0.0,26.0,1.0,0.6417910447761194,False,True,posebusters_benchmark::8CI0_8EL
posebusters_benchmark,8CNH_V6U,8cnh,Chai-1 full receptor s5/t200,cofolding,True,True,False,7.580325166588855,results/posebench_702_predictions/chai1_gpu/posebusters_benchmark/8CNH_V6U/default_s5_t200/predictions/pred.model_idx_0.cif,0.544428288936615,0.4523488879203796,,0.6987435234076019,1.0,25.0,0.0,1.0,True,True,posebusters_benchmark::8CNH_V6U
posebusters_benchmark,8CSD_C5P,8csd,Chai-1 full receptor s5/t200,cofolding,True,True,True,0.9285553601454476,results/posebench_702_predictions/chai1_gpu/posebusters_benchmark/8CSD_C5P/default_s5_t200/predictions/pred.model_idx_0.cif,0.8446691632270813,0.8320872187614441,,0.7161832543832337,1.0,21.0,4.0,0.84,True,False,posebusters_benchmark::8CSD_C5P
posebusters_benchmark,8D19_GSH,8d19,Chai-1 full receptor s5/t200,cofolding,True,True,False,55.16727149444433,results/posebench_702_predictions/chai1_gpu/posebusters_benchmark/8D19_GSH/default_s5_t200/predictions/pred.model_idx_0.cif,0.2967099845409393,0.2187081128358841,,14.718025429515285,1.0,20.0,2.0,1.0,False,True,posebusters_benchmark::8D19_GSH
posebusters_benchmark,8D39_QDB,8d39,Chai-1 full receptor s5/t200,cofolding,True,True,True,1.008038470798389,results/posebench_702_predictions/chai1_gpu/posebusters_benchmark/8D39_QDB/default_s5_t200/predictions/pred.model_idx_1.cif,0.6315661072731018,0.5527920126914978,,0.3105552190273606,1.0,17.0,0.0,1.0,True,True,posebusters_benchmark::8D39_QDB
posebusters_benchmark,8D5D_5DK,8d5d,Chai-1 full receptor s5/t200,cofolding,True,True,True,1.250314622731894,results/posebench_702_predictions/chai1_gpu/posebusters_benchmark/8D5D_5DK/default_s5_t200/predictions/pred.model_idx_1.cif,0.8782200217247009,0.8655661940574646,,1.3950702348935122,1.0,27.0,1.0,0.8870967741935484,True,False,posebusters_benchmark::8D5D_5DK
posebusters_benchmark,8DHG_T78,8dhg,Chai-1 full receptor s5/t200,cofolding,True,True,True,1.2358360386705194,results/posebench_702_predictions/chai1_gpu/posebusters_benchmark/8DHG_T78/default_s5_t200/predictions/pred.model_idx_3.cif,0.8598334193229675,0.8328737616539001,,0.4067398788756265,1.0,35.0,1.0,0.2417582417582417,False,False,posebusters_benchmark::8DHG_T78
posebusters_benchmark,8DKO_TFB,8dko,Chai-1 full receptor s5/t200,cofolding,True,True,False,27.80405927969566,results/posebench_702_predictions/chai1_gpu/posebusters_benchmark/8DKO_TFB/default_s5_t200/predictions/pred.model_idx_4.cif,0.7414342164993286,0.7346169948577881,,0.9476621557934016,1.0,8.0,1.0,1.0,True,False,posebusters_benchmark::8DKO_TFB
posebusters_benchmark,8DP2_UMA,8dp2,Chai-1 full receptor s5/t200,cofolding,True,True,False,3.362769430993683,results/posebench_702_predictions/chai1_gpu/posebusters_benchmark/8DP2_UMA/default_s5_t200/predictions/pred.model_idx_0.cif,0.7684603333473206,0.7341070175170898,,0.8257964766572512,1.0,49.0,13.0,0.7590361445783133,True,False,posebusters_benchmark::8DP2_UMA
posebusters_benchmark,8DSC_NCA,8dsc,Chai-1 full receptor s5/t200,cofolding,True,True,False,40.55605892167315,results/posebench_702_predictions/chai1_gpu/posebusters_benchmark/8DSC_NCA/default_s5_t200/predictions/pred.model_idx_0.cif,0.912704586982727,0.9028183817863464,,0.2900795207567747,1.0,9.0,0.0,1.0,True,True,posebusters_benchmark::8DSC_NCA
posebusters_benchmark,8DW5_FQ7,8dw5,Chai-1 full receptor s5/t200,cofolding,True,True,False,5.367081071780484,results/posebench_702_predictions/chai1_gpu/posebusters_benchmark/8DW5_FQ7/default_s5_t200/predictions/pred.model_idx_0.cif,0.2994182109832763,0.1592833995819091,,0.3021140808231883,1.0,18.0,0.0,0.5,True,False,posebusters_benchmark::8DW5_FQ7
posebusters_benchmark,8DZT_G4P,8dzt,Chai-1 full receptor s5/t200,cofolding,True,True,False,13.257585297678984,results/posebench_702_predictions/chai1_gpu/posebusters_benchmark/8DZT_G4P/default_s5_t200/predictions/pred.model_idx_3.cif,0.5393677949905396,0.5248225331306458,,7.605323081890797,1.0,36.0,6.0,1.0,True,False,posebusters_benchmark::8DZT_G4P
posebusters_benchmark,8E77_ULP,8e77,Chai-1 full receptor s5/t200,cofolding,True,True,True,1.6524057399715602,results/posebench_702_predictions/chai1_gpu/posebusters_benchmark/8E77_ULP/default_s5_t200/predictions/pred.model_idx_4.cif,0.930246651172638,0.9223141670227052,,0.5656098889704834,1.0,55.0,11.0,0.6736842105263158,False,False,posebusters_benchmark::8E77_ULP
posebusters_benchmark,8EAB_VN2,8eab,Chai-1 full receptor s5/t200,cofolding,True,True,False,8.08448391633836,results/posebench_702_predictions/chai1_gpu/posebusters_benchmark/8EAB_VN2/default_s5_t200/predictions/pred.model_idx_3.cif,0.5567789077758789,0.5181843638420105,,1.1096293365396543,1.0,49.0,1.0,0.5454545454545454,False,False,posebusters_benchmark::8EAB_VN2
posebusters_benchmark,8EAD_UY0,8ead,Chai-1 full receptor s5/t200,cofolding,True,True,True,0.57214613960445,results/posebench_702_predictions/chai1_gpu/posebusters_benchmark/8EAD_UY0/default_s5_t200/predictions/pred.model_idx_0.cif,0.9159895777702332,0.9040968418121338,,0.1383725165894775,1.0,38.0,0.0,0.3258426966292135,False,False,posebusters_benchmark::8EAD_UY0
posebusters_benchmark,8ERS_WQO,8ers,Chai-1 full receptor s5/t200,cofolding,True,True,False,16.808255272376986,results/posebench_702_predictions/chai1_gpu/posebusters_benchmark/8ERS_WQO/default_s5_t200/predictions/pred.model_idx_4.cif,0.4819173216819763,0.4544869363307953,,0.3950241211772958,1.0,23.0,2.0,0.2564102564102564,False,False,posebusters_benchmark::8ERS_WQO
posebusters_benchmark,8EX2_Q2Q,8ex2,Chai-1 full receptor s5/t200,cofolding,True,True,True,0.4019951229900048,results/posebench_702_predictions/chai1_gpu/posebusters_benchmark/8EX2_Q2Q/default_s5_t200/predictions/pred.model_idx_2.cif,0.8763501644134521,0.860580325126648,,0.4248963759902226,1.0,26.0,0.0,1.0,True,True,posebusters_benchmark::8EX2_Q2Q
posebusters_benchmark,8EXL_799,8exl,Chai-1 full receptor s5/t200,cofolding,True,True,True,1.1092283137371002,results/posebench_702_predictions/chai1_gpu/posebusters_benchmark/8EXL_799/default_s5_t200/predictions/pred.model_idx_1.cif,0.8463292717933655,0.8310762643814087,,0.3719363119362843,1.0,34.0,0.0,1.0,True,True,posebusters_benchmark::8EXL_799
posebusters_benchmark,8EYE_X4I,8eye,Chai-1 full receptor s5/t200,cofolding,True,True,False,2.562788873637797,results/posebench_702_predictions/chai1_gpu/posebusters_benchmark/8EYE_X4I/default_s5_t200/predictions/pred.model_idx_3.cif,0.8668231964111328,0.8419918417930603,,0.2780682715946551,1.0,33.0,1.0,0.8,True,False,posebusters_benchmark::8EYE_X4I
posebusters_benchmark,8F4J_PHO,8f4j,Chai-1 full receptor s5/t200,cofolding,True,False,False,,,,,,,0.0,64.0,5.0,0.2385321100917431,False,False,posebusters_benchmark::8F4J_PHO
posebusters_benchmark,8F8E_XJI,8f8e,Chai-1 full receptor s5/t200,cofolding,True,True,False,23.62329483296809,results/posebench_702_predictions/chai1_gpu/posebusters_benchmark/8F8E_XJI/default_s5_t200/predictions/pred.model_idx_0.cif,0.3920304775238037,0.3406020998954773,,2.821049427437382,1.0,29.0,1.0,1.0,True,True,posebusters_benchmark::8F8E_XJI
posebusters_benchmark,8FAV_4Y5,8fav,Chai-1 full receptor s5/t200,cofolding,True,True,False,12.542622377136611,results/posebench_702_predictions/chai1_gpu/posebusters_benchmark/8FAV_4Y5/default_s5_t200/predictions/pred.model_idx_0.cif,0.385692298412323,0.3392924666404724,,3.2498364231209456,1.0,33.0,0.0,1.0,True,False,posebusters_benchmark::8FAV_4Y5
posebusters_benchmark,8FLN_Y7W,8fln,Chai-1 full receptor s5/t200,cofolding,True,True,True,0.3091144578266678,results/posebench_702_predictions/chai1_gpu/posebusters_benchmark/8FLN_Y7W/default_s5_t200/predictions/pred.model_idx_0.cif,0.8726226091384888,0.8570798635482788,,0.7235172046148779,1.0,34.0,1.0,0.3,False,False,posebusters_benchmark::8FLN_Y7W
posebusters_benchmark,8FLV_ZB9,8flv,Chai-1 full receptor s5/t200,cofolding,True,True,True,1.1504768666724106,results/posebench_702_predictions/chai1_gpu/posebusters_benchmark/8FLV_ZB9/default_s5_t200/predictions/pred.model_idx_2.cif,0.861954391002655,0.8445557355880737,,0.7482382247381736,1.0,29.0,1.0,0.2666666666666666,False,False,posebusters_benchmark::8FLV_ZB9
posebusters_benchmark,8FO5_Y4U,8fo5,Chai-1 full receptor s5/t200,cofolding,True,True,False,23.567686390784317,results/posebench_702_predictions/chai1_gpu/posebusters_benchmark/8FO5_Y4U/default_s5_t200/predictions/pred.model_idx_2.cif,0.3728528916835785,0.3479679226875305,,1.370447327082518,1.0,17.0,0.0,1.0,True,True,posebusters_benchmark::8FO5_Y4U
posebusters_benchmark,8FV9_80J,8fv9,Chai-1 full receptor s5/t200,cofolding,True,False,False,,,,,,,0.0,29.0,6.0,0.8392857142857143,True,False,posebusters_benchmark::8FV9_80J
posebusters_benchmark,8G0V_YHT,8g0v,Chai-1 full receptor s5/t200,cofolding,True,False,False,,,,,,,0.0,26.0,5.0,1.0,True,False,posebusters_benchmark::8G0V_YHT
posebusters_benchmark,8G43_ZU6,8g43,Chai-1 full receptor s5/t200,cofolding,True,True,True,0.4175870033363459,results/posebench_702_predictions/chai1_gpu/posebusters_benchmark/8G43_ZU6/default_s5_t200/predictions/pred.model_idx_1.cif,0.9015121459960938,0.8881223797798157,,0.2198872727141319,1.0,21.0,0.0,0.3384615384615385,True,False,posebusters_benchmark::8G43_ZU6
posebusters_benchmark,8G6P_API,8g6p,Chai-1 full receptor s5/t200,cofolding,True,True,False,12.651050837290212,results/posebench_702_predictions/chai1_gpu/posebusters_benchmark/8G6P_API/default_s5_t200/predictions/pred.model_idx_2.cif,0.366620272397995,0.2333199381828308,,1.953275595175301,1.0,13.0,2.0,0.6818181818181818,False,False,posebusters_benchmark::8G6P_API
posebusters_benchmark,8GFD_ZHR,8gfd,Chai-1 full receptor s5/t200,cofolding,True,True,False,14.51654017674898,results/posebench_702_predictions/chai1_gpu/posebusters_benchmark/8GFD_ZHR/default_s5_t200/predictions/pred.model_idx_3.cif,0.6612248420715332,0.5961483716964722,,0.4069455973760864,1.0,26.0,5.0,1.0,True,True,posebusters_benchmark::8GFD_ZHR
posebusters_benchmark,8H0M_2EH,8h0m,Chai-1 full receptor s5/t200,cofolding,True,True,True,1.0675626152378035,results/posebench_702_predictions/chai1_gpu/posebusters_benchmark/8H0M_2EH/default_s5_t200/predictions/pred.model_idx_2.cif,0.384362131357193,0.2488013654947281,,0.8442924203713125,1.0,9.0,1.0,0.3703703703703703,False,False,posebusters_benchmark::8H0M_2EH
posebusters_benchmark,8HFN_XGC,8hfn,Chai-1 full receptor s5/t200,cofolding,True,True,True,1.1703676021004648,results/posebench_702_predictions/chai1_gpu/posebusters_benchmark/8HFN_XGC/default_s5_t200/predictions/pred.model_idx_3.cif,0.8251343369483948,0.7921136617660522,,1.8714764651103524,1.0,24.0,1.0,1.0,True,True,posebusters_benchmark::8HFN_XGC
posebusters_benchmark,8HO0_3ZI,8ho0,Chai-1 full receptor s5/t200,cofolding,True,True,False,3.1736284970605397,results/posebench_702_predictions/chai1_gpu/posebusters_benchmark/8HO0_3ZI/default_s5_t200/predictions/pred.model_idx_0.cif,0.4538766741752624,0.3351659178733825,,0.8875110162869216,1.0,22.0,2.0,1.0,True,True,posebusters_benchmark::8HO0_3ZI
posebusters_benchmark,8SLG_G5A,8slg,Chai-1 full receptor s5/t200,cofolding,True,True,True,0.4069286477707332,results/posebench_702_predictions/chai1_gpu/posebusters_benchmark/8SLG_G5A/default_s5_t200/predictions/pred.model_idx_0.cif,0.8937601447105408,0.8857592344284058,,1.3017422744534748,1.0,27.0,4.0,1.0,True,True,posebusters_benchmark::8SLG_G5A
dockgen,3gvl_1_SLB_2,3gvl,Chai-1 full receptor s5/t200,cofolding,True,True,False,52.36098643265658,results/posebench_702_predictions/chai1_gpu/dockgen/3gvl_1_SLB_2/default_s5_t200/predictions/pred.model_idx_1.cif,0.4310755133628845,0.363606333732605,,6.496702407721911,1.0,21.0,7.0,0.490566037735849,True,False,dockgen::3gvl_1_SLB_2
dockgen,3inr_1_GDU_0,3inr,Chai-1 full receptor s5/t200,cofolding,True,True,False,21.380553249523462,results/posebench_702_predictions/chai1_gpu/dockgen/3inr_1_GDU_0/default_s5_t200/predictions/pred.model_idx_2.cif,0.8232253193855286,0.7977126240730286,,1.079289661625977,1.0,36.0,11.0,0.3050847457627119,False,False,dockgen::3inr_1_GDU_0
dockgen,3jqm_1_GTP_5,3jqm,Chai-1 full receptor s5/t200,cofolding,True,True,False,9.475212935987644,results/posebench_702_predictions/chai1_gpu/dockgen/3jqm_1_GTP_5/default_s5_t200/predictions/pred.model_idx_1.cif,0.8989547491073608,0.8896806240081787,,8.914192743594418,1.0,32.0,8.0,0.2368421052631578,False,False,dockgen::3jqm_1_GTP_5
dockgen,3ju4_1_SLB_2,3ju4,Chai-1 full receptor s5/t200,cofolding,True,True,False,51.28677120702908,results/posebench_702_predictions/chai1_gpu/dockgen/3ju4_1_SLB_2/default_s5_t200/predictions/pred.model_idx_1.cif,0.4332780838012695,0.3666829466819763,,6.402930374263258,1.0,21.0,7.0,0.490566037735849,True,False,dockgen::3ju4_1_SLB_2
dockgen,4cnl_1_CHT_1,4cnl,Chai-1 full receptor s5/t200,cofolding,True,True,False,17.88735233140205,results/posebench_702_predictions/chai1_gpu/dockgen/4cnl_1_CHT_1/default_s5_t200/predictions/pred.model_idx_0.cif,0.285624086856842,0.141826719045639,,0.4463971700261377,1.0,7.0,0.0,0.3076923076923077,False,False,dockgen::4cnl_1_CHT_1
dockgen,1hg0_1_SIN_1,1hg0,Chai-1 full receptor s5/t200,cofolding,True,True,False,3.55269020203072,results/posebench_702_predictions/chai1_gpu/dockgen/1hg0_1_SIN_1/default_s5_t200/predictions/pred.model_idx_4.cif,0.8584991097450256,0.842885434627533,,8.425495400087712,1.0,8.0,0.0,0.3076923076923077,False,False,dockgen::1hg0_1_SIN_1
dockgen,1i8t_1_FAD_1,1i8t,Chai-1 full receptor s5/t200,cofolding,True,True,True,0.5520935165458467,results/posebench_702_predictions/chai1_gpu/dockgen/1i8t_1_FAD_1/default_s5_t200/predictions/pred.model_idx_1.cif,0.901075541973114,0.8956237435340881,,0.5300800815319404,1.0,53.0,18.0,0.2071428571428571,False,False,dockgen::1i8t_1_FAD_1
dockgen,1o28_1_UFP_2,1o28,Chai-1 full receptor s5/t200,cofolding,True,True,False,16.745335399767033,results/posebench_702_predictions/chai1_gpu/dockgen/1o28_1_UFP_2/default_s5_t200/predictions/pred.model_idx_2.cif,0.6861722469329834,0.6648778319358826,,11.57546470349876,1.0,21.0,6.0,0.2923076923076923,False,False,dockgen::1o28_1_UFP_2
dockgen,1o72_2_PC_0,1o72,Chai-1 full receptor s5/t200,cofolding,True,True,False,6.175107240042071,results/posebench_702_predictions/chai1_gpu/dockgen/1o72_2_PC_0/default_s5_t200/predictions/pred.model_idx_2.cif,0.3294398188591003,0.1821842938661575,,0.7681986592841726,1.0,11.0,0.0,0.1724137931034483,False,False,dockgen::1o72_2_PC_0
dockgen,1pj2_1_FUM_0,1pj2,Chai-1 full receptor s5/t200,cofolding,True,False,False,,,,,,,0.0,8.0,0.0,0.3076923076923077,False,False,dockgen::1pj2_1_FUM_0
dockgen,1pj4_1_FUM_1,1pj4,Chai-1 full receptor s5/t200,cofolding,True,False,False,,,,,,,0.0,8.0,0.0,0.3076923076923077,False,False,dockgen::1pj4_1_FUM_1
dockgen,1qaw_1_TRP_7,1qaw,Chai-1 full receptor s5/t200,cofolding,True,True,False,9.667406946098774,results/posebench_702_predictions/chai1_gpu/dockgen/1qaw_1_TRP_7/default_s5_t200/predictions/pred.model_idx_3.cif,0.2969559729099273,0.2405653595924377,,8.663519205297495,1.0,15.0,4.0,0.2195121951219512,False,False,dockgen::1qaw_1_TRP_7
dockgen,1rqp_1_SAM_0,1rqp,Chai-1 full receptor s5/t200,cofolding,True,True,False,24.484570625345928,results/posebench_702_predictions/chai1_gpu/dockgen/1rqp_1_SAM_0/default_s5_t200/predictions/pred.model_idx_3.cif,0.8659880757331848,0.8583163022994995,,14.241704254887267,1.0,27.0,9.0,0.2195121951219512,False,False,dockgen::1rqp_1_SAM_0
dockgen,1sbz_1_FMN_3,1sbz,Chai-1 full receptor s5/t200,cofolding,True,True,False,11.553894632036226,results/posebench_702_predictions/chai1_gpu/dockgen/1sbz_1_FMN_3/default_s5_t200/predictions/pred.model_idx_2.cif,0.6466282606124878,0.6162868738174438,,13.43637538720388,1.0,31.0,11.0,0.1724137931034483,False,False,dockgen::1sbz_1_FMN_3
dockgen,1sij_1_PCD_0,1sij,Chai-1 full receptor s5/t200,cofolding,True,True,False,,,,,,,0.0,47.0,15.0,0.2079207920792079,False,False,dockgen::1sij_1_PCD_0
dockgen,1tke_1_SER_0,1tke,Chai-1 full receptor s5/t200,cofolding,True,True,True,0.8546377984494583,results/posebench_702_predictions/chai1_gpu/dockgen/1tke_1_SER_0/default_s5_t200/predictions/pred.model_idx_4.cif,0.4143388569355011,0.2837902009487152,,0.3793396879283948,1.0,7.0,1.0,0.375,False,False,dockgen::1tke_1_SER_0
dockgen,1tkg_1_SSA_0,1tkg,Chai-1 full receptor s5/t200,cofolding,True,True,False,2.158125633762416,results/posebench_702_predictions/chai1_gpu/dockgen/1tkg_1_SSA_0/default_s5_t200/predictions/pred.model_idx_0.cif,0.7456657886505127,0.6979773640632629,,0.3649327672819071,1.0,29.0,9.0,0.2747252747252747,False,False,dockgen::1tkg_1_SSA_0
dockgen,1u8u_1_OCA_0,1u8u,Chai-1 full receptor s5/t200,cofolding,True,True,True,0.9777416140173693,results/posebench_702_predictions/chai1_gpu/dockgen/1u8u_1_OCA_0/default_s5_t200/predictions/pred.model_idx_2.cif,0.5058534145355225,0.391855925321579,,0.3417800433053052,1.0,10.0,0.0,0.5416666666666666,False,False,dockgen::1u8u_1_OCA_0
dockgen,1uf5_1_CDT_0,1uf5,Chai-1 full receptor s5/t200,cofolding,True,True,False,34.09617328202949,results/posebench_702_predictions/chai1_gpu/dockgen/1uf5_1_CDT_0/default_s5_t200/predictions/pred.model_idx_1.cif,0.8977448344230652,0.8852178454399109,,2.764602462948311,1.0,12.0,2.0,0.40625,False,False,dockgen::1uf5_1_CDT_0
dockgen,1uf7_1_CDV_0,1uf7,Chai-1 full receptor s5/t200,cofolding,True,True,False,34.138948126639704,results/posebench_702_predictions/chai1_gpu/dockgen/1uf7_1_CDV_0/default_s5_t200/predictions/pred.model_idx_1.cif,0.8889902234077454,0.8763031959533691,,2.878038061752709,1.0,11.0,2.0,0.2631578947368421,False,False,dockgen::1uf7_1_CDV_0
dockgen,1uf8_1_ING_2,1uf8,Chai-1 full receptor s5/t200,cofolding,True,True,True,1.918821884489232,results/posebench_702_predictions/chai1_gpu/dockgen/1uf8_1_ING_2/default_s5_t200/predictions/pred.model_idx_2.cif,0.8941836357116699,0.8820841312408447,,2.945406214754313,1.0,15.0,2.0,0.2745098039215686,True,False,dockgen::1uf8_1_ING_2
dockgen,1v2g_1_OCA_0,1v2g,Chai-1 full receptor s5/t200,cofolding,True,True,True,0.613198245749333,results/posebench_702_predictions/chai1_gpu/dockgen/1v2g_1_OCA_0/default_s5_t200/predictions/pred.model_idx_3.cif,0.4818514585494995,0.3615210056304931,,1.114699440945227,1.0,10.0,0.0,0.5416666666666666,False,False,dockgen::1v2g_1_OCA_0
dockgen,1v97_1_MTE_1,1v97,Chai-1 full receptor s5/t200,cofolding,True,False,False,,,,,,,0.0,24.0,9.0,0.1641791044776119,False,False,dockgen::1v97_1_MTE_1
dockgen,1za2_1_CTP_4,1za2,Chai-1 full receptor s5/t200,cofolding,True,True,True,0.9781333328896074,results/posebench_702_predictions/chai1_gpu/dockgen/1za2_1_CTP_4/default_s5_t200/predictions/pred.model_idx_2.cif,0.697098433971405,0.6603653430938721,,0.5463307960453097,1.0,29.0,6.0,0.2394366197183098,False,False,dockgen::1za2_1_CTP_4
dockgen,2cdc_1_XYS_5,2cdc,Chai-1 full receptor s5/t200,cofolding,True,True,False,17.60527113727045,results/posebench_702_predictions/chai1_gpu/dockgen/2cdc_1_XYS_5/default_s5_t200/predictions/pred.model_idx_2.cif,0.8558789491653442,0.8435510396957397,,20.029896899639557,1.0,10.0,4.0,0.28,True,False,dockgen::2cdc_1_XYS_5
dockgen,2ext_1_TRP_0,2ext,Chai-1 full receptor s5/t200,cofolding,True,True,False,13.365190832641089,results/posebench_702_predictions/chai1_gpu/dockgen/2ext_1_TRP_0/default_s5_t200/predictions/pred.model_idx_0.cif,0.2811820805072784,0.2247726172208786,,7.448069443215854,1.0,15.0,4.0,0.2195121951219512,False,False,dockgen::2ext_1_TRP_0
dockgen,2g7c_1_NAG-GAL-GLA_1,2g7c,Chai-1 full receptor s5/t200,cofolding,True,True,False,11.014718711738537,results/posebench_702_predictions/chai1_gpu/dockgen/2g7c_1_NAG-GAL-GLA_1/default_s5_t200/predictions/pred.model_idx_1.cif,0.2688987553119659,0.1535160541534423,,2.317764099899596,1.0,37.0,16.0,0.5909090909090909,False,False,dockgen::2g7c_1_NAG-GAL-GLA_1
dockgen,2gag_1_FOA_0,2gag,Chai-1 full receptor s5/t200,cofolding,True,True,False,26.271051567433613,results/posebench_702_predictions/chai1_gpu/dockgen/2gag_1_FOA_0/default_s5_t200/predictions/pred.model_idx_3.cif,0.2918652296066284,0.1619908958673477,,0.3908584040198313,1.0,8.0,1.0,0.3703703703703703,True,False,dockgen::2gag_1_FOA_0
dockgen,2gag_1_NAD_0,2gag,Chai-1 full receptor s5/t200,cofolding,True,True,True,1.0455387958817262,results/posebench_702_predictions/chai1_gpu/dockgen/2gag_1_NAD_0/default_s5_t200/predictions/pred.model_idx_4.cif,0.7889142036437988,0.801548182964325,,0.90702606793196,1.0,44.0,13.0,0.2159090909090909,False,False,dockgen::2gag_1_NAD_0
dockgen,2gah_1_NAD_0,2gah,Chai-1 full receptor s5/t200,cofolding,True,True,True,1.363953528186551,results/posebench_702_predictions/chai1_gpu/dockgen/2gah_1_NAD_0/default_s5_t200/predictions/pred.model_idx_0.cif,0.7762934565544128,0.7973083853721619,,3.5198236762075124,1.0,44.0,13.0,0.2159090909090909,False,False,dockgen::2gah_1_NAD_0
dockgen,2gf3_2_FOA_1,2gf3,Chai-1 full receptor s5/t200,cofolding,True,True,False,18.497238916442697,results/posebench_702_predictions/chai1_gpu/dockgen/2gf3_2_FOA_1/default_s5_t200/predictions/pred.model_idx_1.cif,0.4711360335350036,0.3503352403640747,,0.3417429688965006,1.0,8.0,1.0,0.3703703703703703,True,False,dockgen::2gf3_2_FOA_1
dockgen,2him_1_ASN_3,2him,Chai-1 full receptor s5/t200,cofolding,True,True,False,19.98103968018188,results/posebench_702_predictions/chai1_gpu/dockgen/2him_1_ASN_3/default_s5_t200/predictions/pred.model_idx_3.cif,0.8784011602401733,0.8653391003608704,,7.870557356680707,1.0,9.0,2.0,0.25,False,False,dockgen::2him_1_ASN_3
dockgen,2hk9_1_SKM_0,2hk9,Chai-1 full receptor s5/t200,cofolding,True,True,False,2.2895002331721788,results/posebench_702_predictions/chai1_gpu/dockgen/2hk9_1_SKM_0/default_s5_t200/predictions/pred.model_idx_2.cif,0.7149401903152466,0.6577085852622986,,0.4968941218953795,1.0,12.0,2.0,0.2,True,False,dockgen::2hk9_1_SKM_0
dockgen,2hs3_1_FGR_0,2hs3,Chai-1 full receptor s5/t200,cofolding,True,True,False,23.865033197973062,results/posebench_702_predictions/chai1_gpu/dockgen/2hs3_1_FGR_0/default_s5_t200/predictions/pred.model_idx_0.cif,0.5256683230400085,0.4250148236751556,,0.768455362243278,1.0,20.0,5.0,0.2857142857142857,True,False,dockgen::2hs3_1_FGR_0
dockgen,2o5m_1_MNR_0,2o5m,Chai-1 full receptor s5/t200,cofolding,True,True,True,0.7188077417181851,results/posebench_702_predictions/chai1_gpu/dockgen/2o5m_1_MNR_0/default_s5_t200/predictions/pred.model_idx_0.cif,0.9149055480957032,0.9037622213363647,,0.2630985256289029,1.0,43.0,17.0,0.1666666666666666,False,False,dockgen::2o5m_1_MNR_0
dockgen,2q37_1_3AL_0,2q37,Chai-1 full receptor s5/t200,cofolding,True,True,False,3.112580292131793,results/posebench_702_predictions/chai1_gpu/dockgen/2q37_1_3AL_0/default_s5_t200/predictions/pred.model_idx_2.cif,0.2815998196601867,0.2187888622283935,,3.6851588550482943,1.0,11.0,4.0,0.1454545454545454,False,False,dockgen::2q37_1_3AL_0
dockgen,2q6k_1_ADN_1,2q6k,Chai-1 full receptor s5/t200,cofolding,True,True,False,35.234491645525765,results/posebench_702_predictions/chai1_gpu/dockgen/2q6k_1_ADN_1/default_s5_t200/predictions/pred.model_idx_1.cif,0.5354007482528687,0.4842594563961029,,0.4781078286723313,1.0,19.0,7.0,0.3272727272727272,False,False,dockgen::2q6k_1_ADN_1
dockgen,2r4e_1_13P_0,2r4e,Chai-1 full receptor s5/t200,cofolding,True,True,False,2.12353589538283,results/posebench_702_predictions/chai1_gpu/dockgen/2r4e_1_13P_0/default_s5_t200/predictions/pred.model_idx_1.cif,0.3979386687278747,0.2581270933151245,,0.4770818138470769,1.0,10.0,1.0,0.4210526315789473,False,False,dockgen::2r4e_1_13P_0
dockgen,2v5e_1_GU4-YYJ_0,2v5e,Chai-1 full receptor s5/t200,cofolding,True,True,False,8.214492545204259,results/posebench_702_predictions/chai1_gpu/dockgen/2v5e_1_GU4-YYJ_0/default_s5_t200/predictions/pred.model_idx_0.cif,0.3387629389762878,0.2386421263217926,,0.5183331172713804,1.0,55.0,9.0,0.2586206896551724,True,False,dockgen::2v5e_1_GU4-YYJ_0
dockgen,2v7t_1_SAH_4,2v7t,Chai-1 full receptor s5/t200,cofolding,True,True,False,19.17867692299741,results/posebench_702_predictions/chai1_gpu/dockgen/2v7t_1_SAH_4/default_s5_t200/predictions/pred.model_idx_2.cif,0.8706918954849243,0.863724946975708,,15.423136206345262,1.0,26.0,8.0,0.3164556962025316,False,False,dockgen::2v7t_1_SAH_4
dockgen,2v7u_1_SAM_2,2v7u,Chai-1 full receptor s5/t200,cofolding,True,True,False,24.51337294480202,results/posebench_702_predictions/chai1_gpu/dockgen/2v7u_1_SAM_2/default_s5_t200/predictions/pred.model_idx_2.cif,0.8698641657829285,0.8622413873672485,,14.076723661288856,1.0,27.0,9.0,0.2195121951219512,False,False,dockgen::2v7u_1_SAM_2
dockgen,2v7v_1_5FD_0,2v7v,Chai-1 full receptor s5/t200,cofolding,True,True,False,25.67316806621205,results/posebench_702_predictions/chai1_gpu/dockgen/2v7v_1_5FD_0/default_s5_t200/predictions/pred.model_idx_3.cif,0.8473126292228699,0.8376886248588562,,14.413178303349158,1.0,19.0,7.0,0.2333333333333333,False,False,dockgen::2v7v_1_5FD_0
dockgen,2v7w_1_5FD_0,2v7w,Chai-1 full receptor s5/t200,cofolding,True,True,True,0.3672786816734062,results/posebench_702_predictions/chai1_gpu/dockgen/2v7w_1_5FD_0/default_s5_t200/predictions/pred.model_idx_4.cif,0.8531991839408875,0.844347357749939,,0.5276740378065409,1.0,19.0,7.0,0.2333333333333333,False,False,dockgen::2v7w_1_5FD_0
dockgen,2vdf_1_OCT_0,2vdf,Chai-1 full receptor s5/t200,cofolding,True,True,False,4.28695179898722,results/posebench_702_predictions/chai1_gpu/dockgen/2vdf_1_OCT_0/default_s5_t200/predictions/pred.model_idx_1.cif,0.2273995876312255,0.0930593311786651,,8.235173186563205,1.0,8.0,0.0,0.5384615384615384,False,False,dockgen::2vdf_1_OCT_0
dockgen,2vfu_1_MTL_0,2vfu,Chai-1 full receptor s5/t200,cofolding,True,True,True,0.82466077435266,results/posebench_702_predictions/chai1_gpu/dockgen/2vfu_1_MTL_0/default_s5_t200/predictions/pred.model_idx_4.cif,0.4493639469146728,0.325558990240097,,0.3711363584254094,1.0,12.0,4.0,0.5789473684210527,False,False,dockgen::2vfu_1_MTL_0
dockgen,2wab_1_BGC-BGC-BGC-BGC-BGC_0,2wab,Chai-1 full receptor s5/t200,cofolding,True,True,False,,,,,,,0.0,56.0,25.0,1.0,False,False,dockgen::2wab_1_BGC-BGC-BGC-BGC-BGC_0
dockgen,2wao_1_BGC-BGC-BGC-BGC-BGC_0,2wao,Chai-1 full receptor s5/t200,cofolding,True,True,False,,,,,,,0.0,56.0,25.0,1.0,False,False,dockgen::2wao_1_BGC-BGC-BGC-BGC-BGC_0
dockgen,2wr8_1_SAH_1,2wr8,Chai-1 full receptor s5/t200,cofolding,True,True,True,0.7936665644090861,results/posebench_702_predictions/chai1_gpu/dockgen/2wr8_1_SAH_1/default_s5_t200/predictions/pred.model_idx_3.cif,0.8361300230026245,0.813687801361084,,0.4142474484615448,1.0,26.0,8.0,0.3164556962025316,False,False,dockgen::2wr8_1_SAH_1
dockgen,2wwc_1_CHT_2,2wwc,Chai-1 full receptor s5/t200,cofolding,True,True,False,23.82472630614271,results/posebench_702_predictions/chai1_gpu/dockgen/2wwc_1_CHT_2/default_s5_t200/predictions/pred.model_idx_2.cif,0.2237238883972168,0.1234879940748214,,0.3411883129156528,1.0,7.0,0.0,0.3076923076923077,False,False,dockgen::2wwc_1_CHT_2
dockgen,2x34_2_UQ8_0,2x34,Chai-1 full receptor s5/t200,cofolding,True,True,True,1.7159278589978637,results/posebench_702_predictions/chai1_gpu/dockgen/2x34_2_UQ8_0/default_s5_t200/predictions/pred.model_idx_1.cif,0.7566179037094116,0.7173362970352173,,0.9709828787806914,1.0,53.0,13.0,0.2777777777777778,True,False,dockgen::2x34_2_UQ8_0
dockgen,2xrh_1_NIO_1,2xrh,Chai-1 full receptor s5/t200,cofolding,True,True,True,1.072006943770016,results/posebench_702_predictions/chai1_gpu/dockgen/2xrh_1_NIO_1/default_s5_t200/predictions/pred.model_idx_3.cif,0.549242377281189,0.4752898216247558,,2.638725931519452,1.0,9.0,1.0,0.2926829268292683,True,False,dockgen::2xrh_1_NIO_1
dockgen,2xta_1_ACO_0,2xta,Chai-1 full receptor s5/t200,cofolding,True,True,False,5.287646160144907,results/posebench_702_predictions/chai1_gpu/dockgen/2xta_1_ACO_0/default_s5_t200/predictions/pred.model_idx_3.cif,0.3651152849197387,0.2578536868095398,,0.7888016823480805,1.0,33.0,7.0,0.2022471910112359,False,False,dockgen::2xta_1_ACO_0
dockgen,2zcz_2_TRP_3,2zcz,Chai-1 full receptor s5/t200,cofolding,True,True,False,8.443431420161223,results/posebench_702_predictions/chai1_gpu/dockgen/2zcz_2_TRP_3/default_s5_t200/predictions/pred.model_idx_1.cif,0.6418375968933105,0.6158375144004822,,12.004579118695805,1.0,15.0,4.0,0.2195121951219512,False,False,dockgen::2zcz_2_TRP_3
dockgen,2zd0_1_TRP_9,2zd0,Chai-1 full receptor s5/t200,cofolding,True,True,False,19.20836396045034,results/posebench_702_predictions/chai1_gpu/dockgen/2zd0_1_TRP_9/default_s5_t200/predictions/pred.model_idx_4.cif,0.2759675681591034,0.2397543489933014,,12.24875489506662,1.0,15.0,4.0,0.2195121951219512,False,False,dockgen::2zd0_1_TRP_9
dockgen,2ze9_1_PD7_0,2ze9,Chai-1 full receptor s5/t200,cofolding,True,True,False,3.638676533396712,results/posebench_702_predictions/chai1_gpu/dockgen/2ze9_1_PD7_0/default_s5_t200/predictions/pred.model_idx_2.cif,0.5131562352180481,0.4127600789070129,,3.8534420373927936,1.0,26.0,3.0,0.3170731707317073,False,False,dockgen::2ze9_1_PD7_0
dockgen,3ad7_1_NAD_0,3ad7,Chai-1 full receptor s5/t200,cofolding,True,True,True,0.6813518619060768,results/posebench_702_predictions/chai1_gpu/dockgen/3ad7_1_NAD_0/default_s5_t200/predictions/pred.model_idx_4.cif,0.7747130990028381,0.7940686941146851,,0.9391039396575472,1.0,44.0,13.0,0.2159090909090909,False,False,dockgen::3ad7_1_NAD_0
dockgen,3ad9_1_NAD_0,3ad9,Chai-1 full receptor s5/t200,cofolding,True,True,True,0.9913168380018614,results/posebench_702_predictions/chai1_gpu/dockgen/3ad9_1_NAD_0/default_s5_t200/predictions/pred.model_idx_2.cif,0.7685698866844177,0.7850319147109985,,0.8907075718614735,1.0,44.0,13.0,0.2159090909090909,False,False,dockgen::3ad9_1_NAD_0
dockgen,3ada_1_NAD_0,3ada,Chai-1 full receptor s5/t200,cofolding,True,True,True,0.9076032663314316,results/posebench_702_predictions/chai1_gpu/dockgen/3ada_1_NAD_0/default_s5_t200/predictions/pred.model_idx_2.cif,0.7747588157653809,0.7932850122451782,,0.8924973564514671,1.0,44.0,13.0,0.2159090909090909,False,False,dockgen::3ada_1_NAD_0
dockgen,3eca_1_ASP_3,3eca,Chai-1 full receptor s5/t200,cofolding,True,True,False,5.665346260167252,results/posebench_702_predictions/chai1_gpu/dockgen/3eca_1_ASP_3/default_s5_t200/predictions/pred.model_idx_3.cif,0.8906003832817078,0.8774413466453552,,10.062490760253556,1.0,9.0,1.0,0.25,False,False,dockgen::3eca_1_ASP_3
dockgen,3gf4_1_FAD_1,3gf4,Chai-1 full receptor s5/t200,cofolding,True,True,True,0.3880478792231805,results/posebench_702_predictions/chai1_gpu/dockgen/3gf4_1_FAD_1/default_s5_t200/predictions/pred.model_idx_1.cif,0.9007580280303956,0.8903746604919434,,0.4073318439037632,1.0,53.0,18.0,0.2071428571428571,False,False,dockgen::3gf4_1_FAD_1
dockgen,3gf4_1_U5P_0,3gf4,Chai-1 full receptor s5/t200,cofolding,True,True,False,11.450633702298388,results/posebench_702_predictions/chai1_gpu/dockgen/3gf4_1_U5P_0/default_s5_t200/predictions/pred.model_idx_0.cif,0.7848327159881592,0.7514611482620239,,1.7150891659755625,1.0,21.0,6.0,0.2698412698412698,False,False,dockgen::3gf4_1_U5P_0
dockgen,3he3_5_UDP_0,3he3,Chai-1 full receptor s5/t200,cofolding,True,True,True,0.920088862774036,results/posebench_702_predictions/chai1_gpu/dockgen/3he3_5_UDP_0/default_s5_t200/predictions/pred.model_idx_2.cif,0.7367821931838989,0.6888964772224426,,0.832018880242107,1.0,25.0,6.0,0.2537313432835821,False,False,dockgen::3he3_5_UDP_0
dockgen,3it6_1_ORN_1,3it6,Chai-1 full receptor s5/t200,cofolding,True,True,False,10.6793147881541,results/posebench_702_predictions/chai1_gpu/dockgen/3it6_1_ORN_1/default_s5_t200/predictions/pred.model_idx_2.cif,0.9280800819396972,0.922819972038269,,17.458151276009094,1.0,9.0,1.0,0.2608695652173913,False,False,dockgen::3it6_1_ORN_1
dockgen,3k8l_1_GLC-GLC-GLC-GLC-GLC_0,3k8l,Chai-1 full receptor s5/t200,cofolding,True,True,False,,,,,,,0.0,56.0,25.0,1.0,False,False,dockgen::3k8l_1_GLC-GLC-GLC-GLC-GLC_0
dockgen,3k8m_1_GLC-GLC-AC1_0,3k8m,Chai-1 full receptor s5/t200,cofolding,True,True,False,,,,,,,0.0,44.0,20.0,0.5306122448979592,False,False,dockgen::3k8m_1_GLC-GLC-AC1_0
dockgen,3nvv_1_MTE_1,3nvv,Chai-1 full receptor s5/t200,cofolding,True,True,True,0.3306736794551227,results/posebench_702_predictions/chai1_gpu/dockgen/3nvv_1_MTE_1/default_s5_t200/predictions/pred.model_idx_2.cif,0.9254944920539856,0.919119358062744,,0.2688460874972729,1.0,24.0,9.0,0.1641791044776119,False,False,dockgen::3nvv_1_MTE_1
dockgen,3o01_2_DXC_0,3o01,Chai-1 full receptor s5/t200,cofolding,True,True,False,10.4396226242652,results/posebench_702_predictions/chai1_gpu/dockgen/3o01_2_DXC_0/default_s5_t200/predictions/pred.model_idx_2.cif,0.524616539478302,0.4569238424301147,,7.547205511257658,1.0,28.0,10.0,0.4927536231884058,True,False,dockgen::3o01_2_DXC_0
dockgen,3o02_2_JN3_0,3o02,Chai-1 full receptor s5/t200,cofolding,True,True,False,20.64612885740935,results/posebench_702_predictions/chai1_gpu/dockgen/3o02_2_JN3_0/default_s5_t200/predictions/pred.model_idx_4.cif,0.3481069207191467,0.2333767265081405,,3.736591657928897,1.0,28.0,10.0,0.7450980392156863,True,False,dockgen::3o02_2_JN3_0
dockgen,3o7j_1_2AL_0,3o7j,Chai-1 full receptor s5/t200,cofolding,True,True,True,0.2573907907819938,results/posebench_702_predictions/chai1_gpu/dockgen/3o7j_1_2AL_0/default_s5_t200/predictions/pred.model_idx_2.cif,0.848152756690979,0.8249768018722534,,0.6718556160280114,1.0,11.0,4.0,0.1454545454545454,False,False,dockgen::3o7j_1_2AL_0
dockgen,3q14_1_PCR_3,3q14,Chai-1 full receptor s5/t200,cofolding,True,True,False,26.955725275350577,results/posebench_702_predictions/chai1_gpu/dockgen/3q14_1_PCR_3/default_s5_t200/predictions/pred.model_idx_2.cif,0.3251450657844543,0.2211174517869949,,23.47940397299162,1.0,8.0,0.0,0.4285714285714285,True,False,dockgen::3q14_1_PCR_3
dockgen,3qrc_2_GU4-YYJ_0,3qrc,Chai-1 full receptor s5/t200,cofolding,True,True,False,8.986300765188417,results/posebench_702_predictions/chai1_gpu/dockgen/3qrc_2_GU4-YYJ_0/default_s5_t200/predictions/pred.model_idx_4.cif,0.2925163805484772,0.1759118735790252,,0.8002142858121967,1.0,55.0,9.0,0.2586206896551724,True,False,dockgen::3qrc_2_GU4-YYJ_0
dockgen,3s5x_1_BMA-MAN-MAN-MAN-MAN_0,3s5x,Chai-1 full receptor s5/t200,cofolding,True,True,False,,,,,,,0.0,45.0,20.0,0.7894736842105263,False,False,dockgen::3s5x_1_BMA-MAN-MAN-MAN-MAN_0
dockgen,3s6a_1_ANP_0,3s6a,Chai-1 full receptor s5/t200,cofolding,True,True,False,2.0982837184117678,results/posebench_702_predictions/chai1_gpu/dockgen/3s6a_1_ANP_0/default_s5_t200/predictions/pred.model_idx_4.cif,0.8811902403831482,0.8657523393630981,,3.580178336156986,1.0,27.0,7.0,0.2432432432432432,False,False,dockgen::3s6a_1_ANP_0
dockgen,3se5_1_ANP_2,3se5,Chai-1 full receptor s5/t200,cofolding,True,True,True,1.2408543874242777,results/posebench_702_predictions/chai1_gpu/dockgen/3se5_1_ANP_2/default_s5_t200/predictions/pred.model_idx_2.cif,0.3194557130336761,0.2852787971496582,,3.532792750359472,1.0,31.0,7.0,0.2467532467532467,False,False,dockgen::3se5_1_ANP_2
dockgen,3sr6_1_MTE_1,3sr6,Chai-1 full receptor s5/t200,cofolding,True,True,True,0.3477665645874421,results/posebench_702_predictions/chai1_gpu/dockgen/3sr6_1_MTE_1/default_s5_t200/predictions/pred.model_idx_2.cif,0.9255975484848022,0.9195312857627868,,0.268932435981548,1.0,24.0,9.0,0.1641791044776119,False,False,dockgen::3sr6_1_MTE_1
dockgen,3ub7_1_ACM_1,3ub7,Chai-1 full receptor s5/t200,cofolding,True,True,True,0.5396387940960204,results/posebench_702_predictions/chai1_gpu/dockgen/3ub7_1_ACM_1/default_s5_t200/predictions/pred.model_idx_2.cif,0.5172720551490784,0.4266008138656616,,0.7506022041957175,1.0,4.0,1.0,0.5555555555555556,False,False,dockgen::3ub7_1_ACM_1
dockgen,3ub9_1_NHY_1,3ub9,Chai-1 full receptor s5/t200,cofolding,True,True,True,0.5757252828100962,results/posebench_702_predictions/chai1_gpu/dockgen/3ub9_1_NHY_1/default_s5_t200/predictions/pred.model_idx_3.cif,0.611137330532074,0.5429263114929199,,0.674212538855654,1.0,5.0,1.0,0.2307692307692307,False,False,dockgen::3ub9_1_NHY_1
dockgen,3uni_1_SAL_0,3uni,Chai-1 full receptor s5/t200,cofolding,True,False,False,,,,,,,0.0,10.0,2.0,0.25,True,False,dockgen::3uni_1_SAL_0
dockgen,3wrb_1_GDE_0,3wrb,Chai-1 full receptor s5/t200,cofolding,True,True,True,1.9608293709635485,results/posebench_702_predictions/chai1_gpu/dockgen/3wrb_1_GDE_0/default_s5_t200/predictions/pred.model_idx_2.cif,0.8692585229873657,0.858128011226654,,1.2669376085124324,1.0,12.0,2.0,0.2,True,False,dockgen::3wrb_1_GDE_0
dockgen,3wvc_1_FEG_0,3wvc,Chai-1 full receptor s5/t200,cofolding,True,True,False,2.18484118081433,results/posebench_702_predictions/chai1_gpu/dockgen/3wvc_1_FEG_0/default_s5_t200/predictions/pred.model_idx_1.cif,0.8690637946128845,0.8571276664733887,,1.5795238243658547,1.0,37.0,13.0,0.2058823529411764,False,False,dockgen::3wvc_1_FEG_0
dockgen,3zec_1_ANP_0,3zec,Chai-1 full receptor s5/t200,cofolding,True,True,True,0.8797169907523451,results/posebench_702_predictions/chai1_gpu/dockgen/3zec_1_ANP_0/default_s5_t200/predictions/pred.model_idx_3.cif,0.8174037337303162,0.7917149066925049,,1.1927537789758524,1.0,31.0,7.0,0.2467532467532467,False,False,dockgen::3zec_1_ANP_0
dockgen,3zjx_1_BOG_0,3zjx,Chai-1 full receptor s5/t200,cofolding,True,True,False,8.733359720890519,results/posebench_702_predictions/chai1_gpu/dockgen/3zjx_1_BOG_0/default_s5_t200/predictions/pred.model_idx_2.cif,0.2813512682914734,0.1570228338241577,,2.485005000322471,1.0,20.0,5.0,1.0,True,False,dockgen::3zjx_1_BOG_0
dockgen,3zqu_1_FNR_5,3zqu,Chai-1 full receptor s5/t200,cofolding,True,True,True,0.6270006861339285,results/posebench_702_predictions/chai1_gpu/dockgen/3zqu_1_FNR_5/default_s5_t200/predictions/pred.model_idx_0.cif,0.8366068601608276,0.807911217212677,,0.3169159917203293,1.0,31.0,11.0,0.1724137931034483,False,False,dockgen::3zqu_1_FNR_5
dockgen,3zzs_1_TRP_3,3zzs,Chai-1 full receptor s5/t200,cofolding,True,True,False,14.92343795979508,results/posebench_702_predictions/chai1_gpu/dockgen/3zzs_1_TRP_3/default_s5_t200/predictions/pred.model_idx_2.cif,0.1654499918222427,0.1264008432626724,,11.773183718119522,1.0,15.0,4.0,0.2195121951219512,False,False,dockgen::3zzs_1_TRP_3
dockgen,4b4v_1_L34_0,4b4v,Chai-1 full receptor s5/t200,cofolding,True,True,True,1.1054266673610975,results/posebench_702_predictions/chai1_gpu/dockgen/4b4v_1_L34_0/default_s5_t200/predictions/pred.model_idx_3.cif,0.873560905456543,0.8511416912078857,,0.7051345858553796,1.0,34.0,8.0,0.1451612903225806,False,False,dockgen::4b4v_1_L34_0
dockgen,4bc9_1_CNV-FAD_0,4bc9,Chai-1 full receptor s5/t200,cofolding,True,False,False,,,,,,,0.0,57.0,19.0,0.1986301369863013,False,False,dockgen::4bc9_1_CNV-FAD_0
dockgen,4cdn_2_FAD_0,4cdn,Chai-1 full receptor s5/t200,cofolding,True,True,False,6.685625481892321,results/posebench_702_predictions/chai1_gpu/dockgen/4cdn_2_FAD_0/default_s5_t200/predictions/pred.model_idx_4.cif,0.7730279564857483,0.736250102519989,,1.376257735610404,1.0,53.0,18.0,0.2071428571428571,False,False,dockgen::4cdn_2_FAD_0
dockgen,4fyv_1_DCP_2,4fyv,Chai-1 full receptor s5/t200,cofolding,True,True,False,2.112247025800311,results/posebench_702_predictions/chai1_gpu/dockgen/4fyv_1_DCP_2/default_s5_t200/predictions/pred.model_idx_2.cif,0.5320013165473938,0.4572712779045105,,0.6286041103043537,1.0,28.0,5.0,0.2676056338028169,False,False,dockgen::4fyv_1_DCP_2
dockgen,4fyw_1_CTP_4,4fyw,Chai-1 full receptor s5/t200,cofolding,True,True,True,0.5035415842633509,results/posebench_702_predictions/chai1_gpu/dockgen/4fyw_1_CTP_4/default_s5_t200/predictions/pred.model_idx_2.cif,0.6954206824302673,0.6585375070571899,,0.5004887909604446,1.0,29.0,6.0,0.2394366197183098,False,False,dockgen::4fyw_1_CTP_4
dockgen,4gk9_1_BMA-MAN-MAN-MAN-MAN_3,4gk9,Chai-1 full receptor s5/t200,cofolding,True,True,False,,,,,,,0.0,56.0,25.0,0.7894736842105263,False,False,dockgen::4gk9_1_BMA-MAN-MAN-MAN-MAN_3
dockgen,4h2f_1_ADN_0,4h2f,Chai-1 full receptor s5/t200,cofolding,True,True,True,0.7439144032433624,results/posebench_702_predictions/chai1_gpu/dockgen/4h2f_1_ADN_0/default_s5_t200/predictions/pred.model_idx_3.cif,0.656094491481781,0.619990348815918,,1.5767441242794764,1.0,19.0,7.0,0.3272727272727272,False,False,dockgen::4h2f_1_ADN_0
dockgen,4idk_1_1FE_0,4idk,Chai-1 full receptor s5/t200,cofolding,True,True,False,51.96875601365461,results/posebench_702_predictions/chai1_gpu/dockgen/4idk_1_1FE_0/default_s5_t200/predictions/pred.model_idx_3.cif,0.3802359998226166,0.3084937632083893,,1.1091998589856458,1.0,15.0,5.0,0.180327868852459,False,False,dockgen::4idk_1_1FE_0
dockgen,4kgx_1_CTP_5,4kgx,Chai-1 full receptor s5/t200,cofolding,True,True,True,0.596706889739651,results/posebench_702_predictions/chai1_gpu/dockgen/4kgx_1_CTP_5/default_s5_t200/predictions/pred.model_idx_1.cif,0.7018055319786072,0.6675500869750977,,0.461952097885939,1.0,29.0,6.0,0.2394366197183098,False,False,dockgen::4kgx_1_CTP_5
dockgen,4mig_1_G3F_2,4mig,Chai-1 full receptor s5/t200,cofolding,True,True,False,3.217378519925493,results/posebench_702_predictions/chai1_gpu/dockgen/4mig_1_G3F_2/default_s5_t200/predictions/pred.model_idx_2.cif,0.4225754141807556,0.3148874938488006,,3.8787856086611776,1.0,12.0,5.0,0.6086956521739131,True,False,dockgen::4mig_1_G3F_2
dockgen,4mo2_2_FDA_0,4mo2,Chai-1 full receptor s5/t200,cofolding,True,True,True,0.6967214964589746,results/posebench_702_predictions/chai1_gpu/dockgen/4mo2_2_FDA_0/default_s5_t200/predictions/pred.model_idx_1.cif,0.903748333454132,0.8965622782707214,,0.6248054454874761,1.0,53.0,18.0,0.2071428571428571,False,False,dockgen::4mo2_2_FDA_0
dockgen,4mos_1_GAF_1,4mos,Chai-1 full receptor s5/t200,cofolding,True,True,True,1.350247393490364,results/posebench_702_predictions/chai1_gpu/dockgen/4mos_1_GAF_1/default_s5_t200/predictions/pred.model_idx_2.cif,0.3270334899425506,0.192401185631752,,2.043317024669176,1.0,12.0,5.0,0.6521739130434783,True,False,dockgen::4mos_1_GAF_1
dockgen,4n4l_1_HG1_0,4n4l,Chai-1 full receptor s5/t200,cofolding,True,True,False,5.798393346622127,results/posebench_702_predictions/chai1_gpu/dockgen/4n4l_1_HG1_0/default_s5_t200/predictions/pred.model_idx_4.cif,0.2556109428405761,0.1508051753044128,,4.005742293044027,1.0,12.0,1.0,0.25,True,False,dockgen::4n4l_1_HG1_0
dockgen,4o0d_1_GLY_3,4o0d,Chai-1 full receptor s5/t200,cofolding,True,True,False,24.24876319714173,results/posebench_702_predictions/chai1_gpu/dockgen/4o0d_1_GLY_3/default_s5_t200/predictions/pred.model_idx_1.cif,0.8984144330024719,0.887499213218689,,0.6285113690148554,1.0,5.0,0.0,0.3181818181818182,False,False,dockgen::4o0d_1_GLY_3
dockgen,4o0f_1_GLY_3,4o0f,Chai-1 full receptor s5/t200,cofolding,True,True,False,14.072288155706586,results/posebench_702_predictions/chai1_gpu/dockgen/4o0f_1_GLY_3/default_s5_t200/predictions/pred.model_idx_1.cif,0.8656681180000305,0.8541306853294373,,0.2589880228272738,1.0,5.0,0.0,0.3181818181818182,False,False,dockgen::4o0f_1_GLY_3
dockgen,4o95_1_245_0,4o95,Chai-1 full receptor s5/t200,cofolding,True,True,False,6.865768137628959,results/posebench_702_predictions/chai1_gpu/dockgen/4o95_1_245_0/default_s5_t200/predictions/pred.model_idx_2.cif,0.4787499010562897,0.3684328198432922,,0.6167058161266495,1.0,17.0,3.0,0.2888888888888888,False,False,dockgen::4o95_1_245_0
dockgen,4oal_2_245_0,4oal,Chai-1 full receptor s5/t200,cofolding,True,True,False,3.99897287691126,results/posebench_702_predictions/chai1_gpu/dockgen/4oal_2_245_0/default_s5_t200/predictions/pred.model_idx_1.cif,0.5587377548217773,0.4644188582897186,,0.5383929015036992,1.0,17.0,3.0,0.2888888888888888,False,False,dockgen::4oal_2_245_0
dockgen,4osx_1_GLY_2,4osx,Chai-1 full receptor s5/t200,cofolding,True,True,False,22.89260923376113,results/posebench_702_predictions/chai1_gpu/dockgen/4osx_1_GLY_2/default_s5_t200/predictions/pred.model_idx_4.cif,0.9080607891082764,0.8985430002212524,,0.3089280734289849,1.0,5.0,0.0,0.3181818181818182,False,False,dockgen::4osx_1_GLY_2
dockgen,4osy_1_GLY_3,4osy,Chai-1 full receptor s5/t200,cofolding,True,True,False,23.97733463327741,results/posebench_702_predictions/chai1_gpu/dockgen/4osy_1_GLY_3/default_s5_t200/predictions/pred.model_idx_4.cif,0.8949179649353027,0.8847498297691345,,0.7150438892119512,1.0,5.0,0.0,0.3181818181818182,False,False,dockgen::4osy_1_GLY_3
dockgen,4pfx_1_UDP_0,4pfx,Chai-1 full receptor s5/t200,cofolding,True,True,True,0.5139603835966822,results/posebench_702_predictions/chai1_gpu/dockgen/4pfx_1_UDP_0/default_s5_t200/predictions/pred.model_idx_1.cif,0.8513467907905579,0.826052188873291,,0.6598468116315016,1.0,25.0,6.0,0.2537313432835821,False,False,dockgen::4pfx_1_UDP_0
dockgen,4phr_1_UDP_0,4phr,Chai-1 full receptor s5/t200,cofolding,True,True,True,0.3293148519504067,results/posebench_702_predictions/chai1_gpu/dockgen/4phr_1_UDP_0/default_s5_t200/predictions/pred.model_idx_4.cif,0.8590340614318848,0.8352834582328796,,0.6603770917279876,1.0,25.0,6.0,0.2537313432835821,False,False,dockgen::4phr_1_UDP_0
dockgen,4phs_1_UDP_0,4phs,Chai-1 full receptor s5/t200,cofolding,True,True,True,0.8798491073811591,results/posebench_702_predictions/chai1_gpu/dockgen/4phs_1_UDP_0/default_s5_t200/predictions/pred.model_idx_1.cif,0.7877203822135925,0.7511202096939087,,1.6613062641116825,1.0,25.0,6.0,0.2463768115942029,False,False,dockgen::4phs_1_UDP_0
dockgen,4pya_1_2X3_0,4pya,Chai-1 full receptor s5/t200,cofolding,True,True,False,25.397439384543677,results/posebench_702_predictions/chai1_gpu/dockgen/4pya_1_2X3_0/default_s5_t200/predictions/pred.model_idx_0.cif,0.7438048124313354,0.7009594440460205,,0.3118040660121435,1.0,32.0,9.0,0.1585365853658536,False,False,dockgen::4pya_1_2X3_0
dockgen,4qa8_1_PJZ_0,4qa8,Chai-1 full receptor s5/t200,cofolding,True,True,False,5.676291482202798,results/posebench_702_predictions/chai1_gpu/dockgen/4qa8_1_PJZ_0/default_s5_t200/predictions/pred.model_idx_1.cif,0.7068125009536743,0.6481685042381287,,0.4934458335760359,1.0,34.0,3.0,0.3714285714285714,False,False,dockgen::4qa8_1_PJZ_0
dockgen,4qo5_1_NAG_2,4qo5,Chai-1 full receptor s5/t200,cofolding,True,True,False,22.008826475339184,results/posebench_702_predictions/chai1_gpu/dockgen/4qo5_1_NAG_2/default_s5_t200/predictions/pred.model_idx_4.cif,0.2825346887111664,0.1535235792398452,,6.278275894739997,1.0,14.0,5.0,0.3142857142857143,True,False,dockgen::4qo5_1_NAG_2
dockgen,4rhe_1_FMN_6,4rhe,Chai-1 full receptor s5/t200,cofolding,True,True,False,10.296366279510748,results/posebench_702_predictions/chai1_gpu/dockgen/4rhe_1_FMN_6/default_s5_t200/predictions/pred.model_idx_1.cif,0.8757811784744263,0.8637207746505737,,11.438644380571692,1.0,31.0,11.0,0.1685393258426966,False,False,dockgen::4rhe_1_FMN_6
dockgen,4rpj_1_UDP_0,4rpj,Chai-1 full receptor s5/t200,cofolding,True,True,False,24.132347000988613,results/posebench_702_predictions/chai1_gpu/dockgen/4rpj_1_UDP_0/default_s5_t200/predictions/pred.model_idx_3.cif,0.8292329907417297,0.8040276765823364,,1.269814034600816,1.0,25.0,6.0,0.2537313432835821,False,False,dockgen::4rpj_1_UDP_0
dockgen,4rpm_1_HXC_0,4rpm,Chai-1 full receptor s5/t200,cofolding,True,True,False,7.333354078333484,results/posebench_702_predictions/chai1_gpu/dockgen/4rpm_1_HXC_0/default_s5_t200/predictions/pred.model_idx_1.cif,0.4481869339942932,0.3362090289592743,,1.500468225985751,1.0,9.0,1.0,0.4285714285714285,False,False,dockgen::4rpm_1_HXC_0
dockgen,4tvd_1_BGC_4,4tvd,Chai-1 full receptor s5/t200,cofolding,True,False,False,,,,,,,0.0,12.0,5.0,1.0,True,False,dockgen::4tvd_1_BGC_4
dockgen,4tvd_1_GLC_0,4tvd,Chai-1 full receptor s5/t200,cofolding,True,False,False,,,,,,,0.0,12.0,5.0,1.0,True,False,dockgen::4tvd_1_GLC_0
dockgen,4u63_1_FAD_0,4u63,Chai-1 full receptor s5/t200,cofolding,True,True,True,0.4277675726926718,results/posebench_702_predictions/chai1_gpu/dockgen/4u63_1_FAD_0/default_s5_t200/predictions/pred.model_idx_3.cif,0.9212155342102052,0.9139617085456848,,0.4833105247800351,1.0,53.0,18.0,0.2071428571428571,False,False,dockgen::4u63_1_FAD_0
dockgen,4uoc_1_NCN_1,4uoc,Chai-1 full receptor s5/t200,cofolding,True,True,True,0.748746890428475,results/posebench_702_predictions/chai1_gpu/dockgen/4uoc_1_NCN_1/default_s5_t200/predictions/pred.model_idx_0.cif,0.7876044511795044,0.7764824628829956,,0.372603159219531,1.0,22.0,5.0,0.2388059701492537,False,False,dockgen::4uoc_1_NCN_1
dockgen,4uuw_1_AMP_0,4uuw,Chai-1 full receptor s5/t200,cofolding,True,True,False,3.2749495534804023,results/posebench_702_predictions/chai1_gpu/dockgen/4uuw_1_AMP_0/default_s5_t200/predictions/pred.model_idx_3.cif,0.4659051895141601,0.3875052332878113,,0.4097185593473599,1.0,23.0,7.0,0.2608695652173913,False,False,dockgen::4uuw_1_AMP_0
dockgen,4xdr_1_ADN_0,4xdr,Chai-1 full receptor s5/t200,cofolding,True,True,True,0.339140245172597,results/posebench_702_predictions/chai1_gpu/dockgen/4xdr_1_ADN_0/default_s5_t200/predictions/pred.model_idx_2.cif,0.9208287000656128,0.9130109548568726,,0.420275831593293,1.0,19.0,7.0,0.3272727272727272,False,False,dockgen::4xdr_1_ADN_0
dockgen,4xfm_1_THE_0,4xfm,Chai-1 full receptor s5/t200,cofolding,True,True,True,1.5888025131210697,results/posebench_702_predictions/chai1_gpu/dockgen/4xfm_1_THE_0/default_s5_t200/predictions/pred.model_idx_3.cif,0.3219715058803558,0.2116789817810058,,0.4692978562317083,1.0,9.0,2.0,0.5238095238095238,False,False,dockgen::4xfm_1_THE_0
dockgen,4ydx_1_TCE_0,4ydx,Chai-1 full receptor s5/t200,cofolding,True,True,False,2.7688196074967117,results/posebench_702_predictions/chai1_gpu/dockgen/4ydx_1_TCE_0/default_s5_t200/predictions/pred.model_idx_3.cif,0.2667065560817718,0.1199817210435867,,0.2359505011159189,1.0,16.0,0.0,0.2222222222222222,False,False,dockgen::4ydx_1_TCE_0
dockgen,4zav_1_4LS_8,4zav,Chai-1 full receptor s5/t200,cofolding,True,True,False,31.709478764680625,results/posebench_702_predictions/chai1_gpu/dockgen/4zav_1_4LS_8/default_s5_t200/predictions/pred.model_idx_1.cif,0.8288323879241943,0.7981749773025513,,0.195222989677425,1.0,36.0,11.0,0.1648351648351648,False,False,dockgen::4zav_1_4LS_8
dockgen,4zaw_1_4LU_1,4zaw,Chai-1 full receptor s5/t200,cofolding,True,True,False,26.9624967078006,results/posebench_702_predictions/chai1_gpu/dockgen/4zaw_1_4LU_1/default_s5_t200/predictions/pred.model_idx_0.cif,0.8213949203491211,0.7887489199638367,,0.2435232159396711,1.0,36.0,12.0,0.1649484536082474,False,False,dockgen::4zaw_1_4LU_1
dockgen,4zay_1_4LS_6,4zay,Chai-1 full receptor s5/t200,cofolding,True,True,False,27.372617750188947,results/posebench_702_predictions/chai1_gpu/dockgen/4zay_1_4LS_6/default_s5_t200/predictions/pred.model_idx_3.cif,0.837820291519165,0.8093816637992859,,0.3718236302337712,1.0,36.0,11.0,0.1648351648351648,False,False,dockgen::4zay_1_4LS_6
dockgen,4zaz_1_4LS_6,4zaz,Chai-1 full receptor s5/t200,cofolding,True,True,False,26.995919477926865,results/posebench_702_predictions/chai1_gpu/dockgen/4zaz_1_4LS_6/default_s5_t200/predictions/pred.model_idx_0.cif,0.8374941349029541,0.8085551857948303,,0.2151558149563545,1.0,36.0,11.0,0.1648351648351648,False,False,dockgen::4zaz_1_4LS_6
dockgen,4zqx_1_ATP_2,4zqx,Chai-1 full receptor s5/t200,cofolding,True,True,False,10.472140009303429,results/posebench_702_predictions/chai1_gpu/dockgen/4zqx_1_ATP_2/default_s5_t200/predictions/pred.model_idx_2.cif,0.108876883983612,0.0841295272111892,,11.167273560487466,1.0,31.0,7.0,0.24,False,False,dockgen::4zqx_1_ATP_2
dockgen,5a98_1_ATP_0,5a98,Chai-1 full receptor s5/t200,cofolding,True,True,False,14.245694170371562,results/posebench_702_predictions/chai1_gpu/dockgen/5a98_1_ATP_0/default_s5_t200/predictions/pred.model_idx_3.cif,0.1110332906246185,0.0879532843828201,,15.933404894694904,1.0,31.0,7.0,0.24,False,False,dockgen::5a98_1_ATP_0
dockgen,5ae3_2_AWB_1,5ae3,Chai-1 full receptor s5/t200,cofolding,True,True,False,7.299632868703565,results/posebench_702_predictions/chai1_gpu/dockgen/5ae3_2_AWB_1/default_s5_t200/predictions/pred.model_idx_0.cif,0.4444314539432525,0.3364650011062622,,13.222529116867522,1.0,39.0,12.0,0.216867469879518,False,False,dockgen::5ae3_2_AWB_1
dockgen,5b5s_1_BOG_0,5b5s,Chai-1 full receptor s5/t200,cofolding,True,True,True,0.7496586145814848,results/posebench_702_predictions/chai1_gpu/dockgen/5b5s_1_BOG_0/default_s5_t200/predictions/pred.model_idx_1.cif,0.3451915383338928,0.1988430023193359,,0.1872967718346537,1.0,20.0,5.0,1.0,True,False,dockgen::5b5s_1_BOG_0
dockgen,5d9g_1_GLU-ASN-LEU-TYR-PHE-GLN_0,5d9g,Chai-1 full receptor s5/t200,cofolding,True,True,False,28.358566360042413,results/posebench_702_predictions/chai1_gpu/dockgen/5d9g_1_GLU-ASN-LEU-TYR-PHE-GLN_0/default_s5_t200/predictions/pred.model_idx_1.cif,0.1401171833276748,0.1174264326691627,,9.902271453651982,1.0,41.0,4.0,0.5,False,False,dockgen::5d9g_1_GLU-ASN-LEU-TYR-PHE-GLN_0
dockgen,5dnc_1_ASN_2,5dnc,Chai-1 full receptor s5/t200,cofolding,True,False,False,,,,,,,0.0,9.0,2.0,0.25,False,False,dockgen::5dnc_1_ASN_2
dockgen,5eno_1_5QG_0,5eno,Chai-1 full receptor s5/t200,cofolding,True,True,False,6.094834858275928,results/posebench_702_predictions/chai1_gpu/dockgen/5eno_1_5QG_0/default_s5_t200/predictions/pred.model_idx_2.cif,0.4426730275154114,0.358399748802185,,1.5895101543978818,1.0,29.0,5.0,0.1772151898734177,False,False,dockgen::5eno_1_5QG_0
dockgen,5enp_1_5QF_0,5enp,Chai-1 full receptor s5/t200,cofolding,True,True,False,9.72798951520402,results/posebench_702_predictions/chai1_gpu/dockgen/5enp_1_5QF_0/default_s5_t200/predictions/pred.model_idx_2.cif,0.3481169641017914,0.2400313019752502,,1.7035051793632077,1.0,37.0,8.0,0.15625,False,False,dockgen::5enp_1_5QF_0
dockgen,5enq_1_5QE_0,5enq,Chai-1 full receptor s5/t200,cofolding,True,True,False,12.07602239731508,results/posebench_702_predictions/chai1_gpu/dockgen/5enq_1_5QE_0/default_s5_t200/predictions/pred.model_idx_4.cif,0.3889916539192199,0.2914713621139526,,1.4062007145856803,1.0,35.0,8.0,0.1621621621621621,False,False,dockgen::5enq_1_5QE_0
dockgen,5enr_1_MBX_0,5enr,Chai-1 full receptor s5/t200,cofolding,True,True,False,12.697648415991068,results/posebench_702_predictions/chai1_gpu/dockgen/5enr_1_MBX_0/default_s5_t200/predictions/pred.model_idx_4.cif,0.4739589691162109,0.3964694142341614,,1.438367184153249,1.0,36.0,8.0,0.1592920353982301,False,False,dockgen::5enr_1_MBX_0
dockgen,5ent_1_MIY_0,5ent,Chai-1 full receptor s5/t200,cofolding,True,True,False,23.75706534216457,results/posebench_702_predictions/chai1_gpu/dockgen/5ent_1_MIY_0/default_s5_t200/predictions/pred.model_idx_3.cif,0.3140158057212829,0.2019077837467193,,1.661391406782127,1.0,33.0,15.0,0.1690140845070422,False,False,dockgen::5ent_1_MIY_0
dockgen,5ers_1_AMP_1,5ers,Chai-1 full receptor s5/t200,cofolding,True,True,False,56.73840392103681,results/posebench_702_predictions/chai1_gpu/dockgen/5ers_1_AMP_1/default_s5_t200/predictions/pred.model_idx_3.cif,0.7322443723678589,0.6934030652046204,,0.4665343630685404,1.0,23.0,7.0,0.2608695652173913,False,False,dockgen::5ers_1_AMP_1
dockgen,5f2t_1_PLM_0,5f2t,Chai-1 full receptor s5/t200,cofolding,True,True,False,5.3432102090848055,results/posebench_702_predictions/chai1_gpu/dockgen/5f2t_1_PLM_0/default_s5_t200/predictions/pred.model_idx_2.cif,0.3556161820888519,0.2116179317235946,,0.5974295732759276,1.0,18.0,0.0,0.5416666666666666,False,False,dockgen::5f2t_1_PLM_0
dockgen,5f52_1_ASP_2,5f52,Chai-1 full receptor s5/t200,cofolding,True,True,False,5.564763470219453,results/posebench_702_predictions/chai1_gpu/dockgen/5f52_1_ASP_2/default_s5_t200/predictions/pred.model_idx_4.cif,0.8805052042007446,0.8674057722091675,,9.810644113843482,1.0,9.0,1.0,0.25,False,False,dockgen::5f52_1_ASP_2
dockgen,5fiu_1_Y3J_3,5fiu,Chai-1 full receptor s5/t200,cofolding,True,True,False,17.354757366975612,results/posebench_702_predictions/chai1_gpu/dockgen/5fiu_1_Y3J_3/default_s5_t200/predictions/pred.model_idx_3.cif,0.8511221408843994,0.8410850763320923,,14.900898154763643,1.0,20.0,7.0,0.1617647058823529,False,False,dockgen::5fiu_1_Y3J_3
dockgen,5fxd_1_H7Y_1,5fxd,Chai-1 full receptor s5/t200,cofolding,True,True,False,3.227202715281644,results/posebench_702_predictions/chai1_gpu/dockgen/5fxd_1_H7Y_1/default_s5_t200/predictions/pred.model_idx_3.cif,0.5144534111022949,0.4080662131309509,,0.4605106193596366,1.0,12.0,3.0,0.2352941176470588,True,False,dockgen::5fxd_1_H7Y_1
dockgen,5fxe_1_CIY_1,5fxe,Chai-1 full receptor s5/t200,cofolding,True,True,True,1.8553822300354723,results/posebench_702_predictions/chai1_gpu/dockgen/5fxe_1_CIY_1/default_s5_t200/predictions/pred.model_idx_1.cif,0.4133073985576629,0.2818872034549713,,0.4968354933710328,1.0,13.0,3.0,0.2264150943396226,True,False,dockgen::5fxe_1_CIY_1
dockgen,5fxf_1_BEZ_0,5fxf,Chai-1 full receptor s5/t200,cofolding,True,True,True,0.9093353214283982,results/posebench_702_predictions/chai1_gpu/dockgen/5fxf_1_BEZ_0/default_s5_t200/predictions/pred.model_idx_2.cif,0.454930305480957,0.3356571197509765,,0.4583688658642758,1.0,9.0,0.0,0.3125,True,False,dockgen::5fxf_1_BEZ_0
dockgen,5gqi_1_ATP_7,5gqi,Chai-1 full receptor s5/t200,cofolding,True,True,False,20.38100449418806,results/posebench_702_predictions/chai1_gpu/dockgen/5gqi_1_ATP_7/default_s5_t200/predictions/pred.model_idx_4.cif,0.1478832811117172,0.0913413390517234,,13.63242560353067,1.0,31.0,7.0,0.24,False,False,dockgen::5gqi_1_ATP_7
dockgen,5gql_1_ATP_4,5gql,Chai-1 full receptor s5/t200,cofolding,True,True,False,17.739963969370063,results/posebench_702_predictions/chai1_gpu/dockgen/5gql_1_ATP_4/default_s5_t200/predictions/pred.model_idx_4.cif,0.139196366071701,0.0857938677072525,,6.883223272226964,1.0,31.0,7.0,0.24,False,False,dockgen::5gql_1_ATP_4
dockgen,5hhz_1_ZME_0,5hhz,Chai-1 full receptor s5/t200,cofolding,True,True,False,7.797308832719091,results/posebench_702_predictions/chai1_gpu/dockgen/5hhz_1_ZME_0/default_s5_t200/predictions/pred.model_idx_0.cif,0.5871005654335022,0.5016210675239563,,1.042498426085254,1.0,15.0,4.0,0.2083333333333333,False,False,dockgen::5hhz_1_ZME_0
dockgen,5hmr_1_FDZ_0,5hmr,Chai-1 full receptor s5/t200,cofolding,True,True,False,7.286290293792737,results/posebench_702_predictions/chai1_gpu/dockgen/5hmr_1_FDZ_0/default_s5_t200/predictions/pred.model_idx_4.cif,0.520984411239624,0.4184918999671936,,0.7317223999058104,1.0,20.0,4.0,0.1864406779661017,False,False,dockgen::5hmr_1_FDZ_0
dockgen,5hqx_1_EDZ_0,5hqx,Chai-1 full receptor s5/t200,cofolding,True,True,False,3.251435706995805,results/posebench_702_predictions/chai1_gpu/dockgen/5hqx_1_EDZ_0/default_s5_t200/predictions/pred.model_idx_2.cif,0.6431913375854492,0.5696571469306946,,0.4382947534006875,1.0,18.0,4.0,0.1785714285714285,False,False,dockgen::5hqx_1_EDZ_0
dockgen,5hw0_1_GLU_2,5hw0,Chai-1 full receptor s5/t200,cofolding,True,True,True,0.7451235132443443,results/posebench_702_predictions/chai1_gpu/dockgen/5hw0_1_GLU_2/default_s5_t200/predictions/pred.model_idx_3.cif,0.882543683052063,0.8693294525146484,,0.3823591573976519,1.0,10.0,1.0,0.2222222222222222,False,False,dockgen::5hw0_1_GLU_2
dockgen,5ida_1_BMA_0,5ida,Chai-1 full receptor s5/t200,cofolding,True,True,True,0.3360210961777057,results/posebench_702_predictions/chai1_gpu/dockgen/5ida_1_BMA_0/default_s5_t200/predictions/pred.model_idx_4.cif,0.7940707802772522,0.7565999031066895,,0.2027823654002661,1.0,12.0,5.0,1.0,True,False,dockgen::5ida_1_BMA_0
dockgen,5k3o_2_ASP_0,5k3o,Chai-1 full receptor s5/t200,cofolding,True,True,False,3.0945749050078675,results/posebench_702_predictions/chai1_gpu/dockgen/5k3o_2_ASP_0/default_s5_t200/predictions/pred.model_idx_0.cif,0.8918056488037109,0.8798962235450745,,0.4245549970287061,1.0,9.0,1.0,0.25,False,False,dockgen::5k3o_2_ASP_0
dockgen,5k45_2_GLU_1,5k45,Chai-1 full receptor s5/t200,cofolding,True,True,True,1.4492596279650964,results/posebench_702_predictions/chai1_gpu/dockgen/5k45_2_GLU_1/default_s5_t200/predictions/pred.model_idx_3.cif,0.8906028270721436,0.8781374096870422,,1.3514804477830185,1.0,10.0,1.0,0.2222222222222222,False,False,dockgen::5k45_2_GLU_1
dockgen,5k4h_2_GLU_3,5k4h,Chai-1 full receptor s5/t200,cofolding,True,True,True,1.4202230025527398,results/posebench_702_predictions/chai1_gpu/dockgen/5k4h_2_GLU_3/default_s5_t200/predictions/pred.model_idx_3.cif,0.903420865535736,0.892926812171936,,1.5742808854806234,1.0,10.0,1.0,0.2222222222222222,False,False,dockgen::5k4h_2_GLU_3
dockgen,5k62_1_ASN-VAL_0,5k62,Chai-1 full receptor s5/t200,cofolding,True,True,False,2.8677397560892057,results/posebench_702_predictions/chai1_gpu/dockgen/5k62_1_ASN-VAL_0/default_s5_t200/predictions/pred.model_idx_3.cif,0.3785099387168884,0.2846753597259521,,3.5239130235143645,1.0,15.0,4.0,0.3125,False,False,dockgen::5k62_1_ASN-VAL_0
dockgen,5k63_1_ASN-GLY_0,5k63,Chai-1 full receptor s5/t200,cofolding,True,True,True,1.9466680114060964,results/posebench_702_predictions/chai1_gpu/dockgen/5k63_1_ASN-GLY_0/default_s5_t200/predictions/pred.model_idx_2.cif,0.5481579303741455,0.4983901679515838,,1.6656507181938318,1.0,12.0,3.0,0.2258064516129032,False,False,dockgen::5k63_1_ASN-GLY_0
dockgen,5k66_1_ASN-GLU_0,5k66,Chai-1 full receptor s5/t200,cofolding,True,True,False,7.026049636134931,results/posebench_702_predictions/chai1_gpu/dockgen/5k66_1_ASN-GLU_0/default_s5_t200/predictions/pred.model_idx_3.cif,0.4186455607414245,0.3348445296287536,,7.176450416616564,1.0,17.0,4.0,0.2285714285714285,False,False,dockgen::5k66_1_ASN-GLU_0
dockgen,5mh1_1_BMA_0,5mh1,Chai-1 full receptor s5/t200,cofolding,True,True,True,0.2091526218099345,results/posebench_702_predictions/chai1_gpu/dockgen/5mh1_1_BMA_0/default_s5_t200/predictions/pred.model_idx_0.cif,0.7811514735221863,0.741195559501648,,0.2094353841788711,1.0,12.0,5.0,1.0,True,False,dockgen::5mh1_1_BMA_0
dockgen,5u82_2_ZN0_0,5u82,Chai-1 full receptor s5/t200,cofolding,True,True,False,,,,,,,0.0,7.0,0.0,0.1764705882352941,False,False,dockgen::5u82_2_ZN0_0
dockgen,6a71_1_9UX_0,6a71,Chai-1 full receptor s5/t200,cofolding,True,True,False,,,,,,,0.0,6.0,0.0,0.1176470588235294,False,False,dockgen::6a71_1_9UX_0
dockgen,6a72_1_9UX_0,6a72,Chai-1 full receptor s5/t200,cofolding,True,True,False,,,,,,,0.0,6.0,0.0,0.1176470588235294,False,False,dockgen::6a72_1_9UX_0
dockgen,6b1b_1_TMO_15,6b1b,Chai-1 full receptor s5/t200,cofolding,True,True,False,27.260954041750505,results/posebench_702_predictions/chai1_gpu/dockgen/6b1b_1_TMO_15/default_s5_t200/predictions/pred.model_idx_0.cif,0.2788790464401245,0.1292413622140884,,0.3797123235213612,1.0,5.0,0.0,0.2857142857142857,False,False,dockgen::6b1b_1_TMO_15
dockgen,6ea9_1_9BG_0,6ea9,Chai-1 full receptor s5/t200,cofolding,True,True,False,9.879305066110582,results/posebench_702_predictions/chai1_gpu/dockgen/6ea9_1_9BG_0/default_s5_t200/predictions/pred.model_idx_3.cif,0.1251393109560012,0.1035560965538024,,14.088086120642847,1.0,46.0,15.0,0.1979166666666666,False,False,dockgen::6ea9_1_9BG_0
dockgen,6ep5_1_ADP_1,6ep5,Chai-1 full receptor s5/t200,cofolding,True,True,False,22.863961852947217,results/posebench_702_predictions/chai1_gpu/dockgen/6ep5_1_ADP_1/default_s5_t200/predictions/pred.model_idx_3.cif,0.5212294459342957,0.5007331967353821,,6.515474168935084,1.0,27.0,7.0,0.2465753424657534,False,False,dockgen::6ep5_1_ADP_1
dockgen,6etf_1_AMP_0,6etf,Chai-1 full receptor s5/t200,cofolding,True,True,True,0.4433917607089331,results/posebench_702_predictions/chai1_gpu/dockgen/6etf_1_AMP_0/default_s5_t200/predictions/pred.model_idx_0.cif,0.7901062369346619,0.7600127458572388,,0.4342821365693298,1.0,23.0,7.0,0.2608695652173913,False,False,dockgen::6etf_1_AMP_0
dockgen,6fgc_1_ADP_1,6fgc,Chai-1 full receptor s5/t200,cofolding,True,True,False,57.19442605774186,results/posebench_702_predictions/chai1_gpu/dockgen/6fgc_1_ADP_1/default_s5_t200/predictions/pred.model_idx_4.cif,0.7710733413696289,0.7448861002922058,,0.2607773912970305,1.0,27.0,7.0,0.2465753424657534,False,False,dockgen::6fgc_1_ADP_1
dockgen,6fgc_1_D95_1,6fgc,Chai-1 full receptor s5/t200,cofolding,True,True,False,36.10081155512142,results/posebench_702_predictions/chai1_gpu/dockgen/6fgc_1_D95_1/default_s5_t200/predictions/pred.model_idx_2.cif,0.5262171030044556,0.4397801160812378,,0.9710359354116982,1.0,27.0,9.0,0.175,False,False,dockgen::6fgc_1_D95_1
dockgen,6gbf_1_AMP_0,6gbf,Chai-1 full receptor s5/t200,cofolding,True,True,True,0.5004386627735353,results/posebench_702_predictions/chai1_gpu/dockgen/6gbf_1_AMP_0/default_s5_t200/predictions/pred.model_idx_1.cif,0.7716397047042847,0.7408141493797302,,0.5232069665739447,1.0,23.0,7.0,0.2608695652173913,False,False,dockgen::6gbf_1_AMP_0
dockgen,6jls_1_FMN_6,6jls,Chai-1 full receptor s5/t200,cofolding,True,True,False,30.20828356291468,results/posebench_702_predictions/chai1_gpu/dockgen/6jls_1_FMN_6/default_s5_t200/predictions/pred.model_idx_1.cif,0.8238890171051025,0.8027366399765015,,0.1113687229907031,1.0,31.0,11.0,0.1724137931034483,False,False,dockgen::6jls_1_FMN_6
dockgen,6n19_2_K8V_0,6n19,Chai-1 full receptor s5/t200,cofolding,True,True,False,4.726261362699289,results/posebench_702_predictions/chai1_gpu/dockgen/6n19_2_K8V_0/default_s5_t200/predictions/pred.model_idx_2.cif,0.6285848617553711,0.5479735136032104,,0.2196711412162199,1.0,17.0,6.0,0.1891891891891892,True,False,dockgen::6n19_2_K8V_0
dockgen,6nco_1_KQP_0,6nco,Chai-1 full receptor s5/t200,cofolding,True,False,False,,,,,,,0.0,,,,False,False,dockgen::6nco_1_KQP_0
dockgen,6npp_1_KWG_0,6npp,Chai-1 full receptor s5/t200,cofolding,True,True,False,4.974358878448004,results/posebench_702_predictions/chai1_gpu/dockgen/6npp_1_KWG_0/default_s5_t200/predictions/pred.model_idx_0.cif,0.2069535106420517,0.1151547878980636,,1.6515384532067738,1.0,22.0,4.0,0.1935483870967742,False,False,dockgen::6npp_1_KWG_0
dockgen,6o6y_1_ACK_0,6o6y,Chai-1 full receptor s5/t200,cofolding,True,True,False,,,,,,,0.0,22.0,7.0,0.1944444444444444,False,False,dockgen::6o6y_1_ACK_0
dockgen,6o70_1_ACK_1,6o70,Chai-1 full receptor s5/t200,cofolding,True,True,False,,,,,,,0.0,22.0,7.0,0.1944444444444444,False,False,dockgen::6o70_1_ACK_1
dockgen,6pa2_1_ASP_2,6pa2,Chai-1 full receptor s5/t200,cofolding,True,True,False,8.2659633693341,results/posebench_702_predictions/chai1_gpu/dockgen/6pa2_1_ASP_2/default_s5_t200/predictions/pred.model_idx_3.cif,0.9105575680732728,0.9013285636901855,,11.12813879623808,1.0,9.0,1.0,0.25,False,False,dockgen::6pa2_1_ASP_2
dockgen,6pa6_2_ASN_0,6pa6,Chai-1 full receptor s5/t200,cofolding,True,True,False,3.168622728118849,results/posebench_702_predictions/chai1_gpu/dockgen/6pa6_2_ASN_0/default_s5_t200/predictions/pred.model_idx_2.cif,0.9102745056152344,0.9001948237419128,,0.505948617682027,1.0,9.0,2.0,0.25,False,False,dockgen::6pa6_2_ASN_0
dockgen,6paa_1_ASP_2,6paa,Chai-1 full receptor s5/t200,cofolding,True,True,False,35.3986154305918,results/posebench_702_predictions/chai1_gpu/dockgen/6paa_1_ASP_2/default_s5_t200/predictions/pred.model_idx_0.cif,0.9131577014923096,0.903458833694458,,1.0439630245231617,1.0,9.0,1.0,0.25,False,False,dockgen::6paa_1_ASP_2
dockgen,6qkr_1_FAD_0,6qkr,Chai-1 full receptor s5/t200,cofolding,True,True,True,0.3094220363306849,results/posebench_702_predictions/chai1_gpu/dockgen/6qkr_1_FAD_0/default_s5_t200/predictions/pred.model_idx_4.cif,0.8770822286605835,0.8631244897842407,,0.3877845539798175,1.0,53.0,18.0,0.2071428571428571,False,False,dockgen::6qkr_1_FAD_0
dockgen,6rms_1_AMP_1,6rms,Chai-1 full receptor s5/t200,cofolding,True,True,False,55.84177293235419,results/posebench_702_predictions/chai1_gpu/dockgen/6rms_1_AMP_1/default_s5_t200/predictions/pred.model_idx_4.cif,0.7640945315361023,0.7311798930168152,,0.840398640184211,1.0,23.0,7.0,0.2608695652173913,False,False,dockgen::6rms_1_AMP_1
dockgen,6ryz_1_SAM_2,6ryz,Chai-1 full receptor s5/t200,cofolding,True,True,True,0.998053287296101,results/posebench_702_predictions/chai1_gpu/dockgen/6ryz_1_SAM_2/default_s5_t200/predictions/pred.model_idx_2.cif,0.8537983894348145,0.8460216522216797,,0.7067224555311461,1.0,27.0,9.0,0.2195121951219512,False,False,dockgen::6ryz_1_SAM_2
dockgen,6rz2_1_5CD_2,6rz2,Chai-1 full receptor s5/t200,cofolding,True,True,False,25.31221310700377,results/posebench_702_predictions/chai1_gpu/dockgen/6rz2_1_5CD_2/default_s5_t200/predictions/pred.model_idx_0.cif,0.8144741654396057,0.8037384748458862,,14.55865150938093,1.0,19.0,7.0,0.2333333333333333,False,False,dockgen::6rz2_1_5CD_2
dockgen,6tvg_1_AP2_1,6tvg,Chai-1 full receptor s5/t200,cofolding,True,True,False,5.51459645355919,results/posebench_702_predictions/chai1_gpu/dockgen/6tvg_1_AP2_1/default_s5_t200/predictions/pred.model_idx_4.cif,0.8482660055160522,0.8361661434173584,,7.929096294852872,1.0,27.0,7.0,0.2465753424657534,False,False,dockgen::6tvg_1_AP2_1
dockgen,6uqy_2_AT3_0,6uqy,Chai-1 full receptor s5/t200,cofolding,True,True,True,0.7659532711764273,results/posebench_702_predictions/chai1_gpu/dockgen/6uqy_2_AT3_0/default_s5_t200/predictions/pred.model_idx_4.cif,0.7196722626686096,0.6619232296943665,,0.2314379584360172,1.0,10.0,1.0,0.3181818181818182,False,False,dockgen::6uqy_2_AT3_0
dockgen,6ur1_2_AT3_0,6ur1,Chai-1 full receptor s5/t200,cofolding,True,True,False,5.168693414610857,results/posebench_702_predictions/chai1_gpu/dockgen/6ur1_2_AT3_0/default_s5_t200/predictions/pred.model_idx_3.cif,0.6757484078407288,0.6082180738449097,,0.8431573890754014,1.0,10.0,1.0,0.3181818181818182,False,False,dockgen::6ur1_2_AT3_0
dockgen,6v2a_1_ASN_3,6v2a,Chai-1 full receptor s5/t200,cofolding,True,True,False,35.88363151931019,results/posebench_702_predictions/chai1_gpu/dockgen/6v2a_1_ASN_3/default_s5_t200/predictions/pred.model_idx_2.cif,0.9148225784301758,0.9064478874206544,,0.3460362507796245,1.0,9.0,2.0,0.25,False,False,dockgen::6v2a_1_ASN_3
dockgen,6wyz_1_DGL_1,6wyz,Chai-1 full receptor s5/t200,cofolding,True,True,False,35.24624843543735,results/posebench_702_predictions/chai1_gpu/dockgen/6wyz_1_DGL_1/default_s5_t200/predictions/pred.model_idx_1.cif,0.8818081021308899,0.8691837787628174,,0.7976897895804163,1.0,10.0,1.0,0.2222222222222222,False,False,dockgen::6wyz_1_DGL_1
dockgen,6xb3_3_9BG_1,6xb3,Chai-1 full receptor s5/t200,cofolding,True,True,False,25.064891143428984,results/posebench_702_predictions/chai1_gpu/dockgen/6xb3_3_9BG_1/default_s5_t200/predictions/pred.model_idx_3.cif,0.169849693775177,0.1304353922605514,,18.2196981819409,1.0,46.0,15.0,0.1979166666666666,False,False,dockgen::6xb3_3_9BG_1
dockgen,6xug_1_O1Q_0,6xug,Chai-1 full receptor s5/t200,cofolding,True,True,True,0.4126081373709394,results/posebench_702_predictions/chai1_gpu/dockgen/6xug_1_O1Q_0/default_s5_t200/predictions/pred.model_idx_0.cif,0.7883907556533813,0.7657238245010376,,0.3089291171159372,1.0,31.0,10.0,0.1929824561403508,False,False,dockgen::6xug_1_O1Q_0
dockgen,6yao_1_OJ2_0,6yao,Chai-1 full receptor s5/t200,cofolding,True,True,False,2.8136843811872803,results/posebench_702_predictions/chai1_gpu/dockgen/6yao_1_OJ2_0/default_s5_t200/predictions/pred.model_idx_2.cif,0.6349883079528809,0.5592033267021179,,0.6882350884207421,1.0,24.0,5.0,0.2241379310344827,False,False,dockgen::6yao_1_OJ2_0
dockgen,6yap_1_OHZ_0,6yap,Chai-1 full receptor s5/t200,cofolding,True,True,False,3.0116793523878025,results/posebench_702_predictions/chai1_gpu/dockgen/6yap_1_OHZ_0/default_s5_t200/predictions/pred.model_idx_0.cif,0.5859169960021973,0.4992510080337524,,0.5754810162244336,1.0,25.0,6.0,0.1774193548387097,False,False,dockgen::6yap_1_OHZ_0
dockgen,6yaq_1_OHZ_0,6yaq,Chai-1 full receptor s5/t200,cofolding,True,True,False,7.585115356460172,results/posebench_702_predictions/chai1_gpu/dockgen/6yaq_1_OHZ_0/default_s5_t200/predictions/pred.model_idx_3.cif,0.6029436588287354,0.5232611894607544,,1.4151241018065224,1.0,25.0,6.0,0.1774193548387097,False,False,dockgen::6yaq_1_OHZ_0
