dataset,mol_id,pdb_id,native_ligand_file,start_conf_file,has_start_conf_file,has_native_ligand_file,start_conf_rmsd_no_align,start_conf_success_2a,max_train_ligand_tanimoto,train_scaffold_exact_match,train_pdb_id_overlap,ligand_heavy_atoms,ligand_chiral_centers
astex_diverse,1G9V_RQ3,1g9v,external/PoseBench/data/astex_diverse_set/1G9V_RQ3/1G9V_RQ3_ligand.sdf,external/PoseBench/data/astex_diverse_set/1G9V_RQ3/1G9V_RQ3_ligand_start_conf.sdf,True,True,48.442956482101714,False,0.4285714285714285,False,False,25.0,0.0
astex_diverse,1GKC_NFH,1gkc,external/PoseBench/data/astex_diverse_set/1GKC_NFH/1GKC_NFH_ligand.sdf,external/PoseBench/data/astex_diverse_set/1GKC_NFH/1GKC_NFH_ligand_start_conf.sdf,True,True,138.7532582184092,False,0.2777777777777778,False,False,22.0,2.0
astex_diverse,1GM8_SOX,1gm8,external/PoseBench/data/astex_diverse_set/1GM8_SOX/1GM8_SOX_ligand.sdf,external/PoseBench/data/astex_diverse_set/1GM8_SOX/1GM8_SOX_ligand_start_conf.sdf,True,True,16.68783990658817,False,0.3384615384615385,False,False,24.0,4.0
astex_diverse,1GPK_HUP,1gpk,external/PoseBench/data/astex_diverse_set/1GPK_HUP/1GPK_HUP_ligand.sdf,external/PoseBench/data/astex_diverse_set/1GPK_HUP/1GPK_HUP_ligand_start_conf.sdf,True,True,92.341624467385,False,0.1969696969696969,False,False,18.0,2.0
astex_diverse,1HNN_SKF,1hnn,external/PoseBench/data/astex_diverse_set/1HNN_SKF/1HNN_SKF_ligand.sdf,external/PoseBench/data/astex_diverse_set/1HNN_SKF/1HNN_SKF_ligand_start_conf.sdf,True,True,55.01027622167516,False,0.4186046511627907,False,False,14.0,0.0
astex_diverse,1HP0_AD3,1hp0,external/PoseBench/data/astex_diverse_set/1HP0_AD3/1HP0_AD3_ligand.sdf,external/PoseBench/data/astex_diverse_set/1HP0_AD3/1HP0_AD3_ligand_start_conf.sdf,True,True,34.10407782206048,False,0.6458333333333334,False,False,19.0,4.0
astex_diverse,1HQ2_PH2,1hq2,external/PoseBench/data/astex_diverse_set/1HQ2_PH2/1HQ2_PH2_ligand.sdf,external/PoseBench/data/astex_diverse_set/1HQ2_PH2/1HQ2_PH2_ligand_start_conf.sdf,True,True,21.448099867937017,False,0.5686274509803921,False,False,14.0,0.0
astex_diverse,1HVY_D16,1hvy,external/PoseBench/data/astex_diverse_set/1HVY_D16/1HVY_D16_ligand.sdf,external/PoseBench/data/astex_diverse_set/1HVY_D16/1HVY_D16_ligand_start_conf.sdf,True,True,87.41528019175195,False,1.0,True,False,32.0,1.0
astex_diverse,1HWI_115,1hwi,external/PoseBench/data/astex_diverse_set/1HWI_115/1HWI_115_ligand.sdf,external/PoseBench/data/astex_diverse_set/1HWI_115/1HWI_115_ligand_start_conf.sdf,True,True,36.328354186723075,False,0.2898550724637681,True,False,30.0,2.0
astex_diverse,1HWW_SWA,1hww,external/PoseBench/data/astex_diverse_set/1HWW_SWA/1HWW_SWA_ligand.sdf,external/PoseBench/data/astex_diverse_set/1HWW_SWA/1HWW_SWA_ligand_start_conf.sdf,True,True,73.97648361358944,False,0.1818181818181818,False,False,12.0,4.0
astex_diverse,1IA1_TQ3,1ia1,external/PoseBench/data/astex_diverse_set/1IA1_TQ3/1IA1_TQ3_ligand.sdf,external/PoseBench/data/astex_diverse_set/1IA1_TQ3/1IA1_TQ3_ligand_start_conf.sdf,True,True,42.56654858240088,False,0.2745098039215686,False,False,19.0,0.0
astex_diverse,1IG3_VIB,1ig3,external/PoseBench/data/astex_diverse_set/1IG3_VIB/1IG3_VIB_ligand.sdf,external/PoseBench/data/astex_diverse_set/1IG3_VIB/1IG3_VIB_ligand_start_conf.sdf,True,True,51.88954990328014,False,0.6428571428571429,True,False,18.0,0.0
astex_diverse,1J3J_CP6,1j3j,external/PoseBench/data/astex_diverse_set/1J3J_CP6/1J3J_CP6_ligand.sdf,external/PoseBench/data/astex_diverse_set/1J3J_CP6/1J3J_CP6_ligand_start_conf.sdf,True,True,65.47777626706637,False,1.0,True,False,17.0,0.0
astex_diverse,1JD0_AZM,1jd0,external/PoseBench/data/astex_diverse_set/1JD0_AZM/1JD0_AZM_ligand.sdf,external/PoseBench/data/astex_diverse_set/1JD0_AZM/1JD0_AZM_ligand_start_conf.sdf,True,True,27.16677681362915,False,0.2888888888888888,False,False,13.0,0.0
astex_diverse,1JJE_BYS,1jje,external/PoseBench/data/astex_diverse_set/1JJE_BYS/1JJE_BYS_ligand.sdf,external/PoseBench/data/astex_diverse_set/1JJE_BYS/1JJE_BYS_ligand_start_conf.sdf,True,True,72.3858695770908,False,0.3673469387755102,False,False,25.0,2.0
astex_diverse,1JLA_TNK,1jla,external/PoseBench/data/astex_diverse_set/1JLA_TNK/1JLA_TNK_ligand.sdf,external/PoseBench/data/astex_diverse_set/1JLA_TNK/1JLA_TNK_ligand_start_conf.sdf,True,True,43.27498370524117,False,0.2898550724637681,False,False,27.0,0.0
astex_diverse,1K3U_IAD,1k3u,external/PoseBench/data/astex_diverse_set/1K3U_IAD/1K3U_IAD_ligand.sdf,external/PoseBench/data/astex_diverse_set/1K3U_IAD/1K3U_IAD_ligand_start_conf.sdf,True,True,58.003146057881246,False,0.5454545454545454,True,False,21.0,1.0
astex_diverse,1KE5_LS1,1ke5,external/PoseBench/data/astex_diverse_set/1KE5_LS1/1KE5_LS1_ligand.sdf,external/PoseBench/data/astex_diverse_set/1KE5_LS1/1KE5_LS1_ligand_start_conf.sdf,True,True,63.28867770836987,False,0.3272727272727272,False,False,23.0,0.0
astex_diverse,1KZK_JE2,1kzk,external/PoseBench/data/astex_diverse_set/1KZK_JE2/1KZK_JE2_ligand.sdf,external/PoseBench/data/astex_diverse_set/1KZK_JE2/1KZK_JE2_ligand_start_conf.sdf,True,True,27.153578933436936,False,0.2391304347826087,False,False,41.0,3.0
astex_diverse,1L2S_STC,1l2s,external/PoseBench/data/astex_diverse_set/1L2S_STC/1L2S_STC_ligand.sdf,external/PoseBench/data/astex_diverse_set/1L2S_STC/1L2S_STC_ligand_start_conf.sdf,True,True,85.66705335707046,False,0.3421052631578947,False,False,19.0,0.0
astex_diverse,1L7F_BCZ,1l7f,external/PoseBench/data/astex_diverse_set/1L7F_BCZ/1L7F_BCZ_ligand.sdf,external/PoseBench/data/astex_diverse_set/1L7F_BCZ/1L7F_BCZ_ligand_start_conf.sdf,True,True,70.94844368407675,False,1.0,True,False,23.0,5.0
astex_diverse,1LPZ_CMB,1lpz,external/PoseBench/data/astex_diverse_set/1LPZ_CMB/1LPZ_CMB_ligand.sdf,external/PoseBench/data/astex_diverse_set/1LPZ_CMB/1LPZ_CMB_ligand_start_conf.sdf,True,True,26.264079858793124,False,0.3717948717948718,False,False,32.0,0.0
astex_diverse,1LRH_NLA,1lrh,external/PoseBench/data/astex_diverse_set/1LRH_NLA/1LRH_NLA_ligand.sdf,external/PoseBench/data/astex_diverse_set/1LRH_NLA/1LRH_NLA_ligand_start_conf.sdf,True,True,103.93127255344548,False,0.6060606060606061,True,False,14.0,0.0
astex_diverse,1M2Z_DEX,1m2z,external/PoseBench/data/astex_diverse_set/1M2Z_DEX/1M2Z_DEX_ligand.sdf,external/PoseBench/data/astex_diverse_set/1M2Z_DEX/1M2Z_DEX_ligand_start_conf.sdf,True,True,34.556319375803035,False,1.0,True,False,28.0,8.0
astex_diverse,1MEH_MOA,1meh,external/PoseBench/data/astex_diverse_set/1MEH_MOA/1MEH_MOA_ligand.sdf,external/PoseBench/data/astex_diverse_set/1MEH_MOA/1MEH_MOA_ligand_start_conf.sdf,True,True,82.47461184260703,False,0.2307692307692307,False,False,23.0,0.0
astex_diverse,1MMV_3AR,1mmv,external/PoseBench/data/astex_diverse_set/1MMV_3AR/1MMV_3AR_ligand.sdf,external/PoseBench/data/astex_diverse_set/1MMV_3AR/1MMV_3AR_ligand_start_conf.sdf,True,True,60.7865332514146,False,0.6470588235294118,False,False,15.0,1.0
astex_diverse,1MZC_BNE,1mzc,external/PoseBench/data/astex_diverse_set/1MZC_BNE/1MZC_BNE_ligand.sdf,external/PoseBench/data/astex_diverse_set/1MZC_BNE/1MZC_BNE_ligand_start_conf.sdf,True,True,134.8187357723166,False,0.2129629629629629,False,False,35.0,2.0
astex_diverse,1N1M_A3M,1n1m,external/PoseBench/data/astex_diverse_set/1N1M_A3M/1N1M_A3M_ligand.sdf,external/PoseBench/data/astex_diverse_set/1N1M_A3M/1N1M_A3M_ligand_start_conf.sdf,True,True,148.08363590695407,False,0.3170731707317073,True,False,12.0,1.0
astex_diverse,1N2J_PAF,1n2j,external/PoseBench/data/astex_diverse_set/1N2J_PAF/1N2J_PAF_ligand.sdf,external/PoseBench/data/astex_diverse_set/1N2J_PAF/1N2J_PAF_ligand_start_conf.sdf,True,True,67.10797171795613,False,0.2857142857142857,False,False,10.0,1.0
astex_diverse,1N2V_BDI,1n2v,external/PoseBench/data/astex_diverse_set/1N2V_BDI/1N2V_BDI_ligand.sdf,external/PoseBench/data/astex_diverse_set/1N2V_BDI/1N2V_BDI_ligand_start_conf.sdf,True,True,32.71072431079243,False,0.2244897959183673,False,False,15.0,0.0
astex_diverse,1N46_PFA,1n46,external/PoseBench/data/astex_diverse_set/1N46_PFA/1N46_PFA_ligand.sdf,external/PoseBench/data/astex_diverse_set/1N46_PFA/1N46_PFA_ligand_start_conf.sdf,True,True,23.276525109527075,False,0.2608695652173913,False,False,27.0,0.0
astex_diverse,1NAV_IH5,1nav,external/PoseBench/data/astex_diverse_set/1NAV_IH5/1NAV_IH5_ligand.sdf,external/PoseBench/data/astex_diverse_set/1NAV_IH5/1NAV_IH5_ligand_start_conf.sdf,True,True,55.47922664598846,False,0.3620689655172414,True,False,23.0,0.0
astex_diverse,1OF1_SCT,1of1,external/PoseBench/data/astex_diverse_set/1OF1_SCT/1OF1_SCT_ligand.sdf,external/PoseBench/data/astex_diverse_set/1OF1_SCT/1OF1_SCT_ligand_start_conf.sdf,True,True,31.802886068728974,False,0.3492063492063492,False,False,18.0,4.0
astex_diverse,1OF6_DTY,1of6,external/PoseBench/data/astex_diverse_set/1OF6_DTY/1OF6_DTY_ligand.sdf,external/PoseBench/data/astex_diverse_set/1OF6_DTY/1OF6_DTY_ligand_start_conf.sdf,True,True,58.97424273943017,False,0.5142857142857142,True,False,13.0,1.0
astex_diverse,1OPK_P16,1opk,external/PoseBench/data/astex_diverse_set/1OPK_P16/1OPK_P16_ligand.sdf,external/PoseBench/data/astex_diverse_set/1OPK_P16/1OPK_P16_ligand_start_conf.sdf,True,True,54.018521806030755,False,0.3522727272727273,False,False,29.0,0.0
astex_diverse,1OQ5_CEL,1oq5,external/PoseBench/data/astex_diverse_set/1OQ5_CEL/1OQ5_CEL_ligand.sdf,external/PoseBench/data/astex_diverse_set/1OQ5_CEL/1OQ5_CEL_ligand_start_conf.sdf,True,True,23.065148626911956,False,1.0,True,False,26.0,0.0
astex_diverse,1OWE_675,1owe,external/PoseBench/data/astex_diverse_set/1OWE_675/1OWE_675_ligand.sdf,external/PoseBench/data/astex_diverse_set/1OWE_675/1OWE_675_ligand_start_conf.sdf,True,True,43.472424377069196,False,0.4313725490196078,False,False,22.0,0.0
astex_diverse,1OYT_FSN,1oyt,external/PoseBench/data/astex_diverse_set/1OYT_FSN/1OYT_FSN_ligand.sdf,external/PoseBench/data/astex_diverse_set/1OYT_FSN/1OYT_FSN_ligand_start_conf.sdf,True,True,30.430156245562284,False,0.2878787878787879,False,False,30.0,4.0
astex_diverse,1P2Y_NCT,1p2y,external/PoseBench/data/astex_diverse_set/1P2Y_NCT/1P2Y_NCT_ligand.sdf,external/PoseBench/data/astex_diverse_set/1P2Y_NCT/1P2Y_NCT_ligand_start_conf.sdf,True,True,46.32648379589872,False,1.0,True,False,12.0,1.0
astex_diverse,1P62_GEO,1p62,external/PoseBench/data/astex_diverse_set/1P62_GEO/1P62_GEO_ligand.sdf,external/PoseBench/data/astex_diverse_set/1P62_GEO/1P62_GEO_ligand_start_conf.sdf,True,True,79.56243468697677,False,0.6041666666666666,True,False,18.0,3.0
astex_diverse,1PMN_984,1pmn,external/PoseBench/data/astex_diverse_set/1PMN_984/1PMN_984_ligand.sdf,external/PoseBench/data/astex_diverse_set/1PMN_984/1PMN_984_ligand_start_conf.sdf,True,True,41.083484163188615,False,0.3258426966292135,False,False,33.0,0.0
astex_diverse,1Q1G_MTI,1q1g,external/PoseBench/data/astex_diverse_set/1Q1G_MTI/1Q1G_MTI_ligand.sdf,external/PoseBench/data/astex_diverse_set/1Q1G_MTI/1Q1G_MTI_ligand_start_conf.sdf,True,True,77.40467602684932,False,0.4821428571428571,False,False,20.0,4.0
astex_diverse,1Q41_IXM,1q41,external/PoseBench/data/astex_diverse_set/1Q41_IXM/1Q41_IXM_ligand.sdf,external/PoseBench/data/astex_diverse_set/1Q41_IXM/1Q41_IXM_ligand_start_conf.sdf,True,True,54.49298635175776,False,0.3333333333333333,False,False,21.0,0.0
astex_diverse,1Q4G_BFL,1q4g,external/PoseBench/data/astex_diverse_set/1Q4G_BFL/1Q4G_BFL_ligand.sdf,external/PoseBench/data/astex_diverse_set/1Q4G_BFL/1Q4G_BFL_ligand_start_conf.sdf,True,True,204.1382924918071,False,0.5483870967741935,True,False,17.0,1.0
astex_diverse,1R1H_BIR,1r1h,external/PoseBench/data/astex_diverse_set/1R1H_BIR/1R1H_BIR_ligand.sdf,external/PoseBench/data/astex_diverse_set/1R1H_BIR/1R1H_BIR_ligand_start_conf.sdf,True,True,64.7076961837936,False,0.4925373134328358,True,False,29.0,4.0
astex_diverse,1R55_097,1r55,external/PoseBench/data/astex_diverse_set/1R55_097/1R55_097_ligand.sdf,external/PoseBench/data/astex_diverse_set/1R55_097/1R55_097_ligand_start_conf.sdf,True,True,31.058348110598708,False,0.3333333333333333,False,False,23.0,3.0
astex_diverse,1R58_AO5,1r58,external/PoseBench/data/astex_diverse_set/1R58_AO5/1R58_AO5_ligand.sdf,external/PoseBench/data/astex_diverse_set/1R58_AO5/1R58_AO5_ligand_start_conf.sdf,True,True,39.81440933788648,False,0.3928571428571428,True,False,23.0,2.0
astex_diverse,1R9O_FLP,1r9o,external/PoseBench/data/astex_diverse_set/1R9O_FLP/1R9O_FLP_ligand.sdf,external/PoseBench/data/astex_diverse_set/1R9O_FLP/1R9O_FLP_ligand_start_conf.sdf,True,True,34.93855522490718,False,0.4680851063829787,True,False,18.0,1.0
astex_diverse,1S19_MC9,1s19,external/PoseBench/data/astex_diverse_set/1S19_MC9/1S19_MC9_ligand.sdf,external/PoseBench/data/astex_diverse_set/1S19_MC9/1S19_MC9_ligand_start_conf.sdf,True,True,43.69377078426626,False,0.6285714285714286,False,False,30.0,7.0
astex_diverse,1S3V_TQD,1s3v,external/PoseBench/data/astex_diverse_set/1S3V_TQD/1S3V_TQD_ligand.sdf,external/PoseBench/data/astex_diverse_set/1S3V_TQD/1S3V_TQD_ligand_start_conf.sdf,True,True,29.219753116747988,False,0.2537313432835821,False,False,27.0,2.0
astex_diverse,1SG0_STL,1sg0,external/PoseBench/data/astex_diverse_set/1SG0_STL/1SG0_STL_ligand.sdf,external/PoseBench/data/astex_diverse_set/1SG0_STL/1SG0_STL_ligand_start_conf.sdf,True,True,50.71251163231463,False,1.0,True,False,17.0,0.0
astex_diverse,1SJ0_E4D,1sj0,external/PoseBench/data/astex_diverse_set/1SJ0_E4D/1SJ0_E4D_ligand.sdf,external/PoseBench/data/astex_diverse_set/1SJ0_E4D/1SJ0_E4D_ligand_start_conf.sdf,True,True,41.00816586125552,False,0.4571428571428571,False,False,33.0,2.0
astex_diverse,1SQ5_PAU,1sq5,external/PoseBench/data/astex_diverse_set/1SQ5_PAU/1SQ5_PAU_ligand.sdf,external/PoseBench/data/astex_diverse_set/1SQ5_PAU/1SQ5_PAU_ligand_start_conf.sdf,True,True,53.453586771840364,False,0.5116279069767442,False,False,15.0,1.0
astex_diverse,1SQN_NDR,1sqn,external/PoseBench/data/astex_diverse_set/1SQN_NDR/1SQN_NDR_ligand.sdf,external/PoseBench/data/astex_diverse_set/1SQN_NDR/1SQN_NDR_ligand_start_conf.sdf,True,True,30.31850027186371,False,0.3174603174603174,True,False,22.0,6.0
astex_diverse,1T40_ID5,1t40,external/PoseBench/data/astex_diverse_set/1T40_ID5/1T40_ID5_ligand.sdf,external/PoseBench/data/astex_diverse_set/1T40_ID5/1T40_ID5_ligand_start_conf.sdf,True,True,23.869406590826976,False,0.2808988764044944,False,False,28.0,0.0
astex_diverse,1T46_STI,1t46,external/PoseBench/data/astex_diverse_set/1T46_STI/1T46_STI_ligand.sdf,external/PoseBench/data/astex_diverse_set/1T46_STI/1T46_STI_ligand_start_conf.sdf,True,True,55.852312272923506,False,0.4057971014492754,False,False,37.0,0.0
astex_diverse,1T9B_1CS,1t9b,external/PoseBench/data/astex_diverse_set/1T9B_1CS/1T9B_1CS_ligand.sdf,external/PoseBench/data/astex_diverse_set/1T9B_1CS/1T9B_1CS_ligand_start_conf.sdf,True,True,134.27320019137167,False,0.7450980392156863,True,False,23.0,0.0
astex_diverse,1TOW_CRZ,1tow,external/PoseBench/data/astex_diverse_set/1TOW_CRZ/1TOW_CRZ_ligand.sdf,external/PoseBench/data/astex_diverse_set/1TOW_CRZ/1TOW_CRZ_ligand_start_conf.sdf,True,True,22.19373044567459,False,0.4358974358974359,False,False,19.0,0.0
astex_diverse,1TT1_KAI,1tt1,external/PoseBench/data/astex_diverse_set/1TT1_KAI/1TT1_KAI_ligand.sdf,external/PoseBench/data/astex_diverse_set/1TT1_KAI/1TT1_KAI_ligand_start_conf.sdf,True,True,27.08690506691379,False,1.0,True,False,15.0,3.0
astex_diverse,1TZ8_DES,1tz8,external/PoseBench/data/astex_diverse_set/1TZ8_DES/1TZ8_DES_ligand.sdf,external/PoseBench/data/astex_diverse_set/1TZ8_DES/1TZ8_DES_ligand_start_conf.sdf,True,True,73.39329568672468,False,0.425,True,False,20.0,0.0
astex_diverse,1U1C_BAU,1u1c,external/PoseBench/data/astex_diverse_set/1U1C_BAU/1U1C_BAU_ligand.sdf,external/PoseBench/data/astex_diverse_set/1U1C_BAU/1U1C_BAU_ligand_start_conf.sdf,True,True,145.32815644632322,False,0.3818181818181818,False,False,20.0,0.0
astex_diverse,1U4D_DBQ,1u4d,external/PoseBench/data/astex_diverse_set/1U4D_DBQ/1U4D_DBQ_ligand.sdf,external/PoseBench/data/astex_diverse_set/1U4D_DBQ/1U4D_DBQ_ligand_start_conf.sdf,True,True,72.07537412165591,False,0.2352941176470588,False,False,18.0,0.0
astex_diverse,1UML_FR4,1uml,external/PoseBench/data/astex_diverse_set/1UML_FR4/1UML_FR4_ligand.sdf,external/PoseBench/data/astex_diverse_set/1UML_FR4/1UML_FR4_ligand_start_conf.sdf,True,True,76.30909667073735,False,0.2788461538461538,False,False,33.0,1.0
astex_diverse,1UNL_RRC,1unl,external/PoseBench/data/astex_diverse_set/1UNL_RRC/1UNL_RRC_ligand.sdf,external/PoseBench/data/astex_diverse_set/1UNL_RRC/1UNL_RRC_ligand_start_conf.sdf,True,True,72.26979662397808,False,0.4782608695652174,True,False,26.0,1.0
astex_diverse,1UOU_CMU,1uou,external/PoseBench/data/astex_diverse_set/1UOU_CMU/1UOU_CMU_ligand.sdf,external/PoseBench/data/astex_diverse_set/1UOU_CMU/1UOU_CMU_ligand_start_conf.sdf,True,True,30.74338488506511,False,0.2203389830508474,False,False,16.0,0.0
astex_diverse,1V0P_PVB,1v0p,external/PoseBench/data/astex_diverse_set/1V0P_PVB/1V0P_PVB_ligand.sdf,external/PoseBench/data/astex_diverse_set/1V0P_PVB/1V0P_PVB_ligand_start_conf.sdf,True,True,44.19034345003442,False,0.3095238095238095,False,False,30.0,1.0
astex_diverse,1V48_HA1,1v48,external/PoseBench/data/astex_diverse_set/1V48_HA1/1V48_HA1_ligand.sdf,external/PoseBench/data/astex_diverse_set/1V48_HA1/1V48_HA1_ligand_start_conf.sdf,True,True,100.19817075270024,False,0.5,True,False,22.0,0.0
astex_diverse,1V4S_MRK,1v4s,external/PoseBench/data/astex_diverse_set/1V4S_MRK/1V4S_MRK_ligand.sdf,external/PoseBench/data/astex_diverse_set/1V4S_MRK/1V4S_MRK_ligand_start_conf.sdf,True,True,75.901050752253,False,0.3823529411764705,False,False,23.0,0.0
astex_diverse,1VCJ_IBA,1vcj,external/PoseBench/data/astex_diverse_set/1VCJ_IBA/1VCJ_IBA_ligand.sdf,external/PoseBench/data/astex_diverse_set/1VCJ_IBA/1VCJ_IBA_ligand_start_conf.sdf,True,True,72.45780686215392,False,0.265625,False,False,25.0,1.0
astex_diverse,1W1P_GIO,1w1p,external/PoseBench/data/astex_diverse_set/1W1P_GIO/1W1P_GIO_ligand.sdf,external/PoseBench/data/astex_diverse_set/1W1P_GIO/1W1P_GIO_ligand_start_conf.sdf,True,True,101.13240248393103,False,0.3035714285714285,False,False,11.0,1.0
astex_diverse,1W2G_THM,1w2g,external/PoseBench/data/astex_diverse_set/1W2G_THM/1W2G_THM_ligand.sdf,external/PoseBench/data/astex_diverse_set/1W2G_THM/1W2G_THM_ligand_start_conf.sdf,True,True,77.03075344215375,False,0.7142857142857143,True,False,17.0,3.0
astex_diverse,1X8X_TYR,1x8x,external/PoseBench/data/astex_diverse_set/1X8X_TYR/1X8X_TYR_ligand.sdf,external/PoseBench/data/astex_diverse_set/1X8X_TYR/1X8X_TYR_ligand_start_conf.sdf,True,True,34.46213629027125,False,0.5142857142857142,True,False,13.0,1.0
astex_diverse,1XM6_5RM,1xm6,external/PoseBench/data/astex_diverse_set/1XM6_5RM/1XM6_5RM_ligand.sdf,external/PoseBench/data/astex_diverse_set/1XM6_5RM/1XM6_5RM_ligand_start_conf.sdf,True,True,47.91307579812469,False,0.2894736842105263,False,False,19.0,1.0
astex_diverse,1XOQ_ROF,1xoq,external/PoseBench/data/astex_diverse_set/1XOQ_ROF/1XOQ_ROF_ligand.sdf,external/PoseBench/data/astex_diverse_set/1XOQ_ROF/1XOQ_ROF_ligand_start_conf.sdf,True,True,102.09223251673157,False,0.2891566265060241,False,False,26.0,0.0
astex_diverse,1XOZ_CIA,1xoz,external/PoseBench/data/astex_diverse_set/1XOZ_CIA/1XOZ_CIA_ligand.sdf,external/PoseBench/data/astex_diverse_set/1XOZ_CIA/1XOZ_CIA_ligand_start_conf.sdf,True,True,60.88000334020279,False,0.2597402597402597,False,False,29.0,2.0
astex_diverse,1Y6B_AAX,1y6b,external/PoseBench/data/astex_diverse_set/1Y6B_AAX/1Y6B_AAX_ligand.sdf,external/PoseBench/data/astex_diverse_set/1Y6B_AAX/1Y6B_AAX_ligand_start_conf.sdf,True,True,37.070769824299255,False,0.2906976744186046,False,False,34.0,0.0
astex_diverse,1YGC_905,1ygc,external/PoseBench/data/astex_diverse_set/1YGC_905/1YGC_905_ligand.sdf,external/PoseBench/data/astex_diverse_set/1YGC_905/1YGC_905_ligand_start_conf.sdf,True,True,54.5091403096065,False,0.2888888888888888,False,False,38.0,1.0
astex_diverse,1YQY_915,1yqy,external/PoseBench/data/astex_diverse_set/1YQY_915/1YQY_915_ligand.sdf,external/PoseBench/data/astex_diverse_set/1YQY_915/1YQY_915_ligand_start_conf.sdf,True,True,35.10889162210349,False,0.2676056338028169,False,False,23.0,1.0
astex_diverse,1YV3_BIT,1yv3,external/PoseBench/data/astex_diverse_set/1YV3_BIT/1YV3_BIT_ligand.sdf,external/PoseBench/data/astex_diverse_set/1YV3_BIT/1YV3_BIT_ligand_start_conf.sdf,True,True,58.733130645917846,False,0.3043478260869565,False,False,22.0,1.0
astex_diverse,1YVF_PH7,1yvf,external/PoseBench/data/astex_diverse_set/1YVF_PH7/1YVF_PH7_ligand.sdf,external/PoseBench/data/astex_diverse_set/1YVF_PH7/1YVF_PH7_ligand_start_conf.sdf,True,True,76.60580010937721,False,0.3191489361702128,False,False,28.0,0.0
astex_diverse,1YWR_LI9,1ywr,external/PoseBench/data/astex_diverse_set/1YWR_LI9/1YWR_LI9_ligand.sdf,external/PoseBench/data/astex_diverse_set/1YWR_LI9/1YWR_LI9_ligand_start_conf.sdf,True,True,22.526559538965806,False,0.2758620689655172,False,False,35.0,1.0
astex_diverse,1Z95_198,1z95,external/PoseBench/data/astex_diverse_set/1Z95_198/1Z95_198_ligand.sdf,external/PoseBench/data/astex_diverse_set/1Z95_198/1Z95_198_ligand_start_conf.sdf,True,True,29.738902529804985,False,0.2571428571428571,False,False,29.0,1.0
astex_diverse,2BM2_PM2,2bm2,external/PoseBench/data/astex_diverse_set/2BM2_PM2/2BM2_PM2_ligand.sdf,external/PoseBench/data/astex_diverse_set/2BM2_PM2/2BM2_PM2_ligand_start_conf.sdf,True,True,145.8961360877628,False,0.3333333333333333,False,False,30.0,0.0
astex_diverse,2BR1_PFP,2br1,external/PoseBench/data/astex_diverse_set/2BR1_PFP/2BR1_PFP_ligand.sdf,external/PoseBench/data/astex_diverse_set/2BR1_PFP/2BR1_PFP_ligand_start_conf.sdf,True,True,20.948073364673043,False,0.3064516129032258,False,False,29.0,0.0
astex_diverse,2BSM_BSM,2bsm,external/PoseBench/data/astex_diverse_set/2BSM_BSM/2BSM_BSM_ligand.sdf,external/PoseBench/data/astex_diverse_set/2BSM_BSM/2BSM_BSM_ligand_start_conf.sdf,True,True,42.575836156330986,False,0.2987012987012987,False,False,27.0,0.0
posebusters_benchmark,5S8I_2LY,5s8i,external/PoseBench/data/posebusters_benchmark_set/5S8I_2LY/5S8I_2LY_ligand.sdf,external/PoseBench/data/posebusters_benchmark_set/5S8I_2LY/5S8I_2LY_ligand_start_conf.sdf,True,True,37.43265476301304,False,0.25,False,False,13.0,0.0
posebusters_benchmark,5SAK_ZRY,5sak,external/PoseBench/data/posebusters_benchmark_set/5SAK_ZRY/5SAK_ZRY_ligand.sdf,external/PoseBench/data/posebusters_benchmark_set/5SAK_ZRY/5SAK_ZRY_ligand_start_conf.sdf,True,True,63.962779777244066,False,0.2222222222222222,False,False,18.0,0.0
posebusters_benchmark,5SB2_1K2,5sb2,external/PoseBench/data/posebusters_benchmark_set/5SB2_1K2/5SB2_1K2_ligand.sdf,external/PoseBench/data/posebusters_benchmark_set/5SB2_1K2/5SB2_1K2_ligand_start_conf.sdf,True,True,23.38349192329922,False,1.0,True,True,30.0,2.0
posebusters_benchmark,5SD5_HWI,5sd5,external/PoseBench/data/posebusters_benchmark_set/5SD5_HWI/5SD5_HWI_ligand.sdf,external/PoseBench/data/posebusters_benchmark_set/5SD5_HWI/5SD5_HWI_ligand_start_conf.sdf,True,True,16.96775362054701,False,0.4788732394366197,False,False,29.0,0.0
posebusters_benchmark,5SIS_JSM,5sis,external/PoseBench/data/posebusters_benchmark_set/5SIS_JSM/5SIS_JSM_ligand.sdf,external/PoseBench/data/posebusters_benchmark_set/5SIS_JSM/5SIS_JSM_ligand_start_conf.sdf,True,True,127.97252397254923,False,0.8235294117647058,True,False,32.0,0.0
posebusters_benchmark,6M2B_EZO,6m2b,external/PoseBench/data/posebusters_benchmark_set/6M2B_EZO/6M2B_EZO_ligand.sdf,external/PoseBench/data/posebusters_benchmark_set/6M2B_EZO/6M2B_EZO_ligand_start_conf.sdf,True,True,42.03915855597017,False,0.3378378378378378,False,False,25.0,0.0
posebusters_benchmark,6M73_FNR,6m73,external/PoseBench/data/posebusters_benchmark_set/6M73_FNR/6M73_FNR_ligand.sdf,external/PoseBench/data/posebusters_benchmark_set/6M73_FNR/6M73_FNR_ligand_start_conf.sdf,True,True,47.64631038037705,False,1.0,True,False,31.0,3.0
posebusters_benchmark,6T88_MWQ,6t88,external/PoseBench/data/posebusters_benchmark_set/6T88_MWQ/6T88_MWQ_ligand.sdf,external/PoseBench/data/posebusters_benchmark_set/6T88_MWQ/6T88_MWQ_ligand_start_conf.sdf,True,True,55.21149437587249,False,0.3076923076923077,True,False,10.0,0.0
posebusters_benchmark,6TW5_9M2,6tw5,external/PoseBench/data/posebusters_benchmark_set/6TW5_9M2/6TW5_9M2_ligand.sdf,external/PoseBench/data/posebusters_benchmark_set/6TW5_9M2/6TW5_9M2_ligand_start_conf.sdf,True,True,89.99968664534516,False,0.2688172043010752,False,False,31.0,0.0
posebusters_benchmark,6TW7_NZB,6tw7,external/PoseBench/data/posebusters_benchmark_set/6TW7_NZB/6TW7_NZB_ligand.sdf,external/PoseBench/data/posebusters_benchmark_set/6TW7_NZB/6TW7_NZB_ligand_start_conf.sdf,True,True,78.398744387865,False,0.2577319587628865,False,False,29.0,0.0
posebusters_benchmark,6VS3_R6V,6vs3,external/PoseBench/data/posebusters_benchmark_set/6VS3_R6V/6VS3_R6V_ligand.sdf,external/PoseBench/data/posebusters_benchmark_set/6VS3_R6V/6VS3_R6V_ligand_start_conf.sdf,True,True,60.552436618649416,False,0.3033707865168539,False,False,36.0,1.0
posebusters_benchmark,6VTA_AKN,6vta,external/PoseBench/data/posebusters_benchmark_set/6VTA_AKN/6VTA_AKN_ligand.sdf,external/PoseBench/data/posebusters_benchmark_set/6VTA_AKN/6VTA_AKN_ligand_start_conf.sdf,True,True,98.12945100137114,False,0.4558823529411764,False,False,40.0,16.0
posebusters_benchmark,6W59_SZD,6w59,external/PoseBench/data/posebusters_benchmark_set/6W59_SZD/6W59_SZD_ligand.sdf,external/PoseBench/data/posebusters_benchmark_set/6W59_SZD/6W59_SZD_ligand_start_conf.sdf,True,True,46.37696819820696,False,0.373134328358209,False,False,32.0,0.0
posebusters_benchmark,6WTN_RXT,6wtn,external/PoseBench/data/posebusters_benchmark_set/6WTN_RXT/6WTN_RXT_ligand.sdf,external/PoseBench/data/posebusters_benchmark_set/6WTN_RXT/6WTN_RXT_ligand_start_conf.sdf,True,True,28.03762852964007,False,0.2428571428571428,False,False,23.0,1.0
posebusters_benchmark,6X8D_ARA,6x8d,external/PoseBench/data/posebusters_benchmark_set/6X8D_ARA/6X8D_ARA_ligand.sdf,external/PoseBench/data/posebusters_benchmark_set/6X8D_ARA/6X8D_ARA_ligand_start_conf.sdf,True,True,74.70909406061621,False,0.28,True,False,10.0,4.0
posebusters_benchmark,6XAF_GDP,6xaf,external/PoseBench/data/posebusters_benchmark_set/6XAF_GDP/6XAF_GDP_ligand.sdf,external/PoseBench/data/posebusters_benchmark_set/6XAF_GDP/6XAF_GDP_ligand_start_conf.sdf,True,True,31.800710691042063,False,1.0,True,False,28.0,5.0
posebusters_benchmark,6XBO_5MC,6xbo,external/PoseBench/data/posebusters_benchmark_set/6XBO_5MC/6XBO_5MC_ligand.sdf,external/PoseBench/data/posebusters_benchmark_set/6XBO_5MC/6XBO_5MC_ligand_start_conf.sdf,True,True,23.445570494261037,False,0.5666666666666667,True,False,22.0,4.0
posebusters_benchmark,6XCT_478,6xct,external/PoseBench/data/posebusters_benchmark_set/6XCT_478/6XCT_478_ligand.sdf,external/PoseBench/data/posebusters_benchmark_set/6XCT_478/6XCT_478_ligand_start_conf.sdf,True,True,23.557442856770344,False,0.7236842105263158,False,False,35.0,3.0
posebusters_benchmark,6XG5_TOP,6xg5,external/PoseBench/data/posebusters_benchmark_set/6XG5_TOP/6XG5_TOP_ligand.sdf,external/PoseBench/data/posebusters_benchmark_set/6XG5_TOP/6XG5_TOP_ligand_start_conf.sdf,True,True,34.81569260008098,False,1.0,True,False,21.0,0.0
posebusters_benchmark,6XHT_V2V,6xht,external/PoseBench/data/posebusters_benchmark_set/6XHT_V2V/6XHT_V2V_ligand.sdf,external/PoseBench/data/posebusters_benchmark_set/6XHT_V2V/6XHT_V2V_ligand_start_conf.sdf,True,True,108.35953081378727,False,0.7419354838709677,True,False,34.0,9.0
posebusters_benchmark,6XM9_V55,6xm9,external/PoseBench/data/posebusters_benchmark_set/6XM9_V55/6XM9_V55_ligand.sdf,external/PoseBench/data/posebusters_benchmark_set/6XM9_V55/6XM9_V55_ligand_start_conf.sdf,True,True,42.406746091876805,False,0.4,True,False,11.0,0.0
posebusters_benchmark,6XUM_30L,6xum,external/PoseBench/data/posebusters_benchmark_set/6XUM_30L/6XUM_30L_ligand.sdf,external/PoseBench/data/posebusters_benchmark_set/6XUM_30L/6XUM_30L_ligand_start_conf.sdf,True,True,106.82397524999713,False,0.3283582089552239,True,False,25.0,0.0
posebusters_benchmark,6Y7L_QMG,6y7l,external/PoseBench/data/posebusters_benchmark_set/6Y7L_QMG/6Y7L_QMG_ligand.sdf,external/PoseBench/data/posebusters_benchmark_set/6Y7L_QMG/6Y7L_QMG_ligand_start_conf.sdf,True,True,132.93233920798502,False,0.3125,False,False,25.0,0.0
posebusters_benchmark,6YDY_K73,6ydy,external/PoseBench/data/posebusters_benchmark_set/6YDY_K73/6YDY_K73_ligand.sdf,external/PoseBench/data/posebusters_benchmark_set/6YDY_K73/6YDY_K73_ligand_start_conf.sdf,True,True,26.862293308358574,False,0.4461538461538462,False,False,28.0,2.0
posebusters_benchmark,6YJA_2BA,6yja,external/PoseBench/data/posebusters_benchmark_set/6YJA_2BA/6YJA_2BA_ligand.sdf,external/PoseBench/data/posebusters_benchmark_set/6YJA_2BA/6YJA_2BA_ligand_start_conf.sdf,True,True,16.850077757731295,False,0.9245283018867924,False,False,44.0,10.0
posebusters_benchmark,6YMS_OZH,6yms,external/PoseBench/data/posebusters_benchmark_set/6YMS_OZH/6YMS_OZH_ligand.sdf,external/PoseBench/data/posebusters_benchmark_set/6YMS_OZH/6YMS_OZH_ligand_start_conf.sdf,True,True,54.49711271013749,False,0.4354838709677419,False,False,35.0,3.0
posebusters_benchmark,6YQV_8K2,6yqv,external/PoseBench/data/posebusters_benchmark_set/6YQV_8K2/6YQV_8K2_ligand.sdf,external/PoseBench/data/posebusters_benchmark_set/6YQV_8K2/6YQV_8K2_ligand_start_conf.sdf,True,True,27.451239341038868,False,0.303030303030303,True,False,10.0,0.0
posebusters_benchmark,6YQW_82I,6yqw,external/PoseBench/data/posebusters_benchmark_set/6YQW_82I/6YQW_82I_ligand.sdf,external/PoseBench/data/posebusters_benchmark_set/6YQW_82I/6YQW_82I_ligand_start_conf.sdf,True,True,18.11021057444968,False,0.5789473684210527,False,False,11.0,0.0
posebusters_benchmark,6YR2_T1C,6yr2,external/PoseBench/data/posebusters_benchmark_set/6YR2_T1C/6YR2_T1C_ligand.sdf,external/PoseBench/data/posebusters_benchmark_set/6YR2_T1C/6YR2_T1C_ligand_start_conf.sdf,True,True,42.25131105038269,False,0.3052631578947368,False,False,42.0,4.0
posebusters_benchmark,6YRV_PJ8,6yrv,external/PoseBench/data/posebusters_benchmark_set/6YRV_PJ8/6YRV_PJ8_ligand.sdf,external/PoseBench/data/posebusters_benchmark_set/6YRV_PJ8/6YRV_PJ8_ligand_start_conf.sdf,True,True,61.89311758378785,False,0.5384615384615384,False,False,17.0,0.0
posebusters_benchmark,6YSP_PAL,6ysp,external/PoseBench/data/posebusters_benchmark_set/6YSP_PAL/6YSP_PAL_ligand.sdf,external/PoseBench/data/posebusters_benchmark_set/6YSP_PAL/6YSP_PAL_ligand_start_conf.sdf,True,True,49.6765754325731,False,0.2941176470588235,False,False,16.0,1.0
posebusters_benchmark,6YT6_PKE,6yt6,external/PoseBench/data/posebusters_benchmark_set/6YT6_PKE/6YT6_PKE_ligand.sdf,external/PoseBench/data/posebusters_benchmark_set/6YT6_PKE/6YT6_PKE_ligand_start_conf.sdf,True,True,23.099587107216248,False,0.4642857142857143,False,False,31.0,0.0
posebusters_benchmark,6YYO_Q1K,6yyo,external/PoseBench/data/posebusters_benchmark_set/6YYO_Q1K/6YYO_Q1K_ligand.sdf,external/PoseBench/data/posebusters_benchmark_set/6YYO_Q1K/6YYO_Q1K_ligand_start_conf.sdf,True,True,34.123356958718254,False,0.2428571428571428,False,False,19.0,0.0
posebusters_benchmark,6Z0R_Q4H,6z0r,external/PoseBench/data/posebusters_benchmark_set/6Z0R_Q4H/6Z0R_Q4H_ligand.sdf,external/PoseBench/data/posebusters_benchmark_set/6Z0R_Q4H/6Z0R_Q4H_ligand_start_conf.sdf,True,True,65.41208378453905,False,0.2884615384615384,False,False,9.0,0.0
posebusters_benchmark,6Z14_Q4Z,6z14,external/PoseBench/data/posebusters_benchmark_set/6Z14_Q4Z/6Z14_Q4Z_ligand.sdf,external/PoseBench/data/posebusters_benchmark_set/6Z14_Q4Z/6Z14_Q4Z_ligand_start_conf.sdf,True,True,22.476653793201613,False,1.0,True,False,18.0,5.0
posebusters_benchmark,6Z1C_7EY,6z1c,external/PoseBench/data/posebusters_benchmark_set/6Z1C_7EY/6Z1C_7EY_ligand.sdf,external/PoseBench/data/posebusters_benchmark_set/6Z1C_7EY/6Z1C_7EY_ligand_start_conf.sdf,True,True,24.950127188353168,False,0.2647058823529412,False,False,22.0,0.0
posebusters_benchmark,6Z2C_Q5E,6z2c,external/PoseBench/data/posebusters_benchmark_set/6Z2C_Q5E/6Z2C_Q5E_ligand.sdf,external/PoseBench/data/posebusters_benchmark_set/6Z2C_Q5E/6Z2C_Q5E_ligand_start_conf.sdf,True,True,24.502909250339737,False,0.3,False,False,26.0,4.0
posebusters_benchmark,6Z4N_Q7B,6z4n,external/PoseBench/data/posebusters_benchmark_set/6Z4N_Q7B/6Z4N_Q7B_ligand.sdf,external/PoseBench/data/posebusters_benchmark_set/6Z4N_Q7B/6Z4N_Q7B_ligand_start_conf.sdf,True,True,70.67269641870897,False,0.2878787878787879,False,False,20.0,2.0
posebusters_benchmark,6Z5Z_BDF,6z5z,external/PoseBench/data/posebusters_benchmark_set/6Z5Z_BDF/6Z5Z_BDF_ligand.sdf,external/PoseBench/data/posebusters_benchmark_set/6Z5Z_BDF/6Z5Z_BDF_ligand_start_conf.sdf,True,True,24.455142222325488,False,0.3243243243243243,True,False,12.0,4.0
posebusters_benchmark,6ZAE_ACV,6zae,external/PoseBench/data/posebusters_benchmark_set/6ZAE_ACV/6ZAE_ACV_ligand.sdf,external/PoseBench/data/posebusters_benchmark_set/6ZAE_ACV/6ZAE_ACV_ligand_start_conf.sdf,True,True,96.5174776211067,False,0.5416666666666666,False,False,24.0,3.0
posebusters_benchmark,6ZC3_JOR,6zc3,external/PoseBench/data/posebusters_benchmark_set/6ZC3_JOR/6ZC3_JOR_ligand.sdf,external/PoseBench/data/posebusters_benchmark_set/6ZC3_JOR/6ZC3_JOR_ligand_start_conf.sdf,True,True,41.48714136279658,False,0.3658536585365853,True,False,15.0,0.0
posebusters_benchmark,6ZCY_QF8,6zcy,external/PoseBench/data/posebusters_benchmark_set/6ZCY_QF8/6ZCY_QF8_ligand.sdf,external/PoseBench/data/posebusters_benchmark_set/6ZCY_QF8/6ZCY_QF8_ligand_start_conf.sdf,True,True,15.093558825107142,False,0.3012048192771084,False,False,33.0,1.0
posebusters_benchmark,6ZK5_IMH,6zk5,external/PoseBench/data/posebusters_benchmark_set/6ZK5_IMH/6ZK5_IMH_ligand.sdf,external/PoseBench/data/posebusters_benchmark_set/6ZK5_IMH/6ZK5_IMH_ligand_start_conf.sdf,True,True,15.715230468209729,False,0.6382978723404256,False,True,19.0,4.0
posebusters_benchmark,6ZPB_3D1,6zpb,external/PoseBench/data/posebusters_benchmark_set/6ZPB_3D1/6ZPB_3D1_ligand.sdf,external/PoseBench/data/posebusters_benchmark_set/6ZPB_3D1/6ZPB_3D1_ligand_start_conf.sdf,True,True,21.775714096786814,False,0.6607142857142857,True,False,18.0,3.0
posebusters_benchmark,6ZR8_QOZ,6zr8,external/PoseBench/data/posebusters_benchmark_set/6ZR8_QOZ/6ZR8_QOZ_ligand.sdf,external/PoseBench/data/posebusters_benchmark_set/6ZR8_QOZ/6ZR8_QOZ_ligand_start_conf.sdf,True,True,17.428668358848512,False,0.3962264150943396,False,False,33.0,0.0
posebusters_benchmark,6ZT2_QPK,6zt2,external/PoseBench/data/posebusters_benchmark_set/6ZT2_QPK/6ZT2_QPK_ligand.sdf,external/PoseBench/data/posebusters_benchmark_set/6ZT2_QPK/6ZT2_QPK_ligand_start_conf.sdf,True,True,35.898624634601255,False,0.2727272727272727,True,False,10.0,0.0
posebusters_benchmark,6ZX3_QRZ,6zx3,external/PoseBench/data/posebusters_benchmark_set/6ZX3_QRZ/6ZX3_QRZ_ligand.sdf,external/PoseBench/data/posebusters_benchmark_set/6ZX3_QRZ/6ZX3_QRZ_ligand_start_conf.sdf,True,True,42.49348854651635,False,0.5789473684210527,True,False,24.0,4.0
posebusters_benchmark,6ZXQ_IMO,6zxq,external/PoseBench/data/posebusters_benchmark_set/6ZXQ_IMO/6ZXQ_IMO_ligand.sdf,external/PoseBench/data/posebusters_benchmark_set/6ZXQ_IMO/6ZXQ_IMO_ligand_start_conf.sdf,True,True,24.912297002566305,False,0.7592592592592593,True,False,27.0,4.0
posebusters_benchmark,7A1P_QW2,7a1p,external/PoseBench/data/posebusters_benchmark_set/7A1P_QW2/7A1P_QW2_ligand.sdf,external/PoseBench/data/posebusters_benchmark_set/7A1P_QW2/7A1P_QW2_ligand_start_conf.sdf,True,True,32.44559092644413,False,0.4615384615384615,False,False,13.0,1.0
posebusters_benchmark,7A9E_R4W,7a9e,external/PoseBench/data/posebusters_benchmark_set/7A9E_R4W/7A9E_R4W_ligand.sdf,external/PoseBench/data/posebusters_benchmark_set/7A9E_R4W/7A9E_R4W_ligand_start_conf.sdf,True,True,38.4697709025108,False,0.25,False,False,6.0,0.0
posebusters_benchmark,7A9H_TPP,7a9h,external/PoseBench/data/posebusters_benchmark_set/7A9H_TPP/7A9H_TPP_ligand.sdf,external/PoseBench/data/posebusters_benchmark_set/7A9H_TPP/7A9H_TPP_ligand_start_conf.sdf,True,True,22.9218276235691,False,1.0,True,True,26.0,1.0
posebusters_benchmark,7AA0_R6B,7aa0,external/PoseBench/data/posebusters_benchmark_set/7AA0_R6B/7AA0_R6B_ligand.sdf,external/PoseBench/data/posebusters_benchmark_set/7AA0_R6B/7AA0_R6B_ligand_start_conf.sdf,True,True,35.359008027011036,False,0.2580645161290322,False,False,26.0,0.0
posebusters_benchmark,7AFX_R9K,7afx,external/PoseBench/data/posebusters_benchmark_set/7AFX_R9K/7AFX_R9K_ligand.sdf,external/PoseBench/data/posebusters_benchmark_set/7AFX_R9K/7AFX_R9K_ligand_start_conf.sdf,True,True,66.95993751674206,False,0.3968253968253968,True,False,20.0,0.0
posebusters_benchmark,7AKL_RK5,7akl,external/PoseBench/data/posebusters_benchmark_set/7AKL_RK5/7AKL_RK5_ligand.sdf,external/PoseBench/data/posebusters_benchmark_set/7AKL_RK5/7AKL_RK5_ligand_start_conf.sdf,True,True,45.65626652618455,False,0.293103448275862,False,False,19.0,0.0
posebusters_benchmark,7AMC_73B,7amc,external/PoseBench/data/posebusters_benchmark_set/7AMC_73B/7AMC_73B_ligand.sdf,external/PoseBench/data/posebusters_benchmark_set/7AMC_73B/7AMC_73B_ligand_start_conf.sdf,True,True,95.13593220938675,False,0.34,False,False,31.0,2.0
posebusters_benchmark,7AN5_RDH,7an5,external/PoseBench/data/posebusters_benchmark_set/7AN5_RDH/7AN5_RDH_ligand.sdf,external/PoseBench/data/posebusters_benchmark_set/7AN5_RDH/7AN5_RDH_ligand_start_conf.sdf,True,True,33.40231883026486,False,1.0,True,False,15.0,0.0
posebusters_benchmark,7AS1_21G,7as1,external/PoseBench/data/posebusters_benchmark_set/7AS1_21G/7AS1_21G_ligand.sdf,external/PoseBench/data/posebusters_benchmark_set/7AS1_21G/7AS1_21G_ligand_start_conf.sdf,True,True,13.468627690943178,False,0.2428571428571428,False,False,29.0,2.0
posebusters_benchmark,7AVI_S2Q,7avi,external/PoseBench/data/posebusters_benchmark_set/7AVI_S2Q/7AVI_S2Q_ligand.sdf,external/PoseBench/data/posebusters_benchmark_set/7AVI_S2Q/7AVI_S2Q_ligand_start_conf.sdf,True,True,24.647310758346812,False,0.2631578947368421,False,False,27.0,1.0
posebusters_benchmark,7B0E_C2E,7b0e,external/PoseBench/data/posebusters_benchmark_set/7B0E_C2E/7B0E_C2E_ligand.sdf,external/PoseBench/data/posebusters_benchmark_set/7B0E_C2E/7B0E_C2E_ligand_start_conf.sdf,True,True,35.84368876558205,False,1.0,False,False,46.0,10.0
posebusters_benchmark,7B2C_TP7,7b2c,external/PoseBench/data/posebusters_benchmark_set/7B2C_TP7/7B2C_TP7_ligand.sdf,external/PoseBench/data/posebusters_benchmark_set/7B2C_TP7/7B2C_TP7_ligand_start_conf.sdf,True,True,45.967488393278465,False,0.3043478260869565,False,False,21.0,2.0
posebusters_benchmark,7B94_ANP,7b94,external/PoseBench/data/posebusters_benchmark_set/7B94_ANP/7B94_ANP_ligand.sdf,external/PoseBench/data/posebusters_benchmark_set/7B94_ANP/7B94_ANP_ligand_start_conf.sdf,True,True,36.03277115629067,False,1.0,True,False,31.0,6.0
posebusters_benchmark,7BA0_T5H,7ba0,external/PoseBench/data/posebusters_benchmark_set/7BA0_T5H/7BA0_T5H_ligand.sdf,external/PoseBench/data/posebusters_benchmark_set/7BA0_T5H/7BA0_T5H_ligand_start_conf.sdf,True,True,23.34516606231947,False,0.2452830188679245,False,False,55.0,5.0
posebusters_benchmark,7BCP_GCO,7bcp,external/PoseBench/data/posebusters_benchmark_set/7BCP_GCO/7BCP_GCO_ligand.sdf,external/PoseBench/data/posebusters_benchmark_set/7BCP_GCO/7BCP_GCO_ligand_start_conf.sdf,True,True,21.73438244559846,False,1.0,False,False,13.0,4.0
posebusters_benchmark,7BHX_TO5,7bhx,external/PoseBench/data/posebusters_benchmark_set/7BHX_TO5/7BHX_TO5_ligand.sdf,external/PoseBench/data/posebusters_benchmark_set/7BHX_TO5/7BHX_TO5_ligand_start_conf.sdf,True,True,63.32228162169414,False,0.3442622950819672,False,False,21.0,0.0
posebusters_benchmark,7BJ6_TVK,7bj6,external/PoseBench/data/posebusters_benchmark_set/7BJ6_TVK/7BJ6_TVK_ligand.sdf,external/PoseBench/data/posebusters_benchmark_set/7BJ6_TVK/7BJ6_TVK_ligand_start_conf.sdf,True,True,27.91586278599959,False,0.2222222222222222,False,False,37.0,1.0
posebusters_benchmark,7BJJ_TVW,7bjj,external/PoseBench/data/posebusters_benchmark_set/7BJJ_TVW/7BJJ_TVW_ligand.sdf,external/PoseBench/data/posebusters_benchmark_set/7BJJ_TVW/7BJJ_TVW_ligand_start_conf.sdf,True,True,19.66917937578993,False,0.3333333333333333,False,False,10.0,0.0
posebusters_benchmark,7BKA_4JC,7bka,external/PoseBench/data/posebusters_benchmark_set/7BKA_4JC/7BKA_4JC_ligand.sdf,external/PoseBench/data/posebusters_benchmark_set/7BKA_4JC/7BKA_4JC_ligand_start_conf.sdf,True,True,57.33221447356916,False,0.5,True,False,12.0,0.0
posebusters_benchmark,7BLA_WCS,7bla,external/PoseBench/data/posebusters_benchmark_set/7BLA_WCS/7BLA_WCS_ligand.sdf,external/PoseBench/data/posebusters_benchmark_set/7BLA_WCS/7BLA_WCS_ligand_start_conf.sdf,True,True,11.480602328724416,False,0.29,False,False,32.0,0.0
posebusters_benchmark,7BLG_GAL,7blg,external/PoseBench/data/posebusters_benchmark_set/7BLG_GAL/7BLG_GAL_ligand.sdf,external/PoseBench/data/posebusters_benchmark_set/7BLG_GAL/7BLG_GAL_ligand_start_conf.sdf,True,True,31.444367932508992,False,1.0,True,False,12.0,5.0
posebusters_benchmark,7BMI_U4B,7bmi,external/PoseBench/data/posebusters_benchmark_set/7BMI_U4B/7BMI_U4B_ligand.sdf,external/PoseBench/data/posebusters_benchmark_set/7BMI_U4B/7BMI_U4B_ligand_start_conf.sdf,True,True,62.20518320132174,False,0.3333333333333333,True,False,13.0,0.0
posebusters_benchmark,7BNH_BEZ,7bnh,external/PoseBench/data/posebusters_benchmark_set/7BNH_BEZ/7BNH_BEZ_ligand.sdf,external/PoseBench/data/posebusters_benchmark_set/7BNH_BEZ/7BNH_BEZ_ligand_start_conf.sdf,True,True,13.320778675854918,False,1.0,True,False,9.0,0.0
posebusters_benchmark,7BTT_F8R,7btt,external/PoseBench/data/posebusters_benchmark_set/7BTT_F8R/7BTT_F8R_ligand.sdf,external/PoseBench/data/posebusters_benchmark_set/7BTT_F8R/7BTT_F8R_ligand_start_conf.sdf,True,True,22.193859556569922,False,0.2792792792792792,False,False,40.0,0.0
posebusters_benchmark,7C0U_FGO,7c0u,external/PoseBench/data/posebusters_benchmark_set/7C0U_FGO/7C0U_FGO_ligand.sdf,external/PoseBench/data/posebusters_benchmark_set/7C0U_FGO/7C0U_FGO_ligand_start_conf.sdf,True,True,70.5156027547722,False,0.6046511627906976,False,False,43.0,9.0
posebusters_benchmark,7C3U_AZG,7c3u,external/PoseBench/data/posebusters_benchmark_set/7C3U_AZG/7C3U_AZG_ligand.sdf,external/PoseBench/data/posebusters_benchmark_set/7C3U_AZG/7C3U_AZG_ligand_start_conf.sdf,True,True,57.16949843745351,False,0.2682926829268293,False,False,11.0,0.0
posebusters_benchmark,7C6P_SQH,7c6p,external/PoseBench/data/posebusters_benchmark_set/7C6P_SQH/7C6P_SQH_ligand.sdf,external/PoseBench/data/posebusters_benchmark_set/7C6P_SQH/7C6P_SQH_ligand_start_conf.sdf,True,True,19.794020059375317,False,0.5116279069767442,True,False,21.0,0.0
posebusters_benchmark,7C8Q_DSG,7c8q,external/PoseBench/data/posebusters_benchmark_set/7C8Q_DSG/7C8Q_DSG_ligand.sdf,external/PoseBench/data/posebusters_benchmark_set/7C8Q_DSG/7C8Q_DSG_ligand_start_conf.sdf,True,True,56.73293969036957,False,0.4782608695652174,False,False,9.0,1.0
posebusters_benchmark,7CD9_FVR,7cd9,external/PoseBench/data/posebusters_benchmark_set/7CD9_FVR/7CD9_FVR_ligand.sdf,external/PoseBench/data/posebusters_benchmark_set/7CD9_FVR/7CD9_FVR_ligand_start_conf.sdf,True,True,25.284427245213305,False,0.2903225806451613,False,False,33.0,2.0
posebusters_benchmark,7CIJ_G0C,7cij,external/PoseBench/data/posebusters_benchmark_set/7CIJ_G0C/7CIJ_G0C_ligand.sdf,external/PoseBench/data/posebusters_benchmark_set/7CIJ_G0C/7CIJ_G0C_ligand_start_conf.sdf,True,True,64.9909197596498,False,0.6078431372549019,True,False,21.0,0.0
posebusters_benchmark,7CL8_TES,7cl8,external/PoseBench/data/posebusters_benchmark_set/7CL8_TES/7CL8_TES_ligand.sdf,external/PoseBench/data/posebusters_benchmark_set/7CL8_TES/7CL8_TES_ligand_start_conf.sdf,True,True,30.935333608074394,False,1.0,True,False,21.0,6.0
posebusters_benchmark,7CNQ_G8X,7cnq,external/PoseBench/data/posebusters_benchmark_set/7CNQ_G8X/7CNQ_G8X_ligand.sdf,external/PoseBench/data/posebusters_benchmark_set/7CNQ_G8X/7CNQ_G8X_ligand_start_conf.sdf,True,True,64.81230081423159,False,0.5,True,False,9.0,2.0
posebusters_benchmark,7CNS_PMV,7cns,external/PoseBench/data/posebusters_benchmark_set/7CNS_PMV/7CNS_PMV_ligand.sdf,external/PoseBench/data/posebusters_benchmark_set/7CNS_PMV/7CNS_PMV_ligand_start_conf.sdf,True,True,27.746838324212725,False,0.3617021276595745,False,False,14.0,1.0
posebusters_benchmark,7CTM_BDP,7ctm,external/PoseBench/data/posebusters_benchmark_set/7CTM_BDP/7CTM_BDP_ligand.sdf,external/PoseBench/data/posebusters_benchmark_set/7CTM_BDP/7CTM_BDP_ligand_start_conf.sdf,True,True,108.0365332759212,False,0.3846153846153846,True,False,13.0,5.0
posebusters_benchmark,7CUO_PHB,7cuo,external/PoseBench/data/posebusters_benchmark_set/7CUO_PHB/7CUO_PHB_ligand.sdf,external/PoseBench/data/posebusters_benchmark_set/7CUO_PHB/7CUO_PHB_ligand_start_conf.sdf,True,True,67.73904430384296,False,1.0,True,False,10.0,0.0
posebusters_benchmark,7D0P_1VU,7d0p,external/PoseBench/data/posebusters_benchmark_set/7D0P_1VU/7D0P_1VU_ligand.sdf,external/PoseBench/data/posebusters_benchmark_set/7D0P_1VU/7D0P_1VU_ligand_start_conf.sdf,True,True,218.99355829564283,False,0.8369565217391305,True,False,52.0,7.0
posebusters_benchmark,7D5C_GV6,7d5c,external/PoseBench/data/posebusters_benchmark_set/7D5C_GV6/7D5C_GV6_ligand.sdf,external/PoseBench/data/posebusters_benchmark_set/7D5C_GV6/7D5C_GV6_ligand_start_conf.sdf,True,True,41.206755993788356,False,1.0,True,False,31.0,7.0
posebusters_benchmark,7D6O_MTE,7d6o,external/PoseBench/data/posebusters_benchmark_set/7D6O_MTE/7D6O_MTE_ligand.sdf,external/PoseBench/data/posebusters_benchmark_set/7D6O_MTE/7D6O_MTE_ligand_start_conf.sdf,True,True,83.89768302188833,False,0.3698630136986301,False,False,24.0,3.0
posebusters_benchmark,7D8Q_GZF,7d8q,external/PoseBench/data/posebusters_benchmark_set/7D8Q_GZF/7D8Q_GZF_ligand.sdf,external/PoseBench/data/posebusters_benchmark_set/7D8Q_GZF/7D8Q_GZF_ligand_start_conf.sdf,True,True,41.42381037241746,False,0.7230769230769231,True,False,28.0,5.0
posebusters_benchmark,7D9L_GSF,7d9l,external/PoseBench/data/posebusters_benchmark_set/7D9L_GSF/7D9L_GSF_ligand.sdf,external/PoseBench/data/posebusters_benchmark_set/7D9L_GSF/7D9L_GSF_ligand_start_conf.sdf,True,True,29.35591103527378,False,0.6976744186046512,False,False,22.0,3.0
posebusters_benchmark,7DIN_MPO,7din,external/PoseBench/data/posebusters_benchmark_set/7DIN_MPO/7DIN_MPO_ligand.sdf,external/PoseBench/data/posebusters_benchmark_set/7DIN_MPO/7DIN_MPO_ligand_start_conf.sdf,True,True,31.633016274334445,False,0.5555555555555556,False,False,13.0,0.0
posebusters_benchmark,7DKT_GLF,7dkt,external/PoseBench/data/posebusters_benchmark_set/7DKT_GLF/7DKT_GLF_ligand.sdf,external/PoseBench/data/posebusters_benchmark_set/7DKT_GLF/7DKT_GLF_ligand_start_conf.sdf,True,True,107.67972232972882,False,0.6086956521739131,True,False,12.0,5.0
posebusters_benchmark,7DQL_4CL,7dql,external/PoseBench/data/posebusters_benchmark_set/7DQL_4CL/7DQL_4CL_ligand.sdf,external/PoseBench/data/posebusters_benchmark_set/7DQL_4CL/7DQL_4CL_ligand_start_conf.sdf,True,True,11.75964474236644,False,0.4,True,False,9.0,0.0
posebusters_benchmark,7DUA_HJ0,7dua,external/PoseBench/data/posebusters_benchmark_set/7DUA_HJ0/7DUA_HJ0_ligand.sdf,external/PoseBench/data/posebusters_benchmark_set/7DUA_HJ0/7DUA_HJ0_ligand_start_conf.sdf,True,True,38.50678325407774,False,1.0,True,True,23.0,0.0
posebusters_benchmark,7E2S_BLA,7e2s,external/PoseBench/data/posebusters_benchmark_set/7E2S_BLA/7E2S_BLA_ligand.sdf,external/PoseBench/data/posebusters_benchmark_set/7E2S_BLA/7E2S_BLA_ligand_start_conf.sdf,True,True,33.15698413109974,False,1.0,True,False,43.0,0.0
posebusters_benchmark,7E4L_MDN,7e4l,external/PoseBench/data/posebusters_benchmark_set/7E4L_MDN/7E4L_MDN_ligand.sdf,external/PoseBench/data/posebusters_benchmark_set/7E4L_MDN/7E4L_MDN_ligand_start_conf.sdf,True,True,8.956417085097266,False,0.3333333333333333,False,False,9.0,0.0
posebusters_benchmark,7EBG_J0L,7ebg,external/PoseBench/data/posebusters_benchmark_set/7EBG_J0L/7EBG_J0L_ligand.sdf,external/PoseBench/data/posebusters_benchmark_set/7EBG_J0L/7EBG_J0L_ligand_start_conf.sdf,True,True,30.482396666858634,False,0.2962962962962963,False,False,14.0,0.0
posebusters_benchmark,7ECR_SIN,7ecr,external/PoseBench/data/posebusters_benchmark_set/7ECR_SIN/7ECR_SIN_ligand.sdf,external/PoseBench/data/posebusters_benchmark_set/7ECR_SIN/7ECR_SIN_ligand_start_conf.sdf,True,True,77.64412267108503,False,1.0,False,False,8.0,0.0
posebusters_benchmark,7ED2_A3P,7ed2,external/PoseBench/data/posebusters_benchmark_set/7ED2_A3P/7ED2_A3P_ligand.sdf,external/PoseBench/data/posebusters_benchmark_set/7ED2_A3P/7ED2_A3P_ligand_start_conf.sdf,True,True,32.26787096210466,False,1.0,True,True,27.0,4.0
posebusters_benchmark,7ELT_TYM,7elt,external/PoseBench/data/posebusters_benchmark_set/7ELT_TYM/7ELT_TYM_ligand.sdf,external/PoseBench/data/posebusters_benchmark_set/7ELT_TYM/7ELT_TYM_ligand_start_conf.sdf,True,True,51.49905759959843,False,1.0,True,True,37.0,6.0
posebusters_benchmark,7EN7_J79,7en7,external/PoseBench/data/posebusters_benchmark_set/7EN7_J79/7EN7_J79_ligand.sdf,external/PoseBench/data/posebusters_benchmark_set/7EN7_J79/7EN7_J79_ligand_start_conf.sdf,True,True,17.437347604232514,False,1.0,True,True,24.0,6.0
posebusters_benchmark,7EPV_FDA,7epv,external/PoseBench/data/posebusters_benchmark_set/7EPV_FDA/7EPV_FDA_ligand.sdf,external/PoseBench/data/posebusters_benchmark_set/7EPV_FDA/7EPV_FDA_ligand_start_conf.sdf,True,True,32.311805162302576,False,1.0,True,False,53.0,9.0
posebusters_benchmark,7ES1_UDP,7es1,external/PoseBench/data/posebusters_benchmark_set/7ES1_UDP/7ES1_UDP_ligand.sdf,external/PoseBench/data/posebusters_benchmark_set/7ES1_UDP/7ES1_UDP_ligand_start_conf.sdf,True,True,25.3909131298896,False,1.0,True,True,25.0,5.0
posebusters_benchmark,7F51_BA7,7f51,external/PoseBench/data/posebusters_benchmark_set/7F51_BA7/7F51_BA7_ligand.sdf,external/PoseBench/data/posebusters_benchmark_set/7F51_BA7/7F51_BA7_ligand_start_conf.sdf,True,True,15.318046706670119,False,1.0,True,True,44.0,10.0
posebusters_benchmark,7F5D_EUO,7f5d,external/PoseBench/data/posebusters_benchmark_set/7F5D_EUO/7F5D_EUO_ligand.sdf,external/PoseBench/data/posebusters_benchmark_set/7F5D_EUO/7F5D_EUO_ligand_start_conf.sdf,True,True,31.733686801252702,False,0.3125,False,False,21.0,0.0
posebusters_benchmark,7F8T_FAD,7f8t,external/PoseBench/data/posebusters_benchmark_set/7F8T_FAD/7F8T_FAD_ligand.sdf,external/PoseBench/data/posebusters_benchmark_set/7F8T_FAD/7F8T_FAD_ligand_start_conf.sdf,True,True,106.24846362307001,False,1.0,True,True,53.0,9.0
posebusters_benchmark,7FB7_8NF,7fb7,external/PoseBench/data/posebusters_benchmark_set/7FB7_8NF/7FB7_8NF_ligand.sdf,external/PoseBench/data/posebusters_benchmark_set/7FB7_8NF/7FB7_8NF_ligand_start_conf.sdf,True,True,49.27242090465574,False,0.2857142857142857,True,False,9.0,0.0
posebusters_benchmark,7FHA_ADX,7fha,external/PoseBench/data/posebusters_benchmark_set/7FHA_ADX/7FHA_ADX_ligand.sdf,external/PoseBench/data/posebusters_benchmark_set/7FHA_ADX/7FHA_ADX_ligand_start_conf.sdf,True,True,7.609982520007179,False,1.0,True,True,27.0,5.0
posebusters_benchmark,7FRX_O88,7frx,external/PoseBench/data/posebusters_benchmark_set/7FRX_O88/7FRX_O88_ligand.sdf,external/PoseBench/data/posebusters_benchmark_set/7FRX_O88/7FRX_O88_ligand_start_conf.sdf,True,True,114.85042774875504,False,0.3703703703703703,False,False,30.0,0.0
posebusters_benchmark,7FT9_4MB,7ft9,external/PoseBench/data/posebusters_benchmark_set/7FT9_4MB/7FT9_4MB_ligand.sdf,external/PoseBench/data/posebusters_benchmark_set/7FT9_4MB/7FT9_4MB_ligand_start_conf.sdf,True,True,32.552536602138574,False,0.6060606060606061,True,False,14.0,0.0
posebusters_benchmark,7JG0_GAR,7jg0,external/PoseBench/data/posebusters_benchmark_set/7JG0_GAR/7JG0_GAR_ligand.sdf,external/PoseBench/data/posebusters_benchmark_set/7JG0_GAR/7JG0_GAR_ligand_start_conf.sdf,True,True,51.670316207105046,False,1.0,True,False,18.0,4.0
posebusters_benchmark,7JGW_V9S,7jgw,external/PoseBench/data/posebusters_benchmark_set/7JGW_V9S/7JGW_V9S_ligand.sdf,external/PoseBench/data/posebusters_benchmark_set/7JGW_V9S/7JGW_V9S_ligand_start_conf.sdf,True,True,24.329347622221377,False,0.2524271844660194,False,False,45.0,0.0
posebusters_benchmark,7JHQ_VAJ,7jhq,external/PoseBench/data/posebusters_benchmark_set/7JHQ_VAJ/7JHQ_VAJ_ligand.sdf,external/PoseBench/data/posebusters_benchmark_set/7JHQ_VAJ/7JHQ_VAJ_ligand_start_conf.sdf,True,True,56.234591899060575,False,1.0,True,True,18.0,0.0
posebusters_benchmark,7JMV_4NC,7jmv,external/PoseBench/data/posebusters_benchmark_set/7JMV_4NC/7JMV_4NC_ligand.sdf,external/PoseBench/data/posebusters_benchmark_set/7JMV_4NC/7JMV_4NC_ligand_start_conf.sdf,True,True,43.571998555212666,False,0.4482758620689655,True,False,11.0,0.0
posebusters_benchmark,7JNB_A2G,7jnb,external/PoseBench/data/posebusters_benchmark_set/7JNB_A2G/7JNB_A2G_ligand.sdf,external/PoseBench/data/posebusters_benchmark_set/7JNB_A2G/7JNB_A2G_ligand_start_conf.sdf,True,True,130.20633233058726,False,1.0,True,False,15.0,5.0
posebusters_benchmark,7JR8_VH7,7jr8,external/PoseBench/data/posebusters_benchmark_set/7JR8_VH7/7JR8_VH7_ligand.sdf,external/PoseBench/data/posebusters_benchmark_set/7JR8_VH7/7JR8_VH7_ligand_start_conf.sdf,True,True,64.88222948621713,False,0.3333333333333333,False,False,28.0,0.0
posebusters_benchmark,7JUD_MMA,7jud,external/PoseBench/data/posebusters_benchmark_set/7JUD_MMA/7JUD_MMA_ligand.sdf,external/PoseBench/data/posebusters_benchmark_set/7JUD_MMA/7JUD_MMA_ligand_start_conf.sdf,True,True,18.858102259098484,False,0.6551724137931034,True,False,13.0,5.0
posebusters_benchmark,7JXX_VP7,7jxx,external/PoseBench/data/posebusters_benchmark_set/7JXX_VP7/7JXX_VP7_ligand.sdf,external/PoseBench/data/posebusters_benchmark_set/7JXX_VP7/7JXX_VP7_ligand_start_conf.sdf,True,True,186.0169045416733,False,0.2873563218390804,False,False,25.0,0.0
posebusters_benchmark,7JY3_VUD,7jy3,external/PoseBench/data/posebusters_benchmark_set/7JY3_VUD/7JY3_VUD_ligand.sdf,external/PoseBench/data/posebusters_benchmark_set/7JY3_VUD/7JY3_VUD_ligand_start_conf.sdf,True,True,49.46764646076674,False,0.2842105263157894,False,False,27.0,1.0
posebusters_benchmark,7K0V_VQP,7k0v,external/PoseBench/data/posebusters_benchmark_set/7K0V_VQP/7K0V_VQP_ligand.sdf,external/PoseBench/data/posebusters_benchmark_set/7K0V_VQP/7K0V_VQP_ligand_start_conf.sdf,True,True,25.672671527989884,False,0.2524271844660194,False,False,32.0,0.0
posebusters_benchmark,7K41_VUA,7k41,external/PoseBench/data/posebusters_benchmark_set/7K41_VUA/7K41_VUA_ligand.sdf,external/PoseBench/data/posebusters_benchmark_set/7K41_VUA/7K41_VUA_ligand_start_conf.sdf,True,True,16.683487803200666,False,0.4107142857142857,False,False,22.0,0.0
posebusters_benchmark,7KB1_WBJ,7kb1,external/PoseBench/data/posebusters_benchmark_set/7KB1_WBJ/7KB1_WBJ_ligand.sdf,external/PoseBench/data/posebusters_benchmark_set/7KB1_WBJ/7KB1_WBJ_ligand_start_conf.sdf,True,True,32.61532541789212,False,1.0,True,False,22.0,0.0
posebusters_benchmark,7KC5_BJZ,7kc5,external/PoseBench/data/posebusters_benchmark_set/7KC5_BJZ/7KC5_BJZ_ligand.sdf,external/PoseBench/data/posebusters_benchmark_set/7KC5_BJZ/7KC5_BJZ_ligand_start_conf.sdf,True,True,24.870188558724006,False,0.2906976744186046,False,False,37.0,2.0
posebusters_benchmark,7KFO_IAC,7kfo,external/PoseBench/data/posebusters_benchmark_set/7KFO_IAC/7KFO_IAC_ligand.sdf,external/PoseBench/data/posebusters_benchmark_set/7KFO_IAC/7KFO_IAC_ligand_start_conf.sdf,True,True,64.82574134159148,False,0.75,True,False,13.0,0.0
posebusters_benchmark,7KLX_WOV,7klx,external/PoseBench/data/posebusters_benchmark_set/7KLX_WOV/7KLX_WOV_ligand.sdf,external/PoseBench/data/posebusters_benchmark_set/7KLX_WOV/7KLX_WOV_ligand_start_conf.sdf,True,True,54.80877636565152,False,0.3333333333333333,False,False,17.0,0.0
posebusters_benchmark,7KM8_WPD,7km8,external/PoseBench/data/posebusters_benchmark_set/7KM8_WPD/7KM8_WPD_ligand.sdf,external/PoseBench/data/posebusters_benchmark_set/7KM8_WPD/7KM8_WPD_ligand_start_conf.sdf,True,True,33.616336296098865,False,0.4444444444444444,True,False,29.0,1.0
posebusters_benchmark,7KP6_WTP,7kp6,external/PoseBench/data/posebusters_benchmark_set/7KP6_WTP/7KP6_WTP_ligand.sdf,external/PoseBench/data/posebusters_benchmark_set/7KP6_WTP/7KP6_WTP_ligand_start_conf.sdf,True,True,45.29516880756789,False,1.0,True,False,28.0,1.0
posebusters_benchmark,7KQU_YOF,7kqu,external/PoseBench/data/posebusters_benchmark_set/7KQU_YOF/7KQU_YOF_ligand.sdf,external/PoseBench/data/posebusters_benchmark_set/7KQU_YOF/7KQU_YOF_ligand_start_conf.sdf,True,True,102.45834975902228,False,0.5128205128205128,True,False,14.0,1.0
posebusters_benchmark,7KRU_ATP,7kru,external/PoseBench/data/posebusters_benchmark_set/7KRU_ATP/7KRU_ATP_ligand.sdf,external/PoseBench/data/posebusters_benchmark_set/7KRU_ATP/7KRU_ATP_ligand_start_conf.sdf,True,True,212.70149352986337,False,1.0,True,False,31.0,6.0
posebusters_benchmark,7KZ9_XN7,7kz9,external/PoseBench/data/posebusters_benchmark_set/7KZ9_XN7/7KZ9_XN7_ligand.sdf,external/PoseBench/data/posebusters_benchmark_set/7KZ9_XN7/7KZ9_XN7_ligand_start_conf.sdf,True,True,75.90674492095248,False,0.25,False,False,11.0,0.0
posebusters_benchmark,7L00_XCJ,7l00,external/PoseBench/data/posebusters_benchmark_set/7L00_XCJ/7L00_XCJ_ligand.sdf,external/PoseBench/data/posebusters_benchmark_set/7L00_XCJ/7L00_XCJ_ligand_start_conf.sdf,True,True,37.44467667370782,False,1.0,True,True,27.0,0.0
posebusters_benchmark,7L03_F9F,7l03,external/PoseBench/data/posebusters_benchmark_set/7L03_F9F/7L03_F9F_ligand.sdf,external/PoseBench/data/posebusters_benchmark_set/7L03_F9F/7L03_F9F_ligand_start_conf.sdf,True,True,43.8780083920387,False,1.0,True,False,22.0,0.0
posebusters_benchmark,7L5F_XNG,7l5f,external/PoseBench/data/posebusters_benchmark_set/7L5F_XNG/7L5F_XNG_ligand.sdf,external/PoseBench/data/posebusters_benchmark_set/7L5F_XNG/7L5F_XNG_ligand_start_conf.sdf,True,True,46.24852515489308,False,0.6538461538461539,False,False,18.0,0.0
posebusters_benchmark,7L6D_BMF,7l6d,external/PoseBench/data/posebusters_benchmark_set/7L6D_BMF/7L6D_BMF_ligand.sdf,external/PoseBench/data/posebusters_benchmark_set/7L6D_BMF/7L6D_BMF_ligand_start_conf.sdf,True,True,25.896455704580227,False,0.2446808510638297,False,False,28.0,0.0
posebusters_benchmark,7L7C_XQ1,7l7c,external/PoseBench/data/posebusters_benchmark_set/7L7C_XQ1/7L7C_XQ1_ligand.sdf,external/PoseBench/data/posebusters_benchmark_set/7L7C_XQ1/7L7C_XQ1_ligand_start_conf.sdf,True,True,23.45062734110601,False,0.4893617021276595,False,False,21.0,0.0
posebusters_benchmark,7L81_UD4,7l81,external/PoseBench/data/posebusters_benchmark_set/7L81_UD4/7L81_UD4_ligand.sdf,external/PoseBench/data/posebusters_benchmark_set/7L81_UD4/7L81_UD4_ligand_start_conf.sdf,True,True,29.206677878598423,False,0.7972972972972973,True,False,38.0,11.0
posebusters_benchmark,7LB3_XXS,7lb3,external/PoseBench/data/posebusters_benchmark_set/7LB3_XXS/7LB3_XXS_ligand.sdf,external/PoseBench/data/posebusters_benchmark_set/7LB3_XXS/7LB3_XXS_ligand_start_conf.sdf,True,True,71.75951361975494,False,0.3440860215053763,False,False,29.0,2.0
posebusters_benchmark,7LCU_XTA,7lcu,external/PoseBench/data/posebusters_benchmark_set/7LCU_XTA/7LCU_XTA_ligand.sdf,external/PoseBench/data/posebusters_benchmark_set/7LCU_XTA/7LCU_XTA_ligand_start_conf.sdf,True,True,122.68843896162448,False,0.2702702702702703,False,False,39.0,0.0
posebusters_benchmark,7LEV_0JO,7lev,external/PoseBench/data/posebusters_benchmark_set/7LEV_0JO/7LEV_0JO_ligand.sdf,external/PoseBench/data/posebusters_benchmark_set/7LEV_0JO/7LEV_0JO_ligand_start_conf.sdf,True,True,23.668334213630143,False,1.0,True,False,21.0,0.0
posebusters_benchmark,7LJN_GTP,7ljn,external/PoseBench/data/posebusters_benchmark_set/7LJN_GTP/7LJN_GTP_ligand.sdf,external/PoseBench/data/posebusters_benchmark_set/7LJN_GTP/7LJN_GTP_ligand_start_conf.sdf,True,True,69.35982677087156,False,1.0,True,False,32.0,6.0
posebusters_benchmark,7LMO_NYO,7lmo,external/PoseBench/data/posebusters_benchmark_set/7LMO_NYO/7LMO_NYO_ligand.sdf,external/PoseBench/data/posebusters_benchmark_set/7LMO_NYO/7LMO_NYO_ligand_start_conf.sdf,True,True,42.857734253271644,False,0.2568807339449541,False,False,37.0,1.0
posebusters_benchmark,7LOE_Y84,7loe,external/PoseBench/data/posebusters_benchmark_set/7LOE_Y84/7LOE_Y84_ligand.sdf,external/PoseBench/data/posebusters_benchmark_set/7LOE_Y84/7LOE_Y84_ligand_start_conf.sdf,True,True,46.80536715607032,False,0.3142857142857143,True,False,11.0,0.0
posebusters_benchmark,7LOU_IFM,7lou,external/PoseBench/data/posebusters_benchmark_set/7LOU_IFM/7LOU_IFM_ligand.sdf,external/PoseBench/data/posebusters_benchmark_set/7LOU_IFM/7LOU_IFM_ligand_start_conf.sdf,True,True,89.91199883709626,False,0.4814814814814814,True,False,10.0,3.0
posebusters_benchmark,7LT0_ONJ,7lt0,external/PoseBench/data/posebusters_benchmark_set/7LT0_ONJ/7LT0_ONJ_ligand.sdf,external/PoseBench/data/posebusters_benchmark_set/7LT0_ONJ/7LT0_ONJ_ligand_start_conf.sdf,True,True,42.735129644773,False,0.3661971830985915,False,False,27.0,0.0
posebusters_benchmark,7LZD_YHY,7lzd,external/PoseBench/data/posebusters_benchmark_set/7LZD_YHY/7LZD_YHY_ligand.sdf,external/PoseBench/data/posebusters_benchmark_set/7LZD_YHY/7LZD_YHY_ligand_start_conf.sdf,True,True,32.40495833209522,False,0.3103448275862069,False,False,29.0,0.0
posebusters_benchmark,7LZQ_YJV,7lzq,external/PoseBench/data/posebusters_benchmark_set/7LZQ_YJV/7LZQ_YJV_ligand.sdf,external/PoseBench/data/posebusters_benchmark_set/7LZQ_YJV/7LZQ_YJV_ligand_start_conf.sdf,True,True,20.46129268806881,False,0.4677419354838709,False,False,22.0,0.0
posebusters_benchmark,7M31_TDR,7m31,external/PoseBench/data/posebusters_benchmark_set/7M31_TDR/7M31_TDR_ligand.sdf,external/PoseBench/data/posebusters_benchmark_set/7M31_TDR/7M31_TDR_ligand_start_conf.sdf,True,True,106.76315522343528,False,1.0,True,False,9.0,0.0
posebusters_benchmark,7M3H_YPV,7m3h,external/PoseBench/data/posebusters_benchmark_set/7M3H_YPV/7M3H_YPV_ligand.sdf,external/PoseBench/data/posebusters_benchmark_set/7M3H_YPV/7M3H_YPV_ligand_start_conf.sdf,True,True,18.897153696081677,False,0.6875,True,False,24.0,0.0
posebusters_benchmark,7M41_YQG,7m41,external/PoseBench/data/posebusters_benchmark_set/7M41_YQG/7M41_YQG_ligand.sdf,external/PoseBench/data/posebusters_benchmark_set/7M41_YQG/7M41_YQG_ligand_start_conf.sdf,True,True,41.069936051965065,False,0.233009708737864,False,False,32.0,0.0
posebusters_benchmark,7M6K_YRJ,7m6k,external/PoseBench/data/posebusters_benchmark_set/7M6K_YRJ/7M6K_YRJ_ligand.sdf,external/PoseBench/data/posebusters_benchmark_set/7M6K_YRJ/7M6K_YRJ_ligand_start_conf.sdf,True,True,44.51508558256437,False,0.35,False,False,33.0,4.0
posebusters_benchmark,7MAE_XUS,7mae,external/PoseBench/data/posebusters_benchmark_set/7MAE_XUS/7MAE_XUS_ligand.sdf,external/PoseBench/data/posebusters_benchmark_set/7MAE_XUS/7MAE_XUS_ligand_start_conf.sdf,True,True,28.210793371527508,False,0.7142857142857143,True,False,49.0,6.0
posebusters_benchmark,7MEU_MGP,7meu,external/PoseBench/data/posebusters_benchmark_set/7MEU_MGP/7MEU_MGP_ligand.sdf,external/PoseBench/data/posebusters_benchmark_set/7MEU_MGP/7MEU_MGP_ligand_start_conf.sdf,True,True,53.11636217626639,False,1.0,True,False,33.0,6.0
posebusters_benchmark,7MFP_Z7P,7mfp,external/PoseBench/data/posebusters_benchmark_set/7MFP_Z7P/7MFP_Z7P_ligand.sdf,external/PoseBench/data/posebusters_benchmark_set/7MFP_Z7P/7MFP_Z7P_ligand_start_conf.sdf,True,True,80.73695735630493,False,0.5555555555555556,False,False,50.0,11.0
posebusters_benchmark,7MGT_ZD4,7mgt,external/PoseBench/data/posebusters_benchmark_set/7MGT_ZD4/7MGT_ZD4_ligand.sdf,external/PoseBench/data/posebusters_benchmark_set/7MGT_ZD4/7MGT_ZD4_ligand_start_conf.sdf,True,True,56.23791368662819,False,1.0,True,True,28.0,5.0
posebusters_benchmark,7MGY_ZD1,7mgy,external/PoseBench/data/posebusters_benchmark_set/7MGY_ZD1/7MGY_ZD1_ligand.sdf,external/PoseBench/data/posebusters_benchmark_set/7MGY_ZD1/7MGY_ZD1_ligand_start_conf.sdf,True,True,277.142473700997,False,0.4651162790697674,False,False,23.0,9.0
posebusters_benchmark,7MMH_ZJY,7mmh,external/PoseBench/data/posebusters_benchmark_set/7MMH_ZJY/7MMH_ZJY_ligand.sdf,external/PoseBench/data/posebusters_benchmark_set/7MMH_ZJY/7MMH_ZJY_ligand_start_conf.sdf,True,True,30.16362958208549,False,0.218978102189781,False,False,57.0,5.0
posebusters_benchmark,7MOI_HPS,7moi,external/PoseBench/data/posebusters_benchmark_set/7MOI_HPS/7MOI_HPS_ligand.sdf,external/PoseBench/data/posebusters_benchmark_set/7MOI_HPS/7MOI_HPS_ligand_start_conf.sdf,True,True,16.40871424113641,False,0.3793103448275862,True,False,11.0,0.0
posebusters_benchmark,7MRH_ZMJ,7mrh,external/PoseBench/data/posebusters_benchmark_set/7MRH_ZMJ/7MRH_ZMJ_ligand.sdf,external/PoseBench/data/posebusters_benchmark_set/7MRH_ZMJ/7MRH_ZMJ_ligand_start_conf.sdf,True,True,32.99755965004584,False,0.2835820895522388,False,False,24.0,0.0
posebusters_benchmark,7MS7_ZQ1,7ms7,external/PoseBench/data/posebusters_benchmark_set/7MS7_ZQ1/7MS7_ZQ1_ligand.sdf,external/PoseBench/data/posebusters_benchmark_set/7MS7_ZQ1/7MS7_ZQ1_ligand_start_conf.sdf,True,True,54.050468673594054,False,0.3205128205128205,False,False,29.0,0.0
posebusters_benchmark,7MSR_DCA,7msr,external/PoseBench/data/posebusters_benchmark_set/7MSR_DCA/7MSR_DCA_ligand.sdf,external/PoseBench/data/posebusters_benchmark_set/7MSR_DCA/7MSR_DCA_ligand_start_conf.sdf,True,True,30.846153776919444,False,0.8941176470588236,True,False,47.0,7.0
posebusters_benchmark,7MWN_WI5,7mwn,external/PoseBench/data/posebusters_benchmark_set/7MWN_WI5/7MWN_WI5_ligand.sdf,external/PoseBench/data/posebusters_benchmark_set/7MWN_WI5/7MWN_WI5_ligand_start_conf.sdf,True,True,28.905763796046156,False,1.0,True,True,32.0,1.0
posebusters_benchmark,7MWU_ZPM,7mwu,external/PoseBench/data/posebusters_benchmark_set/7MWU_ZPM/7MWU_ZPM_ligand.sdf,external/PoseBench/data/posebusters_benchmark_set/7MWU_ZPM/7MWU_ZPM_ligand_start_conf.sdf,True,True,70.00102060523322,False,1.0,True,True,7.0,0.0
posebusters_benchmark,7MY1_IPE,7my1,external/PoseBench/data/posebusters_benchmark_set/7MY1_IPE/7MY1_IPE_ligand.sdf,external/PoseBench/data/posebusters_benchmark_set/7MY1_IPE/7MY1_IPE_ligand_start_conf.sdf,True,True,20.751347738589345,False,1.0,False,False,14.0,1.0
posebusters_benchmark,7MYU_ZR7,7myu,external/PoseBench/data/posebusters_benchmark_set/7MYU_ZR7/7MYU_ZR7_ligand.sdf,external/PoseBench/data/posebusters_benchmark_set/7MYU_ZR7/7MYU_ZR7_ligand_start_conf.sdf,True,True,106.7331172363493,False,0.2307692307692307,False,False,35.0,2.0
posebusters_benchmark,7MZS_GLA,7mzs,external/PoseBench/data/posebusters_benchmark_set/7MZS_GLA/7MZS_GLA_ligand.sdf,external/PoseBench/data/posebusters_benchmark_set/7MZS_GLA/7MZS_GLA_ligand_start_conf.sdf,True,True,29.884032358853446,False,1.0,True,False,12.0,5.0
posebusters_benchmark,7N03_ZRP,7n03,external/PoseBench/data/posebusters_benchmark_set/7N03_ZRP/7N03_ZRP_ligand.sdf,external/PoseBench/data/posebusters_benchmark_set/7N03_ZRP/7N03_ZRP_ligand_start_conf.sdf,True,True,46.99851468071321,False,0.2857142857142857,True,False,28.0,0.0
posebusters_benchmark,7N4N_0BK,7n4n,external/PoseBench/data/posebusters_benchmark_set/7N4N_0BK/7N4N_0BK_ligand.sdf,external/PoseBench/data/posebusters_benchmark_set/7N4N_0BK/7N4N_0BK_ligand_start_conf.sdf,True,True,30.065834109032714,False,0.2475247524752475,False,False,32.0,2.0
posebusters_benchmark,7N4W_P4V,7n4w,external/PoseBench/data/posebusters_benchmark_set/7N4W_P4V/7N4W_P4V_ligand.sdf,external/PoseBench/data/posebusters_benchmark_set/7N4W_P4V/7N4W_P4V_ligand_start_conf.sdf,True,True,19.339038250448436,False,1.0,True,True,26.0,1.0
posebusters_benchmark,7N6F_0I1,7n6f,external/PoseBench/data/posebusters_benchmark_set/7N6F_0I1/7N6F_0I1_ligand.sdf,external/PoseBench/data/posebusters_benchmark_set/7N6F_0I1/7N6F_0I1_ligand_start_conf.sdf,True,True,27.93182099410855,False,0.2807017543859649,False,False,26.0,0.0
posebusters_benchmark,7N7B_T3F,7n7b,external/PoseBench/data/posebusters_benchmark_set/7N7B_T3F/7N7B_T3F_ligand.sdf,external/PoseBench/data/posebusters_benchmark_set/7N7B_T3F/7N7B_T3F_ligand_start_conf.sdf,True,True,50.101293044862054,False,0.8823529411764706,True,False,35.0,10.0
posebusters_benchmark,7N7H_CTP,7n7h,external/PoseBench/data/posebusters_benchmark_set/7N7H_CTP/7N7H_CTP_ligand.sdf,external/PoseBench/data/posebusters_benchmark_set/7N7H_CTP/7N7H_CTP_ligand_start_conf.sdf,True,True,166.22273150315408,False,1.0,True,False,29.0,6.0
posebusters_benchmark,7NA4_1I9,7na4,external/PoseBench/data/posebusters_benchmark_set/7NA4_1I9/7NA4_1I9_ligand.sdf,external/PoseBench/data/posebusters_benchmark_set/7NA4_1I9/7NA4_1I9_ligand_start_conf.sdf,True,True,15.433379111395295,False,0.2075471698113207,False,False,38.0,2.0
posebusters_benchmark,7NB4_U6Q,7nb4,external/PoseBench/data/posebusters_benchmark_set/7NB4_U6Q/7NB4_U6Q_ligand.sdf,external/PoseBench/data/posebusters_benchmark_set/7NB4_U6Q/7NB4_U6Q_ligand_start_conf.sdf,True,True,9.61042574965737,False,0.618421052631579,False,False,31.0,1.0
posebusters_benchmark,7NF0_BYN,7nf0,external/PoseBench/data/posebusters_benchmark_set/7NF0_BYN/7NF0_BYN_ligand.sdf,external/PoseBench/data/posebusters_benchmark_set/7NF0_BYN/7NF0_BYN_ligand_start_conf.sdf,True,True,52.71201339181277,False,0.4457831325301205,False,False,37.0,4.0
posebusters_benchmark,7NF3_4LU,7nf3,external/PoseBench/data/posebusters_benchmark_set/7NF3_4LU/7NF3_4LU_ligand.sdf,external/PoseBench/data/posebusters_benchmark_set/7NF3_4LU/7NF3_4LU_ligand_start_conf.sdf,True,True,35.80191355337107,False,0.6027397260273972,False,False,36.0,3.0
posebusters_benchmark,7NFB_GEN,7nfb,external/PoseBench/data/posebusters_benchmark_set/7NFB_GEN/7NFB_GEN_ligand.sdf,external/PoseBench/data/posebusters_benchmark_set/7NFB_GEN/7NFB_GEN_ligand_start_conf.sdf,True,True,37.65793831640283,False,0.5609756097560976,True,False,20.0,0.0
posebusters_benchmark,7NGW_UAW,7ngw,external/PoseBench/data/posebusters_benchmark_set/7NGW_UAW/7NGW_UAW_ligand.sdf,external/PoseBench/data/posebusters_benchmark_set/7NGW_UAW/7NGW_UAW_ligand_start_conf.sdf,True,True,31.52140501632091,False,1.0,True,True,17.0,0.0
posebusters_benchmark,7NLK_UHK,7nlk,external/PoseBench/data/posebusters_benchmark_set/7NLK_UHK/7NLK_UHK_ligand.sdf,external/PoseBench/data/posebusters_benchmark_set/7NLK_UHK/7NLK_UHK_ligand_start_conf.sdf,True,True,21.932002647102248,False,1.0,True,True,16.0,1.0
posebusters_benchmark,7NLV_UJE,7nlv,external/PoseBench/data/posebusters_benchmark_set/7NLV_UJE/7NLV_UJE_ligand.sdf,external/PoseBench/data/posebusters_benchmark_set/7NLV_UJE/7NLV_UJE_ligand_start_conf.sdf,True,True,23.613506241505497,False,1.0,True,True,21.0,4.0
posebusters_benchmark,7NML_I7B,7nml,external/PoseBench/data/posebusters_benchmark_set/7NML_I7B/7NML_I7B_ligand.sdf,external/PoseBench/data/posebusters_benchmark_set/7NML_I7B/7NML_I7B_ligand_start_conf.sdf,True,True,11.118188514350033,False,1.0,True,False,16.0,0.0
posebusters_benchmark,7NP6_UK8,7np6,external/PoseBench/data/posebusters_benchmark_set/7NP6_UK8/7NP6_UK8_ligand.sdf,external/PoseBench/data/posebusters_benchmark_set/7NP6_UK8/7NP6_UK8_ligand_start_conf.sdf,True,True,47.204096409004855,False,0.2988505747126437,False,False,32.0,0.0
posebusters_benchmark,7NPL_UKZ,7npl,external/PoseBench/data/posebusters_benchmark_set/7NPL_UKZ/7NPL_UKZ_ligand.sdf,external/PoseBench/data/posebusters_benchmark_set/7NPL_UKZ/7NPL_UKZ_ligand_start_conf.sdf,True,True,21.7528415087419,False,0.25,False,False,27.0,2.0
posebusters_benchmark,7NR6_UO8,7nr6,external/PoseBench/data/posebusters_benchmark_set/7NR6_UO8/7NR6_UO8_ligand.sdf,external/PoseBench/data/posebusters_benchmark_set/7NR6_UO8/7NR6_UO8_ligand_start_conf.sdf,True,True,299.3758926027199,False,1.0,True,True,17.0,0.0
posebusters_benchmark,7NR8_UOE,7nr8,external/PoseBench/data/posebusters_benchmark_set/7NR8_UOE/7NR8_UOE_ligand.sdf,external/PoseBench/data/posebusters_benchmark_set/7NR8_UOE/7NR8_UOE_ligand_start_conf.sdf,True,True,47.39235258518685,False,1.0,True,True,45.0,2.0
posebusters_benchmark,7NSW_HC4,7nsw,external/PoseBench/data/posebusters_benchmark_set/7NSW_HC4/7NSW_HC4_ligand.sdf,external/PoseBench/data/posebusters_benchmark_set/7NSW_HC4/7NSW_HC4_ligand_start_conf.sdf,True,True,82.68351541532225,False,0.53125,True,False,12.0,0.0
posebusters_benchmark,7NTG_F6R,7ntg,external/PoseBench/data/posebusters_benchmark_set/7NTG_F6R/7NTG_F6R_ligand.sdf,external/PoseBench/data/posebusters_benchmark_set/7NTG_F6R/7NTG_F6R_ligand_start_conf.sdf,True,True,65.16232245740248,False,1.0,False,False,16.0,3.0
posebusters_benchmark,7NU0_DCL,7nu0,external/PoseBench/data/posebusters_benchmark_set/7NU0_DCL/7NU0_DCL_ligand.sdf,external/PoseBench/data/posebusters_benchmark_set/7NU0_DCL/7NU0_DCL_ligand_start_conf.sdf,True,True,37.91783155815348,False,1.0,False,True,8.0,1.0
posebusters_benchmark,7NUT_GLP,7nut,external/PoseBench/data/posebusters_benchmark_set/7NUT_GLP/7NUT_GLP_ligand.sdf,external/PoseBench/data/posebusters_benchmark_set/7NUT_GLP/7NUT_GLP_ligand_start_conf.sdf,True,True,37.13886492601955,False,0.71875,True,False,16.0,5.0
posebusters_benchmark,7NXO_UU8,7nxo,external/PoseBench/data/posebusters_benchmark_set/7NXO_UU8/7NXO_UU8_ligand.sdf,external/PoseBench/data/posebusters_benchmark_set/7NXO_UU8/7NXO_UU8_ligand_start_conf.sdf,True,True,43.77139003712088,False,0.2738095238095238,False,False,34.0,0.0
posebusters_benchmark,7O0N_CDP,7o0n,external/PoseBench/data/posebusters_benchmark_set/7O0N_CDP/7O0N_CDP_ligand.sdf,external/PoseBench/data/posebusters_benchmark_set/7O0N_CDP/7O0N_CDP_ligand_start_conf.sdf,True,True,37.361425836587124,False,1.0,True,False,25.0,5.0
posebusters_benchmark,7O1T_5X8,7o1t,external/PoseBench/data/posebusters_benchmark_set/7O1T_5X8/7O1T_5X8_ligand.sdf,external/PoseBench/data/posebusters_benchmark_set/7O1T_5X8/7O1T_5X8_ligand_start_conf.sdf,True,True,32.16598132351631,False,0.8245614035087719,True,False,25.0,5.0
posebusters_benchmark,7OCB_V88,7ocb,external/PoseBench/data/posebusters_benchmark_set/7OCB_V88/7OCB_V88_ligand.sdf,external/PoseBench/data/posebusters_benchmark_set/7OCB_V88/7OCB_V88_ligand_start_conf.sdf,True,True,40.694661049964076,False,0.5862068965517241,False,False,41.0,0.0
posebusters_benchmark,7ODX_DGP,7odx,external/PoseBench/data/posebusters_benchmark_set/7ODX_DGP/7ODX_DGP_ligand.sdf,external/PoseBench/data/posebusters_benchmark_set/7ODX_DGP/7ODX_DGP_ligand_start_conf.sdf,True,True,53.39488002910586,False,0.847457627118644,True,False,23.0,3.0
posebusters_benchmark,7ODY_DGI,7ody,external/PoseBench/data/posebusters_benchmark_set/7ODY_DGI/7ODY_DGI_ligand.sdf,external/PoseBench/data/posebusters_benchmark_set/7ODY_DGI/7ODY_DGI_ligand_start_conf.sdf,True,True,30.389291556231274,False,0.9824561403508772,True,False,27.0,4.0
posebusters_benchmark,7OEO_V9Z,7oeo,external/PoseBench/data/posebusters_benchmark_set/7OEO_V9Z/7OEO_V9Z_ligand.sdf,external/PoseBench/data/posebusters_benchmark_set/7OEO_V9Z/7OEO_V9Z_ligand_start_conf.sdf,True,True,28.904152640564686,False,0.2948717948717949,False,False,32.0,0.0
posebusters_benchmark,7OFF_VCB,7off,external/PoseBench/data/posebusters_benchmark_set/7OFF_VCB/7OFF_VCB_ligand.sdf,external/PoseBench/data/posebusters_benchmark_set/7OFF_VCB/7OFF_VCB_ligand_start_conf.sdf,True,True,48.34590081417529,False,0.3833333333333333,False,False,27.0,1.0
posebusters_benchmark,7OFK_VCH,7ofk,external/PoseBench/data/posebusters_benchmark_set/7OFK_VCH/7OFK_VCH_ligand.sdf,external/PoseBench/data/posebusters_benchmark_set/7OFK_VCH/7OFK_VCH_ligand_start_conf.sdf,True,True,31.696504647957635,False,0.2873563218390804,False,False,35.0,1.0
posebusters_benchmark,7OKC_VFE,7okc,external/PoseBench/data/posebusters_benchmark_set/7OKC_VFE/7OKC_VFE_ligand.sdf,external/PoseBench/data/posebusters_benchmark_set/7OKC_VFE/7OKC_VFE_ligand_start_conf.sdf,True,True,38.95174425116641,False,1.0,True,True,29.0,0.0
posebusters_benchmark,7OKF_VH5,7okf,external/PoseBench/data/posebusters_benchmark_set/7OKF_VH5/7OKF_VH5_ligand.sdf,external/PoseBench/data/posebusters_benchmark_set/7OKF_VH5/7OKF_VH5_ligand_start_conf.sdf,True,True,31.65449367818888,False,0.4691358024691358,False,False,28.0,0.0
posebusters_benchmark,7OLI_8HG,7oli,external/PoseBench/data/posebusters_benchmark_set/7OLI_8HG/7OLI_8HG_ligand.sdf,external/PoseBench/data/posebusters_benchmark_set/7OLI_8HG/7OLI_8HG_ligand_start_conf.sdf,True,True,41.156496079246104,False,1.0,True,True,20.0,3.0
posebusters_benchmark,7OLT_58J,7olt,external/PoseBench/data/posebusters_benchmark_set/7OLT_58J/7OLT_58J_ligand.sdf,external/PoseBench/data/posebusters_benchmark_set/7OLT_58J/7OLT_58J_ligand_start_conf.sdf,True,True,32.933270080507526,False,1.0,True,False,23.0,0.0
posebusters_benchmark,7OMJ_GCP,7omj,external/PoseBench/data/posebusters_benchmark_set/7OMJ_GCP/7OMJ_GCP_ligand.sdf,external/PoseBench/data/posebusters_benchmark_set/7OMJ_GCP/7OMJ_GCP_ligand_start_conf.sdf,True,True,25.685444722218165,False,1.0,True,False,32.0,6.0
posebusters_benchmark,7OMX_CNA,7omx,external/PoseBench/data/posebusters_benchmark_set/7OMX_CNA/7OMX_CNA_ligand.sdf,external/PoseBench/data/posebusters_benchmark_set/7OMX_CNA/7OMX_CNA_ligand_start_conf.sdf,True,True,20.528300405836642,False,0.735632183908046,False,False,44.0,10.0
posebusters_benchmark,7OP9_06K,7op9,external/PoseBench/data/posebusters_benchmark_set/7OP9_06K/7OP9_06K_ligand.sdf,external/PoseBench/data/posebusters_benchmark_set/7OP9_06K/7OP9_06K_ligand_start_conf.sdf,True,True,96.29751941684782,False,0.3783783783783784,True,False,11.0,0.0
posebusters_benchmark,7OPG_06N,7opg,external/PoseBench/data/posebusters_benchmark_set/7OPG_06N/7OPG_06N_ligand.sdf,external/PoseBench/data/posebusters_benchmark_set/7OPG_06N/7OPG_06N_ligand_start_conf.sdf,True,True,79.08973807475711,False,0.2835820895522388,False,False,19.0,0.0
posebusters_benchmark,7ORW_7WA,7orw,external/PoseBench/data/posebusters_benchmark_set/7ORW_7WA/7ORW_7WA_ligand.sdf,external/PoseBench/data/posebusters_benchmark_set/7ORW_7WA/7ORW_7WA_ligand_start_conf.sdf,True,True,109.82202198908924,False,0.4482758620689655,True,False,10.0,0.0
posebusters_benchmark,7OSO_0V1,7oso,external/PoseBench/data/posebusters_benchmark_set/7OSO_0V1/7OSO_0V1_ligand.sdf,external/PoseBench/data/posebusters_benchmark_set/7OSO_0V1/7OSO_0V1_ligand_start_conf.sdf,True,True,34.040988494187836,False,0.6111111111111112,False,False,7.0,1.0
posebusters_benchmark,7OU8_1XI,7ou8,external/PoseBench/data/posebusters_benchmark_set/7OU8_1XI/7OU8_1XI_ligand.sdf,external/PoseBench/data/posebusters_benchmark_set/7OU8_1XI/7OU8_1XI_ligand_start_conf.sdf,True,True,104.9373370838438,False,1.0,True,True,23.0,4.0
posebusters_benchmark,7OZ9_NGK,7oz9,external/PoseBench/data/posebusters_benchmark_set/7OZ9_NGK/7OZ9_NGK_ligand.sdf,external/PoseBench/data/posebusters_benchmark_set/7OZ9_NGK/7OZ9_NGK_ligand_start_conf.sdf,True,True,61.88807498928589,False,0.625,True,False,19.0,5.0
posebusters_benchmark,7OZC_G6S,7ozc,external/PoseBench/data/posebusters_benchmark_set/7OZC_G6S/7OZC_G6S_ligand.sdf,external/PoseBench/data/posebusters_benchmark_set/7OZC_G6S/7OZC_G6S_ligand_start_conf.sdf,True,True,25.97464225744986,False,1.0,True,False,16.0,5.0
posebusters_benchmark,7P1F_KFN,7p1f,external/PoseBench/data/posebusters_benchmark_set/7P1F_KFN/7P1F_KFN_ligand.sdf,external/PoseBench/data/posebusters_benchmark_set/7P1F_KFN/7P1F_KFN_ligand_start_conf.sdf,True,True,54.46165789488429,False,1.0,True,True,17.0,5.0
posebusters_benchmark,7P1M_4IU,7p1m,external/PoseBench/data/posebusters_benchmark_set/7P1M_4IU/7P1M_4IU_ligand.sdf,external/PoseBench/data/posebusters_benchmark_set/7P1M_4IU/7P1M_4IU_ligand_start_conf.sdf,True,True,49.092859031605435,False,0.2469135802469135,False,False,24.0,3.0
posebusters_benchmark,7P2I_MFU,7p2i,external/PoseBench/data/posebusters_benchmark_set/7P2I_MFU/7P2I_MFU_ligand.sdf,external/PoseBench/data/posebusters_benchmark_set/7P2I_MFU/7P2I_MFU_ligand_start_conf.sdf,True,True,47.29385990773538,False,0.5,True,False,12.0,5.0
posebusters_benchmark,7P2W_4QR,7p2w,external/PoseBench/data/posebusters_benchmark_set/7P2W_4QR/7P2W_4QR_ligand.sdf,external/PoseBench/data/posebusters_benchmark_set/7P2W_4QR/7P2W_4QR_ligand_start_conf.sdf,True,True,30.441407094787657,False,0.3714285714285714,False,False,34.0,0.0
posebusters_benchmark,7P4C_5OV,7p4c,external/PoseBench/data/posebusters_benchmark_set/7P4C_5OV/7P4C_5OV_ligand.sdf,external/PoseBench/data/posebusters_benchmark_set/7P4C_5OV/7P4C_5OV_ligand_start_conf.sdf,True,True,92.52910679062359,False,1.0,True,True,16.0,6.0
posebusters_benchmark,7P4J_5JK,7p4j,external/PoseBench/data/posebusters_benchmark_set/7P4J_5JK/7P4J_5JK_ligand.sdf,external/PoseBench/data/posebusters_benchmark_set/7P4J_5JK/7P4J_5JK_ligand_start_conf.sdf,True,True,31.332133568419984,False,1.0,True,False,29.0,9.0
posebusters_benchmark,7P4V_DAT,7p4v,external/PoseBench/data/posebusters_benchmark_set/7P4V_DAT/7P4V_DAT_ligand.sdf,external/PoseBench/data/posebusters_benchmark_set/7P4V_DAT/7P4V_DAT_ligand_start_conf.sdf,True,True,40.21573501190414,False,1.0,True,True,26.0,4.0
posebusters_benchmark,7P5T_5YG,7p5t,external/PoseBench/data/posebusters_benchmark_set/7P5T_5YG/7P5T_5YG_ligand.sdf,external/PoseBench/data/posebusters_benchmark_set/7P5T_5YG/7P5T_5YG_ligand_start_conf.sdf,True,True,26.788254424516143,False,0.391304347826087,False,False,23.0,0.0
posebusters_benchmark,7P85_5ZG,7p85,external/PoseBench/data/posebusters_benchmark_set/7P85_5ZG/7P85_5ZG_ligand.sdf,external/PoseBench/data/posebusters_benchmark_set/7P85_5ZG/7P85_5ZG_ligand_start_conf.sdf,True,True,36.317350729152665,False,0.3137254901960784,True,False,14.0,1.0
posebusters_benchmark,7PA4_C,7pa4,external/PoseBench/data/posebusters_benchmark_set/7PA4_C/7PA4_C_ligand.sdf,external/PoseBench/data/posebusters_benchmark_set/7PA4_C/7PA4_C_ligand_start_conf.sdf,True,True,41.52940450135473,False,0.84,True,False,21.0,4.0
posebusters_benchmark,7PGX_FMN,7pgx,external/PoseBench/data/posebusters_benchmark_set/7PGX_FMN/7PGX_FMN_ligand.sdf,external/PoseBench/data/posebusters_benchmark_set/7PGX_FMN/7PGX_FMN_ligand_start_conf.sdf,True,True,22.11676787190383,False,1.0,True,False,31.0,3.0
posebusters_benchmark,7PIH_7QW,7pih,external/PoseBench/data/posebusters_benchmark_set/7PIH_7QW/7PIH_7QW_ligand.sdf,external/PoseBench/data/posebusters_benchmark_set/7PIH_7QW/7PIH_7QW_ligand_start_conf.sdf,True,True,39.33690603931949,False,0.3181818181818182,False,False,24.0,1.0
posebusters_benchmark,7PJQ_OWH,7pjq,external/PoseBench/data/posebusters_benchmark_set/7PJQ_OWH/7PJQ_OWH_ligand.sdf,external/PoseBench/data/posebusters_benchmark_set/7PJQ_OWH/7PJQ_OWH_ligand_start_conf.sdf,True,True,28.658824453455868,False,0.4838709677419355,True,False,10.0,0.0
posebusters_benchmark,7PK0_BYC,7pk0,external/PoseBench/data/posebusters_benchmark_set/7PK0_BYC/7PK0_BYC_ligand.sdf,external/PoseBench/data/posebusters_benchmark_set/7PK0_BYC/7PK0_BYC_ligand_start_conf.sdf,True,True,40.35384945639149,False,0.8020833333333334,False,False,56.0,7.0
posebusters_benchmark,7PL1_SFG,7pl1,external/PoseBench/data/posebusters_benchmark_set/7PL1_SFG/7PL1_SFG_ligand.sdf,external/PoseBench/data/posebusters_benchmark_set/7PL1_SFG/7PL1_SFG_ligand_start_conf.sdf,True,True,47.73864596800498,False,0.7333333333333333,True,False,27.0,6.0
posebusters_benchmark,7POM_7VZ,7pom,external/PoseBench/data/posebusters_benchmark_set/7POM_7VZ/7POM_7VZ_ligand.sdf,external/PoseBench/data/posebusters_benchmark_set/7POM_7VZ/7POM_7VZ_ligand_start_conf.sdf,True,True,77.51646865735283,False,1.0,True,True,22.0,0.0
posebusters_benchmark,7PRI_7TI,7pri,external/PoseBench/data/posebusters_benchmark_set/7PRI_7TI/7PRI_7TI_ligand.sdf,external/PoseBench/data/posebusters_benchmark_set/7PRI_7TI/7PRI_7TI_ligand_start_conf.sdf,True,True,69.24916609708741,False,1.0,True,True,20.0,0.0
posebusters_benchmark,7PRM_81I,7prm,external/PoseBench/data/posebusters_benchmark_set/7PRM_81I/7PRM_81I_ligand.sdf,external/PoseBench/data/posebusters_benchmark_set/7PRM_81I/7PRM_81I_ligand_start_conf.sdf,True,True,126.97822170850426,False,0.3088235294117647,False,False,32.0,1.0
posebusters_benchmark,7PT3_3KK,7pt3,external/PoseBench/data/posebusters_benchmark_set/7PT3_3KK/7PT3_3KK_ligand.sdf,external/PoseBench/data/posebusters_benchmark_set/7PT3_3KK/7PT3_3KK_ligand_start_conf.sdf,True,True,41.12577343683372,False,0.8369565217391305,True,False,54.0,7.0
posebusters_benchmark,7PUV_84Z,7puv,external/PoseBench/data/posebusters_benchmark_set/7PUV_84Z/7PUV_84Z_ligand.sdf,external/PoseBench/data/posebusters_benchmark_set/7PUV_84Z/7PUV_84Z_ligand_start_conf.sdf,True,True,29.543487979749163,False,0.5272727272727272,False,False,24.0,0.0
posebusters_benchmark,7Q19_DSM,7q19,external/PoseBench/data/posebusters_benchmark_set/7Q19_DSM/7Q19_DSM_ligand.sdf,external/PoseBench/data/posebusters_benchmark_set/7Q19_DSM/7Q19_DSM_ligand_start_conf.sdf,True,True,52.31086491482912,False,1.0,True,False,20.0,0.0
posebusters_benchmark,7Q25_8J9,7q25,external/PoseBench/data/posebusters_benchmark_set/7Q25_8J9/7Q25_8J9_ligand.sdf,external/PoseBench/data/posebusters_benchmark_set/7Q25_8J9/7Q25_8J9_ligand_start_conf.sdf,True,True,111.56274598376005,False,0.4313725490196078,False,False,33.0,3.0
posebusters_benchmark,7Q27_8KC,7q27,external/PoseBench/data/posebusters_benchmark_set/7Q27_8KC/7Q27_8KC_ligand.sdf,external/PoseBench/data/posebusters_benchmark_set/7Q27_8KC/7Q27_8KC_ligand_start_conf.sdf,True,True,27.475988670702485,False,0.4406779661016949,False,False,35.0,3.0
posebusters_benchmark,7Q2B_M6H,7q2b,external/PoseBench/data/posebusters_benchmark_set/7Q2B_M6H/7Q2B_M6H_ligand.sdf,external/PoseBench/data/posebusters_benchmark_set/7Q2B_M6H/7Q2B_M6H_ligand_start_conf.sdf,True,True,34.97312507669282,False,0.3461538461538461,False,False,12.0,0.0
posebusters_benchmark,7Q5I_I0F,7q5i,external/PoseBench/data/posebusters_benchmark_set/7Q5I_I0F/7Q5I_I0F_ligand.sdf,external/PoseBench/data/posebusters_benchmark_set/7Q5I_I0F/7Q5I_I0F_ligand_start_conf.sdf,True,True,53.08393207219285,False,0.3050847457627119,False,False,27.0,5.0
posebusters_benchmark,7QE4_NGA,7qe4,external/PoseBench/data/posebusters_benchmark_set/7QE4_NGA/7QE4_NGA_ligand.sdf,external/PoseBench/data/posebusters_benchmark_set/7QE4_NGA/7QE4_NGA_ligand_start_conf.sdf,True,True,91.95635866298389,False,1.0,True,False,15.0,5.0
posebusters_benchmark,7QF4_RBF,7qf4,external/PoseBench/data/posebusters_benchmark_set/7QF4_RBF/7QF4_RBF_ligand.sdf,external/PoseBench/data/posebusters_benchmark_set/7QF4_RBF/7QF4_RBF_ligand_start_conf.sdf,True,True,13.784212611266287,False,0.7368421052631579,True,False,27.0,3.0
posebusters_benchmark,7QFM_AY3,7qfm,external/PoseBench/data/posebusters_benchmark_set/7QFM_AY3/7QFM_AY3_ligand.sdf,external/PoseBench/data/posebusters_benchmark_set/7QFM_AY3/7QFM_AY3_ligand_start_conf.sdf,True,True,235.96289907668535,False,0.4565217391304347,False,False,20.0,0.0
posebusters_benchmark,7QGP_DJ8,7qgp,external/PoseBench/data/posebusters_benchmark_set/7QGP_DJ8/7QGP_DJ8_ligand.sdf,external/PoseBench/data/posebusters_benchmark_set/7QGP_DJ8/7QGP_DJ8_ligand_start_conf.sdf,True,True,30.25474588481238,False,0.3010752688172043,False,False,35.0,0.0
posebusters_benchmark,7QHG_T3B,7qhg,external/PoseBench/data/posebusters_benchmark_set/7QHG_T3B/7QHG_T3B_ligand.sdf,external/PoseBench/data/posebusters_benchmark_set/7QHG_T3B/7QHG_T3B_ligand_start_conf.sdf,True,True,119.74257058311743,False,0.2875,False,False,42.0,0.0
posebusters_benchmark,7QHL_D5P,7qhl,external/PoseBench/data/posebusters_benchmark_set/7QHL_D5P/7QHL_D5P_ligand.sdf,external/PoseBench/data/posebusters_benchmark_set/7QHL_D5P/7QHL_D5P_ligand_start_conf.sdf,True,True,47.39912403718378,False,1.0,True,True,30.0,0.0
posebusters_benchmark,7QK0_EBL,7qk0,external/PoseBench/data/posebusters_benchmark_set/7QK0_EBL/7QK0_EBL_ligand.sdf,external/PoseBench/data/posebusters_benchmark_set/7QK0_EBL/7QK0_EBL_ligand_start_conf.sdf,True,True,31.194485864589154,False,1.0,True,True,38.0,3.0
posebusters_benchmark,7QPP_VDX,7qpp,external/PoseBench/data/posebusters_benchmark_set/7QPP_VDX/7QPP_VDX_ligand.sdf,external/PoseBench/data/posebusters_benchmark_set/7QPP_VDX/7QPP_VDX_ligand_start_conf.sdf,True,True,42.106380079678345,False,0.8548387096774194,True,False,30.0,6.0
posebusters_benchmark,7QSW_CAP,7qsw,external/PoseBench/data/posebusters_benchmark_set/7QSW_CAP/7QSW_CAP_ligand.sdf,external/PoseBench/data/posebusters_benchmark_set/7QSW_CAP/7QSW_CAP_ligand_start_conf.sdf,True,True,113.50749216845304,False,0.4736842105263157,False,False,21.0,3.0
posebusters_benchmark,7QTA_URI,7qta,external/PoseBench/data/posebusters_benchmark_set/7QTA_URI/7QTA_URI_ligand.sdf,external/PoseBench/data/posebusters_benchmark_set/7QTA_URI/7QTA_URI_ligand_start_conf.sdf,True,True,14.255045195484092,False,1.0,True,False,17.0,4.0
posebusters_benchmark,7R3D_APR,7r3d,external/PoseBench/data/posebusters_benchmark_set/7R3D_APR/7R3D_APR_ligand.sdf,external/PoseBench/data/posebusters_benchmark_set/7R3D_APR/7R3D_APR_ligand_start_conf.sdf,True,True,57.516560299520116,False,1.0,True,False,36.0,10.0
posebusters_benchmark,7R59_I5F,7r59,external/PoseBench/data/posebusters_benchmark_set/7R59_I5F/7R59_I5F_ligand.sdf,external/PoseBench/data/posebusters_benchmark_set/7R59_I5F/7R59_I5F_ligand_start_conf.sdf,True,True,12.151446746312207,False,0.6666666666666666,True,False,13.0,0.0
posebusters_benchmark,7R6J_2I7,7r6j,external/PoseBench/data/posebusters_benchmark_set/7R6J_2I7/7R6J_2I7_ligand.sdf,external/PoseBench/data/posebusters_benchmark_set/7R6J_2I7/7R6J_2I7_ligand_start_conf.sdf,True,True,52.844031441512065,False,0.2638888888888889,False,False,33.0,4.0
posebusters_benchmark,7R7R_AWJ,7r7r,external/PoseBench/data/posebusters_benchmark_set/7R7R_AWJ/7R7R_AWJ_ligand.sdf,external/PoseBench/data/posebusters_benchmark_set/7R7R_AWJ/7R7R_AWJ_ligand_start_conf.sdf,True,True,58.08757862441223,False,1.0,True,True,33.0,2.0
posebusters_benchmark,7R9N_F97,7r9n,external/PoseBench/data/posebusters_benchmark_set/7R9N_F97/7R9N_F97_ligand.sdf,external/PoseBench/data/posebusters_benchmark_set/7R9N_F97/7R9N_F97_ligand_start_conf.sdf,True,True,253.65584319445128,False,1.0,True,True,31.0,1.0
posebusters_benchmark,7RC3_SAH,7rc3,external/PoseBench/data/posebusters_benchmark_set/7RC3_SAH/7RC3_SAH_ligand.sdf,external/PoseBench/data/posebusters_benchmark_set/7RC3_SAH/7RC3_SAH_ligand_start_conf.sdf,True,True,47.53064666483413,False,1.0,True,False,26.0,5.0
posebusters_benchmark,7REE_4LY,7ree,external/PoseBench/data/posebusters_benchmark_set/7REE_4LY/7REE_4LY_ligand.sdf,external/PoseBench/data/posebusters_benchmark_set/7REE_4LY/7REE_4LY_ligand_start_conf.sdf,True,True,19.819639884978688,False,0.25,False,False,42.0,0.0
posebusters_benchmark,7RH3_59O,7rh3,external/PoseBench/data/posebusters_benchmark_set/7RH3_59O/7RH3_59O_ligand.sdf,external/PoseBench/data/posebusters_benchmark_set/7RH3_59O/7RH3_59O_ligand_start_conf.sdf,True,True,19.949888057956617,False,1.0,True,True,34.0,5.0
posebusters_benchmark,7RH8_UTP,7rh8,external/PoseBench/data/posebusters_benchmark_set/7RH8_UTP/7RH8_UTP_ligand.sdf,external/PoseBench/data/posebusters_benchmark_set/7RH8_UTP/7RH8_UTP_ligand_start_conf.sdf,True,True,63.962112352747674,False,1.0,True,False,29.0,6.0
posebusters_benchmark,7RKW_5TV,7rkw,external/PoseBench/data/posebusters_benchmark_set/7RKW_5TV/7RKW_5TV_ligand.sdf,external/PoseBench/data/posebusters_benchmark_set/7RKW_5TV/7RKW_5TV_ligand_start_conf.sdf,True,True,29.010810725555398,False,0.2816901408450704,False,False,25.0,1.0
posebusters_benchmark,7RNI_60I,7rni,external/PoseBench/data/posebusters_benchmark_set/7RNI_60I/7RNI_60I_ligand.sdf,external/PoseBench/data/posebusters_benchmark_set/7RNI_60I/7RNI_60I_ligand_start_conf.sdf,True,True,223.00266993753323,False,0.3375,False,False,31.0,0.0
posebusters_benchmark,7ROR_69X,7ror,external/PoseBench/data/posebusters_benchmark_set/7ROR_69X/7ROR_69X_ligand.sdf,external/PoseBench/data/posebusters_benchmark_set/7ROR_69X/7ROR_69X_ligand_start_conf.sdf,True,True,57.117148525407224,False,1.0,True,True,35.0,6.0
posebusters_benchmark,7ROU_66I,7rou,external/PoseBench/data/posebusters_benchmark_set/7ROU_66I/7ROU_66I_ligand.sdf,external/PoseBench/data/posebusters_benchmark_set/7ROU_66I/7ROU_66I_ligand_start_conf.sdf,True,True,79.52490104414966,False,1.0,True,False,39.0,5.0
posebusters_benchmark,7RPZ_6IC,7rpz,external/PoseBench/data/posebusters_benchmark_set/7RPZ_6IC/7RPZ_6IC_ligand.sdf,external/PoseBench/data/posebusters_benchmark_set/7RPZ_6IC/7RPZ_6IC_ligand_start_conf.sdf,True,True,24.854158545384127,False,0.2366412213740458,False,False,44.0,4.0
posebusters_benchmark,7RSV_7IQ,7rsv,external/PoseBench/data/posebusters_benchmark_set/7RSV_7IQ/7RSV_7IQ_ligand.sdf,external/PoseBench/data/posebusters_benchmark_set/7RSV_7IQ/7RSV_7IQ_ligand_start_conf.sdf,True,True,38.20254945423145,False,1.0,True,True,20.0,3.0
posebusters_benchmark,7RUI_7QZ,7rui,external/PoseBench/data/posebusters_benchmark_set/7RUI_7QZ/7RUI_7QZ_ligand.sdf,external/PoseBench/data/posebusters_benchmark_set/7RUI_7QZ/7RUI_7QZ_ligand_start_conf.sdf,True,True,20.167786381033007,False,0.2307692307692307,False,False,51.0,0.0
posebusters_benchmark,7RWO_7WN,7rwo,external/PoseBench/data/posebusters_benchmark_set/7RWO_7WN/7RWO_7WN_ligand.sdf,external/PoseBench/data/posebusters_benchmark_set/7RWO_7WN/7RWO_7WN_ligand_start_conf.sdf,True,True,6.210708216298684,False,0.4629629629629629,False,False,20.0,0.0
posebusters_benchmark,7RWS_4UR,7rws,external/PoseBench/data/posebusters_benchmark_set/7RWS_4UR/7RWS_4UR_ligand.sdf,external/PoseBench/data/posebusters_benchmark_set/7RWS_4UR/7RWS_4UR_ligand_start_conf.sdf,True,True,67.00526741997228,False,0.8153846153846154,False,False,45.0,10.0
posebusters_benchmark,7RZL_NPO,7rzl,external/PoseBench/data/posebusters_benchmark_set/7RZL_NPO/7RZL_NPO_ligand.sdf,external/PoseBench/data/posebusters_benchmark_set/7RZL_NPO/7RZL_NPO_ligand_start_conf.sdf,True,True,68.86290307378131,False,0.56,True,False,10.0,0.0
posebusters_benchmark,7S45_ACO,7s45,external/PoseBench/data/posebusters_benchmark_set/7S45_ACO/7S45_ACO_ligand.sdf,external/PoseBench/data/posebusters_benchmark_set/7S45_ACO/7S45_ACO_ligand_start_conf.sdf,True,True,61.49832281091166,False,0.8555555555555555,True,False,51.0,7.0
posebusters_benchmark,7S9H_7PP,7s9h,external/PoseBench/data/posebusters_benchmark_set/7S9H_7PP/7S9H_7PP_ligand.sdf,external/PoseBench/data/posebusters_benchmark_set/7S9H_7PP/7S9H_7PP_ligand_start_conf.sdf,True,True,42.581067628340534,False,0.2558139534883721,False,False,29.0,0.0
posebusters_benchmark,7SCW_GSP,7scw,external/PoseBench/data/posebusters_benchmark_set/7SCW_GSP/7SCW_GSP_ligand.sdf,external/PoseBench/data/posebusters_benchmark_set/7SCW_GSP/7SCW_GSP_ligand_start_conf.sdf,True,True,37.84640659067747,False,1.0,True,True,32.0,6.0
posebusters_benchmark,7SDD_4IP,7sdd,external/PoseBench/data/posebusters_benchmark_set/7SDD_4IP/7SDD_4IP_ligand.sdf,external/PoseBench/data/posebusters_benchmark_set/7SDD_4IP/7SDD_4IP_ligand_start_conf.sdf,True,True,15.338577255439027,False,1.0,True,True,28.0,6.0
posebusters_benchmark,7SED_8VD,7sed,external/PoseBench/data/posebusters_benchmark_set/7SED_8VD/7SED_8VD_ligand.sdf,external/PoseBench/data/posebusters_benchmark_set/7SED_8VD/7SED_8VD_ligand_start_conf.sdf,True,True,42.24434376086203,False,0.28,False,False,17.0,0.0
posebusters_benchmark,7SFO_98L,7sfo,external/PoseBench/data/posebusters_benchmark_set/7SFO_98L/7SFO_98L_ligand.sdf,external/PoseBench/data/posebusters_benchmark_set/7SFO_98L/7SFO_98L_ligand_start_conf.sdf,True,True,10.805871071190882,False,1.0,True,True,25.0,0.0
posebusters_benchmark,7SGV_L30,7sgv,external/PoseBench/data/posebusters_benchmark_set/7SGV_L30/7SGV_L30_ligand.sdf,external/PoseBench/data/posebusters_benchmark_set/7SGV_L30/7SGV_L30_ligand_start_conf.sdf,True,True,79.6968034412231,False,0.4473684210526316,False,False,19.0,0.0
posebusters_benchmark,7SIU_9ID,7siu,external/PoseBench/data/posebusters_benchmark_set/7SIU_9ID/7SIU_9ID_ligand.sdf,external/PoseBench/data/posebusters_benchmark_set/7SIU_9ID/7SIU_9ID_ligand_start_conf.sdf,True,True,37.6691715736896,False,1.0,True,True,31.0,1.0
posebusters_benchmark,7SNE_9XR,7sne,external/PoseBench/data/posebusters_benchmark_set/7SNE_9XR/7SNE_9XR_ligand.sdf,external/PoseBench/data/posebusters_benchmark_set/7SNE_9XR/7SNE_9XR_ligand_start_conf.sdf,True,True,63.17541008503405,False,0.6621621621621622,False,False,45.0,10.0
posebusters_benchmark,7SSM_B7L,7ssm,external/PoseBench/data/posebusters_benchmark_set/7SSM_B7L/7SSM_B7L_ligand.sdf,external/PoseBench/data/posebusters_benchmark_set/7SSM_B7L/7SSM_B7L_ligand_start_conf.sdf,True,True,26.799062391934534,False,0.3150684931506849,False,False,25.0,0.0
posebusters_benchmark,7SUC_COM,7suc,external/PoseBench/data/posebusters_benchmark_set/7SUC_COM/7SUC_COM_ligand.sdf,external/PoseBench/data/posebusters_benchmark_set/7SUC_COM/7SUC_COM_ligand_start_conf.sdf,True,True,42.031067607612755,False,0.391304347826087,False,False,7.0,0.0
posebusters_benchmark,7SZA_DUI,7sza,external/PoseBench/data/posebusters_benchmark_set/7SZA_DUI/7SZA_DUI_ligand.sdf,external/PoseBench/data/posebusters_benchmark_set/7SZA_DUI/7SZA_DUI_ligand_start_conf.sdf,True,True,63.74342540896669,False,1.0,True,True,20.0,1.0
posebusters_benchmark,7T0D_FPP,7t0d,external/PoseBench/data/posebusters_benchmark_set/7T0D_FPP/7T0D_FPP_ligand.sdf,external/PoseBench/data/posebusters_benchmark_set/7T0D_FPP/7T0D_FPP_ligand_start_conf.sdf,True,True,47.12754444881464,False,1.0,False,False,24.0,1.0
posebusters_benchmark,7T0U_E3I,7t0u,external/PoseBench/data/posebusters_benchmark_set/7T0U_E3I/7T0U_E3I_ligand.sdf,external/PoseBench/data/posebusters_benchmark_set/7T0U_E3I/7T0U_E3I_ligand_start_conf.sdf,True,True,39.93681495671214,False,0.4224137931034483,False,False,48.0,1.0
posebusters_benchmark,7T1D_E7K,7t1d,external/PoseBench/data/posebusters_benchmark_set/7T1D_E7K/7T1D_E7K_ligand.sdf,external/PoseBench/data/posebusters_benchmark_set/7T1D_E7K/7T1D_E7K_ligand_start_conf.sdf,True,True,32.87407780309318,False,1.0,True,True,34.0,0.0
posebusters_benchmark,7T2I_E9F,7t2i,external/PoseBench/data/posebusters_benchmark_set/7T2I_E9F/7T2I_E9F_ligand.sdf,external/PoseBench/data/posebusters_benchmark_set/7T2I_E9F/7T2I_E9F_ligand_start_conf.sdf,True,True,243.25567872310955,False,0.3012048192771084,False,False,29.0,2.0
posebusters_benchmark,7T3E_SLB,7t3e,external/PoseBench/data/posebusters_benchmark_set/7T3E_SLB/7T3E_SLB_ligand.sdf,external/PoseBench/data/posebusters_benchmark_set/7T3E_SLB/7T3E_SLB_ligand_start_conf.sdf,True,True,35.55369538612722,False,1.0,True,False,21.0,6.0
posebusters_benchmark,7T3F_EM0,7t3f,external/PoseBench/data/posebusters_benchmark_set/7T3F_EM0/7T3F_EM0_ligand.sdf,external/PoseBench/data/posebusters_benchmark_set/7T3F_EM0/7T3F_EM0_ligand_start_conf.sdf,True,True,96.99554233336362,False,0.2777777777777778,False,False,24.0,0.0
posebusters_benchmark,7T9O_GEI,7t9o,external/PoseBench/data/posebusters_benchmark_set/7T9O_GEI/7T9O_GEI_ligand.sdf,external/PoseBench/data/posebusters_benchmark_set/7T9O_GEI/7T9O_GEI_ligand_start_conf.sdf,True,True,32.93459557171515,False,0.2959183673469387,False,False,41.0,1.0
posebusters_benchmark,7TB0_UD1,7tb0,external/PoseBench/data/posebusters_benchmark_set/7TB0_UD1/7TB0_UD1_ligand.sdf,external/PoseBench/data/posebusters_benchmark_set/7TB0_UD1/7TB0_UD1_ligand_start_conf.sdf,True,True,57.285026219944626,False,1.0,True,False,39.0,11.0
posebusters_benchmark,7TBU_S3P,7tbu,external/PoseBench/data/posebusters_benchmark_set/7TBU_S3P/7TBU_S3P_ligand.sdf,external/PoseBench/data/posebusters_benchmark_set/7TBU_S3P/7TBU_S3P_ligand_start_conf.sdf,True,True,75.09618988760349,False,1.0,True,True,16.0,3.0
posebusters_benchmark,7TE8_P0T,7te8,external/PoseBench/data/posebusters_benchmark_set/7TE8_P0T/7TE8_P0T_ligand.sdf,external/PoseBench/data/posebusters_benchmark_set/7TE8_P0T/7TE8_P0T_ligand_start_conf.sdf,True,True,90.35623557728742,False,1.0,True,True,23.0,2.0
posebusters_benchmark,7TH4_FFO,7th4,external/PoseBench/data/posebusters_benchmark_set/7TH4_FFO/7TH4_FFO_ligand.sdf,external/PoseBench/data/posebusters_benchmark_set/7TH4_FFO/7TH4_FFO_ligand_start_conf.sdf,True,True,30.548727780865306,False,0.5324675324675324,False,False,34.0,2.0
posebusters_benchmark,7THI_PGA,7thi,external/PoseBench/data/posebusters_benchmark_set/7THI_PGA/7THI_PGA_ligand.sdf,external/PoseBench/data/posebusters_benchmark_set/7THI_PGA/7THI_PGA_ligand_start_conf.sdf,True,True,125.50734540843062,False,0.4285714285714285,False,False,9.0,0.0
posebusters_benchmark,7TM6_GPJ,7tm6,external/PoseBench/data/posebusters_benchmark_set/7TM6_GPJ/7TM6_GPJ_ligand.sdf,external/PoseBench/data/posebusters_benchmark_set/7TM6_GPJ/7TM6_GPJ_ligand_start_conf.sdf,True,True,6.3582480375493375,False,1.0,False,True,10.0,0.0
posebusters_benchmark,7TOM_5AD,7tom,external/PoseBench/data/posebusters_benchmark_set/7TOM_5AD/7TOM_5AD_ligand.sdf,external/PoseBench/data/posebusters_benchmark_set/7TOM_5AD/7TOM_5AD_ligand_start_conf.sdf,True,True,67.07376071168053,False,1.0,True,False,18.0,4.0
posebusters_benchmark,7TS6_KMI,7ts6,external/PoseBench/data/posebusters_benchmark_set/7TS6_KMI/7TS6_KMI_ligand.sdf,external/PoseBench/data/posebusters_benchmark_set/7TS6_KMI/7TS6_KMI_ligand_start_conf.sdf,True,True,15.177544786237176,False,1.0,True,True,17.0,0.0
posebusters_benchmark,7TSF_H4B,7tsf,external/PoseBench/data/posebusters_benchmark_set/7TSF_H4B/7TSF_H4B_ligand.sdf,external/PoseBench/data/posebusters_benchmark_set/7TSF_H4B/7TSF_H4B_ligand_start_conf.sdf,True,True,35.75622561989154,False,1.0,True,True,17.0,3.0
posebusters_benchmark,7TUO_KL9,7tuo,external/PoseBench/data/posebusters_benchmark_set/7TUO_KL9/7TUO_KL9_ligand.sdf,external/PoseBench/data/posebusters_benchmark_set/7TUO_KL9/7TUO_KL9_ligand_start_conf.sdf,True,True,28.520020764409225,False,1.0,True,True,30.0,3.0
posebusters_benchmark,7TWC_CXS,7twc,external/PoseBench/data/posebusters_benchmark_set/7TWC_CXS/7TWC_CXS_ligand.sdf,external/PoseBench/data/posebusters_benchmark_set/7TWC_CXS/7TWC_CXS_ligand_start_conf.sdf,True,True,18.590537467370712,False,0.7857142857142857,True,False,14.0,0.0
posebusters_benchmark,7TXK_LW8,7txk,external/PoseBench/data/posebusters_benchmark_set/7TXK_LW8/7TXK_LW8_ligand.sdf,external/PoseBench/data/posebusters_benchmark_set/7TXK_LW8/7TXK_LW8_ligand_start_conf.sdf,True,True,105.78916604638681,False,1.0,True,True,15.0,1.0
posebusters_benchmark,7TXP_0FX,7txp,external/PoseBench/data/posebusters_benchmark_set/7TXP_0FX/7TXP_0FX_ligand.sdf,external/PoseBench/data/posebusters_benchmark_set/7TXP_0FX/7TXP_0FX_ligand_start_conf.sdf,True,True,36.72509135427323,False,1.0,True,True,35.0,10.0
posebusters_benchmark,7TYP_KUR,7typ,external/PoseBench/data/posebusters_benchmark_set/7TYP_KUR/7TYP_KUR_ligand.sdf,external/PoseBench/data/posebusters_benchmark_set/7TYP_KUR/7TYP_KUR_ligand_start_conf.sdf,True,True,42.00720602471322,False,0.2365591397849462,False,False,37.0,0.0
posebusters_benchmark,7U0U_FK5,7u0u,external/PoseBench/data/posebusters_benchmark_set/7U0U_FK5/7U0U_FK5_ligand.sdf,external/PoseBench/data/posebusters_benchmark_set/7U0U_FK5/7U0U_FK5_ligand_start_conf.sdf,True,True,43.203267171537654,False,0.8791208791208791,True,False,57.0,14.0
posebusters_benchmark,7U3J_L6U,7u3j,external/PoseBench/data/posebusters_benchmark_set/7U3J_L6U/7U3J_L6U_ligand.sdf,external/PoseBench/data/posebusters_benchmark_set/7U3J_L6U/7U3J_L6U_ligand_start_conf.sdf,True,True,16.959226932736428,False,0.3111111111111111,False,False,38.0,2.0
posebusters_benchmark,7UAS_MBU,7uas,external/PoseBench/data/posebusters_benchmark_set/7UAS_MBU/7UAS_MBU_ligand.sdf,external/PoseBench/data/posebusters_benchmark_set/7UAS_MBU/7UAS_MBU_ligand_start_conf.sdf,True,True,42.20928673335407,False,1.0,True,True,40.0,1.0
posebusters_benchmark,7UAW_MF6,7uaw,external/PoseBench/data/posebusters_benchmark_set/7UAW_MF6/7UAW_MF6_ligand.sdf,external/PoseBench/data/posebusters_benchmark_set/7UAW_MF6/7UAW_MF6_ligand_start_conf.sdf,True,True,28.037805930284303,False,1.0,True,True,35.0,10.0
posebusters_benchmark,7UEY_N0R,7uey,external/PoseBench/data/posebusters_benchmark_set/7UEY_N0R/7UEY_N0R_ligand.sdf,external/PoseBench/data/posebusters_benchmark_set/7UEY_N0R/7UEY_N0R_ligand_start_conf.sdf,True,True,43.46724529339219,False,0.6481481481481481,True,False,27.0,0.0
posebusters_benchmark,7UF2_5SP,7uf2,external/PoseBench/data/posebusters_benchmark_set/7UF2_5SP/7UF2_5SP_ligand.sdf,external/PoseBench/data/posebusters_benchmark_set/7UF2_5SP/7UF2_5SP_ligand_start_conf.sdf,True,True,15.089858984903925,False,1.0,False,False,14.0,2.0
posebusters_benchmark,7UJ4_OQ4,7uj4,external/PoseBench/data/posebusters_benchmark_set/7UJ4_OQ4/7UJ4_OQ4_ligand.sdf,external/PoseBench/data/posebusters_benchmark_set/7UJ4_OQ4/7UJ4_OQ4_ligand_start_conf.sdf,True,True,33.61129324727168,False,1.0,True,True,44.0,0.0
posebusters_benchmark,7UJ5_DGL,7uj5,external/PoseBench/data/posebusters_benchmark_set/7UJ5_DGL/7UJ5_DGL_ligand.sdf,external/PoseBench/data/posebusters_benchmark_set/7UJ5_DGL/7UJ5_DGL_ligand_start_conf.sdf,True,True,49.21737722341572,False,1.0,False,False,10.0,1.0
posebusters_benchmark,7UJF_R3V,7ujf,external/PoseBench/data/posebusters_benchmark_set/7UJF_R3V/7UJF_R3V_ligand.sdf,external/PoseBench/data/posebusters_benchmark_set/7UJF_R3V/7UJF_R3V_ligand_start_conf.sdf,True,True,64.2633311849913,False,1.0,True,True,32.0,3.0
posebusters_benchmark,7ULC_56B,7ulc,external/PoseBench/data/posebusters_benchmark_set/7ULC_56B/7ULC_56B_ligand.sdf,external/PoseBench/data/posebusters_benchmark_set/7ULC_56B/7ULC_56B_ligand_start_conf.sdf,True,True,101.29490148727312,False,1.0,True,False,33.0,7.0
posebusters_benchmark,7UMV_NUU,7umv,external/PoseBench/data/posebusters_benchmark_set/7UMV_NUU/7UMV_NUU_ligand.sdf,external/PoseBench/data/posebusters_benchmark_set/7UMV_NUU/7UMV_NUU_ligand_start_conf.sdf,True,True,34.217136760474276,False,0.532258064516129,False,False,22.0,0.0
posebusters_benchmark,7UMW_NAD,7umw,external/PoseBench/data/posebusters_benchmark_set/7UMW_NAD/7UMW_NAD_ligand.sdf,external/PoseBench/data/posebusters_benchmark_set/7UMW_NAD/7UMW_NAD_ligand_start_conf.sdf,True,True,71.70620743249057,False,1.0,True,False,44.0,10.0
posebusters_benchmark,7UP3_NZ0,7up3,external/PoseBench/data/posebusters_benchmark_set/7UP3_NZ0/7UP3_NZ0_ligand.sdf,external/PoseBench/data/posebusters_benchmark_set/7UP3_NZ0/7UP3_NZ0_ligand_start_conf.sdf,True,True,14.38136943585119,False,0.3636363636363636,False,False,23.0,0.0
posebusters_benchmark,7UQ3_O2U,7uq3,external/PoseBench/data/posebusters_benchmark_set/7UQ3_O2U/7UQ3_O2U_ligand.sdf,external/PoseBench/data/posebusters_benchmark_set/7UQ3_O2U/7UQ3_O2U_ligand_start_conf.sdf,True,True,174.3120306793467,False,0.2333333333333333,False,False,12.0,1.0
posebusters_benchmark,7USH_82V,7ush,external/PoseBench/data/posebusters_benchmark_set/7USH_82V/7USH_82V_ligand.sdf,external/PoseBench/data/posebusters_benchmark_set/7USH_82V/7USH_82V_ligand_start_conf.sdf,True,True,21.72264421973779,False,1.0,True,True,26.0,0.0
posebusters_benchmark,7UTW_NAI,7utw,external/PoseBench/data/posebusters_benchmark_set/7UTW_NAI/7UTW_NAI_ligand.sdf,external/PoseBench/data/posebusters_benchmark_set/7UTW_NAI/7UTW_NAI_ligand_start_conf.sdf,True,True,47.27282706710927,False,1.0,True,True,44.0,10.0
posebusters_benchmark,7UXS_OJC,7uxs,external/PoseBench/data/posebusters_benchmark_set/7UXS_OJC/7UXS_OJC_ligand.sdf,external/PoseBench/data/posebusters_benchmark_set/7UXS_OJC/7UXS_OJC_ligand_start_conf.sdf,True,True,38.26200574675689,False,1.0,True,True,35.0,10.0
posebusters_benchmark,7UY4_SMI,7uy4,external/PoseBench/data/posebusters_benchmark_set/7UY4_SMI/7UY4_SMI_ligand.sdf,external/PoseBench/data/posebusters_benchmark_set/7UY4_SMI/7UY4_SMI_ligand_start_conf.sdf,True,True,33.886862474446986,False,1.0,True,True,24.0,9.0
posebusters_benchmark,7UYB_OK0,7uyb,external/PoseBench/data/posebusters_benchmark_set/7UYB_OK0/7UYB_OK0_ligand.sdf,external/PoseBench/data/posebusters_benchmark_set/7UYB_OK0/7UYB_OK0_ligand_start_conf.sdf,True,True,26.878975033699817,False,0.2631578947368421,False,False,31.0,0.0
posebusters_benchmark,7V14_ORU,7v14,external/PoseBench/data/posebusters_benchmark_set/7V14_ORU/7V14_ORU_ligand.sdf,external/PoseBench/data/posebusters_benchmark_set/7V14_ORU/7V14_ORU_ligand_start_conf.sdf,True,True,34.03905111961848,False,0.7948717948717948,False,False,35.0,1.0
posebusters_benchmark,7V3N_AKG,7v3n,external/PoseBench/data/posebusters_benchmark_set/7V3N_AKG/7V3N_AKG_ligand.sdf,external/PoseBench/data/posebusters_benchmark_set/7V3N_AKG/7V3N_AKG_ligand_start_conf.sdf,True,True,153.00565510497316,False,1.0,False,False,10.0,0.0
posebusters_benchmark,7V3S_5I9,7v3s,external/PoseBench/data/posebusters_benchmark_set/7V3S_5I9/7V3S_5I9_ligand.sdf,external/PoseBench/data/posebusters_benchmark_set/7V3S_5I9/7V3S_5I9_ligand_start_conf.sdf,True,True,35.02612790597974,False,1.0,True,True,38.0,0.0
posebusters_benchmark,7V43_C4O,7v43,external/PoseBench/data/posebusters_benchmark_set/7V43_C4O/7V43_C4O_ligand.sdf,external/PoseBench/data/posebusters_benchmark_set/7V43_C4O/7V43_C4O_ligand_start_conf.sdf,True,True,50.30022195501477,False,1.0,True,True,8.0,0.0
posebusters_benchmark,7V8Z_5YH,7v8z,external/PoseBench/data/posebusters_benchmark_set/7V8Z_5YH/7V8Z_5YH_ligand.sdf,external/PoseBench/data/posebusters_benchmark_set/7V8Z_5YH/7V8Z_5YH_ligand_start_conf.sdf,True,True,33.426754012383554,False,0.2571428571428571,False,False,25.0,1.0
posebusters_benchmark,7VB8_STL,7vb8,external/PoseBench/data/posebusters_benchmark_set/7VB8_STL/7VB8_STL_ligand.sdf,external/PoseBench/data/posebusters_benchmark_set/7VB8_STL/7VB8_STL_ligand_start_conf.sdf,True,True,38.01461062738595,False,1.0,True,False,17.0,0.0
posebusters_benchmark,7VBU_6I4,7vbu,external/PoseBench/data/posebusters_benchmark_set/7VBU_6I4/7VBU_6I4_ligand.sdf,external/PoseBench/data/posebusters_benchmark_set/7VBU_6I4/7VBU_6I4_ligand_start_conf.sdf,True,True,80.13269868966982,False,0.5714285714285714,True,False,17.0,0.0
posebusters_benchmark,7VC5_9SF,7vc5,external/PoseBench/data/posebusters_benchmark_set/7VC5_9SF/7VC5_9SF_ligand.sdf,external/PoseBench/data/posebusters_benchmark_set/7VC5_9SF/7VC5_9SF_ligand_start_conf.sdf,True,True,20.785630141387234,False,0.6721311475409836,True,False,22.0,2.0
posebusters_benchmark,7VJT_7IJ,7vjt,external/PoseBench/data/posebusters_benchmark_set/7VJT_7IJ/7VJT_7IJ_ligand.sdf,external/PoseBench/data/posebusters_benchmark_set/7VJT_7IJ/7VJT_7IJ_ligand_start_conf.sdf,True,True,153.02607656813967,False,1.0,True,True,27.0,0.0
posebusters_benchmark,7VKZ_NOJ,7vkz,external/PoseBench/data/posebusters_benchmark_set/7VKZ_NOJ/7VKZ_NOJ_ligand.sdf,external/PoseBench/data/posebusters_benchmark_set/7VKZ_NOJ/7VKZ_NOJ_ligand_start_conf.sdf,True,True,39.564903841903764,False,0.3793103448275862,True,False,11.0,4.0
posebusters_benchmark,7VQ9_ISY,7vq9,external/PoseBench/data/posebusters_benchmark_set/7VQ9_ISY/7VQ9_ISY_ligand.sdf,external/PoseBench/data/posebusters_benchmark_set/7VQ9_ISY/7VQ9_ISY_ligand_start_conf.sdf,True,True,40.12271644117938,False,1.0,False,True,14.0,1.0
posebusters_benchmark,7VWF_K55,7vwf,external/PoseBench/data/posebusters_benchmark_set/7VWF_K55/7VWF_K55_ligand.sdf,external/PoseBench/data/posebusters_benchmark_set/7VWF_K55/7VWF_K55_ligand_start_conf.sdf,True,True,41.904974115704675,False,0.7424242424242424,True,True,33.0,1.0
posebusters_benchmark,7VYJ_CA0,7vyj,external/PoseBench/data/posebusters_benchmark_set/7VYJ_CA0/7VYJ_CA0_ligand.sdf,external/PoseBench/data/posebusters_benchmark_set/7VYJ_CA0/7VYJ_CA0_ligand_start_conf.sdf,True,True,77.26588361663899,False,1.0,True,True,26.0,5.0
posebusters_benchmark,7W05_GMP,7w05,external/PoseBench/data/posebusters_benchmark_set/7W05_GMP/7W05_GMP_ligand.sdf,external/PoseBench/data/posebusters_benchmark_set/7W05_GMP/7W05_GMP_ligand_start_conf.sdf,True,True,14.610915588678898,False,0.7272727272727273,True,False,20.0,4.0
posebusters_benchmark,7W06_ITN,7w06,external/PoseBench/data/posebusters_benchmark_set/7W06_ITN/7W06_ITN_ligand.sdf,external/PoseBench/data/posebusters_benchmark_set/7W06_ITN/7W06_ITN_ligand_start_conf.sdf,True,True,38.86215866526774,False,0.3478260869565217,False,False,9.0,0.0
posebusters_benchmark,7W6F_8I6,7w6f,external/PoseBench/data/posebusters_benchmark_set/7W6F_8I6/7W6F_8I6_ligand.sdf,external/PoseBench/data/posebusters_benchmark_set/7W6F_8I6/7W6F_8I6_ligand_start_conf.sdf,True,True,20.158640898148366,False,1.0,True,True,20.0,0.0
posebusters_benchmark,7WCF_ACP,7wcf,external/PoseBench/data/posebusters_benchmark_set/7WCF_ACP/7WCF_ACP_ligand.sdf,external/PoseBench/data/posebusters_benchmark_set/7WCF_ACP/7WCF_ACP_ligand_start_conf.sdf,True,True,31.172447446779955,False,1.0,True,True,31.0,6.0
posebusters_benchmark,7WDT_NGS,7wdt,external/PoseBench/data/posebusters_benchmark_set/7WDT_NGS/7WDT_NGS_ligand.sdf,external/PoseBench/data/posebusters_benchmark_set/7WDT_NGS/7WDT_NGS_ligand_start_conf.sdf,True,True,25.382436092896995,False,1.0,True,True,19.0,5.0
posebusters_benchmark,7WJB_BGC,7wjb,external/PoseBench/data/posebusters_benchmark_set/7WJB_BGC/7WJB_BGC_ligand.sdf,external/PoseBench/data/posebusters_benchmark_set/7WJB_BGC/7WJB_BGC_ligand_start_conf.sdf,True,True,60.28099584081205,False,1.0,True,False,12.0,5.0
posebusters_benchmark,7WKL_CAQ,7wkl,external/PoseBench/data/posebusters_benchmark_set/7WKL_CAQ/7WKL_CAQ_ligand.sdf,external/PoseBench/data/posebusters_benchmark_set/7WKL_CAQ/7WKL_CAQ_ligand_start_conf.sdf,True,True,83.15565001956422,False,0.5,True,False,8.0,0.0
posebusters_benchmark,7WL4_JFU,7wl4,external/PoseBench/data/posebusters_benchmark_set/7WL4_JFU/7WL4_JFU_ligand.sdf,external/PoseBench/data/posebusters_benchmark_set/7WL4_JFU/7WL4_JFU_ligand_start_conf.sdf,True,True,35.41586288672318,False,1.0,True,True,34.0,0.0
posebusters_benchmark,7WN5_JGL,7wn5,external/PoseBench/data/posebusters_benchmark_set/7WN5_JGL/7WN5_JGL_ligand.sdf,external/PoseBench/data/posebusters_benchmark_set/7WN5_JGL/7WN5_JGL_ligand_start_conf.sdf,True,True,25.26035787465026,False,0.3883495145631068,False,False,37.0,0.0
posebusters_benchmark,7WPW_F15,7wpw,external/PoseBench/data/posebusters_benchmark_set/7WPW_F15/7WPW_F15_ligand.sdf,external/PoseBench/data/posebusters_benchmark_set/7WPW_F15/7WPW_F15_ligand_start_conf.sdf,True,True,22.398940217760828,False,1.0,False,False,17.0,0.0
posebusters_benchmark,7WQQ_5Z6,7wqq,external/PoseBench/data/posebusters_benchmark_set/7WQQ_5Z6/7WQQ_5Z6_ligand.sdf,external/PoseBench/data/posebusters_benchmark_set/7WQQ_5Z6/7WQQ_5Z6_ligand_start_conf.sdf,True,True,33.03714308825862,False,1.0,True,True,27.0,0.0
posebusters_benchmark,7WUX_6OI,7wux,external/PoseBench/data/posebusters_benchmark_set/7WUX_6OI/7WUX_6OI_ligand.sdf,external/PoseBench/data/posebusters_benchmark_set/7WUX_6OI/7WUX_6OI_ligand_start_conf.sdf,True,True,32.76965325272939,False,1.0,False,True,17.0,3.0
posebusters_benchmark,7WUY_76N,7wuy,external/PoseBench/data/posebusters_benchmark_set/7WUY_76N/7WUY_76N_ligand.sdf,external/PoseBench/data/posebusters_benchmark_set/7WUY_76N/7WUY_76N_ligand_start_conf.sdf,True,True,152.94832663826804,False,1.0,True,True,30.0,8.0
posebusters_benchmark,7WY1_D0L,7wy1,external/PoseBench/data/posebusters_benchmark_set/7WY1_D0L/7WY1_D0L_ligand.sdf,external/PoseBench/data/posebusters_benchmark_set/7WY1_D0L/7WY1_D0L_ligand_start_conf.sdf,True,True,74.38404753538842,False,0.5666666666666667,False,False,26.0,2.0
posebusters_benchmark,7X5N_5M5,7x5n,external/PoseBench/data/posebusters_benchmark_set/7X5N_5M5/7X5N_5M5_ligand.sdf,external/PoseBench/data/posebusters_benchmark_set/7X5N_5M5/7X5N_5M5_ligand_start_conf.sdf,True,True,111.28701748907791,False,1.0,True,False,30.0,1.0
posebusters_benchmark,7X9K_8OG,7x9k,external/PoseBench/data/posebusters_benchmark_set/7X9K_8OG/7X9K_8OG_ligand.sdf,external/PoseBench/data/posebusters_benchmark_set/7X9K_8OG/7X9K_8OG_ligand_start_conf.sdf,True,True,27.362918172729678,False,1.0,True,False,24.0,3.0
posebusters_benchmark,7XBV_APC,7xbv,external/PoseBench/data/posebusters_benchmark_set/7XBV_APC/7XBV_APC_ligand.sdf,external/PoseBench/data/posebusters_benchmark_set/7XBV_APC/7XBV_APC_ligand_start_conf.sdf,True,True,42.036269440786334,False,1.0,True,True,31.0,6.0
posebusters_benchmark,7XEK_9YX,7xek,external/PoseBench/data/posebusters_benchmark_set/7XEK_9YX/7XEK_9YX_ligand.sdf,external/PoseBench/data/posebusters_benchmark_set/7XEK_9YX/7XEK_9YX_ligand_start_conf.sdf,True,True,60.956794762054066,False,1.0,True,True,22.0,2.0
posebusters_benchmark,7XFA_D9J,7xfa,external/PoseBench/data/posebusters_benchmark_set/7XFA_D9J/7XFA_D9J_ligand.sdf,external/PoseBench/data/posebusters_benchmark_set/7XFA_D9J/7XFA_D9J_ligand_start_conf.sdf,True,True,21.141438529804734,False,0.25,False,False,41.0,5.0
posebusters_benchmark,7XG5_PLP,7xg5,external/PoseBench/data/posebusters_benchmark_set/7XG5_PLP/7XG5_PLP_ligand.sdf,external/PoseBench/data/posebusters_benchmark_set/7XG5_PLP/7XG5_PLP_ligand_start_conf.sdf,True,True,50.57715432311065,False,1.0,True,False,16.0,0.0
posebusters_benchmark,7XI7_4RI,7xi7,external/PoseBench/data/posebusters_benchmark_set/7XI7_4RI/7XI7_4RI_ligand.sdf,external/PoseBench/data/posebusters_benchmark_set/7XI7_4RI/7XI7_4RI_ligand_start_conf.sdf,True,True,15.90375878083543,False,1.0,True,True,20.0,0.0
posebusters_benchmark,7XIJ_EJ3,7xij,external/PoseBench/data/posebusters_benchmark_set/7XIJ_EJ3/7XIJ_EJ3_ligand.sdf,external/PoseBench/data/posebusters_benchmark_set/7XIJ_EJ3/7XIJ_EJ3_ligand_start_conf.sdf,True,True,35.4489749922763,False,0.525,False,False,33.0,0.0
posebusters_benchmark,7XJN_NSD,7xjn,external/PoseBench/data/posebusters_benchmark_set/7XJN_NSD/7XJN_NSD_ligand.sdf,external/PoseBench/data/posebusters_benchmark_set/7XJN_NSD/7XJN_NSD_ligand_start_conf.sdf,True,True,34.18397187165679,False,0.8571428571428571,False,False,9.0,0.0
posebusters_benchmark,7XPO_UPG,7xpo,external/PoseBench/data/posebusters_benchmark_set/7XPO_UPG/7XPO_UPG_ligand.sdf,external/PoseBench/data/posebusters_benchmark_set/7XPO_UPG/7XPO_UPG_ligand_start_conf.sdf,True,True,39.23025696945464,False,1.0,True,True,36.0,11.0
posebusters_benchmark,7XQZ_FPF,7xqz,external/PoseBench/data/posebusters_benchmark_set/7XQZ_FPF/7XQZ_FPF_ligand.sdf,external/PoseBench/data/posebusters_benchmark_set/7XQZ_FPF/7XQZ_FPF_ligand_start_conf.sdf,True,True,28.177841486047154,False,1.0,False,True,25.0,1.0
posebusters_benchmark,7XRL_FWK,7xrl,external/PoseBench/data/posebusters_benchmark_set/7XRL_FWK/7XRL_FWK_ligand.sdf,external/PoseBench/data/posebusters_benchmark_set/7XRL_FWK/7XRL_FWK_ligand_start_conf.sdf,True,True,42.50504186803824,False,0.7954545454545454,True,False,19.0,4.0
posebusters_benchmark,7YZU_DO7,7yzu,external/PoseBench/data/posebusters_benchmark_set/7YZU_DO7/7YZU_DO7_ligand.sdf,external/PoseBench/data/posebusters_benchmark_set/7YZU_DO7/7YZU_DO7_ligand_start_conf.sdf,True,True,30.654469430543486,False,1.0,True,True,16.0,5.0
posebusters_benchmark,7Z1Q_NIO,7z1q,external/PoseBench/data/posebusters_benchmark_set/7Z1Q_NIO/7Z1Q_NIO_ligand.sdf,external/PoseBench/data/posebusters_benchmark_set/7Z1Q_NIO/7Z1Q_NIO_ligand_start_conf.sdf,True,True,22.219161813598838,False,1.0,True,False,9.0,0.0
posebusters_benchmark,7Z2O_IAJ,7z2o,external/PoseBench/data/posebusters_benchmark_set/7Z2O_IAJ/7Z2O_IAJ_ligand.sdf,external/PoseBench/data/posebusters_benchmark_set/7Z2O_IAJ/7Z2O_IAJ_ligand_start_conf.sdf,True,True,20.262721529008456,False,0.6410256410256411,True,False,14.0,0.0
posebusters_benchmark,7Z7F_IF3,7z7f,external/PoseBench/data/posebusters_benchmark_set/7Z7F_IF3/7Z7F_IF3_ligand.sdf,external/PoseBench/data/posebusters_benchmark_set/7Z7F_IF3/7Z7F_IF3_ligand_start_conf.sdf,True,True,33.244289036013384,False,0.375,True,False,14.0,0.0
posebusters_benchmark,7ZCC_OGA,7zcc,external/PoseBench/data/posebusters_benchmark_set/7ZCC_OGA/7ZCC_OGA_ligand.sdf,external/PoseBench/data/posebusters_benchmark_set/7ZCC_OGA/7ZCC_OGA_ligand_start_conf.sdf,True,True,72.57735978053348,False,1.0,False,False,10.0,0.0
posebusters_benchmark,7ZDY_6MJ,7zdy,external/PoseBench/data/posebusters_benchmark_set/7ZDY_6MJ/7ZDY_6MJ_ligand.sdf,external/PoseBench/data/posebusters_benchmark_set/7ZDY_6MJ/7ZDY_6MJ_ligand_start_conf.sdf,True,True,51.08115889596227,False,0.3333333333333333,True,False,11.0,4.0
posebusters_benchmark,7ZF0_DHR,7zf0,external/PoseBench/data/posebusters_benchmark_set/7ZF0_DHR/7ZF0_DHR_ligand.sdf,external/PoseBench/data/posebusters_benchmark_set/7ZF0_DHR/7ZF0_DHR_ligand_start_conf.sdf,True,True,82.58785921315443,False,1.0,True,True,11.0,1.0
posebusters_benchmark,7ZHP_IQY,7zhp,external/PoseBench/data/posebusters_benchmark_set/7ZHP_IQY/7ZHP_IQY_ligand.sdf,external/PoseBench/data/posebusters_benchmark_set/7ZHP_IQY/7ZHP_IQY_ligand_start_conf.sdf,True,True,78.84131020864587,False,0.2777777777777778,False,False,27.0,0.0
posebusters_benchmark,7ZL5_IWE,7zl5,external/PoseBench/data/posebusters_benchmark_set/7ZL5_IWE/7ZL5_IWE_ligand.sdf,external/PoseBench/data/posebusters_benchmark_set/7ZL5_IWE/7ZL5_IWE_ligand_start_conf.sdf,True,True,59.749418446764174,False,1.0,True,True,23.0,0.0
posebusters_benchmark,7ZOC_T8E,7zoc,external/PoseBench/data/posebusters_benchmark_set/7ZOC_T8E/7ZOC_T8E_ligand.sdf,external/PoseBench/data/posebusters_benchmark_set/7ZOC_T8E/7ZOC_T8E_ligand_start_conf.sdf,True,True,40.9503701739557,False,0.4615384615384615,True,False,15.0,1.0
posebusters_benchmark,7ZTL_BCN,7ztl,external/PoseBench/data/posebusters_benchmark_set/7ZTL_BCN/7ZTL_BCN_ligand.sdf,external/PoseBench/data/posebusters_benchmark_set/7ZTL_BCN/7ZTL_BCN_ligand_start_conf.sdf,True,True,46.371706340690906,False,1.0,False,False,11.0,0.0
posebusters_benchmark,7ZU2_DHT,7zu2,external/PoseBench/data/posebusters_benchmark_set/7ZU2_DHT/7ZU2_DHT_ligand.sdf,external/PoseBench/data/posebusters_benchmark_set/7ZU2_DHT/7ZU2_DHT_ligand_start_conf.sdf,True,True,27.965552385679608,False,1.0,True,False,21.0,7.0
posebusters_benchmark,7ZXV_45D,7zxv,external/PoseBench/data/posebusters_benchmark_set/7ZXV_45D/7ZXV_45D_ligand.sdf,external/PoseBench/data/posebusters_benchmark_set/7ZXV_45D/7ZXV_45D_ligand_start_conf.sdf,True,True,32.88851771193608,False,1.0,True,False,42.0,0.0
posebusters_benchmark,7ZXZ_K9R,7zxz,external/PoseBench/data/posebusters_benchmark_set/7ZXZ_K9R/7ZXZ_K9R_ligand.sdf,external/PoseBench/data/posebusters_benchmark_set/7ZXZ_K9R/7ZXZ_K9R_ligand_start_conf.sdf,True,True,52.16795573677331,False,1.0,True,True,33.0,5.0
posebusters_benchmark,7ZYS_KNR,7zys,external/PoseBench/data/posebusters_benchmark_set/7ZYS_KNR/7ZYS_KNR_ligand.sdf,external/PoseBench/data/posebusters_benchmark_set/7ZYS_KNR/7ZYS_KNR_ligand_start_conf.sdf,True,True,16.87714621044199,False,0.2792792792792792,False,False,44.0,3.0
posebusters_benchmark,7ZZB_KGX,7zzb,external/PoseBench/data/posebusters_benchmark_set/7ZZB_KGX/7ZZB_KGX_ligand.sdf,external/PoseBench/data/posebusters_benchmark_set/7ZZB_KGX/7ZZB_KGX_ligand_start_conf.sdf,True,True,23.233075890888077,False,0.8641975308641975,True,False,51.0,8.0
posebusters_benchmark,7ZZW_KKW,7zzw,external/PoseBench/data/posebusters_benchmark_set/7ZZW_KKW/7ZZW_KKW_ligand.sdf,external/PoseBench/data/posebusters_benchmark_set/7ZZW_KKW/7ZZW_KKW_ligand_start_conf.sdf,True,True,30.35218521400918,False,1.0,True,True,29.0,2.0
posebusters_benchmark,8A1H_DLZ,8a1h,external/PoseBench/data/posebusters_benchmark_set/8A1H_DLZ/8A1H_DLZ_ligand.sdf,external/PoseBench/data/posebusters_benchmark_set/8A1H_DLZ/8A1H_DLZ_ligand_start_conf.sdf,True,True,78.17346514508615,False,0.4761904761904761,False,False,23.0,3.0
posebusters_benchmark,8A2D_KXY,8a2d,external/PoseBench/data/posebusters_benchmark_set/8A2D_KXY/8A2D_KXY_ligand.sdf,external/PoseBench/data/posebusters_benchmark_set/8A2D_KXY/8A2D_KXY_ligand_start_conf.sdf,True,True,26.17132564183206,False,0.2635658914728682,False,False,49.0,1.0
posebusters_benchmark,8AAU_LH0,8aau,external/PoseBench/data/posebusters_benchmark_set/8AAU_LH0/8AAU_LH0_ligand.sdf,external/PoseBench/data/posebusters_benchmark_set/8AAU_LH0/8AAU_LH0_ligand_start_conf.sdf,True,True,47.37805779614456,False,1.0,True,False,27.0,0.0
posebusters_benchmark,8ACL_LQL,8acl,external/PoseBench/data/posebusters_benchmark_set/8ACL_LQL/8ACL_LQL_ligand.sdf,external/PoseBench/data/posebusters_benchmark_set/8ACL_LQL/8ACL_LQL_ligand_start_conf.sdf,True,True,25.597462896500932,False,0.4,False,False,31.0,1.0
posebusters_benchmark,8AEM_LVF,8aem,external/PoseBench/data/posebusters_benchmark_set/8AEM_LVF/8AEM_LVF_ligand.sdf,external/PoseBench/data/posebusters_benchmark_set/8AEM_LVF/8AEM_LVF_ligand_start_conf.sdf,True,True,373.1550256408857,False,0.325,True,False,13.0,0.0
posebusters_benchmark,8AEU_M0L,8aeu,external/PoseBench/data/posebusters_benchmark_set/8AEU_M0L/8AEU_M0L_ligand.sdf,external/PoseBench/data/posebusters_benchmark_set/8AEU_M0L/8AEU_M0L_ligand_start_conf.sdf,True,True,34.20736685046002,False,0.2584269662921348,False,False,41.0,2.0
posebusters_benchmark,8AIE_M7L,8aie,external/PoseBench/data/posebusters_benchmark_set/8AIE_M7L/8AIE_M7L_ligand.sdf,external/PoseBench/data/posebusters_benchmark_set/8AIE_M7L/8AIE_M7L_ligand_start_conf.sdf,True,True,32.14775735414999,False,0.7321428571428571,True,False,23.0,0.0
posebusters_benchmark,8AIJ_M9I,8aij,external/PoseBench/data/posebusters_benchmark_set/8AIJ_M9I/8AIJ_M9I_ligand.sdf,external/PoseBench/data/posebusters_benchmark_set/8AIJ_M9I/8AIJ_M9I_ligand_start_conf.sdf,True,True,34.04896044846381,False,1.0,True,True,19.0,5.0
posebusters_benchmark,8AJX_FUM,8ajx,external/PoseBench/data/posebusters_benchmark_set/8AJX_FUM/8AJX_FUM_ligand.sdf,external/PoseBench/data/posebusters_benchmark_set/8AJX_FUM/8AJX_FUM_ligand_start_conf.sdf,True,True,26.917894421416026,False,0.375,False,False,8.0,0.0
posebusters_benchmark,8AP0_PRP,8ap0,external/PoseBench/data/posebusters_benchmark_set/8AP0_PRP/8AP0_PRP_ligand.sdf,external/PoseBench/data/posebusters_benchmark_set/8AP0_PRP/8AP0_PRP_ligand_start_conf.sdf,True,True,25.36878641592495,False,1.0,True,False,22.0,5.0
posebusters_benchmark,8AQL_PLG,8aql,external/PoseBench/data/posebusters_benchmark_set/8AQL_PLG/8AQL_PLG_ligand.sdf,external/PoseBench/data/posebusters_benchmark_set/8AQL_PLG/8AQL_PLG_ligand_start_conf.sdf,True,True,54.26444592437575,False,1.0,True,False,20.0,0.0
posebusters_benchmark,8AUH_L9I,8auh,external/PoseBench/data/posebusters_benchmark_set/8AUH_L9I/8AUH_L9I_ligand.sdf,external/PoseBench/data/posebusters_benchmark_set/8AUH_L9I/8AUH_L9I_ligand_start_conf.sdf,True,True,36.90664998672634,False,1.0,False,False,11.0,0.0
posebusters_benchmark,8AY3_OE3,8ay3,external/PoseBench/data/posebusters_benchmark_set/8AY3_OE3/8AY3_OE3_ligand.sdf,external/PoseBench/data/posebusters_benchmark_set/8AY3_OE3/8AY3_OE3_ligand_start_conf.sdf,True,True,32.96812232494899,False,1.0,True,False,25.0,0.0
posebusters_benchmark,8B8H_OJQ,8b8h,external/PoseBench/data/posebusters_benchmark_set/8B8H_OJQ/8B8H_OJQ_ligand.sdf,external/PoseBench/data/posebusters_benchmark_set/8B8H_OJQ/8B8H_OJQ_ligand_start_conf.sdf,True,True,27.109384171948147,False,0.5172413793103449,False,True,22.0,0.0
posebusters_benchmark,8BN6_R53,8bn6,external/PoseBench/data/posebusters_benchmark_set/8BN6_R53/8BN6_R53_ligand.sdf,external/PoseBench/data/posebusters_benchmark_set/8BN6_R53/8BN6_R53_ligand_start_conf.sdf,True,True,25.041269325958147,False,0.2873563218390804,False,False,29.0,0.0
posebusters_benchmark,8BOM_QU6,8bom,external/PoseBench/data/posebusters_benchmark_set/8BOM_QU6/8BOM_QU6_ligand.sdf,external/PoseBench/data/posebusters_benchmark_set/8BOM_QU6/8BOM_QU6_ligand_start_conf.sdf,True,True,122.06089112541447,False,0.8840579710144928,True,False,35.0,0.0
posebusters_benchmark,8BPL_CP,8bpl,external/PoseBench/data/posebusters_benchmark_set/8BPL_CP/8BPL_CP_ligand.sdf,external/PoseBench/data/posebusters_benchmark_set/8BPL_CP/8BPL_CP_ligand_start_conf.sdf,True,True,46.170092987804345,False,0.4347826086956521,False,False,8.0,0.0
posebusters_benchmark,8BRO_R7E,8bro,external/PoseBench/data/posebusters_benchmark_set/8BRO_R7E/8BRO_R7E_ligand.sdf,external/PoseBench/data/posebusters_benchmark_set/8BRO_R7E/8BRO_R7E_ligand_start_conf.sdf,True,True,32.51753562885487,False,0.4814814814814814,False,False,26.0,5.0
posebusters_benchmark,8BTI_RFO,8bti,external/PoseBench/data/posebusters_benchmark_set/8BTI_RFO/8BTI_RFO_ligand.sdf,external/PoseBench/data/posebusters_benchmark_set/8BTI_RFO/8BTI_RFO_ligand_start_conf.sdf,True,True,102.1185794259693,False,0.3137254901960784,True,False,15.0,0.0
posebusters_benchmark,8C3N_ADP,8c3n,external/PoseBench/data/posebusters_benchmark_set/8C3N_ADP/8C3N_ADP_ligand.sdf,external/PoseBench/data/posebusters_benchmark_set/8C3N_ADP/8C3N_ADP_ligand_start_conf.sdf,True,True,68.81894928449468,False,1.0,True,True,27.0,5.0
posebusters_benchmark,8C5D_GTB,8c5d,external/PoseBench/data/posebusters_benchmark_set/8C5D_GTB/8C5D_GTB_ligand.sdf,external/PoseBench/data/posebusters_benchmark_set/8C5D_GTB/8C5D_GTB_ligand_start_conf.sdf,True,True,41.08541561570237,False,0.5789473684210527,True,False,30.0,2.0
posebusters_benchmark,8C5M_MTA,8c5m,external/PoseBench/data/posebusters_benchmark_set/8C5M_MTA/8C5M_MTA_ligand.sdf,external/PoseBench/data/posebusters_benchmark_set/8C5M_MTA/8C5M_MTA_ligand_start_conf.sdf,True,True,83.83061220376182,False,1.0,True,False,20.0,4.0
posebusters_benchmark,8C7Y_TXV,8c7y,external/PoseBench/data/posebusters_benchmark_set/8C7Y_TXV/8C7Y_TXV_ligand.sdf,external/PoseBench/data/posebusters_benchmark_set/8C7Y_TXV/8C7Y_TXV_ligand_start_conf.sdf,True,True,89.1730389618838,False,0.2758620689655172,False,False,34.0,0.0
posebusters_benchmark,8CGC_LMR,8cgc,external/PoseBench/data/posebusters_benchmark_set/8CGC_LMR/8CGC_LMR_ligand.sdf,external/PoseBench/data/posebusters_benchmark_set/8CGC_LMR/8CGC_LMR_ligand_start_conf.sdf,True,True,60.866935306270996,False,0.5,False,False,9.0,1.0
posebusters_benchmark,8CI0_8EL,8ci0,external/PoseBench/data/posebusters_benchmark_set/8CI0_8EL/8CI0_8EL_ligand.sdf,external/PoseBench/data/posebusters_benchmark_set/8CI0_8EL/8CI0_8EL_ligand_start_conf.sdf,True,True,150.7834657304665,False,0.6417910447761194,False,True,26.0,1.0
posebusters_benchmark,8CNH_V6U,8cnh,external/PoseBench/data/posebusters_benchmark_set/8CNH_V6U/8CNH_V6U_ligand.sdf,external/PoseBench/data/posebusters_benchmark_set/8CNH_V6U/8CNH_V6U_ligand_start_conf.sdf,True,True,29.56288550228479,False,1.0,True,True,25.0,0.0
posebusters_benchmark,8CSD_C5P,8csd,external/PoseBench/data/posebusters_benchmark_set/8CSD_C5P/8CSD_C5P_ligand.sdf,external/PoseBench/data/posebusters_benchmark_set/8CSD_C5P/8CSD_C5P_ligand_start_conf.sdf,True,True,83.09390748412305,False,0.84,True,False,21.0,4.0
posebusters_benchmark,8D19_GSH,8d19,external/PoseBench/data/posebusters_benchmark_set/8D19_GSH/8D19_GSH_ligand.sdf,external/PoseBench/data/posebusters_benchmark_set/8D19_GSH/8D19_GSH_ligand_start_conf.sdf,True,True,51.079248884454046,False,1.0,False,True,20.0,2.0
posebusters_benchmark,8D39_QDB,8d39,external/PoseBench/data/posebusters_benchmark_set/8D39_QDB/8D39_QDB_ligand.sdf,external/PoseBench/data/posebusters_benchmark_set/8D39_QDB/8D39_QDB_ligand_start_conf.sdf,True,True,20.762109092753843,False,1.0,True,True,17.0,0.0
posebusters_benchmark,8D5D_5DK,8d5d,external/PoseBench/data/posebusters_benchmark_set/8D5D_5DK/8D5D_5DK_ligand.sdf,external/PoseBench/data/posebusters_benchmark_set/8D5D_5DK/8D5D_5DK_ligand_start_conf.sdf,True,True,37.19933954768651,False,0.8870967741935484,True,False,27.0,1.0
posebusters_benchmark,8DHG_T78,8dhg,external/PoseBench/data/posebusters_benchmark_set/8DHG_T78/8DHG_T78_ligand.sdf,external/PoseBench/data/posebusters_benchmark_set/8DHG_T78/8DHG_T78_ligand_start_conf.sdf,True,True,42.672421362544824,False,0.2417582417582417,False,False,35.0,1.0
posebusters_benchmark,8DKO_TFB,8dko,external/PoseBench/data/posebusters_benchmark_set/8DKO_TFB/8DKO_TFB_ligand.sdf,external/PoseBench/data/posebusters_benchmark_set/8DKO_TFB/8DKO_TFB_ligand_start_conf.sdf,True,True,51.694338890068515,False,1.0,True,False,8.0,1.0
posebusters_benchmark,8DP2_UMA,8dp2,external/PoseBench/data/posebusters_benchmark_set/8DP2_UMA/8DP2_UMA_ligand.sdf,external/PoseBench/data/posebusters_benchmark_set/8DP2_UMA/8DP2_UMA_ligand_start_conf.sdf,True,True,60.19096214124489,False,0.7590361445783133,True,False,49.0,13.0
posebusters_benchmark,8DSC_NCA,8dsc,external/PoseBench/data/posebusters_benchmark_set/8DSC_NCA/8DSC_NCA_ligand.sdf,external/PoseBench/data/posebusters_benchmark_set/8DSC_NCA/8DSC_NCA_ligand_start_conf.sdf,True,True,18.238346410150967,False,1.0,True,True,9.0,0.0
posebusters_benchmark,8DW5_FQ7,8dw5,external/PoseBench/data/posebusters_benchmark_set/8DW5_FQ7/8DW5_FQ7_ligand.sdf,external/PoseBench/data/posebusters_benchmark_set/8DW5_FQ7/8DW5_FQ7_ligand_start_conf.sdf,True,True,23.80808744165403,False,0.5,True,False,18.0,0.0
posebusters_benchmark,8DZT_G4P,8dzt,external/PoseBench/data/posebusters_benchmark_set/8DZT_G4P/8DZT_G4P_ligand.sdf,external/PoseBench/data/posebusters_benchmark_set/8DZT_G4P/8DZT_G4P_ligand_start_conf.sdf,True,True,30.96558356474616,False,1.0,True,False,36.0,6.0
posebusters_benchmark,8E77_ULP,8e77,external/PoseBench/data/posebusters_benchmark_set/8E77_ULP/8E77_ULP_ligand.sdf,external/PoseBench/data/posebusters_benchmark_set/8E77_ULP/8E77_ULP_ligand_start_conf.sdf,True,True,32.57899332403404,False,0.6736842105263158,False,False,55.0,11.0
posebusters_benchmark,8EAB_VN2,8eab,external/PoseBench/data/posebusters_benchmark_set/8EAB_VN2/8EAB_VN2_ligand.sdf,external/PoseBench/data/posebusters_benchmark_set/8EAB_VN2/8EAB_VN2_ligand_start_conf.sdf,True,True,27.670864069096364,False,0.5454545454545454,False,False,49.0,1.0
posebusters_benchmark,8EAD_UY0,8ead,external/PoseBench/data/posebusters_benchmark_set/8EAD_UY0/8EAD_UY0_ligand.sdf,external/PoseBench/data/posebusters_benchmark_set/8EAD_UY0/8EAD_UY0_ligand_start_conf.sdf,True,True,16.070147796728076,False,0.3258426966292135,False,False,38.0,0.0
posebusters_benchmark,8ERS_WQO,8ers,external/PoseBench/data/posebusters_benchmark_set/8ERS_WQO/8ERS_WQO_ligand.sdf,external/PoseBench/data/posebusters_benchmark_set/8ERS_WQO/8ERS_WQO_ligand_start_conf.sdf,True,True,54.8347893151863,False,0.2564102564102564,False,False,23.0,2.0
posebusters_benchmark,8EX2_Q2Q,8ex2,external/PoseBench/data/posebusters_benchmark_set/8EX2_Q2Q/8EX2_Q2Q_ligand.sdf,external/PoseBench/data/posebusters_benchmark_set/8EX2_Q2Q/8EX2_Q2Q_ligand_start_conf.sdf,True,True,33.11412296537769,False,1.0,True,True,26.0,0.0
posebusters_benchmark,8EXL_799,8exl,external/PoseBench/data/posebusters_benchmark_set/8EXL_799/8EXL_799_ligand.sdf,external/PoseBench/data/posebusters_benchmark_set/8EXL_799/8EXL_799_ligand_start_conf.sdf,True,True,37.83490800833817,False,1.0,True,True,34.0,0.0
posebusters_benchmark,8EYE_X4I,8eye,external/PoseBench/data/posebusters_benchmark_set/8EYE_X4I/8EYE_X4I_ligand.sdf,external/PoseBench/data/posebusters_benchmark_set/8EYE_X4I/8EYE_X4I_ligand_start_conf.sdf,True,True,23.14162136908957,False,0.8,True,False,33.0,1.0
posebusters_benchmark,8F4J_PHO,8f4j,external/PoseBench/data/posebusters_benchmark_set/8F4J_PHO/8F4J_PHO_ligand.sdf,external/PoseBench/data/posebusters_benchmark_set/8F4J_PHO/8F4J_PHO_ligand_start_conf.sdf,True,True,359.804731119549,False,0.2385321100917431,False,False,64.0,5.0
posebusters_benchmark,8F8E_XJI,8f8e,external/PoseBench/data/posebusters_benchmark_set/8F8E_XJI/8F8E_XJI_ligand.sdf,external/PoseBench/data/posebusters_benchmark_set/8F8E_XJI/8F8E_XJI_ligand_start_conf.sdf,True,True,31.160583586679085,False,1.0,True,True,29.0,1.0
posebusters_benchmark,8FAV_4Y5,8fav,external/PoseBench/data/posebusters_benchmark_set/8FAV_4Y5/8FAV_4Y5_ligand.sdf,external/PoseBench/data/posebusters_benchmark_set/8FAV_4Y5/8FAV_4Y5_ligand_start_conf.sdf,True,True,15.99633886319181,False,1.0,True,False,33.0,0.0
posebusters_benchmark,8FLN_Y7W,8fln,external/PoseBench/data/posebusters_benchmark_set/8FLN_Y7W/8FLN_Y7W_ligand.sdf,external/PoseBench/data/posebusters_benchmark_set/8FLN_Y7W/8FLN_Y7W_ligand_start_conf.sdf,True,True,25.011019810751893,False,0.3,False,False,34.0,1.0
posebusters_benchmark,8FLV_ZB9,8flv,external/PoseBench/data/posebusters_benchmark_set/8FLV_ZB9/8FLV_ZB9_ligand.sdf,external/PoseBench/data/posebusters_benchmark_set/8FLV_ZB9/8FLV_ZB9_ligand_start_conf.sdf,True,True,22.463224801516105,False,0.2666666666666666,False,False,29.0,1.0
posebusters_benchmark,8FO5_Y4U,8fo5,external/PoseBench/data/posebusters_benchmark_set/8FO5_Y4U/8FO5_Y4U_ligand.sdf,external/PoseBench/data/posebusters_benchmark_set/8FO5_Y4U/8FO5_Y4U_ligand_start_conf.sdf,True,True,33.44554383880653,False,1.0,True,True,17.0,0.0
posebusters_benchmark,8FV9_80J,8fv9,external/PoseBench/data/posebusters_benchmark_set/8FV9_80J/8FV9_80J_ligand.sdf,external/PoseBench/data/posebusters_benchmark_set/8FV9_80J/8FV9_80J_ligand_start_conf.sdf,True,True,21.08229286700097,False,0.8392857142857143,True,False,29.0,6.0
posebusters_benchmark,8G0V_YHT,8g0v,external/PoseBench/data/posebusters_benchmark_set/8G0V_YHT/8G0V_YHT_ligand.sdf,external/PoseBench/data/posebusters_benchmark_set/8G0V_YHT/8G0V_YHT_ligand_start_conf.sdf,True,True,39.692191210537196,False,1.0,True,False,26.0,5.0
posebusters_benchmark,8G43_ZU6,8g43,external/PoseBench/data/posebusters_benchmark_set/8G43_ZU6/8G43_ZU6_ligand.sdf,external/PoseBench/data/posebusters_benchmark_set/8G43_ZU6/8G43_ZU6_ligand_start_conf.sdf,True,True,9.653790666266552,False,0.3384615384615385,True,False,21.0,0.0
posebusters_benchmark,8G6P_API,8g6p,external/PoseBench/data/posebusters_benchmark_set/8G6P_API/8G6P_API_ligand.sdf,external/PoseBench/data/posebusters_benchmark_set/8G6P_API/8G6P_API_ligand_start_conf.sdf,True,True,32.316744181401596,False,0.6818181818181818,False,False,13.0,2.0
posebusters_benchmark,8GFD_ZHR,8gfd,external/PoseBench/data/posebusters_benchmark_set/8GFD_ZHR/8GFD_ZHR_ligand.sdf,external/PoseBench/data/posebusters_benchmark_set/8GFD_ZHR/8GFD_ZHR_ligand_start_conf.sdf,True,True,70.9395070559688,False,1.0,True,True,26.0,5.0
posebusters_benchmark,8H0M_2EH,8h0m,external/PoseBench/data/posebusters_benchmark_set/8H0M_2EH/8H0M_2EH_ligand.sdf,external/PoseBench/data/posebusters_benchmark_set/8H0M_2EH/8H0M_2EH_ligand_start_conf.sdf,True,True,40.160374792228005,False,0.3703703703703703,False,False,9.0,1.0
posebusters_benchmark,8HFN_XGC,8hfn,external/PoseBench/data/posebusters_benchmark_set/8HFN_XGC/8HFN_XGC_ligand.sdf,external/PoseBench/data/posebusters_benchmark_set/8HFN_XGC/8HFN_XGC_ligand_start_conf.sdf,True,True,70.00679539290573,False,1.0,True,True,24.0,1.0
posebusters_benchmark,8HO0_3ZI,8ho0,external/PoseBench/data/posebusters_benchmark_set/8HO0_3ZI/8HO0_3ZI_ligand.sdf,external/PoseBench/data/posebusters_benchmark_set/8HO0_3ZI/8HO0_3ZI_ligand_start_conf.sdf,True,True,32.30961923349116,False,1.0,True,True,22.0,2.0
posebusters_benchmark,8SLG_G5A,8slg,external/PoseBench/data/posebusters_benchmark_set/8SLG_G5A/8SLG_G5A_ligand.sdf,external/PoseBench/data/posebusters_benchmark_set/8SLG_G5A/8SLG_G5A_ligand_start_conf.sdf,True,True,65.23471241683117,False,1.0,True,True,27.0,4.0
dockgen,3gvl_1_SLB_2,3gvl,external/PoseBench/data/dockgen_set/3gvl_1_SLB_2/3gvl_1_SLB_2_ligand.pdb,<REMOTE_PROJECT_ROOT>/external/PoseBench/data/dockgen_set/3gvl_1_SLB_2/3gvl_1_SLB_2_ligand_start_conf.sdf,False,True,,False,0.490566037735849,True,False,21.0,7.0
dockgen,3inr_1_GDU_0,3inr,external/PoseBench/data/dockgen_set/3inr_1_GDU_0/3inr_1_GDU_0_ligand.pdb,<REMOTE_PROJECT_ROOT>/external/PoseBench/data/dockgen_set/3inr_1_GDU_0/3inr_1_GDU_0_ligand_start_conf.sdf,False,True,,False,0.3050847457627119,False,False,36.0,11.0
dockgen,3jqm_1_GTP_5,3jqm,external/PoseBench/data/dockgen_set/3jqm_1_GTP_5/3jqm_1_GTP_5_ligand.pdb,<REMOTE_PROJECT_ROOT>/external/PoseBench/data/dockgen_set/3jqm_1_GTP_5/3jqm_1_GTP_5_ligand_start_conf.sdf,False,True,,False,0.2368421052631578,False,False,32.0,8.0
dockgen,3ju4_1_SLB_2,3ju4,external/PoseBench/data/dockgen_set/3ju4_1_SLB_2/3ju4_1_SLB_2_ligand.pdb,<REMOTE_PROJECT_ROOT>/external/PoseBench/data/dockgen_set/3ju4_1_SLB_2/3ju4_1_SLB_2_ligand_start_conf.sdf,False,True,,False,0.490566037735849,True,False,21.0,7.0
dockgen,4cnl_1_CHT_1,4cnl,external/PoseBench/data/dockgen_set/4cnl_1_CHT_1/4cnl_1_CHT_1_ligand.pdb,<REMOTE_PROJECT_ROOT>/external/PoseBench/data/dockgen_set/4cnl_1_CHT_1/4cnl_1_CHT_1_ligand_start_conf.sdf,False,True,,False,0.3076923076923077,False,False,7.0,0.0
dockgen,1hg0_1_SIN_1,1hg0,external/PoseBench/data/dockgen_set/1hg0_1_SIN_1/1hg0_1_SIN_1_ligand.pdb,<REMOTE_PROJECT_ROOT>/external/PoseBench/data/dockgen_set/1hg0_1_SIN_1/1hg0_1_SIN_1_ligand_start_conf.sdf,False,True,,False,0.3076923076923077,False,False,8.0,0.0
dockgen,1i8t_1_FAD_1,1i8t,external/PoseBench/data/dockgen_set/1i8t_1_FAD_1/1i8t_1_FAD_1_ligand.pdb,<REMOTE_PROJECT_ROOT>/external/PoseBench/data/dockgen_set/1i8t_1_FAD_1/1i8t_1_FAD_1_ligand_start_conf.sdf,False,True,,False,0.2071428571428571,False,False,53.0,18.0
dockgen,1o28_1_UFP_2,1o28,external/PoseBench/data/dockgen_set/1o28_1_UFP_2/1o28_1_UFP_2_ligand.pdb,<REMOTE_PROJECT_ROOT>/external/PoseBench/data/dockgen_set/1o28_1_UFP_2/1o28_1_UFP_2_ligand_start_conf.sdf,False,True,,False,0.2923076923076923,False,False,21.0,6.0
dockgen,1o72_2_PC_0,1o72,external/PoseBench/data/dockgen_set/1o72_2_PC_0/1o72_2_PC_0_ligand.pdb,<REMOTE_PROJECT_ROOT>/external/PoseBench/data/dockgen_set/1o72_2_PC_0/1o72_2_PC_0_ligand_start_conf.sdf,False,True,,False,0.1724137931034483,False,False,11.0,0.0
dockgen,1pj2_1_FUM_0,1pj2,external/PoseBench/data/dockgen_set/1pj2_1_FUM_0/1pj2_1_FUM_0_ligand.pdb,<REMOTE_PROJECT_ROOT>/external/PoseBench/data/dockgen_set/1pj2_1_FUM_0/1pj2_1_FUM_0_ligand_start_conf.sdf,False,True,,False,0.3076923076923077,False,False,8.0,0.0
dockgen,1pj4_1_FUM_1,1pj4,external/PoseBench/data/dockgen_set/1pj4_1_FUM_1/1pj4_1_FUM_1_ligand.pdb,<REMOTE_PROJECT_ROOT>/external/PoseBench/data/dockgen_set/1pj4_1_FUM_1/1pj4_1_FUM_1_ligand_start_conf.sdf,False,True,,False,0.3076923076923077,False,False,8.0,0.0
dockgen,1qaw_1_TRP_7,1qaw,external/PoseBench/data/dockgen_set/1qaw_1_TRP_7/1qaw_1_TRP_7_ligand.pdb,<REMOTE_PROJECT_ROOT>/external/PoseBench/data/dockgen_set/1qaw_1_TRP_7/1qaw_1_TRP_7_ligand_start_conf.sdf,False,True,,False,0.2195121951219512,False,False,15.0,4.0
dockgen,1rqp_1_SAM_0,1rqp,external/PoseBench/data/dockgen_set/1rqp_1_SAM_0/1rqp_1_SAM_0_ligand.pdb,<REMOTE_PROJECT_ROOT>/external/PoseBench/data/dockgen_set/1rqp_1_SAM_0/1rqp_1_SAM_0_ligand_start_conf.sdf,False,True,,False,0.2195121951219512,False,False,27.0,9.0
dockgen,1sbz_1_FMN_3,1sbz,external/PoseBench/data/dockgen_set/1sbz_1_FMN_3/1sbz_1_FMN_3_ligand.pdb,<REMOTE_PROJECT_ROOT>/external/PoseBench/data/dockgen_set/1sbz_1_FMN_3/1sbz_1_FMN_3_ligand_start_conf.sdf,False,True,,False,0.1724137931034483,False,False,31.0,11.0
dockgen,1sij_1_PCD_0,1sij,external/PoseBench/data/dockgen_set/1sij_1_PCD_0/1sij_1_PCD_0_ligand.pdb,<REMOTE_PROJECT_ROOT>/external/PoseBench/data/dockgen_set/1sij_1_PCD_0/1sij_1_PCD_0_ligand_start_conf.sdf,False,True,,False,0.2079207920792079,False,False,47.0,15.0
dockgen,1tke_1_SER_0,1tke,external/PoseBench/data/dockgen_set/1tke_1_SER_0/1tke_1_SER_0_ligand.pdb,<REMOTE_PROJECT_ROOT>/external/PoseBench/data/dockgen_set/1tke_1_SER_0/1tke_1_SER_0_ligand_start_conf.sdf,False,True,,False,0.375,False,False,7.0,1.0
dockgen,1tkg_1_SSA_0,1tkg,external/PoseBench/data/dockgen_set/1tkg_1_SSA_0/1tkg_1_SSA_0_ligand.pdb,<REMOTE_PROJECT_ROOT>/external/PoseBench/data/dockgen_set/1tkg_1_SSA_0/1tkg_1_SSA_0_ligand_start_conf.sdf,False,True,,False,0.2747252747252747,False,False,29.0,9.0
dockgen,1u8u_1_OCA_0,1u8u,external/PoseBench/data/dockgen_set/1u8u_1_OCA_0/1u8u_1_OCA_0_ligand.pdb,<REMOTE_PROJECT_ROOT>/external/PoseBench/data/dockgen_set/1u8u_1_OCA_0/1u8u_1_OCA_0_ligand_start_conf.sdf,False,True,,False,0.5416666666666666,False,False,10.0,0.0
dockgen,1uf5_1_CDT_0,1uf5,external/PoseBench/data/dockgen_set/1uf5_1_CDT_0/1uf5_1_CDT_0_ligand.pdb,<REMOTE_PROJECT_ROOT>/external/PoseBench/data/dockgen_set/1uf5_1_CDT_0/1uf5_1_CDT_0_ligand_start_conf.sdf,False,True,,False,0.40625,False,False,12.0,2.0
dockgen,1uf7_1_CDV_0,1uf7,external/PoseBench/data/dockgen_set/1uf7_1_CDV_0/1uf7_1_CDV_0_ligand.pdb,<REMOTE_PROJECT_ROOT>/external/PoseBench/data/dockgen_set/1uf7_1_CDV_0/1uf7_1_CDV_0_ligand_start_conf.sdf,False,True,,False,0.2631578947368421,False,False,11.0,2.0
dockgen,1uf8_1_ING_2,1uf8,external/PoseBench/data/dockgen_set/1uf8_1_ING_2/1uf8_1_ING_2_ligand.pdb,<REMOTE_PROJECT_ROOT>/external/PoseBench/data/dockgen_set/1uf8_1_ING_2/1uf8_1_ING_2_ligand_start_conf.sdf,False,True,,False,0.2745098039215686,True,False,15.0,2.0
dockgen,1v2g_1_OCA_0,1v2g,external/PoseBench/data/dockgen_set/1v2g_1_OCA_0/1v2g_1_OCA_0_ligand.pdb,<REMOTE_PROJECT_ROOT>/external/PoseBench/data/dockgen_set/1v2g_1_OCA_0/1v2g_1_OCA_0_ligand_start_conf.sdf,False,True,,False,0.5416666666666666,False,False,10.0,0.0
dockgen,1v97_1_MTE_1,1v97,external/PoseBench/data/dockgen_set/1v97_1_MTE_1/1v97_1_MTE_1_ligand.pdb,<REMOTE_PROJECT_ROOT>/external/PoseBench/data/dockgen_set/1v97_1_MTE_1/1v97_1_MTE_1_ligand_start_conf.sdf,False,True,,False,0.1641791044776119,False,False,24.0,9.0
dockgen,1za2_1_CTP_4,1za2,external/PoseBench/data/dockgen_set/1za2_1_CTP_4/1za2_1_CTP_4_ligand.pdb,<REMOTE_PROJECT_ROOT>/external/PoseBench/data/dockgen_set/1za2_1_CTP_4/1za2_1_CTP_4_ligand_start_conf.sdf,False,True,,False,0.2394366197183098,False,False,29.0,6.0
dockgen,2cdc_1_XYS_5,2cdc,external/PoseBench/data/dockgen_set/2cdc_1_XYS_5/2cdc_1_XYS_5_ligand.pdb,<REMOTE_PROJECT_ROOT>/external/PoseBench/data/dockgen_set/2cdc_1_XYS_5/2cdc_1_XYS_5_ligand_start_conf.sdf,False,True,,False,0.28,True,False,10.0,4.0
dockgen,2ext_1_TRP_0,2ext,external/PoseBench/data/dockgen_set/2ext_1_TRP_0/2ext_1_TRP_0_ligand.pdb,<REMOTE_PROJECT_ROOT>/external/PoseBench/data/dockgen_set/2ext_1_TRP_0/2ext_1_TRP_0_ligand_start_conf.sdf,False,True,,False,0.2195121951219512,False,False,15.0,4.0
dockgen,2g7c_1_NAG-GAL-GLA_1,2g7c,external/PoseBench/data/dockgen_set/2g7c_1_NAG-GAL-GLA_1/2g7c_1_NAG-GAL-GLA_1_ligand.pdb,<REMOTE_PROJECT_ROOT>/external/PoseBench/data/dockgen_set/2g7c_1_NAG-GAL-GLA_1/2g7c_1_NAG-GAL-GLA_1_ligand_start_conf.sdf,False,True,,False,0.5909090909090909,False,False,37.0,16.0
dockgen,2gag_1_FOA_0,2gag,external/PoseBench/data/dockgen_set/2gag_1_FOA_0/2gag_1_FOA_0_ligand.pdb,<REMOTE_PROJECT_ROOT>/external/PoseBench/data/dockgen_set/2gag_1_FOA_0/2gag_1_FOA_0_ligand_start_conf.sdf,False,True,,False,0.3703703703703703,True,False,8.0,1.0
dockgen,2gag_1_NAD_0,2gag,external/PoseBench/data/dockgen_set/2gag_1_NAD_0/2gag_1_NAD_0_ligand.pdb,<REMOTE_PROJECT_ROOT>/external/PoseBench/data/dockgen_set/2gag_1_NAD_0/2gag_1_NAD_0_ligand_start_conf.sdf,False,True,,False,0.2159090909090909,False,False,44.0,13.0
dockgen,2gah_1_NAD_0,2gah,external/PoseBench/data/dockgen_set/2gah_1_NAD_0/2gah_1_NAD_0_ligand.pdb,<REMOTE_PROJECT_ROOT>/external/PoseBench/data/dockgen_set/2gah_1_NAD_0/2gah_1_NAD_0_ligand_start_conf.sdf,False,True,,False,0.2159090909090909,False,False,44.0,13.0
dockgen,2gf3_2_FOA_1,2gf3,external/PoseBench/data/dockgen_set/2gf3_2_FOA_1/2gf3_2_FOA_1_ligand.pdb,<REMOTE_PROJECT_ROOT>/external/PoseBench/data/dockgen_set/2gf3_2_FOA_1/2gf3_2_FOA_1_ligand_start_conf.sdf,False,True,,False,0.3703703703703703,True,False,8.0,1.0
dockgen,2him_1_ASN_3,2him,external/PoseBench/data/dockgen_set/2him_1_ASN_3/2him_1_ASN_3_ligand.pdb,<REMOTE_PROJECT_ROOT>/external/PoseBench/data/dockgen_set/2him_1_ASN_3/2him_1_ASN_3_ligand_start_conf.sdf,False,True,,False,0.25,False,False,9.0,2.0
dockgen,2hk9_1_SKM_0,2hk9,external/PoseBench/data/dockgen_set/2hk9_1_SKM_0/2hk9_1_SKM_0_ligand.pdb,<REMOTE_PROJECT_ROOT>/external/PoseBench/data/dockgen_set/2hk9_1_SKM_0/2hk9_1_SKM_0_ligand_start_conf.sdf,False,True,,False,0.2,True,False,12.0,2.0
dockgen,2hs3_1_FGR_0,2hs3,external/PoseBench/data/dockgen_set/2hs3_1_FGR_0/2hs3_1_FGR_0_ligand.pdb,<REMOTE_PROJECT_ROOT>/external/PoseBench/data/dockgen_set/2hs3_1_FGR_0/2hs3_1_FGR_0_ligand_start_conf.sdf,False,True,,False,0.2857142857142857,True,False,20.0,5.0
dockgen,2o5m_1_MNR_0,2o5m,external/PoseBench/data/dockgen_set/2o5m_1_MNR_0/2o5m_1_MNR_0_ligand.pdb,<REMOTE_PROJECT_ROOT>/external/PoseBench/data/dockgen_set/2o5m_1_MNR_0/2o5m_1_MNR_0_ligand_start_conf.sdf,False,True,,False,0.1666666666666666,False,False,43.0,17.0
dockgen,2q37_1_3AL_0,2q37,external/PoseBench/data/dockgen_set/2q37_1_3AL_0/2q37_1_3AL_0_ligand.pdb,<REMOTE_PROJECT_ROOT>/external/PoseBench/data/dockgen_set/2q37_1_3AL_0/2q37_1_3AL_0_ligand_start_conf.sdf,False,True,,False,0.1454545454545454,False,False,11.0,4.0
dockgen,2q6k_1_ADN_1,2q6k,external/PoseBench/data/dockgen_set/2q6k_1_ADN_1/2q6k_1_ADN_1_ligand.pdb,<REMOTE_PROJECT_ROOT>/external/PoseBench/data/dockgen_set/2q6k_1_ADN_1/2q6k_1_ADN_1_ligand_start_conf.sdf,False,True,,False,0.3272727272727272,False,False,19.0,7.0
dockgen,2r4e_1_13P_0,2r4e,external/PoseBench/data/dockgen_set/2r4e_1_13P_0/2r4e_1_13P_0_ligand.pdb,<REMOTE_PROJECT_ROOT>/external/PoseBench/data/dockgen_set/2r4e_1_13P_0/2r4e_1_13P_0_ligand_start_conf.sdf,False,True,,False,0.4210526315789473,False,False,10.0,1.0
dockgen,2v5e_1_GU4-YYJ_0,2v5e,external/PoseBench/data/dockgen_set/2v5e_1_GU4-YYJ_0/2v5e_1_GU4-YYJ_0_ligand.pdb,<REMOTE_PROJECT_ROOT>/external/PoseBench/data/dockgen_set/2v5e_1_GU4-YYJ_0/2v5e_1_GU4-YYJ_0_ligand_start_conf.sdf,False,True,,False,0.2586206896551724,True,False,55.0,9.0
dockgen,2v7t_1_SAH_4,2v7t,external/PoseBench/data/dockgen_set/2v7t_1_SAH_4/2v7t_1_SAH_4_ligand.pdb,<REMOTE_PROJECT_ROOT>/external/PoseBench/data/dockgen_set/2v7t_1_SAH_4/2v7t_1_SAH_4_ligand_start_conf.sdf,False,True,,False,0.3164556962025316,False,False,26.0,8.0
dockgen,2v7u_1_SAM_2,2v7u,external/PoseBench/data/dockgen_set/2v7u_1_SAM_2/2v7u_1_SAM_2_ligand.pdb,<REMOTE_PROJECT_ROOT>/external/PoseBench/data/dockgen_set/2v7u_1_SAM_2/2v7u_1_SAM_2_ligand_start_conf.sdf,False,True,,False,0.2195121951219512,False,False,27.0,9.0
dockgen,2v7v_1_5FD_0,2v7v,external/PoseBench/data/dockgen_set/2v7v_1_5FD_0/2v7v_1_5FD_0_ligand.pdb,<REMOTE_PROJECT_ROOT>/external/PoseBench/data/dockgen_set/2v7v_1_5FD_0/2v7v_1_5FD_0_ligand_start_conf.sdf,False,True,,False,0.2333333333333333,False,False,19.0,7.0
dockgen,2v7w_1_5FD_0,2v7w,external/PoseBench/data/dockgen_set/2v7w_1_5FD_0/2v7w_1_5FD_0_ligand.pdb,<REMOTE_PROJECT_ROOT>/external/PoseBench/data/dockgen_set/2v7w_1_5FD_0/2v7w_1_5FD_0_ligand_start_conf.sdf,False,True,,False,0.2333333333333333,False,False,19.0,7.0
dockgen,2vdf_1_OCT_0,2vdf,external/PoseBench/data/dockgen_set/2vdf_1_OCT_0/2vdf_1_OCT_0_ligand.pdb,<REMOTE_PROJECT_ROOT>/external/PoseBench/data/dockgen_set/2vdf_1_OCT_0/2vdf_1_OCT_0_ligand_start_conf.sdf,False,True,,False,0.5384615384615384,False,False,8.0,0.0
dockgen,2vfu_1_MTL_0,2vfu,external/PoseBench/data/dockgen_set/2vfu_1_MTL_0/2vfu_1_MTL_0_ligand.pdb,<REMOTE_PROJECT_ROOT>/external/PoseBench/data/dockgen_set/2vfu_1_MTL_0/2vfu_1_MTL_0_ligand_start_conf.sdf,False,True,,False,0.5789473684210527,False,False,12.0,4.0
dockgen,2wab_1_BGC-BGC-BGC-BGC-BGC_0,2wab,external/PoseBench/data/dockgen_set/2wab_1_BGC-BGC-BGC-BGC-BGC_0/2wab_1_BGC-BGC-BGC-BGC-BGC_0_ligand.pdb,<REMOTE_PROJECT_ROOT>/external/PoseBench/data/dockgen_set/2wab_1_BGC-BGC-BGC-BGC-BGC_0/2wab_1_BGC-BGC-BGC-BGC-BGC_0_ligand_start_conf.sdf,False,True,,False,1.0,False,False,56.0,25.0
dockgen,2wao_1_BGC-BGC-BGC-BGC-BGC_0,2wao,external/PoseBench/data/dockgen_set/2wao_1_BGC-BGC-BGC-BGC-BGC_0/2wao_1_BGC-BGC-BGC-BGC-BGC_0_ligand.pdb,<REMOTE_PROJECT_ROOT>/external/PoseBench/data/dockgen_set/2wao_1_BGC-BGC-BGC-BGC-BGC_0/2wao_1_BGC-BGC-BGC-BGC-BGC_0_ligand_start_conf.sdf,False,True,,False,1.0,False,False,56.0,25.0
dockgen,2wr8_1_SAH_1,2wr8,external/PoseBench/data/dockgen_set/2wr8_1_SAH_1/2wr8_1_SAH_1_ligand.pdb,<REMOTE_PROJECT_ROOT>/external/PoseBench/data/dockgen_set/2wr8_1_SAH_1/2wr8_1_SAH_1_ligand_start_conf.sdf,False,True,,False,0.3164556962025316,False,False,26.0,8.0
dockgen,2wwc_1_CHT_2,2wwc,external/PoseBench/data/dockgen_set/2wwc_1_CHT_2/2wwc_1_CHT_2_ligand.pdb,<REMOTE_PROJECT_ROOT>/external/PoseBench/data/dockgen_set/2wwc_1_CHT_2/2wwc_1_CHT_2_ligand_start_conf.sdf,False,True,,False,0.3076923076923077,False,False,7.0,0.0
dockgen,2x34_2_UQ8_0,2x34,external/PoseBench/data/dockgen_set/2x34_2_UQ8_0/2x34_2_UQ8_0_ligand.pdb,<REMOTE_PROJECT_ROOT>/external/PoseBench/data/dockgen_set/2x34_2_UQ8_0/2x34_2_UQ8_0_ligand_start_conf.sdf,False,True,,False,0.2777777777777778,True,False,53.0,13.0
dockgen,2xrh_1_NIO_1,2xrh,external/PoseBench/data/dockgen_set/2xrh_1_NIO_1/2xrh_1_NIO_1_ligand.pdb,<REMOTE_PROJECT_ROOT>/external/PoseBench/data/dockgen_set/2xrh_1_NIO_1/2xrh_1_NIO_1_ligand_start_conf.sdf,False,True,,False,0.2926829268292683,True,False,9.0,1.0
dockgen,2xta_1_ACO_0,2xta,external/PoseBench/data/dockgen_set/2xta_1_ACO_0/2xta_1_ACO_0_ligand.pdb,<REMOTE_PROJECT_ROOT>/external/PoseBench/data/dockgen_set/2xta_1_ACO_0/2xta_1_ACO_0_ligand_start_conf.sdf,False,True,,False,0.2022471910112359,False,False,33.0,7.0
dockgen,2zcz_2_TRP_3,2zcz,external/PoseBench/data/dockgen_set/2zcz_2_TRP_3/2zcz_2_TRP_3_ligand.pdb,<REMOTE_PROJECT_ROOT>/external/PoseBench/data/dockgen_set/2zcz_2_TRP_3/2zcz_2_TRP_3_ligand_start_conf.sdf,False,True,,False,0.2195121951219512,False,False,15.0,4.0
dockgen,2zd0_1_TRP_9,2zd0,external/PoseBench/data/dockgen_set/2zd0_1_TRP_9/2zd0_1_TRP_9_ligand.pdb,<REMOTE_PROJECT_ROOT>/external/PoseBench/data/dockgen_set/2zd0_1_TRP_9/2zd0_1_TRP_9_ligand_start_conf.sdf,False,True,,False,0.2195121951219512,False,False,15.0,4.0
dockgen,2ze9_1_PD7_0,2ze9,external/PoseBench/data/dockgen_set/2ze9_1_PD7_0/2ze9_1_PD7_0_ligand.pdb,<REMOTE_PROJECT_ROOT>/external/PoseBench/data/dockgen_set/2ze9_1_PD7_0/2ze9_1_PD7_0_ligand_start_conf.sdf,False,True,,False,0.3170731707317073,False,False,26.0,3.0
dockgen,3ad7_1_NAD_0,3ad7,external/PoseBench/data/dockgen_set/3ad7_1_NAD_0/3ad7_1_NAD_0_ligand.pdb,<REMOTE_PROJECT_ROOT>/external/PoseBench/data/dockgen_set/3ad7_1_NAD_0/3ad7_1_NAD_0_ligand_start_conf.sdf,False,True,,False,0.2159090909090909,False,False,44.0,13.0
dockgen,3ad9_1_NAD_0,3ad9,external/PoseBench/data/dockgen_set/3ad9_1_NAD_0/3ad9_1_NAD_0_ligand.pdb,<REMOTE_PROJECT_ROOT>/external/PoseBench/data/dockgen_set/3ad9_1_NAD_0/3ad9_1_NAD_0_ligand_start_conf.sdf,False,True,,False,0.2159090909090909,False,False,44.0,13.0
dockgen,3ada_1_NAD_0,3ada,external/PoseBench/data/dockgen_set/3ada_1_NAD_0/3ada_1_NAD_0_ligand.pdb,<REMOTE_PROJECT_ROOT>/external/PoseBench/data/dockgen_set/3ada_1_NAD_0/3ada_1_NAD_0_ligand_start_conf.sdf,False,True,,False,0.2159090909090909,False,False,44.0,13.0
dockgen,3eca_1_ASP_3,3eca,external/PoseBench/data/dockgen_set/3eca_1_ASP_3/3eca_1_ASP_3_ligand.pdb,<REMOTE_PROJECT_ROOT>/external/PoseBench/data/dockgen_set/3eca_1_ASP_3/3eca_1_ASP_3_ligand_start_conf.sdf,False,True,,False,0.25,False,False,9.0,1.0
dockgen,3gf4_1_FAD_1,3gf4,external/PoseBench/data/dockgen_set/3gf4_1_FAD_1/3gf4_1_FAD_1_ligand.pdb,<REMOTE_PROJECT_ROOT>/external/PoseBench/data/dockgen_set/3gf4_1_FAD_1/3gf4_1_FAD_1_ligand_start_conf.sdf,False,True,,False,0.2071428571428571,False,False,53.0,18.0
dockgen,3gf4_1_U5P_0,3gf4,external/PoseBench/data/dockgen_set/3gf4_1_U5P_0/3gf4_1_U5P_0_ligand.pdb,<REMOTE_PROJECT_ROOT>/external/PoseBench/data/dockgen_set/3gf4_1_U5P_0/3gf4_1_U5P_0_ligand_start_conf.sdf,False,True,,False,0.2698412698412698,False,False,21.0,6.0
dockgen,3he3_5_UDP_0,3he3,external/PoseBench/data/dockgen_set/3he3_5_UDP_0/3he3_5_UDP_0_ligand.pdb,<REMOTE_PROJECT_ROOT>/external/PoseBench/data/dockgen_set/3he3_5_UDP_0/3he3_5_UDP_0_ligand_start_conf.sdf,False,True,,False,0.2537313432835821,False,False,25.0,6.0
dockgen,3it6_1_ORN_1,3it6,external/PoseBench/data/dockgen_set/3it6_1_ORN_1/3it6_1_ORN_1_ligand.pdb,<REMOTE_PROJECT_ROOT>/external/PoseBench/data/dockgen_set/3it6_1_ORN_1/3it6_1_ORN_1_ligand_start_conf.sdf,False,True,,False,0.2608695652173913,False,False,9.0,1.0
dockgen,3k8l_1_GLC-GLC-GLC-GLC-GLC_0,3k8l,external/PoseBench/data/dockgen_set/3k8l_1_GLC-GLC-GLC-GLC-GLC_0/3k8l_1_GLC-GLC-GLC-GLC-GLC_0_ligand.pdb,<REMOTE_PROJECT_ROOT>/external/PoseBench/data/dockgen_set/3k8l_1_GLC-GLC-GLC-GLC-GLC_0/3k8l_1_GLC-GLC-GLC-GLC-GLC_0_ligand_start_conf.sdf,False,True,,False,1.0,False,False,56.0,25.0
dockgen,3k8m_1_GLC-GLC-AC1_0,3k8m,external/PoseBench/data/dockgen_set/3k8m_1_GLC-GLC-AC1_0/3k8m_1_GLC-GLC-AC1_0_ligand.pdb,<REMOTE_PROJECT_ROOT>/external/PoseBench/data/dockgen_set/3k8m_1_GLC-GLC-AC1_0/3k8m_1_GLC-GLC-AC1_0_ligand_start_conf.sdf,False,True,,False,0.5306122448979592,False,False,44.0,20.0
dockgen,3nvv_1_MTE_1,3nvv,external/PoseBench/data/dockgen_set/3nvv_1_MTE_1/3nvv_1_MTE_1_ligand.pdb,<REMOTE_PROJECT_ROOT>/external/PoseBench/data/dockgen_set/3nvv_1_MTE_1/3nvv_1_MTE_1_ligand_start_conf.sdf,False,True,,False,0.1641791044776119,False,False,24.0,9.0
dockgen,3o01_2_DXC_0,3o01,external/PoseBench/data/dockgen_set/3o01_2_DXC_0/3o01_2_DXC_0_ligand.pdb,<REMOTE_PROJECT_ROOT>/external/PoseBench/data/dockgen_set/3o01_2_DXC_0/3o01_2_DXC_0_ligand_start_conf.sdf,False,True,,False,0.4927536231884058,True,False,28.0,10.0
dockgen,3o02_2_JN3_0,3o02,external/PoseBench/data/dockgen_set/3o02_2_JN3_0/3o02_2_JN3_0_ligand.pdb,<REMOTE_PROJECT_ROOT>/external/PoseBench/data/dockgen_set/3o02_2_JN3_0/3o02_2_JN3_0_ligand_start_conf.sdf,False,True,,False,0.7450980392156863,True,False,28.0,10.0
dockgen,3o7j_1_2AL_0,3o7j,external/PoseBench/data/dockgen_set/3o7j_1_2AL_0/3o7j_1_2AL_0_ligand.pdb,<REMOTE_PROJECT_ROOT>/external/PoseBench/data/dockgen_set/3o7j_1_2AL_0/3o7j_1_2AL_0_ligand_start_conf.sdf,False,True,,False,0.1454545454545454,False,False,11.0,4.0
dockgen,3q14_1_PCR_3,3q14,external/PoseBench/data/dockgen_set/3q14_1_PCR_3/3q14_1_PCR_3_ligand.pdb,<REMOTE_PROJECT_ROOT>/external/PoseBench/data/dockgen_set/3q14_1_PCR_3/3q14_1_PCR_3_ligand_start_conf.sdf,False,True,,False,0.4285714285714285,True,False,8.0,0.0
dockgen,3qrc_2_GU4-YYJ_0,3qrc,external/PoseBench/data/dockgen_set/3qrc_2_GU4-YYJ_0/3qrc_2_GU4-YYJ_0_ligand.pdb,<REMOTE_PROJECT_ROOT>/external/PoseBench/data/dockgen_set/3qrc_2_GU4-YYJ_0/3qrc_2_GU4-YYJ_0_ligand_start_conf.sdf,False,True,,False,0.2586206896551724,True,False,55.0,9.0
dockgen,3s5x_1_BMA-MAN-MAN-MAN-MAN_0,3s5x,external/PoseBench/data/dockgen_set/3s5x_1_BMA-MAN-MAN-MAN-MAN_0/3s5x_1_BMA-MAN-MAN-MAN-MAN_0_ligand.pdb,<REMOTE_PROJECT_ROOT>/external/PoseBench/data/dockgen_set/3s5x_1_BMA-MAN-MAN-MAN-MAN_0/3s5x_1_BMA-MAN-MAN-MAN-MAN_0_ligand_start_conf.sdf,False,True,,False,0.7894736842105263,False,False,45.0,20.0
dockgen,3s6a_1_ANP_0,3s6a,external/PoseBench/data/dockgen_set/3s6a_1_ANP_0/3s6a_1_ANP_0_ligand.pdb,<REMOTE_PROJECT_ROOT>/external/PoseBench/data/dockgen_set/3s6a_1_ANP_0/3s6a_1_ANP_0_ligand_start_conf.sdf,False,True,,False,0.2432432432432432,False,False,27.0,7.0
dockgen,3se5_1_ANP_2,3se5,external/PoseBench/data/dockgen_set/3se5_1_ANP_2/3se5_1_ANP_2_ligand.pdb,<REMOTE_PROJECT_ROOT>/external/PoseBench/data/dockgen_set/3se5_1_ANP_2/3se5_1_ANP_2_ligand_start_conf.sdf,False,True,,False,0.2467532467532467,False,False,31.0,7.0
dockgen,3sr6_1_MTE_1,3sr6,external/PoseBench/data/dockgen_set/3sr6_1_MTE_1/3sr6_1_MTE_1_ligand.pdb,<REMOTE_PROJECT_ROOT>/external/PoseBench/data/dockgen_set/3sr6_1_MTE_1/3sr6_1_MTE_1_ligand_start_conf.sdf,False,True,,False,0.1641791044776119,False,False,24.0,9.0
dockgen,3ub7_1_ACM_1,3ub7,external/PoseBench/data/dockgen_set/3ub7_1_ACM_1/3ub7_1_ACM_1_ligand.pdb,<REMOTE_PROJECT_ROOT>/external/PoseBench/data/dockgen_set/3ub7_1_ACM_1/3ub7_1_ACM_1_ligand_start_conf.sdf,False,True,,False,0.5555555555555556,False,False,4.0,1.0
dockgen,3ub9_1_NHY_1,3ub9,external/PoseBench/data/dockgen_set/3ub9_1_NHY_1/3ub9_1_NHY_1_ligand.pdb,<REMOTE_PROJECT_ROOT>/external/PoseBench/data/dockgen_set/3ub9_1_NHY_1/3ub9_1_NHY_1_ligand_start_conf.sdf,False,True,,False,0.2307692307692307,False,False,5.0,1.0
dockgen,3uni_1_SAL_0,3uni,external/PoseBench/data/dockgen_set/3uni_1_SAL_0/3uni_1_SAL_0_ligand.pdb,<REMOTE_PROJECT_ROOT>/external/PoseBench/data/dockgen_set/3uni_1_SAL_0/3uni_1_SAL_0_ligand_start_conf.sdf,False,True,,False,0.25,True,False,10.0,2.0
dockgen,3wrb_1_GDE_0,3wrb,external/PoseBench/data/dockgen_set/3wrb_1_GDE_0/3wrb_1_GDE_0_ligand.pdb,<REMOTE_PROJECT_ROOT>/external/PoseBench/data/dockgen_set/3wrb_1_GDE_0/3wrb_1_GDE_0_ligand_start_conf.sdf,False,True,,False,0.2,True,False,12.0,2.0
dockgen,3wvc_1_FEG_0,3wvc,external/PoseBench/data/dockgen_set/3wvc_1_FEG_0/3wvc_1_FEG_0_ligand.pdb,<REMOTE_PROJECT_ROOT>/external/PoseBench/data/dockgen_set/3wvc_1_FEG_0/3wvc_1_FEG_0_ligand_start_conf.sdf,False,True,,False,0.2058823529411764,False,False,37.0,13.0
dockgen,3zec_1_ANP_0,3zec,external/PoseBench/data/dockgen_set/3zec_1_ANP_0/3zec_1_ANP_0_ligand.pdb,<REMOTE_PROJECT_ROOT>/external/PoseBench/data/dockgen_set/3zec_1_ANP_0/3zec_1_ANP_0_ligand_start_conf.sdf,False,True,,False,0.2467532467532467,False,False,31.0,7.0
dockgen,3zjx_1_BOG_0,3zjx,external/PoseBench/data/dockgen_set/3zjx_1_BOG_0/3zjx_1_BOG_0_ligand.pdb,<REMOTE_PROJECT_ROOT>/external/PoseBench/data/dockgen_set/3zjx_1_BOG_0/3zjx_1_BOG_0_ligand_start_conf.sdf,False,True,,False,1.0,True,False,20.0,5.0
dockgen,3zqu_1_FNR_5,3zqu,external/PoseBench/data/dockgen_set/3zqu_1_FNR_5/3zqu_1_FNR_5_ligand.pdb,<REMOTE_PROJECT_ROOT>/external/PoseBench/data/dockgen_set/3zqu_1_FNR_5/3zqu_1_FNR_5_ligand_start_conf.sdf,False,True,,False,0.1724137931034483,False,False,31.0,11.0
dockgen,3zzs_1_TRP_3,3zzs,external/PoseBench/data/dockgen_set/3zzs_1_TRP_3/3zzs_1_TRP_3_ligand.pdb,<REMOTE_PROJECT_ROOT>/external/PoseBench/data/dockgen_set/3zzs_1_TRP_3/3zzs_1_TRP_3_ligand_start_conf.sdf,False,True,,False,0.2195121951219512,False,False,15.0,4.0
dockgen,4b4v_1_L34_0,4b4v,external/PoseBench/data/dockgen_set/4b4v_1_L34_0/4b4v_1_L34_0_ligand.pdb,<REMOTE_PROJECT_ROOT>/external/PoseBench/data/dockgen_set/4b4v_1_L34_0/4b4v_1_L34_0_ligand_start_conf.sdf,False,True,,False,0.1451612903225806,False,False,34.0,8.0
dockgen,4bc9_1_CNV-FAD_0,4bc9,external/PoseBench/data/dockgen_set/4bc9_1_CNV-FAD_0/4bc9_1_CNV-FAD_0_ligand.pdb,<REMOTE_PROJECT_ROOT>/external/PoseBench/data/dockgen_set/4bc9_1_CNV-FAD_0/4bc9_1_CNV-FAD_0_ligand_start_conf.sdf,False,True,,False,0.1986301369863013,False,False,57.0,19.0
dockgen,4cdn_2_FAD_0,4cdn,external/PoseBench/data/dockgen_set/4cdn_2_FAD_0/4cdn_2_FAD_0_ligand.pdb,<REMOTE_PROJECT_ROOT>/external/PoseBench/data/dockgen_set/4cdn_2_FAD_0/4cdn_2_FAD_0_ligand_start_conf.sdf,False,True,,False,0.2071428571428571,False,False,53.0,18.0
dockgen,4fyv_1_DCP_2,4fyv,external/PoseBench/data/dockgen_set/4fyv_1_DCP_2/4fyv_1_DCP_2_ligand.pdb,<REMOTE_PROJECT_ROOT>/external/PoseBench/data/dockgen_set/4fyv_1_DCP_2/4fyv_1_DCP_2_ligand_start_conf.sdf,False,True,,False,0.2676056338028169,False,False,28.0,5.0
dockgen,4fyw_1_CTP_4,4fyw,external/PoseBench/data/dockgen_set/4fyw_1_CTP_4/4fyw_1_CTP_4_ligand.pdb,<REMOTE_PROJECT_ROOT>/external/PoseBench/data/dockgen_set/4fyw_1_CTP_4/4fyw_1_CTP_4_ligand_start_conf.sdf,False,True,,False,0.2394366197183098,False,False,29.0,6.0
dockgen,4gk9_1_BMA-MAN-MAN-MAN-MAN_3,4gk9,external/PoseBench/data/dockgen_set/4gk9_1_BMA-MAN-MAN-MAN-MAN_3/4gk9_1_BMA-MAN-MAN-MAN-MAN_3_ligand.pdb,<REMOTE_PROJECT_ROOT>/external/PoseBench/data/dockgen_set/4gk9_1_BMA-MAN-MAN-MAN-MAN_3/4gk9_1_BMA-MAN-MAN-MAN-MAN_3_ligand_start_conf.sdf,False,True,,False,0.7894736842105263,False,False,56.0,25.0
dockgen,4h2f_1_ADN_0,4h2f,external/PoseBench/data/dockgen_set/4h2f_1_ADN_0/4h2f_1_ADN_0_ligand.pdb,<REMOTE_PROJECT_ROOT>/external/PoseBench/data/dockgen_set/4h2f_1_ADN_0/4h2f_1_ADN_0_ligand_start_conf.sdf,False,True,,False,0.3272727272727272,False,False,19.0,7.0
dockgen,4idk_1_1FE_0,4idk,external/PoseBench/data/dockgen_set/4idk_1_1FE_0/4idk_1_1FE_0_ligand.pdb,<REMOTE_PROJECT_ROOT>/external/PoseBench/data/dockgen_set/4idk_1_1FE_0/4idk_1_1FE_0_ligand_start_conf.sdf,False,True,,False,0.180327868852459,False,False,15.0,5.0
dockgen,4kgx_1_CTP_5,4kgx,external/PoseBench/data/dockgen_set/4kgx_1_CTP_5/4kgx_1_CTP_5_ligand.pdb,<REMOTE_PROJECT_ROOT>/external/PoseBench/data/dockgen_set/4kgx_1_CTP_5/4kgx_1_CTP_5_ligand_start_conf.sdf,False,True,,False,0.2394366197183098,False,False,29.0,6.0
dockgen,4mig_1_G3F_2,4mig,external/PoseBench/data/dockgen_set/4mig_1_G3F_2/4mig_1_G3F_2_ligand.pdb,<REMOTE_PROJECT_ROOT>/external/PoseBench/data/dockgen_set/4mig_1_G3F_2/4mig_1_G3F_2_ligand_start_conf.sdf,False,True,,False,0.6086956521739131,True,False,12.0,5.0
dockgen,4mo2_2_FDA_0,4mo2,external/PoseBench/data/dockgen_set/4mo2_2_FDA_0/4mo2_2_FDA_0_ligand.pdb,<REMOTE_PROJECT_ROOT>/external/PoseBench/data/dockgen_set/4mo2_2_FDA_0/4mo2_2_FDA_0_ligand_start_conf.sdf,False,True,,False,0.2071428571428571,False,False,53.0,18.0
dockgen,4mos_1_GAF_1,4mos,external/PoseBench/data/dockgen_set/4mos_1_GAF_1/4mos_1_GAF_1_ligand.pdb,<REMOTE_PROJECT_ROOT>/external/PoseBench/data/dockgen_set/4mos_1_GAF_1/4mos_1_GAF_1_ligand_start_conf.sdf,False,True,,False,0.6521739130434783,True,False,12.0,5.0
dockgen,4n4l_1_HG1_0,4n4l,external/PoseBench/data/dockgen_set/4n4l_1_HG1_0/4n4l_1_HG1_0_ligand.pdb,<REMOTE_PROJECT_ROOT>/external/PoseBench/data/dockgen_set/4n4l_1_HG1_0/4n4l_1_HG1_0_ligand_start_conf.sdf,False,True,,False,0.25,True,False,12.0,1.0
dockgen,4o0d_1_GLY_3,4o0d,external/PoseBench/data/dockgen_set/4o0d_1_GLY_3/4o0d_1_GLY_3_ligand.pdb,<REMOTE_PROJECT_ROOT>/external/PoseBench/data/dockgen_set/4o0d_1_GLY_3/4o0d_1_GLY_3_ligand_start_conf.sdf,False,True,,False,0.3181818181818182,False,False,5.0,0.0
dockgen,4o0f_1_GLY_3,4o0f,external/PoseBench/data/dockgen_set/4o0f_1_GLY_3/4o0f_1_GLY_3_ligand.pdb,<REMOTE_PROJECT_ROOT>/external/PoseBench/data/dockgen_set/4o0f_1_GLY_3/4o0f_1_GLY_3_ligand_start_conf.sdf,False,True,,False,0.3181818181818182,False,False,5.0,0.0
dockgen,4o95_1_245_0,4o95,external/PoseBench/data/dockgen_set/4o95_1_245_0/4o95_1_245_0_ligand.pdb,<REMOTE_PROJECT_ROOT>/external/PoseBench/data/dockgen_set/4o95_1_245_0/4o95_1_245_0_ligand_start_conf.sdf,False,True,,False,0.2888888888888888,False,False,17.0,3.0
dockgen,4oal_2_245_0,4oal,external/PoseBench/data/dockgen_set/4oal_2_245_0/4oal_2_245_0_ligand.pdb,<REMOTE_PROJECT_ROOT>/external/PoseBench/data/dockgen_set/4oal_2_245_0/4oal_2_245_0_ligand_start_conf.sdf,False,True,,False,0.2888888888888888,False,False,17.0,3.0
dockgen,4osx_1_GLY_2,4osx,external/PoseBench/data/dockgen_set/4osx_1_GLY_2/4osx_1_GLY_2_ligand.pdb,<REMOTE_PROJECT_ROOT>/external/PoseBench/data/dockgen_set/4osx_1_GLY_2/4osx_1_GLY_2_ligand_start_conf.sdf,False,True,,False,0.3181818181818182,False,False,5.0,0.0
dockgen,4osy_1_GLY_3,4osy,external/PoseBench/data/dockgen_set/4osy_1_GLY_3/4osy_1_GLY_3_ligand.pdb,<REMOTE_PROJECT_ROOT>/external/PoseBench/data/dockgen_set/4osy_1_GLY_3/4osy_1_GLY_3_ligand_start_conf.sdf,False,True,,False,0.3181818181818182,False,False,5.0,0.0
dockgen,4pfx_1_UDP_0,4pfx,external/PoseBench/data/dockgen_set/4pfx_1_UDP_0/4pfx_1_UDP_0_ligand.pdb,<REMOTE_PROJECT_ROOT>/external/PoseBench/data/dockgen_set/4pfx_1_UDP_0/4pfx_1_UDP_0_ligand_start_conf.sdf,False,True,,False,0.2537313432835821,False,False,25.0,6.0
dockgen,4phr_1_UDP_0,4phr,external/PoseBench/data/dockgen_set/4phr_1_UDP_0/4phr_1_UDP_0_ligand.pdb,<REMOTE_PROJECT_ROOT>/external/PoseBench/data/dockgen_set/4phr_1_UDP_0/4phr_1_UDP_0_ligand_start_conf.sdf,False,True,,False,0.2537313432835821,False,False,25.0,6.0
dockgen,4phs_1_UDP_0,4phs,external/PoseBench/data/dockgen_set/4phs_1_UDP_0/4phs_1_UDP_0_ligand.pdb,<REMOTE_PROJECT_ROOT>/external/PoseBench/data/dockgen_set/4phs_1_UDP_0/4phs_1_UDP_0_ligand_start_conf.sdf,False,True,,False,0.2463768115942029,False,False,25.0,6.0
dockgen,4pya_1_2X3_0,4pya,external/PoseBench/data/dockgen_set/4pya_1_2X3_0/4pya_1_2X3_0_ligand.pdb,<REMOTE_PROJECT_ROOT>/external/PoseBench/data/dockgen_set/4pya_1_2X3_0/4pya_1_2X3_0_ligand_start_conf.sdf,False,True,,False,0.1585365853658536,False,False,32.0,9.0
dockgen,4qa8_1_PJZ_0,4qa8,external/PoseBench/data/dockgen_set/4qa8_1_PJZ_0/4qa8_1_PJZ_0_ligand.pdb,<REMOTE_PROJECT_ROOT>/external/PoseBench/data/dockgen_set/4qa8_1_PJZ_0/4qa8_1_PJZ_0_ligand_start_conf.sdf,False,True,,False,0.3714285714285714,False,False,34.0,3.0
dockgen,4qo5_1_NAG_2,4qo5,external/PoseBench/data/dockgen_set/4qo5_1_NAG_2/4qo5_1_NAG_2_ligand.pdb,<REMOTE_PROJECT_ROOT>/external/PoseBench/data/dockgen_set/4qo5_1_NAG_2/4qo5_1_NAG_2_ligand_start_conf.sdf,False,True,,False,0.3142857142857143,True,False,14.0,5.0
dockgen,4rhe_1_FMN_6,4rhe,external/PoseBench/data/dockgen_set/4rhe_1_FMN_6/4rhe_1_FMN_6_ligand.pdb,<REMOTE_PROJECT_ROOT>/external/PoseBench/data/dockgen_set/4rhe_1_FMN_6/4rhe_1_FMN_6_ligand_start_conf.sdf,False,True,,False,0.1685393258426966,False,False,31.0,11.0
dockgen,4rpj_1_UDP_0,4rpj,external/PoseBench/data/dockgen_set/4rpj_1_UDP_0/4rpj_1_UDP_0_ligand.pdb,<REMOTE_PROJECT_ROOT>/external/PoseBench/data/dockgen_set/4rpj_1_UDP_0/4rpj_1_UDP_0_ligand_start_conf.sdf,False,True,,False,0.2537313432835821,False,False,25.0,6.0
dockgen,4rpm_1_HXC_0,4rpm,external/PoseBench/data/dockgen_set/4rpm_1_HXC_0/4rpm_1_HXC_0_ligand.pdb,<REMOTE_PROJECT_ROOT>/external/PoseBench/data/dockgen_set/4rpm_1_HXC_0/4rpm_1_HXC_0_ligand_start_conf.sdf,False,True,,False,0.4285714285714285,False,False,9.0,1.0
dockgen,4tvd_1_BGC_4,4tvd,external/PoseBench/data/dockgen_set/4tvd_1_BGC_4/4tvd_1_BGC_4_ligand.pdb,<REMOTE_PROJECT_ROOT>/external/PoseBench/data/dockgen_set/4tvd_1_BGC_4/4tvd_1_BGC_4_ligand_start_conf.sdf,False,True,,False,1.0,True,False,12.0,5.0
dockgen,4tvd_1_GLC_0,4tvd,external/PoseBench/data/dockgen_set/4tvd_1_GLC_0/4tvd_1_GLC_0_ligand.pdb,<REMOTE_PROJECT_ROOT>/external/PoseBench/data/dockgen_set/4tvd_1_GLC_0/4tvd_1_GLC_0_ligand_start_conf.sdf,False,True,,False,1.0,True,False,12.0,5.0
dockgen,4u63_1_FAD_0,4u63,external/PoseBench/data/dockgen_set/4u63_1_FAD_0/4u63_1_FAD_0_ligand.pdb,<REMOTE_PROJECT_ROOT>/external/PoseBench/data/dockgen_set/4u63_1_FAD_0/4u63_1_FAD_0_ligand_start_conf.sdf,False,True,,False,0.2071428571428571,False,False,53.0,18.0
dockgen,4uoc_1_NCN_1,4uoc,external/PoseBench/data/dockgen_set/4uoc_1_NCN_1/4uoc_1_NCN_1_ligand.pdb,<REMOTE_PROJECT_ROOT>/external/PoseBench/data/dockgen_set/4uoc_1_NCN_1/4uoc_1_NCN_1_ligand_start_conf.sdf,False,True,,False,0.2388059701492537,False,False,22.0,5.0
dockgen,4uuw_1_AMP_0,4uuw,external/PoseBench/data/dockgen_set/4uuw_1_AMP_0/4uuw_1_AMP_0_ligand.pdb,<REMOTE_PROJECT_ROOT>/external/PoseBench/data/dockgen_set/4uuw_1_AMP_0/4uuw_1_AMP_0_ligand_start_conf.sdf,False,True,,False,0.2608695652173913,False,False,23.0,7.0
dockgen,4xdr_1_ADN_0,4xdr,external/PoseBench/data/dockgen_set/4xdr_1_ADN_0/4xdr_1_ADN_0_ligand.pdb,<REMOTE_PROJECT_ROOT>/external/PoseBench/data/dockgen_set/4xdr_1_ADN_0/4xdr_1_ADN_0_ligand_start_conf.sdf,False,True,,False,0.3272727272727272,False,False,19.0,7.0
dockgen,4xfm_1_THE_0,4xfm,external/PoseBench/data/dockgen_set/4xfm_1_THE_0/4xfm_1_THE_0_ligand.pdb,<REMOTE_PROJECT_ROOT>/external/PoseBench/data/dockgen_set/4xfm_1_THE_0/4xfm_1_THE_0_ligand_start_conf.sdf,False,True,,False,0.5238095238095238,False,False,9.0,2.0
dockgen,4ydx_1_TCE_0,4ydx,external/PoseBench/data/dockgen_set/4ydx_1_TCE_0/4ydx_1_TCE_0_ligand.pdb,<REMOTE_PROJECT_ROOT>/external/PoseBench/data/dockgen_set/4ydx_1_TCE_0/4ydx_1_TCE_0_ligand_start_conf.sdf,False,True,,False,0.2222222222222222,False,False,16.0,0.0
dockgen,4zav_1_4LS_8,4zav,external/PoseBench/data/dockgen_set/4zav_1_4LS_8/4zav_1_4LS_8_ligand.pdb,<REMOTE_PROJECT_ROOT>/external/PoseBench/data/dockgen_set/4zav_1_4LS_8/4zav_1_4LS_8_ligand_start_conf.sdf,False,True,,False,0.1648351648351648,False,False,36.0,11.0
dockgen,4zaw_1_4LU_1,4zaw,external/PoseBench/data/dockgen_set/4zaw_1_4LU_1/4zaw_1_4LU_1_ligand.pdb,<REMOTE_PROJECT_ROOT>/external/PoseBench/data/dockgen_set/4zaw_1_4LU_1/4zaw_1_4LU_1_ligand_start_conf.sdf,False,True,,False,0.1649484536082474,False,False,36.0,12.0
dockgen,4zay_1_4LS_6,4zay,external/PoseBench/data/dockgen_set/4zay_1_4LS_6/4zay_1_4LS_6_ligand.pdb,<REMOTE_PROJECT_ROOT>/external/PoseBench/data/dockgen_set/4zay_1_4LS_6/4zay_1_4LS_6_ligand_start_conf.sdf,False,True,,False,0.1648351648351648,False,False,36.0,11.0
dockgen,4zaz_1_4LS_6,4zaz,external/PoseBench/data/dockgen_set/4zaz_1_4LS_6/4zaz_1_4LS_6_ligand.pdb,<REMOTE_PROJECT_ROOT>/external/PoseBench/data/dockgen_set/4zaz_1_4LS_6/4zaz_1_4LS_6_ligand_start_conf.sdf,False,True,,False,0.1648351648351648,False,False,36.0,11.0
dockgen,4zqx_1_ATP_2,4zqx,external/PoseBench/data/dockgen_set/4zqx_1_ATP_2/4zqx_1_ATP_2_ligand.pdb,<REMOTE_PROJECT_ROOT>/external/PoseBench/data/dockgen_set/4zqx_1_ATP_2/4zqx_1_ATP_2_ligand_start_conf.sdf,False,True,,False,0.24,False,False,31.0,7.0
dockgen,5a98_1_ATP_0,5a98,external/PoseBench/data/dockgen_set/5a98_1_ATP_0/5a98_1_ATP_0_ligand.pdb,<REMOTE_PROJECT_ROOT>/external/PoseBench/data/dockgen_set/5a98_1_ATP_0/5a98_1_ATP_0_ligand_start_conf.sdf,False,True,,False,0.24,False,False,31.0,7.0
dockgen,5ae3_2_AWB_1,5ae3,external/PoseBench/data/dockgen_set/5ae3_2_AWB_1/5ae3_2_AWB_1_ligand.pdb,<REMOTE_PROJECT_ROOT>/external/PoseBench/data/dockgen_set/5ae3_2_AWB_1/5ae3_2_AWB_1_ligand_start_conf.sdf,False,True,,False,0.216867469879518,False,False,39.0,12.0
dockgen,5b5s_1_BOG_0,5b5s,external/PoseBench/data/dockgen_set/5b5s_1_BOG_0/5b5s_1_BOG_0_ligand.pdb,<REMOTE_PROJECT_ROOT>/external/PoseBench/data/dockgen_set/5b5s_1_BOG_0/5b5s_1_BOG_0_ligand_start_conf.sdf,False,True,,False,1.0,True,False,20.0,5.0
dockgen,5d9g_1_GLU-ASN-LEU-TYR-PHE-GLN_0,5d9g,external/PoseBench/data/dockgen_set/5d9g_1_GLU-ASN-LEU-TYR-PHE-GLN_0/5d9g_1_GLU-ASN-LEU-TYR-PHE-GLN_0_ligand.pdb,<REMOTE_PROJECT_ROOT>/external/PoseBench/data/dockgen_set/5d9g_1_GLU-ASN-LEU-TYR-PHE-GLN_0/5d9g_1_GLU-ASN-LEU-TYR-PHE-GLN_0_ligand_start_conf.sdf,False,True,,False,0.5,False,False,41.0,4.0
dockgen,5dnc_1_ASN_2,5dnc,external/PoseBench/data/dockgen_set/5dnc_1_ASN_2/5dnc_1_ASN_2_ligand.pdb,<REMOTE_PROJECT_ROOT>/external/PoseBench/data/dockgen_set/5dnc_1_ASN_2/5dnc_1_ASN_2_ligand_start_conf.sdf,False,True,,False,0.25,False,False,9.0,2.0
dockgen,5eno_1_5QG_0,5eno,external/PoseBench/data/dockgen_set/5eno_1_5QG_0/5eno_1_5QG_0_ligand.pdb,<REMOTE_PROJECT_ROOT>/external/PoseBench/data/dockgen_set/5eno_1_5QG_0/5eno_1_5QG_0_ligand_start_conf.sdf,False,True,,False,0.1772151898734177,False,False,29.0,5.0
dockgen,5enp_1_5QF_0,5enp,external/PoseBench/data/dockgen_set/5enp_1_5QF_0/5enp_1_5QF_0_ligand.pdb,<REMOTE_PROJECT_ROOT>/external/PoseBench/data/dockgen_set/5enp_1_5QF_0/5enp_1_5QF_0_ligand_start_conf.sdf,False,True,,False,0.15625,False,False,37.0,8.0
dockgen,5enq_1_5QE_0,5enq,external/PoseBench/data/dockgen_set/5enq_1_5QE_0/5enq_1_5QE_0_ligand.pdb,<REMOTE_PROJECT_ROOT>/external/PoseBench/data/dockgen_set/5enq_1_5QE_0/5enq_1_5QE_0_ligand_start_conf.sdf,False,True,,False,0.1621621621621621,False,False,35.0,8.0
dockgen,5enr_1_MBX_0,5enr,external/PoseBench/data/dockgen_set/5enr_1_MBX_0/5enr_1_MBX_0_ligand.pdb,<REMOTE_PROJECT_ROOT>/external/PoseBench/data/dockgen_set/5enr_1_MBX_0/5enr_1_MBX_0_ligand_start_conf.sdf,False,True,,False,0.1592920353982301,False,False,36.0,8.0
dockgen,5ent_1_MIY_0,5ent,external/PoseBench/data/dockgen_set/5ent_1_MIY_0/5ent_1_MIY_0_ligand.pdb,<REMOTE_PROJECT_ROOT>/external/PoseBench/data/dockgen_set/5ent_1_MIY_0/5ent_1_MIY_0_ligand_start_conf.sdf,False,True,,False,0.1690140845070422,False,False,33.0,15.0
dockgen,5ers_1_AMP_1,5ers,external/PoseBench/data/dockgen_set/5ers_1_AMP_1/5ers_1_AMP_1_ligand.pdb,<REMOTE_PROJECT_ROOT>/external/PoseBench/data/dockgen_set/5ers_1_AMP_1/5ers_1_AMP_1_ligand_start_conf.sdf,False,True,,False,0.2608695652173913,False,False,23.0,7.0
dockgen,5f2t_1_PLM_0,5f2t,external/PoseBench/data/dockgen_set/5f2t_1_PLM_0/5f2t_1_PLM_0_ligand.pdb,<REMOTE_PROJECT_ROOT>/external/PoseBench/data/dockgen_set/5f2t_1_PLM_0/5f2t_1_PLM_0_ligand_start_conf.sdf,False,True,,False,0.5416666666666666,False,False,18.0,0.0
dockgen,5f52_1_ASP_2,5f52,external/PoseBench/data/dockgen_set/5f52_1_ASP_2/5f52_1_ASP_2_ligand.pdb,<REMOTE_PROJECT_ROOT>/external/PoseBench/data/dockgen_set/5f52_1_ASP_2/5f52_1_ASP_2_ligand_start_conf.sdf,False,True,,False,0.25,False,False,9.0,1.0
dockgen,5fiu_1_Y3J_3,5fiu,external/PoseBench/data/dockgen_set/5fiu_1_Y3J_3/5fiu_1_Y3J_3_ligand.pdb,<REMOTE_PROJECT_ROOT>/external/PoseBench/data/dockgen_set/5fiu_1_Y3J_3/5fiu_1_Y3J_3_ligand_start_conf.sdf,False,True,,False,0.1617647058823529,False,False,20.0,7.0
dockgen,5fxd_1_H7Y_1,5fxd,external/PoseBench/data/dockgen_set/5fxd_1_H7Y_1/5fxd_1_H7Y_1_ligand.pdb,<REMOTE_PROJECT_ROOT>/external/PoseBench/data/dockgen_set/5fxd_1_H7Y_1/5fxd_1_H7Y_1_ligand_start_conf.sdf,False,True,,False,0.2352941176470588,True,False,12.0,3.0
dockgen,5fxe_1_CIY_1,5fxe,external/PoseBench/data/dockgen_set/5fxe_1_CIY_1/5fxe_1_CIY_1_ligand.pdb,<REMOTE_PROJECT_ROOT>/external/PoseBench/data/dockgen_set/5fxe_1_CIY_1/5fxe_1_CIY_1_ligand_start_conf.sdf,False,True,,False,0.2264150943396226,True,False,13.0,3.0
dockgen,5fxf_1_BEZ_0,5fxf,external/PoseBench/data/dockgen_set/5fxf_1_BEZ_0/5fxf_1_BEZ_0_ligand.pdb,<REMOTE_PROJECT_ROOT>/external/PoseBench/data/dockgen_set/5fxf_1_BEZ_0/5fxf_1_BEZ_0_ligand_start_conf.sdf,False,True,,False,0.3125,True,False,9.0,0.0
dockgen,5gqi_1_ATP_7,5gqi,external/PoseBench/data/dockgen_set/5gqi_1_ATP_7/5gqi_1_ATP_7_ligand.pdb,<REMOTE_PROJECT_ROOT>/external/PoseBench/data/dockgen_set/5gqi_1_ATP_7/5gqi_1_ATP_7_ligand_start_conf.sdf,False,True,,False,0.24,False,False,31.0,7.0
dockgen,5gql_1_ATP_4,5gql,external/PoseBench/data/dockgen_set/5gql_1_ATP_4/5gql_1_ATP_4_ligand.pdb,<REMOTE_PROJECT_ROOT>/external/PoseBench/data/dockgen_set/5gql_1_ATP_4/5gql_1_ATP_4_ligand_start_conf.sdf,False,True,,False,0.24,False,False,31.0,7.0
dockgen,5hhz_1_ZME_0,5hhz,external/PoseBench/data/dockgen_set/5hhz_1_ZME_0/5hhz_1_ZME_0_ligand.pdb,<REMOTE_PROJECT_ROOT>/external/PoseBench/data/dockgen_set/5hhz_1_ZME_0/5hhz_1_ZME_0_ligand_start_conf.sdf,False,True,,False,0.2083333333333333,False,False,15.0,4.0
dockgen,5hmr_1_FDZ_0,5hmr,external/PoseBench/data/dockgen_set/5hmr_1_FDZ_0/5hmr_1_FDZ_0_ligand.pdb,<REMOTE_PROJECT_ROOT>/external/PoseBench/data/dockgen_set/5hmr_1_FDZ_0/5hmr_1_FDZ_0_ligand_start_conf.sdf,False,True,,False,0.1864406779661017,False,False,20.0,4.0
dockgen,5hqx_1_EDZ_0,5hqx,external/PoseBench/data/dockgen_set/5hqx_1_EDZ_0/5hqx_1_EDZ_0_ligand.pdb,<REMOTE_PROJECT_ROOT>/external/PoseBench/data/dockgen_set/5hqx_1_EDZ_0/5hqx_1_EDZ_0_ligand_start_conf.sdf,False,True,,False,0.1785714285714285,False,False,18.0,4.0
dockgen,5hw0_1_GLU_2,5hw0,external/PoseBench/data/dockgen_set/5hw0_1_GLU_2/5hw0_1_GLU_2_ligand.pdb,<REMOTE_PROJECT_ROOT>/external/PoseBench/data/dockgen_set/5hw0_1_GLU_2/5hw0_1_GLU_2_ligand_start_conf.sdf,False,True,,False,0.2222222222222222,False,False,10.0,1.0
dockgen,5ida_1_BMA_0,5ida,external/PoseBench/data/dockgen_set/5ida_1_BMA_0/5ida_1_BMA_0_ligand.pdb,<REMOTE_PROJECT_ROOT>/external/PoseBench/data/dockgen_set/5ida_1_BMA_0/5ida_1_BMA_0_ligand_start_conf.sdf,False,True,,False,1.0,True,False,12.0,5.0
dockgen,5k3o_2_ASP_0,5k3o,external/PoseBench/data/dockgen_set/5k3o_2_ASP_0/5k3o_2_ASP_0_ligand.pdb,<REMOTE_PROJECT_ROOT>/external/PoseBench/data/dockgen_set/5k3o_2_ASP_0/5k3o_2_ASP_0_ligand_start_conf.sdf,False,True,,False,0.25,False,False,9.0,1.0
dockgen,5k45_2_GLU_1,5k45,external/PoseBench/data/dockgen_set/5k45_2_GLU_1/5k45_2_GLU_1_ligand.pdb,<REMOTE_PROJECT_ROOT>/external/PoseBench/data/dockgen_set/5k45_2_GLU_1/5k45_2_GLU_1_ligand_start_conf.sdf,False,True,,False,0.2222222222222222,False,False,10.0,1.0
dockgen,5k4h_2_GLU_3,5k4h,external/PoseBench/data/dockgen_set/5k4h_2_GLU_3/5k4h_2_GLU_3_ligand.pdb,<REMOTE_PROJECT_ROOT>/external/PoseBench/data/dockgen_set/5k4h_2_GLU_3/5k4h_2_GLU_3_ligand_start_conf.sdf,False,True,,False,0.2222222222222222,False,False,10.0,1.0
dockgen,5k62_1_ASN-VAL_0,5k62,external/PoseBench/data/dockgen_set/5k62_1_ASN-VAL_0/5k62_1_ASN-VAL_0_ligand.pdb,<REMOTE_PROJECT_ROOT>/external/PoseBench/data/dockgen_set/5k62_1_ASN-VAL_0/5k62_1_ASN-VAL_0_ligand_start_conf.sdf,False,True,,False,0.3125,False,False,15.0,4.0
dockgen,5k63_1_ASN-GLY_0,5k63,external/PoseBench/data/dockgen_set/5k63_1_ASN-GLY_0/5k63_1_ASN-GLY_0_ligand.pdb,<REMOTE_PROJECT_ROOT>/external/PoseBench/data/dockgen_set/5k63_1_ASN-GLY_0/5k63_1_ASN-GLY_0_ligand_start_conf.sdf,False,True,,False,0.2258064516129032,False,False,12.0,3.0
dockgen,5k66_1_ASN-GLU_0,5k66,external/PoseBench/data/dockgen_set/5k66_1_ASN-GLU_0/5k66_1_ASN-GLU_0_ligand.pdb,<REMOTE_PROJECT_ROOT>/external/PoseBench/data/dockgen_set/5k66_1_ASN-GLU_0/5k66_1_ASN-GLU_0_ligand_start_conf.sdf,False,True,,False,0.2285714285714285,False,False,17.0,4.0
dockgen,5mh1_1_BMA_0,5mh1,external/PoseBench/data/dockgen_set/5mh1_1_BMA_0/5mh1_1_BMA_0_ligand.pdb,<REMOTE_PROJECT_ROOT>/external/PoseBench/data/dockgen_set/5mh1_1_BMA_0/5mh1_1_BMA_0_ligand_start_conf.sdf,False,True,,False,1.0,True,False,12.0,5.0
dockgen,5u82_2_ZN0_0,5u82,external/PoseBench/data/dockgen_set/5u82_2_ZN0_0/5u82_2_ZN0_0_ligand.pdb,<REMOTE_PROJECT_ROOT>/external/PoseBench/data/dockgen_set/5u82_2_ZN0_0/5u82_2_ZN0_0_ligand_start_conf.sdf,False,True,,False,0.1764705882352941,False,False,7.0,0.0
dockgen,6a71_1_9UX_0,6a71,external/PoseBench/data/dockgen_set/6a71_1_9UX_0/6a71_1_9UX_0_ligand.pdb,<REMOTE_PROJECT_ROOT>/external/PoseBench/data/dockgen_set/6a71_1_9UX_0/6a71_1_9UX_0_ligand_start_conf.sdf,False,True,,False,0.1176470588235294,False,False,6.0,0.0
dockgen,6a72_1_9UX_0,6a72,external/PoseBench/data/dockgen_set/6a72_1_9UX_0/6a72_1_9UX_0_ligand.pdb,<REMOTE_PROJECT_ROOT>/external/PoseBench/data/dockgen_set/6a72_1_9UX_0/6a72_1_9UX_0_ligand_start_conf.sdf,False,True,,False,0.1176470588235294,False,False,6.0,0.0
dockgen,6b1b_1_TMO_15,6b1b,external/PoseBench/data/dockgen_set/6b1b_1_TMO_15/6b1b_1_TMO_15_ligand.pdb,<REMOTE_PROJECT_ROOT>/external/PoseBench/data/dockgen_set/6b1b_1_TMO_15/6b1b_1_TMO_15_ligand_start_conf.sdf,False,True,,False,0.2857142857142857,False,False,5.0,0.0
dockgen,6ea9_1_9BG_0,6ea9,external/PoseBench/data/dockgen_set/6ea9_1_9BG_0/6ea9_1_9BG_0_ligand.pdb,<REMOTE_PROJECT_ROOT>/external/PoseBench/data/dockgen_set/6ea9_1_9BG_0/6ea9_1_9BG_0_ligand_start_conf.sdf,False,True,,False,0.1979166666666666,False,False,46.0,15.0
dockgen,6ep5_1_ADP_1,6ep5,external/PoseBench/data/dockgen_set/6ep5_1_ADP_1/6ep5_1_ADP_1_ligand.pdb,<REMOTE_PROJECT_ROOT>/external/PoseBench/data/dockgen_set/6ep5_1_ADP_1/6ep5_1_ADP_1_ligand_start_conf.sdf,False,True,,False,0.2465753424657534,False,False,27.0,7.0
dockgen,6etf_1_AMP_0,6etf,external/PoseBench/data/dockgen_set/6etf_1_AMP_0/6etf_1_AMP_0_ligand.pdb,<REMOTE_PROJECT_ROOT>/external/PoseBench/data/dockgen_set/6etf_1_AMP_0/6etf_1_AMP_0_ligand_start_conf.sdf,False,True,,False,0.2608695652173913,False,False,23.0,7.0
dockgen,6fgc_1_ADP_1,6fgc,external/PoseBench/data/dockgen_set/6fgc_1_ADP_1/6fgc_1_ADP_1_ligand.pdb,<REMOTE_PROJECT_ROOT>/external/PoseBench/data/dockgen_set/6fgc_1_ADP_1/6fgc_1_ADP_1_ligand_start_conf.sdf,False,True,,False,0.2465753424657534,False,False,27.0,7.0
dockgen,6fgc_1_D95_1,6fgc,external/PoseBench/data/dockgen_set/6fgc_1_D95_1/6fgc_1_D95_1_ligand.pdb,<REMOTE_PROJECT_ROOT>/external/PoseBench/data/dockgen_set/6fgc_1_D95_1/6fgc_1_D95_1_ligand_start_conf.sdf,False,True,,False,0.175,False,False,27.0,9.0
dockgen,6gbf_1_AMP_0,6gbf,external/PoseBench/data/dockgen_set/6gbf_1_AMP_0/6gbf_1_AMP_0_ligand.pdb,<REMOTE_PROJECT_ROOT>/external/PoseBench/data/dockgen_set/6gbf_1_AMP_0/6gbf_1_AMP_0_ligand_start_conf.sdf,False,True,,False,0.2608695652173913,False,False,23.0,7.0
dockgen,6jls_1_FMN_6,6jls,external/PoseBench/data/dockgen_set/6jls_1_FMN_6/6jls_1_FMN_6_ligand.pdb,<REMOTE_PROJECT_ROOT>/external/PoseBench/data/dockgen_set/6jls_1_FMN_6/6jls_1_FMN_6_ligand_start_conf.sdf,False,True,,False,0.1724137931034483,False,False,31.0,11.0
dockgen,6n19_2_K8V_0,6n19,external/PoseBench/data/dockgen_set/6n19_2_K8V_0/6n19_2_K8V_0_ligand.pdb,<REMOTE_PROJECT_ROOT>/external/PoseBench/data/dockgen_set/6n19_2_K8V_0/6n19_2_K8V_0_ligand_start_conf.sdf,False,True,,False,0.1891891891891892,True,False,17.0,6.0
dockgen,6nco_1_KQP_0,6nco,external/PoseBench/data/dockgen_set/6nco_1_KQP_0/6nco_1_KQP_0_ligand.pdb,<REMOTE_PROJECT_ROOT>/external/PoseBench/data/dockgen_set/6nco_1_KQP_0/6nco_1_KQP_0_ligand_start_conf.sdf,False,True,,False,,False,False,,
dockgen,6npp_1_KWG_0,6npp,external/PoseBench/data/dockgen_set/6npp_1_KWG_0/6npp_1_KWG_0_ligand.pdb,<REMOTE_PROJECT_ROOT>/external/PoseBench/data/dockgen_set/6npp_1_KWG_0/6npp_1_KWG_0_ligand_start_conf.sdf,False,True,,False,0.1935483870967742,False,False,22.0,4.0
dockgen,6o6y_1_ACK_0,6o6y,external/PoseBench/data/dockgen_set/6o6y_1_ACK_0/6o6y_1_ACK_0_ligand.pdb,<REMOTE_PROJECT_ROOT>/external/PoseBench/data/dockgen_set/6o6y_1_ACK_0/6o6y_1_ACK_0_ligand_start_conf.sdf,False,True,,False,0.1944444444444444,False,False,22.0,7.0
dockgen,6o70_1_ACK_1,6o70,external/PoseBench/data/dockgen_set/6o70_1_ACK_1/6o70_1_ACK_1_ligand.pdb,<REMOTE_PROJECT_ROOT>/external/PoseBench/data/dockgen_set/6o70_1_ACK_1/6o70_1_ACK_1_ligand_start_conf.sdf,False,True,,False,0.1944444444444444,False,False,22.0,7.0
dockgen,6pa2_1_ASP_2,6pa2,external/PoseBench/data/dockgen_set/6pa2_1_ASP_2/6pa2_1_ASP_2_ligand.pdb,<REMOTE_PROJECT_ROOT>/external/PoseBench/data/dockgen_set/6pa2_1_ASP_2/6pa2_1_ASP_2_ligand_start_conf.sdf,False,True,,False,0.25,False,False,9.0,1.0
dockgen,6pa6_2_ASN_0,6pa6,external/PoseBench/data/dockgen_set/6pa6_2_ASN_0/6pa6_2_ASN_0_ligand.pdb,<REMOTE_PROJECT_ROOT>/external/PoseBench/data/dockgen_set/6pa6_2_ASN_0/6pa6_2_ASN_0_ligand_start_conf.sdf,False,True,,False,0.25,False,False,9.0,2.0
dockgen,6paa_1_ASP_2,6paa,external/PoseBench/data/dockgen_set/6paa_1_ASP_2/6paa_1_ASP_2_ligand.pdb,<REMOTE_PROJECT_ROOT>/external/PoseBench/data/dockgen_set/6paa_1_ASP_2/6paa_1_ASP_2_ligand_start_conf.sdf,False,True,,False,0.25,False,False,9.0,1.0
dockgen,6qkr_1_FAD_0,6qkr,external/PoseBench/data/dockgen_set/6qkr_1_FAD_0/6qkr_1_FAD_0_ligand.pdb,<REMOTE_PROJECT_ROOT>/external/PoseBench/data/dockgen_set/6qkr_1_FAD_0/6qkr_1_FAD_0_ligand_start_conf.sdf,False,True,,False,0.2071428571428571,False,False,53.0,18.0
dockgen,6rms_1_AMP_1,6rms,external/PoseBench/data/dockgen_set/6rms_1_AMP_1/6rms_1_AMP_1_ligand.pdb,<REMOTE_PROJECT_ROOT>/external/PoseBench/data/dockgen_set/6rms_1_AMP_1/6rms_1_AMP_1_ligand_start_conf.sdf,False,True,,False,0.2608695652173913,False,False,23.0,7.0
dockgen,6ryz_1_SAM_2,6ryz,external/PoseBench/data/dockgen_set/6ryz_1_SAM_2/6ryz_1_SAM_2_ligand.pdb,<REMOTE_PROJECT_ROOT>/external/PoseBench/data/dockgen_set/6ryz_1_SAM_2/6ryz_1_SAM_2_ligand_start_conf.sdf,False,True,,False,0.2195121951219512,False,False,27.0,9.0
dockgen,6rz2_1_5CD_2,6rz2,external/PoseBench/data/dockgen_set/6rz2_1_5CD_2/6rz2_1_5CD_2_ligand.pdb,<REMOTE_PROJECT_ROOT>/external/PoseBench/data/dockgen_set/6rz2_1_5CD_2/6rz2_1_5CD_2_ligand_start_conf.sdf,False,True,,False,0.2333333333333333,False,False,19.0,7.0
dockgen,6tvg_1_AP2_1,6tvg,external/PoseBench/data/dockgen_set/6tvg_1_AP2_1/6tvg_1_AP2_1_ligand.pdb,<REMOTE_PROJECT_ROOT>/external/PoseBench/data/dockgen_set/6tvg_1_AP2_1/6tvg_1_AP2_1_ligand_start_conf.sdf,False,True,,False,0.2465753424657534,False,False,27.0,7.0
dockgen,6uqy_2_AT3_0,6uqy,external/PoseBench/data/dockgen_set/6uqy_2_AT3_0/6uqy_2_AT3_0_ligand.pdb,<REMOTE_PROJECT_ROOT>/external/PoseBench/data/dockgen_set/6uqy_2_AT3_0/6uqy_2_AT3_0_ligand_start_conf.sdf,False,True,,False,0.3181818181818182,False,False,10.0,1.0
dockgen,6ur1_2_AT3_0,6ur1,external/PoseBench/data/dockgen_set/6ur1_2_AT3_0/6ur1_2_AT3_0_ligand.pdb,<REMOTE_PROJECT_ROOT>/external/PoseBench/data/dockgen_set/6ur1_2_AT3_0/6ur1_2_AT3_0_ligand_start_conf.sdf,False,True,,False,0.3181818181818182,False,False,10.0,1.0
dockgen,6v2a_1_ASN_3,6v2a,external/PoseBench/data/dockgen_set/6v2a_1_ASN_3/6v2a_1_ASN_3_ligand.pdb,<REMOTE_PROJECT_ROOT>/external/PoseBench/data/dockgen_set/6v2a_1_ASN_3/6v2a_1_ASN_3_ligand_start_conf.sdf,False,True,,False,0.25,False,False,9.0,2.0
dockgen,6wyz_1_DGL_1,6wyz,external/PoseBench/data/dockgen_set/6wyz_1_DGL_1/6wyz_1_DGL_1_ligand.pdb,<REMOTE_PROJECT_ROOT>/external/PoseBench/data/dockgen_set/6wyz_1_DGL_1/6wyz_1_DGL_1_ligand_start_conf.sdf,False,True,,False,0.2222222222222222,False,False,10.0,1.0
dockgen,6xb3_3_9BG_1,6xb3,external/PoseBench/data/dockgen_set/6xb3_3_9BG_1/6xb3_3_9BG_1_ligand.pdb,<REMOTE_PROJECT_ROOT>/external/PoseBench/data/dockgen_set/6xb3_3_9BG_1/6xb3_3_9BG_1_ligand_start_conf.sdf,False,True,,False,0.1979166666666666,False,False,46.0,15.0
dockgen,6xug_1_O1Q_0,6xug,external/PoseBench/data/dockgen_set/6xug_1_O1Q_0/6xug_1_O1Q_0_ligand.pdb,<REMOTE_PROJECT_ROOT>/external/PoseBench/data/dockgen_set/6xug_1_O1Q_0/6xug_1_O1Q_0_ligand_start_conf.sdf,False,True,,False,0.1929824561403508,False,False,31.0,10.0
dockgen,6yao_1_OJ2_0,6yao,external/PoseBench/data/dockgen_set/6yao_1_OJ2_0/6yao_1_OJ2_0_ligand.pdb,<REMOTE_PROJECT_ROOT>/external/PoseBench/data/dockgen_set/6yao_1_OJ2_0/6yao_1_OJ2_0_ligand_start_conf.sdf,False,True,,False,0.2241379310344827,False,False,24.0,5.0
dockgen,6yap_1_OHZ_0,6yap,external/PoseBench/data/dockgen_set/6yap_1_OHZ_0/6yap_1_OHZ_0_ligand.pdb,<REMOTE_PROJECT_ROOT>/external/PoseBench/data/dockgen_set/6yap_1_OHZ_0/6yap_1_OHZ_0_ligand_start_conf.sdf,False,True,,False,0.1774193548387097,False,False,25.0,6.0
dockgen,6yaq_1_OHZ_0,6yaq,external/PoseBench/data/dockgen_set/6yaq_1_OHZ_0/6yaq_1_OHZ_0_ligand.pdb,<REMOTE_PROJECT_ROOT>/external/PoseBench/data/dockgen_set/6yaq_1_OHZ_0/6yaq_1_OHZ_0_ligand_start_conf.sdf,False,True,,False,0.1774193548387097,False,False,25.0,6.0
