chai1_import_ok,chai_lab_import_ok,chai_lab_source_tree,chai_lab_version,chain_ligand_cutoff,crop_candidate_chains,dataset,device,gpu,gpu_blocker_d_state_boltz_predict_count,gpu_blocker_preview,input_fasta,ligand_file,ligand_heavy_atoms,ligand_sanitize_mode,ligand_smiles,max_total_aa,method,mol_id,n_prediction_cif,n_protein_chains,n_score_npz,output_dir,pocket_chain_crop,prediction_cifs,protein_lengths,protein_pdb,runtime_sec,score_npz,selected_chain_ids,selected_total_aa,status,tag,use_esm_embeddings,status_json,exception,exception_type,failure_class,rescue_recommendation
True,True,True,0.6.1,12.0,D:287:2.797;C:287:5.450;A:287:48.975;B:287:67.640,astex_diverse,cuda:0,1,0,,results/posebench_702_predictions/chai1_gpu/astex_diverse/1HVY_D16/oracle_pocket_crop_s5_t200/inputs/1HVY_D16_chai.fasta,external/PoseBench/data/astex_diverse_set/1HVY_D16/1HVY_D16_ligand.sdf,32,sanitized,Cc1nc(=O)c2cc(CN(C)c3ccc(C(=O)N[C@@H](CCC(=O)O)C(=O)O)s3)ccc2[nH]1,1280,chai1_gpu,1HVY_D16,5.0,2,5.0,results/posebench_702_predictions/chai1_gpu/astex_diverse/1HVY_D16/oracle_pocket_crop_s5_t200,True,<REMOTE_PROJECT_ROOT>/results/posebench_702_predictions/chai1_gpu/astex_diverse/1HVY_D16/oracle_pocket_crop_s5_t200/predictions/pred.model_idx_0.cif;<REMOTE_PROJECT_ROOT>/results/posebench_702_predictions/chai1_gpu/astex_diverse/1HVY_D16/oracle_pocket_crop_s5_t200/predictions/pred.model_idx_1.cif;<REMOTE_PROJECT_ROOT>/results/posebench_702_predictions/chai1_gpu/astex_diverse/1HVY_D16/oracle_pocket_crop_s5_t200/predictions/pred.model_idx_2.cif;<REMOTE_PROJECT_ROOT>/results/posebench_702_predictions/chai1_gpu/astex_diverse/1HVY_D16/oracle_pocket_crop_s5_t200/predictions/pred.model_idx_3.cif;<REMOTE_PROJECT_ROOT>/results/posebench_702_predictions/chai1_gpu/astex_diverse/1HVY_D16/oracle_pocket_crop_s5_t200/predictions/pred.model_idx_4.cif,C:287;D:287,external/PoseBench/data/astex_diverse_set/1HVY_D16/1HVY_D16_protein.pdb,185.893,<REMOTE_PROJECT_ROOT>/results/posebench_702_predictions/chai1_gpu/astex_diverse/1HVY_D16/oracle_pocket_crop_s5_t200/predictions/scores.model_idx_0.npz;<REMOTE_PROJECT_ROOT>/results/posebench_702_predictions/chai1_gpu/astex_diverse/1HVY_D16/oracle_pocket_crop_s5_t200/predictions/scores.model_idx_1.npz;<REMOTE_PROJECT_ROOT>/results/posebench_702_predictions/chai1_gpu/astex_diverse/1HVY_D16/oracle_pocket_crop_s5_t200/predictions/scores.model_idx_2.npz;<REMOTE_PROJECT_ROOT>/results/posebench_702_predictions/chai1_gpu/astex_diverse/1HVY_D16/oracle_pocket_crop_s5_t200/predictions/scores.model_idx_3.npz;<REMOTE_PROJECT_ROOT>/results/posebench_702_predictions/chai1_gpu/astex_diverse/1HVY_D16/oracle_pocket_crop_s5_t200/predictions/scores.model_idx_4.npz,C;D,574,ok,oracle_pocket_crop_s5_t200,True,results/posebench_702_predictions/chai1_gpu/astex_diverse/1HVY_D16/oracle_pocket_crop_s5_t200/run_status.json,,,ok,manual_inspection
True,True,True,0.6.1,12.0,B:399:2.757;A:393:2.804;C:374:15.408;D:374:20.095,astex_diverse,cuda:0,2,0,,results/posebench_702_predictions/chai1_gpu/astex_diverse/1HWI_115/oracle_pocket_crop_s5_t200/inputs/1HWI_115_chai.fasta,external/PoseBench/data/astex_diverse_set/1HWI_115/1HWI_115_ligand.sdf,30,sanitized,CC(C)n1c(/C=C/[C@@H](O)C[C@@H](O)CC(=O)O)c(-c2ccc(F)cc2)c2ccccc21,1280,chai1_gpu,1HWI_115,5.0,2,5.0,results/posebench_702_predictions/chai1_gpu/astex_diverse/1HWI_115/oracle_pocket_crop_s5_t200,True,<REMOTE_PROJECT_ROOT>/results/posebench_702_predictions/chai1_gpu/astex_diverse/1HWI_115/oracle_pocket_crop_s5_t200/predictions/pred.model_idx_0.cif;<REMOTE_PROJECT_ROOT>/results/posebench_702_predictions/chai1_gpu/astex_diverse/1HWI_115/oracle_pocket_crop_s5_t200/predictions/pred.model_idx_1.cif;<REMOTE_PROJECT_ROOT>/results/posebench_702_predictions/chai1_gpu/astex_diverse/1HWI_115/oracle_pocket_crop_s5_t200/predictions/pred.model_idx_2.cif;<REMOTE_PROJECT_ROOT>/results/posebench_702_predictions/chai1_gpu/astex_diverse/1HWI_115/oracle_pocket_crop_s5_t200/predictions/pred.model_idx_3.cif;<REMOTE_PROJECT_ROOT>/results/posebench_702_predictions/chai1_gpu/astex_diverse/1HWI_115/oracle_pocket_crop_s5_t200/predictions/pred.model_idx_4.cif,A:393;B:399,external/PoseBench/data/astex_diverse_set/1HWI_115/1HWI_115_protein.pdb,284.353,<REMOTE_PROJECT_ROOT>/results/posebench_702_predictions/chai1_gpu/astex_diverse/1HWI_115/oracle_pocket_crop_s5_t200/predictions/scores.model_idx_0.npz;<REMOTE_PROJECT_ROOT>/results/posebench_702_predictions/chai1_gpu/astex_diverse/1HWI_115/oracle_pocket_crop_s5_t200/predictions/scores.model_idx_1.npz;<REMOTE_PROJECT_ROOT>/results/posebench_702_predictions/chai1_gpu/astex_diverse/1HWI_115/oracle_pocket_crop_s5_t200/predictions/scores.model_idx_2.npz;<REMOTE_PROJECT_ROOT>/results/posebench_702_predictions/chai1_gpu/astex_diverse/1HWI_115/oracle_pocket_crop_s5_t200/predictions/scores.model_idx_3.npz;<REMOTE_PROJECT_ROOT>/results/posebench_702_predictions/chai1_gpu/astex_diverse/1HWI_115/oracle_pocket_crop_s5_t200/predictions/scores.model_idx_4.npz,A;B,792,ok,oracle_pocket_crop_s5_t200,True,results/posebench_702_predictions/chai1_gpu/astex_diverse/1HWI_115/oracle_pocket_crop_s5_t200/run_status.json,,,ok,manual_inspection
True,True,True,0.6.1,12.0,A:1014:2.426,astex_diverse,,3,0,,results/posebench_702_predictions/chai1_gpu/astex_diverse/1HWW_SWA/oracle_pocket_crop_s5_t200/inputs/1HWW_SWA_chai.fasta,external/PoseBench/data/astex_diverse_set/1HWW_SWA/1HWW_SWA_ligand.sdf,12,sanitized,O[C@H]1[C@H]2[C@H](O)CCCN2C[C@H]1O,1280,chai1_gpu,1HWW_SWA,,1,,results/posebench_702_predictions/chai1_gpu/astex_diverse/1HWW_SWA/oracle_pocket_crop_s5_t200,True,,A:1014,external/PoseBench/data/astex_diverse_set/1HWW_SWA/1HWW_SWA_protein.pdb,48.946,,A,1014,exception,oracle_pocket_crop_s5_t200,True,results/posebench_702_predictions/chai1_gpu/astex_diverse/1HWW_SWA/oracle_pocket_crop_s5_t200/run_status.json,"The following operation failed in the TorchScript interpreter.
Traceback of TorchScript (most recent call last):
  File ""code/__torch__/chai/model/af3/trunk.py"", line 136641, in forward_1536
    _54560 = torch.mul(element11600, CONSTANTS.c0)
    _54561 = torch.reshape(x6973, [_54557, _54559, int(_54560), 1, 1])
    _54562 = torch.masked_fill(v915, _54561, 0)
             ~~~~~~~~~~~~~~~~~ <--- HERE
    o364 = torch.einsum(""abcd,aedbf->aecbf"", [torch.to(_54546, 15), _54562])
    x6974 = torch.mul(g_sigm59, o364)
RuntimeError: CUDA out of memory. Tried to allocate 1.50 GiB. GPU 0 has a total capacity of 23.52 GiB of which 1.20 GiB is free. Including non-PyTorch memory, this process has 22.30 GiB memory in use. Of the allocated memory 21.75 GiB is allocated by PyTorch, and 131.92 MiB is reserved by PyTorch but unallocated. If reserved but unallocated memory is large try setting PYTORCH_CUDA_ALLOC_CONF=expandable_segments:True to avoid fragmentation.  See documentation for Memory Management  (https://pytorch.org/docs/stable/notes/cuda.html#environment-variables)
",RuntimeError,cuda_oom,retry_default_with_allocator_then_low_sample_rescue
True,True,True,0.6.1,12.0,A:221:2.639;D:326:9.730;C:326:13.445;B:216:35.565,astex_diverse,cuda:0,4,0,,results/posebench_702_predictions/chai1_gpu/astex_diverse/1J3J_CP6/oracle_pocket_crop_s5_t200/inputs/1J3J_CP6_chai.fasta,external/PoseBench/data/astex_diverse_set/1J3J_CP6/1J3J_CP6_ligand.sdf,17,sanitized,CCc1nc(N)nc(N)c1-c1ccc(Cl)cc1,1280,chai1_gpu,1J3J_CP6,5.0,2,5.0,results/posebench_702_predictions/chai1_gpu/astex_diverse/1J3J_CP6/oracle_pocket_crop_s5_t200,True,<REMOTE_PROJECT_ROOT>/results/posebench_702_predictions/chai1_gpu/astex_diverse/1J3J_CP6/oracle_pocket_crop_s5_t200/predictions/pred.model_idx_0.cif;<REMOTE_PROJECT_ROOT>/results/posebench_702_predictions/chai1_gpu/astex_diverse/1J3J_CP6/oracle_pocket_crop_s5_t200/predictions/pred.model_idx_1.cif;<REMOTE_PROJECT_ROOT>/results/posebench_702_predictions/chai1_gpu/astex_diverse/1J3J_CP6/oracle_pocket_crop_s5_t200/predictions/pred.model_idx_2.cif;<REMOTE_PROJECT_ROOT>/results/posebench_702_predictions/chai1_gpu/astex_diverse/1J3J_CP6/oracle_pocket_crop_s5_t200/predictions/pred.model_idx_3.cif;<REMOTE_PROJECT_ROOT>/results/posebench_702_predictions/chai1_gpu/astex_diverse/1J3J_CP6/oracle_pocket_crop_s5_t200/predictions/pred.model_idx_4.cif,A:221;D:326,external/PoseBench/data/astex_diverse_set/1J3J_CP6/1J3J_CP6_protein.pdb,184.643,<REMOTE_PROJECT_ROOT>/results/posebench_702_predictions/chai1_gpu/astex_diverse/1J3J_CP6/oracle_pocket_crop_s5_t200/predictions/scores.model_idx_0.npz;<REMOTE_PROJECT_ROOT>/results/posebench_702_predictions/chai1_gpu/astex_diverse/1J3J_CP6/oracle_pocket_crop_s5_t200/predictions/scores.model_idx_1.npz;<REMOTE_PROJECT_ROOT>/results/posebench_702_predictions/chai1_gpu/astex_diverse/1J3J_CP6/oracle_pocket_crop_s5_t200/predictions/scores.model_idx_2.npz;<REMOTE_PROJECT_ROOT>/results/posebench_702_predictions/chai1_gpu/astex_diverse/1J3J_CP6/oracle_pocket_crop_s5_t200/predictions/scores.model_idx_3.npz;<REMOTE_PROJECT_ROOT>/results/posebench_702_predictions/chai1_gpu/astex_diverse/1J3J_CP6/oracle_pocket_crop_s5_t200/predictions/scores.model_idx_4.npz,A;D,547,ok,oracle_pocket_crop_s5_t200,True,results/posebench_702_predictions/chai1_gpu/astex_diverse/1J3J_CP6/oracle_pocket_crop_s5_t200/run_status.json,,,ok,manual_inspection
True,True,True,0.6.1,12.0,A:726:2.797;B:728:13.704,astex_diverse,cuda:0,5,0,,results/posebench_702_predictions/chai1_gpu/astex_diverse/1N1M_A3M/oracle_pocket_crop_s5_t200/inputs/1N1M_A3M_chai.fasta,external/PoseBench/data/astex_diverse_set/1N1M_A3M/1N1M_A3M_ligand.sdf,12,sanitized,CC(C)[C@H](N)C(=O)N1CCCC1,1280,chai1_gpu,1N1M_A3M,5.0,1,5.0,results/posebench_702_predictions/chai1_gpu/astex_diverse/1N1M_A3M/oracle_pocket_crop_s5_t200,True,<REMOTE_PROJECT_ROOT>/results/posebench_702_predictions/chai1_gpu/astex_diverse/1N1M_A3M/oracle_pocket_crop_s5_t200/predictions/pred.model_idx_0.cif;<REMOTE_PROJECT_ROOT>/results/posebench_702_predictions/chai1_gpu/astex_diverse/1N1M_A3M/oracle_pocket_crop_s5_t200/predictions/pred.model_idx_1.cif;<REMOTE_PROJECT_ROOT>/results/posebench_702_predictions/chai1_gpu/astex_diverse/1N1M_A3M/oracle_pocket_crop_s5_t200/predictions/pred.model_idx_2.cif;<REMOTE_PROJECT_ROOT>/results/posebench_702_predictions/chai1_gpu/astex_diverse/1N1M_A3M/oracle_pocket_crop_s5_t200/predictions/pred.model_idx_3.cif;<REMOTE_PROJECT_ROOT>/results/posebench_702_predictions/chai1_gpu/astex_diverse/1N1M_A3M/oracle_pocket_crop_s5_t200/predictions/pred.model_idx_4.cif,A:726,external/PoseBench/data/astex_diverse_set/1N1M_A3M/1N1M_A3M_protein.pdb,185.64,<REMOTE_PROJECT_ROOT>/results/posebench_702_predictions/chai1_gpu/astex_diverse/1N1M_A3M/oracle_pocket_crop_s5_t200/predictions/scores.model_idx_0.npz;<REMOTE_PROJECT_ROOT>/results/posebench_702_predictions/chai1_gpu/astex_diverse/1N1M_A3M/oracle_pocket_crop_s5_t200/predictions/scores.model_idx_1.npz;<REMOTE_PROJECT_ROOT>/results/posebench_702_predictions/chai1_gpu/astex_diverse/1N1M_A3M/oracle_pocket_crop_s5_t200/predictions/scores.model_idx_2.npz;<REMOTE_PROJECT_ROOT>/results/posebench_702_predictions/chai1_gpu/astex_diverse/1N1M_A3M/oracle_pocket_crop_s5_t200/predictions/scores.model_idx_3.npz;<REMOTE_PROJECT_ROOT>/results/posebench_702_predictions/chai1_gpu/astex_diverse/1N1M_A3M/oracle_pocket_crop_s5_t200/predictions/scores.model_idx_4.npz,A,726,ok,oracle_pocket_crop_s5_t200,True,results/posebench_702_predictions/chai1_gpu/astex_diverse/1N1M_A3M/oracle_pocket_crop_s5_t200/run_status.json,,,ok,manual_inspection
True,True,True,0.6.1,12.0,A:350:2.515;B:346:2.742;D:349:11.226;C:350:14.915;H:347:33.939;F:347:45.318;G:342:55.037;E:339:57.471,astex_diverse,,4,0,,results/posebench_702_predictions/chai1_gpu/astex_diverse/1OF6_DTY/oracle_pocket_crop_s5_t200/inputs/1OF6_DTY_chai.fasta,external/PoseBench/data/astex_diverse_set/1OF6_DTY/1OF6_DTY_ligand.sdf,13,sanitized,N[C@@H](Cc1ccc(O)cc1)C(=O)O,1280,chai1_gpu,1OF6_DTY,,3,,results/posebench_702_predictions/chai1_gpu/astex_diverse/1OF6_DTY/oracle_pocket_crop_s5_t200,True,,A:350;B:346;D:349,external/PoseBench/data/astex_diverse_set/1OF6_DTY/1OF6_DTY_protein.pdb,52.934,,A;B;D,1045,exception,oracle_pocket_crop_s5_t200,True,results/posebench_702_predictions/chai1_gpu/astex_diverse/1OF6_DTY/oracle_pocket_crop_s5_t200/run_status.json,"The following operation failed in the TorchScript interpreter.
Traceback of TorchScript (most recent call last):
  File ""code/__torch__/chai/model/af3/trunk.py"", line 136641, in forward_1536
    _54560 = torch.mul(element11600, CONSTANTS.c0)
    _54561 = torch.reshape(x6973, [_54557, _54559, int(_54560), 1, 1])
    _54562 = torch.masked_fill(v915, _54561, 0)
             ~~~~~~~~~~~~~~~~~ <--- HERE
    o364 = torch.einsum(""abcd,aedbf->aecbf"", [torch.to(_54546, 15), _54562])
    x6974 = torch.mul(g_sigm59, o364)
RuntimeError: CUDA out of memory. Tried to allocate 1.50 GiB. GPU 0 has a total capacity of 23.52 GiB of which 1.21 GiB is free. Including non-PyTorch memory, this process has 22.28 GiB memory in use. Of the allocated memory 21.75 GiB is allocated by PyTorch, and 111.92 MiB is reserved by PyTorch but unallocated. If reserved but unallocated memory is large try setting PYTORCH_CUDA_ALLOC_CONF=expandable_segments:True to avoid fragmentation.  See documentation for Memory Management  (https://pytorch.org/docs/stable/notes/cuda.html#environment-variables)
",RuntimeError,cuda_oom,retry_default_with_allocator_then_low_sample_rescue
True,True,True,0.6.1,12.0,F:243:2.650;E:243:3.320;A:243:14.471;B:243:18.594;D:243:22.430;C:243:28.725,astex_diverse,cuda:0,6,0,,results/posebench_702_predictions/chai1_gpu/astex_diverse/1Q1G_MTI/oracle_pocket_crop_s5_t200/inputs/1Q1G_MTI_chai.fasta,external/PoseBench/data/astex_diverse_set/1Q1G_MTI/1Q1G_MTI_ligand.sdf,20,sanitized,CSC[C@H]1[NH2+][C@@H](c2c[nH]c3c(=O)[nH]cnc23)[C@H](O)[C@@H]1O,1280,chai1_gpu,1Q1G_MTI,5.0,2,5.0,results/posebench_702_predictions/chai1_gpu/astex_diverse/1Q1G_MTI/oracle_pocket_crop_s5_t200,True,<REMOTE_PROJECT_ROOT>/results/posebench_702_predictions/chai1_gpu/astex_diverse/1Q1G_MTI/oracle_pocket_crop_s5_t200/predictions/pred.model_idx_0.cif;<REMOTE_PROJECT_ROOT>/results/posebench_702_predictions/chai1_gpu/astex_diverse/1Q1G_MTI/oracle_pocket_crop_s5_t200/predictions/pred.model_idx_1.cif;<REMOTE_PROJECT_ROOT>/results/posebench_702_predictions/chai1_gpu/astex_diverse/1Q1G_MTI/oracle_pocket_crop_s5_t200/predictions/pred.model_idx_2.cif;<REMOTE_PROJECT_ROOT>/results/posebench_702_predictions/chai1_gpu/astex_diverse/1Q1G_MTI/oracle_pocket_crop_s5_t200/predictions/pred.model_idx_3.cif;<REMOTE_PROJECT_ROOT>/results/posebench_702_predictions/chai1_gpu/astex_diverse/1Q1G_MTI/oracle_pocket_crop_s5_t200/predictions/pred.model_idx_4.cif,E:243;F:243,external/PoseBench/data/astex_diverse_set/1Q1G_MTI/1Q1G_MTI_protein.pdb,119.637,<REMOTE_PROJECT_ROOT>/results/posebench_702_predictions/chai1_gpu/astex_diverse/1Q1G_MTI/oracle_pocket_crop_s5_t200/predictions/scores.model_idx_0.npz;<REMOTE_PROJECT_ROOT>/results/posebench_702_predictions/chai1_gpu/astex_diverse/1Q1G_MTI/oracle_pocket_crop_s5_t200/predictions/scores.model_idx_1.npz;<REMOTE_PROJECT_ROOT>/results/posebench_702_predictions/chai1_gpu/astex_diverse/1Q1G_MTI/oracle_pocket_crop_s5_t200/predictions/scores.model_idx_2.npz;<REMOTE_PROJECT_ROOT>/results/posebench_702_predictions/chai1_gpu/astex_diverse/1Q1G_MTI/oracle_pocket_crop_s5_t200/predictions/scores.model_idx_3.npz;<REMOTE_PROJECT_ROOT>/results/posebench_702_predictions/chai1_gpu/astex_diverse/1Q1G_MTI/oracle_pocket_crop_s5_t200/predictions/scores.model_idx_4.npz,E;F,486,ok,oracle_pocket_crop_s5_t200,True,results/posebench_702_predictions/chai1_gpu/astex_diverse/1Q1G_MTI/oracle_pocket_crop_s5_t200/run_status.json,,,ok,manual_inspection
True,True,True,0.6.1,12.0,B:553:2.626;A:553:18.362,astex_diverse,cuda:0,7,0,,results/posebench_702_predictions/chai1_gpu/astex_diverse/1Q4G_BFL/oracle_pocket_crop_s5_t200/inputs/1Q4G_BFL_chai.fasta,external/PoseBench/data/astex_diverse_set/1Q4G_BFL/1Q4G_BFL_ligand.sdf,17,sanitized,C[C@H](C(=O)O)c1ccc(-c2ccccc2)cc1,1280,chai1_gpu,1Q4G_BFL,5.0,1,5.0,results/posebench_702_predictions/chai1_gpu/astex_diverse/1Q4G_BFL/oracle_pocket_crop_s5_t200,True,<REMOTE_PROJECT_ROOT>/results/posebench_702_predictions/chai1_gpu/astex_diverse/1Q4G_BFL/oracle_pocket_crop_s5_t200/predictions/pred.model_idx_0.cif;<REMOTE_PROJECT_ROOT>/results/posebench_702_predictions/chai1_gpu/astex_diverse/1Q4G_BFL/oracle_pocket_crop_s5_t200/predictions/pred.model_idx_1.cif;<REMOTE_PROJECT_ROOT>/results/posebench_702_predictions/chai1_gpu/astex_diverse/1Q4G_BFL/oracle_pocket_crop_s5_t200/predictions/pred.model_idx_2.cif;<REMOTE_PROJECT_ROOT>/results/posebench_702_predictions/chai1_gpu/astex_diverse/1Q4G_BFL/oracle_pocket_crop_s5_t200/predictions/pred.model_idx_3.cif;<REMOTE_PROJECT_ROOT>/results/posebench_702_predictions/chai1_gpu/astex_diverse/1Q4G_BFL/oracle_pocket_crop_s5_t200/predictions/pred.model_idx_4.cif,B:553,external/PoseBench/data/astex_diverse_set/1Q4G_BFL/1Q4G_BFL_protein.pdb,182.053,<REMOTE_PROJECT_ROOT>/results/posebench_702_predictions/chai1_gpu/astex_diverse/1Q4G_BFL/oracle_pocket_crop_s5_t200/predictions/scores.model_idx_0.npz;<REMOTE_PROJECT_ROOT>/results/posebench_702_predictions/chai1_gpu/astex_diverse/1Q4G_BFL/oracle_pocket_crop_s5_t200/predictions/scores.model_idx_1.npz;<REMOTE_PROJECT_ROOT>/results/posebench_702_predictions/chai1_gpu/astex_diverse/1Q4G_BFL/oracle_pocket_crop_s5_t200/predictions/scores.model_idx_2.npz;<REMOTE_PROJECT_ROOT>/results/posebench_702_predictions/chai1_gpu/astex_diverse/1Q4G_BFL/oracle_pocket_crop_s5_t200/predictions/scores.model_idx_3.npz;<REMOTE_PROJECT_ROOT>/results/posebench_702_predictions/chai1_gpu/astex_diverse/1Q4G_BFL/oracle_pocket_crop_s5_t200/predictions/scores.model_idx_4.npz,B,553,ok,oracle_pocket_crop_s5_t200,True,results/posebench_702_predictions/chai1_gpu/astex_diverse/1Q4G_BFL/oracle_pocket_crop_s5_t200/run_status.json,,,ok,manual_inspection
True,True,True,0.6.1,12.0,A:302:2.627;C:298:8.547;B:302:18.478;D:304:18.835,astex_diverse,cuda:0,3,0,,results/posebench_702_predictions/chai1_gpu/astex_diverse/1SQ5_PAU/oracle_pocket_crop_s5_t200/inputs/1SQ5_PAU_chai.fasta,external/PoseBench/data/astex_diverse_set/1SQ5_PAU/1SQ5_PAU_ligand.sdf,15,sanitized,CC(C)(CO)[C@@H](O)C(=O)NCCC(=O)O,1280,chai1_gpu,1SQ5_PAU,5.0,2,5.0,results/posebench_702_predictions/chai1_gpu/astex_diverse/1SQ5_PAU/oracle_pocket_crop_s5_t200,True,<REMOTE_PROJECT_ROOT>/results/posebench_702_predictions/chai1_gpu/astex_diverse/1SQ5_PAU/oracle_pocket_crop_s5_t200/predictions/pred.model_idx_0.cif;<REMOTE_PROJECT_ROOT>/results/posebench_702_predictions/chai1_gpu/astex_diverse/1SQ5_PAU/oracle_pocket_crop_s5_t200/predictions/pred.model_idx_1.cif;<REMOTE_PROJECT_ROOT>/results/posebench_702_predictions/chai1_gpu/astex_diverse/1SQ5_PAU/oracle_pocket_crop_s5_t200/predictions/pred.model_idx_2.cif;<REMOTE_PROJECT_ROOT>/results/posebench_702_predictions/chai1_gpu/astex_diverse/1SQ5_PAU/oracle_pocket_crop_s5_t200/predictions/pred.model_idx_3.cif;<REMOTE_PROJECT_ROOT>/results/posebench_702_predictions/chai1_gpu/astex_diverse/1SQ5_PAU/oracle_pocket_crop_s5_t200/predictions/pred.model_idx_4.cif,A:302;C:298,external/PoseBench/data/astex_diverse_set/1SQ5_PAU/1SQ5_PAU_protein.pdb,181.238,<REMOTE_PROJECT_ROOT>/results/posebench_702_predictions/chai1_gpu/astex_diverse/1SQ5_PAU/oracle_pocket_crop_s5_t200/predictions/scores.model_idx_0.npz;<REMOTE_PROJECT_ROOT>/results/posebench_702_predictions/chai1_gpu/astex_diverse/1SQ5_PAU/oracle_pocket_crop_s5_t200/predictions/scores.model_idx_1.npz;<REMOTE_PROJECT_ROOT>/results/posebench_702_predictions/chai1_gpu/astex_diverse/1SQ5_PAU/oracle_pocket_crop_s5_t200/predictions/scores.model_idx_2.npz;<REMOTE_PROJECT_ROOT>/results/posebench_702_predictions/chai1_gpu/astex_diverse/1SQ5_PAU/oracle_pocket_crop_s5_t200/predictions/scores.model_idx_3.npz;<REMOTE_PROJECT_ROOT>/results/posebench_702_predictions/chai1_gpu/astex_diverse/1SQ5_PAU/oracle_pocket_crop_s5_t200/predictions/scores.model_idx_4.npz,A;C,600,ok,oracle_pocket_crop_s5_t200,True,results/posebench_702_predictions/chai1_gpu/astex_diverse/1SQ5_PAU/oracle_pocket_crop_s5_t200/run_status.json,,,ok,manual_inspection
True,True,True,0.6.1,12.0,B:595:2.864;A:583:3.317,astex_diverse,,6,0,,results/posebench_702_predictions/chai1_gpu/astex_diverse/1T9B_1CS/oracle_pocket_crop_s5_t200/inputs/1T9B_1CS_chai.fasta,external/PoseBench/data/astex_diverse_set/1T9B_1CS/1T9B_1CS_ligand.sdf,23,sanitized,COc1nc(C)nc(NC(=O)NS(=O)(=O)c2ccccc2Cl)n1,1280,chai1_gpu,1T9B_1CS,,2,,results/posebench_702_predictions/chai1_gpu/astex_diverse/1T9B_1CS/oracle_pocket_crop_s5_t200,True,,A:583;B:595,external/PoseBench/data/astex_diverse_set/1T9B_1CS/1T9B_1CS_protein.pdb,49.551,,A;B,1178,exception,oracle_pocket_crop_s5_t200,True,results/posebench_702_predictions/chai1_gpu/astex_diverse/1T9B_1CS/oracle_pocket_crop_s5_t200/run_status.json,"The following operation failed in the TorchScript interpreter.
Traceback of TorchScript (most recent call last):
  File ""code/__torch__/chai/model/af3/trunk.py"", line 136641, in forward_1536
    _54560 = torch.mul(element11600, CONSTANTS.c0)
    _54561 = torch.reshape(x6973, [_54557, _54559, int(_54560), 1, 1])
    _54562 = torch.masked_fill(v915, _54561, 0)
             ~~~~~~~~~~~~~~~~~ <--- HERE
    o364 = torch.einsum(""abcd,aedbf->aecbf"", [torch.to(_54546, 15), _54562])
    x6974 = torch.mul(g_sigm59, o364)
RuntimeError: CUDA out of memory. Tried to allocate 1.50 GiB. GPU 0 has a total capacity of 23.52 GiB of which 1.20 GiB is free. Including non-PyTorch memory, this process has 22.30 GiB memory in use. Of the allocated memory 21.75 GiB is allocated by PyTorch, and 131.92 MiB is reserved by PyTorch but unallocated. If reserved but unallocated memory is large try setting PYTORCH_CUDA_ALLOC_CONF=expandable_segments:True to avoid fragmentation.  See documentation for Memory Management  (https://pytorch.org/docs/stable/notes/cuda.html#environment-variables)
",RuntimeError,cuda_oom,retry_default_with_allocator_then_low_sample_rescue
True,True,True,0.6.1,12.0,F:250:2.661;E:251:2.687;B:251:15.535;A:253:17.507;D:242:21.464;C:250:31.132,astex_diverse,cuda:0,1,0,,results/posebench_702_predictions/chai1_gpu/astex_diverse/1U1C_BAU/oracle_pocket_crop_s5_t200/inputs/1U1C_BAU_chai.fasta,external/PoseBench/data/astex_diverse_set/1U1C_BAU/1U1C_BAU_ligand.sdf,20,sanitized,O=c1[nH]c(=O)n(COCCO)cc1Cc1ccccc1,1280,chai1_gpu,1U1C_BAU,5.0,2,5.0,results/posebench_702_predictions/chai1_gpu/astex_diverse/1U1C_BAU/oracle_pocket_crop_s5_t200,True,<REMOTE_PROJECT_ROOT>/results/posebench_702_predictions/chai1_gpu/astex_diverse/1U1C_BAU/oracle_pocket_crop_s5_t200/predictions/pred.model_idx_0.cif;<REMOTE_PROJECT_ROOT>/results/posebench_702_predictions/chai1_gpu/astex_diverse/1U1C_BAU/oracle_pocket_crop_s5_t200/predictions/pred.model_idx_1.cif;<REMOTE_PROJECT_ROOT>/results/posebench_702_predictions/chai1_gpu/astex_diverse/1U1C_BAU/oracle_pocket_crop_s5_t200/predictions/pred.model_idx_2.cif;<REMOTE_PROJECT_ROOT>/results/posebench_702_predictions/chai1_gpu/astex_diverse/1U1C_BAU/oracle_pocket_crop_s5_t200/predictions/pred.model_idx_3.cif;<REMOTE_PROJECT_ROOT>/results/posebench_702_predictions/chai1_gpu/astex_diverse/1U1C_BAU/oracle_pocket_crop_s5_t200/predictions/pred.model_idx_4.cif,E:251;F:250,external/PoseBench/data/astex_diverse_set/1U1C_BAU/1U1C_BAU_protein.pdb,180.069,<REMOTE_PROJECT_ROOT>/results/posebench_702_predictions/chai1_gpu/astex_diverse/1U1C_BAU/oracle_pocket_crop_s5_t200/predictions/scores.model_idx_0.npz;<REMOTE_PROJECT_ROOT>/results/posebench_702_predictions/chai1_gpu/astex_diverse/1U1C_BAU/oracle_pocket_crop_s5_t200/predictions/scores.model_idx_1.npz;<REMOTE_PROJECT_ROOT>/results/posebench_702_predictions/chai1_gpu/astex_diverse/1U1C_BAU/oracle_pocket_crop_s5_t200/predictions/scores.model_idx_2.npz;<REMOTE_PROJECT_ROOT>/results/posebench_702_predictions/chai1_gpu/astex_diverse/1U1C_BAU/oracle_pocket_crop_s5_t200/predictions/scores.model_idx_3.npz;<REMOTE_PROJECT_ROOT>/results/posebench_702_predictions/chai1_gpu/astex_diverse/1U1C_BAU/oracle_pocket_crop_s5_t200/predictions/scores.model_idx_4.npz,E;F,501,ok,oracle_pocket_crop_s5_t200,True,results/posebench_702_predictions/chai1_gpu/astex_diverse/1U1C_BAU/oracle_pocket_crop_s5_t200/run_status.json,,,ok,manual_inspection
True,True,True,0.6.1,12.0,A:539:2.578;B:539:3.515,dockgen,,4,0,,results/posebench_702_predictions/chai1_gpu/dockgen/1pj2_1_FUM_0/oracle_pocket_crop_s5_t200/inputs/1pj2_1_FUM_0_chai.fasta,external/PoseBench/data/dockgen_set/1pj2_1_FUM_0/1pj2_1_FUM_0_ligand.pdb,8,sanitized,OC(O)CCC(O)O,1280,chai1_gpu,1pj2_1_FUM_0,,2,,results/posebench_702_predictions/chai1_gpu/dockgen/1pj2_1_FUM_0/oracle_pocket_crop_s5_t200,True,,A:539;B:539,external/PoseBench/data/dockgen_set/1pj2_1_FUM_0/1pj2_1_FUM_0_protein_processed.pdb,50.634,,A;B,1078,exception,oracle_pocket_crop_s5_t200,True,results/posebench_702_predictions/chai1_gpu/dockgen/1pj2_1_FUM_0/oracle_pocket_crop_s5_t200/run_status.json,"The following operation failed in the TorchScript interpreter.
Traceback of TorchScript (most recent call last):
  File ""code/__torch__/chai/model/af3/trunk.py"", line 136641, in forward_1536
    _54560 = torch.mul(element11600, CONSTANTS.c0)
    _54561 = torch.reshape(x6973, [_54557, _54559, int(_54560), 1, 1])
    _54562 = torch.masked_fill(v915, _54561, 0)
             ~~~~~~~~~~~~~~~~~ <--- HERE
    o364 = torch.einsum(""abcd,aedbf->aecbf"", [torch.to(_54546, 15), _54562])
    x6974 = torch.mul(g_sigm59, o364)
RuntimeError: CUDA out of memory. Tried to allocate 1.50 GiB. GPU 0 has a total capacity of 23.52 GiB of which 1.20 GiB is free. Including non-PyTorch memory, this process has 22.30 GiB memory in use. Of the allocated memory 21.75 GiB is allocated by PyTorch, and 131.92 MiB is reserved by PyTorch but unallocated. If reserved but unallocated memory is large try setting PYTORCH_CUDA_ALLOC_CONF=expandable_segments:True to avoid fragmentation.  See documentation for Memory Management  (https://pytorch.org/docs/stable/notes/cuda.html#environment-variables)
",RuntimeError,cuda_oom,retry_default_with_allocator_then_low_sample_rescue
True,True,True,0.6.1,12.0,B:538:2.539;A:538:3.620,dockgen,,5,0,,results/posebench_702_predictions/chai1_gpu/dockgen/1pj4_1_FUM_1/oracle_pocket_crop_s5_t200/inputs/1pj4_1_FUM_1_chai.fasta,external/PoseBench/data/dockgen_set/1pj4_1_FUM_1/1pj4_1_FUM_1_ligand.pdb,8,sanitized,OC(O)CCC(O)O,1280,chai1_gpu,1pj4_1_FUM_1,,2,,results/posebench_702_predictions/chai1_gpu/dockgen/1pj4_1_FUM_1/oracle_pocket_crop_s5_t200,True,,A:538;B:538,external/PoseBench/data/dockgen_set/1pj4_1_FUM_1/1pj4_1_FUM_1_protein_processed.pdb,48.298,,A;B,1076,exception,oracle_pocket_crop_s5_t200,True,results/posebench_702_predictions/chai1_gpu/dockgen/1pj4_1_FUM_1/oracle_pocket_crop_s5_t200/run_status.json,"The following operation failed in the TorchScript interpreter.
Traceback of TorchScript (most recent call last):
  File ""code/__torch__/chai/model/af3/trunk.py"", line 136641, in forward_1536
    _54560 = torch.mul(element11600, CONSTANTS.c0)
    _54561 = torch.reshape(x6973, [_54557, _54559, int(_54560), 1, 1])
    _54562 = torch.masked_fill(v915, _54561, 0)
             ~~~~~~~~~~~~~~~~~ <--- HERE
    o364 = torch.einsum(""abcd,aedbf->aecbf"", [torch.to(_54546, 15), _54562])
    x6974 = torch.mul(g_sigm59, o364)
RuntimeError: CUDA out of memory. Tried to allocate 1.50 GiB. GPU 0 has a total capacity of 23.52 GiB of which 1.20 GiB is free. Including non-PyTorch memory, this process has 22.30 GiB memory in use. Of the allocated memory 21.75 GiB is allocated by PyTorch, and 131.92 MiB is reserved by PyTorch but unallocated. If reserved but unallocated memory is large try setting PYTORCH_CUDA_ALLOC_CONF=expandable_segments:True to avoid fragmentation.  See documentation for Memory Management  (https://pytorch.org/docs/stable/notes/cuda.html#environment-variables)
",RuntimeError,cuda_oom,retry_default_with_allocator_then_low_sample_rescue
True,True,True,0.6.1,12.0,B:1296:2.643,dockgen,,7,0,,results/posebench_702_predictions/chai1_gpu/dockgen/1v97_1_MTE_1/oracle_pocket_crop_s5_t200/inputs/1v97_1_MTE_1_chai.fasta,external/PoseBench/data/dockgen_set/1v97_1_MTE_1/1v97_1_MTE_1_ligand.pdb,24,sanitized,NC1NC(O)[C@@H]2N[C@H]3C(S)C(S)[C@@H](CO[PH](O)(O)O)O[C@H]3NC2N1,1280,chai1_gpu,1v97_1_MTE_1,,1,,results/posebench_702_predictions/chai1_gpu/dockgen/1v97_1_MTE_1/oracle_pocket_crop_s5_t200,True,,B:1296,external/PoseBench/data/dockgen_set/1v97_1_MTE_1/1v97_1_MTE_1_protein_processed.pdb,49.208,,B,1296,exception,oracle_pocket_crop_s5_t200,True,results/posebench_702_predictions/chai1_gpu/dockgen/1v97_1_MTE_1/oracle_pocket_crop_s5_t200/run_status.json,"The following operation failed in the TorchScript interpreter.
Traceback of TorchScript (most recent call last):
  File ""code/__torch__/chai/model/af3/trunk.py"", line 136641, in forward_1536
    _54560 = torch.mul(element11600, CONSTANTS.c0)
    _54561 = torch.reshape(x6973, [_54557, _54559, int(_54560), 1, 1])
    _54562 = torch.masked_fill(v915, _54561, 0)
             ~~~~~~~~~~~~~~~~~ <--- HERE
    o364 = torch.einsum(""abcd,aedbf->aecbf"", [torch.to(_54546, 15), _54562])
    x6974 = torch.mul(g_sigm59, o364)
RuntimeError: CUDA out of memory. Tried to allocate 1.50 GiB. GPU 0 has a total capacity of 23.52 GiB of which 1.20 GiB is free. Including non-PyTorch memory, this process has 22.30 GiB memory in use. Of the allocated memory 21.75 GiB is allocated by PyTorch, and 131.92 MiB is reserved by PyTorch but unallocated. If reserved but unallocated memory is large try setting PYTORCH_CUDA_ALLOC_CONF=expandable_segments:True to avoid fragmentation.  See documentation for Memory Management  (https://pytorch.org/docs/stable/notes/cuda.html#environment-variables)
",RuntimeError,cuda_oom,retry_default_with_allocator_then_low_sample_rescue
True,True,True,0.6.1,12.0,A:1289:2.731,dockgen,,6,0,,results/posebench_702_predictions/chai1_gpu/dockgen/3uni_1_SAL_0/oracle_pocket_crop_s5_t200/inputs/3uni_1_SAL_0_chai.fasta,external/PoseBench/data/dockgen_set/3uni_1_SAL_0/3uni_1_SAL_0_ligand.pdb,10,sanitized,OC(O)C1CCCCC1O,1280,chai1_gpu,3uni_1_SAL_0,,1,,results/posebench_702_predictions/chai1_gpu/dockgen/3uni_1_SAL_0/oracle_pocket_crop_s5_t200,True,,A:1289,external/PoseBench/data/dockgen_set/3uni_1_SAL_0/3uni_1_SAL_0_protein_processed.pdb,48.568,,A,1289,exception,oracle_pocket_crop_s5_t200,True,results/posebench_702_predictions/chai1_gpu/dockgen/3uni_1_SAL_0/oracle_pocket_crop_s5_t200/run_status.json,"The following operation failed in the TorchScript interpreter.
Traceback of TorchScript (most recent call last):
  File ""code/__torch__/chai/model/af3/trunk.py"", line 136641, in forward_1536
    _54560 = torch.mul(element11600, CONSTANTS.c0)
    _54561 = torch.reshape(x6973, [_54557, _54559, int(_54560), 1, 1])
    _54562 = torch.masked_fill(v915, _54561, 0)
             ~~~~~~~~~~~~~~~~~ <--- HERE
    o364 = torch.einsum(""abcd,aedbf->aecbf"", [torch.to(_54546, 15), _54562])
    x6974 = torch.mul(g_sigm59, o364)
RuntimeError: CUDA out of memory. Tried to allocate 1.50 GiB. GPU 0 has a total capacity of 23.52 GiB of which 1.20 GiB is free. Including non-PyTorch memory, this process has 22.30 GiB memory in use. Of the allocated memory 21.75 GiB is allocated by PyTorch, and 131.92 MiB is reserved by PyTorch but unallocated. If reserved but unallocated memory is large try setting PYTORCH_CUDA_ALLOC_CONF=expandable_segments:True to avoid fragmentation.  See documentation for Memory Management  (https://pytorch.org/docs/stable/notes/cuda.html#environment-variables)
",RuntimeError,cuda_oom,retry_default_with_allocator_then_low_sample_rescue
True,True,True,0.6.1,12.0,C:552:2.324;D:550:6.024,dockgen,,3,0,,results/posebench_702_predictions/chai1_gpu/dockgen/4bc9_1_CNV-FAD_0/oracle_pocket_crop_s5_t200/inputs/4bc9_1_CNV-FAD_0_chai.fasta,external/PoseBench/data/dockgen_set/4bc9_1_CNV-FAD_0/4bc9_1_CNV-FAD_0_ligand.pdb,57,sanitized,CC1CC2[C@H](CC1C)N(C(C)CN)C1C(O)NC(O)NC1N2C[C@H](O)[C@H](O)[C@H](O)CO[PH](O)(O)O[PH](O)(O)OC[C@H]1O[C@@H](N2CNC3C(N)NCN[C@H]32)[C@H](O)[C@@H]1O,1280,chai1_gpu,4bc9_1_CNV-FAD_0,,2,,results/posebench_702_predictions/chai1_gpu/dockgen/4bc9_1_CNV-FAD_0/oracle_pocket_crop_s5_t200,True,,C:552;D:550,external/PoseBench/data/dockgen_set/4bc9_1_CNV-FAD_0/4bc9_1_CNV-FAD_0_protein_processed.pdb,52.743,,C;D,1102,exception,oracle_pocket_crop_s5_t200,True,results/posebench_702_predictions/chai1_gpu/dockgen/4bc9_1_CNV-FAD_0/oracle_pocket_crop_s5_t200/run_status.json,"The following operation failed in the TorchScript interpreter.
Traceback of TorchScript (most recent call last):
  File ""code/__torch__/chai/model/af3/trunk.py"", line 136641, in forward_1536
    _54560 = torch.mul(element11600, CONSTANTS.c0)
    _54561 = torch.reshape(x6973, [_54557, _54559, int(_54560), 1, 1])
    _54562 = torch.masked_fill(v915, _54561, 0)
             ~~~~~~~~~~~~~~~~~ <--- HERE
    o364 = torch.einsum(""abcd,aedbf->aecbf"", [torch.to(_54546, 15), _54562])
    x6974 = torch.mul(g_sigm59, o364)
RuntimeError: CUDA out of memory. Tried to allocate 1.50 GiB. GPU 0 has a total capacity of 23.52 GiB of which 1.20 GiB is free. Including non-PyTorch memory, this process has 22.30 GiB memory in use. Of the allocated memory 21.75 GiB is allocated by PyTorch, and 131.92 MiB is reserved by PyTorch but unallocated. If reserved but unallocated memory is large try setting PYTORCH_CUDA_ALLOC_CONF=expandable_segments:True to avoid fragmentation.  See documentation for Memory Management  (https://pytorch.org/docs/stable/notes/cuda.html#environment-variables)
",RuntimeError,cuda_oom,retry_default_with_allocator_then_low_sample_rescue
True,True,True,0.6.1,12.0,A:1028:2.570,dockgen,,4,0,,results/posebench_702_predictions/chai1_gpu/dockgen/4tvd_1_BGC_4/oracle_pocket_crop_s5_t200/inputs/4tvd_1_BGC_4_chai.fasta,external/PoseBench/data/dockgen_set/4tvd_1_BGC_4/4tvd_1_BGC_4_ligand.pdb,12,sanitized,OC[C@H]1O[C@@H](O)[C@H](O)[C@@H](O)[C@@H]1O,1280,chai1_gpu,4tvd_1_BGC_4,,1,,results/posebench_702_predictions/chai1_gpu/dockgen/4tvd_1_BGC_4/oracle_pocket_crop_s5_t200,True,,A:1028,external/PoseBench/data/dockgen_set/4tvd_1_BGC_4/4tvd_1_BGC_4_protein_processed.pdb,49.23,,A,1028,exception,oracle_pocket_crop_s5_t200,True,results/posebench_702_predictions/chai1_gpu/dockgen/4tvd_1_BGC_4/oracle_pocket_crop_s5_t200/run_status.json,"The following operation failed in the TorchScript interpreter.
Traceback of TorchScript (most recent call last):
  File ""code/__torch__/chai/model/af3/trunk.py"", line 136641, in forward_1536
    _54560 = torch.mul(element11600, CONSTANTS.c0)
    _54561 = torch.reshape(x6973, [_54557, _54559, int(_54560), 1, 1])
    _54562 = torch.masked_fill(v915, _54561, 0)
             ~~~~~~~~~~~~~~~~~ <--- HERE
    o364 = torch.einsum(""abcd,aedbf->aecbf"", [torch.to(_54546, 15), _54562])
    x6974 = torch.mul(g_sigm59, o364)
RuntimeError: CUDA out of memory. Tried to allocate 1.50 GiB. GPU 0 has a total capacity of 23.52 GiB of which 1.20 GiB is free. Including non-PyTorch memory, this process has 22.30 GiB memory in use. Of the allocated memory 21.75 GiB is allocated by PyTorch, and 131.92 MiB is reserved by PyTorch but unallocated. If reserved but unallocated memory is large try setting PYTORCH_CUDA_ALLOC_CONF=expandable_segments:True to avoid fragmentation.  See documentation for Memory Management  (https://pytorch.org/docs/stable/notes/cuda.html#environment-variables)
",RuntimeError,cuda_oom,retry_default_with_allocator_then_low_sample_rescue
True,True,True,0.6.1,12.0,A:1028:2.688,dockgen,,5,0,,results/posebench_702_predictions/chai1_gpu/dockgen/4tvd_1_GLC_0/oracle_pocket_crop_s5_t200/inputs/4tvd_1_GLC_0_chai.fasta,external/PoseBench/data/dockgen_set/4tvd_1_GLC_0/4tvd_1_GLC_0_ligand.pdb,12,sanitized,OC[C@H]1O[C@H](O)[C@H](O)[C@@H](O)[C@@H]1O,1280,chai1_gpu,4tvd_1_GLC_0,,1,,results/posebench_702_predictions/chai1_gpu/dockgen/4tvd_1_GLC_0/oracle_pocket_crop_s5_t200,True,,A:1028,external/PoseBench/data/dockgen_set/4tvd_1_GLC_0/4tvd_1_GLC_0_protein_processed.pdb,50.05,,A,1028,exception,oracle_pocket_crop_s5_t200,True,results/posebench_702_predictions/chai1_gpu/dockgen/4tvd_1_GLC_0/oracle_pocket_crop_s5_t200/run_status.json,"The following operation failed in the TorchScript interpreter.
Traceback of TorchScript (most recent call last):
  File ""code/__torch__/chai/model/af3/trunk.py"", line 136641, in forward_1536
    _54560 = torch.mul(element11600, CONSTANTS.c0)
    _54561 = torch.reshape(x6973, [_54557, _54559, int(_54560), 1, 1])
    _54562 = torch.masked_fill(v915, _54561, 0)
             ~~~~~~~~~~~~~~~~~ <--- HERE
    o364 = torch.einsum(""abcd,aedbf->aecbf"", [torch.to(_54546, 15), _54562])
    x6974 = torch.mul(g_sigm59, o364)
RuntimeError: CUDA out of memory. Tried to allocate 1.50 GiB. GPU 0 has a total capacity of 23.52 GiB of which 1.20 GiB is free. Including non-PyTorch memory, this process has 22.30 GiB memory in use. Of the allocated memory 21.75 GiB is allocated by PyTorch, and 131.92 MiB is reserved by PyTorch but unallocated. If reserved but unallocated memory is large try setting PYTORCH_CUDA_ALLOC_CONF=expandable_segments:True to avoid fragmentation.  See documentation for Memory Management  (https://pytorch.org/docs/stable/notes/cuda.html#environment-variables)
",RuntimeError,cuda_oom,retry_default_with_allocator_then_low_sample_rescue
True,True,True,0.6.1,12.0,C:354:2.466;B:355:3.431;D:356:7.929,dockgen,,7,0,,results/posebench_702_predictions/chai1_gpu/dockgen/5dnc_1_ASN_2/oracle_pocket_crop_s5_t200/inputs/5dnc_1_ASN_2_chai.fasta,external/PoseBench/data/dockgen_set/5dnc_1_ASN_2/5dnc_1_ASN_2_ligand.pdb,9,sanitized,NC(O)C[C@H](N)C(O)O,1280,chai1_gpu,5dnc_1_ASN_2,,3,,results/posebench_702_predictions/chai1_gpu/dockgen/5dnc_1_ASN_2/oracle_pocket_crop_s5_t200,True,,B:355;C:354;D:356,external/PoseBench/data/dockgen_set/5dnc_1_ASN_2/5dnc_1_ASN_2_protein_processed.pdb,58.893,,B;C;D,1065,exception,oracle_pocket_crop_s5_t200,True,results/posebench_702_predictions/chai1_gpu/dockgen/5dnc_1_ASN_2/oracle_pocket_crop_s5_t200/run_status.json,"The following operation failed in the TorchScript interpreter.
Traceback of TorchScript (most recent call last):
  File ""code/__torch__/chai/model/af3/trunk.py"", line 136641, in forward_1536
    _54560 = torch.mul(element11600, CONSTANTS.c0)
    _54561 = torch.reshape(x6973, [_54557, _54559, int(_54560), 1, 1])
    _54562 = torch.masked_fill(v915, _54561, 0)
             ~~~~~~~~~~~~~~~~~ <--- HERE
    o364 = torch.einsum(""abcd,aedbf->aecbf"", [torch.to(_54546, 15), _54562])
    x6974 = torch.mul(g_sigm59, o364)
RuntimeError: CUDA out of memory. Tried to allocate 1.50 GiB. GPU 0 has a total capacity of 23.52 GiB of which 1.21 GiB is free. Including non-PyTorch memory, this process has 22.28 GiB memory in use. Of the allocated memory 21.75 GiB is allocated by PyTorch, and 111.92 MiB is reserved by PyTorch but unallocated. If reserved but unallocated memory is large try setting PYTORCH_CUDA_ALLOC_CONF=expandable_segments:True to avoid fragmentation.  See documentation for Memory Management  (https://pytorch.org/docs/stable/notes/cuda.html#environment-variables)
",RuntimeError,cuda_oom,retry_default_with_allocator_then_low_sample_rescue
True,True,True,0.6.1,12.0,A:141:2.804,dockgen,cuda:0,5,0,,results/posebench_702_predictions/chai1_gpu/dockgen/6nco_1_KQP_0/oracle_pocket_crop_s5_t200/inputs/6nco_1_KQP_0_chai.fasta,external/PoseBench/data/dockgen_set/6nco_1_KQP_0/6nco_1_KQP_0_ligand.pdb,24,unsanitized_fallback,CC(C)(O)C1CCC([C@H]2CC(Cl)C[C@@H](C34(C(N)N)CC3C4)C2)CC1,1280,chai1_gpu,6nco_1_KQP_0,5.0,1,5.0,results/posebench_702_predictions/chai1_gpu/dockgen/6nco_1_KQP_0/oracle_pocket_crop_s5_t200,True,<REMOTE_PROJECT_ROOT>/results/posebench_702_predictions/chai1_gpu/dockgen/6nco_1_KQP_0/oracle_pocket_crop_s5_t200/predictions/pred.model_idx_0.cif;<REMOTE_PROJECT_ROOT>/results/posebench_702_predictions/chai1_gpu/dockgen/6nco_1_KQP_0/oracle_pocket_crop_s5_t200/predictions/pred.model_idx_1.cif;<REMOTE_PROJECT_ROOT>/results/posebench_702_predictions/chai1_gpu/dockgen/6nco_1_KQP_0/oracle_pocket_crop_s5_t200/predictions/pred.model_idx_2.cif;<REMOTE_PROJECT_ROOT>/results/posebench_702_predictions/chai1_gpu/dockgen/6nco_1_KQP_0/oracle_pocket_crop_s5_t200/predictions/pred.model_idx_3.cif;<REMOTE_PROJECT_ROOT>/results/posebench_702_predictions/chai1_gpu/dockgen/6nco_1_KQP_0/oracle_pocket_crop_s5_t200/predictions/pred.model_idx_4.cif,A:141,external/PoseBench/data/dockgen_set/6nco_1_KQP_0/6nco_1_KQP_0_protein_processed.pdb,62.12,<REMOTE_PROJECT_ROOT>/results/posebench_702_predictions/chai1_gpu/dockgen/6nco_1_KQP_0/oracle_pocket_crop_s5_t200/predictions/scores.model_idx_0.npz;<REMOTE_PROJECT_ROOT>/results/posebench_702_predictions/chai1_gpu/dockgen/6nco_1_KQP_0/oracle_pocket_crop_s5_t200/predictions/scores.model_idx_1.npz;<REMOTE_PROJECT_ROOT>/results/posebench_702_predictions/chai1_gpu/dockgen/6nco_1_KQP_0/oracle_pocket_crop_s5_t200/predictions/scores.model_idx_2.npz;<REMOTE_PROJECT_ROOT>/results/posebench_702_predictions/chai1_gpu/dockgen/6nco_1_KQP_0/oracle_pocket_crop_s5_t200/predictions/scores.model_idx_3.npz;<REMOTE_PROJECT_ROOT>/results/posebench_702_predictions/chai1_gpu/dockgen/6nco_1_KQP_0/oracle_pocket_crop_s5_t200/predictions/scores.model_idx_4.npz,A,141,ok,oracle_pocket_crop_s5_t200,True,results/posebench_702_predictions/chai1_gpu/dockgen/6nco_1_KQP_0/oracle_pocket_crop_s5_t200/run_status.json,,,ok,manual_inspection
True,True,True,0.6.1,12.0,C:369:2.688;A:384:25.631;B:384:33.284,posebusters_benchmark,cuda:0,6,0,,results/posebench_702_predictions/chai1_gpu/posebusters_benchmark/6TW5_9M2/oracle_pocket_crop_s5_t200/inputs/6TW5_9M2_chai.fasta,external/PoseBench/data/posebusters_benchmark_set/6TW5_9M2/6TW5_9M2_ligand.sdf,31,sanitized,Cc1nn(C)c(C)c1CCOc1cc(F)ccc1-c1ccc2n[nH]c(CN(C)C)c2c1,1280,chai1_gpu,6TW5_9M2,5.0,1,5.0,results/posebench_702_predictions/chai1_gpu/posebusters_benchmark/6TW5_9M2/oracle_pocket_crop_s5_t200,True,<REMOTE_PROJECT_ROOT>/results/posebench_702_predictions/chai1_gpu/posebusters_benchmark/6TW5_9M2/oracle_pocket_crop_s5_t200/predictions/pred.model_idx_0.cif;<REMOTE_PROJECT_ROOT>/results/posebench_702_predictions/chai1_gpu/posebusters_benchmark/6TW5_9M2/oracle_pocket_crop_s5_t200/predictions/pred.model_idx_1.cif;<REMOTE_PROJECT_ROOT>/results/posebench_702_predictions/chai1_gpu/posebusters_benchmark/6TW5_9M2/oracle_pocket_crop_s5_t200/predictions/pred.model_idx_2.cif;<REMOTE_PROJECT_ROOT>/results/posebench_702_predictions/chai1_gpu/posebusters_benchmark/6TW5_9M2/oracle_pocket_crop_s5_t200/predictions/pred.model_idx_3.cif;<REMOTE_PROJECT_ROOT>/results/posebench_702_predictions/chai1_gpu/posebusters_benchmark/6TW5_9M2/oracle_pocket_crop_s5_t200/predictions/pred.model_idx_4.cif,C:369,external/PoseBench/data/posebusters_benchmark_set/6TW5_9M2/6TW5_9M2_protein.pdb,111.744,<REMOTE_PROJECT_ROOT>/results/posebench_702_predictions/chai1_gpu/posebusters_benchmark/6TW5_9M2/oracle_pocket_crop_s5_t200/predictions/scores.model_idx_0.npz;<REMOTE_PROJECT_ROOT>/results/posebench_702_predictions/chai1_gpu/posebusters_benchmark/6TW5_9M2/oracle_pocket_crop_s5_t200/predictions/scores.model_idx_1.npz;<REMOTE_PROJECT_ROOT>/results/posebench_702_predictions/chai1_gpu/posebusters_benchmark/6TW5_9M2/oracle_pocket_crop_s5_t200/predictions/scores.model_idx_2.npz;<REMOTE_PROJECT_ROOT>/results/posebench_702_predictions/chai1_gpu/posebusters_benchmark/6TW5_9M2/oracle_pocket_crop_s5_t200/predictions/scores.model_idx_3.npz;<REMOTE_PROJECT_ROOT>/results/posebench_702_predictions/chai1_gpu/posebusters_benchmark/6TW5_9M2/oracle_pocket_crop_s5_t200/predictions/scores.model_idx_4.npz,C,369,ok,oracle_pocket_crop_s5_t200,True,results/posebench_702_predictions/chai1_gpu/posebusters_benchmark/6TW5_9M2/oracle_pocket_crop_s5_t200/run_status.json,,,ok,manual_inspection
True,True,True,0.6.1,12.0,E:230:2.537;F:236:2.620;D:236:11.947;C:236:26.458;A:233:49.371;B:236:59.382,posebusters_benchmark,cuda:0,2,0,,results/posebench_702_predictions/chai1_gpu/posebusters_benchmark/6XHT_V2V/oracle_pocket_crop_s5_t200/inputs/6XHT_V2V_chai.fasta,external/PoseBench/data/posebusters_benchmark_set/6XHT_V2V/6XHT_V2V_ligand.sdf,34,sanitized,Nc1ccn([C@@H]2O[C@H](CO[P@](=O)(O)O[P@@](=O)(O)OC[C@@H](O)[C@@H](O)[C@@H](O)CO)[C@@H](O)[C@H]2O)c(=O)n1,1280,chai1_gpu,6XHT_V2V,5.0,3,5.0,results/posebench_702_predictions/chai1_gpu/posebusters_benchmark/6XHT_V2V/oracle_pocket_crop_s5_t200,True,<REMOTE_PROJECT_ROOT>/results/posebench_702_predictions/chai1_gpu/posebusters_benchmark/6XHT_V2V/oracle_pocket_crop_s5_t200/predictions/pred.model_idx_0.cif;<REMOTE_PROJECT_ROOT>/results/posebench_702_predictions/chai1_gpu/posebusters_benchmark/6XHT_V2V/oracle_pocket_crop_s5_t200/predictions/pred.model_idx_1.cif;<REMOTE_PROJECT_ROOT>/results/posebench_702_predictions/chai1_gpu/posebusters_benchmark/6XHT_V2V/oracle_pocket_crop_s5_t200/predictions/pred.model_idx_2.cif;<REMOTE_PROJECT_ROOT>/results/posebench_702_predictions/chai1_gpu/posebusters_benchmark/6XHT_V2V/oracle_pocket_crop_s5_t200/predictions/pred.model_idx_3.cif;<REMOTE_PROJECT_ROOT>/results/posebench_702_predictions/chai1_gpu/posebusters_benchmark/6XHT_V2V/oracle_pocket_crop_s5_t200/predictions/pred.model_idx_4.cif,D:236;E:230;F:236,external/PoseBench/data/posebusters_benchmark_set/6XHT_V2V/6XHT_V2V_protein.pdb,181.562,<REMOTE_PROJECT_ROOT>/results/posebench_702_predictions/chai1_gpu/posebusters_benchmark/6XHT_V2V/oracle_pocket_crop_s5_t200/predictions/scores.model_idx_0.npz;<REMOTE_PROJECT_ROOT>/results/posebench_702_predictions/chai1_gpu/posebusters_benchmark/6XHT_V2V/oracle_pocket_crop_s5_t200/predictions/scores.model_idx_1.npz;<REMOTE_PROJECT_ROOT>/results/posebench_702_predictions/chai1_gpu/posebusters_benchmark/6XHT_V2V/oracle_pocket_crop_s5_t200/predictions/scores.model_idx_2.npz;<REMOTE_PROJECT_ROOT>/results/posebench_702_predictions/chai1_gpu/posebusters_benchmark/6XHT_V2V/oracle_pocket_crop_s5_t200/predictions/scores.model_idx_3.npz;<REMOTE_PROJECT_ROOT>/results/posebench_702_predictions/chai1_gpu/posebusters_benchmark/6XHT_V2V/oracle_pocket_crop_s5_t200/predictions/scores.model_idx_4.npz,D;E;F,702,ok,oracle_pocket_crop_s5_t200,True,results/posebench_702_predictions/chai1_gpu/posebusters_benchmark/6XHT_V2V/oracle_pocket_crop_s5_t200/run_status.json,,,ok,manual_inspection
True,True,True,0.6.1,12.0,A:545:2.698;B:546:5.576,posebusters_benchmark,,3,0,,results/posebench_702_predictions/chai1_gpu/posebusters_benchmark/7A9H_TPP/oracle_pocket_crop_s5_t200/inputs/7A9H_TPP_chai.fasta,external/PoseBench/data/posebusters_benchmark_set/7A9H_TPP/7A9H_TPP_ligand.sdf,26,sanitized,Cc1ncc(C[n+]2csc(CCO[P@](=O)(O)OP(=O)(O)O)c2C)c(N)n1,1280,chai1_gpu,7A9H_TPP,,2,,results/posebench_702_predictions/chai1_gpu/posebusters_benchmark/7A9H_TPP/oracle_pocket_crop_s5_t200,True,,A:545;B:546,external/PoseBench/data/posebusters_benchmark_set/7A9H_TPP/7A9H_TPP_protein.pdb,51.053,,A;B,1091,exception,oracle_pocket_crop_s5_t200,True,results/posebench_702_predictions/chai1_gpu/posebusters_benchmark/7A9H_TPP/oracle_pocket_crop_s5_t200/run_status.json,"The following operation failed in the TorchScript interpreter.
Traceback of TorchScript (most recent call last):
  File ""code/__torch__/chai/model/af3/trunk.py"", line 136641, in forward_1536
    _54560 = torch.mul(element11600, CONSTANTS.c0)
    _54561 = torch.reshape(x6973, [_54557, _54559, int(_54560), 1, 1])
    _54562 = torch.masked_fill(v915, _54561, 0)
             ~~~~~~~~~~~~~~~~~ <--- HERE
    o364 = torch.einsum(""abcd,aedbf->aecbf"", [torch.to(_54546, 15), _54562])
    x6974 = torch.mul(g_sigm59, o364)
RuntimeError: CUDA out of memory. Tried to allocate 1.50 GiB. GPU 0 has a total capacity of 23.52 GiB of which 1.20 GiB is free. Including non-PyTorch memory, this process has 22.30 GiB memory in use. Of the allocated memory 21.75 GiB is allocated by PyTorch, and 131.92 MiB is reserved by PyTorch but unallocated. If reserved but unallocated memory is large try setting PYTORCH_CUDA_ALLOC_CONF=expandable_segments:True to avoid fragmentation.  See documentation for Memory Management  (https://pytorch.org/docs/stable/notes/cuda.html#environment-variables)
",RuntimeError,cuda_oom,retry_default_with_allocator_then_low_sample_rescue
True,True,True,0.6.1,12.0,A:584:2.751;B:466:2.790;D:586:2.798;C:265:10.914;E:466:13.189;F:265:37.645,posebusters_benchmark,,5,0,,results/posebench_702_predictions/chai1_gpu/posebusters_benchmark/7B2C_TP7/oracle_pocket_crop_s5_t200/inputs/7B2C_TP7_chai.fasta,external/PoseBench/data/posebusters_benchmark_set/7B2C_TP7/7B2C_TP7_ligand.sdf,21,sanitized,C[C@@H](OP(=O)(O)O)[C@H](NC(=O)CCCCCCS)C(=O)O,1280,chai1_gpu,7B2C_TP7,,2,,results/posebench_702_predictions/chai1_gpu/posebusters_benchmark/7B2C_TP7/oracle_pocket_crop_s5_t200,True,,A:584;B:466,external/PoseBench/data/posebusters_benchmark_set/7B2C_TP7/7B2C_TP7_protein.pdb,49.736,,A;B,1050,exception,oracle_pocket_crop_s5_t200,True,results/posebench_702_predictions/chai1_gpu/posebusters_benchmark/7B2C_TP7/oracle_pocket_crop_s5_t200/run_status.json,"The following operation failed in the TorchScript interpreter.
Traceback of TorchScript (most recent call last):
  File ""code/__torch__/chai/model/af3/trunk.py"", line 136641, in forward_1536
    _54560 = torch.mul(element11600, CONSTANTS.c0)
    _54561 = torch.reshape(x6973, [_54557, _54559, int(_54560), 1, 1])
    _54562 = torch.masked_fill(v915, _54561, 0)
             ~~~~~~~~~~~~~~~~~ <--- HERE
    o364 = torch.einsum(""abcd,aedbf->aecbf"", [torch.to(_54546, 15), _54562])
    x6974 = torch.mul(g_sigm59, o364)
RuntimeError: CUDA out of memory. Tried to allocate 1.50 GiB. GPU 0 has a total capacity of 23.52 GiB of which 1.20 GiB is free. Including non-PyTorch memory, this process has 22.30 GiB memory in use. Of the allocated memory 21.75 GiB is allocated by PyTorch, and 131.92 MiB is reserved by PyTorch but unallocated. If reserved but unallocated memory is large try setting PYTORCH_CUDA_ALLOC_CONF=expandable_segments:True to avoid fragmentation.  See documentation for Memory Management  (https://pytorch.org/docs/stable/notes/cuda.html#environment-variables)
",RuntimeError,cuda_oom,retry_default_with_allocator_then_low_sample_rescue
True,True,True,0.6.1,12.0,B:523:2.645;A:518:2.696,posebusters_benchmark,,4,0,,results/posebench_702_predictions/chai1_gpu/posebusters_benchmark/7CIJ_G0C/oracle_pocket_crop_s5_t200/inputs/7CIJ_G0C_chai.fasta,external/PoseBench/data/posebusters_benchmark_set/7CIJ_G0C/7CIJ_G0C_ligand.sdf,21,sanitized,CSCCC/N=C/c1c(COP(=O)(O)O)cnc(C)c1O,1280,chai1_gpu,7CIJ_G0C,,2,,results/posebench_702_predictions/chai1_gpu/posebusters_benchmark/7CIJ_G0C/oracle_pocket_crop_s5_t200,True,,A:518;B:523,external/PoseBench/data/posebusters_benchmark_set/7CIJ_G0C/7CIJ_G0C_protein.pdb,51.14,,A;B,1041,exception,oracle_pocket_crop_s5_t200,True,results/posebench_702_predictions/chai1_gpu/posebusters_benchmark/7CIJ_G0C/oracle_pocket_crop_s5_t200/run_status.json,"The following operation failed in the TorchScript interpreter.
Traceback of TorchScript (most recent call last):
  File ""code/__torch__/chai/model/af3/trunk.py"", line 136641, in forward_1536
    _54560 = torch.mul(element11600, CONSTANTS.c0)
    _54561 = torch.reshape(x6973, [_54557, _54559, int(_54560), 1, 1])
    _54562 = torch.masked_fill(v915, _54561, 0)
             ~~~~~~~~~~~~~~~~~ <--- HERE
    o364 = torch.einsum(""abcd,aedbf->aecbf"", [torch.to(_54546, 15), _54562])
    x6974 = torch.mul(g_sigm59, o364)
RuntimeError: CUDA out of memory. Tried to allocate 1.50 GiB. GPU 0 has a total capacity of 23.52 GiB of which 1.20 GiB is free. Including non-PyTorch memory, this process has 22.30 GiB memory in use. Of the allocated memory 21.75 GiB is allocated by PyTorch, and 131.92 MiB is reserved by PyTorch but unallocated. If reserved but unallocated memory is large try setting PYTORCH_CUDA_ALLOC_CONF=expandable_segments:True to avoid fragmentation.  See documentation for Memory Management  (https://pytorch.org/docs/stable/notes/cuda.html#environment-variables)
",RuntimeError,cuda_oom,retry_default_with_allocator_then_low_sample_rescue
True,True,True,0.6.1,12.0,A:559:2.528;B:559:21.814;D:559:27.398;C:559:30.862,posebusters_benchmark,cuda:0,4,0,,results/posebench_702_predictions/chai1_gpu/posebusters_benchmark/7CNQ_G8X/oracle_pocket_crop_s5_t200/inputs/7CNQ_G8X_chai.fasta,external/PoseBench/data/posebusters_benchmark_set/7CNQ_G8X/7CNQ_G8X_ligand.sdf,9,sanitized,O=C(O)[C@H]1NCC[C@H]1O,1280,chai1_gpu,7CNQ_G8X,5.0,1,5.0,results/posebench_702_predictions/chai1_gpu/posebusters_benchmark/7CNQ_G8X/oracle_pocket_crop_s5_t200,True,<REMOTE_PROJECT_ROOT>/results/posebench_702_predictions/chai1_gpu/posebusters_benchmark/7CNQ_G8X/oracle_pocket_crop_s5_t200/predictions/pred.model_idx_0.cif;<REMOTE_PROJECT_ROOT>/results/posebench_702_predictions/chai1_gpu/posebusters_benchmark/7CNQ_G8X/oracle_pocket_crop_s5_t200/predictions/pred.model_idx_1.cif;<REMOTE_PROJECT_ROOT>/results/posebench_702_predictions/chai1_gpu/posebusters_benchmark/7CNQ_G8X/oracle_pocket_crop_s5_t200/predictions/pred.model_idx_2.cif;<REMOTE_PROJECT_ROOT>/results/posebench_702_predictions/chai1_gpu/posebusters_benchmark/7CNQ_G8X/oracle_pocket_crop_s5_t200/predictions/pred.model_idx_3.cif;<REMOTE_PROJECT_ROOT>/results/posebench_702_predictions/chai1_gpu/posebusters_benchmark/7CNQ_G8X/oracle_pocket_crop_s5_t200/predictions/pred.model_idx_4.cif,A:559,external/PoseBench/data/posebusters_benchmark_set/7CNQ_G8X/7CNQ_G8X_protein.pdb,176.337,<REMOTE_PROJECT_ROOT>/results/posebench_702_predictions/chai1_gpu/posebusters_benchmark/7CNQ_G8X/oracle_pocket_crop_s5_t200/predictions/scores.model_idx_0.npz;<REMOTE_PROJECT_ROOT>/results/posebench_702_predictions/chai1_gpu/posebusters_benchmark/7CNQ_G8X/oracle_pocket_crop_s5_t200/predictions/scores.model_idx_1.npz;<REMOTE_PROJECT_ROOT>/results/posebench_702_predictions/chai1_gpu/posebusters_benchmark/7CNQ_G8X/oracle_pocket_crop_s5_t200/predictions/scores.model_idx_2.npz;<REMOTE_PROJECT_ROOT>/results/posebench_702_predictions/chai1_gpu/posebusters_benchmark/7CNQ_G8X/oracle_pocket_crop_s5_t200/predictions/scores.model_idx_3.npz;<REMOTE_PROJECT_ROOT>/results/posebench_702_predictions/chai1_gpu/posebusters_benchmark/7CNQ_G8X/oracle_pocket_crop_s5_t200/predictions/scores.model_idx_4.npz,A,559,ok,oracle_pocket_crop_s5_t200,True,results/posebench_702_predictions/chai1_gpu/posebusters_benchmark/7CNQ_G8X/oracle_pocket_crop_s5_t200/run_status.json,,,ok,manual_inspection
True,True,True,0.6.1,12.0,B:1288:2.570;A:1285:15.253,posebusters_benchmark,,2,0,,results/posebench_702_predictions/chai1_gpu/posebusters_benchmark/7D6O_MTE/oracle_pocket_crop_s5_t200/inputs/7D6O_MTE_chai.fasta,external/PoseBench/data/posebusters_benchmark_set/7D6O_MTE/7D6O_MTE_ligand.sdf,24,sanitized,Nc1nc2c(c(=O)[nH]1)N[C@H]1C(S)=C(S)[C@@H](COP(=O)(O)O)O[C@H]1N2,1280,chai1_gpu,7D6O_MTE,,1,,results/posebench_702_predictions/chai1_gpu/posebusters_benchmark/7D6O_MTE/oracle_pocket_crop_s5_t200,True,,B:1288,external/PoseBench/data/posebusters_benchmark_set/7D6O_MTE/7D6O_MTE_protein.pdb,46.875,,B,1288,exception,oracle_pocket_crop_s5_t200,True,results/posebench_702_predictions/chai1_gpu/posebusters_benchmark/7D6O_MTE/oracle_pocket_crop_s5_t200/run_status.json,"The following operation failed in the TorchScript interpreter.
Traceback of TorchScript (most recent call last):
  File ""code/__torch__/chai/model/af3/trunk.py"", line 136641, in forward_1536
    _54560 = torch.mul(element11600, CONSTANTS.c0)
    _54561 = torch.reshape(x6973, [_54557, _54559, int(_54560), 1, 1])
    _54562 = torch.masked_fill(v915, _54561, 0)
             ~~~~~~~~~~~~~~~~~ <--- HERE
    o364 = torch.einsum(""abcd,aedbf->aecbf"", [torch.to(_54546, 15), _54562])
    x6974 = torch.mul(g_sigm59, o364)
RuntimeError: CUDA out of memory. Tried to allocate 1.50 GiB. GPU 0 has a total capacity of 23.52 GiB of which 1.20 GiB is free. Including non-PyTorch memory, this process has 22.30 GiB memory in use. Of the allocated memory 21.75 GiB is allocated by PyTorch, and 131.92 MiB is reserved by PyTorch but unallocated. If reserved but unallocated memory is large try setting PYTORCH_CUDA_ALLOC_CONF=expandable_segments:True to avoid fragmentation.  See documentation for Memory Management  (https://pytorch.org/docs/stable/notes/cuda.html#environment-variables)
",RuntimeError,cuda_oom,retry_default_with_allocator_then_low_sample_rescue
True,True,True,0.6.1,12.0,B:460:2.412;C:460:11.862;A:460:17.247,posebusters_benchmark,cuda:0,5,0,,results/posebench_702_predictions/chai1_gpu/posebusters_benchmark/7ECR_SIN/oracle_pocket_crop_s5_t200/inputs/7ECR_SIN_chai.fasta,external/PoseBench/data/posebusters_benchmark_set/7ECR_SIN/7ECR_SIN_ligand.sdf,8,sanitized,O=C(O)CCC(=O)O,1280,chai1_gpu,7ECR_SIN,5.0,2,5.0,results/posebench_702_predictions/chai1_gpu/posebusters_benchmark/7ECR_SIN/oracle_pocket_crop_s5_t200,True,<REMOTE_PROJECT_ROOT>/results/posebench_702_predictions/chai1_gpu/posebusters_benchmark/7ECR_SIN/oracle_pocket_crop_s5_t200/predictions/pred.model_idx_0.cif;<REMOTE_PROJECT_ROOT>/results/posebench_702_predictions/chai1_gpu/posebusters_benchmark/7ECR_SIN/oracle_pocket_crop_s5_t200/predictions/pred.model_idx_1.cif;<REMOTE_PROJECT_ROOT>/results/posebench_702_predictions/chai1_gpu/posebusters_benchmark/7ECR_SIN/oracle_pocket_crop_s5_t200/predictions/pred.model_idx_2.cif;<REMOTE_PROJECT_ROOT>/results/posebench_702_predictions/chai1_gpu/posebusters_benchmark/7ECR_SIN/oracle_pocket_crop_s5_t200/predictions/pred.model_idx_3.cif;<REMOTE_PROJECT_ROOT>/results/posebench_702_predictions/chai1_gpu/posebusters_benchmark/7ECR_SIN/oracle_pocket_crop_s5_t200/predictions/pred.model_idx_4.cif,B:460;C:460,external/PoseBench/data/posebusters_benchmark_set/7ECR_SIN/7ECR_SIN_protein.pdb,282.903,<REMOTE_PROJECT_ROOT>/results/posebench_702_predictions/chai1_gpu/posebusters_benchmark/7ECR_SIN/oracle_pocket_crop_s5_t200/predictions/scores.model_idx_0.npz;<REMOTE_PROJECT_ROOT>/results/posebench_702_predictions/chai1_gpu/posebusters_benchmark/7ECR_SIN/oracle_pocket_crop_s5_t200/predictions/scores.model_idx_1.npz;<REMOTE_PROJECT_ROOT>/results/posebench_702_predictions/chai1_gpu/posebusters_benchmark/7ECR_SIN/oracle_pocket_crop_s5_t200/predictions/scores.model_idx_2.npz;<REMOTE_PROJECT_ROOT>/results/posebench_702_predictions/chai1_gpu/posebusters_benchmark/7ECR_SIN/oracle_pocket_crop_s5_t200/predictions/scores.model_idx_3.npz;<REMOTE_PROJECT_ROOT>/results/posebench_702_predictions/chai1_gpu/posebusters_benchmark/7ECR_SIN/oracle_pocket_crop_s5_t200/predictions/scores.model_idx_4.npz,B;C,920,ok,oracle_pocket_crop_s5_t200,True,results/posebench_702_predictions/chai1_gpu/posebusters_benchmark/7ECR_SIN/oracle_pocket_crop_s5_t200/run_status.json,,,ok,manual_inspection
True,True,True,0.6.1,12.0,G:421:2.586;E:419:2.590;H:425:9.682;F:432:9.800;C:425:28.068;D:425:41.214;A:422:54.594;B:436:62.246,posebusters_benchmark,,1,0,,results/posebench_702_predictions/chai1_gpu/posebusters_benchmark/7FRX_O88/oracle_pocket_crop_s5_t200/inputs/7FRX_O88_chai.fasta,external/PoseBench/data/posebusters_benchmark_set/7FRX_O88/7FRX_O88_ligand.sdf,30,sanitized,O=S(=O)(NCc1ccc(S(=O)(=O)c2ccc(O)c(O)c2)cc1)c1ccc(O)c(O)c1,1280,chai1_gpu,7FRX_O88,,3,,results/posebench_702_predictions/chai1_gpu/posebusters_benchmark/7FRX_O88/oracle_pocket_crop_s5_t200,True,,E:419;G:421;H:425,external/PoseBench/data/posebusters_benchmark_set/7FRX_O88/7FRX_O88_protein.pdb,57.297,,E;G;H,1265,exception,oracle_pocket_crop_s5_t200,True,results/posebench_702_predictions/chai1_gpu/posebusters_benchmark/7FRX_O88/oracle_pocket_crop_s5_t200/run_status.json,"The following operation failed in the TorchScript interpreter.
Traceback of TorchScript (most recent call last):
  File ""code/__torch__/chai/model/af3/trunk.py"", line 136641, in forward_1536
    _54560 = torch.mul(element11600, CONSTANTS.c0)
    _54561 = torch.reshape(x6973, [_54557, _54559, int(_54560), 1, 1])
    _54562 = torch.masked_fill(v915, _54561, 0)
             ~~~~~~~~~~~~~~~~~ <--- HERE
    o364 = torch.einsum(""abcd,aedbf->aecbf"", [torch.to(_54546, 15), _54562])
    x6974 = torch.mul(g_sigm59, o364)
RuntimeError: CUDA out of memory. Tried to allocate 1.50 GiB. GPU 0 has a total capacity of 23.52 GiB of which 1.21 GiB is free. Including non-PyTorch memory, this process has 22.28 GiB memory in use. Of the allocated memory 21.75 GiB is allocated by PyTorch, and 111.92 MiB is reserved by PyTorch but unallocated. If reserved but unallocated memory is large try setting PYTORCH_CUDA_ALLOC_CONF=expandable_segments:True to avoid fragmentation.  See documentation for Memory Management  (https://pytorch.org/docs/stable/notes/cuda.html#environment-variables)
",RuntimeError,cuda_oom,retry_default_with_allocator_then_low_sample_rescue
True,True,True,0.6.1,12.0,B:264:2.806;C:267:6.537;D:271:12.421;A:262:13.564,posebusters_benchmark,cuda:0,7,0,,results/posebench_702_predictions/chai1_gpu/posebusters_benchmark/7K0V_VQP/oracle_pocket_crop_s5_t200/inputs/7K0V_VQP_chai.fasta,external/PoseBench/data/posebusters_benchmark_set/7K0V_VQP/7K0V_VQP_ligand.sdf,32,sanitized,Cc1cc(F)c(NC(=O)NCCC(C)(C)C)cc1Nc1ccc2ncn(C)c(=O)c2c1F,1280,chai1_gpu,7K0V_VQP,5.0,2,5.0,results/posebench_702_predictions/chai1_gpu/posebusters_benchmark/7K0V_VQP/oracle_pocket_crop_s5_t200,True,<REMOTE_PROJECT_ROOT>/results/posebench_702_predictions/chai1_gpu/posebusters_benchmark/7K0V_VQP/oracle_pocket_crop_s5_t200/predictions/pred.model_idx_0.cif;<REMOTE_PROJECT_ROOT>/results/posebench_702_predictions/chai1_gpu/posebusters_benchmark/7K0V_VQP/oracle_pocket_crop_s5_t200/predictions/pred.model_idx_1.cif;<REMOTE_PROJECT_ROOT>/results/posebench_702_predictions/chai1_gpu/posebusters_benchmark/7K0V_VQP/oracle_pocket_crop_s5_t200/predictions/pred.model_idx_2.cif;<REMOTE_PROJECT_ROOT>/results/posebench_702_predictions/chai1_gpu/posebusters_benchmark/7K0V_VQP/oracle_pocket_crop_s5_t200/predictions/pred.model_idx_3.cif;<REMOTE_PROJECT_ROOT>/results/posebench_702_predictions/chai1_gpu/posebusters_benchmark/7K0V_VQP/oracle_pocket_crop_s5_t200/predictions/pred.model_idx_4.cif,B:264;C:267,external/PoseBench/data/posebusters_benchmark_set/7K0V_VQP/7K0V_VQP_protein.pdb,181.196,<REMOTE_PROJECT_ROOT>/results/posebench_702_predictions/chai1_gpu/posebusters_benchmark/7K0V_VQP/oracle_pocket_crop_s5_t200/predictions/scores.model_idx_0.npz;<REMOTE_PROJECT_ROOT>/results/posebench_702_predictions/chai1_gpu/posebusters_benchmark/7K0V_VQP/oracle_pocket_crop_s5_t200/predictions/scores.model_idx_1.npz;<REMOTE_PROJECT_ROOT>/results/posebench_702_predictions/chai1_gpu/posebusters_benchmark/7K0V_VQP/oracle_pocket_crop_s5_t200/predictions/scores.model_idx_2.npz;<REMOTE_PROJECT_ROOT>/results/posebench_702_predictions/chai1_gpu/posebusters_benchmark/7K0V_VQP/oracle_pocket_crop_s5_t200/predictions/scores.model_idx_3.npz;<REMOTE_PROJECT_ROOT>/results/posebench_702_predictions/chai1_gpu/posebusters_benchmark/7K0V_VQP/oracle_pocket_crop_s5_t200/predictions/scores.model_idx_4.npz,B;C,531,ok,oracle_pocket_crop_s5_t200,True,results/posebench_702_predictions/chai1_gpu/posebusters_benchmark/7K0V_VQP/oracle_pocket_crop_s5_t200/run_status.json,,,ok,manual_inspection
True,True,True,0.6.1,12.0,A:428:2.411;B:428:2.626;D:428:11.785;C:428:22.425,posebusters_benchmark,cuda:0,6,0,,results/posebench_702_predictions/chai1_gpu/posebusters_benchmark/7KB1_WBJ/oracle_pocket_crop_s5_t200/inputs/7KB1_WBJ_chai.fasta,external/PoseBench/data/posebusters_benchmark_set/7KB1_WBJ/7KB1_WBJ_ligand.sdf,22,sanitized,C=C/C(=N\Cc1c(COP(=O)(O)O)cnc(C)c1O)C(=O)O,1280,chai1_gpu,7KB1_WBJ,5.0,2,5.0,results/posebench_702_predictions/chai1_gpu/posebusters_benchmark/7KB1_WBJ/oracle_pocket_crop_s5_t200,True,<REMOTE_PROJECT_ROOT>/results/posebench_702_predictions/chai1_gpu/posebusters_benchmark/7KB1_WBJ/oracle_pocket_crop_s5_t200/predictions/pred.model_idx_0.cif;<REMOTE_PROJECT_ROOT>/results/posebench_702_predictions/chai1_gpu/posebusters_benchmark/7KB1_WBJ/oracle_pocket_crop_s5_t200/predictions/pred.model_idx_1.cif;<REMOTE_PROJECT_ROOT>/results/posebench_702_predictions/chai1_gpu/posebusters_benchmark/7KB1_WBJ/oracle_pocket_crop_s5_t200/predictions/pred.model_idx_2.cif;<REMOTE_PROJECT_ROOT>/results/posebench_702_predictions/chai1_gpu/posebusters_benchmark/7KB1_WBJ/oracle_pocket_crop_s5_t200/predictions/pred.model_idx_3.cif;<REMOTE_PROJECT_ROOT>/results/posebench_702_predictions/chai1_gpu/posebusters_benchmark/7KB1_WBJ/oracle_pocket_crop_s5_t200/predictions/pred.model_idx_4.cif,A:428;B:428,external/PoseBench/data/posebusters_benchmark_set/7KB1_WBJ/7KB1_WBJ_protein.pdb,278.335,<REMOTE_PROJECT_ROOT>/results/posebench_702_predictions/chai1_gpu/posebusters_benchmark/7KB1_WBJ/oracle_pocket_crop_s5_t200/predictions/scores.model_idx_0.npz;<REMOTE_PROJECT_ROOT>/results/posebench_702_predictions/chai1_gpu/posebusters_benchmark/7KB1_WBJ/oracle_pocket_crop_s5_t200/predictions/scores.model_idx_1.npz;<REMOTE_PROJECT_ROOT>/results/posebench_702_predictions/chai1_gpu/posebusters_benchmark/7KB1_WBJ/oracle_pocket_crop_s5_t200/predictions/scores.model_idx_2.npz;<REMOTE_PROJECT_ROOT>/results/posebench_702_predictions/chai1_gpu/posebusters_benchmark/7KB1_WBJ/oracle_pocket_crop_s5_t200/predictions/scores.model_idx_3.npz;<REMOTE_PROJECT_ROOT>/results/posebench_702_predictions/chai1_gpu/posebusters_benchmark/7KB1_WBJ/oracle_pocket_crop_s5_t200/predictions/scores.model_idx_4.npz,A;B,856,ok,oracle_pocket_crop_s5_t200,True,results/posebench_702_predictions/chai1_gpu/posebusters_benchmark/7KB1_WBJ/oracle_pocket_crop_s5_t200/run_status.json,,,ok,manual_inspection
True,True,True,0.6.1,12.0,A:538:2.592;B:541:3.561,posebusters_benchmark,,3,0,,results/posebench_702_predictions/chai1_gpu/posebusters_benchmark/7KRU_ATP/oracle_pocket_crop_s5_t200/inputs/7KRU_ATP_chai.fasta,external/PoseBench/data/posebusters_benchmark_set/7KRU_ATP/7KRU_ATP_ligand.sdf,31,sanitized,Nc1ncnc2c1ncn2[C@@H]1O[C@H](CO[P@@](=O)(O)O[P@](=O)(O)OP(=O)(O)O)[C@@H](O)[C@H]1O,1280,chai1_gpu,7KRU_ATP,,2,,results/posebench_702_predictions/chai1_gpu/posebusters_benchmark/7KRU_ATP/oracle_pocket_crop_s5_t200,True,,B:541;A:538,external/PoseBench/data/posebusters_benchmark_set/7KRU_ATP/7KRU_ATP_protein.pdb,49.641,,A;B,1079,exception,oracle_pocket_crop_s5_t200,True,results/posebench_702_predictions/chai1_gpu/posebusters_benchmark/7KRU_ATP/oracle_pocket_crop_s5_t200/run_status.json,"The following operation failed in the TorchScript interpreter.
Traceback of TorchScript (most recent call last):
  File ""code/__torch__/chai/model/af3/trunk.py"", line 136641, in forward_1536
    _54560 = torch.mul(element11600, CONSTANTS.c0)
    _54561 = torch.reshape(x6973, [_54557, _54559, int(_54560), 1, 1])
    _54562 = torch.masked_fill(v915, _54561, 0)
             ~~~~~~~~~~~~~~~~~ <--- HERE
    o364 = torch.einsum(""abcd,aedbf->aecbf"", [torch.to(_54546, 15), _54562])
    x6974 = torch.mul(g_sigm59, o364)
RuntimeError: CUDA out of memory. Tried to allocate 1.50 GiB. GPU 0 has a total capacity of 23.52 GiB of which 1.20 GiB is free. Including non-PyTorch memory, this process has 22.30 GiB memory in use. Of the allocated memory 21.75 GiB is allocated by PyTorch, and 131.92 MiB is reserved by PyTorch but unallocated. If reserved but unallocated memory is large try setting PYTORCH_CUDA_ALLOC_CONF=expandable_segments:True to avoid fragmentation.  See documentation for Memory Management  (https://pytorch.org/docs/stable/notes/cuda.html#environment-variables)
",RuntimeError,cuda_oom,retry_default_with_allocator_then_low_sample_rescue
True,True,True,0.6.1,12.0,A:310:3.047;B:311:7.122;C:315:22.170;D:315:33.825,posebusters_benchmark,cuda:0,4,0,,results/posebench_702_predictions/chai1_gpu/posebusters_benchmark/7L00_XCJ/oracle_pocket_crop_s5_t200/inputs/7L00_XCJ_chai.fasta,external/PoseBench/data/posebusters_benchmark_set/7L00_XCJ/7L00_XCJ_ligand.sdf,27,sanitized,CS(=O)(=O)c1ccc2nc(NC(=O)Cc3csc(-n4cccc4)n3)sc2c1,1280,chai1_gpu,7L00_XCJ,5.0,2,5.0,results/posebench_702_predictions/chai1_gpu/posebusters_benchmark/7L00_XCJ/oracle_pocket_crop_s5_t200,True,<REMOTE_PROJECT_ROOT>/results/posebench_702_predictions/chai1_gpu/posebusters_benchmark/7L00_XCJ/oracle_pocket_crop_s5_t200/predictions/pred.model_idx_0.cif;<REMOTE_PROJECT_ROOT>/results/posebench_702_predictions/chai1_gpu/posebusters_benchmark/7L00_XCJ/oracle_pocket_crop_s5_t200/predictions/pred.model_idx_1.cif;<REMOTE_PROJECT_ROOT>/results/posebench_702_predictions/chai1_gpu/posebusters_benchmark/7L00_XCJ/oracle_pocket_crop_s5_t200/predictions/pred.model_idx_2.cif;<REMOTE_PROJECT_ROOT>/results/posebench_702_predictions/chai1_gpu/posebusters_benchmark/7L00_XCJ/oracle_pocket_crop_s5_t200/predictions/pred.model_idx_3.cif;<REMOTE_PROJECT_ROOT>/results/posebench_702_predictions/chai1_gpu/posebusters_benchmark/7L00_XCJ/oracle_pocket_crop_s5_t200/predictions/pred.model_idx_4.cif,A:310;B:311,external/PoseBench/data/posebusters_benchmark_set/7L00_XCJ/7L00_XCJ_protein.pdb,182.886,<REMOTE_PROJECT_ROOT>/results/posebench_702_predictions/chai1_gpu/posebusters_benchmark/7L00_XCJ/oracle_pocket_crop_s5_t200/predictions/scores.model_idx_0.npz;<REMOTE_PROJECT_ROOT>/results/posebench_702_predictions/chai1_gpu/posebusters_benchmark/7L00_XCJ/oracle_pocket_crop_s5_t200/predictions/scores.model_idx_1.npz;<REMOTE_PROJECT_ROOT>/results/posebench_702_predictions/chai1_gpu/posebusters_benchmark/7L00_XCJ/oracle_pocket_crop_s5_t200/predictions/scores.model_idx_2.npz;<REMOTE_PROJECT_ROOT>/results/posebench_702_predictions/chai1_gpu/posebusters_benchmark/7L00_XCJ/oracle_pocket_crop_s5_t200/predictions/scores.model_idx_3.npz;<REMOTE_PROJECT_ROOT>/results/posebench_702_predictions/chai1_gpu/posebusters_benchmark/7L00_XCJ/oracle_pocket_crop_s5_t200/predictions/scores.model_idx_4.npz,A;B,621,ok,oracle_pocket_crop_s5_t200,True,results/posebench_702_predictions/chai1_gpu/posebusters_benchmark/7L00_XCJ/oracle_pocket_crop_s5_t200/run_status.json,,,ok,manual_inspection
True,True,True,0.6.1,12.0,C:337:2.677;A:342:16.508;B:335:29.478;D:339:62.518,posebusters_benchmark,cuda:0,1,0,,results/posebench_702_predictions/chai1_gpu/posebusters_benchmark/7LJN_GTP/oracle_pocket_crop_s5_t200/inputs/7LJN_GTP_chai.fasta,external/PoseBench/data/posebusters_benchmark_set/7LJN_GTP/7LJN_GTP_ligand.sdf,32,sanitized,Nc1nc2c(ncn2[C@@H]2O[C@H](CO[P@](=O)(O)O[P@](=O)(O)OP(=O)(O)O)[C@@H](O)[C@H]2O)c(=O)[nH]1,1280,chai1_gpu,7LJN_GTP,5.0,1,5.0,results/posebench_702_predictions/chai1_gpu/posebusters_benchmark/7LJN_GTP/oracle_pocket_crop_s5_t200,True,<REMOTE_PROJECT_ROOT>/results/posebench_702_predictions/chai1_gpu/posebusters_benchmark/7LJN_GTP/oracle_pocket_crop_s5_t200/predictions/pred.model_idx_0.cif;<REMOTE_PROJECT_ROOT>/results/posebench_702_predictions/chai1_gpu/posebusters_benchmark/7LJN_GTP/oracle_pocket_crop_s5_t200/predictions/pred.model_idx_1.cif;<REMOTE_PROJECT_ROOT>/results/posebench_702_predictions/chai1_gpu/posebusters_benchmark/7LJN_GTP/oracle_pocket_crop_s5_t200/predictions/pred.model_idx_2.cif;<REMOTE_PROJECT_ROOT>/results/posebench_702_predictions/chai1_gpu/posebusters_benchmark/7LJN_GTP/oracle_pocket_crop_s5_t200/predictions/pred.model_idx_3.cif;<REMOTE_PROJECT_ROOT>/results/posebench_702_predictions/chai1_gpu/posebusters_benchmark/7LJN_GTP/oracle_pocket_crop_s5_t200/predictions/pred.model_idx_4.cif,C:337,external/PoseBench/data/posebusters_benchmark_set/7LJN_GTP/7LJN_GTP_protein.pdb,83.568,<REMOTE_PROJECT_ROOT>/results/posebench_702_predictions/chai1_gpu/posebusters_benchmark/7LJN_GTP/oracle_pocket_crop_s5_t200/predictions/scores.model_idx_0.npz;<REMOTE_PROJECT_ROOT>/results/posebench_702_predictions/chai1_gpu/posebusters_benchmark/7LJN_GTP/oracle_pocket_crop_s5_t200/predictions/scores.model_idx_1.npz;<REMOTE_PROJECT_ROOT>/results/posebench_702_predictions/chai1_gpu/posebusters_benchmark/7LJN_GTP/oracle_pocket_crop_s5_t200/predictions/scores.model_idx_2.npz;<REMOTE_PROJECT_ROOT>/results/posebench_702_predictions/chai1_gpu/posebusters_benchmark/7LJN_GTP/oracle_pocket_crop_s5_t200/predictions/scores.model_idx_3.npz;<REMOTE_PROJECT_ROOT>/results/posebench_702_predictions/chai1_gpu/posebusters_benchmark/7LJN_GTP/oracle_pocket_crop_s5_t200/predictions/scores.model_idx_4.npz,C,337,ok,oracle_pocket_crop_s5_t200,True,results/posebench_702_predictions/chai1_gpu/posebusters_benchmark/7LJN_GTP/oracle_pocket_crop_s5_t200/run_status.json,,,ok,manual_inspection
True,True,True,0.6.1,12.0,B:540:2.488;A:545:19.139,posebusters_benchmark,cuda:0,3,0,,results/posebench_702_predictions/chai1_gpu/posebusters_benchmark/7LOU_IFM/oracle_pocket_crop_s5_t200/inputs/7LOU_IFM_chai.fasta,external/PoseBench/data/posebusters_benchmark_set/7LOU_IFM/7LOU_IFM_ligand.sdf,10,sanitized,OC[C@H]1CNC[C@@H](O)[C@@H]1O,1280,chai1_gpu,7LOU_IFM,5.0,1,5.0,results/posebench_702_predictions/chai1_gpu/posebusters_benchmark/7LOU_IFM/oracle_pocket_crop_s5_t200,True,<REMOTE_PROJECT_ROOT>/results/posebench_702_predictions/chai1_gpu/posebusters_benchmark/7LOU_IFM/oracle_pocket_crop_s5_t200/predictions/pred.model_idx_0.cif;<REMOTE_PROJECT_ROOT>/results/posebench_702_predictions/chai1_gpu/posebusters_benchmark/7LOU_IFM/oracle_pocket_crop_s5_t200/predictions/pred.model_idx_1.cif;<REMOTE_PROJECT_ROOT>/results/posebench_702_predictions/chai1_gpu/posebusters_benchmark/7LOU_IFM/oracle_pocket_crop_s5_t200/predictions/pred.model_idx_2.cif;<REMOTE_PROJECT_ROOT>/results/posebench_702_predictions/chai1_gpu/posebusters_benchmark/7LOU_IFM/oracle_pocket_crop_s5_t200/predictions/pred.model_idx_3.cif;<REMOTE_PROJECT_ROOT>/results/posebench_702_predictions/chai1_gpu/posebusters_benchmark/7LOU_IFM/oracle_pocket_crop_s5_t200/predictions/pred.model_idx_4.cif,B:540,external/PoseBench/data/posebusters_benchmark_set/7LOU_IFM/7LOU_IFM_protein.pdb,174.37,<REMOTE_PROJECT_ROOT>/results/posebench_702_predictions/chai1_gpu/posebusters_benchmark/7LOU_IFM/oracle_pocket_crop_s5_t200/predictions/scores.model_idx_0.npz;<REMOTE_PROJECT_ROOT>/results/posebench_702_predictions/chai1_gpu/posebusters_benchmark/7LOU_IFM/oracle_pocket_crop_s5_t200/predictions/scores.model_idx_1.npz;<REMOTE_PROJECT_ROOT>/results/posebench_702_predictions/chai1_gpu/posebusters_benchmark/7LOU_IFM/oracle_pocket_crop_s5_t200/predictions/scores.model_idx_2.npz;<REMOTE_PROJECT_ROOT>/results/posebench_702_predictions/chai1_gpu/posebusters_benchmark/7LOU_IFM/oracle_pocket_crop_s5_t200/predictions/scores.model_idx_3.npz;<REMOTE_PROJECT_ROOT>/results/posebench_702_predictions/chai1_gpu/posebusters_benchmark/7LOU_IFM/oracle_pocket_crop_s5_t200/predictions/scores.model_idx_4.npz,B,540,ok,oracle_pocket_crop_s5_t200,True,results/posebench_702_predictions/chai1_gpu/posebusters_benchmark/7LOU_IFM/oracle_pocket_crop_s5_t200/run_status.json,,,ok,manual_inspection
True,True,True,0.6.1,12.0,D:1017:2.772;C:1008:8.846;A:1011:34.200;B:1011:48.534,posebusters_benchmark,,5,0,,results/posebench_702_predictions/chai1_gpu/posebusters_benchmark/7M31_TDR/oracle_pocket_crop_s5_t200/inputs/7M31_TDR_chai.fasta,external/PoseBench/data/posebusters_benchmark_set/7M31_TDR/7M31_TDR_ligand.sdf,9,sanitized,Cc1c[nH]c(=O)[nH]c1=O,1280,chai1_gpu,7M31_TDR,,1,,results/posebench_702_predictions/chai1_gpu/posebusters_benchmark/7M31_TDR/oracle_pocket_crop_s5_t200,True,,D:1017,external/PoseBench/data/posebusters_benchmark_set/7M31_TDR/7M31_TDR_protein.pdb,46.672,,D,1017,exception,oracle_pocket_crop_s5_t200,True,results/posebench_702_predictions/chai1_gpu/posebusters_benchmark/7M31_TDR/oracle_pocket_crop_s5_t200/run_status.json,"The following operation failed in the TorchScript interpreter.
Traceback of TorchScript (most recent call last):
  File ""code/__torch__/chai/model/af3/trunk.py"", line 136641, in forward_1536
    _54560 = torch.mul(element11600, CONSTANTS.c0)
    _54561 = torch.reshape(x6973, [_54557, _54559, int(_54560), 1, 1])
    _54562 = torch.masked_fill(v915, _54561, 0)
             ~~~~~~~~~~~~~~~~~ <--- HERE
    o364 = torch.einsum(""abcd,aedbf->aecbf"", [torch.to(_54546, 15), _54562])
    x6974 = torch.mul(g_sigm59, o364)
RuntimeError: CUDA out of memory. Tried to allocate 1.50 GiB. GPU 0 has a total capacity of 23.52 GiB of which 1.20 GiB is free. Including non-PyTorch memory, this process has 22.30 GiB memory in use. Of the allocated memory 21.75 GiB is allocated by PyTorch, and 131.92 MiB is reserved by PyTorch but unallocated. If reserved but unallocated memory is large try setting PYTORCH_CUDA_ALLOC_CONF=expandable_segments:True to avoid fragmentation.  See documentation for Memory Management  (https://pytorch.org/docs/stable/notes/cuda.html#environment-variables)
",RuntimeError,cuda_oom,retry_default_with_allocator_then_low_sample_rescue
True,True,True,0.6.1,12.0,D:348:2.520;C:351:2.782;A:351:23.020;B:354:34.881,posebusters_benchmark,cuda:0,1,0,,results/posebench_702_predictions/chai1_gpu/posebusters_benchmark/7MFP_Z7P/oracle_pocket_crop_s5_t200/inputs/7MFP_Z7P_chai.fasta,external/PoseBench/data/posebusters_benchmark_set/7MFP_Z7P/7MFP_Z7P_ligand.sdf,50,sanitized,Cc1ncc(COP(=O)(O)O)c(/C=N/[C@H]2[C@H](O)[C@@H](O)[C@@H](O[P@](=O)(O)O[P@](=O)(O)OC[C@H]3O[C@@H](n4ccc(=O)[nH]c4=O)[C@H](O)[C@@H]3O)O[C@@H]2C)c1O,1280,chai1_gpu,7MFP_Z7P,5.0,2,5.0,results/posebench_702_predictions/chai1_gpu/posebusters_benchmark/7MFP_Z7P/oracle_pocket_crop_s5_t200,True,<REMOTE_PROJECT_ROOT>/results/posebench_702_predictions/chai1_gpu/posebusters_benchmark/7MFP_Z7P/oracle_pocket_crop_s5_t200/predictions/pred.model_idx_0.cif;<REMOTE_PROJECT_ROOT>/results/posebench_702_predictions/chai1_gpu/posebusters_benchmark/7MFP_Z7P/oracle_pocket_crop_s5_t200/predictions/pred.model_idx_1.cif;<REMOTE_PROJECT_ROOT>/results/posebench_702_predictions/chai1_gpu/posebusters_benchmark/7MFP_Z7P/oracle_pocket_crop_s5_t200/predictions/pred.model_idx_2.cif;<REMOTE_PROJECT_ROOT>/results/posebench_702_predictions/chai1_gpu/posebusters_benchmark/7MFP_Z7P/oracle_pocket_crop_s5_t200/predictions/pred.model_idx_3.cif;<REMOTE_PROJECT_ROOT>/results/posebench_702_predictions/chai1_gpu/posebusters_benchmark/7MFP_Z7P/oracle_pocket_crop_s5_t200/predictions/pred.model_idx_4.cif,C:351;D:348,external/PoseBench/data/posebusters_benchmark_set/7MFP_Z7P/7MFP_Z7P_protein.pdb,183.123,<REMOTE_PROJECT_ROOT>/results/posebench_702_predictions/chai1_gpu/posebusters_benchmark/7MFP_Z7P/oracle_pocket_crop_s5_t200/predictions/scores.model_idx_0.npz;<REMOTE_PROJECT_ROOT>/results/posebench_702_predictions/chai1_gpu/posebusters_benchmark/7MFP_Z7P/oracle_pocket_crop_s5_t200/predictions/scores.model_idx_1.npz;<REMOTE_PROJECT_ROOT>/results/posebench_702_predictions/chai1_gpu/posebusters_benchmark/7MFP_Z7P/oracle_pocket_crop_s5_t200/predictions/scores.model_idx_2.npz;<REMOTE_PROJECT_ROOT>/results/posebench_702_predictions/chai1_gpu/posebusters_benchmark/7MFP_Z7P/oracle_pocket_crop_s5_t200/predictions/scores.model_idx_3.npz;<REMOTE_PROJECT_ROOT>/results/posebench_702_predictions/chai1_gpu/posebusters_benchmark/7MFP_Z7P/oracle_pocket_crop_s5_t200/predictions/scores.model_idx_4.npz,C;D,699,ok,oracle_pocket_crop_s5_t200,True,results/posebench_702_predictions/chai1_gpu/posebusters_benchmark/7MFP_Z7P/oracle_pocket_crop_s5_t200/run_status.json,,,ok,manual_inspection
True,True,True,0.6.1,12.0,A:649:2.602;B:649:9.855,posebusters_benchmark,cuda:0,2,0,,results/posebench_702_predictions/chai1_gpu/posebusters_benchmark/7MGY_ZD1/oracle_pocket_crop_s5_t200/inputs/7MGY_ZD1_chai.fasta,external/PoseBench/data/posebusters_benchmark_set/7MGY_ZD1/7MGY_ZD1_ligand.sdf,23,sanitized,N[C@H]1C=C(CO)[C@@H](O[C@H]2O[C@H](CO)[C@@H](O)[C@H](O)[C@H]2O)[C@H](O)[C@H]1O,1280,chai1_gpu,7MGY_ZD1,5.0,1,5.0,results/posebench_702_predictions/chai1_gpu/posebusters_benchmark/7MGY_ZD1/oracle_pocket_crop_s5_t200,True,<REMOTE_PROJECT_ROOT>/results/posebench_702_predictions/chai1_gpu/posebusters_benchmark/7MGY_ZD1/oracle_pocket_crop_s5_t200/predictions/pred.model_idx_0.cif;<REMOTE_PROJECT_ROOT>/results/posebench_702_predictions/chai1_gpu/posebusters_benchmark/7MGY_ZD1/oracle_pocket_crop_s5_t200/predictions/pred.model_idx_1.cif;<REMOTE_PROJECT_ROOT>/results/posebench_702_predictions/chai1_gpu/posebusters_benchmark/7MGY_ZD1/oracle_pocket_crop_s5_t200/predictions/pred.model_idx_2.cif;<REMOTE_PROJECT_ROOT>/results/posebench_702_predictions/chai1_gpu/posebusters_benchmark/7MGY_ZD1/oracle_pocket_crop_s5_t200/predictions/pred.model_idx_3.cif;<REMOTE_PROJECT_ROOT>/results/posebench_702_predictions/chai1_gpu/posebusters_benchmark/7MGY_ZD1/oracle_pocket_crop_s5_t200/predictions/pred.model_idx_4.cif,A:649,external/PoseBench/data/posebusters_benchmark_set/7MGY_ZD1/7MGY_ZD1_protein.pdb,178.153,<REMOTE_PROJECT_ROOT>/results/posebench_702_predictions/chai1_gpu/posebusters_benchmark/7MGY_ZD1/oracle_pocket_crop_s5_t200/predictions/scores.model_idx_0.npz;<REMOTE_PROJECT_ROOT>/results/posebench_702_predictions/chai1_gpu/posebusters_benchmark/7MGY_ZD1/oracle_pocket_crop_s5_t200/predictions/scores.model_idx_1.npz;<REMOTE_PROJECT_ROOT>/results/posebench_702_predictions/chai1_gpu/posebusters_benchmark/7MGY_ZD1/oracle_pocket_crop_s5_t200/predictions/scores.model_idx_2.npz;<REMOTE_PROJECT_ROOT>/results/posebench_702_predictions/chai1_gpu/posebusters_benchmark/7MGY_ZD1/oracle_pocket_crop_s5_t200/predictions/scores.model_idx_3.npz;<REMOTE_PROJECT_ROOT>/results/posebench_702_predictions/chai1_gpu/posebusters_benchmark/7MGY_ZD1/oracle_pocket_crop_s5_t200/predictions/scores.model_idx_4.npz,A,649,ok,oracle_pocket_crop_s5_t200,True,results/posebench_702_predictions/chai1_gpu/posebusters_benchmark/7MGY_ZD1/oracle_pocket_crop_s5_t200/run_status.json,,,ok,manual_inspection
True,True,True,0.6.1,12.0,B:497:2.517;A:497:10.673,posebusters_benchmark,,7,0,,results/posebench_702_predictions/chai1_gpu/posebusters_benchmark/7NF0_BYN/oracle_pocket_crop_s5_t200/inputs/7NF0_BYN_chai.fasta,external/PoseBench/data/posebusters_benchmark_set/7NF0_BYN/7NF0_BYN_ligand.sdf,37,sanitized,Cc1cc2c3c(c1C)C(C)(C)C[C@@H](O)N3c1c(nc(O)[nH]c1=O)N2C[C@H](O)[C@H](O)[C@H](O)COP(=O)(O)O,1280,chai1_gpu,7NF0_BYN,,2,,results/posebench_702_predictions/chai1_gpu/posebusters_benchmark/7NF0_BYN/oracle_pocket_crop_s5_t200,True,,A:497;B:497,external/PoseBench/data/posebusters_benchmark_set/7NF0_BYN/7NF0_BYN_protein.pdb,43.902,,A;B,994,exception,oracle_pocket_crop_s5_t200,True,results/posebench_702_predictions/chai1_gpu/posebusters_benchmark/7NF0_BYN/oracle_pocket_crop_s5_t200/run_status.json,"The following operation failed in the TorchScript interpreter.
Traceback of TorchScript (most recent call last):
  File ""code/__torch__/chai/model/af3/trunk.py"", line 136641, in forward_1536
    _54560 = torch.mul(element11600, CONSTANTS.c0)
    _54561 = torch.reshape(x6973, [_54557, _54559, int(_54560), 1, 1])
    _54562 = torch.masked_fill(v915, _54561, 0)
             ~~~~~~~~~~~~~~~~~ <--- HERE
    o364 = torch.einsum(""abcd,aedbf->aecbf"", [torch.to(_54546, 15), _54562])
    x6974 = torch.mul(g_sigm59, o364)
RuntimeError: CUDA out of memory. Tried to allocate 1.50 GiB. GPU 0 has a total capacity of 23.52 GiB of which 1.21 GiB is free. Including non-PyTorch memory, this process has 22.28 GiB memory in use. Of the allocated memory 21.75 GiB is allocated by PyTorch, and 111.92 MiB is reserved by PyTorch but unallocated. If reserved but unallocated memory is large try setting PYTORCH_CUDA_ALLOC_CONF=expandable_segments:True to avoid fragmentation.  See documentation for Memory Management  (https://pytorch.org/docs/stable/notes/cuda.html#environment-variables)
",RuntimeError,cuda_oom,retry_default_with_allocator_then_low_sample_rescue
True,True,True,0.6.1,12.0,I:232:3.310;L:232:6.401;K:232:12.321;G:232:15.995;J:232:23.323;H:232:24.514;A:232:45.727;D:232:51.938;F:232:77.905;B:232:80.542;C:232:92.060;E:232:94.600,posebusters_benchmark,cuda:0,3,0,,results/posebench_702_predictions/chai1_gpu/posebusters_benchmark/7OP9_06K/oracle_pocket_crop_s5_t200/inputs/7OP9_06K_chai.fasta,external/PoseBench/data/posebusters_benchmark_set/7OP9_06K/7OP9_06K_ligand.sdf,11,sanitized,Clc1nc(Cl)c2[nH]cnc2n1,1280,chai1_gpu,7OP9_06K,5.0,2,5.0,results/posebench_702_predictions/chai1_gpu/posebusters_benchmark/7OP9_06K/oracle_pocket_crop_s5_t200,True,<REMOTE_PROJECT_ROOT>/results/posebench_702_predictions/chai1_gpu/posebusters_benchmark/7OP9_06K/oracle_pocket_crop_s5_t200/predictions/pred.model_idx_0.cif;<REMOTE_PROJECT_ROOT>/results/posebench_702_predictions/chai1_gpu/posebusters_benchmark/7OP9_06K/oracle_pocket_crop_s5_t200/predictions/pred.model_idx_1.cif;<REMOTE_PROJECT_ROOT>/results/posebench_702_predictions/chai1_gpu/posebusters_benchmark/7OP9_06K/oracle_pocket_crop_s5_t200/predictions/pred.model_idx_2.cif;<REMOTE_PROJECT_ROOT>/results/posebench_702_predictions/chai1_gpu/posebusters_benchmark/7OP9_06K/oracle_pocket_crop_s5_t200/predictions/pred.model_idx_3.cif;<REMOTE_PROJECT_ROOT>/results/posebench_702_predictions/chai1_gpu/posebusters_benchmark/7OP9_06K/oracle_pocket_crop_s5_t200/predictions/pred.model_idx_4.cif,I:232;L:232,external/PoseBench/data/posebusters_benchmark_set/7OP9_06K/7OP9_06K_protein.pdb,114.02,<REMOTE_PROJECT_ROOT>/results/posebench_702_predictions/chai1_gpu/posebusters_benchmark/7OP9_06K/oracle_pocket_crop_s5_t200/predictions/scores.model_idx_0.npz;<REMOTE_PROJECT_ROOT>/results/posebench_702_predictions/chai1_gpu/posebusters_benchmark/7OP9_06K/oracle_pocket_crop_s5_t200/predictions/scores.model_idx_1.npz;<REMOTE_PROJECT_ROOT>/results/posebench_702_predictions/chai1_gpu/posebusters_benchmark/7OP9_06K/oracle_pocket_crop_s5_t200/predictions/scores.model_idx_2.npz;<REMOTE_PROJECT_ROOT>/results/posebench_702_predictions/chai1_gpu/posebusters_benchmark/7OP9_06K/oracle_pocket_crop_s5_t200/predictions/scores.model_idx_3.npz;<REMOTE_PROJECT_ROOT>/results/posebench_702_predictions/chai1_gpu/posebusters_benchmark/7OP9_06K/oracle_pocket_crop_s5_t200/predictions/scores.model_idx_4.npz,I;L,464,ok,oracle_pocket_crop_s5_t200,True,results/posebench_702_predictions/chai1_gpu/posebusters_benchmark/7OP9_06K/oracle_pocket_crop_s5_t200/run_status.json,,,ok,manual_inspection
True,True,True,0.6.1,12.0,A:337:2.940;B:338:16.170;C:337:30.805,posebusters_benchmark,cuda:0,4,0,,results/posebench_702_predictions/chai1_gpu/posebusters_benchmark/7OPG_06N/oracle_pocket_crop_s5_t200/inputs/7OPG_06N_chai.fasta,external/PoseBench/data/posebusters_benchmark_set/7OPG_06N/7OPG_06N_ligand.sdf,19,sanitized,CCCNc1nn2c(-c3ccc(O)cc3)cnc2s1,1280,chai1_gpu,7OPG_06N,5.0,1,5.0,results/posebench_702_predictions/chai1_gpu/posebusters_benchmark/7OPG_06N/oracle_pocket_crop_s5_t200,True,<REMOTE_PROJECT_ROOT>/results/posebench_702_predictions/chai1_gpu/posebusters_benchmark/7OPG_06N/oracle_pocket_crop_s5_t200/predictions/pred.model_idx_0.cif;<REMOTE_PROJECT_ROOT>/results/posebench_702_predictions/chai1_gpu/posebusters_benchmark/7OPG_06N/oracle_pocket_crop_s5_t200/predictions/pred.model_idx_1.cif;<REMOTE_PROJECT_ROOT>/results/posebench_702_predictions/chai1_gpu/posebusters_benchmark/7OPG_06N/oracle_pocket_crop_s5_t200/predictions/pred.model_idx_2.cif;<REMOTE_PROJECT_ROOT>/results/posebench_702_predictions/chai1_gpu/posebusters_benchmark/7OPG_06N/oracle_pocket_crop_s5_t200/predictions/pred.model_idx_3.cif;<REMOTE_PROJECT_ROOT>/results/posebench_702_predictions/chai1_gpu/posebusters_benchmark/7OPG_06N/oracle_pocket_crop_s5_t200/predictions/pred.model_idx_4.cif,A:337,external/PoseBench/data/posebusters_benchmark_set/7OPG_06N/7OPG_06N_protein.pdb,85.929,<REMOTE_PROJECT_ROOT>/results/posebench_702_predictions/chai1_gpu/posebusters_benchmark/7OPG_06N/oracle_pocket_crop_s5_t200/predictions/scores.model_idx_0.npz;<REMOTE_PROJECT_ROOT>/results/posebench_702_predictions/chai1_gpu/posebusters_benchmark/7OPG_06N/oracle_pocket_crop_s5_t200/predictions/scores.model_idx_1.npz;<REMOTE_PROJECT_ROOT>/results/posebench_702_predictions/chai1_gpu/posebusters_benchmark/7OPG_06N/oracle_pocket_crop_s5_t200/predictions/scores.model_idx_2.npz;<REMOTE_PROJECT_ROOT>/results/posebench_702_predictions/chai1_gpu/posebusters_benchmark/7OPG_06N/oracle_pocket_crop_s5_t200/predictions/scores.model_idx_3.npz;<REMOTE_PROJECT_ROOT>/results/posebench_702_predictions/chai1_gpu/posebusters_benchmark/7OPG_06N/oracle_pocket_crop_s5_t200/predictions/scores.model_idx_4.npz,A,337,ok,oracle_pocket_crop_s5_t200,True,results/posebench_702_predictions/chai1_gpu/posebusters_benchmark/7OPG_06N/oracle_pocket_crop_s5_t200/run_status.json,,,ok,manual_inspection
True,True,True,0.6.1,12.0,B:708:2.615;A:714:33.374,posebusters_benchmark,cuda:0,7,0,,results/posebench_702_predictions/chai1_gpu/posebusters_benchmark/7OU8_1XI/oracle_pocket_crop_s5_t200/inputs/7OU8_1XI_chai.fasta,external/PoseBench/data/posebusters_benchmark_set/7OU8_1XI/7OU8_1XI_ligand.sdf,23,sanitized,CC(=O)N[C@H]1CN2/C(=N/Cc3ccccc3)SC[C@@H]2[C@@H](O)[C@@H]1O,1280,chai1_gpu,7OU8_1XI,5.0,1,5.0,results/posebench_702_predictions/chai1_gpu/posebusters_benchmark/7OU8_1XI/oracle_pocket_crop_s5_t200,True,<REMOTE_PROJECT_ROOT>/results/posebench_702_predictions/chai1_gpu/posebusters_benchmark/7OU8_1XI/oracle_pocket_crop_s5_t200/predictions/pred.model_idx_0.cif;<REMOTE_PROJECT_ROOT>/results/posebench_702_predictions/chai1_gpu/posebusters_benchmark/7OU8_1XI/oracle_pocket_crop_s5_t200/predictions/pred.model_idx_1.cif;<REMOTE_PROJECT_ROOT>/results/posebench_702_predictions/chai1_gpu/posebusters_benchmark/7OU8_1XI/oracle_pocket_crop_s5_t200/predictions/pred.model_idx_2.cif;<REMOTE_PROJECT_ROOT>/results/posebench_702_predictions/chai1_gpu/posebusters_benchmark/7OU8_1XI/oracle_pocket_crop_s5_t200/predictions/pred.model_idx_3.cif;<REMOTE_PROJECT_ROOT>/results/posebench_702_predictions/chai1_gpu/posebusters_benchmark/7OU8_1XI/oracle_pocket_crop_s5_t200/predictions/pred.model_idx_4.cif,B:708,external/PoseBench/data/posebusters_benchmark_set/7OU8_1XI/7OU8_1XI_protein.pdb,174.143,<REMOTE_PROJECT_ROOT>/results/posebench_702_predictions/chai1_gpu/posebusters_benchmark/7OU8_1XI/oracle_pocket_crop_s5_t200/predictions/scores.model_idx_0.npz;<REMOTE_PROJECT_ROOT>/results/posebench_702_predictions/chai1_gpu/posebusters_benchmark/7OU8_1XI/oracle_pocket_crop_s5_t200/predictions/scores.model_idx_1.npz;<REMOTE_PROJECT_ROOT>/results/posebench_702_predictions/chai1_gpu/posebusters_benchmark/7OU8_1XI/oracle_pocket_crop_s5_t200/predictions/scores.model_idx_2.npz;<REMOTE_PROJECT_ROOT>/results/posebench_702_predictions/chai1_gpu/posebusters_benchmark/7OU8_1XI/oracle_pocket_crop_s5_t200/predictions/scores.model_idx_3.npz;<REMOTE_PROJECT_ROOT>/results/posebench_702_predictions/chai1_gpu/posebusters_benchmark/7OU8_1XI/oracle_pocket_crop_s5_t200/predictions/scores.model_idx_4.npz,B,708,ok,oracle_pocket_crop_s5_t200,True,results/posebench_702_predictions/chai1_gpu/posebusters_benchmark/7OU8_1XI/oracle_pocket_crop_s5_t200/run_status.json,,,ok,manual_inspection
True,True,True,0.6.1,12.0,A:574:2.679;B:572:2.935,posebusters_benchmark,,5,0,,results/posebench_702_predictions/chai1_gpu/posebusters_benchmark/7PT3_3KK/oracle_pocket_crop_s5_t200/inputs/7PT3_3KK_chai.fasta,external/PoseBench/data/posebusters_benchmark_set/7PT3_3KK/7PT3_3KK_ligand.sdf,54,sanitized,CC(C)(O)C(=O)SCCNC(=O)CCNC(=O)[C@H](O)C(C)(C)CO[P@@](=O)(O)O[P@](=O)(O)OC[C@H]1O[C@@H](n2cnc3c(N)ncnc32)[C@H](O)[C@@H]1OP(=O)(O)O,1280,chai1_gpu,7PT3_3KK,,2,,results/posebench_702_predictions/chai1_gpu/posebusters_benchmark/7PT3_3KK/oracle_pocket_crop_s5_t200,True,,A:574;B:572,external/PoseBench/data/posebusters_benchmark_set/7PT3_3KK/7PT3_3KK_protein.pdb,57.685,,A;B,1146,exception,oracle_pocket_crop_s5_t200,True,results/posebench_702_predictions/chai1_gpu/posebusters_benchmark/7PT3_3KK/oracle_pocket_crop_s5_t200/run_status.json,"The following operation failed in the TorchScript interpreter.
Traceback of TorchScript (most recent call last):
  File ""code/__torch__/chai/model/af3/trunk.py"", line 136641, in forward_1536
    _54560 = torch.mul(element11600, CONSTANTS.c0)
    _54561 = torch.reshape(x6973, [_54557, _54559, int(_54560), 1, 1])
    _54562 = torch.masked_fill(v915, _54561, 0)
             ~~~~~~~~~~~~~~~~~ <--- HERE
    o364 = torch.einsum(""abcd,aedbf->aecbf"", [torch.to(_54546, 15), _54562])
    x6974 = torch.mul(g_sigm59, o364)
RuntimeError: CUDA out of memory. Tried to allocate 1.50 GiB. GPU 0 has a total capacity of 23.52 GiB of which 1.20 GiB is free. Including non-PyTorch memory, this process has 22.30 GiB memory in use. Of the allocated memory 21.75 GiB is allocated by PyTorch, and 131.92 MiB is reserved by PyTorch but unallocated. If reserved but unallocated memory is large try setting PYTORCH_CUDA_ALLOC_CONF=expandable_segments:True to avoid fragmentation.  See documentation for Memory Management  (https://pytorch.org/docs/stable/notes/cuda.html#environment-variables)
",RuntimeError,cuda_oom,retry_default_with_allocator_then_low_sample_rescue
True,True,True,0.6.1,12.0,A:260:2.779;B:261:12.157;C:260:17.206;D:261:25.047,posebusters_benchmark,cuda:0,3,0,,results/posebench_702_predictions/chai1_gpu/posebusters_benchmark/7PUV_84Z/oracle_pocket_crop_s5_t200/inputs/7PUV_84Z_chai.fasta,external/PoseBench/data/posebusters_benchmark_set/7PUV_84Z/7PUV_84Z_ligand.sdf,24,sanitized,COC(=O)c1cc(S(N)(=O)=O)c(Cl)cc1S(=O)(=O)c1ccccc1,1280,chai1_gpu,7PUV_84Z,5.0,1,5.0,results/posebench_702_predictions/chai1_gpu/posebusters_benchmark/7PUV_84Z/oracle_pocket_crop_s5_t200,True,<REMOTE_PROJECT_ROOT>/results/posebench_702_predictions/chai1_gpu/posebusters_benchmark/7PUV_84Z/oracle_pocket_crop_s5_t200/predictions/pred.model_idx_0.cif;<REMOTE_PROJECT_ROOT>/results/posebench_702_predictions/chai1_gpu/posebusters_benchmark/7PUV_84Z/oracle_pocket_crop_s5_t200/predictions/pred.model_idx_1.cif;<REMOTE_PROJECT_ROOT>/results/posebench_702_predictions/chai1_gpu/posebusters_benchmark/7PUV_84Z/oracle_pocket_crop_s5_t200/predictions/pred.model_idx_2.cif;<REMOTE_PROJECT_ROOT>/results/posebench_702_predictions/chai1_gpu/posebusters_benchmark/7PUV_84Z/oracle_pocket_crop_s5_t200/predictions/pred.model_idx_3.cif;<REMOTE_PROJECT_ROOT>/results/posebench_702_predictions/chai1_gpu/posebusters_benchmark/7PUV_84Z/oracle_pocket_crop_s5_t200/predictions/pred.model_idx_4.cif,A:260,external/PoseBench/data/posebusters_benchmark_set/7PUV_84Z/7PUV_84Z_protein.pdb,82.501,<REMOTE_PROJECT_ROOT>/results/posebench_702_predictions/chai1_gpu/posebusters_benchmark/7PUV_84Z/oracle_pocket_crop_s5_t200/predictions/scores.model_idx_0.npz;<REMOTE_PROJECT_ROOT>/results/posebench_702_predictions/chai1_gpu/posebusters_benchmark/7PUV_84Z/oracle_pocket_crop_s5_t200/predictions/scores.model_idx_1.npz;<REMOTE_PROJECT_ROOT>/results/posebench_702_predictions/chai1_gpu/posebusters_benchmark/7PUV_84Z/oracle_pocket_crop_s5_t200/predictions/scores.model_idx_2.npz;<REMOTE_PROJECT_ROOT>/results/posebench_702_predictions/chai1_gpu/posebusters_benchmark/7PUV_84Z/oracle_pocket_crop_s5_t200/predictions/scores.model_idx_3.npz;<REMOTE_PROJECT_ROOT>/results/posebench_702_predictions/chai1_gpu/posebusters_benchmark/7PUV_84Z/oracle_pocket_crop_s5_t200/predictions/scores.model_idx_4.npz,A,260,ok,oracle_pocket_crop_s5_t200,True,results/posebench_702_predictions/chai1_gpu/posebusters_benchmark/7PUV_84Z/oracle_pocket_crop_s5_t200/run_status.json,,,ok,manual_inspection
True,True,True,0.6.1,12.0,B:606:2.625;A:611:20.875,posebusters_benchmark,cuda:0,4,0,,results/posebench_702_predictions/chai1_gpu/posebusters_benchmark/7Q25_8J9/oracle_pocket_crop_s5_t200/inputs/7Q25_8J9_chai.fasta,external/PoseBench/data/posebusters_benchmark_set/7Q25_8J9/7Q25_8J9_ligand.sdf,33,sanitized,CCCC[C@H](N[C@@H](CCc1ccccc1)C(=O)O)C(=O)N[C@@H](Cc1ccc(O)cc1)C(=O)O,1280,chai1_gpu,7Q25_8J9,5.0,1,5.0,results/posebench_702_predictions/chai1_gpu/posebusters_benchmark/7Q25_8J9/oracle_pocket_crop_s5_t200,True,<REMOTE_PROJECT_ROOT>/results/posebench_702_predictions/chai1_gpu/posebusters_benchmark/7Q25_8J9/oracle_pocket_crop_s5_t200/predictions/pred.model_idx_0.cif;<REMOTE_PROJECT_ROOT>/results/posebench_702_predictions/chai1_gpu/posebusters_benchmark/7Q25_8J9/oracle_pocket_crop_s5_t200/predictions/pred.model_idx_1.cif;<REMOTE_PROJECT_ROOT>/results/posebench_702_predictions/chai1_gpu/posebusters_benchmark/7Q25_8J9/oracle_pocket_crop_s5_t200/predictions/pred.model_idx_2.cif;<REMOTE_PROJECT_ROOT>/results/posebench_702_predictions/chai1_gpu/posebusters_benchmark/7Q25_8J9/oracle_pocket_crop_s5_t200/predictions/pred.model_idx_3.cif;<REMOTE_PROJECT_ROOT>/results/posebench_702_predictions/chai1_gpu/posebusters_benchmark/7Q25_8J9/oracle_pocket_crop_s5_t200/predictions/pred.model_idx_4.cif,B:606,external/PoseBench/data/posebusters_benchmark_set/7Q25_8J9/7Q25_8J9_protein.pdb,174.532,<REMOTE_PROJECT_ROOT>/results/posebench_702_predictions/chai1_gpu/posebusters_benchmark/7Q25_8J9/oracle_pocket_crop_s5_t200/predictions/scores.model_idx_0.npz;<REMOTE_PROJECT_ROOT>/results/posebench_702_predictions/chai1_gpu/posebusters_benchmark/7Q25_8J9/oracle_pocket_crop_s5_t200/predictions/scores.model_idx_1.npz;<REMOTE_PROJECT_ROOT>/results/posebench_702_predictions/chai1_gpu/posebusters_benchmark/7Q25_8J9/oracle_pocket_crop_s5_t200/predictions/scores.model_idx_2.npz;<REMOTE_PROJECT_ROOT>/results/posebench_702_predictions/chai1_gpu/posebusters_benchmark/7Q25_8J9/oracle_pocket_crop_s5_t200/predictions/scores.model_idx_3.npz;<REMOTE_PROJECT_ROOT>/results/posebench_702_predictions/chai1_gpu/posebusters_benchmark/7Q25_8J9/oracle_pocket_crop_s5_t200/predictions/scores.model_idx_4.npz,B,606,ok,oracle_pocket_crop_s5_t200,True,results/posebench_702_predictions/chai1_gpu/posebusters_benchmark/7Q25_8J9/oracle_pocket_crop_s5_t200/run_status.json,,,ok,manual_inspection
True,True,True,0.6.1,12.0,A:284:2.670;D:256:13.503;B:258:14.817;C:286:23.978,posebusters_benchmark,cuda:0,6,0,,results/posebench_702_predictions/chai1_gpu/posebusters_benchmark/7QHL_D5P/oracle_pocket_crop_s5_t200/inputs/7QHL_D5P_chai.fasta,external/PoseBench/data/posebusters_benchmark_set/7QHL_D5P/7QHL_D5P_ligand.sdf,30,sanitized,NCCSc1nc(NCc2ccc(-n3cccn3)cc2)c2[nH]nc(C3CCC3)c2n1,1280,chai1_gpu,7QHL_D5P,5.0,1,5.0,results/posebench_702_predictions/chai1_gpu/posebusters_benchmark/7QHL_D5P/oracle_pocket_crop_s5_t200,True,<REMOTE_PROJECT_ROOT>/results/posebench_702_predictions/chai1_gpu/posebusters_benchmark/7QHL_D5P/oracle_pocket_crop_s5_t200/predictions/pred.model_idx_0.cif;<REMOTE_PROJECT_ROOT>/results/posebench_702_predictions/chai1_gpu/posebusters_benchmark/7QHL_D5P/oracle_pocket_crop_s5_t200/predictions/pred.model_idx_1.cif;<REMOTE_PROJECT_ROOT>/results/posebench_702_predictions/chai1_gpu/posebusters_benchmark/7QHL_D5P/oracle_pocket_crop_s5_t200/predictions/pred.model_idx_2.cif;<REMOTE_PROJECT_ROOT>/results/posebench_702_predictions/chai1_gpu/posebusters_benchmark/7QHL_D5P/oracle_pocket_crop_s5_t200/predictions/pred.model_idx_3.cif;<REMOTE_PROJECT_ROOT>/results/posebench_702_predictions/chai1_gpu/posebusters_benchmark/7QHL_D5P/oracle_pocket_crop_s5_t200/predictions/pred.model_idx_4.cif,A:284,external/PoseBench/data/posebusters_benchmark_set/7QHL_D5P/7QHL_D5P_protein.pdb,83.563,<REMOTE_PROJECT_ROOT>/results/posebench_702_predictions/chai1_gpu/posebusters_benchmark/7QHL_D5P/oracle_pocket_crop_s5_t200/predictions/scores.model_idx_0.npz;<REMOTE_PROJECT_ROOT>/results/posebench_702_predictions/chai1_gpu/posebusters_benchmark/7QHL_D5P/oracle_pocket_crop_s5_t200/predictions/scores.model_idx_1.npz;<REMOTE_PROJECT_ROOT>/results/posebench_702_predictions/chai1_gpu/posebusters_benchmark/7QHL_D5P/oracle_pocket_crop_s5_t200/predictions/scores.model_idx_2.npz;<REMOTE_PROJECT_ROOT>/results/posebench_702_predictions/chai1_gpu/posebusters_benchmark/7QHL_D5P/oracle_pocket_crop_s5_t200/predictions/scores.model_idx_3.npz;<REMOTE_PROJECT_ROOT>/results/posebench_702_predictions/chai1_gpu/posebusters_benchmark/7QHL_D5P/oracle_pocket_crop_s5_t200/predictions/scores.model_idx_4.npz,A,284,ok,oracle_pocket_crop_s5_t200,True,results/posebench_702_predictions/chai1_gpu/posebusters_benchmark/7QHL_D5P/oracle_pocket_crop_s5_t200/run_status.json,,,ok,manual_inspection
True,True,True,0.6.1,12.0,A:465:2.735;F:102:16.573;B:102:19.001;E:465:22.287;C:466:25.660;G:465:43.626;D:102:47.412;H:102:47.715,posebusters_benchmark,cuda:0,2,0,,results/posebench_702_predictions/chai1_gpu/posebusters_benchmark/7QSW_CAP/oracle_pocket_crop_s5_t200/inputs/7QSW_CAP_chai.fasta,external/PoseBench/data/posebusters_benchmark_set/7QSW_CAP/7QSW_CAP_ligand.sdf,21,sanitized,O=C(O)[C@@](O)(COP(=O)(O)O)[C@H](O)[C@H](O)COP(=O)(O)O,1280,chai1_gpu,7QSW_CAP,5.0,1,5.0,results/posebench_702_predictions/chai1_gpu/posebusters_benchmark/7QSW_CAP/oracle_pocket_crop_s5_t200,True,<REMOTE_PROJECT_ROOT>/results/posebench_702_predictions/chai1_gpu/posebusters_benchmark/7QSW_CAP/oracle_pocket_crop_s5_t200/predictions/pred.model_idx_0.cif;<REMOTE_PROJECT_ROOT>/results/posebench_702_predictions/chai1_gpu/posebusters_benchmark/7QSW_CAP/oracle_pocket_crop_s5_t200/predictions/pred.model_idx_1.cif;<REMOTE_PROJECT_ROOT>/results/posebench_702_predictions/chai1_gpu/posebusters_benchmark/7QSW_CAP/oracle_pocket_crop_s5_t200/predictions/pred.model_idx_2.cif;<REMOTE_PROJECT_ROOT>/results/posebench_702_predictions/chai1_gpu/posebusters_benchmark/7QSW_CAP/oracle_pocket_crop_s5_t200/predictions/pred.model_idx_3.cif;<REMOTE_PROJECT_ROOT>/results/posebench_702_predictions/chai1_gpu/posebusters_benchmark/7QSW_CAP/oracle_pocket_crop_s5_t200/predictions/pred.model_idx_4.cif,A:465,external/PoseBench/data/posebusters_benchmark_set/7QSW_CAP/7QSW_CAP_protein.pdb,111.826,<REMOTE_PROJECT_ROOT>/results/posebench_702_predictions/chai1_gpu/posebusters_benchmark/7QSW_CAP/oracle_pocket_crop_s5_t200/predictions/scores.model_idx_0.npz;<REMOTE_PROJECT_ROOT>/results/posebench_702_predictions/chai1_gpu/posebusters_benchmark/7QSW_CAP/oracle_pocket_crop_s5_t200/predictions/scores.model_idx_1.npz;<REMOTE_PROJECT_ROOT>/results/posebench_702_predictions/chai1_gpu/posebusters_benchmark/7QSW_CAP/oracle_pocket_crop_s5_t200/predictions/scores.model_idx_2.npz;<REMOTE_PROJECT_ROOT>/results/posebench_702_predictions/chai1_gpu/posebusters_benchmark/7QSW_CAP/oracle_pocket_crop_s5_t200/predictions/scores.model_idx_3.npz;<REMOTE_PROJECT_ROOT>/results/posebench_702_predictions/chai1_gpu/posebusters_benchmark/7QSW_CAP/oracle_pocket_crop_s5_t200/predictions/scores.model_idx_4.npz,A,465,ok,oracle_pocket_crop_s5_t200,True,results/posebench_702_predictions/chai1_gpu/posebusters_benchmark/7QSW_CAP/oracle_pocket_crop_s5_t200/run_status.json,,,ok,manual_inspection
True,True,True,0.6.1,12.0,B:764:2.568;A:765:13.792,posebusters_benchmark,cuda:0,1,0,,results/posebench_702_predictions/chai1_gpu/posebusters_benchmark/7R6J_2I7/oracle_pocket_crop_s5_t200/inputs/7R6J_2I7_chai.fasta,external/PoseBench/data/posebusters_benchmark_set/7R6J_2I7/7R6J_2I7_ligand.sdf,33,sanitized,Cc1cc(NCc2cccc(CN3C[C@H](O)[C@@H](O)[C@H](O)[C@H]3CO)c2)cc(-c2ncccn2)c1,1280,chai1_gpu,7R6J_2I7,5.0,1,5.0,results/posebench_702_predictions/chai1_gpu/posebusters_benchmark/7R6J_2I7/oracle_pocket_crop_s5_t200,True,<REMOTE_PROJECT_ROOT>/results/posebench_702_predictions/chai1_gpu/posebusters_benchmark/7R6J_2I7/oracle_pocket_crop_s5_t200/predictions/pred.model_idx_0.cif;<REMOTE_PROJECT_ROOT>/results/posebench_702_predictions/chai1_gpu/posebusters_benchmark/7R6J_2I7/oracle_pocket_crop_s5_t200/predictions/pred.model_idx_1.cif;<REMOTE_PROJECT_ROOT>/results/posebench_702_predictions/chai1_gpu/posebusters_benchmark/7R6J_2I7/oracle_pocket_crop_s5_t200/predictions/pred.model_idx_2.cif;<REMOTE_PROJECT_ROOT>/results/posebench_702_predictions/chai1_gpu/posebusters_benchmark/7R6J_2I7/oracle_pocket_crop_s5_t200/predictions/pred.model_idx_3.cif;<REMOTE_PROJECT_ROOT>/results/posebench_702_predictions/chai1_gpu/posebusters_benchmark/7R6J_2I7/oracle_pocket_crop_s5_t200/predictions/pred.model_idx_4.cif,B:764,external/PoseBench/data/posebusters_benchmark_set/7R6J_2I7/7R6J_2I7_protein.pdb,273.14,<REMOTE_PROJECT_ROOT>/results/posebench_702_predictions/chai1_gpu/posebusters_benchmark/7R6J_2I7/oracle_pocket_crop_s5_t200/predictions/scores.model_idx_0.npz;<REMOTE_PROJECT_ROOT>/results/posebench_702_predictions/chai1_gpu/posebusters_benchmark/7R6J_2I7/oracle_pocket_crop_s5_t200/predictions/scores.model_idx_1.npz;<REMOTE_PROJECT_ROOT>/results/posebench_702_predictions/chai1_gpu/posebusters_benchmark/7R6J_2I7/oracle_pocket_crop_s5_t200/predictions/scores.model_idx_2.npz;<REMOTE_PROJECT_ROOT>/results/posebench_702_predictions/chai1_gpu/posebusters_benchmark/7R6J_2I7/oracle_pocket_crop_s5_t200/predictions/scores.model_idx_3.npz;<REMOTE_PROJECT_ROOT>/results/posebench_702_predictions/chai1_gpu/posebusters_benchmark/7R6J_2I7/oracle_pocket_crop_s5_t200/predictions/scores.model_idx_4.npz,B,764,ok,oracle_pocket_crop_s5_t200,True,results/posebench_702_predictions/chai1_gpu/posebusters_benchmark/7R6J_2I7/oracle_pocket_crop_s5_t200/run_status.json,,,ok,manual_inspection
True,True,True,0.6.1,12.0,B:534:2.776;A:529:12.613,posebusters_benchmark,cuda:0,2,0,,results/posebench_702_predictions/chai1_gpu/posebusters_benchmark/7RSV_7IQ/oracle_pocket_crop_s5_t200/inputs/7RSV_7IQ_chai.fasta,external/PoseBench/data/posebusters_benchmark_set/7RSV_7IQ/7RSV_7IQ_ligand.sdf,20,sanitized,C[C@@H]1COCCN1c1cc2n(n1)[C@@H]1CCC[C@@H]1NC2=O,1280,chai1_gpu,7RSV_7IQ,5.0,1,5.0,results/posebench_702_predictions/chai1_gpu/posebusters_benchmark/7RSV_7IQ/oracle_pocket_crop_s5_t200,True,<REMOTE_PROJECT_ROOT>/results/posebench_702_predictions/chai1_gpu/posebusters_benchmark/7RSV_7IQ/oracle_pocket_crop_s5_t200/predictions/pred.model_idx_0.cif;<REMOTE_PROJECT_ROOT>/results/posebench_702_predictions/chai1_gpu/posebusters_benchmark/7RSV_7IQ/oracle_pocket_crop_s5_t200/predictions/pred.model_idx_1.cif;<REMOTE_PROJECT_ROOT>/results/posebench_702_predictions/chai1_gpu/posebusters_benchmark/7RSV_7IQ/oracle_pocket_crop_s5_t200/predictions/pred.model_idx_2.cif;<REMOTE_PROJECT_ROOT>/results/posebench_702_predictions/chai1_gpu/posebusters_benchmark/7RSV_7IQ/oracle_pocket_crop_s5_t200/predictions/pred.model_idx_3.cif;<REMOTE_PROJECT_ROOT>/results/posebench_702_predictions/chai1_gpu/posebusters_benchmark/7RSV_7IQ/oracle_pocket_crop_s5_t200/predictions/pred.model_idx_4.cif,B:534,external/PoseBench/data/posebusters_benchmark_set/7RSV_7IQ/7RSV_7IQ_protein.pdb,176.416,<REMOTE_PROJECT_ROOT>/results/posebench_702_predictions/chai1_gpu/posebusters_benchmark/7RSV_7IQ/oracle_pocket_crop_s5_t200/predictions/scores.model_idx_0.npz;<REMOTE_PROJECT_ROOT>/results/posebench_702_predictions/chai1_gpu/posebusters_benchmark/7RSV_7IQ/oracle_pocket_crop_s5_t200/predictions/scores.model_idx_1.npz;<REMOTE_PROJECT_ROOT>/results/posebench_702_predictions/chai1_gpu/posebusters_benchmark/7RSV_7IQ/oracle_pocket_crop_s5_t200/predictions/scores.model_idx_2.npz;<REMOTE_PROJECT_ROOT>/results/posebench_702_predictions/chai1_gpu/posebusters_benchmark/7RSV_7IQ/oracle_pocket_crop_s5_t200/predictions/scores.model_idx_3.npz;<REMOTE_PROJECT_ROOT>/results/posebench_702_predictions/chai1_gpu/posebusters_benchmark/7RSV_7IQ/oracle_pocket_crop_s5_t200/predictions/scores.model_idx_4.npz,B,534,ok,oracle_pocket_crop_s5_t200,True,results/posebench_702_predictions/chai1_gpu/posebusters_benchmark/7RSV_7IQ/oracle_pocket_crop_s5_t200/run_status.json,,,ok,manual_inspection
True,True,True,0.6.1,12.0,A:542:2.683;C:246:2.888;B:442:3.025;a:542:4.732;b:442:22.457;c:246:52.750,posebusters_benchmark,,7,0,,results/posebench_702_predictions/chai1_gpu/posebusters_benchmark/7SUC_COM/oracle_pocket_crop_s5_t200/inputs/7SUC_COM_chai.fasta,external/PoseBench/data/posebusters_benchmark_set/7SUC_COM/7SUC_COM_ligand.sdf,7,sanitized,O=S(=O)(O)CCS,1280,chai1_gpu,7SUC_COM,,3,,results/posebench_702_predictions/chai1_gpu/posebusters_benchmark/7SUC_COM/oracle_pocket_crop_s5_t200,True,,A:542;B:442;C:246,external/PoseBench/data/posebusters_benchmark_set/7SUC_COM/7SUC_COM_protein.pdb,56.087,,A;B;C,1230,exception,oracle_pocket_crop_s5_t200,True,results/posebench_702_predictions/chai1_gpu/posebusters_benchmark/7SUC_COM/oracle_pocket_crop_s5_t200/run_status.json,"The following operation failed in the TorchScript interpreter.
Traceback of TorchScript (most recent call last):
  File ""code/__torch__/chai/model/af3/trunk.py"", line 136641, in forward_1536
    _54560 = torch.mul(element11600, CONSTANTS.c0)
    _54561 = torch.reshape(x6973, [_54557, _54559, int(_54560), 1, 1])
    _54562 = torch.masked_fill(v915, _54561, 0)
             ~~~~~~~~~~~~~~~~~ <--- HERE
    o364 = torch.einsum(""abcd,aedbf->aecbf"", [torch.to(_54546, 15), _54562])
    x6974 = torch.mul(g_sigm59, o364)
RuntimeError: CUDA out of memory. Tried to allocate 1.50 GiB. GPU 0 has a total capacity of 23.52 GiB of which 1.21 GiB is free. Including non-PyTorch memory, this process has 22.28 GiB memory in use. Of the allocated memory 21.75 GiB is allocated by PyTorch, and 111.92 MiB is reserved by PyTorch but unallocated. If reserved but unallocated memory is large try setting PYTORCH_CUDA_ALLOC_CONF=expandable_segments:True to avoid fragmentation.  See documentation for Memory Management  (https://pytorch.org/docs/stable/notes/cuda.html#environment-variables)
",RuntimeError,cuda_oom,retry_default_with_allocator_then_low_sample_rescue
True,True,True,0.6.1,12.0,A:420:2.619;B:420:3.943;C:420:25.513;D:420:48.378,posebusters_benchmark,cuda:0,5,0,,results/posebench_702_predictions/chai1_gpu/posebusters_benchmark/7TB0_UD1/oracle_pocket_crop_s5_t200/inputs/7TB0_UD1_chai.fasta,external/PoseBench/data/posebusters_benchmark_set/7TB0_UD1/7TB0_UD1_ligand.sdf,39,sanitized,CC(=O)N[C@H]1[C@@H](O[P@@](=O)(O)O[P@@](=O)(O)OC[C@H]2O[C@@H](n3ccc(=O)[nH]c3=O)[C@H](O)[C@@H]2O)O[C@H](CO)[C@@H](O)[C@@H]1O,1280,chai1_gpu,7TB0_UD1,5.0,2,5.0,results/posebench_702_predictions/chai1_gpu/posebusters_benchmark/7TB0_UD1/oracle_pocket_crop_s5_t200,True,<REMOTE_PROJECT_ROOT>/results/posebench_702_predictions/chai1_gpu/posebusters_benchmark/7TB0_UD1/oracle_pocket_crop_s5_t200/predictions/pred.model_idx_0.cif;<REMOTE_PROJECT_ROOT>/results/posebench_702_predictions/chai1_gpu/posebusters_benchmark/7TB0_UD1/oracle_pocket_crop_s5_t200/predictions/pred.model_idx_1.cif;<REMOTE_PROJECT_ROOT>/results/posebench_702_predictions/chai1_gpu/posebusters_benchmark/7TB0_UD1/oracle_pocket_crop_s5_t200/predictions/pred.model_idx_2.cif;<REMOTE_PROJECT_ROOT>/results/posebench_702_predictions/chai1_gpu/posebusters_benchmark/7TB0_UD1/oracle_pocket_crop_s5_t200/predictions/pred.model_idx_3.cif;<REMOTE_PROJECT_ROOT>/results/posebench_702_predictions/chai1_gpu/posebusters_benchmark/7TB0_UD1/oracle_pocket_crop_s5_t200/predictions/pred.model_idx_4.cif,A:420;B:420,external/PoseBench/data/posebusters_benchmark_set/7TB0_UD1/7TB0_UD1_protein.pdb,280.761,<REMOTE_PROJECT_ROOT>/results/posebench_702_predictions/chai1_gpu/posebusters_benchmark/7TB0_UD1/oracle_pocket_crop_s5_t200/predictions/scores.model_idx_0.npz;<REMOTE_PROJECT_ROOT>/results/posebench_702_predictions/chai1_gpu/posebusters_benchmark/7TB0_UD1/oracle_pocket_crop_s5_t200/predictions/scores.model_idx_1.npz;<REMOTE_PROJECT_ROOT>/results/posebench_702_predictions/chai1_gpu/posebusters_benchmark/7TB0_UD1/oracle_pocket_crop_s5_t200/predictions/scores.model_idx_2.npz;<REMOTE_PROJECT_ROOT>/results/posebench_702_predictions/chai1_gpu/posebusters_benchmark/7TB0_UD1/oracle_pocket_crop_s5_t200/predictions/scores.model_idx_3.npz;<REMOTE_PROJECT_ROOT>/results/posebench_702_predictions/chai1_gpu/posebusters_benchmark/7TB0_UD1/oracle_pocket_crop_s5_t200/predictions/scores.model_idx_4.npz,A;B,840,ok,oracle_pocket_crop_s5_t200,True,results/posebench_702_predictions/chai1_gpu/posebusters_benchmark/7TB0_UD1/oracle_pocket_crop_s5_t200/run_status.json,,,ok,manual_inspection
True,True,True,0.6.1,12.0,B:414:2.660;A:418:9.598;D:418:28.760;C:414:64.458,posebusters_benchmark,cuda:0,3,0,,results/posebench_702_predictions/chai1_gpu/posebusters_benchmark/7TS6_KMI/oracle_pocket_crop_s5_t200/inputs/7TS6_KMI_chai.fasta,external/PoseBench/data/posebusters_benchmark_set/7TS6_KMI/7TS6_KMI_ligand.sdf,17,sanitized,CNCc1cccc(-c2cc(C)cc(N)n2)c1,1280,chai1_gpu,7TS6_KMI,5.0,2,5.0,results/posebench_702_predictions/chai1_gpu/posebusters_benchmark/7TS6_KMI/oracle_pocket_crop_s5_t200,True,<REMOTE_PROJECT_ROOT>/results/posebench_702_predictions/chai1_gpu/posebusters_benchmark/7TS6_KMI/oracle_pocket_crop_s5_t200/predictions/pred.model_idx_0.cif;<REMOTE_PROJECT_ROOT>/results/posebench_702_predictions/chai1_gpu/posebusters_benchmark/7TS6_KMI/oracle_pocket_crop_s5_t200/predictions/pred.model_idx_1.cif;<REMOTE_PROJECT_ROOT>/results/posebench_702_predictions/chai1_gpu/posebusters_benchmark/7TS6_KMI/oracle_pocket_crop_s5_t200/predictions/pred.model_idx_2.cif;<REMOTE_PROJECT_ROOT>/results/posebench_702_predictions/chai1_gpu/posebusters_benchmark/7TS6_KMI/oracle_pocket_crop_s5_t200/predictions/pred.model_idx_3.cif;<REMOTE_PROJECT_ROOT>/results/posebench_702_predictions/chai1_gpu/posebusters_benchmark/7TS6_KMI/oracle_pocket_crop_s5_t200/predictions/pred.model_idx_4.cif,A:418;B:414,external/PoseBench/data/posebusters_benchmark_set/7TS6_KMI/7TS6_KMI_protein.pdb,279.354,<REMOTE_PROJECT_ROOT>/results/posebench_702_predictions/chai1_gpu/posebusters_benchmark/7TS6_KMI/oracle_pocket_crop_s5_t200/predictions/scores.model_idx_0.npz;<REMOTE_PROJECT_ROOT>/results/posebench_702_predictions/chai1_gpu/posebusters_benchmark/7TS6_KMI/oracle_pocket_crop_s5_t200/predictions/scores.model_idx_1.npz;<REMOTE_PROJECT_ROOT>/results/posebench_702_predictions/chai1_gpu/posebusters_benchmark/7TS6_KMI/oracle_pocket_crop_s5_t200/predictions/scores.model_idx_2.npz;<REMOTE_PROJECT_ROOT>/results/posebench_702_predictions/chai1_gpu/posebusters_benchmark/7TS6_KMI/oracle_pocket_crop_s5_t200/predictions/scores.model_idx_3.npz;<REMOTE_PROJECT_ROOT>/results/posebench_702_predictions/chai1_gpu/posebusters_benchmark/7TS6_KMI/oracle_pocket_crop_s5_t200/predictions/scores.model_idx_4.npz,A;B,832,ok,oracle_pocket_crop_s5_t200,True,results/posebench_702_predictions/chai1_gpu/posebusters_benchmark/7TS6_KMI/oracle_pocket_crop_s5_t200/run_status.json,,,ok,manual_inspection
True,True,True,0.6.1,12.0,B:256:2.602;A:256:8.890;C:256:18.168;D:256:22.719,posebusters_benchmark,cuda:0,7,0,,results/posebench_702_predictions/chai1_gpu/posebusters_benchmark/7UJ5_DGL/oracle_pocket_crop_s5_t200/inputs/7UJ5_DGL_chai.fasta,external/PoseBench/data/posebusters_benchmark_set/7UJ5_DGL/7UJ5_DGL_ligand.sdf,10,sanitized,N[C@H](CCC(=O)O)C(=O)O,1280,chai1_gpu,7UJ5_DGL,5.0,2,5.0,results/posebench_702_predictions/chai1_gpu/posebusters_benchmark/7UJ5_DGL/oracle_pocket_crop_s5_t200,True,<REMOTE_PROJECT_ROOT>/results/posebench_702_predictions/chai1_gpu/posebusters_benchmark/7UJ5_DGL/oracle_pocket_crop_s5_t200/predictions/pred.model_idx_0.cif;<REMOTE_PROJECT_ROOT>/results/posebench_702_predictions/chai1_gpu/posebusters_benchmark/7UJ5_DGL/oracle_pocket_crop_s5_t200/predictions/pred.model_idx_1.cif;<REMOTE_PROJECT_ROOT>/results/posebench_702_predictions/chai1_gpu/posebusters_benchmark/7UJ5_DGL/oracle_pocket_crop_s5_t200/predictions/pred.model_idx_2.cif;<REMOTE_PROJECT_ROOT>/results/posebench_702_predictions/chai1_gpu/posebusters_benchmark/7UJ5_DGL/oracle_pocket_crop_s5_t200/predictions/pred.model_idx_3.cif;<REMOTE_PROJECT_ROOT>/results/posebench_702_predictions/chai1_gpu/posebusters_benchmark/7UJ5_DGL/oracle_pocket_crop_s5_t200/predictions/pred.model_idx_4.cif,A:256;B:256,external/PoseBench/data/posebusters_benchmark_set/7UJ5_DGL/7UJ5_DGL_protein.pdb,174.382,<REMOTE_PROJECT_ROOT>/results/posebench_702_predictions/chai1_gpu/posebusters_benchmark/7UJ5_DGL/oracle_pocket_crop_s5_t200/predictions/scores.model_idx_0.npz;<REMOTE_PROJECT_ROOT>/results/posebench_702_predictions/chai1_gpu/posebusters_benchmark/7UJ5_DGL/oracle_pocket_crop_s5_t200/predictions/scores.model_idx_1.npz;<REMOTE_PROJECT_ROOT>/results/posebench_702_predictions/chai1_gpu/posebusters_benchmark/7UJ5_DGL/oracle_pocket_crop_s5_t200/predictions/scores.model_idx_2.npz;<REMOTE_PROJECT_ROOT>/results/posebench_702_predictions/chai1_gpu/posebusters_benchmark/7UJ5_DGL/oracle_pocket_crop_s5_t200/predictions/scores.model_idx_3.npz;<REMOTE_PROJECT_ROOT>/results/posebench_702_predictions/chai1_gpu/posebusters_benchmark/7UJ5_DGL/oracle_pocket_crop_s5_t200/predictions/scores.model_idx_4.npz,A;B,512,ok,oracle_pocket_crop_s5_t200,True,results/posebench_702_predictions/chai1_gpu/posebusters_benchmark/7UJ5_DGL/oracle_pocket_crop_s5_t200/run_status.json,,,ok,manual_inspection
True,True,True,0.6.1,12.0,A:704:2.576;B:703:11.738,posebusters_benchmark,cuda:0,6,0,,results/posebench_702_predictions/chai1_gpu/posebusters_benchmark/7VKZ_NOJ/oracle_pocket_crop_s5_t200/inputs/7VKZ_NOJ_chai.fasta,external/PoseBench/data/posebusters_benchmark_set/7VKZ_NOJ/7VKZ_NOJ_ligand.sdf,11,sanitized,OC[C@H]1NC[C@H](O)[C@@H](O)[C@@H]1O,1280,chai1_gpu,7VKZ_NOJ,5.0,1,5.0,results/posebench_702_predictions/chai1_gpu/posebusters_benchmark/7VKZ_NOJ/oracle_pocket_crop_s5_t200,True,<REMOTE_PROJECT_ROOT>/results/posebench_702_predictions/chai1_gpu/posebusters_benchmark/7VKZ_NOJ/oracle_pocket_crop_s5_t200/predictions/pred.model_idx_0.cif;<REMOTE_PROJECT_ROOT>/results/posebench_702_predictions/chai1_gpu/posebusters_benchmark/7VKZ_NOJ/oracle_pocket_crop_s5_t200/predictions/pred.model_idx_1.cif;<REMOTE_PROJECT_ROOT>/results/posebench_702_predictions/chai1_gpu/posebusters_benchmark/7VKZ_NOJ/oracle_pocket_crop_s5_t200/predictions/pred.model_idx_2.cif;<REMOTE_PROJECT_ROOT>/results/posebench_702_predictions/chai1_gpu/posebusters_benchmark/7VKZ_NOJ/oracle_pocket_crop_s5_t200/predictions/pred.model_idx_3.cif;<REMOTE_PROJECT_ROOT>/results/posebench_702_predictions/chai1_gpu/posebusters_benchmark/7VKZ_NOJ/oracle_pocket_crop_s5_t200/predictions/pred.model_idx_4.cif,A:704,external/PoseBench/data/posebusters_benchmark_set/7VKZ_NOJ/7VKZ_NOJ_protein.pdb,174.977,<REMOTE_PROJECT_ROOT>/results/posebench_702_predictions/chai1_gpu/posebusters_benchmark/7VKZ_NOJ/oracle_pocket_crop_s5_t200/predictions/scores.model_idx_0.npz;<REMOTE_PROJECT_ROOT>/results/posebench_702_predictions/chai1_gpu/posebusters_benchmark/7VKZ_NOJ/oracle_pocket_crop_s5_t200/predictions/scores.model_idx_1.npz;<REMOTE_PROJECT_ROOT>/results/posebench_702_predictions/chai1_gpu/posebusters_benchmark/7VKZ_NOJ/oracle_pocket_crop_s5_t200/predictions/scores.model_idx_2.npz;<REMOTE_PROJECT_ROOT>/results/posebench_702_predictions/chai1_gpu/posebusters_benchmark/7VKZ_NOJ/oracle_pocket_crop_s5_t200/predictions/scores.model_idx_3.npz;<REMOTE_PROJECT_ROOT>/results/posebench_702_predictions/chai1_gpu/posebusters_benchmark/7VKZ_NOJ/oracle_pocket_crop_s5_t200/predictions/scores.model_idx_4.npz,A,704,ok,oracle_pocket_crop_s5_t200,True,results/posebench_702_predictions/chai1_gpu/posebusters_benchmark/7VKZ_NOJ/oracle_pocket_crop_s5_t200/run_status.json,,,ok,manual_inspection
True,True,True,0.6.1,12.0,A:675:2.757;B:679:11.943,posebusters_benchmark,cuda:0,4,0,,results/posebench_702_predictions/chai1_gpu/posebusters_benchmark/7VYJ_CA0/oracle_pocket_crop_s5_t200/inputs/7VYJ_CA0_chai.fasta,external/PoseBench/data/posebusters_benchmark_set/7VYJ_CA0/7VYJ_CA0_ligand.sdf,26,sanitized,NC(=O)O[P@](=O)(O)OC[C@H]1O[C@@H](n2cnc3c(N)ncnc32)[C@H](O)[C@@H]1O,1280,chai1_gpu,7VYJ_CA0,5.0,1,5.0,results/posebench_702_predictions/chai1_gpu/posebusters_benchmark/7VYJ_CA0/oracle_pocket_crop_s5_t200,True,<REMOTE_PROJECT_ROOT>/results/posebench_702_predictions/chai1_gpu/posebusters_benchmark/7VYJ_CA0/oracle_pocket_crop_s5_t200/predictions/pred.model_idx_0.cif;<REMOTE_PROJECT_ROOT>/results/posebench_702_predictions/chai1_gpu/posebusters_benchmark/7VYJ_CA0/oracle_pocket_crop_s5_t200/predictions/pred.model_idx_1.cif;<REMOTE_PROJECT_ROOT>/results/posebench_702_predictions/chai1_gpu/posebusters_benchmark/7VYJ_CA0/oracle_pocket_crop_s5_t200/predictions/pred.model_idx_2.cif;<REMOTE_PROJECT_ROOT>/results/posebench_702_predictions/chai1_gpu/posebusters_benchmark/7VYJ_CA0/oracle_pocket_crop_s5_t200/predictions/pred.model_idx_3.cif;<REMOTE_PROJECT_ROOT>/results/posebench_702_predictions/chai1_gpu/posebusters_benchmark/7VYJ_CA0/oracle_pocket_crop_s5_t200/predictions/pred.model_idx_4.cif,A:675,external/PoseBench/data/posebusters_benchmark_set/7VYJ_CA0/7VYJ_CA0_protein.pdb,175.054,<REMOTE_PROJECT_ROOT>/results/posebench_702_predictions/chai1_gpu/posebusters_benchmark/7VYJ_CA0/oracle_pocket_crop_s5_t200/predictions/scores.model_idx_0.npz;<REMOTE_PROJECT_ROOT>/results/posebench_702_predictions/chai1_gpu/posebusters_benchmark/7VYJ_CA0/oracle_pocket_crop_s5_t200/predictions/scores.model_idx_1.npz;<REMOTE_PROJECT_ROOT>/results/posebench_702_predictions/chai1_gpu/posebusters_benchmark/7VYJ_CA0/oracle_pocket_crop_s5_t200/predictions/scores.model_idx_2.npz;<REMOTE_PROJECT_ROOT>/results/posebench_702_predictions/chai1_gpu/posebusters_benchmark/7VYJ_CA0/oracle_pocket_crop_s5_t200/predictions/scores.model_idx_3.npz;<REMOTE_PROJECT_ROOT>/results/posebench_702_predictions/chai1_gpu/posebusters_benchmark/7VYJ_CA0/oracle_pocket_crop_s5_t200/predictions/scores.model_idx_4.npz,A,675,ok,oracle_pocket_crop_s5_t200,True,results/posebench_702_predictions/chai1_gpu/posebusters_benchmark/7VYJ_CA0/oracle_pocket_crop_s5_t200/run_status.json,,,ok,manual_inspection
True,True,True,0.6.1,12.0,B:339:2.873;A:339:3.762;D:339:18.178;C:339:26.421,posebusters_benchmark,cuda:0,2,0,,results/posebench_702_predictions/chai1_gpu/posebusters_benchmark/7WKL_CAQ/oracle_pocket_crop_s5_t200/inputs/7WKL_CAQ_chai.fasta,external/PoseBench/data/posebusters_benchmark_set/7WKL_CAQ/7WKL_CAQ_ligand.sdf,8,sanitized,Oc1ccccc1O,1280,chai1_gpu,7WKL_CAQ,5.0,2,5.0,results/posebench_702_predictions/chai1_gpu/posebusters_benchmark/7WKL_CAQ/oracle_pocket_crop_s5_t200,True,<REMOTE_PROJECT_ROOT>/results/posebench_702_predictions/chai1_gpu/posebusters_benchmark/7WKL_CAQ/oracle_pocket_crop_s5_t200/predictions/pred.model_idx_0.cif;<REMOTE_PROJECT_ROOT>/results/posebench_702_predictions/chai1_gpu/posebusters_benchmark/7WKL_CAQ/oracle_pocket_crop_s5_t200/predictions/pred.model_idx_1.cif;<REMOTE_PROJECT_ROOT>/results/posebench_702_predictions/chai1_gpu/posebusters_benchmark/7WKL_CAQ/oracle_pocket_crop_s5_t200/predictions/pred.model_idx_2.cif;<REMOTE_PROJECT_ROOT>/results/posebench_702_predictions/chai1_gpu/posebusters_benchmark/7WKL_CAQ/oracle_pocket_crop_s5_t200/predictions/pred.model_idx_3.cif;<REMOTE_PROJECT_ROOT>/results/posebench_702_predictions/chai1_gpu/posebusters_benchmark/7WKL_CAQ/oracle_pocket_crop_s5_t200/predictions/pred.model_idx_4.cif,A:339;B:339,external/PoseBench/data/posebusters_benchmark_set/7WKL_CAQ/7WKL_CAQ_protein.pdb,176.201,<REMOTE_PROJECT_ROOT>/results/posebench_702_predictions/chai1_gpu/posebusters_benchmark/7WKL_CAQ/oracle_pocket_crop_s5_t200/predictions/scores.model_idx_0.npz;<REMOTE_PROJECT_ROOT>/results/posebench_702_predictions/chai1_gpu/posebusters_benchmark/7WKL_CAQ/oracle_pocket_crop_s5_t200/predictions/scores.model_idx_1.npz;<REMOTE_PROJECT_ROOT>/results/posebench_702_predictions/chai1_gpu/posebusters_benchmark/7WKL_CAQ/oracle_pocket_crop_s5_t200/predictions/scores.model_idx_2.npz;<REMOTE_PROJECT_ROOT>/results/posebench_702_predictions/chai1_gpu/posebusters_benchmark/7WKL_CAQ/oracle_pocket_crop_s5_t200/predictions/scores.model_idx_3.npz;<REMOTE_PROJECT_ROOT>/results/posebench_702_predictions/chai1_gpu/posebusters_benchmark/7WKL_CAQ/oracle_pocket_crop_s5_t200/predictions/scores.model_idx_4.npz,A;B,678,ok,oracle_pocket_crop_s5_t200,True,results/posebench_702_predictions/chai1_gpu/posebusters_benchmark/7WKL_CAQ/oracle_pocket_crop_s5_t200/run_status.json,,,ok,manual_inspection
True,True,True,0.6.1,12.0,D:330:2.708;A:198:3.064;B:198:20.421;C:330:27.407,posebusters_benchmark,cuda:0,7,0,,results/posebench_702_predictions/chai1_gpu/posebusters_benchmark/7WUX_6OI/oracle_pocket_crop_s5_t200/inputs/7WUX_6OI_chai.fasta,external/PoseBench/data/posebusters_benchmark_set/7WUX_6OI/7WUX_6OI_ligand.sdf,17,sanitized,N[C@@H](CC[C@H](O)[C@@H](N)COS(=O)(=O)O)C(=O)O,1280,chai1_gpu,7WUX_6OI,5.0,2,5.0,results/posebench_702_predictions/chai1_gpu/posebusters_benchmark/7WUX_6OI/oracle_pocket_crop_s5_t200,True,<REMOTE_PROJECT_ROOT>/results/posebench_702_predictions/chai1_gpu/posebusters_benchmark/7WUX_6OI/oracle_pocket_crop_s5_t200/predictions/pred.model_idx_0.cif;<REMOTE_PROJECT_ROOT>/results/posebench_702_predictions/chai1_gpu/posebusters_benchmark/7WUX_6OI/oracle_pocket_crop_s5_t200/predictions/pred.model_idx_1.cif;<REMOTE_PROJECT_ROOT>/results/posebench_702_predictions/chai1_gpu/posebusters_benchmark/7WUX_6OI/oracle_pocket_crop_s5_t200/predictions/pred.model_idx_2.cif;<REMOTE_PROJECT_ROOT>/results/posebench_702_predictions/chai1_gpu/posebusters_benchmark/7WUX_6OI/oracle_pocket_crop_s5_t200/predictions/pred.model_idx_3.cif;<REMOTE_PROJECT_ROOT>/results/posebench_702_predictions/chai1_gpu/posebusters_benchmark/7WUX_6OI/oracle_pocket_crop_s5_t200/predictions/pred.model_idx_4.cif,A:198;D:330,external/PoseBench/data/posebusters_benchmark_set/7WUX_6OI/7WUX_6OI_protein.pdb,180.211,<REMOTE_PROJECT_ROOT>/results/posebench_702_predictions/chai1_gpu/posebusters_benchmark/7WUX_6OI/oracle_pocket_crop_s5_t200/predictions/scores.model_idx_0.npz;<REMOTE_PROJECT_ROOT>/results/posebench_702_predictions/chai1_gpu/posebusters_benchmark/7WUX_6OI/oracle_pocket_crop_s5_t200/predictions/scores.model_idx_1.npz;<REMOTE_PROJECT_ROOT>/results/posebench_702_predictions/chai1_gpu/posebusters_benchmark/7WUX_6OI/oracle_pocket_crop_s5_t200/predictions/scores.model_idx_2.npz;<REMOTE_PROJECT_ROOT>/results/posebench_702_predictions/chai1_gpu/posebusters_benchmark/7WUX_6OI/oracle_pocket_crop_s5_t200/predictions/scores.model_idx_3.npz;<REMOTE_PROJECT_ROOT>/results/posebench_702_predictions/chai1_gpu/posebusters_benchmark/7WUX_6OI/oracle_pocket_crop_s5_t200/predictions/scores.model_idx_4.npz,A;D,528,ok,oracle_pocket_crop_s5_t200,True,results/posebench_702_predictions/chai1_gpu/posebusters_benchmark/7WUX_6OI/oracle_pocket_crop_s5_t200/run_status.json,,,ok,manual_inspection
True,True,True,0.6.1,12.0,C:319:2.701;D:321:15.949;A:322:24.763;B:316:36.845,posebusters_benchmark,cuda:0,6,0,,results/posebench_702_predictions/chai1_gpu/posebusters_benchmark/7XJN_NSD/oracle_pocket_crop_s5_t200/inputs/7XJN_NSD_chai.fasta,external/PoseBench/data/posebusters_benchmark_set/7XJN_NSD/7XJN_NSD_ligand.sdf,9,sanitized,NCCCNCCCN,1280,chai1_gpu,7XJN_NSD,5.0,1,5.0,results/posebench_702_predictions/chai1_gpu/posebusters_benchmark/7XJN_NSD/oracle_pocket_crop_s5_t200,True,<REMOTE_PROJECT_ROOT>/results/posebench_702_predictions/chai1_gpu/posebusters_benchmark/7XJN_NSD/oracle_pocket_crop_s5_t200/predictions/pred.model_idx_0.cif;<REMOTE_PROJECT_ROOT>/results/posebench_702_predictions/chai1_gpu/posebusters_benchmark/7XJN_NSD/oracle_pocket_crop_s5_t200/predictions/pred.model_idx_1.cif;<REMOTE_PROJECT_ROOT>/results/posebench_702_predictions/chai1_gpu/posebusters_benchmark/7XJN_NSD/oracle_pocket_crop_s5_t200/predictions/pred.model_idx_2.cif;<REMOTE_PROJECT_ROOT>/results/posebench_702_predictions/chai1_gpu/posebusters_benchmark/7XJN_NSD/oracle_pocket_crop_s5_t200/predictions/pred.model_idx_3.cif;<REMOTE_PROJECT_ROOT>/results/posebench_702_predictions/chai1_gpu/posebusters_benchmark/7XJN_NSD/oracle_pocket_crop_s5_t200/predictions/pred.model_idx_4.cif,C:319,external/PoseBench/data/posebusters_benchmark_set/7XJN_NSD/7XJN_NSD_protein.pdb,83.555,<REMOTE_PROJECT_ROOT>/results/posebench_702_predictions/chai1_gpu/posebusters_benchmark/7XJN_NSD/oracle_pocket_crop_s5_t200/predictions/scores.model_idx_0.npz;<REMOTE_PROJECT_ROOT>/results/posebench_702_predictions/chai1_gpu/posebusters_benchmark/7XJN_NSD/oracle_pocket_crop_s5_t200/predictions/scores.model_idx_1.npz;<REMOTE_PROJECT_ROOT>/results/posebench_702_predictions/chai1_gpu/posebusters_benchmark/7XJN_NSD/oracle_pocket_crop_s5_t200/predictions/scores.model_idx_2.npz;<REMOTE_PROJECT_ROOT>/results/posebench_702_predictions/chai1_gpu/posebusters_benchmark/7XJN_NSD/oracle_pocket_crop_s5_t200/predictions/scores.model_idx_3.npz;<REMOTE_PROJECT_ROOT>/results/posebench_702_predictions/chai1_gpu/posebusters_benchmark/7XJN_NSD/oracle_pocket_crop_s5_t200/predictions/scores.model_idx_4.npz,C,319,ok,oracle_pocket_crop_s5_t200,True,results/posebench_702_predictions/chai1_gpu/posebusters_benchmark/7XJN_NSD/oracle_pocket_crop_s5_t200/run_status.json,,,ok,manual_inspection
True,True,True,0.6.1,12.0,A:552:2.814;B:179:7.686;C:136:8.728;D:554:16.900;E:178:35.748;F:136:45.735,posebusters_benchmark,cuda:0,1,0,,results/posebench_702_predictions/chai1_gpu/posebusters_benchmark/7XRL_FWK/oracle_pocket_crop_s5_t200/inputs/7XRL_FWK_chai.fasta,external/PoseBench/data/posebusters_benchmark_set/7XRL_FWK/7XRL_FWK_ligand.sdf,19,sanitized,CC[C@H]1O[C@@H](n2cnc3c(N)ncnc32)[C@H](O)[C@@H]1O,1280,chai1_gpu,7XRL_FWK,5.0,3,5.0,results/posebench_702_predictions/chai1_gpu/posebusters_benchmark/7XRL_FWK/oracle_pocket_crop_s5_t200,True,<REMOTE_PROJECT_ROOT>/results/posebench_702_predictions/chai1_gpu/posebusters_benchmark/7XRL_FWK/oracle_pocket_crop_s5_t200/predictions/pred.model_idx_0.cif;<REMOTE_PROJECT_ROOT>/results/posebench_702_predictions/chai1_gpu/posebusters_benchmark/7XRL_FWK/oracle_pocket_crop_s5_t200/predictions/pred.model_idx_1.cif;<REMOTE_PROJECT_ROOT>/results/posebench_702_predictions/chai1_gpu/posebusters_benchmark/7XRL_FWK/oracle_pocket_crop_s5_t200/predictions/pred.model_idx_2.cif;<REMOTE_PROJECT_ROOT>/results/posebench_702_predictions/chai1_gpu/posebusters_benchmark/7XRL_FWK/oracle_pocket_crop_s5_t200/predictions/pred.model_idx_3.cif;<REMOTE_PROJECT_ROOT>/results/posebench_702_predictions/chai1_gpu/posebusters_benchmark/7XRL_FWK/oracle_pocket_crop_s5_t200/predictions/pred.model_idx_4.cif,A:552;B:179;C:136,external/PoseBench/data/posebusters_benchmark_set/7XRL_FWK/7XRL_FWK_protein.pdb,289.815,<REMOTE_PROJECT_ROOT>/results/posebench_702_predictions/chai1_gpu/posebusters_benchmark/7XRL_FWK/oracle_pocket_crop_s5_t200/predictions/scores.model_idx_0.npz;<REMOTE_PROJECT_ROOT>/results/posebench_702_predictions/chai1_gpu/posebusters_benchmark/7XRL_FWK/oracle_pocket_crop_s5_t200/predictions/scores.model_idx_1.npz;<REMOTE_PROJECT_ROOT>/results/posebench_702_predictions/chai1_gpu/posebusters_benchmark/7XRL_FWK/oracle_pocket_crop_s5_t200/predictions/scores.model_idx_2.npz;<REMOTE_PROJECT_ROOT>/results/posebench_702_predictions/chai1_gpu/posebusters_benchmark/7XRL_FWK/oracle_pocket_crop_s5_t200/predictions/scores.model_idx_3.npz;<REMOTE_PROJECT_ROOT>/results/posebench_702_predictions/chai1_gpu/posebusters_benchmark/7XRL_FWK/oracle_pocket_crop_s5_t200/predictions/scores.model_idx_4.npz,A;B;C,867,ok,oracle_pocket_crop_s5_t200,True,results/posebench_702_predictions/chai1_gpu/posebusters_benchmark/7XRL_FWK/oracle_pocket_crop_s5_t200/run_status.json,,,ok,manual_inspection
True,True,True,0.6.1,12.0,D:325:2.462;C:325:15.748;A:325:22.657;B:326:37.656,posebusters_benchmark,cuda:0,5,0,,results/posebench_702_predictions/chai1_gpu/posebusters_benchmark/7ZCC_OGA/oracle_pocket_crop_s5_t200/inputs/7ZCC_OGA_chai.fasta,external/PoseBench/data/posebusters_benchmark_set/7ZCC_OGA/7ZCC_OGA_ligand.sdf,10,sanitized,O=C(O)CNC(=O)C(=O)O,1280,chai1_gpu,7ZCC_OGA,5.0,1,5.0,results/posebench_702_predictions/chai1_gpu/posebusters_benchmark/7ZCC_OGA/oracle_pocket_crop_s5_t200,True,<REMOTE_PROJECT_ROOT>/results/posebench_702_predictions/chai1_gpu/posebusters_benchmark/7ZCC_OGA/oracle_pocket_crop_s5_t200/predictions/pred.model_idx_0.cif;<REMOTE_PROJECT_ROOT>/results/posebench_702_predictions/chai1_gpu/posebusters_benchmark/7ZCC_OGA/oracle_pocket_crop_s5_t200/predictions/pred.model_idx_1.cif;<REMOTE_PROJECT_ROOT>/results/posebench_702_predictions/chai1_gpu/posebusters_benchmark/7ZCC_OGA/oracle_pocket_crop_s5_t200/predictions/pred.model_idx_2.cif;<REMOTE_PROJECT_ROOT>/results/posebench_702_predictions/chai1_gpu/posebusters_benchmark/7ZCC_OGA/oracle_pocket_crop_s5_t200/predictions/pred.model_idx_3.cif;<REMOTE_PROJECT_ROOT>/results/posebench_702_predictions/chai1_gpu/posebusters_benchmark/7ZCC_OGA/oracle_pocket_crop_s5_t200/predictions/pred.model_idx_4.cif,D:325,external/PoseBench/data/posebusters_benchmark_set/7ZCC_OGA/7ZCC_OGA_protein.pdb,86.726,<REMOTE_PROJECT_ROOT>/results/posebench_702_predictions/chai1_gpu/posebusters_benchmark/7ZCC_OGA/oracle_pocket_crop_s5_t200/predictions/scores.model_idx_0.npz;<REMOTE_PROJECT_ROOT>/results/posebench_702_predictions/chai1_gpu/posebusters_benchmark/7ZCC_OGA/oracle_pocket_crop_s5_t200/predictions/scores.model_idx_1.npz;<REMOTE_PROJECT_ROOT>/results/posebench_702_predictions/chai1_gpu/posebusters_benchmark/7ZCC_OGA/oracle_pocket_crop_s5_t200/predictions/scores.model_idx_2.npz;<REMOTE_PROJECT_ROOT>/results/posebench_702_predictions/chai1_gpu/posebusters_benchmark/7ZCC_OGA/oracle_pocket_crop_s5_t200/predictions/scores.model_idx_3.npz;<REMOTE_PROJECT_ROOT>/results/posebench_702_predictions/chai1_gpu/posebusters_benchmark/7ZCC_OGA/oracle_pocket_crop_s5_t200/predictions/scores.model_idx_4.npz,D,325,ok,oracle_pocket_crop_s5_t200,True,results/posebench_702_predictions/chai1_gpu/posebusters_benchmark/7ZCC_OGA/oracle_pocket_crop_s5_t200/run_status.json,,,ok,manual_inspection
True,True,True,0.6.1,12.0,Y:761:2.531;W:763:4.696,posebusters_benchmark,cuda:0,3,0,,results/posebench_702_predictions/chai1_gpu/posebusters_benchmark/7ZDY_6MJ/oracle_pocket_crop_s5_t200/inputs/7ZDY_6MJ_chai.fasta,external/PoseBench/data/posebusters_benchmark_set/7ZDY_6MJ/7ZDY_6MJ_ligand.sdf,11,sanitized,CO[C@@H]1OC[C@@H](O)[C@H](O)[C@H]1O,1280,chai1_gpu,7ZDY_6MJ,5.0,1,5.0,results/posebench_702_predictions/chai1_gpu/posebusters_benchmark/7ZDY_6MJ/oracle_pocket_crop_s5_t200,True,<REMOTE_PROJECT_ROOT>/results/posebench_702_predictions/chai1_gpu/posebusters_benchmark/7ZDY_6MJ/oracle_pocket_crop_s5_t200/predictions/pred.model_idx_0.cif;<REMOTE_PROJECT_ROOT>/results/posebench_702_predictions/chai1_gpu/posebusters_benchmark/7ZDY_6MJ/oracle_pocket_crop_s5_t200/predictions/pred.model_idx_1.cif;<REMOTE_PROJECT_ROOT>/results/posebench_702_predictions/chai1_gpu/posebusters_benchmark/7ZDY_6MJ/oracle_pocket_crop_s5_t200/predictions/pred.model_idx_2.cif;<REMOTE_PROJECT_ROOT>/results/posebench_702_predictions/chai1_gpu/posebusters_benchmark/7ZDY_6MJ/oracle_pocket_crop_s5_t200/predictions/pred.model_idx_3.cif;<REMOTE_PROJECT_ROOT>/results/posebench_702_predictions/chai1_gpu/posebusters_benchmark/7ZDY_6MJ/oracle_pocket_crop_s5_t200/predictions/pred.model_idx_4.cif,Y:761,external/PoseBench/data/posebusters_benchmark_set/7ZDY_6MJ/7ZDY_6MJ_protein.pdb,273.99,<REMOTE_PROJECT_ROOT>/results/posebench_702_predictions/chai1_gpu/posebusters_benchmark/7ZDY_6MJ/oracle_pocket_crop_s5_t200/predictions/scores.model_idx_0.npz;<REMOTE_PROJECT_ROOT>/results/posebench_702_predictions/chai1_gpu/posebusters_benchmark/7ZDY_6MJ/oracle_pocket_crop_s5_t200/predictions/scores.model_idx_1.npz;<REMOTE_PROJECT_ROOT>/results/posebench_702_predictions/chai1_gpu/posebusters_benchmark/7ZDY_6MJ/oracle_pocket_crop_s5_t200/predictions/scores.model_idx_2.npz;<REMOTE_PROJECT_ROOT>/results/posebench_702_predictions/chai1_gpu/posebusters_benchmark/7ZDY_6MJ/oracle_pocket_crop_s5_t200/predictions/scores.model_idx_3.npz;<REMOTE_PROJECT_ROOT>/results/posebench_702_predictions/chai1_gpu/posebusters_benchmark/7ZDY_6MJ/oracle_pocket_crop_s5_t200/predictions/scores.model_idx_4.npz,Y,761,ok,oracle_pocket_crop_s5_t200,True,results/posebench_702_predictions/chai1_gpu/posebusters_benchmark/7ZDY_6MJ/oracle_pocket_crop_s5_t200/run_status.json,,,ok,manual_inspection
True,True,True,0.6.1,12.0,B:368:2.585;A:367:19.475;C:367:27.659,posebusters_benchmark,cuda:0,4,0,,results/posebench_702_predictions/chai1_gpu/posebusters_benchmark/7ZZW_KKW/oracle_pocket_crop_s5_t200/inputs/7ZZW_KKW_chai.fasta,external/PoseBench/data/posebusters_benchmark_set/7ZZW_KKW/7ZZW_KKW_ligand.sdf,29,sanitized,O=C([C@H]1C[C@@H](c2cccc(Cl)c2)CN1)N1CCN(c2nccc3ccsc23)CC1,1280,chai1_gpu,7ZZW_KKW,5.0,1,5.0,results/posebench_702_predictions/chai1_gpu/posebusters_benchmark/7ZZW_KKW/oracle_pocket_crop_s5_t200,True,<REMOTE_PROJECT_ROOT>/results/posebench_702_predictions/chai1_gpu/posebusters_benchmark/7ZZW_KKW/oracle_pocket_crop_s5_t200/predictions/pred.model_idx_0.cif;<REMOTE_PROJECT_ROOT>/results/posebench_702_predictions/chai1_gpu/posebusters_benchmark/7ZZW_KKW/oracle_pocket_crop_s5_t200/predictions/pred.model_idx_1.cif;<REMOTE_PROJECT_ROOT>/results/posebench_702_predictions/chai1_gpu/posebusters_benchmark/7ZZW_KKW/oracle_pocket_crop_s5_t200/predictions/pred.model_idx_2.cif;<REMOTE_PROJECT_ROOT>/results/posebench_702_predictions/chai1_gpu/posebusters_benchmark/7ZZW_KKW/oracle_pocket_crop_s5_t200/predictions/pred.model_idx_3.cif;<REMOTE_PROJECT_ROOT>/results/posebench_702_predictions/chai1_gpu/posebusters_benchmark/7ZZW_KKW/oracle_pocket_crop_s5_t200/predictions/pred.model_idx_4.cif,B:368,external/PoseBench/data/posebusters_benchmark_set/7ZZW_KKW/7ZZW_KKW_protein.pdb,109.249,<REMOTE_PROJECT_ROOT>/results/posebench_702_predictions/chai1_gpu/posebusters_benchmark/7ZZW_KKW/oracle_pocket_crop_s5_t200/predictions/scores.model_idx_0.npz;<REMOTE_PROJECT_ROOT>/results/posebench_702_predictions/chai1_gpu/posebusters_benchmark/7ZZW_KKW/oracle_pocket_crop_s5_t200/predictions/scores.model_idx_1.npz;<REMOTE_PROJECT_ROOT>/results/posebench_702_predictions/chai1_gpu/posebusters_benchmark/7ZZW_KKW/oracle_pocket_crop_s5_t200/predictions/scores.model_idx_2.npz;<REMOTE_PROJECT_ROOT>/results/posebench_702_predictions/chai1_gpu/posebusters_benchmark/7ZZW_KKW/oracle_pocket_crop_s5_t200/predictions/scores.model_idx_3.npz;<REMOTE_PROJECT_ROOT>/results/posebench_702_predictions/chai1_gpu/posebusters_benchmark/7ZZW_KKW/oracle_pocket_crop_s5_t200/predictions/scores.model_idx_4.npz,B,368,ok,oracle_pocket_crop_s5_t200,True,results/posebench_702_predictions/chai1_gpu/posebusters_benchmark/7ZZW_KKW/oracle_pocket_crop_s5_t200/run_status.json,,,ok,manual_inspection
True,True,True,0.6.1,12.0,A:453:2.673;B:461:2.684;D:453:18.120;C:452:27.428,posebusters_benchmark,cuda:0,6,0,,results/posebench_702_predictions/chai1_gpu/posebusters_benchmark/8AQL_PLG/oracle_pocket_crop_s5_t200/inputs/8AQL_PLG_chai.fasta,external/PoseBench/data/posebusters_benchmark_set/8AQL_PLG/8AQL_PLG_ligand.sdf,20,sanitized,Cc1ncc(COP(=O)(O)O)c(CNCC(=O)O)c1O,1280,chai1_gpu,8AQL_PLG,5.0,2,5.0,results/posebench_702_predictions/chai1_gpu/posebusters_benchmark/8AQL_PLG/oracle_pocket_crop_s5_t200,True,<REMOTE_PROJECT_ROOT>/results/posebench_702_predictions/chai1_gpu/posebusters_benchmark/8AQL_PLG/oracle_pocket_crop_s5_t200/predictions/pred.model_idx_0.cif;<REMOTE_PROJECT_ROOT>/results/posebench_702_predictions/chai1_gpu/posebusters_benchmark/8AQL_PLG/oracle_pocket_crop_s5_t200/predictions/pred.model_idx_1.cif;<REMOTE_PROJECT_ROOT>/results/posebench_702_predictions/chai1_gpu/posebusters_benchmark/8AQL_PLG/oracle_pocket_crop_s5_t200/predictions/pred.model_idx_2.cif;<REMOTE_PROJECT_ROOT>/results/posebench_702_predictions/chai1_gpu/posebusters_benchmark/8AQL_PLG/oracle_pocket_crop_s5_t200/predictions/pred.model_idx_3.cif;<REMOTE_PROJECT_ROOT>/results/posebench_702_predictions/chai1_gpu/posebusters_benchmark/8AQL_PLG/oracle_pocket_crop_s5_t200/predictions/pred.model_idx_4.cif,A:453;B:461,external/PoseBench/data/posebusters_benchmark_set/8AQL_PLG/8AQL_PLG_protein.pdb,282.575,<REMOTE_PROJECT_ROOT>/results/posebench_702_predictions/chai1_gpu/posebusters_benchmark/8AQL_PLG/oracle_pocket_crop_s5_t200/predictions/scores.model_idx_0.npz;<REMOTE_PROJECT_ROOT>/results/posebench_702_predictions/chai1_gpu/posebusters_benchmark/8AQL_PLG/oracle_pocket_crop_s5_t200/predictions/scores.model_idx_1.npz;<REMOTE_PROJECT_ROOT>/results/posebench_702_predictions/chai1_gpu/posebusters_benchmark/8AQL_PLG/oracle_pocket_crop_s5_t200/predictions/scores.model_idx_2.npz;<REMOTE_PROJECT_ROOT>/results/posebench_702_predictions/chai1_gpu/posebusters_benchmark/8AQL_PLG/oracle_pocket_crop_s5_t200/predictions/scores.model_idx_3.npz;<REMOTE_PROJECT_ROOT>/results/posebench_702_predictions/chai1_gpu/posebusters_benchmark/8AQL_PLG/oracle_pocket_crop_s5_t200/predictions/scores.model_idx_4.npz,A;B,914,ok,oracle_pocket_crop_s5_t200,True,results/posebench_702_predictions/chai1_gpu/posebusters_benchmark/8AQL_PLG/oracle_pocket_crop_s5_t200/run_status.json,,,ok,manual_inspection
True,True,True,0.6.1,12.0,C:666:2.556;A:666:50.457;B:666:63.933,posebusters_benchmark,cuda:0,2,0,,results/posebench_702_predictions/chai1_gpu/posebusters_benchmark/8CI0_8EL/oracle_pocket_crop_s5_t200/inputs/8CI0_8EL_chai.fasta,external/PoseBench/data/posebusters_benchmark_set/8CI0_8EL/8CI0_8EL_ligand.sdf,26,sanitized,CC1=C(CCO[P@](=O)(O)OP(=O)(O)O)SCN1Cc1cnc(C)nc1N,1280,chai1_gpu,8CI0_8EL,5.0,1,5.0,results/posebench_702_predictions/chai1_gpu/posebusters_benchmark/8CI0_8EL/oracle_pocket_crop_s5_t200,True,<REMOTE_PROJECT_ROOT>/results/posebench_702_predictions/chai1_gpu/posebusters_benchmark/8CI0_8EL/oracle_pocket_crop_s5_t200/predictions/pred.model_idx_0.cif;<REMOTE_PROJECT_ROOT>/results/posebench_702_predictions/chai1_gpu/posebusters_benchmark/8CI0_8EL/oracle_pocket_crop_s5_t200/predictions/pred.model_idx_1.cif;<REMOTE_PROJECT_ROOT>/results/posebench_702_predictions/chai1_gpu/posebusters_benchmark/8CI0_8EL/oracle_pocket_crop_s5_t200/predictions/pred.model_idx_2.cif;<REMOTE_PROJECT_ROOT>/results/posebench_702_predictions/chai1_gpu/posebusters_benchmark/8CI0_8EL/oracle_pocket_crop_s5_t200/predictions/pred.model_idx_3.cif;<REMOTE_PROJECT_ROOT>/results/posebench_702_predictions/chai1_gpu/posebusters_benchmark/8CI0_8EL/oracle_pocket_crop_s5_t200/predictions/pred.model_idx_4.cif,C:666,external/PoseBench/data/posebusters_benchmark_set/8CI0_8EL/8CI0_8EL_protein.pdb,177.458,<REMOTE_PROJECT_ROOT>/results/posebench_702_predictions/chai1_gpu/posebusters_benchmark/8CI0_8EL/oracle_pocket_crop_s5_t200/predictions/scores.model_idx_0.npz;<REMOTE_PROJECT_ROOT>/results/posebench_702_predictions/chai1_gpu/posebusters_benchmark/8CI0_8EL/oracle_pocket_crop_s5_t200/predictions/scores.model_idx_1.npz;<REMOTE_PROJECT_ROOT>/results/posebench_702_predictions/chai1_gpu/posebusters_benchmark/8CI0_8EL/oracle_pocket_crop_s5_t200/predictions/scores.model_idx_2.npz;<REMOTE_PROJECT_ROOT>/results/posebench_702_predictions/chai1_gpu/posebusters_benchmark/8CI0_8EL/oracle_pocket_crop_s5_t200/predictions/scores.model_idx_3.npz;<REMOTE_PROJECT_ROOT>/results/posebench_702_predictions/chai1_gpu/posebusters_benchmark/8CI0_8EL/oracle_pocket_crop_s5_t200/predictions/scores.model_idx_4.npz,C,666,ok,oracle_pocket_crop_s5_t200,True,results/posebench_702_predictions/chai1_gpu/posebusters_benchmark/8CI0_8EL/oracle_pocket_crop_s5_t200/run_status.json,,,ok,manual_inspection
True,True,True,0.6.1,12.0,D:341:2.986;A:334:3.123;F:34:10.304;B:505:10.781;E:82:15.258;J:36:16.337;X:38:16.604;L:37:16.805;C:442:18.137;H:65:18.726;M:32:22.446;V:137:23.052;R:34:23.490;T:29:24.474;K:37:24.948;O:244:31.760;Y:27:32.269;U:97:33.900;m:31:35.994;I:35:37.744,posebusters_benchmark,,5,0,,results/posebench_702_predictions/chai1_gpu/posebusters_benchmark/8F4J_PHO/oracle_pocket_crop_s5_t200/inputs/8F4J_PHO_chai.fasta,external/PoseBench/data/posebusters_benchmark_set/8F4J_PHO/8F4J_PHO_ligand.sdf,64,sanitized,C=Cc1c(C)c2cc3nc(c4c5[nH]c(cc6nc(cc1[nH]2)C(C)=C6CC)c(C)c5C(=O)[C@@H]4C(=O)OC)[C@@H](CCC(=O)OC/C=C(\C)CCC[C@H](C)CCC[C@H](C)CCCC(C)C)[C@@H]3C,1280,chai1_gpu,8F4J_PHO,,4,,results/posebench_702_predictions/chai1_gpu/posebusters_benchmark/8F4J_PHO/oracle_pocket_crop_s5_t200,True,,A:334;B:505;D:341;F:34,external/PoseBench/data/posebusters_benchmark_set/8F4J_PHO/8F4J_PHO_protein.pdb,63.066,,A;B;D;F,1214,exception,oracle_pocket_crop_s5_t200,True,results/posebench_702_predictions/chai1_gpu/posebusters_benchmark/8F4J_PHO/oracle_pocket_crop_s5_t200/run_status.json,"The following operation failed in the TorchScript interpreter.
Traceback of TorchScript (most recent call last):
  File ""code/__torch__/chai/model/af3/trunk.py"", line 136641, in forward_1536
    _54560 = torch.mul(element11600, CONSTANTS.c0)
    _54561 = torch.reshape(x6973, [_54557, _54559, int(_54560), 1, 1])
    _54562 = torch.masked_fill(v915, _54561, 0)
             ~~~~~~~~~~~~~~~~~ <--- HERE
    o364 = torch.einsum(""abcd,aedbf->aecbf"", [torch.to(_54546, 15), _54562])
    x6974 = torch.mul(g_sigm59, o364)
RuntimeError: CUDA out of memory. Tried to allocate 1.50 GiB. GPU 0 has a total capacity of 23.52 GiB of which 1.20 GiB is free. Including non-PyTorch memory, this process has 22.30 GiB memory in use. Of the allocated memory 21.75 GiB is allocated by PyTorch, and 131.92 MiB is reserved by PyTorch but unallocated. If reserved but unallocated memory is large try setting PYTORCH_CUDA_ALLOC_CONF=expandable_segments:True to avoid fragmentation.  See documentation for Memory Management  (https://pytorch.org/docs/stable/notes/cuda.html#environment-variables)
",RuntimeError,cuda_oom,retry_default_with_allocator_then_low_sample_rescue
True,True,True,0.6.1,12.0,A:533:2.591;B:533:2.733,posebusters_benchmark,,5,0,,results/posebench_702_predictions/chai1_gpu/posebusters_benchmark/8FV9_80J/oracle_pocket_crop_s5_t200/inputs/8FV9_80J_chai.fasta,external/PoseBench/data/posebusters_benchmark_set/8FV9_80J/8FV9_80J_ligand.sdf,29,sanitized,Nc1ccn([C@@H]2O[C@H](CO[P@@](=O)(O)O[P@](=O)(O)OP(=O)(O)O)[C@@H](O)[C@H]2F)c(=O)n1,1280,chai1_gpu,8FV9_80J,,2,,results/posebench_702_predictions/chai1_gpu/posebusters_benchmark/8FV9_80J/oracle_pocket_crop_s5_t200,True,,A:533;B:533,external/PoseBench/data/posebusters_benchmark_set/8FV9_80J/8FV9_80J_protein.pdb,47.635,,A;B,1066,exception,oracle_pocket_crop_s5_t200,True,results/posebench_702_predictions/chai1_gpu/posebusters_benchmark/8FV9_80J/oracle_pocket_crop_s5_t200/run_status.json,"The following operation failed in the TorchScript interpreter.
Traceback of TorchScript (most recent call last):
  File ""code/__torch__/chai/model/af3/trunk.py"", line 136641, in forward_1536
    _54560 = torch.mul(element11600, CONSTANTS.c0)
    _54561 = torch.reshape(x6973, [_54557, _54559, int(_54560), 1, 1])
    _54562 = torch.masked_fill(v915, _54561, 0)
             ~~~~~~~~~~~~~~~~~ <--- HERE
    o364 = torch.einsum(""abcd,aedbf->aecbf"", [torch.to(_54546, 15), _54562])
    x6974 = torch.mul(g_sigm59, o364)
RuntimeError: CUDA out of memory. Tried to allocate 1.50 GiB. GPU 0 has a total capacity of 23.52 GiB of which 1.20 GiB is free. Including non-PyTorch memory, this process has 22.30 GiB memory in use. Of the allocated memory 21.75 GiB is allocated by PyTorch, and 131.92 MiB is reserved by PyTorch but unallocated. If reserved but unallocated memory is large try setting PYTORCH_CUDA_ALLOC_CONF=expandable_segments:True to avoid fragmentation.  See documentation for Memory Management  (https://pytorch.org/docs/stable/notes/cuda.html#environment-variables)
",RuntimeError,cuda_oom,retry_default_with_allocator_then_low_sample_rescue
True,True,True,0.6.1,12.0,B:665:2.584;A:666:19.463;C:665:31.882,posebusters_benchmark,cuda:0,7,0,,results/posebench_702_predictions/chai1_gpu/posebusters_benchmark/8G0V_YHT/oracle_pocket_crop_s5_t200/inputs/8G0V_YHT_chai.fasta,external/PoseBench/data/posebusters_benchmark_set/8G0V_YHT/8G0V_YHT_ligand.sdf,26,sanitized,C#CCO[P@](=O)(O)OC[C@H]1O[C@@H](n2cnc3c(N)ncnc32)[C@H](O)[C@@H]1O,1280,chai1_gpu,8G0V_YHT,5.0,1,5.0,results/posebench_702_predictions/chai1_gpu/posebusters_benchmark/8G0V_YHT/oracle_pocket_crop_s5_t200,True,<REMOTE_PROJECT_ROOT>/results/posebench_702_predictions/chai1_gpu/posebusters_benchmark/8G0V_YHT/oracle_pocket_crop_s5_t200/predictions/pred.model_idx_0.cif;<REMOTE_PROJECT_ROOT>/results/posebench_702_predictions/chai1_gpu/posebusters_benchmark/8G0V_YHT/oracle_pocket_crop_s5_t200/predictions/pred.model_idx_1.cif;<REMOTE_PROJECT_ROOT>/results/posebench_702_predictions/chai1_gpu/posebusters_benchmark/8G0V_YHT/oracle_pocket_crop_s5_t200/predictions/pred.model_idx_2.cif;<REMOTE_PROJECT_ROOT>/results/posebench_702_predictions/chai1_gpu/posebusters_benchmark/8G0V_YHT/oracle_pocket_crop_s5_t200/predictions/pred.model_idx_3.cif;<REMOTE_PROJECT_ROOT>/results/posebench_702_predictions/chai1_gpu/posebusters_benchmark/8G0V_YHT/oracle_pocket_crop_s5_t200/predictions/pred.model_idx_4.cif,B:665,external/PoseBench/data/posebusters_benchmark_set/8G0V_YHT/8G0V_YHT_protein.pdb,174.393,<REMOTE_PROJECT_ROOT>/results/posebench_702_predictions/chai1_gpu/posebusters_benchmark/8G0V_YHT/oracle_pocket_crop_s5_t200/predictions/scores.model_idx_0.npz;<REMOTE_PROJECT_ROOT>/results/posebench_702_predictions/chai1_gpu/posebusters_benchmark/8G0V_YHT/oracle_pocket_crop_s5_t200/predictions/scores.model_idx_1.npz;<REMOTE_PROJECT_ROOT>/results/posebench_702_predictions/chai1_gpu/posebusters_benchmark/8G0V_YHT/oracle_pocket_crop_s5_t200/predictions/scores.model_idx_2.npz;<REMOTE_PROJECT_ROOT>/results/posebench_702_predictions/chai1_gpu/posebusters_benchmark/8G0V_YHT/oracle_pocket_crop_s5_t200/predictions/scores.model_idx_3.npz;<REMOTE_PROJECT_ROOT>/results/posebench_702_predictions/chai1_gpu/posebusters_benchmark/8G0V_YHT/oracle_pocket_crop_s5_t200/predictions/scores.model_idx_4.npz,B,665,ok,oracle_pocket_crop_s5_t200,True,results/posebench_702_predictions/chai1_gpu/posebusters_benchmark/8G0V_YHT/oracle_pocket_crop_s5_t200/run_status.json,,,ok,manual_inspection
