dataset,mol_id,tag,status,runtime_sec,score_ranked_prediction_cif,score_ranked_model_idx,score_ranked_top_rmsd_approx,score_ranked_top_pocket_rmsd_approx,score_ranked_score_npz,score_ranked_chai_aggregate_score,score_ranked_chai_ptm,score_ranked_chai_iptm,score_ranked_chai_has_inter_chain_clashes,score_ranked_matched_ca,score_ranked_matched_chains,score_ranked_receptor_ca_rmsd_after_fit,score_ranked_pred_ligand_heavy_atoms,score_ranked_native_ligand_heavy_atoms,score_ranked_pocket_cutoff_a,score_ranked_pocket_matched_ca,score_ranked_pocket_matched_residues_preview,score_ranked_pocket_ca_rmsd_after_fit,score_ranked_pocket_success_2a_approx,score_ranked_success_2a_approx,oracle_best_pocket_rmsd_approx,oracle_best_pocket_success_2a_approx,oracle_best_model_idx,n_samples_eval,metric_status,exception_type,prediction_cif,model_idx,top_rmsd_approx,top_pocket_rmsd_approx,score_npz,chai_aggregate_score,chai_ptm,chai_iptm,chai_has_inter_chain_clashes,matched_ca,matched_chains,receptor_ca_rmsd_after_fit,pred_ligand_heavy_atoms,native_ligand_heavy_atoms,pocket_cutoff_a
astex_diverse,1G9V_RQ3,default_s5_t200,ok,180.807,results/posebench_702_predictions/chai1_gpu/astex_diverse/1G9V_RQ3/default_s5_t200/predictions/pred.model_idx_1.cif,1.0,19.959051350457827,22.373443616816484,<REMOTE_PROJECT_ROOT>/results/posebench_702_predictions/chai1_gpu/astex_diverse/1G9V_RQ3/default_s5_t200/predictions/scores.model_idx_1.npz,0.830540657043457,0.8695392608642578,0.8207909464836121,False,574.0,"A:141,B:146,C:141,D:146",27.505531337925223,25.0,25.0,10.0,77.0,"B:107:3.22,C:140:3.25,A:98:3.28,A:99:3.58,C:94:3.63,B:34:3.65,C:136:3.66,B:36:3.77,A:35:3.79,A:102:3.84,A:95:4.21,A:125:4.23",12.69469823191785,False,False,19.786860951090183,False,0.0,5.0,ok,,,,,,,,,,,,,,,,
astex_diverse,1GKC_NFH,default_s5_t200,ok,88.185,results/posebench_702_predictions/chai1_gpu/astex_diverse/1GKC_NFH/default_s5_t200/predictions/pred.model_idx_1.cif,1.0,25.70555107215793,10.989587671945483,<REMOTE_PROJECT_ROOT>/results/posebench_702_predictions/chai1_gpu/astex_diverse/1GKC_NFH/default_s5_t200/predictions/scores.model_idx_1.npz,0.5476072430610657,0.5961604118347168,0.5354689359664917,False,315.0,"A:159,B:156",19.324795572243342,22.0,22.0,10.0,52.0,"A:117:2.73,A:78:2.79,A:138:2.89,A:76:2.90,A:126:2.90,A:120:3.00,A:79:3.36,A:136:3.42,A:137:3.49,A:108:3.51,A:77:3.51,A:116:3.56",0.44615363380031314,False,False,4.356910668726235,False,2.0,5.0,ok,,,,,,,,,,,,,,,,
astex_diverse,1GM8_SOX,default_s5_t200,ok,276.855,results/posebench_702_predictions/chai1_gpu/astex_diverse/1GM8_SOX/default_s5_t200/predictions/pred.model_idx_2.cif,2.0,4.649881112323273,4.478372241062265,<REMOTE_PROJECT_ROOT>/results/posebench_702_predictions/chai1_gpu/astex_diverse/1GM8_SOX/default_s5_t200/predictions/scores.model_idx_2.npz,0.8903131484985352,0.9104436039924622,0.8852804899215698,False,764.0,"A:207,B:557",1.0231990609536457,24.0,24.0,10.0,76.0,"B:0:2.53,B:68:3.15,B:70:3.15,A:143:3.17,B:22:3.28,B:23:3.28,A:146:3.41,A:139:3.67,B:176:3.72,B:67:3.78,B:66:3.94,B:21:4.06",1.1981579256682793,False,False,4.005149259947039,False,1.0,5.0,ok,,,,,,,,,,,,,,,,
astex_diverse,1GPK_HUP,default_s5_t200,ok,182.522,results/posebench_702_predictions/chai1_gpu/astex_diverse/1GPK_HUP/default_s5_t200/predictions/pred.model_idx_1.cif,1.0,4.557386029379024,4.566146734127879,<REMOTE_PROJECT_ROOT>/results/posebench_702_predictions/chai1_gpu/astex_diverse/1GPK_HUP/default_s5_t200/predictions/scores.model_idx_1.npz,0.5582212209701538,0.9619778394699097,0.45728206634521484,False,529.0,A:529,0.39591902583539446,18.0,18.0,10.0,75.0,"A:126:2.62,A:117:3.27,A:118:3.33,A:113:3.44,A:119:3.46,A:114:3.47,A:115:3.51,A:195:3.53,A:80:3.53,A:436:3.53,A:123:3.69,A:112:3.70",0.24843511820997902,False,False,3.8800012546933633,False,4.0,5.0,ok,,,,,,,,,,,,,,,,
astex_diverse,1HNN_SKF,default_s5_t200,ok,189.651,results/posebench_702_predictions/chai1_gpu/astex_diverse/1HNN_SKF/default_s5_t200/predictions/pred.model_idx_2.cif,2.0,34.021542858799414,45.66394474392688,<REMOTE_PROJECT_ROOT>/results/posebench_702_predictions/chai1_gpu/astex_diverse/1HNN_SKF/default_s5_t200/predictions/scores.model_idx_2.npz,0.7169321179389954,0.7526015639305115,0.708014726638794,False,528.0,"A:261,B:267",19.485318813579806,14.0,14.0,10.0,72.0,"A:35:2.57,A:197:2.82,A:22:2.94,A:17:3.21,A:245:3.29,A:236:3.32,A:31:3.32,A:13:3.35,A:18:3.35,A:160:3.47,A:247:3.75,A:200:3.86",0.2772982610252961,False,False,44.89730409519054,False,0.0,5.0,ok,,,,,,,,,,,,,,,,
astex_diverse,1HP0_AD3,default_s5_t200,ok,188.008,results/posebench_702_predictions/chai1_gpu/astex_diverse/1HP0_AD3/default_s5_t200/predictions/pred.model_idx_1.cif,1.0,26.230713876795157,25.666574435640385,<REMOTE_PROJECT_ROOT>/results/posebench_702_predictions/chai1_gpu/astex_diverse/1HP0_AD3/default_s5_t200/predictions/scores.model_idx_1.npz,0.8246585130691528,0.902713418006897,0.805144727230072,False,641.0,"A:319,B:322",1.0774364130722018,19.0,19.0,10.0,72.0,"A:252:2.54,A:183:2.55,A:13:2.59,A:136:2.84,A:39:2.87,A:185:3.08,A:172:3.14,A:82:3.18,A:14:3.26,A:248:3.52,A:163:3.58,A:11:3.64",0.714609335969211,False,False,25.546877249790125,False,3.0,5.0,ok,,,,,,,,,,,,,,,,
astex_diverse,1HQ2_PH2,default_s5_t200,ok,61.459,results/posebench_702_predictions/chai1_gpu/astex_diverse/1HQ2_PH2/default_s5_t200/predictions/pred.model_idx_0.cif,0.0,3.8050164914162905,3.776165388879236,<REMOTE_PROJECT_ROOT>/results/posebench_702_predictions/chai1_gpu/astex_diverse/1HQ2_PH2/default_s5_t200/predictions/scores.model_idx_0.npz,0.9077671766281128,0.947371244430542,0.8978660702705383,False,158.0,A:158,0.7712546094182351,14.0,14.0,10.0,52.0,"A:42:2.79,A:54:2.82,A:41:2.84,A:44:2.86,A:94:2.87,A:122:3.19,A:52:3.32,A:88:3.67,A:43:3.78,A:96:4.14,A:7:4.19,A:120:4.55",0.7660923764316623,False,False,3.7585396792418906,False,2.0,5.0,ok,,,,,,,,,,,,,,,,
astex_diverse,1HVY_D16,default_s5_t200,exception,47.714,,,,,,,,,,,,,,,,,,,,,,,,,not_ok,RuntimeError,,,,,,,,,,,,,,,
astex_diverse,1HWI_115,default_s5_t200,exception,65.308,,,,,,,,,,,,,,,,,,,,,,,,,not_ok,RuntimeError,,,,,,,,,,,,,,,
astex_diverse,1HWW_SWA,default_s5_t200,exception,47.731,,,,,,,,,,,,,,,,,,,,,,,,,not_ok,RuntimeError,,,,,,,,,,,,,,,
astex_diverse,1IA1_TQ3,default_s5_t200,ok,111.062,results/posebench_702_predictions/chai1_gpu/astex_diverse/1IA1_TQ3/default_s5_t200/predictions/pred.model_idx_0.cif,0.0,11.549115097941907,4.930387380105816,<REMOTE_PROJECT_ROOT>/results/posebench_702_predictions/chai1_gpu/astex_diverse/1IA1_TQ3/default_s5_t200/predictions/scores.model_idx_0.npz,0.4360693693161011,0.5631752610206604,0.40429291129112244,False,384.0,"A:192,B:192",21.794423857749834,19.0,19.0,10.0,66.0,"B:31:2.60,B:8:3.04,B:111:3.08,B:117:3.43,B:35:3.44,B:9:3.49,B:60:3.50,B:61:3.57,B:24:3.64,B:10:3.71,B:132:3.71,B:57:3.76",0.4937475710374115,False,False,4.9163378954404555,False,3.0,5.0,ok,,,,,,,,,,,,,,,,
astex_diverse,1IG3_VIB,default_s5_t200,ok,179.79,results/posebench_702_predictions/chai1_gpu/astex_diverse/1IG3_VIB/default_s5_t200/predictions/pred.model_idx_1.cif,1.0,5.23600161247862,5.135786348132798,<REMOTE_PROJECT_ROOT>/results/posebench_702_predictions/chai1_gpu/astex_diverse/1IG3_VIB/default_s5_t200/predictions/scores.model_idx_1.npz,0.919014573097229,0.9360268115997314,0.914761483669281,False,497.0,"A:254,B:243",2.624264617146056,18.0,18.0,10.0,56.0,"B:215:2.70,A:107:2.98,A:106:3.15,B:216:3.15,B:218:3.37,B:201:3.38,B:217:3.49,A:108:3.84,A:109:3.98,B:203:4.00,B:213:4.02,A:110:4.44",0.5956166465984266,False,False,5.010581978412784,False,2.0,5.0,ok,,,,,,,,,,,,,,,,
astex_diverse,1J3J_CP6,default_s5_t200,exception,57.475,,,,,,,,,,,,,,,,,,,,,,,,,not_ok,RuntimeError,,,,,,,,,,,,,,,
astex_diverse,1JD0_AZM,default_s5_t200,ok,180.253,results/posebench_702_predictions/chai1_gpu/astex_diverse/1JD0_AZM/default_s5_t200/predictions/pred.model_idx_4.cif,4.0,5.2863326040078045,3.6393006702159063,<REMOTE_PROJECT_ROOT>/results/posebench_702_predictions/chai1_gpu/astex_diverse/1JD0_AZM/default_s5_t200/predictions/scores.model_idx_4.npz,0.5329629778862,0.6055224537849426,0.5148230791091919,False,519.0,"A:260,B:259",10.6555634015814,13.0,13.0,10.0,67.0,"B:194:2.80,B:195:2.80,B:87:3.25,B:193:3.34,B:89:3.40,B:113:3.41,B:85:3.49,B:204:3.58,B:115:3.61,B:100:3.95,B:137:3.98,B:192:4.21",0.18775688312984515,False,False,3.4478815329250754,False,3.0,5.0,ok,,,,,,,,,,,,,,,,
astex_diverse,1JJE_BYS,default_s5_t200,ok,114.674,results/posebench_702_predictions/chai1_gpu/astex_diverse/1JJE_BYS/default_s5_t200/predictions/pred.model_idx_1.cif,1.0,35.10455483751893,20.835238842749508,<REMOTE_PROJECT_ROOT>/results/posebench_702_predictions/chai1_gpu/astex_diverse/1JJE_BYS/default_s5_t200/predictions/scores.model_idx_1.npz,0.4918665289878845,0.6448578834533691,0.4536186754703522,False,441.0,"A:220,B:221",19.806785344496237,25.0,25.0,10.0,59.0,"A:158:2.73,A:164:2.83,A:194:2.85,A:78:2.98,A:136:2.99,A:76:3.06,A:163:3.33,A:155:3.46,A:77:3.56,A:74:3.59,A:25:3.60,A:22:3.77",0.3804488190565535,False,False,18.991293821721513,False,3.0,5.0,ok,,,,,,,,,,,,,,,,
astex_diverse,1JLA_TNK,default_s5_t200,ok,277.138,results/posebench_702_predictions/chai1_gpu/astex_diverse/1JLA_TNK/default_s5_t200/predictions/pred.model_idx_1.cif,1.0,66.39954193749749,70.36786866202924,<REMOTE_PROJECT_ROOT>/results/posebench_702_predictions/chai1_gpu/astex_diverse/1JLA_TNK/default_s5_t200/predictions/scores.model_idx_1.npz,0.6443558931350708,0.6770537495613098,0.6361813545227051,False,954.0,"A:546,B:408",14.714072928133538,27.0,27.0,10.0,65.0,"A:96:2.70,A:174:3.23,A:98:3.30,A:183:3.32,A:181:3.34,A:101:3.46,A:222:3.52,A:310:3.59,A:229:3.61,A:182:3.71,A:220:3.71,A:95:3.77",1.638667688511019,False,False,44.24143538622965,False,3.0,5.0,ok,,,,,,,,,,,,,,,,
astex_diverse,1K3U_IAD,default_s5_t200,ok,183.181,results/posebench_702_predictions/chai1_gpu/astex_diverse/1K3U_IAD/default_s5_t200/predictions/pred.model_idx_1.cif,1.0,30.983982670518202,30.90379552289446,<REMOTE_PROJECT_ROOT>/results/posebench_702_predictions/chai1_gpu/astex_diverse/1K3U_IAD/default_s5_t200/predictions/scores.model_idx_1.npz,0.8652759790420532,0.9185763001441956,0.8519508838653564,False,662.0,"A:268,B:394",1.0264479979205894,21.0,21.0,10.0,85.0,"A:174:2.46,A:234:2.55,A:211:2.59,A:233:2.64,A:59:2.68,A:213:2.78,A:212:2.97,A:183:2.98,A:182:3.25,A:231:3.28,A:232:3.43,A:21:3.44",0.544999814840966,False,False,3.963202285300734,False,3.0,5.0,ok,,,,,,,,,,,,,,,,
astex_diverse,1KE5_LS1,default_s5_t200,ok,83.051,results/posebench_702_predictions/chai1_gpu/astex_diverse/1KE5_LS1/default_s5_t200/predictions/pred.model_idx_3.cif,3.0,8.16055687092105,8.15043598326112,<REMOTE_PROJECT_ROOT>/results/posebench_702_predictions/chai1_gpu/astex_diverse/1KE5_LS1/default_s5_t200/predictions/scores.model_idx_3.npz,0.8815767168998718,0.9422680139541626,0.8664038777351379,False,281.0,A:281,1.278562600925445,23.0,23.0,10.0,63.0,"A:75:2.89,A:73:2.98,A:76:3.06,A:81:3.11,A:30:3.27,A:126:3.28,A:78:3.32,A:74:3.32,A:9:3.39,A:72:3.42,A:77:3.51,A:137:3.54",0.6999658832584983,False,False,8.103013978040167,False,2.0,5.0,ok,,,,,,,,,,,,,,,,
astex_diverse,1KZK_JE2,default_s5_t200,ok,62.307,results/posebench_702_predictions/chai1_gpu/astex_diverse/1KZK_JE2/default_s5_t200/predictions/pred.model_idx_0.cif,0.0,8.658978028458465,8.660269414419691,<REMOTE_PROJECT_ROOT>/results/posebench_702_predictions/chai1_gpu/astex_diverse/1KZK_JE2/default_s5_t200/predictions/scores.model_idx_0.npz,0.9418821930885315,0.9615916013717651,0.9369547963142395,False,198.0,"A:99,B:99",0.4560256079366966,41.0,41.0,10.0,88.0,"A:24:2.62,B:24:2.67,A:29:2.68,A:26:3.00,B:47:3.33,B:29:3.35,A:27:3.41,A:47:3.42,A:49:3.47,A:48:3.48,B:26:3.51,A:28:3.51",0.26208977658374083,False,False,8.660269414419691,False,0.0,5.0,ok,,,,,,,,,,,,,,,,
astex_diverse,1L2S_STC,default_s5_t200,ok,180.146,results/posebench_702_predictions/chai1_gpu/astex_diverse/1L2S_STC/default_s5_t200/predictions/pred.model_idx_1.cif,1.0,20.346592882749423,5.47503165881045,<REMOTE_PROJECT_ROOT>/results/posebench_702_predictions/chai1_gpu/astex_diverse/1L2S_STC/default_s5_t200/predictions/scores.model_idx_1.npz,0.3926197588443756,0.611405611038208,0.3379232883453369,False,713.0,"A:355,B:358",25.134556665336792,19.0,19.0,10.0,62.0,"B:314:2.67,B:60:2.70,B:148:2.72,B:63:3.12,B:116:3.49,B:313:3.51,B:217:3.51,B:316:3.54,B:315:3.62,B:59:3.93,B:115:3.95,B:289:3.96",0.28073742854409445,False,False,5.47503165881045,False,1.0,5.0,ok,,,,,,,,,,,,,,,,
astex_diverse,1L7F_BCZ,default_s5_t200,ok,109.429,results/posebench_702_predictions/chai1_gpu/astex_diverse/1L7F_BCZ/default_s5_t200/predictions/pred.model_idx_3.cif,3.0,5.074441658009352,5.19907836189217,<REMOTE_PROJECT_ROOT>/results/posebench_702_predictions/chai1_gpu/astex_diverse/1L7F_BCZ/default_s5_t200/predictions/scores.model_idx_3.npz,0.5644809007644653,0.8261133432388306,0.49907273054122925,False,388.0,A:388,5.0048905295930135,23.0,23.0,10.0,77.0,"A:36:2.69,A:289:2.81,A:70:2.85,A:97:2.89,A:146:3.03,A:69:3.06,A:323:3.07,A:37:3.30,A:211:3.31,A:196:3.51,A:74:3.56,A:195:3.61",0.6765766236162212,False,False,4.279517353512416,False,4.0,5.0,ok,,,,,,,,,,,,,,,,
astex_diverse,1LPZ_CMB,default_s5_t200,ok,89.366,results/posebench_702_predictions/chai1_gpu/astex_diverse/1LPZ_CMB/default_s5_t200/predictions/pred.model_idx_2.cif,2.0,6.192715920454776,6.18522056383235,<REMOTE_PROJECT_ROOT>/results/posebench_702_predictions/chai1_gpu/astex_diverse/1LPZ_CMB/default_s5_t200/predictions/scores.model_idx_2.npz,0.8973060846328735,0.9523555040359497,0.8835437297821045,False,287.0,"A:53,B:234",0.5430774738823225,32.0,32.0,10.0,74.0,"B:178:2.57,B:207:3.09,B:204:3.16,B:208:3.25,B:179:3.25,B:215:3.28,B:181:3.30,B:205:3.34,B:131:3.55,B:83:3.58,B:184:3.63,B:84:3.63",0.35062665912577085,False,False,5.973994957099683,False,0.0,5.0,ok,,,,,,,,,,,,,,,,
astex_diverse,1LRH_NLA,default_s5_t200,ok,180.701,results/posebench_702_predictions/chai1_gpu/astex_diverse/1LRH_NLA/default_s5_t200/predictions/pred.model_idx_4.cif,4.0,46.13009666619395,29.601971890111173,<REMOTE_PROJECT_ROOT>/results/posebench_702_predictions/chai1_gpu/astex_diverse/1LRH_NLA/default_s5_t200/predictions/scores.model_idx_4.npz,0.5546904802322388,0.6514413356781006,0.5305027365684509,False,640.0,"A:160,B:160,C:160,D:160",33.28710813364864,14.0,14.0,10.0,64.0,"D:62:2.77,D:56:3.01,D:64:3.32,D:45:3.32,D:53:3.57,D:58:3.58,D:54:3.59,D:105:3.60,D:43:3.66,D:148:3.67,D:150:3.82,D:24:3.83",0.7761743012843042,False,False,3.871860563560382,False,2.0,5.0,ok,,,,,,,,,,,,,,,,
astex_diverse,1M2Z_DEX,default_s5_t200,ok,186.401,results/posebench_702_predictions/chai1_gpu/astex_diverse/1M2Z_DEX/default_s5_t200/predictions/pred.model_idx_3.cif,3.0,34.72170496452166,41.87342078760519,<REMOTE_PROJECT_ROOT>/results/posebench_702_predictions/chai1_gpu/astex_diverse/1M2Z_DEX/default_s5_t200/predictions/scores.model_idx_3.npz,0.7931597828865051,0.8433455228805542,0.7806133031845093,False,318.0,"A:255,B:21,D:21,E:21",16.70887971868812,28.0,28.0,10.0,81.0,"A:119:2.98,A:41:3.04,A:47:3.06,A:213:3.08,A:100:3.15,A:88:3.17,A:40:3.23,A:212:3.39,A:78:3.58,A:81:3.68,A:226:3.68,A:37:3.73",0.5515330994609287,False,False,41.28402402588635,False,0.0,5.0,ok,,,,,,,,,,,,,,,,
astex_diverse,1MEH_MOA,default_s5_t200,ok,82.336,results/posebench_702_predictions/chai1_gpu/astex_diverse/1MEH_MOA/default_s5_t200/predictions/pred.model_idx_0.cif,0.0,17.21908516809138,17.420534750968777,<REMOTE_PROJECT_ROOT>/results/posebench_702_predictions/chai1_gpu/astex_diverse/1MEH_MOA/default_s5_t200/predictions/scores.model_idx_0.npz,0.3213035762310028,0.9012830853462219,0.17630869150161743,False,353.0,A:353,2.76255992917831,23.0,23.0,10.0,68.0,"A:146:2.52,A:290:3.12,A:197:3.25,A:144:3.27,A:195:3.27,A:196:3.28,A:300:3.30,A:145:3.43,A:291:3.57,A:296:3.68,A:174:3.70,A:193:4.30",2.3305316411677386,False,False,16.70107012397519,False,4.0,5.0,ok,,,,,,,,,,,,,,,,
astex_diverse,1MMV_3AR,default_s5_t200,ok,278.042,results/posebench_702_predictions/chai1_gpu/astex_diverse/1MMV_3AR/default_s5_t200/predictions/pred.model_idx_4.cif,4.0,16.807223844366497,13.782800369421738,<REMOTE_PROJECT_ROOT>/results/posebench_702_predictions/chai1_gpu/astex_diverse/1MMV_3AR/default_s5_t200/predictions/scores.model_idx_4.npz,0.15571650862693787,0.22532705962657928,0.13831385970115662,False,816.0,"A:407,B:409",22.181796711615622,15.0,15.0,10.0,66.0,"B:288:2.50,B:283:2.67,B:279:2.78,B:169:2.92,B:278:3.03,B:275:3.22,B:256:3.25,B:258:3.33,B:253:3.41,B:276:3.63,B:277:3.63,B:257:3.79",12.169001703536852,False,False,4.403699096748067,False,0.0,5.0,ok,,,,,,,,,,,,,,,,
astex_diverse,1MZC_BNE,default_s5_t200,ok,183.638,results/posebench_702_predictions/chai1_gpu/astex_diverse/1MZC_BNE/default_s5_t200/predictions/pred.model_idx_3.cif,3.0,6.405695223070028,6.385719027685261,<REMOTE_PROJECT_ROOT>/results/posebench_702_predictions/chai1_gpu/astex_diverse/1MZC_BNE/default_s5_t200/predictions/scores.model_idx_3.npz,0.930479109287262,0.9586477279663086,0.9234369397163391,False,720.0,"A:313,B:407",1.1701214150919945,35.0,35.0,10.0,82.0,"B:185:2.92,A:111:2.98,B:280:2.99,B:345:3.15,B:89:3.35,B:85:3.36,B:82:3.37,B:282:3.38,B:344:3.46,B:283:3.47,B:134:3.64,B:79:3.80",0.19863667521061093,False,False,6.292329011289033,False,0.0,5.0,ok,,,,,,,,,,,,,,,,
astex_diverse,1N1M_A3M,default_s5_t200,exception,49.928,,,,,,,,,,,,,,,,,,,,,,,,,not_ok,RuntimeError,,,,,,,,,,,,,,,
astex_diverse,1N2J_PAF,default_s5_t200,ok,180.237,results/posebench_702_predictions/chai1_gpu/astex_diverse/1N2J_PAF/default_s5_t200/predictions/pred.model_idx_0.cif,0.0,32.83437239827048,32.700333193613304,<REMOTE_PROJECT_ROOT>/results/posebench_702_predictions/chai1_gpu/astex_diverse/1N2J_PAF/default_s5_t200/predictions/scores.model_idx_0.npz,0.9003480076789856,0.9435904026031494,0.8895373940467834,False,574.0,"A:287,B:287",0.9592136364109808,10.0,10.0,10.0,58.0,"A:69:2.78,A:161:2.79,A:139:3.42,A:35:3.61,A:37:3.63,A:36:3.67,A:154:3.77,A:66:3.86,A:136:3.90,A:140:4.00,A:64:4.61,A:158:4.65",0.22344089605151599,False,False,32.489025870365616,False,2.0,5.0,ok,,,,,,,,,,,,,,,,
astex_diverse,1N2V_BDI,default_s5_t200,ok,107.954,results/posebench_702_predictions/chai1_gpu/astex_diverse/1N2V_BDI/default_s5_t200/predictions/pred.model_idx_4.cif,4.0,3.084011169131326,3.073992242031863,<REMOTE_PROJECT_ROOT>/results/posebench_702_predictions/chai1_gpu/astex_diverse/1N2V_BDI/default_s5_t200/predictions/scores.model_idx_4.npz,0.7552903294563293,0.9528284668922424,0.7059057354927063,False,372.0,A:372,0.35374271385325173,15.0,15.0,10.0,67.0,"A:145:2.68,A:219:2.73,A:218:3.19,A:192:3.22,A:250:3.57,A:95:3.61,A:249:3.62,A:147:3.63,A:190:3.67,A:91:3.80,A:92:3.95,A:221:3.96",0.3613514986025374,False,False,3.073992242031863,False,4.0,5.0,ok,,,,,,,,,,,,,,,,
astex_diverse,1N46_PFA,default_s5_t200,ok,182.127,results/posebench_702_predictions/chai1_gpu/astex_diverse/1N46_PFA/default_s5_t200/predictions/pred.model_idx_2.cif,2.0,41.26916128763556,37.46727286545968,<REMOTE_PROJECT_ROOT>/results/posebench_702_predictions/chai1_gpu/astex_diverse/1N46_PFA/default_s5_t200/predictions/scores.model_idx_2.npz,0.7215298414230347,0.7989136576652527,0.7021839022636414,False,487.0,"A:248,B:239",17.340344623490896,27.0,27.0,10.0,98.0,"A:106:2.61,A:221:2.68,A:102:2.80,A:117:2.98,A:96:3.06,A:68:3.20,A:99:3.24,A:241:3.27,A:130:3.37,A:65:3.37,A:116:3.40,A:58:3.47",0.6162353548417646,False,False,36.76164581897243,False,1.0,5.0,ok,,,,,,,,,,,,,,,,
astex_diverse,1NAV_IH5,default_s5_t200,ok,83.049,results/posebench_702_predictions/chai1_gpu/astex_diverse/1NAV_IH5/default_s5_t200/predictions/pred.model_idx_2.cif,2.0,7.51850976203394,7.525315291676843,<REMOTE_PROJECT_ROOT>/results/posebench_702_predictions/chai1_gpu/astex_diverse/1NAV_IH5/default_s5_t200/predictions/scores.model_idx_2.npz,0.8846270442008972,0.9297513365745544,0.8733459115028381,False,253.0,A:253,3.133585727742419,23.0,23.0,10.0,90.0,"A:225:2.55,A:121:2.69,A:103:3.10,A:134:3.16,A:245:3.24,A:72:3.29,A:120:3.35,A:143:3.49,A:66:3.51,A:69:3.53,A:63:3.55,A:136:3.60",0.3815019718515466,False,False,7.510620741185748,False,4.0,5.0,ok,,,,,,,,,,,,,,,,
astex_diverse,1OF1_SCT,default_s5_t200,ok,182.24,results/posebench_702_predictions/chai1_gpu/astex_diverse/1OF1_SCT/default_s5_t200/predictions/pred.model_idx_3.cif,3.0,3.469048940048124,6.835695571749516,<REMOTE_PROJECT_ROOT>/results/posebench_702_predictions/chai1_gpu/astex_diverse/1OF1_SCT/default_s5_t200/predictions/scores.model_idx_3.npz,0.7387398481369019,0.8094319105148315,0.7210668325424194,False,620.0,"A:307,B:313",8.25192908881641,18.0,18.0,10.0,68.0,"B:55:2.66,B:171:2.81,B:37:2.87,B:79:2.89,B:121:3.28,B:117:3.32,B:112:3.48,B:82:3.49,B:12:3.56,B:54:3.70,B:51:3.73,B:42:3.90",9.447908263182532,False,False,6.341773751063244,False,2.0,5.0,ok,,,,,,,,,,,,,,,,
astex_diverse,1OF6_DTY,default_s5_t200,exception,10.313,,,,,,,,,,,,,,,,,,,,,,,,,not_ok,UnsupportedInputError,,,,,,,,,,,,,,,
astex_diverse,1OPK_P16,default_s5_t200,ok,112.507,results/posebench_702_predictions/chai1_gpu/astex_diverse/1OPK_P16/default_s5_t200/predictions/pred.model_idx_0.cif,0.0,8.435467707889842,8.36492479690176,<REMOTE_PROJECT_ROOT>/results/posebench_702_predictions/chai1_gpu/astex_diverse/1OPK_P16/default_s5_t200/predictions/scores.model_idx_0.npz,0.7522258758544922,0.7101407647132874,0.7627471089363098,False,449.0,A:449,3.9097191923695784,29.0,29.0,10.0,74.0,"A:254:2.84,A:251:3.24,A:189:3.31,A:222:3.32,A:226:3.34,A:252:3.35,A:205:3.45,A:257:3.48,A:317:3.56,A:306:3.56,A:192:3.56,A:316:3.59",1.9118632152218833,False,False,7.90978378332614,False,4.0,5.0,ok,,,,,,,,,,,,,,,,
astex_diverse,1OQ5_CEL,default_s5_t200,ok,83.873,results/posebench_702_predictions/chai1_gpu/astex_diverse/1OQ5_CEL/default_s5_t200/predictions/pred.model_idx_0.cif,0.0,6.506888417004003,6.504661047209162,<REMOTE_PROJECT_ROOT>/results/posebench_702_predictions/chai1_gpu/astex_diverse/1OQ5_CEL/default_s5_t200/predictions/scores.model_idx_0.npz,0.8889186382293701,0.9741169214248657,0.8676190376281738,False,256.0,A:256,0.23117127176143937,26.0,26.0,10.0,74.0,"A:194:2.84,A:195:3.16,A:90:3.21,A:88:3.21,A:197:3.24,A:63:3.29,A:193:3.30,A:92:3.30,A:65:3.34,A:115:3.46,A:126:3.62,A:117:3.76",0.1662634131702706,False,False,6.504661047209162,False,0.0,5.0,ok,,,,,,,,,,,,,,,,
astex_diverse,1OWE_675,default_s5_t200,ok,84.428,results/posebench_702_predictions/chai1_gpu/astex_diverse/1OWE_675/default_s5_t200/predictions/pred.model_idx_0.cif,0.0,4.571940435915144,4.57110934762077,<REMOTE_PROJECT_ROOT>/results/posebench_702_predictions/chai1_gpu/astex_diverse/1OWE_675/default_s5_t200/predictions/scores.model_idx_0.npz,0.8719452619552612,0.9665699005126953,0.8482890725135803,False,245.0,A:245,0.45239523277071475,22.0,22.0,10.0,65.0,"A:192:2.77,A:191:2.84,A:194:2.89,A:220:2.93,A:228:3.32,A:45:3.40,A:197:3.40,A:217:3.60,A:93:3.62,A:215:3.83,A:221:3.87,A:218:3.94",0.2965926874422969,False,False,4.525265142186112,False,2.0,5.0,ok,,,,,,,,,,,,,,,,
astex_diverse,1OYT_FSN,default_s5_t200,ok,92.791,results/posebench_702_predictions/chai1_gpu/astex_diverse/1OYT_FSN/default_s5_t200/predictions/pred.model_idx_0.cif,0.0,6.8695633628258514,6.870622345245466,<REMOTE_PROJECT_ROOT>/results/posebench_702_predictions/chai1_gpu/astex_diverse/1OYT_FSN/default_s5_t200/predictions/scores.model_idx_0.npz,0.8996269702911377,0.9719981551170349,0.8815341591835022,False,282.0,"L:27,H:250,I:5",0.34760058122871135,30.0,30.0,10.0,74.0,"H:191:2.78,H:222:2.88,H:192:3.03,H:220:3.07,H:94:3.15,H:93:3.16,H:219:3.19,H:218:3.35,H:49:3.46,H:46:3.51,H:42:3.53,H:230:3.58",0.2865617103393558,False,False,6.870622345245466,False,0.0,5.0,ok,,,,,,,,,,,,,,,,
astex_diverse,1P2Y_NCT,default_s5_t200,ok,108.952,results/posebench_702_predictions/chai1_gpu/astex_diverse/1P2Y_NCT/default_s5_t200/predictions/pred.model_idx_0.cif,0.0,3.254373435884921,3.2163165265928417,<REMOTE_PROJECT_ROOT>/results/posebench_702_predictions/chai1_gpu/astex_diverse/1P2Y_NCT/default_s5_t200/predictions/scores.model_idx_0.npz,0.6232060194015503,0.9458693265914917,0.5425401926040649,False,407.0,A:407,0.5096997881584202,12.0,12.0,10.0,68.0,"A:234:3.43,A:386:3.44,A:385:3.54,A:238:3.61,A:237:3.62,A:77:3.68,A:287:3.68,A:242:4.08,A:175:4.10,A:285:4.19,A:347:4.49,A:86:4.93",0.35794531694307913,False,False,3.072602319461105,False,2.0,5.0,ok,,,,,,,,,,,,,,,,
astex_diverse,1P62_GEO,default_s5_t200,ok,62.635,results/posebench_702_predictions/chai1_gpu/astex_diverse/1P62_GEO/default_s5_t200/predictions/pred.model_idx_4.cif,4.0,5.010798131675943,5.007301921214225,<REMOTE_PROJECT_ROOT>/results/posebench_702_predictions/chai1_gpu/astex_diverse/1P62_GEO/default_s5_t200/predictions/scores.model_idx_4.npz,0.9148262739181519,0.9493301510810852,0.9062002301216125,False,229.0,B:229,1.1928115296017427,18.0,18.0,10.0,69.0,"B:33:2.48,B:165:2.65,B:54:2.65,B:101:2.80,B:65:3.03,B:96:3.04,B:10:3.23,B:53:3.44,B:105:3.44,B:38:3.54,B:64:3.54,B:35:3.88",0.3508314143185911,False,False,5.007301921214225,False,4.0,5.0,ok,,,,,,,,,,,,,,,,
astex_diverse,1PMN_984,default_s5_t200,ok,88.366,results/posebench_702_predictions/chai1_gpu/astex_diverse/1PMN_984/default_s5_t200/predictions/pred.model_idx_4.cif,4.0,3.6551370988593352,3.74447899951197,<REMOTE_PROJECT_ROOT>/results/posebench_702_predictions/chai1_gpu/astex_diverse/1PMN_984/default_s5_t200/predictions/scores.model_idx_4.npz,0.868598222732544,0.9110058546066284,0.8579963445663452,False,344.0,A:344,2.9686265789102375,33.0,33.0,10.0,72.0,"A:46:2.83,A:104:3.00,A:25:3.23,A:99:3.27,A:27:3.35,A:81:3.40,A:106:3.44,A:149:3.46,A:79:3.49,A:48:3.53,A:47:3.55,A:148:3.57",2.763725500885476,False,False,3.612440381544187,False,3.0,5.0,ok,,,,,,,,,,,,,,,,
astex_diverse,1Q1G_MTI,default_s5_t200,exception,45.84,,,,,,,,,,,,,,,,,,,,,,,,,not_ok,RuntimeError,,,,,,,,,,,,,,,
astex_diverse,1Q41_IXM,default_s5_t200,ok,182.628,results/posebench_702_predictions/chai1_gpu/astex_diverse/1Q41_IXM/default_s5_t200/predictions/pred.model_idx_3.cif,3.0,32.9953412018243,32.48201272612647,<REMOTE_PROJECT_ROOT>/results/posebench_702_predictions/chai1_gpu/astex_diverse/1Q41_IXM/default_s5_t200/predictions/scores.model_idx_3.npz,0.5493268966674805,0.6016939282417297,0.5362351536750793,False,682.0,"A:339,B:343",20.201137897467955,21.0,21.0,10.0,58.0,"A:94:2.62,A:92:2.97,A:93:3.24,A:95:3.32,A:48:3.37,A:147:3.42,A:100:3.51,A:27:3.52,A:97:3.72,A:35:3.76,A:91:3.81,A:158:3.90",0.5157793876190326,False,False,32.12145798528651,False,2.0,5.0,ok,,,,,,,,,,,,,,,,
astex_diverse,1Q4G_BFL,default_s5_t200,exception,45.155,,,,,,,,,,,,,,,,,,,,,,,,,not_ok,RuntimeError,,,,,,,,,,,,,,,
astex_diverse,1R1H_BIR,default_s5_t200,ok,175.522,results/posebench_702_predictions/chai1_gpu/astex_diverse/1R1H_BIR/default_s5_t200/predictions/pred.model_idx_4.cif,4.0,7.844887842327943,7.854074596029353,<REMOTE_PROJECT_ROOT>/results/posebench_702_predictions/chai1_gpu/astex_diverse/1R1H_BIR/default_s5_t200/predictions/scores.model_idx_4.npz,0.8494040966033936,0.9415618777275085,0.8263646364212036,False,696.0,A:696,0.4105727877320706,29.0,29.0,10.0,90.0,"A:530:2.42,A:489:2.73,A:657:2.81,A:663:2.89,A:488:2.97,A:635:3.09,A:592:3.13,A:639:3.19,A:529:3.36,A:490:3.40,A:638:3.45,A:533:3.57",0.3098223323694931,False,False,7.836624262468287,False,1.0,5.0,ok,,,,,,,,,,,,,,,,
astex_diverse,1R55_097,default_s5_t200,ok,63.75,results/posebench_702_predictions/chai1_gpu/astex_diverse/1R55_097/default_s5_t200/predictions/pred.model_idx_1.cif,1.0,4.648209594498668,4.646907693397001,<REMOTE_PROJECT_ROOT>/results/posebench_702_predictions/chai1_gpu/astex_diverse/1R55_097/default_s5_t200/predictions/scores.model_idx_1.npz,0.8979253172874451,0.9675794839859009,0.8805117607116699,False,203.0,A:203,0.3712583556453561,23.0,23.0,10.0,53.0,"A:138:2.78,A:103:2.80,A:104:2.83,A:147:2.84,A:169:2.93,A:141:2.99,A:101:3.04,A:137:3.16,A:167:3.35,A:168:3.39,A:102:3.42,A:166:3.52",0.21185512735698192,False,False,4.646907693397001,False,1.0,5.0,ok,,,,,,,,,,,,,,,,
astex_diverse,1R58_AO5,default_s5_t200,ok,108.856,results/posebench_702_predictions/chai1_gpu/astex_diverse/1R58_AO5/default_s5_t200/predictions/pred.model_idx_4.cif,4.0,2.7965385824423055,2.8385514626151798,<REMOTE_PROJECT_ROOT>/results/posebench_702_predictions/chai1_gpu/astex_diverse/1R58_AO5/default_s5_t200/predictions/scores.model_idx_4.npz,0.7307786345481873,0.9335172176361084,0.6800939440727234,False,369.0,A:369,0.5970821901708837,23.0,23.0,10.0,77.0,"A:121:2.64,A:254:2.73,A:229:2.98,A:141:3.03,A:109:3.09,A:221:3.12,A:152:3.30,A:349:3.31,A:334:3.31,A:304:3.60,A:274:3.74,A:272:3.84",0.24249068247848363,False,False,2.3907789283382543,False,1.0,5.0,ok,,,,,,,,,,,,,,,,
astex_diverse,1R9O_FLP,default_s5_t200,ok,111.746,results/posebench_702_predictions/chai1_gpu/astex_diverse/1R9O_FLP/default_s5_t200/predictions/pred.model_idx_4.cif,4.0,6.391703929832464,6.401216120955917,<REMOTE_PROJECT_ROOT>/results/posebench_702_predictions/chai1_gpu/astex_diverse/1R9O_FLP/default_s5_t200/predictions/scores.model_idx_4.npz,0.5158279538154602,0.9371458888053894,0.4104984402656555,False,455.0,A:455,1.6187588055236823,18.0,18.0,10.0,75.0,"A:77:2.69,A:173:3.22,A:259:3.35,A:258:3.54,A:174:3.57,A:177:3.58,A:255:3.65,A:202:3.67,A:199:3.72,A:82:3.72,A:328:3.76,A:83:3.81",1.2108527258343786,False,False,6.401216120955917,False,4.0,5.0,ok,,,,,,,,,,,,,,,,
astex_diverse,1S19_MC9,default_s5_t200,ok,83.063,results/posebench_702_predictions/chai1_gpu/astex_diverse/1S19_MC9/default_s5_t200/predictions/pred.model_idx_0.cif,0.0,7.306705721102598,7.310930306865265,<REMOTE_PROJECT_ROOT>/results/posebench_702_predictions/chai1_gpu/astex_diverse/1S19_MC9/default_s5_t200/predictions/scores.model_idx_0.npz,0.8420478701591492,0.932574450969696,0.8194161653518677,False,253.0,A:253,0.4038809008639414,30.0,30.0,10.0,101.0,"A:226:2.74,A:134:2.77,A:23:2.77,A:66:2.79,A:103:2.84,A:107:2.93,A:115:3.38,A:104:3.41,A:56:3.50,A:138:3.53,A:117:3.55,A:63:3.65",0.25439104450058964,False,False,7.239230249590689,False,1.0,5.0,ok,,,,,,,,,,,,,,,,
astex_diverse,1S3V_TQD,default_s5_t200,ok,62.494,results/posebench_702_predictions/chai1_gpu/astex_diverse/1S3V_TQD/default_s5_t200/predictions/pred.model_idx_4.cif,4.0,6.747962034517761,6.750072259577275,<REMOTE_PROJECT_ROOT>/results/posebench_702_predictions/chai1_gpu/astex_diverse/1S3V_TQD/default_s5_t200/predictions/scores.model_idx_4.npz,0.918328046798706,0.9578632116317749,0.9084442257881165,False,186.0,A:186,0.6018239382602868,27.0,27.0,10.0,72.0,"A:29:2.72,A:114:2.92,A:6:2.92,A:63:3.22,A:20:3.23,A:7:3.34,A:60:3.43,A:33:3.50,A:135:3.53,A:120:3.58,A:30:3.59,A:8:3.62",0.3215910060410563,False,False,6.529290878488136,False,3.0,5.0,ok,,,,,,,,,,,,,,,,
astex_diverse,1SG0_STL,default_s5_t200,ok,114.286,results/posebench_702_predictions/chai1_gpu/astex_diverse/1SG0_STL/default_s5_t200/predictions/pred.model_idx_0.cif,0.0,27.71359971006019,27.665620033504638,<REMOTE_PROJECT_ROOT>/results/posebench_702_predictions/chai1_gpu/astex_diverse/1SG0_STL/default_s5_t200/predictions/scores.model_idx_0.npz,0.926332950592041,0.9614684581756592,0.9175490736961365,False,460.0,"A:230,B:230",0.6675264651053167,17.0,17.0,10.0,73.0,"B:173:2.75,A:160:3.13,A:105:3.25,A:104:3.28,B:125:3.34,B:177:3.39,B:119:3.56,A:149:3.57,B:70:3.73,B:67:3.90,B:131:3.95,B:120:4.14",0.42417661929955836,False,False,27.400990098902486,False,4.0,5.0,ok,,,,,,,,,,,,,,,,
astex_diverse,1SJ0_E4D,default_s5_t200,ok,82.36,results/posebench_702_predictions/chai1_gpu/astex_diverse/1SJ0_E4D/default_s5_t200/predictions/pred.model_idx_1.cif,1.0,5.482924714239167,5.425064804822582,<REMOTE_PROJECT_ROOT>/results/posebench_702_predictions/chai1_gpu/astex_diverse/1SJ0_E4D/default_s5_t200/predictions/scores.model_idx_1.npz,0.8757132291793823,0.9318645596504211,0.8616753816604614,False,243.0,A:243,1.5641937215173254,33.0,33.0,10.0,84.0,"A:217:2.58,A:44:3.01,A:46:3.03,A:214:3.11,A:87:3.22,A:223:3.29,A:80:3.32,A:39:3.39,A:36:3.40,A:43:3.43,A:218:3.47,A:76:3.63",1.3784702253381287,False,False,5.372256735637724,False,3.0,5.0,ok,,,,,,,,,,,,,,,,
astex_diverse,1SQ5_PAU,default_s5_t200,exception,54.213,,,,,,,,,,,,,,,,,,,,,,,,,not_ok,RuntimeError,,,,,,,,,,,,,,,
astex_diverse,1SQN_NDR,default_s5_t200,ok,180.366,results/posebench_702_predictions/chai1_gpu/astex_diverse/1SQN_NDR/default_s5_t200/predictions/pred.model_idx_1.cif,1.0,11.12448355128933,6.195315269869332,<REMOTE_PROJECT_ROOT>/results/posebench_702_predictions/chai1_gpu/astex_diverse/1SQN_NDR/default_s5_t200/predictions/scores.model_idx_1.npz,0.6394688487052917,0.6950832009315491,0.625565230846405,False,498.0,"A:248,B:250",21.975061417363435,22.0,22.0,10.0,79.0,"B:83:2.74,B:42:2.86,B:32:3.42,B:207:3.46,B:114:3.55,B:76:3.57,B:206:3.60,B:35:3.60,B:118:3.67,B:38:3.68,B:36:3.69,B:73:3.75",0.6489285032301346,False,False,6.102125812225261,False,4.0,5.0,ok,,,,,,,,,,,,,,,,
astex_diverse,1T40_ID5,default_s5_t200,ok,84.447,results/posebench_702_predictions/chai1_gpu/astex_diverse/1T40_ID5/default_s5_t200/predictions/pred.model_idx_0.cif,0.0,4.571092316263208,4.558746486405661,<REMOTE_PROJECT_ROOT>/results/posebench_702_predictions/chai1_gpu/astex_diverse/1T40_ID5/default_s5_t200/predictions/scores.model_idx_0.npz,0.9333057403564453,0.9732809662818909,0.9233119487762451,False,316.0,A:316,0.3024914844381755,28.0,28.0,10.0,68.0,"A:110:2.71,A:48:2.88,A:111:2.95,A:47:2.95,A:20:3.10,A:113:3.16,A:309:3.21,A:80:3.32,A:300:3.37,A:299:3.39,A:115:3.47,A:303:3.49",0.26356511809830496,False,False,4.558746486405661,False,0.0,5.0,ok,,,,,,,,,,,,,,,,
astex_diverse,1T46_STI,default_s5_t200,ok,86.524,results/posebench_702_predictions/chai1_gpu/astex_diverse/1T46_STI/default_s5_t200/predictions/pred.model_idx_3.cif,3.0,12.184303901896966,11.944946913036706,<REMOTE_PROJECT_ROOT>/results/posebench_702_predictions/chai1_gpu/astex_diverse/1T46_STI/default_s5_t200/predictions/scores.model_idx_3.npz,0.8439151048660278,0.9346481561660767,0.8212317824363708,False,297.0,A:297,1.5569572602770831,37.0,37.0,10.0,96.0,"A:108:2.85,A:75:2.86,A:105:2.95,A:152:2.98,A:173:3.08,A:172:3.18,A:153:3.24,A:79:3.32,A:58:3.39,A:174:3.41,A:107:3.45,A:162:3.53",0.8423818280155008,False,False,11.903369218385684,False,4.0,5.0,ok,,,,,,,,,,,,,,,,
astex_diverse,1T9B_1CS,default_s5_t200,exception,50.44,,,,,,,,,,,,,,,,,,,,,,,,,not_ok,RuntimeError,,,,,,,,,,,,,,,
astex_diverse,1TOW_CRZ,default_s5_t200,ok,63.035,results/posebench_702_predictions/chai1_gpu/astex_diverse/1TOW_CRZ/default_s5_t200/predictions/pred.model_idx_0.cif,0.0,3.676198735979841,3.675680848277774,<REMOTE_PROJECT_ROOT>/results/posebench_702_predictions/chai1_gpu/astex_diverse/1TOW_CRZ/default_s5_t200/predictions/scores.model_idx_0.npz,0.7266709208488464,0.9403108954429626,0.6732609272003174,False,131.0,A:131,0.23436491978826432,19.0,19.0,10.0,73.0,"A:125:2.65,A:127:2.74,A:75:3.50,A:15:3.52,A:77:3.66,A:37:3.69,A:56:3.76,A:116:3.84,A:19:3.86,A:74:3.86,A:52:3.87,A:103:3.96",0.19340676519250688,False,False,1.7355636534947965,True,2.0,5.0,ok,,,,,,,,,,,,,,,,
astex_diverse,1TT1_KAI,default_s5_t200,ok,172.748,results/posebench_702_predictions/chai1_gpu/astex_diverse/1TT1_KAI/default_s5_t200/predictions/pred.model_idx_1.cif,1.0,32.95008551303062,32.89241664097929,<REMOTE_PROJECT_ROOT>/results/posebench_702_predictions/chai1_gpu/astex_diverse/1TT1_KAI/default_s5_t200/predictions/scores.model_idx_1.npz,0.7909319400787354,0.8690008521080017,0.7714146971702576,False,502.0,"A:251,B:251",17.906008923312548,15.0,15.0,10.0,70.0,"A:140:2.59,A:188:2.65,A:93:2.82,A:86:2.88,A:139:2.91,A:88:2.93,A:58:3.36,A:171:3.37,A:138:3.52,A:87:3.64,A:135:3.68,A:10:3.75",0.5108708722406577,False,False,32.71568260788352,False,2.0,5.0,ok,,,,,,,,,,,,,,,,
astex_diverse,1TZ8_DES,default_s5_t200,ok,117.088,results/posebench_702_predictions/chai1_gpu/astex_diverse/1TZ8_DES/default_s5_t200/predictions/pred.model_idx_4.cif,4.0,23.13166731789717,11.769059672946018,<REMOTE_PROJECT_ROOT>/results/posebench_702_predictions/chai1_gpu/astex_diverse/1TZ8_DES/default_s5_t200/predictions/scores.model_idx_4.npz,0.8601855635643005,0.8918482661247253,0.8522698879241943,False,461.0,"A:115,B:115,C:116,D:115",25.74656586480946,20.0,20.0,10.0,61.0,"A:107:2.64,B:107:2.81,A:7:3.04,B:5:3.17,B:7:3.47,B:99:3.47,A:99:3.66,B:98:3.73,A:5:3.73,A:100:3.78,B:100:3.84,B:109:3.91",9.858027292524639,False,False,11.689860549664422,False,2.0,5.0,ok,,,,,,,,,,,,,,,,
astex_diverse,1U1C_BAU,default_s5_t200,exception,61.977,,,,,,,,,,,,,,,,,,,,,,,,,not_ok,RuntimeError,,,,,,,,,,,,,,,
astex_diverse,1U4D_DBQ,default_s5_t200,ok,179.587,results/posebench_702_predictions/chai1_gpu/astex_diverse/1U4D_DBQ/default_s5_t200/predictions/pred.model_idx_2.cif,2.0,6.749739361087483,4.436950924460406,<REMOTE_PROJECT_ROOT>/results/posebench_702_predictions/chai1_gpu/astex_diverse/1U4D_DBQ/default_s5_t200/predictions/scores.model_idx_2.npz,0.7463369369506836,0.8557447791099548,0.7189849615097046,False,520.0,"A:258,B:262",23.680341303183027,18.0,18.0,10.0,57.0,"B:82:2.76,B:41:3.14,B:80:3.15,B:141:3.27,B:128:3.39,B:39:3.40,B:79:3.53,B:81:3.57,B:130:3.60,B:15:3.63,B:17:3.89,B:64:3.90",0.689094156575229,False,False,4.366008083435659,False,4.0,5.0,ok,,,,,,,,,,,,,,,,
astex_diverse,1UML_FR4,default_s5_t200,ok,86.215,results/posebench_702_predictions/chai1_gpu/astex_diverse/1UML_FR4/default_s5_t200/predictions/pred.model_idx_4.cif,4.0,6.065169737088026,6.178107568993769,<REMOTE_PROJECT_ROOT>/results/posebench_702_predictions/chai1_gpu/astex_diverse/1UML_FR4/default_s5_t200/predictions/scores.model_idx_4.npz,0.9085310697555542,0.9637518525123596,0.8947257995605469,False,349.0,A:349,0.6678935550706723,33.0,33.0,10.0,77.0,"A:13:2.65,A:292:2.72,A:15:2.78,A:180:3.39,A:181:3.43,A:54:3.43,A:58:3.59,A:61:3.60,A:213:3.62,A:57:3.65,A:151:3.67,A:265:3.70",0.8542217108370973,False,False,4.5559978258912865,False,2.0,5.0,ok,,,,,,,,,,,,,,,,
astex_diverse,1UNL_RRC,default_s5_t200,ok,286.508,results/posebench_702_predictions/chai1_gpu/astex_diverse/1UNL_RRC/default_s5_t200/predictions/pred.model_idx_0.cif,0.0,21.820503881236853,6.084442169289322,<REMOTE_PROJECT_ROOT>/results/posebench_702_predictions/chai1_gpu/astex_diverse/1UNL_RRC/default_s5_t200/predictions/scores.model_idx_0.npz,0.5440911054611206,0.6255859732627869,0.5237174034118652,False,882.0,"A:292,B:292,D:149,E:149",31.672338738390795,26.0,26.0,10.0,61.0,"A:82:2.81,A:129:2.83,A:83:3.14,A:80:3.30,A:85:3.36,A:11:3.41,A:79:3.41,A:84:3.42,A:30:3.47,A:132:3.53,A:17:3.59,A:63:3.61",0.5347187815667549,False,False,6.02153466097302,False,2.0,5.0,ok,,,,,,,,,,,,,,,,
astex_diverse,1UOU_CMU,default_s5_t200,ok,112.567,results/posebench_702_predictions/chai1_gpu/astex_diverse/1UOU_CMU/default_s5_t200/predictions/pred.model_idx_3.cif,3.0,4.2046143716556585,4.249884311163108,<REMOTE_PROJECT_ROOT>/results/posebench_702_predictions/chai1_gpu/astex_diverse/1UOU_CMU/default_s5_t200/predictions/scores.model_idx_3.npz,0.8374598026275635,0.9256578683853149,0.8154101967811584,False,438.0,A:438,0.9635450048965771,16.0,16.0,10.0,71.0,"A:188:2.64,A:84:2.65,A:184:2.72,A:169:3.04,A:83:3.21,A:118:3.35,A:119:3.40,A:85:3.41,A:166:3.47,A:113:3.50,A:181:3.58,A:115:3.58",0.7285967689154474,False,False,3.590058604431076,False,2.0,5.0,ok,,,,,,,,,,,,,,,,
astex_diverse,1V0P_PVB,default_s5_t200,ok,180.343,results/posebench_702_predictions/chai1_gpu/astex_diverse/1V0P_PVB/default_s5_t200/predictions/pred.model_idx_3.cif,3.0,44.241209282390535,43.072811597034914,<REMOTE_PROJECT_ROOT>/results/posebench_702_predictions/chai1_gpu/astex_diverse/1V0P_PVB/default_s5_t200/predictions/scores.model_idx_3.npz,0.5836877226829529,0.6499152779579163,0.5671308040618896,False,535.0,"A:277,B:258",19.967633021110792,30.0,30.0,10.0,57.0,"A:128:2.59,A:81:2.76,A:79:3.17,A:29:3.33,A:84:3.37,A:131:3.40,A:82:3.40,A:141:3.42,A:12:3.42,A:10:3.47,A:9:3.64,A:11:3.66",0.9364023110254301,False,False,42.638193400536515,False,4.0,5.0,ok,,,,,,,,,,,,,,,,
astex_diverse,1V48_HA1,default_s5_t200,ok,83.206,results/posebench_702_predictions/chai1_gpu/astex_diverse/1V48_HA1/default_s5_t200/predictions/pred.model_idx_3.cif,3.0,6.252236794262364,5.122284084210605,<REMOTE_PROJECT_ROOT>/results/posebench_702_predictions/chai1_gpu/astex_diverse/1V48_HA1/default_s5_t200/predictions/scores.model_idx_3.npz,0.8582664132118225,0.9075185656547546,0.8459533452987671,False,261.0,A:261,12.142405076817631,22.0,22.0,10.0,63.0,"A:193:2.62,A:212:2.69,A:78:2.91,A:76:2.96,A:235:3.09,A:108:3.14,A:107:3.16,A:31:3.21,A:209:3.27,A:192:3.33,A:30:3.39,A:110:3.54",4.146906396002208,False,False,5.122284084210605,False,3.0,5.0,ok,,,,,,,,,,,,,,,,
astex_diverse,1V4S_MRK,default_s5_t200,ok,113.598,results/posebench_702_predictions/chai1_gpu/astex_diverse/1V4S_MRK/default_s5_t200/predictions/pred.model_idx_3.cif,3.0,7.836655760854659,7.915694097856479,<REMOTE_PROJECT_ROOT>/results/posebench_702_predictions/chai1_gpu/astex_diverse/1V4S_MRK/default_s5_t200/predictions/scores.model_idx_3.npz,0.7311685681343079,0.9232662916183472,0.6831440925598145,False,448.0,A:448,0.923879251554055,23.0,23.0,10.0,75.0,"A:201:2.45,A:49:2.73,A:200:3.01,A:47:3.25,A:206:3.30,A:51:3.41,A:441:3.46,A:221:3.51,A:197:3.59,A:438:3.62,A:48:3.62,A:50:3.64",1.3010045327152595,False,False,7.844885328598668,False,4.0,5.0,ok,,,,,,,,,,,,,,,,
astex_diverse,1VCJ_IBA,default_s5_t200,ok,109.36,results/posebench_702_predictions/chai1_gpu/astex_diverse/1VCJ_IBA/default_s5_t200/predictions/pred.model_idx_2.cif,2.0,5.874070472653875,5.866060246972442,<REMOTE_PROJECT_ROOT>/results/posebench_702_predictions/chai1_gpu/astex_diverse/1VCJ_IBA/default_s5_t200/predictions/scores.model_idx_2.npz,0.519781231880188,0.8502436280250549,0.43716561794281006,False,389.0,A:389,5.254142733681055,25.0,25.0,10.0,77.0,"A:38:2.53,A:99:2.63,A:296:2.70,A:72:2.77,A:198:2.92,A:214:2.97,A:197:3.04,A:71:3.05,A:331:3.08,A:76:3.14,A:148:3.21,A:39:3.28",1.94006523858061,False,False,4.822439918329403,False,1.0,5.0,ok,,,,,,,,,,,,,,,,
astex_diverse,1W1P_GIO,default_s5_t200,ok,277.209,results/posebench_702_predictions/chai1_gpu/astex_diverse/1W1P_GIO/default_s5_t200/predictions/pred.model_idx_1.cif,1.0,6.472291267502262,1.9890187486998974,<REMOTE_PROJECT_ROOT>/results/posebench_702_predictions/chai1_gpu/astex_diverse/1W1P_GIO/default_s5_t200/predictions/scores.model_idx_1.npz,0.3350348174571991,0.5663273930549622,0.27721166610717773,False,995.0,"A:497,B:498",12.538595868670445,11.0,11.0,10.0,54.0,"B:212:2.55,B:95:2.80,B:142:2.99,B:8:3.25,B:94:3.45,B:140:3.46,B:401:3.48,B:210:3.56,B:49:3.61,B:182:4.16,B:399:4.39,B:290:4.91",0.31817571585519977,True,False,1.9157127090126467,True,4.0,5.0,ok,,,,,,,,,,,,,,,,
astex_diverse,1W2G_THM,default_s5_t200,ok,113.301,results/posebench_702_predictions/chai1_gpu/astex_diverse/1W2G_THM/default_s5_t200/predictions/pred.model_idx_0.cif,0.0,3.7217587465873203,3.7312274327699817,<REMOTE_PROJECT_ROOT>/results/posebench_702_predictions/chai1_gpu/astex_diverse/1W2G_THM/default_s5_t200/predictions/scores.model_idx_0.npz,0.8227205276489258,0.8753801584243774,0.8095555305480957,False,400.0,"A:196,B:204",1.572059886502253,17.0,17.0,10.0,71.0,"B:73:2.84,B:8:2.92,B:99:2.98,B:160:3.14,B:38:3.19,B:102:3.23,B:36:3.30,B:69:3.31,B:94:3.55,B:35:3.73,B:98:3.73,B:95:3.94",0.39023716017530236,False,False,3.6874470453085064,False,4.0,5.0,ok,,,,,,,,,,,,,,,,
astex_diverse,1X8X_TYR,default_s5_t200,ok,83.004,results/posebench_702_predictions/chai1_gpu/astex_diverse/1X8X_TYR/default_s5_t200/predictions/pred.model_idx_1.cif,1.0,3.848537981921352,3.8380425812599657,<REMOTE_PROJECT_ROOT>/results/posebench_702_predictions/chai1_gpu/astex_diverse/1X8X_TYR/default_s5_t200/predictions/scores.model_idx_1.npz,0.8759506344795227,0.9298697113990784,0.8624708652496338,False,322.0,A:322,1.2868146650310752,13.0,13.0,10.0,69.0,"A:181:2.68,A:178:2.73,A:36:2.76,A:80:2.84,A:174:2.86,A:200:2.92,A:38:3.43,A:194:3.46,A:40:3.55,A:70:3.76,A:75:3.77,A:125:3.97",0.32781550534279197,False,False,3.7104949174722877,False,3.0,5.0,ok,,,,,,,,,,,,,,,,
astex_diverse,1XM6_5RM,default_s5_t200,ok,179.751,results/posebench_702_predictions/chai1_gpu/astex_diverse/1XM6_5RM/default_s5_t200/predictions/pred.model_idx_4.cif,4.0,46.09250480505531,46.20557641501203,<REMOTE_PROJECT_ROOT>/results/posebench_702_predictions/chai1_gpu/astex_diverse/1XM6_5RM/default_s5_t200/predictions/scores.model_idx_4.npz,0.8240604996681213,0.8907209634780884,0.807395339012146,False,666.0,"A:335,B:331",4.250991191963264,19.0,19.0,10.0,78.0,"A:277:3.03,A:280:3.33,A:246:3.37,A:228:3.45,A:245:3.49,A:331:3.58,A:249:3.58,A:230:3.63,A:276:3.67,A:242:3.67,A:69:3.75,A:70:3.84",1.8910224205584858,False,False,45.37047850101303,False,1.0,5.0,ok,,,,,,,,,,,,,,,,
astex_diverse,1XOQ_ROF,default_s5_t200,ok,178.356,results/posebench_702_predictions/chai1_gpu/astex_diverse/1XOQ_ROF/default_s5_t200/predictions/pred.model_idx_4.cif,4.0,7.236441518611725,7.222194130535794,<REMOTE_PROJECT_ROOT>/results/posebench_702_predictions/chai1_gpu/astex_diverse/1XOQ_ROF/default_s5_t200/predictions/scores.model_idx_4.npz,0.8583797812461853,0.9279524087905884,0.8409866094589233,False,648.0,"A:326,B:322",1.1862053385553322,26.0,26.0,10.0,88.0,"B:279:3.11,B:242:3.18,B:231:3.23,B:243:3.23,B:229:3.36,B:239:3.38,B:282:3.40,B:187:3.44,B:228:3.47,B:267:3.51,B:185:3.52,B:246:3.55",0.15188763602138408,False,False,7.209965836543145,False,1.0,5.0,ok,,,,,,,,,,,,,,,,
astex_diverse,1XOZ_CIA,default_s5_t200,ok,83.556,results/posebench_702_predictions/chai1_gpu/astex_diverse/1XOZ_CIA/default_s5_t200/predictions/pred.model_idx_1.cif,1.0,5.504815466363751,5.497856599181332,<REMOTE_PROJECT_ROOT>/results/posebench_702_predictions/chai1_gpu/astex_diverse/1XOZ_CIA/default_s5_t200/predictions/scores.model_idx_1.npz,0.677349865436554,0.9478660821914673,0.6097208261489868,False,326.0,A:326,0.4298847671466625,29.0,29.0,10.0,76.0,"A:284:2.77,A:249:3.25,A:287:3.37,A:242:3.41,A:280:3.41,A:253:3.46,A:271:3.52,A:283:3.63,A:235:3.65,A:250:3.68,A:78:3.72,A:234:3.78",0.35068954540431235,False,False,5.497856599181332,False,1.0,5.0,ok,,,,,,,,,,,,,,,,
astex_diverse,1Y6B_AAX,default_s5_t200,ok,83.638,results/posebench_702_predictions/chai1_gpu/astex_diverse/1Y6B_AAX/default_s5_t200/predictions/pred.model_idx_3.cif,3.0,4.20496614945978,4.179542262548639,<REMOTE_PROJECT_ROOT>/results/posebench_702_predictions/chai1_gpu/astex_diverse/1Y6B_AAX/default_s5_t200/predictions/scores.model_idx_3.npz,0.8719236254692078,0.9232066869735718,0.8591028451919556,False,266.0,A:266,3.8905967499539007,34.0,34.0,10.0,66.0,"A:62:2.54,A:96:2.86,A:100:2.94,A:47:3.28,A:93:3.29,A:164:3.33,A:91:3.33,A:94:3.41,A:97:3.43,A:45:3.43,A:152:3.48,A:95:3.59",1.578377537809969,False,False,4.179542262548639,False,3.0,5.0,ok,,,,,,,,,,,,,,,,
astex_diverse,1YGC_905,default_s5_t200,ok,89.105,results/posebench_702_predictions/chai1_gpu/astex_diverse/1YGC_905/default_s5_t200/predictions/pred.model_idx_3.cif,3.0,7.855116948693099,7.845445481147479,<REMOTE_PROJECT_ROOT>/results/posebench_702_predictions/chai1_gpu/astex_diverse/1YGC_905/default_s5_t200/predictions/scores.model_idx_3.npz,0.9131823778152466,0.969767689704895,0.8990360498428345,False,307.0,"H:254,L:53",0.47270574550260325,38.0,38.0,10.0,76.0,"H:185:2.80,H:214:2.91,H:186:2.95,H:40:3.11,H:191:3.22,H:43:3.27,H:89:3.28,H:212:3.29,H:211:3.30,H:210:3.44,H:188:3.47,H:85:3.58",0.28818341542386305,False,False,7.825799684880317,False,4.0,5.0,ok,,,,,,,,,,,,,,,,
astex_diverse,1YQY_915,default_s5_t200,ok,175.223,results/posebench_702_predictions/chai1_gpu/astex_diverse/1YQY_915/default_s5_t200/predictions/pred.model_idx_4.cif,4.0,10.236119502157447,9.460204214184461,<REMOTE_PROJECT_ROOT>/results/posebench_702_predictions/chai1_gpu/astex_diverse/1YQY_915/default_s5_t200/predictions/scores.model_idx_4.npz,0.6481242179870605,0.7782297730445862,0.6155978441238403,False,514.0,A:514,14.926218306102415,23.0,23.0,10.0,69.0,"A:422:2.46,A:392:2.78,A:470:2.86,A:463:2.87,A:421:2.92,A:390:3.19,A:391:3.23,A:425:3.33,A:474:3.41,A:412:3.48,A:63:3.49,A:410:3.52",15.215540979768683,False,False,6.964207094289827,False,1.0,5.0,ok,,,,,,,,,,,,,,,,
astex_diverse,1YV3_BIT,default_s5_t200,ok,175.863,results/posebench_702_predictions/chai1_gpu/astex_diverse/1YV3_BIT/default_s5_t200/predictions/pred.model_idx_1.cif,1.0,23.06588613140425,23.355926214223686,<REMOTE_PROJECT_ROOT>/results/posebench_702_predictions/chai1_gpu/astex_diverse/1YV3_BIT/default_s5_t200/predictions/scores.model_idx_1.npz,0.35537976026535034,0.8794060349464417,0.2243732064962387,False,703.0,A:703,4.071488366689973,22.0,22.0,10.0,68.0,"A:252:2.48,A:230:2.81,A:446:3.11,A:624:3.21,A:251:3.38,A:229:3.45,A:457:3.49,A:460:3.61,A:631:3.61,A:627:3.64,A:253:3.67,A:464:3.71",0.4499260490565618,False,False,11.834942836670386,False,4.0,5.0,ok,,,,,,,,,,,,,,,,
astex_diverse,1YVF_PH7,default_s5_t200,ok,179.802,results/posebench_702_predictions/chai1_gpu/astex_diverse/1YVF_PH7/default_s5_t200/predictions/pred.model_idx_2.cif,2.0,8.574369889278039,7.674789323659362,<REMOTE_PROJECT_ROOT>/results/posebench_702_predictions/chai1_gpu/astex_diverse/1YVF_PH7/default_s5_t200/predictions/scores.model_idx_2.npz,0.29960086941719055,0.7052080035209656,0.1981990784406662,False,564.0,A:564,11.304796101897722,28.0,28.0,10.0,86.0,"A:448:2.79,A:446:3.24,A:200:3.28,A:366:3.28,A:316:3.32,A:411:3.36,A:414:3.37,A:368:3.38,A:556:3.52,A:384:3.57,A:415:3.72,A:197:3.72",7.793343793979077,False,False,4.43480399059823,False,1.0,5.0,ok,,,,,,,,,,,,,,,,
astex_diverse,1YWR_LI9,default_s5_t200,ok,83.32,results/posebench_702_predictions/chai1_gpu/astex_diverse/1YWR_LI9/default_s5_t200/predictions/pred.model_idx_1.cif,1.0,5.596891141082473,5.597846176670139,<REMOTE_PROJECT_ROOT>/results/posebench_702_predictions/chai1_gpu/astex_diverse/1YWR_LI9/default_s5_t200/predictions/scores.model_idx_1.npz,0.9040379524230957,0.9552032947540283,0.8912466168403625,False,338.0,A:338,1.26795115817374,35.0,35.0,10.0,71.0,"A:48:2.56,A:104:3.02,A:99:3.13,A:162:3.15,A:100:3.19,A:25:3.28,A:102:3.40,A:103:3.40,A:30:3.43,A:46:3.52,A:101:3.54,A:106:3.58",0.4921554019144544,False,False,5.53035822320481,False,3.0,5.0,ok,,,,,,,,,,,,,,,,
astex_diverse,1Z95_198,default_s5_t200,ok,83.254,results/posebench_702_predictions/chai1_gpu/astex_diverse/1Z95_198/default_s5_t200/predictions/pred.model_idx_4.cif,4.0,3.9605490958713294,3.963902473102592,<REMOTE_PROJECT_ROOT>/results/posebench_702_predictions/chai1_gpu/astex_diverse/1Z95_198/default_s5_t200/predictions/scores.model_idx_4.npz,0.8973333835601807,0.9416430592536926,0.8862559199333191,False,238.0,A:238,0.5156639903341591,29.0,29.0,10.0,94.0,"A:33:2.54,A:80:3.00,A:32:3.13,A:74:3.18,A:73:3.24,A:215:3.31,A:77:3.36,A:39:3.41,A:197:3.41,A:70:3.42,A:36:3.46,A:92:3.49",0.3437395500231496,False,False,3.923555895609762,False,0.0,5.0,ok,,,,,,,,,,,,,,,,
astex_diverse,2BM2_PM2,default_s5_t200,ok,284.128,results/posebench_702_predictions/chai1_gpu/astex_diverse/2BM2_PM2/default_s5_t200/predictions/pred.model_idx_4.cif,4.0,36.61494394978482,34.51563824802461,<REMOTE_PROJECT_ROOT>/results/posebench_702_predictions/chai1_gpu/astex_diverse/2BM2_PM2/default_s5_t200/predictions/scores.model_idx_4.npz,0.47322970628738403,0.5935057997703552,0.44316068291664124,False,968.0,"A:242,B:242,C:242,D:242",35.42972290777885,30.0,30.0,10.0,86.0,"B:187:2.71,B:188:2.81,B:216:3.16,B:214:3.30,B:215:3.30,B:189:3.39,B:193:3.41,D:83:3.52,D:47:3.52,B:190:3.56,B:211:3.59,B:224:3.65",15.306188525654582,False,False,13.842829112241198,False,0.0,5.0,ok,,,,,,,,,,,,,,,,
astex_diverse,2BR1_PFP,default_s5_t200,ok,83.874,results/posebench_702_predictions/chai1_gpu/astex_diverse/2BR1_PFP/default_s5_t200/predictions/pred.model_idx_1.cif,1.0,5.2955841537973365,5.196855373236264,<REMOTE_PROJECT_ROOT>/results/posebench_702_predictions/chai1_gpu/astex_diverse/2BR1_PFP/default_s5_t200/predictions/scores.model_idx_1.npz,0.9051871299743652,0.9545347094535828,0.8928502202033997,False,272.0,A:272,2.741949777807685,29.0,29.0,10.0,58.0,"A:80:3.00,A:82:3.06,A:86:3.36,A:34:3.40,A:13:3.45,A:142:3.48,A:132:3.50,A:14:3.52,A:15:3.58,A:85:3.58,A:79:3.66,A:81:3.69",0.40966290578945397,False,False,5.18644733187365,False,2.0,5.0,ok,,,,,,,,,,,,,,,,
astex_diverse,2BSM_BSM,default_s5_t200,ok,63.817,results/posebench_702_predictions/chai1_gpu/astex_diverse/2BSM_BSM/default_s5_t200/predictions/pred.model_idx_2.cif,2.0,6.334500923737473,6.335235747006372,<REMOTE_PROJECT_ROOT>/results/posebench_702_predictions/chai1_gpu/astex_diverse/2BSM_BSM/default_s5_t200/predictions/scores.model_idx_2.npz,0.9258866906166077,0.9481913447380066,0.9203105568885803,False,208.0,A:208,1.218996078280052,27.0,27.0,10.0,73.0,"A:77:2.78,A:81:2.90,A:168:3.00,A:39:3.23,A:91:3.23,A:35:3.24,A:42:3.28,A:80:3.29,A:122:3.32,A:92:3.42,A:170:3.45,A:36:3.58",1.6613790551049745,False,False,6.317719177527972,False,4.0,5.0,ok,,,,,,,,,,,,,,,,
dockgen,1hg0_1_SIN_1,default_s5_t200,ok,174.681,results/posebench_702_predictions/chai1_gpu/dockgen/1hg0_1_SIN_1/default_s5_t200/predictions/pred.model_idx_4.cif,4.0,9.519051008138007,4.945834039711573,<REMOTE_PROJECT_ROOT>/results/posebench_702_predictions/chai1_gpu/dockgen/1hg0_1_SIN_1/default_s5_t200/predictions/scores.model_idx_4.npz,0.8584991097450256,0.9209536910057068,0.842885434627533,False,654.0,"B:327,D:327",27.09172700734286,8.0,8.0,10.0,62.0,"B:61:2.37,B:14:2.66,B:94:2.78,B:119:2.94,B:93:3.18,B:95:3.21,B:60:3.34,B:13:3.41,B:30:3.47,B:62:3.75,B:28:3.94,B:120:4.05",8.425495400087712,False,False,3.843644956803304,False,1.0,5.0,ok,,,,,,,,,,,,,,,,
dockgen,1i8t_1_FAD_1,default_s5_t200,ok,110.003,results/posebench_702_predictions/chai1_gpu/dockgen/1i8t_1_FAD_1/default_s5_t200/predictions/pred.model_idx_1.cif,1.0,13.894817142573519,13.898725743066684,<REMOTE_PROJECT_ROOT>/results/posebench_702_predictions/chai1_gpu/dockgen/1i8t_1_FAD_1/default_s5_t200/predictions/scores.model_idx_1.npz,0.901075541973114,0.9228824377059937,0.8956237435340881,False,367.0,B:367,0.8156597323400081,53.0,53.0,10.0,118.0,"B:30:2.56,B:56:2.65,B:348:2.69,B:346:2.70,B:38:2.96,B:7:2.96,B:55:2.97,B:54:2.98,B:339:3.01,B:310:3.04,B:11:3.05,B:31:3.13",0.5300800815319404,False,False,13.821510908994846,False,0.0,5.0,ok,,,,,,,,,,,,,,,,
dockgen,1o28_1_UFP_2,default_s5_t200,ok,190.155,results/posebench_702_predictions/chai1_gpu/dockgen/1o28_1_UFP_2/default_s5_t200/predictions/pred.model_idx_2.cif,2.0,20.87007204695574,16.795931516191043,<REMOTE_PROJECT_ROOT>/results/posebench_702_predictions/chai1_gpu/dockgen/1o28_1_UFP_2/default_s5_t200/predictions/scores.model_idx_2.npz,0.6861722469329834,0.7713497877120972,0.6648778319358826,False,644.0,"B:216,C:214,D:214",27.458673653086166,21.0,21.0,10.0,64.0,"C:81:2.55,B:173:2.63,C:83:2.69,C:84:2.79,C:85:2.80,B:74:2.85,C:142:2.87,B:77:2.95,C:82:3.14,C:86:3.48,B:73:3.64,C:72:3.68",11.57546470349876,False,False,6.698456368664679,False,1.0,5.0,ok,,,,,,,,,,,,,,,,
dockgen,1o72_2_PC_0,default_s5_t200,ok,62.333,results/posebench_702_predictions/chai1_gpu/dockgen/1o72_2_PC_0/default_s5_t200/predictions/pred.model_idx_2.cif,2.0,5.619528245519909,5.37260693533911,<REMOTE_PROJECT_ROOT>/results/posebench_702_predictions/chai1_gpu/dockgen/1o72_2_PC_0/default_s5_t200/predictions/scores.model_idx_2.npz,0.32943981885910034,0.9184618592262268,0.18218429386615753,False,175.0,B:175,1.1269668798159425,11.0,11.0,10.0,29.0,"B:135:2.42,B:134:3.02,B:110:3.60,B:130:3.69,B:102:3.95,B:104:3.99,B:50:4.40,B:84:4.66,B:103:5.87,B:105:5.94,B:113:6.07,B:51:6.12",0.7681986592841726,False,False,3.777813086128939,False,4.0,5.0,ok,,,,,,,,,,,,,,,,
dockgen,1pj2_1_FUM_0,default_s5_t200,exception,45.975,,,,,,,,,,,,,,,,,,,,,,,,,not_ok,RuntimeError,,,,,,,,,,,,,,,
dockgen,1pj4_1_FUM_1,default_s5_t200,exception,47.492,,,,,,,,,,,,,,,,,,,,,,,,,not_ok,RuntimeError,,,,,,,,,,,,,,,
dockgen,1qaw_1_TRP_7,default_s5_t200,ok,68.765,results/posebench_702_predictions/chai1_gpu/dockgen/1qaw_1_TRP_7/default_s5_t200/predictions/pred.model_idx_3.cif,3.0,9.818780388426678,10.039982799094654,<REMOTE_PROJECT_ROOT>/results/posebench_702_predictions/chai1_gpu/dockgen/1qaw_1_TRP_7/default_s5_t200/predictions/scores.model_idx_3.npz,0.29695597290992737,0.5225183367729187,0.24056535959243774,False,135.0,"H:68,I:67",12.212150327878536,15.0,15.0,10.0,54.0,"H:20:2.42,I:42:2.75,H:46:2.80,I:40:2.93,H:18:2.96,I:45:3.21,H:22:3.26,H:23:3.29,I:44:3.39,H:19:3.40,I:48:3.71,I:39:3.74",8.663519205297495,False,False,9.784490660870631,False,0.0,5.0,ok,,,,,,,,,,,,,,,,
dockgen,1rqp_1_SAM_0,default_s5_t200,ok,174.431,results/posebench_702_predictions/chai1_gpu/dockgen/1rqp_1_SAM_0/default_s5_t200/predictions/pred.model_idx_3.cif,3.0,18.730521232792356,24.41906408324997,<REMOTE_PROJECT_ROOT>/results/posebench_702_predictions/chai1_gpu/dockgen/1rqp_1_SAM_0/default_s5_t200/predictions/scores.model_idx_3.npz,0.8659880757331848,0.8966748714447021,0.8583163022994995,False,582.0,"A:291,B:291",15.275658893084119,27.0,27.0,10.0,94.0,"B:261:2.50,A:8:2.63,A:150:2.69,B:202:2.76,B:269:2.86,B:262:2.87,B:271:2.89,B:207:2.97,A:15:3.04,A:69:3.13,A:147:3.16,A:13:3.27",14.241704254887269,False,False,24.225842946855106,False,1.0,5.0,ok,,,,,,,,,,,,,,,,
dockgen,1sbz_1_FMN_3,default_s5_t200,ok,90.235,results/posebench_702_predictions/chai1_gpu/dockgen/1sbz_1_FMN_3/default_s5_t200/predictions/pred.model_idx_2.cif,2.0,13.696091074754529,10.400842609339403,<REMOTE_PROJECT_ROOT>/results/posebench_702_predictions/chai1_gpu/dockgen/1sbz_1_FMN_3/default_s5_t200/predictions/scores.model_idx_2.npz,0.6466282606124878,0.7679938077926636,0.6162868738174438,False,339.0,"B:165,D:174",21.993026298877403,31.0,31.0,10.0,39.0,"B:62:2.79,B:92:3.12,B:98:3.46,D:171:3.92,B:63:3.92,B:93:4.19,D:140:4.25,B:67:4.37,B:94:5.05,B:101:5.58,B:64:6.21,D:137:6.41",13.43637538720388,False,False,9.87936398149537,False,0.0,5.0,ok,,,,,,,,,,,,,,,,
dockgen,1sij_1_PCD_0,default_s5_t200,ok,282.612,,,,,,,,,,,,,,,,,,,,,,,,5.0,no_valid_sample_rmsd,,results/posebench_702_predictions/chai1_gpu/dockgen/1sij_1_PCD_0/default_s5_t200/predictions/pred.model_idx_0.cif,0.0,,,<REMOTE_PROJECT_ROOT>/results/posebench_702_predictions/chai1_gpu/dockgen/1sij_1_PCD_0/default_s5_t200/predictions/scores.model_idx_0.npz,0.9087371826171875,0.9546929597854614,0.8972482085227966,False,907.0,A:907,0.9416274240329747,46.0,47.0,10.0
dockgen,1tke_1_SER_0,default_s5_t200,ok,62.983,results/posebench_702_predictions/chai1_gpu/dockgen/1tke_1_SER_0/default_s5_t200/predictions/pred.model_idx_4.cif,4.0,2.699488123803089,2.660784459793641,<REMOTE_PROJECT_ROOT>/results/posebench_702_predictions/chai1_gpu/dockgen/1tke_1_SER_0/default_s5_t200/predictions/scores.model_idx_4.npz,0.4143388569355011,0.9365334510803223,0.2837902009487152,False,224.0,A:224,0.7128251507575315,7.0,7.0,10.0,46.0,"A:94:2.55,A:72:2.76,A:180:2.85,A:76:2.86,A:181:3.23,A:103:3.35,A:179:3.57,A:75:3.60,A:93:3.67,A:95:4.05,A:155:4.12,A:185:4.42",0.37933968792839484,False,False,2.5149419453201984,False,3.0,5.0,ok,,,,,,,,,,,,,,,,
dockgen,1tkg_1_SSA_0,default_s5_t200,ok,61.686,results/posebench_702_predictions/chai1_gpu/dockgen/1tkg_1_SSA_0/default_s5_t200/predictions/pred.model_idx_0.cif,0.0,8.067677691703766,8.008479443965422,<REMOTE_PROJECT_ROOT>/results/posebench_702_predictions/chai1_gpu/dockgen/1tkg_1_SSA_0/default_s5_t200/predictions/scores.model_idx_0.npz,0.7456657886505127,0.9364191889762878,0.6979773640632629,False,224.0,A:224,0.6401279245828412,29.0,29.0,10.0,68.0,"A:94:2.54,A:76:2.79,A:180:2.88,A:170:3.03,A:72:3.06,A:181:3.25,A:95:3.26,A:179:3.27,A:93:3.28,A:168:3.30,A:103:3.33,A:169:3.35",0.36493276728190716,False,False,7.9395414080939855,False,2.0,5.0,ok,,,,,,,,,,,,,,,,
dockgen,1u8u_1_OCA_0,default_s5_t200,ok,61.455,results/posebench_702_predictions/chai1_gpu/dockgen/1u8u_1_OCA_0/default_s5_t200/predictions/pred.model_idx_2.cif,2.0,4.931651796702249,4.938308277967119,<REMOTE_PROJECT_ROOT>/results/posebench_702_predictions/chai1_gpu/dockgen/1u8u_1_OCA_0/default_s5_t200/predictions/scores.model_idx_2.npz,0.5058534145355225,0.9618433117866516,0.391855925321579,False,178.0,A:178,0.44168005349348494,10.0,10.0,10.0,53.0,"A:156:2.83,A:9:2.91,A:43:2.93,A:72:2.95,A:8:3.15,A:107:3.41,A:71:3.62,A:109:3.68,A:144:3.74,A:42:3.92,A:10:3.99,A:138:4.05",0.3417800433053052,False,False,4.862977579460746,False,0.0,5.0,ok,,,,,,,,,,,,,,,,
dockgen,1uf5_1_CDT_0,default_s5_t200,ok,174.161,results/posebench_702_predictions/chai1_gpu/dockgen/1uf5_1_CDT_0/default_s5_t200/predictions/pred.model_idx_1.cif,1.0,33.60112390822954,33.892629704157144,<REMOTE_PROJECT_ROOT>/results/posebench_702_predictions/chai1_gpu/dockgen/1uf5_1_CDT_0/default_s5_t200/predictions/scores.model_idx_1.npz,0.8977448344230652,0.9478527903556824,0.8852178454399109,False,606.0,"A:303,B:303",1.753931693065753,12.0,12.0,10.0,69.0,"A:174:2.72,A:196:2.73,A:171:2.83,A:125:2.84,A:45:2.97,A:195:2.97,A:173:3.02,A:170:3.19,A:144:3.37,A:129:3.38,A:51:3.67,A:142:3.75",2.764602462948311,False,False,33.789900443552916,False,3.0,5.0,ok,,,,,,,,,,,,,,,,
dockgen,1uf7_1_CDV_0,default_s5_t200,ok,175.624,results/posebench_702_predictions/chai1_gpu/dockgen/1uf7_1_CDV_0/default_s5_t200/predictions/pred.model_idx_1.cif,1.0,33.75962144944509,34.04577105591294,<REMOTE_PROJECT_ROOT>/results/posebench_702_predictions/chai1_gpu/dockgen/1uf7_1_CDV_0/default_s5_t200/predictions/scores.model_idx_1.npz,0.8889902234077454,0.9397382140159607,0.8763031959533691,False,606.0,"A:303,B:303",1.84168139326187,11.0,11.0,10.0,68.0,"A:196:2.75,A:174:2.76,A:125:2.80,A:171:2.85,A:195:2.94,A:173:2.97,A:45:3.02,A:170:3.18,A:129:3.26,A:144:3.35,A:142:3.49,A:51:3.79",2.878038061752709,False,False,33.9511141930575,False,2.0,5.0,ok,,,,,,,,,,,,,,,,
dockgen,1uf8_1_ING_2,default_s5_t200,ok,179.448,results/posebench_702_predictions/chai1_gpu/dockgen/1uf8_1_ING_2/default_s5_t200/predictions/pred.model_idx_2.cif,2.0,2.9285545403043742,3.05651340381402,<REMOTE_PROJECT_ROOT>/results/posebench_702_predictions/chai1_gpu/dockgen/1uf8_1_ING_2/default_s5_t200/predictions/scores.model_idx_2.npz,0.8941836357116699,0.9425817131996155,0.8820841312408447,False,606.0,"A:303,B:303",1.7756279441290546,15.0,15.0,10.0,73.0,"B:196:2.68,B:174:2.79,B:125:2.80,B:173:2.84,B:171:2.89,B:45:2.89,B:195:2.94,B:170:3.14,B:144:3.27,B:129:3.37,B:142:3.48,B:200:3.56",2.945406214754313,False,False,2.733843156338591,False,3.0,5.0,ok,,,,,,,,,,,,,,,,
dockgen,1v2g_1_OCA_0,default_s5_t200,ok,61.64,results/posebench_702_predictions/chai1_gpu/dockgen/1v2g_1_OCA_0/default_s5_t200/predictions/pred.model_idx_3.cif,3.0,4.943966521208438,4.945739704359679,<REMOTE_PROJECT_ROOT>/results/posebench_702_predictions/chai1_gpu/dockgen/1v2g_1_OCA_0/default_s5_t200/predictions/scores.model_idx_3.npz,0.4818514585494995,0.9631730914115906,0.36152100563049316,False,178.0,A:178,0.8449493428531899,10.0,10.0,10.0,53.0,"A:42:2.75,A:9:2.89,A:155:2.92,A:71:3.09,A:8:3.35,A:143:3.43,A:108:3.64,A:106:3.68,A:41:3.73,A:154:3.91,A:70:3.97,A:10:3.97",1.1146994409452273,False,False,4.873153794778573,False,1.0,5.0,ok,,,,,,,,,,,,,,,,
dockgen,1v97_1_MTE_1,default_s5_t200,exception,48.525,,,,,,,,,,,,,,,,,,,,,,,,,not_ok,RuntimeError,,,,,,,,,,,,,,,
dockgen,1za2_1_CTP_4,default_s5_t200,ok,61.876,results/posebench_702_predictions/chai1_gpu/dockgen/1za2_1_CTP_4/default_s5_t200/predictions/pred.model_idx_2.cif,2.0,5.6780515958874975,5.671879359053458,<REMOTE_PROJECT_ROOT>/results/posebench_702_predictions/chai1_gpu/dockgen/1za2_1_CTP_4/default_s5_t200/predictions/scores.model_idx_2.npz,0.697098433971405,0.8440306186676025,0.6603653430938721,False,144.0,D:144,1.4757923033656855,29.0,29.0,10.0,43.0,"D:84:2.49,D:2:2.74,D:10:2.80,D:50:2.80,D:1:2.96,D:81:3.13,D:9:3.15,D:79:3.36,D:7:3.42,D:74:3.57,D:76:3.70,D:48:4.08",0.5463307960453097,False,False,5.671879359053458,False,2.0,5.0,ok,,,,,,,,,,,,,,,,
dockgen,2cdc_1_XYS_5,default_s5_t200,ok,179.102,results/posebench_702_predictions/chai1_gpu/dockgen/2cdc_1_XYS_5/default_s5_t200/predictions/pred.model_idx_2.cif,2.0,17.75084928575806,17.61307239027386,<REMOTE_PROJECT_ROOT>/results/posebench_702_predictions/chai1_gpu/dockgen/2cdc_1_XYS_5/default_s5_t200/predictions/scores.model_idx_2.npz,0.8558789491653442,0.9051904082298279,0.8435510396957397,False,718.0,"C:359,D:359",20.86774050691713,10.0,10.0,10.0,58.0,"C:194:2.65,D:129:2.77,C:193:3.10,D:306:3.31,C:196:3.35,D:310:3.45,D:309:3.63,D:131:4.24,D:128:4.51,C:319:4.64,C:195:4.65,D:130:4.73",20.029896899639553,False,False,17.119930971730888,False,3.0,5.0,ok,,,,,,,,,,,,,,,,
dockgen,2ext_1_TRP_0,default_s5_t200,ok,68.003,results/posebench_702_predictions/chai1_gpu/dockgen/2ext_1_TRP_0/default_s5_t200/predictions/pred.model_idx_0.cif,0.0,11.755534218966556,13.196664057084275,<REMOTE_PROJECT_ROOT>/results/posebench_702_predictions/chai1_gpu/dockgen/2ext_1_TRP_0/default_s5_t200/predictions/scores.model_idx_0.npz,0.28118208050727844,0.5068199634552002,0.2247726172208786,False,129.0,"C:66,A:63",12.60472102261396,15.0,15.0,10.0,55.0,"A:42:2.52,C:20:2.74,C:23:2.76,A:45:2.79,C:18:2.82,A:40:2.88,C:46:2.88,C:22:3.03,A:16:3.46,C:19:3.52,A:39:3.83,A:44:3.84",7.448069443215854,False,False,11.573453834514831,False,3.0,5.0,ok,,,,,,,,,,,,,,,,
dockgen,2g7c_1_NAG-GAL-GLA_1,default_s5_t200,ok,85.496,results/posebench_702_predictions/chai1_gpu/dockgen/2g7c_1_NAG-GAL-GLA_1/default_s5_t200/predictions/pred.model_idx_1.cif,1.0,13.349790809768322,10.57228231285504,<REMOTE_PROJECT_ROOT>/results/posebench_702_predictions/chai1_gpu/dockgen/2g7c_1_NAG-GAL-GLA_1/default_s5_t200/predictions/scores.model_idx_1.npz,0.26889875531196594,0.7304295301437378,0.15351605415344238,False,245.0,A:245,4.347423173760208,37.0,37.0,10.0,46.0,"A:170:2.59,A:199:2.65,A:180:2.65,A:197:2.71,A:200:2.82,A:177:3.14,A:179:3.26,A:198:3.27,A:162:3.31,A:182:3.40,A:140:3.43,A:178:3.44",2.3177640998995956,False,False,9.872728292779088,False,0.0,5.0,ok,,,,,,,,,,,,,,,,
dockgen,2gag_1_FOA_0,default_s5_t200,ok,272.684,results/posebench_702_predictions/chai1_gpu/dockgen/2gag_1_FOA_0/default_s5_t200/predictions/pred.model_idx_3.cif,3.0,41.98578652690582,26.34134764994447,<REMOTE_PROJECT_ROOT>/results/posebench_702_predictions/chai1_gpu/dockgen/2gag_1_FOA_0/default_s5_t200/predictions/scores.model_idx_3.npz,0.2918652296066284,0.8113625645637512,0.16199089586734772,False,965.0,A:965,13.247894716009972,8.0,8.0,10.0,27.0,"A:654:2.62,A:646:2.94,A:653:3.27,A:652:3.40,A:850:3.77,A:849:3.83,A:655:4.30,A:847:5.23,A:662:5.53,A:651:5.64,A:643:5.89,A:642:5.98",0.3908584040198313,False,False,26.34134764994447,False,3.0,5.0,ok,,,,,,,,,,,,,,,,
dockgen,2gag_1_NAD_0,default_s5_t200,ok,279.082,results/posebench_702_predictions/chai1_gpu/dockgen/2gag_1_NAD_0/default_s5_t200/predictions/pred.model_idx_4.cif,4.0,11.100707920013164,7.628191406907126,<REMOTE_PROJECT_ROOT>/results/posebench_702_predictions/chai1_gpu/dockgen/2gag_1_NAD_0/default_s5_t200/predictions/scores.model_idx_4.npz,0.7889142036437988,0.7383782863616943,0.801548182964325,False,965.0,A:965,12.219827590696553,44.0,44.0,10.0,134.0,"A:422:2.66,A:157:2.67,A:417:2.70,A:158:2.75,A:165:2.75,A:424:2.78,A:204:2.84,A:159:2.92,A:138:2.96,A:423:3.15,A:134:3.15,A:137:3.23",0.90702606793196,False,False,7.617173320816755,False,3.0,5.0,ok,,,,,,,,,,,,,,,,
dockgen,2gah_1_NAD_0,default_s5_t200,ok,276.408,results/posebench_702_predictions/chai1_gpu/dockgen/2gah_1_NAD_0/default_s5_t200/predictions/pred.model_idx_0.cif,0.0,14.971094464617005,10.937971326090434,<REMOTE_PROJECT_ROOT>/results/posebench_702_predictions/chai1_gpu/dockgen/2gah_1_NAD_0/default_s5_t200/predictions/scores.model_idx_0.npz,0.7762934565544128,0.6922338008880615,0.7973083853721619,False,948.0,A:948,14.113986658282007,44.0,44.0,10.0,131.0,"A:155:2.61,A:154:2.67,A:162:2.71,A:418:2.84,A:412:2.85,A:416:2.88,A:156:2.89,A:200:2.97,A:136:3.01,A:132:3.05,A:198:3.16,A:411:3.20",3.5198236762075124,False,False,10.679663100941088,False,3.0,5.0,ok,,,,,,,,,,,,,,,,
dockgen,2gf3_2_FOA_1,default_s5_t200,ok,108.521,results/posebench_702_predictions/chai1_gpu/dockgen/2gf3_2_FOA_1/default_s5_t200/predictions/pred.model_idx_1.cif,1.0,18.384437082497982,18.520312158103895,<REMOTE_PROJECT_ROOT>/results/posebench_702_predictions/chai1_gpu/dockgen/2gf3_2_FOA_1/default_s5_t200/predictions/scores.model_idx_1.npz,0.47113603353500366,0.9543392062187195,0.3503352403640747,False,385.0,B:385,0.47866704859617076,8.0,8.0,10.0,33.0,"B:220:2.75,B:318:3.22,B:218:3.39,B:319:3.56,B:216:3.62,B:320:3.68,B:217:3.92,B:273:4.18,B:322:5.50,B:321:6.15,B:215:6.52,B:317:6.58",0.3417429688965006,False,False,18.007974590674245,False,2.0,5.0,ok,,,,,,,,,,,,,,,,
dockgen,2him_1_ASN_3,default_s5_t200,ok,180.632,results/posebench_702_predictions/chai1_gpu/dockgen/2him_1_ASN_3/default_s5_t200/predictions/pred.model_idx_3.cif,3.0,18.274493040954344,19.95925427418389,<REMOTE_PROJECT_ROOT>/results/posebench_702_predictions/chai1_gpu/dockgen/2him_1_ASN_3/default_s5_t200/predictions/scores.model_idx_3.npz,0.8784011602401733,0.9306492805480957,0.8653391003608704,False,660.0,"B:329,D:331",26.900198681071828,9.0,9.0,10.0,65.0,"D:296:2.57,D:240:2.67,D:295:2.72,D:273:2.76,D:271:3.09,D:162:3.19,D:294:3.36,B:237:3.51,D:272:3.56,D:274:4.03,B:269:4.94,D:293:4.98",7.870557356680707,False,False,3.77653128463355,False,2.0,5.0,ok,,,,,,,,,,,,,,,,
dockgen,2hk9_1_SKM_0,default_s5_t200,ok,84.02,results/posebench_702_predictions/chai1_gpu/dockgen/2hk9_1_SKM_0/default_s5_t200/predictions/pred.model_idx_2.cif,2.0,4.364248541572433,4.368038019911382,<REMOTE_PROJECT_ROOT>/results/posebench_702_predictions/chai1_gpu/dockgen/2hk9_1_SKM_0/default_s5_t200/predictions/scores.model_idx_2.npz,0.7149401903152466,0.9438667297363281,0.6577085852622986,False,269.0,A:269,0.9246839242667484,12.0,12.0,10.0,66.0,"A:18:2.51,A:20:2.65,A:105:2.73,A:215:2.77,A:69:3.00,A:90:3.04,A:241:3.20,A:63:3.26,A:65:3.48,A:238:3.49,A:10:3.82,A:64:4.05",0.4968941218953795,False,False,4.31027765790603,False,0.0,5.0,ok,,,,,,,,,,,,,,,,
dockgen,2hs3_1_FGR_0,default_s5_t200,ok,176.682,results/posebench_702_predictions/chai1_gpu/dockgen/2hs3_1_FGR_0/default_s5_t200/predictions/pred.model_idx_0.cif,0.0,24.317586682226608,24.007683208697905,<REMOTE_PROJECT_ROOT>/results/posebench_702_predictions/chai1_gpu/dockgen/2hs3_1_FGR_0/default_s5_t200/predictions/scores.model_idx_0.npz,0.5256683230400085,0.9282823801040649,0.42501482367515564,False,602.0,A:602,1.4808532220472832,20.0,20.0,10.0,93.0,"A:478:2.56,A:72:2.58,A:280:2.59,A:69:2.71,A:71:2.72,A:206:2.74,A:278:2.76,A:30:2.78,A:70:2.89,A:91:3.09,A:187:3.15,A:188:3.17",0.768455362243278,False,False,23.715434491500506,False,3.0,5.0,ok,,,,,,,,,,,,,,,,
dockgen,2o5m_1_MNR_0,default_s5_t200,ok,63.718,results/posebench_702_predictions/chai1_gpu/dockgen/2o5m_1_MNR_0/default_s5_t200/predictions/pred.model_idx_0.cif,0.0,6.830834064572462,6.829674252459987,<REMOTE_PROJECT_ROOT>/results/posebench_702_predictions/chai1_gpu/dockgen/2o5m_1_MNR_0/default_s5_t200/predictions/scores.model_idx_0.npz,0.9149055480957031,0.959479033946991,0.9037622213363647,False,152.0,X:152,0.2959603488999785,43.0,43.0,10.0,69.0,"X:92:2.34,X:44:2.65,X:91:2.69,X:96:2.81,X:41:3.17,X:42:3.17,X:67:3.42,X:102:3.44,X:88:3.47,X:98:3.54,X:70:3.68,X:103:3.73",0.2630985256289029,False,False,6.811196159259266,False,4.0,5.0,ok,,,,,,,,,,,,,,,,
dockgen,2q37_1_3AL_0,default_s5_t200,ok,61.485,results/posebench_702_predictions/chai1_gpu/dockgen/2q37_1_3AL_0/default_s5_t200/predictions/pred.model_idx_2.cif,2.0,4.260814766786091,4.294530820879539,<REMOTE_PROJECT_ROOT>/results/posebench_702_predictions/chai1_gpu/dockgen/2q37_1_3AL_0/default_s5_t200/predictions/scores.model_idx_2.npz,0.28159981966018677,0.5328435897827148,0.21878886222839355,False,137.0,A:137,4.095827406263902,11.0,11.0,10.0,49.0,"A:93:2.87,A:60:2.92,A:91:2.93,A:51:3.01,A:95:3.07,A:52:3.12,A:92:3.14,A:54:3.21,A:126:3.21,A:130:3.72,A:53:3.77,A:94:3.82",3.6851588550482943,False,False,3.6711893222701275,False,1.0,5.0,ok,,,,,,,,,,,,,,,,
dockgen,2q6k_1_ADN_1,default_s5_t200,ok,82.203,results/posebench_702_predictions/chai1_gpu/dockgen/2q6k_1_ADN_1/default_s5_t200/predictions/pred.model_idx_1.cif,1.0,36.540799899161804,35.576146533328256,<REMOTE_PROJECT_ROOT>/results/posebench_702_predictions/chai1_gpu/dockgen/2q6k_1_ADN_1/default_s5_t200/predictions/scores.model_idx_1.npz,0.5354007482528687,0.7399658560752869,0.4842594563961029,False,257.0,A:257,3.0354766233980692,19.0,19.0,10.0,43.0,"A:10:2.65,A:71:2.95,A:127:3.05,A:69:3.32,A:130:3.33,A:44:3.34,A:72:3.34,A:128:3.39,A:129:3.44,A:74:3.49,A:70:3.73,A:11:4.38",0.47810782867233137,False,False,5.923678695989941,False,3.0,5.0,ok,,,,,,,,,,,,,,,,
dockgen,2r4e_1_13P_0,default_s5_t200,ok,110.996,results/posebench_702_predictions/chai1_gpu/dockgen/2r4e_1_13P_0/default_s5_t200/predictions/pred.model_idx_1.cif,1.0,4.588028837162897,4.560529117129436,<REMOTE_PROJECT_ROOT>/results/posebench_702_predictions/chai1_gpu/dockgen/2r4e_1_13P_0/default_s5_t200/predictions/scores.model_idx_1.npz,0.39793866872787476,0.9571848511695862,0.2581270933151245,False,494.0,A:494,0.6962059656503249,10.0,10.0,10.0,66.0,"A:54:2.48,A:254:2.67,A:53:2.70,A:316:2.75,A:331:2.86,A:253:2.86,A:271:3.04,A:269:3.10,A:268:4.06,A:255:4.21,A:256:4.34,A:353:4.52",0.4770818138470769,False,False,4.560529117129436,False,1.0,5.0,ok,,,,,,,,,,,,,,,,
dockgen,2v5e_1_GU4-YYJ_0,default_s5_t200,ok,64.418,results/posebench_702_predictions/chai1_gpu/dockgen/2v5e_1_GU4-YYJ_0/default_s5_t200/predictions/pred.model_idx_0.cif,0.0,6.703971325148308,6.790464435879682,<REMOTE_PROJECT_ROOT>/results/posebench_702_predictions/chai1_gpu/dockgen/2v5e_1_GU4-YYJ_0/default_s5_t200/predictions/scores.model_idx_0.npz,0.33876293897628784,0.7392460703849792,0.2386421263217926,False,200.0,A:200,2.1423475861146573,55.0,55.0,10.0,36.0,"A:44:2.66,A:48:2.70,A:47:2.73,A:103:2.74,A:52:2.95,A:40:2.99,A:104:3.33,A:105:3.35,A:51:4.52,A:144:5.19,A:106:5.79,A:43:5.99",0.5183331172713804,False,False,6.754669837126982,False,1.0,5.0,ok,,,,,,,,,,,,,,,,
dockgen,2v7t_1_SAH_4,default_s5_t200,ok,176.992,results/posebench_702_predictions/chai1_gpu/dockgen/2v7t_1_SAH_4/default_s5_t200/predictions/pred.model_idx_2.cif,2.0,26.135750641388068,18.678512314292806,<REMOTE_PROJECT_ROOT>/results/posebench_702_predictions/chai1_gpu/dockgen/2v7t_1_SAH_4/default_s5_t200/predictions/scores.model_idx_2.npz,0.8706918954849243,0.8985595703125,0.863724946975708,False,582.0,"B:291,C:291",22.538071432165555,26.0,26.0,10.0,96.0,"C:261:2.56,B:8:2.62,C:202:2.79,C:262:2.79,C:271:2.87,B:15:2.91,C:269:2.92,B:147:2.96,C:207:2.97,B:42:3.03,B:69:3.10,B:13:3.14",15.423136206345262,False,False,18.61096469983201,False,0.0,5.0,ok,,,,,,,,,,,,,,,,
dockgen,2v7u_1_SAM_2,default_s5_t200,ok,176.509,results/posebench_702_predictions/chai1_gpu/dockgen/2v7u_1_SAM_2/default_s5_t200/predictions/pred.model_idx_2.cif,2.0,18.976671201437984,24.45206784453727,<REMOTE_PROJECT_ROOT>/results/posebench_702_predictions/chai1_gpu/dockgen/2v7u_1_SAM_2/default_s5_t200/predictions/scores.model_idx_2.npz,0.8698641657829285,0.9003551602363586,0.8622413873672485,False,582.0,"A:291,B:291",15.09809403912795,27.0,27.0,10.0,94.0,"B:261:2.56,A:8:2.62,B:202:2.69,B:271:2.77,B:269:2.78,A:147:2.79,B:262:2.93,A:69:3.00,B:207:3.03,A:42:3.09,A:15:3.15,A:13:3.20",14.076723661288856,False,False,24.108756671995454,False,1.0,5.0,ok,,,,,,,,,,,,,,,,
dockgen,2v7v_1_5FD_0,default_s5_t200,ok,177.215,results/posebench_702_predictions/chai1_gpu/dockgen/2v7v_1_5FD_0/default_s5_t200/predictions/pred.model_idx_3.cif,3.0,19.665194829354224,25.85800480976016,<REMOTE_PROJECT_ROOT>/results/posebench_702_predictions/chai1_gpu/dockgen/2v7v_1_5FD_0/default_s5_t200/predictions/scores.model_idx_3.npz,0.8473126292228699,0.8858084678649902,0.8376886248588562,False,582.0,"A:291,B:291",15.241271663444445,19.0,19.0,10.0,79.0,"A:8:2.61,B:271:2.77,A:150:2.77,B:269:2.84,B:207:2.90,A:69:3.11,A:42:3.29,B:246:3.34,A:148:3.35,A:149:3.39,A:147:3.41,A:70:3.49",14.413178303349158,False,False,25.732940664163102,False,1.0,5.0,ok,,,,,,,,,,,,,,,,
dockgen,2v7w_1_5FD_0,default_s5_t200,ok,174.007,results/posebench_702_predictions/chai1_gpu/dockgen/2v7w_1_5FD_0/default_s5_t200/predictions/pred.model_idx_4.cif,4.0,5.998522301709997,5.993112105980742,<REMOTE_PROJECT_ROOT>/results/posebench_702_predictions/chai1_gpu/dockgen/2v7w_1_5FD_0/default_s5_t200/predictions/scores.model_idx_4.npz,0.8531991839408875,0.8886063694953918,0.844347357749939,False,582.0,"A:291,C:291",1.3970963517074264,19.0,19.0,10.0,78.0,"C:8:2.61,A:271:2.77,A:269:2.82,C:150:2.87,A:207:3.00,C:69:3.07,C:42:3.16,C:70:3.40,A:246:3.40,C:148:3.46,C:149:3.47,C:147:3.51",0.5276740378065409,False,False,5.924729065896028,False,2.0,5.0,ok,,,,,,,,,,,,,,,,
dockgen,2vdf_1_OCT_0,default_s5_t200,ok,62.297,results/posebench_702_predictions/chai1_gpu/dockgen/2vdf_1_OCT_0/default_s5_t200/predictions/pred.model_idx_1.cif,1.0,4.7963970530880164,4.860800596806658,<REMOTE_PROJECT_ROOT>/results/posebench_702_predictions/chai1_gpu/dockgen/2vdf_1_OCT_0/default_s5_t200/predictions/scores.model_idx_1.npz,0.22739958763122559,0.7647606134414673,0.09305933117866516,False,225.0,A:225,7.448692252627835,8.0,8.0,10.0,30.0,"A:191:3.73,A:174:3.78,A:173:3.89,A:190:3.95,A:189:4.03,A:175:4.14,A:216:4.43,A:144:4.97,A:217:5.23,A:145:5.52,A:192:6.82,A:215:6.85",8.235173186563205,False,False,3.7296472598501147,False,0.0,5.0,ok,,,,,,,,,,,,,,,,
dockgen,2vfu_1_MTL_0,default_s5_t200,ok,111.088,results/posebench_702_predictions/chai1_gpu/dockgen/2vfu_1_MTL_0/default_s5_t200/predictions/pred.model_idx_4.cif,4.0,5.2358888250726086,5.23887727064651,<REMOTE_PROJECT_ROOT>/results/posebench_702_predictions/chai1_gpu/dockgen/2vfu_1_MTL_0/default_s5_t200/predictions/scores.model_idx_4.npz,0.44936394691467285,0.9445837140083313,0.32555899024009705,False,414.0,A:414,0.6443500055228865,12.0,12.0,10.0,68.0,"A:316:2.61,A:371:2.71,A:102:2.72,A:341:2.77,A:318:2.82,A:339:3.06,A:271:3.27,A:270:3.31,A:246:3.49,A:245:3.59,A:244:3.65,A:284:3.76",0.3711363584254094,False,False,0.7429734541487603,True,3.0,5.0,ok,,,,,,,,,,,,,,,,
dockgen,2wab_1_BGC-BGC-BGC-BGC-BGC_0,default_s5_t200,ok,109.676,,,,,,,,,,,,,,,,,,,,,,,,5.0,no_valid_sample_rmsd,,results/posebench_702_predictions/chai1_gpu/dockgen/2wab_1_BGC-BGC-BGC-BGC-BGC_0/default_s5_t200/predictions/pred.model_idx_0.cif,0.0,,,<REMOTE_PROJECT_ROOT>/results/posebench_702_predictions/chai1_gpu/dockgen/2wab_1_BGC-BGC-BGC-BGC-BGC_0/default_s5_t200/predictions/scores.model_idx_0.npz,0.19263295829296112,0.963164746761322,0.0,False,327.0,A:327,0.7553633632883454,0.0,56.0,10.0
dockgen,2wao_1_BGC-BGC-BGC-BGC-BGC_0,default_s5_t200,ok,108.707,,,,,,,,,,,,,,,,,,,,,,,,5.0,no_valid_sample_rmsd,,results/posebench_702_predictions/chai1_gpu/dockgen/2wao_1_BGC-BGC-BGC-BGC-BGC_0/default_s5_t200/predictions/pred.model_idx_0.cif,0.0,,,<REMOTE_PROJECT_ROOT>/results/posebench_702_predictions/chai1_gpu/dockgen/2wao_1_BGC-BGC-BGC-BGC-BGC_0/default_s5_t200/predictions/scores.model_idx_0.npz,0.19407889246940613,0.9703944325447083,0.0,False,325.0,A:325,0.5244870692810611,0.0,56.0,10.0
dockgen,2wr8_1_SAH_1,default_s5_t200,ok,82.452,results/posebench_702_predictions/chai1_gpu/dockgen/2wr8_1_SAH_1/default_s5_t200/predictions/pred.model_idx_3.cif,3.0,6.521909407945092,6.514889187696433,<REMOTE_PROJECT_ROOT>/results/posebench_702_predictions/chai1_gpu/dockgen/2wr8_1_SAH_1/default_s5_t200/predictions/scores.model_idx_3.npz,0.8361300230026245,0.9258989095687866,0.813687801361084,False,258.0,A:258,1.0153083135453997,26.0,26.0,10.0,45.0,"A:227:2.62,A:232:2.77,A:237:2.92,A:184:2.93,A:235:2.96,A:213:3.01,A:236:3.34,A:182:3.47,A:180:3.61,A:238:3.72,A:228:3.74,A:226:3.90",0.4142474484615448,False,False,6.46232555039378,False,2.0,5.0,ok,,,,,,,,,,,,,,,,
dockgen,2wwc_1_CHT_2,default_s5_t200,ok,111.657,results/posebench_702_predictions/chai1_gpu/dockgen/2wwc_1_CHT_2/default_s5_t200/predictions/pred.model_idx_2.cif,2.0,23.433247481449225,23.80053595311894,<REMOTE_PROJECT_ROOT>/results/posebench_702_predictions/chai1_gpu/dockgen/2wwc_1_CHT_2/default_s5_t200/predictions/scores.model_idx_2.npz,0.2237238883972168,0.6246674656867981,0.12348799407482147,False,431.0,A:431,6.194747283546545,7.0,7.0,10.0,30.0,"A:46:3.30,A:97:3.33,A:67:3.34,A:44:3.49,A:79:3.58,A:71:3.69,A:99:4.38,A:47:5.38,A:98:5.40,A:45:5.77,A:48:5.90,A:64:6.52",0.3411883129156528,False,False,2.2461383153968395,False,4.0,5.0,ok,,,,,,,,,,,,,,,,
dockgen,2x34_2_UQ8_0,default_s5_t200,ok,62.73,results/posebench_702_predictions/chai1_gpu/dockgen/2x34_2_UQ8_0/default_s5_t200/predictions/pred.model_idx_1.cif,1.0,21.852277714344705,21.853197689732315,<REMOTE_PROJECT_ROOT>/results/posebench_702_predictions/chai1_gpu/dockgen/2x34_2_UQ8_0/default_s5_t200/predictions/scores.model_idx_1.npz,0.7566179037094116,0.9137441515922546,0.7173362970352173,False,171.0,B:171,1.079057339218664,53.0,53.0,10.0,143.0,"B:60:2.76,B:18:2.77,B:57:3.18,B:79:3.43,B:54:3.47,B:75:3.53,B:167:3.53,B:165:3.57,B:163:3.58,B:159:3.60,B:28:3.61,B:155:3.67",0.9709828787806914,False,False,21.672769687871906,False,4.0,5.0,ok,,,,,,,,,,,,,,,,
dockgen,2xrh_1_NIO_1,default_s5_t200,ok,61.581,results/posebench_702_predictions/chai1_gpu/dockgen/2xrh_1_NIO_1/default_s5_t200/predictions/pred.model_idx_3.cif,3.0,3.2075572398795487,3.29702137173543,<REMOTE_PROJECT_ROOT>/results/posebench_702_predictions/chai1_gpu/dockgen/2xrh_1_NIO_1/default_s5_t200/predictions/scores.model_idx_3.npz,0.549242377281189,0.8450524806976318,0.47528982162475586,False,100.0,A:100,3.8779410143204864,9.0,9.0,10.0,57.0,"A:75:2.76,A:34:3.18,A:76:3.32,A:23:3.55,A:30:3.57,A:91:3.70,A:97:3.74,A:79:4.01,A:83:4.13,A:96:4.22,A:33:4.27,A:22:4.74",2.638725931519452,False,False,3.139784156513431,False,0.0,5.0,ok,,,,,,,,,,,,,,,,
dockgen,2xta_1_ACO_0,default_s5_t200,ok,271.931,results/posebench_702_predictions/chai1_gpu/dockgen/2xta_1_ACO_0/default_s5_t200/predictions/pred.model_idx_3.cif,3.0,7.0308461838634635,6.939566612840175,<REMOTE_PROJECT_ROOT>/results/posebench_702_predictions/chai1_gpu/dockgen/2xta_1_ACO_0/default_s5_t200/predictions/scores.model_idx_3.npz,0.36511528491973877,0.7941615581512451,0.2578536868095398,False,826.0,A:826,3.1619980133075485,33.0,33.0,10.0,55.0,"A:690:2.68,A:748:2.81,A:652:2.88,A:747:2.89,A:687:2.93,A:745:3.12,A:636:3.17,A:740:3.21,A:746:3.38,A:743:3.49,A:656:3.58,A:658:3.61",0.7888016823480805,False,False,6.556575904047543,False,1.0,5.0,ok,,,,,,,,,,,,,,,,
dockgen,2zcz_2_TRP_3,default_s5_t200,ok,66.79,results/posebench_702_predictions/chai1_gpu/dockgen/2zcz_2_TRP_3/default_s5_t200/predictions/pred.model_idx_1.cif,1.0,6.554990936359531,8.829762871485668,<REMOTE_PROJECT_ROOT>/results/posebench_702_predictions/chai1_gpu/dockgen/2zcz_2_TRP_3/default_s5_t200/predictions/scores.model_idx_1.npz,0.6418375968933105,0.745837926864624,0.6158375144004822,False,139.0,"D:73,F:66",15.133508416441519,15.0,15.0,10.0,55.0,"D:42:2.60,F:23:2.69,F:18:2.74,D:40:2.81,F:46:2.88,F:20:2.89,D:45:2.95,F:22:3.01,F:19:3.43,D:16:3.48,D:39:3.70,D:44:3.79",12.004579118695805,False,False,8.782420005981287,False,2.0,5.0,ok,,,,,,,,,,,,,,,,
dockgen,2zd0_1_TRP_9,default_s5_t200,ok,66.661,results/posebench_702_predictions/chai1_gpu/dockgen/2zd0_1_TRP_9/default_s5_t200/predictions/pred.model_idx_4.cif,4.0,21.551947779236954,19.37624877297947,<REMOTE_PROJECT_ROOT>/results/posebench_702_predictions/chai1_gpu/dockgen/2zd0_1_TRP_9/default_s5_t200/predictions/scores.model_idx_4.npz,0.2759675681591034,0.4208204448223114,0.2397543489933014,False,195.0,"A:63,B:66,C:66",16.925320216354503,15.0,15.0,10.0,56.0,"C:20:2.50,A:45:2.72,A:42:2.78,A:40:2.97,C:23:2.97,C:18:3.04,C:46:3.13,C:19:3.25,A:16:3.27,C:22:3.36,A:39:3.47,A:27:3.71",12.24875489506662,False,False,7.037324710388274,False,1.0,5.0,ok,,,,,,,,,,,,,,,,
dockgen,2ze9_1_PD7_0,default_s5_t200,ok,173.515,results/posebench_702_predictions/chai1_gpu/dockgen/2ze9_1_PD7_0/default_s5_t200/predictions/pred.model_idx_2.cif,2.0,3.9106840907688167,4.46711287997778,<REMOTE_PROJECT_ROOT>/results/posebench_702_predictions/chai1_gpu/dockgen/2ze9_1_PD7_0/default_s5_t200/predictions/scores.model_idx_2.npz,0.5131562352180481,0.9147408604621887,0.41276007890701294,False,504.0,A:504,4.352957701135118,26.0,26.0,10.0,85.0,"A:169:2.70,A:441:2.73,A:458:2.88,A:443:2.92,A:184:3.00,A:165:3.01,A:125:3.16,A:462:3.27,A:87:3.40,A:460:3.47,A:167:3.50,A:122:3.57",3.8534420373927936,False,False,3.0408812230527915,False,3.0,5.0,ok,,,,,,,,,,,,,,,,
dockgen,3ad7_1_NAD_0,default_s5_t200,ok,275.468,results/posebench_702_predictions/chai1_gpu/dockgen/3ad7_1_NAD_0/default_s5_t200/predictions/pred.model_idx_4.cif,4.0,13.995135601679952,10.899997973995243,<REMOTE_PROJECT_ROOT>/results/posebench_702_predictions/chai1_gpu/dockgen/3ad7_1_NAD_0/default_s5_t200/predictions/scores.model_idx_4.npz,0.7747130990028381,0.6972904801368713,0.7940686941146851,False,963.0,A:963,16.237173933691498,44.0,44.0,10.0,129.0,"A:157:2.47,A:248:2.52,A:423:2.69,A:156:2.72,A:203:2.73,A:416:2.85,A:164:2.85,A:421:2.88,A:158:2.99,A:137:3.06,A:415:3.21,A:136:3.22",0.9391039396575471,False,False,10.826611937062369,False,0.0,5.0,ok,,,,,,,,,,,,,,,,
dockgen,3ad9_1_NAD_0,default_s5_t200,ok,275.857,results/posebench_702_predictions/chai1_gpu/dockgen/3ad9_1_NAD_0/default_s5_t200/predictions/pred.model_idx_2.cif,2.0,11.451354453774387,7.61763900564366,<REMOTE_PROJECT_ROOT>/results/posebench_702_predictions/chai1_gpu/dockgen/3ad9_1_NAD_0/default_s5_t200/predictions/scores.model_idx_2.npz,0.7685698866844177,0.7027216553688049,0.7850319147109985,False,963.0,A:963,13.946711492196417,44.0,44.0,10.0,129.0,"A:157:2.49,A:248:2.71,A:421:2.73,A:156:2.76,A:203:2.80,A:164:2.83,A:423:2.87,A:416:2.89,A:158:2.96,A:137:2.96,A:133:3.17,A:415:3.27",0.8907075718614735,False,False,7.570443574676898,False,0.0,5.0,ok,,,,,,,,,,,,,,,,
dockgen,3ada_1_NAD_0,default_s5_t200,ok,273.004,results/posebench_702_predictions/chai1_gpu/dockgen/3ada_1_NAD_0/default_s5_t200/predictions/pred.model_idx_2.cif,2.0,13.879916051014959,11.001208126347331,<REMOTE_PROJECT_ROOT>/results/posebench_702_predictions/chai1_gpu/dockgen/3ada_1_NAD_0/default_s5_t200/predictions/scores.model_idx_2.npz,0.7747588157653809,0.7006540298461914,0.7932850122451782,False,963.0,A:963,14.014655562075829,44.0,44.0,10.0,129.0,"A:248:2.42,A:157:2.62,A:156:2.70,A:423:2.72,A:203:2.79,A:416:2.81,A:421:2.82,A:164:2.85,A:158:2.94,A:137:2.98,A:136:3.28,A:415:3.29",0.8924973564514671,False,False,10.804719019484104,False,1.0,5.0,ok,,,,,,,,,,,,,,,,
dockgen,3eca_1_ASP_3,default_s5_t200,ok,174.752,results/posebench_702_predictions/chai1_gpu/dockgen/3eca_1_ASP_3/default_s5_t200/predictions/pred.model_idx_3.cif,3.0,7.342675157312259,6.226211041996977,<REMOTE_PROJECT_ROOT>/results/posebench_702_predictions/chai1_gpu/dockgen/3eca_1_ASP_3/default_s5_t200/predictions/scores.model_idx_3.npz,0.8906003832817078,0.943236231803894,0.8774413466453552,False,652.0,"B:326,D:326",26.825727981406924,9.0,9.0,10.0,64.0,"D:88:2.32,D:57:2.42,B:282:2.64,D:11:2.74,D:58:2.82,D:89:2.92,D:113:3.06,D:87:3.08,D:10:3.18,D:56:3.34,B:247:3.43,D:26:3.65",10.062490760253555,False,False,6.168650736501343,False,2.0,5.0,ok,,,,,,,,,,,,,,,,
dockgen,3gf4_1_FAD_1,default_s5_t200,ok,111.917,results/posebench_702_predictions/chai1_gpu/dockgen/3gf4_1_FAD_1/default_s5_t200/predictions/pred.model_idx_1.cif,1.0,13.83037544171611,13.825144650174073,<REMOTE_PROJECT_ROOT>/results/posebench_702_predictions/chai1_gpu/dockgen/3gf4_1_FAD_1/default_s5_t200/predictions/scores.model_idx_1.npz,0.9007580280303955,0.9422914385795593,0.8903746604919434,False,383.0,B:383,1.1013806251143705,53.0,53.0,10.0,119.0,"B:348:2.31,B:12:2.57,B:31:2.66,B:341:2.73,B:58:2.73,B:59:2.75,B:39:2.76,B:350:2.80,B:38:2.98,B:347:3.07,B:32:3.07,B:217:3.10",0.40733184390376326,False,False,13.777210432076865,False,0.0,5.0,ok,,,,,,,,,,,,,,,,
dockgen,3gf4_1_U5P_0,default_s5_t200,ok,112.756,results/posebench_702_predictions/chai1_gpu/dockgen/3gf4_1_U5P_0/default_s5_t200/predictions/pred.model_idx_0.cif,0.0,12.31623491388567,11.099306747471894,<REMOTE_PROJECT_ROOT>/results/posebench_702_predictions/chai1_gpu/dockgen/3gf4_1_U5P_0/default_s5_t200/predictions/scores.model_idx_0.npz,0.7848327159881592,0.9183189868927002,0.7514611482620239,False,383.0,B:383,1.4706456361144487,21.0,21.0,10.0,62.0,"B:158:2.90,B:149:3.04,B:154:3.12,B:150:3.18,B:153:3.32,B:170:3.82,B:169:3.83,B:133:3.88,B:95:4.28,B:97:4.36,B:157:4.69,B:151:5.25",1.7150891659755625,False,False,5.434284185214259,False,4.0,5.0,ok,,,,,,,,,,,,,,,,
dockgen,3gvl_1_SLB_2,default_s5_t200,ok,173.595,results/posebench_702_predictions/chai1_gpu/dockgen/3gvl_1_SLB_2/default_s5_t200/predictions/pred.model_idx_1.cif,1.0,44.48261596417903,52.394059736239534,<REMOTE_PROJECT_ROOT>/results/posebench_702_predictions/chai1_gpu/dockgen/3gvl_1_SLB_2/default_s5_t200/predictions/scores.model_idx_1.npz,0.4310755133628845,0.7009523510932922,0.363606333732605,False,670.0,A:670,24.442209326146088,21.0,21.0,10.0,8.0,"A:580:3.46,A:643:6.37,A:624:6.43,A:579:6.55,A:582:6.96,A:581:7.70,A:644:9.35,A:583:9.93",6.496702407721911,False,False,51.41239635291177,False,3.0,5.0,ok,,,,,,,,,,,,,,,,
dockgen,3he3_5_UDP_0,default_s5_t200,ok,108.297,results/posebench_702_predictions/chai1_gpu/dockgen/3he3_5_UDP_0/default_s5_t200/predictions/pred.model_idx_2.cif,2.0,5.561882325326102,5.524700694283256,<REMOTE_PROJECT_ROOT>/results/posebench_702_predictions/chai1_gpu/dockgen/3he3_5_UDP_0/default_s5_t200/predictions/scores.model_idx_2.npz,0.7367821931838989,0.9283249974250793,0.6888964772224426,False,362.0,D:362,0.7945604937256292,25.0,25.0,10.0,81.0,"D:156:2.73,D:152:2.77,D:268:2.83,D:181:2.90,D:147:3.00,D:342:3.06,D:148:3.19,D:277:3.20,D:307:3.28,D:151:3.39,D:167:3.48,D:170:3.56",0.832018880242107,False,False,5.427107613979008,False,0.0,5.0,ok,,,,,,,,,,,,,,,,
dockgen,3inr_1_GDU_0,default_s5_t200,ok,107.341,results/posebench_702_predictions/chai1_gpu/dockgen/3inr_1_GDU_0/default_s5_t200/predictions/pred.model_idx_2.cif,2.0,21.236390302874398,20.88193390303611,<REMOTE_PROJECT_ROOT>/results/posebench_702_predictions/chai1_gpu/dockgen/3inr_1_GDU_0/default_s5_t200/predictions/scores.model_idx_2.npz,0.8232253193855286,0.9252759218215942,0.7977126240730286,False,383.0,A:383,0.957001928953806,36.0,36.0,10.0,87.0,"A:183:2.53,A:349:2.81,A:154:2.85,A:149:2.92,A:158:2.99,A:268:3.04,A:150:3.15,A:173:3.16,A:153:3.21,A:95:3.28,A:172:3.32,A:347:3.56",1.079289661625977,False,False,20.88193390303611,False,2.0,5.0,ok,,,,,,,,,,,,,,,,
dockgen,3it6_1_ORN_1,default_s5_t200,ok,180.859,results/posebench_702_predictions/chai1_gpu/dockgen/3it6_1_ORN_1/default_s5_t200/predictions/pred.model_idx_2.cif,2.0,17.472057672294707,10.874069151801379,<REMOTE_PROJECT_ROOT>/results/posebench_702_predictions/chai1_gpu/dockgen/3it6_1_ORN_1/default_s5_t200/predictions/scores.model_idx_2.npz,0.9280800819396973,0.9491206407546997,0.922819972038269,False,591.0,"B:193,C:193,D:205",27.349761864545936,9.0,9.0,10.0,67.0,"D:199:2.68,C:159:2.72,C:182:2.80,D:0:2.92,C:120:3.17,D:80:3.22,D:204:3.25,C:185:3.36,C:186:3.47,B:125:3.64,C:121:3.92,B:111:4.01",17.458151276009094,False,False,10.874069151801379,False,2.0,5.0,ok,,,,,,,,,,,,,,,,
dockgen,3jqm_1_GTP_5,default_s5_t200,ok,91.111,results/posebench_702_predictions/chai1_gpu/dockgen/3jqm_1_GTP_5/default_s5_t200/predictions/pred.model_idx_1.cif,1.0,7.356258442731383,7.962691038788015,<REMOTE_PROJECT_ROOT>/results/posebench_702_predictions/chai1_gpu/dockgen/3jqm_1_GTP_5/default_s5_t200/predictions/scores.model_idx_1.npz,0.8989547491073608,0.9360513687133789,0.8896806240081787,False,295.0,"E:149,B:146",18.73278273908762,32.0,32.0,10.0,44.0,"B:65:2.74,B:4:2.94,B:97:3.04,B:64:3.57,B:101:3.68,B:98:3.86,B:63:4.26,B:100:4.42,B:6:4.95,B:61:5.11,B:2:5.43,B:3:5.60",8.914192743594418,False,False,7.713061351719311,False,4.0,5.0,ok,,,,,,,,,,,,,,,,
dockgen,3ju4_1_SLB_2,default_s5_t200,ok,183.026,results/posebench_702_predictions/chai1_gpu/dockgen/3ju4_1_SLB_2/default_s5_t200/predictions/pred.model_idx_1.cif,1.0,45.180458483199295,51.31079723718127,<REMOTE_PROJECT_ROOT>/results/posebench_702_predictions/chai1_gpu/dockgen/3ju4_1_SLB_2/default_s5_t200/predictions/scores.model_idx_1.npz,0.43327808380126953,0.6996586322784424,0.3666829466819763,False,670.0,A:670,24.41768325610214,21.0,21.0,10.0,8.0,"A:580:3.49,A:643:6.12,A:624:6.50,A:579:6.52,A:582:7.01,A:581:7.70,A:644:9.44,A:583:9.92",6.402930374263258,False,False,51.31079723718127,False,1.0,5.0,ok,,,,,,,,,,,,,,,,
dockgen,3k8l_1_GLC-GLC-GLC-GLC-GLC_0,default_s5_t200,ok,205.886,,,,,,,,,,,,,,,,,,,,,,,,5.0,no_valid_sample_rmsd,,results/posebench_702_predictions/chai1_gpu/dockgen/3k8l_1_GLC-GLC-GLC-GLC-GLC_0/default_s5_t200/predictions/pred.model_idx_0.cif,0.0,,,<REMOTE_PROJECT_ROOT>/results/posebench_702_predictions/chai1_gpu/dockgen/3k8l_1_GLC-GLC-GLC-GLC-GLC_0/default_s5_t200/predictions/scores.model_idx_0.npz,0.15837274491786957,0.7918636798858643,0.0,False,649.0,A:649,13.774870265000947,0.0,56.0,10.0
dockgen,3k8m_1_GLC-GLC-AC1_0,default_s5_t200,ok,195.168,,,,,,,,,,,,,,,,,,,,,,,,5.0,no_valid_sample_rmsd,,results/posebench_702_predictions/chai1_gpu/dockgen/3k8m_1_GLC-GLC-AC1_0/default_s5_t200/predictions/pred.model_idx_0.cif,0.0,,,<REMOTE_PROJECT_ROOT>/results/posebench_702_predictions/chai1_gpu/dockgen/3k8m_1_GLC-GLC-AC1_0/default_s5_t200/predictions/scores.model_idx_0.npz,0.15606684982776642,0.7803342342376709,0.0,False,639.0,A:639,14.389589281563685,0.0,44.0,10.0
dockgen,3nvv_1_MTE_1,default_s5_t200,ok,280.627,results/posebench_702_predictions/chai1_gpu/dockgen/3nvv_1_MTE_1/default_s5_t200/predictions/pred.model_idx_2.cif,2.0,3.4631600728709078,3.44855403476609,<REMOTE_PROJECT_ROOT>/results/posebench_702_predictions/chai1_gpu/dockgen/3nvv_1_MTE_1/default_s5_t200/predictions/scores.model_idx_2.npz,0.9254944920539856,0.950995147228241,0.9191193580627441,False,909.0,"J:164,L:745",0.8614260474124725,24.0,24.0,10.0,98.0,"L:623:2.70,L:511:2.70,L:226:2.77,L:467:2.90,J:110:2.95,L:227:2.97,L:469:3.12,L:468:3.20,L:509:3.21,L:341:3.34,J:148:3.39,L:510:3.45",0.2688460874972729,False,False,3.3703377786824285,False,4.0,5.0,ok,,,,,,,,,,,,,,,,
dockgen,3o01_2_DXC_0,default_s5_t200,ok,83.469,results/posebench_702_predictions/chai1_gpu/dockgen/3o01_2_DXC_0/default_s5_t200/predictions/pred.model_idx_2.cif,2.0,11.259552830487188,8.440931133087814,<REMOTE_PROJECT_ROOT>/results/posebench_702_predictions/chai1_gpu/dockgen/3o01_2_DXC_0/default_s5_t200/predictions/scores.model_idx_2.npz,0.524616539478302,0.795387327671051,0.45692384243011475,False,280.0,B:280,13.28547934404589,28.0,28.0,10.0,32.0,"B:262:2.42,B:266:3.12,B:259:3.77,B:62:3.77,B:66:3.90,B:263:4.02,B:258:4.10,B:65:4.91,B:269:5.28,B:63:5.59,B:61:5.76,B:255:5.95",7.547205511257658,False,False,8.293503825071316,False,1.0,5.0,ok,,,,,,,,,,,,,,,,
dockgen,3o02_2_JN3_0,default_s5_t200,ok,82.973,results/posebench_702_predictions/chai1_gpu/dockgen/3o02_2_JN3_0/default_s5_t200/predictions/pred.model_idx_4.cif,4.0,19.643185752845827,20.33330657478048,<REMOTE_PROJECT_ROOT>/results/posebench_702_predictions/chai1_gpu/dockgen/3o02_2_JN3_0/default_s5_t200/predictions/scores.model_idx_4.npz,0.34810692071914673,0.8070276379585266,0.23337672650814056,False,267.0,B:267,4.1586182957085525,28.0,28.0,10.0,33.0,"B:251:3.03,B:255:3.25,B:248:3.46,B:58:3.61,B:54:3.65,B:252:3.77,B:247:4.14,B:57:4.74,B:258:4.76,B:244:5.49,B:259:5.64,B:249:5.72",3.7365916579288965,False,False,20.33330657478048,False,4.0,5.0,ok,,,,,,,,,,,,,,,,
dockgen,3o7j_1_2AL_0,default_s5_t200,ok,61.795,results/posebench_702_predictions/chai1_gpu/dockgen/3o7j_1_2AL_0/default_s5_t200/predictions/pred.model_idx_2.cif,2.0,3.8769400838643744,3.8751937387644273,<REMOTE_PROJECT_ROOT>/results/posebench_702_predictions/chai1_gpu/dockgen/3o7j_1_2AL_0/default_s5_t200/predictions/scores.model_idx_2.npz,0.848152756690979,0.9408565759658813,0.8249768018722534,False,166.0,A:166,1.2339427996037597,11.0,11.0,10.0,58.0,"A:86:2.74,A:118:2.75,A:67:2.82,A:116:2.86,A:120:2.87,A:83:3.19,A:117:3.47,A:69:3.52,A:154:3.60,A:87:3.66,A:119:3.77,A:115:4.01",0.6718556160280114,False,False,3.8626896106031072,False,3.0,5.0,ok,,,,,,,,,,,,,,,,
dockgen,3q14_1_PCR_3,default_s5_t200,ok,179.051,results/posebench_702_predictions/chai1_gpu/dockgen/3q14_1_PCR_3/default_s5_t200/predictions/pred.model_idx_2.cif,2.0,56.37684536877896,26.914885092356105,<REMOTE_PROJECT_ROOT>/results/posebench_702_predictions/chai1_gpu/dockgen/3q14_1_PCR_3/default_s5_t200/predictions/scores.model_idx_2.npz,0.32514506578445435,0.7412554025650024,0.22111745178699493,False,593.0,"A:491,E:102",22.31233431743036,8.0,8.0,10.0,49.0,"A:4:2.56,E:93:3.08,E:73:3.24,E:72:3.39,A:49:3.46,E:88:3.50,A:50:3.60,E:75:3.72,E:89:3.87,E:76:4.21,E:79:4.85,E:86:5.05",23.47940397299162,False,False,21.77648022261798,False,4.0,5.0,ok,,,,,,,,,,,,,,,,
dockgen,3qrc_2_GU4-YYJ_0,default_s5_t200,ok,64.473,results/posebench_702_predictions/chai1_gpu/dockgen/3qrc_2_GU4-YYJ_0/default_s5_t200/predictions/pred.model_idx_4.cif,4.0,8.338413905236724,8.144818631303192,<REMOTE_PROJECT_ROOT>/results/posebench_702_predictions/chai1_gpu/dockgen/3qrc_2_GU4-YYJ_0/default_s5_t200/predictions/scores.model_idx_4.npz,0.2925163805484772,0.7589343786239624,0.17591187357902527,False,154.0,B:154,2.5590578918494957,55.0,55.0,10.0,27.0,"B:96:2.34,B:94:2.66,B:108:2.68,B:68:2.73,B:92:2.87,B:66:2.93,B:106:4.24,B:51:4.43,B:64:5.35,B:93:5.50,B:109:5.52,B:104:5.94",0.8002142858121967,False,False,7.436476225845709,False,0.0,5.0,ok,,,,,,,,,,,,,,,,
dockgen,3s5x_1_BMA-MAN-MAN-MAN-MAN_0,default_s5_t200,ok,75.925,,,,,,,,,,,,,,,,,,,,,,,,5.0,no_valid_sample_rmsd,,results/posebench_702_predictions/chai1_gpu/dockgen/3s5x_1_BMA-MAN-MAN-MAN-MAN_0/default_s5_t200/predictions/pred.model_idx_0.cif,0.0,,,<REMOTE_PROJECT_ROOT>/results/posebench_702_predictions/chai1_gpu/dockgen/3s5x_1_BMA-MAN-MAN-MAN-MAN_0/default_s5_t200/predictions/scores.model_idx_0.npz,0.15045861899852753,0.752293050289154,0.0,False,132.0,A:132,1.247222653638569,0.0,45.0,10.0
dockgen,3s6a_1_ANP_0,default_s5_t200,ok,62.454,results/posebench_702_predictions/chai1_gpu/dockgen/3s6a_1_ANP_0/default_s5_t200/predictions/pred.model_idx_4.cif,4.0,7.998216733522089,8.02864728988629,<REMOTE_PROJECT_ROOT>/results/posebench_702_predictions/chai1_gpu/dockgen/3s6a_1_ANP_0/default_s5_t200/predictions/scores.model_idx_4.npz,0.8811902403831482,0.9429419636726379,0.8657523393630981,False,178.0,A:178,3.0635843783967673,27.0,27.0,10.0,64.0,"A:100:2.44,A:55:2.65,A:101:2.83,A:174:2.83,A:92:2.84,A:95:2.96,A:106:2.97,A:131:3.12,A:102:3.15,A:135:3.30,A:99:3.38,A:136:3.54",3.580178336156986,False,False,7.956574226452135,False,2.0,5.0,ok,,,,,,,,,,,,,,,,
dockgen,3se5_1_ANP_2,default_s5_t200,ok,113.725,results/posebench_702_predictions/chai1_gpu/dockgen/3se5_1_ANP_2/default_s5_t200/predictions/pred.model_idx_2.cif,2.0,10.180149722737214,8.194668626808545,<REMOTE_PROJECT_ROOT>/results/posebench_702_predictions/chai1_gpu/dockgen/3se5_1_ANP_2/default_s5_t200/predictions/scores.model_idx_2.npz,0.31945571303367615,0.4561634063720703,0.2852787971496582,False,465.0,"A:155,B:155,C:155",12.505845486686225,31.0,31.0,10.0,72.0,"C:54:2.58,C:127:2.81,C:102:2.83,C:101:2.83,C:105:2.88,C:91:2.91,C:100:2.92,C:94:3.03,C:130:3.12,C:99:3.13,C:134:3.37,C:131:3.51",3.532792750359472,False,False,8.194668626808545,False,2.0,5.0,ok,,,,,,,,,,,,,,,,
dockgen,3sr6_1_MTE_1,default_s5_t200,ok,278.924,results/posebench_702_predictions/chai1_gpu/dockgen/3sr6_1_MTE_1/default_s5_t200/predictions/pred.model_idx_2.cif,2.0,4.18981420092908,4.170916504750364,<REMOTE_PROJECT_ROOT>/results/posebench_702_predictions/chai1_gpu/dockgen/3sr6_1_MTE_1/default_s5_t200/predictions/scores.model_idx_2.npz,0.9255975484848022,0.9498625993728638,0.9195312857627869,False,909.0,"J:164,L:745",0.8557740956971915,24.0,24.0,10.0,96.0,"L:623:2.68,L:226:2.87,L:227:2.88,L:511:2.93,L:467:2.96,J:110:3.06,L:509:3.11,J:148:3.14,L:510:3.27,L:468:3.28,L:341:3.32,L:469:3.44",0.268932435981548,False,False,4.109092743630637,False,1.0,5.0,ok,,,,,,,,,,,,,,,,
dockgen,3ub7_1_ACM_1,default_s5_t200,ok,61.61,results/posebench_702_predictions/chai1_gpu/dockgen/3ub7_1_ACM_1/default_s5_t200/predictions/pred.model_idx_2.cif,2.0,1.6256557703323713,1.6481944444096628,<REMOTE_PROJECT_ROOT>/results/posebench_702_predictions/chai1_gpu/dockgen/3ub7_1_ACM_1/default_s5_t200/predictions/scores.model_idx_2.npz,0.5172720551490784,0.8799569010734558,0.4266008138656616,False,161.0,B:161,1.0019391697286386,4.0,4.0,10.0,50.0,"B:112:2.60,B:125:2.77,B:73:2.85,B:99:3.27,B:95:3.50,B:62:3.50,B:75:3.65,B:114:3.75,B:76:3.92,B:144:4.52,B:142:4.87,B:115:5.00",0.7506022041957175,True,True,1.5710255469085188,True,0.0,5.0,ok,,,,,,,,,,,,,,,,
dockgen,3ub9_1_NHY_1,default_s5_t200,ok,64.01,results/posebench_702_predictions/chai1_gpu/dockgen/3ub9_1_NHY_1/default_s5_t200/predictions/pred.model_idx_3.cif,3.0,1.5919465971085371,1.5371564867813914,<REMOTE_PROJECT_ROOT>/results/posebench_702_predictions/chai1_gpu/dockgen/3ub9_1_NHY_1/default_s5_t200/predictions/scores.model_idx_3.npz,0.611137330532074,0.8839813470840454,0.5429263114929199,False,165.0,B:165,1.0917127646876619,5.0,5.0,10.0,53.0,"B:113:2.61,B:74:2.74,B:126:2.91,B:100:3.10,B:76:3.12,B:96:3.44,B:63:3.50,B:115:3.51,B:77:3.56,B:145:3.63,B:116:4.11,B:143:4.97",0.674212538855654,True,True,1.4904885305282676,True,2.0,5.0,ok,,,,,,,,,,,,,,,,
dockgen,3uni_1_SAL_0,default_s5_t200,exception,46.783,,,,,,,,,,,,,,,,,,,,,,,,,not_ok,RuntimeError,,,,,,,,,,,,,,,
dockgen,3wrb_1_GDE_0,default_s5_t200,ok,281.069,results/posebench_702_predictions/chai1_gpu/dockgen/3wrb_1_GDE_0/default_s5_t200/predictions/pred.model_idx_2.cif,2.0,3.2476689120700746,3.226228358713398,<REMOTE_PROJECT_ROOT>/results/posebench_702_predictions/chai1_gpu/dockgen/3wrb_1_GDE_0/default_s5_t200/predictions/scores.model_idx_2.npz,0.8692585229873657,0.9137805700302124,0.858128011226654,False,820.0,"A:409,B:411",1.2695352088423895,12.0,12.0,10.0,67.0,"A:375:2.49,A:389:2.64,B:265:2.77,A:385:2.77,B:190:3.41,B:12:3.50,B:11:3.50,B:122:3.56,B:264:3.58,A:372:3.71,B:13:3.75,B:192:3.92",1.2669376085124324,False,False,3.22195421049469,False,1.0,5.0,ok,,,,,,,,,,,,,,,,
dockgen,3wvc_1_FEG_0,default_s5_t200,ok,86.279,results/posebench_702_predictions/chai1_gpu/dockgen/3wvc_1_FEG_0/default_s5_t200/predictions/pred.model_idx_1.cif,1.0,4.135619918406399,4.179606866315925,<REMOTE_PROJECT_ROOT>/results/posebench_702_predictions/chai1_gpu/dockgen/3wvc_1_FEG_0/default_s5_t200/predictions/scores.model_idx_1.npz,0.8690637946128845,0.9168083071708679,0.8571276664733887,False,338.0,"A:169,B:169",1.3566340065369207,37.0,37.0,10.0,80.0,"A:27:2.45,A:28:2.46,B:10:2.62,B:111:2.69,B:112:2.70,A:21:2.83,B:147:2.87,B:13:2.89,B:11:2.92,A:26:3.00,B:144:3.32,B:141:3.43",1.5795238243658547,False,False,4.045494579659808,False,2.0,5.0,ok,,,,,,,,,,,,,,,,
dockgen,3zec_1_ANP_0,default_s5_t200,ok,112.89,results/posebench_702_predictions/chai1_gpu/dockgen/3zec_1_ANP_0/default_s5_t200/predictions/pred.model_idx_3.cif,3.0,8.394023035539048,8.40319230433443,<REMOTE_PROJECT_ROOT>/results/posebench_702_predictions/chai1_gpu/dockgen/3zec_1_ANP_0/default_s5_t200/predictions/scores.model_idx_3.npz,0.8174037337303162,0.9201588034629822,0.7917149066925049,False,371.0,B:371,4.640957403391626,31.0,31.0,10.0,75.0,"B:206:2.77,B:205:2.88,B:204:2.89,B:209:2.91,B:203:2.95,B:73:2.97,B:240:2.98,B:198:3.19,B:202:3.19,B:195:3.31,B:244:3.61,B:72:3.61",1.1927537789758524,False,False,8.309236714340296,False,4.0,5.0,ok,,,,,,,,,,,,,,,,
dockgen,3zjx_1_BOG_0,default_s5_t200,ok,84.554,results/posebench_702_predictions/chai1_gpu/dockgen/3zjx_1_BOG_0/default_s5_t200/predictions/pred.model_idx_2.cif,2.0,10.028960690798156,10.07501844655595,<REMOTE_PROJECT_ROOT>/results/posebench_702_predictions/chai1_gpu/dockgen/3zjx_1_BOG_0/default_s5_t200/predictions/scores.model_idx_2.npz,0.2813512682914734,0.7786650657653809,0.15702283382415771,False,277.0,A:277,2.531072611776332,20.0,20.0,10.0,45.0,"A:72:2.53,A:93:3.12,A:92:3.20,A:89:3.41,A:166:3.58,A:74:3.67,A:73:3.70,A:154:3.95,A:168:3.97,A:241:3.98,A:75:4.02,A:71:4.29",2.485005000322471,False,False,6.985521563891312,False,0.0,5.0,ok,,,,,,,,,,,,,,,,
dockgen,3zqu_1_FNR_5,default_s5_t200,ok,65.963,results/posebench_702_predictions/chai1_gpu/dockgen/3zqu_1_FNR_5/default_s5_t200/predictions/pred.model_idx_0.cif,0.0,5.050221543934771,5.016803744418135,<REMOTE_PROJECT_ROOT>/results/posebench_702_predictions/chai1_gpu/dockgen/3zqu_1_FNR_5/default_s5_t200/predictions/scores.model_idx_0.npz,0.8366068601608276,0.9513891935348511,0.807911217212677,False,207.0,A:207,1.1033991132646221,31.0,31.0,10.0,52.0,"A:103:2.42,A:106:2.60,A:38:2.61,A:12:2.67,A:138:2.74,A:104:2.81,A:14:2.97,A:40:3.44,A:13:3.46,A:11:3.50,A:44:3.63,A:139:3.73",0.31691599172032936,False,False,4.981460229436548,False,1.0,5.0,ok,,,,,,,,,,,,,,,,
dockgen,3zzs_1_TRP_3,default_s5_t200,ok,72.845,results/posebench_702_predictions/chai1_gpu/dockgen/3zzs_1_TRP_3/default_s5_t200/predictions/pred.model_idx_2.cif,2.0,14.748559458444074,14.583525603348399,<REMOTE_PROJECT_ROOT>/results/posebench_702_predictions/chai1_gpu/dockgen/3zzs_1_TRP_3/default_s5_t200/predictions/scores.model_idx_2.npz,0.16544999182224274,0.3216465711593628,0.12640084326267242,False,129.0,"A:64,C:65",12.7604026723797,15.0,15.0,10.0,54.0,"A:41:2.60,C:20:2.75,C:23:2.76,C:18:2.78,A:44:2.80,A:39:2.86,C:46:2.87,C:22:3.27,C:19:3.50,A:16:3.50,A:43:3.83,A:38:3.83",11.773183718119522,False,False,9.636243260583441,False,3.0,5.0,ok,,,,,,,,,,,,,,,,
dockgen,4b4v_1_L34_0,default_s5_t200,ok,86.407,results/posebench_702_predictions/chai1_gpu/dockgen/4b4v_1_L34_0/default_s5_t200/predictions/pred.model_idx_3.cif,3.0,5.245935234272559,5.252382191229874,<REMOTE_PROJECT_ROOT>/results/posebench_702_predictions/chai1_gpu/dockgen/4b4v_1_L34_0/default_s5_t200/predictions/scores.model_idx_3.npz,0.873560905456543,0.9632375836372375,0.8511416912078857,False,282.0,A:282,0.7236781613652552,34.0,34.0,10.0,85.0,"A:119:2.56,A:258:2.70,A:52:2.72,A:97:2.76,A:48:2.78,A:95:2.85,A:230:3.00,A:96:3.05,A:261:3.11,A:257:3.23,A:264:3.36,A:262:3.55",0.7051345858553796,False,False,5.197002685501848,False,1.0,5.0,ok,,,,,,,,,,,,,,,,
dockgen,4bc9_1_CNV-FAD_0,default_s5_t200,exception,50.704,,,,,,,,,,,,,,,,,,,,,,,,,not_ok,RuntimeError,,,,,,,,,,,,,,,
dockgen,4cdn_2_FAD_0,default_s5_t200,ok,113.292,results/posebench_702_predictions/chai1_gpu/dockgen/4cdn_2_FAD_0/default_s5_t200/predictions/pred.model_idx_4.cif,4.0,9.133534368393397,9.06201545074574,<REMOTE_PROJECT_ROOT>/results/posebench_702_predictions/chai1_gpu/dockgen/4cdn_2_FAD_0/default_s5_t200/predictions/scores.model_idx_4.npz,0.7730279564857483,0.9201391935348511,0.736250102519989,False,438.0,B:438,4.777750228297099,53.0,53.0,10.0,110.0,"B:227:2.56,B:240:2.60,B:241:2.82,B:384:2.84,B:347:2.85,B:378:2.97,B:243:2.99,B:389:3.13,B:239:3.13,B:353:3.15,B:385:3.17,B:276:3.21",1.376257735610404,False,False,8.582366407071525,False,0.0,5.0,ok,,,,,,,,,,,,,,,,
dockgen,4cnl_1_CHT_1,default_s5_t200,ok,62.516,results/posebench_702_predictions/chai1_gpu/dockgen/4cnl_1_CHT_1/default_s5_t200/predictions/pred.model_idx_0.cif,0.0,17.765693456295914,17.86927814557506,<REMOTE_PROJECT_ROOT>/results/posebench_702_predictions/chai1_gpu/dockgen/4cnl_1_CHT_1/default_s5_t200/predictions/scores.model_idx_0.npz,0.28562408685684204,0.8608134388923645,0.14182671904563904,False,182.0,A:182,1.7071932429747416,7.0,7.0,10.0,28.0,"A:122:3.52,A:131:3.56,A:157:3.63,A:149:3.67,A:173:5.06,A:123:6.31,A:132:6.69,A:146:6.73,A:174:6.80,A:175:6.87,A:133:7.02,A:151:7.08",0.44639717002613777,False,False,17.573799756990866,False,2.0,5.0,ok,,,,,,,,,,,,,,,,
dockgen,4fyv_1_DCP_2,default_s5_t200,ok,66.373,results/posebench_702_predictions/chai1_gpu/dockgen/4fyv_1_DCP_2/default_s5_t200/predictions/pred.model_idx_2.cif,2.0,5.830330403040622,5.7460468702458,<REMOTE_PROJECT_ROOT>/results/posebench_702_predictions/chai1_gpu/dockgen/4fyv_1_DCP_2/default_s5_t200/predictions/scores.model_idx_2.npz,0.5320013165473938,0.830921471118927,0.4572712779045105,False,144.0,B:144,1.8875470419678042,28.0,28.0,10.0,40.0,"B:2:2.33,B:79:2.40,B:50:3.13,B:1:3.37,B:7:3.37,B:76:3.55,B:80:3.86,B:9:4.13,B:10:4.19,B:0:4.37,B:3:4.47,B:81:4.68",0.6286041103043537,False,False,5.736141339765968,False,3.0,5.0,ok,,,,,,,,,,,,,,,,
dockgen,4fyw_1_CTP_4,default_s5_t200,ok,64.836,results/posebench_702_predictions/chai1_gpu/dockgen/4fyw_1_CTP_4/default_s5_t200/predictions/pred.model_idx_2.cif,2.0,5.883065003124479,5.867118383734706,<REMOTE_PROJECT_ROOT>/results/posebench_702_predictions/chai1_gpu/dockgen/4fyw_1_CTP_4/default_s5_t200/predictions/scores.model_idx_2.npz,0.6954206824302673,0.8429533839225769,0.6585375070571899,False,144.0,D:144,1.4247212402190805,29.0,29.0,10.0,44.0,"D:50:2.46,D:2:2.58,D:84:2.68,D:9:2.69,D:10:2.98,D:79:3.19,D:1:3.45,D:76:3.53,D:74:3.56,D:81:3.59,D:7:3.62,D:48:3.74",0.5004887909604446,False,False,5.8575703876970815,False,4.0,5.0,ok,,,,,,,,,,,,,,,,
dockgen,4gk9_1_BMA-MAN-MAN-MAN-MAN_3,default_s5_t200,ok,111.354,,,,,,,,,,,,,,,,,,,,,,,,5.0,no_valid_sample_rmsd,,results/posebench_702_predictions/chai1_gpu/dockgen/4gk9_1_BMA-MAN-MAN-MAN-MAN_3/default_s5_t200/predictions/pred.model_idx_0.cif,0.0,,,<REMOTE_PROJECT_ROOT>/results/posebench_702_predictions/chai1_gpu/dockgen/4gk9_1_BMA-MAN-MAN-MAN-MAN_3/default_s5_t200/predictions/scores.model_idx_0.npz,0.1304393708705902,0.6521968245506287,0.0,False,279.0,A:279,1.6257945458819256,0.0,56.0,10.0
dockgen,4h2f_1_ADN_0,default_s5_t200,ok,177.267,results/posebench_702_predictions/chai1_gpu/dockgen/4h2f_1_ADN_0/default_s5_t200/predictions/pred.model_idx_3.cif,3.0,6.9686255301654905,6.070004677166492,<REMOTE_PROJECT_ROOT>/results/posebench_702_predictions/chai1_gpu/dockgen/4h2f_1_ADN_0/default_s5_t200/predictions/scores.model_idx_3.npz,0.656094491481781,0.8005111813545227,0.619990348815918,False,524.0,A:524,3.2879974225531194,19.0,19.0,10.0,47.0,"A:480:2.49,A:369:2.84,A:364:2.93,A:474:3.29,A:366:3.30,A:328:3.50,A:391:3.55,A:367:3.62,A:421:3.62,A:422:4.76,A:472:4.96,A:420:5.00",1.5767441242794764,False,False,6.023884366998717,False,4.0,5.0,ok,,,,,,,,,,,,,,,,
dockgen,4idk_1_1FE_0,default_s5_t200,ok,174.606,results/posebench_702_predictions/chai1_gpu/dockgen/4idk_1_1FE_0/default_s5_t200/predictions/pred.model_idx_3.cif,3.0,52.79910466099318,51.68100749965354,<REMOTE_PROJECT_ROOT>/results/posebench_702_predictions/chai1_gpu/dockgen/4idk_1_1FE_0/default_s5_t200/predictions/scores.model_idx_3.npz,0.3802359998226166,0.6672049164772034,0.3084937632083893,False,556.0,A:556,3.632831447528096,15.0,15.0,10.0,35.0,"A:431:2.77,A:401:2.98,A:426:3.25,A:397:3.28,A:398:3.31,A:429:3.64,A:530:3.74,A:428:4.27,A:531:4.55,A:427:4.89,A:399:5.49,A:430:5.75",1.1091998589856458,False,False,48.83784837759674,False,4.0,5.0,ok,,,,,,,,,,,,,,,,
dockgen,4kgx_1_CTP_5,default_s5_t200,ok,62.881,results/posebench_702_predictions/chai1_gpu/dockgen/4kgx_1_CTP_5/default_s5_t200/predictions/pred.model_idx_1.cif,1.0,6.069306291078264,5.833612279725692,<REMOTE_PROJECT_ROOT>/results/posebench_702_predictions/chai1_gpu/dockgen/4kgx_1_CTP_5/default_s5_t200/predictions/scores.model_idx_1.npz,0.7018055319786072,0.8388271927833557,0.6675500869750977,False,145.0,B:145,2.0184732666647807,29.0,29.0,10.0,46.0,"B:3:2.58,B:10:2.62,B:11:2.63,B:51:2.67,B:85:2.83,B:80:3.00,B:2:3.30,B:77:3.49,B:75:3.49,B:8:3.56,B:82:3.72,B:1:3.92",0.461952097885939,False,False,5.833612279725692,False,1.0,5.0,ok,,,,,,,,,,,,,,,,
dockgen,4mig_1_G3F_2,default_s5_t200,ok,177.748,results/posebench_702_predictions/chai1_gpu/dockgen/4mig_1_G3F_2/default_s5_t200/predictions/pred.model_idx_2.cif,2.0,3.2551614181554185,3.4253604950518133,<REMOTE_PROJECT_ROOT>/results/posebench_702_predictions/chai1_gpu/dockgen/4mig_1_G3F_2/default_s5_t200/predictions/scores.model_idx_2.npz,0.4225754141807556,0.8533271551132202,0.31488749384880066,False,570.0,D:570,7.977503166911832,12.0,12.0,10.0,61.0,"D:410:2.24,D:503:2.56,D:505:2.67,D:414:2.71,D:548:2.76,D:406:3.08,D:430:3.19,D:412:3.30,D:408:3.47,D:138:3.59,D:432:3.76,D:140:4.31",3.8787856086611776,False,False,2.7112234669150834,False,3.0,5.0,ok,,,,,,,,,,,,,,,,
dockgen,4mo2_2_FDA_0,default_s5_t200,ok,117.988,results/posebench_702_predictions/chai1_gpu/dockgen/4mo2_2_FDA_0/default_s5_t200/predictions/pred.model_idx_1.cif,1.0,13.537760272868555,13.547862812917478,<REMOTE_PROJECT_ROOT>/results/posebench_702_predictions/chai1_gpu/dockgen/4mo2_2_FDA_0/default_s5_t200/predictions/scores.model_idx_1.npz,0.9037483334541321,0.9324926733970642,0.8965622782707214,False,365.0,B:365,1.766574332386447,53.0,53.0,10.0,118.0,"B:338:2.61,B:30:2.62,B:347:2.67,B:55:2.76,B:56:2.80,B:54:2.81,B:345:2.88,B:11:2.88,B:58:2.93,B:210:2.93,B:38:3.09,B:7:3.13",0.6248054454874761,False,False,13.466226101644466,False,2.0,5.0,ok,,,,,,,,,,,,,,,,
dockgen,4mos_1_GAF_1,default_s5_t200,ok,176.845,results/posebench_702_predictions/chai1_gpu/dockgen/4mos_1_GAF_1/default_s5_t200/predictions/pred.model_idx_2.cif,2.0,3.764512131262604,3.701631094037065,<REMOTE_PROJECT_ROOT>/results/posebench_702_predictions/chai1_gpu/dockgen/4mos_1_GAF_1/default_s5_t200/predictions/scores.model_idx_2.npz,0.32703348994255066,0.8655626773834229,0.19240118563175201,False,576.0,A:576,6.851024403455005,12.0,12.0,10.0,63.0,"A:413:2.42,A:409:2.49,A:126:2.53,A:505:2.55,A:503:2.70,A:405:2.83,A:411:3.08,A:550:3.10,A:431:3.39,A:502:3.56,A:429:3.65,A:128:4.31",2.0433170246691756,False,False,3.1881525819211256,False,4.0,5.0,ok,,,,,,,,,,,,,,,,
dockgen,4n4l_1_HG1_0,default_s5_t200,ok,113.87,results/posebench_702_predictions/chai1_gpu/dockgen/4n4l_1_HG1_0/default_s5_t200/predictions/pred.model_idx_4.cif,4.0,34.585716470433546,7.360962435497935,<REMOTE_PROJECT_ROOT>/results/posebench_702_predictions/chai1_gpu/dockgen/4n4l_1_HG1_0/default_s5_t200/predictions/scores.model_idx_4.npz,0.25561094284057617,0.6748339533805847,0.15080517530441284,False,497.0,A:497,14.859513873434139,12.0,12.0,10.0,12.0,"A:26:3.69,A:11:3.85,A:28:4.09,A:3:6.44,A:25:6.53,A:10:6.99,A:7:7.52,A:27:7.87,A:29:9.65,A:6:9.69,A:24:9.74,A:8:9.92",4.005742293044027,False,False,7.360962435497935,False,4.0,5.0,ok,,,,,,,,,,,,,,,,
dockgen,4o0d_1_GLY_3,default_s5_t200,ok,185.269,results/posebench_702_predictions/chai1_gpu/dockgen/4o0d_1_GLY_3/default_s5_t200/predictions/pred.model_idx_1.cif,1.0,24.41149413529763,24.26266815590875,<REMOTE_PROJECT_ROOT>/results/posebench_702_predictions/chai1_gpu/dockgen/4o0d_1_GLY_3/default_s5_t200/predictions/scores.model_idx_1.npz,0.8984144330024719,0.9420751333236694,0.887499213218689,False,597.0,"A:299,B:298",1.1089681573262697,5.0,5.0,10.0,59.0,"A:189:2.12,A:186:2.61,A:210:2.86,A:212:2.91,A:176:3.45,A:178:3.52,A:215:3.63,A:211:3.76,A:158:4.24,A:157:4.29,A:188:4.42,A:209:4.45",0.6285113690148554,False,False,23.86029844190028,False,4.0,5.0,ok,,,,,,,,,,,,,,,,
dockgen,4o0f_1_GLY_3,default_s5_t200,ok,186.079,results/posebench_702_predictions/chai1_gpu/dockgen/4o0f_1_GLY_3/default_s5_t200/predictions/pred.model_idx_1.cif,1.0,14.027460827660109,14.072288155706584,<REMOTE_PROJECT_ROOT>/results/posebench_702_predictions/chai1_gpu/dockgen/4o0f_1_GLY_3/default_s5_t200/predictions/scores.model_idx_1.npz,0.8656681180000305,0.9118179082870483,0.8541306853294373,False,589.0,"A:296,B:293",1.5800667415503178,5.0,5.0,10.0,40.0,"A:109:2.86,A:114:2.90,A:112:2.97,A:89:3.06,B:213:3.07,A:88:3.08,A:115:3.29,A:113:3.82,A:108:3.99,B:209:4.76,A:87:4.76,A:110:4.97",0.25898802282727384,False,False,14.001772905359152,False,0.0,5.0,ok,,,,,,,,,,,,,,,,
dockgen,4o95_1_245_0,default_s5_t200,ok,110.192,results/posebench_702_predictions/chai1_gpu/dockgen/4o95_1_245_0/default_s5_t200/predictions/pred.model_idx_2.cif,2.0,4.520970344084648,4.494405610567641,<REMOTE_PROJECT_ROOT>/results/posebench_702_predictions/chai1_gpu/dockgen/4o95_1_245_0/default_s5_t200/predictions/scores.model_idx_2.npz,0.4787499010562897,0.9200182557106018,0.36843281984329224,False,467.0,A:467,2.07026102302087,17.0,17.0,10.0,65.0,"A:132:2.72,A:326:3.32,A:387:3.39,A:324:3.53,A:422:3.54,A:305:3.62,A:423:3.66,A:358:3.70,A:383:3.75,A:147:4.37,A:318:4.39,A:356:4.60",0.6167058161266495,False,False,4.494405610567641,False,2.0,5.0,ok,,,,,,,,,,,,,,,,
dockgen,4oal_2_245_0,default_s5_t200,ok,113.298,results/posebench_702_predictions/chai1_gpu/dockgen/4oal_2_245_0/default_s5_t200/predictions/pred.model_idx_1.cif,1.0,6.4608733330102375,6.455173880333308,<REMOTE_PROJECT_ROOT>/results/posebench_702_predictions/chai1_gpu/dockgen/4oal_2_245_0/default_s5_t200/predictions/scores.model_idx_1.npz,0.5587377548217773,0.9360133409500122,0.46441885828971863,False,444.0,B:444,1.559469483797374,17.0,17.0,10.0,66.0,"B:121:2.74,B:364:3.42,B:308:3.46,B:310:3.48,B:335:3.55,B:289:3.58,B:399:3.58,B:360:3.76,B:400:3.77,B:302:4.36,B:136:4.36,B:333:4.57",0.5383929015036992,False,False,4.9792114083724615,False,3.0,5.0,ok,,,,,,,,,,,,,,,,
dockgen,4osx_1_GLY_2,default_s5_t200,ok,176.533,results/posebench_702_predictions/chai1_gpu/dockgen/4osx_1_GLY_2/default_s5_t200/predictions/pred.model_idx_4.cif,4.0,23.112965691650288,22.927814942750175,<REMOTE_PROJECT_ROOT>/results/posebench_702_predictions/chai1_gpu/dockgen/4osx_1_GLY_2/default_s5_t200/predictions/scores.model_idx_4.npz,0.9080607891082764,0.9461320638656616,0.8985430002212524,False,600.0,"A:300,B:300",1.2910491620288829,5.0,5.0,10.0,39.0,"B:112:2.48,B:109:2.81,B:89:2.91,B:114:3.06,A:218:3.23,B:108:3.37,B:88:3.42,B:115:3.53,B:113:4.15,B:87:4.66,B:110:4.88,B:90:5.20",0.3089280734289849,False,False,22.76660331540324,False,1.0,5.0,ok,,,,,,,,,,,,,,,,
dockgen,4osy_1_GLY_3,default_s5_t200,ok,179.696,results/posebench_702_predictions/chai1_gpu/dockgen/4osy_1_GLY_3/default_s5_t200/predictions/pred.model_idx_4.cif,4.0,23.98170376989613,23.98000438768091,<REMOTE_PROJECT_ROOT>/results/posebench_702_predictions/chai1_gpu/dockgen/4osy_1_GLY_3/default_s5_t200/predictions/scores.model_idx_4.npz,0.8949179649353027,0.9355906844139099,0.8847498297691345,False,590.0,"A:295,B:295",2.1095453569903326,5.0,5.0,10.0,56.0,"A:185:2.57,A:154:2.70,A:206:2.82,A:182:2.88,A:208:3.31,A:186:3.35,A:174:3.41,A:172:3.54,A:175:3.77,A:211:4.06,A:184:4.23,A:205:4.39",0.7150438892119512,False,False,23.957529939872924,False,2.0,5.0,ok,,,,,,,,,,,,,,,,
dockgen,4pfx_1_UDP_0,default_s5_t200,ok,84.192,results/posebench_702_predictions/chai1_gpu/dockgen/4pfx_1_UDP_0/default_s5_t200/predictions/pred.model_idx_1.cif,1.0,6.267203404949201,6.264950259080218,<REMOTE_PROJECT_ROOT>/results/posebench_702_predictions/chai1_gpu/dockgen/4pfx_1_UDP_0/default_s5_t200/predictions/scores.model_idx_1.npz,0.8513467907905579,0.9525250196456909,0.826052188873291,False,277.0,A:277,0.8586589981615915,25.0,25.0,10.0,90.0,"A:48:2.60,A:119:2.74,A:155:2.75,A:227:2.76,A:209:2.81,A:176:2.85,A:32:2.92,A:152:2.95,A:120:2.96,A:205:2.96,A:177:3.05,A:180:3.09",0.6598468116315016,False,False,6.197938888295184,False,2.0,5.0,ok,,,,,,,,,,,,,,,,
dockgen,4phr_1_UDP_0,default_s5_t200,ok,82.929,results/posebench_702_predictions/chai1_gpu/dockgen/4phr_1_UDP_0/default_s5_t200/predictions/pred.model_idx_4.cif,4.0,6.271267018288516,6.267323605527125,<REMOTE_PROJECT_ROOT>/results/posebench_702_predictions/chai1_gpu/dockgen/4phr_1_UDP_0/default_s5_t200/predictions/scores.model_idx_4.npz,0.8590340614318848,0.9540364742279053,0.8352834582328796,False,277.0,A:277,0.6045803450537302,25.0,25.0,10.0,89.0,"A:119:2.73,A:227:2.81,A:32:2.84,A:155:2.88,A:176:2.89,A:152:3.03,A:205:3.03,A:209:3.05,A:120:3.09,A:180:3.14,A:177:3.18,A:204:3.27",0.6603770917279876,False,False,6.188346467503161,False,0.0,5.0,ok,,,,,,,,,,,,,,,,
dockgen,4phs_1_UDP_0,default_s5_t200,ok,83.058,results/posebench_702_predictions/chai1_gpu/dockgen/4phs_1_UDP_0/default_s5_t200/predictions/pred.model_idx_1.cif,1.0,6.252854525636063,6.249076098573648,<REMOTE_PROJECT_ROOT>/results/posebench_702_predictions/chai1_gpu/dockgen/4phs_1_UDP_0/default_s5_t200/predictions/scores.model_idx_1.npz,0.7877203822135925,0.9341209530830383,0.7511202096939087,False,273.0,A:273,1.4687778464931904,25.0,25.0,10.0,89.0,"A:47:2.53,A:117:2.72,A:224:2.75,A:153:2.80,A:174:2.81,A:32:2.84,A:206:2.85,A:202:2.98,A:150:3.00,A:118:3.02,A:178:3.02,A:175:3.05",1.6613062641116825,False,False,6.165136395344555,False,4.0,5.0,ok,,,,,,,,,,,,,,,,
dockgen,4pya_1_2X3_0,default_s5_t200,ok,65.383,results/posebench_702_predictions/chai1_gpu/dockgen/4pya_1_2X3_0/default_s5_t200/predictions/pred.model_idx_0.cif,0.0,25.294503800020266,25.239393457151543,<REMOTE_PROJECT_ROOT>/results/posebench_702_predictions/chai1_gpu/dockgen/4pya_1_2X3_0/default_s5_t200/predictions/scores.model_idx_0.npz,0.7438048124313354,0.9151860475540161,0.7009594440460205,False,124.0,A:124,1.6647736722227806,32.0,32.0,10.0,13.0,"A:59:3.94,A:60:4.53,A:62:6.59,A:81:7.26,A:44:7.36,A:61:7.39,A:58:7.64,A:36:8.65,A:57:9.03,A:40:9.15,A:82:9.37,A:79:9.70",0.3118040660121435,False,False,25.239393457151543,False,0.0,5.0,ok,,,,,,,,,,,,,,,,
dockgen,4qa8_1_PJZ_0,default_s5_t200,ok,65.794,results/posebench_702_predictions/chai1_gpu/dockgen/4qa8_1_PJZ_0/default_s5_t200/predictions/pred.model_idx_1.cif,1.0,9.516689563794756,9.512246880505668,<REMOTE_PROJECT_ROOT>/results/posebench_702_predictions/chai1_gpu/dockgen/4qa8_1_PJZ_0/default_s5_t200/predictions/scores.model_idx_1.npz,0.7068125009536743,0.9413883686065674,0.6481685042381287,False,210.0,A:210,1.1273501675359656,34.0,34.0,10.0,90.0,"A:44:3.09,A:61:3.26,A:54:3.31,A:62:3.35,A:71:3.42,A:73:3.56,A:150:3.61,A:103:3.62,A:98:3.67,A:80:3.67,A:100:3.69,A:148:3.76",0.4934458335760359,False,False,8.276802249238331,False,3.0,5.0,ok,,,,,,,,,,,,,,,,
dockgen,4qo5_1_NAG_2,default_s5_t200,ok,178.199,results/posebench_702_predictions/chai1_gpu/dockgen/4qo5_1_NAG_2/default_s5_t200/predictions/pred.model_idx_4.cif,4.0,21.081110204957678,21.781030889983164,<REMOTE_PROJECT_ROOT>/results/posebench_702_predictions/chai1_gpu/dockgen/4qo5_1_NAG_2/default_s5_t200/predictions/scores.model_idx_4.npz,0.2825346887111664,0.7985790371894836,0.15352357923984528,False,521.0,A:521,5.0957637747428315,14.0,14.0,10.0,39.0,"A:143:2.53,A:136:3.23,A:139:3.40,A:147:3.73,A:140:3.75,A:457:4.49,A:456:4.76,A:162:5.27,A:137:5.42,A:135:5.54,A:154:5.87,A:157:5.94",6.278275894739997,False,False,4.213344458106428,False,2.0,5.0,ok,,,,,,,,,,,,,,,,
dockgen,4rhe_1_FMN_6,default_s5_t200,ok,116.481,results/posebench_702_predictions/chai1_gpu/dockgen/4rhe_1_FMN_6/default_s5_t200/predictions/pred.model_idx_1.cif,1.0,21.015142598567206,11.041159005387355,<REMOTE_PROJECT_ROOT>/results/posebench_702_predictions/chai1_gpu/dockgen/4rhe_1_FMN_6/default_s5_t200/predictions/scores.model_idx_1.npz,0.8757811784744263,0.9240228533744812,0.8637207746505737,False,404.0,"B:202,D:202",22.31301243206855,31.0,31.0,10.0,78.0,"B:106:2.58,B:103:2.63,B:138:2.68,B:12:2.73,B:38:2.78,D:114:2.82,B:14:2.89,B:104:2.92,D:82:3.20,B:139:3.36,B:11:3.38,D:120:3.39",11.438644380571693,False,False,10.872993815978344,False,3.0,5.0,ok,,,,,,,,,,,,,,,,
dockgen,4rpj_1_UDP_0,default_s5_t200,ok,110.25,results/posebench_702_predictions/chai1_gpu/dockgen/4rpj_1_UDP_0/default_s5_t200/predictions/pred.model_idx_3.cif,3.0,23.304621023696154,23.81998177973167,<REMOTE_PROJECT_ROOT>/results/posebench_702_predictions/chai1_gpu/dockgen/4rpj_1_UDP_0/default_s5_t200/predictions/scores.model_idx_3.npz,0.8292329907417297,0.9300541877746582,0.8040276765823364,False,393.0,B:393,1.313122162814685,25.0,25.0,10.0,79.0,"B:362:2.58,B:187:2.60,B:162:2.70,B:288:2.78,B:324:2.87,B:153:2.93,B:278:2.93,B:176:3.12,B:158:3.13,B:280:3.17,B:154:3.22,B:98:3.34",1.269814034600816,False,False,23.530396888729168,False,4.0,5.0,ok,,,,,,,,,,,,,,,,
dockgen,4rpm_1_HXC_0,default_s5_t200,ok,110.744,results/posebench_702_predictions/chai1_gpu/dockgen/4rpm_1_HXC_0/default_s5_t200/predictions/pred.model_idx_1.cif,1.0,9.172166056213772,8.813020840150688,<REMOTE_PROJECT_ROOT>/results/posebench_702_predictions/chai1_gpu/dockgen/4rpm_1_HXC_0/default_s5_t200/predictions/scores.model_idx_1.npz,0.4481869339942932,0.8960984349250793,0.3362090289592743,False,388.0,A:388,2.8986969290490445,9.0,9.0,10.0,61.0,"A:240:3.20,A:21:3.54,A:234:3.68,A:20:3.68,A:151:3.74,A:19:3.77,A:152:3.98,A:232:4.01,A:265:4.24,A:271:4.30,A:267:4.47,A:272:4.55",1.500468225985751,False,False,8.813020840150688,False,1.0,5.0,ok,,,,,,,,,,,,,,,,
dockgen,4tvd_1_BGC_4,default_s5_t200,exception,44.996,,,,,,,,,,,,,,,,,,,,,,,,,not_ok,RuntimeError,,,,,,,,,,,,,,,
dockgen,4tvd_1_GLC_0,default_s5_t200,exception,45.003,,,,,,,,,,,,,,,,,,,,,,,,,not_ok,RuntimeError,,,,,,,,,,,,,,,
dockgen,4u63_1_FAD_0,default_s5_t200,ok,181.296,results/posebench_702_predictions/chai1_gpu/dockgen/4u63_1_FAD_0/default_s5_t200/predictions/pred.model_idx_3.cif,3.0,8.760800187561026,8.75341747418926,<REMOTE_PROJECT_ROOT>/results/posebench_702_predictions/chai1_gpu/dockgen/4u63_1_FAD_0/default_s5_t200/predictions/scores.model_idx_3.npz,0.9212155342102051,0.9502304792404175,0.9139617085456848,False,482.0,A:482,1.7887200682164732,53.0,53.0,10.0,110.0,"A:229:2.56,A:346:2.57,A:242:2.57,A:241:2.67,A:243:2.83,A:377:2.84,A:379:3.00,A:280:3.02,A:386:3.03,A:245:3.07,A:349:3.20,A:244:3.23",0.48331052478003517,False,False,8.71838154424939,False,4.0,5.0,ok,,,,,,,,,,,,,,,,
dockgen,4uoc_1_NCN_1,default_s5_t200,ok,286.757,results/posebench_702_predictions/chai1_gpu/dockgen/4uoc_1_NCN_1/default_s5_t200/predictions/pred.model_idx_0.cif,0.0,6.17170972385125,5.88485487224509,<REMOTE_PROJECT_ROOT>/results/posebench_702_predictions/chai1_gpu/dockgen/4uoc_1_NCN_1/default_s5_t200/predictions/scores.model_idx_0.npz,0.7876044511795044,0.8320923447608948,0.7764824628829956,False,777.0,"A:394,B:383",2.5604376926247885,22.0,22.0,10.0,72.0,"B:257:2.57,B:284:2.67,B:328:2.76,A:285:2.76,B:334:2.76,B:329:2.82,B:365:2.82,A:283:2.82,B:258:2.97,B:331:2.99,B:332:3.03,A:282:3.36",0.372603159219531,False,False,5.782049508472917,False,3.0,5.0,ok,,,,,,,,,,,,,,,,
dockgen,4uuw_1_AMP_0,default_s5_t200,ok,113.763,results/posebench_702_predictions/chai1_gpu/dockgen/4uuw_1_AMP_0/default_s5_t200/predictions/pred.model_idx_3.cif,3.0,7.091243210325291,6.918458739312043,<REMOTE_PROJECT_ROOT>/results/posebench_702_predictions/chai1_gpu/dockgen/4uuw_1_AMP_0/default_s5_t200/predictions/scores.model_idx_3.npz,0.46590518951416016,0.7795049548149109,0.3875052332878113,False,394.0,A:394,0.8672827790411689,23.0,23.0,10.0,49.0,"A:19:2.69,A:21:2.93,A:20:3.07,A:18:3.30,A:11:3.40,A:17:3.42,A:12:3.43,A:152:3.59,A:151:3.72,A:153:3.97,A:22:4.70,A:7:4.98",0.40971855934735996,False,False,6.69516187073799,False,1.0,5.0,ok,,,,,,,,,,,,,,,,
dockgen,4xdr_1_ADN_0,default_s5_t200,ok,85.307,results/posebench_702_predictions/chai1_gpu/dockgen/4xdr_1_ADN_0/default_s5_t200/predictions/pred.model_idx_2.cif,2.0,5.480975580808979,5.470058083433439,<REMOTE_PROJECT_ROOT>/results/posebench_702_predictions/chai1_gpu/dockgen/4xdr_1_ADN_0/default_s5_t200/predictions/scores.model_idx_2.npz,0.9208287000656128,0.9520996809005737,0.9130109548568726,False,329.0,A:329,0.7887070354002165,19.0,19.0,10.0,73.0,"A:244:2.71,A:154:2.72,A:246:2.82,A:93:3.02,A:91:3.04,A:157:3.10,A:156:3.51,A:100:3.52,A:92:3.61,A:96:3.70,A:245:3.75,A:276:3.80",0.420275831593293,False,False,5.465306704135549,False,4.0,5.0,ok,,,,,,,,,,,,,,,,
dockgen,4xfm_1_THE_0,default_s5_t200,ok,110.499,results/posebench_702_predictions/chai1_gpu/dockgen/4xfm_1_THE_0/default_s5_t200/predictions/pred.model_idx_3.cif,3.0,4.298157232539017,2.1376191057574583,<REMOTE_PROJECT_ROOT>/results/posebench_702_predictions/chai1_gpu/dockgen/4xfm_1_THE_0/default_s5_t200/predictions/scores.model_idx_3.npz,0.32197150588035583,0.7631415724754333,0.21167898178100586,False,400.0,A:400,5.131156127379334,9.0,9.0,10.0,43.0,"A:8:2.60,A:83:2.64,A:84:2.69,A:81:2.75,A:51:2.84,A:11:3.59,A:82:3.78,A:10:3.81,A:218:3.81,A:14:3.91,A:87:4.17,A:117:4.47",0.4692978562317083,False,False,1.8630745308502286,True,4.0,5.0,ok,,,,,,,,,,,,,,,,
dockgen,4ydx_1_TCE_0,default_s5_t200,ok,64.312,results/posebench_702_predictions/chai1_gpu/dockgen/4ydx_1_TCE_0/default_s5_t200/predictions/pred.model_idx_3.cif,3.0,6.269774513944454,6.296276869808626,<REMOTE_PROJECT_ROOT>/results/posebench_702_predictions/chai1_gpu/dockgen/4ydx_1_TCE_0/default_s5_t200/predictions/scores.model_idx_3.npz,0.26670655608177185,0.8536059260368347,0.11998172104358673,False,67.0,A:67,0.20477322503216716,16.0,16.0,10.0,24.0,"A:58:2.70,A:13:3.23,A:10:3.26,A:12:3.56,A:9:4.05,A:16:4.27,A:56:4.74,A:11:5.95,A:14:6.24,A:15:6.67,A:8:6.80,A:57:6.98",0.23595050111591898,False,False,2.1402915315903113,False,1.0,5.0,ok,,,,,,,,,,,,,,,,
dockgen,4zav_1_4LS_8,default_s5_t200,ok,65.425,results/posebench_702_predictions/chai1_gpu/dockgen/4zav_1_4LS_8/default_s5_t200/predictions/pred.model_idx_1.cif,1.0,31.670815108270453,31.65720561817906,<REMOTE_PROJECT_ROOT>/results/posebench_702_predictions/chai1_gpu/dockgen/4zav_1_4LS_8/default_s5_t200/predictions/scores.model_idx_1.npz,0.8288323879241943,0.9514620900154114,0.7981749773025513,False,208.0,A:208,0.700673254357315,36.0,36.0,10.0,14.0,"A:168:3.61,A:199:3.64,A:166:5.91,A:169:6.50,A:167:6.75,A:184:6.84,A:180:6.89,A:165:7.01,A:164:7.10,A:200:7.71,A:196:8.31,A:197:8.68",0.19522298967742507,False,False,31.339117046621414,False,3.0,5.0,ok,,,,,,,,,,,,,,,,
dockgen,4zaw_1_4LU_1,default_s5_t200,ok,67.62,results/posebench_702_predictions/chai1_gpu/dockgen/4zaw_1_4LU_1/default_s5_t200/predictions/pred.model_idx_0.cif,0.0,26.95587207594164,27.099969192552557,<REMOTE_PROJECT_ROOT>/results/posebench_702_predictions/chai1_gpu/dockgen/4zaw_1_4LU_1/default_s5_t200/predictions/scores.model_idx_0.npz,0.8213949203491211,0.9519788026809692,0.7887489199638367,False,207.0,A:207,0.8770260281368497,36.0,36.0,10.0,28.0,"A:115:2.86,A:83:3.40,A:121:3.50,A:84:4.10,A:116:4.39,A:117:5.01,A:89:5.18,A:88:5.18,A:114:5.25,A:124:6.41,A:81:6.59,A:91:6.73",0.2435232159396711,False,False,26.913439673927947,False,2.0,5.0,ok,,,,,,,,,,,,,,,,
dockgen,4zay_1_4LS_6,default_s5_t200,ok,67.504,results/posebench_702_predictions/chai1_gpu/dockgen/4zay_1_4LS_6/default_s5_t200/predictions/pred.model_idx_3.cif,3.0,26.99905021088628,27.323176233269272,<REMOTE_PROJECT_ROOT>/results/posebench_702_predictions/chai1_gpu/dockgen/4zay_1_4LS_6/default_s5_t200/predictions/scores.model_idx_3.npz,0.837820291519165,0.9515745639801025,0.8093816637992859,False,207.0,A:207,1.3654969037501516,36.0,36.0,10.0,28.0,"A:115:2.72,A:83:3.39,A:88:3.70,A:121:3.72,A:89:3.78,A:116:4.34,A:117:5.03,A:91:5.37,A:114:5.39,A:85:5.80,A:84:5.99,A:90:6.30",0.37182363023377124,False,False,27.07802801378832,False,2.0,5.0,ok,,,,,,,,,,,,,,,,
dockgen,4zaz_1_4LS_6,default_s5_t200,ok,68.101,results/posebench_702_predictions/chai1_gpu/dockgen/4zaz_1_4LS_6/default_s5_t200/predictions/pred.model_idx_0.cif,0.0,26.557596107147052,26.68564754912216,<REMOTE_PROJECT_ROOT>/results/posebench_702_predictions/chai1_gpu/dockgen/4zaz_1_4LS_6/default_s5_t200/predictions/scores.model_idx_0.npz,0.8374941349029541,0.9532498717308044,0.8085551857948303,False,207.0,A:207,0.8867265848626458,36.0,36.0,10.0,28.0,"A:115:2.79,A:83:3.45,A:88:3.46,A:121:3.67,A:89:3.83,A:84:3.89,A:116:4.56,A:117:5.09,A:85:5.47,A:114:5.51,A:91:5.83,A:90:6.19",0.21515581495635455,False,False,26.634005936496166,False,3.0,5.0,ok,,,,,,,,,,,,,,,,
dockgen,4zqx_1_ATP_2,default_s5_t200,ok,86.399,results/posebench_702_predictions/chai1_gpu/dockgen/4zqx_1_ATP_2/default_s5_t200/predictions/pred.model_idx_2.cif,2.0,10.324700140962758,12.174527501983663,<REMOTE_PROJECT_ROOT>/results/posebench_702_predictions/chai1_gpu/dockgen/4zqx_1_ATP_2/default_s5_t200/predictions/scores.model_idx_2.npz,0.10887688398361206,0.2078663408756256,0.08412952721118927,False,236.0,A:236,15.558747874323831,31.0,31.0,10.0,36.0,"A:152:2.65,A:156:2.90,A:154:2.96,A:232:3.03,A:153:3.18,A:155:3.26,A:151:3.27,A:150:3.51,A:149:3.52,A:228:3.64,A:234:3.79,A:157:3.99",11.167273560487466,False,False,12.174527501983663,False,2.0,5.0,ok,,,,,,,,,,,,,,,,
dockgen,5a98_1_ATP_0,default_s5_t200,ok,86.425,results/posebench_702_predictions/chai1_gpu/dockgen/5a98_1_ATP_0/default_s5_t200/predictions/pred.model_idx_3.cif,3.0,13.84701865172297,14.27829448974934,<REMOTE_PROJECT_ROOT>/results/posebench_702_predictions/chai1_gpu/dockgen/5a98_1_ATP_0/default_s5_t200/predictions/scores.model_idx_3.npz,0.11103329062461853,0.20335331559181213,0.08795328438282013,False,235.0,A:235,21.838578341810127,31.0,31.0,10.0,27.0,"A:152:2.14,A:19:3.07,A:22:3.34,A:151:4.36,A:150:4.56,A:102:5.01,A:18:6.09,A:153:6.15,A:180:6.16,A:23:6.31,A:15:6.63,A:181:7.14",15.933404894694904,False,False,14.27829448974934,False,3.0,5.0,ok,,,,,,,,,,,,,,,,
dockgen,5ae3_2_AWB_1,default_s5_t200,ok,181.826,results/posebench_702_predictions/chai1_gpu/dockgen/5ae3_2_AWB_1/default_s5_t200/predictions/pred.model_idx_0.cif,0.0,8.176942413458386,9.11607539066908,<REMOTE_PROJECT_ROOT>/results/posebench_702_predictions/chai1_gpu/dockgen/5ae3_2_AWB_1/default_s5_t200/predictions/scores.model_idx_0.npz,0.44443145394325256,0.8762971758842468,0.3364650011062622,False,539.0,B:539,10.333067363030677,39.0,39.0,10.0,100.0,"B:323:2.42,B:446:2.55,B:384:2.80,B:329:2.95,B:332:3.21,B:398:3.30,B:395:3.31,B:347:3.33,B:391:3.41,B:54:3.43,B:49:3.49,B:394:3.52",13.222529116867522,False,False,8.269763229444274,False,4.0,5.0,ok,,,,,,,,,,,,,,,,
dockgen,5b5s_1_BOG_0,default_s5_t200,ok,65.348,results/posebench_702_predictions/chai1_gpu/dockgen/5b5s_1_BOG_0/default_s5_t200/predictions/pred.model_idx_1.cif,1.0,8.072944259217438,8.069984369138432,<REMOTE_PROJECT_ROOT>/results/posebench_702_predictions/chai1_gpu/dockgen/5b5s_1_BOG_0/default_s5_t200/predictions/scores.model_idx_1.npz,0.3451915383338928,0.9305856823921204,0.19884300231933594,False,207.0,A:207,0.39400091685283567,20.0,20.0,10.0,40.0,"A:176:2.75,A:13:3.44,A:91:3.53,A:181:3.56,A:95:3.73,A:43:3.78,A:9:3.96,A:45:4.24,A:61:4.27,A:60:4.29,A:178:4.54,A:180:5.25",0.18729677183465374,False,False,8.051468620306501,False,0.0,5.0,ok,,,,,,,,,,,,,,,,
dockgen,5d9g_1_GLU-ASN-LEU-TYR-PHE-GLN_0,default_s5_t200,ok,88.926,results/posebench_702_predictions/chai1_gpu/dockgen/5d9g_1_GLU-ASN-LEU-TYR-PHE-GLN_0/default_s5_t200/predictions/pred.model_idx_1.cif,1.0,24.524665320776034,28.387743701951134,<REMOTE_PROJECT_ROOT>/results/posebench_702_predictions/chai1_gpu/dockgen/5d9g_1_GLU-ASN-LEU-TYR-PHE-GLN_0/default_s5_t200/predictions/scores.model_idx_1.npz,0.14011718332767487,0.23088020086288452,0.11742643266916275,False,236.0,A:236,21.8358682188338,41.0,41.0,10.0,45.0,"A:128:2.41,A:156:2.57,A:181:2.85,A:124:3.28,A:162:3.41,A:125:3.48,A:133:3.48,A:154:3.54,A:130:3.59,A:164:3.71,A:129:3.75,A:155:3.95",9.902271453651982,False,False,18.55277912761989,False,0.0,5.0,ok,,,,,,,,,,,,,,,,
dockgen,5dnc_1_ASN_2,default_s5_t200,exception,54.771,,,,,,,,,,,,,,,,,,,,,,,,,not_ok,RuntimeError,,,,,,,,,,,,,,,
dockgen,5eno_1_5QG_0,default_s5_t200,ok,178.655,results/posebench_702_predictions/chai1_gpu/dockgen/5eno_1_5QG_0/default_s5_t200/predictions/pred.model_idx_2.cif,2.0,7.331105380291106,6.4430959591739665,<REMOTE_PROJECT_ROOT>/results/posebench_702_predictions/chai1_gpu/dockgen/5eno_1_5QG_0/default_s5_t200/predictions/scores.model_idx_2.npz,0.4426730275154114,0.7797660231590271,0.35839974880218506,False,577.0,C:577,3.3995611758369932,29.0,29.0,10.0,71.0,"C:139:3.27,C:240:3.28,C:331:3.35,C:294:3.37,C:349:3.46,C:333:3.56,C:288:3.57,C:287:3.57,C:100:3.75,C:97:3.76,C:238:3.85,C:336:3.86",1.5895101543978818,False,False,6.426361111041496,False,3.0,5.0,ok,,,,,,,,,,,,,,,,
dockgen,5enp_1_5QF_0,default_s5_t200,ok,182.898,results/posebench_702_predictions/chai1_gpu/dockgen/5enp_1_5QF_0/default_s5_t200/predictions/pred.model_idx_2.cif,2.0,11.83491343758036,11.193815359236305,<REMOTE_PROJECT_ROOT>/results/posebench_702_predictions/chai1_gpu/dockgen/5enp_1_5QF_0/default_s5_t200/predictions/scores.model_idx_2.npz,0.3481169641017914,0.7804595828056335,0.24003130197525024,False,578.0,C:578,2.5472856658318386,37.0,37.0,10.0,79.0,"C:336:3.09,C:137:3.20,C:140:3.21,C:238:3.36,C:331:3.37,C:139:3.43,C:240:3.48,C:97:3.48,C:287:3.51,C:349:3.57,C:288:3.68,C:333:3.76",1.7035051793632077,False,False,11.193815359236305,False,2.0,5.0,ok,,,,,,,,,,,,,,,,
dockgen,5enq_1_5QE_0,default_s5_t200,ok,179.742,results/posebench_702_predictions/chai1_gpu/dockgen/5enq_1_5QE_0/default_s5_t200/predictions/pred.model_idx_4.cif,4.0,11.29975808872032,11.099491354139007,<REMOTE_PROJECT_ROOT>/results/posebench_702_predictions/chai1_gpu/dockgen/5enq_1_5QE_0/default_s5_t200/predictions/scores.model_idx_4.npz,0.38899165391921997,0.7790728211402893,0.29147136211395264,False,578.0,C:578,2.35793485391983,35.0,35.0,10.0,82.0,"C:139:3.32,C:331:3.42,C:349:3.46,C:336:3.47,C:238:3.47,C:288:3.47,C:240:3.49,C:287:3.62,C:97:3.73,C:294:3.79,C:333:3.84,C:140:3.88",1.4062007145856803,False,False,11.099491354139007,False,4.0,5.0,ok,,,,,,,,,,,,,,,,
dockgen,5enr_1_MBX_0,default_s5_t200,ok,180.374,results/posebench_702_predictions/chai1_gpu/dockgen/5enr_1_MBX_0/default_s5_t200/predictions/pred.model_idx_4.cif,4.0,10.755883243324755,10.275647762294327,<REMOTE_PROJECT_ROOT>/results/posebench_702_predictions/chai1_gpu/dockgen/5enr_1_MBX_0/default_s5_t200/predictions/scores.model_idx_4.npz,0.47395896911621094,0.7839171290397644,0.3964694142341614,False,578.0,C:578,2.399687930850599,36.0,36.0,10.0,80.0,"C:139:3.20,C:331:3.36,C:349:3.46,C:240:3.49,C:336:3.51,C:238:3.57,C:287:3.58,C:288:3.61,C:140:3.67,C:333:3.82,C:100:3.88,C:97:3.92",1.438367184153249,False,False,10.275647762294327,False,4.0,5.0,ok,,,,,,,,,,,,,,,,
dockgen,5ent_1_MIY_0,default_s5_t200,ok,178.316,results/posebench_702_predictions/chai1_gpu/dockgen/5ent_1_MIY_0/default_s5_t200/predictions/pred.model_idx_3.cif,3.0,23.770680991498427,23.21508920258016,<REMOTE_PROJECT_ROOT>/results/posebench_702_predictions/chai1_gpu/dockgen/5ent_1_MIY_0/default_s5_t200/predictions/scores.model_idx_3.npz,0.31401580572128296,0.7624477744102478,0.20190778374671936,False,581.0,C:581,2.440067932884488,33.0,33.0,10.0,77.0,"C:140:3.34,C:139:3.41,C:238:3.43,C:138:3.49,C:234:3.51,C:235:3.51,C:9:3.79,C:240:3.80,C:141:3.91,C:137:3.99,C:335:4.19,C:332:4.27",1.661391406782127,False,False,23.21508920258016,False,3.0,5.0,ok,,,,,,,,,,,,,,,,
dockgen,5ers_1_AMP_1,default_s5_t200,ok,113.445,results/posebench_702_predictions/chai1_gpu/dockgen/5ers_1_AMP_1/default_s5_t200/predictions/pred.model_idx_3.cif,3.0,56.48414480868432,56.52172394962391,<REMOTE_PROJECT_ROOT>/results/posebench_702_predictions/chai1_gpu/dockgen/5ers_1_AMP_1/default_s5_t200/predictions/scores.model_idx_3.npz,0.7322443723678589,0.8876093626022339,0.6934030652046204,False,414.0,A:414,1.3320034301439174,23.0,23.0,10.0,26.0,"A:95:3.41,A:94:3.75,A:139:4.81,A:52:5.58,A:96:5.73,A:55:6.02,A:76:6.06,A:168:6.16,A:93:6.24,A:51:6.58,A:49:6.74,A:53:7.12",0.4665343630685404,False,False,55.763596346482935,False,4.0,5.0,ok,,,,,,,,,,,,,,,,
dockgen,5f2t_1_PLM_0,default_s5_t200,ok,86.041,results/posebench_702_predictions/chai1_gpu/dockgen/5f2t_1_PLM_0/default_s5_t200/predictions/pred.model_idx_2.cif,2.0,8.741915202652839,8.743024720500744,<REMOTE_PROJECT_ROOT>/results/posebench_702_predictions/chai1_gpu/dockgen/5f2t_1_PLM_0/default_s5_t200/predictions/scores.model_idx_2.npz,0.35561618208885193,0.9316091537475586,0.21161793172359467,False,247.0,A:247,0.9143121350892619,18.0,18.0,10.0,84.0,"A:78:2.89,A:116:3.30,A:76:3.49,A:82:3.54,A:148:3.62,A:56:3.64,A:85:3.72,A:150:3.77,A:98:3.77,A:86:3.77,A:96:3.84,A:189:3.95",0.5974295732759276,False,False,8.533713980992319,False,4.0,5.0,ok,,,,,,,,,,,,,,,,
dockgen,5f52_1_ASP_2,default_s5_t200,ok,183.381,results/posebench_702_predictions/chai1_gpu/dockgen/5f52_1_ASP_2/default_s5_t200/predictions/pred.model_idx_4.cif,4.0,9.708078811524375,6.119447998889297,<REMOTE_PROJECT_ROOT>/results/posebench_702_predictions/chai1_gpu/dockgen/5f52_1_ASP_2/default_s5_t200/predictions/scores.model_idx_4.npz,0.8805052042007446,0.9329030513763428,0.8674057722091675,False,648.0,"B:324,D:324",26.77411358328975,9.0,9.0,10.0,64.0,"D:58:2.58,D:91:2.71,D:92:2.79,D:59:2.83,D:11:2.88,D:116:3.00,D:90:3.27,D:57:3.37,D:10:3.39,B:250:3.93,D:117:3.93,D:27:3.99",9.810644113843482,False,False,5.9891999110704965,False,1.0,5.0,ok,,,,,,,,,,,,,,,,
dockgen,5fiu_1_Y3J_3,default_s5_t200,ok,178.602,results/posebench_702_predictions/chai1_gpu/dockgen/5fiu_1_Y3J_3/default_s5_t200/predictions/pred.model_idx_3.cif,3.0,25.947485967359235,17.39775543023718,<REMOTE_PROJECT_ROOT>/results/posebench_702_predictions/chai1_gpu/dockgen/5fiu_1_Y3J_3/default_s5_t200/predictions/scores.model_idx_3.npz,0.8511221408843994,0.8912704586982727,0.8410850763320923,False,582.0,"B:291,C:291",22.53040692722246,20.0,20.0,10.0,80.0,"C:8:2.40,C:150:2.68,B:271:2.78,C:149:2.80,B:269:2.82,B:207:2.89,C:72:2.98,C:42:3.09,C:147:3.12,C:148:3.13,C:69:3.34,B:246:3.38",14.900898154763645,False,False,17.274106941900097,False,2.0,5.0,ok,,,,,,,,,,,,,,,,
dockgen,5fxd_1_H7Y_1,default_s5_t200,ok,183.035,results/posebench_702_predictions/chai1_gpu/dockgen/5fxd_1_H7Y_1/default_s5_t200/predictions/pred.model_idx_3.cif,3.0,3.3504004082446266,3.3409238784859943,<REMOTE_PROJECT_ROOT>/results/posebench_702_predictions/chai1_gpu/dockgen/5fxd_1_H7Y_1/default_s5_t200/predictions/scores.model_idx_3.npz,0.5144534111022949,0.9400021433830261,0.4080662131309509,False,525.0,B:525,0.5886076883750151,12.0,12.0,10.0,68.0,"B:89:2.53,B:469:2.55,B:149:3.15,B:376:3.50,B:470:3.51,B:425:3.52,B:423:3.53,B:434:3.65,B:166:3.70,B:388:3.72,B:280:3.95,B:87:3.98",0.46051061935963666,False,False,1.7849177903333595,True,1.0,5.0,ok,,,,,,,,,,,,,,,,
dockgen,5fxe_1_CIY_1,default_s5_t200,ok,182.414,results/posebench_702_predictions/chai1_gpu/dockgen/5fxe_1_CIY_1/default_s5_t200/predictions/pred.model_idx_1.cif,1.0,4.5479297631886775,4.506676765748102,<REMOTE_PROJECT_ROOT>/results/posebench_702_predictions/chai1_gpu/dockgen/5fxe_1_CIY_1/default_s5_t200/predictions/scores.model_idx_1.npz,0.41330739855766296,0.9389881491661072,0.2818872034549713,False,525.0,A:525,0.5881743333822066,13.0,13.0,10.0,72.0,"A:89:2.49,A:469:2.49,A:376:2.57,A:149:2.66,A:423:3.51,A:434:3.58,A:388:3.63,A:425:3.63,A:470:3.63,A:166:3.65,A:436:3.67,A:379:3.80",0.4968354933710328,False,False,4.178372159847413,False,2.0,5.0,ok,,,,,,,,,,,,,,,,
dockgen,5fxf_1_BEZ_0,default_s5_t200,ok,178.383,results/posebench_702_predictions/chai1_gpu/dockgen/5fxf_1_BEZ_0/default_s5_t200/predictions/pred.model_idx_2.cif,2.0,0.9840743114285,1.0465207066731201,<REMOTE_PROJECT_ROOT>/results/posebench_702_predictions/chai1_gpu/dockgen/5fxf_1_BEZ_0/default_s5_t200/predictions/scores.model_idx_2.npz,0.45493030548095703,0.9320229887962341,0.33565711975097656,False,525.0,B:525,0.5875979313938402,9.0,9.0,10.0,57.0,"B:469:2.39,B:89:2.50,B:470:3.41,B:425:3.58,B:164:3.60,B:436:3.65,B:423:3.75,B:434:3.76,B:149:3.79,B:166:3.83,B:392:4.39,B:388:4.83",0.4583688658642758,True,True,1.0465207066731201,True,2.0,5.0,ok,,,,,,,,,,,,,,,,
dockgen,5gqi_1_ATP_7,default_s5_t200,ok,88.018,results/posebench_702_predictions/chai1_gpu/dockgen/5gqi_1_ATP_7/default_s5_t200/predictions/pred.model_idx_4.cif,4.0,11.122144351600225,20.363704539275854,<REMOTE_PROJECT_ROOT>/results/posebench_702_predictions/chai1_gpu/dockgen/5gqi_1_ATP_7/default_s5_t200/predictions/scores.model_idx_4.npz,0.14788328111171722,0.374051034450531,0.09134133905172348,False,246.0,A:246,18.663616603299612,31.0,31.0,10.0,24.0,"A:154:2.81,A:155:2.96,A:152:3.43,A:153:3.45,A:244:4.59,A:156:4.71,A:236:5.97,A:151:6.51,A:235:6.59,A:234:6.89,A:157:7.03,A:240:7.49",13.63242560353067,False,False,20.363704539275854,False,4.0,5.0,ok,,,,,,,,,,,,,,,,
dockgen,5gql_1_ATP_4,default_s5_t200,ok,87.427,results/posebench_702_predictions/chai1_gpu/dockgen/5gql_1_ATP_4/default_s5_t200/predictions/pred.model_idx_4.cif,4.0,9.796677704330738,18.04193400147232,<REMOTE_PROJECT_ROOT>/results/posebench_702_predictions/chai1_gpu/dockgen/5gql_1_ATP_4/default_s5_t200/predictions/scores.model_idx_4.npz,0.13919636607170105,0.35280635952949524,0.0857938677072525,False,247.0,A:247,19.215946051937454,31.0,31.0,10.0,30.0,"A:150:2.56,A:152:2.64,A:182:3.13,A:155:3.58,A:157:3.59,A:160:3.82,A:23:3.89,A:113:4.99,A:156:5.17,A:27:5.47,A:115:6.14,A:117:6.16",6.883223272226964,False,False,13.540086107692872,False,1.0,5.0,ok,,,,,,,,,,,,,,,,
dockgen,5hhz_1_ZME_0,default_s5_t200,ok,112.333,results/posebench_702_predictions/chai1_gpu/dockgen/5hhz_1_ZME_0/default_s5_t200/predictions/pred.model_idx_0.cif,0.0,7.730754895542484,7.600529244343531,<REMOTE_PROJECT_ROOT>/results/posebench_702_predictions/chai1_gpu/dockgen/5hhz_1_ZME_0/default_s5_t200/predictions/scores.model_idx_0.npz,0.5871005654335022,0.9290186166763306,0.5016210675239563,False,457.0,A:457,1.4249179424578842,15.0,15.0,10.0,58.0,"A:123:2.72,A:377:3.63,A:314:3.71,A:348:3.81,A:301:3.91,A:320:3.92,A:308:4.06,A:236:4.06,A:17:4.25,A:346:4.49,A:304:4.59,A:318:4.67",1.0424984260852541,False,False,4.237258063490617,False,3.0,5.0,ok,,,,,,,,,,,,,,,,
dockgen,5hmr_1_FDZ_0,default_s5_t200,ok,114.4,results/posebench_702_predictions/chai1_gpu/dockgen/5hmr_1_FDZ_0/default_s5_t200/predictions/pred.model_idx_4.cif,4.0,3.907803534870891,3.857526217123416,<REMOTE_PROJECT_ROOT>/results/posebench_702_predictions/chai1_gpu/dockgen/5hmr_1_FDZ_0/default_s5_t200/predictions/scores.model_idx_4.npz,0.520984411239624,0.9309542775154114,0.4184918999671936,False,447.0,A:447,1.3473054612994342,20.0,20.0,10.0,70.0,"A:123:2.70,A:313:3.34,A:367:3.34,A:338:3.44,A:305:3.44,A:403:3.53,A:311:3.57,A:292:3.59,A:402:3.59,A:336:3.97,A:299:4.01,A:363:4.09",0.7317223999058104,False,False,3.7785079183067647,False,2.0,5.0,ok,,,,,,,,,,,,,,,,
dockgen,5hqx_1_EDZ_0,default_s5_t200,ok,115.015,results/posebench_702_predictions/chai1_gpu/dockgen/5hqx_1_EDZ_0/default_s5_t200/predictions/pred.model_idx_2.cif,2.0,4.56586166116604,4.619897468796729,<REMOTE_PROJECT_ROOT>/results/posebench_702_predictions/chai1_gpu/dockgen/5hqx_1_EDZ_0/default_s5_t200/predictions/scores.model_idx_2.npz,0.6431913375854492,0.9373281002044678,0.5696571469306946,False,460.0,A:460,1.115037340888947,18.0,18.0,10.0,71.0,"A:126:2.57,A:352:2.70,A:319:3.22,A:375:3.24,A:379:3.41,A:317:3.43,A:298:3.45,A:239:3.47,A:350:3.54,A:414:3.64,A:415:3.72,A:141:3.82",0.4382947534006875,False,False,4.515284024808761,False,3.0,5.0,ok,,,,,,,,,,,,,,,,
dockgen,5hw0_1_GLU_2,default_s5_t200,ok,185.794,results/posebench_702_predictions/chai1_gpu/dockgen/5hw0_1_GLU_2/default_s5_t200/predictions/pred.model_idx_3.cif,3.0,2.366674387696993,2.353644523912902,<REMOTE_PROJECT_ROOT>/results/posebench_702_predictions/chai1_gpu/dockgen/5hw0_1_GLU_2/default_s5_t200/predictions/scores.model_idx_3.npz,0.882543683052063,0.9354004263877869,0.8693294525146484,False,619.0,"A:311,B:308",0.5427702001475908,10.0,10.0,10.0,56.0,"B:12:2.48,B:42:2.62,B:76:2.63,B:75:2.65,B:43:2.75,B:74:3.30,A:237:3.34,B:11:3.36,B:100:3.46,B:41:3.57,B:13:4.15,B:73:4.51",0.3823591573976519,False,False,2.353644523912902,False,3.0,5.0,ok,,,,,,,,,,,,,,,,
dockgen,5ida_1_BMA_0,default_s5_t200,ok,65.933,results/posebench_702_predictions/chai1_gpu/dockgen/5ida_1_BMA_0/default_s5_t200/predictions/pred.model_idx_4.cif,4.0,3.114008878008466,3.113755020107665,<REMOTE_PROJECT_ROOT>/results/posebench_702_predictions/chai1_gpu/dockgen/5ida_1_BMA_0/default_s5_t200/predictions/scores.model_idx_4.npz,0.7940707802772522,0.943954348564148,0.7565999031066895,False,141.0,A:141,0.4976845874128994,12.0,12.0,10.0,42.0,"A:19:2.69,A:56:2.73,A:40:2.89,A:124:3.06,A:125:3.37,A:123:3.49,A:49:3.68,A:20:3.86,A:45:3.88,A:122:4.30,A:44:4.99,A:25:5.09",0.20278236540026612,False,False,3.0954235771537872,False,3.0,5.0,ok,,,,,,,,,,,,,,,,
dockgen,5k3o_2_ASP_0,default_s5_t200,ok,184.069,results/posebench_702_predictions/chai1_gpu/dockgen/5k3o_2_ASP_0/default_s5_t200/predictions/pred.model_idx_0.cif,0.0,2.626064627602131,2.6224830290000183,<REMOTE_PROJECT_ROOT>/results/posebench_702_predictions/chai1_gpu/dockgen/5k3o_2_ASP_0/default_s5_t200/predictions/scores.model_idx_0.npz,0.8918056488037109,0.9394433498382568,0.8798962235450745,False,656.0,"C:328,D:328",0.5208278286643024,9.0,9.0,10.0,66.0,"D:57:2.55,D:11:2.59,D:90:2.59,C:284:2.69,D:115:2.92,D:91:2.97,D:58:3.09,D:89:3.15,D:10:3.16,D:56:3.29,D:24:3.71,C:249:3.72",0.4245549970287061,False,False,2.472816720698446,False,3.0,5.0,ok,,,,,,,,,,,,,,,,
dockgen,5k45_2_GLU_1,default_s5_t200,ok,182.59,results/posebench_702_predictions/chai1_gpu/dockgen/5k45_2_GLU_1/default_s5_t200/predictions/pred.model_idx_3.cif,3.0,2.938595336349098,2.6960145961435353,<REMOTE_PROJECT_ROOT>/results/posebench_702_predictions/chai1_gpu/dockgen/5k45_2_GLU_1/default_s5_t200/predictions/scores.model_idx_3.npz,0.8906028270721436,0.9404643774032593,0.8781374096870422,False,656.0,"C:328,D:328",4.664256547428761,10.0,10.0,10.0,57.0,"D:57:2.60,D:90:2.70,C:284:2.74,D:91:2.87,D:89:3.25,D:115:3.26,D:58:3.33,D:56:3.53,C:249:3.63,D:163:4.43,D:88:4.62,D:116:4.86",1.3514804477830185,False,False,2.3282861017098124,False,0.0,5.0,ok,,,,,,,,,,,,,,,,
dockgen,5k4h_2_GLU_3,default_s5_t200,ok,184.962,results/posebench_702_predictions/chai1_gpu/dockgen/5k4h_2_GLU_3/default_s5_t200/predictions/pred.model_idx_3.cif,3.0,2.5766398803437336,2.444546350492438,<REMOTE_PROJECT_ROOT>/results/posebench_702_predictions/chai1_gpu/dockgen/5k4h_2_GLU_3/default_s5_t200/predictions/scores.model_idx_3.npz,0.9034208655357361,0.945396900177002,0.892926812171936,False,654.0,"G:328,H:326",4.280137091052023,10.0,10.0,10.0,57.0,"H:88:2.69,H:55:2.76,H:89:2.90,G:284:2.95,H:87:3.25,H:113:3.40,H:56:3.41,H:54:3.46,G:249:3.72,H:161:4.35,H:86:4.43,H:114:4.64",1.5742808854806234,False,False,2.444546350492438,False,3.0,5.0,ok,,,,,,,,,,,,,,,,
dockgen,5k62_1_ASN-VAL_0,default_s5_t200,ok,110.822,results/posebench_702_predictions/chai1_gpu/dockgen/5k62_1_ASN-VAL_0/default_s5_t200/predictions/pred.model_idx_3.cif,3.0,7.769058035225396,5.935094508239053,<REMOTE_PROJECT_ROOT>/results/posebench_702_predictions/chai1_gpu/dockgen/5k62_1_ASN-VAL_0/default_s5_t200/predictions/scores.model_idx_3.npz,0.3785099387168884,0.7538481950759888,0.28467535972595215,False,430.0,A:430,9.260946997069162,15.0,15.0,10.0,59.0,"A:210:2.74,A:208:2.90,A:174:2.91,A:123:2.92,A:127:3.20,A:56:3.24,A:175:3.32,A:50:3.40,A:209:3.49,A:182:3.67,A:178:4.07,A:287:4.26",3.5239130235143645,False,False,5.650090762744668,False,1.0,5.0,ok,,,,,,,,,,,,,,,,
dockgen,5k63_1_ASN-GLY_0,default_s5_t200,ok,112.667,results/posebench_702_predictions/chai1_gpu/dockgen/5k63_1_ASN-GLY_0/default_s5_t200/predictions/pred.model_idx_2.cif,2.0,4.618967508900982,3.217185125489634,<REMOTE_PROJECT_ROOT>/results/posebench_702_predictions/chai1_gpu/dockgen/5k63_1_ASN-GLY_0/default_s5_t200/predictions/scores.model_idx_2.npz,0.5481579303741455,0.7472289204597473,0.49839016795158386,False,431.0,A:431,11.969762442681112,12.0,12.0,10.0,54.0,"A:210:2.58,A:123:2.90,A:174:2.94,A:208:3.02,A:127:3.11,A:56:3.21,A:175:3.33,A:209:3.40,A:50:3.60,A:182:4.01,A:178:4.06,A:287:4.37",1.6656507181938318,False,False,3.1827642876138023,False,0.0,5.0,ok,,,,,,,,,,,,,,,,
dockgen,5k66_1_ASN-GLU_0,default_s5_t200,ok,114.832,results/posebench_702_predictions/chai1_gpu/dockgen/5k66_1_ASN-GLU_0/default_s5_t200/predictions/pred.model_idx_3.cif,3.0,7.9600656246190935,6.772352643178562,<REMOTE_PROJECT_ROOT>/results/posebench_702_predictions/chai1_gpu/dockgen/5k66_1_ASN-GLU_0/default_s5_t200/predictions/scores.model_idx_3.npz,0.41864556074142456,0.7538495659828186,0.33484452962875366,False,430.0,A:430,19.873384381315503,17.0,17.0,10.0,63.0,"A:127:2.58,A:210:2.73,A:208:2.90,A:174:2.91,A:123:2.91,A:56:3.20,A:175:3.30,A:50:3.39,A:209:3.45,A:216:3.47,A:182:3.65,A:178:4.01",7.176450416616564,False,False,3.585117943924811,False,2.0,5.0,ok,,,,,,,,,,,,,,,,
dockgen,5mh1_1_BMA_0,default_s5_t200,ok,65.253,results/posebench_702_predictions/chai1_gpu/dockgen/5mh1_1_BMA_0/default_s5_t200/predictions/pred.model_idx_0.cif,0.0,3.1151702154514114,3.1120468456967,<REMOTE_PROJECT_ROOT>/results/posebench_702_predictions/chai1_gpu/dockgen/5mh1_1_BMA_0/default_s5_t200/predictions/scores.model_idx_0.npz,0.7811514735221863,0.9409748315811157,0.741195559501648,False,142.0,A:142,0.4297769885515507,12.0,12.0,10.0,42.0,"A:20:2.67,A:57:2.77,A:41:2.87,A:125:3.08,A:50:3.28,A:126:3.31,A:124:3.49,A:21:3.82,A:46:4.00,A:123:4.30,A:45:4.92,A:26:5.02",0.20943538417887111,False,False,3.093256849867025,False,1.0,5.0,ok,,,,,,,,,,,,,,,,
dockgen,5u82_2_ZN0_0,default_s5_t200,ok,66.197,,,,,,,,,,,,,,,,,,,,,,,,5.0,no_valid_sample_rmsd,,results/posebench_702_predictions/chai1_gpu/dockgen/5u82_2_ZN0_0/default_s5_t200/predictions/pred.model_idx_0.cif,0.0,,,<REMOTE_PROJECT_ROOT>/results/posebench_702_predictions/chai1_gpu/dockgen/5u82_2_ZN0_0/default_s5_t200/predictions/scores.model_idx_0.npz,0.4738941788673401,0.9260042309761047,0.36086663603782654,False,208.0,B:208,0.5124982171311828,6.0,7.0,10.0
dockgen,6a71_1_9UX_0,default_s5_t200,ok,63.174,,,,,,,,,,,,,,,,,,,,,,,,5.0,no_valid_sample_rmsd,,results/posebench_702_predictions/chai1_gpu/dockgen/6a71_1_9UX_0/default_s5_t200/predictions/pred.model_idx_0.cif,0.0,,,<REMOTE_PROJECT_ROOT>/results/posebench_702_predictions/chai1_gpu/dockgen/6a71_1_9UX_0/default_s5_t200/predictions/scores.model_idx_0.npz,0.18789993226528168,0.9394996762275696,0.0,False,71.0,B:71,0.3080086012620122,0.0,6.0,10.0
dockgen,6a72_1_9UX_0,default_s5_t200,ok,70.706,,,,,,,,,,,,,,,,,,,,,,,,5.0,no_valid_sample_rmsd,,results/posebench_702_predictions/chai1_gpu/dockgen/6a72_1_9UX_0/default_s5_t200/predictions/pred.model_idx_0.cif,0.0,,,<REMOTE_PROJECT_ROOT>/results/posebench_702_predictions/chai1_gpu/dockgen/6a72_1_9UX_0/default_s5_t200/predictions/scores.model_idx_0.npz,0.4455503225326538,0.7228779196739197,0.37621843814849854,False,143.0,"A:71,B:72",12.958485388215259,0.0,6.0,10.0
dockgen,6b1b_1_TMO_15,default_s5_t200,ok,176.113,results/posebench_702_predictions/chai1_gpu/dockgen/6b1b_1_TMO_15/default_s5_t200/predictions/pred.model_idx_0.cif,0.0,27.33022035896758,27.260954041750505,<REMOTE_PROJECT_ROOT>/results/posebench_702_predictions/chai1_gpu/dockgen/6b1b_1_TMO_15/default_s5_t200/predictions/scores.model_idx_0.npz,0.2788790464401245,0.8774296641349792,0.12924136221408844,False,510.0,A:510,4.839182717433943,5.0,5.0,10.0,26.0,"A:68:3.43,A:90:3.57,A:83:3.72,A:93:4.22,A:69:5.78,A:89:5.80,A:84:6.10,A:87:6.18,A:86:6.23,A:80:7.01,A:85:7.10,A:71:7.48",0.37971232352136125,False,False,2.9255069882783022,False,2.0,5.0,ok,,,,,,,,,,,,,,,,
dockgen,6ea9_1_9BG_0,default_s5_t200,ok,114.663,results/posebench_702_predictions/chai1_gpu/dockgen/6ea9_1_9BG_0/default_s5_t200/predictions/pred.model_idx_3.cif,3.0,16.910777211972878,9.946190247284385,<REMOTE_PROJECT_ROOT>/results/posebench_702_predictions/chai1_gpu/dockgen/6ea9_1_9BG_0/default_s5_t200/predictions/scores.model_idx_3.npz,0.12513931095600128,0.21147216856479645,0.10355609655380249,False,390.0,"A:195,B:195",20.57296256465015,46.0,46.0,10.0,92.0,"B:138:2.47,B:184:2.61,A:18:2.74,B:169:2.77,B:142:2.77,A:17:2.89,A:60:2.93,B:186:2.95,B:130:2.95,B:182:3.13,A:27:3.23,B:149:3.23",14.088086120642847,False,False,9.946190247284385,False,3.0,5.0,ok,,,,,,,,,,,,,,,,
dockgen,6ep5_1_ADP_1,default_s5_t200,ok,113.258,results/posebench_702_predictions/chai1_gpu/dockgen/6ep5_1_ADP_1/default_s5_t200/predictions/pred.model_idx_3.cif,3.0,23.09239845725796,21.61263324799059,<REMOTE_PROJECT_ROOT>/results/posebench_702_predictions/chai1_gpu/dockgen/6ep5_1_ADP_1/default_s5_t200/predictions/scores.model_idx_3.npz,0.5212294459342957,0.6032142639160156,0.5007331967353821,False,404.0,"A:202,D:202",15.57835004582761,27.0,27.0,10.0,75.0,"A:191:2.63,A:117:2.67,A:120:2.78,A:119:2.88,A:118:2.90,A:148:2.98,A:109:3.01,A:112:3.05,A:123:3.10,A:153:3.25,A:116:3.37,A:72:3.38",6.515474168935084,False,False,8.70390543106934,False,0.0,5.0,ok,,,,,,,,,,,,,,,,
dockgen,6etf_1_AMP_0,default_s5_t200,ok,112.527,results/posebench_702_predictions/chai1_gpu/dockgen/6etf_1_AMP_0/default_s5_t200/predictions/pred.model_idx_0.cif,0.0,6.328005624007407,6.295147781242155,<REMOTE_PROJECT_ROOT>/results/posebench_702_predictions/chai1_gpu/dockgen/6etf_1_AMP_0/default_s5_t200/predictions/scores.model_idx_0.npz,0.7901062369346619,0.9104799032211304,0.7600127458572388,False,422.0,A:422,1.1290070762860198,23.0,23.0,10.0,62.0,"A:185:2.67,A:251:2.78,A:201:2.82,A:253:2.93,A:303:2.99,A:304:3.08,A:202:3.16,A:203:3.31,A:181:3.38,A:250:3.40,A:199:3.55,A:186:3.63",0.4342821365693298,False,False,6.266943762220456,False,1.0,5.0,ok,,,,,,,,,,,,,,,,
dockgen,6fgc_1_ADP_1,default_s5_t200,ok,111.48,results/posebench_702_predictions/chai1_gpu/dockgen/6fgc_1_ADP_1/default_s5_t200/predictions/pred.model_idx_4.cif,4.0,57.04323500851396,56.892910894047915,<REMOTE_PROJECT_ROOT>/results/posebench_702_predictions/chai1_gpu/dockgen/6fgc_1_ADP_1/default_s5_t200/predictions/scores.model_idx_4.npz,0.7710733413696289,0.8758223056793213,0.7448861002922058,False,412.0,A:412,1.258668495002491,27.0,27.0,10.0,29.0,"A:95:3.59,A:94:3.66,A:139:3.88,A:55:3.95,A:52:5.14,A:93:5.48,A:76:5.90,A:96:6.02,A:51:6.06,A:168:6.11,A:49:6.64,A:53:6.65",0.2607773912970305,False,False,56.892910894047915,False,4.0,5.0,ok,,,,,,,,,,,,,,,,
dockgen,6fgc_1_D95_1,default_s5_t200,ok,113.629,results/posebench_702_predictions/chai1_gpu/dockgen/6fgc_1_D95_1/default_s5_t200/predictions/pred.model_idx_2.cif,2.0,35.21690405861869,36.169129428477376,<REMOTE_PROJECT_ROOT>/results/posebench_702_predictions/chai1_gpu/dockgen/6fgc_1_D95_1/default_s5_t200/predictions/scores.model_idx_2.npz,0.5262171030044556,0.8719649314880371,0.4397801160812378,False,412.0,A:412,1.4065231069020712,27.0,27.0,10.0,4.0,"A:361:8.35,A:364:8.38,A:363:9.20,A:362:9.66",0.9710359354116982,False,False,36.169129428477376,False,2.0,5.0,ok,,,,,,,,,,,,,,,,
dockgen,6gbf_1_AMP_0,default_s5_t200,ok,192.054,results/posebench_702_predictions/chai1_gpu/dockgen/6gbf_1_AMP_0/default_s5_t200/predictions/pred.model_idx_1.cif,1.0,6.33273085872321,6.326438685307359,<REMOTE_PROJECT_ROOT>/results/posebench_702_predictions/chai1_gpu/dockgen/6gbf_1_AMP_0/default_s5_t200/predictions/scores.model_idx_1.npz,0.7716397047042847,0.8949419260025024,0.7408141493797302,False,417.0,A:417,1.0441173027635795,23.0,23.0,10.0,62.0,"A:180:2.69,A:246:2.80,A:196:2.85,A:248:2.87,A:298:2.98,A:299:3.13,A:197:3.20,A:198:3.33,A:176:3.36,A:245:3.44,A:194:3.56,A:181:3.69",0.5232069665739447,False,False,6.263207059828873,False,3.0,5.0,ok,,,,,,,,,,,,,,,,
dockgen,6jls_1_FMN_6,default_s5_t200,ok,66.793,results/posebench_702_predictions/chai1_gpu/dockgen/6jls_1_FMN_6/default_s5_t200/predictions/pred.model_idx_1.cif,1.0,29.81766381194791,29.800646617649978,<REMOTE_PROJECT_ROOT>/results/posebench_702_predictions/chai1_gpu/dockgen/6jls_1_FMN_6/default_s5_t200/predictions/scores.model_idx_1.npz,0.8238890171051025,0.9084985256195068,0.8027366399765015,False,162.0,A:162,2.5582558711105783,31.0,31.0,10.0,8.0,"A:51:4.44,A:47:5.23,A:48:7.28,A:50:7.34,A:52:8.38,A:49:8.47,A:46:8.58,A:45:9.37",0.11136872299070318,False,False,29.72462876251415,False,0.0,5.0,ok,,,,,,,,,,,,,,,,
dockgen,6n19_2_K8V_0,default_s5_t200,ok,115.372,results/posebench_702_predictions/chai1_gpu/dockgen/6n19_2_K8V_0/default_s5_t200/predictions/pred.model_idx_2.cif,2.0,4.3274163989347425,4.38964145736208,<REMOTE_PROJECT_ROOT>/results/posebench_702_predictions/chai1_gpu/dockgen/6n19_2_K8V_0/default_s5_t200/predictions/scores.model_idx_2.npz,0.6285848617553711,0.9510300755500793,0.5479735136032104,False,438.0,B:438,1.235752606856085,17.0,17.0,10.0,68.0,"B:103:2.67,B:101:2.72,B:237:2.73,B:326:2.75,B:121:2.76,B:328:2.77,B:238:2.83,B:349:3.36,B:42:3.41,B:294:3.51,B:292:3.80,B:239:4.38",0.21967114121621995,False,False,4.38964145736208,False,2.0,5.0,ok,,,,,,,,,,,,,,,,
dockgen,6nco_1_KQP_0,default_s5_t200,exception,0.016,,,,,,,,,,,,,,,,,,,,,,,,,not_ok,AtomValenceException,,,,,,,,,,,,,,,
dockgen,6npp_1_KWG_0,default_s5_t200,ok,66.484,results/posebench_702_predictions/chai1_gpu/dockgen/6npp_1_KWG_0/default_s5_t200/predictions/pred.model_idx_0.cif,0.0,5.4360672874387665,5.717957270948628,<REMOTE_PROJECT_ROOT>/results/posebench_702_predictions/chai1_gpu/dockgen/6npp_1_KWG_0/default_s5_t200/predictions/scores.model_idx_0.npz,0.2069535106420517,0.574148416519165,0.11515478789806366,False,134.0,B:134,5.65334722122768,22.0,22.0,10.0,48.0,"B:116:2.60,B:45:2.94,B:42:3.12,B:108:3.33,B:6:3.34,B:111:3.45,B:112:3.51,B:3:3.57,B:7:3.66,B:10:3.73,B:46:3.81,B:109:4.20",1.6515384532067738,False,False,5.704254845334113,False,4.0,5.0,ok,,,,,,,,,,,,,,,,
dockgen,6o6y_1_ACK_0,default_s5_t200,ok,285.915,,,,,,,,,,,,,,,,,,,,,,,,5.0,no_valid_sample_rmsd,,results/posebench_702_predictions/chai1_gpu/dockgen/6o6y_1_ACK_0/default_s5_t200/predictions/pred.model_idx_0.cif,0.0,,,<REMOTE_PROJECT_ROOT>/results/posebench_702_predictions/chai1_gpu/dockgen/6o6y_1_ACK_0/default_s5_t200/predictions/scores.model_idx_0.npz,0.885637104511261,0.9316072463989258,0.8741445541381836,False,865.0,"A:433,B:432",0.881928714867704,0.0,22.0,10.0
dockgen,6o70_1_ACK_1,default_s5_t200,ok,288.559,,,,,,,,,,,,,,,,,,,,,,,,5.0,no_valid_sample_rmsd,,results/posebench_702_predictions/chai1_gpu/dockgen/6o70_1_ACK_1/default_s5_t200/predictions/pred.model_idx_0.cif,0.0,,,<REMOTE_PROJECT_ROOT>/results/posebench_702_predictions/chai1_gpu/dockgen/6o70_1_ACK_1/default_s5_t200/predictions/scores.model_idx_0.npz,0.8886613249778748,0.9336912631988525,0.8774037957191467,False,865.0,"A:433,B:432",0.8983240884584592,0.0,22.0,10.0
dockgen,6pa2_1_ASP_2,default_s5_t200,ok,188.196,results/posebench_702_predictions/chai1_gpu/dockgen/6pa2_1_ASP_2/default_s5_t200/predictions/pred.model_idx_3.cif,3.0,16.38914020083273,8.089752573539293,<REMOTE_PROJECT_ROOT>/results/posebench_702_predictions/chai1_gpu/dockgen/6pa2_1_ASP_2/default_s5_t200/predictions/scores.model_idx_3.npz,0.9105575680732727,0.9474737048149109,0.9013285636901855,False,624.0,"B:312,D:312",25.631663709317806,9.0,9.0,10.0,57.0,"D:43:2.59,B:283:2.72,D:99:2.77,D:74:2.83,D:75:2.84,D:13:2.85,D:44:3.01,D:73:3.25,D:42:3.29,D:12:3.32,B:248:3.42,D:100:4.11",11.12813879623808,False,False,7.860383156413081,False,1.0,5.0,ok,,,,,,,,,,,,,,,,
dockgen,6pa6_2_ASN_0,default_s5_t200,ok,320.53,results/posebench_702_predictions/chai1_gpu/dockgen/6pa6_2_ASN_0/default_s5_t200/predictions/pred.model_idx_2.cif,2.0,2.091078837079505,2.1041349237911944,<REMOTE_PROJECT_ROOT>/results/posebench_702_predictions/chai1_gpu/dockgen/6pa6_2_ASN_0/default_s5_t200/predictions/scores.model_idx_2.npz,0.9102745056152344,0.9505929350852966,0.9001948237419128,False,640.0,"C:326,D:314",0.4964897311836902,9.0,9.0,10.0,58.0,"D:45:2.56,D:46:2.75,D:11:2.82,D:77:2.84,C:282:2.85,D:76:2.91,D:101:2.97,D:10:3.16,D:75:3.23,D:44:3.32,C:247:3.56,D:102:4.01",0.505948617682027,False,False,2.1041349237911944,False,2.0,5.0,ok,,,,,,,,,,,,,,,,
dockgen,6paa_1_ASP_2,default_s5_t200,ok,182.741,results/posebench_702_predictions/chai1_gpu/dockgen/6paa_1_ASP_2/default_s5_t200/predictions/pred.model_idx_0.cif,0.0,35.55262951096212,35.45959596040855,<REMOTE_PROJECT_ROOT>/results/posebench_702_predictions/chai1_gpu/dockgen/6paa_1_ASP_2/default_s5_t200/predictions/scores.model_idx_0.npz,0.9131577014923096,0.9519532918930054,0.903458833694458,False,617.0,"A:313,B:304",0.9319620249498279,9.0,9.0,10.0,58.0,"A:75:2.38,A:44:2.45,B:260:2.60,A:12:2.83,A:76:2.92,A:100:3.05,A:45:3.15,A:74:3.26,A:11:3.27,A:43:3.30,B:225:3.52,A:101:4.13",1.0439630245231617,False,False,35.45959596040855,False,0.0,5.0,ok,,,,,,,,,,,,,,,,
dockgen,6qkr_1_FAD_0,default_s5_t200,ok,177.713,results/posebench_702_predictions/chai1_gpu/dockgen/6qkr_1_FAD_0/default_s5_t200/predictions/pred.model_idx_4.cif,4.0,13.663798503557715,13.659876848267393,<REMOTE_PROJECT_ROOT>/results/posebench_702_predictions/chai1_gpu/dockgen/6qkr_1_FAD_0/default_s5_t200/predictions/scores.model_idx_4.npz,0.8770822286605835,0.932913064956665,0.8631244897842407,False,660.0,A:660,2.6689837247150936,53.0,53.0,10.0,125.0,"A:433:2.62,A:425:2.67,A:636:2.80,A:406:2.84,A:470:2.89,A:643:3.03,A:488:3.10,A:532:3.12,A:426:3.12,A:642:3.17,A:432:3.20,A:402:3.26",0.3877845539798175,False,False,13.623923792450448,False,1.0,5.0,ok,,,,,,,,,,,,,,,,
dockgen,6rms_1_AMP_1,default_s5_t200,ok,113.019,results/posebench_702_predictions/chai1_gpu/dockgen/6rms_1_AMP_1/default_s5_t200/predictions/pred.model_idx_4.cif,4.0,56.32410415514702,55.666243560848805,<REMOTE_PROJECT_ROOT>/results/posebench_702_predictions/chai1_gpu/dockgen/6rms_1_AMP_1/default_s5_t200/predictions/scores.model_idx_4.npz,0.7640945315361023,0.8957529664039612,0.7311798930168152,False,396.0,A:396,1.1048031501814906,23.0,23.0,10.0,27.0,"A:79:3.51,A:80:3.55,A:117:3.59,A:48:4.95,A:45:5.26,A:81:5.79,A:47:5.82,A:51:6.11,A:49:6.20,A:145:6.36,A:42:6.56,A:78:6.56",0.840398640184211,False,False,54.66872271408482,False,1.0,5.0,ok,,,,,,,,,,,,,,,,
dockgen,6ryz_1_SAM_2,default_s5_t200,ok,183.665,results/posebench_702_predictions/chai1_gpu/dockgen/6ryz_1_SAM_2/default_s5_t200/predictions/pred.model_idx_2.cif,2.0,3.7433696683519884,3.7199751911219563,<REMOTE_PROJECT_ROOT>/results/posebench_702_predictions/chai1_gpu/dockgen/6ryz_1_SAM_2/default_s5_t200/predictions/scores.model_idx_2.npz,0.8537983894348145,0.8849051594734192,0.8460216522216797,False,533.0,"A:267,C:266",1.1537111474036272,27.0,27.0,10.0,87.0,"C:9:2.68,A:181:2.70,A:237:2.74,A:238:2.80,A:247:2.87,A:245:2.88,C:70:2.98,A:186:3.02,C:126:3.23,A:223:3.31,A:188:3.32,C:43:3.36",0.7067224555311461,False,False,3.6647125865972416,False,0.0,5.0,ok,,,,,,,,,,,,,,,,
dockgen,6rz2_1_5CD_2,default_s5_t200,ok,184.114,results/posebench_702_predictions/chai1_gpu/dockgen/6rz2_1_5CD_2/default_s5_t200/predictions/pred.model_idx_0.cif,0.0,19.556344199662284,25.311489029494236,<REMOTE_PROJECT_ROOT>/results/posebench_702_predictions/chai1_gpu/dockgen/6rz2_1_5CD_2/default_s5_t200/predictions/scores.model_idx_0.npz,0.8144741654396057,0.8574169874191284,0.8037384748458862,False,536.0,"A:268,C:268",15.199888772181405,19.0,19.0,10.0,75.0,"A:10:2.61,C:245:2.85,C:247:2.93,A:71:2.97,C:186:3.00,A:130:3.18,C:223:3.37,A:72:3.41,A:69:3.44,A:44:3.47,A:129:3.49,C:184:3.50",14.55865150938093,False,False,25.311489029494236,False,0.0,5.0,ok,,,,,,,,,,,,,,,,
dockgen,6tvg_1_AP2_1,default_s5_t200,ok,176.347,results/posebench_702_predictions/chai1_gpu/dockgen/6tvg_1_AP2_1/default_s5_t200/predictions/pred.model_idx_4.cif,4.0,23.088611217883432,9.274208990041876,<REMOTE_PROJECT_ROOT>/results/posebench_702_predictions/chai1_gpu/dockgen/6tvg_1_AP2_1/default_s5_t200/predictions/scores.model_idx_4.npz,0.8482660055160522,0.8966653347015381,0.8361661434173584,False,524.0,A:524,11.555817579384254,27.0,27.0,10.0,51.0,"A:480:2.60,A:369:2.65,A:328:2.89,A:364:2.99,A:366:3.21,A:421:3.40,A:474:3.46,A:391:3.51,A:367:3.67,A:419:4.71,A:422:4.75,A:420:5.00",7.929096294852872,False,False,9.274208990041876,False,4.0,5.0,ok,,,,,,,,,,,,,,,,
dockgen,6uqy_2_AT3_0,default_s5_t200,ok,84.984,results/posebench_702_predictions/chai1_gpu/dockgen/6uqy_2_AT3_0/default_s5_t200/predictions/pred.model_idx_4.cif,4.0,3.6903143938986798,3.69501526086433,<REMOTE_PROJECT_ROOT>/results/posebench_702_predictions/chai1_gpu/dockgen/6uqy_2_AT3_0/default_s5_t200/predictions/scores.model_idx_4.npz,0.7196722626686096,0.950668454170227,0.6619232296943665,False,287.0,B:287,0.6092020664241312,10.0,10.0,10.0,60.0,"B:17:2.38,B:126:2.84,B:77:3.07,B:85:3.15,B:86:3.36,B:52:3.49,B:129:3.57,B:266:3.58,B:16:3.64,B:18:3.66,B:125:3.93,B:267:4.07",0.2314379584360172,False,False,3.2483767721210977,False,1.0,5.0,ok,,,,,,,,,,,,,,,,
dockgen,6ur1_2_AT3_0,default_s5_t200,ok,84.367,results/posebench_702_predictions/chai1_gpu/dockgen/6ur1_2_AT3_0/default_s5_t200/predictions/pred.model_idx_3.cif,3.0,4.853120712250236,4.924183193550052,<REMOTE_PROJECT_ROOT>/results/posebench_702_predictions/chai1_gpu/dockgen/6ur1_2_AT3_0/default_s5_t200/predictions/scores.model_idx_3.npz,0.6757484078407288,0.9458697438240051,0.6082180738449097,False,286.0,B:286,1.1650334140557723,10.0,10.0,10.0,54.0,"B:266:3.28,B:265:3.33,B:85:3.33,B:84:3.34,B:51:3.37,B:125:3.39,B:46:3.52,B:128:3.87,B:76:4.10,B:263:4.24,B:245:4.55,B:132:4.70",0.8431573890754014,False,False,4.645376795125385,False,4.0,5.0,ok,,,,,,,,,,,,,,,,
dockgen,6v2a_1_ASN_3,default_s5_t200,ok,181.482,results/posebench_702_predictions/chai1_gpu/dockgen/6v2a_1_ASN_3/default_s5_t200/predictions/pred.model_idx_2.cif,2.0,35.906285511616964,35.770081201309516,<REMOTE_PROJECT_ROOT>/results/posebench_702_predictions/chai1_gpu/dockgen/6v2a_1_ASN_3/default_s5_t200/predictions/scores.model_idx_2.npz,0.9148225784301758,0.9483210444450378,0.9064478874206543,False,638.0,"A:326,B:312",0.5007076730187761,9.0,9.0,10.0,65.0,"A:57:2.42,A:89:2.69,A:11:2.74,B:268:2.76,A:113:2.79,A:58:2.85,A:88:2.89,A:87:3.13,A:10:3.17,A:56:3.26,B:233:3.50,A:26:3.57",0.3460362507796245,False,False,35.06991184348963,False,3.0,5.0,ok,,,,,,,,,,,,,,,,
dockgen,6wyz_1_DGL_1,default_s5_t200,ok,183.419,results/posebench_702_predictions/chai1_gpu/dockgen/6wyz_1_DGL_1/default_s5_t200/predictions/pred.model_idx_1.cif,1.0,35.62392342923781,35.29431326776928,<REMOTE_PROJECT_ROOT>/results/posebench_702_predictions/chai1_gpu/dockgen/6wyz_1_DGL_1/default_s5_t200/predictions/scores.model_idx_1.npz,0.8818081021308899,0.9323053359985352,0.8691837787628174,False,626.0,"C:314,D:312",0.8523721809305163,10.0,10.0,10.0,56.0,"C:43:2.54,C:44:2.60,C:101:2.73,C:76:2.85,C:12:2.86,C:77:3.06,D:268:3.24,C:75:3.32,C:11:3.51,C:42:3.71,C:102:3.98,C:41:4.50",0.7976897895804163,False,False,35.18616167809511,False,3.0,5.0,ok,,,,,,,,,,,,,,,,
dockgen,6xb3_3_9BG_1,default_s5_t200,ok,118.727,results/posebench_702_predictions/chai1_gpu/dockgen/6xb3_3_9BG_1/default_s5_t200/predictions/pred.model_idx_3.cif,3.0,25.69864572687749,25.07523467245809,<REMOTE_PROJECT_ROOT>/results/posebench_702_predictions/chai1_gpu/dockgen/6xb3_3_9BG_1/default_s5_t200/predictions/scores.model_idx_3.npz,0.169849693775177,0.3275069296360016,0.13043539226055145,False,451.0,"E:231,F:220",21.221899320266356,46.0,46.0,10.0,91.0,"E:181:2.18,E:209:2.36,E:172:2.60,F:47:2.63,E:223:2.73,E:173:2.80,F:91:2.87,F:147:2.89,F:46:2.92,F:141:3.01,E:185:3.13,F:149:3.34",18.2196981819409,False,False,18.988117993943337,False,2.0,5.0,ok,,,,,,,,,,,,,,,,
dockgen,6xug_1_O1Q_0,default_s5_t200,ok,315.482,results/posebench_702_predictions/chai1_gpu/dockgen/6xug_1_O1Q_0/default_s5_t200/predictions/pred.model_idx_0.cif,0.0,5.718857367829141,5.7208258023857,<REMOTE_PROJECT_ROOT>/results/posebench_702_predictions/chai1_gpu/dockgen/6xug_1_O1Q_0/default_s5_t200/predictions/scores.model_idx_0.npz,0.7883907556533813,0.8790585994720459,0.7657238245010376,False,514.0,B:514,0.685768695725777,31.0,31.0,10.0,78.0,"B:470:2.80,B:354:3.30,B:357:3.31,B:158:3.32,B:94:3.35,B:464:3.41,B:381:3.44,B:157:3.44,B:91:3.44,B:159:3.46,B:411:3.66,B:356:3.69",0.3089291171159372,False,False,5.707783464665542,False,4.0,5.0,ok,,,,,,,,,,,,,,,,
dockgen,6yao_1_OJ2_0,default_s5_t200,ok,110.918,results/posebench_702_predictions/chai1_gpu/dockgen/6yao_1_OJ2_0/default_s5_t200/predictions/pred.model_idx_2.cif,2.0,7.849628188922464,7.855814126177132,<REMOTE_PROJECT_ROOT>/results/posebench_702_predictions/chai1_gpu/dockgen/6yao_1_OJ2_0/default_s5_t200/predictions/scores.model_idx_2.npz,0.6349883079528809,0.9381282329559326,0.5592033267021179,False,453.0,A:453,1.4105127577264005,24.0,24.0,10.0,77.0,"A:346:2.66,A:123:2.72,A:373:3.31,A:316:3.39,A:344:3.42,A:314:3.44,A:295:3.60,A:302:3.65,A:369:3.66,A:235:3.66,A:308:3.70,A:408:3.75",0.6882350884207421,False,False,3.510610694926364,False,1.0,5.0,ok,,,,,,,,,,,,,,,,
dockgen,6yap_1_OHZ_0,default_s5_t200,ok,112.879,results/posebench_702_predictions/chai1_gpu/dockgen/6yap_1_OHZ_0/default_s5_t200/predictions/pred.model_idx_0.cif,0.0,6.890632882240669,6.901901267608218,<REMOTE_PROJECT_ROOT>/results/posebench_702_predictions/chai1_gpu/dockgen/6yap_1_OHZ_0/default_s5_t200/predictions/scores.model_idx_0.npz,0.5859169960021973,0.9325810670852661,0.49925100803375244,False,451.0,A:451,1.3429488660888715,25.0,25.0,10.0,76.0,"A:123:2.72,A:344:2.78,A:313:3.02,A:371:3.28,A:315:3.35,A:342:3.37,A:301:3.41,A:307:3.58,A:367:3.62,A:294:3.64,A:234:3.66,A:407:3.82",0.5754810162244336,False,False,5.396391083456377,False,1.0,5.0,ok,,,,,,,,,,,,,,,,
dockgen,6yaq_1_OHZ_0,default_s5_t200,ok,177.86,results/posebench_702_predictions/chai1_gpu/dockgen/6yaq_1_OHZ_0/default_s5_t200/predictions/pred.model_idx_3.cif,3.0,5.8298186085558035,5.8051403470399485,<REMOTE_PROJECT_ROOT>/results/posebench_702_predictions/chai1_gpu/dockgen/6yaq_1_OHZ_0/default_s5_t200/predictions/scores.model_idx_3.npz,0.6029436588287354,0.9216733574867249,0.5232611894607544,False,499.0,A:499,1.6035830740729975,25.0,25.0,10.0,83.0,"A:135:2.78,A:390:3.06,A:358:3.23,A:340:3.28,A:388:3.40,A:455:3.42,A:249:3.44,A:421:3.47,A:350:3.48,A:419:3.54,A:386:3.54,A:344:3.54",1.4151241018065224,False,False,5.695718753469313,False,1.0,5.0,ok,,,,,,,,,,,,,,,,
posebusters_benchmark,5S8I_2LY,default_s5_t200,ok,61.253,results/posebench_702_predictions/chai1_gpu/posebusters_benchmark/5S8I_2LY/default_s5_t200/predictions/pred.model_idx_0.cif,0.0,6.064259482800275,5.84226852720146,<REMOTE_PROJECT_ROOT>/results/posebench_702_predictions/chai1_gpu/posebusters_benchmark/5S8I_2LY/default_s5_t200/predictions/scores.model_idx_0.npz,0.4201200008392334,0.8612632751464844,0.30983415246009827,False,115.0,A:115,2.8167079067733036,13.0,13.0,10.0,42.0,"A:74:3.44,A:33:3.50,A:85:3.59,A:78:3.60,A:77:3.71,A:79:3.72,A:83:3.73,A:86:3.95,A:28:3.95,A:24:4.54,A:36:4.61,A:23:4.96",1.6910082626103147,False,False,5.225076141577,False,3.0,5.0,ok,,,,,,,,,,,,,,,,
posebusters_benchmark,5SAK_ZRY,default_s5_t200,ok,83.334,results/posebench_702_predictions/chai1_gpu/posebusters_benchmark/5SAK_ZRY/default_s5_t200/predictions/pred.model_idx_0.cif,0.0,6.072292329890473,6.069818368022121,<REMOTE_PROJECT_ROOT>/results/posebench_702_predictions/chai1_gpu/posebusters_benchmark/5SAK_ZRY/default_s5_t200/predictions/scores.model_idx_0.npz,0.5428202748298645,0.9539334774017334,0.4400419592857361,False,330.0,A:330,0.20471442037039278,18.0,18.0,10.0,63.0,"A:221:2.88,A:34:2.92,A:220:3.13,A:218:3.13,A:78:3.38,A:225:3.40,A:80:3.55,A:79:3.62,A:124:3.66,A:303:3.69,A:82:3.90,A:299:3.98",0.19261991526062192,False,False,6.065437675272361,False,3.0,5.0,ok,,,,,,,,,,,,,,,,
posebusters_benchmark,5SB2_1K2,default_s5_t200,ok,82.385,results/posebench_702_predictions/chai1_gpu/posebusters_benchmark/5SB2_1K2/default_s5_t200/predictions/pred.model_idx_1.cif,1.0,8.672597889164885,8.680865108401079,<REMOTE_PROJECT_ROOT>/results/posebench_702_predictions/chai1_gpu/posebusters_benchmark/5SB2_1K2/default_s5_t200/predictions/scores.model_idx_1.npz,0.8832968473434448,0.9414492249488831,0.8687587380409241,False,286.0,A:286,1.9956513381804124,30.0,30.0,10.0,89.0,"A:157:2.82,A:89:2.96,A:57:3.04,A:70:3.32,A:156:3.39,A:87:3.41,A:38:3.44,A:84:3.48,A:86:3.51,A:61:3.51,A:158:3.55,A:88:3.61",0.9457926516286755,False,False,8.680865108401079,False,1.0,5.0,ok,,,,,,,,,,,,,,,,
posebusters_benchmark,5SD5_HWI,default_s5_t200,ok,67.197,results/posebench_702_predictions/chai1_gpu/posebusters_benchmark/5SD5_HWI/default_s5_t200/predictions/pred.model_idx_4.cif,4.0,6.417892987403978,6.431545980700757,<REMOTE_PROJECT_ROOT>/results/posebench_702_predictions/chai1_gpu/posebusters_benchmark/5SD5_HWI/default_s5_t200/predictions/scores.model_idx_4.npz,0.9263039231300354,0.9487845301628113,0.920683741569519,False,166.0,A:166,2.088139206461328,29.0,29.0,10.0,69.0,"A:33:2.72,A:66:2.82,A:100:2.88,A:11:2.89,A:38:2.90,A:37:3.02,A:12:3.32,A:106:3.34,A:29:3.36,A:13:3.68,A:63:3.71,A:34:3.74",0.5175211268373769,False,False,6.3775566366611685,False,0.0,5.0,ok,,,,,,,,,,,,,,,,
posebusters_benchmark,5SIS_JSM,default_s5_t200,ok,86.865,results/posebench_702_predictions/chai1_gpu/posebusters_benchmark/5SIS_JSM/default_s5_t200/predictions/pred.model_idx_3.cif,3.0,8.090718875814112,8.087769382567613,<REMOTE_PROJECT_ROOT>/results/posebench_702_predictions/chai1_gpu/posebusters_benchmark/5SIS_JSM/default_s5_t200/predictions/scores.model_idx_3.npz,0.8739273548126221,0.9505423307418823,0.8547735810279846,False,315.0,A:315,1.083369138844671,32.0,32.0,10.0,82.0,"A:233:2.56,A:266:2.92,A:269:3.22,A:253:3.26,A:265:3.46,A:232:3.49,A:261:3.58,A:215:3.59,A:252:3.62,A:218:3.66,A:236:3.75,A:214:3.79",0.38383887066546235,False,False,8.087769382567613,False,3.0,5.0,ok,,,,,,,,,,,,,,,,
posebusters_benchmark,6M2B_EZO,default_s5_t200,ok,115.272,results/posebench_702_predictions/chai1_gpu/posebusters_benchmark/6M2B_EZO/default_s5_t200/predictions/pred.model_idx_0.cif,0.0,3.7007308844487214,3.70198618206306,<REMOTE_PROJECT_ROOT>/results/posebench_702_predictions/chai1_gpu/posebusters_benchmark/6M2B_EZO/default_s5_t200/predictions/scores.model_idx_0.npz,0.7011095285415649,0.9684646129608154,0.6342707276344299,False,365.0,A:365,0.7276997286961328,25.0,25.0,10.0,76.0,"A:104:2.79,A:36:3.28,A:35:3.30,A:11:3.33,A:23:3.34,A:27:3.35,A:24:3.43,A:31:3.44,A:328:3.47,A:332:3.48,A:324:3.49,A:20:3.65",0.5816263156083883,False,False,3.4816734876060407,False,4.0,5.0,ok,,,,,,,,,,,,,,,,
posebusters_benchmark,6M73_FNR,default_s5_t200,ok,107.963,results/posebench_702_predictions/chai1_gpu/posebusters_benchmark/6M73_FNR/default_s5_t200/predictions/pred.model_idx_4.cif,4.0,7.099254574435159,7.090337866425096,<REMOTE_PROJECT_ROOT>/results/posebench_702_predictions/chai1_gpu/posebusters_benchmark/6M73_FNR/default_s5_t200/predictions/scores.model_idx_4.npz,0.9463208913803101,0.9586390852928162,0.9432413578033447,False,364.0,A:364,1.1403215839126535,31.0,31.0,10.0,101.0,"A:86:2.67,A:166:2.71,A:115:2.75,A:233:2.85,A:288:2.86,A:292:2.93,A:312:2.95,A:88:3.09,A:290:3.11,A:138:3.14,A:255:3.23,A:140:3.28",0.6945955701048762,False,False,7.056615563787821,False,2.0,5.0,ok,,,,,,,,,,,,,,,,
posebusters_benchmark,6T88_MWQ,default_s5_t200,ok,113.42,results/posebench_702_predictions/chai1_gpu/posebusters_benchmark/6T88_MWQ/default_s5_t200/predictions/pred.model_idx_1.cif,1.0,4.68559424780277,4.40175801766601,<REMOTE_PROJECT_ROOT>/results/posebench_702_predictions/chai1_gpu/posebusters_benchmark/6T88_MWQ/default_s5_t200/predictions/scores.model_idx_1.npz,0.424423485994339,0.9002457857131958,0.3054679036140442,False,454.0,A:454,1.3955749305077,10.0,10.0,10.0,63.0,"A:431:2.74,A:391:2.76,A:434:2.80,A:259:2.86,A:48:2.91,A:433:3.23,A:244:3.48,A:256:3.60,A:116:3.68,A:46:4.00,A:254:4.13,A:432:4.37",0.9434038794304712,False,False,1.4373363475562402,True,0.0,5.0,ok,,,,,,,,,,,,,,,,
posebusters_benchmark,6TW5_9M2,default_s5_t200,exception,50.099,,,,,,,,,,,,,,,,,,,,,,,,,not_ok,RuntimeError,,,,,,,,,,,,,,,
posebusters_benchmark,6TW7_NZB,default_s5_t200,ok,108.302,results/posebench_702_predictions/chai1_gpu/posebusters_benchmark/6TW7_NZB/default_s5_t200/predictions/pred.model_idx_3.cif,3.0,5.128106303229728,5.113806907276221,<REMOTE_PROJECT_ROOT>/results/posebench_702_predictions/chai1_gpu/posebusters_benchmark/6TW7_NZB/default_s5_t200/predictions/scores.model_idx_3.npz,0.8113318681716919,0.9434379935264587,0.7783052921295166,False,411.0,A:411,0.3956608252404841,29.0,29.0,10.0,74.0,"A:410:2.84,A:366:3.03,A:156:3.19,A:365:3.35,A:367:3.45,A:206:3.50,A:79:3.50,A:409:3.55,A:192:3.56,A:71:3.59,A:72:3.59,A:70:3.60",0.31766478555883476,False,False,5.062142268128205,False,1.0,5.0,ok,,,,,,,,,,,,,,,,
posebusters_benchmark,6VS3_R6V,default_s5_t200,ok,180.191,results/posebench_702_predictions/chai1_gpu/posebusters_benchmark/6VS3_R6V/default_s5_t200/predictions/pred.model_idx_4.cif,4.0,15.754674598923579,8.317823705796984,<REMOTE_PROJECT_ROOT>/results/posebench_702_predictions/chai1_gpu/posebusters_benchmark/6VS3_R6V/default_s5_t200/predictions/scores.model_idx_4.npz,0.6229947805404663,0.6645538806915283,0.6126049757003784,False,585.0,"A:288,B:297",17.659897041821853,36.0,36.0,10.0,71.0,"B:97:2.63,B:95:2.77,B:45:3.22,B:158:3.30,B:146:3.35,B:100:3.43,B:148:3.43,B:145:3.49,B:94:3.56,B:21:3.57,B:28:3.57,B:96:3.57",11.284519279969354,False,False,7.619848953326033,False,2.0,5.0,ok,,,,,,,,,,,,,,,,
posebusters_benchmark,6VTA_AKN,default_s5_t200,ok,102.004,,,,,,,,,,,,,,,,,,,,,,,,5.0,no_valid_sample_rmsd,,results/posebench_702_predictions/chai1_gpu/posebusters_benchmark/6VTA_AKN/default_s5_t200/predictions/pred.model_idx_0.cif,0.0,,,<REMOTE_PROJECT_ROOT>/results/posebench_702_predictions/chai1_gpu/posebusters_benchmark/6VTA_AKN/default_s5_t200/predictions/scores.model_idx_0.npz,0.7947466373443604,0.8875133395195007,0.7715549468994141,False,361.0,"A:181,B:180",1.647152980791589,0.0,40.0,10.0
posebusters_benchmark,6W59_SZD,default_s5_t200,ok,177.097,results/posebench_702_predictions/chai1_gpu/posebusters_benchmark/6W59_SZD/default_s5_t200/predictions/pred.model_idx_2.cif,2.0,33.700067373282224,31.565281883931252,<REMOTE_PROJECT_ROOT>/results/posebench_702_predictions/chai1_gpu/posebusters_benchmark/6W59_SZD/default_s5_t200/predictions/scores.model_idx_2.npz,0.4791026711463928,0.9215782880783081,0.3684837222099304,False,544.0,A:544,2.6087658121098656,32.0,32.0,10.0,32.0,"A:101:2.92,A:103:3.02,A:102:3.18,A:98:3.22,A:104:4.03,A:192:4.35,A:99:4.83,A:105:4.89,A:107:5.50,A:100:6.04,A:97:6.49,A:56:6.82",2.570788197228866,False,False,30.71822416127803,False,4.0,5.0,ok,,,,,,,,,,,,,,,,
posebusters_benchmark,6WTN_RXT,default_s5_t200,ok,85.449,results/posebench_702_predictions/chai1_gpu/posebusters_benchmark/6WTN_RXT/default_s5_t200/predictions/pred.model_idx_0.cif,0.0,3.6824478735071224,3.6406051335599523,<REMOTE_PROJECT_ROOT>/results/posebench_702_predictions/chai1_gpu/posebusters_benchmark/6WTN_RXT/default_s5_t200/predictions/scores.model_idx_0.npz,0.8889767527580261,0.9342496395111084,0.877658486366272,False,285.0,A:285,4.561184677780618,23.0,23.0,10.0,63.0,"A:85:2.78,A:87:3.10,A:37:3.18,A:135:3.35,A:138:3.39,A:148:3.44,A:136:3.52,A:84:3.57,A:13:3.61,A:149:3.68,A:68:3.69,A:12:3.71",0.45913027650998706,False,False,2.8792831807377817,False,1.0,5.0,ok,,,,,,,,,,,,,,,,
posebusters_benchmark,6X8D_ARA,default_s5_t200,ok,64.322,results/posebench_702_predictions/chai1_gpu/posebusters_benchmark/6X8D_ARA/default_s5_t200/predictions/pred.model_idx_1.cif,1.0,3.380136831791389,3.1523709235207162,<REMOTE_PROJECT_ROOT>/results/posebench_702_predictions/chai1_gpu/posebusters_benchmark/6X8D_ARA/default_s5_t200/predictions/scores.model_idx_1.npz,0.4740385413169861,0.9330627918243408,0.3592824637889862,False,180.0,A:180,3.064906382812094,10.0,10.0,10.0,31.0,"A:99:2.57,A:100:2.58,A:148:2.85,A:146:3.18,A:145:3.29,A:119:3.31,A:147:3.74,A:118:3.74,A:144:4.47,A:149:4.84,A:117:4.87,A:120:5.89",0.4603388082976749,False,False,3.0790874621133875,False,2.0,5.0,ok,,,,,,,,,,,,,,,,
posebusters_benchmark,6XAF_GDP,default_s5_t200,ok,89.445,results/posebench_702_predictions/chai1_gpu/posebusters_benchmark/6XAF_GDP/default_s5_t200/predictions/pred.model_idx_1.cif,1.0,11.386193713384891,7.086687624562422,<REMOTE_PROJECT_ROOT>/results/posebench_702_predictions/chai1_gpu/posebusters_benchmark/6XAF_GDP/default_s5_t200/predictions/scores.model_idx_1.npz,0.5472151041030884,0.6175634264945984,0.5296280384063721,False,346.0,"A:172,B:174",16.926239256854554,28.0,28.0,10.0,56.0,"B:15:2.65,B:148:2.66,B:10:2.69,B:13:2.76,B:113:2.81,B:14:2.89,B:111:2.95,B:12:3.03,B:11:3.31,B:147:3.40,B:9:3.70,B:149:3.76",5.890435546626956,False,False,6.9312505923985634,False,4.0,5.0,ok,,,,,,,,,,,,,,,,
posebusters_benchmark,6XBO_5MC,default_s5_t200,ok,84.217,results/posebench_702_predictions/chai1_gpu/posebusters_benchmark/6XBO_5MC/default_s5_t200/predictions/pred.model_idx_4.cif,4.0,5.145887586021261,5.096695526862559,<REMOTE_PROJECT_ROOT>/results/posebench_702_predictions/chai1_gpu/posebusters_benchmark/6XBO_5MC/default_s5_t200/predictions/scores.model_idx_4.npz,0.769110918045044,0.8544948101043701,0.7477649450302124,False,319.0,A:319,3.876360023830773,22.0,22.0,10.0,94.0,"A:179:2.50,A:112:2.54,A:93:2.63,A:115:2.67,A:263:2.72,A:46:2.81,A:205:2.91,A:92:2.95,A:201:2.95,A:252:3.22,A:186:3.23,A:248:3.29",0.5464723671362598,False,False,4.986671760364761,False,3.0,5.0,ok,,,,,,,,,,,,,,,,
posebusters_benchmark,6XCT_478,default_s5_t200,ok,83.072,results/posebench_702_predictions/chai1_gpu/posebusters_benchmark/6XCT_478/default_s5_t200/predictions/pred.model_idx_1.cif,1.0,7.145605745454649,7.10187261626028,<REMOTE_PROJECT_ROOT>/results/posebench_702_predictions/chai1_gpu/posebusters_benchmark/6XCT_478/default_s5_t200/predictions/scores.model_idx_1.npz,0.8802152872085571,0.9610967040061951,0.8599948883056641,False,322.0,A:322,0.920976248467296,35.0,35.0,10.0,79.0,"A:213:2.55,A:31:2.59,A:187:2.92,A:75:2.93,A:74:3.04,A:33:3.04,A:73:3.22,A:215:3.35,A:286:3.40,A:109:3.43,A:72:3.55,A:284:3.63",0.791329203374217,False,False,7.031572348493667,False,3.0,5.0,ok,,,,,,,,,,,,,,,,
posebusters_benchmark,6XG5_TOP,default_s5_t200,ok,61.611,results/posebench_702_predictions/chai1_gpu/posebusters_benchmark/6XG5_TOP/default_s5_t200/predictions/pred.model_idx_3.cif,3.0,5.211658088241604,5.193406537391665,<REMOTE_PROJECT_ROOT>/results/posebench_702_predictions/chai1_gpu/posebusters_benchmark/6XG5_TOP/default_s5_t200/predictions/scores.model_idx_3.npz,0.9383733868598938,0.9718327522277832,0.9300085306167603,False,159.0,A:159,0.5482200853302588,21.0,21.0,10.0,67.0,"A:26:2.71,A:4:2.80,A:93:2.85,A:48:3.34,A:99:3.35,A:30:3.40,A:5:3.45,A:19:3.50,A:49:3.59,A:6:3.64,A:112:3.79,A:27:3.81",0.3144970286453727,False,False,5.184098195980566,False,0.0,5.0,ok,,,,,,,,,,,,,,,,
posebusters_benchmark,6XHT_V2V,default_s5_t200,exception,54.389,,,,,,,,,,,,,,,,,,,,,,,,,not_ok,RuntimeError,,,,,,,,,,,,,,,
posebusters_benchmark,6XM9_V55,default_s5_t200,ok,110.516,results/posebench_702_predictions/chai1_gpu/posebusters_benchmark/6XM9_V55/default_s5_t200/predictions/pred.model_idx_0.cif,0.0,4.454059413189823,4.494649236728114,<REMOTE_PROJECT_ROOT>/results/posebench_702_predictions/chai1_gpu/posebusters_benchmark/6XM9_V55/default_s5_t200/predictions/scores.model_idx_0.npz,0.53376305103302,0.9528481960296631,0.42899179458618164,False,479.0,A:479,0.8100487096372453,11.0,11.0,10.0,57.0,"A:99:2.50,A:132:2.60,A:216:3.27,A:119:3.34,A:57:3.36,A:118:3.51,A:214:3.55,A:464:3.57,A:133:3.86,A:305:4.12,A:100:4.31,A:282:4.34",0.35265732505378894,False,False,3.101022846204566,False,2.0,5.0,ok,,,,,,,,,,,,,,,,
posebusters_benchmark,6XUM_30L,default_s5_t200,ok,83.028,results/posebench_702_predictions/chai1_gpu/posebusters_benchmark/6XUM_30L/default_s5_t200/predictions/pred.model_idx_1.cif,1.0,7.337010668072696,7.330548275991459,<REMOTE_PROJECT_ROOT>/results/posebench_702_predictions/chai1_gpu/posebusters_benchmark/6XUM_30L/default_s5_t200/predictions/scores.model_idx_1.npz,0.907181978225708,0.9745513796806335,0.8903396129608154,False,316.0,A:316,0.2896362337654792,25.0,25.0,10.0,66.0,"A:110:2.71,A:48:2.74,A:111:2.95,A:47:3.15,A:20:3.17,A:309:3.22,A:303:3.31,A:122:3.47,A:113:3.53,A:300:3.54,A:79:3.73,A:310:3.80",0.22653468569968435,False,False,7.285399944367583,False,4.0,5.0,ok,,,,,,,,,,,,,,,,
posebusters_benchmark,6Y7L_QMG,default_s5_t200,ok,63.913,results/posebench_702_predictions/chai1_gpu/posebusters_benchmark/6Y7L_QMG/default_s5_t200/predictions/pred.model_idx_2.cif,2.0,4.748557759901422,4.718223452622439,<REMOTE_PROJECT_ROOT>/results/posebench_702_predictions/chai1_gpu/posebusters_benchmark/6Y7L_QMG/default_s5_t200/predictions/scores.model_idx_2.npz,0.8806054592132568,0.9408969879150391,0.8655325174331665,False,113.0,A:113,0.6987629507698888,25.0,25.0,10.0,44.0,"A:79:2.93,A:23:3.21,A:85:3.22,A:32:3.38,A:24:3.61,A:28:3.69,A:33:3.79,A:26:4.02,A:78:4.30,A:75:4.36,A:22:4.38,A:27:4.38",0.34517275145711335,False,False,4.615418121844808,False,1.0,5.0,ok,,,,,,,,,,,,,,,,
posebusters_benchmark,6YDY_K73,default_s5_t200,ok,61.827,results/posebench_702_predictions/chai1_gpu/posebusters_benchmark/6YDY_K73/default_s5_t200/predictions/pred.model_idx_0.cif,0.0,5.659717837285109,5.660938663209817,<REMOTE_PROJECT_ROOT>/results/posebench_702_predictions/chai1_gpu/posebusters_benchmark/6YDY_K73/default_s5_t200/predictions/scores.model_idx_0.npz,0.9086319208145142,0.9770900011062622,0.8915174007415771,False,223.0,A:223,0.22323971375068677,28.0,28.0,10.0,69.0,"A:170:2.67,A:171:2.73,A:191:2.91,A:195:2.96,A:192:3.09,A:173:3.10,A:176:3.16,A:78:3.19,A:80:3.26,A:193:3.27,A:172:3.57,A:190:3.62",0.18859378658885653,False,False,5.628696254865819,False,1.0,5.0,ok,,,,,,,,,,,,,,,,
posebusters_benchmark,6YJA_2BA,default_s5_t200,ok,87.895,results/posebench_702_predictions/chai1_gpu/posebusters_benchmark/6YJA_2BA/default_s5_t200/predictions/pred.model_idx_1.cif,1.0,6.748071224566476,6.7645030358781275,<REMOTE_PROJECT_ROOT>/results/posebench_702_predictions/chai1_gpu/posebusters_benchmark/6YJA_2BA/default_s5_t200/predictions/scores.model_idx_1.npz,0.729533314704895,0.8374298810958862,0.7025591135025024,False,276.0,"A:141,B:135",1.3458481752781095,44.0,44.0,10.0,67.0,"B:37:2.78,B:122:2.78,A:127:2.88,B:15:2.90,B:36:2.91,B:13:3.07,B:35:3.20,B:105:3.21,B:118:3.39,B:104:3.41,B:121:3.42,B:120:3.42",0.5215645394118964,False,False,6.7477904704315135,False,2.0,5.0,ok,,,,,,,,,,,,,,,,
posebusters_benchmark,6YMS_OZH,default_s5_t200,ok,84.579,results/posebench_702_predictions/chai1_gpu/posebusters_benchmark/6YMS_OZH/default_s5_t200/predictions/pred.model_idx_0.cif,0.0,5.293023171398817,5.292453486862147,<REMOTE_PROJECT_ROOT>/results/posebench_702_predictions/chai1_gpu/posebusters_benchmark/6YMS_OZH/default_s5_t200/predictions/scores.model_idx_0.npz,0.8822855353355408,0.9708475470542908,0.8601449728012085,False,316.0,E:316,0.18444870393140347,35.0,35.0,10.0,78.0,"E:142:2.47,E:112:2.83,E:111:2.84,E:202:2.84,E:165:2.91,E:230:2.98,E:156:3.10,E:141:3.40,E:145:3.48,E:201:3.57,E:138:3.58,E:187:3.60",0.17835976079068325,False,False,5.266820685833089,False,1.0,5.0,ok,,,,,,,,,,,,,,,,
posebusters_benchmark,6YQV_8K2,default_s5_t200,ok,93.538,results/posebench_702_predictions/chai1_gpu/posebusters_benchmark/6YQV_8K2/default_s5_t200/predictions/pred.model_idx_1.cif,1.0,4.448731928195023,4.453186190474787,<REMOTE_PROJECT_ROOT>/results/posebench_702_predictions/chai1_gpu/posebusters_benchmark/6YQV_8K2/default_s5_t200/predictions/scores.model_idx_1.npz,0.8994134664535522,0.9668822288513184,0.8825462460517883,False,288.0,"L:28,H:250,I:10",0.605390539034549,10.0,10.0,10.0,56.0,"H:194:3.08,H:193:3.13,H:223:3.24,H:192:3.26,H:191:3.31,H:220:3.31,H:231:3.32,H:219:3.41,H:217:3.57,H:230:3.59,H:222:3.67,H:232:3.90",0.7159672768969529,False,False,4.347454556766345,False,4.0,5.0,ok,,,,,,,,,,,,,,,,
posebusters_benchmark,6YQW_82I,default_s5_t200,ok,62.229,results/posebench_702_predictions/chai1_gpu/posebusters_benchmark/6YQW_82I/default_s5_t200/predictions/pred.model_idx_2.cif,2.0,3.104806896016036,3.106446576858697,<REMOTE_PROJECT_ROOT>/results/posebench_702_predictions/chai1_gpu/posebusters_benchmark/6YQW_82I/default_s5_t200/predictions/scores.model_idx_2.npz,0.7853134870529175,0.9540344476699829,0.7431331872940063,False,101.0,A:101,0.2203835047349468,11.0,11.0,10.0,44.0,"A:22:2.91,A:78:2.94,A:77:3.37,A:84:3.42,A:23:3.47,A:31:3.53,A:32:3.54,A:27:3.61,A:35:4.14,A:74:4.32,A:21:5.32,A:73:5.68",0.23086383785012798,False,False,0.28767466906711586,True,1.0,5.0,ok,,,,,,,,,,,,,,,,
posebusters_benchmark,6YR2_T1C,default_s5_t200,ok,116.475,results/posebench_702_predictions/chai1_gpu/posebusters_benchmark/6YR2_T1C/default_s5_t200/predictions/pred.model_idx_0.cif,0.0,4.984080532321929,4.994689315878928,<REMOTE_PROJECT_ROOT>/results/posebench_702_predictions/chai1_gpu/posebusters_benchmark/6YR2_T1C/default_s5_t200/predictions/scores.model_idx_0.npz,0.8919378519058228,0.926856279373169,0.8832082152366638,False,404.0,"A:207,B:197",1.2398329217975128,42.0,42.0,10.0,107.0,"B:65:2.71,B:80:2.81,B:62:2.91,B:114:3.00,B:98:3.07,A:146:3.28,B:84:3.29,A:175:3.29,A:149:3.31,B:101:3.43,B:136:3.54,B:110:3.58",0.5794420017771034,False,False,4.994689315878928,False,0.0,5.0,ok,,,,,,,,,,,,,,,,
posebusters_benchmark,6YRV_PJ8,default_s5_t200,ok,172.476,results/posebench_702_predictions/chai1_gpu/posebusters_benchmark/6YRV_PJ8/default_s5_t200/predictions/pred.model_idx_1.cif,1.0,1.9768100078924378,1.7472872498076917,<REMOTE_PROJECT_ROOT>/results/posebench_702_predictions/chai1_gpu/posebusters_benchmark/6YRV_PJ8/default_s5_t200/predictions/scores.model_idx_1.npz,0.3903190791606903,0.9482987523078918,0.2508241534233093,False,573.0,A:573,4.260797329521099,17.0,17.0,10.0,88.0,"A:378:3.40,A:352:3.41,A:388:3.57,A:409:3.58,A:407:3.62,A:389:3.64,A:385:3.66,A:309:3.68,A:353:3.70,A:379:3.72,A:376:3.72,A:392:3.85",1.2709807319090047,True,True,1.7472872498076917,True,1.0,5.0,ok,,,,,,,,,,,,,,,,
posebusters_benchmark,6YSP_PAL,default_s5_t200,ok,287.997,results/posebench_702_predictions/chai1_gpu/posebusters_benchmark/6YSP_PAL/default_s5_t200/predictions/pred.model_idx_2.cif,2.0,32.402238769921695,32.545331036414865,<REMOTE_PROJECT_ROOT>/results/posebench_702_predictions/chai1_gpu/posebusters_benchmark/6YSP_PAL/default_s5_t200/predictions/scores.model_idx_2.npz,0.8862419128417969,0.9192272424697876,0.8779955506324768,False,934.0,"A:311,B:312,C:311",1.7163435509912117,16.0,16.0,10.0,74.0,"C:54:2.66,C:135:2.75,C:168:2.76,C:270:2.76,C:57:2.77,C:56:2.84,B:87:2.87,C:230:2.90,C:107:2.93,C:55:2.96,C:232:3.01,B:84:3.12",0.8384504735800767,False,False,32.2203806180106,False,4.0,5.0,ok,,,,,,,,,,,,,,,,
posebusters_benchmark,6YT6_PKE,default_s5_t200,ok,183.499,results/posebench_702_predictions/chai1_gpu/posebusters_benchmark/6YT6_PKE/default_s5_t200/predictions/pred.model_idx_4.cif,4.0,13.332784408625685,5.700445409360009,<REMOTE_PROJECT_ROOT>/results/posebench_702_predictions/chai1_gpu/posebusters_benchmark/6YT6_PKE/default_s5_t200/predictions/scores.model_idx_4.npz,0.5245050191879272,0.6073178648948669,0.5038017630577087,False,514.0,"A:256,B:258",21.27568861237267,31.0,31.0,10.0,61.0,"B:12:2.89,B:88:2.93,B:136:3.09,B:15:3.18,B:16:3.34,B:86:3.35,B:92:3.43,B:139:3.44,B:87:3.46,B:22:3.50,B:38:3.55,B:91:3.57",0.9923949625877296,False,False,5.682901569789241,False,1.0,5.0,ok,,,,,,,,,,,,,,,,
posebusters_benchmark,6YYO_Q1K,default_s5_t200,ok,115.523,results/posebench_702_predictions/chai1_gpu/posebusters_benchmark/6YYO_Q1K/default_s5_t200/predictions/pred.model_idx_2.cif,2.0,6.0336155230293835,5.660048199502649,<REMOTE_PROJECT_ROOT>/results/posebench_702_predictions/chai1_gpu/posebusters_benchmark/6YYO_Q1K/default_s5_t200/predictions/scores.model_idx_2.npz,0.34252381324768066,0.6081309914588928,0.27612200379371643,False,440.0,"A:220,B:220",5.322847508178844,19.0,19.0,10.0,74.0,"B:163:3.13,A:115:3.15,B:164:3.16,B:137:3.26,B:69:3.30,B:211:3.30,B:165:3.32,B:115:3.53,B:71:3.55,A:70:3.56,B:162:3.65,B:70:3.75",2.6567045971508754,False,False,5.660048199502649,False,2.0,5.0,ok,,,,,,,,,,,,,,,,
posebusters_benchmark,6Z0R_Q4H,default_s5_t200,ok,85.769,results/posebench_702_predictions/chai1_gpu/posebusters_benchmark/6Z0R_Q4H/default_s5_t200/predictions/pred.model_idx_4.cif,4.0,0.7028330658862386,0.20142064209378543,<REMOTE_PROJECT_ROOT>/results/posebench_702_predictions/chai1_gpu/posebusters_benchmark/6Z0R_Q4H/default_s5_t200/predictions/scores.model_idx_4.npz,0.8796491622924805,0.9434099197387695,0.8637089729309082,False,295.0,A:295,1.9459054461651535,9.0,9.0,10.0,42.0,"A:90:2.88,A:212:2.95,A:92:2.97,A:68:2.98,A:94:3.38,A:28:3.39,A:26:3.49,A:91:3.71,A:18:3.77,A:89:3.83,A:211:3.86,A:93:5.40",0.35110211603968483,True,True,0.15711571167458946,True,3.0,5.0,ok,,,,,,,,,,,,,,,,
posebusters_benchmark,6Z14_Q4Z,default_s5_t200,ok,176.163,results/posebench_702_predictions/chai1_gpu/posebusters_benchmark/6Z14_Q4Z/default_s5_t200/predictions/pred.model_idx_4.cif,4.0,5.9231449396346285,5.743282094849232,<REMOTE_PROJECT_ROOT>/results/posebench_702_predictions/chai1_gpu/posebusters_benchmark/6Z14_Q4Z/default_s5_t200/predictions/scores.model_idx_4.npz,0.8267673850059509,0.9047386646270752,0.807274580001831,False,694.0,J:694,3.372269401583063,18.0,18.0,10.0,68.0,"J:491:2.65,J:162:2.82,J:441:2.88,J:444:2.93,J:455:2.95,J:489:3.27,J:443:3.40,J:271:3.45,J:392:3.52,J:411:3.54,J:453:3.57,J:191:4.09",1.8774951626086533,False,False,5.637990193466091,False,2.0,5.0,ok,,,,,,,,,,,,,,,,
posebusters_benchmark,6Z1C_7EY,default_s5_t200,ok,83.151,results/posebench_702_predictions/chai1_gpu/posebusters_benchmark/6Z1C_7EY/default_s5_t200/predictions/pred.model_idx_3.cif,3.0,5.933049884908571,5.962213782724978,<REMOTE_PROJECT_ROOT>/results/posebench_702_predictions/chai1_gpu/posebusters_benchmark/6Z1C_7EY/default_s5_t200/predictions/scores.model_idx_3.npz,0.8817222118377686,0.9647974967956543,0.8609533905982971,False,331.0,A:331,0.8155043800130757,22.0,22.0,10.0,64.0,"A:166:2.68,A:59:2.90,A:107:2.97,A:105:3.08,A:57:3.47,A:36:3.50,A:104:3.54,A:165:3.57,A:109:3.63,A:38:3.73,A:154:3.78,A:44:3.87",0.4551579045109092,False,False,5.962062340442677,False,0.0,5.0,ok,,,,,,,,,,,,,,,,
posebusters_benchmark,6Z2C_Q5E,default_s5_t200,ok,186.847,results/posebench_702_predictions/chai1_gpu/posebusters_benchmark/6Z2C_Q5E/default_s5_t200/predictions/pred.model_idx_2.cif,2.0,36.91497487386128,23.38799276036411,<REMOTE_PROJECT_ROOT>/results/posebench_702_predictions/chai1_gpu/posebusters_benchmark/6Z2C_Q5E/default_s5_t200/predictions/scores.model_idx_2.npz,0.29990720748901367,0.4511319696903229,0.26210102438926697,False,531.0,"A:178,B:177,C:176",22.947757167453535,26.0,26.0,10.0,62.0,"B:100:2.92,B:67:3.13,B:78:3.14,B:45:3.33,B:65:3.40,B:131:3.42,B:120:3.49,B:33:3.55,B:103:3.60,B:48:3.60,B:76:3.82,B:97:3.85",3.012050445233681,False,False,22.358776605168384,False,3.0,5.0,ok,,,,,,,,,,,,,,,,
posebusters_benchmark,6Z4N_Q7B,default_s5_t200,ok,180.247,results/posebench_702_predictions/chai1_gpu/posebusters_benchmark/6Z4N_Q7B/default_s5_t200/predictions/pred.model_idx_2.cif,2.0,5.113325186060472,5.062567048077382,<REMOTE_PROJECT_ROOT>/results/posebench_702_predictions/chai1_gpu/posebusters_benchmark/6Z4N_Q7B/default_s5_t200/predictions/scores.model_idx_2.npz,0.8320921659469604,0.8988932967185974,0.8153918385505676,False,639.0,"A:321,B:318",1.6277784327091165,20.0,20.0,10.0,73.0,"B:69:2.69,B:143:2.77,B:73:2.83,B:72:2.88,B:71:3.11,B:229:3.33,B:228:3.50,B:232:3.56,B:120:3.58,B:42:3.59,B:70:3.69,B:144:3.72",1.044905721781377,False,False,3.989783090868704,False,1.0,5.0,ok,,,,,,,,,,,,,,,,
posebusters_benchmark,6Z5Z_BDF,default_s5_t200,ok,62.784,results/posebench_702_predictions/chai1_gpu/posebusters_benchmark/6Z5Z_BDF/default_s5_t200/predictions/pred.model_idx_0.cif,0.0,17.68699160877495,17.725230055174883,<REMOTE_PROJECT_ROOT>/results/posebench_702_predictions/chai1_gpu/posebusters_benchmark/6Z5Z_BDF/default_s5_t200/predictions/scores.model_idx_0.npz,0.8286367654800415,0.9254857897758484,0.8044244647026062,False,88.0,A:88,0.5780037862644818,12.0,12.0,10.0,23.0,"A:71:2.64,A:60:2.84,A:83:3.04,A:84:3.53,A:82:3.72,A:73:4.22,A:75:4.39,A:62:4.51,A:51:5.08,A:81:5.44,A:80:6.30,A:85:6.65",0.3419309536964061,False,False,17.616960212928635,False,4.0,5.0,ok,,,,,,,,,,,,,,,,
posebusters_benchmark,6ZAE_ACV,default_s5_t200,ok,82.787,results/posebench_702_predictions/chai1_gpu/posebusters_benchmark/6ZAE_ACV/default_s5_t200/predictions/pred.model_idx_4.cif,4.0,7.20089187013504,7.200196847619198,<REMOTE_PROJECT_ROOT>/results/posebench_702_predictions/chai1_gpu/posebusters_benchmark/6ZAE_ACV/default_s5_t200/predictions/scores.model_idx_4.npz,0.6440824270248413,0.9530031681060791,0.5668522119522095,False,328.0,A:328,0.39250136122475604,24.0,24.0,10.0,92.0,"A:179:2.64,A:185:2.68,A:277:2.71,A:83:2.77,A:87:2.99,A:212:3.15,A:210:3.26,A:281:3.38,A:183:3.66,A:207:3.67,A:279:3.77,A:317:3.80",0.2384321745358284,False,False,7.200196847619198,False,4.0,5.0,ok,,,,,,,,,,,,,,,,
posebusters_benchmark,6ZC3_JOR,default_s5_t200,ok,69.279,results/posebench_702_predictions/chai1_gpu/posebusters_benchmark/6ZC3_JOR/default_s5_t200/predictions/pred.model_idx_0.cif,0.0,11.658456260064218,7.164483761811871,<REMOTE_PROJECT_ROOT>/results/posebench_702_predictions/chai1_gpu/posebusters_benchmark/6ZC3_JOR/default_s5_t200/predictions/scores.model_idx_0.npz,0.35754603147506714,0.6191185712814331,0.29215288162231445,False,183.0,"A:90,B:93",12.607941308573212,15.0,15.0,10.0,54.0,"B:17:2.78,B:16:2.93,B:80:3.14,B:18:3.18,A:57:3.30,B:76:3.33,B:15:3.48,B:79:3.52,B:75:3.60,B:72:3.66,B:20:3.86,A:58:4.42",9.863789277631682,False,False,6.702653569425953,False,1.0,5.0,ok,,,,,,,,,,,,,,,,
posebusters_benchmark,6ZCY_QF8,default_s5_t200,ok,83.384,results/posebench_702_predictions/chai1_gpu/posebusters_benchmark/6ZCY_QF8/default_s5_t200/predictions/pred.model_idx_3.cif,3.0,5.998545017533711,6.004127402074069,<REMOTE_PROJECT_ROOT>/results/posebench_702_predictions/chai1_gpu/posebusters_benchmark/6ZCY_QF8/default_s5_t200/predictions/scores.model_idx_3.npz,0.9168519973754883,0.9607037305831909,0.9058890342712402,False,265.0,A:265,1.1179424109151874,33.0,33.0,10.0,63.0,"A:126:2.75,A:140:2.76,A:127:2.94,A:79:2.97,A:77:3.30,A:14:3.31,A:76:3.37,A:78:3.41,A:35:3.44,A:83:3.52,A:129:3.53,A:82:3.60",1.7668418018136016,False,False,5.976382796113979,False,2.0,5.0,ok,,,,,,,,,,,,,,,,
posebusters_benchmark,6ZK5_IMH,default_s5_t200,ok,174.859,results/posebench_702_predictions/chai1_gpu/posebusters_benchmark/6ZK5_IMH/default_s5_t200/predictions/pred.model_idx_3.cif,3.0,36.446067739203066,35.91744283601655,<REMOTE_PROJECT_ROOT>/results/posebench_702_predictions/chai1_gpu/posebusters_benchmark/6ZK5_IMH/default_s5_t200/predictions/scores.model_idx_3.npz,0.8558561205863953,0.9237197637557983,0.8388901948928833,False,632.0,"A:316,B:316",0.9217111217198579,19.0,19.0,10.0,78.0,"A:12:2.58,A:240:2.65,A:164:2.69,A:158:2.81,A:123:2.84,A:37:2.95,A:13:2.96,A:226:3.01,A:166:3.31,A:165:3.32,A:223:3.40,A:81:3.42",0.7052141587891974,False,False,35.4048794206337,False,1.0,5.0,ok,,,,,,,,,,,,,,,,
posebusters_benchmark,6ZPB_3D1,default_s5_t200,ok,63.356,results/posebench_702_predictions/chai1_gpu/posebusters_benchmark/6ZPB_3D1/default_s5_t200/predictions/pred.model_idx_4.cif,4.0,16.869106810779954,17.04923741300809,<REMOTE_PROJECT_ROOT>/results/posebench_702_predictions/chai1_gpu/posebusters_benchmark/6ZPB_3D1/default_s5_t200/predictions/scores.model_idx_4.npz,0.3079371452331543,0.8724682331085205,0.16680437326431274,False,173.0,A:173,2.3758707258019975,18.0,18.0,10.0,53.0,"A:72:2.58,A:17:3.05,A:75:3.21,A:74:3.28,A:76:3.44,A:140:3.46,A:73:3.51,A:136:3.51,A:20:3.53,A:19:3.60,A:16:3.69,A:139:3.85",1.1934620715143658,False,False,17.04923741300809,False,4.0,5.0,ok,,,,,,,,,,,,,,,,
posebusters_benchmark,6ZR8_QOZ,default_s5_t200,ok,82.449,results/posebench_702_predictions/chai1_gpu/posebusters_benchmark/6ZR8_QOZ/default_s5_t200/predictions/pred.model_idx_0.cif,0.0,3.855957289485686,3.866407776251771,<REMOTE_PROJECT_ROOT>/results/posebench_702_predictions/chai1_gpu/posebusters_benchmark/6ZR8_QOZ/default_s5_t200/predictions/scores.model_idx_0.npz,0.8894112706184387,0.9663313627243042,0.8701812028884888,False,260.0,A:260,0.3206554141216243,33.0,33.0,10.0,69.0,"A:198:2.84,A:94:3.24,A:197:3.30,A:96:3.32,A:199:3.36,A:119:3.43,A:208:3.52,A:201:3.54,A:92:3.62,A:121:3.73,A:203:3.77,A:142:3.80",0.33922882723261527,False,False,3.639770614256409,False,1.0,5.0,ok,,,,,,,,,,,,,,,,
posebusters_benchmark,6ZT2_QPK,default_s5_t200,ok,82.54,results/posebench_702_predictions/chai1_gpu/posebusters_benchmark/6ZT2_QPK/default_s5_t200/predictions/pred.model_idx_4.cif,4.0,3.0901216938531144,3.077961921616019,<REMOTE_PROJECT_ROOT>/results/posebench_702_predictions/chai1_gpu/posebusters_benchmark/6ZT2_QPK/default_s5_t200/predictions/scores.model_idx_4.npz,0.7657217383384705,0.9649813175201416,0.7159068584442139,False,252.0,A:252,0.35795396508854044,10.0,10.0,10.0,56.0,"A:149:2.55,A:136:2.59,A:138:3.27,A:181:3.32,A:88:3.38,A:187:3.66,A:190:3.74,A:186:4.02,A:143:4.18,A:180:4.30,A:179:4.32,A:137:4.87",0.2090588617237491,False,False,3.077961921616019,False,4.0,5.0,ok,,,,,,,,,,,,,,,,
posebusters_benchmark,6ZX3_QRZ,default_s5_t200,ok,83.274,results/posebench_702_predictions/chai1_gpu/posebusters_benchmark/6ZX3_QRZ/default_s5_t200/predictions/pred.model_idx_0.cif,0.0,6.370895007460328,6.366643388634815,<REMOTE_PROJECT_ROOT>/results/posebench_702_predictions/chai1_gpu/posebusters_benchmark/6ZX3_QRZ/default_s5_t200/predictions/scores.model_idx_0.npz,0.920138418674469,0.970304012298584,0.907597005367279,False,257.0,A:257,1.1050664516485098,24.0,24.0,10.0,73.0,"A:208:2.66,A:227:2.73,A:35:2.75,A:148:2.77,A:88:2.86,A:57:2.86,A:226:2.88,A:206:2.92,A:147:3.09,A:33:3.16,A:59:3.36,A:193:3.40",0.25760784730349895,False,False,6.3469910370512705,False,4.0,5.0,ok,,,,,,,,,,,,,,,,
posebusters_benchmark,6ZXQ_IMO,default_s5_t200,ok,114.438,results/posebench_702_predictions/chai1_gpu/posebusters_benchmark/6ZXQ_IMO/default_s5_t200/predictions/pred.model_idx_4.cif,4.0,5.888864906996104,5.868558599476597,<REMOTE_PROJECT_ROOT>/results/posebench_702_predictions/chai1_gpu/posebusters_benchmark/6ZXQ_IMO/default_s5_t200/predictions/scores.model_idx_4.npz,0.7405693531036377,0.9441664218902588,0.6896700859069824,False,410.0,A:410,0.566312915188151,27.0,27.0,10.0,92.0,"A:228:2.62,A:38:2.63,A:119:2.68,A:262:2.71,A:13:2.77,A:35:2.79,A:213:2.81,A:292:2.88,A:10:2.89,A:37:2.93,A:117:3.26,A:227:3.27",0.4373182850169962,False,False,5.739858488904669,False,2.0,5.0,ok,,,,,,,,,,,,,,,,
posebusters_benchmark,7A1P_QW2,default_s5_t200,ok,87.42,results/posebench_702_predictions/chai1_gpu/posebusters_benchmark/7A1P_QW2/default_s5_t200/predictions/pred.model_idx_2.cif,2.0,3.2939611690321806,3.311809915838114,<REMOTE_PROJECT_ROOT>/results/posebench_702_predictions/chai1_gpu/posebusters_benchmark/7A1P_QW2/default_s5_t200/predictions/scores.model_idx_2.npz,0.6686869859695435,0.9153962135314941,0.6070096492767334,False,356.0,"A:338,B:18",0.7756619956407393,13.0,13.0,10.0,76.0,"A:133:2.50,A:184:2.55,A:202:2.75,A:187:2.90,A:282:2.97,A:189:2.99,A:193:3.08,A:267:3.12,A:284:3.21,A:135:3.38,A:195:3.39,A:269:3.52",0.44926115140850537,False,False,3.1762223677649972,False,1.0,5.0,ok,,,,,,,,,,,,,,,,
posebusters_benchmark,7A9E_R4W,default_s5_t200,ok,108.736,results/posebench_702_predictions/chai1_gpu/posebusters_benchmark/7A9E_R4W/default_s5_t200/predictions/pred.model_idx_1.cif,1.0,17.96559496860152,17.183163935553413,<REMOTE_PROJECT_ROOT>/results/posebench_702_predictions/chai1_gpu/posebusters_benchmark/7A9E_R4W/default_s5_t200/predictions/scores.model_idx_1.npz,0.29078036546707153,0.9471874237060547,0.12667858600616455,False,379.0,A:379,1.7774535278107455,6.0,6.0,10.0,41.0,"A:41:2.97,A:48:2.97,A:42:3.12,A:40:3.25,A:47:3.52,A:53:3.53,A:87:3.54,A:43:3.56,A:61:4.07,A:50:4.30,A:39:4.51,A:44:4.53",2.4567374282394363,False,False,9.485784572248441,False,0.0,5.0,ok,,,,,,,,,,,,,,,,
posebusters_benchmark,7A9H_TPP,default_s5_t200,exception,51.21,,,,,,,,,,,,,,,,,,,,,,,,,not_ok,RuntimeError,,,,,,,,,,,,,,,
posebusters_benchmark,7AA0_R6B,default_s5_t200,ok,88.137,results/posebench_702_predictions/chai1_gpu/posebusters_benchmark/7AA0_R6B/default_s5_t200/predictions/pred.model_idx_3.cif,3.0,17.685579399894035,5.126321390837333,<REMOTE_PROJECT_ROOT>/results/posebench_702_predictions/chai1_gpu/posebusters_benchmark/7AA0_R6B/default_s5_t200/predictions/scores.model_idx_3.npz,0.5864688158035278,0.6786978244781494,0.5634115934371948,False,274.0,"B:137,A:137",15.802416717945508,26.0,26.0,10.0,64.0,"B:133:2.42,B:131:2.94,B:76:3.49,B:38:3.51,B:53:3.56,B:120:3.58,B:57:3.61,B:31:3.62,B:35:3.69,B:27:3.75,B:58:3.77,B:30:3.80",3.806036380866562,False,False,5.073266810934797,False,4.0,5.0,ok,,,,,,,,,,,,,,,,
posebusters_benchmark,7AFX_R9K,default_s5_t200,ok,117.293,results/posebench_702_predictions/chai1_gpu/posebusters_benchmark/7AFX_R9K/default_s5_t200/predictions/pred.model_idx_0.cif,0.0,15.148460811344355,15.160786170713557,<REMOTE_PROJECT_ROOT>/results/posebench_702_predictions/chai1_gpu/posebusters_benchmark/7AFX_R9K/default_s5_t200/predictions/scores.model_idx_0.npz,0.7457095980644226,0.8461772203445435,0.7205926179885864,False,463.0,"A:231,B:232",0.7779247998129132,20.0,20.0,10.0,67.0,"A:178:2.78,A:173:2.91,A:208:2.99,A:147:3.22,A:55:3.43,A:166:3.47,A:35:3.51,A:177:3.61,A:30:3.85,A:86:3.86,B:32:3.91,A:84:4.42",0.5124713741550999,False,False,15.134353767585388,False,2.0,5.0,ok,,,,,,,,,,,,,,,,
posebusters_benchmark,7AKL_RK5,default_s5_t200,ok,82.173,results/posebench_702_predictions/chai1_gpu/posebusters_benchmark/7AKL_RK5/default_s5_t200/predictions/pred.model_idx_0.cif,0.0,4.683728907332354,4.678003375082558,<REMOTE_PROJECT_ROOT>/results/posebench_702_predictions/chai1_gpu/posebusters_benchmark/7AKL_RK5/default_s5_t200/predictions/scores.model_idx_0.npz,0.7263172268867493,0.9551970958709717,0.6690972447395325,False,329.0,A:329,1.0991208737749139,19.0,19.0,10.0,64.0,"A:55:2.82,A:40:2.96,A:93:3.21,A:159:3.27,A:90:3.27,A:22:3.41,A:91:3.56,A:38:3.61,A:17:3.65,A:146:3.70,A:158:3.80,A:94:3.88",0.3635917823292779,False,False,4.460947724791933,False,2.0,5.0,ok,,,,,,,,,,,,,,,,
posebusters_benchmark,7AMC_73B,default_s5_t200,ok,83.211,results/posebench_702_predictions/chai1_gpu/posebusters_benchmark/7AMC_73B/default_s5_t200/predictions/pred.model_idx_1.cif,1.0,43.92535952925819,42.09531881375945,<REMOTE_PROJECT_ROOT>/results/posebench_702_predictions/chai1_gpu/posebusters_benchmark/7AMC_73B/default_s5_t200/predictions/scores.model_idx_1.npz,0.6150912642478943,0.7080237865447998,0.5918581485748291,False,230.0,"A:115,B:115",14.183805565407061,31.0,31.0,10.0,49.0,"B:85:2.89,B:27:3.30,B:39:3.52,B:81:3.70,B:90:3.70,B:37:3.73,B:91:3.77,B:28:3.85,B:26:3.96,B:42:4.10,B:84:4.16,B:32:4.18",0.7281197605357476,False,False,42.09531881375945,False,1.0,5.0,ok,,,,,,,,,,,,,,,,
posebusters_benchmark,7AN5_RDH,default_s5_t200,ok,179.68,results/posebench_702_predictions/chai1_gpu/posebusters_benchmark/7AN5_RDH/default_s5_t200/predictions/pred.model_idx_3.cif,3.0,40.15509179001055,39.491564283883925,<REMOTE_PROJECT_ROOT>/results/posebench_702_predictions/chai1_gpu/posebusters_benchmark/7AN5_RDH/default_s5_t200/predictions/scores.model_idx_3.npz,0.6039837598800659,0.7130827903747559,0.576708972454071,False,565.0,"A:281,B:284",1.8758207739311732,15.0,15.0,10.0,71.0,"A:82:2.48,A:55:2.68,A:105:2.77,A:108:2.79,A:13:2.84,A:147:2.85,A:106:2.91,A:83:3.01,A:107:3.17,A:238:3.27,A:182:3.32,A:146:3.33",0.3888995303506046,False,False,39.009145110458036,False,1.0,5.0,ok,,,,,,,,,,,,,,,,
posebusters_benchmark,7AS1_21G,default_s5_t200,ok,62.437,results/posebench_702_predictions/chai1_gpu/posebusters_benchmark/7AS1_21G/default_s5_t200/predictions/pred.model_idx_2.cif,2.0,12.807475492254381,13.028735710329428,<REMOTE_PROJECT_ROOT>/results/posebench_702_predictions/chai1_gpu/posebusters_benchmark/7AS1_21G/default_s5_t200/predictions/scores.model_idx_2.npz,0.13346132636070251,0.25600898265838623,0.10282441973686218,False,162.0,A:162,14.173554407997116,29.0,29.0,10.0,59.0,"A:34:2.67,A:108:2.76,A:40:2.80,A:55:2.90,A:83:3.18,A:36:3.28,A:110:3.34,A:85:3.42,A:2:3.51,A:42:3.55,A:4:3.79,A:16:3.94",11.423825233924692,False,False,7.342015697549588,False,4.0,5.0,ok,,,,,,,,,,,,,,,,
posebusters_benchmark,7AVI_S2Q,default_s5_t200,ok,278.046,results/posebench_702_predictions/chai1_gpu/posebusters_benchmark/7AVI_S2Q/default_s5_t200/predictions/pred.model_idx_1.cif,1.0,60.7209015705394,40.08645459244051,<REMOTE_PROJECT_ROOT>/results/posebench_702_predictions/chai1_gpu/posebusters_benchmark/7AVI_S2Q/default_s5_t200/predictions/scores.model_idx_1.npz,0.24679121375083923,0.5342684984207153,0.1749219000339508,False,944.0,"A:472,B:472",29.94506994833978,27.0,27.0,10.0,47.0,"A:306:2.94,A:325:3.37,A:317:3.39,A:332:3.40,A:311:3.46,A:328:3.51,A:329:3.52,A:305:3.63,A:302:4.03,A:320:4.69,A:324:4.73,A:336:4.80",0.37251533201106934,False,False,7.233501431636415,False,3.0,5.0,ok,,,,,,,,,,,,,,,,
posebusters_benchmark,7B0E_C2E,default_s5_t200,ok,84.173,results/posebench_702_predictions/chai1_gpu/posebusters_benchmark/7B0E_C2E/default_s5_t200/predictions/pred.model_idx_1.cif,1.0,8.448166566935608,8.268582793239863,<REMOTE_PROJECT_ROOT>/results/posebench_702_predictions/chai1_gpu/posebusters_benchmark/7B0E_C2E/default_s5_t200/predictions/scores.model_idx_1.npz,0.5077004432678223,0.8992570042610168,0.4098113179206848,False,270.0,A:270,0.9413374370208936,46.0,46.0,10.0,45.0,"A:79:2.68,A:187:2.73,A:80:2.91,A:77:2.94,A:110:2.95,A:141:2.95,A:75:2.98,A:142:3.02,A:111:3.21,A:140:3.27,A:159:3.27,A:113:3.59",0.45718155602379734,False,False,8.220025021047647,False,4.0,5.0,ok,,,,,,,,,,,,,,,,
posebusters_benchmark,7B2C_TP7,default_s5_t200,exception,9.608,,,,,,,,,,,,,,,,,,,,,,,,,not_ok,UnsupportedInputError,,,,,,,,,,,,,,,
posebusters_benchmark,7B94_ANP,default_s5_t200,ok,182.039,results/posebench_702_predictions/chai1_gpu/posebusters_benchmark/7B94_ANP/default_s5_t200/predictions/pred.model_idx_4.cif,4.0,28.612930369830455,28.413048523360512,<REMOTE_PROJECT_ROOT>/results/posebench_702_predictions/chai1_gpu/posebusters_benchmark/7B94_ANP/default_s5_t200/predictions/scores.model_idx_4.npz,0.5875338315963745,0.6511099338531494,0.5716397762298584,False,596.0,"A:301,B:295",10.32702361197327,31.0,31.0,10.0,69.0,"A:157:2.64,A:175:2.72,A:120:2.74,A:64:2.79,A:162:2.80,A:161:2.80,A:111:2.82,A:117:2.86,A:159:3.01,A:113:3.09,A:44:3.16,A:110:3.34",5.8725912783327665,False,False,24.832519200015792,False,2.0,5.0,ok,,,,,,,,,,,,,,,,
posebusters_benchmark,7BA0_T5H,default_s5_t200,ok,62.903,results/posebench_702_predictions/chai1_gpu/posebusters_benchmark/7BA0_T5H/default_s5_t200/predictions/pred.model_idx_1.cif,1.0,7.666192079114273,7.661560671506636,<REMOTE_PROJECT_ROOT>/results/posebench_702_predictions/chai1_gpu/posebusters_benchmark/7BA0_T5H/default_s5_t200/predictions/scores.model_idx_1.npz,0.9234630465507507,0.954906702041626,0.9156021475791931,False,128.0,A:128,1.4808252704676919,55.0,55.0,10.0,63.0,"A:100:2.71,A:74:2.94,A:55:3.23,A:73:3.31,A:77:3.35,A:72:3.38,A:99:3.41,A:71:3.49,A:108:3.55,A:44:3.57,A:64:3.65,A:117:3.73",0.5715357515977653,False,False,7.623080119605208,False,3.0,5.0,ok,,,,,,,,,,,,,,,,
posebusters_benchmark,7BCP_GCO,default_s5_t200,ok,86.417,results/posebench_702_predictions/chai1_gpu/posebusters_benchmark/7BCP_GCO/default_s5_t200/predictions/pred.model_idx_0.cif,0.0,3.0129667904334005,3.0124574175539767,<REMOTE_PROJECT_ROOT>/results/posebench_702_predictions/chai1_gpu/posebusters_benchmark/7BCP_GCO/default_s5_t200/predictions/scores.model_idx_0.npz,0.7531838417053223,0.9423362612724304,0.705895721912384,False,310.0,A:310,0.5064184377358233,13.0,13.0,10.0,78.0,"A:187:2.58,A:50:2.59,A:68:2.78,A:12:2.81,A:147:2.86,A:123:2.99,A:126:3.01,A:11:3.22,A:66:3.39,A:214:3.41,A:149:3.47,A:170:3.54",0.43234470689778504,False,False,2.992291323843191,False,4.0,5.0,ok,,,,,,,,,,,,,,,,
posebusters_benchmark,7BHX_TO5,default_s5_t200,ok,109.73,results/posebench_702_predictions/chai1_gpu/posebusters_benchmark/7BHX_TO5/default_s5_t200/predictions/pred.model_idx_4.cif,4.0,33.39701932111037,34.24620949596392,<REMOTE_PROJECT_ROOT>/results/posebench_702_predictions/chai1_gpu/posebusters_benchmark/7BHX_TO5/default_s5_t200/predictions/scores.model_idx_4.npz,0.38446304202079773,0.911838948726654,0.25261905789375305,False,380.0,A:380,0.7422401380923518,21.0,21.0,10.0,34.0,"A:299:3.41,A:317:3.42,A:259:3.48,A:316:3.65,A:315:3.70,A:301:3.78,A:260:3.84,A:326:4.05,A:123:4.32,A:300:4.37,A:319:4.58,A:261:6.61",0.470140169810319,False,False,33.86002216428788,False,0.0,5.0,ok,,,,,,,,,,,,,,,,
posebusters_benchmark,7BJ6_TVK,default_s5_t200,ok,62.257,results/posebench_702_predictions/chai1_gpu/posebusters_benchmark/7BJ6_TVK/default_s5_t200/predictions/pred.model_idx_1.cif,1.0,6.172822749964999,6.172476061072691,<REMOTE_PROJECT_ROOT>/results/posebench_702_predictions/chai1_gpu/posebusters_benchmark/7BJ6_TVK/default_s5_t200/predictions/scores.model_idx_1.npz,0.9007972478866577,0.9528353810310364,0.8877876996994019,False,92.0,A:92,0.6204268626720126,37.0,37.0,10.0,59.0,"A:55:2.58,A:37:3.23,A:41:3.31,A:44:3.32,A:79:3.57,A:42:3.60,A:76:3.64,A:57:3.72,A:38:3.73,A:82:3.76,A:83:3.80,A:45:3.81",0.6878188215636288,False,False,6.063413636365364,False,0.0,5.0,ok,,,,,,,,,,,,,,,,
posebusters_benchmark,7BJJ_TVW,default_s5_t200,ok,81.591,results/posebench_702_predictions/chai1_gpu/posebusters_benchmark/7BJJ_TVW/default_s5_t200/predictions/pred.model_idx_4.cif,4.0,1.5582310877507335,1.5314156173027302,<REMOTE_PROJECT_ROOT>/results/posebench_702_predictions/chai1_gpu/posebusters_benchmark/7BJJ_TVW/default_s5_t200/predictions/scores.model_idx_4.npz,0.6559297442436218,0.956122636795044,0.5808814764022827,False,260.0,A:260,0.6899749472187732,10.0,10.0,10.0,52.0,"A:74:2.88,A:76:3.10,A:126:3.37,A:33:3.55,A:20:3.63,A:75:3.78,A:57:3.90,A:12:3.91,A:73:3.95,A:136:4.76,A:13:4.90,A:77:5.36",0.41011027307639736,True,True,1.5314156173027302,True,4.0,5.0,ok,,,,,,,,,,,,,,,,
posebusters_benchmark,7BKA_4JC,default_s5_t200,ok,297.55,results/posebench_702_predictions/chai1_gpu/posebusters_benchmark/7BKA_4JC/default_s5_t200/predictions/pred.model_idx_1.cif,1.0,27.43939840234414,19.783453289470124,<REMOTE_PROJECT_ROOT>/results/posebench_702_predictions/chai1_gpu/posebusters_benchmark/7BKA_4JC/default_s5_t200/predictions/scores.model_idx_1.npz,0.5837763547897339,0.6596896052360535,0.5647980570793152,False,844.0,"A:169,B:170,C:167,D:167,E:171",25.177760558468645,12.0,12.0,10.0,72.0,"D:81:2.57,E:78:2.97,E:69:2.99,D:85:3.22,E:79:3.55,D:102:3.55,D:100:3.57,E:77:3.59,D:84:3.62,D:24:3.63,E:70:3.64,D:101:3.69",0.4714940728710388,False,False,19.556965890718168,False,0.0,5.0,ok,,,,,,,,,,,,,,,,
posebusters_benchmark,7BLA_WCS,default_s5_t200,ok,65.315,results/posebench_702_predictions/chai1_gpu/posebusters_benchmark/7BLA_WCS/default_s5_t200/predictions/pred.model_idx_2.cif,2.0,6.9780014990376245,6.972746086595976,<REMOTE_PROJECT_ROOT>/results/posebench_702_predictions/chai1_gpu/posebusters_benchmark/7BLA_WCS/default_s5_t200/predictions/scores.model_idx_2.npz,0.865372896194458,0.9543336033821106,0.843132734298706,False,102.0,A:102,0.5442232054606929,32.0,32.0,10.0,48.0,"A:76:2.82,A:33:2.88,A:72:3.18,A:29:3.25,A:82:3.28,A:20:3.39,A:25:3.49,A:21:3.51,A:30:3.63,A:75:3.70,A:19:4.05,A:71:4.38",0.4672917378397986,False,False,6.808032851903428,False,1.0,5.0,ok,,,,,,,,,,,,,,,,
posebusters_benchmark,7BLG_GAL,default_s5_t200,ok,62.028,results/posebench_702_predictions/chai1_gpu/posebusters_benchmark/7BLG_GAL/default_s5_t200/predictions/pred.model_idx_4.cif,4.0,3.4808895557713355,3.3786702933474357,<REMOTE_PROJECT_ROOT>/results/posebench_702_predictions/chai1_gpu/posebusters_benchmark/7BLG_GAL/default_s5_t200/predictions/scores.model_idx_4.npz,0.7719568014144897,0.9356878399848938,0.7310240268707275,False,142.0,A:142,1.2020506963216966,12.0,12.0,10.0,32.0,"A:33:2.73,A:71:2.88,A:66:2.98,A:36:3.51,A:130:3.80,A:126:4.75,A:31:4.84,A:72:6.02,A:68:6.16,A:70:6.33,A:35:6.45,A:38:6.45",1.6826895382807625,False,False,3.2010222306862706,False,2.0,5.0,ok,,,,,,,,,,,,,,,,
posebusters_benchmark,7BMI_U4B,default_s5_t200,ok,113.929,results/posebench_702_predictions/chai1_gpu/posebusters_benchmark/7BMI_U4B/default_s5_t200/predictions/pred.model_idx_2.cif,2.0,3.612518619039409,3.6808329939339806,<REMOTE_PROJECT_ROOT>/results/posebench_702_predictions/chai1_gpu/posebusters_benchmark/7BMI_U4B/default_s5_t200/predictions/scores.model_idx_2.npz,0.7348771691322327,0.8915786743164062,0.6957017183303833,False,447.0,"A:429,B:18",3.4846484467428707,13.0,13.0,10.0,68.0,"A:405:2.61,A:338:2.70,A:358:2.77,A:360:2.85,A:409:3.10,A:395:3.25,A:340:3.32,A:349:3.47,A:295:3.48,A:397:3.51,A:407:3.56,A:389:3.64",3.385749003611862,False,False,3.5672827038163755,False,0.0,5.0,ok,,,,,,,,,,,,,,,,
posebusters_benchmark,7BNH_BEZ,default_s5_t200,ok,63.868,results/posebench_702_predictions/chai1_gpu/posebusters_benchmark/7BNH_BEZ/default_s5_t200/predictions/pred.model_idx_1.cif,1.0,7.178773635016225,12.353486916078001,<REMOTE_PROJECT_ROOT>/results/posebench_702_predictions/chai1_gpu/posebusters_benchmark/7BNH_BEZ/default_s5_t200/predictions/scores.model_idx_1.npz,0.2897479236125946,0.5956288576126099,0.2132776975631714,False,192.0,"A:96,B:96",12.863710286856996,9.0,9.0,10.0,49.0,"A:29:2.87,B:24:3.44,A:91:3.46,A:35:3.50,B:89:3.74,B:91:3.76,A:27:3.84,A:76:3.91,A:60:3.93,A:26:5.28,A:62:5.73,B:90:5.85",10.132719542820299,False,False,5.745601327297298,False,3.0,5.0,ok,,,,,,,,,,,,,,,,
posebusters_benchmark,7BTT_F8R,default_s5_t200,ok,83.101,results/posebench_702_predictions/chai1_gpu/posebusters_benchmark/7BTT_F8R/default_s5_t200/predictions/pred.model_idx_1.cif,1.0,5.8763519032946965,5.843449384219907,<REMOTE_PROJECT_ROOT>/results/posebench_702_predictions/chai1_gpu/posebusters_benchmark/7BTT_F8R/default_s5_t200/predictions/scores.model_idx_1.npz,0.91786128282547,0.9517722725868225,0.9093835353851318,False,304.0,A:304,2.481794438046427,40.0,40.0,10.0,64.0,"A:105:2.70,A:101:2.80,A:99:3.25,A:32:3.38,A:100:3.43,A:98:3.46,A:29:3.47,A:50:3.51,A:31:3.51,A:108:3.56,A:104:3.59,A:158:3.60",0.8867022692322816,False,False,5.765494305661703,False,0.0,5.0,ok,,,,,,,,,,,,,,,,
posebusters_benchmark,7C0U_FGO,default_s5_t200,ok,277.475,results/posebench_702_predictions/chai1_gpu/posebusters_benchmark/7C0U_FGO/default_s5_t200/predictions/pred.model_idx_0.cif,0.0,7.827226265865925,3.837109618303689,<REMOTE_PROJECT_ROOT>/results/posebench_702_predictions/chai1_gpu/posebusters_benchmark/7C0U_FGO/default_s5_t200/predictions/scores.model_idx_0.npz,0.5276551842689514,0.6661797165870667,0.4930240213871002,False,794.0,"A:397,B:397",17.76096094529317,43.0,43.0,10.0,97.0,"B:315:2.52,B:82:2.59,B:241:2.61,B:57:2.68,B:358:2.81,B:227:2.95,B:247:3.22,B:128:3.24,B:80:3.26,B:225:3.35,B:361:3.37,B:275:3.40",0.6857306056123323,False,False,3.4781879088499927,False,2.0,5.0,ok,,,,,,,,,,,,,,,,
posebusters_benchmark,7C3U_AZG,default_s5_t200,ok,87.928,results/posebench_702_predictions/chai1_gpu/posebusters_benchmark/7C3U_AZG/default_s5_t200/predictions/pred.model_idx_2.cif,2.0,3.0821033452964217,3.086245900984379,<REMOTE_PROJECT_ROOT>/results/posebench_702_predictions/chai1_gpu/posebusters_benchmark/7C3U_AZG/default_s5_t200/predictions/scores.model_idx_2.npz,0.9229353070259094,0.9514169692993164,0.9158148765563965,False,368.0,"A:188,B:180",0.5369184732386346,11.0,11.0,10.0,58.0,"B:78:2.75,B:142:2.91,B:77:2.98,B:141:3.12,B:76:3.31,B:47:3.37,B:65:3.37,B:140:3.63,B:111:3.84,B:135:4.11,B:67:4.52,B:75:4.83",0.2846928989885786,False,False,3.0616715559752326,False,1.0,5.0,ok,,,,,,,,,,,,,,,,
posebusters_benchmark,7C6P_SQH,default_s5_t200,ok,61.597,results/posebench_702_predictions/chai1_gpu/posebusters_benchmark/7C6P_SQH/default_s5_t200/predictions/pred.model_idx_1.cif,1.0,4.871027972070481,4.886954929703798,<REMOTE_PROJECT_ROOT>/results/posebench_702_predictions/chai1_gpu/posebusters_benchmark/7C6P_SQH/default_s5_t200/predictions/scores.model_idx_1.npz,0.6441471576690674,0.9388631582260132,0.5704681277275085,False,105.0,A:105,0.6376809536686671,21.0,21.0,10.0,45.0,"A:22:2.45,A:80:2.68,A:32:3.20,A:27:3.54,A:76:3.73,A:34:3.75,A:86:3.96,A:79:4.01,A:84:4.04,A:23:4.20,A:25:4.65,A:37:4.67",0.8698625048782167,False,False,4.819794842627271,False,0.0,5.0,ok,,,,,,,,,,,,,,,,
posebusters_benchmark,7C8Q_DSG,default_s5_t200,ok,177.439,results/posebench_702_predictions/chai1_gpu/posebusters_benchmark/7C8Q_DSG/default_s5_t200/predictions/pred.model_idx_0.cif,0.0,36.5795716198013,36.59479386596259,<REMOTE_PROJECT_ROOT>/results/posebench_702_predictions/chai1_gpu/posebusters_benchmark/7C8Q_DSG/default_s5_t200/predictions/scores.model_idx_0.npz,0.8991841673851013,0.9379332065582275,0.8894968628883362,False,642.0,"A:321,B:321",0.7848817313521896,9.0,9.0,10.0,68.0,"A:54:2.45,A:88:2.85,B:276:2.96,A:87:2.98,A:11:3.02,A:112:3.04,B:274:3.08,A:86:3.12,A:10:3.36,A:53:3.58,A:113:3.91,A:24:3.99",0.2930833327231559,False,False,36.313924994814194,False,4.0,5.0,ok,,,,,,,,,,,,,,,,
posebusters_benchmark,7CD9_FVR,default_s5_t200,ok,110.308,results/posebench_702_predictions/chai1_gpu/posebusters_benchmark/7CD9_FVR/default_s5_t200/predictions/pred.model_idx_0.cif,0.0,10.798568390778554,11.16069885549035,<REMOTE_PROJECT_ROOT>/results/posebench_702_predictions/chai1_gpu/posebusters_benchmark/7CD9_FVR/default_s5_t200/predictions/scores.model_idx_0.npz,0.4056849479675293,0.6011226177215576,0.35682550072669983,False,430.0,"A:215,B:215",23.32499344316997,33.0,33.0,10.0,81.0,"A:108:2.64,A:195:2.73,B:82:2.95,A:77:3.19,A:84:3.28,A:110:3.29,A:21:3.30,B:108:3.39,B:79:3.67,A:86:3.70,A:19:3.74,A:106:3.81",13.056317690686354,False,False,8.67359166611422,False,2.0,5.0,ok,,,,,,,,,,,,,,,,
posebusters_benchmark,7CIJ_G0C,default_s5_t200,exception,50.937,,,,,,,,,,,,,,,,,,,,,,,,,not_ok,RuntimeError,,,,,,,,,,,,,,,
posebusters_benchmark,7CL8_TES,default_s5_t200,ok,112.157,results/posebench_702_predictions/chai1_gpu/posebusters_benchmark/7CL8_TES/default_s5_t200/predictions/pred.model_idx_2.cif,2.0,5.097926834377613,5.048213368392173,<REMOTE_PROJECT_ROOT>/results/posebench_702_predictions/chai1_gpu/posebusters_benchmark/7CL8_TES/default_s5_t200/predictions/scores.model_idx_2.npz,0.6229482293128967,0.938962459564209,0.5439446568489075,False,400.0,A:400,1.1060142166257299,21.0,21.0,10.0,76.0,"A:281:2.77,A:229:3.28,A:230:3.35,A:169:3.35,A:388:3.43,A:233:3.51,A:238:3.52,A:79:3.55,A:87:3.60,A:78:3.67,A:170:3.68,A:234:4.07",0.7681062271153686,False,False,4.982883990642975,False,1.0,5.0,ok,,,,,,,,,,,,,,,,
posebusters_benchmark,7CNQ_G8X,default_s5_t200,exception,9.845,,,,,,,,,,,,,,,,,,,,,,,,,not_ok,UnsupportedInputError,,,,,,,,,,,,,,,
posebusters_benchmark,7CNS_PMV,default_s5_t200,ok,179.517,results/posebench_702_predictions/chai1_gpu/posebusters_benchmark/7CNS_PMV/default_s5_t200/predictions/pred.model_idx_4.cif,4.0,5.308453538900902,5.208095474541339,<REMOTE_PROJECT_ROOT>/results/posebench_702_predictions/chai1_gpu/posebusters_benchmark/7CNS_PMV/default_s5_t200/predictions/scores.model_idx_4.npz,0.8168476223945618,0.9212130904197693,0.7907562851905823,False,517.0,"A:386,B:131",2.724636270903968,14.0,14.0,10.0,88.0,"A:79:2.62,A:48:2.65,A:129:2.66,A:49:2.76,A:47:2.79,B:63:2.81,A:52:2.82,A:78:2.86,A:360:2.86,A:128:3.05,B:62:3.15,A:46:3.24",1.5692867593916482,False,False,5.208095474541339,False,4.0,5.0,ok,,,,,,,,,,,,,,,,
posebusters_benchmark,7CTM_BDP,default_s5_t200,ok,115.518,results/posebench_702_predictions/chai1_gpu/posebusters_benchmark/7CTM_BDP/default_s5_t200/predictions/pred.model_idx_2.cif,2.0,3.1987636573212193,3.3648588718601378,<REMOTE_PROJECT_ROOT>/results/posebench_702_predictions/chai1_gpu/posebusters_benchmark/7CTM_BDP/default_s5_t200/predictions/scores.model_idx_2.npz,0.4307395815849304,0.9045954346656799,0.31227561831474304,False,468.0,A:468,2.6647475234263407,13.0,13.0,10.0,58.0,"A:298:2.58,A:160:2.73,A:266:2.75,A:12:2.84,A:269:2.89,A:209:2.95,A:244:3.32,A:125:3.95,A:301:4.05,A:123:4.06,A:126:4.34,A:124:4.34",3.156419169079535,False,False,3.0195480968283004,False,4.0,5.0,ok,,,,,,,,,,,,,,,,
posebusters_benchmark,7CUO_PHB,default_s5_t200,ok,116.175,results/posebench_702_predictions/chai1_gpu/posebusters_benchmark/7CUO_PHB/default_s5_t200/predictions/pred.model_idx_4.cif,4.0,2.311221256483437,1.8532922174707707,<REMOTE_PROJECT_ROOT>/results/posebench_702_predictions/chai1_gpu/posebusters_benchmark/7CUO_PHB/default_s5_t200/predictions/scores.model_idx_4.npz,0.6667831540107727,0.7426350712776184,0.6478201746940613,False,480.0,"A:241,B:239",2.0657751487148004,10.0,10.0,10.0,62.0,"B:133:2.80,B:120:2.85,B:119:3.16,B:194:3.27,B:127:3.43,B:188:3.47,B:132:3.50,B:134:3.59,B:96:3.75,B:212:3.79,B:184:4.12,B:121:4.15",0.40867000172924395,True,False,1.740238856360048,True,0.0,5.0,ok,,,,,,,,,,,,,,,,
posebusters_benchmark,7D0P_1VU,default_s5_t200,ok,90.762,results/posebench_702_predictions/chai1_gpu/posebusters_benchmark/7D0P_1VU/default_s5_t200/predictions/pred.model_idx_1.cif,1.0,10.935047364542445,10.938852584035814,<REMOTE_PROJECT_ROOT>/results/posebench_702_predictions/chai1_gpu/posebusters_benchmark/7D0P_1VU/default_s5_t200/predictions/scores.model_idx_1.npz,0.8822519779205322,0.9450475573539734,0.8665531277656555,False,303.0,"A:275,B:28",1.1664787617657217,52.0,52.0,10.0,73.0,"A:138:2.70,A:184:2.80,A:150:2.81,A:146:2.83,A:148:2.84,A:175:2.87,A:151:2.87,A:140:2.95,A:171:3.13,A:181:3.20,A:147:3.21,A:136:3.26",0.8183724081921117,False,False,10.80715165228563,False,4.0,5.0,ok,,,,,,,,,,,,,,,,
posebusters_benchmark,7D5C_GV6,default_s5_t200,ok,278.652,results/posebench_702_predictions/chai1_gpu/posebusters_benchmark/7D5C_GV6/default_s5_t200/predictions/pred.model_idx_4.cif,4.0,7.818537940035657,7.7394406894446615,<REMOTE_PROJECT_ROOT>/results/posebench_702_predictions/chai1_gpu/posebusters_benchmark/7D5C_GV6/default_s5_t200/predictions/scores.model_idx_4.npz,0.8421646356582642,0.8928571343421936,0.8294914960861206,False,919.0,A:919,3.4324905275990436,31.0,31.0,10.0,90.0,"A:553:2.51,A:77:2.60,A:38:2.68,A:587:2.85,A:557:3.01,A:554:3.09,A:40:3.11,A:585:3.39,A:39:3.39,A:48:3.48,A:46:3.50,A:586:3.60",1.16155631541553,False,False,7.6897020944365915,False,0.0,5.0,ok,,,,,,,,,,,,,,,,
posebusters_benchmark,7D6O_MTE,default_s5_t200,exception,9.868,,,,,,,,,,,,,,,,,,,,,,,,,not_ok,UnsupportedInputError,,,,,,,,,,,,,,,
posebusters_benchmark,7D8Q_GZF,default_s5_t200,ok,65.362,results/posebench_702_predictions/chai1_gpu/posebusters_benchmark/7D8Q_GZF/default_s5_t200/predictions/pred.model_idx_4.cif,4.0,8.010785866947392,8.10077332717831,<REMOTE_PROJECT_ROOT>/results/posebench_702_predictions/chai1_gpu/posebusters_benchmark/7D8Q_GZF/default_s5_t200/predictions/scores.model_idx_4.npz,0.8000909090042114,0.9352015852928162,0.7663131952285767,False,174.0,A:174,0.5276394448494259,28.0,28.0,10.0,49.0,"A:83:2.63,A:20:2.67,A:21:2.93,A:118:3.16,A:47:3.35,A:53:3.48,A:121:3.84,A:105:4.04,A:101:4.34,A:56:4.71,A:103:4.86,A:74:5.11",0.5902785209278383,False,False,7.9508030335556885,False,0.0,5.0,ok,,,,,,,,,,,,,,,,
posebusters_benchmark,7D9L_GSF,default_s5_t200,ok,63.965,results/posebench_702_predictions/chai1_gpu/posebusters_benchmark/7D9L_GSF/default_s5_t200/predictions/pred.model_idx_1.cif,1.0,5.741045675370607,5.725292862159323,<REMOTE_PROJECT_ROOT>/results/posebench_702_predictions/chai1_gpu/posebusters_benchmark/7D9L_GSF/default_s5_t200/predictions/scores.model_idx_1.npz,0.8571979403495789,0.9588644504547119,0.8317813277244568,False,215.0,A:215,0.654128981777621,22.0,22.0,10.0,55.0,"A:45:2.64,A:61:2.72,A:60:2.80,A:47:2.99,A:7:3.00,A:46:3.21,A:8:3.35,A:48:3.50,A:10:3.61,A:120:3.67,A:9:3.72,A:5:4.01",0.33449280475325543,False,False,5.721487875119211,False,4.0,5.0,ok,,,,,,,,,,,,,,,,
posebusters_benchmark,7DIN_MPO,default_s5_t200,ok,63.157,results/posebench_702_predictions/chai1_gpu/posebusters_benchmark/7DIN_MPO/default_s5_t200/predictions/pred.model_idx_2.cif,2.0,6.913708339860643,6.91663572698882,<REMOTE_PROJECT_ROOT>/results/posebench_702_predictions/chai1_gpu/posebusters_benchmark/7DIN_MPO/default_s5_t200/predictions/scores.model_idx_2.npz,0.3482894003391266,0.9209727048873901,0.2051185667514801,False,106.0,A:106,0.479026634547124,13.0,13.0,10.0,30.0,"A:83:2.66,A:82:2.83,A:70:3.13,A:25:3.26,A:81:3.62,A:68:4.10,A:69:4.43,A:71:4.62,A:84:4.62,A:66:5.07,A:26:5.83,A:80:5.97",0.288543085049222,False,False,3.767802162170261,False,4.0,5.0,ok,,,,,,,,,,,,,,,,
posebusters_benchmark,7DKT_GLF,default_s5_t200,ok,277.675,results/posebench_702_predictions/chai1_gpu/posebusters_benchmark/7DKT_GLF/default_s5_t200/predictions/pred.model_idx_3.cif,3.0,3.128013116220698,3.048186074848699,<REMOTE_PROJECT_ROOT>/results/posebench_702_predictions/chai1_gpu/posebusters_benchmark/7DKT_GLF/default_s5_t200/predictions/scores.model_idx_3.npz,0.5865973234176636,0.936449408531189,0.4991343319416046,False,769.0,A:769,1.7606831686859006,12.0,12.0,10.0,72.0,"A:744:2.59,A:558:2.62,A:419:2.69,A:757:2.77,A:474:2.80,A:753:2.84,A:759:3.03,A:412:3.17,A:490:3.48,A:699:3.63,A:498:3.64,A:560:3.79",1.3707709228195972,False,False,3.0037944832268626,False,4.0,5.0,ok,,,,,,,,,,,,,,,,
posebusters_benchmark,7DQL_4CL,default_s5_t200,ok,89.109,results/posebench_702_predictions/chai1_gpu/posebusters_benchmark/7DQL_4CL/default_s5_t200/predictions/pred.model_idx_3.cif,3.0,9.91041790829681,4.556509861462368,<REMOTE_PROJECT_ROOT>/results/posebench_702_predictions/chai1_gpu/posebusters_benchmark/7DQL_4CL/default_s5_t200/predictions/scores.model_idx_3.npz,0.3874310851097107,0.6503379344940186,0.32170435786247253,False,373.0,"A:185,B:188",16.554443814327747,9.0,9.0,10.0,57.0,"B:57:2.56,B:55:2.83,B:27:3.26,B:131:3.30,B:31:3.34,B:133:3.37,B:30:3.62,B:86:3.82,B:34:3.83,B:56:3.99,B:62:4.06,B:132:4.31",2.655914116354316,False,False,3.246226098717058,False,4.0,5.0,ok,,,,,,,,,,,,,,,,
posebusters_benchmark,7DUA_HJ0,default_s5_t200,ok,184.11,results/posebench_702_predictions/chai1_gpu/posebusters_benchmark/7DUA_HJ0/default_s5_t200/predictions/pred.model_idx_2.cif,2.0,10.41722377729985,4.7817177579239925,<REMOTE_PROJECT_ROOT>/results/posebench_702_predictions/chai1_gpu/posebusters_benchmark/7DUA_HJ0/default_s5_t200/predictions/scores.model_idx_2.npz,0.5543003082275391,0.5993112325668335,0.5430476069450378,False,561.0,"A:287,B:274",12.78449737086647,23.0,23.0,10.0,75.0,"B:72:2.71,B:102:2.88,B:104:3.07,B:53:3.18,B:101:3.24,B:163:3.27,B:28:3.46,B:27:3.47,B:55:3.49,B:152:3.55,B:108:3.63,B:32:3.72",1.1611115102367768,False,False,4.7817177579239925,False,2.0,5.0,ok,,,,,,,,,,,,,,,,
posebusters_benchmark,7E2S_BLA,default_s5_t200,ok,87.238,results/posebench_702_predictions/chai1_gpu/posebusters_benchmark/7E2S_BLA/default_s5_t200/predictions/pred.model_idx_0.cif,0.0,5.599067666279277,5.638981888652856,<REMOTE_PROJECT_ROOT>/results/posebench_702_predictions/chai1_gpu/posebusters_benchmark/7E2S_BLA/default_s5_t200/predictions/scores.model_idx_0.npz,0.40041324496269226,0.9035481810569763,0.27462950348854065,False,233.0,A:233,1.3669403583941322,43.0,43.0,10.0,49.0,"A:210:2.78,A:211:2.93,A:213:3.05,A:212:3.17,A:189:3.23,A:188:3.41,A:191:3.45,A:112:3.47,A:195:3.62,A:209:3.67,A:182:3.68,A:208:3.75",1.6277094637342848,False,False,5.492945141833765,False,1.0,5.0,ok,,,,,,,,,,,,,,,,
posebusters_benchmark,7E4L_MDN,default_s5_t200,ok,183.202,results/posebench_702_predictions/chai1_gpu/posebusters_benchmark/7E4L_MDN/default_s5_t200/predictions/pred.model_idx_0.cif,0.0,31.071106448966454,36.18774311229236,<REMOTE_PROJECT_ROOT>/results/posebench_702_predictions/chai1_gpu/posebusters_benchmark/7E4L_MDN/default_s5_t200/predictions/scores.model_idx_0.npz,0.47904515266418457,0.7179292440414429,0.4193241596221924,False,555.0,"A:278,B:277",20.498931901537393,9.0,9.0,10.0,58.0,"A:195:2.71,A:162:2.75,A:224:2.76,A:222:2.82,A:164:2.88,A:223:2.88,A:225:2.98,A:220:3.34,A:221:3.74,A:132:4.60,A:167:5.03,A:163:5.17",0.542280125881505,False,False,3.080836664104716,False,2.0,5.0,ok,,,,,,,,,,,,,,,,
posebusters_benchmark,7EBG_J0L,default_s5_t200,ok,182.683,results/posebench_702_predictions/chai1_gpu/posebusters_benchmark/7EBG_J0L/default_s5_t200/predictions/pred.model_idx_2.cif,2.0,23.981796470338853,24.12853346698729,<REMOTE_PROJECT_ROOT>/results/posebench_702_predictions/chai1_gpu/posebusters_benchmark/7EBG_J0L/default_s5_t200/predictions/scores.model_idx_2.npz,0.8334214687347412,0.8953584432601929,0.8179371356964111,False,686.0,"A:337,B:349",1.8310146246367784,14.0,14.0,10.0,61.0,"A:258:3.00,A:232:3.02,A:302:3.42,A:228:3.44,A:229:3.63,A:271:3.66,A:304:3.68,A:278:3.70,A:294:3.75,A:256:3.75,A:263:3.86,A:225:3.87",0.36849090112631144,False,False,24.019029919287867,False,4.0,5.0,ok,,,,,,,,,,,,,,,,
posebusters_benchmark,7ECR_SIN,default_s5_t200,exception,45.764,,,,,,,,,,,,,,,,,,,,,,,,,not_ok,RuntimeError,,,,,,,,,,,,,,,
posebusters_benchmark,7ED2_A3P,default_s5_t200,ok,113.295,results/posebench_702_predictions/chai1_gpu/posebusters_benchmark/7ED2_A3P/default_s5_t200/predictions/pred.model_idx_3.cif,3.0,16.27906717322732,8.1108288212572,<REMOTE_PROJECT_ROOT>/results/posebench_702_predictions/chai1_gpu/posebusters_benchmark/7ED2_A3P/default_s5_t200/predictions/scores.model_idx_3.npz,0.5169349908828735,0.6416842341423035,0.48574769496917725,False,442.0,"A:221,B:221",20.217509275583403,27.0,27.0,10.0,79.0,"B:47:2.66,B:39:2.71,B:105:2.74,B:66:2.77,B:84:2.79,B:151:2.83,B:69:3.04,B:83:3.06,B:147:3.07,B:154:3.38,B:150:3.40,B:70:3.42",10.439453069583456,False,False,7.9431595827382875,False,2.0,5.0,ok,,,,,,,,,,,,,,,,
posebusters_benchmark,7ELT_TYM,default_s5_t200,ok,88.834,results/posebench_702_predictions/chai1_gpu/posebusters_benchmark/7ELT_TYM/default_s5_t200/predictions/pred.model_idx_4.cif,4.0,5.4929959307922545,5.4383710445928495,<REMOTE_PROJECT_ROOT>/results/posebench_702_predictions/chai1_gpu/posebusters_benchmark/7ELT_TYM/default_s5_t200/predictions/scores.model_idx_4.npz,0.9076390862464905,0.9470316171646118,0.8977909088134766,False,330.0,A:330,1.2064597345043095,37.0,37.0,10.0,102.0,"A:127:2.58,A:148:2.71,A:134:2.85,A:146:2.86,A:185:2.90,A:8:2.98,A:195:3.00,A:17:3.15,A:18:3.16,A:149:3.18,A:183:3.27,A:145:3.27",1.1786793289483646,False,False,5.398428521537188,False,1.0,5.0,ok,,,,,,,,,,,,,,,,
posebusters_benchmark,7EN7_J79,default_s5_t200,ok,63.563,results/posebench_702_predictions/chai1_gpu/posebusters_benchmark/7EN7_J79/default_s5_t200/predictions/pred.model_idx_2.cif,2.0,5.030320263129208,5.010358950803632,<REMOTE_PROJECT_ROOT>/results/posebench_702_predictions/chai1_gpu/posebusters_benchmark/7EN7_J79/default_s5_t200/predictions/scores.model_idx_2.npz,0.6642717123031616,0.9345447421073914,0.5967034697532654,False,191.0,A:191,1.389067471269357,24.0,24.0,10.0,42.0,"A:95:2.59,A:51:2.63,A:97:2.73,A:96:2.81,A:100:2.88,A:50:2.94,A:48:3.26,A:49:3.81,A:149:3.84,A:156:4.26,A:98:4.38,A:94:4.43",1.922289903688313,False,False,4.818257970193296,False,0.0,5.0,ok,,,,,,,,,,,,,,,,
posebusters_benchmark,7EPV_FDA,default_s5_t200,ok,112.222,results/posebench_702_predictions/chai1_gpu/posebusters_benchmark/7EPV_FDA/default_s5_t200/predictions/pred.model_idx_0.cif,0.0,12.891350250731682,12.906031013080002,<REMOTE_PROJECT_ROOT>/results/posebench_702_predictions/chai1_gpu/posebusters_benchmark/7EPV_FDA/default_s5_t200/predictions/scores.model_idx_0.npz,0.9153874516487122,0.9458242654800415,0.9077782034873962,False,369.0,A:369,1.1089373475859798,53.0,53.0,10.0,118.0,"A:34:2.58,A:296:2.74,A:105:2.79,A:309:2.96,A:127:3.05,A:35:3.08,A:15:3.20,A:308:3.23,A:156:3.23,A:11:3.29,A:125:3.33,A:13:3.41",0.7136117625999377,False,False,12.860555802646838,False,3.0,5.0,ok,,,,,,,,,,,,,,,,
posebusters_benchmark,7ES1_UDP,default_s5_t200,ok,113.685,results/posebench_702_predictions/chai1_gpu/posebusters_benchmark/7ES1_UDP/default_s5_t200/predictions/pred.model_idx_1.cif,1.0,5.663711066087578,5.639863542530414,<REMOTE_PROJECT_ROOT>/results/posebench_702_predictions/chai1_gpu/posebusters_benchmark/7ES1_UDP/default_s5_t200/predictions/scores.model_idx_1.npz,0.8901067972183228,0.9455879926681519,0.8762364387512207,False,408.0,A:408,1.6434484061422618,25.0,25.0,10.0,78.0,"A:307:2.60,A:310:2.63,A:227:2.65,A:285:2.77,A:306:2.83,A:200:2.87,A:302:2.87,A:284:3.19,A:287:3.23,A:305:3.48,A:11:3.55,A:304:3.65",1.3199545363991156,False,False,5.622238199362956,False,2.0,5.0,ok,,,,,,,,,,,,,,,,
posebusters_benchmark,7F51_BA7,default_s5_t200,ok,85.373,results/posebench_702_predictions/chai1_gpu/posebusters_benchmark/7F51_BA7/default_s5_t200/predictions/pred.model_idx_1.cif,1.0,10.880837954022864,10.836386923177315,<REMOTE_PROJECT_ROOT>/results/posebench_702_predictions/chai1_gpu/posebusters_benchmark/7F51_BA7/default_s5_t200/predictions/scores.model_idx_1.npz,0.9083665609359741,0.9399173855781555,0.9004787802696228,False,287.0,A:287,2.7081301961808126,44.0,44.0,10.0,86.0,"A:217:2.50,A:216:2.60,A:262:2.78,A:37:2.87,A:25:2.91,A:242:2.94,A:240:3.02,A:107:3.09,A:24:3.25,A:220:3.29,A:36:3.32,A:127:3.33",2.05603196646191,False,False,10.76034317773031,False,3.0,5.0,ok,,,,,,,,,,,,,,,,
posebusters_benchmark,7F5D_EUO,default_s5_t200,ok,63.0,results/posebench_702_predictions/chai1_gpu/posebusters_benchmark/7F5D_EUO/default_s5_t200/predictions/pred.model_idx_2.cif,2.0,4.6528744103986375,4.6436887350388725,<REMOTE_PROJECT_ROOT>/results/posebench_702_predictions/chai1_gpu/posebusters_benchmark/7F5D_EUO/default_s5_t200/predictions/scores.model_idx_2.npz,0.8449906706809998,0.952555775642395,0.8180993795394897,False,108.0,A:108,0.6827250209064533,21.0,21.0,10.0,45.0,"A:82:2.92,A:26:3.33,A:78:3.34,A:32:3.36,A:27:3.39,A:88:3.41,A:30:3.48,A:35:3.52,A:81:3.64,A:31:3.67,A:29:3.86,A:39:4.28",0.6550769507403684,False,False,4.583570165758064,False,0.0,5.0,ok,,,,,,,,,,,,,,,,
posebusters_benchmark,7F8T_FAD,default_s5_t200,ok,113.728,results/posebench_702_predictions/chai1_gpu/posebusters_benchmark/7F8T_FAD/default_s5_t200/predictions/pred.model_idx_3.cif,3.0,8.499678259415454,8.43376138461792,<REMOTE_PROJECT_ROOT>/results/posebench_702_predictions/chai1_gpu/posebusters_benchmark/7F8T_FAD/default_s5_t200/predictions/scores.model_idx_3.npz,0.5616166591644287,0.9183054566383362,0.47244447469711304,False,458.0,A:458,3.6578729243951784,53.0,53.0,10.0,109.0,"A:261:2.79,A:367:2.79,A:247:2.80,A:260:2.82,A:398:2.88,A:263:2.90,A:409:2.94,A:404:2.96,A:373:3.02,A:296:3.15,A:259:3.18,A:262:3.35",0.3948598781730865,False,False,8.43376138461792,False,3.0,5.0,ok,,,,,,,,,,,,,,,,
posebusters_benchmark,7FB7_8NF,default_s5_t200,ok,89.501,results/posebench_702_predictions/chai1_gpu/posebusters_benchmark/7FB7_8NF/default_s5_t200/predictions/pred.model_idx_0.cif,0.0,45.37302229957457,30.8060070733824,<REMOTE_PROJECT_ROOT>/results/posebench_702_predictions/chai1_gpu/posebusters_benchmark/7FB7_8NF/default_s5_t200/predictions/scores.model_idx_0.npz,0.45954492688179016,0.6043888926506042,0.42333394289016724,False,304.0,"A:155,B:149",17.937879034546338,9.0,9.0,10.0,40.0,"A:20:2.73,A:77:3.03,A:29:3.33,A:31:3.40,A:107:3.56,A:147:3.64,A:93:3.65,A:76:3.72,A:30:3.81,A:78:4.79,A:19:5.85,A:104:5.99",1.5605888036216389,False,False,30.8060070733824,False,0.0,5.0,ok,,,,,,,,,,,,,,,,
posebusters_benchmark,7FHA_ADX,default_s5_t200,ok,283.4,results/posebench_702_predictions/chai1_gpu/posebusters_benchmark/7FHA_ADX/default_s5_t200/predictions/pred.model_idx_1.cif,1.0,42.195917926919385,35.13720224014283,<REMOTE_PROJECT_ROOT>/results/posebench_702_predictions/chai1_gpu/posebusters_benchmark/7FHA_ADX/default_s5_t200/predictions/scores.model_idx_1.npz,0.553388237953186,0.739082932472229,0.5069645643234253,False,781.0,"A:390,B:391",16.83133354317632,27.0,27.0,10.0,82.0,"A:289:2.73,A:189:2.84,A:188:2.89,A:330:2.92,A:186:2.93,A:292:2.99,A:288:3.04,A:187:3.33,A:185:3.43,A:198:3.46,A:262:3.46,A:195:3.51",1.993687629874558,False,False,35.13720224014283,False,1.0,5.0,ok,,,,,,,,,,,,,,,,
posebusters_benchmark,7FRX_O88,default_s5_t200,exception,9.547,,,,,,,,,,,,,,,,,,,,,,,,,not_ok,UnsupportedInputError,,,,,,,,,,,,,,,
posebusters_benchmark,7FT9_4MB,default_s5_t200,ok,288.722,results/posebench_702_predictions/chai1_gpu/posebusters_benchmark/7FT9_4MB/default_s5_t200/predictions/pred.model_idx_1.cif,1.0,31.895278461863676,18.611893100395246,<REMOTE_PROJECT_ROOT>/results/posebench_702_predictions/chai1_gpu/posebusters_benchmark/7FT9_4MB/default_s5_t200/predictions/scores.model_idx_1.npz,0.2188490331172943,0.35319963097572327,0.18526136875152588,False,771.0,"A:191,B:193,C:194,D:193",33.81752309467699,14.0,14.0,10.0,48.0,"C:153:2.98,C:105:3.10,C:107:3.13,C:149:3.14,C:152:3.20,C:101:3.35,D:98:3.36,C:97:3.42,C:106:3.57,D:97:3.65,C:103:3.80,C:102:5.00",9.112555394766227,False,False,18.58429288633277,False,0.0,5.0,ok,,,,,,,,,,,,,,,,
posebusters_benchmark,7JG0_GAR,default_s5_t200,ok,65.855,results/posebench_702_predictions/chai1_gpu/posebusters_benchmark/7JG0_GAR/default_s5_t200/predictions/pred.model_idx_4.cif,4.0,6.090660687896047,6.094060468375335,<REMOTE_PROJECT_ROOT>/results/posebench_702_predictions/chai1_gpu/posebusters_benchmark/7JG0_GAR/default_s5_t200/predictions/scores.model_idx_4.npz,0.8255249857902527,0.9656336903572083,0.7904977798461914,False,200.0,A:200,0.3119319522884964,18.0,18.0,10.0,67.0,"A:11:2.54,A:172:2.78,A:10:2.85,A:12:2.98,A:169:3.05,A:107:3.23,A:108:3.30,A:9:3.46,A:116:3.51,A:88:3.65,A:86:3.66,A:106:3.87",0.1867033529770799,False,False,6.072787934538415,False,3.0,5.0,ok,,,,,,,,,,,,,,,,
posebusters_benchmark,7JGW_V9S,default_s5_t200,ok,65.719,results/posebench_702_predictions/chai1_gpu/posebusters_benchmark/7JGW_V9S/default_s5_t200/predictions/pred.model_idx_2.cif,2.0,11.814058397906356,11.73672567520979,<REMOTE_PROJECT_ROOT>/results/posebench_702_predictions/chai1_gpu/posebusters_benchmark/7JGW_V9S/default_s5_t200/predictions/scores.model_idx_2.npz,0.8905617594718933,0.8814536929130554,0.892838716506958,False,145.0,A:145,2.9392350891166443,45.0,45.0,10.0,59.0,"A:54:2.83,A:50:2.92,A:87:2.93,A:55:3.13,A:84:3.18,A:78:3.27,A:56:3.39,A:86:3.44,A:41:3.44,A:53:3.46,A:143:3.47,A:97:3.50",1.7082318347905001,False,False,11.669711099625154,False,4.0,5.0,ok,,,,,,,,,,,,,,,,
posebusters_benchmark,7JHQ_VAJ,default_s5_t200,ok,282.175,results/posebench_702_predictions/chai1_gpu/posebusters_benchmark/7JHQ_VAJ/default_s5_t200/predictions/pred.model_idx_4.cif,4.0,37.59954461517699,48.46356047472559,<REMOTE_PROJECT_ROOT>/results/posebench_702_predictions/chai1_gpu/posebusters_benchmark/7JHQ_VAJ/default_s5_t200/predictions/scores.model_idx_4.npz,0.550208330154419,0.6557807922363281,0.5238152146339417,False,960.0,"A:240,B:240,C:240,D:240",29.340447578935727,18.0,18.0,10.0,57.0,"A:224:2.61,A:188:2.81,A:79:3.40,A:185:3.46,A:184:3.69,A:132:3.77,A:187:3.78,A:183:3.87,A:91:3.99,A:45:4.03,A:221:4.11,A:92:4.22",18.456708920827158,False,False,7.885487264587309,False,1.0,5.0,ok,,,,,,,,,,,,,,,,
posebusters_benchmark,7JMV_4NC,default_s5_t200,ok,63.125,results/posebench_702_predictions/chai1_gpu/posebusters_benchmark/7JMV_4NC/default_s5_t200/predictions/pred.model_idx_0.cif,0.0,3.0549311276918525,3.0111204781792256,<REMOTE_PROJECT_ROOT>/results/posebench_702_predictions/chai1_gpu/posebusters_benchmark/7JMV_4NC/default_s5_t200/predictions/scores.model_idx_0.npz,0.5741931796073914,0.9288249015808105,0.48553526401519775,False,223.0,A:223,2.2421739858043583,11.0,11.0,10.0,71.0,"A:146:2.51,A:55:2.62,A:30:2.78,A:81:3.02,A:181:3.06,A:34:3.23,A:56:3.39,A:79:3.42,A:54:3.45,A:105:3.63,A:144:3.78,A:177:3.86",0.6029943259338525,False,False,3.0111204781792256,False,0.0,5.0,ok,,,,,,,,,,,,,,,,
posebusters_benchmark,7JNB_A2G,default_s5_t200,ok,111.656,results/posebench_702_predictions/chai1_gpu/posebusters_benchmark/7JNB_A2G/default_s5_t200/predictions/pred.model_idx_0.cif,0.0,5.0400415960054135,3.120040256764645,<REMOTE_PROJECT_ROOT>/results/posebench_702_predictions/chai1_gpu/posebusters_benchmark/7JNB_A2G/default_s5_t200/predictions/scores.model_idx_0.npz,0.49905264377593994,0.722849428653717,0.4431034326553345,False,395.0,A:395,4.869948415464239,15.0,15.0,10.0,27.0,"A:67:2.49,A:105:2.72,A:98:3.01,A:101:3.47,A:163:3.49,A:102:3.50,A:49:3.69,A:100:4.91,A:65:5.51,A:52:6.10,A:68:6.35,A:161:6.82",1.2126453266606754,False,False,3.0072392440623323,False,3.0,5.0,ok,,,,,,,,,,,,,,,,
posebusters_benchmark,7JR8_VH7,default_s5_t200,ok,113.61,results/posebench_702_predictions/chai1_gpu/posebusters_benchmark/7JR8_VH7/default_s5_t200/predictions/pred.model_idx_0.cif,0.0,3.020910869305955,3.003154376908962,<REMOTE_PROJECT_ROOT>/results/posebench_702_predictions/chai1_gpu/posebusters_benchmark/7JR8_VH7/default_s5_t200/predictions/scores.model_idx_0.npz,0.924149215221405,0.9553539752960205,0.9163479804992676,False,400.0,"A:200,B:200",0.5312856041265518,28.0,28.0,10.0,66.0,"B:152:3.29,B:104:3.30,B:99:3.41,B:13:3.48,B:36:3.56,B:11:3.62,B:14:3.63,B:96:3.65,B:39:3.69,B:199:3.72,B:156:3.76,B:9:3.78",0.47067226005972024,False,False,2.954944397086888,False,3.0,5.0,ok,,,,,,,,,,,,,,,,
posebusters_benchmark,7JUD_MMA,default_s5_t200,ok,89.875,results/posebench_702_predictions/chai1_gpu/posebusters_benchmark/7JUD_MMA/default_s5_t200/predictions/pred.model_idx_3.cif,3.0,43.347716132193064,64.43077838102762,<REMOTE_PROJECT_ROOT>/results/posebench_702_predictions/chai1_gpu/posebusters_benchmark/7JUD_MMA/default_s5_t200/predictions/scores.model_idx_3.npz,0.4020002484321594,0.5907630324363708,0.3548095226287842,False,254.0,"A:122,B:132",16.616371949950594,13.0,13.0,10.0,30.0,"A:93:2.59,A:85:2.60,A:87:2.88,A:108:2.94,A:107:2.99,A:89:3.59,A:109:3.74,A:97:5.07,A:88:6.14,A:84:6.14,A:110:6.18,A:83:6.38",1.8574726279994522,False,False,28.866713409392165,False,2.0,5.0,ok,,,,,,,,,,,,,,,,
posebusters_benchmark,7JXX_VP7,default_s5_t200,ok,86.757,results/posebench_702_predictions/chai1_gpu/posebusters_benchmark/7JXX_VP7/default_s5_t200/predictions/pred.model_idx_1.cif,1.0,5.9706673347051105,5.9957921420994325,<REMOTE_PROJECT_ROOT>/results/posebench_702_predictions/chai1_gpu/posebusters_benchmark/7JXX_VP7/default_s5_t200/predictions/scores.model_idx_1.npz,0.8390182256698608,0.9548641443252563,0.810056746006012,False,288.0,A:288,0.8783714574859602,25.0,25.0,10.0,74.0,"A:54:2.61,A:87:2.88,A:154:2.91,A:85:2.95,A:153:3.26,A:38:3.50,A:40:3.54,A:25:3.62,A:84:3.65,A:68:3.74,A:18:3.76,A:86:3.78",0.6872411113895659,False,False,5.9957921420994325,False,1.0,5.0,ok,,,,,,,,,,,,,,,,
posebusters_benchmark,7JY3_VUD,default_s5_t200,ok,187.72,results/posebench_702_predictions/chai1_gpu/posebusters_benchmark/7JY3_VUD/default_s5_t200/predictions/pred.model_idx_1.cif,1.0,31.555021638540822,34.936530431273354,<REMOTE_PROJECT_ROOT>/results/posebench_702_predictions/chai1_gpu/posebusters_benchmark/7JY3_VUD/default_s5_t200/predictions/scores.model_idx_1.npz,0.8395852446556091,0.8792781829833984,0.829662024974823,False,574.0,"A:141,B:146,C:141,D:146",27.64576088880877,27.0,27.0,10.0,59.0,"A:1:3.17,A:72:3.18,C:73:3.23,C:133:3.30,A:73:3.30,C:76:3.45,A:0:3.50,C:134:3.78,A:130:4.00,A:75:4.06,C:77:4.09,C:130:4.22",2.964441293365871,False,False,20.718551143126895,False,3.0,5.0,ok,,,,,,,,,,,,,,,,
posebusters_benchmark,7K0V_VQP,default_s5_t200,exception,61.192,,,,,,,,,,,,,,,,,,,,,,,,,not_ok,RuntimeError,,,,,,,,,,,,,,,
posebusters_benchmark,7K41_VUA,default_s5_t200,ok,178.731,results/posebench_702_predictions/chai1_gpu/posebusters_benchmark/7K41_VUA/default_s5_t200/predictions/pred.model_idx_4.cif,4.0,4.997398215438873,4.978268908608863,<REMOTE_PROJECT_ROOT>/results/posebench_702_predictions/chai1_gpu/posebusters_benchmark/7K41_VUA/default_s5_t200/predictions/scores.model_idx_4.npz,0.32146891951560974,0.9251802563667297,0.17054109275341034,False,590.0,A:590,1.3981751110441762,22.0,22.0,10.0,61.0,"A:340:2.62,A:133:2.80,A:135:3.45,A:278:3.51,A:238:3.52,A:341:3.54,A:310:3.59,A:335:3.61,A:311:3.67,A:333:3.68,A:306:3.80,A:274:3.87",1.5449643967518838,False,False,4.873583236159158,False,1.0,5.0,ok,,,,,,,,,,,,,,,,
posebusters_benchmark,7KB1_WBJ,default_s5_t200,exception,51.922,,,,,,,,,,,,,,,,,,,,,,,,,not_ok,RuntimeError,,,,,,,,,,,,,,,
posebusters_benchmark,7KC5_BJZ,default_s5_t200,ok,115.145,results/posebench_702_predictions/chai1_gpu/posebusters_benchmark/7KC5_BJZ/default_s5_t200/predictions/pred.model_idx_1.cif,1.0,19.96171064949388,7.202297083907175,<REMOTE_PROJECT_ROOT>/results/posebench_702_predictions/chai1_gpu/posebusters_benchmark/7KC5_BJZ/default_s5_t200/predictions/scores.model_idx_1.npz,0.4230544865131378,0.6196088790893555,0.3739158809185028,False,364.0,"A:182,C:182",22.665823037571318,37.0,37.0,10.0,65.0,"C:38:3.15,C:103:3.17,C:129:3.28,C:174:3.49,C:32:3.57,C:178:3.65,C:107:3.68,C:159:3.74,C:33:3.81,C:29:3.82,C:177:3.86,C:131:3.88",0.9656249653114101,False,False,5.7512361149362885,False,2.0,5.0,ok,,,,,,,,,,,,,,,,
posebusters_benchmark,7KFO_IAC,default_s5_t200,ok,66.831,results/posebench_702_predictions/chai1_gpu/posebusters_benchmark/7KFO_IAC/default_s5_t200/predictions/pred.model_idx_1.cif,1.0,4.039623453650057,4.039784279230765,<REMOTE_PROJECT_ROOT>/results/posebench_702_predictions/chai1_gpu/posebusters_benchmark/7KFO_IAC/default_s5_t200/predictions/scores.model_idx_1.npz,0.7898728251457214,0.8775591850280762,0.7679511904716492,False,134.0,A:134,1.0926689460401007,13.0,13.0,10.0,46.0,"A:18:2.64,A:22:2.69,A:36:2.77,A:55:2.88,A:40:3.26,A:56:3.75,A:35:3.88,A:57:3.92,A:39:3.98,A:32:4.28,A:14:5.54,A:37:5.62",0.6225662926463676,False,False,3.9683401648191077,False,0.0,5.0,ok,,,,,,,,,,,,,,,,
posebusters_benchmark,7KLX_WOV,default_s5_t200,ok,85.176,results/posebench_702_predictions/chai1_gpu/posebusters_benchmark/7KLX_WOV/default_s5_t200/predictions/pred.model_idx_3.cif,3.0,28.610044825223948,28.72418829206735,<REMOTE_PROJECT_ROOT>/results/posebench_702_predictions/chai1_gpu/posebusters_benchmark/7KLX_WOV/default_s5_t200/predictions/scores.model_idx_3.npz,0.3399249315261841,0.925014853477478,0.1936524361371994,False,278.0,A:278,0.7288570703932251,17.0,17.0,10.0,34.0,"A:144:2.55,A:193:3.10,A:197:3.33,A:151:3.39,A:142:3.41,A:168:3.57,A:153:3.82,A:152:4.05,A:170:4.35,A:143:4.41,A:196:4.80,A:146:4.81",0.1895298707318129,False,False,4.121946720678576,False,2.0,5.0,ok,,,,,,,,,,,,,,,,
posebusters_benchmark,7KM8_WPD,default_s5_t200,ok,88.266,results/posebench_702_predictions/chai1_gpu/posebusters_benchmark/7KM8_WPD/default_s5_t200/predictions/pred.model_idx_1.cif,1.0,24.732085970742776,27.71697527961452,<REMOTE_PROJECT_ROOT>/results/posebench_702_predictions/chai1_gpu/posebusters_benchmark/7KM8_WPD/default_s5_t200/predictions/scores.model_idx_1.npz,0.6367475986480713,0.7286520004272461,0.6137714385986328,False,316.0,"A:158,B:158",19.058178134436243,29.0,29.0,10.0,80.0,"A:27:2.67,A:60:2.76,A:5:2.84,A:92:2.98,A:98:3.18,A:31:3.26,A:6:3.29,A:28:3.37,A:50:3.53,A:32:3.53,A:20:3.54,A:51:3.59",16.55588403505733,False,False,12.087854960914873,False,2.0,5.0,ok,,,,,,,,,,,,,,,,
posebusters_benchmark,7KP6_WTP,default_s5_t200,ok,185.382,results/posebench_702_predictions/chai1_gpu/posebusters_benchmark/7KP6_WTP/default_s5_t200/predictions/pred.model_idx_0.cif,0.0,47.675039002490436,47.58799494708717,<REMOTE_PROJECT_ROOT>/results/posebench_702_predictions/chai1_gpu/posebusters_benchmark/7KP6_WTP/default_s5_t200/predictions/scores.model_idx_0.npz,0.8277640342712402,0.8643497824668884,0.818617582321167,False,533.0,"A:268,B:265",2.4524917089040263,28.0,28.0,10.0,57.0,"A:84:2.73,A:41:3.23,A:15:3.33,A:135:3.38,A:82:3.40,A:87:3.46,A:39:3.54,A:23:3.61,A:81:3.63,A:83:3.66,A:85:3.69,A:16:3.72",0.5227581145505478,False,False,47.13513718835744,False,3.0,5.0,ok,,,,,,,,,,,,,,,,
posebusters_benchmark,7KQU_YOF,default_s5_t200,ok,186.742,results/posebench_702_predictions/chai1_gpu/posebusters_benchmark/7KQU_YOF/default_s5_t200/predictions/pred.model_idx_4.cif,4.0,14.068363703648872,8.398406686337008,<REMOTE_PROJECT_ROOT>/results/posebench_702_predictions/chai1_gpu/posebusters_benchmark/7KQU_YOF/default_s5_t200/predictions/scores.model_idx_4.npz,0.5847964286804199,0.7786285877227783,0.5363383293151855,False,602.0,"A:301,B:301",10.606135792723098,14.0,14.0,10.0,58.0,"B:82:2.61,B:135:2.64,B:140:2.66,B:152:2.89,B:204:2.94,B:151:3.02,B:224:3.05,B:150:3.20,B:203:3.23,B:78:3.62,B:143:3.64,B:198:3.92",0.9771674418997994,False,False,7.16224955048756,False,2.0,5.0,ok,,,,,,,,,,,,,,,,
posebusters_benchmark,7KRU_ATP,default_s5_t200,exception,49.826,,,,,,,,,,,,,,,,,,,,,,,,,not_ok,RuntimeError,,,,,,,,,,,,,,,
posebusters_benchmark,7KZ9_XN7,default_s5_t200,ok,288.075,results/posebench_702_predictions/chai1_gpu/posebusters_benchmark/7KZ9_XN7/default_s5_t200/predictions/pred.model_idx_1.cif,1.0,7.245012130577183,4.28294466421808,<REMOTE_PROJECT_ROOT>/results/posebench_702_predictions/chai1_gpu/posebusters_benchmark/7KZ9_XN7/default_s5_t200/predictions/scores.model_idx_1.npz,0.6541458368301392,0.7907562851905823,0.6199932098388672,False,955.0,"A:478,B:477",16.35918027073328,11.0,11.0,10.0,66.0,"B:22:2.58,B:378:2.87,B:20:2.93,B:377:3.21,B:97:3.26,B:21:3.34,B:380:3.38,B:376:3.42,B:386:3.50,B:400:3.52,B:362:3.85,B:25:4.02",1.2492683567153482,False,False,4.192892365092448,False,4.0,5.0,ok,,,,,,,,,,,,,,,,
posebusters_benchmark,7L00_XCJ,default_s5_t200,exception,55.284,,,,,,,,,,,,,,,,,,,,,,,,,not_ok,RuntimeError,,,,,,,,,,,,,,,
posebusters_benchmark,7L03_F9F,default_s5_t200,ok,181.704,results/posebench_702_predictions/chai1_gpu/posebusters_benchmark/7L03_F9F/default_s5_t200/predictions/pred.model_idx_1.cif,1.0,7.518450665140322,7.523015786021112,<REMOTE_PROJECT_ROOT>/results/posebench_702_predictions/chai1_gpu/posebusters_benchmark/7L03_F9F/default_s5_t200/predictions/scores.model_idx_1.npz,0.8714258074760437,0.9250580072402954,0.8580177426338196,False,662.0,"A:268,B:394",1.0317988445835133,22.0,22.0,10.0,90.0,"A:234:2.60,A:212:2.72,A:233:2.78,A:174:2.79,A:183:2.86,A:99:3.20,A:21:3.20,A:128:3.27,A:211:3.36,A:48:3.36,A:63:3.39,B:16:3.39",0.5231249270901416,False,False,7.48231118303738,False,2.0,5.0,ok,,,,,,,,,,,,,,,,
posebusters_benchmark,7L5F_XNG,default_s5_t200,ok,85.626,results/posebench_702_predictions/chai1_gpu/posebusters_benchmark/7L5F_XNG/default_s5_t200/predictions/pred.model_idx_0.cif,0.0,7.912547524820318,7.9207580559938355,<REMOTE_PROJECT_ROOT>/results/posebench_702_predictions/chai1_gpu/posebusters_benchmark/7L5F_XNG/default_s5_t200/predictions/scores.model_idx_0.npz,0.4582964777946472,0.9504287838935852,0.3352634012699127,False,250.0,A:250,0.29119943287560807,18.0,18.0,10.0,69.0,"A:193:2.49,A:107:2.63,A:190:2.70,A:168:3.02,A:108:3.17,A:105:3.27,A:234:3.34,A:72:3.35,A:106:3.35,A:135:3.38,A:103:3.55,A:63:3.67",0.2679803225450056,False,False,7.825213670296019,False,1.0,5.0,ok,,,,,,,,,,,,,,,,
posebusters_benchmark,7L6D_BMF,default_s5_t200,ok,67.419,results/posebench_702_predictions/chai1_gpu/posebusters_benchmark/7L6D_BMF/default_s5_t200/predictions/pred.model_idx_1.cif,1.0,5.047338553514533,5.035328240365241,<REMOTE_PROJECT_ROOT>/results/posebench_702_predictions/chai1_gpu/posebusters_benchmark/7L6D_BMF/default_s5_t200/predictions/scores.model_idx_1.npz,0.930836021900177,0.9671192169189453,0.9217652082443237,False,110.0,A:110,0.4627421492149793,28.0,28.0,10.0,47.0,"A:83:2.88,A:31:2.94,A:25:3.17,A:28:3.31,A:35:3.45,A:30:3.46,A:24:3.51,A:29:3.55,A:37:3.70,A:26:3.72,A:79:3.76,A:89:3.79",0.31036061163209433,False,False,4.980951813891384,False,4.0,5.0,ok,,,,,,,,,,,,,,,,
posebusters_benchmark,7L7C_XQ1,default_s5_t200,ok,113.315,results/posebench_702_predictions/chai1_gpu/posebusters_benchmark/7L7C_XQ1/default_s5_t200/predictions/pred.model_idx_1.cif,1.0,26.620818291653944,28.820376706878655,<REMOTE_PROJECT_ROOT>/results/posebench_702_predictions/chai1_gpu/posebusters_benchmark/7L7C_XQ1/default_s5_t200/predictions/scores.model_idx_1.npz,0.35506296157836914,0.6134226322174072,0.2904730439186096,False,376.0,"A:188,B:188",6.194201940468335,21.0,21.0,10.0,63.0,"A:167:3.07,A:31:3.30,A:35:3.41,A:170:3.50,B:28:3.52,A:34:3.65,A:162:3.66,B:64:3.68,A:163:3.78,A:173:3.81,B:65:3.92,A:39:3.93",5.663614559237678,False,False,5.916362085069988,False,2.0,5.0,ok,,,,,,,,,,,,,,,,
posebusters_benchmark,7L81_UD4,default_s5_t200,ok,67.468,results/posebench_702_predictions/chai1_gpu/posebusters_benchmark/7L81_UD4/default_s5_t200/predictions/pred.model_idx_2.cif,2.0,9.493282900819553,9.496101027405258,<REMOTE_PROJECT_ROOT>/results/posebench_702_predictions/chai1_gpu/posebusters_benchmark/7L81_UD4/default_s5_t200/predictions/scores.model_idx_2.npz,0.8434678912162781,0.9408045411109924,0.8191337585449219,False,216.0,A:216,0.8706288321989641,38.0,38.0,10.0,55.0,"A:38:2.63,A:9:2.79,A:39:2.84,A:73:2.87,A:11:3.12,A:72:3.45,A:40:3.52,A:10:3.52,A:6:3.58,A:77:3.69,A:133:3.78,A:81:4.13",0.5452654928729793,False,False,9.428680818520958,False,0.0,5.0,ok,,,,,,,,,,,,,,,,
posebusters_benchmark,7LB3_XXS,default_s5_t200,ok,65.422,results/posebench_702_predictions/chai1_gpu/posebusters_benchmark/7LB3_XXS/default_s5_t200/predictions/pred.model_idx_3.cif,3.0,5.33281643522338,5.254413895664853,<REMOTE_PROJECT_ROOT>/results/posebench_702_predictions/chai1_gpu/posebusters_benchmark/7LB3_XXS/default_s5_t200/predictions/scores.model_idx_3.npz,0.7661641836166382,0.927384078502655,0.7258591651916504,False,137.0,A:137,0.6907873555603274,29.0,29.0,10.0,45.0,"A:34:2.72,A:84:2.84,A:32:3.06,A:31:3.19,A:90:3.49,A:27:3.49,A:28:3.51,A:37:3.60,A:33:3.63,A:83:3.84,A:29:3.85,A:38:4.01",0.5335762007685294,False,False,5.222133895808387,False,4.0,5.0,ok,,,,,,,,,,,,,,,,
posebusters_benchmark,7LCU_XTA,default_s5_t200,ok,117.074,results/posebench_702_predictions/chai1_gpu/posebusters_benchmark/7LCU_XTA/default_s5_t200/predictions/pred.model_idx_2.cif,2.0,8.467303557201658,8.40168600613271,<REMOTE_PROJECT_ROOT>/results/posebench_702_predictions/chai1_gpu/posebusters_benchmark/7LCU_XTA/default_s5_t200/predictions/scores.model_idx_2.npz,0.5685570240020752,0.9567749500274658,0.47150254249572754,False,470.0,A:470,0.630694568988512,39.0,39.0,10.0,73.0,"A:126:2.76,A:123:2.83,A:198:3.05,A:42:3.17,A:144:3.27,A:145:3.35,A:84:3.40,A:121:3.41,A:122:3.41,A:154:3.52,A:155:3.52,A:116:3.61",0.3477584603362334,False,False,8.40168600613271,False,2.0,5.0,ok,,,,,,,,,,,,,,,,
posebusters_benchmark,7LEV_0JO,default_s5_t200,ok,185.687,results/posebench_702_predictions/chai1_gpu/posebusters_benchmark/7LEV_0JO/default_s5_t200/predictions/pred.model_idx_1.cif,1.0,7.1550740799659875,5.324700151094175,<REMOTE_PROJECT_ROOT>/results/posebench_702_predictions/chai1_gpu/posebusters_benchmark/7LEV_0JO/default_s5_t200/predictions/scores.model_idx_1.npz,0.7359246611595154,0.756157636642456,0.7308664321899414,False,626.0,"A:249,B:377",16.142643979443868,21.0,21.0,10.0,94.0,"B:216:2.59,B:108:2.62,B:171:2.63,B:358:2.66,B:113:2.72,B:213:2.78,B:109:2.83,B:217:2.84,B:112:2.84,B:215:2.85,B:85:3.03,B:84:3.05",2.013702027910334,False,False,5.321367004237889,False,4.0,5.0,ok,,,,,,,,,,,,,,,,
posebusters_benchmark,7LJN_GTP,default_s5_t200,exception,64.12,,,,,,,,,,,,,,,,,,,,,,,,,not_ok,RuntimeError,,,,,,,,,,,,,,,
posebusters_benchmark,7LMO_NYO,default_s5_t200,ok,114.771,results/posebench_702_predictions/chai1_gpu/posebusters_benchmark/7LMO_NYO/default_s5_t200/predictions/pred.model_idx_0.cif,0.0,17.86232228365386,17.101558998589816,<REMOTE_PROJECT_ROOT>/results/posebench_702_predictions/chai1_gpu/posebusters_benchmark/7LMO_NYO/default_s5_t200/predictions/scores.model_idx_0.npz,0.557785153388977,0.651027262210846,0.5344746708869934,False,430.0,"A:215,B:215",1.9829299832666367,37.0,37.0,10.0,72.0,"A:100:2.79,A:96:2.89,B:46:2.92,A:98:2.93,B:44:3.18,B:36:3.38,B:49:3.50,A:89:3.55,B:45:3.55,A:101:3.63,A:99:3.64,B:100:3.69",1.7159509207577321,False,False,6.848391072842004,False,3.0,5.0,ok,,,,,,,,,,,,,,,,
posebusters_benchmark,7LOE_Y84,default_s5_t200,ok,64.56,results/posebench_702_predictions/chai1_gpu/posebusters_benchmark/7LOE_Y84/default_s5_t200/predictions/pred.model_idx_4.cif,4.0,1.5053166011268493,1.5074307092967396,<REMOTE_PROJECT_ROOT>/results/posebench_702_predictions/chai1_gpu/posebusters_benchmark/7LOE_Y84/default_s5_t200/predictions/scores.model_idx_4.npz,0.6322579979896545,0.9240232110023499,0.5593166947364807,False,163.0,A:163,0.6051523581115382,11.0,11.0,10.0,58.0,"A:86:3.24,A:117:3.32,A:90:3.47,A:101:3.49,A:98:3.58,A:120:3.59,A:87:3.66,A:152:3.69,A:83:3.78,A:110:3.82,A:102:3.92,A:77:4.18",0.18048994479129735,True,True,1.337248182418102,True,3.0,5.0,ok,,,,,,,,,,,,,,,,
posebusters_benchmark,7LOU_IFM,default_s5_t200,exception,51.379,,,,,,,,,,,,,,,,,,,,,,,,,not_ok,RuntimeError,,,,,,,,,,,,,,,
posebusters_benchmark,7LT0_ONJ,default_s5_t200,ok,68.2,results/posebench_702_predictions/chai1_gpu/posebusters_benchmark/7LT0_ONJ/default_s5_t200/predictions/pred.model_idx_4.cif,4.0,7.217345232008781,7.21425554806202,<REMOTE_PROJECT_ROOT>/results/posebench_702_predictions/chai1_gpu/posebusters_benchmark/7LT0_ONJ/default_s5_t200/predictions/scores.model_idx_4.npz,0.8449965715408325,0.9490041136741638,0.8189946413040161,False,208.0,A:208,0.45327273746703306,27.0,27.0,10.0,82.0,"A:168:2.49,A:122:3.23,A:77:3.27,A:82:3.41,A:38:3.41,A:170:3.44,A:35:3.44,A:36:3.54,A:146:3.54,A:32:3.57,A:91:3.60,A:81:3.61",0.3994271852858482,False,False,5.100722181150899,False,2.0,5.0,ok,,,,,,,,,,,,,,,,
posebusters_benchmark,7LZD_YHY,default_s5_t200,ok,90.62,results/posebench_702_predictions/chai1_gpu/posebusters_benchmark/7LZD_YHY/default_s5_t200/predictions/pred.model_idx_4.cif,4.0,11.297447104881547,11.498405598227222,<REMOTE_PROJECT_ROOT>/results/posebench_702_predictions/chai1_gpu/posebusters_benchmark/7LZD_YHY/default_s5_t200/predictions/scores.model_idx_4.npz,0.3626563549041748,0.8407519459724426,0.24313242733478546,False,237.0,A:237,2.193091453816458,29.0,29.0,10.0,70.0,"A:150:2.93,A:210:3.02,A:217:3.08,A:218:3.24,A:148:3.35,A:208:3.38,A:123:3.45,A:233:3.50,A:149:3.59,A:171:3.66,A:173:3.67,A:215:3.90",1.9286350049419474,False,False,11.498405598227222,False,4.0,5.0,ok,,,,,,,,,,,,,,,,
posebusters_benchmark,7LZQ_YJV,default_s5_t200,ok,68.655,results/posebench_702_predictions/chai1_gpu/posebusters_benchmark/7LZQ_YJV/default_s5_t200/predictions/pred.model_idx_2.cif,2.0,6.19712387709149,5.950149927733908,<REMOTE_PROJECT_ROOT>/results/posebench_702_predictions/chai1_gpu/posebusters_benchmark/7LZQ_YJV/default_s5_t200/predictions/scores.model_idx_2.npz,0.5971594452857971,0.896429181098938,0.5223420262336731,False,128.0,A:128,2.623525320296551,22.0,22.0,10.0,31.0,"A:50:2.87,A:114:2.91,A:112:3.11,A:54:3.28,A:52:3.31,A:57:3.40,A:51:3.49,A:53:3.62,A:113:3.77,A:115:4.41,A:47:4.98,A:49:5.42",0.16937523375196553,False,False,5.8683812807259965,False,3.0,5.0,ok,,,,,,,,,,,,,,,,
posebusters_benchmark,7M31_TDR,default_s5_t200,exception,10.676,,,,,,,,,,,,,,,,,,,,,,,,,not_ok,UnsupportedInputError,,,,,,,,,,,,,,,
posebusters_benchmark,7M3H_YPV,default_s5_t200,ok,286.165,results/posebench_702_predictions/chai1_gpu/posebusters_benchmark/7M3H_YPV/default_s5_t200/predictions/pred.model_idx_4.cif,4.0,33.264136479792086,32.96846514888192,<REMOTE_PROJECT_ROOT>/results/posebench_702_predictions/chai1_gpu/posebusters_benchmark/7M3H_YPV/default_s5_t200/predictions/scores.model_idx_4.npz,0.8311912417411804,0.8844501376152039,0.8178765177726746,False,819.0,"A:409,B:410",10.569821375587864,24.0,24.0,10.0,87.0,"A:244:2.77,A:254:2.84,A:346:3.34,A:79:3.36,A:247:3.44,A:350:3.46,A:353:3.56,A:359:3.56,B:197:3.59,A:82:3.61,A:75:3.65,A:363:3.70",0.7090284048704918,False,False,32.78397255509499,False,1.0,5.0,ok,,,,,,,,,,,,,,,,
posebusters_benchmark,7M41_YQG,default_s5_t200,ok,66.008,results/posebench_702_predictions/chai1_gpu/posebusters_benchmark/7M41_YQG/default_s5_t200/predictions/pred.model_idx_3.cif,3.0,40.94883515902704,40.59449682109871,<REMOTE_PROJECT_ROOT>/results/posebench_702_predictions/chai1_gpu/posebusters_benchmark/7M41_YQG/default_s5_t200/predictions/scores.model_idx_3.npz,0.4145265817642212,0.5965513586997986,0.36902040243148804,False,218.0,"A:109,B:109",17.08710801302939,32.0,32.0,10.0,33.0,"A:52:2.60,A:60:2.76,A:67:2.97,A:59:3.07,A:61:3.18,A:56:3.28,A:58:3.34,A:62:3.48,A:66:3.55,A:53:3.58,A:57:3.66,A:46:3.91",0.7390410253807759,False,False,20.44098551100571,False,0.0,5.0,ok,,,,,,,,,,,,,,,,
posebusters_benchmark,7M6K_YRJ,default_s5_t200,ok,187.141,results/posebench_702_predictions/chai1_gpu/posebusters_benchmark/7M6K_YRJ/default_s5_t200/predictions/pred.model_idx_1.cif,1.0,12.433036784210152,7.870878595503174,<REMOTE_PROJECT_ROOT>/results/posebench_702_predictions/chai1_gpu/posebusters_benchmark/7M6K_YRJ/default_s5_t200/predictions/scores.model_idx_1.npz,0.5168923735618591,0.6362590789794922,0.4870506823062897,False,609.0,"A:303,B:306",21.138037649803,33.0,33.0,10.0,84.0,"B:26:2.58,B:59:2.58,B:106:2.77,B:62:2.85,B:22:2.92,B:67:2.94,B:60:2.98,B:61:3.09,B:270:3.18,B:15:3.26,B:229:3.26,B:103:3.43",1.5175407058703965,False,False,7.870878595503174,False,1.0,5.0,ok,,,,,,,,,,,,,,,,
posebusters_benchmark,7MAE_XUS,default_s5_t200,ok,65.761,results/posebench_702_predictions/chai1_gpu/posebusters_benchmark/7MAE_XUS/default_s5_t200/predictions/pred.model_idx_3.cif,3.0,9.391524485791303,9.278348393399448,<REMOTE_PROJECT_ROOT>/results/posebench_702_predictions/chai1_gpu/posebusters_benchmark/7MAE_XUS/default_s5_t200/predictions/scores.model_idx_3.npz,0.9412850141525269,0.9581299424171448,0.9370737075805664,False,198.0,"B:99,A:99",0.6888789345919502,49.0,49.0,10.0,84.0,"B:24:2.43,A:24:2.54,A:28:2.95,A:47:3.00,A:29:3.01,A:49:3.09,B:29:3.12,B:48:3.16,A:26:3.21,A:48:3.25,B:31:3.35,B:47:3.40",0.577750979214114,False,False,9.278348393399448,False,3.0,5.0,ok,,,,,,,,,,,,,,,,
posebusters_benchmark,7MEU_MGP,default_s5_t200,ok,112.722,results/posebench_702_predictions/chai1_gpu/posebusters_benchmark/7MEU_MGP/default_s5_t200/predictions/pred.model_idx_2.cif,2.0,53.26201843845987,52.801158109841545,<REMOTE_PROJECT_ROOT>/results/posebench_702_predictions/chai1_gpu/posebusters_benchmark/7MEU_MGP/default_s5_t200/predictions/scores.model_idx_2.npz,0.5055814981460571,0.6106547117233276,0.4793131947517395,False,368.0,"A:184,B:184",8.099476328184796,33.0,33.0,10.0,58.0,"A:123:2.60,A:69:2.65,A:128:2.69,A:68:2.71,A:67:3.17,A:172:3.20,A:22:3.23,A:132:4.08,A:125:4.19,A:66:4.31,A:121:4.35,A:56:4.44",1.6148424909534733,False,False,4.991133014271366,False,3.0,5.0,ok,,,,,,,,,,,,,,,,
posebusters_benchmark,7MFP_Z7P,default_s5_t200,exception,57.057,,,,,,,,,,,,,,,,,,,,,,,,,not_ok,RuntimeError,,,,,,,,,,,,,,,
posebusters_benchmark,7MGT_ZD4,default_s5_t200,ok,88.311,results/posebench_702_predictions/chai1_gpu/posebusters_benchmark/7MGT_ZD4/default_s5_t200/predictions/pred.model_idx_0.cif,0.0,4.665811198410928,4.669909942200006,<REMOTE_PROJECT_ROOT>/results/posebench_702_predictions/chai1_gpu/posebusters_benchmark/7MGT_ZD4/default_s5_t200/predictions/scores.model_idx_0.npz,0.9122079610824585,0.9430018067359924,0.9045094847679138,False,319.0,A:319,0.9154435606528815,28.0,28.0,10.0,93.0,"A:266:2.65,A:147:2.70,A:236:2.82,A:218:2.86,A:91:2.88,A:153:2.88,A:262:2.98,A:93:3.04,A:92:3.15,A:150:3.24,A:234:3.25,A:149:3.48",0.6810386054428916,False,False,4.598361493990019,False,2.0,5.0,ok,,,,,,,,,,,,,,,,
posebusters_benchmark,7MGY_ZD1,default_s5_t200,exception,45.781,,,,,,,,,,,,,,,,,,,,,,,,,not_ok,RuntimeError,,,,,,,,,,,,,,,
posebusters_benchmark,7MMH_ZJY,default_s5_t200,ok,67.432,results/posebench_702_predictions/chai1_gpu/posebusters_benchmark/7MMH_ZJY/default_s5_t200/predictions/pred.model_idx_1.cif,1.0,6.948349119869549,6.935692484423819,<REMOTE_PROJECT_ROOT>/results/posebench_702_predictions/chai1_gpu/posebusters_benchmark/7MMH_ZJY/default_s5_t200/predictions/scores.model_idx_1.npz,0.897491455078125,0.8896193504333496,0.8994594812393188,False,199.0,A:199,0.9402018828187547,57.0,57.0,10.0,71.0,"A:141:2.77,A:175:2.81,A:173:2.90,A:157:2.90,A:155:2.97,A:174:3.06,A:75:3.06,A:61:3.28,A:172:3.32,A:156:3.42,A:59:3.43,A:99:3.44",0.25276128628927846,False,False,6.925872521102272,False,3.0,5.0,ok,,,,,,,,,,,,,,,,
posebusters_benchmark,7MOI_HPS,default_s5_t200,ok,89.954,results/posebench_702_predictions/chai1_gpu/posebusters_benchmark/7MOI_HPS/default_s5_t200/predictions/pred.model_idx_1.cif,1.0,30.896399275912213,30.787501501803636,<REMOTE_PROJECT_ROOT>/results/posebench_702_predictions/chai1_gpu/posebusters_benchmark/7MOI_HPS/default_s5_t200/predictions/scores.model_idx_1.npz,0.8486555814743042,0.9176139235496521,0.8314160108566284,False,309.0,"A:155,B:154",0.7965862381619949,11.0,11.0,10.0,46.0,"A:100:2.53,A:106:2.76,A:104:2.82,A:101:2.90,A:105:2.92,A:102:2.92,A:103:3.27,A:107:3.92,A:136:4.59,A:42:5.10,A:108:5.27,A:138:5.79",0.5227234091595506,False,False,29.89053647238882,False,4.0,5.0,ok,,,,,,,,,,,,,,,,
posebusters_benchmark,7MRH_ZMJ,default_s5_t200,ok,64.574,results/posebench_702_predictions/chai1_gpu/posebusters_benchmark/7MRH_ZMJ/default_s5_t200/predictions/pred.model_idx_3.cif,3.0,30.28365901273759,30.569889945243915,<REMOTE_PROJECT_ROOT>/results/posebench_702_predictions/chai1_gpu/posebusters_benchmark/7MRH_ZMJ/default_s5_t200/predictions/scores.model_idx_3.npz,0.7385126352310181,0.8169903755187988,0.7188931703567505,False,218.0,"A:109,B:109",1.1597231384055293,24.0,24.0,10.0,48.0,"A:29:2.85,A:81:3.24,A:32:3.28,A:26:3.30,A:33:3.34,A:23:3.39,A:24:3.46,A:22:3.47,A:28:3.50,A:27:3.51,A:87:3.71,A:35:3.80",0.36581590323249413,False,False,30.25748066305602,False,4.0,5.0,ok,,,,,,,,,,,,,,,,
posebusters_benchmark,7MS7_ZQ1,default_s5_t200,ok,71.682,results/posebench_702_predictions/chai1_gpu/posebusters_benchmark/7MS7_ZQ1/default_s5_t200/predictions/pred.model_idx_1.cif,1.0,47.932928588313516,45.32134010119307,<REMOTE_PROJECT_ROOT>/results/posebench_702_predictions/chai1_gpu/posebusters_benchmark/7MS7_ZQ1/default_s5_t200/predictions/scores.model_idx_1.npz,0.48913371562957764,0.6346654295921326,0.4527508020401001,False,227.0,"A:113,B:114",21.832699309920343,29.0,29.0,10.0,50.0,"A:88:2.68,A:48:2.81,A:86:3.34,A:47:3.37,A:50:3.45,A:36:3.47,A:52:3.49,A:93:3.52,A:60:3.66,A:54:3.77,A:61:3.92,A:46:4.41",7.226678847762804,False,False,9.696026726288919,False,4.0,5.0,ok,,,,,,,,,,,,,,,,
posebusters_benchmark,7MSR_DCA,default_s5_t200,ok,186.119,results/posebench_702_predictions/chai1_gpu/posebusters_benchmark/7MSR_DCA/default_s5_t200/predictions/pred.model_idx_3.cif,3.0,12.073793680091867,12.035117507666774,<REMOTE_PROJECT_ROOT>/results/posebench_702_predictions/chai1_gpu/posebusters_benchmark/7MSR_DCA/default_s5_t200/predictions/scores.model_idx_3.npz,0.8629212379455566,0.9061995148658752,0.8521016836166382,False,700.0,"A:307,B:393",1.473458396755303,47.0,47.0,10.0,94.0,"A:22:2.45,A:103:2.80,A:25:2.81,A:48:2.83,A:101:2.94,A:24:2.98,A:129:3.16,A:20:3.18,A:23:3.20,A:78:3.32,A:46:3.32,A:102:3.43",1.1706535844217976,False,False,12.027976086144088,False,4.0,5.0,ok,,,,,,,,,,,,,,,,
posebusters_benchmark,7MWN_WI5,default_s5_t200,ok,116.7,results/posebench_702_predictions/chai1_gpu/posebusters_benchmark/7MWN_WI5/default_s5_t200/predictions/pred.model_idx_1.cif,1.0,5.455074560906651,5.41881888319482,<REMOTE_PROJECT_ROOT>/results/posebench_702_predictions/chai1_gpu/posebusters_benchmark/7MWN_WI5/default_s5_t200/predictions/scores.model_idx_1.npz,0.8875108957290649,0.9180148243904114,0.8798848390579224,False,474.0,"A:180,B:294",1.9607388293438253,32.0,32.0,10.0,84.0,"A:91:3.01,A:57:3.33,A:114:3.33,A:166:3.45,B:180:3.49,A:162:3.54,A:89:3.58,B:173:3.58,A:85:3.59,A:112:3.59,A:117:3.61,A:84:3.72",0.7013776967599739,False,False,5.20242838137222,False,0.0,5.0,ok,,,,,,,,,,,,,,,,
posebusters_benchmark,7MWU_ZPM,default_s5_t200,ok,112.316,results/posebench_702_predictions/chai1_gpu/posebusters_benchmark/7MWU_ZPM/default_s5_t200/predictions/pred.model_idx_0.cif,0.0,5.010048618584939,2.967716458807963,<REMOTE_PROJECT_ROOT>/results/posebench_702_predictions/chai1_gpu/posebusters_benchmark/7MWU_ZPM/default_s5_t200/predictions/scores.model_idx_0.npz,0.29970431327819824,0.8599776029586792,0.1596360057592392,False,499.0,A:499,13.687418067167648,7.0,7.0,10.0,54.0,"A:443:2.70,A:217:2.84,A:444:2.91,A:428:3.36,A:401:3.57,A:440:3.63,A:324:3.71,A:258:3.83,A:325:4.13,A:177:4.80,A:319:4.97,A:173:5.50",0.6363321620245209,False,False,2.967716458807963,False,0.0,5.0,ok,,,,,,,,,,,,,,,,
posebusters_benchmark,7MY1_IPE,default_s5_t200,ok,85.323,results/posebench_702_predictions/chai1_gpu/posebusters_benchmark/7MY1_IPE/default_s5_t200/predictions/pred.model_idx_4.cif,4.0,8.246656195784889,8.123004870711375,<REMOTE_PROJECT_ROOT>/results/posebench_702_predictions/chai1_gpu/posebusters_benchmark/7MY1_IPE/default_s5_t200/predictions/scores.model_idx_4.npz,0.49925029277801514,0.9526965022087097,0.3858887255191803,False,280.0,A:280,1.7405680184601133,14.0,14.0,10.0,52.0,"A:181:2.84,A:90:2.95,A:84:3.04,A:95:3.48,A:92:3.57,A:182:3.77,A:157:3.81,A:80:4.02,A:81:4.03,A:153:4.05,A:160:4.53,A:77:4.75",0.759191727570053,False,False,7.963728624005022,False,2.0,5.0,ok,,,,,,,,,,,,,,,,
posebusters_benchmark,7MYU_ZR7,default_s5_t200,ok,285.206,results/posebench_702_predictions/chai1_gpu/posebusters_benchmark/7MYU_ZR7/default_s5_t200/predictions/pred.model_idx_0.cif,0.0,50.075646054792884,42.54445538796593,<REMOTE_PROJECT_ROOT>/results/posebench_702_predictions/chai1_gpu/posebusters_benchmark/7MYU_ZR7/default_s5_t200/predictions/scores.model_idx_0.npz,0.5932953357696533,0.6152556538581848,0.5878052711486816,False,779.0,"A:390,B:389",25.089180316923663,35.0,35.0,10.0,90.0,"A:36:2.77,A:232:2.86,A:234:2.94,A:236:3.03,A:75:3.10,A:15:3.10,A:132:3.19,A:339:3.22,A:14:3.25,A:114:3.28,A:112:3.33,A:17:3.36",0.47395186923664234,False,False,24.951957114583553,False,3.0,5.0,ok,,,,,,,,,,,,,,,,
posebusters_benchmark,7MZS_GLA,default_s5_t200,ok,64.697,results/posebench_702_predictions/chai1_gpu/posebusters_benchmark/7MZS_GLA/default_s5_t200/predictions/pred.model_idx_0.cif,0.0,17.090786078651234,15.293705936061587,<REMOTE_PROJECT_ROOT>/results/posebench_702_predictions/chai1_gpu/posebusters_benchmark/7MZS_GLA/default_s5_t200/predictions/scores.model_idx_0.npz,0.13872447609901428,0.33811405301094055,0.08887707442045212,False,190.0,A:190,15.577335532263845,12.0,12.0,10.0,37.0,"A:36:2.78,A:132:2.81,A:130:2.81,A:97:2.83,A:131:3.58,A:128:3.72,A:125:3.86,A:96:4.04,A:113:4.66,A:126:5.02,A:37:5.03,A:133:5.16",12.141569421728889,False,False,14.669448613525628,False,1.0,5.0,ok,,,,,,,,,,,,,,,,
posebusters_benchmark,7N03_ZRP,default_s5_t200,ok,64.82,results/posebench_702_predictions/chai1_gpu/posebusters_benchmark/7N03_ZRP/default_s5_t200/predictions/pred.model_idx_1.cif,1.0,4.470641312989735,4.467028906943222,<REMOTE_PROJECT_ROOT>/results/posebench_702_predictions/chai1_gpu/posebusters_benchmark/7N03_ZRP/default_s5_t200/predictions/scores.model_idx_1.npz,0.9483553767204285,0.9637308120727539,0.9445115327835083,False,154.0,A:154,0.5671329096022099,28.0,28.0,10.0,76.0,"A:116:2.79,A:117:2.80,A:31:2.82,A:114:3.25,A:30:3.26,A:78:3.33,A:69:3.56,A:33:3.56,A:6:3.59,A:24:3.59,A:4:3.62,A:5:3.65",0.43391709172507925,False,False,4.457062358296854,False,2.0,5.0,ok,,,,,,,,,,,,,,,,
posebusters_benchmark,7N4N_0BK,default_s5_t200,ok,120.666,results/posebench_702_predictions/chai1_gpu/posebusters_benchmark/7N4N_0BK/default_s5_t200/predictions/pred.model_idx_2.cif,2.0,6.252586333880502,6.257684813405783,<REMOTE_PROJECT_ROOT>/results/posebench_702_predictions/chai1_gpu/posebusters_benchmark/7N4N_0BK/default_s5_t200/predictions/scores.model_idx_2.npz,0.8834721446037292,0.9292213916778564,0.8720347881317139,False,478.0,"A:366,D:112",1.2530546686982669,32.0,32.0,10.0,86.0,"A:219:2.69,A:35:2.71,A:221:2.91,A:16:3.02,A:74:3.04,A:111:3.05,A:220:3.08,A:14:3.11,A:38:3.23,A:223:3.25,A:222:3.26,A:15:3.40",1.2619345241474689,False,False,6.257684813405783,False,2.0,5.0,ok,,,,,,,,,,,,,,,,
posebusters_benchmark,7N4W_P4V,default_s5_t200,ok,65.302,results/posebench_702_predictions/chai1_gpu/posebusters_benchmark/7N4W_P4V/default_s5_t200/predictions/pred.model_idx_1.cif,1.0,6.472197043031223,6.592605830145338,<REMOTE_PROJECT_ROOT>/results/posebench_702_predictions/chai1_gpu/posebusters_benchmark/7N4W_P4V/default_s5_t200/predictions/scores.model_idx_1.npz,0.6975201368331909,0.8809682130813599,0.6516580581665039,False,183.0,A:183,1.3286018161501691,26.0,26.0,10.0,90.0,"A:58:2.92,A:181:3.24,A:148:3.26,A:55:3.28,A:147:3.36,A:98:3.40,A:130:3.52,A:180:3.54,A:84:3.68,A:126:3.69,A:77:3.75,A:59:3.77",1.1836013002273287,False,False,5.639946909782314,False,4.0,5.0,ok,,,,,,,,,,,,,,,,
posebusters_benchmark,7N6F_0I1,default_s5_t200,ok,113.541,results/posebench_702_predictions/chai1_gpu/posebusters_benchmark/7N6F_0I1/default_s5_t200/predictions/pred.model_idx_1.cif,1.0,6.604094510885247,6.501886158076039,<REMOTE_PROJECT_ROOT>/results/posebench_702_predictions/chai1_gpu/posebusters_benchmark/7N6F_0I1/default_s5_t200/predictions/scores.model_idx_1.npz,0.7984520792961121,0.938356876373291,0.7634758949279785,False,435.0,A:435,4.129859119116937,26.0,26.0,10.0,87.0,"A:180:2.95,A:252:3.08,A:248:3.12,A:317:3.15,A:173:3.18,A:63:3.27,A:315:3.45,A:247:3.48,A:176:3.49,A:420:3.49,A:66:3.54,A:75:3.54",1.1770153236087693,False,False,6.408364744694569,False,4.0,5.0,ok,,,,,,,,,,,,,,,,
posebusters_benchmark,7N7B_T3F,default_s5_t200,ok,185.727,results/posebench_702_predictions/chai1_gpu/posebusters_benchmark/7N7B_T3F/default_s5_t200/predictions/pred.model_idx_1.cif,1.0,37.68449820838865,37.38959498264096,<REMOTE_PROJECT_ROOT>/results/posebench_702_predictions/chai1_gpu/posebusters_benchmark/7N7B_T3F/default_s5_t200/predictions/scores.model_idx_1.npz,0.8643616437911987,0.9177209138870239,0.8510217666625977,False,540.0,"A:269,B:271",1.3178670829317767,35.0,35.0,10.0,74.0,"A:77:2.55,A:104:2.62,A:191:2.68,A:8:2.75,A:222:2.77,A:106:2.87,A:221:3.24,A:108:3.27,A:107:3.37,A:218:3.44,A:196:3.46,A:78:3.59",1.0035636228468765,False,False,37.360663142772125,False,3.0,5.0,ok,,,,,,,,,,,,,,,,
posebusters_benchmark,7N7H_CTP,default_s5_t200,ok,84.937,results/posebench_702_predictions/chai1_gpu/posebusters_benchmark/7N7H_CTP/default_s5_t200/predictions/pred.model_idx_4.cif,4.0,6.895179806990712,6.948581713468634,<REMOTE_PROJECT_ROOT>/results/posebench_702_predictions/chai1_gpu/posebusters_benchmark/7N7H_CTP/default_s5_t200/predictions/scores.model_idx_4.npz,0.7360318899154663,0.9438615441322327,0.6840744614601135,False,289.0,A:289,1.4053530225469326,29.0,29.0,10.0,102.0,"A:232:2.58,A:249:2.67,A:150:2.69,A:177:2.69,A:281:2.69,A:7:2.71,A:50:2.76,A:9:2.84,A:175:2.84,A:54:2.93,A:152:2.97,A:229:3.01",1.2337363325187982,False,False,6.869454141842648,False,0.0,5.0,ok,,,,,,,,,,,,,,,,
posebusters_benchmark,7NA4_1I9,default_s5_t200,ok,68.997,results/posebench_702_predictions/chai1_gpu/posebusters_benchmark/7NA4_1I9/default_s5_t200/predictions/pred.model_idx_1.cif,1.0,6.7889623563393675,6.78633941197,<REMOTE_PROJECT_ROOT>/results/posebench_702_predictions/chai1_gpu/posebusters_benchmark/7NA4_1I9/default_s5_t200/predictions/scores.model_idx_1.npz,0.8733916878700256,0.9364283084869385,0.8576325178146362,False,96.0,A:96,1.4720886815469767,38.0,38.0,10.0,56.0,"A:80:2.79,A:45:3.39,A:77:3.42,A:78:3.44,A:43:3.51,A:38:3.52,A:83:3.63,A:46:3.64,A:42:3.67,A:84:3.71,A:41:3.84,A:70:3.87",1.5619656106715334,False,False,6.76248216576209,False,3.0,5.0,ok,,,,,,,,,,,,,,,,
posebusters_benchmark,7NB4_U6Q,default_s5_t200,ok,65.99,results/posebench_702_predictions/chai1_gpu/posebusters_benchmark/7NB4_U6Q/default_s5_t200/predictions/pred.model_idx_2.cif,2.0,3.0587774838978086,3.0689611511205253,<REMOTE_PROJECT_ROOT>/results/posebench_702_predictions/chai1_gpu/posebusters_benchmark/7NB4_U6Q/default_s5_t200/predictions/scores.model_idx_2.npz,0.9090917110443115,0.959670901298523,0.896446943283081,False,151.0,A:151,1.065768435992885,31.0,31.0,10.0,57.0,"A:93:2.84,A:57:3.10,A:61:3.44,A:96:3.50,A:97:3.66,A:100:3.71,A:83:3.71,A:58:3.72,A:84:3.77,A:54:3.83,A:79:3.88,A:80:4.36",0.3823093467994265,False,False,3.0183371053864003,False,3.0,5.0,ok,,,,,,,,,,,,,,,,
posebusters_benchmark,7NF0_BYN,default_s5_t200,exception,46.112,,,,,,,,,,,,,,,,,,,,,,,,,not_ok,RuntimeError,,,,,,,,,,,,,,,
posebusters_benchmark,7NF3_4LU,default_s5_t200,ok,179.824,results/posebench_702_predictions/chai1_gpu/posebusters_benchmark/7NF3_4LU/default_s5_t200/predictions/pred.model_idx_4.cif,4.0,4.017242421570464,4.015178779618575,<REMOTE_PROJECT_ROOT>/results/posebench_702_predictions/chai1_gpu/posebusters_benchmark/7NF3_4LU/default_s5_t200/predictions/scores.model_idx_4.npz,0.8918942809104919,0.9185773730278015,0.8852235078811646,False,498.0,A:498,0.9828471284601984,36.0,36.0,10.0,99.0,"A:387:2.66,A:169:2.77,A:187:2.79,A:167:2.84,A:186:2.89,A:164:2.92,A:229:3.08,A:221:3.19,A:166:3.21,A:222:3.27,A:149:3.31,A:323:3.33",0.164916990872438,False,False,3.9825605980780847,False,3.0,5.0,ok,,,,,,,,,,,,,,,,
posebusters_benchmark,7NFB_GEN,default_s5_t200,ok,202.979,results/posebench_702_predictions/chai1_gpu/posebusters_benchmark/7NFB_GEN/default_s5_t200/predictions/pred.model_idx_3.cif,3.0,3.702130774140477,3.500245622918629,<REMOTE_PROJECT_ROOT>/results/posebench_702_predictions/chai1_gpu/posebusters_benchmark/7NFB_GEN/default_s5_t200/predictions/scores.model_idx_3.npz,0.9018650054931641,0.9357783794403076,0.8933866620063782,False,506.0,"A:241,B:244,C:10,D:11",11.083692485312891,20.0,20.0,10.0,77.0,"B:48:2.58,B:219:2.67,B:89:2.96,B:220:3.23,B:38:3.33,B:116:3.53,B:41:3.54,B:82:3.58,B:83:3.74,B:119:3.83,B:216:3.93,B:223:3.94",0.31356409721170814,False,False,3.4144991903145465,False,2.0,5.0,ok,,,,,,,,,,,,,,,,
posebusters_benchmark,7NGW_UAW,default_s5_t200,ok,65.035,results/posebench_702_predictions/chai1_gpu/posebusters_benchmark/7NGW_UAW/default_s5_t200/predictions/pred.model_idx_3.cif,3.0,6.241451915599651,6.2419570730964065,<REMOTE_PROJECT_ROOT>/results/posebench_702_predictions/chai1_gpu/posebusters_benchmark/7NGW_UAW/default_s5_t200/predictions/scores.model_idx_3.npz,0.542689323425293,0.9019476175308228,0.4528747797012329,False,193.0,A:193,0.2960198289868526,17.0,17.0,10.0,67.0,"A:157:2.86,A:154:3.01,A:88:3.31,A:158:3.32,A:116:3.40,A:127:3.41,A:126:3.55,A:161:3.61,A:120:3.63,A:185:3.66,A:85:3.68,A:84:3.78",0.21851961635189163,False,False,3.812361759717263,False,2.0,5.0,ok,,,,,,,,,,,,,,,,
posebusters_benchmark,7NLK_UHK,default_s5_t200,ok,181.306,results/posebench_702_predictions/chai1_gpu/posebusters_benchmark/7NLK_UHK/default_s5_t200/predictions/pred.model_idx_1.cif,1.0,23.551793136155577,4.9149173262528425,<REMOTE_PROJECT_ROOT>/results/posebench_702_predictions/chai1_gpu/posebusters_benchmark/7NLK_UHK/default_s5_t200/predictions/scores.model_idx_1.npz,0.4067328870296478,0.6143828630447388,0.3548203706741333,False,596.0,"A:298,B:298",22.9984168871366,16.0,16.0,10.0,55.0,"B:197:2.90,B:222:3.07,B:163:3.49,B:139:3.51,B:154:3.74,B:136:3.74,B:140:3.79,B:196:3.92,B:143:3.94,B:223:4.03,B:220:4.43,B:112:4.48",0.3911210563968209,False,False,4.839034528605464,False,0.0,5.0,ok,,,,,,,,,,,,,,,,
posebusters_benchmark,7NLV_UJE,default_s5_t200,ok,127.375,results/posebench_702_predictions/chai1_gpu/posebusters_benchmark/7NLV_UJE/default_s5_t200/predictions/pred.model_idx_2.cif,2.0,26.806075852771798,5.745464914106727,<REMOTE_PROJECT_ROOT>/results/posebench_702_predictions/chai1_gpu/posebusters_benchmark/7NLV_UJE/default_s5_t200/predictions/scores.model_idx_2.npz,0.8426737785339355,0.8778241276741028,0.8338862061500549,False,473.0,"A:117,B:118,C:120,D:118",25.82967897210574,21.0,21.0,10.0,68.0,"C:27:2.70,C:11:2.72,C:112:2.80,C:33:2.82,C:96:2.93,C:29:2.95,C:7:2.98,C:72:3.08,C:70:3.32,C:74:3.33,C:92:3.40,C:9:3.52",10.907452528046583,False,False,5.636339201304853,False,1.0,5.0,ok,,,,,,,,,,,,,,,,
posebusters_benchmark,7NML_I7B,default_s5_t200,ok,87.452,results/posebench_702_predictions/chai1_gpu/posebusters_benchmark/7NML_I7B/default_s5_t200/predictions/pred.model_idx_2.cif,2.0,33.55190585685768,33.23965525731984,<REMOTE_PROJECT_ROOT>/results/posebench_702_predictions/chai1_gpu/posebusters_benchmark/7NML_I7B/default_s5_t200/predictions/scores.model_idx_2.npz,0.5369729399681091,0.7544692754745483,0.48259884119033813,False,260.0,"A:130,B:130",1.4234313933968836,16.0,16.0,10.0,20.0,"B:89:2.74,B:88:3.26,B:11:3.37,B:90:3.40,B:111:4.69,B:87:5.31,B:110:5.63,B:12:5.75,B:91:5.81,B:109:6.49,B:106:6.67,B:10:6.92",1.6003167467752752,False,False,28.4021165361884,False,4.0,5.0,ok,,,,,,,,,,,,,,,,
posebusters_benchmark,7NP6_UK8,default_s5_t200,ok,83.704,results/posebench_702_predictions/chai1_gpu/posebusters_benchmark/7NP6_UK8/default_s5_t200/predictions/pred.model_idx_4.cif,4.0,14.395236723961661,14.137654800165707,<REMOTE_PROJECT_ROOT>/results/posebench_702_predictions/chai1_gpu/posebusters_benchmark/7NP6_UK8/default_s5_t200/predictions/scores.model_idx_4.npz,0.6963468790054321,0.9245221614837646,0.6393030285835266,False,242.0,A:242,1.0537146397327521,32.0,32.0,10.0,68.0,"A:63:2.73,A:232:2.81,A:231:2.90,A:87:3.04,A:88:3.15,A:218:3.29,A:59:3.38,A:58:3.47,A:236:3.48,A:217:3.54,A:230:3.57,A:239:3.57",1.5964884895138274,False,False,7.808178924071619,False,3.0,5.0,ok,,,,,,,,,,,,,,,,
posebusters_benchmark,7NPL_UKZ,default_s5_t200,ok,84.441,results/posebench_702_predictions/chai1_gpu/posebusters_benchmark/7NPL_UKZ/default_s5_t200/predictions/pred.model_idx_2.cif,2.0,5.2978880467043865,5.48193528295813,<REMOTE_PROJECT_ROOT>/results/posebench_702_predictions/chai1_gpu/posebusters_benchmark/7NPL_UKZ/default_s5_t200/predictions/scores.model_idx_2.npz,0.36431634426116943,0.863442599773407,0.23953475058078766,False,357.0,A:357,2.2634310654108507,27.0,27.0,10.0,78.0,"A:220:2.60,A:267:2.71,A:170:2.87,A:265:2.95,A:318:3.15,A:169:3.40,A:266:3.54,A:334:3.58,A:197:3.63,A:336:3.65,A:264:3.68,A:228:3.70",1.6442987186607183,False,False,5.48193528295813,False,2.0,5.0,ok,,,,,,,,,,,,,,,,
posebusters_benchmark,7NR6_UO8,default_s5_t200,ok,85.158,results/posebench_702_predictions/chai1_gpu/posebusters_benchmark/7NR6_UO8/default_s5_t200/predictions/pred.model_idx_1.cif,1.0,25.286559196053084,25.464917764133926,<REMOTE_PROJECT_ROOT>/results/posebench_702_predictions/chai1_gpu/posebusters_benchmark/7NR6_UO8/default_s5_t200/predictions/scores.model_idx_1.npz,0.805065929889679,0.8793606758117676,0.7864922285079956,False,306.0,"A:153,B:153",2.454241388660814,17.0,17.0,10.0,61.0,"A:34:2.78,A:126:2.78,A:36:3.20,A:33:3.30,A:124:3.43,A:37:3.46,A:127:3.48,A:81:3.51,A:83:3.55,A:4:3.58,A:35:3.69,A:38:3.84",0.835411488262041,False,False,25.02713712546471,False,3.0,5.0,ok,,,,,,,,,,,,,,,,
posebusters_benchmark,7NR8_UOE,default_s5_t200,ok,185.984,results/posebench_702_predictions/chai1_gpu/posebusters_benchmark/7NR8_UOE/default_s5_t200/predictions/pred.model_idx_4.cif,4.0,9.435229053942809,9.44851080715943,<REMOTE_PROJECT_ROOT>/results/posebench_702_predictions/chai1_gpu/posebusters_benchmark/7NR8_UOE/default_s5_t200/predictions/scores.model_idx_4.npz,0.8842854499816895,0.9401593804359436,0.8703169822692871,False,345.0,A:345,1.804970719789408,45.0,45.0,10.0,86.0,"A:155:2.60,A:56:2.85,A:43:2.85,A:97:2.88,A:94:3.13,A:95:3.16,A:157:3.32,A:41:3.41,A:25:3.48,A:99:3.49,A:98:3.50,A:100:3.54",1.2030122738399334,False,False,9.018251527431971,False,3.0,5.0,ok,,,,,,,,,,,,,,,,
posebusters_benchmark,7NSW_HC4,default_s5_t200,ok,181.796,results/posebench_702_predictions/chai1_gpu/posebusters_benchmark/7NSW_HC4/default_s5_t200/predictions/pred.model_idx_0.cif,0.0,9.474485955298743,1.7128472701277764,<REMOTE_PROJECT_ROOT>/results/posebench_702_predictions/chai1_gpu/posebusters_benchmark/7NSW_HC4/default_s5_t200/predictions/scores.model_idx_0.npz,0.5937111973762512,0.7088331580162048,0.5649306774139404,False,655.0,"A:327,B:328",24.761427747436198,12.0,12.0,10.0,73.0,"B:189:2.64,B:73:2.66,B:147:2.82,B:12:3.24,B:149:3.39,B:68:3.44,B:169:3.49,B:187:3.55,B:253:3.59,B:217:3.71,B:11:3.74,B:123:3.79",0.5305606391318758,True,False,1.6228151439734295,True,4.0,5.0,ok,,,,,,,,,,,,,,,,
posebusters_benchmark,7NTG_F6R,default_s5_t200,ok,112.963,results/posebench_702_predictions/chai1_gpu/posebusters_benchmark/7NTG_F6R/default_s5_t200/predictions/pred.model_idx_2.cif,2.0,2.9518482130644075,2.9239525494828986,<REMOTE_PROJECT_ROOT>/results/posebench_702_predictions/chai1_gpu/posebusters_benchmark/7NTG_F6R/default_s5_t200/predictions/scores.model_idx_2.npz,0.7191356420516968,0.9533477425575256,0.6605826020240784,False,402.0,A:402,0.915069489267673,16.0,16.0,10.0,63.0,"A:120:2.47,A:69:2.57,A:117:2.66,A:115:2.67,A:249:2.82,A:177:2.84,A:116:2.86,A:68:2.91,A:253:3.03,A:66:3.20,A:176:3.29,A:388:3.57",0.5712225474947765,False,False,2.751634391682292,False,4.0,5.0,ok,,,,,,,,,,,,,,,,
posebusters_benchmark,7NU0_DCL,default_s5_t200,ok,277.754,results/posebench_702_predictions/chai1_gpu/posebusters_benchmark/7NU0_DCL/default_s5_t200/predictions/pred.model_idx_4.cif,4.0,3.689983892096351,2.9348869956598103,<REMOTE_PROJECT_ROOT>/results/posebench_702_predictions/chai1_gpu/posebusters_benchmark/7NU0_DCL/default_s5_t200/predictions/scores.model_idx_4.npz,0.3718204200267792,0.8786745667457581,0.24510687589645386,False,865.0,A:865,7.696431105980446,8.0,8.0,10.0,62.0,"A:79:2.70,A:535:2.76,A:40:2.89,A:42:3.39,A:498:3.57,A:529:3.64,A:539:3.67,A:501:3.69,A:41:3.97,A:39:4.03,A:495:4.04,A:534:5.02",2.804436089052245,False,False,2.9348869956598103,False,4.0,5.0,ok,,,,,,,,,,,,,,,,
posebusters_benchmark,7NUT_GLP,default_s5_t200,ok,284.726,results/posebench_702_predictions/chai1_gpu/posebusters_benchmark/7NUT_GLP/default_s5_t200/predictions/pred.model_idx_3.cif,3.0,30.47878822105766,30.148205058042105,<REMOTE_PROJECT_ROOT>/results/posebench_702_predictions/chai1_gpu/posebusters_benchmark/7NUT_GLP/default_s5_t200/predictions/scores.model_idx_3.npz,0.8861287832260132,0.9277235865592957,0.875730037689209,False,799.0,"A:401,B:398",1.200066910242597,16.0,16.0,10.0,65.0,"A:266:2.62,A:229:2.72,A:322:2.73,A:288:2.74,B:234:2.75,B:233:2.77,A:230:2.81,A:148:3.06,A:323:3.12,A:324:3.33,A:205:3.37,A:147:3.48",0.9827951916604859,False,False,29.937034165933618,False,1.0,5.0,ok,,,,,,,,,,,,,,,,
posebusters_benchmark,7NXO_UU8,default_s5_t200,ok,188.983,results/posebench_702_predictions/chai1_gpu/posebusters_benchmark/7NXO_UU8/default_s5_t200/predictions/pred.model_idx_3.cif,3.0,33.18346938120018,32.849437521406735,<REMOTE_PROJECT_ROOT>/results/posebench_702_predictions/chai1_gpu/posebusters_benchmark/7NXO_UU8/default_s5_t200/predictions/scores.model_idx_3.npz,0.8834724426269531,0.9210363030433655,0.8740814924240112,False,724.0,"A:361,B:363",0.9801608073589336,34.0,34.0,10.0,86.0,"A:234:2.64,B:154:2.95,A:218:3.12,A:217:3.14,A:140:3.15,A:171:3.28,A:208:3.32,A:26:3.35,B:69:3.39,B:153:3.40,A:308:3.51,A:170:3.53",1.224789125164288,False,False,32.81242462655858,False,0.0,5.0,ok,,,,,,,,,,,,,,,,
posebusters_benchmark,7O0N_CDP,default_s5_t200,ok,109.106,results/posebench_702_predictions/chai1_gpu/posebusters_benchmark/7O0N_CDP/default_s5_t200/predictions/pred.model_idx_3.cif,3.0,11.632501622916443,6.531706259277648,<REMOTE_PROJECT_ROOT>/results/posebench_702_predictions/chai1_gpu/posebusters_benchmark/7O0N_CDP/default_s5_t200/predictions/scores.model_idx_3.npz,0.5872038006782532,0.6939758658409119,0.5605107545852661,False,388.0,"A:194,B:194",20.07247564088057,25.0,25.0,10.0,84.0,"A:88:2.73,A:93:2.75,B:38:2.77,B:56:2.81,B:92:2.83,B:57:2.83,B:16:2.85,B:37:2.95,B:35:2.97,B:30:2.99,B:55:3.08,B:89:3.16",9.314898208653306,False,False,6.531706259277648,False,3.0,5.0,ok,,,,,,,,,,,,,,,,
posebusters_benchmark,7O1T_5X8,default_s5_t200,ok,85.465,results/posebench_702_predictions/chai1_gpu/posebusters_benchmark/7O1T_5X8/default_s5_t200/predictions/pred.model_idx_1.cif,1.0,5.031000185544255,5.034223005059324,<REMOTE_PROJECT_ROOT>/results/posebench_702_predictions/chai1_gpu/posebusters_benchmark/7O1T_5X8/default_s5_t200/predictions/scores.model_idx_1.npz,0.9209595322608948,0.9471945762634277,0.9144006967544556,False,357.0,A:357,2.4654852524891218,25.0,25.0,10.0,93.0,"A:170:2.49,A:240:2.85,A:78:2.89,A:189:2.93,A:117:3.09,A:238:3.23,A:168:3.35,A:314:3.47,A:315:3.52,A:116:3.53,A:208:3.55,A:79:3.68",3.256424469547515,False,False,5.034223005059324,False,1.0,5.0,ok,,,,,,,,,,,,,,,,
posebusters_benchmark,7OCB_V88,default_s5_t200,ok,63.718,results/posebench_702_predictions/chai1_gpu/posebusters_benchmark/7OCB_V88/default_s5_t200/predictions/pred.model_idx_4.cif,4.0,9.58338874947938,8.797164927399622,<REMOTE_PROJECT_ROOT>/results/posebench_702_predictions/chai1_gpu/posebusters_benchmark/7OCB_V88/default_s5_t200/predictions/scores.model_idx_4.npz,0.47582074999809265,0.7832003831863403,0.39897581934928894,False,197.0,B:197,13.246087083524046,41.0,41.0,10.0,49.0,"B:131:2.75,B:126:3.23,B:86:3.31,B:130:3.33,B:124:3.43,B:88:3.46,B:98:3.53,B:117:3.56,B:134:3.83,B:43:3.90,B:136:3.90,B:87:4.70",5.391195685082809,False,False,7.906823557572713,False,1.0,5.0,ok,,,,,,,,,,,,,,,,
posebusters_benchmark,7ODX_DGP,default_s5_t200,ok,83.307,results/posebench_702_predictions/chai1_gpu/posebusters_benchmark/7ODX_DGP/default_s5_t200/predictions/pred.model_idx_1.cif,1.0,17.63058422937562,17.77850035318948,<REMOTE_PROJECT_ROOT>/results/posebench_702_predictions/chai1_gpu/posebusters_benchmark/7ODX_DGP/default_s5_t200/predictions/scores.model_idx_1.npz,0.7409276366233826,0.9275979399681091,0.6942600607872009,False,350.0,A:350,1.4957363303689954,23.0,23.0,10.0,79.0,"A:122:2.61,A:196:2.67,A:123:2.72,A:40:3.04,A:195:3.16,A:181:3.16,A:121:3.42,A:185:3.45,A:12:3.57,A:232:3.64,A:41:3.67,A:14:3.71",1.9457070870585174,False,False,17.766478949214385,False,2.0,5.0,ok,,,,,,,,,,,,,,,,
posebusters_benchmark,7ODY_DGI,default_s5_t200,ok,128.522,results/posebench_702_predictions/chai1_gpu/posebusters_benchmark/7ODY_DGI/default_s5_t200/predictions/pred.model_idx_0.cif,0.0,16.321049403392635,7.485133160646819,<REMOTE_PROJECT_ROOT>/results/posebench_702_predictions/chai1_gpu/posebusters_benchmark/7ODY_DGI/default_s5_t200/predictions/scores.model_idx_0.npz,0.4739750623703003,0.5581451058387756,0.45293253660202026,False,385.0,"A:99,B:94,C:100,D:92",16.900871396723794,27.0,27.0,10.0,79.0,"B:91:2.60,A:49:2.72,B:72:2.75,B:79:2.79,A:29:2.96,A:56:2.99,B:89:2.99,B:76:3.02,A:32:3.03,A:33:3.03,A:36:3.10,A:18:3.25",6.780290037075805,False,False,7.485133160646819,False,0.0,5.0,ok,,,,,,,,,,,,,,,,
posebusters_benchmark,7OEO_V9Z,default_s5_t200,ok,66.136,results/posebench_702_predictions/chai1_gpu/posebusters_benchmark/7OEO_V9Z/default_s5_t200/predictions/pred.model_idx_4.cif,4.0,6.651601655928915,6.65451568516191,<REMOTE_PROJECT_ROOT>/results/posebench_702_predictions/chai1_gpu/posebusters_benchmark/7OEO_V9Z/default_s5_t200/predictions/scores.model_idx_4.npz,0.7468693256378174,0.9439252018928528,0.697605311870575,False,111.0,A:111,0.3691040428795724,32.0,32.0,10.0,50.0,"A:84:2.95,A:36:3.22,A:27:3.48,A:83:3.49,A:26:3.51,A:25:3.62,A:88:3.63,A:89:3.72,A:31:3.76,A:90:3.78,A:93:3.87,A:80:3.91",0.383890813539057,False,False,2.5390024509433737,False,1.0,5.0,ok,,,,,,,,,,,,,,,,
posebusters_benchmark,7OFF_VCB,default_s5_t200,ok,87.363,results/posebench_702_predictions/chai1_gpu/posebusters_benchmark/7OFF_VCB/default_s5_t200/predictions/pred.model_idx_2.cif,2.0,6.5117915092837295,6.458047981806161,<REMOTE_PROJECT_ROOT>/results/posebench_702_predictions/chai1_gpu/posebusters_benchmark/7OFF_VCB/default_s5_t200/predictions/scores.model_idx_2.npz,0.6476275324821472,0.9483985900878906,0.5724347233772278,False,291.0,A:291,0.7812023074543833,27.0,27.0,10.0,63.0,"A:232:2.72,A:160:3.00,A:185:3.06,A:92:3.25,A:207:3.27,A:249:3.36,A:202:3.49,A:186:3.50,A:279:3.60,A:254:3.64,A:233:4.02,A:139:4.80",0.2632705100369154,False,False,6.2841711985878925,False,4.0,5.0,ok,,,,,,,,,,,,,,,,
posebusters_benchmark,7OFK_VCH,default_s5_t200,ok,91.899,results/posebench_702_predictions/chai1_gpu/posebusters_benchmark/7OFK_VCH/default_s5_t200/predictions/pred.model_idx_2.cif,2.0,5.954195385839274,5.9513841647531605,<REMOTE_PROJECT_ROOT>/results/posebench_702_predictions/chai1_gpu/posebusters_benchmark/7OFK_VCH/default_s5_t200/predictions/scores.model_idx_2.npz,0.906201183795929,0.9428778886795044,0.8970320224761963,False,264.0,"A:252,C:12",0.40574619310118804,35.0,35.0,10.0,88.0,"A:121:2.83,A:139:2.93,A:62:2.97,A:119:2.98,A:109:3.00,A:29:3.11,A:130:3.18,A:142:3.22,A:27:3.25,A:28:3.31,A:120:3.45,A:65:3.48",0.26916443943509444,False,False,5.816272202251011,False,1.0,5.0,ok,,,,,,,,,,,,,,,,
posebusters_benchmark,7OKC_VFE,default_s5_t200,ok,83.382,results/posebench_702_predictions/chai1_gpu/posebusters_benchmark/7OKC_VFE/default_s5_t200/predictions/pred.model_idx_2.cif,2.0,7.0439803190603465,7.010072128190152,<REMOTE_PROJECT_ROOT>/results/posebench_702_predictions/chai1_gpu/posebusters_benchmark/7OKC_VFE/default_s5_t200/predictions/scores.model_idx_2.npz,0.3895415961742401,0.9260180592536926,0.2554224729537964,False,264.0,A:264,0.5582953831567286,29.0,29.0,10.0,41.0,"A:156:2.74,A:174:2.95,A:155:3.07,A:135:3.34,A:138:3.40,A:173:3.53,A:171:3.67,A:153:3.88,A:119:3.89,A:137:4.14,A:172:4.19,A:157:4.22",0.17607326293689526,False,False,6.441584028058832,False,0.0,5.0,ok,,,,,,,,,,,,,,,,
posebusters_benchmark,7OKF_VH5,default_s5_t200,ok,69.002,results/posebench_702_predictions/chai1_gpu/posebusters_benchmark/7OKF_VH5/default_s5_t200/predictions/pred.model_idx_0.cif,0.0,6.778028292753117,6.321266171491847,<REMOTE_PROJECT_ROOT>/results/posebench_702_predictions/chai1_gpu/posebusters_benchmark/7OKF_VH5/default_s5_t200/predictions/scores.model_idx_0.npz,0.8159468173980713,0.9282121658325195,0.7878804802894592,False,130.0,"A:125,B:5",8.538462891949541,28.0,28.0,10.0,31.0,"A:46:2.89,A:110:2.98,A:108:3.00,A:50:3.41,A:53:3.41,A:47:3.42,A:48:3.54,A:49:3.64,A:109:3.73,A:43:4.94,A:54:5.06,A:111:5.39",0.28867763148787706,False,False,6.321266171491847,False,0.0,5.0,ok,,,,,,,,,,,,,,,,
posebusters_benchmark,7OLI_8HG,default_s5_t200,ok,113.634,results/posebench_702_predictions/chai1_gpu/posebusters_benchmark/7OLI_8HG/default_s5_t200/predictions/pred.model_idx_3.cif,3.0,6.9377214077478655,3.7970279128142326,<REMOTE_PROJECT_ROOT>/results/posebench_702_predictions/chai1_gpu/posebusters_benchmark/7OLI_8HG/default_s5_t200/predictions/scores.model_idx_3.npz,0.4247089624404907,0.5762658715248108,0.3868197202682495,False,484.0,"A:242,B:242",24.953285131168663,20.0,20.0,10.0,71.0,"B:26:2.58,B:53:2.69,B:210:2.69,B:148:3.02,B:64:3.06,B:174:3.28,B:214:3.29,B:176:3.33,B:54:3.45,B:144:3.54,B:151:3.70,B:179:3.98",5.969353891115091,False,False,3.718275675907198,False,1.0,5.0,ok,,,,,,,,,,,,,,,,
posebusters_benchmark,7OLT_58J,default_s5_t200,ok,139.145,results/posebench_702_predictions/chai1_gpu/posebusters_benchmark/7OLT_58J/default_s5_t200/predictions/pred.model_idx_0.cif,0.0,3.949072364811176,3.9582701564991707,<REMOTE_PROJECT_ROOT>/results/posebench_702_predictions/chai1_gpu/posebusters_benchmark/7OLT_58J/default_s5_t200/predictions/scores.model_idx_0.npz,0.5124537348747253,0.895585298538208,0.4166708290576935,False,288.0,A:288,0.5047098427012898,23.0,23.0,10.0,63.0,"A:62:2.87,A:129:3.05,A:124:3.32,A:110:3.32,A:123:3.35,A:64:3.39,A:126:3.42,A:128:3.49,A:131:3.65,A:65:3.66,A:71:3.77,A:114:3.78",0.452819027356489,False,False,3.865831195697944,False,4.0,5.0,ok,,,,,,,,,,,,,,,,
posebusters_benchmark,7OMJ_GCP,default_s5_t200,ok,88.949,results/posebench_702_predictions/chai1_gpu/posebusters_benchmark/7OMJ_GCP/default_s5_t200/predictions/pred.model_idx_0.cif,0.0,8.290254978221489,8.166501698824645,<REMOTE_PROJECT_ROOT>/results/posebench_702_predictions/chai1_gpu/posebusters_benchmark/7OMJ_GCP/default_s5_t200/predictions/scores.model_idx_0.npz,0.8189522624015808,0.9214246273040771,0.7933341860771179,False,308.0,A:308,2.099851433806844,32.0,32.0,10.0,84.0,"A:131:2.57,A:101:2.59,A:100:2.64,A:14:2.71,A:13:2.81,A:65:2.84,A:102:2.85,A:158:2.93,A:63:2.95,A:21:3.02,A:64:3.07,A:17:3.12",0.6832538305621088,False,False,8.150392420011773,False,4.0,5.0,ok,,,,,,,,,,,,,,,,
posebusters_benchmark,7OMX_CNA,default_s5_t200,ok,63.512,results/posebench_702_predictions/chai1_gpu/posebusters_benchmark/7OMX_CNA/default_s5_t200/predictions/pred.model_idx_2.cif,2.0,9.466364907429428,9.53174254510197,<REMOTE_PROJECT_ROOT>/results/posebench_702_predictions/chai1_gpu/posebusters_benchmark/7OMX_CNA/default_s5_t200/predictions/scores.model_idx_2.npz,0.8729801177978516,0.9460448622703552,0.8547139167785645,False,196.0,A:196,2.4426066936361983,44.0,44.0,10.0,83.0,"A:10:2.71,A:27:2.72,A:8:2.73,A:9:2.85,A:51:2.87,A:25:2.92,A:37:2.95,A:23:3.09,A:14:3.23,A:17:3.25,A:57:3.27,A:18:3.33",3.3130934429365717,False,False,9.53174254510197,False,2.0,5.0,ok,,,,,,,,,,,,,,,,
posebusters_benchmark,7OP9_06K,default_s5_t200,exception,10.309,,,,,,,,,,,,,,,,,,,,,,,,,not_ok,UnsupportedInputError,,,,,,,,,,,,,,,
posebusters_benchmark,7OPG_06N,default_s5_t200,exception,50.697,,,,,,,,,,,,,,,,,,,,,,,,,not_ok,RuntimeError,,,,,,,,,,,,,,,
posebusters_benchmark,7ORW_7WA,default_s5_t200,ok,64.818,results/posebench_702_predictions/chai1_gpu/posebusters_benchmark/7ORW_7WA/default_s5_t200/predictions/pred.model_idx_1.cif,1.0,17.72947224727097,9.083543905382392,<REMOTE_PROJECT_ROOT>/results/posebench_702_predictions/chai1_gpu/posebusters_benchmark/7ORW_7WA/default_s5_t200/predictions/scores.model_idx_1.npz,0.11924183368682861,0.2661701440811157,0.08250974863767624,False,124.0,A:124,14.472521596355206,10.0,10.0,10.0,22.0,"A:59:2.65,A:56:3.05,A:41:3.39,A:94:3.41,A:58:3.46,A:36:4.03,A:57:4.73,A:55:4.76,A:40:5.50,A:39:6.55,A:54:6.73,A:92:7.26",8.09001476564216,False,False,8.152797844113369,False,2.0,5.0,ok,,,,,,,,,,,,,,,,
posebusters_benchmark,7OSO_0V1,default_s5_t200,ok,113.69,results/posebench_702_predictions/chai1_gpu/posebusters_benchmark/7OSO_0V1/default_s5_t200/predictions/pred.model_idx_2.cif,2.0,2.902649172145426,2.586937103846047,<REMOTE_PROJECT_ROOT>/results/posebench_702_predictions/chai1_gpu/posebusters_benchmark/7OSO_0V1/default_s5_t200/predictions/scores.model_idx_2.npz,0.3082914352416992,0.9182329773902893,0.1558060497045517,False,412.0,A:412,5.175536449537785,7.0,7.0,10.0,49.0,"A:42:2.53,A:41:2.74,A:93:2.75,A:283:2.80,A:65:3.54,A:127:3.57,A:348:4.06,A:198:4.32,A:199:4.55,A:128:4.68,A:301:4.81,A:96:4.90",1.081942399999183,False,False,2.26026639948979,False,1.0,5.0,ok,,,,,,,,,,,,,,,,
posebusters_benchmark,7OU8_1XI,default_s5_t200,exception,51.391,,,,,,,,,,,,,,,,,,,,,,,,,not_ok,RuntimeError,,,,,,,,,,,,,,,
posebusters_benchmark,7OZ9_NGK,default_s5_t200,ok,531.861,results/posebench_702_predictions/chai1_gpu/posebusters_benchmark/7OZ9_NGK/default_s5_t200/predictions/pred.model_idx_4.cif,4.0,24.745917985137773,3.8992398554562056,<REMOTE_PROJECT_ROOT>/results/posebench_702_predictions/chai1_gpu/posebusters_benchmark/7OZ9_NGK/default_s5_t200/predictions/scores.model_idx_4.npz,0.4370082914829254,0.6115294694900513,0.39337798953056335,False,965.0,"A:482,B:483",26.947590805323234,19.0,19.0,10.0,63.0,"B:156:2.77,B:397:2.86,B:304:2.94,B:222:2.96,B:129:2.97,B:62:3.18,B:127:3.34,B:11:3.44,B:83:3.54,B:61:3.70,B:398:3.71,B:10:3.84",2.355735682928328,False,False,3.726784054962122,False,3.0,5.0,ok,,,,,,,,,,,,,,,,
posebusters_benchmark,7OZC_G6S,default_s5_t200,ok,114.878,results/posebench_702_predictions/chai1_gpu/posebusters_benchmark/7OZC_G6S/default_s5_t200/predictions/pred.model_idx_3.cif,3.0,5.038804655967457,5.075055054343095,<REMOTE_PROJECT_ROOT>/results/posebench_702_predictions/chai1_gpu/posebusters_benchmark/7OZC_G6S/default_s5_t200/predictions/scores.model_idx_3.npz,0.5865272879600525,0.9539201855659485,0.4946790635585785,False,485.0,A:485,1.1250261265099133,16.0,16.0,10.0,74.0,"A:304:2.56,A:138:2.61,A:484:2.69,A:139:2.70,A:188:2.82,A:327:2.91,A:49:2.93,A:245:3.02,A:104:3.04,A:136:3.10,A:102:3.14,A:10:3.14",1.6973357386402832,False,False,4.242194505866131,False,2.0,5.0,ok,,,,,,,,,,,,,,,,
posebusters_benchmark,7P1F_KFN,default_s5_t200,ok,284.225,results/posebench_702_predictions/chai1_gpu/posebusters_benchmark/7P1F_KFN/default_s5_t200/predictions/pred.model_idx_2.cif,2.0,9.051547571299189,4.545390275529088,<REMOTE_PROJECT_ROOT>/results/posebench_702_predictions/chai1_gpu/posebusters_benchmark/7P1F_KFN/default_s5_t200/predictions/scores.model_idx_2.npz,0.6151543855667114,0.7243039608001709,0.587867021560669,False,766.0,"B:383,A:383",25.87432379906286,17.0,17.0,10.0,58.0,"B:123:2.64,B:334:2.77,B:298:2.82,B:36:2.87,B:55:2.92,B:240:3.07,B:61:3.32,B:224:3.39,B:177:3.46,B:37:3.96,B:223:4.47,B:146:4.53",5.767414429608186,False,False,4.545390275529088,False,2.0,5.0,ok,,,,,,,,,,,,,,,,
posebusters_benchmark,7P1M_4IU,default_s5_t200,ok,90.187,results/posebench_702_predictions/chai1_gpu/posebusters_benchmark/7P1M_4IU/default_s5_t200/predictions/pred.model_idx_2.cif,2.0,16.90237449808745,8.004717166977146,<REMOTE_PROJECT_ROOT>/results/posebench_702_predictions/chai1_gpu/posebusters_benchmark/7P1M_4IU/default_s5_t200/predictions/scores.model_idx_2.npz,0.5027135610580444,0.6378624439239502,0.4689263105392456,False,299.0,"A:150,B:149",15.524278368130775,24.0,24.0,10.0,45.0,"B:73:2.70,B:59:2.73,B:83:2.73,B:53:2.90,B:39:2.91,B:63:3.06,B:61:3.20,B:41:3.33,B:135:3.56,B:80:3.71,B:71:3.80,B:136:3.80",0.194079848973998,False,False,7.959418880148456,False,1.0,5.0,ok,,,,,,,,,,,,,,,,
posebusters_benchmark,7P2I_MFU,default_s5_t200,ok,146.782,results/posebench_702_predictions/chai1_gpu/posebusters_benchmark/7P2I_MFU/default_s5_t200/predictions/pred.model_idx_3.cif,3.0,17.13716188948679,17.523324645120052,<REMOTE_PROJECT_ROOT>/results/posebench_702_predictions/chai1_gpu/posebusters_benchmark/7P2I_MFU/default_s5_t200/predictions/scores.model_idx_3.npz,0.7903924584388733,0.8509902954101562,0.7752429246902466,False,261.0,"A:88,B:86,C:87",3.1496724339573463,12.0,12.0,10.0,42.0,"C:26:2.61,C:78:2.85,C:16:2.92,C:37:2.94,C:38:3.53,C:36:3.55,C:73:3.57,C:58:3.82,C:34:4.04,C:28:4.17,C:56:4.20,C:9:4.20",1.4724903319557274,False,False,17.335258538111226,False,1.0,5.0,ok,,,,,,,,,,,,,,,,
posebusters_benchmark,7P2W_4QR,default_s5_t200,ok,64.344,results/posebench_702_predictions/chai1_gpu/posebusters_benchmark/7P2W_4QR/default_s5_t200/predictions/pred.model_idx_3.cif,3.0,7.292412273826006,7.15762521268124,<REMOTE_PROJECT_ROOT>/results/posebench_702_predictions/chai1_gpu/posebusters_benchmark/7P2W_4QR/default_s5_t200/predictions/scores.model_idx_3.npz,0.8932317495346069,0.9258125424385071,0.8850865364074707,False,204.0,A:204,4.701006127487004,34.0,34.0,10.0,74.0,"A:120:2.71,A:59:2.72,A:101:3.42,A:36:3.43,A:62:3.44,A:104:3.49,A:65:3.53,A:63:3.53,A:149:3.55,A:87:3.55,A:32:3.64,A:102:3.65",2.905737006495037,False,False,7.052303360086943,False,4.0,5.0,ok,,,,,,,,,,,,,,,,
posebusters_benchmark,7P4C_5OV,default_s5_t200,ok,369.359,results/posebench_702_predictions/chai1_gpu/posebusters_benchmark/7P4C_5OV/default_s5_t200/predictions/pred.model_idx_0.cif,0.0,3.762609584455536,3.7613034742124514,<REMOTE_PROJECT_ROOT>/results/posebench_702_predictions/chai1_gpu/posebusters_benchmark/7P4C_5OV/default_s5_t200/predictions/scores.model_idx_0.npz,0.800035297870636,0.9540742039680481,0.7615255117416382,False,780.0,A:780,0.9487584927725304,16.0,16.0,10.0,64.0,"A:442:2.55,A:261:2.59,A:502:2.87,A:425:2.96,A:374:3.11,A:303:3.36,A:372:3.37,A:475:3.44,A:439:3.45,A:233:3.46,A:339:3.55,A:262:3.68",0.48577491375703036,False,False,3.7613034742124514,False,0.0,5.0,ok,,,,,,,,,,,,,,,,
posebusters_benchmark,7P4J_5JK,default_s5_t200,ok,275.775,results/posebench_702_predictions/chai1_gpu/posebusters_benchmark/7P4J_5JK/default_s5_t200/predictions/pred.model_idx_4.cif,4.0,9.638031310369687,9.58315981451315,<REMOTE_PROJECT_ROOT>/results/posebench_702_predictions/chai1_gpu/posebusters_benchmark/7P4J_5JK/default_s5_t200/predictions/scores.model_idx_4.npz,0.6174015998840332,0.9145784974098206,0.5431073307991028,False,770.0,A:770,1.9119681129567767,29.0,29.0,10.0,58.0,"A:197:2.87,A:18:3.20,A:151:3.33,A:191:3.50,A:211:3.53,A:15:3.55,A:198:3.58,A:195:3.62,A:186:3.66,A:185:3.70,A:188:3.77,A:212:3.97",1.5559944273049058,False,False,9.531509835371661,False,3.0,5.0,ok,,,,,,,,,,,,,,,,
posebusters_benchmark,7P4V_DAT,default_s5_t200,ok,66.508,results/posebench_702_predictions/chai1_gpu/posebusters_benchmark/7P4V_DAT/default_s5_t200/predictions/pred.model_idx_1.cif,1.0,26.648366647609482,26.391249263456785,<REMOTE_PROJECT_ROOT>/results/posebench_702_predictions/chai1_gpu/posebusters_benchmark/7P4V_DAT/default_s5_t200/predictions/scores.model_idx_1.npz,0.7941752672195435,0.8806560635566711,0.7725551128387451,False,113.0,A:113,1.8791200458353752,26.0,26.0,10.0,35.0,"A:90:2.59,A:87:2.88,A:38:2.95,A:39:2.98,A:88:3.31,A:35:3.31,A:58:3.33,A:37:3.41,A:89:3.51,A:36:3.56,A:92:3.59,A:86:3.92",1.1848685415252653,False,False,26.087615687824265,False,2.0,5.0,ok,,,,,,,,,,,,,,,,
posebusters_benchmark,7P5T_5YG,default_s5_t200,ok,109.313,results/posebench_702_predictions/chai1_gpu/posebusters_benchmark/7P5T_5YG/default_s5_t200/predictions/pred.model_idx_4.cif,4.0,8.468434205376163,8.533537325354315,<REMOTE_PROJECT_ROOT>/results/posebench_702_predictions/chai1_gpu/posebusters_benchmark/7P5T_5YG/default_s5_t200/predictions/scores.model_idx_4.npz,0.5067204236984253,0.9420767426490784,0.3978813886642456,False,396.0,A:396,0.9955451515990877,23.0,23.0,10.0,79.0,"A:226:3.42,A:71:3.49,A:227:3.52,A:160:3.52,A:222:3.59,A:377:3.61,A:156:3.63,A:223:3.72,A:274:3.83,A:231:3.85,A:69:3.89,A:176:3.93",0.7912212741852154,False,False,5.851797138187588,False,0.0,5.0,ok,,,,,,,,,,,,,,,,
posebusters_benchmark,7P85_5ZG,default_s5_t200,ok,85.017,results/posebench_702_predictions/chai1_gpu/posebusters_benchmark/7P85_5ZG/default_s5_t200/predictions/pred.model_idx_1.cif,1.0,5.192837083869606,5.343240715288922,<REMOTE_PROJECT_ROOT>/results/posebench_702_predictions/chai1_gpu/posebusters_benchmark/7P85_5ZG/default_s5_t200/predictions/scores.model_idx_1.npz,0.5688028335571289,0.9378701448440552,0.4765360355377197,False,335.0,A:335,2.9293498521954495,14.0,14.0,10.0,64.0,"A:271:2.68,A:101:3.03,A:171:3.04,A:25:3.41,A:276:3.45,A:230:3.46,A:27:3.47,A:200:3.49,A:232:3.52,A:102:3.52,A:278:3.78,A:76:3.79",3.591186692666439,False,False,4.0663966911185065,False,2.0,5.0,ok,,,,,,,,,,,,,,,,
posebusters_benchmark,7PA4_C,default_s5_t200,ok,328.334,results/posebench_702_predictions/chai1_gpu/posebusters_benchmark/7PA4_C/default_s5_t200/predictions/pred.model_idx_3.cif,3.0,23.31693344523572,6.253735353336822,<REMOTE_PROJECT_ROOT>/results/posebench_702_predictions/chai1_gpu/posebusters_benchmark/7PA4_C/default_s5_t200/predictions/scores.model_idx_3.npz,0.7566922903060913,0.8530339598655701,0.732606828212738,False,524.0,A:524,11.598209077591264,21.0,21.0,10.0,47.0,"A:480:2.55,A:328:2.88,A:369:2.88,A:364:2.90,A:367:3.19,A:366:3.23,A:421:3.35,A:474:3.54,A:391:3.58,A:422:4.56,A:419:4.86,A:420:5.09",4.993899474101478,False,False,5.765432068626482,False,1.0,5.0,ok,,,,,,,,,,,,,,,,
posebusters_benchmark,7PGX_FMN,default_s5_t200,ok,61.716,results/posebench_702_predictions/chai1_gpu/posebusters_benchmark/7PGX_FMN/default_s5_t200/predictions/pred.model_idx_4.cif,4.0,5.509947421348874,5.498708983133913,<REMOTE_PROJECT_ROOT>/results/posebench_702_predictions/chai1_gpu/posebusters_benchmark/7PGX_FMN/default_s5_t200/predictions/scores.model_idx_4.npz,0.8563502430915833,0.8840122222900391,0.8494347333908081,False,146.0,A:146,2.152298794626682,31.0,31.0,10.0,72.0,"A:48:2.79,A:50:2.85,A:81:2.88,A:53:2.89,A:112:3.05,A:69:3.12,A:91:3.14,A:93:3.21,A:49:3.33,A:52:3.39,A:62:3.40,A:24:3.42",0.31800914249307777,False,False,5.498708983133913,False,4.0,5.0,ok,,,,,,,,,,,,,,,,
posebusters_benchmark,7PIH_7QW,default_s5_t200,ok,115.162,results/posebench_702_predictions/chai1_gpu/posebusters_benchmark/7PIH_7QW/default_s5_t200/predictions/pred.model_idx_3.cif,3.0,7.4210466003045354,7.42773353056062,<REMOTE_PROJECT_ROOT>/results/posebench_702_predictions/chai1_gpu/posebusters_benchmark/7PIH_7QW/default_s5_t200/predictions/scores.model_idx_3.npz,0.8982706069946289,0.9484891295433044,0.8857159614562988,False,368.0,"A:349,B:19",1.5587662740973205,24.0,24.0,10.0,77.0,"A:184:2.59,A:122:2.83,A:124:2.84,A:171:2.87,A:128:3.02,A:71:3.26,A:123:3.35,A:173:3.38,A:326:3.46,A:51:3.47,A:183:3.52,A:50:3.65",0.5422435194375954,False,False,7.415075428705389,False,2.0,5.0,ok,,,,,,,,,,,,,,,,
posebusters_benchmark,7PJQ_OWH,default_s5_t200,ok,87.435,results/posebench_702_predictions/chai1_gpu/posebusters_benchmark/7PJQ_OWH/default_s5_t200/predictions/pred.model_idx_1.cif,1.0,31.824243310522963,15.307504234789945,<REMOTE_PROJECT_ROOT>/results/posebench_702_predictions/chai1_gpu/posebusters_benchmark/7PJQ_OWH/default_s5_t200/predictions/scores.model_idx_1.npz,0.48156413435935974,0.583270788192749,0.45613744854927063,False,329.0,"A:165,B:164",18.01794087396049,10.0,10.0,10.0,48.0,"A:34:2.79,A:84:3.14,A:132:3.27,A:23:3.32,A:35:3.41,A:90:3.69,A:36:3.69,A:86:3.76,A:33:3.78,A:95:3.84,A:87:3.87,A:19:3.89",0.8682676418975955,False,False,15.307504234789945,False,1.0,5.0,ok,,,,,,,,,,,,,,,,
posebusters_benchmark,7PK0_BYC,default_s5_t200,ok,84.196,results/posebench_702_predictions/chai1_gpu/posebusters_benchmark/7PK0_BYC/default_s5_t200/predictions/pred.model_idx_2.cif,2.0,9.402401411182597,9.398246104493348,<REMOTE_PROJECT_ROOT>/results/posebench_702_predictions/chai1_gpu/posebusters_benchmark/7PK0_BYC/default_s5_t200/predictions/scores.model_idx_2.npz,0.8731306791305542,0.9221022129058838,0.8608877658843994,False,284.0,A:284,1.674301118236608,56.0,56.0,10.0,77.0,"A:231:2.59,A:228:2.72,A:220:2.85,A:226:2.86,A:218:2.91,A:230:3.07,A:256:3.19,A:261:3.26,A:219:3.32,A:227:3.32,A:258:3.33,A:250:3.35",0.5333025572772876,False,False,9.263697465781988,False,3.0,5.0,ok,,,,,,,,,,,,,,,,
posebusters_benchmark,7PL1_SFG,default_s5_t200,ok,63.948,results/posebench_702_predictions/chai1_gpu/posebusters_benchmark/7PL1_SFG/default_s5_t200/predictions/pred.model_idx_3.cif,3.0,8.388480679772291,8.359405162676579,<REMOTE_PROJECT_ROOT>/results/posebench_702_predictions/chai1_gpu/posebusters_benchmark/7PL1_SFG/default_s5_t200/predictions/scores.model_idx_3.npz,0.8914610147476196,0.9286069869995117,0.8821744918823242,False,210.0,A:210,3.1255041951122813,27.0,27.0,10.0,68.0,"A:58:2.53,A:183:2.72,A:91:2.79,A:35:2.82,A:112:2.84,A:111:2.88,A:185:2.90,A:92:3.02,A:59:3.32,A:90:3.43,A:36:3.48,A:60:3.49",1.2740537374747738,False,False,8.32264752411964,False,0.0,5.0,ok,,,,,,,,,,,,,,,,
posebusters_benchmark,7POM_7VZ,default_s5_t200,ok,287.519,results/posebench_702_predictions/chai1_gpu/posebusters_benchmark/7POM_7VZ/default_s5_t200/predictions/pred.model_idx_4.cif,4.0,31.45106235791356,36.45339723230645,<REMOTE_PROJECT_ROOT>/results/posebench_702_predictions/chai1_gpu/posebusters_benchmark/7POM_7VZ/default_s5_t200/predictions/scores.model_idx_4.npz,0.3364902138710022,0.4157010316848755,0.3166874945163727,False,992.0,"A:251,B:239,C:251,D:251",28.420642170922267,22.0,22.0,10.0,74.0,"C:191:2.70,C:192:3.12,C:85:3.14,C:87:3.17,C:59:3.21,C:110:3.25,C:2:3.30,C:190:3.38,C:62:3.47,C:57:3.51,C:112:3.56,C:60:3.61",3.401417509570177,False,False,4.29938871418249,False,2.0,5.0,ok,,,,,,,,,,,,,,,,
posebusters_benchmark,7PRI_7TI,default_s5_t200,ok,180.477,results/posebench_702_predictions/chai1_gpu/posebusters_benchmark/7PRI_7TI/default_s5_t200/predictions/pred.model_idx_1.cif,1.0,41.183795706156246,32.24561789055524,<REMOTE_PROJECT_ROOT>/results/posebench_702_predictions/chai1_gpu/posebusters_benchmark/7PRI_7TI/default_s5_t200/predictions/scores.model_idx_1.npz,0.4230530858039856,0.6157474517822266,0.37487950921058655,False,554.0,"A:277,B:277",25.6519400958645,20.0,20.0,10.0,66.0,"A:207:2.73,A:67:3.04,A:93:3.17,A:62:3.24,A:208:3.25,A:64:3.27,A:3:3.31,A:206:3.34,A:118:3.36,A:95:3.39,A:1:3.49,A:91:3.51",0.6952140353982961,False,False,6.480927249612854,False,4.0,5.0,ok,,,,,,,,,,,,,,,,
posebusters_benchmark,7PRM_81I,default_s5_t200,ok,85.584,results/posebench_702_predictions/chai1_gpu/posebusters_benchmark/7PRM_81I/default_s5_t200/predictions/pred.model_idx_3.cif,3.0,8.482878179960403,8.482165531647398,<REMOTE_PROJECT_ROOT>/results/posebench_702_predictions/chai1_gpu/posebusters_benchmark/7PRM_81I/default_s5_t200/predictions/scores.model_idx_3.npz,0.7459226250648499,0.9496720433235168,0.6949852108955383,False,295.0,A:295,1.3435517936162074,32.0,32.0,10.0,97.0,"A:56:2.80,A:121:2.84,A:122:2.91,A:50:2.92,A:154:3.23,A:52:3.39,A:193:3.42,A:120:3.52,A:180:3.55,A:269:3.59,A:183:3.59,A:49:3.62",0.8408156695657412,False,False,8.482165531647398,False,3.0,5.0,ok,,,,,,,,,,,,,,,,
posebusters_benchmark,7PT3_3KK,default_s5_t200,exception,50.62,,,,,,,,,,,,,,,,,,,,,,,,,not_ok,RuntimeError,,,,,,,,,,,,,,,
posebusters_benchmark,7PUV_84Z,default_s5_t200,exception,50.124,,,,,,,,,,,,,,,,,,,,,,,,,not_ok,RuntimeError,,,,,,,,,,,,,,,
posebusters_benchmark,7Q19_DSM,default_s5_t200,ok,63.25,results/posebench_702_predictions/chai1_gpu/posebusters_benchmark/7Q19_DSM/default_s5_t200/predictions/pred.model_idx_0.cif,0.0,4.850365890090429,4.882833726075043,<REMOTE_PROJECT_ROOT>/results/posebench_702_predictions/chai1_gpu/posebusters_benchmark/7Q19_DSM/default_s5_t200/predictions/scores.model_idx_0.npz,0.4350019693374634,0.8608476519584656,0.32854053378105164,False,158.0,A:158,1.2985904578312792,20.0,20.0,10.0,64.0,"A:103:3.45,A:34:3.52,A:101:3.60,A:37:3.64,A:80:3.77,A:54:3.79,A:67:3.83,A:35:3.88,A:116:3.91,A:114:4.15,A:56:4.40,A:27:4.47",0.753012792965179,False,False,2.486500880432667,False,1.0,5.0,ok,,,,,,,,,,,,,,,,
posebusters_benchmark,7Q25_8J9,default_s5_t200,exception,52.313,,,,,,,,,,,,,,,,,,,,,,,,,not_ok,RuntimeError,,,,,,,,,,,,,,,
posebusters_benchmark,7Q27_8KC,default_s5_t200,ok,176.168,results/posebench_702_predictions/chai1_gpu/posebusters_benchmark/7Q27_8KC/default_s5_t200/predictions/pred.model_idx_0.cif,0.0,6.786757353152863,6.788811883057167,<REMOTE_PROJECT_ROOT>/results/posebench_702_predictions/chai1_gpu/posebusters_benchmark/7Q27_8KC/default_s5_t200/predictions/scores.model_idx_0.npz,0.8697060942649841,0.9555612802505493,0.8482422232627869,False,586.0,A:586,0.8772716723905636,35.0,35.0,10.0,96.0,"A:480:2.63,A:471:2.72,A:344:2.73,A:483:2.75,A:473:2.79,A:314:2.91,A:313:2.92,A:241:3.03,A:371:3.10,A:343:3.30,A:347:3.35,A:375:3.36",0.23324875147013419,False,False,6.788811883057167,False,0.0,5.0,ok,,,,,,,,,,,,,,,,
posebusters_benchmark,7Q2B_M6H,default_s5_t200,ok,86.148,results/posebench_702_predictions/chai1_gpu/posebusters_benchmark/7Q2B_M6H/default_s5_t200/predictions/pred.model_idx_4.cif,4.0,4.2137875186858755,4.246979980210064,<REMOTE_PROJECT_ROOT>/results/posebench_702_predictions/chai1_gpu/posebusters_benchmark/7Q2B_M6H/default_s5_t200/predictions/scores.model_idx_4.npz,0.556100070476532,0.95183265209198,0.4571669101715088,False,283.0,A:283,1.818270845853921,12.0,12.0,10.0,57.0,"A:23:3.12,A:127:3.25,A:190:3.32,A:130:3.37,A:131:3.53,A:195:3.76,A:222:3.76,A:193:4.11,A:255:4.13,A:185:4.16,A:186:4.20,A:194:4.82",0.5140621494338077,False,False,3.8404269721434106,False,0.0,5.0,ok,,,,,,,,,,,,,,,,
posebusters_benchmark,7Q5I_I0F,default_s5_t200,ok,278.189,results/posebench_702_predictions/chai1_gpu/posebusters_benchmark/7Q5I_I0F/default_s5_t200/predictions/pred.model_idx_2.cif,2.0,7.1380670213968855,7.145206936378919,<REMOTE_PROJECT_ROOT>/results/posebench_702_predictions/chai1_gpu/posebusters_benchmark/7Q5I_I0F/default_s5_t200/predictions/scores.model_idx_2.npz,0.8116458058357239,0.9162697196006775,0.7854897975921631,False,807.0,A:807,1.1544984379533134,27.0,27.0,10.0,92.0,"A:348:2.70,A:643:2.76,A:455:2.81,A:646:2.87,A:123:3.00,A:645:3.02,A:544:3.12,A:349:3.26,A:644:3.30,A:263:3.30,A:75:3.37,A:264:3.55",0.9323303040987033,False,False,7.01231512892452,False,3.0,5.0,ok,,,,,,,,,,,,,,,,
posebusters_benchmark,7QE4_NGA,default_s5_t200,ok,183.145,results/posebench_702_predictions/chai1_gpu/posebusters_benchmark/7QE4_NGA/default_s5_t200/predictions/pred.model_idx_4.cif,4.0,56.13453377709854,4.02687658080638,<REMOTE_PROJECT_ROOT>/results/posebench_702_predictions/chai1_gpu/posebusters_benchmark/7QE4_NGA/default_s5_t200/predictions/scores.model_idx_4.npz,0.28418445587158203,0.4995918273925781,0.2303326278924942,False,647.0,"A:325,B:322",38.53136441998652,15.0,15.0,10.0,32.0,"B:78:2.48,B:77:2.78,B:97:2.87,B:80:3.18,B:37:3.18,B:81:3.27,B:94:3.51,B:92:3.64,B:79:4.01,B:90:4.07,B:100:4.82,B:95:5.14",1.075171863377027,False,False,4.02687658080638,False,4.0,5.0,ok,,,,,,,,,,,,,,,,
posebusters_benchmark,7QF4_RBF,default_s5_t200,ok,101.375,results/posebench_702_predictions/chai1_gpu/posebusters_benchmark/7QF4_RBF/default_s5_t200/predictions/pred.model_idx_3.cif,3.0,5.329708143799173,5.308372135233322,<REMOTE_PROJECT_ROOT>/results/posebench_702_predictions/chai1_gpu/posebusters_benchmark/7QF4_RBF/default_s5_t200/predictions/scores.model_idx_3.npz,0.914924144744873,0.9354734420776367,0.9097868204116821,False,116.0,A:116,2.374767700087533,27.0,27.0,10.0,74.0,"A:38:2.75,A:43:2.84,A:71:2.89,A:102:2.99,A:40:3.07,A:59:3.13,A:81:3.18,A:39:3.42,A:100:3.45,A:7:3.53,A:98:3.55,A:85:3.55",0.3833433954299249,False,False,5.297967114719036,False,0.0,5.0,ok,,,,,,,,,,,,,,,,
posebusters_benchmark,7QFM_AY3,default_s5_t200,ok,88.913,results/posebench_702_predictions/chai1_gpu/posebusters_benchmark/7QFM_AY3/default_s5_t200/predictions/pred.model_idx_2.cif,2.0,6.389486115055911,6.395872201277035,<REMOTE_PROJECT_ROOT>/results/posebench_702_predictions/chai1_gpu/posebusters_benchmark/7QFM_AY3/default_s5_t200/predictions/scores.model_idx_2.npz,0.8643788695335388,0.9599218368530273,0.8404931426048279,False,278.0,"A:270,D:8",0.7486821648063078,20.0,20.0,10.0,63.0,"A:32:2.79,A:151:2.87,A:87:3.19,A:93:3.54,A:11:3.64,A:85:3.65,A:139:3.69,A:150:3.74,A:91:3.80,A:12:3.82,A:17:3.85,A:30:3.95",0.8561904267687894,False,False,6.281995291527632,False,3.0,5.0,ok,,,,,,,,,,,,,,,,
posebusters_benchmark,7QGP_DJ8,default_s5_t200,ok,85.03,results/posebench_702_predictions/chai1_gpu/posebusters_benchmark/7QGP_DJ8/default_s5_t200/predictions/pred.model_idx_1.cif,1.0,5.602440658756154,5.523847392368223,<REMOTE_PROJECT_ROOT>/results/posebench_702_predictions/chai1_gpu/posebusters_benchmark/7QGP_DJ8/default_s5_t200/predictions/scores.model_idx_1.npz,0.8723725080490112,0.9205324053764343,0.8603325486183167,False,288.0,A:288,3.9667335576337464,35.0,35.0,10.0,85.0,"A:149:2.99,A:87:3.05,A:138:3.18,A:85:3.31,A:40:3.36,A:52:3.42,A:21:3.46,A:19:3.49,A:24:3.50,A:55:3.51,A:82:3.53,A:44:3.54",4.137367098462579,False,False,5.523847392368223,False,1.0,5.0,ok,,,,,,,,,,,,,,,,
posebusters_benchmark,7QHG_T3B,default_s5_t200,ok,325.445,results/posebench_702_predictions/chai1_gpu/posebusters_benchmark/7QHG_T3B/default_s5_t200/predictions/pred.model_idx_1.cif,1.0,10.269163847698035,10.338418053796806,<REMOTE_PROJECT_ROOT>/results/posebench_702_predictions/chai1_gpu/posebusters_benchmark/7QHG_T3B/default_s5_t200/predictions/scores.model_idx_1.npz,0.47756266593933105,0.5992621183395386,0.4471378028392792,False,566.0,"A:283,B:283",3.610005854007455,42.0,42.0,10.0,105.0,"B:80:2.75,B:141:2.96,B:146:2.98,B:77:3.13,B:142:3.25,B:52:3.25,B:63:3.31,B:61:3.35,B:55:3.36,B:78:3.39,B:33:3.43,B:139:3.44",2.4903167657770755,False,False,9.707055900271424,False,4.0,5.0,ok,,,,,,,,,,,,,,,,
posebusters_benchmark,7QHL_D5P,default_s5_t200,exception,62.889,,,,,,,,,,,,,,,,,,,,,,,,,not_ok,RuntimeError,,,,,,,,,,,,,,,
posebusters_benchmark,7QK0_EBL,default_s5_t200,ok,98.998,results/posebench_702_predictions/chai1_gpu/posebusters_benchmark/7QK0_EBL/default_s5_t200/predictions/pred.model_idx_2.cif,2.0,26.423540082500026,25.917067539251526,<REMOTE_PROJECT_ROOT>/results/posebench_702_predictions/chai1_gpu/posebusters_benchmark/7QK0_EBL/default_s5_t200/predictions/scores.model_idx_2.npz,0.4732467532157898,0.8238356113433838,0.3855995535850525,False,131.0,A:131,1.0561374838259325,38.0,38.0,10.0,41.0,"A:52:2.84,A:116:2.93,A:53:3.01,A:54:3.03,A:114:3.06,A:59:3.39,A:56:3.46,A:115:3.51,A:55:3.78,A:90:3.90,A:117:4.69,A:49:5.17",0.3057970066767211,False,False,25.896090519897953,False,0.0,5.0,ok,,,,,,,,,,,,,,,,
posebusters_benchmark,7QPP_VDX,default_s5_t200,ok,84.435,results/posebench_702_predictions/chai1_gpu/posebusters_benchmark/7QPP_VDX/default_s5_t200/predictions/pred.model_idx_1.cif,1.0,7.435222674787554,7.440850185861994,<REMOTE_PROJECT_ROOT>/results/posebench_702_predictions/chai1_gpu/posebusters_benchmark/7QPP_VDX/default_s5_t200/predictions/scores.model_idx_1.npz,0.8581482172012329,0.9379212260246277,0.8382049202919006,False,255.0,A:255,0.31238746495378117,30.0,30.0,10.0,102.0,"A:135:2.75,A:227:2.78,A:24:2.79,A:67:2.79,A:108:2.85,A:104:2.98,A:105:3.39,A:116:3.44,A:57:3.49,A:118:3.65,A:64:3.67,A:130:3.72",0.2587257626634029,False,False,7.404153231224033,False,3.0,5.0,ok,,,,,,,,,,,,,,,,
posebusters_benchmark,7QSW_CAP,default_s5_t200,exception,9.586,,,,,,,,,,,,,,,,,,,,,,,,,not_ok,UnsupportedInputError,,,,,,,,,,,,,,,
posebusters_benchmark,7QTA_URI,default_s5_t200,ok,180.848,results/posebench_702_predictions/chai1_gpu/posebusters_benchmark/7QTA_URI/default_s5_t200/predictions/pred.model_idx_0.cif,0.0,5.989998957238286,5.520758248179434,<REMOTE_PROJECT_ROOT>/results/posebench_702_predictions/chai1_gpu/posebusters_benchmark/7QTA_URI/default_s5_t200/predictions/scores.model_idx_0.npz,0.3251015543937683,0.625438928604126,0.2500171959400177,False,531.0,"A:267,B:264",18.41763824484254,17.0,17.0,10.0,59.0,"B:62:2.64,B:47:2.71,B:133:2.74,B:147:3.15,B:60:3.30,B:130:3.43,B:59:3.58,B:124:3.63,B:131:3.69,B:123:3.73,B:48:4.37,B:151:4.44",9.211304927049019,False,False,4.789177971301872,False,1.0,5.0,ok,,,,,,,,,,,,,,,,
posebusters_benchmark,7R3D_APR,default_s5_t200,ok,282.686,results/posebench_702_predictions/chai1_gpu/posebusters_benchmark/7R3D_APR/default_s5_t200/predictions/pred.model_idx_4.cif,4.0,4.599389798704378,4.622794596534569,<REMOTE_PROJECT_ROOT>/results/posebench_702_predictions/chai1_gpu/posebusters_benchmark/7R3D_APR/default_s5_t200/predictions/scores.model_idx_4.npz,0.8676202893257141,0.9123708605766296,0.8564326167106628,False,768.0,"A:383,B:385",1.4087607928102286,36.0,36.0,10.0,93.0,"B:140:2.63,B:98:2.68,B:38:2.87,B:97:2.90,B:139:2.93,B:161:3.00,B:40:3.16,B:96:3.21,B:188:3.32,B:70:3.34,B:99:3.41,B:183:3.41",0.3157920316310715,False,False,4.570753115537032,False,3.0,5.0,ok,,,,,,,,,,,,,,,,
posebusters_benchmark,7R59_I5F,default_s5_t200,ok,84.382,results/posebench_702_predictions/chai1_gpu/posebusters_benchmark/7R59_I5F/default_s5_t200/predictions/pred.model_idx_3.cif,3.0,4.298551963983048,4.287140809445123,<REMOTE_PROJECT_ROOT>/results/posebench_702_predictions/chai1_gpu/posebusters_benchmark/7R59_I5F/default_s5_t200/predictions/scores.model_idx_3.npz,0.7910391092300415,0.940538763999939,0.7536641359329224,False,347.0,A:347,1.0775641066844648,13.0,13.0,10.0,55.0,"A:325:2.57,A:237:2.71,A:196:2.91,A:229:3.31,A:240:3.43,A:195:3.53,A:230:3.62,A:231:3.81,A:194:3.88,A:236:4.23,A:223:4.32,A:197:5.46",0.4861316587917829,False,False,3.102820448346667,False,0.0,5.0,ok,,,,,,,,,,,,,,,,
posebusters_benchmark,7R6J_2I7,default_s5_t200,exception,59.664,,,,,,,,,,,,,,,,,,,,,,,,,not_ok,RuntimeError,,,,,,,,,,,,,,,
posebusters_benchmark,7R7R_AWJ,default_s5_t200,ok,83.097,results/posebench_702_predictions/chai1_gpu/posebusters_benchmark/7R7R_AWJ/default_s5_t200/predictions/pred.model_idx_1.cif,1.0,6.473648704607318,6.914146446302776,<REMOTE_PROJECT_ROOT>/results/posebench_702_predictions/chai1_gpu/posebusters_benchmark/7R7R_AWJ/default_s5_t200/predictions/scores.model_idx_1.npz,0.8917326927185059,0.9407417178153992,0.8794803619384766,False,291.0,A:291,2.604487930638729,33.0,33.0,10.0,66.0,"A:99:2.74,A:93:2.91,A:95:2.97,A:165:2.98,A:166:3.25,A:98:3.30,A:149:3.32,A:44:3.32,A:29:3.41,A:31:3.44,A:150:3.45,A:34:3.46",4.291817246130619,False,False,6.897963797120212,False,2.0,5.0,ok,,,,,,,,,,,,,,,,
posebusters_benchmark,7R9N_F97,default_s5_t200,ok,337.222,results/posebench_702_predictions/chai1_gpu/posebusters_benchmark/7R9N_F97/default_s5_t200/predictions/pred.model_idx_0.cif,0.0,15.708715429722643,6.159850893791347,<REMOTE_PROJECT_ROOT>/results/posebench_702_predictions/chai1_gpu/posebusters_benchmark/7R9N_F97/default_s5_t200/predictions/scores.model_idx_0.npz,0.6860402226448059,0.7456009387969971,0.6711500287055969,False,577.0,"A:291,B:286",18.87210813185015,31.0,31.0,10.0,64.0,"B:86:2.87,B:84:3.10,B:20:3.25,B:19:3.36,B:136:3.47,B:89:3.47,B:27:3.48,B:24:3.58,B:83:3.63,B:93:3.65,B:85:3.68,B:40:3.68",0.6818249756863468,False,False,6.139384882687442,False,2.0,5.0,ok,,,,,,,,,,,,,,,,
posebusters_benchmark,7RC3_SAH,default_s5_t200,ok,109.622,results/posebench_702_predictions/chai1_gpu/posebusters_benchmark/7RC3_SAH/default_s5_t200/predictions/pred.model_idx_1.cif,1.0,8.745039711372913,8.74294614213361,<REMOTE_PROJECT_ROOT>/results/posebench_702_predictions/chai1_gpu/posebusters_benchmark/7RC3_SAH/default_s5_t200/predictions/scores.model_idx_1.npz,0.8780068159103394,0.917618453502655,0.8681038618087769,False,375.0,A:375,2.8093238656872948,26.0,26.0,10.0,82.0,"A:182:2.62,A:139:2.67,A:161:2.87,A:212:2.91,A:228:3.12,A:254:3.14,A:162:3.24,A:242:3.33,A:230:3.36,A:163:3.37,A:183:3.57,A:211:3.66",1.8492720327566472,False,False,8.74294614213361,False,1.0,5.0,ok,,,,,,,,,,,,,,,,
posebusters_benchmark,7REE_4LY,default_s5_t200,ok,83.552,results/posebench_702_predictions/chai1_gpu/posebusters_benchmark/7REE_4LY/default_s5_t200/predictions/pred.model_idx_2.cif,2.0,7.506851144319753,7.425162190697476,<REMOTE_PROJECT_ROOT>/results/posebench_702_predictions/chai1_gpu/posebusters_benchmark/7REE_4LY/default_s5_t200/predictions/scores.model_idx_2.npz,0.9075613021850586,0.9396231770515442,0.8995458483695984,False,290.0,A:290,2.1041801584986124,42.0,42.0,10.0,66.0,"A:94:2.80,A:92:2.80,A:95:3.08,A:21:3.19,A:20:3.20,A:19:3.25,A:93:3.29,A:42:3.33,A:142:3.37,A:155:3.38,A:156:3.41,A:97:3.48",0.4096712676225895,False,False,7.10046755654365,False,1.0,5.0,ok,,,,,,,,,,,,,,,,
posebusters_benchmark,7RH3_59O,default_s5_t200,ok,62.687,results/posebench_702_predictions/chai1_gpu/posebusters_benchmark/7RH3_59O/default_s5_t200/predictions/pred.model_idx_0.cif,0.0,5.059249622427938,5.057357593256583,<REMOTE_PROJECT_ROOT>/results/posebench_702_predictions/chai1_gpu/posebusters_benchmark/7RH3_59O/default_s5_t200/predictions/scores.model_idx_0.npz,0.8783788084983826,0.9665849208831787,0.8563272356987,False,138.0,A:138,0.1673749836279904,34.0,34.0,10.0,50.0,"A:71:2.68,A:45:2.72,A:49:2.87,A:61:2.88,A:47:3.01,A:31:3.16,A:51:3.33,A:124:3.54,A:33:3.58,A:52:3.65,A:68:3.70,A:125:3.70",0.14642185219078702,False,False,4.818873582767692,False,4.0,5.0,ok,,,,,,,,,,,,,,,,
posebusters_benchmark,7RH8_UTP,default_s5_t200,ok,65.412,results/posebench_702_predictions/chai1_gpu/posebusters_benchmark/7RH8_UTP/default_s5_t200/predictions/pred.model_idx_2.cif,2.0,30.053258361206804,30.305302550461665,<REMOTE_PROJECT_ROOT>/results/posebench_702_predictions/chai1_gpu/posebusters_benchmark/7RH8_UTP/default_s5_t200/predictions/scores.model_idx_2.npz,0.8303463459014893,0.9294577836990356,0.8055684566497803,False,212.0,A:212,1.3534167812691755,29.0,29.0,10.0,41.0,"A:97:2.77,A:126:2.79,A:73:2.86,A:72:3.26,A:71:3.31,A:69:3.31,A:49:3.47,A:93:3.48,A:46:3.84,A:94:3.98,A:92:4.08,A:96:4.69",0.7706830440722652,False,False,30.29377428312353,False,3.0,5.0,ok,,,,,,,,,,,,,,,,
posebusters_benchmark,7RKW_5TV,default_s5_t200,ok,112.309,results/posebench_702_predictions/chai1_gpu/posebusters_benchmark/7RKW_5TV/default_s5_t200/predictions/pred.model_idx_4.cif,4.0,6.074803652811421,6.088554284723832,<REMOTE_PROJECT_ROOT>/results/posebench_702_predictions/chai1_gpu/posebusters_benchmark/7RKW_5TV/default_s5_t200/predictions/scores.model_idx_4.npz,0.5401666164398193,0.9308258891105652,0.4425017833709717,False,450.0,A:450,0.662802228943288,25.0,25.0,10.0,87.0,"A:74:3.29,A:75:3.31,A:254:3.38,A:85:3.41,A:84:3.44,A:257:3.45,A:323:3.46,A:72:3.50,A:258:3.50,A:255:3.50,A:262:3.60,A:79:3.64",0.4884368677270821,False,False,6.062902209101317,False,0.0,5.0,ok,,,,,,,,,,,,,,,,
posebusters_benchmark,7RNI_60I,default_s5_t200,ok,182.872,results/posebench_702_predictions/chai1_gpu/posebusters_benchmark/7RNI_60I/default_s5_t200/predictions/pred.model_idx_4.cif,4.0,7.6227984640736555,7.588189112099455,<REMOTE_PROJECT_ROOT>/results/posebench_702_predictions/chai1_gpu/posebusters_benchmark/7RNI_60I/default_s5_t200/predictions/scores.model_idx_4.npz,0.9244107604026794,0.9546590447425842,0.9168487191200256,False,719.0,"A:315,B:404",0.5650202826759991,31.0,31.0,10.0,85.0,"B:78:2.69,B:181:3.09,B:75:3.30,B:81:3.46,B:282:3.49,B:74:3.50,A:75:3.54,A:112:3.56,B:185:3.57,B:229:3.58,B:85:3.60,B:233:3.69",0.27100409820932597,False,False,7.5130919583896185,False,3.0,5.0,ok,,,,,,,,,,,,,,,,
posebusters_benchmark,7ROR_69X,default_s5_t200,ok,189.866,results/posebench_702_predictions/chai1_gpu/posebusters_benchmark/7ROR_69X/default_s5_t200/predictions/pred.model_idx_3.cif,3.0,41.857260444833855,41.519623495002236,<REMOTE_PROJECT_ROOT>/results/posebench_702_predictions/chai1_gpu/posebusters_benchmark/7ROR_69X/default_s5_t200/predictions/scores.model_idx_3.npz,0.8167083263397217,0.8736375570297241,0.8024759888648987,False,718.0,"A:356,B:362",1.4173065668824387,35.0,35.0,10.0,104.0,"A:43:2.46,A:177:2.49,A:191:2.51,A:174:2.71,A:42:2.73,A:220:2.76,A:170:2.78,A:230:2.92,A:154:2.92,A:46:2.94,A:217:2.96,A:189:3.01",0.8187083090591342,False,False,41.27713149189095,False,1.0,5.0,ok,,,,,,,,,,,,,,,,
posebusters_benchmark,7ROU_66I,default_s5_t200,ok,85.25,results/posebench_702_predictions/chai1_gpu/posebusters_benchmark/7ROU_66I/default_s5_t200/predictions/pred.model_idx_2.cif,2.0,8.502802958034495,8.50168520347216,<REMOTE_PROJECT_ROOT>/results/posebench_702_predictions/chai1_gpu/posebusters_benchmark/7ROU_66I/default_s5_t200/predictions/scores.model_idx_2.npz,0.9109799861907959,0.9407761096954346,0.9035308957099915,False,335.0,A:335,1.4659855065578882,39.0,39.0,10.0,105.0,"A:169:2.52,A:183:2.68,A:35:2.69,A:166:2.75,A:162:2.80,A:184:2.81,A:181:2.95,A:211:2.95,A:48:2.95,A:45:3.01,A:39:3.12,A:209:3.24",1.6240440670965466,False,False,8.44200258164533,False,4.0,5.0,ok,,,,,,,,,,,,,,,,
posebusters_benchmark,7RPZ_6IC,default_s5_t200,ok,95.062,results/posebench_702_predictions/chai1_gpu/posebusters_benchmark/7RPZ_6IC/default_s5_t200/predictions/pred.model_idx_1.cif,1.0,17.539975675632967,17.794802305883447,<REMOTE_PROJECT_ROOT>/results/posebench_702_predictions/chai1_gpu/posebusters_benchmark/7RPZ_6IC/default_s5_t200/predictions/scores.model_idx_1.npz,0.7445274591445923,0.9244126081466675,0.6995561718940735,False,168.0,A:168,1.0658682146754561,44.0,44.0,10.0,63.0,"A:67:2.63,A:10:2.70,A:58:2.79,A:93:2.83,A:60:2.85,A:66:3.01,A:62:3.26,A:94:3.29,A:61:3.33,A:7:3.45,A:8:3.45,A:97:3.46",1.5356278196606123,False,False,16.819343929601846,False,2.0,5.0,ok,,,,,,,,,,,,,,,,
posebusters_benchmark,7RSV_7IQ,default_s5_t200,exception,52.839,,,,,,,,,,,,,,,,,,,,,,,,,not_ok,RuntimeError,,,,,,,,,,,,,,,
posebusters_benchmark,7RUI_7QZ,default_s5_t200,ok,63.793,results/posebench_702_predictions/chai1_gpu/posebusters_benchmark/7RUI_7QZ/default_s5_t200/predictions/pred.model_idx_4.cif,4.0,5.591713952895346,5.5883538876162255,<REMOTE_PROJECT_ROOT>/results/posebench_702_predictions/chai1_gpu/posebusters_benchmark/7RUI_7QZ/default_s5_t200/predictions/scores.model_idx_4.npz,0.9148815870285034,0.9673654437065125,0.9017605781555176,False,127.0,A:127,0.617832415645966,51.0,51.0,10.0,52.0,"A:98:2.80,A:46:2.97,A:39:3.04,A:49:3.08,A:43:3.09,A:40:3.34,A:103:3.42,A:42:3.45,A:97:3.47,A:44:3.50,A:45:3.57,A:50:3.57",0.28575097691935547,False,False,5.5768734481078805,False,1.0,5.0,ok,,,,,,,,,,,,,,,,
posebusters_benchmark,7RWO_7WN,default_s5_t200,ok,63.968,results/posebench_702_predictions/chai1_gpu/posebusters_benchmark/7RWO_7WN/default_s5_t200/predictions/pred.model_idx_3.cif,3.0,5.611819159123116,5.611563080228116,<REMOTE_PROJECT_ROOT>/results/posebench_702_predictions/chai1_gpu/posebusters_benchmark/7RWO_7WN/default_s5_t200/predictions/scores.model_idx_3.npz,0.8496477007865906,0.9420006275177002,0.8265594244003296,False,119.0,A:119,0.3919559134258685,20.0,20.0,10.0,44.0,"A:88:2.80,A:32:2.86,A:36:3.30,A:87:3.47,A:37:3.55,A:33:3.64,A:94:3.67,A:42:3.74,A:31:3.80,A:35:3.86,A:45:3.93,A:84:4.26",0.2595819761496336,False,False,5.572238875027872,False,2.0,5.0,ok,,,,,,,,,,,,,,,,
posebusters_benchmark,7RWS_4UR,default_s5_t200,ok,84.048,results/posebench_702_predictions/chai1_gpu/posebusters_benchmark/7RWS_4UR/default_s5_t200/predictions/pred.model_idx_1.cif,1.0,7.950767739337906,7.895120290137004,<REMOTE_PROJECT_ROOT>/results/posebench_702_predictions/chai1_gpu/posebusters_benchmark/7RWS_4UR/default_s5_t200/predictions/scores.model_idx_1.npz,0.572514533996582,0.8815737962722778,0.4952497184276581,False,255.0,A:255,2.6878178700899427,45.0,45.0,10.0,65.0,"A:144:2.71,A:214:2.75,A:151:2.76,A:104:2.87,A:79:3.01,A:81:3.13,A:102:3.16,A:145:3.23,A:213:3.30,A:216:3.35,A:174:3.39,A:215:3.47",1.4647874573356399,False,False,4.903751585249178,False,2.0,5.0,ok,,,,,,,,,,,,,,,,
posebusters_benchmark,7RZL_NPO,default_s5_t200,ok,120.163,results/posebench_702_predictions/chai1_gpu/posebusters_benchmark/7RZL_NPO/default_s5_t200/predictions/pred.model_idx_1.cif,1.0,5.550634396042619,5.373124041508137,<REMOTE_PROJECT_ROOT>/results/posebench_702_predictions/chai1_gpu/posebusters_benchmark/7RZL_NPO/default_s5_t200/predictions/scores.model_idx_1.npz,0.9273557066917419,0.956021785736084,0.9201891422271729,False,439.0,"A:222,B:217",0.9413627899721082,10.0,10.0,10.0,51.0,"A:49:2.68,B:165:3.33,A:121:3.51,B:69:3.57,A:48:3.80,B:68:3.97,A:125:3.97,A:122:4.34,B:17:4.40,A:50:4.40,A:47:4.55,B:164:5.04",0.5637871234467173,False,False,5.114151125570034,False,4.0,5.0,ok,,,,,,,,,,,,,,,,
posebusters_benchmark,7S45_ACO,default_s5_t200,ok,100.094,results/posebench_702_predictions/chai1_gpu/posebusters_benchmark/7S45_ACO/default_s5_t200/predictions/pred.model_idx_3.cif,3.0,25.5987161517704,25.62045602139828,<REMOTE_PROJECT_ROOT>/results/posebench_702_predictions/chai1_gpu/posebusters_benchmark/7S45_ACO/default_s5_t200/predictions/scores.model_idx_3.npz,0.7501468062400818,0.9266319274902344,0.7060254812240601,False,141.0,A:141,1.6136141719977368,51.0,51.0,10.0,39.0,"A:85:2.53,A:84:2.66,A:128:2.80,A:127:2.85,A:82:2.86,A:83:2.87,A:81:3.27,A:63:3.37,A:109:3.41,A:86:3.71,A:125:3.83,A:80:4.52",2.3669977923974024,False,False,24.735104220701796,False,0.0,5.0,ok,,,,,,,,,,,,,,,,
posebusters_benchmark,7S9H_7PP,default_s5_t200,ok,70.048,results/posebench_702_predictions/chai1_gpu/posebusters_benchmark/7S9H_7PP/default_s5_t200/predictions/pred.model_idx_0.cif,0.0,7.4658639308586245,7.460604984326355,<REMOTE_PROJECT_ROOT>/results/posebench_702_predictions/chai1_gpu/posebusters_benchmark/7S9H_7PP/default_s5_t200/predictions/scores.model_idx_0.npz,0.938693106174469,0.9526500105857849,0.9352038502693176,False,209.0,A:209,0.4435052976922521,29.0,29.0,10.0,80.0,"A:77:2.74,A:39:3.27,A:122:3.36,A:87:3.45,A:80:3.52,A:82:3.60,A:123:3.61,A:35:3.61,A:81:3.63,A:42:3.64,A:36:3.66,A:86:3.71",0.2960393704837551,False,False,7.364359780293062,False,3.0,5.0,ok,,,,,,,,,,,,,,,,
posebusters_benchmark,7SCW_GSP,default_s5_t200,ok,90.404,results/posebench_702_predictions/chai1_gpu/posebusters_benchmark/7SCW_GSP/default_s5_t200/predictions/pred.model_idx_1.cif,1.0,8.025773624393802,8.004259363696182,<REMOTE_PROJECT_ROOT>/results/posebench_702_predictions/chai1_gpu/posebusters_benchmark/7SCW_GSP/default_s5_t200/predictions/scores.model_idx_1.npz,0.8698451519012451,0.9076526165008545,0.8603932857513428,False,257.0,"A:171,B:86",1.3662017175796441,32.0,32.0,10.0,70.0,"A:120:2.71,A:17:2.76,A:61:2.78,A:147:2.82,A:14:2.87,A:19:2.87,A:31:2.89,A:36:2.92,A:18:3.03,A:16:3.04,A:117:3.15,A:118:3.29",0.619567448630361,False,False,8.004259363696182,False,1.0,5.0,ok,,,,,,,,,,,,,,,,
posebusters_benchmark,7SDD_4IP,default_s5_t200,ok,86.363,results/posebench_702_predictions/chai1_gpu/posebusters_benchmark/7SDD_4IP/default_s5_t200/predictions/pred.model_idx_2.cif,2.0,4.293455155740863,4.214618487639776,<REMOTE_PROJECT_ROOT>/results/posebench_702_predictions/chai1_gpu/posebusters_benchmark/7SDD_4IP/default_s5_t200/predictions/scores.model_idx_2.npz,0.498582661151886,0.9193763732910156,0.39338424801826477,False,288.0,A:288,1.877920760364689,28.0,28.0,10.0,72.0,"A:238:2.57,A:199:2.66,A:254:2.67,A:171:2.71,A:205:2.74,A:203:2.74,A:170:2.79,A:257:2.90,A:200:2.98,A:245:3.03,A:201:3.08,A:202:3.13",1.409180446385918,False,False,4.138269273473837,False,3.0,5.0,ok,,,,,,,,,,,,,,,,
posebusters_benchmark,7SED_8VD,default_s5_t200,ok,67.341,results/posebench_702_predictions/chai1_gpu/posebusters_benchmark/7SED_8VD/default_s5_t200/predictions/pred.model_idx_3.cif,3.0,5.067928480546335,5.059425429587318,<REMOTE_PROJECT_ROOT>/results/posebench_702_predictions/chai1_gpu/posebusters_benchmark/7SED_8VD/default_s5_t200/predictions/scores.model_idx_3.npz,0.6757457256317139,0.9213413000106812,0.6143468618392944,False,227.0,A:227,5.005603133836116,17.0,17.0,10.0,50.0,"A:125:2.61,A:100:2.84,A:101:2.95,A:126:2.95,A:148:3.18,A:145:3.37,A:124:3.44,A:146:3.47,A:76:3.59,A:127:3.61,A:154:3.66,A:99:3.98",0.42418386735643937,False,False,4.834651797042113,False,1.0,5.0,ok,,,,,,,,,,,,,,,,
posebusters_benchmark,7SFO_98L,default_s5_t200,ok,129.387,results/posebench_702_predictions/chai1_gpu/posebusters_benchmark/7SFO_98L/default_s5_t200/predictions/pred.model_idx_2.cif,2.0,29.973290052641538,29.401981712649732,<REMOTE_PROJECT_ROOT>/results/posebench_702_predictions/chai1_gpu/posebusters_benchmark/7SFO_98L/default_s5_t200/predictions/scores.model_idx_2.npz,0.8787853717803955,0.9117138385772705,0.8705532550811768,False,466.0,"A:220,B:229,C:7,D:10",11.60008614890101,25.0,25.0,10.0,81.0,"A:38:2.55,A:79:3.15,A:196:3.16,A:31:3.46,A:108:3.49,A:72:3.50,A:105:3.53,A:193:3.54,A:28:3.55,A:101:3.72,A:69:3.74,A:104:3.74",4.124840539655073,False,False,6.08790635594984,False,4.0,5.0,ok,,,,,,,,,,,,,,,,
posebusters_benchmark,7SGV_L30,default_s5_t200,ok,144.188,results/posebench_702_predictions/chai1_gpu/posebusters_benchmark/7SGV_L30/default_s5_t200/predictions/pred.model_idx_0.cif,0.0,6.354358001254877,6.960256315260633,<REMOTE_PROJECT_ROOT>/results/posebench_702_predictions/chai1_gpu/posebusters_benchmark/7SGV_L30/default_s5_t200/predictions/scores.model_idx_0.npz,0.27728816866874695,0.6716468930244446,0.17869848012924194,False,308.0,A:308,10.570937437658326,19.0,19.0,10.0,41.0,"A:164:2.90,A:262:3.26,A:257:3.39,A:261:3.46,A:266:3.46,A:163:3.69,A:240:3.72,A:162:3.79,A:204:3.99,A:239:4.07,A:294:4.14,A:241:4.21",4.500429330404932,False,False,5.828274043195571,False,1.0,5.0,ok,,,,,,,,,,,,,,,,
posebusters_benchmark,7SIU_9ID,default_s5_t200,ok,185.01,results/posebench_702_predictions/chai1_gpu/posebusters_benchmark/7SIU_9ID/default_s5_t200/predictions/pred.model_idx_4.cif,4.0,14.644204543710616,5.559945910038987,<REMOTE_PROJECT_ROOT>/results/posebench_702_predictions/chai1_gpu/posebusters_benchmark/7SIU_9ID/default_s5_t200/predictions/scores.model_idx_4.npz,0.6595778465270996,0.7636768817901611,0.6335530877113342,False,579.0,"A:295,B:284",20.002497031980607,31.0,31.0,10.0,82.0,"B:83:2.78,B:35:2.80,B:143:2.83,B:81:2.91,B:33:3.39,B:64:3.42,B:55:3.46,B:133:3.46,B:90:3.51,B:86:3.56,B:145:3.57,B:12:3.57",3.4282886989495744,False,False,5.559945910038987,False,4.0,5.0,ok,,,,,,,,,,,,,,,,
posebusters_benchmark,7SNE_9XR,default_s5_t200,ok,335.35,results/posebench_702_predictions/chai1_gpu/posebusters_benchmark/7SNE_9XR/default_s5_t200/predictions/pred.model_idx_0.cif,0.0,24.877383510398918,5.931082775035819,<REMOTE_PROJECT_ROOT>/results/posebench_702_predictions/chai1_gpu/posebusters_benchmark/7SNE_9XR/default_s5_t200/predictions/scores.model_idx_0.npz,0.41164863109588623,0.46540364623069763,0.3982098698616028,False,722.0,"A:180,B:181,C:180,D:181",40.267936338557014,45.0,45.0,10.0,79.0,"C:62:2.57,C:11:2.60,C:128:2.78,C:25:2.82,C:9:2.82,C:23:2.87,C:41:2.94,C:8:2.97,C:35:3.02,C:34:3.27,C:12:3.31,C:52:3.33",11.055796944542587,False,False,5.931082775035819,False,0.0,5.0,ok,,,,,,,,,,,,,,,,
posebusters_benchmark,7SSM_B7L,default_s5_t200,ok,67.539,results/posebench_702_predictions/chai1_gpu/posebusters_benchmark/7SSM_B7L/default_s5_t200/predictions/pred.model_idx_1.cif,1.0,6.052140328953742,6.075627358556595,<REMOTE_PROJECT_ROOT>/results/posebench_702_predictions/chai1_gpu/posebusters_benchmark/7SSM_B7L/default_s5_t200/predictions/scores.model_idx_1.npz,0.4240249991416931,0.894706666469574,0.3063545823097229,False,169.0,A:169,1.2815252241425374,25.0,25.0,10.0,53.0,"A:76:2.94,A:13:3.30,A:79:3.38,A:8:3.39,A:12:3.48,A:98:3.58,A:101:3.65,A:77:3.72,A:78:3.72,A:102:3.74,A:9:3.86,A:105:4.49",0.5870597763640268,False,False,6.075627358556595,False,1.0,5.0,ok,,,,,,,,,,,,,,,,
posebusters_benchmark,7SUC_COM,default_s5_t200,exception,9.979,,,,,,,,,,,,,,,,,,,,,,,,,not_ok,UnsupportedInputError,,,,,,,,,,,,,,,
posebusters_benchmark,7SZA_DUI,default_s5_t200,ok,299.478,results/posebench_702_predictions/chai1_gpu/posebusters_benchmark/7SZA_DUI/default_s5_t200/predictions/pred.model_idx_0.cif,0.0,45.11625522909512,40.83432949052758,<REMOTE_PROJECT_ROOT>/results/posebench_702_predictions/chai1_gpu/posebusters_benchmark/7SZA_DUI/default_s5_t200/predictions/scores.model_idx_0.npz,0.6410889625549316,0.7149215936660767,0.622630774974823,False,811.0,"A:233,B:177,C:225,D:176",24.042812496905622,20.0,20.0,10.0,56.0,"A:102:2.78,A:101:2.89,A:169:3.11,A:104:3.15,A:44:3.25,A:105:3.29,A:25:3.53,A:35:3.55,A:26:3.65,A:85:3.65,A:99:3.67,A:33:3.73",0.8103330352670188,False,False,40.07286133047564,False,2.0,5.0,ok,,,,,,,,,,,,,,,,
posebusters_benchmark,7T0D_FPP,default_s5_t200,ok,288.107,results/posebench_702_predictions/chai1_gpu/posebusters_benchmark/7T0D_FPP/default_s5_t200/predictions/pred.model_idx_4.cif,4.0,6.925429243947003,6.923012251797491,<REMOTE_PROJECT_ROOT>/results/posebench_702_predictions/chai1_gpu/posebusters_benchmark/7T0D_FPP/default_s5_t200/predictions/scores.model_idx_4.npz,0.9156757593154907,0.9501433372497559,0.907058835029602,False,804.0,"A:318,B:486",2.0229773471602286,24.0,24.0,10.0,83.0,"B:307:2.50,B:313:2.75,B:304:2.95,B:253:2.98,B:316:3.20,A:140:3.36,B:256:3.38,A:104:3.41,B:255:3.53,B:259:3.57,B:198:3.60,B:195:3.68",0.6063968391213076,False,False,6.865414796809778,False,1.0,5.0,ok,,,,,,,,,,,,,,,,
posebusters_benchmark,7T0U_E3I,default_s5_t200,ok,193.8,results/posebench_702_predictions/chai1_gpu/posebusters_benchmark/7T0U_E3I/default_s5_t200/predictions/pred.model_idx_4.cif,4.0,46.72038117223881,45.95667244637852,<REMOTE_PROJECT_ROOT>/results/posebench_702_predictions/chai1_gpu/posebusters_benchmark/7T0U_E3I/default_s5_t200/predictions/scores.model_idx_4.npz,0.43081894516944885,0.5436686873435974,0.4026064872741699,False,490.0,"A:122,B:124,C:121,D:123",19.040135953454456,48.0,48.0,10.0,66.0,"B:9:2.70,A:107:2.89,A:43:2.97,A:109:3.01,A:108:3.05,A:105:3.10,A:106:3.15,A:47:3.17,A:44:3.29,A:45:3.34,A:46:3.36,B:12:3.42",0.3805721709162466,False,False,9.718152058449165,False,2.0,5.0,ok,,,,,,,,,,,,,,,,
posebusters_benchmark,7T1D_E7K,default_s5_t200,ok,181.274,results/posebench_702_predictions/chai1_gpu/posebusters_benchmark/7T1D_E7K/default_s5_t200/predictions/pred.model_idx_3.cif,3.0,12.244562721029148,8.529880662699947,<REMOTE_PROJECT_ROOT>/results/posebench_702_predictions/chai1_gpu/posebusters_benchmark/7T1D_E7K/default_s5_t200/predictions/scores.model_idx_3.npz,0.5360427498817444,0.7373973727226257,0.48570409417152405,False,590.0,"A:292,B:298",14.68234895290349,34.0,34.0,10.0,84.0,"B:60:3.21,B:40:3.37,B:84:3.43,B:131:3.44,B:111:3.44,B:41:3.45,B:176:3.45,A:237:3.48,B:80:3.49,B:81:3.53,B:174:3.58,B:76:3.63",4.518543462797278,False,False,8.529880662699947,False,3.0,5.0,ok,,,,,,,,,,,,,,,,
posebusters_benchmark,7T2I_E9F,default_s5_t200,ok,82.836,results/posebench_702_predictions/chai1_gpu/posebusters_benchmark/7T2I_E9F/default_s5_t200/predictions/pred.model_idx_1.cif,1.0,6.357641714058125,5.8904219048503,<REMOTE_PROJECT_ROOT>/results/posebench_702_predictions/chai1_gpu/posebusters_benchmark/7T2I_E9F/default_s5_t200/predictions/scores.model_idx_1.npz,0.46323147416114807,0.623918354511261,0.42305976152420044,False,247.0,A:247,7.197516584663077,29.0,29.0,10.0,49.0,"A:203:2.81,A:151:2.81,A:153:2.84,A:209:3.09,A:150:3.23,A:147:3.38,A:156:3.49,A:202:3.55,A:146:3.60,A:152:3.75,A:148:3.93,A:157:4.15",2.561695559128274,False,False,5.677793506936214,False,4.0,5.0,ok,,,,,,,,,,,,,,,,
posebusters_benchmark,7T3E_SLB,default_s5_t200,ok,330.369,results/posebench_702_predictions/chai1_gpu/posebusters_benchmark/7T3E_SLB/default_s5_t200/predictions/pred.model_idx_2.cif,2.0,31.452803031246628,30.52875905938792,<REMOTE_PROJECT_ROOT>/results/posebench_702_predictions/chai1_gpu/posebusters_benchmark/7T3E_SLB/default_s5_t200/predictions/scores.model_idx_2.npz,0.517366349697113,0.6137899160385132,0.4932604432106018,False,600.0,"A:300,B:300",23.65008070632922,21.0,21.0,10.0,84.0,"A:66:2.60,A:185:2.75,A:145:2.77,A:48:2.78,A:125:2.91,A:9:2.92,A:212:3.39,A:81:3.41,A:168:3.42,A:69:3.50,A:147:3.61,A:64:3.62",0.9436628361258951,False,False,4.530024928506425,False,1.0,5.0,ok,,,,,,,,,,,,,,,,
posebusters_benchmark,7T3F_EM0,default_s5_t200,ok,63.03,results/posebench_702_predictions/chai1_gpu/posebusters_benchmark/7T3F_EM0/default_s5_t200/predictions/pred.model_idx_3.cif,3.0,3.7871343111312274,3.7924958240307474,<REMOTE_PROJECT_ROOT>/results/posebench_702_predictions/chai1_gpu/posebusters_benchmark/7T3F_EM0/default_s5_t200/predictions/scores.model_idx_3.npz,0.9049450755119324,0.9642934799194336,0.8901079893112183,False,127.0,A:127,0.43360009475190175,24.0,24.0,10.0,47.0,"A:99:2.78,A:104:3.30,A:40:3.40,A:108:3.50,A:105:3.68,A:46:3.69,A:53:3.74,A:42:3.82,A:51:3.82,A:41:3.90,A:98:3.96,A:95:3.98",0.24339675098705588,False,False,3.737372504663089,False,1.0,5.0,ok,,,,,,,,,,,,,,,,
posebusters_benchmark,7T9O_GEI,default_s5_t200,ok,63.754,results/posebench_702_predictions/chai1_gpu/posebusters_benchmark/7T9O_GEI/default_s5_t200/predictions/pred.model_idx_3.cif,3.0,30.933711503609317,31.049270184384376,<REMOTE_PROJECT_ROOT>/results/posebench_702_predictions/chai1_gpu/posebusters_benchmark/7T9O_GEI/default_s5_t200/predictions/scores.model_idx_3.npz,0.6124314069747925,0.8718769550323486,0.547569990158081,False,138.0,A:138,3.076549490456994,41.0,41.0,10.0,28.0,"A:70:3.25,A:38:3.51,A:71:3.55,A:68:3.60,A:74:3.79,A:67:3.89,A:72:3.91,A:42:3.96,A:75:4.02,A:45:4.18,A:41:4.27,A:37:5.39",0.7567835706793701,False,False,31.049270184384376,False,3.0,5.0,ok,,,,,,,,,,,,,,,,
posebusters_benchmark,7TB0_UD1,default_s5_t200,exception,53.367,,,,,,,,,,,,,,,,,,,,,,,,,not_ok,RuntimeError,,,,,,,,,,,,,,,
posebusters_benchmark,7TBU_S3P,default_s5_t200,ok,281.187,results/posebench_702_predictions/chai1_gpu/posebusters_benchmark/7TBU_S3P/default_s5_t200/predictions/pred.model_idx_1.cif,1.0,42.22512790526878,41.12038189531785,<REMOTE_PROJECT_ROOT>/results/posebench_702_predictions/chai1_gpu/posebusters_benchmark/7TBU_S3P/default_s5_t200/predictions/scores.model_idx_1.npz,0.5189672112464905,0.5904233455657959,0.5011031627655029,False,885.0,"A:450,B:435",19.666747369780516,16.0,16.0,10.0,56.0,"A:177:2.62,A:24:2.63,A:178:2.72,A:28:2.80,A:179:3.01,A:206:3.01,A:209:3.50,A:102:4.37,A:182:4.61,A:98:4.81,A:357:4.92,A:205:5.08",2.8633047670047853,False,False,4.626580227305886,False,4.0,5.0,ok,,,,,,,,,,,,,,,,
posebusters_benchmark,7TE8_P0T,default_s5_t200,ok,116.697,results/posebench_702_predictions/chai1_gpu/posebusters_benchmark/7TE8_P0T/default_s5_t200/predictions/pred.model_idx_2.cif,2.0,14.883933541022706,6.437152781696622,<REMOTE_PROJECT_ROOT>/results/posebench_702_predictions/chai1_gpu/posebusters_benchmark/7TE8_P0T/default_s5_t200/predictions/scores.model_idx_2.npz,0.317407488822937,0.4626477360725403,0.281097412109375,False,477.0,"C:119,A:119,D:119,B:120",24.803046368512053,23.0,23.0,10.0,82.0,"D:32:2.64,B:100:3.23,D:99:3.25,B:106:3.34,D:49:3.40,D:51:3.44,D:56:3.47,D:50:3.49,B:47:3.50,B:45:3.54,D:106:3.60,B:102:3.69",4.934976524598254,False,False,6.437152781696622,False,2.0,5.0,ok,,,,,,,,,,,,,,,,
posebusters_benchmark,7TH4_FFO,default_s5_t200,ok,176.377,results/posebench_702_predictions/chai1_gpu/posebusters_benchmark/7TH4_FFO/default_s5_t200/predictions/pred.model_idx_3.cif,3.0,9.777808775899286,5.179245497404991,<REMOTE_PROJECT_ROOT>/results/posebench_702_predictions/chai1_gpu/posebusters_benchmark/7TH4_FFO/default_s5_t200/predictions/scores.model_idx_3.npz,0.49351370334625244,0.6348008513450623,0.4581918716430664,False,582.0,"A:291,B:291",12.41654198594507,34.0,34.0,10.0,66.0,"B:108:2.70,B:218:2.72,B:179:2.82,B:215:2.88,B:271:3.30,B:48:3.35,B:208:3.52,B:222:3.55,B:19:3.57,B:214:3.60,B:17:3.74,B:223:3.79",1.4415737869458118,False,False,5.179245497404991,False,3.0,5.0,ok,,,,,,,,,,,,,,,,
posebusters_benchmark,7THI_PGA,default_s5_t200,ok,188.655,results/posebench_702_predictions/chai1_gpu/posebusters_benchmark/7THI_PGA/default_s5_t200/predictions/pred.model_idx_3.cif,3.0,4.170450592472877,4.104672483192486,<REMOTE_PROJECT_ROOT>/results/posebench_702_predictions/chai1_gpu/posebusters_benchmark/7THI_PGA/default_s5_t200/predictions/scores.model_idx_3.npz,0.8900473117828369,0.9384527206420898,0.8779458999633789,False,509.0,"A:255,B:254",0.9096421399296657,9.0,9.0,10.0,66.0,"B:90:2.61,B:114:2.68,B:21:2.82,B:98:2.83,B:22:2.84,B:115:2.90,B:87:3.17,B:188:3.23,B:20:3.51,B:8:3.79,B:19:4.21,B:246:4.42",0.5982823855835038,False,False,4.092052065880214,False,2.0,5.0,ok,,,,,,,,,,,,,,,,
posebusters_benchmark,7TM6_GPJ,default_s5_t200,ok,525.838,results/posebench_702_predictions/chai1_gpu/posebusters_benchmark/7TM6_GPJ/default_s5_t200/predictions/pred.model_idx_0.cif,0.0,51.87895740679786,46.68617250059838,<REMOTE_PROJECT_ROOT>/results/posebench_702_predictions/chai1_gpu/posebusters_benchmark/7TM6_GPJ/default_s5_t200/predictions/scores.model_idx_0.npz,0.5027175545692444,0.7047005891799927,0.4522218108177185,False,853.0,"A:426,B:427",24.723392449489463,10.0,10.0,10.0,70.0,"A:384:2.56,A:339:2.79,A:342:2.82,A:169:2.84,A:20:2.86,A:122:2.88,A:94:2.91,A:409:2.97,A:311:3.09,A:92:3.10,A:383:3.31,A:95:3.74",0.33581952037972085,False,False,6.601155351515391,False,1.0,5.0,ok,,,,,,,,,,,,,,,,
posebusters_benchmark,7TOM_5AD,default_s5_t200,ok,178.52,results/posebench_702_predictions/chai1_gpu/posebusters_benchmark/7TOM_5AD/default_s5_t200/predictions/pred.model_idx_2.cif,2.0,3.9153722177674033,3.8639648492193164,<REMOTE_PROJECT_ROOT>/results/posebench_702_predictions/chai1_gpu/posebusters_benchmark/7TOM_5AD/default_s5_t200/predictions/scores.model_idx_2.npz,0.7022063732147217,0.9148327112197876,0.6490497589111328,False,499.0,A:499,2.875259759255286,18.0,18.0,10.0,78.0,"A:212:2.79,A:273:2.86,A:270:2.89,A:108:3.08,A:240:3.18,A:199:3.30,A:498:3.35,A:238:3.59,A:272:3.59,A:106:3.61,A:107:3.66,A:271:3.93",1.9053046467875316,False,False,3.8639648492193164,False,2.0,5.0,ok,,,,,,,,,,,,,,,,
posebusters_benchmark,7TS6_KMI,default_s5_t200,exception,57.861,,,,,,,,,,,,,,,,,,,,,,,,,not_ok,RuntimeError,,,,,,,,,,,,,,,
posebusters_benchmark,7TSF_H4B,default_s5_t200,ok,283.811,results/posebench_702_predictions/chai1_gpu/posebusters_benchmark/7TSF_H4B/default_s5_t200/predictions/pred.model_idx_4.cif,4.0,25.236458957113868,21.585369145216205,<REMOTE_PROJECT_ROOT>/results/posebench_702_predictions/chai1_gpu/posebusters_benchmark/7TSF_H4B/default_s5_t200/predictions/scores.model_idx_4.npz,0.16013191640377045,0.2192147970199585,0.14536118507385254,False,821.0,"A:410,B:411",17.180384166095973,17.0,17.0,10.0,56.0,"A:35:2.68,B:383:2.85,A:371:3.00,A:370:3.11,A:289:3.31,A:37:3.31,B:384:3.48,B:368:3.55,B:385:3.66,B:386:3.67,B:7:4.17,A:36:4.71",9.842875676336567,False,False,17.98237823579448,False,2.0,5.0,ok,,,,,,,,,,,,,,,,
posebusters_benchmark,7TUO_KL9,default_s5_t200,ok,84.611,results/posebench_702_predictions/chai1_gpu/posebusters_benchmark/7TUO_KL9/default_s5_t200/predictions/pred.model_idx_1.cif,1.0,6.17538664662448,6.236853814145655,<REMOTE_PROJECT_ROOT>/results/posebench_702_predictions/chai1_gpu/posebusters_benchmark/7TUO_KL9/default_s5_t200/predictions/scores.model_idx_1.npz,0.605897068977356,0.9046124815940857,0.5312182307243347,False,320.0,A:320,2.4276077348236362,30.0,30.0,10.0,82.0,"A:170:2.89,A:135:2.92,A:98:3.25,A:134:3.26,A:223:3.29,A:228:3.35,A:217:3.37,A:270:3.48,A:219:3.51,A:119:3.53,A:91:3.58,A:271:3.60",1.4169306484553454,False,False,6.230181962068056,False,4.0,5.0,ok,,,,,,,,,,,,,,,,
posebusters_benchmark,7TWC_CXS,default_s5_t200,ok,111.973,results/posebench_702_predictions/chai1_gpu/posebusters_benchmark/7TWC_CXS/default_s5_t200/predictions/pred.model_idx_3.cif,3.0,10.309150724311849,9.865363268323224,<REMOTE_PROJECT_ROOT>/results/posebench_702_predictions/chai1_gpu/posebusters_benchmark/7TWC_CXS/default_s5_t200/predictions/scores.model_idx_3.npz,0.29984694719314575,0.9296612739562988,0.1423933506011963,False,416.0,A:416,2.3468264089870687,14.0,14.0,10.0,46.0,"A:246:2.52,A:387:2.78,A:386:3.18,A:181:3.23,A:248:3.46,A:184:3.51,A:249:3.56,A:247:3.64,A:253:3.74,A:385:3.93,A:183:4.07,A:138:4.61",1.1182539906648548,False,False,8.40497143206656,False,0.0,5.0,ok,,,,,,,,,,,,,,,,
posebusters_benchmark,7TXK_LW8,default_s5_t200,ok,338.648,results/posebench_702_predictions/chai1_gpu/posebusters_benchmark/7TXK_LW8/default_s5_t200/predictions/pred.model_idx_2.cif,2.0,21.880660207070814,16.7016431339126,<REMOTE_PROJECT_ROOT>/results/posebench_702_predictions/chai1_gpu/posebusters_benchmark/7TXK_LW8/default_s5_t200/predictions/scores.model_idx_2.npz,0.5386961698532104,0.6196668744087219,0.5184534788131714,False,541.0,"A:272,B:269",31.682688193437333,15.0,15.0,10.0,69.0,"A:64:2.61,A:143:2.76,A:10:2.88,A:147:3.02,A:107:3.34,A:109:3.38,A:211:3.40,A:187:3.43,A:11:3.48,A:61:3.55,A:43:3.76,A:42:3.87",15.059254412272532,False,False,4.055121137945739,False,0.0,5.0,ok,,,,,,,,,,,,,,,,
posebusters_benchmark,7TXP_0FX,default_s5_t200,ok,64.335,results/posebench_702_predictions/chai1_gpu/posebusters_benchmark/7TXP_0FX/default_s5_t200/predictions/pred.model_idx_2.cif,2.0,8.173921722033267,8.203050321088527,<REMOTE_PROJECT_ROOT>/results/posebench_702_predictions/chai1_gpu/posebusters_benchmark/7TXP_0FX/default_s5_t200/predictions/scores.model_idx_2.npz,0.5932442545890808,0.9347789287567139,0.507860541343689,False,209.0,A:209,0.4878504658656629,35.0,35.0,10.0,61.0,"A:31:2.60,A:36:2.71,A:66:2.79,A:32:2.83,A:11:2.87,A:10:3.19,A:33:3.20,A:9:3.33,A:50:3.51,A:65:3.54,A:74:3.64,A:70:3.69",0.48875624500646275,False,False,7.889378798404587,False,3.0,5.0,ok,,,,,,,,,,,,,,,,
posebusters_benchmark,7TYP_KUR,default_s5_t200,ok,116.772,results/posebench_702_predictions/chai1_gpu/posebusters_benchmark/7TYP_KUR/default_s5_t200/predictions/pred.model_idx_1.cif,1.0,11.574437692677561,11.112704727264088,<REMOTE_PROJECT_ROOT>/results/posebench_702_predictions/chai1_gpu/posebusters_benchmark/7TYP_KUR/default_s5_t200/predictions/scores.model_idx_1.npz,0.15808919072151184,0.25982728600502014,0.13265466690063477,False,404.0,"A:210,B:194",23.914249142137685,37.0,37.0,10.0,99.0,"B:92:2.60,B:104:2.85,B:127:2.88,B:155:3.36,B:173:3.52,B:76:3.53,B:11:3.56,B:124:3.57,B:106:3.58,B:90:3.59,B:130:3.61,B:67:3.65",16.021744677259566,False,False,9.274197138315142,False,4.0,5.0,ok,,,,,,,,,,,,,,,,
posebusters_benchmark,7U0U_FK5,default_s5_t200,ok,90.609,results/posebench_702_predictions/chai1_gpu/posebusters_benchmark/7U0U_FK5/default_s5_t200/predictions/pred.model_idx_0.cif,0.0,8.264598054246978,9.195417522335891,<REMOTE_PROJECT_ROOT>/results/posebench_702_predictions/chai1_gpu/posebusters_benchmark/7U0U_FK5/default_s5_t200/predictions/scores.model_idx_0.npz,0.5220986604690552,0.5910981297492981,0.5048487782478333,False,307.0,"A:195,B:112",16.630475765080714,57.0,57.0,10.0,108.0,"B:82:2.55,A:13:2.82,B:37:2.96,B:56:2.98,B:54:3.16,B:26:3.17,B:55:3.28,A:17:3.35,B:42:3.36,B:99:3.41,B:36:3.42,B:87:3.49",12.135354448820308,False,False,8.404819491816063,False,2.0,5.0,ok,,,,,,,,,,,,,,,,
posebusters_benchmark,7U3J_L6U,default_s5_t200,ok,62.071,results/posebench_702_predictions/chai1_gpu/posebusters_benchmark/7U3J_L6U/default_s5_t200/predictions/pred.model_idx_4.cif,4.0,6.318874763980631,6.321805207216567,<REMOTE_PROJECT_ROOT>/results/posebench_702_predictions/chai1_gpu/posebusters_benchmark/7U3J_L6U/default_s5_t200/predictions/scores.model_idx_4.npz,0.7638689875602722,0.9355575442314148,0.7209468483924866,False,166.0,A:166,1.3934998238631564,38.0,38.0,10.0,69.0,"A:154:2.68,A:158:2.80,A:127:2.80,A:129:2.87,A:113:2.89,A:134:2.90,A:35:3.20,A:128:3.31,A:49:3.35,A:47:3.39,A:8:3.40,A:10:3.40",1.2267932081338766,False,False,6.141957953367496,False,1.0,5.0,ok,,,,,,,,,,,,,,,,
posebusters_benchmark,7UAS_MBU,default_s5_t200,ok,182.6,results/posebench_702_predictions/chai1_gpu/posebusters_benchmark/7UAS_MBU/default_s5_t200/predictions/pred.model_idx_2.cif,2.0,12.641824889592277,6.721087571534496,<REMOTE_PROJECT_ROOT>/results/posebench_702_predictions/chai1_gpu/posebusters_benchmark/7UAS_MBU/default_s5_t200/predictions/scores.model_idx_2.npz,0.6022657752037048,0.6253980994224548,0.5964826941490173,False,606.0,"A:302,B:304",25.124894533514354,40.0,40.0,10.0,85.0,"B:230:2.72,B:60:2.87,B:232:3.17,B:16:3.19,B:102:3.21,B:290:3.24,B:160:3.31,B:76:3.31,B:229:3.37,B:17:3.43,B:18:3.47,B:59:3.48",0.23452055410835512,False,False,6.6680088885468605,False,1.0,5.0,ok,,,,,,,,,,,,,,,,
posebusters_benchmark,7UAW_MF6,default_s5_t200,ok,83.458,results/posebench_702_predictions/chai1_gpu/posebusters_benchmark/7UAW_MF6/default_s5_t200/predictions/pred.model_idx_1.cif,1.0,6.03474435628197,6.496244624187074,<REMOTE_PROJECT_ROOT>/results/posebench_702_predictions/chai1_gpu/posebusters_benchmark/7UAW_MF6/default_s5_t200/predictions/scores.model_idx_1.npz,0.5718294978141785,0.6089557409286499,0.5625479221343994,False,250.0,"A:125,B:125",9.387283790412736,35.0,35.0,10.0,80.0,"B:29:2.62,B:53:2.68,B:57:2.70,B:109:2.82,B:113:2.85,A:78:2.86,B:120:2.88,B:55:2.89,A:92:2.90,B:122:2.93,B:121:3.18,A:82:3.37",6.443863026070969,False,False,6.160373683530743,False,0.0,5.0,ok,,,,,,,,,,,,,,,,
posebusters_benchmark,7UEY_N0R,default_s5_t200,ok,84.244,results/posebench_702_predictions/chai1_gpu/posebusters_benchmark/7UEY_N0R/default_s5_t200/predictions/pred.model_idx_2.cif,2.0,22.282558903738483,22.7354641423564,<REMOTE_PROJECT_ROOT>/results/posebench_702_predictions/chai1_gpu/posebusters_benchmark/7UEY_N0R/default_s5_t200/predictions/scores.model_idx_2.npz,0.4449063837528229,0.8329483866691589,0.34789586067199707,False,352.0,A:352,2.1024962440425186,27.0,27.0,10.0,40.0,"A:120:2.78,A:189:2.83,A:176:3.32,A:192:3.36,A:193:3.57,A:191:3.68,A:175:3.71,A:194:3.86,A:177:4.15,A:174:4.91,A:98:5.59,A:173:5.78",0.6737553031279033,False,False,8.219484678877299,False,1.0,5.0,ok,,,,,,,,,,,,,,,,
posebusters_benchmark,7UF2_5SP,default_s5_t200,ok,63.713,results/posebench_702_predictions/chai1_gpu/posebusters_benchmark/7UF2_5SP/default_s5_t200/predictions/pred.model_idx_3.cif,3.0,2.755969943645957,2.7589646769206753,<REMOTE_PROJECT_ROOT>/results/posebench_702_predictions/chai1_gpu/posebusters_benchmark/7UF2_5SP/default_s5_t200/predictions/scores.model_idx_3.npz,0.5223448872566223,0.9269843697547913,0.4211850166320801,False,209.0,A:209,1.143242136323509,14.0,14.0,10.0,51.0,"A:146:2.79,A:145:2.81,A:142:2.82,A:36:2.97,A:166:3.00,A:37:3.02,A:87:3.11,A:85:3.23,A:144:3.46,A:66:3.54,A:41:3.77,A:164:4.19",1.18482797187344,False,False,2.701477739861466,False,1.0,5.0,ok,,,,,,,,,,,,,,,,
posebusters_benchmark,7UJ4_OQ4,default_s5_t200,ok,283.01,results/posebench_702_predictions/chai1_gpu/posebusters_benchmark/7UJ4_OQ4/default_s5_t200/predictions/pred.model_idx_1.cif,1.0,31.660656921178813,28.50611498540014,<REMOTE_PROJECT_ROOT>/results/posebench_702_predictions/chai1_gpu/posebusters_benchmark/7UJ4_OQ4/default_s5_t200/predictions/scores.model_idx_1.npz,0.6647849082946777,0.7204163670539856,0.650877058506012,False,889.0,"A:442,B:447",12.416582614072787,44.0,44.0,10.0,105.0,"A:247:2.57,A:337:2.90,A:293:2.94,A:312:2.94,A:158:3.07,A:155:3.24,A:294:3.29,A:156:3.30,A:132:3.36,A:334:3.40,A:297:3.41,A:159:3.42",1.3414890580428476,False,False,27.521946019181733,False,2.0,5.0,ok,,,,,,,,,,,,,,,,
posebusters_benchmark,7UJ5_DGL,default_s5_t200,exception,45.629,,,,,,,,,,,,,,,,,,,,,,,,,not_ok,RuntimeError,,,,,,,,,,,,,,,
posebusters_benchmark,7UJF_R3V,default_s5_t200,ok,296.85,results/posebench_702_predictions/chai1_gpu/posebusters_benchmark/7UJF_R3V/default_s5_t200/predictions/pred.model_idx_0.cif,0.0,24.462810174282506,24.867665830393783,<REMOTE_PROJECT_ROOT>/results/posebench_702_predictions/chai1_gpu/posebusters_benchmark/7UJF_R3V/default_s5_t200/predictions/scores.model_idx_0.npz,0.6334007978439331,0.7120461463928223,0.6137394309043884,False,935.0,"B:232,A:232,C:238,D:233",32.27784288502572,32.0,32.0,10.0,86.0,"C:43:2.54,C:41:2.69,C:220:2.95,C:84:3.04,C:219:3.25,C:36:3.47,C:222:3.49,C:44:3.49,C:73:3.50,C:212:3.54,C:40:3.62,C:77:3.63",5.1862409064902275,False,False,4.47801338594786,False,4.0,5.0,ok,,,,,,,,,,,,,,,,
posebusters_benchmark,7ULC_56B,default_s5_t200,ok,181.001,results/posebench_702_predictions/chai1_gpu/posebusters_benchmark/7ULC_56B/default_s5_t200/predictions/pred.model_idx_4.cif,4.0,50.47601855058135,47.793263807040844,<REMOTE_PROJECT_ROOT>/results/posebench_702_predictions/chai1_gpu/posebusters_benchmark/7ULC_56B/default_s5_t200/predictions/scores.model_idx_4.npz,0.5507324934005737,0.6074418425559998,0.5365551710128784,False,634.0,"A:315,B:319",22.261229794524834,33.0,33.0,10.0,85.0,"A:292:2.59,A:66:2.66,A:193:2.70,A:87:2.74,A:225:2.89,A:300:2.91,A:223:2.99,A:296:3.09,A:226:3.31,A:293:3.32,A:201:3.37,A:88:3.47",0.9330791151328184,False,False,41.94288986583739,False,0.0,5.0,ok,,,,,,,,,,,,,,,,
posebusters_benchmark,7UMV_NUU,default_s5_t200,ok,62.132,results/posebench_702_predictions/chai1_gpu/posebusters_benchmark/7UMV_NUU/default_s5_t200/predictions/pred.model_idx_0.cif,0.0,4.815128285813857,4.78370266906266,<REMOTE_PROJECT_ROOT>/results/posebench_702_predictions/chai1_gpu/posebusters_benchmark/7UMV_NUU/default_s5_t200/predictions/scores.model_idx_0.npz,0.37171670794487,0.8926956653594971,0.24147194623947144,False,150.0,A:150,0.785285357035689,22.0,22.0,10.0,48.0,"A:130:3.06,A:134:3.18,A:117:3.25,A:129:3.31,A:127:3.42,A:95:3.46,A:128:3.48,A:99:3.55,A:102:3.63,A:133:3.74,A:113:3.75,A:137:4.14",0.7814338289838356,False,False,4.78370266906266,False,0.0,5.0,ok,,,,,,,,,,,,,,,,
posebusters_benchmark,7UMW_NAD,default_s5_t200,ok,180.911,results/posebench_702_predictions/chai1_gpu/posebusters_benchmark/7UMW_NAD/default_s5_t200/predictions/pred.model_idx_1.cif,1.0,9.544395354767786,9.51023175394595,<REMOTE_PROJECT_ROOT>/results/posebench_702_predictions/chai1_gpu/posebusters_benchmark/7UMW_NAD/default_s5_t200/predictions/scores.model_idx_1.npz,0.8607463836669922,0.9077499508857727,0.8489955067634583,False,519.0,"A:259,B:260",1.0211232729880784,44.0,44.0,10.0,101.0,"B:193:2.60,B:18:2.72,B:19:2.78,B:12:2.89,B:191:2.89,B:39:2.90,B:63:2.94,B:162:2.97,B:90:3.06,B:64:3.08,B:190:3.21,B:144:3.23",0.42786289914550946,False,False,9.487583032828717,False,2.0,5.0,ok,,,,,,,,,,,,,,,,
posebusters_benchmark,7UP3_NZ0,default_s5_t200,ok,114.55,results/posebench_702_predictions/chai1_gpu/posebusters_benchmark/7UP3_NZ0/default_s5_t200/predictions/pred.model_idx_1.cif,1.0,26.593085667341448,13.418988006288807,<REMOTE_PROJECT_ROOT>/results/posebench_702_predictions/chai1_gpu/posebusters_benchmark/7UP3_NZ0/default_s5_t200/predictions/scores.model_idx_1.npz,0.6004825234413147,0.6953116059303284,0.5767752528190613,False,457.0,"A:228,B:229",19.986158916952725,23.0,23.0,10.0,57.0,"A:82:2.83,A:169:2.84,A:178:2.93,A:208:2.96,A:147:3.01,A:80:3.20,A:175:3.33,A:166:3.48,A:177:3.64,A:78:3.67,A:51:3.79,A:176:3.96",5.894224916095995,False,False,11.52238091551475,False,3.0,5.0,ok,,,,,,,,,,,,,,,,
posebusters_benchmark,7UQ3_O2U,default_s5_t200,ok,61.536,results/posebench_702_predictions/chai1_gpu/posebusters_benchmark/7UQ3_O2U/default_s5_t200/predictions/pred.model_idx_1.cif,1.0,3.388097581926296,3.3897852306687586,<REMOTE_PROJECT_ROOT>/results/posebench_702_predictions/chai1_gpu/posebusters_benchmark/7UQ3_O2U/default_s5_t200/predictions/scores.model_idx_1.npz,0.8245889544487,0.9590508937835693,0.790973424911499,False,228.0,A:228,0.40578687341298014,12.0,12.0,10.0,63.0,"A:83:2.69,A:129:2.70,A:147:2.77,A:132:2.95,A:138:2.97,A:223:3.02,A:134:3.13,A:211:3.25,A:213:3.45,A:121:3.46,A:225:3.52,A:140:3.62",0.22746849167514763,False,False,3.2823092232344764,False,4.0,5.0,ok,,,,,,,,,,,,,,,,
posebusters_benchmark,7USH_82V,default_s5_t200,ok,99.49,results/posebench_702_predictions/chai1_gpu/posebusters_benchmark/7USH_82V/default_s5_t200/predictions/pred.model_idx_4.cif,4.0,5.665670900754488,5.666714805892364,<REMOTE_PROJECT_ROOT>/results/posebench_702_predictions/chai1_gpu/posebusters_benchmark/7USH_82V/default_s5_t200/predictions/scores.model_idx_4.npz,0.8908374309539795,0.9661149978637695,0.872018039226532,False,111.0,A:111,0.2699176849761707,26.0,26.0,10.0,44.0,"A:84:2.83,A:88:3.07,A:26:3.17,A:25:3.54,A:31:3.66,A:38:3.67,A:36:3.88,A:80:3.90,A:90:3.90,A:27:4.00,A:83:4.14,A:41:4.21",0.1843167491136674,False,False,5.614761672156531,False,2.0,5.0,ok,,,,,,,,,,,,,,,,
posebusters_benchmark,7UTW_NAI,default_s5_t200,ok,279.589,results/posebench_702_predictions/chai1_gpu/posebusters_benchmark/7UTW_NAI/default_s5_t200/predictions/pred.model_idx_2.cif,2.0,9.564246057585407,9.565822738826133,<REMOTE_PROJECT_ROOT>/results/posebench_702_predictions/chai1_gpu/posebusters_benchmark/7UTW_NAI/default_s5_t200/predictions/scores.model_idx_2.npz,0.903637170791626,0.9397156238555908,0.89461749792099,False,748.0,"A:374,B:374",0.4653128979119335,44.0,44.0,10.0,108.0,"B:222:2.59,B:47:2.73,B:268:2.75,B:368:2.77,B:46:2.79,B:318:2.81,B:291:2.96,B:316:2.99,B:202:3.00,B:50:3.06,B:293:3.12,B:201:3.33",0.25200199420406066,False,False,9.519909967789408,False,4.0,5.0,ok,,,,,,,,,,,,,,,,
posebusters_benchmark,7UXS_OJC,default_s5_t200,ok,195.934,results/posebench_702_predictions/chai1_gpu/posebusters_benchmark/7UXS_OJC/default_s5_t200/predictions/pred.model_idx_0.cif,0.0,18.74949529018114,19.080251426212328,<REMOTE_PROJECT_ROOT>/results/posebench_702_predictions/chai1_gpu/posebusters_benchmark/7UXS_OJC/default_s5_t200/predictions/scores.model_idx_0.npz,0.7851272821426392,0.8799413442611694,0.7614237666130066,False,388.0,"B:194,A:194",7.430775643553943,35.0,35.0,10.0,73.0,"A:122:2.66,A:9:2.76,A:118:2.79,A:107:2.82,A:90:2.82,A:8:2.86,A:45:2.93,A:78:3.17,A:116:3.26,A:86:3.34,A:44:3.42,A:117:3.43",6.6197785023825455,False,False,18.473840858635324,False,2.0,5.0,ok,,,,,,,,,,,,,,,,
posebusters_benchmark,7UY4_SMI,default_s5_t200,ok,181.95,results/posebench_702_predictions/chai1_gpu/posebusters_benchmark/7UY4_SMI/default_s5_t200/predictions/pred.model_idx_4.cif,4.0,23.17445399599855,19.00804376367156,<REMOTE_PROJECT_ROOT>/results/posebench_702_predictions/chai1_gpu/posebusters_benchmark/7UY4_SMI/default_s5_t200/predictions/scores.model_idx_4.npz,0.5691547393798828,0.6279617547988892,0.5544530153274536,False,515.0,"A:258,B:257",25.67942375577006,24.0,24.0,10.0,59.0,"A:177:2.48,A:82:2.78,A:42:3.13,A:180:3.13,A:107:3.62,A:106:3.66,A:125:3.66,A:72:3.74,A:103:3.77,A:80:4.03,A:44:4.19,A:129:4.31",10.240137278311181,False,False,7.144378407165026,False,3.0,5.0,ok,,,,,,,,,,,,,,,,
posebusters_benchmark,7UYB_OK0,default_s5_t200,ok,85.83,results/posebench_702_predictions/chai1_gpu/posebusters_benchmark/7UYB_OK0/default_s5_t200/predictions/pred.model_idx_2.cif,2.0,7.350336552563954,7.356800712191803,<REMOTE_PROJECT_ROOT>/results/posebench_702_predictions/chai1_gpu/posebusters_benchmark/7UYB_OK0/default_s5_t200/predictions/scores.model_idx_2.npz,0.9039077758789062,0.9681568741798401,0.887845516204834,False,231.0,A:231,0.5450553383948633,31.0,31.0,10.0,67.0,"A:87:2.84,A:179:2.93,A:209:3.01,A:56:3.04,A:148:3.09,A:85:3.12,A:174:3.16,A:176:3.29,A:83:3.40,A:31:3.45,A:36:3.47,A:167:3.51",0.377172640720295,False,False,7.316248013596382,False,4.0,5.0,ok,,,,,,,,,,,,,,,,
posebusters_benchmark,7V14_ORU,default_s5_t200,ok,82.753,results/posebench_702_predictions/chai1_gpu/posebusters_benchmark/7V14_ORU/default_s5_t200/predictions/pred.model_idx_1.cif,1.0,7.472380025408917,7.472138253161383,<REMOTE_PROJECT_ROOT>/results/posebench_702_predictions/chai1_gpu/posebusters_benchmark/7V14_ORU/default_s5_t200/predictions/scores.model_idx_1.npz,0.9422870874404907,0.9691455364227295,0.9355724453926086,False,236.0,A:236,0.3555545606149541,35.0,35.0,10.0,75.0,"A:185:2.60,A:187:3.03,A:208:3.10,A:206:3.20,A:205:3.20,A:183:3.21,A:210:3.22,A:184:3.23,A:133:3.23,A:186:3.28,A:207:3.30,A:211:3.38",0.21359675818341134,False,False,7.419076744719306,False,4.0,5.0,ok,,,,,,,,,,,,,,,,
posebusters_benchmark,7V3N_AKG,default_s5_t200,ok,82.514,results/posebench_702_predictions/chai1_gpu/posebusters_benchmark/7V3N_AKG/default_s5_t200/predictions/pred.model_idx_0.cif,0.0,4.968273419860741,4.857604982505513,<REMOTE_PROJECT_ROOT>/results/posebench_702_predictions/chai1_gpu/posebusters_benchmark/7V3N_AKG/default_s5_t200/predictions/scores.model_idx_0.npz,0.6483004093170166,0.8619108200073242,0.5948978066444397,False,317.0,A:317,5.141705622803548,10.0,10.0,10.0,66.0,"A:175:2.48,A:256:2.59,A:254:2.87,A:173:2.99,A:189:3.21,A:187:3.24,A:245:3.25,A:196:3.33,A:184:3.49,A:247:3.57,A:260:3.61,A:109:3.82",2.730311747143854,False,False,4.792326621706685,False,4.0,5.0,ok,,,,,,,,,,,,,,,,
posebusters_benchmark,7V3S_5I9,default_s5_t200,ok,128.475,results/posebench_702_predictions/chai1_gpu/posebusters_benchmark/7V3S_5I9/default_s5_t200/predictions/pred.model_idx_4.cif,4.0,9.15432841015087,9.14473466554194,<REMOTE_PROJECT_ROOT>/results/posebench_702_predictions/chai1_gpu/posebusters_benchmark/7V3S_5I9/default_s5_t200/predictions/scores.model_idx_4.npz,0.9122995138168335,0.9474470615386963,0.9035125970840454,False,284.0,A:284,1.3417306068961743,38.0,38.0,10.0,92.0,"A:57:2.82,A:107:2.82,A:169:2.96,A:142:3.10,A:105:3.23,A:39:3.29,A:106:3.29,A:78:3.35,A:170:3.39,A:167:3.39,A:31:3.46,A:55:3.49",0.8328143464500352,False,False,9.101476446025396,False,0.0,5.0,ok,,,,,,,,,,,,,,,,
posebusters_benchmark,7V43_C4O,default_s5_t200,ok,114.343,results/posebench_702_predictions/chai1_gpu/posebusters_benchmark/7V43_C4O/default_s5_t200/predictions/pred.model_idx_4.cif,4.0,1.175309430513016,1.069782528075126,<REMOTE_PROJECT_ROOT>/results/posebench_702_predictions/chai1_gpu/posebusters_benchmark/7V43_C4O/default_s5_t200/predictions/scores.model_idx_4.npz,0.5867311954498291,0.9348422288894653,0.49970340728759766,False,432.0,A:432,1.9653181302628346,8.0,8.0,10.0,56.0,"A:417:3.55,A:270:3.66,A:266:3.69,A:105:3.72,A:320:3.86,A:317:3.91,A:190:4.07,A:101:4.19,A:418:4.21,A:103:4.21,A:189:4.22,A:269:4.64",1.2529776857070272,True,True,1.069782528075126,True,4.0,5.0,ok,,,,,,,,,,,,,,,,
posebusters_benchmark,7V8Z_5YH,default_s5_t200,ok,175.079,results/posebench_702_predictions/chai1_gpu/posebusters_benchmark/7V8Z_5YH/default_s5_t200/predictions/pred.model_idx_1.cif,1.0,5.908335416294969,5.909533267397823,<REMOTE_PROJECT_ROOT>/results/posebench_702_predictions/chai1_gpu/posebusters_benchmark/7V8Z_5YH/default_s5_t200/predictions/scores.model_idx_1.npz,0.8606613278388977,0.9333913922309875,0.8424787521362305,False,490.0,A:490,1.609910295501522,25.0,25.0,10.0,72.0,"A:393:2.82,A:359:2.83,A:356:2.91,A:355:3.03,A:385:3.12,A:396:3.16,A:390:3.26,A:352:3.51,A:289:3.51,A:394:3.63,A:397:3.66,A:382:3.70",0.45396407031018676,False,False,5.706910591287701,False,3.0,5.0,ok,,,,,,,,,,,,,,,,
posebusters_benchmark,7VB8_STL,default_s5_t200,ok,177.183,results/posebench_702_predictions/chai1_gpu/posebusters_benchmark/7VB8_STL/default_s5_t200/predictions/pred.model_idx_4.cif,4.0,6.282397999971528,6.1829101496478795,<REMOTE_PROJECT_ROOT>/results/posebench_702_predictions/chai1_gpu/posebusters_benchmark/7VB8_STL/default_s5_t200/predictions/scores.model_idx_4.npz,0.8950679302215576,0.9252776503562927,0.8875154256820679,False,726.0,"B:363,A:363",2.875567290787497,17.0,17.0,10.0,76.0,"B:267:2.79,B:268:3.21,B:129:3.36,B:264:3.43,B:174:3.53,B:321:3.54,B:314:3.55,A:13:3.60,B:160:3.61,B:128:3.65,B:318:3.71,B:296:3.73",0.6238341335772315,False,False,2.129696236008459,False,3.0,5.0,ok,,,,,,,,,,,,,,,,
posebusters_benchmark,7VBU_6I4,default_s5_t200,ok,85.344,results/posebench_702_predictions/chai1_gpu/posebusters_benchmark/7VBU_6I4/default_s5_t200/predictions/pred.model_idx_4.cif,4.0,5.54942184301585,5.518456588921959,<REMOTE_PROJECT_ROOT>/results/posebench_702_predictions/chai1_gpu/posebusters_benchmark/7VBU_6I4/default_s5_t200/predictions/scores.model_idx_4.npz,0.8765161633491516,0.9345946311950684,0.8619965314865112,False,340.0,A:340,1.607507894755316,17.0,17.0,10.0,57.0,"A:269:3.09,A:274:3.20,A:238:3.24,A:319:3.43,A:234:3.45,A:273:3.57,A:321:3.57,A:267:3.59,A:311:3.68,A:235:3.77,A:271:3.78,A:320:3.79",0.31988617707503214,False,False,5.4907806101109236,False,2.0,5.0,ok,,,,,,,,,,,,,,,,
posebusters_benchmark,7VC5_9SF,default_s5_t200,ok,191.66,results/posebench_702_predictions/chai1_gpu/posebusters_benchmark/7VC5_9SF/default_s5_t200/predictions/pred.model_idx_4.cif,4.0,6.504678343492744,6.4843279471795015,<REMOTE_PROJECT_ROOT>/results/posebench_702_predictions/chai1_gpu/posebusters_benchmark/7VC5_9SF/default_s5_t200/predictions/scores.model_idx_4.npz,0.6457332372665405,0.9337546825408936,0.5737278461456299,False,485.0,A:485,1.2151337028619213,22.0,22.0,10.0,67.0,"A:102:2.62,A:100:2.77,A:221:2.87,A:131:3.05,A:79:3.28,A:219:3.31,A:99:3.43,A:148:3.44,A:76:3.50,A:251:3.70,A:195:3.70,A:250:3.72",1.206305663305696,False,False,6.437547988595033,False,2.0,5.0,ok,,,,,,,,,,,,,,,,
posebusters_benchmark,7VJT_7IJ,default_s5_t200,ok,185.001,results/posebench_702_predictions/chai1_gpu/posebusters_benchmark/7VJT_7IJ/default_s5_t200/predictions/pred.model_idx_4.cif,4.0,13.165047193800925,6.1431033722796835,<REMOTE_PROJECT_ROOT>/results/posebench_702_predictions/chai1_gpu/posebusters_benchmark/7VJT_7IJ/default_s5_t200/predictions/scores.model_idx_4.npz,0.40771549940109253,0.6590918302536011,0.3448713719844818,False,550.0,"A:278,B:272",19.986133347955825,27.0,27.0,10.0,80.0,"B:188:2.48,B:184:2.77,B:177:3.24,B:214:3.34,B:215:3.36,B:181:3.44,B:218:3.48,B:211:3.48,B:134:3.52,B:180:3.55,B:185:3.61,B:187:3.69",5.140426235384012,False,False,5.278476694621038,False,2.0,5.0,ok,,,,,,,,,,,,,,,,
posebusters_benchmark,7VKZ_NOJ,default_s5_t200,exception,49.934,,,,,,,,,,,,,,,,,,,,,,,,,not_ok,RuntimeError,,,,,,,,,,,,,,,
posebusters_benchmark,7VQ9_ISY,default_s5_t200,ok,118.413,results/posebench_702_predictions/chai1_gpu/posebusters_benchmark/7VQ9_ISY/default_s5_t200/predictions/pred.model_idx_4.cif,4.0,7.176808534546299,7.184666241580199,<REMOTE_PROJECT_ROOT>/results/posebench_702_predictions/chai1_gpu/posebusters_benchmark/7VQ9_ISY/default_s5_t200/predictions/scores.model_idx_4.npz,0.7866460680961609,0.8735995888710022,0.7649076581001282,False,409.0,"A:206,B:203",1.674274914320962,14.0,14.0,10.0,55.0,"B:165:2.54,B:163:2.69,B:62:3.07,B:14:3.16,B:157:3.28,B:65:3.39,B:57:3.42,B:56:3.44,B:12:3.63,B:58:3.65,B:13:3.68,B:59:4.22",0.6331655054580924,False,False,6.955018440913149,False,2.0,5.0,ok,,,,,,,,,,,,,,,,
posebusters_benchmark,7VWF_K55,default_s5_t200,ok,185.396,results/posebench_702_predictions/chai1_gpu/posebusters_benchmark/7VWF_K55/default_s5_t200/predictions/pred.model_idx_1.cif,1.0,50.769327412859,50.58413514904598,<REMOTE_PROJECT_ROOT>/results/posebench_702_predictions/chai1_gpu/posebusters_benchmark/7VWF_K55/default_s5_t200/predictions/scores.model_idx_1.npz,0.5901179909706116,0.6365106105804443,0.5785198211669922,False,516.0,"A:258,B:258",1.830683454076439,33.0,33.0,10.0,105.0,"A:253:2.61,A:69:2.66,A:229:2.73,A:103:2.79,A:68:2.91,A:50:3.17,A:65:3.33,A:119:3.43,A:64:3.47,A:148:3.48,A:128:3.50,A:66:3.60",1.5229874176255445,False,False,25.956488744355223,False,3.0,5.0,ok,,,,,,,,,,,,,,,,
posebusters_benchmark,7VYJ_CA0,default_s5_t200,exception,51.322,,,,,,,,,,,,,,,,,,,,,,,,,not_ok,RuntimeError,,,,,,,,,,,,,,,
posebusters_benchmark,7W05_GMP,default_s5_t200,ok,100.403,results/posebench_702_predictions/chai1_gpu/posebusters_benchmark/7W05_GMP/default_s5_t200/predictions/pred.model_idx_1.cif,1.0,4.865084156486399,4.854550472287129,<REMOTE_PROJECT_ROOT>/results/posebench_702_predictions/chai1_gpu/posebusters_benchmark/7W05_GMP/default_s5_t200/predictions/scores.model_idx_1.npz,0.8812029361724854,0.9336153268814087,0.8680998086929321,False,100.0,A:100,1.239707067909031,20.0,20.0,10.0,35.0,"A:52:2.54,A:33:2.70,A:39:2.74,A:37:2.78,A:38:2.83,A:92:2.84,A:36:2.98,A:35:3.16,A:34:3.20,A:94:3.40,A:93:3.94,A:31:4.55",0.4705550949747159,False,False,4.847886955410686,False,0.0,5.0,ok,,,,,,,,,,,,,,,,
posebusters_benchmark,7W06_ITN,default_s5_t200,ok,62.633,results/posebench_702_predictions/chai1_gpu/posebusters_benchmark/7W06_ITN/default_s5_t200/predictions/pred.model_idx_2.cif,2.0,3.6396218632612594,3.590560124811953,<REMOTE_PROJECT_ROOT>/results/posebench_702_predictions/chai1_gpu/posebusters_benchmark/7W06_ITN/default_s5_t200/predictions/scores.model_idx_2.npz,0.5031548738479614,0.9073996543884277,0.40209367871284485,False,207.0,A:207,0.8657387778457004,9.0,9.0,10.0,58.0,"A:44:2.59,A:14:2.62,A:12:2.78,A:62:2.85,A:43:3.05,A:118:3.77,A:110:3.82,A:115:3.87,A:114:3.87,A:142:3.97,A:13:4.08,A:141:4.21",0.6899771889094334,False,False,3.404726041960362,False,1.0,5.0,ok,,,,,,,,,,,,,,,,
posebusters_benchmark,7W6F_8I6,default_s5_t200,ok,62.177,results/posebench_702_predictions/chai1_gpu/posebusters_benchmark/7W6F_8I6/default_s5_t200/predictions/pred.model_idx_0.cif,0.0,25.900904737373438,26.2718199213991,<REMOTE_PROJECT_ROOT>/results/posebench_702_predictions/chai1_gpu/posebusters_benchmark/7W6F_8I6/default_s5_t200/predictions/scores.model_idx_0.npz,0.8519197106361389,0.910285472869873,0.8373282551765442,False,208.0,"A:104,B:104",1.8033540486084045,20.0,20.0,10.0,73.0,"A:74:2.59,A:7:2.61,A:80:2.67,A:88:3.25,A:44:3.53,A:96:3.55,A:9:3.57,A:29:3.67,A:25:3.69,A:94:3.69,A:75:3.80,A:91:3.86",0.9650074717054897,False,False,25.96163134697046,False,3.0,5.0,ok,,,,,,,,,,,,,,,,
posebusters_benchmark,7WCF_ACP,default_s5_t200,ok,140.363,results/posebench_702_predictions/chai1_gpu/posebusters_benchmark/7WCF_ACP/default_s5_t200/predictions/pred.model_idx_1.cif,1.0,8.31203187420082,8.354045959947456,<REMOTE_PROJECT_ROOT>/results/posebench_702_predictions/chai1_gpu/posebusters_benchmark/7WCF_ACP/default_s5_t200/predictions/scores.model_idx_1.npz,0.8746660947799683,0.9406610727310181,0.858167290687561,False,318.0,A:318,3.057224017436769,31.0,31.0,10.0,75.0,"A:67:2.66,A:91:2.77,A:64:2.77,A:65:2.88,A:136:2.88,A:205:2.88,A:138:3.06,A:62:3.17,A:139:3.20,A:225:3.26,A:63:3.27,A:208:3.34",3.0349882644077826,False,False,8.313154488838824,False,2.0,5.0,ok,,,,,,,,,,,,,,,,
posebusters_benchmark,7WDT_NGS,default_s5_t200,ok,276.174,results/posebench_702_predictions/chai1_gpu/posebusters_benchmark/7WDT_NGS/default_s5_t200/predictions/pred.model_idx_3.cif,3.0,5.644315160453463,4.5989585770295305,<REMOTE_PROJECT_ROOT>/results/posebench_702_predictions/chai1_gpu/posebusters_benchmark/7WDT_NGS/default_s5_t200/predictions/scores.model_idx_3.npz,0.6013549566268921,0.8314597606658936,0.5438287258148193,False,819.0,A:819,9.783798060180763,19.0,19.0,10.0,70.0,"A:641:2.52,A:591:2.62,A:312:2.75,A:506:2.76,A:507:2.82,A:605:2.88,A:594:3.02,A:639:3.22,A:421:3.27,A:593:3.35,A:542:3.48,A:561:3.50",1.8113742842151437,False,False,4.548080672439708,False,2.0,5.0,ok,,,,,,,,,,,,,,,,
posebusters_benchmark,7WJB_BGC,default_s5_t200,ok,178.612,results/posebench_702_predictions/chai1_gpu/posebusters_benchmark/7WJB_BGC/default_s5_t200/predictions/pred.model_idx_2.cif,2.0,2.9165387853614555,2.8159391395213835,<REMOTE_PROJECT_ROOT>/results/posebench_702_predictions/chai1_gpu/posebusters_benchmark/7WJB_BGC/default_s5_t200/predictions/scores.model_idx_2.npz,0.6688838005065918,0.9427342414855957,0.6004211902618408,False,729.0,A:729,1.8937537505245492,12.0,12.0,10.0,56.0,"A:332:2.46,A:220:2.47,A:383:2.63,A:442:2.67,A:330:2.76,A:269:2.92,A:367:3.07,A:416:3.33,A:380:3.36,A:328:3.41,A:221:3.47,A:237:3.48",1.0728140615177504,False,False,2.8159391395213835,False,2.0,5.0,ok,,,,,,,,,,,,,,,,
posebusters_benchmark,7WKL_CAQ,default_s5_t200,exception,46.138,,,,,,,,,,,,,,,,,,,,,,,,,not_ok,RuntimeError,,,,,,,,,,,,,,,
posebusters_benchmark,7WL4_JFU,default_s5_t200,ok,187.889,results/posebench_702_predictions/chai1_gpu/posebusters_benchmark/7WL4_JFU/default_s5_t200/predictions/pred.model_idx_1.cif,1.0,28.072318805812596,23.12675438205524,<REMOTE_PROJECT_ROOT>/results/posebench_702_predictions/chai1_gpu/posebusters_benchmark/7WL4_JFU/default_s5_t200/predictions/scores.model_idx_1.npz,0.33294814825057983,0.3872756063938141,0.3193662762641907,False,515.0,"A:128,B:130,C:127,D:130",20.73835215177876,34.0,34.0,10.0,67.0,"B:106:2.75,A:101:2.94,A:106:3.35,A:44:3.36,A:107:3.37,B:40:3.46,A:48:3.51,A:53:3.57,B:42:3.59,A:43:3.59,A:55:3.69,B:110:3.71",11.313181804542156,False,False,20.097982709908358,False,3.0,5.0,ok,,,,,,,,,,,,,,,,
posebusters_benchmark,7WN5_JGL,default_s5_t200,ok,142.136,results/posebench_702_predictions/chai1_gpu/posebusters_benchmark/7WN5_JGL/default_s5_t200/predictions/pred.model_idx_1.cif,1.0,6.510951334036816,6.235000943771348,<REMOTE_PROJECT_ROOT>/results/posebench_702_predictions/chai1_gpu/posebusters_benchmark/7WN5_JGL/default_s5_t200/predictions/scores.model_idx_1.npz,0.788238525390625,0.8563687801361084,0.7712059020996094,False,236.0,"A:118,B:118",5.607402700253393,37.0,37.0,10.0,50.0,"B:91:2.90,B:39:2.90,B:36:3.36,B:96:3.40,B:33:3.42,B:37:3.43,B:95:3.43,B:38:3.51,B:43:3.53,B:34:3.59,B:45:3.61,B:100:3.63",0.17627305621432957,False,False,6.19094622555139,False,3.0,5.0,ok,,,,,,,,,,,,,,,,
posebusters_benchmark,7WPW_F15,default_s5_t200,ok,94.493,results/posebench_702_predictions/chai1_gpu/posebusters_benchmark/7WPW_F15/default_s5_t200/predictions/pred.model_idx_3.cif,3.0,5.3832650658710275,5.384504339573134,<REMOTE_PROJECT_ROOT>/results/posebench_702_predictions/chai1_gpu/posebusters_benchmark/7WPW_F15/default_s5_t200/predictions/scores.model_idx_3.npz,0.4692189693450928,0.9487093687057495,0.3493463695049286,False,133.0,A:133,0.3137821038466946,17.0,17.0,10.0,75.0,"A:128:2.63,A:126:2.77,A:115:3.60,A:78:3.80,A:76:3.82,A:20:3.86,A:16:3.89,A:29:3.90,A:33:3.91,A:75:3.97,A:57:4.07,A:38:4.13",0.17634828087953097,False,False,5.278238130219035,False,4.0,5.0,ok,,,,,,,,,,,,,,,,
posebusters_benchmark,7WQQ_5Z6,default_s5_t200,ok,86.987,results/posebench_702_predictions/chai1_gpu/posebusters_benchmark/7WQQ_5Z6/default_s5_t200/predictions/pred.model_idx_0.cif,0.0,6.890354461082116,6.876378733566759,<REMOTE_PROJECT_ROOT>/results/posebench_702_predictions/chai1_gpu/posebusters_benchmark/7WQQ_5Z6/default_s5_t200/predictions/scores.model_idx_0.npz,0.8336465358734131,0.9175713062286377,0.8126653432846069,False,237.0,"A:228,C:9",1.6031162802051417,27.0,27.0,10.0,90.0,"A:100:2.41,A:82:3.28,A:45:3.33,A:99:3.36,A:18:3.40,A:204:3.40,A:41:3.50,A:83:3.51,A:89:3.52,A:115:3.56,A:86:3.58,A:48:3.69",1.3610874674766211,False,False,6.684077480544176,False,1.0,5.0,ok,,,,,,,,,,,,,,,,
posebusters_benchmark,7WUX_6OI,default_s5_t200,exception,51.01,,,,,,,,,,,,,,,,,,,,,,,,,not_ok,RuntimeError,,,,,,,,,,,,,,,
posebusters_benchmark,7WUY_76N,default_s5_t200,ok,536.492,results/posebench_702_predictions/chai1_gpu/posebusters_benchmark/7WUY_76N/default_s5_t200/predictions/pred.model_idx_4.cif,4.0,32.749956391039554,32.6907144154958,<REMOTE_PROJECT_ROOT>/results/posebench_702_predictions/chai1_gpu/posebusters_benchmark/7WUY_76N/default_s5_t200/predictions/scores.model_idx_4.npz,0.8766098022460938,0.9092519283294678,0.8684492707252502,False,786.0,"A:393,B:393",3.166618457806723,30.0,30.0,10.0,90.0,"A:304:2.61,A:303:2.67,A:141:2.79,A:300:3.09,A:180:3.15,A:348:3.19,A:133:3.26,A:136:3.48,A:197:3.66,A:179:3.67,A:193:3.69,A:137:3.76",1.8032607499856217,False,False,32.54404308869627,False,0.0,5.0,ok,,,,,,,,,,,,,,,,
posebusters_benchmark,7WY1_D0L,default_s5_t200,ok,285.405,results/posebench_702_predictions/chai1_gpu/posebusters_benchmark/7WY1_D0L/default_s5_t200/predictions/pred.model_idx_2.cif,2.0,7.806329042040667,7.764130402402043,<REMOTE_PROJECT_ROOT>/results/posebench_702_predictions/chai1_gpu/posebusters_benchmark/7WY1_D0L/default_s5_t200/predictions/scores.model_idx_2.npz,0.6777368187904358,0.826920747756958,0.640440821647644,False,908.0,"A:454,B:454",1.0139217672730543,26.0,26.0,10.0,87.0,"B:45:2.55,B:49:2.61,B:72:2.78,B:71:2.80,B:27:3.40,B:186:3.47,B:70:3.49,B:18:3.62,B:40:3.66,B:23:3.75,B:328:3.84,B:85:3.88",0.40422899658701955,False,False,7.764130402402043,False,2.0,5.0,ok,,,,,,,,,,,,,,,,
posebusters_benchmark,7X5N_5M5,default_s5_t200,ok,522.656,results/posebench_702_predictions/chai1_gpu/posebusters_benchmark/7X5N_5M5/default_s5_t200/predictions/pred.model_idx_2.cif,2.0,5.041514263656804,5.060391913580229,<REMOTE_PROJECT_ROOT>/results/posebench_702_predictions/chai1_gpu/posebusters_benchmark/7X5N_5M5/default_s5_t200/predictions/scores.model_idx_2.npz,0.9118608832359314,0.9447040557861328,0.9036500453948975,False,820.0,"A:409,B:411",0.9649451006718904,30.0,30.0,10.0,76.0,"B:342:2.77,B:350:2.86,B:340:2.90,B:120:2.95,B:119:3.02,B:121:3.03,B:341:3.23,B:115:3.25,A:57:3.29,A:50:3.40,A:58:3.53,B:357:3.58",0.727866803560887,False,False,4.967025209943056,False,4.0,5.0,ok,,,,,,,,,,,,,,,,
posebusters_benchmark,7X9K_8OG,default_s5_t200,ok,62.291,results/posebench_702_predictions/chai1_gpu/posebusters_benchmark/7X9K_8OG/default_s5_t200/predictions/pred.model_idx_3.cif,3.0,5.623495679234364,5.621723903179605,<REMOTE_PROJECT_ROOT>/results/posebench_702_predictions/chai1_gpu/posebusters_benchmark/7X9K_8OG/default_s5_t200/predictions/scores.model_idx_3.npz,0.939299464225769,0.9506347179412842,0.9364656209945679,False,129.0,A:129,0.5023958921560703,24.0,24.0,10.0,70.0,"A:27:2.61,A:34:2.65,A:22:2.82,A:118:2.83,A:33:3.16,A:115:3.30,A:36:3.37,A:74:3.42,A:7:3.50,A:79:3.54,A:38:3.60,A:5:3.65",0.35772158074097876,False,False,5.582948000033502,False,2.0,5.0,ok,,,,,,,,,,,,,,,,
posebusters_benchmark,7XBV_APC,default_s5_t200,ok,194.921,results/posebench_702_predictions/chai1_gpu/posebusters_benchmark/7XBV_APC/default_s5_t200/predictions/pred.model_idx_0.cif,0.0,9.236892586776424,9.244596590429092,<REMOTE_PROJECT_ROOT>/results/posebench_702_predictions/chai1_gpu/posebusters_benchmark/7XBV_APC/default_s5_t200/predictions/scores.model_idx_0.npz,0.9112293124198914,0.9472775459289551,0.9022172093391418,False,409.0,A:409,0.7294675292642181,31.0,31.0,10.0,76.0,"A:158:2.57,A:389:2.58,A:301:2.73,A:297:2.78,A:159:2.83,A:273:3.18,A:299:3.39,A:274:3.43,A:404:3.54,A:298:3.54,A:199:3.61,A:275:3.61",0.7847810074569183,False,False,9.070663205534606,False,4.0,5.0,ok,,,,,,,,,,,,,,,,
posebusters_benchmark,7XEK_9YX,default_s5_t200,ok,112.123,results/posebench_702_predictions/chai1_gpu/posebusters_benchmark/7XEK_9YX/default_s5_t200/predictions/pred.model_idx_3.cif,3.0,4.871234006420566,4.872208989123606,<REMOTE_PROJECT_ROOT>/results/posebench_702_predictions/chai1_gpu/posebusters_benchmark/7XEK_9YX/default_s5_t200/predictions/scores.model_idx_3.npz,0.9295474290847778,0.956346869468689,0.9228475093841553,False,413.0,A:413,0.6079746130914088,22.0,22.0,10.0,76.0,"A:220:2.45,A:92:2.47,A:197:2.57,A:222:2.78,A:375:2.84,A:223:2.87,A:172:2.88,A:120:3.03,A:28:3.28,A:27:3.33,A:199:3.53,A:91:3.59",0.31859216857075895,False,False,4.858230810878274,False,0.0,5.0,ok,,,,,,,,,,,,,,,,
posebusters_benchmark,7XFA_D9J,default_s5_t200,ok,65.18,results/posebench_702_predictions/chai1_gpu/posebusters_benchmark/7XFA_D9J/default_s5_t200/predictions/pred.model_idx_0.cif,0.0,8.64052329850661,8.641510391553417,<REMOTE_PROJECT_ROOT>/results/posebench_702_predictions/chai1_gpu/posebusters_benchmark/7XFA_D9J/default_s5_t200/predictions/scores.model_idx_0.npz,0.9164237976074219,0.9725544452667236,0.9023911356925964,False,138.0,A:138,0.2191398659127429,41.0,41.0,10.0,46.0,"A:71:2.66,A:45:2.71,A:61:2.83,A:49:2.90,A:47:3.02,A:125:3.22,A:69:3.27,A:32:3.30,A:31:3.33,A:33:3.44,A:124:3.54,A:68:3.70",0.1623028736469491,False,False,8.641510391553417,False,0.0,5.0,ok,,,,,,,,,,,,,,,,
posebusters_benchmark,7XG5_PLP,default_s5_t200,ok,176.006,results/posebench_702_predictions/chai1_gpu/posebusters_benchmark/7XG5_PLP/default_s5_t200/predictions/pred.model_idx_2.cif,2.0,4.0970519572374995,4.05529568720935,<REMOTE_PROJECT_ROOT>/results/posebench_702_predictions/chai1_gpu/posebusters_benchmark/7XG5_PLP/default_s5_t200/predictions/scores.model_idx_2.npz,0.8158376216888428,0.8781256079673767,0.8002655506134033,False,642.0,"A:321,B:321",2.917356001666076,16.0,16.0,10.0,69.0,"B:237:2.72,B:273:2.73,B:236:2.78,B:211:2.80,B:178:2.85,B:77:2.88,B:272:3.33,B:235:3.39,B:214:3.39,B:233:3.45,B:215:3.56,B:216:3.75",1.340611890536164,False,False,4.05529568720935,False,2.0,5.0,ok,,,,,,,,,,,,,,,,
posebusters_benchmark,7XI7_4RI,default_s5_t200,ok,61.819,results/posebench_702_predictions/chai1_gpu/posebusters_benchmark/7XI7_4RI/default_s5_t200/predictions/pred.model_idx_1.cif,1.0,4.183616048684197,4.183119796229367,<REMOTE_PROJECT_ROOT>/results/posebench_702_predictions/chai1_gpu/posebusters_benchmark/7XI7_4RI/default_s5_t200/predictions/scores.model_idx_1.npz,0.9387659430503845,0.9591901302337646,0.9336598515510559,False,186.0,A:186,0.4006694967584577,20.0,20.0,10.0,72.0,"A:29:2.76,A:6:3.02,A:114:3.10,A:7:3.45,A:33:3.50,A:120:3.55,A:135:3.59,A:8:3.64,A:59:3.83,A:58:3.84,A:30:3.85,A:21:4.01",0.3572031776674076,False,False,4.183119796229367,False,1.0,5.0,ok,,,,,,,,,,,,,,,,
posebusters_benchmark,7XIJ_EJ3,default_s5_t200,ok,62.85,results/posebench_702_predictions/chai1_gpu/posebusters_benchmark/7XIJ_EJ3/default_s5_t200/predictions/pred.model_idx_1.cif,1.0,6.6162434260728284,5.825174148877484,<REMOTE_PROJECT_ROOT>/results/posebench_702_predictions/chai1_gpu/posebusters_benchmark/7XIJ_EJ3/default_s5_t200/predictions/scores.model_idx_1.npz,0.8493167757987976,0.9050644040107727,0.8353798985481262,False,131.0,A:131,8.857556182521718,33.0,33.0,10.0,49.0,"A:101:3.19,A:43:3.26,A:46:3.28,A:52:3.44,A:53:3.51,A:48:3.54,A:42:3.63,A:55:3.67,A:107:3.68,A:44:3.87,A:100:4.06,A:58:4.29",0.22315504951262344,False,False,5.824852961247097,False,0.0,5.0,ok,,,,,,,,,,,,,,,,
posebusters_benchmark,7XJN_NSD,default_s5_t200,exception,62.663,,,,,,,,,,,,,,,,,,,,,,,,,not_ok,RuntimeError,,,,,,,,,,,,,,,
posebusters_benchmark,7XPO_UPG,default_s5_t200,ok,183.946,results/posebench_702_predictions/chai1_gpu/posebusters_benchmark/7XPO_UPG/default_s5_t200/predictions/pred.model_idx_2.cif,2.0,44.938085886340986,44.59037405741601,<REMOTE_PROJECT_ROOT>/results/posebench_702_predictions/chai1_gpu/posebusters_benchmark/7XPO_UPG/default_s5_t200/predictions/scores.model_idx_2.npz,0.8992838859558105,0.9409760236740112,0.888860821723938,False,679.0,"A:343,B:336",2.588268723387833,36.0,36.0,10.0,93.0,"A:127:2.61,A:300:2.70,A:233:2.75,A:218:2.80,A:297:2.81,A:202:2.82,A:181:2.92,A:180:3.02,A:179:3.06,A:201:3.07,A:235:3.34,A:200:3.38",1.0213939959572929,False,False,44.59037405741601,False,2.0,5.0,ok,,,,,,,,,,,,,,,,
posebusters_benchmark,7XQZ_FPF,default_s5_t200,ok,177.102,results/posebench_702_predictions/chai1_gpu/posebusters_benchmark/7XQZ_FPF/default_s5_t200/predictions/pred.model_idx_0.cif,0.0,5.158744433680162,5.070779302005986,<REMOTE_PROJECT_ROOT>/results/posebench_702_predictions/chai1_gpu/posebusters_benchmark/7XQZ_FPF/default_s5_t200/predictions/scores.model_idx_0.npz,0.61911541223526,0.9448639154434204,0.5376782417297363,False,493.0,A:493,1.9136733132236403,25.0,25.0,10.0,97.0,"A:134:2.74,A:102:2.76,A:132:2.79,A:470:2.79,A:101:2.97,A:469:3.01,A:362:3.32,A:467:3.34,A:474:3.43,A:466:3.47,A:468:3.49,A:270:3.58",1.829315612815543,False,False,5.070779302005986,False,0.0,5.0,ok,,,,,,,,,,,,,,,,
posebusters_benchmark,7XRL_FWK,default_s5_t200,exception,68.385,,,,,,,,,,,,,,,,,,,,,,,,,not_ok,RuntimeError,,,,,,,,,,,,,,,
posebusters_benchmark,7YZU_DO7,default_s5_t200,ok,112.117,results/posebench_702_predictions/chai1_gpu/posebusters_benchmark/7YZU_DO7/default_s5_t200/predictions/pred.model_idx_1.cif,1.0,3.698873875171182,3.6659140667684453,<REMOTE_PROJECT_ROOT>/results/posebench_702_predictions/chai1_gpu/posebusters_benchmark/7YZU_DO7/default_s5_t200/predictions/scores.model_idx_1.npz,0.8841385245323181,0.9481403231620789,0.8681380748748779,False,382.0,A:382,0.9366970381020272,16.0,16.0,10.0,70.0,"A:63:2.62,A:214:2.63,A:109:2.73,A:39:2.78,A:162:2.87,A:339:2.88,A:270:3.03,A:269:3.04,A:268:3.10,A:232:3.17,A:8:3.20,A:160:3.30",0.7537435635973911,False,False,3.6352596514066398,False,4.0,5.0,ok,,,,,,,,,,,,,,,,
posebusters_benchmark,7Z1Q_NIO,default_s5_t200,ok,62.803,results/posebench_702_predictions/chai1_gpu/posebusters_benchmark/7Z1Q_NIO/default_s5_t200/predictions/pred.model_idx_3.cif,3.0,3.2014790359280267,3.2085531169841417,<REMOTE_PROJECT_ROOT>/results/posebench_702_predictions/chai1_gpu/posebusters_benchmark/7Z1Q_NIO/default_s5_t200/predictions/scores.model_idx_3.npz,0.6169394254684448,0.9433321952819824,0.535341203212738,False,191.0,A:191,1.1482126302013798,9.0,9.0,10.0,51.0,"A:67:2.89,A:128:3.19,A:125:3.62,A:171:3.64,A:116:3.67,A:172:3.80,A:168:3.83,A:124:3.99,A:167:4.16,A:149:4.20,A:175:4.52,A:102:4.68",0.9657658228395827,False,False,2.637114108419829,False,2.0,5.0,ok,,,,,,,,,,,,,,,,
posebusters_benchmark,7Z2O_IAJ,default_s5_t200,ok,113.501,results/posebench_702_predictions/chai1_gpu/posebusters_benchmark/7Z2O_IAJ/default_s5_t200/predictions/pred.model_idx_3.cif,3.0,32.73173980558802,32.243965444241745,<REMOTE_PROJECT_ROOT>/results/posebench_702_predictions/chai1_gpu/posebusters_benchmark/7Z2O_IAJ/default_s5_t200/predictions/scores.model_idx_3.npz,0.8732483983039856,0.9275779724121094,0.8596659898757935,False,393.0,"A:195,B:198",1.3012151337006526,14.0,14.0,10.0,50.0,"A:115:2.87,A:79:2.96,A:120:3.24,A:107:3.36,A:78:3.39,A:114:3.40,A:99:3.47,A:98:3.84,A:175:3.99,A:109:4.08,A:77:4.25,A:100:4.28",1.2528158094153072,False,False,31.709492062364376,False,2.0,5.0,ok,,,,,,,,,,,,,,,,
posebusters_benchmark,7Z7F_IF3,default_s5_t200,ok,139.15,results/posebench_702_predictions/chai1_gpu/posebusters_benchmark/7Z7F_IF3/default_s5_t200/predictions/pred.model_idx_0.cif,0.0,26.64134086678566,24.383480455514984,<REMOTE_PROJECT_ROOT>/results/posebench_702_predictions/chai1_gpu/posebusters_benchmark/7Z7F_IF3/default_s5_t200/predictions/scores.model_idx_0.npz,0.45235908031463623,0.6024026870727539,0.4148481786251068,False,298.0,"A:149,B:149",16.4878714847517,14.0,14.0,10.0,60.0,"A:33:2.71,A:22:2.72,A:16:2.97,A:91:3.13,A:19:3.22,A:87:3.29,A:88:3.30,A:18:3.31,A:128:3.34,A:32:3.34,A:86:3.41,A:17:3.42",9.666177000244147,False,False,6.882727148497639,False,2.0,5.0,ok,,,,,,,,,,,,,,,,
posebusters_benchmark,7ZCC_OGA,default_s5_t200,exception,54.477,,,,,,,,,,,,,,,,,,,,,,,,,not_ok,RuntimeError,,,,,,,,,,,,,,,
posebusters_benchmark,7ZDY_6MJ,default_s5_t200,exception,50.122,,,,,,,,,,,,,,,,,,,,,,,,,not_ok,RuntimeError,,,,,,,,,,,,,,,
posebusters_benchmark,7ZF0_DHR,default_s5_t200,ok,111.107,results/posebench_702_predictions/chai1_gpu/posebusters_benchmark/7ZF0_DHR/default_s5_t200/predictions/pred.model_idx_0.cif,0.0,2.264585651006062,2.324258329746947,<REMOTE_PROJECT_ROOT>/results/posebench_702_predictions/chai1_gpu/posebusters_benchmark/7ZF0_DHR/default_s5_t200/predictions/scores.model_idx_0.npz,0.6533679366111755,0.9406464099884033,0.5815483331680298,False,474.0,A:474,1.33511056216212,11.0,11.0,10.0,66.0,"A:14:2.70,A:216:3.02,A:391:3.39,A:199:3.53,A:209:3.57,A:81:3.66,A:123:3.70,A:152:3.74,A:85:3.74,A:9:3.94,A:295:3.97,A:392:4.29",0.4432941233273993,False,False,2.324258329746947,False,0.0,5.0,ok,,,,,,,,,,,,,,,,
posebusters_benchmark,7ZHP_IQY,default_s5_t200,ok,85.242,results/posebench_702_predictions/chai1_gpu/posebusters_benchmark/7ZHP_IQY/default_s5_t200/predictions/pred.model_idx_1.cif,1.0,6.907301979196455,6.846677440119136,<REMOTE_PROJECT_ROOT>/results/posebench_702_predictions/chai1_gpu/posebusters_benchmark/7ZHP_IQY/default_s5_t200/predictions/scores.model_idx_1.npz,0.7888736724853516,0.9470261335372925,0.7493355870246887,False,293.0,A:293,0.9974410875794526,27.0,27.0,10.0,73.0,"A:56:2.66,A:89:2.84,A:87:2.91,A:156:2.93,A:155:3.33,A:27:3.41,A:42:3.50,A:19:3.52,A:40:3.56,A:154:3.67,A:86:3.71,A:88:3.77",0.7357474080171046,False,False,6.736968356404885,False,0.0,5.0,ok,,,,,,,,,,,,,,,,
posebusters_benchmark,7ZL5_IWE,default_s5_t200,ok,178.181,results/posebench_702_predictions/chai1_gpu/posebusters_benchmark/7ZL5_IWE/default_s5_t200/predictions/pred.model_idx_0.cif,0.0,19.82412479809406,5.854719429473182,<REMOTE_PROJECT_ROOT>/results/posebench_702_predictions/chai1_gpu/posebusters_benchmark/7ZL5_IWE/default_s5_t200/predictions/scores.model_idx_0.npz,0.44922488927841187,0.6360579133033752,0.40251660346984863,False,512.0,"A:256,B:256",23.05821212143305,23.0,23.0,10.0,71.0,"A:59:2.81,A:194:2.84,A:193:3.24,A:89:3.34,A:91:3.35,A:114:3.43,A:130:3.50,A:62:3.52,A:138:3.52,A:195:3.55,A:204:3.68,A:116:3.94",0.4575462647302212,False,False,5.710548867126802,False,2.0,5.0,ok,,,,,,,,,,,,,,,,
posebusters_benchmark,7ZOC_T8E,default_s5_t200,ok,114.519,results/posebench_702_predictions/chai1_gpu/posebusters_benchmark/7ZOC_T8E/default_s5_t200/predictions/pred.model_idx_3.cif,3.0,5.142531872661698,5.192821730203113,<REMOTE_PROJECT_ROOT>/results/posebench_702_predictions/chai1_gpu/posebusters_benchmark/7ZOC_T8E/default_s5_t200/predictions/scores.model_idx_3.npz,0.36766481399536133,0.8529720902442932,0.24633799493312836,False,378.0,A:378,2.411847369625252,15.0,15.0,10.0,64.0,"A:145:2.99,A:114:3.27,A:117:3.36,A:85:3.38,A:196:3.38,A:129:3.39,A:86:3.41,A:144:3.45,A:88:3.49,A:113:3.54,A:82:3.74,A:189:3.75",1.6796455665891852,False,False,4.819703306366462,False,1.0,5.0,ok,,,,,,,,,,,,,,,,
posebusters_benchmark,7ZTL_BCN,default_s5_t200,ok,89.696,results/posebench_702_predictions/chai1_gpu/posebusters_benchmark/7ZTL_BCN/default_s5_t200/predictions/pred.model_idx_0.cif,0.0,27.312211426208886,26.258902392723666,<REMOTE_PROJECT_ROOT>/results/posebench_702_predictions/chai1_gpu/posebusters_benchmark/7ZTL_BCN/default_s5_t200/predictions/scores.model_idx_0.npz,0.5553639531135559,0.9160677194595337,0.46518799662590027,False,281.0,"A:263,B:18",3.520785756944056,11.0,11.0,10.0,51.0,"A:55:2.44,A:148:2.81,A:36:3.07,A:150:3.11,A:51:3.24,A:151:3.44,A:18:3.81,A:17:3.93,A:38:4.17,A:130:4.20,A:149:4.64,A:135:4.90",4.963996342828138,False,False,26.258902392723666,False,0.0,5.0,ok,,,,,,,,,,,,,,,,
posebusters_benchmark,7ZU2_DHT,default_s5_t200,ok,140.1,results/posebench_702_predictions/chai1_gpu/posebusters_benchmark/7ZU2_DHT/default_s5_t200/predictions/pred.model_idx_4.cif,4.0,2.493765391264469,2.5017482502679727,<REMOTE_PROJECT_ROOT>/results/posebench_702_predictions/chai1_gpu/posebusters_benchmark/7ZU2_DHT/default_s5_t200/predictions/scores.model_idx_4.npz,0.9027849435806274,0.9407417178153992,0.8932957649230957,False,242.0,A:242,0.6496726225435482,21.0,21.0,10.0,74.0,"A:199:2.67,A:34:2.77,A:81:2.87,A:33:3.40,A:78:3.60,A:40:3.61,A:74:3.68,A:93:3.70,A:71:3.76,A:217:3.77,A:30:3.80,A:198:3.84",0.24858323415072317,False,False,2.4867502110774238,False,3.0,5.0,ok,,,,,,,,,,,,,,,,
posebusters_benchmark,7ZXV_45D,default_s5_t200,ok,88.193,results/posebench_702_predictions/chai1_gpu/posebusters_benchmark/7ZXV_45D/default_s5_t200/predictions/pred.model_idx_3.cif,3.0,13.92751212124441,13.926700196277011,<REMOTE_PROJECT_ROOT>/results/posebench_702_predictions/chai1_gpu/posebusters_benchmark/7ZXV_45D/default_s5_t200/predictions/scores.model_idx_3.npz,0.42021533846855164,0.6941343545913696,0.35173556208610535,False,312.0,A:312,0.9311771395964402,42.0,42.0,10.0,131.0,"A:199:2.82,A:203:3.21,A:42:3.34,A:156:3.44,A:153:3.47,A:243:3.50,A:108:3.50,A:282:3.52,A:159:3.54,A:271:3.54,A:275:3.54,A:38:3.54",0.9598740148650736,False,False,13.782273960365695,False,1.0,5.0,ok,,,,,,,,,,,,,,,,
posebusters_benchmark,7ZXZ_K9R,default_s5_t200,ok,89.96,results/posebench_702_predictions/chai1_gpu/posebusters_benchmark/7ZXZ_K9R/default_s5_t200/predictions/pred.model_idx_0.cif,0.0,15.302265438916468,7.041470863634559,<REMOTE_PROJECT_ROOT>/results/posebench_702_predictions/chai1_gpu/posebusters_benchmark/7ZXZ_K9R/default_s5_t200/predictions/scores.model_idx_0.npz,0.7857280969619751,0.8579276204109192,0.7676782011985779,False,247.0,"A:123,B:124",17.841849280661954,33.0,33.0,10.0,65.0,"B:33:2.70,B:17:2.74,B:39:2.83,B:118:2.89,B:78:2.98,B:35:3.00,B:13:3.04,B:98:3.30,B:80:3.36,B:38:3.51,B:76:3.57,B:37:3.58",7.481859423738397,False,False,6.8532377157321465,False,4.0,5.0,ok,,,,,,,,,,,,,,,,
posebusters_benchmark,7ZYS_KNR,default_s5_t200,ok,102.589,results/posebench_702_predictions/chai1_gpu/posebusters_benchmark/7ZYS_KNR/default_s5_t200/predictions/pred.model_idx_0.cif,0.0,6.941537249858594,6.972869569292942,<REMOTE_PROJECT_ROOT>/results/posebench_702_predictions/chai1_gpu/posebusters_benchmark/7ZYS_KNR/default_s5_t200/predictions/scores.model_idx_0.npz,0.7746317982673645,0.8217924237251282,0.7628415822982788,False,193.0,"A:39,B:154",3.1681836877940466,44.0,44.0,10.0,58.0,"A:34:2.73,A:35:2.78,B:111:2.79,B:133:2.81,B:143:2.83,B:141:3.01,A:36:3.02,B:117:3.12,B:135:3.14,B:112:3.25,B:137:3.29,B:114:3.50",1.7840936767006057,False,False,6.901499361646329,False,4.0,5.0,ok,,,,,,,,,,,,,,,,
posebusters_benchmark,7ZZB_KGX,default_s5_t200,ok,83.561,results/posebench_702_predictions/chai1_gpu/posebusters_benchmark/7ZZB_KGX/default_s5_t200/predictions/pred.model_idx_2.cif,2.0,6.269716544877465,6.270083365225005,<REMOTE_PROJECT_ROOT>/results/posebench_702_predictions/chai1_gpu/posebusters_benchmark/7ZZB_KGX/default_s5_t200/predictions/scores.model_idx_2.npz,0.6388652920722961,0.8913114070892334,0.5757537484169006,False,264.0,A:264,1.0650256199256887,51.0,51.0,10.0,63.0,"A:122:2.52,A:44:2.63,A:160:2.72,A:157:2.92,A:121:3.03,A:165:3.06,A:161:3.18,A:222:3.29,A:162:3.33,A:73:3.33,A:74:3.55,A:45:3.61",0.5875162712769296,False,False,5.699673380345185,False,1.0,5.0,ok,,,,,,,,,,,,,,,,
posebusters_benchmark,7ZZW_KKW,default_s5_t200,exception,52.918,,,,,,,,,,,,,,,,,,,,,,,,,not_ok,RuntimeError,,,,,,,,,,,,,,,
posebusters_benchmark,8A1H_DLZ,default_s5_t200,ok,176.337,results/posebench_702_predictions/chai1_gpu/posebusters_benchmark/8A1H_DLZ/default_s5_t200/predictions/pred.model_idx_3.cif,3.0,3.219430337273091,3.218614374899797,<REMOTE_PROJECT_ROOT>/results/posebench_702_predictions/chai1_gpu/posebusters_benchmark/8A1H_DLZ/default_s5_t200/predictions/scores.model_idx_3.npz,0.900667667388916,0.9418010711669922,0.890384316444397,False,516.0,A:516,0.9746232372681528,23.0,23.0,10.0,80.0,"A:37:2.61,A:11:2.63,A:105:2.82,A:10:2.88,A:34:2.91,A:32:2.92,A:40:3.00,A:38:3.09,A:52:3.32,A:33:3.45,A:9:3.55,A:109:3.58",0.3637502922967935,False,False,3.218614374899797,False,3.0,5.0,ok,,,,,,,,,,,,,,,,
posebusters_benchmark,8A2D_KXY,default_s5_t200,ok,85.965,results/posebench_702_predictions/chai1_gpu/posebusters_benchmark/8A2D_KXY/default_s5_t200/predictions/pred.model_idx_2.cif,2.0,11.812752546403184,11.762514824320567,<REMOTE_PROJECT_ROOT>/results/posebench_702_predictions/chai1_gpu/posebusters_benchmark/8A2D_KXY/default_s5_t200/predictions/scores.model_idx_2.npz,0.6494332551956177,0.9018851518630981,0.5863202214241028,False,281.0,A:281,2.71768998837364,49.0,49.0,10.0,86.0,"A:154:2.74,A:157:2.88,A:74:3.07,A:61:3.19,A:87:3.37,A:65:3.39,A:42:3.39,A:62:3.42,A:155:3.48,A:58:3.63,A:44:3.63,A:22:3.68",2.2928118587551025,False,False,11.762514824320567,False,2.0,5.0,ok,,,,,,,,,,,,,,,,
posebusters_benchmark,8AAU_LH0,default_s5_t200,ok,141.714,results/posebench_702_predictions/chai1_gpu/posebusters_benchmark/8AAU_LH0/default_s5_t200/predictions/pred.model_idx_0.cif,0.0,6.375610414059121,6.349496085870178,<REMOTE_PROJECT_ROOT>/results/posebench_702_predictions/chai1_gpu/posebusters_benchmark/8AAU_LH0/default_s5_t200/predictions/scores.model_idx_0.npz,0.8463646173477173,0.9355645179748535,0.8240646123886108,False,291.0,L:291,1.287955887973753,27.0,27.0,10.0,64.0,"L:88:2.80,L:149:3.25,L:85:3.42,L:25:3.45,L:17:3.47,L:87:3.55,L:91:3.55,L:86:3.58,L:38:3.61,L:40:3.61,L:139:3.70,L:18:3.72",0.7567832768117079,False,False,6.193974449051054,False,1.0,5.0,ok,,,,,,,,,,,,,,,,
posebusters_benchmark,8ACL_LQL,default_s5_t200,ok,86.293,results/posebench_702_predictions/chai1_gpu/posebusters_benchmark/8ACL_LQL/default_s5_t200/predictions/pred.model_idx_1.cif,1.0,5.862269742526189,5.853441697906811,<REMOTE_PROJECT_ROOT>/results/posebench_702_predictions/chai1_gpu/posebusters_benchmark/8ACL_LQL/default_s5_t200/predictions/scores.model_idx_1.npz,0.5833865404129028,0.6795757412910461,0.5593392252922058,False,301.0,A:301,0.7068861370272437,31.0,31.0,10.0,63.0,"A:162:2.88,A:165:2.90,A:142:3.00,A:186:3.10,A:164:3.21,A:143:3.29,A:187:3.33,A:139:3.36,A:48:3.36,A:40:3.37,A:141:3.40,A:163:3.41",0.8818726078579068,False,False,5.684827787869668,False,4.0,5.0,ok,,,,,,,,,,,,,,,,
posebusters_benchmark,8AEM_LVF,default_s5_t200,ok,139.855,results/posebench_702_predictions/chai1_gpu/posebusters_benchmark/8AEM_LVF/default_s5_t200/predictions/pred.model_idx_4.cif,4.0,14.924675414112706,14.746320934485915,<REMOTE_PROJECT_ROOT>/results/posebench_702_predictions/chai1_gpu/posebusters_benchmark/8AEM_LVF/default_s5_t200/predictions/scores.model_idx_4.npz,0.5355035662651062,0.9531282782554626,0.4310973882675171,False,327.0,A:327,0.80744856296427,13.0,13.0,10.0,61.0,"A:159:3.06,A:156:3.41,A:222:3.43,A:161:3.44,A:137:3.73,A:125:3.77,A:122:3.89,A:118:3.95,A:134:3.96,A:133:4.00,A:130:4.02,A:121:4.07",1.4774770769199472,False,False,13.993494175447577,False,1.0,5.0,ok,,,,,,,,,,,,,,,,
posebusters_benchmark,8AEU_M0L,default_s5_t200,ok,64.321,results/posebench_702_predictions/chai1_gpu/posebusters_benchmark/8AEU_M0L/default_s5_t200/predictions/pred.model_idx_3.cif,3.0,8.820302585637684,6.839166619614235,<REMOTE_PROJECT_ROOT>/results/posebench_702_predictions/chai1_gpu/posebusters_benchmark/8AEU_M0L/default_s5_t200/predictions/scores.model_idx_3.npz,0.8825134634971619,0.9465389251708984,0.8665070533752441,False,87.0,A:87,13.86736867573201,41.0,41.0,10.0,35.0,"A:33:3.21,A:37:3.34,A:29:3.48,A:47:3.53,A:36:3.64,A:32:3.90,A:48:4.00,A:50:4.09,A:42:4.58,A:34:4.91,A:30:4.94,A:57:5.53",0.4979265642364694,False,False,6.76122228712898,False,2.0,5.0,ok,,,,,,,,,,,,,,,,
posebusters_benchmark,8AIE_M7L,default_s5_t200,ok,181.169,results/posebench_702_predictions/chai1_gpu/posebusters_benchmark/8AIE_M7L/default_s5_t200/predictions/pred.model_idx_3.cif,3.0,4.402624759964592,4.3570622801849215,<REMOTE_PROJECT_ROOT>/results/posebench_702_predictions/chai1_gpu/posebusters_benchmark/8AIE_M7L/default_s5_t200/predictions/scores.model_idx_3.npz,0.8072404861450195,0.858199954032898,0.7945005893707275,False,551.0,"A:276,B:275",1.712485962584789,23.0,23.0,10.0,80.0,"B:145:2.52,B:198:2.57,B:197:2.66,B:174:2.80,B:234:2.88,B:171:2.89,B:50:2.97,B:141:3.06,B:236:3.16,B:33:3.25,B:235:3.29,B:175:3.34",1.0839912734958352,False,False,4.3570622801849215,False,3.0,5.0,ok,,,,,,,,,,,,,,,,
posebusters_benchmark,8AIJ_M9I,default_s5_t200,ok,192.186,results/posebench_702_predictions/chai1_gpu/posebusters_benchmark/8AIJ_M9I/default_s5_t200/predictions/pred.model_idx_1.cif,1.0,52.58304247527217,39.95531380870602,<REMOTE_PROJECT_ROOT>/results/posebench_702_predictions/chai1_gpu/posebusters_benchmark/8AIJ_M9I/default_s5_t200/predictions/scores.model_idx_1.npz,0.8042120337486267,0.8476054668426514,0.793363630771637,False,456.0,"A:114,B:114,C:114,D:114",21.358365034014994,19.0,19.0,10.0,35.0,"B:98:2.51,A:113:2.54,B:95:2.58,B:22:2.91,B:100:2.92,B:20:2.99,B:103:3.00,B:21:3.28,B:94:3.43,B:96:3.76,B:44:4.13,B:97:4.33",2.5681929405825685,False,False,5.613083917598295,False,4.0,5.0,ok,,,,,,,,,,,,,,,,
posebusters_benchmark,8AJX_FUM,default_s5_t200,ok,63.359,results/posebench_702_predictions/chai1_gpu/posebusters_benchmark/8AJX_FUM/default_s5_t200/predictions/pred.model_idx_2.cif,2.0,8.197151881178042,8.39207877129036,<REMOTE_PROJECT_ROOT>/results/posebench_702_predictions/chai1_gpu/posebusters_benchmark/8AJX_FUM/default_s5_t200/predictions/scores.model_idx_2.npz,0.3152919411659241,0.9248352646827698,0.16290612518787384,False,239.0,A:239,1.9491085792681262,8.0,8.0,10.0,26.0,"A:224:2.75,A:130:3.43,A:129:3.53,A:132:3.86,A:133:4.96,A:14:5.24,A:128:5.60,A:66:5.70,A:131:5.90,A:127:6.20,A:63:6.67,A:151:6.76",0.5077208594168139,False,False,7.493657751295962,False,4.0,5.0,ok,,,,,,,,,,,,,,,,
posebusters_benchmark,8AP0_PRP,default_s5_t200,ok,84.184,results/posebench_702_predictions/chai1_gpu/posebusters_benchmark/8AP0_PRP/default_s5_t200/predictions/pred.model_idx_4.cif,4.0,4.790738319028197,4.815084510540731,<REMOTE_PROJECT_ROOT>/results/posebench_702_predictions/chai1_gpu/posebusters_benchmark/8AP0_PRP/default_s5_t200/predictions/scores.model_idx_4.npz,0.5800087451934814,0.9160725474357605,0.4959928095340729,False,332.0,A:332,2.105367840257456,22.0,22.0,10.0,80.0,"A:94:2.44,A:129:2.58,A:96:2.64,A:132:2.66,A:9:2.72,A:89:2.77,A:95:2.86,A:91:2.88,A:93:3.02,A:90:3.38,A:92:3.45,A:284:3.50",2.1908646631687776,False,False,4.593757588157829,False,3.0,5.0,ok,,,,,,,,,,,,,,,,
posebusters_benchmark,8AQL_PLG,default_s5_t200,exception,66.801,,,,,,,,,,,,,,,,,,,,,,,,,not_ok,RuntimeError,,,,,,,,,,,,,,,
posebusters_benchmark,8AUH_L9I,default_s5_t200,ok,180.54,results/posebench_702_predictions/chai1_gpu/posebusters_benchmark/8AUH_L9I/default_s5_t200/predictions/pred.model_idx_0.cif,0.0,5.309189558937189,5.335096413014929,<REMOTE_PROJECT_ROOT>/results/posebench_702_predictions/chai1_gpu/posebusters_benchmark/8AUH_L9I/default_s5_t200/predictions/scores.model_idx_0.npz,0.8651187419891357,0.9255748391151428,0.8500046730041504,False,725.0,"A:365,B:360",1.126095462791924,11.0,11.0,10.0,61.0,"B:179:2.78,B:176:2.83,B:181:3.31,B:267:3.39,B:64:3.70,B:300:3.86,B:23:3.91,B:25:3.93,B:104:4.04,A:356:4.93,B:97:5.03,B:55:5.41",0.7656196491646647,False,False,4.540690910748379,False,4.0,5.0,ok,,,,,,,,,,,,,,,,
posebusters_benchmark,8AY3_OE3,default_s5_t200,ok,338.402,results/posebench_702_predictions/chai1_gpu/posebusters_benchmark/8AY3_OE3/default_s5_t200/predictions/pred.model_idx_3.cif,3.0,4.388487352491275,4.383388790317903,<REMOTE_PROJECT_ROOT>/results/posebench_702_predictions/chai1_gpu/posebusters_benchmark/8AY3_OE3/default_s5_t200/predictions/scores.model_idx_3.npz,0.8726735711097717,0.9134821891784668,0.862471342086792,False,489.0,"A:187,B:302",2.87324684852812,25.0,25.0,10.0,82.0,"A:102:2.68,A:67:2.97,A:167:3.24,A:87:3.25,A:128:3.41,A:97:3.42,A:123:3.47,A:100:3.54,A:89:3.58,A:116:3.58,A:125:3.71,A:171:3.78",0.38024946117470365,False,False,4.339426427391785,False,1.0,5.0,ok,,,,,,,,,,,,,,,,
posebusters_benchmark,8B8H_OJQ,default_s5_t200,ok,327.369,results/posebench_702_predictions/chai1_gpu/posebusters_benchmark/8B8H_OJQ/default_s5_t200/predictions/pred.model_idx_1.cif,1.0,37.209385470952505,37.13869951575499,<REMOTE_PROJECT_ROOT>/results/posebench_702_predictions/chai1_gpu/posebusters_benchmark/8B8H_OJQ/default_s5_t200/predictions/scores.model_idx_1.npz,0.9083417654037476,0.9370726346969604,0.9011590480804443,False,742.0,"A:371,B:371",0.8150284797083303,22.0,22.0,10.0,89.0,"A:353:2.44,A:220:2.60,A:35:2.65,A:217:2.74,A:202:2.75,A:219:2.93,B:261:2.98,B:309:3.05,A:161:3.08,B:280:3.23,A:77:3.55,A:201:3.62",0.5101184763704235,False,False,37.01590995144139,False,0.0,5.0,ok,,,,,,,,,,,,,,,,
posebusters_benchmark,8BN6_R53,default_s5_t200,ok,62.193,results/posebench_702_predictions/chai1_gpu/posebusters_benchmark/8BN6_R53/default_s5_t200/predictions/pred.model_idx_4.cif,4.0,6.010217928913461,5.874687438376873,<REMOTE_PROJECT_ROOT>/results/posebench_702_predictions/chai1_gpu/posebusters_benchmark/8BN6_R53/default_s5_t200/predictions/scores.model_idx_4.npz,0.8969627022743225,0.9278804063796997,0.8892332315444946,False,206.0,A:206,3.92660922433819,29.0,29.0,10.0,64.0,"A:61:2.86,A:124:2.91,A:35:3.23,A:34:3.31,A:38:3.38,A:64:3.45,A:66:3.51,A:153:3.53,A:65:3.56,A:108:3.61,A:67:3.65,A:31:3.80",0.3758908330906125,False,False,5.848262764447788,False,1.0,5.0,ok,,,,,,,,,,,,,,,,
posebusters_benchmark,8BOM_QU6,default_s5_t200,ok,83.248,results/posebench_702_predictions/chai1_gpu/posebusters_benchmark/8BOM_QU6/default_s5_t200/predictions/pred.model_idx_3.cif,3.0,6.31877967069184,6.230918537070467,<REMOTE_PROJECT_ROOT>/results/posebench_702_predictions/chai1_gpu/posebusters_benchmark/8BOM_QU6/default_s5_t200/predictions/scores.model_idx_3.npz,0.8864328861236572,0.930327296257019,0.8754591941833496,False,267.0,A:267,5.913425401318852,35.0,35.0,10.0,84.0,"A:146:2.87,A:52:2.90,A:81:2.91,A:82:3.21,A:147:3.23,A:33:3.26,A:14:3.33,A:145:3.36,A:84:3.38,A:124:3.40,A:65:3.42,A:135:3.43",1.0345896094647387,False,False,6.220051972898847,False,2.0,5.0,ok,,,,,,,,,,,,,,,,
posebusters_benchmark,8BPL_CP,default_s5_t200,ok,84.338,results/posebench_702_predictions/chai1_gpu/posebusters_benchmark/8BPL_CP/default_s5_t200/predictions/pred.model_idx_3.cif,3.0,1.5222404912731453,1.2864362449077245,<REMOTE_PROJECT_ROOT>/results/posebench_702_predictions/chai1_gpu/posebusters_benchmark/8BPL_CP/default_s5_t200/predictions/scores.model_idx_3.npz,0.6888522505760193,0.9475823044776917,0.6241697072982788,False,316.0,A:316,1.7342548509154583,8.0,8.0,10.0,42.0,"A:64:2.65,A:67:2.79,A:115:2.79,A:146:2.82,A:276:2.89,A:65:2.90,A:66:2.91,A:143:2.96,A:277:2.96,A:63:3.97,A:278:4.12,A:68:4.53",0.8432209728330468,True,True,0.28985305033434294,True,1.0,5.0,ok,,,,,,,,,,,,,,,,
posebusters_benchmark,8BRO_R7E,default_s5_t200,ok,64.372,results/posebench_702_predictions/chai1_gpu/posebusters_benchmark/8BRO_R7E/default_s5_t200/predictions/pred.model_idx_4.cif,4.0,7.001745598659831,6.8177005231265015,<REMOTE_PROJECT_ROOT>/results/posebench_702_predictions/chai1_gpu/posebusters_benchmark/8BRO_R7E/default_s5_t200/predictions/scores.model_idx_4.npz,0.1719321757555008,0.4194837808609009,0.11004427075386047,False,131.0,A:131,11.819654300307976,26.0,26.0,10.0,27.0,"A:82:2.75,A:84:2.99,A:83:3.48,A:118:3.56,A:45:3.70,A:47:3.74,A:81:3.84,A:117:4.13,A:119:5.28,A:74:6.02,A:46:6.26,A:7:6.42",6.521176430496773,False,False,6.8177005231265015,False,4.0,5.0,ok,,,,,,,,,,,,,,,,
posebusters_benchmark,8BTI_RFO,default_s5_t200,ok,87.827,results/posebench_702_predictions/chai1_gpu/posebusters_benchmark/8BTI_RFO/default_s5_t200/predictions/pred.model_idx_4.cif,4.0,3.8737057531160373,3.856467339604009,<REMOTE_PROJECT_ROOT>/results/posebench_702_predictions/chai1_gpu/posebusters_benchmark/8BTI_RFO/default_s5_t200/predictions/scores.model_idx_4.npz,0.6533984541893005,0.9583346843719482,0.577164351940155,False,350.0,A:350,0.9701062184484419,15.0,15.0,10.0,68.0,"A:194:3.36,A:182:3.40,A:147:3.42,A:42:3.52,A:227:3.56,A:249:3.58,A:43:3.63,A:198:3.64,A:101:3.72,A:150:3.72,A:146:3.86,A:253:4.20",0.8506109633859072,False,False,3.4093440717649113,False,0.0,5.0,ok,,,,,,,,,,,,,,,,
posebusters_benchmark,8C3N_ADP,default_s5_t200,ok,145.689,results/posebench_702_predictions/chai1_gpu/posebusters_benchmark/8C3N_ADP/default_s5_t200/predictions/pred.model_idx_2.cif,2.0,8.075544333903148,8.062806889411661,<REMOTE_PROJECT_ROOT>/results/posebench_702_predictions/chai1_gpu/posebusters_benchmark/8C3N_ADP/default_s5_t200/predictions/scores.model_idx_2.npz,0.8362588286399841,0.9173209071159363,0.8159933090209961,False,242.0,"A:214,B:28",2.047592562598184,27.0,27.0,10.0,54.0,"A:30:2.69,A:187:2.73,A:33:2.73,A:35:2.73,A:73:2.94,A:34:2.94,A:32:3.10,A:31:3.18,A:70:3.24,A:29:3.55,A:206:3.61,A:28:3.73",0.7058687329029888,False,False,8.05291026198189,False,0.0,5.0,ok,,,,,,,,,,,,,,,,
posebusters_benchmark,8C5D_GTB,default_s5_t200,ok,110.993,results/posebench_702_predictions/chai1_gpu/posebusters_benchmark/8C5D_GTB/default_s5_t200/predictions/pred.model_idx_0.cif,0.0,6.389253483340775,6.3942493297537,<REMOTE_PROJECT_ROOT>/results/posebench_702_predictions/chai1_gpu/posebusters_benchmark/8C5D_GTB/default_s5_t200/predictions/scores.model_idx_0.npz,0.9333149194717407,0.9610560536384583,0.9263796210289001,False,418.0,"A:209,B:209",0.5568049532139839,30.0,30.0,10.0,75.0,"B:64:2.69,B:51:2.72,B:43:2.75,B:63:2.82,B:50:2.94,A:97:3.01,B:37:3.03,B:34:3.23,B:6:3.28,B:107:3.30,B:12:3.31,B:7:3.42",0.48497390279346575,False,False,6.390977966097511,False,4.0,5.0,ok,,,,,,,,,,,,,,,,
posebusters_benchmark,8C5M_MTA,default_s5_t200,ok,113.351,results/posebench_702_predictions/chai1_gpu/posebusters_benchmark/8C5M_MTA/default_s5_t200/predictions/pred.model_idx_3.cif,3.0,13.721092701749473,4.057813949388567,<REMOTE_PROJECT_ROOT>/results/posebench_702_predictions/chai1_gpu/posebusters_benchmark/8C5M_MTA/default_s5_t200/predictions/scores.model_idx_3.npz,0.5215756893157959,0.566857099533081,0.5102553367614746,False,416.0,"A:301,B:115",20.255658768065384,20.0,20.0,10.0,56.0,"A:98:2.54,A:114:3.02,A:113:3.05,A:99:3.20,A:72:3.25,A:70:3.28,A:129:3.29,A:131:3.32,A:130:3.40,A:100:3.46,A:148:3.81,A:112:3.83",5.727562565251899,False,False,3.834312547208798,False,4.0,5.0,ok,,,,,,,,,,,,,,,,
posebusters_benchmark,8C7Y_TXV,default_s5_t200,ok,180.069,results/posebench_702_predictions/chai1_gpu/posebusters_benchmark/8C7Y_TXV/default_s5_t200/predictions/pred.model_idx_3.cif,3.0,6.027561932091971,5.978814512970221,<REMOTE_PROJECT_ROOT>/results/posebench_702_predictions/chai1_gpu/posebusters_benchmark/8C7Y_TXV/default_s5_t200/predictions/scores.model_idx_3.npz,0.8266589641571045,0.8852301239967346,0.8120161294937134,False,534.0,"A:275,B:259",2.7748392691044144,34.0,34.0,10.0,91.0,"B:52:2.84,B:81:2.87,B:145:2.88,B:83:2.91,B:80:3.07,B:65:3.17,B:32:3.23,B:144:3.28,B:146:3.44,B:143:3.49,B:82:3.51,B:125:3.53",1.8835402310465155,False,False,5.967696623013611,False,0.0,5.0,ok,,,,,,,,,,,,,,,,
posebusters_benchmark,8CGC_LMR,default_s5_t200,ok,85.409,results/posebench_702_predictions/chai1_gpu/posebusters_benchmark/8CGC_LMR/default_s5_t200/predictions/pred.model_idx_4.cif,4.0,17.17043248071358,16.283065765238455,<REMOTE_PROJECT_ROOT>/results/posebench_702_predictions/chai1_gpu/posebusters_benchmark/8CGC_LMR/default_s5_t200/predictions/scores.model_idx_4.npz,0.2888246476650238,0.922598659992218,0.13038112223148346,False,311.0,A:311,2.192168479092315,9.0,9.0,10.0,20.0,"A:48:2.53,A:73:2.78,A:72:3.34,A:74:3.40,A:71:4.76,A:75:5.83,A:47:7.02,A:46:7.05,A:70:7.09,A:45:7.43,A:43:7.55,A:44:7.73",0.531143670916199,False,False,7.68008368220289,False,2.0,5.0,ok,,,,,,,,,,,,,,,,
posebusters_benchmark,8CI0_8EL,default_s5_t200,exception,56.981,,,,,,,,,,,,,,,,,,,,,,,,,not_ok,RuntimeError,,,,,,,,,,,,,,,
posebusters_benchmark,8CNH_V6U,default_s5_t200,ok,112.565,results/posebench_702_predictions/chai1_gpu/posebusters_benchmark/8CNH_V6U/default_s5_t200/predictions/pred.model_idx_0.cif,0.0,6.541450171413865,6.48648605755804,<REMOTE_PROJECT_ROOT>/results/posebench_702_predictions/chai1_gpu/posebusters_benchmark/8CNH_V6U/default_s5_t200/predictions/scores.model_idx_0.npz,0.544428288936615,0.9127458333969116,0.45234888792037964,False,452.0,A:452,1.2665562521004539,25.0,25.0,10.0,76.0,"A:151:2.67,A:320:2.80,A:38:3.33,A:149:3.37,A:160:3.44,A:90:3.47,A:159:3.51,A:95:3.52,A:321:3.60,A:319:3.62,A:88:3.62,A:150:3.64",0.6987435234076019,False,False,5.207138971027402,False,3.0,5.0,ok,,,,,,,,,,,,,,,,
posebusters_benchmark,8CSD_C5P,default_s5_t200,ok,534.777,results/posebench_702_predictions/chai1_gpu/posebusters_benchmark/8CSD_C5P/default_s5_t200/predictions/pred.model_idx_0.cif,0.0,13.586122086702728,4.726148300687271,<REMOTE_PROJECT_ROOT>/results/posebench_702_predictions/chai1_gpu/posebusters_benchmark/8CSD_C5P/default_s5_t200/predictions/scores.model_idx_0.npz,0.8446691632270813,0.894996702671051,0.8320872187614441,False,788.0,"A:396,B:392",21.05480498269072,21.0,21.0,10.0,67.0,"B:299:2.49,B:298:2.56,B:261:2.73,B:263:2.84,B:225:2.85,B:161:3.37,B:264:3.42,B:224:3.48,B:226:3.55,B:283:3.57,B:262:3.62,B:300:3.68",0.7161832543832337,False,False,4.726148300687271,False,0.0,5.0,ok,,,,,,,,,,,,,,,,
posebusters_benchmark,8D19_GSH,default_s5_t200,ok,274.964,results/posebench_702_predictions/chai1_gpu/posebusters_benchmark/8D19_GSH/default_s5_t200/predictions/pred.model_idx_0.cif,0.0,45.14933783281276,55.015779930596565,<REMOTE_PROJECT_ROOT>/results/posebench_702_predictions/chai1_gpu/posebusters_benchmark/8D19_GSH/default_s5_t200/predictions/scores.model_idx_0.npz,0.29670998454093933,0.6087174415588379,0.2187081128358841,False,800.0,"A:400,B:400",28.50625084645625,20.0,20.0,10.0,52.0,"A:364:2.56,A:317:2.69,A:367:2.74,A:323:2.75,A:4:2.83,A:374:2.94,A:274:3.00,A:277:3.53,A:272:3.57,A:62:3.57,A:276:3.59,A:366:3.67",14.718025429515283,False,False,5.440892480709968,False,4.0,5.0,ok,,,,,,,,,,,,,,,,
posebusters_benchmark,8D39_QDB,default_s5_t200,ok,110.206,results/posebench_702_predictions/chai1_gpu/posebusters_benchmark/8D39_QDB/default_s5_t200/predictions/pred.model_idx_1.cif,1.0,5.813948131030539,5.808397698030976,<REMOTE_PROJECT_ROOT>/results/posebench_702_predictions/chai1_gpu/posebusters_benchmark/8D39_QDB/default_s5_t200/predictions/scores.model_idx_1.npz,0.6315661072731018,0.9466623067855835,0.5527920126914978,False,393.0,A:393,0.3450757261566289,17.0,17.0,10.0,76.0,"A:227:2.65,A:78:2.71,A:75:2.89,A:168:3.28,A:278:3.39,A:281:3.40,A:280:3.42,A:230:3.45,A:165:3.52,A:378:3.54,A:231:3.58,A:81:3.67",0.3105552190273606,False,False,5.768139204882149,False,4.0,5.0,ok,,,,,,,,,,,,,,,,
posebusters_benchmark,8D5D_5DK,default_s5_t200,ok,278.548,results/posebench_702_predictions/chai1_gpu/posebusters_benchmark/8D5D_5DK/default_s5_t200/predictions/pred.model_idx_1.cif,1.0,4.850904361223486,4.850063514080699,<REMOTE_PROJECT_ROOT>/results/posebench_702_predictions/chai1_gpu/posebusters_benchmark/8D5D_5DK/default_s5_t200/predictions/scores.model_idx_1.npz,0.8782200217247009,0.9288352131843567,0.8655661940574646,False,910.0,"A:458,B:452",2.54664899732297,27.0,27.0,10.0,92.0,"B:206:2.53,B:407:2.65,B:203:2.82,B:292:2.83,B:295:2.84,B:294:2.86,B:244:2.91,B:341:3.03,A:378:3.05,A:377:3.21,B:78:3.23,B:345:3.36",1.3950702348935122,False,False,4.81781758895338,False,4.0,5.0,ok,,,,,,,,,,,,,,,,
posebusters_benchmark,8DHG_T78,default_s5_t200,ok,111.94,results/posebench_702_predictions/chai1_gpu/posebusters_benchmark/8DHG_T78/default_s5_t200/predictions/pred.model_idx_3.cif,3.0,6.269243112589762,6.264008086013663,<REMOTE_PROJECT_ROOT>/results/posebench_702_predictions/chai1_gpu/posebusters_benchmark/8DHG_T78/default_s5_t200/predictions/scores.model_idx_3.npz,0.8598334193229675,0.9676719307899475,0.8328737616539001,False,359.0,A:359,1.235175704115352,35.0,35.0,10.0,78.0,"A:319:2.87,A:18:3.00,A:30:3.02,A:34:3.14,A:21:3.23,A:38:3.24,A:327:3.33,A:14:3.36,A:26:3.43,A:107:3.43,A:39:3.45,A:29:3.46",0.4067398788756265,False,False,6.187840526596359,False,1.0,5.0,ok,,,,,,,,,,,,,,,,
posebusters_benchmark,8DKO_TFB,default_s5_t200,ok,280.924,results/posebench_702_predictions/chai1_gpu/posebusters_benchmark/8DKO_TFB/default_s5_t200/predictions/pred.model_idx_4.cif,4.0,28.372252173904492,27.751538430122704,<REMOTE_PROJECT_ROOT>/results/posebench_702_predictions/chai1_gpu/posebusters_benchmark/8DKO_TFB/default_s5_t200/predictions/scores.model_idx_4.npz,0.7414342164993286,0.7687029838562012,0.7346169948577881,False,777.0,"A:384,B:393",22.03118606415508,8.0,8.0,10.0,57.0,"A:347:2.68,A:348:2.88,A:127:3.08,A:332:3.32,A:168:3.35,A:234:3.64,A:344:3.65,A:308:3.74,A:235:4.03,A:229:4.20,A:169:4.79,A:87:4.88",0.9476621557934017,False,False,23.096359940059205,False,2.0,5.0,ok,,,,,,,,,,,,,,,,
posebusters_benchmark,8DP2_UMA,default_s5_t200,ok,197.01,results/posebench_702_predictions/chai1_gpu/posebusters_benchmark/8DP2_UMA/default_s5_t200/predictions/pred.model_idx_0.cif,0.0,7.161828136577137,7.124970219437846,<REMOTE_PROJECT_ROOT>/results/posebench_702_predictions/chai1_gpu/posebusters_benchmark/8DP2_UMA/default_s5_t200/predictions/scores.model_idx_0.npz,0.7684603333473206,0.9058734178543091,0.7341070175170898,False,445.0,A:445,2.349327335487523,49.0,49.0,10.0,98.0,"A:15:2.46,A:75:2.67,A:140:2.76,A:35:2.81,A:14:2.83,A:36:2.99,A:164:3.07,A:185:3.16,A:74:3.22,A:73:3.23,A:139:3.26,A:34:3.33",0.8257964766572512,False,False,6.516135195374926,False,4.0,5.0,ok,,,,,,,,,,,,,,,,
posebusters_benchmark,8DSC_NCA,default_s5_t200,ok,280.615,results/posebench_702_predictions/chai1_gpu/posebusters_benchmark/8DSC_NCA/default_s5_t200/predictions/pred.model_idx_0.cif,0.0,40.41598013712099,40.46375534758151,<REMOTE_PROJECT_ROOT>/results/posebench_702_predictions/chai1_gpu/posebusters_benchmark/8DSC_NCA/default_s5_t200/predictions/scores.model_idx_0.npz,0.912704586982727,0.9522495865821838,0.9028183817863464,False,938.0,"A:469,B:469",0.9655474813968516,9.0,9.0,10.0,60.0,"A:201:2.91,A:293:3.34,A:178:3.36,A:175:3.38,B:9:3.43,B:7:3.62,A:226:3.87,A:257:4.51,A:227:4.54,A:223:5.21,A:173:5.28,A:174:5.29",0.29007952075677473,False,False,34.699156039060064,False,2.0,5.0,ok,,,,,,,,,,,,,,,,
posebusters_benchmark,8DW5_FQ7,default_s5_t200,ok,63.684,results/posebench_702_predictions/chai1_gpu/posebusters_benchmark/8DW5_FQ7/default_s5_t200/predictions/pred.model_idx_0.cif,0.0,5.2765698928666565,5.339807547662941,<REMOTE_PROJECT_ROOT>/results/posebench_702_predictions/chai1_gpu/posebusters_benchmark/8DW5_FQ7/default_s5_t200/predictions/scores.model_idx_0.npz,0.29941821098327637,0.8599573373794556,0.15928339958190918,False,116.0,A:116,0.728559466533392,18.0,18.0,10.0,33.0,"A:5:2.70,A:98:3.16,A:107:3.21,A:111:3.80,A:108:3.87,A:100:3.93,A:109:3.94,A:7:3.99,A:96:4.13,A:99:4.45,A:44:5.04,A:3:5.64",0.30211408082318836,False,False,4.39550417202985,False,4.0,5.0,ok,,,,,,,,,,,,,,,,
posebusters_benchmark,8DZT_G4P,default_s5_t200,ok,87.717,results/posebench_702_predictions/chai1_gpu/posebusters_benchmark/8DZT_G4P/default_s5_t200/predictions/pred.model_idx_3.cif,3.0,18.917044348291746,11.250704943664447,<REMOTE_PROJECT_ROOT>/results/posebench_702_predictions/chai1_gpu/posebusters_benchmark/8DZT_G4P/default_s5_t200/predictions/scores.model_idx_3.npz,0.5393677949905396,0.5975488424301147,0.5248225331306458,False,329.0,"A:164,B:165",20.59670099396522,36.0,36.0,10.0,52.0,"A:111:2.54,A:24:2.58,A:26:2.61,A:21:2.77,A:25:2.81,A:20:2.86,A:144:2.98,A:23:2.98,A:145:3.00,A:109:3.07,A:146:3.20,A:108:3.20",7.605323081890797,False,False,8.961705595569978,False,4.0,5.0,ok,,,,,,,,,,,,,,,,
posebusters_benchmark,8E77_ULP,default_s5_t200,ok,112.146,results/posebench_702_predictions/chai1_gpu/posebusters_benchmark/8E77_ULP/default_s5_t200/predictions/pred.model_idx_4.cif,4.0,8.135740950490543,8.12816932927186,<REMOTE_PROJECT_ROOT>/results/posebench_702_predictions/chai1_gpu/posebusters_benchmark/8E77_ULP/default_s5_t200/predictions/scores.model_idx_4.npz,0.9302466511726379,0.9619765281677246,0.9223141670227051,False,358.0,A:358,0.6206779274270532,55.0,55.0,10.0,91.0,"A:309:2.62,A:179:2.65,A:155:2.68,A:59:2.69,A:158:2.81,A:58:2.81,A:184:3.04,A:4:3.14,A:181:3.21,A:57:3.22,A:157:3.29,A:84:3.30",0.5656098889704834,False,False,8.12816932927186,False,4.0,5.0,ok,,,,,,,,,,,,,,,,
posebusters_benchmark,8EAB_VN2,default_s5_t200,ok,90.041,results/posebench_702_predictions/chai1_gpu/posebusters_benchmark/8EAB_VN2/default_s5_t200/predictions/pred.model_idx_3.cif,3.0,7.05383093198959,7.047194376892555,<REMOTE_PROJECT_ROOT>/results/posebench_702_predictions/chai1_gpu/posebusters_benchmark/8EAB_VN2/default_s5_t200/predictions/scores.model_idx_3.npz,0.5567789077758789,0.7111569046974182,0.5181843638420105,False,238.0,"A:118,B:120",1.415429811818374,49.0,49.0,10.0,80.0,"A:55:2.71,B:57:2.71,B:55:2.93,A:57:3.11,B:11:3.25,A:56:3.31,B:56:3.37,B:20:3.37,A:20:3.49,A:18:3.49,A:11:3.50,B:60:3.54",1.1096293365396543,False,False,7.01753733554409,False,2.0,5.0,ok,,,,,,,,,,,,,,,,
posebusters_benchmark,8EAD_UY0,default_s5_t200,ok,61.809,results/posebench_702_predictions/chai1_gpu/posebusters_benchmark/8EAD_UY0/default_s5_t200/predictions/pred.model_idx_0.cif,0.0,6.417389174833677,6.418471200351154,<REMOTE_PROJECT_ROOT>/results/posebench_702_predictions/chai1_gpu/posebusters_benchmark/8EAD_UY0/default_s5_t200/predictions/scores.model_idx_0.npz,0.9159895777702332,0.9635602235794067,0.9040968418121338,False,127.0,A:127,0.2222654852073103,38.0,38.0,10.0,48.0,"A:98:2.92,A:40:3.36,A:51:3.39,A:103:3.49,A:50:3.51,A:104:3.52,A:41:3.62,A:39:3.66,A:45:3.70,A:107:3.75,A:52:3.77,A:97:3.95",0.13837251658947755,False,False,6.335680634096399,False,1.0,5.0,ok,,,,,,,,,,,,,,,,
posebusters_benchmark,8ERS_WQO,default_s5_t200,ok,89.516,results/posebench_702_predictions/chai1_gpu/posebusters_benchmark/8ERS_WQO/default_s5_t200/predictions/pred.model_idx_4.cif,4.0,30.612507607557898,16.152233040957054,<REMOTE_PROJECT_ROOT>/results/posebench_702_predictions/chai1_gpu/posebusters_benchmark/8ERS_WQO/default_s5_t200/predictions/scores.model_idx_4.npz,0.4819173216819763,0.5916388034820557,0.4544869363307953,False,336.0,"A:167,B:169",18.02721791945279,23.0,23.0,10.0,63.0,"A:153:2.84,A:19:2.97,A:126:3.29,A:46:3.32,A:123:3.47,A:45:3.48,A:152:3.59,A:49:3.63,A:129:3.64,A:35:3.69,A:151:3.75,A:21:3.83",0.3950241211772958,False,False,6.203121167264016,False,0.0,5.0,ok,,,,,,,,,,,,,,,,
posebusters_benchmark,8EX2_Q2Q,default_s5_t200,ok,139.627,results/posebench_702_predictions/chai1_gpu/posebusters_benchmark/8EX2_Q2Q/default_s5_t200/predictions/pred.model_idx_2.cif,2.0,3.517991398842027,3.5110824055575907,<REMOTE_PROJECT_ROOT>/results/posebench_702_predictions/chai1_gpu/posebusters_benchmark/8EX2_Q2Q/default_s5_t200/predictions/scores.model_idx_2.npz,0.8763501644134521,0.9394292831420898,0.860580325126648,False,273.0,A:273,0.45571969874241586,26.0,26.0,10.0,58.0,"A:93:2.81,A:45:2.99,A:162:3.13,A:94:3.23,A:144:3.29,A:97:3.31,A:43:3.34,A:96:3.38,A:15:3.53,A:91:3.54,A:92:3.55,A:23:3.65",0.4248963759902226,False,False,3.481816334687266,False,0.0,5.0,ok,,,,,,,,,,,,,,,,
posebusters_benchmark,8EXL_799,default_s5_t200,ok,286.386,results/posebench_702_predictions/chai1_gpu/posebusters_benchmark/8EXL_799/default_s5_t200/predictions/pred.model_idx_1.cif,1.0,6.953654307014088,6.949080466546763,<REMOTE_PROJECT_ROOT>/results/posebench_702_predictions/chai1_gpu/posebusters_benchmark/8EXL_799/default_s5_t200/predictions/scores.model_idx_1.npz,0.8463292717933655,0.9073412418365479,0.8310762643814087,False,892.0,A:892,1.7717599984203425,34.0,34.0,10.0,72.0,"A:714:2.83,A:709:2.84,A:706:2.90,A:710:3.24,A:703:3.41,A:704:3.44,A:780:3.46,A:629:3.51,A:625:3.56,A:665:3.58,A:777:3.60,A:635:3.66",0.3719363119362843,False,False,6.885133550749518,False,3.0,5.0,ok,,,,,,,,,,,,,,,,
posebusters_benchmark,8EYE_X4I,default_s5_t200,ok,279.452,results/posebench_702_predictions/chai1_gpu/posebusters_benchmark/8EYE_X4I/default_s5_t200/predictions/pred.model_idx_3.cif,3.0,6.133601337642079,6.1249601173940285,<REMOTE_PROJECT_ROOT>/results/posebench_702_predictions/chai1_gpu/posebusters_benchmark/8EYE_X4I/default_s5_t200/predictions/scores.model_idx_3.npz,0.8668231964111328,0.9661485552787781,0.8419918417930603,False,889.0,A:889,0.38158514538836924,33.0,33.0,10.0,92.0,"A:301:2.52,A:384:2.57,A:380:2.70,A:264:2.76,A:323:2.78,A:265:2.84,A:267:2.86,A:381:3.00,A:304:3.01,A:123:3.10,A:376:3.13,A:300:3.17",0.2780682715946551,False,False,5.622759353636476,False,1.0,5.0,ok,,,,,,,,,,,,,,,,
posebusters_benchmark,8F4J_PHO,default_s5_t200,exception,11.64,,,,,,,,,,,,,,,,,,,,,,,,,not_ok,UnsupportedInputError,,,,,,,,,,,,,,,
posebusters_benchmark,8F8E_XJI,default_s5_t200,ok,181.531,results/posebench_702_predictions/chai1_gpu/posebusters_benchmark/8F8E_XJI/default_s5_t200/predictions/pred.model_idx_0.cif,0.0,31.629213057778795,23.094941691216132,<REMOTE_PROJECT_ROOT>/results/posebench_702_predictions/chai1_gpu/posebusters_benchmark/8F8E_XJI/default_s5_t200/predictions/scores.model_idx_0.npz,0.3920304775238037,0.5977440476417542,0.3406020998954773,False,593.0,"A:293,B:300",26.980721230544837,29.0,29.0,10.0,86.0,"A:218:2.74,A:60:2.83,A:264:2.92,A:263:3.06,A:145:3.07,A:231:3.11,A:147:3.21,A:101:3.31,A:59:3.31,A:265:3.48,A:230:3.50,A:262:3.54",2.821049427437382,False,False,6.147856233687394,False,4.0,5.0,ok,,,,,,,,,,,,,,,,
posebusters_benchmark,8FAV_4Y5,default_s5_t200,ok,177.316,results/posebench_702_predictions/chai1_gpu/posebusters_benchmark/8FAV_4Y5/default_s5_t200/predictions/pred.model_idx_0.cif,0.0,21.938630203099983,13.543042602633681,<REMOTE_PROJECT_ROOT>/results/posebench_702_predictions/chai1_gpu/posebusters_benchmark/8FAV_4Y5/default_s5_t200/predictions/scores.model_idx_0.npz,0.385692298412323,0.5712915658950806,0.3392924666404724,False,496.0,"A:248,B:248",28.24839993106273,33.0,33.0,10.0,69.0,"B:238:2.86,B:69:2.90,B:237:2.96,B:224:3.11,B:223:3.26,B:94:3.27,B:241:3.29,B:65:3.35,B:246:3.40,B:68:3.41,B:64:3.47,B:227:3.53",3.2498364231209456,False,False,6.953339249052319,False,4.0,5.0,ok,,,,,,,,,,,,,,,,
posebusters_benchmark,8FLN_Y7W,default_s5_t200,ok,83.518,results/posebench_702_predictions/chai1_gpu/posebusters_benchmark/8FLN_Y7W/default_s5_t200/predictions/pred.model_idx_0.cif,0.0,7.534251839213546,7.522889925465616,<REMOTE_PROJECT_ROOT>/results/posebench_702_predictions/chai1_gpu/posebusters_benchmark/8FLN_Y7W/default_s5_t200/predictions/scores.model_idx_0.npz,0.8726226091384888,0.9347934722900391,0.8570798635482788,False,263.0,A:263,0.7815011426293943,34.0,34.0,10.0,88.0,"A:82:2.82,A:54:2.92,A:80:2.92,A:63:3.09,A:13:3.13,A:79:3.14,A:145:3.33,A:33:3.35,A:21:3.36,A:147:3.37,A:47:3.50,A:144:3.50",0.7235172046148779,False,False,7.476391799154942,False,3.0,5.0,ok,,,,,,,,,,,,,,,,
posebusters_benchmark,8FLV_ZB9,default_s5_t200,ok,83.58,results/posebench_702_predictions/chai1_gpu/posebusters_benchmark/8FLV_ZB9/default_s5_t200/predictions/pred.model_idx_2.cif,2.0,6.1533266769929424,6.1556106998965605,<REMOTE_PROJECT_ROOT>/results/posebench_702_predictions/chai1_gpu/posebusters_benchmark/8FLV_ZB9/default_s5_t200/predictions/scores.model_idx_2.npz,0.861954391002655,0.9315490126609802,0.8445557355880737,False,267.0,A:267,0.5800719585706114,29.0,29.0,10.0,76.0,"A:37:2.82,A:146:2.89,A:82:2.91,A:84:2.92,A:35:3.26,A:21:3.43,A:39:3.45,A:81:3.48,A:135:3.49,A:23:3.51,A:83:3.61,A:22:3.64",0.7482382247381736,False,False,6.151385816273904,False,0.0,5.0,ok,,,,,,,,,,,,,,,,
posebusters_benchmark,8FO5_Y4U,default_s5_t200,ok,541.765,results/posebench_702_predictions/chai1_gpu/posebusters_benchmark/8FO5_Y4U/default_s5_t200/predictions/pred.model_idx_2.cif,2.0,43.200281606554526,23.583328323917186,<REMOTE_PROJECT_ROOT>/results/posebench_702_predictions/chai1_gpu/posebusters_benchmark/8FO5_Y4U/default_s5_t200/predictions/scores.model_idx_2.npz,0.3728528916835785,0.4723926782608032,0.3479679226875305,False,860.0,"A:216,B:215,C:214,D:215",34.1047003446851,17.0,17.0,10.0,66.0,"A:39:3.29,A:100:3.33,A:37:3.34,B:45:3.49,A:88:3.51,B:39:3.58,B:37:3.61,A:45:3.65,B:88:3.75,B:47:3.75,B:100:3.88,A:101:4.22",1.370447327082518,False,False,9.471412485118616,False,3.0,5.0,ok,,,,,,,,,,,,,,,,
posebusters_benchmark,8FV9_80J,default_s5_t200,exception,47.386,,,,,,,,,,,,,,,,,,,,,,,,,not_ok,RuntimeError,,,,,,,,,,,,,,,
posebusters_benchmark,8G0V_YHT,default_s5_t200,exception,61.076,,,,,,,,,,,,,,,,,,,,,,,,,not_ok,RuntimeError,,,,,,,,,,,,,,,
posebusters_benchmark,8G43_ZU6,default_s5_t200,ok,97.587,results/posebench_702_predictions/chai1_gpu/posebusters_benchmark/8G43_ZU6/default_s5_t200/predictions/pred.model_idx_1.cif,1.0,5.108036938354921,5.104775613450729,<REMOTE_PROJECT_ROOT>/results/posebench_702_predictions/chai1_gpu/posebusters_benchmark/8G43_ZU6/default_s5_t200/predictions/scores.model_idx_1.npz,0.9015121459960938,0.9550710916519165,0.8881223797798157,False,99.0,A:99,0.587465484360471,21.0,21.0,10.0,42.0,"A:75:2.60,A:80:2.68,A:46:2.78,A:73:3.31,A:34:3.46,A:45:3.51,A:53:3.89,A:47:4.11,A:52:4.16,A:64:4.31,A:44:4.74,A:32:5.50",0.21988727271413197,False,False,5.0333648906533455,False,4.0,5.0,ok,,,,,,,,,,,,,,,,
posebusters_benchmark,8G6P_API,default_s5_t200,ok,173.889,results/posebench_702_predictions/chai1_gpu/posebusters_benchmark/8G6P_API/default_s5_t200/predictions/pred.model_idx_2.cif,2.0,12.774773780930966,12.86493323389376,<REMOTE_PROJECT_ROOT>/results/posebench_702_predictions/chai1_gpu/posebusters_benchmark/8G6P_API/default_s5_t200/predictions/scores.model_idx_2.npz,0.366620272397995,0.8998215794563293,0.2333199381828308,False,507.0,A:507,2.843516262297428,13.0,13.0,10.0,49.0,"A:423:2.79,A:480:2.82,A:476:2.82,A:398:2.91,A:422:2.93,A:425:2.93,A:395:3.33,A:368:3.51,A:366:3.78,A:477:4.05,A:394:4.84,A:402:4.88",1.953275595175301,False,False,10.541743097230091,False,4.0,5.0,ok,,,,,,,,,,,,,,,,
posebusters_benchmark,8GFD_ZHR,default_s5_t200,ok,176.847,results/posebench_702_predictions/chai1_gpu/posebusters_benchmark/8GFD_ZHR/default_s5_t200/predictions/pred.model_idx_3.cif,3.0,15.151034975382627,14.77988787238163,<REMOTE_PROJECT_ROOT>/results/posebench_702_predictions/chai1_gpu/posebusters_benchmark/8GFD_ZHR/default_s5_t200/predictions/scores.model_idx_3.npz,0.6612248420715332,0.9215307235717773,0.5961483716964722,False,512.0,A:512,1.516323953906856,26.0,26.0,10.0,63.0,"A:370:2.65,A:388:2.68,A:369:2.86,A:371:3.27,A:379:3.45,A:482:3.48,A:444:3.52,A:298:3.74,A:302:3.75,A:478:3.78,A:306:3.89,A:378:3.89",0.40694559737608643,False,False,11.981859755505518,False,4.0,5.0,ok,,,,,,,,,,,,,,,,
posebusters_benchmark,8H0M_2EH,default_s5_t200,ok,112.141,results/posebench_702_predictions/chai1_gpu/posebusters_benchmark/8H0M_2EH/default_s5_t200/predictions/pred.model_idx_2.cif,2.0,4.237347290096341,4.2168029359955765,<REMOTE_PROJECT_ROOT>/results/posebench_702_predictions/chai1_gpu/posebusters_benchmark/8H0M_2EH/default_s5_t200/predictions/scores.model_idx_2.npz,0.384362131357193,0.9266051650047302,0.2488013654947281,False,392.0,A:392,4.248990826766676,9.0,9.0,10.0,62.0,"A:200:2.79,A:185:3.23,A:286:3.45,A:56:3.69,A:289:3.72,A:202:3.77,A:287:3.81,A:288:4.09,A:103:4.20,A:212:4.27,A:187:4.52,A:210:5.19",0.8442924203713125,False,False,2.892704538455657,False,3.0,5.0,ok,,,,,,,,,,,,,,,,
posebusters_benchmark,8HFN_XGC,default_s5_t200,ok,110.26,results/posebench_702_predictions/chai1_gpu/posebusters_benchmark/8HFN_XGC/default_s5_t200/predictions/pred.model_idx_3.cif,3.0,5.829281230383968,5.85138450553425,<REMOTE_PROJECT_ROOT>/results/posebench_702_predictions/chai1_gpu/posebusters_benchmark/8HFN_XGC/default_s5_t200/predictions/scores.model_idx_3.npz,0.8251343369483948,0.9572168588638306,0.7921136617660522,False,413.0,A:413,1.231472241929135,24.0,24.0,10.0,83.0,"A:44:2.78,A:83:2.89,A:46:2.94,A:55:2.95,A:289:3.09,A:282:3.22,A:227:3.34,A:45:3.34,A:59:3.36,A:281:3.41,A:58:3.42,A:231:3.46",1.8714764651103524,False,False,5.85138450553425,False,3.0,5.0,ok,,,,,,,,,,,,,,,,
posebusters_benchmark,8HO0_3ZI,default_s5_t200,ok,110.594,results/posebench_702_predictions/chai1_gpu/posebusters_benchmark/8HO0_3ZI/default_s5_t200/predictions/pred.model_idx_0.cif,0.0,4.741069513653799,4.690274867448159,<REMOTE_PROJECT_ROOT>/results/posebench_702_predictions/chai1_gpu/posebusters_benchmark/8HO0_3ZI/default_s5_t200/predictions/scores.model_idx_0.npz,0.45387667417526245,0.9287195801734924,0.33516591787338257,False,391.0,A:391,0.8241615232563313,22.0,22.0,10.0,81.0,"A:276:2.81,A:281:2.83,A:275:3.27,A:278:3.27,A:305:3.46,A:69:3.49,A:379:3.57,A:279:3.58,A:280:3.60,A:380:3.64,A:233:3.65,A:74:3.94",0.8875110162869216,False,False,4.608298612438213,False,4.0,5.0,ok,,,,,,,,,,,,,,,,
posebusters_benchmark,8SLG_G5A,default_s5_t200,ok,280.359,results/posebench_702_predictions/chai1_gpu/posebusters_benchmark/8SLG_G5A/default_s5_t200/predictions/pred.model_idx_0.cif,0.0,5.978237827551256,5.905987927525504,<REMOTE_PROJECT_ROOT>/results/posebench_702_predictions/chai1_gpu/posebusters_benchmark/8SLG_G5A/default_s5_t200/predictions/scores.model_idx_0.npz,0.8937601447105408,0.9257638454437256,0.8857592344284058,False,876.0,"A:429,B:447",4.137733566446722,27.0,27.0,10.0,87.0,"B:199:2.67,B:307:2.76,B:148:2.78,B:268:2.86,B:192:2.92,B:267:2.94,B:180:3.04,B:182:3.14,B:197:3.24,B:311:3.28,B:195:3.35,B:309:3.36",1.3017422744534748,False,False,5.867950164562328,False,1.0,5.0,ok,,,,,,,,,,,,,,,,
