_group_id,case_type,method_official,target_official,ligand_instance_chain_official,memory_score_official,ligand_memory_official,pocket_memory_official,protein_memory_official,shape_pocket_memory_official,seed_official,sample_official,ranking_score_official,rmsd_official,success_rmsd_2_official,pb_valid_all_official,model_ligand_chain_official,structure_relative_path_official,pred_protein_min_dist_official,pred_protein_contact_density_4a_official,pred_protein_clash_density_2a_official,seed_selected,sample_selected,ranking_score_selected,rmsd_selected,success_rmsd_2_selected,pb_valid_all_selected,model_ligand_chain_selected,structure_relative_path_selected,pred_protein_min_dist_selected,pred_protein_contact_density_4a_selected,pred_protein_clash_density_2a_selected,rmsd_delta_selected_minus_official,ranking_score_delta_selected_minus_official,contact_density_delta_selected_minus_official,clash_density_delta_selected_minus_official,ligand_smiles,ligand_num_heavy_atoms,ligand_num_rot_bonds,pred_pocket_precision,pred_pocket_recall,pred_pocket_f1,selected_clash_ok,selected_contact_ok,selected_min_dist_ok,selected_pb_status,selected_geometry_plausible,selected_confidence_drop_small,rmsd_gain_official_minus_selected,ranking_score_drop_official_minus_selected,strong_rescue_flag,needs_visual_review
boltz2|8j7j__1__1.A_1.B__1.C|1.C,rescued,boltz2,8j7j__1__1.A_1.B__1.C,1.C,0.3410472369781002,0.1052631578947368,0.65,0.45,0.2585256585747115,2667681464,0,0.9027935266494752,8.269673347473145,False,,C,scicore/home/schwede/durair0000/projects/plinder-org/Runs-N-Poses/data/paper_data/prediction_files/boltz2/8j7j__1__1.A_1.B__1.C/seed-2667681464_sample-0.cif,1.6799944662183055,4.8,0.08,531161204,0,0.898436963558197,1.7803895473480225,True,,C,scicore/home/schwede/durair0000/projects/plinder-org/Runs-N-Poses/data/paper_data/prediction_files/boltz2/8j7j__1__1.A_1.B__1.C/seed-531161204_sample-0.cif,2.81059403017588,2.8,0.0,-6.489283800125122,-0.0043565630912781,-2.0,-0.08,COC(=O)c1sccc1S(=O)(=O)NC(=O)Nc1nc(C)nc(OC)n1,25,5,,,,True,True,True,missing,True,True,6.489283800125122,0.0043565630912781,True,True
boltz2|8g4a__1__1.A_1.B__1.C|1.C,rescued,boltz2,8g4a__1__1.A_1.B__1.C,1.C,0.2310147037633507,0.054054054054054,0.32,0.48,0.180478924222159,3453449591,0,0.910465657711029,4.771772861480713,False,,C,scicore/home/schwede/durair0000/projects/plinder-org/Runs-N-Poses/data/paper_data/prediction_files/boltz2/8g4a__1__1.A_1.B__1.C/seed-3453449591_sample-0.cif,2.4936781344987464,3.3157894736842106,0.0,3453449591,2,0.8919469714164734,0.348782479763031,True,,C,scicore/home/schwede/durair0000/projects/plinder-org/Runs-N-Poses/data/paper_data/prediction_files/boltz2/8g4a__1__1.A_1.B__1.C/seed-3453449591_sample-2.cif,2.2772779199025552,3.684210526315789,0.0,-4.422990381717682,-0.0185186862945556,0.3684210526315783,0.0,FC(F)(F)c1cc(-c2nn[nH]n2)cc(C(F)(F)F)c1,19,1,,,,True,True,True,missing,True,True,4.422990381717682,0.0185186862945556,True,True
af3|8oqt__1__1.D__1.KA_1.LA|1.KA,rescued,af3,8oqt__1__1.D__1.KA_1.LA,1.KA,0.3021172097360155,0.131578947368421,0.5,0.38,0.2753228907853408,2423057168,2,0.92554266714327,5.477558612823486,False,True,K,scicore/home/schwede/durair0000/projects/plinder-org/Runs-N-Poses/data/paper_data/prediction_files/af3/8oqt__1__1.D__1.KA_1.LA/seed-2423057168_sample-2.cif,2.329287482438464,2.0,0.0,1278792607,3,0.9239819051373248,1.203909158706665,True,,G,scicore/home/schwede/durair0000/projects/plinder-org/Runs-N-Poses/data/paper_data/prediction_files/af3/8oqt__1__1.D__1.KA_1.LA/seed-1278792607_sample-3.cif,3.2496762258908705,1.2727272727272727,0.0,-4.273649454116821,-0.0015607620059452,-0.7272727272727273,0.0,O=S(=O)(O)c1ccc(Br)cc1,11,1,0.5789473684210527,0.8461538461538461,0.6875,True,True,True,missing,True,True,4.273649454116821,0.0015607620059452,True,True
af3|8oqt__1__1.D__1.KA_1.LA|1.LA,rescued,af3,8oqt__1__1.D__1.KA_1.LA,1.LA,0.3024154635531021,0.131578947368421,0.5,0.38,0.2768141598707736,2423057168,2,0.92554266714327,5.477558612823486,False,True,K,scicore/home/schwede/durair0000/projects/plinder-org/Runs-N-Poses/data/paper_data/prediction_files/af3/8oqt__1__1.D__1.KA_1.LA/seed-2423057168_sample-2.cif,2.329287482438464,2.0,0.0,1278792607,3,0.9239819051373248,1.203909158706665,True,,G,scicore/home/schwede/durair0000/projects/plinder-org/Runs-N-Poses/data/paper_data/prediction_files/af3/8oqt__1__1.D__1.KA_1.LA/seed-1278792607_sample-3.cif,3.2496762258908705,1.2727272727272727,0.0,-4.273649454116821,-0.0015607620059452,-0.7272727272727273,0.0,O=S(=O)(O)c1ccc(Br)cc1,11,1,,,,True,True,True,missing,True,True,4.273649454116821,0.0015607620059452,True,True
af3|7ypu__1__1.A_1.B__1.J_1.K|1.J,rescued,af3,7ypu__1__1.A_1.B__1.J_1.K,1.J,0.3473158508969899,0.1307692307692307,0.71,0.33,0.2902331006387956,460180404,1,0.9325143577108824,2.7236948013305664,False,False,C,scicore/home/schwede/durair0000/projects/plinder-org/Runs-N-Poses/data/paper_data/prediction_files/af3/7ypu__1__1.A_1.B__1.J_1.K/seed-460180404_sample-1.cif,1.7724401220907688,2.2333333333333334,0.1333333333333333,275075909,4,0.920715200016436,1.369502305984497,True,,C,scicore/home/schwede/durair0000/projects/plinder-org/Runs-N-Poses/data/paper_data/prediction_files/af3/7ypu__1__1.A_1.B__1.J_1.K/seed-275075909_sample-4.cif,2.184998908193657,2.566666666666667,0.0,-1.3541924953460691,-0.0117991576944463,0.3333333333333335,-0.1333333333333333,NCC(=O)N[C@@H]1[C@H](O)[C@@H](OC(N)=O)[C@@H](CO)O[C@H]1/N=C1\N[C@@H]2[C@H](O)CNC(=O)[C@H]2N1,30,5,0.85,0.8095238095238095,0.8292682926829269,True,True,True,missing,True,True,1.3541924953460691,0.0117991576944463,False,True
af3_no_template|8fdb__1__1.A_1.B__1.D_1.F_1.H|1.H,rescued,af3_no_template,8fdb__1__1.A_1.B__1.D_1.F_1.H,1.H,0.2435258976826319,0.3255813953488372,0.13,0.42,0.065362046552694,3454061907,2,0.8985567519400718,2.483792304992676,False,True,E,scicore/home/schwede/durair0000/projects/plinder-org/Runs-N-Poses/data/paper_data/prediction_files/af3_no_templ/8fdb__1__1.A_1.B__1.D_1.F_1.H/seed-3454061907_sample-2.cif,2.3421731924753275,4.6875,0.0,3236031381,3,0.895191765333317,1.3524090051651,True,,E,scicore/home/schwede/durair0000/projects/plinder-org/Runs-N-Poses/data/paper_data/prediction_files/af3_no_templ/8fdb__1__1.A_1.B__1.D_1.F_1.H/seed-3236031381_sample-3.cif,2.224232734240166,4.1875,0.0,-1.1313832998275757,-0.0033649866067547,-0.5,0.0,N[C@@H](CO)[C@@H](O)[C@H](O)[C@H](O)COP(=O)(O)O,16,7,,,,True,True,True,missing,True,True,1.1313832998275757,0.0033649866067547,False,True
af3|8fdb__1__1.A_1.B__1.D_1.F_1.H|1.H,rescued,af3,8fdb__1__1.A_1.B__1.D_1.F_1.H,1.H,0.2435258976826319,0.3255813953488372,0.13,0.42,0.065362046552694,3907033700,1,0.906398892835863,2.957307815551758,False,False,C,scicore/home/schwede/durair0000/projects/plinder-org/Runs-N-Poses/data/paper_data/prediction_files/af3/8fdb__1__1.A_1.B__1.D_1.F_1.H/seed-3907033700_sample-1.cif,2.057377201589348,4.75,0.0,1334425176,0,0.8970673038911061,1.8910285234451287,True,,E,scicore/home/schwede/durair0000/projects/plinder-org/Runs-N-Poses/data/paper_data/prediction_files/af3/8fdb__1__1.A_1.B__1.D_1.F_1.H/seed-1334425176_sample-0.cif,2.12429951878614,4.1875,0.0,-1.066279292106629,-0.0093315889447568,-0.5625,0.0,N[C@@H](CO)[C@@H](O)[C@H](O)[C@H](O)COP(=O)(O)O,16,7,0.8846153846153846,0.9583333333333334,0.92,True,True,True,missing,True,True,1.066279292106629,0.0093315889447568,False,True
af3|8fdb__1__1.A_1.B__1.D_1.F_1.H|1.D,rescued,af3,8fdb__1__1.A_1.B__1.D_1.F_1.H,1.D,0.326711479979238,0.5588235294117647,0.13,0.42,0.073116223425602,3907033700,1,0.906398892835863,2.957307815551758,False,False,C,scicore/home/schwede/durair0000/projects/plinder-org/Runs-N-Poses/data/paper_data/prediction_files/af3/8fdb__1__1.A_1.B__1.D_1.F_1.H/seed-3907033700_sample-1.cif,2.057377201589348,4.75,0.0,42820943,2,0.8980108728376242,1.932344913482666,True,,E,scicore/home/schwede/durair0000/projects/plinder-org/Runs-N-Poses/data/paper_data/prediction_files/af3/8fdb__1__1.A_1.B__1.D_1.F_1.H/seed-42820943_sample-2.cif,2.335073291729445,3.9375,0.0,-1.0249629020690918,-0.0083880199982387,-0.8125,0.0,N[C@@H](CO)[C@@H](O)[C@H](O)[C@H](O)COP(=O)(O)O,16,7,,,,True,True,True,missing,True,True,1.0249629020690918,0.0083880199982387,False,True
af3_no_template|8fdb__1__1.A_1.B__1.D_1.F_1.H|1.D,rescued,af3_no_template,8fdb__1__1.A_1.B__1.D_1.F_1.H,1.D,0.326711479979238,0.5588235294117647,0.13,0.42,0.073116223425602,3454061907,2,0.8985567519400718,2.483792304992676,False,True,E,scicore/home/schwede/durair0000/projects/plinder-org/Runs-N-Poses/data/paper_data/prediction_files/af3_no_templ/8fdb__1__1.A_1.B__1.D_1.F_1.H/seed-3454061907_sample-2.cif,2.3421731924753275,4.6875,0.0,352697732,2,0.8875067001498733,1.6924625635147097,True,,E,scicore/home/schwede/durair0000/projects/plinder-org/Runs-N-Poses/data/paper_data/prediction_files/af3_no_templ/8fdb__1__1.A_1.B__1.D_1.F_1.H/seed-352697732_sample-2.cif,2.159737403277424,3.875,0.0,-0.7913297414779661,-0.0110500517901984,-0.8125,0.0,N[C@@H](CO)[C@@H](O)[C@H](O)[C@H](O)COP(=O)(O)O,16,7,,,,True,True,True,missing,True,True,0.7913297414779661,0.0110500517901984,False,True
protenix|8eym__1__1.A_1.B__1.C_1.E|1.C,rescued,protenix,8eym__1__1.A_1.B__1.C_1.E,1.C,0.1889863473461275,0.196078431372549,0.1,0.42,0.0567944818286769,3614252639,0,0.9597361087799072,2.1514687538146973,False,False,D0,scicore/home/schwede/durair0000/projects/plinder-org/Runs-N-Poses/data/paper_data/prediction_files/protenix/8eym__1__1.A_1.B__1.C_1.E/seed-3614252639_sample-0.cif,2.11403952102741,3.789473684210526,0.0,323189878,4,0.9508039951324464,1.4076029062271118,True,,D0,scicore/home/schwede/durair0000/projects/plinder-org/Runs-N-Poses/data/paper_data/prediction_files/protenix/8eym__1__1.A_1.B__1.C_1.E/seed-323189878_sample-4.cif,2.173251779465684,3.210526315789474,0.0,-0.7438658475875854,-0.0089321136474608,-0.5789473684210522,0.0,CC(=O)N[C@@H]1[C@@H](O)[C@H](O)[C@@H](COP(=O)(O)O)O[C@@H]1O,19,4,,,,True,True,True,missing,True,True,0.7438658475875854,0.0089321136474608,False,True
protenix|8eym__1__1.A_1.B__1.C_1.E|1.E,rescued,protenix,8eym__1__1.A_1.B__1.C_1.E,1.E,0.1905689788528178,0.196078431372549,0.1,0.43,0.0547076393621281,3614252639,0,0.9597361087799072,2.1514687538146973,False,False,D0,scicore/home/schwede/durair0000/projects/plinder-org/Runs-N-Poses/data/paper_data/prediction_files/protenix/8eym__1__1.A_1.B__1.C_1.E/seed-3614252639_sample-0.cif,2.11403952102741,3.789473684210526,0.0,2516506432,4,0.9510854482650756,1.7940973043441772,True,,D0,scicore/home/schwede/durair0000/projects/plinder-org/Runs-N-Poses/data/paper_data/prediction_files/protenix/8eym__1__1.A_1.B__1.C_1.E/seed-2516506432_sample-4.cif,2.236820093213096,3.263157894736842,0.0,-0.35737144947052,-0.0086506605148316,-0.5263157894736841,0.0,CC(=O)N[C@@H]1[C@@H](O)[C@H](O)[C@@H](COP(=O)(O)O)O[C@@H]1O,19,4,0.9230769230769232,0.9230769230769232,0.9230769230769232,True,True,True,missing,True,True,0.35737144947052,0.0086506605148316,False,True
chai|8ivt__1__1.A_1.B__1.F|1.F,harmed,chai,8ivt__1__1.A_1.B__1.F,1.F,0.3347984178695694,0.136986301369863,0.62,0.45,0.2092660619505868,2721,2,0.91797006,1.6857473850250244,True,True,C,scicore/home/schwede/durair0000/projects/plinder-org/Runs-N-Poses/data/paper_data/prediction_files/chai/8ivt__1__1.A_1.B__1.F/seed-2721_sample-2.cif,2.87118864318549,2.962962962962963,0.0,9475,0,0.9117867,4.8481059074401855,False,,C,scicore/home/schwede/durair0000/projects/plinder-org/Runs-N-Poses/data/paper_data/prediction_files/chai/8ivt__1__1.A_1.B__1.F/seed-9475_sample-0.cif,2.90350511562089,2.259259259259259,0.0,3.162358522415161,-0.00618336,-0.7037037037037037,0.0,COC(=O)c1ccccc1S(=O)(=O)NC(=O)N(C)c1nc(C)nc(OC)n1,27,5,0.92,0.9583333333333334,0.9387755102040816,True,True,True,missing,True,True,-3.162358522415161,0.00618336,False,True
af3|7di7__1__1.A__1.D|1.D,kept_official,af3,7di7__1__1.A__1.D,1.D,0.2842494358339746,0.0864197530864197,0.5,0.38,0.2650126112686384,2043412620,2,0.7775264900863343,7.8910441398620605,False,True,B,scicore/home/schwede/durair0000/projects/plinder-org/Runs-N-Poses/data/paper_data/prediction_files/af3/7di7__1__1.A__1.D/seed-2043412620_sample-2.cif,2.646926847615126,1.5909090909090908,0.0,2043412620,2,0.7775264900863343,7.8910441398620605,False,True,B,scicore/home/schwede/durair0000/projects/plinder-org/Runs-N-Poses/data/paper_data/prediction_files/af3/7di7__1__1.A__1.D/seed-2043412620_sample-2.cif,2.646926847615126,1.5909090909090908,0.0,0.0,0.0,0.0,0.0,CCN(CC)CCC[C@@H](C)Nc1ccnc2cc(Cl)ccc12,22,8,0.0,0.0,0.0,True,True,True,true,True,True,-0.0,-0.0,False,False
af3|7dia__1__1.A__1.D_1.E_1.G|1.E,kept_official,af3,7dia__1__1.A__1.D_1.E_1.G,1.E,0.2027386849198939,0.1052631578947368,0.29,0.37,0.0969828982836805,1820756570,4,0.7651371614042237,42.88020324707031,False,False,C,scicore/home/schwede/durair0000/projects/plinder-org/Runs-N-Poses/data/paper_data/prediction_files/af3/7dia__1__1.A__1.D_1.E_1.G/seed-1820756570_sample-4.cif,1.952006156708581,2.769230769230769,0.0384615384615384,1820756570,4,0.7651371614042237,42.88020324707031,False,False,C,scicore/home/schwede/durair0000/projects/plinder-org/Runs-N-Poses/data/paper_data/prediction_files/af3/7dia__1__1.A__1.D_1.E_1.G/seed-1820756570_sample-4.cif,1.952006156708581,2.769230769230769,0.0384615384615384,0.0,0.0,0.0,0.0,O[C@H](c1cc(C(F)(F)F)nc2c(C(F)(F)F)cccc12)[C@@H]1CCCCN1,26,2,0.0,0.0,0.0,False,True,False,false,False,True,-0.0,-0.0,False,False
af3|7dij__1__1.A__1.F_1.J|1.J,kept_official,af3,7dij__1__1.A__1.F_1.J,1.J,0.2616139618450357,0.0769230769230769,0.47,0.38,0.2059544246097938,521851134,2,0.8742899082732227,0.7336393594741821,True,True,C,scicore/home/schwede/durair0000/projects/plinder-org/Runs-N-Poses/data/paper_data/prediction_files/af3/7dij__1__1.A__1.F_1.J/seed-521851134_sample-2.cif,2.734844091463859,1.8235294117647056,0.0,521851134,2,0.8742899082732227,0.7336393594741821,True,True,C,scicore/home/schwede/durair0000/projects/plinder-org/Runs-N-Poses/data/paper_data/prediction_files/af3/7dij__1__1.A__1.F_1.J/seed-521851134_sample-2.cif,2.734844091463859,1.8235294117647056,0.0,0.0,0.0,0.0,0.0,CC(C)(C)c1cc(O)c(CN)c(C(C)(C)C)c1,17,1,0.0,0.0,0.0,True,True,True,true,True,True,-0.0,-0.0,False,False
af3|7e1n__1__1.A_1.B__1.D|1.D,kept_official,af3,7e1n__1__1.A_1.B__1.D,1.D,0.3000633537067688,0.0648148148148148,0.6,0.36,0.2768908426079184,570530412,2,0.867729218175648,1.7902594804763794,True,True,C,scicore/home/schwede/durair0000/projects/plinder-org/Runs-N-Poses/data/paper_data/prediction_files/af3/7e1n__1__1.A_1.B__1.D/seed-570530412_sample-2.cif,2.775316334078348,2.1333333333333333,0.0,570530412,2,0.867729218175648,1.7902594804763794,True,True,C,scicore/home/schwede/durair0000/projects/plinder-org/Runs-N-Poses/data/paper_data/prediction_files/af3/7e1n__1__1.A_1.B__1.D/seed-570530412_sample-2.cif,2.775316334078348,2.1333333333333333,0.0,0.0,0.0,0.0,0.0,C[C@@H](O)c1c(O)cc(O)c([C@@H](C)O)c1O,15,2,0.7727272727272727,0.85,0.8095238095238095,True,True,True,true,True,True,-0.0,-0.0,False,False
af3|7f83__1__1.B__1.J|1.J,kept_official,af3,7f83__1__1.B__1.J,1.J,0.3259092850141176,0.1111111111111111,0.62,0.42,0.2401019806261437,2130440911,4,0.3048944497073841,8.83673095703125,False,False,C,scicore/home/schwede/durair0000/projects/plinder-org/Runs-N-Poses/data/paper_data/prediction_files/af3/7f83__1__1.B__1.J/seed-2130440911_sample-4.cif,2.379739179491261,2.4864864864864864,0.0,2130440911,4,0.3048944497073841,8.83673095703125,False,False,C,scicore/home/schwede/durair0000/projects/plinder-org/Runs-N-Poses/data/paper_data/prediction_files/af3/7f83__1__1.B__1.J/seed-2130440911_sample-4.cif,2.379739179491261,2.4864864864864864,0.0,0.0,0.0,0.0,0.0,Cc1cc(-c2ccc3c(c2)CC[C@H]3N2CC3(CCN(C(=O)Cc4cn5cc(C)sc5n4)CC3)C2)ncn1,37,4,0.4482758620689655,0.3823529411764705,0.4126984126984127,True,True,True,false,False,True,-0.0,-0.0,False,False
af3|7jni__1__1.A__1.C|1.C,kept_official,af3,7jni__1__1.A__1.C,1.C,0.3117824020105986,0.1401869158878504,0.49,0.49,0.2110849072492548,629993543,0,0.8474597968947282,9.065654754638672,False,False,B,scicore/home/schwede/durair0000/projects/plinder-org/Runs-N-Poses/data/paper_data/prediction_files/af3/7jni__1__1.A__1.C/seed-629993543_sample-0.cif,1.8635143694619247,3.657894736842105,0.0263157894736842,629993543,0,0.8474597968947282,9.065654754638672,False,False,B,scicore/home/schwede/durair0000/projects/plinder-org/Runs-N-Poses/data/paper_data/prediction_files/af3/7jni__1__1.A__1.C/seed-629993543_sample-0.cif,1.8635143694619247,3.657894736842105,0.0263157894736842,0.0,0.0,0.0,0.0,COc1ccc2c(c1OCc1ccccc1)C[C@@H](C(=O)O)N(C(=O)C(c1ccccc1)c1ccccc1)C2,38,8,0.7297297297297297,0.7297297297297297,0.7297297297297297,False,True,False,false,False,True,-0.0,-0.0,False,False
af3|7ly6__1__1.A_2.A__1.B_1.C_1.D|1.B,kept_official,af3,7ly6__1__1.A_2.A__1.B_1.C_1.D,1.B,0.1229457050039024,0.05,0.05,0.44,0.0247285250195121,1430139605,0,0.9869190135401342,3.115477561950684,False,True,C,scicore/home/schwede/durair0000/projects/plinder-org/Runs-N-Poses/data/paper_data/prediction_files/af3/7ly6__1__1.A_2.A__1.B_1.C_1.D/seed-1430139605_sample-0.cif,3.1565869959918134,2.2,0.0,1430139605,0,0.9869190135401342,3.115477561950684,False,True,C,scicore/home/schwede/durair0000/projects/plinder-org/Runs-N-Poses/data/paper_data/prediction_files/af3/7ly6__1__1.A_2.A__1.B_1.C_1.D/seed-1430139605_sample-0.cif,3.1565869959918134,2.2,0.0,0.0,0.0,0.0,0.0,NCC(=O)O,5,1,0.9166666666666666,0.6875,0.7857142857142857,True,True,True,true,True,True,-0.0,-0.0,False,False
af3|7nsn__1__1.A__1.J|1.J,kept_official,af3,7nsn__1__1.A__1.J,1.J,0.3241284991335423,0.1363636363636363,0.55,0.37,0.3245061320313476,2251863323,4,0.9293908089216456,16.870590209960938,False,False,B,scicore/home/schwede/durair0000/projects/plinder-org/Runs-N-Poses/data/paper_data/prediction_files/af3/7nsn__1__1.A__1.J/seed-2251863323_sample-4.cif,2.2754222555041506,3.857142857142857,0.0,2251863323,4,0.9293908089216456,16.870590209960938,False,False,B,scicore/home/schwede/durair0000/projects/plinder-org/Runs-N-Poses/data/paper_data/prediction_files/af3/7nsn__1__1.A__1.J/seed-2251863323_sample-4.cif,2.2754222555041506,3.857142857142857,0.0,0.0,0.0,0.0,0.0,OC[C@@H]1[C@@H](O)[C@H](O)[C@H](O)c2nccn21,14,1,0.0,0.0,0.0,True,True,True,false,False,True,-0.0,-0.0,False,False
af3|7p1e__1__1.A__1.C_1.G|1.C,kept_official,af3,7p1e__1__1.A__1.C_1.G,1.C,0.2188801109929856,0.3214285714285714,0.07,0.4,0.0444005549649278,1189333309,4,0.9957866539797692,23.307111740112305,False,True,B,scicore/home/schwede/durair0000/projects/plinder-org/Runs-N-Poses/data/paper_data/prediction_files/af3/7p1e__1__1.A__1.C_1.G/seed-1189333309_sample-4.cif,2.517543725331332,3.789473684210526,0.0,1189333309,4,0.9957866539797692,23.307111740112305,False,True,B,scicore/home/schwede/durair0000/projects/plinder-org/Runs-N-Poses/data/paper_data/prediction_files/af3/7p1e__1__1.A__1.C_1.G/seed-1189333309_sample-4.cif,2.517543725331332,3.789473684210526,0.0,0.0,0.0,0.0,0.0,O=C(O)[C@]1(F)O[C@@H]([C@H](O)[C@H](O)CO)[C@H](O)[C@@H](O)[C@H]1F,19,4,0.0,0.0,0.0,True,True,True,true,True,True,-0.0,-0.0,False,False
af3|7qea__1__1.A__1.C|1.C,kept_official,af3,7qea__1__1.A__1.C,1.C,0.3306697072991383,0.2117647058823529,0.54,0.39,0.217760301201574,3206163896,2,0.9596014583856156,2.015758514404297,False,False,B,scicore/home/schwede/durair0000/projects/plinder-org/Runs-N-Poses/data/paper_data/prediction_files/af3/7qea__1__1.A__1.C/seed-3206163896_sample-2.cif,2.2941693425389587,3.4054054054054053,0.0,3206163896,2,0.9596014583856156,2.015758514404297,False,False,B,scicore/home/schwede/durair0000/projects/plinder-org/Runs-N-Poses/data/paper_data/prediction_files/af3/7qea__1__1.A__1.C/seed-3206163896_sample-2.cif,2.2941693425389587,3.4054054054054053,0.0,0.0,0.0,0.0,0.0,O=C1O[C@@]2(c3ccc(O)cc3Oc3cc(O[C@@H]4O[C@H](C(=O)O)[C@@H](O)[C@H](O)[C@H]4O)ccc32)c2ccccc21,37,3,0.84375,0.9642857142857144,0.8999999999999999,True,True,True,false,False,True,-0.0,-0.0,False,False
af3|7rbw__1__1.A__1.C|1.C,kept_official,af3,7rbw__1__1.A__1.C,1.C,0.2628617505633615,0.0792079207920792,0.43,0.51,0.128194891430669,3329791109,2,0.8794580214474406,0.962769329547882,True,True,B,scicore/home/schwede/durair0000/projects/plinder-org/Runs-N-Poses/data/paper_data/prediction_files/af3/7rbw__1__1.A__1.C/seed-3329791109_sample-2.cif,2.836077752456505,3.953488372093023,0.0,3329791109,2,0.8794580214474406,0.962769329547882,True,True,B,scicore/home/schwede/durair0000/projects/plinder-org/Runs-N-Poses/data/paper_data/prediction_files/af3/7rbw__1__1.A__1.C/seed-3329791109_sample-2.cif,2.836077752456505,3.953488372093023,0.0,0.0,0.0,0.0,0.0,C=CC1=C(C)/C(=C/c2[nH]c(/C=C3\N=C(/C=C4\NC(=O)C(C)=C4C=C)C(C)=C3CCC(=O)O)c(CCC(=O)O)c2C)NC1=O,43,11,0.85,0.918918918918919,0.8831168831168831,True,True,True,true,True,True,-0.0,-0.0,False,False
af3|7s7t__1__1.A__1.B|1.B,kept_official,af3,7s7t__1__1.A__1.B,1.B,0.2820503349443967,0.0,0.56,0.51,0.2002516747219832,1288818970,3,0.8321751284970696,5.015739917755127,False,True,B,scicore/home/schwede/durair0000/projects/plinder-org/Runs-N-Poses/data/paper_data/prediction_files/af3/7s7t__1__1.A__1.B/seed-1288818970_sample-3.cif,2.519659609936039,4.1875,0.0,1288818970,3,0.8321751284970696,5.015739917755127,False,True,B,scicore/home/schwede/durair0000/projects/plinder-org/Runs-N-Poses/data/paper_data/prediction_files/af3/7s7t__1__1.A__1.B/seed-1288818970_sample-3.cif,2.519659609936039,4.1875,0.0,0.0,0.0,0.0,0.0,c1cnc2cc3c(cc2n1)[C@@H]1CNC[C@H]3C1,16,0,0.8125,0.7222222222222222,0.7647058823529411,True,True,True,true,True,True,-0.0,-0.0,False,False
af3|7tuo__1__1.A__1.B|1.B,kept_official,af3,7tuo__1__1.A__1.B,1.B,0.2820292893764245,0.1339285714285714,0.47,0.41,0.1782714468821226,2409145937,0,0.7316984400179017,2.3799383640289307,False,False,B,scicore/home/schwede/durair0000/projects/plinder-org/Runs-N-Poses/data/paper_data/prediction_files/af3/7tuo__1__1.A__1.B/seed-2409145937_sample-0.cif,2.0587006493162456,4.4,0.0,2409145937,0,0.7316984400179017,2.3799383640289307,False,False,B,scicore/home/schwede/durair0000/projects/plinder-org/Runs-N-Poses/data/paper_data/prediction_files/af3/7tuo__1__1.A__1.B/seed-2409145937_sample-0.cif,2.0587006493162456,4.4,0.0,0.0,0.0,0.0,0.0,Cc1cnc2c(N)c(C(=O)NCCc3ccc(C4C[C@H]5CC[C@@H](C4)N5)cc3)sc2n1,30,5,0.8709677419354839,0.75,0.8059701492537312,True,True,True,false,False,True,-0.0,-0.0,False,False
af3|7udq__1__1.A__1.C|1.C,kept_official,af3,7udq__1__1.A__1.C,1.C,0.2970593491432922,0.0769230769230769,0.56,0.4,0.2506813611010762,385701167,0,0.9330746301353748,0.6507071852684021,True,True,B,scicore/home/schwede/durair0000/projects/plinder-org/Runs-N-Poses/data/paper_data/prediction_files/af3/7udq__1__1.A__1.C/seed-385701167_sample-0.cif,2.724657276539061,2.76,0.0,385701167,0,0.9330746301353748,0.6507071852684021,True,True,B,scicore/home/schwede/durair0000/projects/plinder-org/Runs-N-Poses/data/paper_data/prediction_files/af3/7udq__1__1.A__1.C/seed-385701167_sample-0.cif,2.724657276539061,2.76,0.0,0.0,0.0,0.0,0.0,COc1cc(Nc2ccnc3cc(C#N)ccc23)cc(OC)c1OC,25,5,0.96,0.7058823529411765,0.8135593220338982,True,True,True,true,True,True,-0.0,-0.0,False,False
af3|7uf8__1__1.A__1.E_1.F|1.F,kept_official,af3,7uf8__1__1.A__1.E_1.F,1.F,0.3116863740949271,0.1235955056179775,0.51,0.42,0.2846397356431748,2644515192,1,0.8845462979471999,2.3585901260375977,False,False,F,scicore/home/schwede/durair0000/projects/plinder-org/Runs-N-Poses/data/paper_data/prediction_files/af3/7uf8__1__1.A__1.E_1.F/seed-2644515192_sample-1.cif,2.9139283156601405,1.6,0.0,2644515192,1,0.8845462979471999,2.3585901260375977,False,False,F,scicore/home/schwede/durair0000/projects/plinder-org/Runs-N-Poses/data/paper_data/prediction_files/af3/7uf8__1__1.A__1.E_1.F/seed-2644515192_sample-1.cif,2.9139283156601405,1.6,0.0,0.0,0.0,0.0,0.0,CC1(C)c2[nH]c3ccccc3c2C[C@@]23CN4CCC[C@]4(C[C@H]12)C(=O)N3,25,0,0.9583333333333334,0.5897435897435898,0.7301587301587301,True,True,True,false,False,True,-0.0,-0.0,False,False
af3|7uum__1__1.A_2.A__1.B_1.C|1.C,kept_official,af3,7uum__1__1.A_2.A__1.B_1.C,1.C,0.3197467792255061,0.1081081081081081,0.61,0.43,0.2170447069383413,180687792,3,0.8899584180349694,4.785351276397705,False,True,E,scicore/home/schwede/durair0000/projects/plinder-org/Runs-N-Poses/data/paper_data/prediction_files/af3/7uum__1__1.A_2.A__1.B_1.C/seed-180687792_sample-3.cif,2.4826044305440025,1.6904761904761905,0.0,180687792,3,0.8899584180349694,4.785351276397705,False,True,E,scicore/home/schwede/durair0000/projects/plinder-org/Runs-N-Poses/data/paper_data/prediction_files/af3/7uum__1__1.A_2.A__1.B_1.C/seed-180687792_sample-3.cif,2.4826044305440025,1.6904761904761905,0.0,0.0,0.0,0.0,0.0,NC[C@@H]1O[C@H](O[C@H]2[C@@H](O)[C@H](O[C@@H]3[C@@H](O)[C@H](N)C[C@H](N)[C@H]3O[C@H]3O[C@H](CO)[C@@H](O)[C@H](O)[C@H]3N)O[C@@H]2CO)[C@H](N)[C@@H](O)[C@@H]1O,42,9,0.8888888888888888,0.8,0.8421052631578948,True,True,True,true,True,True,-0.0,-0.0,False,False
af3|7vo5__1__1.A__1.B|1.B,kept_official,af3,7vo5__1__1.A__1.B,1.B,0.3121076454632686,0.1923076923076923,0.5,0.45,0.1489997657778814,297297838,4,0.8339912888834309,9.18251895904541,False,False,C,scicore/home/schwede/durair0000/projects/plinder-org/Runs-N-Poses/data/paper_data/prediction_files/af3/7vo5__1__1.A__1.B/seed-297297838_sample-4.cif,2.1993975232069043,2.3714285714285714,0.0,297297838,4,0.8339912888834309,9.18251895904541,False,False,C,scicore/home/schwede/durair0000/projects/plinder-org/Runs-N-Poses/data/paper_data/prediction_files/af3/7vo5__1__1.A__1.B/seed-297297838_sample-4.cif,2.1993975232069043,2.3714285714285714,0.0,0.0,0.0,0.0,0.0,C[C@H]1[C@@H]2C[C@@H](O)/C=C/C=C/C=C/C=C/C[C@@H](C)OC(=O)C[C@H](O)/C=C/C[C@H](O)C[C@](O)(C[C@@H]1O)O2,35,0,0.7647058823529411,0.8125,0.787878787878788,True,True,True,false,False,True,-0.0,-0.0,False,False
af3|7vpe__1__1.A__1.B|1.B,kept_official,af3,7vpe__1__1.A__1.B,1.B,0.251137437743895,0.1176470588235294,0.43,0.38,0.1323048357782985,3778330281,3,0.7704333904254832,24.28278350830078,False,False,B,scicore/home/schwede/durair0000/projects/plinder-org/Runs-N-Poses/data/paper_data/prediction_files/af3/7vpe__1__1.A__1.B/seed-3778330281_sample-3.cif,1.690612810998528,1.6666666666666667,0.0238095238095238,3778330281,3,0.7704333904254832,24.28278350830078,False,False,B,scicore/home/schwede/durair0000/projects/plinder-org/Runs-N-Poses/data/paper_data/prediction_files/af3/7vpe__1__1.A__1.B/seed-3778330281_sample-3.cif,1.690612810998528,1.6666666666666667,0.0238095238095238,0.0,0.0,0.0,0.0,C1=N[C@@H](c2ccccc2)[C@H](c2ccccc2)N1Cc1cccc(CN2C=N[C@@H](c3ccccc3)[C@@H]2c2ccccc2)c1,42,8,0.0,0.0,0.0,False,True,False,false,False,True,-0.0,-0.0,False,False
af3|7vyp__1__1.A_1.B__1.C_1.K_1.P_1.Q|1.P,kept_official,af3,7vyp__1__1.A_1.B__1.C_1.K_1.P_1.Q,1.P,0.3333466386123179,0.0727272727272727,0.7,0.46,0.2044604657888621,1394727248,1,0.906668373468348,2.715605020523072,False,False,E,scicore/home/schwede/durair0000/projects/plinder-org/Runs-N-Poses/data/paper_data/prediction_files/af3/7vyp__1__1.A_1.B__1.C_1.K_1.P_1.Q/seed-1394727248_sample-1.cif,2.06403854868994,2.810810810810811,0.0,1394727248,1,0.906668373468348,2.715605020523072,False,False,E,scicore/home/schwede/durair0000/projects/plinder-org/Runs-N-Poses/data/paper_data/prediction_files/af3/7vyp__1__1.A_1.B__1.C_1.K_1.P_1.Q/seed-1394727248_sample-1.cif,2.06403854868994,2.810810810810811,0.0,0.0,0.0,0.0,0.0,COc1cc2cc(c1Cl)NC(=O)C[C@H](O)/C(C)=C/[C@H](C)[C@@H](OC(N)=O)CC(=O)[C@H](OC)/C=C/C=C(\C)C2,37,3,0.7222222222222222,0.9285714285714286,0.8125000000000001,True,True,True,false,False,True,-0.0,-0.0,False,False
af3|7vzy__1__1.A_1.B__1.C_1.D_1.E_1.M|1.C,kept_official,af3,7vzy__1__1.A_1.B__1.C_1.D_1.E_1.M,1.C,0.3382820101240927,0.0673076923076923,0.72,0.45,0.2236215890820022,1491097436,0,0.9105243981462492,3.435108423233032,False,False,C,scicore/home/schwede/durair0000/projects/plinder-org/Runs-N-Poses/data/paper_data/prediction_files/af3/7vzy__1__1.A_1.B__1.C_1.D_1.E_1.M/seed-1491097436_sample-0.cif,2.0951909787514165,3.294117647058824,0.0,1491097436,0,0.9105243981462492,3.435108423233032,False,False,C,scicore/home/schwede/durair0000/projects/plinder-org/Runs-N-Poses/data/paper_data/prediction_files/af3/7vzy__1__1.A_1.B__1.C_1.D_1.E_1.M/seed-1491097436_sample-0.cif,2.0951909787514165,3.294117647058824,0.0,0.0,0.0,0.0,0.0,COc1cc2cc(c1Cl)NC(=O)C[C@H](O)/C(C)=C/[C@H](C)[C@@H](O)CC(=O)[C@H](OC)/C=C/C=C(\C)C2,34,2,0.8076923076923077,0.84,0.8235294117647058,True,True,True,false,False,True,-0.0,-0.0,False,False
af3|7vzz__1__1.A_1.B__1.AA_1.Y_1.Z|1.AA,kept_official,af3,7vzz__1__1.A_1.B__1.AA_1.Y_1.Z,1.AA,0.3282713773209499,0.0673076923076923,0.68,0.46,0.2135684250662877,2582989471,1,0.9091961830476664,3.1152000427246094,False,False,C,scicore/home/schwede/durair0000/projects/plinder-org/Runs-N-Poses/data/paper_data/prediction_files/af3/7vzz__1__1.A_1.B__1.AA_1.Y_1.Z/seed-2582989471_sample-1.cif,1.914947679541976,2.5588235294117645,0.0588235294117647,2582989471,1,0.9091961830476664,3.1152000427246094,False,False,C,scicore/home/schwede/durair0000/projects/plinder-org/Runs-N-Poses/data/paper_data/prediction_files/af3/7vzz__1__1.A_1.B__1.AA_1.Y_1.Z/seed-2582989471_sample-1.cif,1.914947679541976,2.5588235294117645,0.0588235294117647,0.0,0.0,0.0,0.0,COc1cc2cc(c1Cl)NC(=O)C[C@H](O)/C(C)=C/[C@H](C)[C@@H](O)CC(=O)[C@H](OC)/C=C/C=C(\C)C2,34,2,0.8,0.8571428571428571,0.8275862068965518,False,True,False,false,False,True,-0.0,-0.0,False,False
af3|7wdu__1__1.A__1.C|1.C,kept_official,af3,7wdu__1__1.A__1.C,1.C,0.3261207552603827,0.1333333333333333,0.61,0.43,0.20477044296858,2663361318,0,0.9416148313707716,54.14443588256836,False,False,B,scicore/home/schwede/durair0000/projects/plinder-org/Runs-N-Poses/data/paper_data/prediction_files/af3/7wdu__1__1.A__1.C/seed-2663361318_sample-0.cif,2.285097429852039,3.206896551724138,0.0,2663361318,0,0.9416148313707716,54.14443588256836,False,False,B,scicore/home/schwede/durair0000/projects/plinder-org/Runs-N-Poses/data/paper_data/prediction_files/af3/7wdu__1__1.A__1.C/seed-2663361318_sample-0.cif,2.285097429852039,3.206896551724138,0.0,0.0,0.0,0.0,0.0,CC(=O)N[C@H]1C(=NOC(=O)Nc2ccccc2)O[C@H](COS(=O)(=O)O)[C@@H](O)[C@@H]1O,29,6,0.0,0.0,0.0,True,True,True,false,False,True,-0.0,-0.0,False,False
af3|7wzv__1__1.A__1.C_1.E_1.F_1.K_1.O|1.F,kept_official,af3,7wzv__1__1.A__1.C_1.E_1.F_1.K_1.O,1.F,0.2935146324890665,0.0987654320987654,0.55,0.37,0.2372336562724934,907516861,1,0.9853027294707232,0.4419171214103699,True,True,D,scicore/home/schwede/durair0000/projects/plinder-org/Runs-N-Poses/data/paper_data/prediction_files/af3/7wzv__1__1.A__1.C_1.E_1.F_1.K_1.O/seed-907516861_sample-1.cif,2.396664663701778,2.130434782608696,0.0,907516861,1,0.9853027294707232,0.4419171214103699,True,True,D,scicore/home/schwede/durair0000/projects/plinder-org/Runs-N-Poses/data/paper_data/prediction_files/af3/7wzv__1__1.A__1.C_1.E_1.F_1.K_1.O/seed-907516861_sample-1.cif,2.396664663701778,2.130434782608696,0.0,0.0,0.0,0.0,0.0,CN[C@@H]1C(O)[C@H](NC)[C@@H](O)C(O[C@@H]2O[C@H](C)C[C@H](O)[C@H]2O)[C@H]1O,23,4,0.9523809523809524,0.9090909090909092,0.9302325581395348,True,True,True,true,True,True,-0.0,-0.0,False,False
af3|7wzx__1__1.A__1.B_1.D_1.E_1.I|1.I,kept_official,af3,7wzx__1__1.A__1.B_1.D_1.E_1.I,1.I,0.3072936570464784,0.1351351351351351,0.55,0.37,0.2424817987459055,368628049,2,0.9846520384548666,0.5640435218811035,True,False,E,scicore/home/schwede/durair0000/projects/plinder-org/Runs-N-Poses/data/paper_data/prediction_files/af3/7wzx__1__1.A__1.B_1.D_1.E_1.I/seed-368628049_sample-2.cif,2.4720362344595013,2.1739130434782608,0.0,368628049,2,0.9846520384548666,0.5640435218811035,True,False,E,scicore/home/schwede/durair0000/projects/plinder-org/Runs-N-Poses/data/paper_data/prediction_files/af3/7wzx__1__1.A__1.B_1.D_1.E_1.I/seed-368628049_sample-2.cif,2.4720362344595013,2.1739130434782608,0.0,0.0,0.0,0.0,0.0,CN[C@@H]1C(O)[C@H](NC)[C@@H](O)C(O[C@@H]2O[C@H](C)C[C@H](O)C2=O)[C@H]1O,23,4,0.9047619047619048,0.9047619047619048,0.9047619047619048,True,True,True,false,False,True,-0.0,-0.0,False,False
af3|7x11__1__1.D__1.P|1.P,kept_official,af3,7x11__1__1.D__1.P,1.P,0.3075133680065849,0.0666666666666666,0.35,0.85,0.133400173366258,2227100012,1,0.9209325738947168,20.11064720153809,False,False,F,scicore/home/schwede/durair0000/projects/plinder-org/Runs-N-Poses/data/paper_data/prediction_files/af3/7x11__1__1.D__1.P/seed-2227100012_sample-1.cif,2.546708528763339,2.2058823529411766,0.0,2227100012,1,0.9209325738947168,20.11064720153809,False,False,F,scicore/home/schwede/durair0000/projects/plinder-org/Runs-N-Poses/data/paper_data/prediction_files/af3/7x11__1__1.D__1.P/seed-2227100012_sample-1.cif,2.546708528763339,2.2058823529411766,0.0,0.0,0.0,0.0,0.0,CCCc1nc2c(C)ccn(Cc3ccc4nc(-c5ccccc5-c5nnn[nH]5)sc4c3)c-2n1,34,6,0.0344827586206896,0.0384615384615384,0.0363636363636363,True,True,True,false,False,True,-0.0,-0.0,False,False
af3|7xpu__1__2.A__2.C_2.D|2.C,kept_official,af3,7xpu__1__2.A__2.C_2.D,2.C,0.3223028919700825,0.5061728395061729,0.22,0.36,0.0907119907146101,2336596185,0,0.9179549862469568,1.736042022705078,True,False,K,scicore/home/schwede/durair0000/projects/plinder-org/Runs-N-Poses/data/paper_data/prediction_files/af3/7xpu__1__2.A__2.C_2.D/seed-2336596185_sample-0.cif,2.0904966630414146,4.315789473684211,0.0,2336596185,0,0.9179549862469568,1.736042022705078,True,False,K,scicore/home/schwede/durair0000/projects/plinder-org/Runs-N-Poses/data/paper_data/prediction_files/af3/7xpu__1__2.A__2.C_2.D/seed-2336596185_sample-0.cif,2.0904966630414146,4.315789473684211,0.0,0.0,0.0,0.0,0.0,C[C@@H]1O[C@H](OP(=O)(O)OP(=O)(O)OC[C@H]2O[C@@H](n3cnc4c(=O)[nH]c(N)nc43)[C@H](O)[C@@H]2O)[C@@H](O)[C@H](O)[C@@H]1O,38,8,1.0,0.95,0.9743589743589745,True,True,True,false,False,True,-0.0,-0.0,False,False
af3|7xpv__1__1.A__1.C_1.D|1.C,kept_official,af3,7xpv__1__1.A__1.C_1.D,1.C,0.3427864941590111,0.36144578313253,0.44,0.32,0.2114023503131282,1897190769,3,0.9181633260520004,1.9531567096710205,True,False,I,scicore/home/schwede/durair0000/projects/plinder-org/Runs-N-Poses/data/paper_data/prediction_files/af3/7xpv__1__1.A__1.C_1.D/seed-1897190769_sample-3.cif,2.5045188958493507,4.368421052631579,0.0,1897190769,3,0.9181633260520004,1.9531567096710205,True,False,I,scicore/home/schwede/durair0000/projects/plinder-org/Runs-N-Poses/data/paper_data/prediction_files/af3/7xpv__1__1.A__1.C_1.D/seed-1897190769_sample-3.cif,2.5045188958493507,4.368421052631579,0.0,0.0,0.0,0.0,0.0,C[C@H](O)[C@H]1O[C@@H](OP(=O)(O)OP(=O)(O)OC[C@H]2O[C@@H](n3cnc4c(O)nc(N)nc43)[C@H](O)[C@@H]2O)[C@@H](O)[C@@H]1O,38,9,0.902439024390244,0.9487179487179488,0.925,True,True,True,false,False,True,-0.0,-0.0,False,False
af3|7xxc__1__1.A_1.B_1.D__1.M|1.M,kept_official,af3,7xxc__1__1.A_1.B_1.D__1.M,1.M,0.1319110329473513,0.1119402985074626,0.04,0.4,0.0136596423486969,3287387641,4,0.9052473574834526,8.004481315612793,False,False,O,scicore/home/schwede/durair0000/projects/plinder-org/Runs-N-Poses/data/paper_data/prediction_files/af3/7xxc__1__1.A_1.B_1.D__1.M/seed-3287387641_sample-4.cif,2.616291623618799,1.6333333333333333,0.0,3287387641,4,0.9052473574834526,8.004481315612793,False,False,O,scicore/home/schwede/durair0000/projects/plinder-org/Runs-N-Poses/data/paper_data/prediction_files/af3/7xxc__1__1.A_1.B_1.D__1.M/seed-3287387641_sample-4.cif,2.616291623618799,1.6333333333333333,0.0,0.0,0.0,0.0,0.0,NCC(=O)N[C@@H]1[C@H](O)[C@@H](OC(N)=O)[C@@H](CO)O[C@H]1/N=C1\N[C@@H]2[C@H](O)CNC(=O)[C@H]2N1,30,5,0.7727272727272727,0.6538461538461539,0.7083333333333333,True,True,True,false,False,True,-0.0,-0.0,False,False
af3|7xxm__1__1.A_1.B_1.C__1.K|1.K,kept_official,af3,7xxm__1__1.A_1.B_1.C__1.K,1.K,0.1416398960781412,0.1167883211678832,0.07,0.39,0.0263199183469103,2920705745,3,0.8955092311442403,9.292991638183594,False,False,K,scicore/home/schwede/durair0000/projects/plinder-org/Runs-N-Poses/data/paper_data/prediction_files/af3/7xxm__1__1.A_1.B_1.C__1.K/seed-2920705745_sample-3.cif,2.5387442828882056,0.75,0.0,2920705745,3,0.8955092311442403,9.292991638183594,False,False,K,scicore/home/schwede/durair0000/projects/plinder-org/Runs-N-Poses/data/paper_data/prediction_files/af3/7xxm__1__1.A_1.B_1.C__1.K/seed-2920705745_sample-3.cif,2.5387442828882056,0.75,0.0,0.0,0.0,0.0,0.0,NCCCC(=O)N[C@@H]1[C@H](O)[C@@H](OC(N)=O)[C@@H](CO)O[C@H]1/N=C1\N[C@@H]2[C@H](O)CNC(=O)[C@H]2N1,32,7,0.7391304347826086,0.5862068965517241,0.6538461538461539,True,False,True,false,False,True,-0.0,-0.0,False,False
af3|7xxn__1__2.A__2.B_2.C|2.B,kept_official,af3,7xxn__1__2.A__2.B_2.C,2.B,0.2757162485816537,0.0634920634920634,0.5,0.36,0.2824701317971574,1629143820,2,0.888023059662143,3.68117928504944,False,True,C,scicore/home/schwede/durair0000/projects/plinder-org/Runs-N-Poses/data/paper_data/prediction_files/af3/7xxn__1__2.A__2.B_2.C/seed-1629143820_sample-2.cif,2.9649756943515464,3.642857142857143,0.0,1629143820,2,0.888023059662143,3.68117928504944,False,True,C,scicore/home/schwede/durair0000/projects/plinder-org/Runs-N-Poses/data/paper_data/prediction_files/af3/7xxn__1__2.A__2.B_2.C/seed-1629143820_sample-2.cif,2.9649756943515464,3.642857142857143,0.0,0.0,0.0,0.0,0.0,O=S(=O)(c1ccc(Br)s1)n1cccn1,14,2,0.7619047619047619,0.8,0.7804878048780488,True,True,True,true,True,True,-0.0,-0.0,False,False
af3|7yd2__1__1.A_1.B__1.K|1.K,kept_official,af3,7yd2__1__1.A_1.B__1.K,1.K,0.3416452371562777,0.136986301369863,0.65,0.46,0.196000158384128,3897961708,0,0.9416217618117356,4.216432571411133,False,False,C,scicore/home/schwede/durair0000/projects/plinder-org/Runs-N-Poses/data/paper_data/prediction_files/af3/7yd2__1__1.A_1.B__1.K/seed-3897961708_sample-0.cif,1.8264677005547807,4.48,0.04,3897961708,0,0.9416217618117356,4.216432571411133,False,False,C,scicore/home/schwede/durair0000/projects/plinder-org/Runs-N-Poses/data/paper_data/prediction_files/af3/7yd2__1__1.A_1.B__1.K/seed-3897961708_sample-0.cif,1.8264677005547807,4.48,0.04,0.0,0.0,0.0,0.0,COc1cc(Cl)nc(NC(=O)NS(=O)(=O)c2ccccc2C(=O)O)n1,25,5,0.7419354838709677,0.7419354838709677,0.7419354838709677,False,True,False,false,False,True,-0.0,-0.0,False,False
af3|7yv4__1__1.A__1.B|1.B,kept_official,af3,7yv4__1__1.A__1.B,1.B,0.2028888415216452,0.0886075949367088,0.11,0.69,0.0318809164689859,4054280966,3,0.7687992157227248,5.2262396812438965,False,True,B,scicore/home/schwede/durair0000/projects/plinder-org/Runs-N-Poses/data/paper_data/prediction_files/af3/7yv4__1__1.A__1.B/seed-4054280966_sample-3.cif,2.5250356515539294,4.0,0.0,4054280966,3,0.7687992157227248,5.2262396812438965,False,True,B,scicore/home/schwede/durair0000/projects/plinder-org/Runs-N-Poses/data/paper_data/prediction_files/af3/7yv4__1__1.A__1.B/seed-4054280966_sample-3.cif,2.5250356515539294,4.0,0.0,0.0,0.0,0.0,0.0,Cc1c(O)c(C)c2c(c1O)C(=O)C[C@@H](c1ccc(O)cc1)O2,22,1,0.0384615384615384,0.0357142857142857,0.037037037037037,True,True,True,true,True,True,-0.0,-0.0,False,False
af3|7yxl__1__1.A__1.C_1.E|1.E,kept_official,af3,7yxl__1__1.A__1.C_1.E,1.E,0.3168537004838452,0.2592592592592592,0.42,0.39,0.2155647987155223,3649039978,4,0.9405680668422932,0.6683010458946228,True,False,D,scicore/home/schwede/durair0000/projects/plinder-org/Runs-N-Poses/data/paper_data/prediction_files/af3/7yxl__1__1.A__1.C_1.E/seed-3649039978_sample-4.cif,0.4742352773948435,6.764705882352941,0.4705882352941176,3649039978,4,0.9405680668422932,0.6683010458946228,True,False,D,scicore/home/schwede/durair0000/projects/plinder-org/Runs-N-Poses/data/paper_data/prediction_files/af3/7yxl__1__1.A__1.C_1.E/seed-3649039978_sample-4.cif,0.4742352773948435,6.764705882352941,0.4705882352941176,0.0,0.0,0.0,0.0,O=C(O)C(=O)N[C@H](Cc1ccccc1)C(=O)O,17,4,0.9545454545454546,0.875,0.9130434782608696,False,True,False,false,False,True,-0.0,-0.0,False,False
af3|7z5u__1__1.A__1.B_1.C|1.C,kept_official,af3,7z5u__1__1.A__1.B_1.C,1.C,0.3464429974701027,0.1212121212121211,0.56,0.65,0.1700937752293016,549461985,3,0.9675889267620792,0.8257296085357666,True,True,C,scicore/home/schwede/durair0000/projects/plinder-org/Runs-N-Poses/data/paper_data/prediction_files/af3/7z5u__1__1.A__1.B_1.C/seed-549461985_sample-3.cif,2.819345714251783,4.0,0.0,549461985,3,0.9675889267620792,0.8257296085357666,True,True,C,scicore/home/schwede/durair0000/projects/plinder-org/Runs-N-Poses/data/paper_data/prediction_files/af3/7z5u__1__1.A__1.B_1.C/seed-549461985_sample-3.cif,2.819345714251783,4.0,0.0,0.0,0.0,0.0,0.0,CC(=O)Nc1ccccc1OCc1cn(CCNC(=O)[C@@H](CC(C)C)C(=O)NO)nn1,31,11,0.9583333333333334,0.6764705882352942,0.7931034482758621,True,True,True,true,True,True,-0.0,-0.0,False,False
af3|7zg9__1__1.A__1.C|1.C,kept_official,af3,7zg9__1__1.A__1.C,1.C,0.3046251161656738,0.027027027027027,0.64,0.41,0.2658282835310719,3304207636,3,0.8086025693024095,6.997989654541016,False,False,B,scicore/home/schwede/durair0000/projects/plinder-org/Runs-N-Poses/data/paper_data/prediction_files/af3/7zg9__1__1.A__1.C/seed-3304207636_sample-3.cif,3.017958182517663,2.04,0.0,3304207636,3,0.8086025693024095,6.997989654541016,False,False,B,scicore/home/schwede/durair0000/projects/plinder-org/Runs-N-Poses/data/paper_data/prediction_files/af3/7zg9__1__1.A__1.C/seed-3304207636_sample-3.cif,3.017958182517663,2.04,0.0,0.0,0.0,0.0,0.0,C[C@@H]1OC(=O)[C@H]2C[C@H]3CCCC[C@H]3[C@H](/C=C/[C@H]3CCC[C@H](C)N3C)[C@@H]12,25,2,0.92,0.8214285714285714,0.8679245283018867,True,True,True,false,False,True,-0.0,-0.0,False,False
af3|7zzw__1__1.A__1.E_1.M|1.M,kept_official,af3,7zzw__1__1.A__1.E_1.M,1.M,0.1992757503179593,0.0163934426229508,0.25,0.58,0.0751902269996327,1345690146,2,0.8569492035631722,26.369354248046875,False,True,C,scicore/home/schwede/durair0000/projects/plinder-org/Runs-N-Poses/data/paper_data/prediction_files/af3/7zzw__1__1.A__1.E_1.M/seed-1345690146_sample-2.cif,2.696439122633788,2.076923076923077,0.0,1345690146,2,0.8569492035631722,26.369354248046875,False,True,C,scicore/home/schwede/durair0000/projects/plinder-org/Runs-N-Poses/data/paper_data/prediction_files/af3/7zzw__1__1.A__1.E_1.M/seed-1345690146_sample-2.cif,2.696439122633788,2.076923076923077,0.0,0.0,0.0,0.0,0.0,O=S(=O)([O-])CC[NH2+]C1CCCCC1,13,4,0.0,0.0,0.0,True,True,True,true,True,True,-0.0,-0.0,False,False
af3|8c3u__1__1.A__1.C|1.C,kept_official,af3,8c3u__1__1.A__1.C,1.C,0.1828519200356059,0.1720430107526881,0.15,0.36,0.0656843313608254,281973202,2,0.7852190072713526,12.605116844177246,False,False,B,scicore/home/schwede/durair0000/projects/plinder-org/Runs-N-Poses/data/paper_data/prediction_files/af3/8c3u__1__1.A__1.C/seed-281973202_sample-2.cif,2.328167121790934,1.7428571428571429,0.0,281973202,2,0.7852190072713526,12.605116844177246,False,False,B,scicore/home/schwede/durair0000/projects/plinder-org/Runs-N-Poses/data/paper_data/prediction_files/af3/8c3u__1__1.A__1.C/seed-281973202_sample-2.cif,2.328167121790934,1.7428571428571429,0.0,0.0,0.0,0.0,0.0,Cc1ccc2c(c1)NC(=O)[C@@]2(c1cn[nH]c1)c1cc(-c2ccc(C(=O)O)cc2C(=O)O)ccc1O,35,5,0.0,0.0,0.0,True,True,True,false,False,True,-0.0,-0.0,False,False
af3|8cfb__1__1.A__1.L|1.L,kept_official,af3,8cfb__1__1.A__1.L,1.L,0.1826995265937507,0.1063829787234042,0.07,0.61,0.0298274202027964,3697577986,4,0.9450249907312632,37.84131240844727,False,True,S,scicore/home/schwede/durair0000/projects/plinder-org/Runs-N-Poses/data/paper_data/prediction_files/af3/8cfb__1__1.A__1.L/seed-3697577986_sample-4.cif,2.6590781734207103,1.75,0.0,3697577986,4,0.9450249907312632,37.84131240844727,False,True,S,scicore/home/schwede/durair0000/projects/plinder-org/Runs-N-Poses/data/paper_data/prediction_files/af3/8cfb__1__1.A__1.L/seed-3697577986_sample-4.cif,2.6590781734207103,1.75,0.0,0.0,0.0,0.0,0.0,CCCS(=O)(=O)Nc1cc(N)c(F)cc1F,16,4,0.6428571428571429,0.6,0.6206896551724138,True,True,True,true,True,True,-0.0,-0.0,False,False
af3|8cfk__1__1.A_1.D__1.H_1.I|1.H,kept_official,af3,8cfk__1__1.A_1.D__1.H_1.I,1.H,0.3197261853134874,0.1111111111111111,0.44,0.61,0.244186482122993,1310513648,4,0.9390092220230178,8.050185203552246,False,True,R,scicore/home/schwede/durair0000/projects/plinder-org/Runs-N-Poses/data/paper_data/prediction_files/af3/8cfk__1__1.A_1.D__1.H_1.I/seed-1310513648_sample-4.cif,3.200516876966473,1.125,0.0,1310513648,4,0.9390092220230178,8.050185203552246,False,True,R,scicore/home/schwede/durair0000/projects/plinder-org/Runs-N-Poses/data/paper_data/prediction_files/af3/8cfk__1__1.A_1.D__1.H_1.I/seed-1310513648_sample-4.cif,3.200516876966473,1.125,0.0,0.0,0.0,0.0,0.0,OC1C[C@H]2CC[C@@H](C1)N2Cc1ccccc1,16,2,0.4166666666666667,0.5555555555555556,0.4761904761904762,True,True,True,true,True,True,-0.0,-0.0,False,False
af3|8cg0__1__1.D__1.IA|1.IA,kept_official,af3,8cg0__1__1.D__1.IA,1.IA,0.1728455989587718,0.0606060606060606,0.09,0.61,0.0356673887332534,1780471194,1,0.941392981582204,7.197169780731201,False,False,N,scicore/home/schwede/durair0000/projects/plinder-org/Runs-N-Poses/data/paper_data/prediction_files/af3/8cg0__1__1.D__1.IA/seed-1780471194_sample-1.cif,1.5868455958097265,3.6,0.0666666666666666,1780471194,1,0.941392981582204,7.197169780731201,False,False,N,scicore/home/schwede/durair0000/projects/plinder-org/Runs-N-Poses/data/paper_data/prediction_files/af3/8cg0__1__1.D__1.IA/seed-1780471194_sample-1.cif,1.5868455958097265,3.6,0.0666666666666666,0.0,0.0,0.0,0.0,O=C(NC[C@@H]1CCCO1)NC1CCCC1,15,3,0.7857142857142857,1.0,0.88,False,True,False,false,False,True,-0.0,-0.0,False,False
af3|8clq__1__1.A__1.E|1.E,kept_official,af3,8clq__1__1.A__1.E,1.E,0.138911915292457,0.1538461538461538,0.05,0.34,0.0228288072315159,2944982689,4,0.9336393565573432,4.262813568115234,False,False,F,scicore/home/schwede/durair0000/projects/plinder-org/Runs-N-Poses/data/paper_data/prediction_files/af3/8clq__1__1.A__1.E/seed-2944982689_sample-4.cif,2.28659581606325,2.333333333333333,0.0,2944982689,4,0.9336393565573432,4.262813568115234,False,False,F,scicore/home/schwede/durair0000/projects/plinder-org/Runs-N-Poses/data/paper_data/prediction_files/af3/8clq__1__1.A__1.E/seed-2944982689_sample-4.cif,2.28659581606325,2.333333333333333,0.0,0.0,0.0,0.0,0.0,C[C@H](O)CCCC(=O)CCC/C=C/c1cc(O)cc(O)c1C(=O)O,24,10,0.8888888888888888,0.631578947368421,0.7384615384615385,True,True,True,false,False,True,-0.0,-0.0,False,False
af3|8ea6__1__1.A_1.B__1.C|1.C,kept_official,af3,8ea6__1__1.A_1.B__1.C,1.C,0.2171340823719636,0.1056910569105691,0.27,0.46,0.103211062266322,529594057,0,0.8888209928051821,11.885351181030272,False,False,C,scicore/home/schwede/durair0000/projects/plinder-org/Runs-N-Poses/data/paper_data/prediction_files/af3/8ea6__1__1.A_1.B__1.C/seed-529594057_sample-0.cif,2.130258105404633,4.085714285714285,0.0,529594057,0,0.8888209928051821,11.885351181030272,False,False,C,scicore/home/schwede/durair0000/projects/plinder-org/Runs-N-Poses/data/paper_data/prediction_files/af3/8ea6__1__1.A_1.B__1.C/seed-529594057_sample-0.cif,2.130258105404633,4.085714285714285,0.0,0.0,0.0,0.0,0.0,CN(C)C(=O)[C@@H](NC(=O)c1ccccc1-c1ccc(C(F)(F)F)cc1)c1cccc(C(F)(F)F)c1,35,5,0.3888888888888889,0.5384615384615384,0.4516129032258064,True,True,True,false,False,True,-0.0,-0.0,False,False
af3|8etl__1__1.A__1.C|1.C,kept_official,af3,8etl__1__1.A__1.C,1.C,0.2218328232279351,0.1636363636363636,0.17,0.52,0.0903004797760394,687794646,3,0.9844852095524372,1.4905085563659668,True,False,B,scicore/home/schwede/durair0000/projects/plinder-org/Runs-N-Poses/data/paper_data/prediction_files/af3/8etl__1__1.A__1.C/seed-687794646_sample-3.cif,2.4741851051642128,4.176470588235294,0.0,687794646,3,0.9844852095524372,1.4905085563659668,True,False,B,scicore/home/schwede/durair0000/projects/plinder-org/Runs-N-Poses/data/paper_data/prediction_files/af3/8etl__1__1.A__1.C/seed-687794646_sample-3.cif,2.4741851051642128,4.176470588235294,0.0,0.0,0.0,0.0,0.0,CCCCN[C@H]1C[C@](O)(CO)[C@@H](O)[C@H](O)[C@H]1O,17,5,0.7619047619047619,0.8888888888888888,0.8205128205128205,True,True,True,false,False,True,-0.0,-0.0,False,False
af3|8eym__1__1.A_1.B__1.C_1.E|1.C,kept_official,af3,8eym__1__1.A_1.B__1.C_1.E,1.C,0.1889863473461275,0.196078431372549,0.1,0.42,0.0567944818286769,953652096,2,0.905813635994972,0.7436539530754089,True,False,C,scicore/home/schwede/durair0000/projects/plinder-org/Runs-N-Poses/data/paper_data/prediction_files/af3/8eym__1__1.A_1.B__1.C_1.E/seed-953652096_sample-2.cif,2.199286207760528,3.526315789473684,0.0,953652096,2,0.905813635994972,0.7436539530754089,True,False,C,scicore/home/schwede/durair0000/projects/plinder-org/Runs-N-Poses/data/paper_data/prediction_files/af3/8eym__1__1.A_1.B__1.C_1.E/seed-953652096_sample-2.cif,2.199286207760528,3.526315789473684,0.0,0.0,0.0,0.0,0.0,CC(=O)N[C@@H]1[C@@H](O)[C@H](O)[C@@H](COP(=O)(O)O)O[C@@H]1O,19,4,,,,True,True,True,false,False,True,-0.0,-0.0,False,False
af3|8eym__1__1.A_1.B__1.C_1.E|1.E,kept_official,af3,8eym__1__1.A_1.B__1.C_1.E,1.E,0.1905689788528178,0.196078431372549,0.1,0.43,0.0547076393621281,953652096,2,0.905813635994972,0.7436539530754089,True,False,C,scicore/home/schwede/durair0000/projects/plinder-org/Runs-N-Poses/data/paper_data/prediction_files/af3/8eym__1__1.A_1.B__1.C_1.E/seed-953652096_sample-2.cif,2.199286207760528,3.526315789473684,0.0,953652096,2,0.905813635994972,0.7436539530754089,True,False,C,scicore/home/schwede/durair0000/projects/plinder-org/Runs-N-Poses/data/paper_data/prediction_files/af3/8eym__1__1.A_1.B__1.C_1.E/seed-953652096_sample-2.cif,2.199286207760528,3.526315789473684,0.0,0.0,0.0,0.0,0.0,CC(=O)N[C@@H]1[C@@H](O)[C@H](O)[C@@H](COP(=O)(O)O)O[C@@H]1O,19,4,0.9230769230769232,0.9230769230769232,0.9230769230769232,True,True,True,false,False,True,-0.0,-0.0,False,False
af3|8g4a__1__1.A_1.B__1.C|1.C,kept_official,af3,8g4a__1__1.A_1.B__1.C,1.C,0.2310147037633507,0.054054054054054,0.32,0.48,0.180478924222159,61021226,2,0.8411469491805406,0.3776716589927673,True,True,C,scicore/home/schwede/durair0000/projects/plinder-org/Runs-N-Poses/data/paper_data/prediction_files/af3/8g4a__1__1.A_1.B__1.C/seed-61021226_sample-2.cif,3.0137628358692723,2.894736842105264,0.0,61021226,2,0.8411469491805406,0.3776716589927673,True,True,C,scicore/home/schwede/durair0000/projects/plinder-org/Runs-N-Poses/data/paper_data/prediction_files/af3/8g4a__1__1.A_1.B__1.C/seed-61021226_sample-2.cif,3.0137628358692723,2.894736842105264,0.0,0.0,0.0,0.0,0.0,FC(F)(F)c1cc(-c2nn[nH]n2)cc(C(F)(F)F)c1,19,1,0.9090909090909092,0.9090909090909092,0.9090909090909092,True,True,True,true,True,True,-0.0,-0.0,False,False
af3|8g62__1__1.A__1.F_1.J_1.L|1.F,kept_official,af3,8g62__1__1.A__1.F_1.J_1.L,1.F,0.2820176070882874,0.0606060606060606,0.19,1.0,0.066527429380831,1653317455,0,0.9145910578328796,35.0372314453125,False,True,B,scicore/home/schwede/durair0000/projects/plinder-org/Runs-N-Poses/data/paper_data/prediction_files/af3/8g62__1__1.A__1.F_1.J_1.L/seed-1653317455_sample-0.cif,2.7097168758229007,2.90625,0.0,1653317455,0,0.9145910578328796,35.0372314453125,False,True,B,scicore/home/schwede/durair0000/projects/plinder-org/Runs-N-Poses/data/paper_data/prediction_files/af3/8g62__1__1.A__1.F_1.J_1.L/seed-1653317455_sample-0.cif,2.7097168758229007,2.90625,0.0,0.0,0.0,0.0,0.0,COc1cc(C(=O)Nc2ccc(S(=O)(=O)N3CCCC3)cc2)cc(C2CCN(C)CC2)c1,32,6,0.0,0.0,0.0,True,True,True,true,True,True,-0.0,-0.0,False,False
af3|8g68__1__1.A__1.C|1.C,kept_official,af3,8g68__1__1.A__1.C,1.C,0.3109035941793497,0.0606060606060606,0.56,0.48,0.2684573648361425,2754201156,3,0.6521414748092578,22.20904541015625,False,True,B,scicore/home/schwede/durair0000/projects/plinder-org/Runs-N-Poses/data/paper_data/prediction_files/af3/8g68__1__1.A__1.C/seed-2754201156_sample-3.cif,2.653034207718313,4.0,0.0,2754201156,3,0.6521414748092578,22.20904541015625,False,True,B,scicore/home/schwede/durair0000/projects/plinder-org/Runs-N-Poses/data/paper_data/prediction_files/af3/8g68__1__1.A__1.C/seed-2754201156_sample-3.cif,2.653034207718313,4.0,0.0,0.0,0.0,0.0,0.0,CCc1cc(C)n(-c2ccc(N)cc2)n1,15,2,0.0,0.0,0.0,True,True,True,true,True,True,-0.0,-0.0,False,False
af3|8g69__1__1.A__1.C|1.C,kept_official,af3,8g69__1__1.A__1.C,1.C,0.3050369297289834,0.0606060606060606,0.53,0.48,0.2766240425843109,56066953,0,0.6373922511455865,20.985883712768555,False,False,B,scicore/home/schwede/durair0000/projects/plinder-org/Runs-N-Poses/data/paper_data/prediction_files/af3/8g69__1__1.A__1.C/seed-56066953_sample-0.cif,1.918024946975457,6.333333333333333,0.0666666666666666,56066953,0,0.6373922511455865,20.985883712768555,False,False,B,scicore/home/schwede/durair0000/projects/plinder-org/Runs-N-Poses/data/paper_data/prediction_files/af3/8g69__1__1.A__1.C/seed-56066953_sample-0.cif,1.918024946975457,6.333333333333333,0.0666666666666666,0.0,0.0,0.0,0.0,CCc1cc(C)nn1-c1ccc(N)cc1,15,2,0.0,0.0,0.0,False,True,False,false,False,True,-0.0,-0.0,False,False
af3|8gu1__1__1.A_1.B__1.D|1.D,kept_official,af3,8gu1__1__1.A_1.B__1.D,1.D,0.3404511860017241,0.0769230769230769,0.76,0.39,0.2276405453932357,1222150050,1,0.8680976591818685,12.329625129699709,False,False,C,scicore/home/schwede/durair0000/projects/plinder-org/Runs-N-Poses/data/paper_data/prediction_files/af3/8gu1__1__1.A_1.B__1.D/seed-1222150050_sample-1.cif,1.7665609937946742,2.9411764705882355,0.0588235294117647,1222150050,1,0.8680976591818685,12.329625129699709,False,False,C,scicore/home/schwede/durair0000/projects/plinder-org/Runs-N-Poses/data/paper_data/prediction_files/af3/8gu1__1__1.A_1.B__1.D/seed-1222150050_sample-1.cif,1.7665609937946742,2.9411764705882355,0.0588235294117647,0.0,0.0,0.0,0.0,O=c1[nH]c2ccccc2n1C1CCN(CCCC(c2ccc(F)cc2)c2ccc(F)cc2)CC1,34,7,0.8,0.8235294117647058,0.8115942028985507,False,True,False,false,False,True,-0.0,-0.0,False,False
af3|8gyd__1__1.A_1.B__1.K|1.K,kept_official,af3,8gyd__1__1.A_1.B__1.K,1.K,0.3352742218001122,0.1346153846153846,0.6,0.46,0.230794185923638,2810875362,0,0.9178101522201448,13.266578674316406,False,False,C,scicore/home/schwede/durair0000/projects/plinder-org/Runs-N-Poses/data/paper_data/prediction_files/af3/8gyd__1__1.A_1.B__1.K/seed-2810875362_sample-0.cif,2.2215238478534363,3.4390243902439024,0.0,2810875362,0,0.9178101522201448,13.266578674316406,False,False,C,scicore/home/schwede/durair0000/projects/plinder-org/Runs-N-Poses/data/paper_data/prediction_files/af3/8gyd__1__1.A_1.B__1.K/seed-2810875362_sample-0.cif,2.2215238478534363,3.4390243902439024,0.0,0.0,0.0,0.0,0.0,O=C(O)[C@H](Cc1ccc(Cl)cc1)Cn1c(-c2ccc(Cl)s2)nc2ccc(-c3ccccc3-c3nnn[nH]3)cc2c1=O,41,8,0.3157894736842105,0.2608695652173913,0.2857142857142857,True,True,True,false,False,True,-0.0,-0.0,False,False
af3|8ho5__1__1.A__1.B|1.B,kept_official,af3,8ho5__1__1.A__1.B,1.B,0.2981069180134488,0.141025641025641,0.5,0.38,0.2387397182723721,3230685371,4,0.8888004541958794,3.224042654037476,False,False,B,scicore/home/schwede/durair0000/projects/plinder-org/Runs-N-Poses/data/paper_data/prediction_files/af3/8ho5__1__1.A__1.B/seed-3230685371_sample-4.cif,2.488868301423277,1.434782608695652,0.0,3230685371,4,0.8888004541958794,3.224042654037476,False,False,B,scicore/home/schwede/durair0000/projects/plinder-org/Runs-N-Poses/data/paper_data/prediction_files/af3/8ho5__1__1.A__1.B/seed-3230685371_sample-4.cif,2.488868301423277,1.434782608695652,0.0,0.0,0.0,0.0,0.0,Cc1c(C)n(C[C@@H](O)CN[C@H]2CCCC[C@@H]2C)c2ccccc12,23,5,0.8,0.8,0.8000000000000002,True,True,True,false,False,True,-0.0,-0.0,False,False
af3|8ivs__1__1.A_1.B__1.C|1.C,kept_official,af3,8ivs__1__1.A_1.B__1.C,1.C,0.3480504633886326,0.131578947368421,0.64,0.45,0.2599891590484262,885643810,4,0.9445128927686086,5.584042549133301,False,True,C,scicore/home/schwede/durair0000/projects/plinder-org/Runs-N-Poses/data/paper_data/prediction_files/af3/8ivs__1__1.A_1.B__1.C/seed-885643810_sample-4.cif,2.355487349803713,5.857142857142857,0.0,885643810,4,0.9445128927686086,5.584042549133301,False,True,C,scicore/home/schwede/durair0000/projects/plinder-org/Runs-N-Poses/data/paper_data/prediction_files/af3/8ivs__1__1.A_1.B__1.C/seed-885643810_sample-4.cif,2.355487349803713,5.857142857142857,0.0,0.0,0.0,0.0,0.0,CCOc1nc(NC)nc(NC(=O)NS(=O)(=O)c2ccccc2C(=O)OC)n1,28,7,0.5882352941176471,0.9090909090909092,0.7142857142857143,True,True,True,true,True,True,-0.0,-0.0,False,False
af3|8ivt__1__1.A_1.B__1.F|1.F,kept_official,af3,8ivt__1__1.A_1.B__1.F,1.F,0.3347984178695694,0.136986301369863,0.62,0.45,0.2092660619505868,2847610323,2,0.9458743989470936,6.044519901275635,False,False,C,scicore/home/schwede/durair0000/projects/plinder-org/Runs-N-Poses/data/paper_data/prediction_files/af3/8ivt__1__1.A_1.B__1.F/seed-2847610323_sample-2.cif,2.195858719899688,4.222222222222222,0.0,2847610323,2,0.9458743989470936,6.044519901275635,False,False,C,scicore/home/schwede/durair0000/projects/plinder-org/Runs-N-Poses/data/paper_data/prediction_files/af3/8ivt__1__1.A_1.B__1.F/seed-2847610323_sample-2.cif,2.195858719899688,4.222222222222222,0.0,0.0,0.0,0.0,0.0,COC(=O)c1ccccc1S(=O)(=O)NC(=O)N(C)c1nc(C)nc(OC)n1,27,5,0.6451612903225806,0.8333333333333334,0.7272727272727272,True,True,True,false,False,True,-0.0,-0.0,False,False
af3|8iw3__1__1.A_1.B__1.C|1.C,kept_official,af3,8iw3__1__1.A_1.B__1.C,1.C,0.3413531917811083,0.1282051282051282,0.65,0.45,0.2199069845465672,2596752086,1,0.9460068607325248,5.551487922668457,False,False,C,scicore/home/schwede/durair0000/projects/plinder-org/Runs-N-Poses/data/paper_data/prediction_files/af3/8iw3__1__1.A_1.B__1.C/seed-2596752086_sample-1.cif,2.324207768550919,6.407407407407407,0.0,2596752086,1,0.9460068607325248,5.551487922668457,False,False,C,scicore/home/schwede/durair0000/projects/plinder-org/Runs-N-Poses/data/paper_data/prediction_files/af3/8iw3__1__1.A_1.B__1.C/seed-2596752086_sample-1.cif,2.324207768550919,6.407407407407407,0.0,0.0,0.0,0.0,0.0,CCOC(=O)c1ccccc1S(=O)(=O)NC(=O)Nc1nc(Cl)cc(OC)n1,27,6,0.6451612903225806,0.8695652173913043,0.7407407407407407,True,True,True,false,False,True,-0.0,-0.0,False,False
af3|8j7j__1__1.A_1.B__1.C|1.C,kept_official,af3,8j7j__1__1.A_1.B__1.C,1.C,0.3410472369781002,0.1052631578947368,0.65,0.45,0.2585256585747115,3219570356,1,0.9444181538587532,5.559308052062988,False,True,C,scicore/home/schwede/durair0000/projects/plinder-org/Runs-N-Poses/data/paper_data/prediction_files/af3/8j7j__1__1.A_1.B__1.C/seed-3219570356_sample-1.cif,2.625663740555688,4.08,0.0,3219570356,1,0.9444181538587532,5.559308052062988,False,True,C,scicore/home/schwede/durair0000/projects/plinder-org/Runs-N-Poses/data/paper_data/prediction_files/af3/8j7j__1__1.A_1.B__1.C/seed-3219570356_sample-1.cif,2.625663740555688,4.08,0.0,0.0,0.0,0.0,0.0,COC(=O)c1sccc1S(=O)(=O)NC(=O)Nc1nc(C)nc(OC)n1,25,5,0.7,0.9130434782608696,0.7924528301886793,True,True,True,true,True,True,-0.0,-0.0,False,False
af3|8jb3__1__1.A__1.B|1.B,kept_official,af3,8jb3__1__1.A__1.B,1.B,0.342772727817712,0.4307692307692308,0.25,0.49,0.1575174852424065,2774317870,1,0.8472359148105426,25.880285263061523,False,False,B,scicore/home/schwede/durair0000/projects/plinder-org/Runs-N-Poses/data/paper_data/prediction_files/af3/8jb3__1__1.A__1.B/seed-2774317870_sample-1.cif,2.618959941742723,3.8947368421052633,0.0,2774317870,1,0.8472359148105426,25.880285263061523,False,False,B,scicore/home/schwede/durair0000/projects/plinder-org/Runs-N-Poses/data/paper_data/prediction_files/af3/8jb3__1__1.A__1.B/seed-2774317870_sample-1.cif,2.618959941742723,3.8947368421052633,0.0,0.0,0.0,0.0,0.0,O=c1[nH]cnc2c1ncn2[C@@H]1O[C@H](CO)[C@@H](O)[C@H]1O,19,2,0.0,0.0,0.0,True,True,True,false,False,True,-0.0,-0.0,False,False
af3|8jjt__1__1.A__1.D|1.D,kept_official,af3,8jjt__1__1.A__1.D,1.D,0.1148175704918721,0.0941176470588235,0.02,0.38,0.0043819701064194,2645616148,4,0.9491218386903538,0.3937437534332275,True,False,B,scicore/home/schwede/durair0000/projects/plinder-org/Runs-N-Poses/data/paper_data/prediction_files/af3/8jjt__1__1.A__1.D/seed-2645616148_sample-4.cif,2.1543716170905536,4.461538461538462,0.0,2645616148,4,0.9491218386903538,0.3937437534332275,True,False,B,scicore/home/schwede/durair0000/projects/plinder-org/Runs-N-Poses/data/paper_data/prediction_files/af3/8jjt__1__1.A__1.D/seed-2645616148_sample-4.cif,2.1543716170905536,4.461538461538462,0.0,0.0,0.0,0.0,0.0,CC(=O)N[C@H]1[C@@H](O[P@@](=O)(O)O[P@@](=O)(O)OC[C@H]2O[C@@H](n3ccc(=O)[nH]c3=O)[C@H](O)[C@@H]2O)O[C@H](CO)[C@@H](O)[C@@H]1O,39,10,1.0,1.0,1.0,True,True,True,false,False,True,-0.0,-0.0,False,False
af3|8ome__1__1.A_1.D__1.E|1.E,kept_official,af3,8ome__1__1.A_1.D__1.E,1.E,0.33950160667139,0.0555555555555555,0.79,0.33,0.2827858111347281,798208142,0,0.8844634000912995,1.0004606246948242,True,False,C,scicore/home/schwede/durair0000/projects/plinder-org/Runs-N-Poses/data/paper_data/prediction_files/af3/8ome__1__1.A_1.D__1.E/seed-798208142_sample-0.cif,3.145859115395105,2.0,0.0,798208142,0,0.8844634000912995,1.0004606246948242,True,False,C,scicore/home/schwede/durair0000/projects/plinder-org/Runs-N-Poses/data/paper_data/prediction_files/af3/8ome__1__1.A_1.D__1.E/seed-798208142_sample-0.cif,3.145859115395105,2.0,0.0,0.0,0.0,0.0,0.0,CS(=O)(=O)c1cccc2[nH]c3c(c12)CCCc1ccc(CN2CC[C@](O)(c4ccccc4)C2)cc1-3,35,4,0.9655172413793104,0.9655172413793104,0.9655172413793104,True,True,True,false,False,True,-0.0,-0.0,False,False
af3|8opu__1__1.A_1.C_1.D__1.IA|1.IA,kept_official,af3,8opu__1__1.A_1.C_1.D__1.IA,1.IA,0.3383254448330237,0.0970873786407767,0.54,0.57,0.2767243115437593,3422020809,2,0.935337463115278,37.33182144165039,False,True,E,scicore/home/schwede/durair0000/projects/plinder-org/Runs-N-Poses/data/paper_data/prediction_files/af3/8opu__1__1.A_1.C_1.D__1.IA/seed-3422020809_sample-2.cif,2.7279569867454434,3.411764705882353,0.0,3422020809,2,0.935337463115278,37.33182144165039,False,True,E,scicore/home/schwede/durair0000/projects/plinder-org/Runs-N-Poses/data/paper_data/prediction_files/af3/8opu__1__1.A_1.C_1.D__1.IA/seed-3422020809_sample-2.cif,2.7279569867454434,3.411764705882353,0.0,0.0,0.0,0.0,0.0,Cc1cc(NS(=O)(=O)c2ccc(N)cc2)no1,17,3,0.5714285714285714,0.5,0.5333333333333333,True,True,True,true,True,True,-0.0,-0.0,False,False
af3|8oqn__1__1.A_1.D__1.I|1.I,kept_official,af3,8oqn__1__1.A_1.D__1.I,1.I,0.1625317210047051,0.0784313725490195,0.07,0.55,0.0379037030627412,1021622009,2,0.9222099747137774,20.213956832885746,False,True,H,scicore/home/schwede/durair0000/projects/plinder-org/Runs-N-Poses/data/paper_data/prediction_files/af3/8oqn__1__1.A_1.D__1.I/seed-1021622009_sample-2.cif,2.581679965675768,1.8666666666666667,0.0,1021622009,2,0.9222099747137774,20.213956832885746,False,True,H,scicore/home/schwede/durair0000/projects/plinder-org/Runs-N-Poses/data/paper_data/prediction_files/af3/8oqn__1__1.A_1.D__1.I/seed-1021622009_sample-2.cif,2.581679965675768,1.8666666666666667,0.0,0.0,0.0,0.0,0.0,O=C(O)c1cnn(Cc2ccccc2)c1,15,3,0.0,0.0,0.0,True,True,True,true,True,True,-0.0,-0.0,False,False
af3|8oqp__1__1.D__1.PA|1.PA,kept_official,af3,8oqp__1__1.D__1.PA,1.PA,0.3163108067407868,0.0465116279069767,0.56,0.55,0.2501586848667248,2644958805,0,0.9090050060786464,21.03720474243164,False,True,J,scicore/home/schwede/durair0000/projects/plinder-org/Runs-N-Poses/data/paper_data/prediction_files/af3/8oqp__1__1.D__1.PA/seed-2644958805_sample-0.cif,2.6269372455782234,1.9285714285714288,0.0,2644958805,0,0.9090050060786464,21.03720474243164,False,True,J,scicore/home/schwede/durair0000/projects/plinder-org/Runs-N-Poses/data/paper_data/prediction_files/af3/8oqp__1__1.D__1.PA/seed-2644958805_sample-0.cif,2.6269372455782234,1.9285714285714288,0.0,0.0,0.0,0.0,0.0,Nc1ccc(S(=O)(=O)O)cc1C(=O)O,14,2,0.0,0.0,0.0,True,True,True,true,True,True,-0.0,-0.0,False,False
af3|8oqv__1__1.B__1.Q|1.Q,kept_official,af3,8oqv__1__1.B__1.Q,1.Q,0.2826103394558237,0.131578947368421,0.4,0.42,0.2627885393843817,2492943827,1,0.930161860269215,9.312105178833008,False,True,G,scicore/home/schwede/durair0000/projects/plinder-org/Runs-N-Poses/data/paper_data/prediction_files/af3/8oqv__1__1.B__1.Q/seed-2492943827_sample-1.cif,2.68768968039784,2.4615384615384617,0.0,2492943827,1,0.930161860269215,9.312105178833008,False,True,G,scicore/home/schwede/durair0000/projects/plinder-org/Runs-N-Poses/data/paper_data/prediction_files/af3/8oqv__1__1.B__1.Q/seed-2492943827_sample-1.cif,2.68768968039784,2.4615384615384617,0.0,0.0,0.0,0.0,0.0,O=[N+]([O-])c1ccc(S(=O)(=O)O)cc1,13,2,0.3181818181818182,0.4666666666666667,0.3783783783783784,True,True,True,true,True,True,-0.0,-0.0,False,False
af3|8pfl__1__1.A__1.C|1.C,kept_official,af3,8pfl__1__1.A__1.C,1.C,0.1889806505228901,0.0909090909090909,0.21,0.48,0.0433123435235414,1233008941,3,0.7700015423184042,22.29941177368164,False,False,B,scicore/home/schwede/durair0000/projects/plinder-org/Runs-N-Poses/data/paper_data/prediction_files/af3/8pfl__1__1.A__1.C/seed-1233008941_sample-3.cif,1.441527306056295,4.5625,0.0625,1233008941,3,0.7700015423184042,22.29941177368164,False,False,B,scicore/home/schwede/durair0000/projects/plinder-org/Runs-N-Poses/data/paper_data/prediction_files/af3/8pfl__1__1.A__1.C/seed-1233008941_sample-3.cif,1.441527306056295,4.5625,0.0625,0.0,0.0,0.0,0.0,CCc1c(N2CCN(C(=O)c3ncccc3O)CC2)c(=O)n2nc(C3=CCOCC3)nc2n1CC(=O)Nc1ccc(C(F)(F)F)cc1C,48,7,0.1428571428571428,0.1052631578947368,0.1212121212121212,False,True,False,false,False,True,-0.0,-0.0,False,False
af3|8plu__1__1.A__1.D|1.D,kept_official,af3,8plu__1__1.A__1.D,1.D,0.2328860057878207,0.1886792452830188,0.17,0.53,0.0917413496938206,1402679244,2,0.9444721419429264,28.93906784057617,False,True,D,scicore/home/schwede/durair0000/projects/plinder-org/Runs-N-Poses/data/paper_data/prediction_files/af3/8plu__1__1.A__1.D/seed-1402679244_sample-2.cif,2.791946464114117,2.111111111111111,0.0,1402679244,2,0.9444721419429264,28.93906784057617,False,True,D,scicore/home/schwede/durair0000/projects/plinder-org/Runs-N-Poses/data/paper_data/prediction_files/af3/8plu__1__1.A__1.D/seed-1402679244_sample-2.cif,2.791946464114117,2.111111111111111,0.0,0.0,0.0,0.0,0.0,CC(C)c1ccc(C(=O)Nc2ccccn2)cc1,18,3,0.0,0.0,0.0,True,True,True,true,True,True,-0.0,-0.0,False,False
af3|8qnh__1__1.A__1.B|1.B,kept_official,af3,8qnh__1__1.A__1.B,1.B,0.276272927542405,0.126865671641791,0.17,0.88,0.066849712338891,1317340148,3,0.8757423849236312,16.714130401611328,False,False,B,scicore/home/schwede/durair0000/projects/plinder-org/Runs-N-Poses/data/paper_data/prediction_files/af3/8qnh__1__1.A__1.B/seed-1317340148_sample-3.cif,2.681023213776442,2.282051282051282,0.0,1317340148,3,0.8757423849236312,16.714130401611328,False,False,B,scicore/home/schwede/durair0000/projects/plinder-org/Runs-N-Poses/data/paper_data/prediction_files/af3/8qnh__1__1.A__1.B/seed-1317340148_sample-3.cif,2.681023213776442,2.282051282051282,0.0,0.0,0.0,0.0,0.0,CC1CC(c2cccc(N3Cc4c(cc(CN5CCC[C@H](C)C5)cc4C(F)(F)F)C3=O)c2)(c2nncn2C)C1,39,5,0.0416666666666666,0.0285714285714285,0.0338983050847457,True,True,True,false,False,True,-0.0,-0.0,False,False
af3|8qtg__1__1.A__1.B|1.B,kept_official,af3,8qtg__1__1.A__1.B,1.B,0.2245431733599726,0.0725806451612903,0.07,0.88,0.0281997377676052,861048199,3,0.6588364548855837,8.739551544189453,False,False,B,scicore/home/schwede/durair0000/projects/plinder-org/Runs-N-Poses/data/paper_data/prediction_files/af3/8qtg__1__1.A__1.B/seed-861048199_sample-3.cif,2.477469821845518,3.5357142857142856,0.0,861048199,3,0.6588364548855837,8.739551544189453,False,False,B,scicore/home/schwede/durair0000/projects/plinder-org/Runs-N-Poses/data/paper_data/prediction_files/af3/8qtg__1__1.A__1.B/seed-861048199_sample-3.cif,2.477469821845518,3.5357142857142856,0.0,0.0,0.0,0.0,0.0,CC1CC(c2cccc(-c3cc(C(F)(F)F)c[nH]c3=O)c2)(c2nncn2C)C1,28,3,0.25,0.1034482758620689,0.1463414634146341,True,True,True,false,False,True,-0.0,-0.0,False,False
af3|8qth__1__1.A__1.B|1.B,kept_official,af3,8qth__1__1.A__1.B,1.B,0.2233946977369844,0.0697674418604651,0.07,0.88,0.0273804654291084,3891473023,3,0.6592553043441405,14.022796630859377,False,False,B,scicore/home/schwede/durair0000/projects/plinder-org/Runs-N-Poses/data/paper_data/prediction_files/af3/8qth__1__1.A__1.B/seed-3891473023_sample-3.cif,2.034388160889465,3.53125,0.0,3891473023,3,0.6592553043441405,14.022796630859377,False,False,B,scicore/home/schwede/durair0000/projects/plinder-org/Runs-N-Poses/data/paper_data/prediction_files/af3/8qth__1__1.A__1.B/seed-3891473023_sample-3.cif,2.034388160889465,3.53125,0.0,0.0,0.0,0.0,0.0,CC1CC(c2cccc(-c3cc4c(C(F)(F)F)cn(C)c4[nH]c3=O)c2)(c2nncn2C)C1,32,3,0.0,0.0,0.0,True,True,True,false,False,True,-0.0,-0.0,False,False
af3|8qtj__1__1.A__1.E|1.E,kept_official,af3,8qtj__1__1.A__1.E,1.E,0.2551152358977929,0.0833333333333333,0.15,0.88,0.0622428461556312,2873299980,0,0.658935675426886,28.227310180664062,False,True,B,scicore/home/schwede/durair0000/projects/plinder-org/Runs-N-Poses/data/paper_data/prediction_files/af3/8qtj__1__1.A__1.E/seed-2873299980_sample-0.cif,3.019385300508468,1.6111111111111112,0.0,2873299980,0,0.658935675426886,28.227310180664062,False,True,B,scicore/home/schwede/durair0000/projects/plinder-org/Runs-N-Poses/data/paper_data/prediction_files/af3/8qtj__1__1.A__1.E/seed-2873299980_sample-0.cif,3.019385300508468,1.6111111111111112,0.0,0.0,0.0,0.0,0.0,CC1CC(c2cccc(-c3cc(C(F)(F)F)cn([C@H](C)c4cnn(C)c4)c3=O)c2)(c2nncn2C)C1,36,5,0.0,0.0,0.0,True,True,True,true,True,True,-0.0,-0.0,False,False
af3|8rkq__1__1.A__1.E|1.E,kept_official,af3,8rkq__1__1.A__1.E,1.E,0.2201963944506418,0.1129032258064516,0.31,0.39,0.1259013270919188,677717709,4,0.9743819089803872,42.75569152832031,False,False,C,scicore/home/schwede/durair0000/projects/plinder-org/Runs-N-Poses/data/paper_data/prediction_files/af3/8rkq__1__1.A__1.E/seed-677717709_sample-4.cif,1.8981097833867269,2.576923076923077,0.0576923076923076,677717709,4,0.9743819089803872,42.75569152832031,False,False,C,scicore/home/schwede/durair0000/projects/plinder-org/Runs-N-Poses/data/paper_data/prediction_files/af3/8rkq__1__1.A__1.E/seed-677717709_sample-4.cif,1.8981097833867269,2.576923076923077,0.0576923076923076,0.0,0.0,0.0,0.0,O=P(O)(O)Oc1c2c(c(OP(=O)(O)O)c3c1[C@H]1C[C@@H]3c3cc4c(cc31)[C@H]1C[C@@H]4c3ccccc31)[C@H]1C[C@@H]2c2cc3c(cc21)[C@H]1C[C@@H]3c2ccccc21,52,4,0.0,0.0,0.0,False,True,False,false,False,True,-0.0,-0.0,False,False
af3|8se5__1__1.A_1.B__1.H|1.H,kept_official,af3,8se5__1__1.A_1.B__1.H,1.H,0.2276427646665613,0.1417322834645669,0.26,0.47,0.0951823272698144,1372310301,3,0.93420875393951,0.4996817111968994,True,True,C,scicore/home/schwede/durair0000/projects/plinder-org/Runs-N-Poses/data/paper_data/prediction_files/af3/8se5__1__1.A_1.B__1.H/seed-1372310301_sample-3.cif,2.6079166807244696,1.95,0.0,1372310301,3,0.93420875393951,0.4996817111968994,True,True,C,scicore/home/schwede/durair0000/projects/plinder-org/Runs-N-Poses/data/paper_data/prediction_files/af3/8se5__1__1.A_1.B__1.H/seed-1372310301_sample-3.cif,2.6079166807244696,1.95,0.0,0.0,0.0,0.0,0.0,O=C(N[C@H](C(=O)N1C[C@@H]2C(CO)[C@@H]2C1)c1cccc(C(F)(F)F)c1)c1ccccc1-c1ccc(C(F)(F)F)cc1,40,6,0.55,0.7333333333333333,0.6285714285714286,True,True,True,true,True,True,-0.0,-0.0,False,False
af3|8skn__1__1.A__1.C|1.C,kept_official,af3,8skn__1__1.A__1.C,1.C,0.2534375417046202,0.1346153846153846,0.18,0.73,0.0766107854461778,714333764,0,0.7415214927201166,27.262365341186523,False,True,B,scicore/home/schwede/durair0000/projects/plinder-org/Runs-N-Poses/data/paper_data/prediction_files/af3/8skn__1__1.A__1.C/seed-714333764_sample-0.cif,2.708868102021028,2.111111111111111,0.0,714333764,0,0.7415214927201166,27.262365341186523,False,True,B,scicore/home/schwede/durair0000/projects/plinder-org/Runs-N-Poses/data/paper_data/prediction_files/af3/8skn__1__1.A__1.C/seed-714333764_sample-0.cif,2.708868102021028,2.111111111111111,0.0,0.0,0.0,0.0,0.0,Cc1ccc(-c2cc(N3CCC3)c3cc(NC(=O)C(C)C)ccc3n2)cc1,27,4,0.0,0.0,0.0,True,True,True,true,True,True,-0.0,-0.0,False,False
af3|8ts9__1__1.A__1.C|1.C,kept_official,af3,8ts9__1__1.A__1.C,1.C,0.2502887110048306,0.1521739130434782,0.28,0.55,0.0851392071980657,4005518144,2,0.9011266672944068,21.44188690185547,False,False,C,scicore/home/schwede/durair0000/projects/plinder-org/Runs-N-Poses/data/paper_data/prediction_files/af3/8ts9__1__1.A__1.C/seed-4005518144_sample-2.cif,1.6742578026987385,3.15625,0.09375,4005518144,2,0.9011266672944068,21.44188690185547,False,False,C,scicore/home/schwede/durair0000/projects/plinder-org/Runs-N-Poses/data/paper_data/prediction_files/af3/8ts9__1__1.A__1.C/seed-4005518144_sample-2.cif,1.6742578026987385,3.15625,0.09375,0.0,0.0,0.0,0.0,CNC(=O)c1cnc(Nc2ccccc2C)c(NC(=O)c2cc(F)cc(C(F)(F)F)c2)c1,32,5,0.1071428571428571,0.09375,0.0999999999999999,False,True,False,false,False,True,-0.0,-0.0,False,False
af3|8tsa__1__1.A__1.C|1.C,kept_official,af3,8tsa__1__1.A__1.C,1.C,0.2481654427459706,0.1428571428571428,0.28,0.55,0.0908272137298532,1009288331,0,0.9038989334329226,22.663227081298828,False,False,C,scicore/home/schwede/durair0000/projects/plinder-org/Runs-N-Poses/data/paper_data/prediction_files/af3/8tsa__1__1.A__1.C/seed-1009288331_sample-0.cif,2.000759974597836,3.6206896551724137,0.0,1009288331,0,0.9038989334329226,22.663227081298828,False,False,C,scicore/home/schwede/durair0000/projects/plinder-org/Runs-N-Poses/data/paper_data/prediction_files/af3/8tsa__1__1.A__1.C/seed-1009288331_sample-0.cif,2.000759974597836,3.6206896551724137,0.0,0.0,0.0,0.0,0.0,CNC(=O)c1cnc(Nc2ccccc2C)c(NC(=O)c2cc(F)cc(Br)c2)c1,29,5,0.074074074074074,0.0689655172413793,0.0714285714285714,True,True,True,false,False,True,-0.0,-0.0,False,False
af3|8tsd__1__1.A__1.C|1.C,kept_official,af3,8tsd__1__1.A__1.C,1.C,0.2458009771866983,0.1391304347826087,0.28,0.55,0.085526625063926,2264096755,0,0.9003719019795371,22.36320877075196,False,False,C,scicore/home/schwede/durair0000/projects/plinder-org/Runs-N-Poses/data/paper_data/prediction_files/af3/8tsd__1__1.A__1.C/seed-2264096755_sample-0.cif,2.1954167715898456,2.604651162790698,0.0,2264096755,0,0.9003719019795371,22.36320877075196,False,False,C,scicore/home/schwede/durair0000/projects/plinder-org/Runs-N-Poses/data/paper_data/prediction_files/af3/8tsd__1__1.A__1.C/seed-2264096755_sample-0.cif,2.1954167715898456,2.604651162790698,0.0,0.0,0.0,0.0,0.0,N#Cc1c(-c2cc(NC(=O)c3cc(F)cc(C(F)(F)F)c3)c3c(c2)C(=O)N[C@H]3c2cc(F)ccc2Cl)ccc2ncnn12,43,4,0.0,0.0,0.0,True,True,True,false,False,True,-0.0,-0.0,False,False
af3|8uk6__1__1.A__1.C|1.C,kept_official,af3,8uk6__1__1.A__1.C,1.C,0.2514241671361352,0.1038961038961038,0.29,0.57,0.1428026538624943,4042689853,0,0.6937952476723495,19.853315353393555,False,False,B,scicore/home/schwede/durair0000/projects/plinder-org/Runs-N-Poses/data/paper_data/prediction_files/af3/8uk6__1__1.A__1.C/seed-4042689853_sample-0.cif,1.715348821900485,4.875,0.0625,4042689853,0,0.6937952476723495,19.853315353393555,False,False,B,scicore/home/schwede/durair0000/projects/plinder-org/Runs-N-Poses/data/paper_data/prediction_files/af3/8uk6__1__1.A__1.C/seed-4042689853_sample-0.cif,1.715348821900485,4.875,0.0625,0.0,0.0,0.0,0.0,O=C(/C=C/c1cccs1)Nc1ncccn1,16,3,0.05,0.0476190476190476,0.048780487804878,False,True,False,false,False,True,-0.0,-0.0,False,False
af3|8v8j__1__1.A__1.F|1.F,kept_official,af3,8v8j__1__1.A__1.F,1.F,0.2433269679718444,0.1485148514851485,0.27,0.54,0.0792338497602122,914945077,4,0.9190139381734368,23.88280487060547,False,False,C,scicore/home/schwede/durair0000/projects/plinder-org/Runs-N-Poses/data/paper_data/prediction_files/af3/8v8j__1__1.A__1.F/seed-914945077_sample-4.cif,1.2627538769780695,2.176470588235294,0.0588235294117647,914945077,4,0.9190139381734368,23.88280487060547,False,False,C,scicore/home/schwede/durair0000/projects/plinder-org/Runs-N-Poses/data/paper_data/prediction_files/af3/8v8j__1__1.A__1.F/seed-914945077_sample-4.cif,1.2627538769780695,2.176470588235294,0.0588235294117647,0.0,0.0,0.0,0.0,Cc1ccccc1[C@@H]1NC(=O)c2cc(NC3COC3)cc(NC(=O)c3csc4ccccc34)c21,34,5,0.0344827586206896,0.0384615384615384,0.0363636363636363,False,True,False,false,False,True,-0.0,-0.0,False,False
af3|8v8m__1__1.A__1.F_1.G|1.F,kept_official,af3,8v8m__1__1.A__1.F_1.G,1.F,0.1885247391342281,0.055045871559633,0.06,0.74,0.0312934204417828,2602400396,4,0.9588484302503232,22.296775817871094,False,False,C,scicore/home/schwede/durair0000/projects/plinder-org/Runs-N-Poses/data/paper_data/prediction_files/af3/8v8m__1__1.A__1.F_1.G/seed-2602400396_sample-4.cif,1.2005372168178052,6.3,0.5,2602400396,4,0.9588484302503232,22.296775817871094,False,False,C,scicore/home/schwede/durair0000/projects/plinder-org/Runs-N-Poses/data/paper_data/prediction_files/af3/8v8m__1__1.A__1.F_1.G/seed-2602400396_sample-4.cif,1.2005372168178052,6.3,0.5,0.0,0.0,0.0,0.0,O=C1C[C@@H](c2ccc(O)cc2)Oc2cc(O)cc(O)c21,20,1,0.0,0.0,0.0,False,True,False,false,False,True,-0.0,-0.0,False,False
af3|8v8m__1__1.A__1.F_1.G|1.G,kept_official,af3,8v8m__1__1.A__1.F_1.G,1.G,0.1885658100305215,0.055045871559633,0.06,0.74,0.03149877492325,2602400396,4,0.9588484302503232,22.296775817871094,False,False,C,scicore/home/schwede/durair0000/projects/plinder-org/Runs-N-Poses/data/paper_data/prediction_files/af3/8v8m__1__1.A__1.F_1.G/seed-2602400396_sample-4.cif,1.2005372168178052,6.3,0.5,2602400396,4,0.9588484302503232,22.296775817871094,False,False,C,scicore/home/schwede/durair0000/projects/plinder-org/Runs-N-Poses/data/paper_data/prediction_files/af3/8v8m__1__1.A__1.F_1.G/seed-2602400396_sample-4.cif,1.2005372168178052,6.3,0.5,0.0,0.0,0.0,0.0,O=C1C[C@@H](c2ccc(O)cc2)Oc2cc(O)cc(O)c21,20,1,,,,False,True,False,false,False,True,-0.0,-0.0,False,False
af3_no_template|7di7__1__1.A__1.D|1.D,kept_official,af3_no_template,7di7__1__1.A__1.D,1.D,0.2842494358339746,0.0864197530864197,0.5,0.38,0.2650126112686384,224460878,4,0.8387293255544107,10.469186782836914,False,False,B,scicore/home/schwede/durair0000/projects/plinder-org/Runs-N-Poses/data/paper_data/prediction_files/af3_no_templ/7di7__1__1.A__1.D/seed-224460878_sample-4.cif,0.6216576639204547,5.863636363636363,0.4090909090909091,224460878,4,0.8387293255544107,10.469186782836914,False,False,B,scicore/home/schwede/durair0000/projects/plinder-org/Runs-N-Poses/data/paper_data/prediction_files/af3_no_templ/7di7__1__1.A__1.D/seed-224460878_sample-4.cif,0.6216576639204547,5.863636363636363,0.4090909090909091,0.0,0.0,0.0,0.0,CCN(CC)CCC[C@@H](C)Nc1ccnc2cc(Cl)ccc12,22,8,,,,False,True,False,false,False,True,-0.0,-0.0,False,False
af3_no_template|7dia__1__1.A__1.D_1.E_1.G|1.E,kept_official,af3_no_template,7dia__1__1.A__1.D_1.E_1.G,1.E,0.2027386849198939,0.1052631578947368,0.29,0.37,0.0969828982836805,2630890405,4,0.8172864327997454,20.55547332763672,False,False,C,scicore/home/schwede/durair0000/projects/plinder-org/Runs-N-Poses/data/paper_data/prediction_files/af3_no_templ/7dia__1__1.A__1.D_1.E_1.G/seed-2630890405_sample-4.cif,1.9035421578799712,4.115384615384615,0.0769230769230769,2630890405,4,0.8172864327997454,20.55547332763672,False,False,C,scicore/home/schwede/durair0000/projects/plinder-org/Runs-N-Poses/data/paper_data/prediction_files/af3_no_templ/7dia__1__1.A__1.D_1.E_1.G/seed-2630890405_sample-4.cif,1.9035421578799712,4.115384615384615,0.0769230769230769,0.0,0.0,0.0,0.0,O[C@H](c1cc(C(F)(F)F)nc2c(C(F)(F)F)cccc12)[C@@H]1CCCCN1,26,2,,,,False,True,False,false,False,True,-0.0,-0.0,False,False
af3_no_template|7dij__1__1.A__1.F_1.J|1.J,kept_official,af3_no_template,7dij__1__1.A__1.F_1.J,1.J,0.2616139618450357,0.0769230769230769,0.47,0.38,0.2059544246097938,3419205776,2,0.8733607549291506,33.73115539550781,False,False,C,scicore/home/schwede/durair0000/projects/plinder-org/Runs-N-Poses/data/paper_data/prediction_files/af3_no_templ/7dij__1__1.A__1.F_1.J/seed-3419205776_sample-2.cif,1.1995753875932662,7.176470588235294,0.3529411764705882,3419205776,2,0.8733607549291506,33.73115539550781,False,False,C,scicore/home/schwede/durair0000/projects/plinder-org/Runs-N-Poses/data/paper_data/prediction_files/af3_no_templ/7dij__1__1.A__1.F_1.J/seed-3419205776_sample-2.cif,1.1995753875932662,7.176470588235294,0.3529411764705882,0.0,0.0,0.0,0.0,CC(C)(C)c1cc(O)c(CN)c(C(C)(C)C)c1,17,1,,,,False,True,False,false,False,True,-0.0,-0.0,False,False
af3_no_template|7e1n__1__1.A_1.B__1.D|1.D,kept_official,af3_no_template,7e1n__1__1.A_1.B__1.D,1.D,0.3000633537067688,0.0648148148148148,0.6,0.36,0.2768908426079184,348936959,4,0.8702000743147247,1.7387514114379885,True,False,C,scicore/home/schwede/durair0000/projects/plinder-org/Runs-N-Poses/data/paper_data/prediction_files/af3_no_templ/7e1n__1__1.A_1.B__1.D/seed-348936959_sample-4.cif,2.9250288898684222,1.2,0.0,348936959,4,0.8702000743147247,1.7387514114379885,True,False,C,scicore/home/schwede/durair0000/projects/plinder-org/Runs-N-Poses/data/paper_data/prediction_files/af3_no_templ/7e1n__1__1.A_1.B__1.D/seed-348936959_sample-4.cif,2.9250288898684222,1.2,0.0,0.0,0.0,0.0,0.0,C[C@@H](O)c1c(O)cc(O)c([C@@H](C)O)c1O,15,2,,,,True,True,True,false,False,True,-0.0,-0.0,False,False
af3_no_template|7f83__1__1.B__1.J|1.J,kept_official,af3_no_template,7f83__1__1.B__1.J,1.J,0.3259092850141176,0.1111111111111111,0.62,0.42,0.2401019806261437,3698096858,1,0.2474323631885077,11.267117500305176,False,False,D,scicore/home/schwede/durair0000/projects/plinder-org/Runs-N-Poses/data/paper_data/prediction_files/af3_no_templ/7f83__1__1.B__1.J/seed-3698096858_sample-1.cif,2.045647505558811,3.27027027027027,0.0,3698096858,1,0.2474323631885077,11.267117500305176,False,False,D,scicore/home/schwede/durair0000/projects/plinder-org/Runs-N-Poses/data/paper_data/prediction_files/af3_no_templ/7f83__1__1.B__1.J/seed-3698096858_sample-1.cif,2.045647505558811,3.27027027027027,0.0,0.0,0.0,0.0,0.0,Cc1cc(-c2ccc3c(c2)CC[C@H]3N2CC3(CCN(C(=O)Cc4cn5cc(C)sc5n4)CC3)C2)ncn1,37,4,,,,True,True,True,false,False,True,-0.0,-0.0,False,False
af3_no_template|7jni__1__1.A__1.C|1.C,kept_official,af3_no_template,7jni__1__1.A__1.C,1.C,0.3117824020105986,0.1401869158878504,0.49,0.49,0.2110849072492548,593272321,4,0.8409346187483532,9.305675506591797,False,False,B,scicore/home/schwede/durair0000/projects/plinder-org/Runs-N-Poses/data/paper_data/prediction_files/af3_no_templ/7jni__1__1.A__1.C/seed-593272321_sample-4.cif,1.860236815736652,3.5526315789473686,0.0526315789473684,593272321,4,0.8409346187483532,9.305675506591797,False,False,B,scicore/home/schwede/durair0000/projects/plinder-org/Runs-N-Poses/data/paper_data/prediction_files/af3_no_templ/7jni__1__1.A__1.C/seed-593272321_sample-4.cif,1.860236815736652,3.5526315789473686,0.0526315789473684,0.0,0.0,0.0,0.0,COc1ccc2c(c1OCc1ccccc1)C[C@@H](C(=O)O)N(C(=O)C(c1ccccc1)c1ccccc1)C2,38,8,,,,False,True,False,false,False,True,-0.0,-0.0,False,False
af3_no_template|7ly6__1__1.A_2.A__1.B_1.C_1.D|1.B,kept_official,af3_no_template,7ly6__1__1.A_2.A__1.B_1.C_1.D,1.B,0.1229457050039024,0.05,0.05,0.44,0.0247285250195121,1099615579,2,0.986021543398382,30.627153396606445,False,False,C,scicore/home/schwede/durair0000/projects/plinder-org/Runs-N-Poses/data/paper_data/prediction_files/af3_no_templ/7ly6__1__1.A_2.A__1.B_1.C_1.D/seed-1099615579_sample-2.cif,1.6200938133019531,7.6,0.6,1099615579,2,0.986021543398382,30.627153396606445,False,False,C,scicore/home/schwede/durair0000/projects/plinder-org/Runs-N-Poses/data/paper_data/prediction_files/af3_no_templ/7ly6__1__1.A_2.A__1.B_1.C_1.D/seed-1099615579_sample-2.cif,1.6200938133019531,7.6,0.6,0.0,0.0,0.0,0.0,NCC(=O)O,5,1,,,,False,True,False,false,False,True,-0.0,-0.0,False,False
af3_no_template|7nsn__1__1.A__1.J|1.J,kept_official,af3_no_template,7nsn__1__1.A__1.J,1.J,0.3241284991335423,0.1363636363636363,0.55,0.37,0.3245061320313476,2640248244,0,0.9193080047051424,15.928500175476074,False,False,B,scicore/home/schwede/durair0000/projects/plinder-org/Runs-N-Poses/data/paper_data/prediction_files/af3_no_templ/7nsn__1__1.A__1.J/seed-2640248244_sample-0.cif,2.2823918727721555,3.571428571428572,0.0,2640248244,0,0.9193080047051424,15.928500175476074,False,False,B,scicore/home/schwede/durair0000/projects/plinder-org/Runs-N-Poses/data/paper_data/prediction_files/af3_no_templ/7nsn__1__1.A__1.J/seed-2640248244_sample-0.cif,2.2823918727721555,3.571428571428572,0.0,0.0,0.0,0.0,0.0,OC[C@@H]1[C@@H](O)[C@H](O)[C@H](O)c2nccn21,14,1,,,,True,True,True,false,False,True,-0.0,-0.0,False,False
af3_no_template|7p1e__1__1.A__1.C_1.G|1.C,kept_official,af3_no_template,7p1e__1__1.A__1.C_1.G,1.C,0.2188801109929856,0.3214285714285714,0.07,0.4,0.0444005549649278,4251735113,3,0.996699062776644,23.18231773376465,False,True,B,scicore/home/schwede/durair0000/projects/plinder-org/Runs-N-Poses/data/paper_data/prediction_files/af3_no_templ/7p1e__1__1.A__1.C_1.G/seed-4251735113_sample-3.cif,2.649669717174032,3.789473684210526,0.0,4251735113,3,0.996699062776644,23.18231773376465,False,True,B,scicore/home/schwede/durair0000/projects/plinder-org/Runs-N-Poses/data/paper_data/prediction_files/af3_no_templ/7p1e__1__1.A__1.C_1.G/seed-4251735113_sample-3.cif,2.649669717174032,3.789473684210526,0.0,0.0,0.0,0.0,0.0,O=C(O)[C@]1(F)O[C@@H]([C@H](O)[C@H](O)CO)[C@H](O)[C@@H](O)[C@H]1F,19,4,,,,True,True,True,true,True,True,-0.0,-0.0,False,False
af3_no_template|7rbw__1__1.A__1.C|1.C,kept_official,af3_no_template,7rbw__1__1.A__1.C,1.C,0.2628617505633615,0.0792079207920792,0.43,0.51,0.128194891430669,3220809711,0,0.8732599740781657,7.1798415184021,False,False,B,scicore/home/schwede/durair0000/projects/plinder-org/Runs-N-Poses/data/paper_data/prediction_files/af3_no_templ/7rbw__1__1.A__1.C/seed-3220809711_sample-0.cif,2.0355307386659525,4.558139534883721,0.0,3220809711,0,0.8732599740781657,7.1798415184021,False,False,B,scicore/home/schwede/durair0000/projects/plinder-org/Runs-N-Poses/data/paper_data/prediction_files/af3_no_templ/7rbw__1__1.A__1.C/seed-3220809711_sample-0.cif,2.0355307386659525,4.558139534883721,0.0,0.0,0.0,0.0,0.0,C=CC1=C(C)/C(=C/c2[nH]c(/C=C3\N=C(/C=C4\NC(=O)C(C)=C4C=C)C(C)=C3CCC(=O)O)c(CCC(=O)O)c2C)NC1=O,43,11,,,,True,True,True,false,False,True,-0.0,-0.0,False,False
af3_no_template|7s7t__1__1.A__1.B|1.B,kept_official,af3_no_template,7s7t__1__1.A__1.B,1.B,0.2820503349443967,0.0,0.56,0.51,0.2002516747219832,3357690102,1,0.8407898395334851,1.806463003158569,True,False,B,scicore/home/schwede/durair0000/projects/plinder-org/Runs-N-Poses/data/paper_data/prediction_files/af3_no_templ/7s7t__1__1.A__1.B/seed-3357690102_sample-1.cif,2.280427728078409,4.5625,0.0,3357690102,1,0.8407898395334851,1.806463003158569,True,False,B,scicore/home/schwede/durair0000/projects/plinder-org/Runs-N-Poses/data/paper_data/prediction_files/af3_no_templ/7s7t__1__1.A__1.B/seed-3357690102_sample-1.cif,2.280427728078409,4.5625,0.0,0.0,0.0,0.0,0.0,c1cnc2cc3c(cc2n1)[C@@H]1CNC[C@H]3C1,16,0,,,,True,True,True,false,False,True,-0.0,-0.0,False,False
af3_no_template|7tuo__1__1.A__1.B|1.B,kept_official,af3_no_template,7tuo__1__1.A__1.B,1.B,0.2820292893764245,0.1339285714285714,0.47,0.41,0.1782714468821226,3288849696,4,0.7559103346234664,12.001076698303224,False,False,B,scicore/home/schwede/durair0000/projects/plinder-org/Runs-N-Poses/data/paper_data/prediction_files/af3_no_templ/7tuo__1__1.A__1.B/seed-3288849696_sample-4.cif,0.5081781012646968,4.533333333333333,0.1333333333333333,3288849696,4,0.7559103346234664,12.001076698303224,False,False,B,scicore/home/schwede/durair0000/projects/plinder-org/Runs-N-Poses/data/paper_data/prediction_files/af3_no_templ/7tuo__1__1.A__1.B/seed-3288849696_sample-4.cif,0.5081781012646968,4.533333333333333,0.1333333333333333,0.0,0.0,0.0,0.0,Cc1cnc2c(N)c(C(=O)NCCc3ccc(C4C[C@H]5CC[C@@H](C4)N5)cc3)sc2n1,30,5,,,,False,True,False,false,False,True,-0.0,-0.0,False,False
af3_no_template|7udq__1__1.A__1.C|1.C,kept_official,af3_no_template,7udq__1__1.A__1.C,1.C,0.2970593491432922,0.0769230769230769,0.56,0.4,0.2506813611010762,2373244570,4,0.942433071787026,0.5759066343307495,True,True,B,scicore/home/schwede/durair0000/projects/plinder-org/Runs-N-Poses/data/paper_data/prediction_files/af3_no_templ/7udq__1__1.A__1.C/seed-2373244570_sample-4.cif,2.706912726440927,3.08,0.0,2373244570,4,0.942433071787026,0.5759066343307495,True,True,B,scicore/home/schwede/durair0000/projects/plinder-org/Runs-N-Poses/data/paper_data/prediction_files/af3_no_templ/7udq__1__1.A__1.C/seed-2373244570_sample-4.cif,2.706912726440927,3.08,0.0,0.0,0.0,0.0,0.0,COc1cc(Nc2ccnc3cc(C#N)ccc23)cc(OC)c1OC,25,5,,,,True,True,True,true,True,True,-0.0,-0.0,False,False
af3_no_template|7uf8__1__1.A__1.E_1.F|1.F,kept_official,af3_no_template,7uf8__1__1.A__1.E_1.F,1.F,0.3116863740949271,0.1235955056179775,0.51,0.42,0.2846397356431748,2064649327,0,0.8855503697056918,3.6187002658844,False,False,F,scicore/home/schwede/durair0000/projects/plinder-org/Runs-N-Poses/data/paper_data/prediction_files/af3_no_templ/7uf8__1__1.A__1.E_1.F/seed-2064649327_sample-0.cif,3.0118072850404904,2.36,0.0,2064649327,0,0.8855503697056918,3.6187002658844,False,False,F,scicore/home/schwede/durair0000/projects/plinder-org/Runs-N-Poses/data/paper_data/prediction_files/af3_no_templ/7uf8__1__1.A__1.E_1.F/seed-2064649327_sample-0.cif,3.0118072850404904,2.36,0.0,0.0,0.0,0.0,0.0,CC1(C)c2[nH]c3ccccc3c2C[C@@]23CN4CCC[C@]4(C[C@H]12)C(=O)N3,25,0,,,,True,True,True,false,False,True,-0.0,-0.0,False,False
af3_no_template|7uum__1__1.A_2.A__1.B_1.C|1.C,kept_official,af3_no_template,7uum__1__1.A_2.A__1.B_1.C,1.C,0.3197467792255061,0.1081081081081081,0.61,0.43,0.2170447069383413,126584301,4,0.892407203265787,4.0699782371521,False,True,G,scicore/home/schwede/durair0000/projects/plinder-org/Runs-N-Poses/data/paper_data/prediction_files/af3_no_templ/7uum__1__1.A_2.A__1.B_1.C/seed-126584301_sample-4.cif,2.434005724622049,1.5714285714285714,0.0,126584301,4,0.892407203265787,4.0699782371521,False,True,G,scicore/home/schwede/durair0000/projects/plinder-org/Runs-N-Poses/data/paper_data/prediction_files/af3_no_templ/7uum__1__1.A_2.A__1.B_1.C/seed-126584301_sample-4.cif,2.434005724622049,1.5714285714285714,0.0,0.0,0.0,0.0,0.0,NC[C@@H]1O[C@H](O[C@H]2[C@@H](O)[C@H](O[C@@H]3[C@@H](O)[C@H](N)C[C@H](N)[C@H]3O[C@H]3O[C@H](CO)[C@@H](O)[C@H](O)[C@H]3N)O[C@@H]2CO)[C@H](N)[C@@H](O)[C@@H]1O,42,9,,,,True,True,True,true,True,True,-0.0,-0.0,False,False
af3_no_template|7vo5__1__1.A__1.B|1.B,kept_official,af3_no_template,7vo5__1__1.A__1.B,1.B,0.3121076454632686,0.1923076923076923,0.5,0.45,0.1489997657778814,4118150897,1,0.8204337218959756,9.114914894104004,False,False,D,scicore/home/schwede/durair0000/projects/plinder-org/Runs-N-Poses/data/paper_data/prediction_files/af3_no_templ/7vo5__1__1.A__1.B/seed-4118150897_sample-1.cif,2.574357993021388,2.6,0.0,4118150897,1,0.8204337218959756,9.114914894104004,False,False,D,scicore/home/schwede/durair0000/projects/plinder-org/Runs-N-Poses/data/paper_data/prediction_files/af3_no_templ/7vo5__1__1.A__1.B/seed-4118150897_sample-1.cif,2.574357993021388,2.6,0.0,0.0,0.0,0.0,0.0,C[C@H]1[C@@H]2C[C@@H](O)/C=C/C=C/C=C/C=C/C[C@@H](C)OC(=O)C[C@H](O)/C=C/C[C@H](O)C[C@](O)(C[C@@H]1O)O2,35,0,,,,True,True,True,false,False,True,-0.0,-0.0,False,False
af3_no_template|7vpe__1__1.A__1.B|1.B,kept_official,af3_no_template,7vpe__1__1.A__1.B,1.B,0.251137437743895,0.1176470588235294,0.43,0.38,0.1323048357782985,461838572,0,0.8302100203688372,8.77868366241455,False,False,B,scicore/home/schwede/durair0000/projects/plinder-org/Runs-N-Poses/data/paper_data/prediction_files/af3_no_templ/7vpe__1__1.A__1.B/seed-461838572_sample-0.cif,1.1808422557305391,6.309523809523809,0.4047619047619047,461838572,0,0.8302100203688372,8.77868366241455,False,False,B,scicore/home/schwede/durair0000/projects/plinder-org/Runs-N-Poses/data/paper_data/prediction_files/af3_no_templ/7vpe__1__1.A__1.B/seed-461838572_sample-0.cif,1.1808422557305391,6.309523809523809,0.4047619047619047,0.0,0.0,0.0,0.0,C1=N[C@@H](c2ccccc2)[C@H](c2ccccc2)N1Cc1cccc(CN2C=N[C@@H](c3ccccc3)[C@@H]2c2ccccc2)c1,42,8,,,,False,True,False,false,False,True,-0.0,-0.0,False,False
af3_no_template|7vyp__1__1.A_1.B__1.C_1.K_1.P_1.Q|1.P,kept_official,af3_no_template,7vyp__1__1.A_1.B__1.C_1.K_1.P_1.Q,1.P,0.3333466386123179,0.0727272727272727,0.7,0.46,0.2044604657888621,400762859,1,0.9066360646791872,7.625801086425781,False,False,E,scicore/home/schwede/durair0000/projects/plinder-org/Runs-N-Poses/data/paper_data/prediction_files/af3_no_templ/7vyp__1__1.A_1.B__1.C_1.K_1.P_1.Q/seed-400762859_sample-1.cif,2.5337681708266384,2.1621621621621623,0.0,400762859,1,0.9066360646791872,7.625801086425781,False,False,E,scicore/home/schwede/durair0000/projects/plinder-org/Runs-N-Poses/data/paper_data/prediction_files/af3_no_templ/7vyp__1__1.A_1.B__1.C_1.K_1.P_1.Q/seed-400762859_sample-1.cif,2.5337681708266384,2.1621621621621623,0.0,0.0,0.0,0.0,0.0,COc1cc2cc(c1Cl)NC(=O)C[C@H](O)/C(C)=C/[C@H](C)[C@@H](OC(N)=O)CC(=O)[C@H](OC)/C=C/C=C(\C)C2,37,3,,,,True,True,True,false,False,True,-0.0,-0.0,False,False
af3_no_template|7vzy__1__1.A_1.B__1.C_1.D_1.E_1.M|1.C,kept_official,af3_no_template,7vzy__1__1.A_1.B__1.C_1.D_1.E_1.M,1.C,0.3382820101240927,0.0673076923076923,0.72,0.45,0.2236215890820022,1813417956,4,0.9106403195788452,5.034926414489746,False,False,C,scicore/home/schwede/durair0000/projects/plinder-org/Runs-N-Poses/data/paper_data/prediction_files/af3_no_templ/7vzy__1__1.A_1.B__1.C_1.D_1.E_1.M/seed-1813417956_sample-4.cif,2.137457118034102,2.911764705882353,0.0,1813417956,4,0.9106403195788452,5.034926414489746,False,False,C,scicore/home/schwede/durair0000/projects/plinder-org/Runs-N-Poses/data/paper_data/prediction_files/af3_no_templ/7vzy__1__1.A_1.B__1.C_1.D_1.E_1.M/seed-1813417956_sample-4.cif,2.137457118034102,2.911764705882353,0.0,0.0,0.0,0.0,0.0,COc1cc2cc(c1Cl)NC(=O)C[C@H](O)/C(C)=C/[C@H](C)[C@@H](O)CC(=O)[C@H](OC)/C=C/C=C(\C)C2,34,2,,,,True,True,True,false,False,True,-0.0,-0.0,False,False
af3_no_template|7vzz__1__1.A_1.B__1.AA_1.Y_1.Z|1.AA,kept_official,af3_no_template,7vzz__1__1.A_1.B__1.AA_1.Y_1.Z,1.AA,0.3282713773209499,0.0673076923076923,0.68,0.46,0.2135684250662877,1983315702,2,0.9167247931051412,3.472107172012329,False,False,C,scicore/home/schwede/durair0000/projects/plinder-org/Runs-N-Poses/data/paper_data/prediction_files/af3_no_templ/7vzz__1__1.A_1.B__1.AA_1.Y_1.Z/seed-1983315702_sample-2.cif,2.668361698292442,2.764705882352941,0.0,1983315702,2,0.9167247931051412,3.472107172012329,False,False,C,scicore/home/schwede/durair0000/projects/plinder-org/Runs-N-Poses/data/paper_data/prediction_files/af3_no_templ/7vzz__1__1.A_1.B__1.AA_1.Y_1.Z/seed-1983315702_sample-2.cif,2.668361698292442,2.764705882352941,0.0,0.0,0.0,0.0,0.0,COc1cc2cc(c1Cl)NC(=O)C[C@H](O)/C(C)=C/[C@H](C)[C@@H](O)CC(=O)[C@H](OC)/C=C/C=C(\C)C2,34,2,,,,True,True,True,false,False,True,-0.0,-0.0,False,False
af3_no_template|7wdu__1__1.A__1.C|1.C,kept_official,af3_no_template,7wdu__1__1.A__1.C,1.C,0.3261207552603827,0.1333333333333333,0.61,0.43,0.20477044296858,2609389148,1,0.9442336100346902,46.16215896606445,False,False,B,scicore/home/schwede/durair0000/projects/plinder-org/Runs-N-Poses/data/paper_data/prediction_files/af3_no_templ/7wdu__1__1.A__1.C/seed-2609389148_sample-1.cif,2.2398893666182382,4.448275862068965,0.0,2609389148,1,0.9442336100346902,46.16215896606445,False,False,B,scicore/home/schwede/durair0000/projects/plinder-org/Runs-N-Poses/data/paper_data/prediction_files/af3_no_templ/7wdu__1__1.A__1.C/seed-2609389148_sample-1.cif,2.2398893666182382,4.448275862068965,0.0,0.0,0.0,0.0,0.0,CC(=O)N[C@H]1C(=NOC(=O)Nc2ccccc2)O[C@H](COS(=O)(=O)O)[C@@H](O)[C@@H]1O,29,6,,,,True,True,True,false,False,True,-0.0,-0.0,False,False
af3_no_template|7wzv__1__1.A__1.C_1.E_1.F_1.K_1.O|1.F,kept_official,af3_no_template,7wzv__1__1.A__1.C_1.E_1.F_1.K_1.O,1.F,0.2935146324890665,0.0987654320987654,0.55,0.37,0.2372336562724934,3084175367,1,0.984111731744616,0.4570302069187164,True,False,D,scicore/home/schwede/durair0000/projects/plinder-org/Runs-N-Poses/data/paper_data/prediction_files/af3_no_templ/7wzv__1__1.A__1.C_1.E_1.F_1.K_1.O/seed-3084175367_sample-1.cif,2.3166296419691417,2.1739130434782608,0.0,3084175367,1,0.984111731744616,0.4570302069187164,True,False,D,scicore/home/schwede/durair0000/projects/plinder-org/Runs-N-Poses/data/paper_data/prediction_files/af3_no_templ/7wzv__1__1.A__1.C_1.E_1.F_1.K_1.O/seed-3084175367_sample-1.cif,2.3166296419691417,2.1739130434782608,0.0,0.0,0.0,0.0,0.0,CN[C@@H]1C(O)[C@H](NC)[C@@H](O)C(O[C@@H]2O[C@H](C)C[C@H](O)[C@H]2O)[C@H]1O,23,4,,,,True,True,True,false,False,True,-0.0,-0.0,False,False
af3_no_template|7wzx__1__1.A__1.B_1.D_1.E_1.I|1.I,kept_official,af3_no_template,7wzx__1__1.A__1.B_1.D_1.E_1.I,1.I,0.3072936570464784,0.1351351351351351,0.55,0.37,0.2424817987459055,973561579,0,0.9869318309698908,0.5268331170082092,True,False,E,scicore/home/schwede/durair0000/projects/plinder-org/Runs-N-Poses/data/paper_data/prediction_files/af3_no_templ/7wzx__1__1.A__1.B_1.D_1.E_1.I/seed-973561579_sample-0.cif,2.458925316840567,2.1739130434782608,0.0,973561579,0,0.9869318309698908,0.5268331170082092,True,False,E,scicore/home/schwede/durair0000/projects/plinder-org/Runs-N-Poses/data/paper_data/prediction_files/af3_no_templ/7wzx__1__1.A__1.B_1.D_1.E_1.I/seed-973561579_sample-0.cif,2.458925316840567,2.1739130434782608,0.0,0.0,0.0,0.0,0.0,CN[C@@H]1C(O)[C@H](NC)[C@@H](O)C(O[C@@H]2O[C@H](C)C[C@H](O)C2=O)[C@H]1O,23,4,,,,True,True,True,false,False,True,-0.0,-0.0,False,False
af3_no_template|7x11__1__1.D__1.P|1.P,kept_official,af3_no_template,7x11__1__1.D__1.P,1.P,0.3075133680065849,0.0666666666666666,0.35,0.85,0.133400173366258,3800794338,4,0.914402063661806,42.67316055297852,False,False,H,scicore/home/schwede/durair0000/projects/plinder-org/Runs-N-Poses/data/paper_data/prediction_files/af3_no_templ/7x11__1__1.D__1.P/seed-3800794338_sample-4.cif,1.3949227006308318,2.764705882352941,0.088235294117647,3800794338,4,0.914402063661806,42.67316055297852,False,False,H,scicore/home/schwede/durair0000/projects/plinder-org/Runs-N-Poses/data/paper_data/prediction_files/af3_no_templ/7x11__1__1.D__1.P/seed-3800794338_sample-4.cif,1.3949227006308318,2.764705882352941,0.088235294117647,0.0,0.0,0.0,0.0,CCCc1nc2c(C)ccn(Cc3ccc4nc(-c5ccccc5-c5nnn[nH]5)sc4c3)c-2n1,34,6,,,,False,True,False,false,False,True,-0.0,-0.0,False,False
af3_no_template|7xpu__1__2.A__2.C_2.D|2.C,kept_official,af3_no_template,7xpu__1__2.A__2.C_2.D,2.C,0.3223028919700825,0.5061728395061729,0.22,0.36,0.0907119907146101,2486687190,3,0.917908811881576,1.792219638824463,True,False,G,scicore/home/schwede/durair0000/projects/plinder-org/Runs-N-Poses/data/paper_data/prediction_files/af3_no_templ/7xpu__1__2.A__2.C_2.D/seed-2486687190_sample-3.cif,2.1540021439916446,4.2631578947368425,0.0,2486687190,3,0.917908811881576,1.792219638824463,True,False,G,scicore/home/schwede/durair0000/projects/plinder-org/Runs-N-Poses/data/paper_data/prediction_files/af3_no_templ/7xpu__1__2.A__2.C_2.D/seed-2486687190_sample-3.cif,2.1540021439916446,4.2631578947368425,0.0,0.0,0.0,0.0,0.0,C[C@@H]1O[C@H](OP(=O)(O)OP(=O)(O)OC[C@H]2O[C@@H](n3cnc4c(=O)[nH]c(N)nc43)[C@H](O)[C@@H]2O)[C@@H](O)[C@H](O)[C@@H]1O,38,8,,,,True,True,True,false,False,True,-0.0,-0.0,False,False
af3_no_template|7xpv__1__1.A__1.C_1.D|1.C,kept_official,af3_no_template,7xpv__1__1.A__1.C_1.D,1.C,0.3427864941590111,0.36144578313253,0.44,0.32,0.2114023503131282,632915376,1,0.9173957183611792,1.9005030393600464,True,False,E,scicore/home/schwede/durair0000/projects/plinder-org/Runs-N-Poses/data/paper_data/prediction_files/af3_no_templ/7xpv__1__1.A__1.C_1.D/seed-632915376_sample-1.cif,2.273488857100284,4.552631578947368,0.0,632915376,1,0.9173957183611792,1.9005030393600464,True,False,E,scicore/home/schwede/durair0000/projects/plinder-org/Runs-N-Poses/data/paper_data/prediction_files/af3_no_templ/7xpv__1__1.A__1.C_1.D/seed-632915376_sample-1.cif,2.273488857100284,4.552631578947368,0.0,0.0,0.0,0.0,0.0,C[C@H](O)[C@H]1O[C@@H](OP(=O)(O)OP(=O)(O)OC[C@H]2O[C@@H](n3cnc4c(O)nc(N)nc43)[C@H](O)[C@@H]2O)[C@@H](O)[C@@H]1O,38,9,,,,True,True,True,false,False,True,-0.0,-0.0,False,False
af3_no_template|7xxm__1__1.A_1.B_1.C__1.K|1.K,kept_official,af3_no_template,7xxm__1__1.A_1.B_1.C__1.K,1.K,0.1416398960781412,0.1167883211678832,0.07,0.39,0.0263199183469103,243254532,0,0.8945207934568832,7.532651901245117,False,False,K,scicore/home/schwede/durair0000/projects/plinder-org/Runs-N-Poses/data/paper_data/prediction_files/af3_no_templ/7xxm__1__1.A_1.B_1.C__1.K/seed-243254532_sample-0.cif,2.289486670690996,1.625,0.0,243254532,0,0.8945207934568832,7.532651901245117,False,False,K,scicore/home/schwede/durair0000/projects/plinder-org/Runs-N-Poses/data/paper_data/prediction_files/af3_no_templ/7xxm__1__1.A_1.B_1.C__1.K/seed-243254532_sample-0.cif,2.289486670690996,1.625,0.0,0.0,0.0,0.0,0.0,NCCCC(=O)N[C@@H]1[C@H](O)[C@@H](OC(N)=O)[C@@H](CO)O[C@H]1/N=C1\N[C@@H]2[C@H](O)CNC(=O)[C@H]2N1,32,7,,,,True,True,True,false,False,True,-0.0,-0.0,False,False
af3_no_template|7xxn__1__2.A__2.B_2.C|2.B,kept_official,af3_no_template,7xxn__1__2.A__2.B_2.C,2.B,0.2757162485816537,0.0634920634920634,0.5,0.36,0.2824701317971574,2635836204,0,0.8972770062428056,3.677443027496338,False,True,E,scicore/home/schwede/durair0000/projects/plinder-org/Runs-N-Poses/data/paper_data/prediction_files/af3_no_templ/7xxn__1__2.A__2.B_2.C/seed-2635836204_sample-0.cif,2.961608282425363,3.5,0.0,2635836204,0,0.8972770062428056,3.677443027496338,False,True,E,scicore/home/schwede/durair0000/projects/plinder-org/Runs-N-Poses/data/paper_data/prediction_files/af3_no_templ/7xxn__1__2.A__2.B_2.C/seed-2635836204_sample-0.cif,2.961608282425363,3.5,0.0,0.0,0.0,0.0,0.0,O=S(=O)(c1ccc(Br)s1)n1cccn1,14,2,,,,True,True,True,true,True,True,-0.0,-0.0,False,False
af3_no_template|7yd2__1__1.A_1.B__1.K|1.K,kept_official,af3_no_template,7yd2__1__1.A_1.B__1.K,1.K,0.3416452371562777,0.136986301369863,0.65,0.46,0.196000158384128,3496871554,2,0.9379075088920008,3.305356025695801,False,False,C,scicore/home/schwede/durair0000/projects/plinder-org/Runs-N-Poses/data/paper_data/prediction_files/af3_no_templ/7yd2__1__1.A_1.B__1.K/seed-3496871554_sample-2.cif,2.147448909002648,3.76,0.0,3496871554,2,0.9379075088920008,3.305356025695801,False,False,C,scicore/home/schwede/durair0000/projects/plinder-org/Runs-N-Poses/data/paper_data/prediction_files/af3_no_templ/7yd2__1__1.A_1.B__1.K/seed-3496871554_sample-2.cif,2.147448909002648,3.76,0.0,0.0,0.0,0.0,0.0,COc1cc(Cl)nc(NC(=O)NS(=O)(=O)c2ccccc2C(=O)O)n1,25,5,,,,True,True,True,false,False,True,-0.0,-0.0,False,False
af3_no_template|7ypu__1__1.A_1.B__1.I|1.I,kept_official,af3_no_template,7ypu__1__1.A_1.B__1.I,1.I,0.3261827528086247,0.0851063829787234,0.65,0.42,0.2494775938303579,2739776323,0,0.9106991657290798,6.225342273712158,False,False,C,scicore/home/schwede/durair0000/projects/plinder-org/Runs-N-Poses/data/paper_data/prediction_files/af3_no_templ/7ypu__1__1.A_1.B__1.I/seed-2739776323_sample-0.cif,2.52421023851656,2.333333333333333,0.0,2739776323,0,0.9106991657290798,6.225342273712158,False,False,C,scicore/home/schwede/durair0000/projects/plinder-org/Runs-N-Poses/data/paper_data/prediction_files/af3_no_templ/7ypu__1__1.A_1.B__1.I/seed-2739776323_sample-0.cif,2.52421023851656,2.333333333333333,0.0,0.0,0.0,0.0,0.0,NCC(=O)N[C@@H]1[C@H](O)[C@@H](OC(N)=O)[C@@H](CO)O[C@H]1/N=C1\N[C@@H]2[C@H](O)CNC(=O)[C@H]2N1,30,5,,,,True,True,True,false,False,True,-0.0,-0.0,False,False
af3_no_template|7ypv__1__1.A_1.B__1.J|1.J,kept_official,af3_no_template,7ypv__1__1.A_1.B__1.J,1.J,0.303317455741346,0.0970873786407767,0.6,0.38,0.2166843660853709,2487169435,0,0.9026387016512118,6.2982048988342285,False,False,C,scicore/home/schwede/durair0000/projects/plinder-org/Runs-N-Poses/data/paper_data/prediction_files/af3_no_templ/7ypv__1__1.A_1.B__1.J/seed-2487169435_sample-0.cif,2.584805794196809,2.057142857142857,0.0,2487169435,0,0.9026387016512118,6.2982048988342285,False,False,C,scicore/home/schwede/durair0000/projects/plinder-org/Runs-N-Poses/data/paper_data/prediction_files/af3_no_templ/7ypv__1__1.A_1.B__1.J/seed-2487169435_sample-0.cif,2.584805794196809,2.057142857142857,0.0,0.0,0.0,0.0,0.0,NCCC[C@H](N)CC(=O)N[C@@H]1[C@H](O)[C@@H](OC(N)=O)[C@@H](CO)O[C@H]1NC1=N[C@@H]2C(=O)NC[C@@H](O)[C@H]2N1,35,9,,,,True,True,True,false,False,True,-0.0,-0.0,False,False
af3_no_template|7yv4__1__1.A__1.B|1.B,kept_official,af3_no_template,7yv4__1__1.A__1.B,1.B,0.2028888415216452,0.0886075949367088,0.11,0.69,0.0318809164689859,568484705,1,0.7520545992834587,17.120864868164062,False,False,B,scicore/home/schwede/durair0000/projects/plinder-org/Runs-N-Poses/data/paper_data/prediction_files/af3_no_templ/7yv4__1__1.A__1.B/seed-568484705_sample-1.cif,2.787164345322592,2.727272727272727,0.0,568484705,1,0.7520545992834587,17.120864868164062,False,False,B,scicore/home/schwede/durair0000/projects/plinder-org/Runs-N-Poses/data/paper_data/prediction_files/af3_no_templ/7yv4__1__1.A__1.B/seed-568484705_sample-1.cif,2.787164345322592,2.727272727272727,0.0,0.0,0.0,0.0,0.0,Cc1c(O)c(C)c2c(c1O)C(=O)C[C@@H](c1ccc(O)cc1)O2,22,1,,,,True,True,True,false,False,True,-0.0,-0.0,False,False
af3_no_template|7yxl__1__1.A__1.C_1.E|1.E,kept_official,af3_no_template,7yxl__1__1.A__1.C_1.E,1.E,0.3168537004838452,0.2592592592592592,0.42,0.39,0.2155647987155223,1989377360,2,0.9440626627296276,1.0503710508346558,True,False,D,scicore/home/schwede/durair0000/projects/plinder-org/Runs-N-Poses/data/paper_data/prediction_files/af3_no_templ/7yxl__1__1.A__1.C_1.E/seed-1989377360_sample-2.cif,0.943755936811706,6.529411764705882,0.1176470588235294,1989377360,2,0.9440626627296276,1.0503710508346558,True,False,D,scicore/home/schwede/durair0000/projects/plinder-org/Runs-N-Poses/data/paper_data/prediction_files/af3_no_templ/7yxl__1__1.A__1.C_1.E/seed-1989377360_sample-2.cif,0.943755936811706,6.529411764705882,0.1176470588235294,0.0,0.0,0.0,0.0,O=C(O)C(=O)N[C@H](Cc1ccccc1)C(=O)O,17,4,,,,False,True,False,false,False,True,-0.0,-0.0,False,False
af3_no_template|7z5u__1__1.A__1.B_1.C|1.C,kept_official,af3_no_template,7z5u__1__1.A__1.B_1.C,1.C,0.3464429974701027,0.1212121212121211,0.56,0.65,0.1700937752293016,3934129195,1,0.9703371494318728,0.8925914168357849,True,True,C,scicore/home/schwede/durair0000/projects/plinder-org/Runs-N-Poses/data/paper_data/prediction_files/af3_no_templ/7z5u__1__1.A__1.B_1.C/seed-3934129195_sample-1.cif,2.757607209918235,3.838709677419355,0.0,3934129195,1,0.9703371494318728,0.8925914168357849,True,True,C,scicore/home/schwede/durair0000/projects/plinder-org/Runs-N-Poses/data/paper_data/prediction_files/af3_no_templ/7z5u__1__1.A__1.B_1.C/seed-3934129195_sample-1.cif,2.757607209918235,3.838709677419355,0.0,0.0,0.0,0.0,0.0,CC(=O)Nc1ccccc1OCc1cn(CCNC(=O)[C@@H](CC(C)C)C(=O)NO)nn1,31,11,,,,True,True,True,true,True,True,-0.0,-0.0,False,False
af3_no_template|7zg9__1__1.A__1.C|1.C,kept_official,af3_no_template,7zg9__1__1.A__1.C,1.C,0.3046251161656738,0.027027027027027,0.64,0.41,0.2658282835310719,3920594979,3,0.9162862026232956,6.662994861602783,False,False,B,scicore/home/schwede/durair0000/projects/plinder-org/Runs-N-Poses/data/paper_data/prediction_files/af3_no_templ/7zg9__1__1.A__1.C/seed-3920594979_sample-3.cif,2.920062686329599,2.16,0.0,3920594979,3,0.9162862026232956,6.662994861602783,False,False,B,scicore/home/schwede/durair0000/projects/plinder-org/Runs-N-Poses/data/paper_data/prediction_files/af3_no_templ/7zg9__1__1.A__1.C/seed-3920594979_sample-3.cif,2.920062686329599,2.16,0.0,0.0,0.0,0.0,0.0,C[C@@H]1OC(=O)[C@H]2C[C@H]3CCCC[C@H]3[C@H](/C=C/[C@H]3CCC[C@H](C)N3C)[C@@H]12,25,2,,,,True,True,True,false,False,True,-0.0,-0.0,False,False
af3_no_template|7zkw__1__1.A_1.C__1.E|1.E,kept_official,af3_no_template,7zkw__1__1.A_1.C__1.E,1.E,0.1516742023393495,0.0465116279069767,0.07,0.55,0.0394756628595385,4132225165,0,0.5332427808662493,2.233632802963257,False,False,C,scicore/home/schwede/durair0000/projects/plinder-org/Runs-N-Poses/data/paper_data/prediction_files/af3_no_templ/7zkw__1__1.A_1.C__1.E/seed-4132225165_sample-0.cif,1.8925879109286536,4.0,0.0714285714285714,4132225165,0,0.5332427808662493,2.233632802963257,False,False,C,scicore/home/schwede/durair0000/projects/plinder-org/Runs-N-Poses/data/paper_data/prediction_files/af3_no_templ/7zkw__1__1.A_1.C__1.E/seed-4132225165_sample-0.cif,1.8925879109286536,4.0,0.0714285714285714,0.0,0.0,0.0,0.0,N[C@@H](CSSC[C@H](N)C(=O)O)C(=O)O,14,7,,,,False,True,False,false,False,True,-0.0,-0.0,False,False
af3_no_template|8b25__1__1.A_1.B__1.J|1.J,kept_official,af3_no_template,8b25__1__1.A_1.B__1.J,1.J,0.3268434847193534,0.0967741935483871,0.67,0.37,0.2573625848870896,1139947006,4,0.8043489620711888,5.347884178161621,False,False,C,scicore/home/schwede/durair0000/projects/plinder-org/Runs-N-Poses/data/paper_data/prediction_files/af3_no_templ/8b25__1__1.A_1.B__1.J/seed-1139947006_sample-4.cif,2.331927402179329,0.9655172413793104,0.0,1139947006,4,0.8043489620711888,5.347884178161621,False,False,C,scicore/home/schwede/durair0000/projects/plinder-org/Runs-N-Poses/data/paper_data/prediction_files/af3_no_templ/8b25__1__1.A_1.B__1.J/seed-1139947006_sample-4.cif,2.331927402179329,0.9655172413793104,0.0,0.0,0.0,0.0,0.0,CC=C1C[N@@H+]2CCc3c([nH]c4ccccc34)[C@@](COC(C)=O)(C(=O)OC)[C@H]1CC2,29,3,,,,True,False,True,false,False,True,-0.0,-0.0,False,False
af3_no_template|8c3u__1__1.A__1.C|1.C,kept_official,af3_no_template,8c3u__1__1.A__1.C,1.C,0.1828519200356059,0.1720430107526881,0.15,0.36,0.0656843313608254,638218245,3,0.8241281261478931,7.541641712188721,False,True,B,scicore/home/schwede/durair0000/projects/plinder-org/Runs-N-Poses/data/paper_data/prediction_files/af3_no_templ/8c3u__1__1.A__1.C/seed-638218245_sample-3.cif,2.372012317197761,2.4,0.0,638218245,3,0.8241281261478931,7.541641712188721,False,True,B,scicore/home/schwede/durair0000/projects/plinder-org/Runs-N-Poses/data/paper_data/prediction_files/af3_no_templ/8c3u__1__1.A__1.C/seed-638218245_sample-3.cif,2.372012317197761,2.4,0.0,0.0,0.0,0.0,0.0,Cc1ccc2c(c1)NC(=O)[C@@]2(c1cn[nH]c1)c1cc(-c2ccc(C(=O)O)cc2C(=O)O)ccc1O,35,5,,,,True,True,True,true,True,True,-0.0,-0.0,False,False
af3_no_template|8cfb__1__1.A__1.L|1.L,kept_official,af3_no_template,8cfb__1__1.A__1.L,1.L,0.1826995265937507,0.1063829787234042,0.07,0.61,0.0298274202027964,3701182371,4,0.9445851071416816,40.70075988769531,False,True,S,scicore/home/schwede/durair0000/projects/plinder-org/Runs-N-Poses/data/paper_data/prediction_files/af3_no_templ/8cfb__1__1.A__1.L/seed-3701182371_sample-4.cif,3.2980875787071744,2.5625,0.0,3701182371,4,0.9445851071416816,40.70075988769531,False,True,S,scicore/home/schwede/durair0000/projects/plinder-org/Runs-N-Poses/data/paper_data/prediction_files/af3_no_templ/8cfb__1__1.A__1.L/seed-3701182371_sample-4.cif,3.2980875787071744,2.5625,0.0,0.0,0.0,0.0,0.0,CCCS(=O)(=O)Nc1cc(N)c(F)cc1F,16,4,,,,True,True,True,true,True,True,-0.0,-0.0,False,False
af3_no_template|8cfk__1__1.A_1.D__1.H_1.I|1.H,kept_official,af3_no_template,8cfk__1__1.A_1.D__1.H_1.I,1.H,0.3197261853134874,0.1111111111111111,0.44,0.61,0.244186482122993,1365094386,1,0.9401136503891854,8.78095531463623,False,True,R,scicore/home/schwede/durair0000/projects/plinder-org/Runs-N-Poses/data/paper_data/prediction_files/af3_no_templ/8cfk__1__1.A_1.D__1.H_1.I/seed-1365094386_sample-1.cif,2.950766109719809,1.6875,0.0,1365094386,1,0.9401136503891854,8.78095531463623,False,True,R,scicore/home/schwede/durair0000/projects/plinder-org/Runs-N-Poses/data/paper_data/prediction_files/af3_no_templ/8cfk__1__1.A_1.D__1.H_1.I/seed-1365094386_sample-1.cif,2.950766109719809,1.6875,0.0,0.0,0.0,0.0,0.0,OC1C[C@H]2CC[C@@H](C1)N2Cc1ccccc1,16,2,,,,True,True,True,true,True,True,-0.0,-0.0,False,False
af3_no_template|8cg0__1__1.D__1.IA|1.IA,kept_official,af3_no_template,8cg0__1__1.D__1.IA,1.IA,0.1728455989587718,0.0606060606060606,0.09,0.61,0.0356673887332534,4091201009,1,0.9433956845815936,31.94378662109375,False,False,N,scicore/home/schwede/durair0000/projects/plinder-org/Runs-N-Poses/data/paper_data/prediction_files/af3_no_templ/8cg0__1__1.D__1.IA/seed-4091201009_sample-1.cif,2.8228964520088904,1.3333333333333333,0.0,4091201009,1,0.9433956845815936,31.94378662109375,False,False,N,scicore/home/schwede/durair0000/projects/plinder-org/Runs-N-Poses/data/paper_data/prediction_files/af3_no_templ/8cg0__1__1.D__1.IA/seed-4091201009_sample-1.cif,2.8228964520088904,1.3333333333333333,0.0,0.0,0.0,0.0,0.0,O=C(NC[C@@H]1CCCO1)NC1CCCC1,15,3,,,,True,True,True,false,False,True,-0.0,-0.0,False,False
af3_no_template|8clq__1__1.A__1.E|1.E,kept_official,af3_no_template,8clq__1__1.A__1.E,1.E,0.138911915292457,0.1538461538461538,0.05,0.34,0.0228288072315159,3587053356,2,0.935385787531578,3.61075496673584,False,False,G,scicore/home/schwede/durair0000/projects/plinder-org/Runs-N-Poses/data/paper_data/prediction_files/af3_no_templ/8clq__1__1.A__1.E/seed-3587053356_sample-2.cif,2.3094900924972195,2.75,0.0,3587053356,2,0.935385787531578,3.61075496673584,False,False,G,scicore/home/schwede/durair0000/projects/plinder-org/Runs-N-Poses/data/paper_data/prediction_files/af3_no_templ/8clq__1__1.A__1.E/seed-3587053356_sample-2.cif,2.3094900924972195,2.75,0.0,0.0,0.0,0.0,0.0,C[C@H](O)CCCC(=O)CCC/C=C/c1cc(O)cc(O)c1C(=O)O,24,10,,,,True,True,True,false,False,True,-0.0,-0.0,False,False
af3_no_template|8ea6__1__1.A_1.B__1.C|1.C,kept_official,af3_no_template,8ea6__1__1.A_1.B__1.C,1.C,0.2171340823719636,0.1056910569105691,0.27,0.46,0.103211062266322,4014727411,3,0.8856080014490278,13.26348876953125,False,False,C,scicore/home/schwede/durair0000/projects/plinder-org/Runs-N-Poses/data/paper_data/prediction_files/af3_no_templ/8ea6__1__1.A_1.B__1.C/seed-4014727411_sample-3.cif,2.3146064756726066,2.6,0.0,4014727411,3,0.8856080014490278,13.26348876953125,False,False,C,scicore/home/schwede/durair0000/projects/plinder-org/Runs-N-Poses/data/paper_data/prediction_files/af3_no_templ/8ea6__1__1.A_1.B__1.C/seed-4014727411_sample-3.cif,2.3146064756726066,2.6,0.0,0.0,0.0,0.0,0.0,CN(C)C(=O)[C@@H](NC(=O)c1ccccc1-c1ccc(C(F)(F)F)cc1)c1cccc(C(F)(F)F)c1,35,5,,,,True,True,True,false,False,True,-0.0,-0.0,False,False
af3_no_template|8eym__1__1.A_1.B__1.C_1.E|1.C,kept_official,af3_no_template,8eym__1__1.A_1.B__1.C_1.E,1.C,0.1889863473461275,0.196078431372549,0.1,0.42,0.0567944818286769,3749937958,2,0.9038784024327602,0.7221581935882568,True,False,C,scicore/home/schwede/durair0000/projects/plinder-org/Runs-N-Poses/data/paper_data/prediction_files/af3_no_templ/8eym__1__1.A_1.B__1.C_1.E/seed-3749937958_sample-2.cif,2.3197649352461114,3.3157894736842106,0.0,3749937958,2,0.9038784024327602,0.7221581935882568,True,False,C,scicore/home/schwede/durair0000/projects/plinder-org/Runs-N-Poses/data/paper_data/prediction_files/af3_no_templ/8eym__1__1.A_1.B__1.C_1.E/seed-3749937958_sample-2.cif,2.3197649352461114,3.3157894736842106,0.0,0.0,0.0,0.0,0.0,CC(=O)N[C@@H]1[C@@H](O)[C@H](O)[C@@H](COP(=O)(O)O)O[C@@H]1O,19,4,,,,True,True,True,false,False,True,-0.0,-0.0,False,False
af3_no_template|8eym__1__1.A_1.B__1.C_1.E|1.E,kept_official,af3_no_template,8eym__1__1.A_1.B__1.C_1.E,1.E,0.1905689788528178,0.196078431372549,0.1,0.43,0.0547076393621281,3749937958,2,0.9038784024327602,0.7221581935882568,True,False,C,scicore/home/schwede/durair0000/projects/plinder-org/Runs-N-Poses/data/paper_data/prediction_files/af3_no_templ/8eym__1__1.A_1.B__1.C_1.E/seed-3749937958_sample-2.cif,2.3197649352461114,3.3157894736842106,0.0,3749937958,2,0.9038784024327602,0.7221581935882568,True,False,C,scicore/home/schwede/durair0000/projects/plinder-org/Runs-N-Poses/data/paper_data/prediction_files/af3_no_templ/8eym__1__1.A_1.B__1.C_1.E/seed-3749937958_sample-2.cif,2.3197649352461114,3.3157894736842106,0.0,0.0,0.0,0.0,0.0,CC(=O)N[C@@H]1[C@@H](O)[C@H](O)[C@@H](COP(=O)(O)O)O[C@@H]1O,19,4,,,,True,True,True,false,False,True,-0.0,-0.0,False,False
af3_no_template|8f4s__1__1.A__1.D_1.E|1.D,kept_official,af3_no_template,8f4s__1__1.A__1.D_1.E,1.D,0.3458168133871822,0.0444444444444444,0.38,1.0,0.1763062891581333,3787875330,1,0.9342597105748875,8.37978458404541,False,False,C,scicore/home/schwede/durair0000/projects/plinder-org/Runs-N-Poses/data/paper_data/prediction_files/af3_no_templ/8f4s__1__1.A__1.D_1.E/seed-3787875330_sample-1.cif,0.7203808232844051,6.142857142857143,0.238095238095238,3787875330,1,0.9342597105748875,8.37978458404541,False,False,C,scicore/home/schwede/durair0000/projects/plinder-org/Runs-N-Poses/data/paper_data/prediction_files/af3_no_templ/8f4s__1__1.A__1.D_1.E/seed-3787875330_sample-1.cif,0.7203808232844051,6.142857142857143,0.238095238095238,0.0,0.0,0.0,0.0,Oc1nc(/C=C/c2ccc(Cl)cc2Cl)cc(C(F)(F)F)n1,21,2,,,,False,True,False,false,False,True,-0.0,-0.0,False,False
af3_no_template|8g4a__1__1.A_1.B__1.C|1.C,kept_official,af3_no_template,8g4a__1__1.A_1.B__1.C,1.C,0.2310147037633507,0.054054054054054,0.32,0.48,0.180478924222159,878312106,1,0.8332635117539161,0.4665512442588806,True,False,C,scicore/home/schwede/durair0000/projects/plinder-org/Runs-N-Poses/data/paper_data/prediction_files/af3_no_templ/8g4a__1__1.A_1.B__1.C/seed-878312106_sample-1.cif,1.8965852408248016,5.105263157894737,0.1052631578947368,878312106,1,0.8332635117539161,0.4665512442588806,True,False,C,scicore/home/schwede/durair0000/projects/plinder-org/Runs-N-Poses/data/paper_data/prediction_files/af3_no_templ/8g4a__1__1.A_1.B__1.C/seed-878312106_sample-1.cif,1.8965852408248016,5.105263157894737,0.1052631578947368,0.0,0.0,0.0,0.0,FC(F)(F)c1cc(-c2nn[nH]n2)cc(C(F)(F)F)c1,19,1,,,,False,True,False,false,False,True,-0.0,-0.0,False,False
af3_no_template|8g62__1__1.A__1.F_1.J_1.L|1.F,kept_official,af3_no_template,8g62__1__1.A__1.F_1.J_1.L,1.F,0.2820176070882874,0.0606060606060606,0.19,1.0,0.066527429380831,2731024079,1,0.9207022722856542,38.78162384033203,False,True,B,scicore/home/schwede/durair0000/projects/plinder-org/Runs-N-Poses/data/paper_data/prediction_files/af3_no_templ/8g62__1__1.A__1.F_1.J_1.L/seed-2731024079_sample-1.cif,2.592532676966133,1.625,0.0,2731024079,1,0.9207022722856542,38.78162384033203,False,True,B,scicore/home/schwede/durair0000/projects/plinder-org/Runs-N-Poses/data/paper_data/prediction_files/af3_no_templ/8g62__1__1.A__1.F_1.J_1.L/seed-2731024079_sample-1.cif,2.592532676966133,1.625,0.0,0.0,0.0,0.0,0.0,COc1cc(C(=O)Nc2ccc(S(=O)(=O)N3CCCC3)cc2)cc(C2CCN(C)CC2)c1,32,6,,,,True,True,True,true,True,True,-0.0,-0.0,False,False
af3_no_template|8g68__1__1.A__1.C|1.C,kept_official,af3_no_template,8g68__1__1.A__1.C,1.C,0.3109035941793497,0.0606060606060606,0.56,0.48,0.2684573648361425,3127609937,0,0.6464034542435498,21.92892074584961,False,True,B,scicore/home/schwede/durair0000/projects/plinder-org/Runs-N-Poses/data/paper_data/prediction_files/af3_no_templ/8g68__1__1.A__1.C/seed-3127609937_sample-0.cif,2.588893903060601,4.533333333333333,0.0,3127609937,0,0.6464034542435498,21.92892074584961,False,True,B,scicore/home/schwede/durair0000/projects/plinder-org/Runs-N-Poses/data/paper_data/prediction_files/af3_no_templ/8g68__1__1.A__1.C/seed-3127609937_sample-0.cif,2.588893903060601,4.533333333333333,0.0,0.0,0.0,0.0,0.0,CCc1cc(C)n(-c2ccc(N)cc2)n1,15,2,,,,True,True,True,true,True,True,-0.0,-0.0,False,False
af3_no_template|8g69__1__1.A__1.C|1.C,kept_official,af3_no_template,8g69__1__1.A__1.C,1.C,0.3050369297289834,0.0606060606060606,0.53,0.48,0.2766240425843109,1502306772,3,0.637326503225902,20.301971435546875,False,True,B,scicore/home/schwede/durair0000/projects/plinder-org/Runs-N-Poses/data/paper_data/prediction_files/af3_no_templ/8g69__1__1.A__1.C/seed-1502306772_sample-3.cif,3.2004827526351587,2.933333333333333,0.0,1502306772,3,0.637326503225902,20.301971435546875,False,True,B,scicore/home/schwede/durair0000/projects/plinder-org/Runs-N-Poses/data/paper_data/prediction_files/af3_no_templ/8g69__1__1.A__1.C/seed-1502306772_sample-3.cif,3.2004827526351587,2.933333333333333,0.0,0.0,0.0,0.0,0.0,CCc1cc(C)nn1-c1ccc(N)cc1,15,2,,,,True,True,True,true,True,True,-0.0,-0.0,False,False
af3_no_template|8gu1__1__1.A_1.B__1.D|1.D,kept_official,af3_no_template,8gu1__1__1.A_1.B__1.D,1.D,0.3404511860017241,0.0769230769230769,0.76,0.39,0.2276405453932357,2448899352,4,0.8658741207700174,7.433477401733398,False,True,C,scicore/home/schwede/durair0000/projects/plinder-org/Runs-N-Poses/data/paper_data/prediction_files/af3_no_templ/8gu1__1__1.A_1.B__1.D/seed-2448899352_sample-4.cif,2.585727876818173,2.4705882352941178,0.0,2448899352,4,0.8658741207700174,7.433477401733398,False,True,C,scicore/home/schwede/durair0000/projects/plinder-org/Runs-N-Poses/data/paper_data/prediction_files/af3_no_templ/8gu1__1__1.A_1.B__1.D/seed-2448899352_sample-4.cif,2.585727876818173,2.4705882352941178,0.0,0.0,0.0,0.0,0.0,O=c1[nH]c2ccccc2n1C1CCN(CCCC(c2ccc(F)cc2)c2ccc(F)cc2)CC1,34,7,,,,True,True,True,true,True,True,-0.0,-0.0,False,False
af3_no_template|8gyd__1__1.A_1.B__1.K|1.K,kept_official,af3_no_template,8gyd__1__1.A_1.B__1.K,1.K,0.3352742218001122,0.1346153846153846,0.6,0.46,0.230794185923638,174655784,2,0.9186011533409754,14.203816413879396,False,False,C,scicore/home/schwede/durair0000/projects/plinder-org/Runs-N-Poses/data/paper_data/prediction_files/af3_no_templ/8gyd__1__1.A_1.B__1.K/seed-174655784_sample-2.cif,2.280464881400756,2.7804878048780486,0.0,174655784,2,0.9186011533409754,14.203816413879396,False,False,C,scicore/home/schwede/durair0000/projects/plinder-org/Runs-N-Poses/data/paper_data/prediction_files/af3_no_templ/8gyd__1__1.A_1.B__1.K/seed-174655784_sample-2.cif,2.280464881400756,2.7804878048780486,0.0,0.0,0.0,0.0,0.0,O=C(O)[C@H](Cc1ccc(Cl)cc1)Cn1c(-c2ccc(Cl)s2)nc2ccc(-c3ccccc3-c3nnn[nH]3)cc2c1=O,41,8,,,,True,True,True,false,False,True,-0.0,-0.0,False,False
af3_no_template|8ivs__1__1.A_1.B__1.C|1.C,kept_official,af3_no_template,8ivs__1__1.A_1.B__1.C,1.C,0.3480504633886326,0.131578947368421,0.64,0.45,0.2599891590484262,7795876,4,0.93803195715166,6.299973487854004,False,True,C,scicore/home/schwede/durair0000/projects/plinder-org/Runs-N-Poses/data/paper_data/prediction_files/af3_no_templ/8ivs__1__1.A_1.B__1.C/seed-7795876_sample-4.cif,2.7844423611396443,4.428571428571429,0.0,7795876,4,0.93803195715166,6.299973487854004,False,True,C,scicore/home/schwede/durair0000/projects/plinder-org/Runs-N-Poses/data/paper_data/prediction_files/af3_no_templ/8ivs__1__1.A_1.B__1.C/seed-7795876_sample-4.cif,2.7844423611396443,4.428571428571429,0.0,0.0,0.0,0.0,0.0,CCOc1nc(NC)nc(NC(=O)NS(=O)(=O)c2ccccc2C(=O)OC)n1,28,7,,,,True,True,True,true,True,True,-0.0,-0.0,False,False
af3_no_template|8ivt__1__1.A_1.B__1.F|1.F,kept_official,af3_no_template,8ivt__1__1.A_1.B__1.F,1.F,0.3347984178695694,0.136986301369863,0.62,0.45,0.2092660619505868,390172777,0,0.9436953107628944,5.853844165802002,False,False,C,scicore/home/schwede/durair0000/projects/plinder-org/Runs-N-Poses/data/paper_data/prediction_files/af3_no_templ/8ivt__1__1.A_1.B__1.F/seed-390172777_sample-0.cif,1.938342148317325,5.851851851851852,0.037037037037037,390172777,0,0.9436953107628944,5.853844165802002,False,False,C,scicore/home/schwede/durair0000/projects/plinder-org/Runs-N-Poses/data/paper_data/prediction_files/af3_no_templ/8ivt__1__1.A_1.B__1.F/seed-390172777_sample-0.cif,1.938342148317325,5.851851851851852,0.037037037037037,0.0,0.0,0.0,0.0,COC(=O)c1ccccc1S(=O)(=O)NC(=O)N(C)c1nc(C)nc(OC)n1,27,5,,,,False,True,False,false,False,True,-0.0,-0.0,False,False
af3_no_template|8iw3__1__1.A_1.B__1.C|1.C,kept_official,af3_no_template,8iw3__1__1.A_1.B__1.C,1.C,0.3413531917811083,0.1282051282051282,0.65,0.45,0.2199069845465672,4253254113,1,0.9422967600072886,5.7339372634887695,False,False,C,scicore/home/schwede/durair0000/projects/plinder-org/Runs-N-Poses/data/paper_data/prediction_files/af3_no_templ/8iw3__1__1.A_1.B__1.C/seed-4253254113_sample-1.cif,1.8312979421419515,6.888888888888889,0.037037037037037,4253254113,1,0.9422967600072886,5.7339372634887695,False,False,C,scicore/home/schwede/durair0000/projects/plinder-org/Runs-N-Poses/data/paper_data/prediction_files/af3_no_templ/8iw3__1__1.A_1.B__1.C/seed-4253254113_sample-1.cif,1.8312979421419515,6.888888888888889,0.037037037037037,0.0,0.0,0.0,0.0,CCOC(=O)c1ccccc1S(=O)(=O)NC(=O)Nc1nc(Cl)cc(OC)n1,27,6,,,,False,True,False,false,False,True,-0.0,-0.0,False,False
af3_no_template|8j7j__1__1.A_1.B__1.C|1.C,kept_official,af3_no_template,8j7j__1__1.A_1.B__1.C,1.C,0.3410472369781002,0.1052631578947368,0.65,0.45,0.2585256585747115,334540843,1,0.9438546999751328,5.225298881530762,False,False,C,scicore/home/schwede/durair0000/projects/plinder-org/Runs-N-Poses/data/paper_data/prediction_files/af3_no_templ/8j7j__1__1.A_1.B__1.C/seed-334540843_sample-1.cif,1.8872032990059109,6.28,0.04,334540843,1,0.9438546999751328,5.225298881530762,False,False,C,scicore/home/schwede/durair0000/projects/plinder-org/Runs-N-Poses/data/paper_data/prediction_files/af3_no_templ/8j7j__1__1.A_1.B__1.C/seed-334540843_sample-1.cif,1.8872032990059109,6.28,0.04,0.0,0.0,0.0,0.0,COC(=O)c1sccc1S(=O)(=O)NC(=O)Nc1nc(C)nc(OC)n1,25,5,,,,False,True,False,false,False,True,-0.0,-0.0,False,False
af3_no_template|8jb3__1__1.A__1.B|1.B,kept_official,af3_no_template,8jb3__1__1.A__1.B,1.B,0.342772727817712,0.4307692307692308,0.25,0.49,0.1575174852424065,575826326,1,0.8583563155463236,25.888702392578125,False,False,B,scicore/home/schwede/durair0000/projects/plinder-org/Runs-N-Poses/data/paper_data/prediction_files/af3_no_templ/8jb3__1__1.A__1.B/seed-575826326_sample-1.cif,2.2600921819001285,4.578947368421052,0.0,575826326,1,0.8583563155463236,25.888702392578125,False,False,B,scicore/home/schwede/durair0000/projects/plinder-org/Runs-N-Poses/data/paper_data/prediction_files/af3_no_templ/8jb3__1__1.A__1.B/seed-575826326_sample-1.cif,2.2600921819001285,4.578947368421052,0.0,0.0,0.0,0.0,0.0,O=c1[nH]cnc2c1ncn2[C@@H]1O[C@H](CO)[C@@H](O)[C@H]1O,19,2,,,,True,True,True,false,False,True,-0.0,-0.0,False,False
af3_no_template|8jjn__1__1.A__1.D_1.E|1.D,kept_official,af3_no_template,8jjn__1__1.A__1.D_1.E,1.D,0.1096268929228776,0.0769230769230769,0.03,0.37,0.0060190799990036,4188736982,3,0.9439997073798844,0.4699111878871918,True,True,B,scicore/home/schwede/durair0000/projects/plinder-org/Runs-N-Poses/data/paper_data/prediction_files/af3_no_templ/8jjn__1__1.A__1.D_1.E/seed-4188736982_sample-3.cif,2.347107825551054,4.194444444444445,0.0,4188736982,3,0.9439997073798844,0.4699111878871918,True,True,B,scicore/home/schwede/durair0000/projects/plinder-org/Runs-N-Poses/data/paper_data/prediction_files/af3_no_templ/8jjn__1__1.A__1.D_1.E/seed-4188736982_sample-3.cif,2.347107825551054,4.194444444444445,0.0,0.0,0.0,0.0,0.0,O=c1ccn([C@@H]2O[C@H](CO[P@](=O)(O)O[P@](=O)(O)O[C@H]3O[C@H](CO)[C@@H](O)[C@H](O)[C@H]3O)[C@@H](O)[C@H]2O)c(=O)[nH]1,36,9,,,,True,True,True,true,True,True,-0.0,-0.0,False,False
af3_no_template|8jjt__1__1.A__1.D|1.D,kept_official,af3_no_template,8jjt__1__1.A__1.D,1.D,0.1148175704918721,0.0941176470588235,0.02,0.38,0.0043819701064194,1192929430,2,0.953472421937441,0.2909664213657379,True,True,B,scicore/home/schwede/durair0000/projects/plinder-org/Runs-N-Poses/data/paper_data/prediction_files/af3_no_templ/8jjt__1__1.A__1.D/seed-1192929430_sample-2.cif,2.385633044407688,3.7948717948717934,0.0,1192929430,2,0.953472421937441,0.2909664213657379,True,True,B,scicore/home/schwede/durair0000/projects/plinder-org/Runs-N-Poses/data/paper_data/prediction_files/af3_no_templ/8jjt__1__1.A__1.D/seed-1192929430_sample-2.cif,2.385633044407688,3.7948717948717934,0.0,0.0,0.0,0.0,0.0,CC(=O)N[C@H]1[C@@H](O[P@@](=O)(O)O[P@@](=O)(O)OC[C@H]2O[C@@H](n3ccc(=O)[nH]c3=O)[C@H](O)[C@@H]2O)O[C@H](CO)[C@@H](O)[C@@H]1O,39,10,,,,True,True,True,true,True,True,-0.0,-0.0,False,False
af3_no_template|8ome__1__1.A_1.D__1.E|1.E,kept_official,af3_no_template,8ome__1__1.A_1.D__1.E,1.E,0.33950160667139,0.0555555555555555,0.79,0.33,0.2827858111347281,2711784164,1,0.8859672647889929,1.0129979848861694,True,False,C,scicore/home/schwede/durair0000/projects/plinder-org/Runs-N-Poses/data/paper_data/prediction_files/af3_no_templ/8ome__1__1.A_1.D__1.E/seed-2711784164_sample-1.cif,3.1834646394352952,2.0285714285714285,0.0,2711784164,1,0.8859672647889929,1.0129979848861694,True,False,C,scicore/home/schwede/durair0000/projects/plinder-org/Runs-N-Poses/data/paper_data/prediction_files/af3_no_templ/8ome__1__1.A_1.D__1.E/seed-2711784164_sample-1.cif,3.1834646394352952,2.0285714285714285,0.0,0.0,0.0,0.0,0.0,CS(=O)(=O)c1cccc2[nH]c3c(c12)CCCc1ccc(CN2CC[C@](O)(c4ccccc4)C2)cc1-3,35,4,,,,True,True,True,false,False,True,-0.0,-0.0,False,False
af3_no_template|8oqn__1__1.A_1.D__1.I|1.I,kept_official,af3_no_template,8oqn__1__1.A_1.D__1.I,1.I,0.1625317210047051,0.0784313725490195,0.07,0.55,0.0379037030627412,1799536710,1,0.9121643799605148,19.93354225158692,False,True,F,scicore/home/schwede/durair0000/projects/plinder-org/Runs-N-Poses/data/paper_data/prediction_files/af3_no_templ/8oqn__1__1.A_1.D__1.I/seed-1799536710_sample-1.cif,2.6418015957832184,2.333333333333333,0.0,1799536710,1,0.9121643799605148,19.93354225158692,False,True,F,scicore/home/schwede/durair0000/projects/plinder-org/Runs-N-Poses/data/paper_data/prediction_files/af3_no_templ/8oqn__1__1.A_1.D__1.I/seed-1799536710_sample-1.cif,2.6418015957832184,2.333333333333333,0.0,0.0,0.0,0.0,0.0,O=C(O)c1cnn(Cc2ccccc2)c1,15,3,,,,True,True,True,true,True,True,-0.0,-0.0,False,False
af3_no_template|8oqp__1__1.D__1.PA|1.PA,kept_official,af3_no_template,8oqp__1__1.D__1.PA,1.PA,0.3163108067407868,0.0465116279069767,0.56,0.55,0.2501586848667248,2533376197,3,0.9032741801589202,20.920610427856445,False,True,J,scicore/home/schwede/durair0000/projects/plinder-org/Runs-N-Poses/data/paper_data/prediction_files/af3_no_templ/8oqp__1__1.D__1.PA/seed-2533376197_sample-3.cif,2.481215128022287,4.642857142857143,0.0,2533376197,3,0.9032741801589202,20.920610427856445,False,True,J,scicore/home/schwede/durair0000/projects/plinder-org/Runs-N-Poses/data/paper_data/prediction_files/af3_no_templ/8oqp__1__1.D__1.PA/seed-2533376197_sample-3.cif,2.481215128022287,4.642857142857143,0.0,0.0,0.0,0.0,0.0,Nc1ccc(S(=O)(=O)O)cc1C(=O)O,14,2,,,,True,True,True,true,True,True,-0.0,-0.0,False,False
af3_no_template|8oqt__1__1.D__1.KA_1.LA|1.KA,kept_official,af3_no_template,8oqt__1__1.D__1.KA_1.LA,1.KA,0.3021172097360155,0.131578947368421,0.5,0.38,0.2753228907853408,3851891641,4,0.9212004457742924,3.078972816467285,False,True,L,scicore/home/schwede/durair0000/projects/plinder-org/Runs-N-Poses/data/paper_data/prediction_files/af3_no_templ/8oqt__1__1.D__1.KA_1.LA/seed-3851891641_sample-4.cif,2.89390662589766,1.3636363636363635,0.0,3851891641,4,0.9212004457742924,3.078972816467285,False,True,L,scicore/home/schwede/durair0000/projects/plinder-org/Runs-N-Poses/data/paper_data/prediction_files/af3_no_templ/8oqt__1__1.D__1.KA_1.LA/seed-3851891641_sample-4.cif,2.89390662589766,1.3636363636363635,0.0,0.0,0.0,0.0,0.0,O=S(=O)(O)c1ccc(Br)cc1,11,1,,,,True,True,True,true,True,True,-0.0,-0.0,False,False
af3_no_template|8oqt__1__1.D__1.KA_1.LA|1.LA,kept_official,af3_no_template,8oqt__1__1.D__1.KA_1.LA,1.LA,0.3024154635531021,0.131578947368421,0.5,0.38,0.2768141598707736,3851891641,4,0.9212004457742924,3.078972816467285,False,True,L,scicore/home/schwede/durair0000/projects/plinder-org/Runs-N-Poses/data/paper_data/prediction_files/af3_no_templ/8oqt__1__1.D__1.KA_1.LA/seed-3851891641_sample-4.cif,2.89390662589766,1.3636363636363635,0.0,3851891641,4,0.9212004457742924,3.078972816467285,False,True,L,scicore/home/schwede/durair0000/projects/plinder-org/Runs-N-Poses/data/paper_data/prediction_files/af3_no_templ/8oqt__1__1.D__1.KA_1.LA/seed-3851891641_sample-4.cif,2.89390662589766,1.3636363636363635,0.0,0.0,0.0,0.0,0.0,O=S(=O)(O)c1ccc(Br)cc1,11,1,,,,True,True,True,true,True,True,-0.0,-0.0,False,False
af3_no_template|8oqv__1__1.B__1.Q|1.Q,kept_official,af3_no_template,8oqv__1__1.B__1.Q,1.Q,0.2826103394558237,0.131578947368421,0.4,0.42,0.2627885393843817,2907265484,2,0.9220665699468722,12.423237800598145,False,True,G,scicore/home/schwede/durair0000/projects/plinder-org/Runs-N-Poses/data/paper_data/prediction_files/af3_no_templ/8oqv__1__1.B__1.Q/seed-2907265484_sample-2.cif,2.952348254560369,3.4615384615384617,0.0,2907265484,2,0.9220665699468722,12.423237800598145,False,True,G,scicore/home/schwede/durair0000/projects/plinder-org/Runs-N-Poses/data/paper_data/prediction_files/af3_no_templ/8oqv__1__1.B__1.Q/seed-2907265484_sample-2.cif,2.952348254560369,3.4615384615384617,0.0,0.0,0.0,0.0,0.0,O=[N+]([O-])c1ccc(S(=O)(=O)O)cc1,13,2,,,,True,True,True,true,True,True,-0.0,-0.0,False,False
af3_no_template|8p1p__1__1.A__1.E|1.E,kept_official,af3_no_template,8p1p__1__1.A__1.E,1.E,0.310541540702914,0.0952380952380952,0.56,0.43,0.2560410368479032,769410647,4,0.5349465158476555,6.934060096740723,False,False,D,scicore/home/schwede/durair0000/projects/plinder-org/Runs-N-Poses/data/paper_data/prediction_files/af3_no_templ/8p1p__1__1.A__1.E/seed-769410647_sample-4.cif,0.4456781341966225,6.08,0.36,769410647,4,0.5349465158476555,6.934060096740723,False,False,D,scicore/home/schwede/durair0000/projects/plinder-org/Runs-N-Poses/data/paper_data/prediction_files/af3_no_templ/8p1p__1__1.A__1.E/seed-769410647_sample-4.cif,0.4456781341966225,6.08,0.36,0.0,0.0,0.0,0.0,OCCNCc1cc(Br)ccc1OCc1ccc(F)c(C(F)(F)F)c1,25,7,,,,False,True,False,false,False,True,-0.0,-0.0,False,False
af3_no_template|8pfl__1__1.A__1.C|1.C,kept_official,af3_no_template,8pfl__1__1.A__1.C,1.C,0.1889806505228901,0.0909090909090909,0.21,0.48,0.0433123435235414,1627529154,3,0.7706700840096569,5.255922794342041,False,False,B,scicore/home/schwede/durair0000/projects/plinder-org/Runs-N-Poses/data/paper_data/prediction_files/af3_no_templ/8pfl__1__1.A__1.C/seed-1627529154_sample-3.cif,1.9473642473987367,4.833333333333333,0.0416666666666666,1627529154,3,0.7706700840096569,5.255922794342041,False,False,B,scicore/home/schwede/durair0000/projects/plinder-org/Runs-N-Poses/data/paper_data/prediction_files/af3_no_templ/8pfl__1__1.A__1.C/seed-1627529154_sample-3.cif,1.9473642473987367,4.833333333333333,0.0416666666666666,0.0,0.0,0.0,0.0,CCc1c(N2CCN(C(=O)c3ncccc3O)CC2)c(=O)n2nc(C3=CCOCC3)nc2n1CC(=O)Nc1ccc(C(F)(F)F)cc1C,48,7,,,,False,True,False,false,False,True,-0.0,-0.0,False,False
af3_no_template|8plb__1__1.A__1.D|1.D,kept_official,af3_no_template,8plb__1__1.A__1.D,1.D,0.1607753080125244,0.1,0.15,0.37,0.0713765400626223,3000596663,0,0.9393236561494148,41.99458694458008,False,False,D,scicore/home/schwede/durair0000/projects/plinder-org/Runs-N-Poses/data/paper_data/prediction_files/af3_no_templ/8plb__1__1.A__1.D/seed-3000596663_sample-0.cif,2.2253288574990684,3.3125,0.0,3000596663,0,0.9393236561494148,41.99458694458008,False,False,D,scicore/home/schwede/durair0000/projects/plinder-org/Runs-N-Poses/data/paper_data/prediction_files/af3_no_templ/8plb__1__1.A__1.D/seed-3000596663_sample-0.cif,2.2253288574990684,3.3125,0.0,0.0,0.0,0.0,0.0,CCNC(=O)c1ccc(NS(C)(=O)=O)cc1,16,4,,,,True,True,True,false,False,True,-0.0,-0.0,False,False
af3_no_template|8plu__1__1.A__1.D|1.D,kept_official,af3_no_template,8plu__1__1.A__1.D,1.D,0.2328860057878207,0.1886792452830188,0.17,0.53,0.0917413496938206,378815097,1,0.9414540619207332,29.04575157165528,False,True,D,scicore/home/schwede/durair0000/projects/plinder-org/Runs-N-Poses/data/paper_data/prediction_files/af3_no_templ/8plu__1__1.A__1.D/seed-378815097_sample-1.cif,3.02961886345642,2.0,0.0,378815097,1,0.9414540619207332,29.04575157165528,False,True,D,scicore/home/schwede/durair0000/projects/plinder-org/Runs-N-Poses/data/paper_data/prediction_files/af3_no_templ/8plu__1__1.A__1.D/seed-378815097_sample-1.cif,3.02961886345642,2.0,0.0,0.0,0.0,0.0,0.0,CC(C)c1ccc(C(=O)Nc2ccccn2)cc1,18,3,,,,True,True,True,true,True,True,-0.0,-0.0,False,False
af3_no_template|8qnh__1__1.A__1.B|1.B,kept_official,af3_no_template,8qnh__1__1.A__1.B,1.B,0.276272927542405,0.126865671641791,0.17,0.88,0.066849712338891,2948414290,1,0.6183013033417842,17.893238067626953,False,False,B,scicore/home/schwede/durair0000/projects/plinder-org/Runs-N-Poses/data/paper_data/prediction_files/af3_no_templ/8qnh__1__1.A__1.B/seed-2948414290_sample-1.cif,0.4373752011944454,9.461538461538462,0.7435897435897436,2948414290,1,0.6183013033417842,17.893238067626953,False,False,B,scicore/home/schwede/durair0000/projects/plinder-org/Runs-N-Poses/data/paper_data/prediction_files/af3_no_templ/8qnh__1__1.A__1.B/seed-2948414290_sample-1.cif,0.4373752011944454,9.461538461538462,0.7435897435897436,0.0,0.0,0.0,0.0,CC1CC(c2cccc(N3Cc4c(cc(CN5CCC[C@H](C)C5)cc4C(F)(F)F)C3=O)c2)(c2nncn2C)C1,39,5,,,,False,True,False,false,False,True,-0.0,-0.0,False,False
af3_no_template|8qtg__1__1.A__1.B|1.B,kept_official,af3_no_template,8qtg__1__1.A__1.B,1.B,0.2245431733599726,0.0725806451612903,0.07,0.88,0.0281997377676052,1162589084,3,0.6143627744881852,10.464590072631836,False,False,B,scicore/home/schwede/durair0000/projects/plinder-org/Runs-N-Poses/data/paper_data/prediction_files/af3_no_templ/8qtg__1__1.A__1.B/seed-1162589084_sample-3.cif,2.230087268128065,5.214285714285714,0.0,1162589084,3,0.6143627744881852,10.464590072631836,False,False,B,scicore/home/schwede/durair0000/projects/plinder-org/Runs-N-Poses/data/paper_data/prediction_files/af3_no_templ/8qtg__1__1.A__1.B/seed-1162589084_sample-3.cif,2.230087268128065,5.214285714285714,0.0,0.0,0.0,0.0,0.0,CC1CC(c2cccc(-c3cc(C(F)(F)F)c[nH]c3=O)c2)(c2nncn2C)C1,28,3,,,,True,True,True,false,False,True,-0.0,-0.0,False,False
af3_no_template|8qth__1__1.A__1.B|1.B,kept_official,af3_no_template,8qth__1__1.A__1.B,1.B,0.2233946977369844,0.0697674418604651,0.07,0.88,0.0273804654291084,2038331249,3,0.6688659442105643,11.42058563232422,False,False,B,scicore/home/schwede/durair0000/projects/plinder-org/Runs-N-Poses/data/paper_data/prediction_files/af3_no_templ/8qth__1__1.A__1.B/seed-2038331249_sample-3.cif,1.57969339607573,5.46875,0.1875,2038331249,3,0.6688659442105643,11.42058563232422,False,False,B,scicore/home/schwede/durair0000/projects/plinder-org/Runs-N-Poses/data/paper_data/prediction_files/af3_no_templ/8qth__1__1.A__1.B/seed-2038331249_sample-3.cif,1.57969339607573,5.46875,0.1875,0.0,0.0,0.0,0.0,CC1CC(c2cccc(-c3cc4c(C(F)(F)F)cn(C)c4[nH]c3=O)c2)(c2nncn2C)C1,32,3,,,,False,True,False,false,False,True,-0.0,-0.0,False,False
af3_no_template|8qtj__1__1.A__1.E|1.E,kept_official,af3_no_template,8qtj__1__1.A__1.E,1.E,0.2551152358977929,0.0833333333333333,0.15,0.88,0.0622428461556312,1589162596,0,0.6442451501539956,11.856164932250977,False,False,B,scicore/home/schwede/durair0000/projects/plinder-org/Runs-N-Poses/data/paper_data/prediction_files/af3_no_templ/8qtj__1__1.A__1.E/seed-1589162596_sample-0.cif,1.8863943970426729,3.4444444444444446,0.0277777777777777,1589162596,0,0.6442451501539956,11.856164932250977,False,False,B,scicore/home/schwede/durair0000/projects/plinder-org/Runs-N-Poses/data/paper_data/prediction_files/af3_no_templ/8qtj__1__1.A__1.E/seed-1589162596_sample-0.cif,1.8863943970426729,3.4444444444444446,0.0277777777777777,0.0,0.0,0.0,0.0,CC1CC(c2cccc(-c3cc(C(F)(F)F)cn([C@H](C)c4cnn(C)c4)c3=O)c2)(c2nncn2C)C1,36,5,,,,False,True,False,false,False,True,-0.0,-0.0,False,False
af3_no_template|8rkq__1__1.A__1.E|1.E,kept_official,af3_no_template,8rkq__1__1.A__1.E,1.E,0.2201963944506418,0.1129032258064516,0.31,0.39,0.1259013270919188,458355914,1,0.9558727037515852,44.65258026123047,False,False,C,scicore/home/schwede/durair0000/projects/plinder-org/Runs-N-Poses/data/paper_data/prediction_files/af3_no_templ/8rkq__1__1.A__1.E/seed-458355914_sample-1.cif,1.7586713507095026,2.1153846153846154,0.0384615384615384,458355914,1,0.9558727037515852,44.65258026123047,False,False,C,scicore/home/schwede/durair0000/projects/plinder-org/Runs-N-Poses/data/paper_data/prediction_files/af3_no_templ/8rkq__1__1.A__1.E/seed-458355914_sample-1.cif,1.7586713507095026,2.1153846153846154,0.0384615384615384,0.0,0.0,0.0,0.0,O=P(O)(O)Oc1c2c(c(OP(=O)(O)O)c3c1[C@H]1C[C@@H]3c3cc4c(cc31)[C@H]1C[C@@H]4c3ccccc31)[C@H]1C[C@@H]2c2cc3c(cc21)[C@H]1C[C@@H]3c2ccccc21,52,4,,,,False,True,False,false,False,True,-0.0,-0.0,False,False
af3_no_template|8se5__1__1.A_1.B__1.H|1.H,kept_official,af3_no_template,8se5__1__1.A_1.B__1.H,1.H,0.2276427646665613,0.1417322834645669,0.26,0.47,0.0951823272698144,1720057476,4,0.8720280058808372,4.866304874420166,False,False,C,scicore/home/schwede/durair0000/projects/plinder-org/Runs-N-Poses/data/paper_data/prediction_files/af3_no_templ/8se5__1__1.A_1.B__1.H/seed-1720057476_sample-4.cif,1.8767030249614225,3.675,0.025,1720057476,4,0.8720280058808372,4.866304874420166,False,False,C,scicore/home/schwede/durair0000/projects/plinder-org/Runs-N-Poses/data/paper_data/prediction_files/af3_no_templ/8se5__1__1.A_1.B__1.H/seed-1720057476_sample-4.cif,1.8767030249614225,3.675,0.025,0.0,0.0,0.0,0.0,O=C(N[C@H](C(=O)N1C[C@@H]2C(CO)[C@@H]2C1)c1cccc(C(F)(F)F)c1)c1ccccc1-c1ccc(C(F)(F)F)cc1,40,6,,,,False,True,False,false,False,True,-0.0,-0.0,False,False
af3_no_template|8sft__1__1.A__1.E_1.F|1.F,kept_official,af3_no_template,8sft__1__1.A__1.E_1.F,1.F,0.2587227711241899,0.0945945945945946,0.41,0.41,0.2055733150804093,2178669786,0,0.9288805506492964,4.073797702789307,False,False,C,scicore/home/schwede/durair0000/projects/plinder-org/Runs-N-Poses/data/paper_data/prediction_files/af3_no_templ/8sft__1__1.A__1.E_1.F/seed-2178669786_sample-0.cif,1.792397448523125,2.952380952380953,0.0476190476190476,2178669786,0,0.9288805506492964,4.073797702789307,False,False,C,scicore/home/schwede/durair0000/projects/plinder-org/Runs-N-Poses/data/paper_data/prediction_files/af3_no_templ/8sft__1__1.A__1.E_1.F/seed-2178669786_sample-0.cif,1.792397448523125,2.952380952380953,0.0476190476190476,0.0,0.0,0.0,0.0,O=c1c(O)c(-c2ccc(O)cc2)oc2cc(O)cc(O)c12,21,1,,,,False,True,False,false,False,True,-0.0,-0.0,False,False
af3_no_template|8skn__1__1.A__1.C|1.C,kept_official,af3_no_template,8skn__1__1.A__1.C,1.C,0.2534375417046202,0.1346153846153846,0.18,0.73,0.0766107854461778,3209472621,3,0.8015142657711029,22.26283264160156,False,True,B,scicore/home/schwede/durair0000/projects/plinder-org/Runs-N-Poses/data/paper_data/prediction_files/af3_no_templ/8skn__1__1.A__1.C/seed-3209472621_sample-3.cif,2.6686078150046515,2.185185185185185,0.0,3209472621,3,0.8015142657711029,22.26283264160156,False,True,B,scicore/home/schwede/durair0000/projects/plinder-org/Runs-N-Poses/data/paper_data/prediction_files/af3_no_templ/8skn__1__1.A__1.C/seed-3209472621_sample-3.cif,2.6686078150046515,2.185185185185185,0.0,0.0,0.0,0.0,0.0,Cc1ccc(-c2cc(N3CCC3)c3cc(NC(=O)C(C)C)ccc3n2)cc1,27,4,,,,True,True,True,true,True,True,-0.0,-0.0,False,False
af3_no_template|8ts9__1__1.A__1.C|1.C,kept_official,af3_no_template,8ts9__1__1.A__1.C,1.C,0.2502887110048306,0.1521739130434782,0.28,0.55,0.0851392071980657,3222152298,2,0.8901863300188875,21.58335494995117,False,False,C,scicore/home/schwede/durair0000/projects/plinder-org/Runs-N-Poses/data/paper_data/prediction_files/af3_no_templ/8ts9__1__1.A__1.C/seed-3222152298_sample-2.cif,2.0477167467948294,3.34375,0.0,3222152298,2,0.8901863300188875,21.58335494995117,False,False,C,scicore/home/schwede/durair0000/projects/plinder-org/Runs-N-Poses/data/paper_data/prediction_files/af3_no_templ/8ts9__1__1.A__1.C/seed-3222152298_sample-2.cif,2.0477167467948294,3.34375,0.0,0.0,0.0,0.0,0.0,CNC(=O)c1cnc(Nc2ccccc2C)c(NC(=O)c2cc(F)cc(C(F)(F)F)c2)c1,32,5,,,,True,True,True,false,False,True,-0.0,-0.0,False,False
af3_no_template|8tsa__1__1.A__1.C|1.C,kept_official,af3_no_template,8tsa__1__1.A__1.C,1.C,0.2481654427459706,0.1428571428571428,0.28,0.55,0.0908272137298532,3492799512,1,0.8967318181657622,22.524526596069336,False,False,C,scicore/home/schwede/durair0000/projects/plinder-org/Runs-N-Poses/data/paper_data/prediction_files/af3_no_templ/8tsa__1__1.A__1.C/seed-3492799512_sample-1.cif,2.380070483353103,3.206896551724138,0.0,3492799512,1,0.8967318181657622,22.524526596069336,False,False,C,scicore/home/schwede/durair0000/projects/plinder-org/Runs-N-Poses/data/paper_data/prediction_files/af3_no_templ/8tsa__1__1.A__1.C/seed-3492799512_sample-1.cif,2.380070483353103,3.206896551724138,0.0,0.0,0.0,0.0,0.0,CNC(=O)c1cnc(Nc2ccccc2C)c(NC(=O)c2cc(F)cc(Br)c2)c1,29,5,,,,True,True,True,false,False,True,-0.0,-0.0,False,False
af3_no_template|8tsd__1__1.A__1.C|1.C,kept_official,af3_no_template,8tsd__1__1.A__1.C,1.C,0.2458009771866983,0.1391304347826087,0.28,0.55,0.085526625063926,2642679191,4,0.889437273893593,21.20133209228516,False,False,C,scicore/home/schwede/durair0000/projects/plinder-org/Runs-N-Poses/data/paper_data/prediction_files/af3_no_templ/8tsd__1__1.A__1.C/seed-2642679191_sample-4.cif,1.5404416714675926,3.441860465116279,0.1627906976744186,2642679191,4,0.889437273893593,21.20133209228516,False,False,C,scicore/home/schwede/durair0000/projects/plinder-org/Runs-N-Poses/data/paper_data/prediction_files/af3_no_templ/8tsd__1__1.A__1.C/seed-2642679191_sample-4.cif,1.5404416714675926,3.441860465116279,0.1627906976744186,0.0,0.0,0.0,0.0,N#Cc1c(-c2cc(NC(=O)c3cc(F)cc(C(F)(F)F)c3)c3c(c2)C(=O)N[C@H]3c2cc(F)ccc2Cl)ccc2ncnn12,43,4,,,,False,True,False,false,False,True,-0.0,-0.0,False,False
af3_no_template|8uk6__1__1.A__1.C|1.C,kept_official,af3_no_template,8uk6__1__1.A__1.C,1.C,0.2514241671361352,0.1038961038961038,0.29,0.57,0.1428026538624943,2919765348,3,0.7485123917826999,31.24498748779297,False,False,B,scicore/home/schwede/durair0000/projects/plinder-org/Runs-N-Poses/data/paper_data/prediction_files/af3_no_templ/8uk6__1__1.A__1.C/seed-2919765348_sample-3.cif,2.387203667686192,2.0,0.0,2919765348,3,0.7485123917826999,31.24498748779297,False,False,B,scicore/home/schwede/durair0000/projects/plinder-org/Runs-N-Poses/data/paper_data/prediction_files/af3_no_templ/8uk6__1__1.A__1.C/seed-2919765348_sample-3.cif,2.387203667686192,2.0,0.0,0.0,0.0,0.0,0.0,O=C(/C=C/c1cccs1)Nc1ncccn1,16,3,,,,True,True,True,false,False,True,-0.0,-0.0,False,False
af3_no_template|8v8j__1__1.A__1.F|1.F,kept_official,af3_no_template,8v8j__1__1.A__1.F,1.F,0.2433269679718444,0.1485148514851485,0.27,0.54,0.0792338497602122,2639356333,0,0.9062915145747616,22.36349868774414,False,False,C,scicore/home/schwede/durair0000/projects/plinder-org/Runs-N-Poses/data/paper_data/prediction_files/af3_no_templ/8v8j__1__1.A__1.F/seed-2639356333_sample-0.cif,2.059470624918744,2.823529411764706,0.0,2639356333,0,0.9062915145747616,22.36349868774414,False,False,C,scicore/home/schwede/durair0000/projects/plinder-org/Runs-N-Poses/data/paper_data/prediction_files/af3_no_templ/8v8j__1__1.A__1.F/seed-2639356333_sample-0.cif,2.059470624918744,2.823529411764706,0.0,0.0,0.0,0.0,0.0,Cc1ccccc1[C@@H]1NC(=O)c2cc(NC3COC3)cc(NC(=O)c3csc4ccccc34)c21,34,5,,,,True,True,True,false,False,True,-0.0,-0.0,False,False
af3_no_template|8v8m__1__1.A__1.F_1.G|1.F,kept_official,af3_no_template,8v8m__1__1.A__1.F_1.G,1.F,0.1885247391342281,0.055045871559633,0.06,0.74,0.0312934204417828,4130440690,3,0.9508299591497084,22.341045379638672,False,False,D,scicore/home/schwede/durair0000/projects/plinder-org/Runs-N-Poses/data/paper_data/prediction_files/af3_no_templ/8v8m__1__1.A__1.F_1.G/seed-4130440690_sample-3.cif,2.68095663597607,4.1,0.0,4130440690,3,0.9508299591497084,22.341045379638672,False,False,D,scicore/home/schwede/durair0000/projects/plinder-org/Runs-N-Poses/data/paper_data/prediction_files/af3_no_templ/8v8m__1__1.A__1.F_1.G/seed-4130440690_sample-3.cif,2.68095663597607,4.1,0.0,0.0,0.0,0.0,0.0,O=C1C[C@@H](c2ccc(O)cc2)Oc2cc(O)cc(O)c21,20,1,,,,True,True,True,false,False,True,-0.0,-0.0,False,False
af3_no_template|8v8m__1__1.A__1.F_1.G|1.G,kept_official,af3_no_template,8v8m__1__1.A__1.F_1.G,1.G,0.1885658100305215,0.055045871559633,0.06,0.74,0.03149877492325,4130440690,3,0.9508299591497084,22.341045379638672,False,False,D,scicore/home/schwede/durair0000/projects/plinder-org/Runs-N-Poses/data/paper_data/prediction_files/af3_no_templ/8v8m__1__1.A__1.F_1.G/seed-4130440690_sample-3.cif,2.68095663597607,4.1,0.0,4130440690,3,0.9508299591497084,22.341045379638672,False,False,D,scicore/home/schwede/durair0000/projects/plinder-org/Runs-N-Poses/data/paper_data/prediction_files/af3_no_templ/8v8m__1__1.A__1.F_1.G/seed-4130440690_sample-3.cif,2.68095663597607,4.1,0.0,0.0,0.0,0.0,0.0,O=C1C[C@@H](c2ccc(O)cc2)Oc2cc(O)cc(O)c21,20,1,,,,True,True,True,false,False,True,-0.0,-0.0,False,False
af3_no_template|8wsm__1__1.A__1.D|1.D,kept_official,af3_no_template,8wsm__1__1.A__1.D,1.D,0.1839906597772967,0.088235294117647,0.24,0.38,0.0855415341806015,1843152493,1,0.7824625955582261,4.646960735321045,False,True,B,scicore/home/schwede/durair0000/projects/plinder-org/Runs-N-Poses/data/paper_data/prediction_files/af3_no_templ/8wsm__1__1.A__1.D/seed-1843152493_sample-1.cif,2.680510322395839,2.466666666666667,0.0,1843152493,1,0.7824625955582261,4.646960735321045,False,True,B,scicore/home/schwede/durair0000/projects/plinder-org/Runs-N-Poses/data/paper_data/prediction_files/af3_no_templ/8wsm__1__1.A__1.D/seed-1843152493_sample-1.cif,2.680510322395839,2.466666666666667,0.0,0.0,0.0,0.0,0.0,Cc1ccc(C(F)(F)F)cc1Nc1nc(C(=O)NS(=O)(=O)N2CCCOCC2)co1,30,5,,,,True,True,True,true,True,True,-0.0,-0.0,False,False
boltz|5s9y__1__1.A__1.K|1.K,kept_official,boltz,5s9y__1__1.A__1.K,1.K,0.3165569474505974,0.0909090909090909,0.5,0.53,0.268693828162078,4141545832,0,0.9584428668022156,30.56336784362793,False,True,C,scicore/home/schwede/durair0000/projects/plinder-org/Runs-N-Poses/data/paper_data/prediction_files/boltz/5s9y__1__1.A__1.K/seed-4141545832_sample-0.cif,2.601863241976878,2.4,0.0,4141545832,0,0.9584428668022156,30.56336784362793,False,True,C,scicore/home/schwede/durair0000/projects/plinder-org/Runs-N-Poses/data/paper_data/prediction_files/boltz/5s9y__1__1.A__1.K/seed-4141545832_sample-0.cif,2.601863241976878,2.4,0.0,0.0,0.0,0.0,0.0,COC(=O)c1cccc(NS(C)(=O)=O)c1,15,3,0.0,0.0,0.0,True,True,True,true,True,True,-0.0,-0.0,False,False
boltz|7di7__1__1.A__1.D|1.D,kept_official,boltz,7di7__1__1.A__1.D,1.D,0.2842494358339746,0.0864197530864197,0.5,0.38,0.2650126112686384,2695923818,0,0.8500614166259766,23.63847923278809,False,False,B,scicore/home/schwede/durair0000/projects/plinder-org/Runs-N-Poses/data/paper_data/prediction_files/boltz/7di7__1__1.A__1.D/seed-2695923818_sample-0.cif,1.8356417858582823,4.136363636363637,0.0454545454545454,2695923818,0,0.8500614166259766,23.63847923278809,False,False,B,scicore/home/schwede/durair0000/projects/plinder-org/Runs-N-Poses/data/paper_data/prediction_files/boltz/7di7__1__1.A__1.D/seed-2695923818_sample-0.cif,1.8356417858582823,4.136363636363637,0.0454545454545454,0.0,0.0,0.0,0.0,CCN(CC)CCC[C@@H](C)Nc1ccnc2cc(Cl)ccc12,22,8,0.0,0.0,0.0,False,True,False,false,False,True,-0.0,-0.0,False,False
boltz|7dia__1__1.A__1.D_1.E_1.G|1.E,kept_official,boltz,7dia__1__1.A__1.D_1.E_1.G,1.E,0.2027386849198939,0.1052631578947368,0.29,0.37,0.0969828982836805,4133239001,0,0.8655446171760559,37.42559051513672,False,False,C,scicore/home/schwede/durair0000/projects/plinder-org/Runs-N-Poses/data/paper_data/prediction_files/boltz/7dia__1__1.A__1.D_1.E_1.G/seed-4133239001_sample-0.cif,2.7860571962098977,2.769230769230769,0.0,4133239001,0,0.8655446171760559,37.42559051513672,False,False,C,scicore/home/schwede/durair0000/projects/plinder-org/Runs-N-Poses/data/paper_data/prediction_files/boltz/7dia__1__1.A__1.D_1.E_1.G/seed-4133239001_sample-0.cif,2.7860571962098977,2.769230769230769,0.0,0.0,0.0,0.0,0.0,O[C@H](c1cc(C(F)(F)F)nc2c(C(F)(F)F)cccc12)[C@@H]1CCCCN1,26,2,0.0,0.0,0.0,True,True,True,false,False,True,-0.0,-0.0,False,False
boltz|7dij__1__1.A__1.F_1.J|1.J,kept_official,boltz,7dij__1__1.A__1.F_1.J,1.J,0.2616139618450357,0.0769230769230769,0.47,0.38,0.2059544246097938,1872198916,0,0.8903544545173645,26.082874298095703,False,True,C,scicore/home/schwede/durair0000/projects/plinder-org/Runs-N-Poses/data/paper_data/prediction_files/boltz/7dij__1__1.A__1.F_1.J/seed-1872198916_sample-0.cif,2.803508006581306,2.294117647058824,0.0,1872198916,0,0.8903544545173645,26.082874298095703,False,True,C,scicore/home/schwede/durair0000/projects/plinder-org/Runs-N-Poses/data/paper_data/prediction_files/boltz/7dij__1__1.A__1.F_1.J/seed-1872198916_sample-0.cif,2.803508006581306,2.294117647058824,0.0,0.0,0.0,0.0,0.0,CC(C)(C)c1cc(O)c(CN)c(C(C)(C)C)c1,17,1,0.0,0.0,0.0,True,True,True,true,True,True,-0.0,-0.0,False,False
boltz|7e1n__1__1.A_1.B__1.D|1.D,kept_official,boltz,7e1n__1__1.A_1.B__1.D,1.D,0.3000633537067688,0.0648148148148148,0.6,0.36,0.2768908426079184,3371690380,0,0.8490952849388123,2.848548889160156,False,False,C,scicore/home/schwede/durair0000/projects/plinder-org/Runs-N-Poses/data/paper_data/prediction_files/boltz/7e1n__1__1.A_1.B__1.D/seed-3371690380_sample-0.cif,2.8310550446532456,2.0,0.0,3371690380,0,0.8490952849388123,2.848548889160156,False,False,C,scicore/home/schwede/durair0000/projects/plinder-org/Runs-N-Poses/data/paper_data/prediction_files/boltz/7e1n__1__1.A_1.B__1.D/seed-3371690380_sample-0.cif,2.8310550446532456,2.0,0.0,0.0,0.0,0.0,0.0,C[C@@H](O)c1c(O)cc(O)c([C@@H](C)O)c1O,15,2,0.7272727272727273,0.8,0.761904761904762,True,True,True,false,False,True,-0.0,-0.0,False,False
boltz|7fee__1__1.A__1.E|1.E,kept_official,boltz,7fee__1__1.A__1.E,1.E,0.3285971759090713,0.0652173913043478,0.42,0.81,0.1938554447627477,923980249,0,0.7955204844474792,14.680797576904297,False,True,B,scicore/home/schwede/durair0000/projects/plinder-org/Runs-N-Poses/data/paper_data/prediction_files/boltz/7fee__1__1.A__1.E/seed-923980249_sample-0.cif,2.5571946358112685,2.8461538461538463,0.0,923980249,0,0.7955204844474792,14.680797576904297,False,True,B,scicore/home/schwede/durair0000/projects/plinder-org/Runs-N-Poses/data/paper_data/prediction_files/boltz/7fee__1__1.A__1.E/seed-923980249_sample-0.cif,2.5571946358112685,2.8461538461538463,0.0,0.0,0.0,0.0,0.0,Cc1ccc2c([C@@H](C[N+](=O)[O-])c3cccs3)c(-c3ccccc3)[nH]c2c1,26,5,0.1724137931034483,0.2631578947368421,0.2083333333333333,True,True,True,true,True,True,-0.0,-0.0,False,False
boltz|7jni__1__1.A__1.C|1.C,kept_official,boltz,7jni__1__1.A__1.C,1.C,0.3117824020105986,0.1401869158878504,0.49,0.49,0.2110849072492548,2375152038,0,0.8496583104133606,3.287290096282959,False,False,B,scicore/home/schwede/durair0000/projects/plinder-org/Runs-N-Poses/data/paper_data/prediction_files/boltz/7jni__1__1.A__1.C/seed-2375152038_sample-0.cif,2.2353825552266366,1.7894736842105263,0.0,2375152038,0,0.8496583104133606,3.287290096282959,False,False,B,scicore/home/schwede/durair0000/projects/plinder-org/Runs-N-Poses/data/paper_data/prediction_files/boltz/7jni__1__1.A__1.C/seed-2375152038_sample-0.cif,2.2353825552266366,1.7894736842105263,0.0,0.0,0.0,0.0,0.0,COc1ccc2c(c1OCc1ccccc1)C[C@@H](C(=O)O)N(C(=O)C(c1ccccc1)c1ccccc1)C2,38,8,0.8275862068965517,0.6486486486486487,0.7272727272727273,True,True,True,false,False,True,-0.0,-0.0,False,False
boltz|7ly6__1__1.A_2.A__1.B_1.C_1.D|1.B,kept_official,boltz,7ly6__1__1.A_2.A__1.B_1.C_1.D,1.B,0.1229457050039024,0.05,0.05,0.44,0.0247285250195121,3480588853,0,0.9165011644363404,1.6722674369812012,True,True,C,scicore/home/schwede/durair0000/projects/plinder-org/Runs-N-Poses/data/paper_data/prediction_files/boltz/7ly6__1__1.A_2.A__1.B_1.C_1.D/seed-3480588853_sample-0.cif,2.3838422753084725,4.8,0.0,3480588853,0,0.9165011644363404,1.6722674369812012,True,True,C,scicore/home/schwede/durair0000/projects/plinder-org/Runs-N-Poses/data/paper_data/prediction_files/boltz/7ly6__1__1.A_2.A__1.B_1.C_1.D/seed-3480588853_sample-0.cif,2.3838422753084725,4.8,0.0,0.0,0.0,0.0,0.0,NCC(=O)O,5,1,0.8235294117647058,0.875,0.8484848484848485,True,True,True,true,True,True,-0.0,-0.0,False,False
boltz|7p1e__1__1.A__1.C_1.G|1.C,kept_official,boltz,7p1e__1__1.A__1.C_1.G,1.C,0.2188801109929856,0.3214285714285714,0.07,0.4,0.0444005549649278,1198940076,0,0.9410331845283508,24.03738212585449,False,False,B,scicore/home/schwede/durair0000/projects/plinder-org/Runs-N-Poses/data/paper_data/prediction_files/boltz/7p1e__1__1.A__1.C_1.G/seed-1198940076_sample-0.cif,2.414138645049307,3.3684210526315788,0.0,1198940076,0,0.9410331845283508,24.03738212585449,False,False,B,scicore/home/schwede/durair0000/projects/plinder-org/Runs-N-Poses/data/paper_data/prediction_files/boltz/7p1e__1__1.A__1.C_1.G/seed-1198940076_sample-0.cif,2.414138645049307,3.3684210526315788,0.0,0.0,0.0,0.0,0.0,O=C(O)[C@]1(F)O[C@@H]([C@H](O)[C@H](O)CO)[C@H](O)[C@@H](O)[C@H]1F,19,4,0.0,0.0,0.0,True,True,True,false,False,True,-0.0,-0.0,False,False
boltz|7qea__1__1.A__1.C|1.C,kept_official,boltz,7qea__1__1.A__1.C,1.C,0.3306697072991383,0.2117647058823529,0.54,0.39,0.217760301201574,1218986073,0,0.953665256500244,2.3227574825286865,False,False,B,scicore/home/schwede/durair0000/projects/plinder-org/Runs-N-Poses/data/paper_data/prediction_files/boltz/7qea__1__1.A__1.C/seed-1218986073_sample-0.cif,2.29865046961987,3.108108108108108,0.0,1218986073,0,0.953665256500244,2.3227574825286865,False,False,B,scicore/home/schwede/durair0000/projects/plinder-org/Runs-N-Poses/data/paper_data/prediction_files/boltz/7qea__1__1.A__1.C/seed-1218986073_sample-0.cif,2.29865046961987,3.108108108108108,0.0,0.0,0.0,0.0,0.0,O=C1O[C@@]2(c3ccc(O)cc3Oc3cc(O[C@@H]4O[C@H](C(=O)O)[C@@H](O)[C@H](O)[C@H]4O)ccc32)c2ccccc21,37,3,0.7931034482758621,0.8214285714285714,0.8070175438596492,True,True,True,false,False,True,-0.0,-0.0,False,False
boltz|7rbw__1__1.A__1.C|1.C,kept_official,boltz,7rbw__1__1.A__1.C,1.C,0.2628617505633615,0.0792079207920792,0.43,0.51,0.128194891430669,3717499090,0,0.8649452328681946,1.013813614845276,True,True,B,scicore/home/schwede/durair0000/projects/plinder-org/Runs-N-Poses/data/paper_data/prediction_files/boltz/7rbw__1__1.A__1.C/seed-3717499090_sample-0.cif,2.486817455853612,4.1395348837209305,0.0,3717499090,0,0.8649452328681946,1.013813614845276,True,True,B,scicore/home/schwede/durair0000/projects/plinder-org/Runs-N-Poses/data/paper_data/prediction_files/boltz/7rbw__1__1.A__1.C/seed-3717499090_sample-0.cif,2.486817455853612,4.1395348837209305,0.0,0.0,0.0,0.0,0.0,C=CC1=C(C)/C(=C/c2[nH]c(/C=C3\N=C(/C=C4\NC(=O)C(C)=C4C=C)C(C)=C3CCC(=O)O)c(CCC(=O)O)c2C)NC1=O,43,11,0.8157894736842105,0.8378378378378378,0.8266666666666665,True,True,True,true,True,True,-0.0,-0.0,False,False
boltz|7s7t__1__1.A__1.B|1.B,kept_official,boltz,7s7t__1__1.A__1.B,1.B,0.2820503349443967,0.0,0.56,0.51,0.2002516747219832,233105174,0,0.8932675719261169,5.387894153594971,False,False,B,scicore/home/schwede/durair0000/projects/plinder-org/Runs-N-Poses/data/paper_data/prediction_files/boltz/7s7t__1__1.A__1.B/seed-233105174_sample-0.cif,2.434643449276245,5.1875,0.0,233105174,0,0.8932675719261169,5.387894153594971,False,False,B,scicore/home/schwede/durair0000/projects/plinder-org/Runs-N-Poses/data/paper_data/prediction_files/boltz/7s7t__1__1.A__1.B/seed-233105174_sample-0.cif,2.434643449276245,5.1875,0.0,0.0,0.0,0.0,0.0,c1cnc2cc3c(cc2n1)[C@@H]1CNC[C@H]3C1,16,0,0.6923076923076923,0.5,0.5806451612903226,True,True,True,false,False,True,-0.0,-0.0,False,False
boltz|7tuo__1__1.A__1.B|1.B,kept_official,boltz,7tuo__1__1.A__1.B,1.B,0.2820292893764245,0.1339285714285714,0.47,0.41,0.1782714468821226,3724316313,0,0.8873564600944519,11.1437406539917,False,True,B,scicore/home/schwede/durair0000/projects/plinder-org/Runs-N-Poses/data/paper_data/prediction_files/boltz/7tuo__1__1.A__1.B/seed-3724316313_sample-0.cif,2.950722726377069,3.2666666666666666,0.0,3724316313,0,0.8873564600944519,11.1437406539917,False,True,B,scicore/home/schwede/durair0000/projects/plinder-org/Runs-N-Poses/data/paper_data/prediction_files/boltz/7tuo__1__1.A__1.B/seed-3724316313_sample-0.cif,2.950722726377069,3.2666666666666666,0.0,0.0,0.0,0.0,0.0,Cc1cnc2c(N)c(C(=O)NCCc3ccc(C4C[C@H]5CC[C@@H](C4)N5)cc3)sc2n1,30,5,0.1818181818181818,0.1111111111111111,0.1379310344827586,True,True,True,true,True,True,-0.0,-0.0,False,False
boltz|7udq__1__1.A__1.C|1.C,kept_official,boltz,7udq__1__1.A__1.C,1.C,0.2970593491432922,0.0769230769230769,0.56,0.4,0.2506813611010762,3796879954,0,0.8913742899894714,0.975348174571991,True,True,B,scicore/home/schwede/durair0000/projects/plinder-org/Runs-N-Poses/data/paper_data/prediction_files/boltz/7udq__1__1.A__1.C/seed-3796879954_sample-0.cif,2.533741080095769,2.52,0.0,3796879954,0,0.8913742899894714,0.975348174571991,True,True,B,scicore/home/schwede/durair0000/projects/plinder-org/Runs-N-Poses/data/paper_data/prediction_files/boltz/7udq__1__1.A__1.C/seed-3796879954_sample-0.cif,2.533741080095769,2.52,0.0,0.0,0.0,0.0,0.0,COc1cc(Nc2ccnc3cc(C#N)ccc23)cc(OC)c1OC,25,5,1.0,0.7058823529411765,0.8275862068965517,True,True,True,true,True,True,-0.0,-0.0,False,False
boltz|7uum__1__1.A_2.A__1.B_1.C|1.C,kept_official,boltz,7uum__1__1.A_2.A__1.B_1.C,1.C,0.3197467792255061,0.1081081081081081,0.61,0.43,0.2170447069383413,2881980389,0,0.728855550289154,7.620638370513916,False,False,G,scicore/home/schwede/durair0000/projects/plinder-org/Runs-N-Poses/data/paper_data/prediction_files/boltz/7uum__1__1.A_2.A__1.B_1.C/seed-2881980389_sample-0.cif,0.9851141184310688,4.5,0.1666666666666666,2881980389,0,0.728855550289154,7.620638370513916,False,False,G,scicore/home/schwede/durair0000/projects/plinder-org/Runs-N-Poses/data/paper_data/prediction_files/boltz/7uum__1__1.A_2.A__1.B_1.C/seed-2881980389_sample-0.cif,0.9851141184310688,4.5,0.1666666666666666,0.0,0.0,0.0,0.0,NC[C@@H]1O[C@H](O[C@H]2[C@@H](O)[C@H](O[C@@H]3[C@@H](O)[C@H](N)C[C@H](N)[C@H]3O[C@H]3O[C@H](CO)[C@@H](O)[C@H](O)[C@H]3N)O[C@@H]2CO)[C@H](N)[C@@H](O)[C@@H]1O,42,9,0.5454545454545454,0.6,0.5714285714285713,False,True,False,false,False,True,-0.0,-0.0,False,False
boltz|7vo5__1__1.A__1.B|1.B,kept_official,boltz,7vo5__1__1.A__1.B,1.B,0.3121076454632686,0.1923076923076923,0.5,0.45,0.1489997657778814,2016021787,0,0.8760369420051575,9.495882987976074,False,False,D,scicore/home/schwede/durair0000/projects/plinder-org/Runs-N-Poses/data/paper_data/prediction_files/boltz/7vo5__1__1.A__1.B/seed-2016021787_sample-0.cif,1.7321947786875571,2.6,0.0571428571428571,2016021787,0,0.8760369420051575,9.495882987976074,False,False,D,scicore/home/schwede/durair0000/projects/plinder-org/Runs-N-Poses/data/paper_data/prediction_files/boltz/7vo5__1__1.A__1.B/seed-2016021787_sample-0.cif,1.7321947786875571,2.6,0.0571428571428571,0.0,0.0,0.0,0.0,C[C@H]1[C@@H]2C[C@@H](O)/C=C/C=C/C=C/C=C/C[C@@H](C)OC(=O)C[C@H](O)/C=C/C[C@H](O)C[C@](O)(C[C@@H]1O)O2,35,0,0.8055555555555556,0.90625,0.8529411764705882,False,True,False,false,False,True,-0.0,-0.0,False,False
boltz|7vpe__1__1.A__1.B|1.B,kept_official,boltz,7vpe__1__1.A__1.B,1.B,0.251137437743895,0.1176470588235294,0.43,0.38,0.1323048357782985,1880913534,0,0.8638299107551575,3.249164342880249,False,False,B,scicore/home/schwede/durair0000/projects/plinder-org/Runs-N-Poses/data/paper_data/prediction_files/boltz/7vpe__1__1.A__1.B/seed-1880913534_sample-0.cif,2.8380897265152933,1.0,0.0,1880913534,0,0.8638299107551575,3.249164342880249,False,False,B,scicore/home/schwede/durair0000/projects/plinder-org/Runs-N-Poses/data/paper_data/prediction_files/boltz/7vpe__1__1.A__1.B/seed-1880913534_sample-0.cif,2.8380897265152933,1.0,0.0,0.0,0.0,0.0,0.0,C1=N[C@@H](c2ccccc2)[C@H](c2ccccc2)N1Cc1cccc(CN2C=N[C@@H](c3ccccc3)[C@@H]2c2ccccc2)c1,42,8,0.9047619047619048,0.8260869565217391,0.8636363636363636,True,True,True,false,False,True,-0.0,-0.0,False,False
boltz|7wdu__1__1.A__1.C|1.C,kept_official,boltz,7wdu__1__1.A__1.C,1.C,0.3261207552603827,0.1333333333333333,0.61,0.43,0.20477044296858,753378530,0,0.7871116399765015,43.285099029541016,False,False,B,scicore/home/schwede/durair0000/projects/plinder-org/Runs-N-Poses/data/paper_data/prediction_files/boltz/7wdu__1__1.A__1.C/seed-753378530_sample-0.cif,2.021057959307803,3.206896551724138,0.0,753378530,0,0.7871116399765015,43.285099029541016,False,False,B,scicore/home/schwede/durair0000/projects/plinder-org/Runs-N-Poses/data/paper_data/prediction_files/boltz/7wdu__1__1.A__1.C/seed-753378530_sample-0.cif,2.021057959307803,3.206896551724138,0.0,0.0,0.0,0.0,0.0,CC(=O)N[C@H]1C(=NOC(=O)Nc2ccccc2)O[C@H](COS(=O)(=O)O)[C@@H](O)[C@@H]1O,29,6,0.0,0.0,0.0,True,True,True,false,False,True,-0.0,-0.0,False,False
boltz|7wzv__1__1.A__1.C_1.E_1.F_1.K_1.O|1.F,kept_official,boltz,7wzv__1__1.A__1.C_1.E_1.F_1.K_1.O,1.F,0.2935146324890665,0.0987654320987654,0.55,0.37,0.2372336562724934,1521016424,0,0.9049071669578552,1.166992425918579,True,False,D,scicore/home/schwede/durair0000/projects/plinder-org/Runs-N-Poses/data/paper_data/prediction_files/boltz/7wzv__1__1.A__1.C_1.E_1.F_1.K_1.O/seed-1521016424_sample-0.cif,2.084310474429744,2.739130434782609,0.0,1521016424,0,0.9049071669578552,1.166992425918579,True,False,D,scicore/home/schwede/durair0000/projects/plinder-org/Runs-N-Poses/data/paper_data/prediction_files/boltz/7wzv__1__1.A__1.C_1.E_1.F_1.K_1.O/seed-1521016424_sample-0.cif,2.084310474429744,2.739130434782609,0.0,0.0,0.0,0.0,0.0,CN[C@@H]1C(O)[C@H](NC)[C@@H](O)C(O[C@@H]2O[C@H](C)C[C@H](O)[C@H]2O)[C@H]1O,23,4,0.9411764705882352,0.7272727272727273,0.8205128205128205,True,True,True,false,False,True,-0.0,-0.0,False,False
boltz|7wzx__1__1.A__1.B_1.D_1.E_1.I|1.I,kept_official,boltz,7wzx__1__1.A__1.B_1.D_1.E_1.I,1.I,0.3072936570464784,0.1351351351351351,0.55,0.37,0.2424817987459055,3344625013,0,0.9173256754875184,1.2372804880142212,True,False,E,scicore/home/schwede/durair0000/projects/plinder-org/Runs-N-Poses/data/paper_data/prediction_files/boltz/7wzx__1__1.A__1.B_1.D_1.E_1.I/seed-3344625013_sample-0.cif,2.071937989172454,3.1739130434782608,0.0,3344625013,0,0.9173256754875184,1.2372804880142212,True,False,E,scicore/home/schwede/durair0000/projects/plinder-org/Runs-N-Poses/data/paper_data/prediction_files/boltz/7wzx__1__1.A__1.B_1.D_1.E_1.I/seed-3344625013_sample-0.cif,2.071937989172454,3.1739130434782608,0.0,0.0,0.0,0.0,0.0,CN[C@@H]1C(O)[C@H](NC)[C@@H](O)C(O[C@@H]2O[C@H](C)C[C@H](O)C2=O)[C@H]1O,23,4,0.9444444444444444,0.8095238095238095,0.8717948717948718,True,True,True,false,False,True,-0.0,-0.0,False,False
boltz|7xxn__1__2.A__2.B_2.C|2.B,kept_official,boltz,7xxn__1__2.A__2.B_2.C,2.B,0.2757162485816537,0.0634920634920634,0.5,0.36,0.2824701317971574,1405784842,0,0.9151711463928224,3.50427770614624,False,True,C,scicore/home/schwede/durair0000/projects/plinder-org/Runs-N-Poses/data/paper_data/prediction_files/boltz/7xxn__1__2.A__2.B_2.C/seed-1405784842_sample-0.cif,2.6032856435423484,2.7142857142857144,0.0,1405784842,0,0.9151711463928224,3.50427770614624,False,True,C,scicore/home/schwede/durair0000/projects/plinder-org/Runs-N-Poses/data/paper_data/prediction_files/boltz/7xxn__1__2.A__2.B_2.C/seed-1405784842_sample-0.cif,2.6032856435423484,2.7142857142857144,0.0,0.0,0.0,0.0,0.0,O=S(=O)(c1ccc(Br)s1)n1cccn1,14,2,0.6923076923076923,0.9,0.7826086956521738,True,True,True,true,True,True,-0.0,-0.0,False,False
boltz|7yd2__1__1.A_1.B__1.K|1.K,kept_official,boltz,7yd2__1__1.A_1.B__1.K,1.K,0.3416452371562777,0.136986301369863,0.65,0.46,0.196000158384128,72846079,0,0.9100472331047058,4.506439208984375,False,True,C,scicore/home/schwede/durair0000/projects/plinder-org/Runs-N-Poses/data/paper_data/prediction_files/boltz/7yd2__1__1.A_1.B__1.K/seed-72846079_sample-0.cif,2.515029668658531,3.56,0.0,72846079,0,0.9100472331047058,4.506439208984375,False,True,C,scicore/home/schwede/durair0000/projects/plinder-org/Runs-N-Poses/data/paper_data/prediction_files/boltz/7yd2__1__1.A_1.B__1.K/seed-72846079_sample-0.cif,2.515029668658531,3.56,0.0,0.0,0.0,0.0,0.0,COc1cc(Cl)nc(NC(=O)NS(=O)(=O)c2ccccc2C(=O)O)n1,25,5,0.8518518518518519,0.7419354838709677,0.7931034482758621,True,True,True,true,True,True,-0.0,-0.0,False,False
boltz|7ypu__1__1.A_1.B__1.I|1.I,kept_official,boltz,7ypu__1__1.A_1.B__1.I,1.I,0.3261827528086247,0.0851063829787234,0.65,0.42,0.2494775938303579,3913085572,0,0.8401191830635071,8.70122241973877,False,False,C,scicore/home/schwede/durair0000/projects/plinder-org/Runs-N-Poses/data/paper_data/prediction_files/boltz/7ypu__1__1.A_1.B__1.I/seed-3913085572_sample-0.cif,0.4871847171609895,6.5,0.2333333333333333,3913085572,0,0.8401191830635071,8.70122241973877,False,False,C,scicore/home/schwede/durair0000/projects/plinder-org/Runs-N-Poses/data/paper_data/prediction_files/boltz/7ypu__1__1.A_1.B__1.I/seed-3913085572_sample-0.cif,0.4871847171609895,6.5,0.2333333333333333,0.0,0.0,0.0,0.0,NCC(=O)N[C@@H]1[C@H](O)[C@@H](OC(N)=O)[C@@H](CO)O[C@H]1/N=C1\N[C@@H]2[C@H](O)CNC(=O)[C@H]2N1,30,5,0.25,0.45,0.3214285714285714,False,True,False,false,False,True,-0.0,-0.0,False,False
boltz|7ypu__1__1.A_1.B__1.J_1.K|1.J,kept_official,boltz,7ypu__1__1.A_1.B__1.J_1.K,1.J,0.3473158508969899,0.1307692307692307,0.71,0.33,0.2902331006387956,4004227212,0,0.8751764297485352,5.702425479888916,False,False,C,scicore/home/schwede/durair0000/projects/plinder-org/Runs-N-Poses/data/paper_data/prediction_files/boltz/7ypu__1__1.A_1.B__1.J_1.K/seed-4004227212_sample-0.cif,2.6413144122965333,2.7,0.0,4004227212,0,0.8751764297485352,5.702425479888916,False,False,C,scicore/home/schwede/durair0000/projects/plinder-org/Runs-N-Poses/data/paper_data/prediction_files/boltz/7ypu__1__1.A_1.B__1.J_1.K/seed-4004227212_sample-0.cif,2.6413144122965333,2.7,0.0,0.0,0.0,0.0,0.0,NCC(=O)N[C@@H]1[C@H](O)[C@@H](OC(N)=O)[C@@H](CO)O[C@H]1/N=C1\N[C@@H]2[C@H](O)CNC(=O)[C@H]2N1,30,5,0.7,0.6666666666666666,0.6829268292682926,True,True,True,false,False,True,-0.0,-0.0,False,False
boltz|7ypv__1__1.A_1.B__1.J|1.J,kept_official,boltz,7ypv__1__1.A_1.B__1.J,1.J,0.303317455741346,0.0970873786407767,0.6,0.38,0.2166843660853709,3603238789,1,0.8341086506843567,8.095122337341309,False,False,C,scicore/home/schwede/durair0000/projects/plinder-org/Runs-N-Poses/data/paper_data/prediction_files/boltz/7ypv__1__1.A_1.B__1.J/seed-3603238789_sample-1.cif,0.4851024819061024,8.342857142857143,0.5428571428571428,3603238789,1,0.8341086506843567,8.095122337341309,False,False,C,scicore/home/schwede/durair0000/projects/plinder-org/Runs-N-Poses/data/paper_data/prediction_files/boltz/7ypv__1__1.A_1.B__1.J/seed-3603238789_sample-1.cif,0.4851024819061024,8.342857142857143,0.5428571428571428,0.0,0.0,0.0,0.0,NCCC[C@H](N)CC(=O)N[C@@H]1[C@H](O)[C@@H](OC(N)=O)[C@@H](CO)O[C@H]1NC1=N[C@@H]2C(=O)NC[C@@H](O)[C@H]2N1,35,9,0.525,0.7,0.6,False,True,False,false,False,True,-0.0,-0.0,False,False
boltz|7yv4__1__1.A__1.B|1.B,kept_official,boltz,7yv4__1__1.A__1.B,1.B,0.2028888415216452,0.0886075949367088,0.11,0.69,0.0318809164689859,3882783144,0,0.8257090449333191,14.809737205505373,False,False,B,scicore/home/schwede/durair0000/projects/plinder-org/Runs-N-Poses/data/paper_data/prediction_files/boltz/7yv4__1__1.A__1.B/seed-3882783144_sample-0.cif,1.9788516321507423,4.681818181818182,0.0454545454545454,3882783144,0,0.8257090449333191,14.809737205505373,False,False,B,scicore/home/schwede/durair0000/projects/plinder-org/Runs-N-Poses/data/paper_data/prediction_files/boltz/7yv4__1__1.A__1.B/seed-3882783144_sample-0.cif,1.9788516321507423,4.681818181818182,0.0454545454545454,0.0,0.0,0.0,0.0,Cc1c(O)c(C)c2c(c1O)C(=O)C[C@@H](c1ccc(O)cc1)O2,22,1,0.1111111111111111,0.0714285714285714,0.0869565217391304,False,True,False,false,False,True,-0.0,-0.0,False,False
boltz|7yxl__1__1.A__1.C_1.E|1.E,kept_official,boltz,7yxl__1__1.A__1.C_1.E,1.E,0.3168537004838452,0.2592592592592592,0.42,0.39,0.2155647987155223,2336834097,0,0.94528990983963,3.525424003601074,False,False,D,scicore/home/schwede/durair0000/projects/plinder-org/Runs-N-Poses/data/paper_data/prediction_files/boltz/7yxl__1__1.A__1.C_1.E/seed-2336834097_sample-0.cif,1.860376012585545,5.470588235294118,0.0588235294117647,2336834097,0,0.94528990983963,3.525424003601074,False,False,D,scicore/home/schwede/durair0000/projects/plinder-org/Runs-N-Poses/data/paper_data/prediction_files/boltz/7yxl__1__1.A__1.C_1.E/seed-2336834097_sample-0.cif,1.860376012585545,5.470588235294118,0.0588235294117647,0.0,0.0,0.0,0.0,O=C(O)C(=O)N[C@H](Cc1ccccc1)C(=O)O,17,4,0.84,0.875,0.8571428571428572,False,True,False,false,False,True,-0.0,-0.0,False,False
boltz|7z5u__1__1.A__1.B_1.C|1.C,kept_official,boltz,7z5u__1__1.A__1.B_1.C,1.C,0.3464429974701027,0.1212121212121211,0.56,0.65,0.1700937752293016,3557930019,0,0.9003734588623047,11.51645565032959,False,False,C,scicore/home/schwede/durair0000/projects/plinder-org/Runs-N-Poses/data/paper_data/prediction_files/boltz/7z5u__1__1.A__1.B_1.C/seed-3557930019_sample-0.cif,2.224120674849172,3.225806451612903,0.0,3557930019,0,0.9003734588623047,11.51645565032959,False,False,C,scicore/home/schwede/durair0000/projects/plinder-org/Runs-N-Poses/data/paper_data/prediction_files/boltz/7z5u__1__1.A__1.B_1.C/seed-3557930019_sample-0.cif,2.224120674849172,3.225806451612903,0.0,0.0,0.0,0.0,0.0,CC(=O)Nc1ccccc1OCc1cn(CCNC(=O)[C@@H](CC(C)C)C(=O)NO)nn1,31,11,0.5862068965517241,0.5,0.5396825396825397,True,True,True,false,False,True,-0.0,-0.0,False,False
boltz|7zg9__1__1.A__1.C|1.C,kept_official,boltz,7zg9__1__1.A__1.C,1.C,0.3046251161656738,0.027027027027027,0.64,0.41,0.2658282835310719,2695757016,0,0.8758026957511902,6.695165634155273,False,False,B,scicore/home/schwede/durair0000/projects/plinder-org/Runs-N-Poses/data/paper_data/prediction_files/boltz/7zg9__1__1.A__1.C/seed-2695757016_sample-0.cif,2.437716759509416,1.16,0.0,2695757016,0,0.8758026957511902,6.695165634155273,False,False,B,scicore/home/schwede/durair0000/projects/plinder-org/Runs-N-Poses/data/paper_data/prediction_files/boltz/7zg9__1__1.A__1.C/seed-2695757016_sample-0.cif,2.437716759509416,1.16,0.0,0.0,0.0,0.0,0.0,C[C@@H]1OC(=O)[C@H]2C[C@H]3CCCC[C@H]3[C@H](/C=C/[C@H]3CCC[C@H](C)N3C)[C@@H]12,25,2,0.8,0.7142857142857143,0.7547169811320756,True,True,True,false,False,True,-0.0,-0.0,False,False
boltz|7zkw__1__1.A_1.C__1.E|1.E,kept_official,boltz,7zkw__1__1.A_1.C__1.E,1.E,0.1516742023393495,0.0465116279069767,0.07,0.55,0.0394756628595385,3783773243,0,0.7695485353469849,2.136164903640747,False,False,C,scicore/home/schwede/durair0000/projects/plinder-org/Runs-N-Poses/data/paper_data/prediction_files/boltz/7zkw__1__1.A_1.C__1.E/seed-3783773243_sample-0.cif,2.2652736185535014,4.642857142857143,0.0,3783773243,0,0.7695485353469849,2.136164903640747,False,False,C,scicore/home/schwede/durair0000/projects/plinder-org/Runs-N-Poses/data/paper_data/prediction_files/boltz/7zkw__1__1.A_1.C__1.E/seed-3783773243_sample-0.cif,2.2652736185535014,4.642857142857143,0.0,0.0,0.0,0.0,0.0,N[C@@H](CSSC[C@H](N)C(=O)O)C(=O)O,14,7,0.7727272727272727,0.5666666666666667,0.6538461538461539,True,True,True,false,False,True,-0.0,-0.0,False,False
boltz|7zzw__1__1.A__1.E_1.M|1.M,kept_official,boltz,7zzw__1__1.A__1.E_1.M,1.M,0.1992757503179593,0.0163934426229508,0.25,0.58,0.0751902269996327,3766516016,0,0.787693977355957,27.154848098754883,False,False,C,scicore/home/schwede/durair0000/projects/plinder-org/Runs-N-Poses/data/paper_data/prediction_files/boltz/7zzw__1__1.A__1.E_1.M/seed-3766516016_sample-0.cif,1.4599531338846192,7.3076923076923075,0.0769230769230769,3766516016,0,0.787693977355957,27.154848098754883,False,False,C,scicore/home/schwede/durair0000/projects/plinder-org/Runs-N-Poses/data/paper_data/prediction_files/boltz/7zzw__1__1.A__1.E_1.M/seed-3766516016_sample-0.cif,1.4599531338846192,7.3076923076923075,0.0769230769230769,0.0,0.0,0.0,0.0,O=S(=O)([O-])CC[NH2+]C1CCCCC1,13,4,0.0,0.0,0.0,False,True,False,false,False,True,-0.0,-0.0,False,False
boltz|8b25__1__1.A_1.B__1.J|1.J,kept_official,boltz,8b25__1__1.A_1.B__1.J,1.J,0.3268434847193534,0.0967741935483871,0.67,0.37,0.2573625848870896,2080384491,0,0.9283592104911804,3.419399738311768,False,False,C,scicore/home/schwede/durair0000/projects/plinder-org/Runs-N-Poses/data/paper_data/prediction_files/boltz/8b25__1__1.A_1.B__1.J/seed-2080384491_sample-0.cif,2.8839856222105045,1.3103448275862069,0.0,2080384491,0,0.9283592104911804,3.419399738311768,False,False,C,scicore/home/schwede/durair0000/projects/plinder-org/Runs-N-Poses/data/paper_data/prediction_files/boltz/8b25__1__1.A_1.B__1.J/seed-2080384491_sample-0.cif,2.8839856222105045,1.3103448275862069,0.0,0.0,0.0,0.0,0.0,CC=C1C[N@@H+]2CCc3c([nH]c4ccccc34)[C@@](COC(C)=O)(C(=O)OC)[C@H]1CC2,29,3,0.8888888888888888,0.8888888888888888,0.8888888888888888,True,True,True,false,False,True,-0.0,-0.0,False,False
boltz|8c3u__1__1.A__1.C|1.C,kept_official,boltz,8c3u__1__1.A__1.C,1.C,0.1828519200356059,0.1720430107526881,0.15,0.36,0.0656843313608254,1372115236,0,0.7594277858734131,21.360782623291016,False,False,B,scicore/home/schwede/durair0000/projects/plinder-org/Runs-N-Poses/data/paper_data/prediction_files/boltz/8c3u__1__1.A__1.C/seed-1372115236_sample-0.cif,2.079503505468117,1.8571428571428568,0.0,1372115236,0,0.7594277858734131,21.360782623291016,False,False,B,scicore/home/schwede/durair0000/projects/plinder-org/Runs-N-Poses/data/paper_data/prediction_files/boltz/8c3u__1__1.A__1.C/seed-1372115236_sample-0.cif,2.079503505468117,1.8571428571428568,0.0,0.0,0.0,0.0,0.0,Cc1ccc2c(c1)NC(=O)[C@@]2(c1cn[nH]c1)c1cc(-c2ccc(C(=O)O)cc2C(=O)O)ccc1O,35,5,0.0625,0.05,0.0555555555555555,True,True,True,false,False,True,-0.0,-0.0,False,False
boltz|8ea6__1__1.A_1.B__1.C|1.C,kept_official,boltz,8ea6__1__1.A_1.B__1.C,1.C,0.2171340823719636,0.1056910569105691,0.27,0.46,0.103211062266322,3588536022,0,0.8375170826911926,4.032649517059326,False,False,C,scicore/home/schwede/durair0000/projects/plinder-org/Runs-N-Poses/data/paper_data/prediction_files/boltz/8ea6__1__1.A_1.B__1.C/seed-3588536022_sample-0.cif,2.278070884352592,3.628571428571429,0.0,3588536022,0,0.8375170826911926,4.032649517059326,False,False,C,scicore/home/schwede/durair0000/projects/plinder-org/Runs-N-Poses/data/paper_data/prediction_files/boltz/8ea6__1__1.A_1.B__1.C/seed-3588536022_sample-0.cif,2.278070884352592,3.628571428571429,0.0,0.0,0.0,0.0,0.0,CN(C)C(=O)[C@@H](NC(=O)c1ccccc1-c1ccc(C(F)(F)F)cc1)c1cccc(C(F)(F)F)c1,35,5,0.65,1.0,0.787878787878788,True,True,True,false,False,True,-0.0,-0.0,False,False
boltz|8etl__1__1.A__1.C|1.C,kept_official,boltz,8etl__1__1.A__1.C,1.C,0.2218328232279351,0.1636363636363636,0.17,0.52,0.0903004797760394,2784754155,0,0.9151343703269958,2.0205321311950684,False,False,B,scicore/home/schwede/durair0000/projects/plinder-org/Runs-N-Poses/data/paper_data/prediction_files/boltz/8etl__1__1.A__1.C/seed-2784754155_sample-0.cif,2.125201556636178,3.294117647058824,0.0,2784754155,0,0.9151343703269958,2.0205321311950684,False,False,B,scicore/home/schwede/durair0000/projects/plinder-org/Runs-N-Poses/data/paper_data/prediction_files/boltz/8etl__1__1.A__1.C/seed-2784754155_sample-0.cif,2.125201556636178,3.294117647058824,0.0,0.0,0.0,0.0,0.0,CCCCN[C@H]1C[C@](O)(CO)[C@@H](O)[C@H](O)[C@H]1O,17,5,0.7619047619047619,0.8888888888888888,0.8205128205128205,True,True,True,false,False,True,-0.0,-0.0,False,False
boltz|8eym__1__1.A_1.B__1.C_1.E|1.C,kept_official,boltz,8eym__1__1.A_1.B__1.C_1.E,1.C,0.1889863473461275,0.196078431372549,0.1,0.42,0.0567944818286769,2948362069,0,0.9320265650749208,14.525474548339844,False,True,D,scicore/home/schwede/durair0000/projects/plinder-org/Runs-N-Poses/data/paper_data/prediction_files/boltz/8eym__1__1.A_1.B__1.C_1.E/seed-2948362069_sample-0.cif,2.6032622985314773,3.736842105263158,0.0,2948362069,0,0.9320265650749208,14.525474548339844,False,True,D,scicore/home/schwede/durair0000/projects/plinder-org/Runs-N-Poses/data/paper_data/prediction_files/boltz/8eym__1__1.A_1.B__1.C_1.E/seed-2948362069_sample-0.cif,2.6032622985314773,3.736842105263158,0.0,0.0,0.0,0.0,0.0,CC(=O)N[C@@H]1[C@@H](O)[C@H](O)[C@@H](COP(=O)(O)O)O[C@@H]1O,19,4,0.1034482758620689,0.12,0.1111111111111111,True,True,True,true,True,True,-0.0,-0.0,False,False
boltz|8eym__1__1.A_1.B__1.C_1.E|1.E,kept_official,boltz,8eym__1__1.A_1.B__1.C_1.E,1.E,0.1905689788528178,0.196078431372549,0.1,0.43,0.0547076393621281,2948362069,0,0.9320265650749208,14.525474548339844,False,True,D,scicore/home/schwede/durair0000/projects/plinder-org/Runs-N-Poses/data/paper_data/prediction_files/boltz/8eym__1__1.A_1.B__1.C_1.E/seed-2948362069_sample-0.cif,2.6032622985314773,3.736842105263158,0.0,2948362069,0,0.9320265650749208,14.525474548339844,False,True,D,scicore/home/schwede/durair0000/projects/plinder-org/Runs-N-Poses/data/paper_data/prediction_files/boltz/8eym__1__1.A_1.B__1.C_1.E/seed-2948362069_sample-0.cif,2.6032622985314773,3.736842105263158,0.0,0.0,0.0,0.0,0.0,CC(=O)N[C@@H]1[C@@H](O)[C@H](O)[C@@H](COP(=O)(O)O)O[C@@H]1O,19,4,,,,True,True,True,true,True,True,-0.0,-0.0,False,False
boltz|8f4s__1__1.A__1.D_1.E|1.D,kept_official,boltz,8f4s__1__1.A__1.D_1.E,1.D,0.3458168133871822,0.0444444444444444,0.38,1.0,0.1763062891581333,2406693167,0,0.9072572588920592,8.713066101074219,False,False,C,scicore/home/schwede/durair0000/projects/plinder-org/Runs-N-Poses/data/paper_data/prediction_files/boltz/8f4s__1__1.A__1.D_1.E/seed-2406693167_sample-0.cif,1.9917257179961536,5.523809523809524,0.0476190476190476,2406693167,0,0.9072572588920592,8.713066101074219,False,False,C,scicore/home/schwede/durair0000/projects/plinder-org/Runs-N-Poses/data/paper_data/prediction_files/boltz/8f4s__1__1.A__1.D_1.E/seed-2406693167_sample-0.cif,1.9917257179961536,5.523809523809524,0.0476190476190476,0.0,0.0,0.0,0.0,Oc1nc(/C=C/c2ccc(Cl)cc2Cl)cc(C(F)(F)F)n1,21,2,0.5714285714285714,0.8333333333333334,0.6779661016949152,False,True,False,false,False,True,-0.0,-0.0,False,False
boltz|8fdb__1__1.A_1.B__1.D_1.F_1.H|1.D,kept_official,boltz,8fdb__1__1.A_1.B__1.D_1.F_1.H,1.D,0.326711479979238,0.5588235294117647,0.13,0.42,0.073116223425602,2089458014,0,0.9398639798164368,13.838923454284668,False,False,C,scicore/home/schwede/durair0000/projects/plinder-org/Runs-N-Poses/data/paper_data/prediction_files/boltz/8fdb__1__1.A_1.B__1.D_1.F_1.H/seed-2089458014_sample-0.cif,2.398194911979394,3.9375,0.0,2089458014,0,0.9398639798164368,13.838923454284668,False,False,C,scicore/home/schwede/durair0000/projects/plinder-org/Runs-N-Poses/data/paper_data/prediction_files/boltz/8fdb__1__1.A_1.B__1.D_1.F_1.H/seed-2089458014_sample-0.cif,2.398194911979394,3.9375,0.0,0.0,0.0,0.0,0.0,N[C@@H](CO)[C@@H](O)[C@H](O)[C@H](O)COP(=O)(O)O,16,7,,,,True,True,True,false,False,True,-0.0,-0.0,False,False
boltz|8fdb__1__1.A_1.B__1.D_1.F_1.H|1.H,kept_official,boltz,8fdb__1__1.A_1.B__1.D_1.F_1.H,1.H,0.2435258976826319,0.3255813953488372,0.13,0.42,0.065362046552694,1035824804,0,0.938786506652832,13.706464767456056,False,False,C,scicore/home/schwede/durair0000/projects/plinder-org/Runs-N-Poses/data/paper_data/prediction_files/boltz/8fdb__1__1.A_1.B__1.D_1.F_1.H/seed-1035824804_sample-0.cif,2.262195379116252,3.5,0.0,1035824804,0,0.938786506652832,13.706464767456056,False,False,C,scicore/home/schwede/durair0000/projects/plinder-org/Runs-N-Poses/data/paper_data/prediction_files/boltz/8fdb__1__1.A_1.B__1.D_1.F_1.H/seed-1035824804_sample-0.cif,2.262195379116252,3.5,0.0,0.0,0.0,0.0,0.0,N[C@@H](CO)[C@@H](O)[C@H](O)[C@H](O)COP(=O)(O)O,16,7,,,,True,True,True,false,False,True,-0.0,-0.0,False,False
boltz|8g4a__1__1.A_1.B__1.C|1.C,kept_official,boltz,8g4a__1__1.A_1.B__1.C,1.C,0.2310147037633507,0.054054054054054,0.32,0.48,0.180478924222159,2608977405,0,0.8258516192436218,14.645023345947266,False,False,C,scicore/home/schwede/durair0000/projects/plinder-org/Runs-N-Poses/data/paper_data/prediction_files/boltz/8g4a__1__1.A_1.B__1.C/seed-2608977405_sample-0.cif,0.4823367783553303,9.578947368421051,0.8421052631578947,2608977405,0,0.8258516192436218,14.645023345947266,False,False,C,scicore/home/schwede/durair0000/projects/plinder-org/Runs-N-Poses/data/paper_data/prediction_files/boltz/8g4a__1__1.A_1.B__1.C/seed-2608977405_sample-0.cif,0.4823367783553303,9.578947368421051,0.8421052631578947,0.0,0.0,0.0,0.0,FC(F)(F)c1cc(-c2nn[nH]n2)cc(C(F)(F)F)c1,19,1,0.1212121212121212,0.3636363636363636,0.1818181818181818,False,True,False,false,False,True,-0.0,-0.0,False,False
boltz|8g62__1__1.A__1.F_1.J_1.L|1.F,kept_official,boltz,8g62__1__1.A__1.F_1.J_1.L,1.F,0.2820176070882874,0.0606060606060606,0.19,1.0,0.066527429380831,1402185989,0,0.9172269105911256,41.31462860107422,False,True,B,scicore/home/schwede/durair0000/projects/plinder-org/Runs-N-Poses/data/paper_data/prediction_files/boltz/8g62__1__1.A__1.F_1.J_1.L/seed-1402185989_sample-0.cif,3.0697710520855046,1.25,0.0,1402185989,0,0.9172269105911256,41.31462860107422,False,True,B,scicore/home/schwede/durair0000/projects/plinder-org/Runs-N-Poses/data/paper_data/prediction_files/boltz/8g62__1__1.A__1.F_1.J_1.L/seed-1402185989_sample-0.cif,3.0697710520855046,1.25,0.0,0.0,0.0,0.0,0.0,COc1cc(C(=O)Nc2ccc(S(=O)(=O)N3CCCC3)cc2)cc(C2CCN(C)CC2)c1,32,6,0.0,0.0,0.0,True,True,True,true,True,True,-0.0,-0.0,False,False
boltz|8g68__1__1.A__1.C|1.C,kept_official,boltz,8g68__1__1.A__1.C,1.C,0.3109035941793497,0.0606060606060606,0.56,0.48,0.2684573648361425,1690493531,0,0.8053436279296875,22.11742782592773,False,True,B,scicore/home/schwede/durair0000/projects/plinder-org/Runs-N-Poses/data/paper_data/prediction_files/boltz/8g68__1__1.A__1.C/seed-1690493531_sample-0.cif,2.51424682851106,1.8,0.0,1690493531,0,0.8053436279296875,22.11742782592773,False,True,B,scicore/home/schwede/durair0000/projects/plinder-org/Runs-N-Poses/data/paper_data/prediction_files/boltz/8g68__1__1.A__1.C/seed-1690493531_sample-0.cif,2.51424682851106,1.8,0.0,0.0,0.0,0.0,0.0,CCc1cc(C)n(-c2ccc(N)cc2)n1,15,2,0.0,0.0,0.0,True,True,True,true,True,True,-0.0,-0.0,False,False
boltz|8g69__1__1.A__1.C|1.C,kept_official,boltz,8g69__1__1.A__1.C,1.C,0.3050369297289834,0.0606060606060606,0.53,0.48,0.2766240425843109,3603670502,0,0.8016751408576965,20.99537849426269,False,True,B,scicore/home/schwede/durair0000/projects/plinder-org/Runs-N-Poses/data/paper_data/prediction_files/boltz/8g69__1__1.A__1.C/seed-3603670502_sample-0.cif,3.018838853390465,0.6666666666666666,0.0,3603670502,0,0.8016751408576965,20.99537849426269,False,True,B,scicore/home/schwede/durair0000/projects/plinder-org/Runs-N-Poses/data/paper_data/prediction_files/boltz/8g69__1__1.A__1.C/seed-3603670502_sample-0.cif,3.018838853390465,0.6666666666666666,0.0,0.0,0.0,0.0,0.0,CCc1cc(C)nn1-c1ccc(N)cc1,15,2,0.0,0.0,0.0,True,False,True,true,False,True,-0.0,-0.0,False,False
boltz|8gu1__1__1.A_1.B__1.D|1.D,kept_official,boltz,8gu1__1__1.A_1.B__1.D,1.D,0.3404511860017241,0.0769230769230769,0.76,0.39,0.2276405453932357,2392735417,0,0.726820170879364,6.659487247467041,False,False,C,scicore/home/schwede/durair0000/projects/plinder-org/Runs-N-Poses/data/paper_data/prediction_files/boltz/8gu1__1__1.A_1.B__1.D/seed-2392735417_sample-0.cif,2.1334553205123576,3.882352941176471,0.0,2392735417,0,0.726820170879364,6.659487247467041,False,False,C,scicore/home/schwede/durair0000/projects/plinder-org/Runs-N-Poses/data/paper_data/prediction_files/boltz/8gu1__1__1.A_1.B__1.D/seed-2392735417_sample-0.cif,2.1334553205123576,3.882352941176471,0.0,0.0,0.0,0.0,0.0,O=c1[nH]c2ccccc2n1C1CCN(CCCC(c2ccc(F)cc2)c2ccc(F)cc2)CC1,34,7,0.696969696969697,0.6764705882352942,0.6865671641791046,True,True,True,false,False,True,-0.0,-0.0,False,False
boltz|8gyd__1__1.A_1.B__1.K|1.K,kept_official,boltz,8gyd__1__1.A_1.B__1.K,1.K,0.3352742218001122,0.1346153846153846,0.6,0.46,0.230794185923638,1358247646,0,0.9060319066047668,11.340961456298828,False,False,C,scicore/home/schwede/durair0000/projects/plinder-org/Runs-N-Poses/data/paper_data/prediction_files/boltz/8gyd__1__1.A_1.B__1.K/seed-1358247646_sample-0.cif,2.1538561038181268,4.487804878048781,0.0,1358247646,0,0.9060319066047668,11.340961456298828,False,False,C,scicore/home/schwede/durair0000/projects/plinder-org/Runs-N-Poses/data/paper_data/prediction_files/boltz/8gyd__1__1.A_1.B__1.K/seed-1358247646_sample-0.cif,2.1538561038181268,4.487804878048781,0.0,0.0,0.0,0.0,0.0,O=C(O)[C@H](Cc1ccc(Cl)cc1)Cn1c(-c2ccc(Cl)s2)nc2ccc(-c3ccccc3-c3nnn[nH]3)cc2c1=O,41,8,0.4,0.2608695652173913,0.3157894736842105,True,True,True,false,False,True,-0.0,-0.0,False,False
boltz|8ho5__1__1.A__1.B|1.B,kept_official,boltz,8ho5__1__1.A__1.B,1.B,0.2981069180134488,0.141025641025641,0.5,0.38,0.2387397182723721,2811197367,0,0.8177198767662048,7.505996227264404,False,False,B,scicore/home/schwede/durair0000/projects/plinder-org/Runs-N-Poses/data/paper_data/prediction_files/boltz/8ho5__1__1.A__1.B/seed-2811197367_sample-0.cif,2.645702139958504,1.434782608695652,0.0,2811197367,0,0.8177198767662048,7.505996227264404,False,False,B,scicore/home/schwede/durair0000/projects/plinder-org/Runs-N-Poses/data/paper_data/prediction_files/boltz/8ho5__1__1.A__1.B/seed-2811197367_sample-0.cif,2.645702139958504,1.434782608695652,0.0,0.0,0.0,0.0,0.0,Cc1c(C)n(C[C@@H](O)CN[C@H]2CCCC[C@@H]2C)c2ccccc12,23,5,0.8421052631578947,0.8,0.8205128205128205,True,True,True,false,False,True,-0.0,-0.0,False,False
boltz|8ivs__1__1.A_1.B__1.C|1.C,kept_official,boltz,8ivs__1__1.A_1.B__1.C,1.C,0.3480504633886326,0.131578947368421,0.64,0.45,0.2599891590484262,177705017,0,0.9139896631240844,8.488255500793457,False,False,C,scicore/home/schwede/durair0000/projects/plinder-org/Runs-N-Poses/data/paper_data/prediction_files/boltz/8ivs__1__1.A_1.B__1.C/seed-177705017_sample-0.cif,2.3269040619970647,4.142857142857143,0.0,177705017,0,0.9139896631240844,8.488255500793457,False,False,C,scicore/home/schwede/durair0000/projects/plinder-org/Runs-N-Poses/data/paper_data/prediction_files/boltz/8ivs__1__1.A_1.B__1.C/seed-177705017_sample-0.cif,2.3269040619970647,4.142857142857143,0.0,0.0,0.0,0.0,0.0,CCOc1nc(NC)nc(NC(=O)NS(=O)(=O)c2ccccc2C(=O)OC)n1,28,7,0.5454545454545454,0.8181818181818182,0.6545454545454545,True,True,True,false,False,True,-0.0,-0.0,False,False
boltz|8ivt__1__1.A_1.B__1.F|1.F,kept_official,boltz,8ivt__1__1.A_1.B__1.F,1.F,0.3347984178695694,0.136986301369863,0.62,0.45,0.2092660619505868,3738140137,0,0.91034334897995,2.033783435821533,False,True,C,scicore/home/schwede/durair0000/projects/plinder-org/Runs-N-Poses/data/paper_data/prediction_files/boltz/8ivt__1__1.A_1.B__1.F/seed-3738140137_sample-0.cif,2.3703180488050064,2.814814814814815,0.0,3738140137,0,0.91034334897995,2.033783435821533,False,True,C,scicore/home/schwede/durair0000/projects/plinder-org/Runs-N-Poses/data/paper_data/prediction_files/boltz/8ivt__1__1.A_1.B__1.F/seed-3738140137_sample-0.cif,2.3703180488050064,2.814814814814815,0.0,0.0,0.0,0.0,0.0,COC(=O)c1ccccc1S(=O)(=O)NC(=O)N(C)c1nc(C)nc(OC)n1,27,5,0.75,0.875,0.8076923076923077,True,True,True,true,True,True,-0.0,-0.0,False,False
boltz|8iw3__1__1.A_1.B__1.C|1.C,kept_official,boltz,8iw3__1__1.A_1.B__1.C,1.C,0.3413531917811083,0.1282051282051282,0.65,0.45,0.2199069845465672,2168281521,0,0.9112343192100524,4.542503833770752,False,False,C,scicore/home/schwede/durair0000/projects/plinder-org/Runs-N-Poses/data/paper_data/prediction_files/boltz/8iw3__1__1.A_1.B__1.C/seed-2168281521_sample-0.cif,2.535075950999613,2.851851851851852,0.0,2168281521,0,0.9112343192100524,4.542503833770752,False,False,C,scicore/home/schwede/durair0000/projects/plinder-org/Runs-N-Poses/data/paper_data/prediction_files/boltz/8iw3__1__1.A_1.B__1.C/seed-2168281521_sample-0.cif,2.535075950999613,2.851851851851852,0.0,0.0,0.0,0.0,0.0,CCOC(=O)c1ccccc1S(=O)(=O)NC(=O)Nc1nc(Cl)cc(OC)n1,27,6,0.7142857142857143,0.8695652173913043,0.7843137254901961,True,True,True,false,False,True,-0.0,-0.0,False,False
boltz|8j7j__1__1.A_1.B__1.C|1.C,kept_official,boltz,8j7j__1__1.A_1.B__1.C,1.C,0.3410472369781002,0.1052631578947368,0.65,0.45,0.2585256585747115,392020131,0,0.9165979623794556,5.879541397094727,False,False,C,scicore/home/schwede/durair0000/projects/plinder-org/Runs-N-Poses/data/paper_data/prediction_files/boltz/8j7j__1__1.A_1.B__1.C/seed-392020131_sample-0.cif,2.429867379910609,4.64,0.0,392020131,0,0.9165979623794556,5.879541397094727,False,False,C,scicore/home/schwede/durair0000/projects/plinder-org/Runs-N-Poses/data/paper_data/prediction_files/boltz/8j7j__1__1.A_1.B__1.C/seed-392020131_sample-0.cif,2.429867379910609,4.64,0.0,0.0,0.0,0.0,0.0,COC(=O)c1sccc1S(=O)(=O)NC(=O)Nc1nc(C)nc(OC)n1,25,5,0.6129032258064516,0.8260869565217391,0.7037037037037037,True,True,True,false,False,True,-0.0,-0.0,False,False
boltz|8jb3__1__1.A__1.B|1.B,kept_official,boltz,8jb3__1__1.A__1.B,1.B,0.342772727817712,0.4307692307692308,0.25,0.49,0.1575174852424065,1510186490,0,0.8942840695381165,25.95309829711914,False,False,B,scicore/home/schwede/durair0000/projects/plinder-org/Runs-N-Poses/data/paper_data/prediction_files/boltz/8jb3__1__1.A__1.B/seed-1510186490_sample-0.cif,2.3230597595009974,4.7368421052631575,0.0,1510186490,0,0.8942840695381165,25.95309829711914,False,False,B,scicore/home/schwede/durair0000/projects/plinder-org/Runs-N-Poses/data/paper_data/prediction_files/boltz/8jb3__1__1.A__1.B/seed-1510186490_sample-0.cif,2.3230597595009974,4.7368421052631575,0.0,0.0,0.0,0.0,0.0,O=c1[nH]cnc2c1ncn2[C@@H]1O[C@H](CO)[C@@H](O)[C@H]1O,19,2,0.0,0.0,0.0,True,True,True,false,False,True,-0.0,-0.0,False,False
boltz|8jjn__1__1.A__1.D_1.E|1.D,kept_official,boltz,8jjn__1__1.A__1.D_1.E,1.D,0.1096268929228776,0.0769230769230769,0.03,0.37,0.0060190799990036,3202965768,0,0.9535040259361268,2.418952465057373,False,False,B,scicore/home/schwede/durair0000/projects/plinder-org/Runs-N-Poses/data/paper_data/prediction_files/boltz/8jjn__1__1.A__1.D_1.E/seed-3202965768_sample-0.cif,2.4240967485844456,3.9166666666666665,0.0,3202965768,0,0.9535040259361268,2.418952465057373,False,False,B,scicore/home/schwede/durair0000/projects/plinder-org/Runs-N-Poses/data/paper_data/prediction_files/boltz/8jjn__1__1.A__1.D_1.E/seed-3202965768_sample-0.cif,2.4240967485844456,3.9166666666666665,0.0,0.0,0.0,0.0,0.0,O=c1ccn([C@@H]2O[C@H](CO[P@](=O)(O)O[P@](=O)(O)O[C@H]3O[C@H](CO)[C@@H](O)[C@H](O)[C@H]3O)[C@@H](O)[C@H]2O)c(=O)[nH]1,36,9,0.926829268292683,0.9743589743589745,0.95,True,True,True,false,False,True,-0.0,-0.0,False,False
boltz|8jjt__1__1.A__1.D|1.D,kept_official,boltz,8jjt__1__1.A__1.D,1.D,0.1148175704918721,0.0941176470588235,0.02,0.38,0.0043819701064194,2859823367,0,0.9534053802490234,0.4016002714633941,True,False,B,scicore/home/schwede/durair0000/projects/plinder-org/Runs-N-Poses/data/paper_data/prediction_files/boltz/8jjt__1__1.A__1.D/seed-2859823367_sample-0.cif,2.214781888780436,4.384615384615385,0.0,2859823367,0,0.9534053802490234,0.4016002714633941,True,False,B,scicore/home/schwede/durair0000/projects/plinder-org/Runs-N-Poses/data/paper_data/prediction_files/boltz/8jjt__1__1.A__1.D/seed-2859823367_sample-0.cif,2.214781888780436,4.384615384615385,0.0,0.0,0.0,0.0,0.0,CC(=O)N[C@H]1[C@@H](O[P@@](=O)(O)O[P@@](=O)(O)OC[C@H]2O[C@@H](n3ccc(=O)[nH]c3=O)[C@H](O)[C@@H]2O)O[C@H](CO)[C@@H](O)[C@@H]1O,39,10,0.9767441860465116,1.0,0.988235294117647,True,True,True,false,False,True,-0.0,-0.0,False,False
boltz|8ovr__1__1.A__1.B|1.B,kept_official,boltz,8ovr__1__1.A__1.B,1.B,0.341437185481288,0.0555555555555555,0.7,0.42,0.3149637051842178,1217802838,0,0.8346350789070129,12.098870277404783,False,False,B,scicore/home/schwede/durair0000/projects/plinder-org/Runs-N-Poses/data/paper_data/prediction_files/boltz/8ovr__1__1.A__1.B/seed-1217802838_sample-0.cif,2.3631784235387414,2.333333333333333,0.0,1217802838,0,0.8346350789070129,12.098870277404783,False,False,B,scicore/home/schwede/durair0000/projects/plinder-org/Runs-N-Poses/data/paper_data/prediction_files/boltz/8ovr__1__1.A__1.B/seed-1217802838_sample-0.cif,2.3631784235387414,2.333333333333333,0.0,0.0,0.0,0.0,0.0,O=S(=O)(O)CCN1CCN(CCS(=O)(=O)O)CC1,18,6,0.4117647058823529,0.2592592592592592,0.3181818181818182,True,True,True,false,False,True,-0.0,-0.0,False,False
boltz|8p1p__1__1.A__1.E|1.E,kept_official,boltz,8p1p__1__1.A__1.E,1.E,0.310541540702914,0.0952380952380952,0.56,0.43,0.2560410368479032,622928596,0,0.7346005439758301,2.3081116676330566,False,True,C,scicore/home/schwede/durair0000/projects/plinder-org/Runs-N-Poses/data/paper_data/prediction_files/boltz/8p1p__1__1.A__1.E/seed-622928596_sample-0.cif,2.3289484566335608,3.16,0.0,622928596,0,0.7346005439758301,2.3081116676330566,False,True,C,scicore/home/schwede/durair0000/projects/plinder-org/Runs-N-Poses/data/paper_data/prediction_files/boltz/8p1p__1__1.A__1.E/seed-622928596_sample-0.cif,2.3289484566335608,3.16,0.0,0.0,0.0,0.0,0.0,OCCNCc1cc(Br)ccc1OCc1ccc(F)c(C(F)(F)F)c1,25,7,0.8571428571428571,0.8888888888888888,0.8727272727272727,True,True,True,true,True,True,-0.0,-0.0,False,False
boltz|8pfl__1__1.A__1.C|1.C,kept_official,boltz,8pfl__1__1.A__1.C,1.C,0.1889806505228901,0.0909090909090909,0.21,0.48,0.0433123435235414,3536138345,0,0.8857734799385071,5.330047130584717,False,False,B,scicore/home/schwede/durair0000/projects/plinder-org/Runs-N-Poses/data/paper_data/prediction_files/boltz/8pfl__1__1.A__1.C/seed-3536138345_sample-0.cif,2.066706565259599,3.1875,0.0,3536138345,0,0.8857734799385071,5.330047130584717,False,False,B,scicore/home/schwede/durair0000/projects/plinder-org/Runs-N-Poses/data/paper_data/prediction_files/boltz/8pfl__1__1.A__1.C/seed-3536138345_sample-0.cif,2.066706565259599,3.1875,0.0,0.0,0.0,0.0,0.0,CCc1c(N2CCN(C(=O)c3ncccc3O)CC2)c(=O)n2nc(C3=CCOCC3)nc2n1CC(=O)Nc1ccc(C(F)(F)F)cc1C,48,7,0.6216216216216216,0.6052631578947368,0.6133333333333333,True,True,True,false,False,True,-0.0,-0.0,False,False
boltz|8qnh__1__1.A__1.B|1.B,kept_official,boltz,8qnh__1__1.A__1.B,1.B,0.276272927542405,0.126865671641791,0.17,0.88,0.066849712338891,3139127850,0,0.7748561501502991,28.739517211914062,False,False,B,scicore/home/schwede/durair0000/projects/plinder-org/Runs-N-Poses/data/paper_data/prediction_files/boltz/8qnh__1__1.A__1.B/seed-3139127850_sample-0.cif,2.414278937814659,1.9230769230769231,0.0,3139127850,0,0.7748561501502991,28.739517211914062,False,False,B,scicore/home/schwede/durair0000/projects/plinder-org/Runs-N-Poses/data/paper_data/prediction_files/boltz/8qnh__1__1.A__1.B/seed-3139127850_sample-0.cif,2.414278937814659,1.9230769230769231,0.0,0.0,0.0,0.0,0.0,CC1CC(c2cccc(N3Cc4c(cc(CN5CCC[C@H](C)C5)cc4C(F)(F)F)C3=O)c2)(c2nncn2C)C1,39,5,0.0,0.0,0.0,True,True,True,false,False,True,-0.0,-0.0,False,False
boltz|8qtg__1__1.A__1.B|1.B,kept_official,boltz,8qtg__1__1.A__1.B,1.B,0.2245431733599726,0.0725806451612903,0.07,0.88,0.0281997377676052,2818892127,1,0.7934488654136658,10.541259765625,False,False,B,scicore/home/schwede/durair0000/projects/plinder-org/Runs-N-Poses/data/paper_data/prediction_files/boltz/8qtg__1__1.A__1.B/seed-2818892127_sample-1.cif,2.09617767190688,4.928571428571429,0.0,2818892127,1,0.7934488654136658,10.541259765625,False,False,B,scicore/home/schwede/durair0000/projects/plinder-org/Runs-N-Poses/data/paper_data/prediction_files/boltz/8qtg__1__1.A__1.B/seed-2818892127_sample-1.cif,2.09617767190688,4.928571428571429,0.0,0.0,0.0,0.0,0.0,CC1CC(c2cccc(-c3cc(C(F)(F)F)c[nH]c3=O)c2)(c2nncn2C)C1,28,3,0.4838709677419355,0.5172413793103449,0.5000000000000001,True,True,True,false,False,True,-0.0,-0.0,False,False
boltz|8qth__1__1.A__1.B|1.B,kept_official,boltz,8qth__1__1.A__1.B,1.B,0.2233946977369844,0.0697674418604651,0.07,0.88,0.0273804654291084,1900553241,0,0.909395396709442,32.81864929199219,False,False,B,scicore/home/schwede/durair0000/projects/plinder-org/Runs-N-Poses/data/paper_data/prediction_files/boltz/8qth__1__1.A__1.B/seed-1900553241_sample-0.cif,2.5034920708583224,1.96875,0.0,1900553241,0,0.909395396709442,32.81864929199219,False,False,B,scicore/home/schwede/durair0000/projects/plinder-org/Runs-N-Poses/data/paper_data/prediction_files/boltz/8qth__1__1.A__1.B/seed-1900553241_sample-0.cif,2.5034920708583224,1.96875,0.0,0.0,0.0,0.0,0.0,CC1CC(c2cccc(-c3cc4c(C(F)(F)F)cn(C)c4[nH]c3=O)c2)(c2nncn2C)C1,32,3,0.0,0.0,0.0,True,True,True,false,False,True,-0.0,-0.0,False,False
boltz|8qtj__1__1.A__1.E|1.E,kept_official,boltz,8qtj__1__1.A__1.E,1.E,0.2551152358977929,0.0833333333333333,0.15,0.88,0.0622428461556312,1289244996,2,0.7997216582298279,7.024728775024414,False,False,B,scicore/home/schwede/durair0000/projects/plinder-org/Runs-N-Poses/data/paper_data/prediction_files/boltz/8qtj__1__1.A__1.E/seed-1289244996_sample-2.cif,1.8165410335040684,5.277777777777778,0.0277777777777777,1289244996,2,0.7997216582298279,7.024728775024414,False,False,B,scicore/home/schwede/durair0000/projects/plinder-org/Runs-N-Poses/data/paper_data/prediction_files/boltz/8qtj__1__1.A__1.E/seed-1289244996_sample-2.cif,1.8165410335040684,5.277777777777778,0.0277777777777777,0.0,0.0,0.0,0.0,CC1CC(c2cccc(-c3cc(C(F)(F)F)cn([C@H](C)c4cnn(C)c4)c3=O)c2)(c2nncn2C)C1,36,5,0.5,0.5454545454545454,0.5217391304347826,False,True,False,false,False,True,-0.0,-0.0,False,False
boltz|8rkq__1__1.A__1.E|1.E,kept_official,boltz,8rkq__1__1.A__1.E,1.E,0.2201963944506418,0.1129032258064516,0.31,0.39,0.1259013270919188,362405807,0,0.897472083568573,40.25973129272461,False,False,C,scicore/home/schwede/durair0000/projects/plinder-org/Runs-N-Poses/data/paper_data/prediction_files/boltz/8rkq__1__1.A__1.E/seed-362405807_sample-0.cif,1.7930146017853958,2.423076923076923,0.0192307692307692,362405807,0,0.897472083568573,40.25973129272461,False,False,C,scicore/home/schwede/durair0000/projects/plinder-org/Runs-N-Poses/data/paper_data/prediction_files/boltz/8rkq__1__1.A__1.E/seed-362405807_sample-0.cif,1.7930146017853958,2.423076923076923,0.0192307692307692,0.0,0.0,0.0,0.0,O=P(O)(O)Oc1c2c(c(OP(=O)(O)O)c3c1[C@H]1C[C@@H]3c3cc4c(cc31)[C@H]1C[C@@H]4c3ccccc31)[C@H]1C[C@@H]2c2cc3c(cc21)[C@H]1C[C@@H]3c2ccccc21,52,4,0.0,0.0,0.0,True,True,False,false,False,True,-0.0,-0.0,False,False
boltz|8se5__1__1.A_1.B__1.H|1.H,kept_official,boltz,8se5__1__1.A_1.B__1.H,1.H,0.2276427646665613,0.1417322834645669,0.26,0.47,0.0951823272698144,3795146139,0,0.8482500910758972,3.84031081199646,False,False,C,scicore/home/schwede/durair0000/projects/plinder-org/Runs-N-Poses/data/paper_data/prediction_files/boltz/8se5__1__1.A_1.B__1.H/seed-3795146139_sample-0.cif,2.146543148688654,3.225,0.0,3795146139,0,0.8482500910758972,3.84031081199646,False,False,C,scicore/home/schwede/durair0000/projects/plinder-org/Runs-N-Poses/data/paper_data/prediction_files/boltz/8se5__1__1.A_1.B__1.H/seed-3795146139_sample-0.cif,2.146543148688654,3.225,0.0,0.0,0.0,0.0,0.0,O=C(N[C@H](C(=O)N1C[C@@H]2C(CO)[C@@H]2C1)c1cccc(C(F)(F)F)c1)c1ccccc1-c1ccc(C(F)(F)F)cc1,40,6,0.6363636363636364,0.9333333333333332,0.7567567567567568,True,True,True,false,False,True,-0.0,-0.0,False,False
boltz|8se6__1__1.A_1.B__1.F|1.F,kept_official,boltz,8se6__1__1.A_1.B__1.F,1.F,0.2066388537703408,0.126865671641791,0.22,0.46,0.0761793434785699,4197237451,2,0.8153433203697205,5.52951717376709,False,False,C,scicore/home/schwede/durair0000/projects/plinder-org/Runs-N-Poses/data/paper_data/prediction_files/boltz/8se6__1__1.A_1.B__1.F/seed-4197237451_sample-2.cif,1.2048784802487749,2.975,0.075,4197237451,2,0.8153433203697205,5.52951717376709,False,False,C,scicore/home/schwede/durair0000/projects/plinder-org/Runs-N-Poses/data/paper_data/prediction_files/boltz/8se6__1__1.A_1.B__1.F/seed-4197237451_sample-2.cif,1.2048784802487749,2.975,0.075,0.0,0.0,0.0,0.0,CN(C)C(=O)[C@@H](NC(=O)c1ccccc1-c1ccc(C(F)(F)F)cc1)c1cccc(N2CC(CC(F)(F)F)C2)c1,40,7,0.64,0.8888888888888888,0.7441860465116279,False,True,False,false,False,True,-0.0,-0.0,False,False
boltz|8sft__1__1.A__1.E_1.F|1.F,kept_official,boltz,8sft__1__1.A__1.E_1.F,1.F,0.2587227711241899,0.0945945945945946,0.41,0.41,0.2055733150804093,1669904668,0,0.9231668710708618,7.188525199890137,False,True,C,scicore/home/schwede/durair0000/projects/plinder-org/Runs-N-Poses/data/paper_data/prediction_files/boltz/8sft__1__1.A__1.E_1.F/seed-1669904668_sample-0.cif,2.886350881311711,1.809523809523809,0.0,1669904668,0,0.9231668710708618,7.188525199890137,False,True,C,scicore/home/schwede/durair0000/projects/plinder-org/Runs-N-Poses/data/paper_data/prediction_files/boltz/8sft__1__1.A__1.E_1.F/seed-1669904668_sample-0.cif,2.886350881311711,1.809523809523809,0.0,0.0,0.0,0.0,0.0,O=c1c(O)c(-c2ccc(O)cc2)oc2cc(O)cc(O)c12,21,1,0.9444444444444444,0.8947368421052632,0.918918918918919,True,True,True,true,True,True,-0.0,-0.0,False,False
boltz|8v8m__1__1.A__1.F_1.G|1.F,kept_official,boltz,8v8m__1__1.A__1.F_1.G,1.F,0.1885247391342281,0.055045871559633,0.06,0.74,0.0312934204417828,3168101811,0,0.9438242316246032,21.39694023132324,False,False,C,scicore/home/schwede/durair0000/projects/plinder-org/Runs-N-Poses/data/paper_data/prediction_files/boltz/8v8m__1__1.A__1.F_1.G/seed-3168101811_sample-0.cif,2.132024443071078,4.4,0.0,3168101811,0,0.9438242316246032,21.39694023132324,False,False,C,scicore/home/schwede/durair0000/projects/plinder-org/Runs-N-Poses/data/paper_data/prediction_files/boltz/8v8m__1__1.A__1.F_1.G/seed-3168101811_sample-0.cif,2.132024443071078,4.4,0.0,0.0,0.0,0.0,0.0,O=C1C[C@@H](c2ccc(O)cc2)Oc2cc(O)cc(O)c21,20,1,0.0,0.0,0.0,True,True,True,false,False,True,-0.0,-0.0,False,False
boltz|8v8m__1__1.A__1.F_1.G|1.G,kept_official,boltz,8v8m__1__1.A__1.F_1.G,1.G,0.1885658100305215,0.055045871559633,0.06,0.74,0.03149877492325,3168101811,0,0.9438242316246032,21.39694023132324,False,False,C,scicore/home/schwede/durair0000/projects/plinder-org/Runs-N-Poses/data/paper_data/prediction_files/boltz/8v8m__1__1.A__1.F_1.G/seed-3168101811_sample-0.cif,2.132024443071078,4.4,0.0,3168101811,0,0.9438242316246032,21.39694023132324,False,False,C,scicore/home/schwede/durair0000/projects/plinder-org/Runs-N-Poses/data/paper_data/prediction_files/boltz/8v8m__1__1.A__1.F_1.G/seed-3168101811_sample-0.cif,2.132024443071078,4.4,0.0,0.0,0.0,0.0,0.0,O=C1C[C@@H](c2ccc(O)cc2)Oc2cc(O)cc(O)c21,20,1,,,,True,True,True,false,False,True,-0.0,-0.0,False,False
boltz|8wsm__1__1.A__1.D|1.D,kept_official,boltz,8wsm__1__1.A__1.D,1.D,0.1839906597772967,0.088235294117647,0.24,0.38,0.0855415341806015,41171856,0,0.7524293661117554,5.535295009613037,False,False,B,scicore/home/schwede/durair0000/projects/plinder-org/Runs-N-Poses/data/paper_data/prediction_files/boltz/8wsm__1__1.A__1.D/seed-41171856_sample-0.cif,1.4234486850454011,5.166666666666667,0.1333333333333333,41171856,0,0.7524293661117554,5.535295009613037,False,False,B,scicore/home/schwede/durair0000/projects/plinder-org/Runs-N-Poses/data/paper_data/prediction_files/boltz/8wsm__1__1.A__1.D/seed-41171856_sample-0.cif,1.4234486850454011,5.166666666666667,0.1333333333333333,0.0,0.0,0.0,0.0,Cc1ccc(C(F)(F)F)cc1Nc1nc(C(=O)NS(=O)(=O)N2CCCOCC2)co1,30,5,0.5833333333333334,0.7241379310344828,0.6461538461538462,False,True,False,false,False,True,-0.0,-0.0,False,False
boltz1x|5s9y__1__1.A__1.K|1.K,kept_official,boltz1x,5s9y__1__1.A__1.K,1.K,0.3165569474505974,0.0909090909090909,0.5,0.53,0.268693828162078,761064709,0,0.9571233987808228,31.056621551513672,False,True,C,scicore/home/schwede/durair0000/projects/plinder-org/Runs-N-Poses/data/paper_data/prediction_files/boltz1x/5s9y__1__1.A__1.K/seed-761064709_sample-0.cif,2.494031386714037,2.6666666666666665,0.0,761064709,0,0.9571233987808228,31.056621551513672,False,True,C,scicore/home/schwede/durair0000/projects/plinder-org/Runs-N-Poses/data/paper_data/prediction_files/boltz1x/5s9y__1__1.A__1.K/seed-761064709_sample-0.cif,2.494031386714037,2.6666666666666665,0.0,0.0,0.0,0.0,0.0,COC(=O)c1cccc(NS(C)(=O)=O)c1,15,3,,,,True,True,True,true,True,True,-0.0,-0.0,False,False
boltz1x|7di7__1__1.A__1.D|1.D,kept_official,boltz1x,7di7__1__1.A__1.D,1.D,0.2842494358339746,0.0864197530864197,0.5,0.38,0.2650126112686384,2484557304,0,0.8512584567070007,24.19223022460937,False,True,B,scicore/home/schwede/durair0000/projects/plinder-org/Runs-N-Poses/data/paper_data/prediction_files/boltz1x/7di7__1__1.A__1.D/seed-2484557304_sample-0.cif,2.575127148667822,4.363636363636363,0.0,2484557304,0,0.8512584567070007,24.19223022460937,False,True,B,scicore/home/schwede/durair0000/projects/plinder-org/Runs-N-Poses/data/paper_data/prediction_files/boltz1x/7di7__1__1.A__1.D/seed-2484557304_sample-0.cif,2.575127148667822,4.363636363636363,0.0,0.0,0.0,0.0,0.0,CCN(CC)CCC[C@@H](C)Nc1ccnc2cc(Cl)ccc12,22,8,,,,True,True,True,true,True,True,-0.0,-0.0,False,False
boltz1x|7dia__1__1.A__1.D_1.E_1.G|1.E,kept_official,boltz1x,7dia__1__1.A__1.D_1.E_1.G,1.E,0.2027386849198939,0.1052631578947368,0.29,0.37,0.0969828982836805,1078883496,0,0.8278645873069763,20.446252822875977,False,True,C,scicore/home/schwede/durair0000/projects/plinder-org/Runs-N-Poses/data/paper_data/prediction_files/boltz1x/7dia__1__1.A__1.D_1.E_1.G/seed-1078883496_sample-0.cif,2.468389785397336,4.807692307692308,0.0,1078883496,0,0.8278645873069763,20.446252822875977,False,True,C,scicore/home/schwede/durair0000/projects/plinder-org/Runs-N-Poses/data/paper_data/prediction_files/boltz1x/7dia__1__1.A__1.D_1.E_1.G/seed-1078883496_sample-0.cif,2.468389785397336,4.807692307692308,0.0,0.0,0.0,0.0,0.0,O[C@H](c1cc(C(F)(F)F)nc2c(C(F)(F)F)cccc12)[C@@H]1CCCCN1,26,2,,,,True,True,True,true,True,True,-0.0,-0.0,False,False
boltz1x|7dij__1__1.A__1.F_1.J|1.J,kept_official,boltz1x,7dij__1__1.A__1.F_1.J,1.J,0.2616139618450357,0.0769230769230769,0.47,0.38,0.2059544246097938,1355221400,0,0.8736122250556946,25.60654067993164,False,True,C,scicore/home/schwede/durair0000/projects/plinder-org/Runs-N-Poses/data/paper_data/prediction_files/boltz1x/7dij__1__1.A__1.F_1.J/seed-1355221400_sample-0.cif,2.809110076557116,2.4705882352941178,0.0,1355221400,0,0.8736122250556946,25.60654067993164,False,True,C,scicore/home/schwede/durair0000/projects/plinder-org/Runs-N-Poses/data/paper_data/prediction_files/boltz1x/7dij__1__1.A__1.F_1.J/seed-1355221400_sample-0.cif,2.809110076557116,2.4705882352941178,0.0,0.0,0.0,0.0,0.0,CC(C)(C)c1cc(O)c(CN)c(C(C)(C)C)c1,17,1,,,,True,True,True,true,True,True,-0.0,-0.0,False,False
boltz1x|7e1n__1__1.A_1.B__1.D|1.D,kept_official,boltz1x,7e1n__1__1.A_1.B__1.D,1.D,0.3000633537067688,0.0648148148148148,0.6,0.36,0.2768908426079184,3309037501,0,0.8609480857849121,4.359292984008789,False,True,C,scicore/home/schwede/durair0000/projects/plinder-org/Runs-N-Poses/data/paper_data/prediction_files/boltz1x/7e1n__1__1.A_1.B__1.D/seed-3309037501_sample-0.cif,2.959207760248609,0.5333333333333333,0.0,3309037501,0,0.8609480857849121,4.359292984008789,False,True,C,scicore/home/schwede/durair0000/projects/plinder-org/Runs-N-Poses/data/paper_data/prediction_files/boltz1x/7e1n__1__1.A_1.B__1.D/seed-3309037501_sample-0.cif,2.959207760248609,0.5333333333333333,0.0,0.0,0.0,0.0,0.0,C[C@@H](O)c1c(O)cc(O)c([C@@H](C)O)c1O,15,2,,,,True,False,True,true,False,True,-0.0,-0.0,False,False
boltz1x|7fee__1__1.A__1.E|1.E,kept_official,boltz1x,7fee__1__1.A__1.E,1.E,0.3285971759090713,0.0652173913043478,0.42,0.81,0.1938554447627477,3463431665,0,0.8000712394714355,14.499215126037598,False,True,B,scicore/home/schwede/durair0000/projects/plinder-org/Runs-N-Poses/data/paper_data/prediction_files/boltz1x/7fee__1__1.A__1.E/seed-3463431665_sample-0.cif,2.599715847695499,2.6923076923076925,0.0,3463431665,0,0.8000712394714355,14.499215126037598,False,True,B,scicore/home/schwede/durair0000/projects/plinder-org/Runs-N-Poses/data/paper_data/prediction_files/boltz1x/7fee__1__1.A__1.E/seed-3463431665_sample-0.cif,2.599715847695499,2.6923076923076925,0.0,0.0,0.0,0.0,0.0,Cc1ccc2c([C@@H](C[N+](=O)[O-])c3cccs3)c(-c3ccccc3)[nH]c2c1,26,5,,,,True,True,True,true,True,True,-0.0,-0.0,False,False
boltz1x|7jni__1__1.A__1.C|1.C,kept_official,boltz1x,7jni__1__1.A__1.C,1.C,0.3117824020105986,0.1401869158878504,0.49,0.49,0.2110849072492548,3434206344,0,0.8437005281448364,3.410393714904785,False,True,B,scicore/home/schwede/durair0000/projects/plinder-org/Runs-N-Poses/data/paper_data/prediction_files/boltz1x/7jni__1__1.A__1.C/seed-3434206344_sample-0.cif,2.4688024893262,2.4473684210526314,0.0,3434206344,0,0.8437005281448364,3.410393714904785,False,True,B,scicore/home/schwede/durair0000/projects/plinder-org/Runs-N-Poses/data/paper_data/prediction_files/boltz1x/7jni__1__1.A__1.C/seed-3434206344_sample-0.cif,2.4688024893262,2.4473684210526314,0.0,0.0,0.0,0.0,0.0,COc1ccc2c(c1OCc1ccccc1)C[C@@H](C(=O)O)N(C(=O)C(c1ccccc1)c1ccccc1)C2,38,8,,,,True,True,True,true,True,True,-0.0,-0.0,False,False
boltz1x|7ly6__1__1.A_2.A__1.B_1.C_1.D|1.B,kept_official,boltz1x,7ly6__1__1.A_2.A__1.B_1.C_1.D,1.B,0.1229457050039024,0.05,0.05,0.44,0.0247285250195121,4069042171,0,0.913381278514862,2.6342480182647705,False,False,C,scicore/home/schwede/durair0000/projects/plinder-org/Runs-N-Poses/data/paper_data/prediction_files/boltz1x/7ly6__1__1.A_2.A__1.B_1.C_1.D/seed-4069042171_sample-0.cif,2.453375321573956,8.2,0.0,4069042171,0,0.913381278514862,2.6342480182647705,False,False,C,scicore/home/schwede/durair0000/projects/plinder-org/Runs-N-Poses/data/paper_data/prediction_files/boltz1x/7ly6__1__1.A_2.A__1.B_1.C_1.D/seed-4069042171_sample-0.cif,2.453375321573956,8.2,0.0,0.0,0.0,0.0,0.0,NCC(=O)O,5,1,,,,True,True,True,false,False,True,-0.0,-0.0,False,False
boltz1x|7p1e__1__1.A__1.C_1.G|1.C,kept_official,boltz1x,7p1e__1__1.A__1.C_1.G,1.C,0.2188801109929856,0.3214285714285714,0.07,0.4,0.0444005549649278,3982122658,0,0.938564121723175,24.04767799377441,False,True,B,scicore/home/schwede/durair0000/projects/plinder-org/Runs-N-Poses/data/paper_data/prediction_files/boltz1x/7p1e__1__1.A__1.C_1.G/seed-3982122658_sample-0.cif,2.5274954294584058,3.3684210526315788,0.0,3982122658,0,0.938564121723175,24.04767799377441,False,True,B,scicore/home/schwede/durair0000/projects/plinder-org/Runs-N-Poses/data/paper_data/prediction_files/boltz1x/7p1e__1__1.A__1.C_1.G/seed-3982122658_sample-0.cif,2.5274954294584058,3.3684210526315788,0.0,0.0,0.0,0.0,0.0,O=C(O)[C@]1(F)O[C@@H]([C@H](O)[C@H](O)CO)[C@H](O)[C@@H](O)[C@H]1F,19,4,,,,True,True,True,true,True,True,-0.0,-0.0,False,False
boltz1x|7qea__1__1.A__1.C|1.C,kept_official,boltz1x,7qea__1__1.A__1.C,1.C,0.3306697072991383,0.2117647058823529,0.54,0.39,0.217760301201574,2901689468,4,0.9302977919578552,3.989466905593872,False,True,B,scicore/home/schwede/durair0000/projects/plinder-org/Runs-N-Poses/data/paper_data/prediction_files/boltz1x/7qea__1__1.A__1.C/seed-2901689468_sample-4.cif,2.433050495812344,3.351351351351352,0.0,2901689468,4,0.9302977919578552,3.989466905593872,False,True,B,scicore/home/schwede/durair0000/projects/plinder-org/Runs-N-Poses/data/paper_data/prediction_files/boltz1x/7qea__1__1.A__1.C/seed-2901689468_sample-4.cif,2.433050495812344,3.351351351351352,0.0,0.0,0.0,0.0,0.0,O=C1O[C@@]2(c3ccc(O)cc3Oc3cc(O[C@@H]4O[C@H](C(=O)O)[C@@H](O)[C@H](O)[C@H]4O)ccc32)c2ccccc21,37,3,,,,True,True,True,true,True,True,-0.0,-0.0,False,False
boltz1x|7rbw__1__1.A__1.C|1.C,kept_official,boltz1x,7rbw__1__1.A__1.C,1.C,0.2628617505633615,0.0792079207920792,0.43,0.51,0.128194891430669,16153800,0,0.8519477248191833,7.173100471496582,False,True,B,scicore/home/schwede/durair0000/projects/plinder-org/Runs-N-Poses/data/paper_data/prediction_files/boltz1x/7rbw__1__1.A__1.C/seed-16153800_sample-0.cif,2.5472778812052206,3.627906976744186,0.0,16153800,0,0.8519477248191833,7.173100471496582,False,True,B,scicore/home/schwede/durair0000/projects/plinder-org/Runs-N-Poses/data/paper_data/prediction_files/boltz1x/7rbw__1__1.A__1.C/seed-16153800_sample-0.cif,2.5472778812052206,3.627906976744186,0.0,0.0,0.0,0.0,0.0,C=CC1=C(C)/C(=C/c2[nH]c(/C=C3\N=C(/C=C4\NC(=O)C(C)=C4C=C)C(C)=C3CCC(=O)O)c(CCC(=O)O)c2C)NC1=O,43,11,,,,True,True,True,true,True,True,-0.0,-0.0,False,False
boltz1x|7s7t__1__1.A__1.B|1.B,kept_official,boltz1x,7s7t__1__1.A__1.B,1.B,0.2820503349443967,0.0,0.56,0.51,0.2002516747219832,3591844030,0,0.8853693008422852,5.2431464195251465,False,True,B,scicore/home/schwede/durair0000/projects/plinder-org/Runs-N-Poses/data/paper_data/prediction_files/boltz1x/7s7t__1__1.A__1.B/seed-3591844030_sample-0.cif,2.5101091350669824,5.625,0.0,3591844030,0,0.8853693008422852,5.2431464195251465,False,True,B,scicore/home/schwede/durair0000/projects/plinder-org/Runs-N-Poses/data/paper_data/prediction_files/boltz1x/7s7t__1__1.A__1.B/seed-3591844030_sample-0.cif,2.5101091350669824,5.625,0.0,0.0,0.0,0.0,0.0,c1cnc2cc3c(cc2n1)[C@@H]1CNC[C@H]3C1,16,0,,,,True,True,True,true,True,True,-0.0,-0.0,False,False
boltz1x|7tuo__1__1.A__1.B|1.B,kept_official,boltz1x,7tuo__1__1.A__1.B,1.B,0.2820292893764245,0.1339285714285714,0.47,0.41,0.1782714468821226,2146437117,0,0.8855724334716797,11.161365509033203,False,True,B,scicore/home/schwede/durair0000/projects/plinder-org/Runs-N-Poses/data/paper_data/prediction_files/boltz1x/7tuo__1__1.A__1.B/seed-2146437117_sample-0.cif,2.941436027166984,3.5,0.0,2146437117,0,0.8855724334716797,11.161365509033203,False,True,B,scicore/home/schwede/durair0000/projects/plinder-org/Runs-N-Poses/data/paper_data/prediction_files/boltz1x/7tuo__1__1.A__1.B/seed-2146437117_sample-0.cif,2.941436027166984,3.5,0.0,0.0,0.0,0.0,0.0,Cc1cnc2c(N)c(C(=O)NCCc3ccc(C4C[C@H]5CC[C@@H](C4)N5)cc3)sc2n1,30,5,,,,True,True,True,true,True,True,-0.0,-0.0,False,False
boltz1x|7udq__1__1.A__1.C|1.C,kept_official,boltz1x,7udq__1__1.A__1.C,1.C,0.2970593491432922,0.0769230769230769,0.56,0.4,0.2506813611010762,3351301566,0,0.8618448376655579,1.1685672998428345,True,True,B,scicore/home/schwede/durair0000/projects/plinder-org/Runs-N-Poses/data/paper_data/prediction_files/boltz1x/7udq__1__1.A__1.C/seed-3351301566_sample-0.cif,3.004030670366594,2.4,0.0,3351301566,0,0.8618448376655579,1.1685672998428345,True,True,B,scicore/home/schwede/durair0000/projects/plinder-org/Runs-N-Poses/data/paper_data/prediction_files/boltz1x/7udq__1__1.A__1.C/seed-3351301566_sample-0.cif,3.004030670366594,2.4,0.0,0.0,0.0,0.0,0.0,COc1cc(Nc2ccnc3cc(C#N)ccc23)cc(OC)c1OC,25,5,,,,True,True,True,true,True,True,-0.0,-0.0,False,False
boltz1x|7uum__1__1.A_2.A__1.B_1.C|1.C,kept_official,boltz1x,7uum__1__1.A_2.A__1.B_1.C,1.C,0.3197467792255061,0.1081081081081081,0.61,0.43,0.2170447069383413,2665513916,0,0.8180177807807922,8.053990364074707,False,True,I,scicore/home/schwede/durair0000/projects/plinder-org/Runs-N-Poses/data/paper_data/prediction_files/boltz1x/7uum__1__1.A_2.A__1.B_1.C/seed-2665513916_sample-0.cif,2.401727524615394,1.5238095238095235,0.0,2665513916,0,0.8180177807807922,8.053990364074707,False,True,I,scicore/home/schwede/durair0000/projects/plinder-org/Runs-N-Poses/data/paper_data/prediction_files/boltz1x/7uum__1__1.A_2.A__1.B_1.C/seed-2665513916_sample-0.cif,2.401727524615394,1.5238095238095235,0.0,0.0,0.0,0.0,0.0,NC[C@@H]1O[C@H](O[C@H]2[C@@H](O)[C@H](O[C@@H]3[C@@H](O)[C@H](N)C[C@H](N)[C@H]3O[C@H]3O[C@H](CO)[C@@H](O)[C@H](O)[C@H]3N)O[C@@H]2CO)[C@H](N)[C@@H](O)[C@@H]1O,42,9,,,,True,True,True,true,True,True,-0.0,-0.0,False,False
boltz1x|7vo5__1__1.A__1.B|1.B,kept_official,boltz1x,7vo5__1__1.A__1.B,1.B,0.3121076454632686,0.1923076923076923,0.5,0.45,0.1489997657778814,2292105079,0,0.863161027431488,9.450371742248535,False,True,C,scicore/home/schwede/durair0000/projects/plinder-org/Runs-N-Poses/data/paper_data/prediction_files/boltz1x/7vo5__1__1.A__1.B/seed-2292105079_sample-0.cif,2.4922638301116447,2.142857142857143,0.0,2292105079,0,0.863161027431488,9.450371742248535,False,True,C,scicore/home/schwede/durair0000/projects/plinder-org/Runs-N-Poses/data/paper_data/prediction_files/boltz1x/7vo5__1__1.A__1.B/seed-2292105079_sample-0.cif,2.4922638301116447,2.142857142857143,0.0,0.0,0.0,0.0,0.0,C[C@H]1[C@@H]2C[C@@H](O)/C=C/C=C/C=C/C=C/C[C@@H](C)OC(=O)C[C@H](O)/C=C/C[C@H](O)C[C@](O)(C[C@@H]1O)O2,35,0,,,,True,True,True,true,True,True,-0.0,-0.0,False,False
boltz1x|7vpe__1__1.A__1.B|1.B,kept_official,boltz1x,7vpe__1__1.A__1.B,1.B,0.251137437743895,0.1176470588235294,0.43,0.38,0.1323048357782985,920136628,0,0.7880155444145203,4.064614772796631,False,True,B,scicore/home/schwede/durair0000/projects/plinder-org/Runs-N-Poses/data/paper_data/prediction_files/boltz1x/7vpe__1__1.A__1.B/seed-920136628_sample-0.cif,2.550982203450073,1.8333333333333333,0.0,920136628,0,0.7880155444145203,4.064614772796631,False,True,B,scicore/home/schwede/durair0000/projects/plinder-org/Runs-N-Poses/data/paper_data/prediction_files/boltz1x/7vpe__1__1.A__1.B/seed-920136628_sample-0.cif,2.550982203450073,1.8333333333333333,0.0,0.0,0.0,0.0,0.0,C1=N[C@@H](c2ccccc2)[C@H](c2ccccc2)N1Cc1cccc(CN2C=N[C@@H](c3ccccc3)[C@@H]2c2ccccc2)c1,42,8,,,,True,True,True,true,True,True,-0.0,-0.0,False,False
boltz1x|7wdu__1__1.A__1.C|1.C,kept_official,boltz1x,7wdu__1__1.A__1.C,1.C,0.3261207552603827,0.1333333333333333,0.61,0.43,0.20477044296858,2307359507,0,0.7813433408737183,3.594418525695801,False,True,B,scicore/home/schwede/durair0000/projects/plinder-org/Runs-N-Poses/data/paper_data/prediction_files/boltz1x/7wdu__1__1.A__1.C/seed-2307359507_sample-0.cif,2.483821815740872,3.034482758620689,0.0,2307359507,0,0.7813433408737183,3.594418525695801,False,True,B,scicore/home/schwede/durair0000/projects/plinder-org/Runs-N-Poses/data/paper_data/prediction_files/boltz1x/7wdu__1__1.A__1.C/seed-2307359507_sample-0.cif,2.483821815740872,3.034482758620689,0.0,0.0,0.0,0.0,0.0,CC(=O)N[C@H]1C(=NOC(=O)Nc2ccccc2)O[C@H](COS(=O)(=O)O)[C@@H](O)[C@@H]1O,29,6,,,,True,True,True,true,True,True,-0.0,-0.0,False,False
boltz1x|7wzv__1__1.A__1.C_1.E_1.F_1.K_1.O|1.F,kept_official,boltz1x,7wzv__1__1.A__1.C_1.E_1.F_1.K_1.O,1.F,0.2935146324890665,0.0987654320987654,0.55,0.37,0.2372336562724934,4017839974,0,0.9038130640983582,1.1597542762756348,True,False,D,scicore/home/schwede/durair0000/projects/plinder-org/Runs-N-Poses/data/paper_data/prediction_files/boltz1x/7wzv__1__1.A__1.C_1.E_1.F_1.K_1.O/seed-4017839974_sample-0.cif,2.409235520328946,2.5217391304347827,0.0,4017839974,0,0.9038130640983582,1.1597542762756348,True,False,D,scicore/home/schwede/durair0000/projects/plinder-org/Runs-N-Poses/data/paper_data/prediction_files/boltz1x/7wzv__1__1.A__1.C_1.E_1.F_1.K_1.O/seed-4017839974_sample-0.cif,2.409235520328946,2.5217391304347827,0.0,0.0,0.0,0.0,0.0,CN[C@@H]1C(O)[C@H](NC)[C@@H](O)C(O[C@@H]2O[C@H](C)C[C@H](O)[C@H]2O)[C@H]1O,23,4,,,,True,True,True,false,False,True,-0.0,-0.0,False,False
boltz1x|7wzx__1__1.A__1.B_1.D_1.E_1.I|1.I,kept_official,boltz1x,7wzx__1__1.A__1.B_1.D_1.E_1.I,1.I,0.3072936570464784,0.1351351351351351,0.55,0.37,0.2424817987459055,3011248381,0,0.9121479392051696,1.1495726108551023,True,False,E,scicore/home/schwede/durair0000/projects/plinder-org/Runs-N-Poses/data/paper_data/prediction_files/boltz1x/7wzx__1__1.A__1.B_1.D_1.E_1.I/seed-3011248381_sample-0.cif,2.4195629758009707,2.6956521739130435,0.0,3011248381,0,0.9121479392051696,1.1495726108551023,True,False,E,scicore/home/schwede/durair0000/projects/plinder-org/Runs-N-Poses/data/paper_data/prediction_files/boltz1x/7wzx__1__1.A__1.B_1.D_1.E_1.I/seed-3011248381_sample-0.cif,2.4195629758009707,2.6956521739130435,0.0,0.0,0.0,0.0,0.0,CN[C@@H]1C(O)[C@H](NC)[C@@H](O)C(O[C@@H]2O[C@H](C)C[C@H](O)C2=O)[C@H]1O,23,4,,,,True,True,True,false,False,True,-0.0,-0.0,False,False
boltz1x|7xxn__1__2.A__2.B_2.C|2.B,kept_official,boltz1x,7xxn__1__2.A__2.B_2.C,2.B,0.2757162485816537,0.0634920634920634,0.5,0.36,0.2824701317971574,3385240345,0,0.9118980765342712,3.2571842670440674,False,True,E,scicore/home/schwede/durair0000/projects/plinder-org/Runs-N-Poses/data/paper_data/prediction_files/boltz1x/7xxn__1__2.A__2.B_2.C/seed-3385240345_sample-0.cif,2.793050013662681,2.9285714285714284,0.0,3385240345,0,0.9118980765342712,3.2571842670440674,False,True,E,scicore/home/schwede/durair0000/projects/plinder-org/Runs-N-Poses/data/paper_data/prediction_files/boltz1x/7xxn__1__2.A__2.B_2.C/seed-3385240345_sample-0.cif,2.793050013662681,2.9285714285714284,0.0,0.0,0.0,0.0,0.0,O=S(=O)(c1ccc(Br)s1)n1cccn1,14,2,,,,True,True,True,true,True,True,-0.0,-0.0,False,False
boltz1x|7yd2__1__1.A_1.B__1.K|1.K,kept_official,boltz1x,7yd2__1__1.A_1.B__1.K,1.K,0.3416452371562777,0.136986301369863,0.65,0.46,0.196000158384128,2345596935,0,0.908222496509552,3.5013680458068848,False,True,C,scicore/home/schwede/durair0000/projects/plinder-org/Runs-N-Poses/data/paper_data/prediction_files/boltz1x/7yd2__1__1.A_1.B__1.K/seed-2345596935_sample-0.cif,2.4686942174423967,3.72,0.0,2345596935,0,0.908222496509552,3.5013680458068848,False,True,C,scicore/home/schwede/durair0000/projects/plinder-org/Runs-N-Poses/data/paper_data/prediction_files/boltz1x/7yd2__1__1.A_1.B__1.K/seed-2345596935_sample-0.cif,2.4686942174423967,3.72,0.0,0.0,0.0,0.0,0.0,COc1cc(Cl)nc(NC(=O)NS(=O)(=O)c2ccccc2C(=O)O)n1,25,5,,,,True,True,True,true,True,True,-0.0,-0.0,False,False
boltz1x|7ypu__1__1.A_1.B__1.I|1.I,kept_official,boltz1x,7ypu__1__1.A_1.B__1.I,1.I,0.3261827528086247,0.0851063829787234,0.65,0.42,0.2494775938303579,3597387866,1,0.8361777663230896,8.536154747009277,False,False,C,scicore/home/schwede/durair0000/projects/plinder-org/Runs-N-Poses/data/paper_data/prediction_files/boltz1x/7ypu__1__1.A_1.B__1.I/seed-3597387866_sample-1.cif,2.46859745248882,9.7,0.0,3597387866,1,0.8361777663230896,8.536154747009277,False,False,C,scicore/home/schwede/durair0000/projects/plinder-org/Runs-N-Poses/data/paper_data/prediction_files/boltz1x/7ypu__1__1.A_1.B__1.I/seed-3597387866_sample-1.cif,2.46859745248882,9.7,0.0,0.0,0.0,0.0,0.0,NCC(=O)N[C@@H]1[C@H](O)[C@@H](OC(N)=O)[C@@H](CO)O[C@H]1/N=C1\N[C@@H]2[C@H](O)CNC(=O)[C@H]2N1,30,5,,,,True,True,True,false,False,True,-0.0,-0.0,False,False
boltz1x|7ypu__1__1.A_1.B__1.J_1.K|1.J,kept_official,boltz1x,7ypu__1__1.A_1.B__1.J_1.K,1.J,0.3473158508969899,0.1307692307692307,0.71,0.33,0.2902331006387956,2345922848,0,0.8607437014579773,4.967950344085693,False,True,C,scicore/home/schwede/durair0000/projects/plinder-org/Runs-N-Poses/data/paper_data/prediction_files/boltz1x/7ypu__1__1.A_1.B__1.J_1.K/seed-2345922848_sample-0.cif,2.580027509304216,2.6666666666666665,0.0,2345922848,0,0.8607437014579773,4.967950344085693,False,True,C,scicore/home/schwede/durair0000/projects/plinder-org/Runs-N-Poses/data/paper_data/prediction_files/boltz1x/7ypu__1__1.A_1.B__1.J_1.K/seed-2345922848_sample-0.cif,2.580027509304216,2.6666666666666665,0.0,0.0,0.0,0.0,0.0,NCC(=O)N[C@@H]1[C@H](O)[C@@H](OC(N)=O)[C@@H](CO)O[C@H]1/N=C1\N[C@@H]2[C@H](O)CNC(=O)[C@H]2N1,30,5,,,,True,True,True,true,True,True,-0.0,-0.0,False,False
boltz1x|7yv4__1__1.A__1.B|1.B,kept_official,boltz1x,7yv4__1__1.A__1.B,1.B,0.2028888415216452,0.0886075949367088,0.11,0.69,0.0318809164689859,1739346419,0,0.8287674188613892,15.117839813232422,False,True,B,scicore/home/schwede/durair0000/projects/plinder-org/Runs-N-Poses/data/paper_data/prediction_files/boltz1x/7yv4__1__1.A__1.B/seed-1739346419_sample-0.cif,2.631577333473561,3.590909090909091,0.0,1739346419,0,0.8287674188613892,15.117839813232422,False,True,B,scicore/home/schwede/durair0000/projects/plinder-org/Runs-N-Poses/data/paper_data/prediction_files/boltz1x/7yv4__1__1.A__1.B/seed-1739346419_sample-0.cif,2.631577333473561,3.590909090909091,0.0,0.0,0.0,0.0,0.0,Cc1c(O)c(C)c2c(c1O)C(=O)C[C@@H](c1ccc(O)cc1)O2,22,1,,,,True,True,True,true,True,True,-0.0,-0.0,False,False
boltz1x|7yxl__1__1.A__1.C_1.E|1.E,kept_official,boltz1x,7yxl__1__1.A__1.C_1.E,1.E,0.3168537004838452,0.2592592592592592,0.42,0.39,0.2155647987155223,1695774728,0,0.9478955268859864,3.1874334812164307,False,True,D,scicore/home/schwede/durair0000/projects/plinder-org/Runs-N-Poses/data/paper_data/prediction_files/boltz1x/7yxl__1__1.A__1.C_1.E/seed-1695774728_sample-0.cif,2.4218861023592617,5.176470588235294,0.0,1695774728,0,0.9478955268859864,3.1874334812164307,False,True,D,scicore/home/schwede/durair0000/projects/plinder-org/Runs-N-Poses/data/paper_data/prediction_files/boltz1x/7yxl__1__1.A__1.C_1.E/seed-1695774728_sample-0.cif,2.4218861023592617,5.176470588235294,0.0,0.0,0.0,0.0,0.0,O=C(O)C(=O)N[C@H](Cc1ccccc1)C(=O)O,17,4,,,,True,True,True,true,True,True,-0.0,-0.0,False,False
boltz1x|7z5u__1__1.A__1.B_1.C|1.C,kept_official,boltz1x,7z5u__1__1.A__1.B_1.C,1.C,0.3464429974701027,0.1212121212121211,0.56,0.65,0.1700937752293016,4207758346,0,0.891833484172821,3.327844381332397,False,True,C,scicore/home/schwede/durair0000/projects/plinder-org/Runs-N-Poses/data/paper_data/prediction_files/boltz1x/7z5u__1__1.A__1.B_1.C/seed-4207758346_sample-0.cif,2.556906851504232,3.161290322580645,0.0,4207758346,0,0.891833484172821,3.327844381332397,False,True,C,scicore/home/schwede/durair0000/projects/plinder-org/Runs-N-Poses/data/paper_data/prediction_files/boltz1x/7z5u__1__1.A__1.B_1.C/seed-4207758346_sample-0.cif,2.556906851504232,3.161290322580645,0.0,0.0,0.0,0.0,0.0,CC(=O)Nc1ccccc1OCc1cn(CCNC(=O)[C@@H](CC(C)C)C(=O)NO)nn1,31,11,,,,True,True,True,true,True,True,-0.0,-0.0,False,False
boltz1x|7zg9__1__1.A__1.C|1.C,kept_official,boltz1x,7zg9__1__1.A__1.C,1.C,0.3046251161656738,0.027027027027027,0.64,0.41,0.2658282835310719,3828611391,0,0.8848253488540649,6.2610063552856445,False,True,B,scicore/home/schwede/durair0000/projects/plinder-org/Runs-N-Poses/data/paper_data/prediction_files/boltz1x/7zg9__1__1.A__1.C/seed-3828611391_sample-0.cif,2.789138122039167,2.0,0.0,3828611391,0,0.8848253488540649,6.2610063552856445,False,True,B,scicore/home/schwede/durair0000/projects/plinder-org/Runs-N-Poses/data/paper_data/prediction_files/boltz1x/7zg9__1__1.A__1.C/seed-3828611391_sample-0.cif,2.789138122039167,2.0,0.0,0.0,0.0,0.0,0.0,C[C@@H]1OC(=O)[C@H]2C[C@H]3CCCC[C@H]3[C@H](/C=C/[C@H]3CCC[C@H](C)N3C)[C@@H]12,25,2,,,,True,True,True,true,True,True,-0.0,-0.0,False,False
boltz1x|7zkw__1__1.A_1.C__1.E|1.E,kept_official,boltz1x,7zkw__1__1.A_1.C__1.E,1.E,0.1516742023393495,0.0465116279069767,0.07,0.55,0.0394756628595385,2352059991,0,0.8414224982261658,3.0114586353302,False,True,C,scicore/home/schwede/durair0000/projects/plinder-org/Runs-N-Poses/data/paper_data/prediction_files/boltz1x/7zkw__1__1.A_1.C__1.E/seed-2352059991_sample-0.cif,2.458928689465947,5.428571428571429,0.0,2352059991,0,0.8414224982261658,3.0114586353302,False,True,C,scicore/home/schwede/durair0000/projects/plinder-org/Runs-N-Poses/data/paper_data/prediction_files/boltz1x/7zkw__1__1.A_1.C__1.E/seed-2352059991_sample-0.cif,2.458928689465947,5.428571428571429,0.0,0.0,0.0,0.0,0.0,N[C@@H](CSSC[C@H](N)C(=O)O)C(=O)O,14,7,,,,True,True,True,true,True,True,-0.0,-0.0,False,False
boltz1x|7zzw__1__1.A__1.E_1.M|1.M,kept_official,boltz1x,7zzw__1__1.A__1.E_1.M,1.M,0.1992757503179593,0.0163934426229508,0.25,0.58,0.0751902269996327,2893792825,0,0.7885056734085083,27.09141540527344,False,False,C,scicore/home/schwede/durair0000/projects/plinder-org/Runs-N-Poses/data/paper_data/prediction_files/boltz1x/7zzw__1__1.A__1.E_1.M/seed-2893792825_sample-0.cif,2.449598417971067,6.923076923076923,0.0,2893792825,0,0.7885056734085083,27.09141540527344,False,False,C,scicore/home/schwede/durair0000/projects/plinder-org/Runs-N-Poses/data/paper_data/prediction_files/boltz1x/7zzw__1__1.A__1.E_1.M/seed-2893792825_sample-0.cif,2.449598417971067,6.923076923076923,0.0,0.0,0.0,0.0,0.0,O=S(=O)([O-])CC[NH2+]C1CCCCC1,13,4,,,,True,True,True,false,False,True,-0.0,-0.0,False,False
boltz1x|8c3u__1__1.A__1.C|1.C,kept_official,boltz1x,8c3u__1__1.A__1.C,1.C,0.1828519200356059,0.1720430107526881,0.15,0.36,0.0656843313608254,2923954083,0,0.7555242776870728,19.9807186126709,False,True,B,scicore/home/schwede/durair0000/projects/plinder-org/Runs-N-Poses/data/paper_data/prediction_files/boltz1x/8c3u__1__1.A__1.C/seed-2923954083_sample-0.cif,2.483464694307287,1.457142857142857,0.0,2923954083,0,0.7555242776870728,19.9807186126709,False,True,B,scicore/home/schwede/durair0000/projects/plinder-org/Runs-N-Poses/data/paper_data/prediction_files/boltz1x/8c3u__1__1.A__1.C/seed-2923954083_sample-0.cif,2.483464694307287,1.457142857142857,0.0,0.0,0.0,0.0,0.0,Cc1ccc2c(c1)NC(=O)[C@@]2(c1cn[nH]c1)c1cc(-c2ccc(C(=O)O)cc2C(=O)O)ccc1O,35,5,,,,True,True,True,true,True,True,-0.0,-0.0,False,False
boltz1x|8ea6__1__1.A_1.B__1.C|1.C,kept_official,boltz1x,8ea6__1__1.A_1.B__1.C,1.C,0.2171340823719636,0.1056910569105691,0.27,0.46,0.103211062266322,2585871189,0,0.8566620945930481,3.218573570251465,False,True,C,scicore/home/schwede/durair0000/projects/plinder-org/Runs-N-Poses/data/paper_data/prediction_files/boltz1x/8ea6__1__1.A_1.B__1.C/seed-2585871189_sample-0.cif,2.4642366082504736,2.8285714285714287,0.0,2585871189,0,0.8566620945930481,3.218573570251465,False,True,C,scicore/home/schwede/durair0000/projects/plinder-org/Runs-N-Poses/data/paper_data/prediction_files/boltz1x/8ea6__1__1.A_1.B__1.C/seed-2585871189_sample-0.cif,2.4642366082504736,2.8285714285714287,0.0,0.0,0.0,0.0,0.0,CN(C)C(=O)[C@@H](NC(=O)c1ccccc1-c1ccc(C(F)(F)F)cc1)c1cccc(C(F)(F)F)c1,35,5,,,,True,True,True,true,True,True,-0.0,-0.0,False,False
boltz1x|8f4s__1__1.A__1.D_1.E|1.D,kept_official,boltz1x,8f4s__1__1.A__1.D_1.E,1.D,0.3458168133871822,0.0444444444444444,0.38,1.0,0.1763062891581333,3187697886,0,0.9149553179740906,12.307950019836426,False,True,C,scicore/home/schwede/durair0000/projects/plinder-org/Runs-N-Poses/data/paper_data/prediction_files/boltz1x/8f4s__1__1.A__1.D_1.E/seed-3187697886_sample-0.cif,2.399152208940168,1.5238095238095235,0.0,3187697886,0,0.9149553179740906,12.307950019836426,False,True,C,scicore/home/schwede/durair0000/projects/plinder-org/Runs-N-Poses/data/paper_data/prediction_files/boltz1x/8f4s__1__1.A__1.D_1.E/seed-3187697886_sample-0.cif,2.399152208940168,1.5238095238095235,0.0,0.0,0.0,0.0,0.0,Oc1nc(/C=C/c2ccc(Cl)cc2Cl)cc(C(F)(F)F)n1,21,2,,,,True,True,True,true,True,True,-0.0,-0.0,False,False
boltz1x|8fdb__1__1.A_1.B__1.D_1.F_1.H|1.D,kept_official,boltz1x,8fdb__1__1.A_1.B__1.D_1.F_1.H,1.D,0.326711479979238,0.5588235294117647,0.13,0.42,0.073116223425602,3931280784,0,0.9354493021965028,13.774012565612791,False,True,E,scicore/home/schwede/durair0000/projects/plinder-org/Runs-N-Poses/data/paper_data/prediction_files/boltz1x/8fdb__1__1.A_1.B__1.D_1.F_1.H/seed-3931280784_sample-0.cif,2.4746945017124973,3.75,0.0,3931280784,0,0.9354493021965028,13.774012565612791,False,True,E,scicore/home/schwede/durair0000/projects/plinder-org/Runs-N-Poses/data/paper_data/prediction_files/boltz1x/8fdb__1__1.A_1.B__1.D_1.F_1.H/seed-3931280784_sample-0.cif,2.4746945017124973,3.75,0.0,0.0,0.0,0.0,0.0,N[C@@H](CO)[C@@H](O)[C@H](O)[C@H](O)COP(=O)(O)O,16,7,,,,True,True,True,true,True,True,-0.0,-0.0,False,False
boltz1x|8fdb__1__1.A_1.B__1.D_1.F_1.H|1.H,kept_official,boltz1x,8fdb__1__1.A_1.B__1.D_1.F_1.H,1.H,0.2435258976826319,0.3255813953488372,0.13,0.42,0.065362046552694,3931280784,0,0.9354493021965028,13.774012565612791,False,True,E,scicore/home/schwede/durair0000/projects/plinder-org/Runs-N-Poses/data/paper_data/prediction_files/boltz1x/8fdb__1__1.A_1.B__1.D_1.F_1.H/seed-3931280784_sample-0.cif,2.4746945017124973,3.75,0.0,3931280784,0,0.9354493021965028,13.774012565612791,False,True,E,scicore/home/schwede/durair0000/projects/plinder-org/Runs-N-Poses/data/paper_data/prediction_files/boltz1x/8fdb__1__1.A_1.B__1.D_1.F_1.H/seed-3931280784_sample-0.cif,2.4746945017124973,3.75,0.0,0.0,0.0,0.0,0.0,N[C@@H](CO)[C@@H](O)[C@H](O)[C@H](O)COP(=O)(O)O,16,7,,,,True,True,True,true,True,True,-0.0,-0.0,False,False
boltz1x|8g4a__1__1.A_1.B__1.C|1.C,kept_official,boltz1x,8g4a__1__1.A_1.B__1.C,1.C,0.2310147037633507,0.054054054054054,0.32,0.48,0.180478924222159,112930399,0,0.816332995891571,14.786858558654783,False,False,C,scicore/home/schwede/durair0000/projects/plinder-org/Runs-N-Poses/data/paper_data/prediction_files/boltz1x/8g4a__1__1.A_1.B__1.C/seed-112930399_sample-0.cif,2.444130130806517,7.052631578947368,0.0,112930399,0,0.816332995891571,14.786858558654783,False,False,C,scicore/home/schwede/durair0000/projects/plinder-org/Runs-N-Poses/data/paper_data/prediction_files/boltz1x/8g4a__1__1.A_1.B__1.C/seed-112930399_sample-0.cif,2.444130130806517,7.052631578947368,0.0,0.0,0.0,0.0,0.0,FC(F)(F)c1cc(-c2nn[nH]n2)cc(C(F)(F)F)c1,19,1,,,,True,True,True,false,False,True,-0.0,-0.0,False,False
boltz1x|8g62__1__1.A__1.F_1.J_1.L|1.F,kept_official,boltz1x,8g62__1__1.A__1.F_1.J_1.L,1.F,0.2820176070882874,0.0606060606060606,0.19,1.0,0.066527429380831,2713282295,0,0.9243025183677672,41.21479797363281,False,True,B,scicore/home/schwede/durair0000/projects/plinder-org/Runs-N-Poses/data/paper_data/prediction_files/boltz1x/8g62__1__1.A__1.F_1.J_1.L/seed-2713282295_sample-0.cif,2.8644140280807364,1.40625,0.0,2713282295,0,0.9243025183677672,41.21479797363281,False,True,B,scicore/home/schwede/durair0000/projects/plinder-org/Runs-N-Poses/data/paper_data/prediction_files/boltz1x/8g62__1__1.A__1.F_1.J_1.L/seed-2713282295_sample-0.cif,2.8644140280807364,1.40625,0.0,0.0,0.0,0.0,0.0,COc1cc(C(=O)Nc2ccc(S(=O)(=O)N3CCCC3)cc2)cc(C2CCN(C)CC2)c1,32,6,,,,True,True,True,true,True,True,-0.0,-0.0,False,False
boltz1x|8g68__1__1.A__1.C|1.C,kept_official,boltz1x,8g68__1__1.A__1.C,1.C,0.3109035941793497,0.0606060606060606,0.56,0.48,0.2684573648361425,3253707104,0,0.8038264513015747,22.831981658935547,False,True,B,scicore/home/schwede/durair0000/projects/plinder-org/Runs-N-Poses/data/paper_data/prediction_files/boltz1x/8g68__1__1.A__1.C/seed-3253707104_sample-0.cif,3.22864371493646,1.1333333333333333,0.0,3253707104,0,0.8038264513015747,22.831981658935547,False,True,B,scicore/home/schwede/durair0000/projects/plinder-org/Runs-N-Poses/data/paper_data/prediction_files/boltz1x/8g68__1__1.A__1.C/seed-3253707104_sample-0.cif,3.22864371493646,1.1333333333333333,0.0,0.0,0.0,0.0,0.0,CCc1cc(C)n(-c2ccc(N)cc2)n1,15,2,,,,True,True,True,true,True,True,-0.0,-0.0,False,False
boltz1x|8g69__1__1.A__1.C|1.C,kept_official,boltz1x,8g69__1__1.A__1.C,1.C,0.3050369297289834,0.0606060606060606,0.53,0.48,0.2766240425843109,2623549199,0,0.8055839538574219,21.499998092651367,False,True,B,scicore/home/schwede/durair0000/projects/plinder-org/Runs-N-Poses/data/paper_data/prediction_files/boltz1x/8g69__1__1.A__1.C/seed-2623549199_sample-0.cif,3.2306013794788524,0.3333333333333333,0.0,2623549199,0,0.8055839538574219,21.499998092651367,False,True,B,scicore/home/schwede/durair0000/projects/plinder-org/Runs-N-Poses/data/paper_data/prediction_files/boltz1x/8g69__1__1.A__1.C/seed-2623549199_sample-0.cif,3.2306013794788524,0.3333333333333333,0.0,0.0,0.0,0.0,0.0,CCc1cc(C)nn1-c1ccc(N)cc1,15,2,,,,True,False,True,true,False,True,-0.0,-0.0,False,False
boltz1x|8gyd__1__1.A_1.B__1.K|1.K,kept_official,boltz1x,8gyd__1__1.A_1.B__1.K,1.K,0.3352742218001122,0.1346153846153846,0.6,0.46,0.230794185923638,3759189085,0,0.9089526534080504,8.033315658569336,False,True,C,scicore/home/schwede/durair0000/projects/plinder-org/Runs-N-Poses/data/paper_data/prediction_files/boltz1x/8gyd__1__1.A_1.B__1.K/seed-3759189085_sample-0.cif,2.4494924903100466,3.341463414634146,0.0,3759189085,0,0.9089526534080504,8.033315658569336,False,True,C,scicore/home/schwede/durair0000/projects/plinder-org/Runs-N-Poses/data/paper_data/prediction_files/boltz1x/8gyd__1__1.A_1.B__1.K/seed-3759189085_sample-0.cif,2.4494924903100466,3.341463414634146,0.0,0.0,0.0,0.0,0.0,O=C(O)[C@H](Cc1ccc(Cl)cc1)Cn1c(-c2ccc(Cl)s2)nc2ccc(-c3ccccc3-c3nnn[nH]3)cc2c1=O,41,8,,,,True,True,True,true,True,True,-0.0,-0.0,False,False
boltz1x|8ho5__1__1.A__1.B|1.B,kept_official,boltz1x,8ho5__1__1.A__1.B,1.B,0.2981069180134488,0.141025641025641,0.5,0.38,0.2387397182723721,1919506709,0,0.8050238490104675,7.374516010284424,False,True,B,scicore/home/schwede/durair0000/projects/plinder-org/Runs-N-Poses/data/paper_data/prediction_files/boltz1x/8ho5__1__1.A__1.B/seed-1919506709_sample-0.cif,2.8346795959213047,1.3478260869565215,0.0,1919506709,0,0.8050238490104675,7.374516010284424,False,True,B,scicore/home/schwede/durair0000/projects/plinder-org/Runs-N-Poses/data/paper_data/prediction_files/boltz1x/8ho5__1__1.A__1.B/seed-1919506709_sample-0.cif,2.8346795959213047,1.3478260869565215,0.0,0.0,0.0,0.0,0.0,Cc1c(C)n(C[C@@H](O)CN[C@H]2CCCC[C@@H]2C)c2ccccc12,23,5,,,,True,True,True,true,True,True,-0.0,-0.0,False,False
boltz1x|8ivs__1__1.A_1.B__1.C|1.C,kept_official,boltz1x,8ivs__1__1.A_1.B__1.C,1.C,0.3480504633886326,0.131578947368421,0.64,0.45,0.2599891590484262,140449429,0,0.91497403383255,5.0666117668151855,False,True,C,scicore/home/schwede/durair0000/projects/plinder-org/Runs-N-Poses/data/paper_data/prediction_files/boltz1x/8ivs__1__1.A_1.B__1.C/seed-140449429_sample-0.cif,2.706354880861096,2.642857142857143,0.0,140449429,0,0.91497403383255,5.0666117668151855,False,True,C,scicore/home/schwede/durair0000/projects/plinder-org/Runs-N-Poses/data/paper_data/prediction_files/boltz1x/8ivs__1__1.A_1.B__1.C/seed-140449429_sample-0.cif,2.706354880861096,2.642857142857143,0.0,0.0,0.0,0.0,0.0,CCOc1nc(NC)nc(NC(=O)NS(=O)(=O)c2ccccc2C(=O)OC)n1,28,7,,,,True,True,True,true,True,True,-0.0,-0.0,False,False
boltz1x|8ivt__1__1.A_1.B__1.F|1.F,kept_official,boltz1x,8ivt__1__1.A_1.B__1.F,1.F,0.3347984178695694,0.136986301369863,0.62,0.45,0.2092660619505868,1609817720,0,0.9108766913414,3.752620697021485,False,True,C,scicore/home/schwede/durair0000/projects/plinder-org/Runs-N-Poses/data/paper_data/prediction_files/boltz1x/8ivt__1__1.A_1.B__1.F/seed-1609817720_sample-0.cif,2.6026212547417487,3.111111111111111,0.0,1609817720,0,0.9108766913414,3.752620697021485,False,True,C,scicore/home/schwede/durair0000/projects/plinder-org/Runs-N-Poses/data/paper_data/prediction_files/boltz1x/8ivt__1__1.A_1.B__1.F/seed-1609817720_sample-0.cif,2.6026212547417487,3.111111111111111,0.0,0.0,0.0,0.0,0.0,COC(=O)c1ccccc1S(=O)(=O)NC(=O)N(C)c1nc(C)nc(OC)n1,27,5,,,,True,True,True,true,True,True,-0.0,-0.0,False,False
boltz1x|8iw3__1__1.A_1.B__1.C|1.C,kept_official,boltz1x,8iw3__1__1.A_1.B__1.C,1.C,0.3413531917811083,0.1282051282051282,0.65,0.45,0.2199069845465672,3978092672,0,0.914008617401123,4.575507640838623,False,True,C,scicore/home/schwede/durair0000/projects/plinder-org/Runs-N-Poses/data/paper_data/prediction_files/boltz1x/8iw3__1__1.A_1.B__1.C/seed-3978092672_sample-0.cif,2.655260464632085,2.851851851851852,0.0,3978092672,0,0.914008617401123,4.575507640838623,False,True,C,scicore/home/schwede/durair0000/projects/plinder-org/Runs-N-Poses/data/paper_data/prediction_files/boltz1x/8iw3__1__1.A_1.B__1.C/seed-3978092672_sample-0.cif,2.655260464632085,2.851851851851852,0.0,0.0,0.0,0.0,0.0,CCOC(=O)c1ccccc1S(=O)(=O)NC(=O)Nc1nc(Cl)cc(OC)n1,27,6,,,,True,True,True,true,True,True,-0.0,-0.0,False,False
boltz1x|8j7j__1__1.A_1.B__1.C|1.C,kept_official,boltz1x,8j7j__1__1.A_1.B__1.C,1.C,0.3410472369781002,0.1052631578947368,0.65,0.45,0.2585256585747115,2733129162,0,0.9122111201286316,7.000323295593262,False,True,C,scicore/home/schwede/durair0000/projects/plinder-org/Runs-N-Poses/data/paper_data/prediction_files/boltz1x/8j7j__1__1.A_1.B__1.C/seed-2733129162_sample-0.cif,2.501524758686347,3.68,0.0,2733129162,0,0.9122111201286316,7.000323295593262,False,True,C,scicore/home/schwede/durair0000/projects/plinder-org/Runs-N-Poses/data/paper_data/prediction_files/boltz1x/8j7j__1__1.A_1.B__1.C/seed-2733129162_sample-0.cif,2.501524758686347,3.68,0.0,0.0,0.0,0.0,0.0,COC(=O)c1sccc1S(=O)(=O)NC(=O)Nc1nc(C)nc(OC)n1,25,5,,,,True,True,True,true,True,True,-0.0,-0.0,False,False
boltz1x|8jb3__1__1.A__1.B|1.B,kept_official,boltz1x,8jb3__1__1.A__1.B,1.B,0.342772727817712,0.4307692307692308,0.25,0.49,0.1575174852424065,2610411109,0,0.891299843788147,24.891244888305664,False,True,B,scicore/home/schwede/durair0000/projects/plinder-org/Runs-N-Poses/data/paper_data/prediction_files/boltz1x/8jb3__1__1.A__1.B/seed-2610411109_sample-0.cif,2.5077066608687866,4.2631578947368425,0.0,2610411109,0,0.891299843788147,24.891244888305664,False,True,B,scicore/home/schwede/durair0000/projects/plinder-org/Runs-N-Poses/data/paper_data/prediction_files/boltz1x/8jb3__1__1.A__1.B/seed-2610411109_sample-0.cif,2.5077066608687866,4.2631578947368425,0.0,0.0,0.0,0.0,0.0,O=c1[nH]cnc2c1ncn2[C@@H]1O[C@H](CO)[C@@H](O)[C@H]1O,19,2,,,,True,True,True,true,True,True,-0.0,-0.0,False,False
boltz1x|8jjn__1__1.A__1.D_1.E|1.D,kept_official,boltz1x,8jjn__1__1.A__1.D_1.E,1.D,0.1096268929228776,0.0769230769230769,0.03,0.37,0.0060190799990036,3231068340,0,0.9507188200950624,2.35957932472229,False,True,B,scicore/home/schwede/durair0000/projects/plinder-org/Runs-N-Poses/data/paper_data/prediction_files/boltz1x/8jjn__1__1.A__1.D_1.E/seed-3231068340_sample-0.cif,2.551678725668761,4.222222222222222,0.0,3231068340,0,0.9507188200950624,2.35957932472229,False,True,B,scicore/home/schwede/durair0000/projects/plinder-org/Runs-N-Poses/data/paper_data/prediction_files/boltz1x/8jjn__1__1.A__1.D_1.E/seed-3231068340_sample-0.cif,2.551678725668761,4.222222222222222,0.0,0.0,0.0,0.0,0.0,O=c1ccn([C@@H]2O[C@H](CO[P@](=O)(O)O[P@](=O)(O)O[C@H]3O[C@H](CO)[C@@H](O)[C@H](O)[C@H]3O)[C@@H](O)[C@H]2O)c(=O)[nH]1,36,9,,,,True,True,True,true,True,True,-0.0,-0.0,False,False
boltz1x|8jjt__1__1.A__1.D|1.D,kept_official,boltz1x,8jjt__1__1.A__1.D,1.D,0.1148175704918721,0.0941176470588235,0.02,0.38,0.0043819701064194,1969558390,0,0.9540287256240844,0.3977661430835724,True,True,B,scicore/home/schwede/durair0000/projects/plinder-org/Runs-N-Poses/data/paper_data/prediction_files/boltz1x/8jjt__1__1.A__1.D/seed-1969558390_sample-0.cif,2.422414654787026,4.358974358974359,0.0,1969558390,0,0.9540287256240844,0.3977661430835724,True,True,B,scicore/home/schwede/durair0000/projects/plinder-org/Runs-N-Poses/data/paper_data/prediction_files/boltz1x/8jjt__1__1.A__1.D/seed-1969558390_sample-0.cif,2.422414654787026,4.358974358974359,0.0,0.0,0.0,0.0,0.0,CC(=O)N[C@H]1[C@@H](O[P@@](=O)(O)O[P@@](=O)(O)OC[C@H]2O[C@@H](n3ccc(=O)[nH]c3=O)[C@H](O)[C@@H]2O)O[C@H](CO)[C@@H](O)[C@@H]1O,39,10,,,,True,True,True,true,True,True,-0.0,-0.0,False,False
boltz1x|8ovr__1__1.A__1.B|1.B,kept_official,boltz1x,8ovr__1__1.A__1.B,1.B,0.341437185481288,0.0555555555555555,0.7,0.42,0.3149637051842178,1897270336,0,0.836347758769989,12.612332344055176,False,True,B,scicore/home/schwede/durair0000/projects/plinder-org/Runs-N-Poses/data/paper_data/prediction_files/boltz1x/8ovr__1__1.A__1.B/seed-1897270336_sample-0.cif,2.656560593841011,2.111111111111111,0.0,1897270336,0,0.836347758769989,12.612332344055176,False,True,B,scicore/home/schwede/durair0000/projects/plinder-org/Runs-N-Poses/data/paper_data/prediction_files/boltz1x/8ovr__1__1.A__1.B/seed-1897270336_sample-0.cif,2.656560593841011,2.111111111111111,0.0,0.0,0.0,0.0,0.0,O=S(=O)(O)CCN1CCN(CCS(=O)(=O)O)CC1,18,6,,,,True,True,True,true,True,True,-0.0,-0.0,False,False
boltz1x|8p1p__1__1.A__1.E|1.E,kept_official,boltz1x,8p1p__1__1.A__1.E,1.E,0.310541540702914,0.0952380952380952,0.56,0.43,0.2560410368479032,3744851270,0,0.8165388107299805,2.3223977088928223,False,True,C,scicore/home/schwede/durair0000/projects/plinder-org/Runs-N-Poses/data/paper_data/prediction_files/boltz1x/8p1p__1__1.A__1.E/seed-3744851270_sample-0.cif,2.5028714603421367,2.96,0.0,3744851270,0,0.8165388107299805,2.3223977088928223,False,True,C,scicore/home/schwede/durair0000/projects/plinder-org/Runs-N-Poses/data/paper_data/prediction_files/boltz1x/8p1p__1__1.A__1.E/seed-3744851270_sample-0.cif,2.5028714603421367,2.96,0.0,0.0,0.0,0.0,0.0,OCCNCc1cc(Br)ccc1OCc1ccc(F)c(C(F)(F)F)c1,25,7,,,,True,True,True,true,True,True,-0.0,-0.0,False,False
boltz1x|8pfl__1__1.A__1.C|1.C,kept_official,boltz1x,8pfl__1__1.A__1.C,1.C,0.1889806505228901,0.0909090909090909,0.21,0.48,0.0433123435235414,745408232,0,0.8910495638847351,5.148686408996582,False,False,B,scicore/home/schwede/durair0000/projects/plinder-org/Runs-N-Poses/data/paper_data/prediction_files/boltz1x/8pfl__1__1.A__1.C/seed-745408232_sample-0.cif,2.4689575846272884,3.395833333333333,0.0,745408232,0,0.8910495638847351,5.148686408996582,False,False,B,scicore/home/schwede/durair0000/projects/plinder-org/Runs-N-Poses/data/paper_data/prediction_files/boltz1x/8pfl__1__1.A__1.C/seed-745408232_sample-0.cif,2.4689575846272884,3.395833333333333,0.0,0.0,0.0,0.0,0.0,CCc1c(N2CCN(C(=O)c3ncccc3O)CC2)c(=O)n2nc(C3=CCOCC3)nc2n1CC(=O)Nc1ccc(C(F)(F)F)cc1C,48,7,,,,True,True,True,false,False,True,-0.0,-0.0,False,False
boltz1x|8qnh__1__1.A__1.B|1.B,kept_official,boltz1x,8qnh__1__1.A__1.B,1.B,0.276272927542405,0.126865671641791,0.17,0.88,0.066849712338891,302073594,0,0.7763967514038086,28.82794761657715,False,False,B,scicore/home/schwede/durair0000/projects/plinder-org/Runs-N-Poses/data/paper_data/prediction_files/boltz1x/8qnh__1__1.A__1.B/seed-302073594_sample-0.cif,2.6153002941543297,1.6666666666666667,0.0,302073594,0,0.7763967514038086,28.82794761657715,False,False,B,scicore/home/schwede/durair0000/projects/plinder-org/Runs-N-Poses/data/paper_data/prediction_files/boltz1x/8qnh__1__1.A__1.B/seed-302073594_sample-0.cif,2.6153002941543297,1.6666666666666667,0.0,0.0,0.0,0.0,0.0,CC1CC(c2cccc(N3Cc4c(cc(CN5CCC[C@H](C)C5)cc4C(F)(F)F)C3=O)c2)(c2nncn2C)C1,39,5,,,,True,True,True,false,False,True,-0.0,-0.0,False,False
boltz1x|8qtg__1__1.A__1.B|1.B,kept_official,boltz1x,8qtg__1__1.A__1.B,1.B,0.2245431733599726,0.0725806451612903,0.07,0.88,0.0281997377676052,2473542533,0,0.7793082594871521,10.077253341674805,False,False,B,scicore/home/schwede/durair0000/projects/plinder-org/Runs-N-Poses/data/paper_data/prediction_files/boltz1x/8qtg__1__1.A__1.B/seed-2473542533_sample-0.cif,2.431982234355313,4.571428571428571,0.0,2473542533,0,0.7793082594871521,10.077253341674805,False,False,B,scicore/home/schwede/durair0000/projects/plinder-org/Runs-N-Poses/data/paper_data/prediction_files/boltz1x/8qtg__1__1.A__1.B/seed-2473542533_sample-0.cif,2.431982234355313,4.571428571428571,0.0,0.0,0.0,0.0,0.0,CC1CC(c2cccc(-c3cc(C(F)(F)F)c[nH]c3=O)c2)(c2nncn2C)C1,28,3,,,,True,True,True,false,False,True,-0.0,-0.0,False,False
boltz1x|8qth__1__1.A__1.B|1.B,kept_official,boltz1x,8qth__1__1.A__1.B,1.B,0.2233946977369844,0.0697674418604651,0.07,0.88,0.0273804654291084,90140787,0,0.9097017645835876,33.15809631347656,False,False,B,scicore/home/schwede/durair0000/projects/plinder-org/Runs-N-Poses/data/paper_data/prediction_files/boltz1x/8qth__1__1.A__1.B/seed-90140787_sample-0.cif,2.729842516401894,1.78125,0.0,90140787,0,0.9097017645835876,33.15809631347656,False,False,B,scicore/home/schwede/durair0000/projects/plinder-org/Runs-N-Poses/data/paper_data/prediction_files/boltz1x/8qth__1__1.A__1.B/seed-90140787_sample-0.cif,2.729842516401894,1.78125,0.0,0.0,0.0,0.0,0.0,CC1CC(c2cccc(-c3cc4c(C(F)(F)F)cn(C)c4[nH]c3=O)c2)(c2nncn2C)C1,32,3,,,,True,True,True,false,False,True,-0.0,-0.0,False,False
boltz1x|8qtj__1__1.A__1.E|1.E,kept_official,boltz1x,8qtj__1__1.A__1.E,1.E,0.2551152358977929,0.0833333333333333,0.15,0.88,0.0622428461556312,1555060138,2,0.7921257019042969,7.096917152404785,False,False,B,scicore/home/schwede/durair0000/projects/plinder-org/Runs-N-Poses/data/paper_data/prediction_files/boltz1x/8qtj__1__1.A__1.E/seed-1555060138_sample-2.cif,2.512142112407461,4.083333333333333,0.0,1555060138,2,0.7921257019042969,7.096917152404785,False,False,B,scicore/home/schwede/durair0000/projects/plinder-org/Runs-N-Poses/data/paper_data/prediction_files/boltz1x/8qtj__1__1.A__1.E/seed-1555060138_sample-2.cif,2.512142112407461,4.083333333333333,0.0,0.0,0.0,0.0,0.0,CC1CC(c2cccc(-c3cc(C(F)(F)F)cn([C@H](C)c4cnn(C)c4)c3=O)c2)(c2nncn2C)C1,36,5,,,,True,True,True,false,False,True,-0.0,-0.0,False,False
boltz1x|8se5__1__1.A_1.B__1.H|1.H,kept_official,boltz1x,8se5__1__1.A_1.B__1.H,1.H,0.2276427646665613,0.1417322834645669,0.26,0.47,0.0951823272698144,1806126812,0,0.8435806632041931,4.955960273742676,False,True,C,scicore/home/schwede/durair0000/projects/plinder-org/Runs-N-Poses/data/paper_data/prediction_files/boltz1x/8se5__1__1.A_1.B__1.H/seed-1806126812_sample-0.cif,2.493354861219441,3.5,0.0,1806126812,0,0.8435806632041931,4.955960273742676,False,True,C,scicore/home/schwede/durair0000/projects/plinder-org/Runs-N-Poses/data/paper_data/prediction_files/boltz1x/8se5__1__1.A_1.B__1.H/seed-1806126812_sample-0.cif,2.493354861219441,3.5,0.0,0.0,0.0,0.0,0.0,O=C(N[C@H](C(=O)N1C[C@@H]2C(CO)[C@@H]2C1)c1cccc(C(F)(F)F)c1)c1ccccc1-c1ccc(C(F)(F)F)cc1,40,6,,,,True,True,True,true,True,True,-0.0,-0.0,False,False
boltz1x|8se6__1__1.A_1.B__1.F|1.F,kept_official,boltz1x,8se6__1__1.A_1.B__1.F,1.F,0.2066388537703408,0.126865671641791,0.22,0.46,0.0761793434785699,1939237011,0,0.8261627554893494,5.209163188934326,False,True,C,scicore/home/schwede/durair0000/projects/plinder-org/Runs-N-Poses/data/paper_data/prediction_files/boltz1x/8se6__1__1.A_1.B__1.F/seed-1939237011_sample-0.cif,2.567215430450524,2.925,0.0,1939237011,0,0.8261627554893494,5.209163188934326,False,True,C,scicore/home/schwede/durair0000/projects/plinder-org/Runs-N-Poses/data/paper_data/prediction_files/boltz1x/8se6__1__1.A_1.B__1.F/seed-1939237011_sample-0.cif,2.567215430450524,2.925,0.0,0.0,0.0,0.0,0.0,CN(C)C(=O)[C@@H](NC(=O)c1ccccc1-c1ccc(C(F)(F)F)cc1)c1cccc(N2CC(CC(F)(F)F)C2)c1,40,7,,,,True,True,True,true,True,True,-0.0,-0.0,False,False
boltz1x|8sft__1__1.A__1.E_1.F|1.F,kept_official,boltz1x,8sft__1__1.A__1.E_1.F,1.F,0.2587227711241899,0.0945945945945946,0.41,0.41,0.2055733150804093,2950638283,0,0.9045594334602356,7.193870544433594,False,True,C,scicore/home/schwede/durair0000/projects/plinder-org/Runs-N-Poses/data/paper_data/prediction_files/boltz1x/8sft__1__1.A__1.E_1.F/seed-2950638283_sample-0.cif,2.660670426057316,1.7142857142857142,0.0,2950638283,0,0.9045594334602356,7.193870544433594,False,True,C,scicore/home/schwede/durair0000/projects/plinder-org/Runs-N-Poses/data/paper_data/prediction_files/boltz1x/8sft__1__1.A__1.E_1.F/seed-2950638283_sample-0.cif,2.660670426057316,1.7142857142857142,0.0,0.0,0.0,0.0,0.0,O=c1c(O)c(-c2ccc(O)cc2)oc2cc(O)cc(O)c12,21,1,,,,True,True,True,true,True,True,-0.0,-0.0,False,False
boltz1x|8v8m__1__1.A__1.F_1.G|1.F,kept_official,boltz1x,8v8m__1__1.A__1.F_1.G,1.F,0.1885247391342281,0.055045871559633,0.06,0.74,0.0312934204417828,3224695624,0,0.941290318965912,21.13239097595215,False,True,D,scicore/home/schwede/durair0000/projects/plinder-org/Runs-N-Poses/data/paper_data/prediction_files/boltz1x/8v8m__1__1.A__1.F_1.G/seed-3224695624_sample-0.cif,2.4721091948121265,4.55,0.0,3224695624,0,0.941290318965912,21.13239097595215,False,True,D,scicore/home/schwede/durair0000/projects/plinder-org/Runs-N-Poses/data/paper_data/prediction_files/boltz1x/8v8m__1__1.A__1.F_1.G/seed-3224695624_sample-0.cif,2.4721091948121265,4.55,0.0,0.0,0.0,0.0,0.0,O=C1C[C@@H](c2ccc(O)cc2)Oc2cc(O)cc(O)c21,20,1,,,,True,True,True,true,True,True,-0.0,-0.0,False,False
boltz1x|8v8m__1__1.A__1.F_1.G|1.G,kept_official,boltz1x,8v8m__1__1.A__1.F_1.G,1.G,0.1885658100305215,0.055045871559633,0.06,0.74,0.03149877492325,3224695624,0,0.941290318965912,21.13239097595215,False,True,D,scicore/home/schwede/durair0000/projects/plinder-org/Runs-N-Poses/data/paper_data/prediction_files/boltz1x/8v8m__1__1.A__1.F_1.G/seed-3224695624_sample-0.cif,2.4721091948121265,4.55,0.0,3224695624,0,0.941290318965912,21.13239097595215,False,True,D,scicore/home/schwede/durair0000/projects/plinder-org/Runs-N-Poses/data/paper_data/prediction_files/boltz1x/8v8m__1__1.A__1.F_1.G/seed-3224695624_sample-0.cif,2.4721091948121265,4.55,0.0,0.0,0.0,0.0,0.0,O=C1C[C@@H](c2ccc(O)cc2)Oc2cc(O)cc(O)c21,20,1,,,,True,True,True,true,True,True,-0.0,-0.0,False,False
boltz1x|8wsm__1__1.A__1.D|1.D,kept_official,boltz1x,8wsm__1__1.A__1.D,1.D,0.1839906597772967,0.088235294117647,0.24,0.38,0.0855415341806015,111973409,0,0.7658728957176208,5.85136604309082,False,True,B,scicore/home/schwede/durair0000/projects/plinder-org/Runs-N-Poses/data/paper_data/prediction_files/boltz1x/8wsm__1__1.A__1.D/seed-111973409_sample-0.cif,2.4395858561928216,4.766666666666667,0.0,111973409,0,0.7658728957176208,5.85136604309082,False,True,B,scicore/home/schwede/durair0000/projects/plinder-org/Runs-N-Poses/data/paper_data/prediction_files/boltz1x/8wsm__1__1.A__1.D/seed-111973409_sample-0.cif,2.4395858561928216,4.766666666666667,0.0,0.0,0.0,0.0,0.0,Cc1ccc(C(F)(F)F)cc1Nc1nc(C(=O)NS(=O)(=O)N2CCCOCC2)co1,30,5,,,,True,True,True,true,True,True,-0.0,-0.0,False,False
boltz2|7yd2__1__1.A_1.B__1.K|1.K,kept_official,boltz2,7yd2__1__1.A_1.B__1.K,1.K,0.3416452371562777,0.136986301369863,0.65,0.46,0.196000158384128,334679459,0,0.9096466302871704,5.480142116546631,False,,C,scicore/home/schwede/durair0000/projects/plinder-org/Runs-N-Poses/data/paper_data/prediction_files/boltz2/7yd2__1__1.A_1.B__1.K/seed-334679459_sample-0.cif,2.420285039315036,4.6,0.0,334679459,0,0.9096466302871704,5.480142116546631,False,,C,scicore/home/schwede/durair0000/projects/plinder-org/Runs-N-Poses/data/paper_data/prediction_files/boltz2/7yd2__1__1.A_1.B__1.K/seed-334679459_sample-0.cif,2.420285039315036,4.6,0.0,0.0,0.0,0.0,0.0,COc1cc(Cl)nc(NC(=O)NS(=O)(=O)c2ccccc2C(=O)O)n1,25,5,,,,True,True,True,missing,True,True,-0.0,-0.0,False,False
boltz2|8c3u__1__1.A__1.C|1.C,kept_official,boltz2,8c3u__1__1.A__1.C,1.C,0.1828519200356059,0.1720430107526881,0.15,0.36,0.0656843313608254,620638264,0,0.8702605366706848,27.369218826293945,False,,B,scicore/home/schwede/durair0000/projects/plinder-org/Runs-N-Poses/data/paper_data/prediction_files/boltz2/8c3u__1__1.A__1.C/seed-620638264_sample-0.cif,2.276458003205284,1.6857142857142855,0.0,620638264,0,0.8702605366706848,27.369218826293945,False,,B,scicore/home/schwede/durair0000/projects/plinder-org/Runs-N-Poses/data/paper_data/prediction_files/boltz2/8c3u__1__1.A__1.C/seed-620638264_sample-0.cif,2.276458003205284,1.6857142857142855,0.0,0.0,0.0,0.0,0.0,Cc1ccc2c(c1)NC(=O)[C@@]2(c1cn[nH]c1)c1cc(-c2ccc(C(=O)O)cc2C(=O)O)ccc1O,35,5,,,,True,True,True,missing,True,True,-0.0,-0.0,False,False
boltz2|8f4s__1__1.A__1.D_1.E|1.D,kept_official,boltz2,8f4s__1__1.A__1.D_1.E,1.D,0.3458168133871822,0.0444444444444444,0.38,1.0,0.1763062891581333,4130424298,0,0.959031581878662,25.688003540039062,False,,C,scicore/home/schwede/durair0000/projects/plinder-org/Runs-N-Poses/data/paper_data/prediction_files/boltz2/8f4s__1__1.A__1.D_1.E/seed-4130424298_sample-0.cif,2.694884529721305,1.1904761904761905,0.0,4130424298,0,0.959031581878662,25.688003540039062,False,,C,scicore/home/schwede/durair0000/projects/plinder-org/Runs-N-Poses/data/paper_data/prediction_files/boltz2/8f4s__1__1.A__1.D_1.E/seed-4130424298_sample-0.cif,2.694884529721305,1.1904761904761905,0.0,0.0,0.0,0.0,0.0,Oc1nc(/C=C/c2ccc(Cl)cc2Cl)cc(C(F)(F)F)n1,21,2,,,,True,True,True,missing,True,True,-0.0,-0.0,False,False
boltz2|8gu1__1__1.A_1.B__1.D|1.D,kept_official,boltz2,8gu1__1__1.A_1.B__1.D,1.D,0.3404511860017241,0.0769230769230769,0.76,0.39,0.2276405453932357,992895633,0,0.8778800368309021,3.628848791122437,False,,C,scicore/home/schwede/durair0000/projects/plinder-org/Runs-N-Poses/data/paper_data/prediction_files/boltz2/8gu1__1__1.A_1.B__1.D/seed-992895633_sample-0.cif,1.984096789285486,2.3823529411764706,0.0294117647058823,992895633,0,0.8778800368309021,3.628848791122437,False,,C,scicore/home/schwede/durair0000/projects/plinder-org/Runs-N-Poses/data/paper_data/prediction_files/boltz2/8gu1__1__1.A_1.B__1.D/seed-992895633_sample-0.cif,1.984096789285486,2.3823529411764706,0.0294117647058823,0.0,0.0,0.0,0.0,O=c1[nH]c2ccccc2n1C1CCN(CCCC(c2ccc(F)cc2)c2ccc(F)cc2)CC1,34,7,,,,False,True,False,missing,False,True,-0.0,-0.0,False,False
boltz2|8ho5__1__1.A__1.B|1.B,kept_official,boltz2,8ho5__1__1.A__1.B,1.B,0.2981069180134488,0.141025641025641,0.5,0.38,0.2387397182723721,3971599117,0,0.8836508989334106,26.41214942932129,False,,B,scicore/home/schwede/durair0000/projects/plinder-org/Runs-N-Poses/data/paper_data/prediction_files/boltz2/8ho5__1__1.A__1.B/seed-3971599117_sample-0.cif,3.035425601600378,1.3043478260869563,0.0,3971599117,0,0.8836508989334106,26.41214942932129,False,,B,scicore/home/schwede/durair0000/projects/plinder-org/Runs-N-Poses/data/paper_data/prediction_files/boltz2/8ho5__1__1.A__1.B/seed-3971599117_sample-0.cif,3.035425601600378,1.3043478260869563,0.0,0.0,0.0,0.0,0.0,Cc1c(C)n(C[C@@H](O)CN[C@H]2CCCC[C@@H]2C)c2ccccc12,23,5,,,,True,True,True,missing,True,True,-0.0,-0.0,False,False
boltz2|8ivs__1__1.A_1.B__1.C|1.C,kept_official,boltz2,8ivs__1__1.A_1.B__1.C,1.C,0.3480504633886326,0.131578947368421,0.64,0.45,0.2599891590484262,3457353449,0,0.9099062085151672,8.908732414245605,False,,C,scicore/home/schwede/durair0000/projects/plinder-org/Runs-N-Poses/data/paper_data/prediction_files/boltz2/8ivs__1__1.A_1.B__1.C/seed-3457353449_sample-0.cif,2.624478841712392,4.571428571428571,0.0,3457353449,0,0.9099062085151672,8.908732414245605,False,,C,scicore/home/schwede/durair0000/projects/plinder-org/Runs-N-Poses/data/paper_data/prediction_files/boltz2/8ivs__1__1.A_1.B__1.C/seed-3457353449_sample-0.cif,2.624478841712392,4.571428571428571,0.0,0.0,0.0,0.0,0.0,CCOc1nc(NC)nc(NC(=O)NS(=O)(=O)c2ccccc2C(=O)OC)n1,28,7,,,,True,True,True,missing,True,True,-0.0,-0.0,False,False
boltz2|8ivt__1__1.A_1.B__1.F|1.F,kept_official,boltz2,8ivt__1__1.A_1.B__1.F,1.F,0.3347984178695694,0.136986301369863,0.62,0.45,0.2092660619505868,380707295,0,0.9060238003730774,3.312752723693848,False,,C,scicore/home/schwede/durair0000/projects/plinder-org/Runs-N-Poses/data/paper_data/prediction_files/boltz2/8ivt__1__1.A_1.B__1.F/seed-380707295_sample-0.cif,2.506484763473612,2.4074074074074074,0.0,380707295,0,0.9060238003730774,3.312752723693848,False,,C,scicore/home/schwede/durair0000/projects/plinder-org/Runs-N-Poses/data/paper_data/prediction_files/boltz2/8ivt__1__1.A_1.B__1.F/seed-380707295_sample-0.cif,2.506484763473612,2.4074074074074074,0.0,0.0,0.0,0.0,0.0,COC(=O)c1ccccc1S(=O)(=O)NC(=O)N(C)c1nc(C)nc(OC)n1,27,5,,,,True,True,True,missing,True,True,-0.0,-0.0,False,False
boltz2|8jb3__1__1.A__1.B|1.B,kept_official,boltz2,8jb3__1__1.A__1.B,1.B,0.342772727817712,0.4307692307692308,0.25,0.49,0.1575174852424065,1045203949,0,0.9039559364318848,25.346837997436523,False,,B,scicore/home/schwede/durair0000/projects/plinder-org/Runs-N-Poses/data/paper_data/prediction_files/boltz2/8jb3__1__1.A__1.B/seed-1045203949_sample-0.cif,2.524204279294508,4.315789473684211,0.0,1045203949,0,0.9039559364318848,25.346837997436523,False,,B,scicore/home/schwede/durair0000/projects/plinder-org/Runs-N-Poses/data/paper_data/prediction_files/boltz2/8jb3__1__1.A__1.B/seed-1045203949_sample-0.cif,2.524204279294508,4.315789473684211,0.0,0.0,0.0,0.0,0.0,O=c1[nH]cnc2c1ncn2[C@@H]1O[C@H](CO)[C@@H](O)[C@H]1O,19,2,,,,True,True,True,missing,True,True,-0.0,-0.0,False,False
boltz2|8jjn__1__1.A__1.D_1.E|1.D,kept_official,boltz2,8jjn__1__1.A__1.D_1.E,1.D,0.1096268929228776,0.0769230769230769,0.03,0.37,0.0060190799990036,1825899385,0,0.9568158984184264,2.541508436203003,False,,B,scicore/home/schwede/durair0000/projects/plinder-org/Runs-N-Poses/data/paper_data/prediction_files/boltz2/8jjn__1__1.A__1.D_1.E/seed-1825899385_sample-0.cif,1.908212342910034,3.5277777777777777,0.0277777777777777,1825899385,0,0.9568158984184264,2.541508436203003,False,,B,scicore/home/schwede/durair0000/projects/plinder-org/Runs-N-Poses/data/paper_data/prediction_files/boltz2/8jjn__1__1.A__1.D_1.E/seed-1825899385_sample-0.cif,1.908212342910034,3.5277777777777777,0.0277777777777777,0.0,0.0,0.0,0.0,O=c1ccn([C@@H]2O[C@H](CO[P@](=O)(O)O[P@](=O)(O)O[C@H]3O[C@H](CO)[C@@H](O)[C@H](O)[C@H]3O)[C@@H](O)[C@H]2O)c(=O)[nH]1,36,9,,,,False,True,False,missing,False,True,-0.0,-0.0,False,False
boltz2|8jjt__1__1.A__1.D|1.D,kept_official,boltz2,8jjt__1__1.A__1.D,1.D,0.1148175704918721,0.0941176470588235,0.02,0.38,0.0043819701064194,670231257,0,0.9519830942153932,1.535030961036682,True,,B,scicore/home/schwede/durair0000/projects/plinder-org/Runs-N-Poses/data/paper_data/prediction_files/boltz2/8jjt__1__1.A__1.D/seed-670231257_sample-0.cif,2.477589462438237,3.9743589743589753,0.0,670231257,0,0.9519830942153932,1.535030961036682,True,,B,scicore/home/schwede/durair0000/projects/plinder-org/Runs-N-Poses/data/paper_data/prediction_files/boltz2/8jjt__1__1.A__1.D/seed-670231257_sample-0.cif,2.477589462438237,3.9743589743589753,0.0,0.0,0.0,0.0,0.0,CC(=O)N[C@H]1[C@@H](O[P@@](=O)(O)O[P@@](=O)(O)OC[C@H]2O[C@@H](n3ccc(=O)[nH]c3=O)[C@H](O)[C@@H]2O)O[C@H](CO)[C@@H](O)[C@@H]1O,39,10,,,,True,True,True,missing,True,True,-0.0,-0.0,False,False
boltz2|8ome__1__1.A_1.D__1.E|1.E,kept_official,boltz2,8ome__1__1.A_1.D__1.E,1.E,0.33950160667139,0.0555555555555555,0.79,0.33,0.2827858111347281,547460634,0,0.9331229329109192,2.955756425857544,False,,C,scicore/home/schwede/durair0000/projects/plinder-org/Runs-N-Poses/data/paper_data/prediction_files/boltz2/8ome__1__1.A_1.D__1.E/seed-547460634_sample-0.cif,3.058725857866764,1.5714285714285714,0.0,547460634,0,0.9331229329109192,2.955756425857544,False,,C,scicore/home/schwede/durair0000/projects/plinder-org/Runs-N-Poses/data/paper_data/prediction_files/boltz2/8ome__1__1.A_1.D__1.E/seed-547460634_sample-0.cif,3.058725857866764,1.5714285714285714,0.0,0.0,0.0,0.0,0.0,CS(=O)(=O)c1cccc2[nH]c3c(c12)CCCc1ccc(CN2CC[C@](O)(c4ccccc4)C2)cc1-3,35,4,,,,True,True,True,missing,True,True,-0.0,-0.0,False,False
boltz2|8pfl__1__1.A__1.C|1.C,kept_official,boltz2,8pfl__1__1.A__1.C,1.C,0.1889806505228901,0.0909090909090909,0.21,0.48,0.0433123435235414,4099590474,0,0.8983097076416016,21.778217315673828,False,,B,scicore/home/schwede/durair0000/projects/plinder-org/Runs-N-Poses/data/paper_data/prediction_files/boltz2/8pfl__1__1.A__1.C/seed-4099590474_sample-0.cif,2.736400647616383,1.6458333333333333,0.0,4099590474,0,0.8983097076416016,21.778217315673828,False,,B,scicore/home/schwede/durair0000/projects/plinder-org/Runs-N-Poses/data/paper_data/prediction_files/boltz2/8pfl__1__1.A__1.C/seed-4099590474_sample-0.cif,2.736400647616383,1.6458333333333333,0.0,0.0,0.0,0.0,0.0,CCc1c(N2CCN(C(=O)c3ncccc3O)CC2)c(=O)n2nc(C3=CCOCC3)nc2n1CC(=O)Nc1ccc(C(F)(F)F)cc1C,48,7,,,,True,True,True,missing,True,True,-0.0,-0.0,False,False
boltz2|8qnh__1__1.A__1.B|1.B,kept_official,boltz2,8qnh__1__1.A__1.B,1.B,0.276272927542405,0.126865671641791,0.17,0.88,0.066849712338891,3287148082,0,0.87663334608078,13.0011625289917,False,,B,scicore/home/schwede/durair0000/projects/plinder-org/Runs-N-Poses/data/paper_data/prediction_files/boltz2/8qnh__1__1.A__1.B/seed-3287148082_sample-0.cif,2.2788885188063,2.17948717948718,0.0,3287148082,0,0.87663334608078,13.0011625289917,False,,B,scicore/home/schwede/durair0000/projects/plinder-org/Runs-N-Poses/data/paper_data/prediction_files/boltz2/8qnh__1__1.A__1.B/seed-3287148082_sample-0.cif,2.2788885188063,2.17948717948718,0.0,0.0,0.0,0.0,0.0,CC1CC(c2cccc(N3Cc4c(cc(CN5CCC[C@H](C)C5)cc4C(F)(F)F)C3=O)c2)(c2nncn2C)C1,39,5,,,,True,True,True,missing,True,True,-0.0,-0.0,False,False
boltz2|8qtg__1__1.A__1.B|1.B,kept_official,boltz2,8qtg__1__1.A__1.B,1.B,0.2245431733599726,0.0725806451612903,0.07,0.88,0.0281997377676052,3077812731,0,0.9018570184707642,10.112600326538086,False,,B,scicore/home/schwede/durair0000/projects/plinder-org/Runs-N-Poses/data/paper_data/prediction_files/boltz2/8qtg__1__1.A__1.B/seed-3077812731_sample-0.cif,2.1363279582135646,2.821428571428572,0.0,3077812731,0,0.9018570184707642,10.112600326538086,False,,B,scicore/home/schwede/durair0000/projects/plinder-org/Runs-N-Poses/data/paper_data/prediction_files/boltz2/8qtg__1__1.A__1.B/seed-3077812731_sample-0.cif,2.1363279582135646,2.821428571428572,0.0,0.0,0.0,0.0,0.0,CC1CC(c2cccc(-c3cc(C(F)(F)F)c[nH]c3=O)c2)(c2nncn2C)C1,28,3,,,,True,True,True,missing,True,True,-0.0,-0.0,False,False
boltz2|8qth__1__1.A__1.B|1.B,kept_official,boltz2,8qth__1__1.A__1.B,1.B,0.2233946977369844,0.0697674418604651,0.07,0.88,0.0273804654291084,3790904737,0,0.893231213092804,11.35752296447754,False,,B,scicore/home/schwede/durair0000/projects/plinder-org/Runs-N-Poses/data/paper_data/prediction_files/boltz2/8qth__1__1.A__1.B/seed-3790904737_sample-0.cif,2.519959110786199,2.59375,0.0,3790904737,0,0.893231213092804,11.35752296447754,False,,B,scicore/home/schwede/durair0000/projects/plinder-org/Runs-N-Poses/data/paper_data/prediction_files/boltz2/8qth__1__1.A__1.B/seed-3790904737_sample-0.cif,2.519959110786199,2.59375,0.0,0.0,0.0,0.0,0.0,CC1CC(c2cccc(-c3cc4c(C(F)(F)F)cn(C)c4[nH]c3=O)c2)(c2nncn2C)C1,32,3,,,,True,True,True,missing,True,True,-0.0,-0.0,False,False
boltz2|8qtj__1__1.A__1.E|1.E,kept_official,boltz2,8qtj__1__1.A__1.E,1.E,0.2551152358977929,0.0833333333333333,0.15,0.88,0.0622428461556312,3874417275,0,0.8897746205329895,13.329190254211426,False,,B,scicore/home/schwede/durair0000/projects/plinder-org/Runs-N-Poses/data/paper_data/prediction_files/boltz2/8qtj__1__1.A__1.E/seed-3874417275_sample-0.cif,2.4236091145540057,1.5,0.0,3874417275,0,0.8897746205329895,13.329190254211426,False,,B,scicore/home/schwede/durair0000/projects/plinder-org/Runs-N-Poses/data/paper_data/prediction_files/boltz2/8qtj__1__1.A__1.E/seed-3874417275_sample-0.cif,2.4236091145540057,1.5,0.0,0.0,0.0,0.0,0.0,CC1CC(c2cccc(-c3cc(C(F)(F)F)cn([C@H](C)c4cnn(C)c4)c3=O)c2)(c2nncn2C)C1,36,5,,,,True,True,True,missing,True,True,-0.0,-0.0,False,False
boltz2|8rkq__1__1.A__1.E|1.E,kept_official,boltz2,8rkq__1__1.A__1.E,1.E,0.2201963944506418,0.1129032258064516,0.31,0.39,0.1259013270919188,3349045584,0,0.7888006567955017,53.772220611572266,False,,B,scicore/home/schwede/durair0000/projects/plinder-org/Runs-N-Poses/data/paper_data/prediction_files/boltz2/8rkq__1__1.A__1.E/seed-3349045584_sample-0.cif,2.375231294841623,1.6346153846153846,0.0,3349045584,0,0.7888006567955017,53.772220611572266,False,,B,scicore/home/schwede/durair0000/projects/plinder-org/Runs-N-Poses/data/paper_data/prediction_files/boltz2/8rkq__1__1.A__1.E/seed-3349045584_sample-0.cif,2.375231294841623,1.6346153846153846,0.0,0.0,0.0,0.0,0.0,O=P(O)(O)Oc1c2c(c(OP(=O)(O)O)c3c1[C@H]1C[C@@H]3c3cc4c(cc31)[C@H]1C[C@@H]4c3ccccc31)[C@H]1C[C@@H]2c2cc3c(cc21)[C@H]1C[C@@H]3c2ccccc21,52,4,,,,True,True,True,missing,True,True,-0.0,-0.0,False,False
boltz2|8se5__1__1.A_1.B__1.H|1.H,kept_official,boltz2,8se5__1__1.A_1.B__1.H,1.H,0.2276427646665613,0.1417322834645669,0.26,0.47,0.0951823272698144,3680458608,0,0.9459856152534484,1.807269096374512,True,,C,scicore/home/schwede/durair0000/projects/plinder-org/Runs-N-Poses/data/paper_data/prediction_files/boltz2/8se5__1__1.A_1.B__1.H/seed-3680458608_sample-0.cif,2.6794649885778825,1.825,0.0,3680458608,0,0.9459856152534484,1.807269096374512,True,,C,scicore/home/schwede/durair0000/projects/plinder-org/Runs-N-Poses/data/paper_data/prediction_files/boltz2/8se5__1__1.A_1.B__1.H/seed-3680458608_sample-0.cif,2.6794649885778825,1.825,0.0,0.0,0.0,0.0,0.0,O=C(N[C@H](C(=O)N1C[C@@H]2C(CO)[C@@H]2C1)c1cccc(C(F)(F)F)c1)c1ccccc1-c1ccc(C(F)(F)F)cc1,40,6,,,,True,True,True,missing,True,True,-0.0,-0.0,False,False
boltz2|8se6__1__1.A_1.B__1.F|1.F,kept_official,boltz2,8se6__1__1.A_1.B__1.F,1.F,0.2066388537703408,0.126865671641791,0.22,0.46,0.0761793434785699,1141349274,0,0.9375541806221008,3.848761558532715,False,,C,scicore/home/schwede/durair0000/projects/plinder-org/Runs-N-Poses/data/paper_data/prediction_files/boltz2/8se6__1__1.A_1.B__1.F/seed-1141349274_sample-0.cif,2.4935599011356904,2.025,0.0,1141349274,0,0.9375541806221008,3.848761558532715,False,,C,scicore/home/schwede/durair0000/projects/plinder-org/Runs-N-Poses/data/paper_data/prediction_files/boltz2/8se6__1__1.A_1.B__1.F/seed-1141349274_sample-0.cif,2.4935599011356904,2.025,0.0,0.0,0.0,0.0,0.0,CN(C)C(=O)[C@@H](NC(=O)c1ccccc1-c1ccc(C(F)(F)F)cc1)c1cccc(N2CC(CC(F)(F)F)C2)c1,40,7,,,,True,True,True,missing,True,True,-0.0,-0.0,False,False
boltz2|8sft__1__1.A__1.E_1.F|1.F,kept_official,boltz2,8sft__1__1.A__1.E_1.F,1.F,0.2587227711241899,0.0945945945945946,0.41,0.41,0.2055733150804093,2173788691,0,0.9383240938186646,5.790440082550049,False,,C,scicore/home/schwede/durair0000/projects/plinder-org/Runs-N-Poses/data/paper_data/prediction_files/boltz2/8sft__1__1.A__1.E_1.F/seed-2173788691_sample-0.cif,2.668114889923132,1.809523809523809,0.0,2173788691,0,0.9383240938186646,5.790440082550049,False,,C,scicore/home/schwede/durair0000/projects/plinder-org/Runs-N-Poses/data/paper_data/prediction_files/boltz2/8sft__1__1.A__1.E_1.F/seed-2173788691_sample-0.cif,2.668114889923132,1.809523809523809,0.0,0.0,0.0,0.0,0.0,O=c1c(O)c(-c2ccc(O)cc2)oc2cc(O)cc(O)c12,21,1,,,,True,True,True,missing,True,True,-0.0,-0.0,False,False
boltz2|8skn__1__1.A__1.C|1.C,kept_official,boltz2,8skn__1__1.A__1.C,1.C,0.2534375417046202,0.1346153846153846,0.18,0.73,0.0766107854461778,3577588099,0,0.8323755264282227,43.7470932006836,False,,B,scicore/home/schwede/durair0000/projects/plinder-org/Runs-N-Poses/data/paper_data/prediction_files/boltz2/8skn__1__1.A__1.C/seed-3577588099_sample-0.cif,2.2474112527179675,2.703703703703704,0.0,3577588099,0,0.8323755264282227,43.7470932006836,False,,B,scicore/home/schwede/durair0000/projects/plinder-org/Runs-N-Poses/data/paper_data/prediction_files/boltz2/8skn__1__1.A__1.C/seed-3577588099_sample-0.cif,2.2474112527179675,2.703703703703704,0.0,0.0,0.0,0.0,0.0,Cc1ccc(-c2cc(N3CCC3)c3cc(NC(=O)C(C)C)ccc3n2)cc1,27,4,,,,True,True,True,missing,True,True,-0.0,-0.0,False,False
boltz2|8v8m__1__1.A__1.F_1.G|1.F,kept_official,boltz2,8v8m__1__1.A__1.F_1.G,1.F,0.1885247391342281,0.055045871559633,0.06,0.74,0.0312934204417828,2266426481,0,0.9077844023704528,16.480743408203125,False,,C,scicore/home/schwede/durair0000/projects/plinder-org/Runs-N-Poses/data/paper_data/prediction_files/boltz2/8v8m__1__1.A__1.F_1.G/seed-2266426481_sample-0.cif,1.8461725536053784,1.95,0.05,2266426481,0,0.9077844023704528,16.480743408203125,False,,C,scicore/home/schwede/durair0000/projects/plinder-org/Runs-N-Poses/data/paper_data/prediction_files/boltz2/8v8m__1__1.A__1.F_1.G/seed-2266426481_sample-0.cif,1.8461725536053784,1.95,0.05,0.0,0.0,0.0,0.0,O=C1C[C@@H](c2ccc(O)cc2)Oc2cc(O)cc(O)c21,20,1,,,,False,True,False,missing,False,True,-0.0,-0.0,False,False
boltz2|8v8m__1__1.A__1.F_1.G|1.G,kept_official,boltz2,8v8m__1__1.A__1.F_1.G,1.G,0.1885658100305215,0.055045871559633,0.06,0.74,0.03149877492325,2266426481,0,0.9077844023704528,16.480743408203125,False,,C,scicore/home/schwede/durair0000/projects/plinder-org/Runs-N-Poses/data/paper_data/prediction_files/boltz2/8v8m__1__1.A__1.F_1.G/seed-2266426481_sample-0.cif,1.8461725536053784,1.95,0.05,2266426481,0,0.9077844023704528,16.480743408203125,False,,C,scicore/home/schwede/durair0000/projects/plinder-org/Runs-N-Poses/data/paper_data/prediction_files/boltz2/8v8m__1__1.A__1.F_1.G/seed-2266426481_sample-0.cif,1.8461725536053784,1.95,0.05,0.0,0.0,0.0,0.0,O=C1C[C@@H](c2ccc(O)cc2)Oc2cc(O)cc(O)c21,20,1,,,,False,True,False,missing,False,True,-0.0,-0.0,False,False
boltz2|8wsm__1__1.A__1.D|1.D,kept_official,boltz2,8wsm__1__1.A__1.D,1.D,0.1839906597772967,0.088235294117647,0.24,0.38,0.0855415341806015,4126649529,0,0.8174132704734802,3.749114751815796,False,,B,scicore/home/schwede/durair0000/projects/plinder-org/Runs-N-Poses/data/paper_data/prediction_files/boltz2/8wsm__1__1.A__1.D/seed-4126649529_sample-0.cif,2.6503230302096816,3.5,0.0,4126649529,0,0.8174132704734802,3.749114751815796,False,,B,scicore/home/schwede/durair0000/projects/plinder-org/Runs-N-Poses/data/paper_data/prediction_files/boltz2/8wsm__1__1.A__1.D/seed-4126649529_sample-0.cif,2.6503230302096816,3.5,0.0,0.0,0.0,0.0,0.0,Cc1ccc(C(F)(F)F)cc1Nc1nc(C(=O)NS(=O)(=O)N2CCCOCC2)co1,30,5,,,,True,True,True,missing,True,True,-0.0,-0.0,False,False
chai|5s9y__1__1.A__1.K|1.K,kept_official,chai,5s9y__1__1.A__1.K,1.K,0.3165569474505974,0.0909090909090909,0.5,0.53,0.268693828162078,4404,3,0.94807434,34.11269760131836,False,True,C,scicore/home/schwede/durair0000/projects/plinder-org/Runs-N-Poses/data/paper_data/prediction_files/chai/5s9y__1__1.A__1.K/seed-4404_sample-3.cif,2.8023700211970706,2.066666666666667,0.0,4404,3,0.94807434,34.11269760131836,False,True,C,scicore/home/schwede/durair0000/projects/plinder-org/Runs-N-Poses/data/paper_data/prediction_files/chai/5s9y__1__1.A__1.K/seed-4404_sample-3.cif,2.8023700211970706,2.066666666666667,0.0,0.0,0.0,0.0,0.0,COC(=O)c1cccc(NS(C)(=O)=O)c1,15,3,0.0,0.0,0.0,True,True,True,true,True,True,-0.0,-0.0,False,False
chai|7di7__1__1.A__1.D|1.D,kept_official,chai,7di7__1__1.A__1.D,1.D,0.2842494358339746,0.0864197530864197,0.5,0.38,0.2650126112686384,5354,4,0.42727342,22.33495140075684,False,True,B,scicore/home/schwede/durair0000/projects/plinder-org/Runs-N-Poses/data/paper_data/prediction_files/chai/7di7__1__1.A__1.D/seed-5354_sample-4.cif,2.977694869688487,2.3181818181818183,0.0,5354,4,0.42727342,22.33495140075684,False,True,B,scicore/home/schwede/durair0000/projects/plinder-org/Runs-N-Poses/data/paper_data/prediction_files/chai/7di7__1__1.A__1.D/seed-5354_sample-4.cif,2.977694869688487,2.3181818181818183,0.0,0.0,0.0,0.0,0.0,CCN(CC)CCC[C@@H](C)Nc1ccnc2cc(Cl)ccc12,22,8,0.0,0.0,0.0,True,True,True,true,True,True,-0.0,-0.0,False,False
chai|7dia__1__1.A__1.D_1.E_1.G|1.E,kept_official,chai,7dia__1__1.A__1.D_1.E_1.G,1.E,0.2027386849198939,0.1052631578947368,0.29,0.37,0.0969828982836805,5053,4,0.6336113,25.09770774841309,False,False,C,scicore/home/schwede/durair0000/projects/plinder-org/Runs-N-Poses/data/paper_data/prediction_files/chai/7dia__1__1.A__1.D_1.E_1.G/seed-5053_sample-4.cif,3.0998042746658854,1.3076923076923077,0.0,5053,4,0.6336113,25.09770774841309,False,False,C,scicore/home/schwede/durair0000/projects/plinder-org/Runs-N-Poses/data/paper_data/prediction_files/chai/7dia__1__1.A__1.D_1.E_1.G/seed-5053_sample-4.cif,3.0998042746658854,1.3076923076923077,0.0,0.0,0.0,0.0,0.0,O[C@H](c1cc(C(F)(F)F)nc2c(C(F)(F)F)cccc12)[C@@H]1CCCCN1,26,2,0.0,0.0,0.0,True,True,True,false,False,True,-0.0,-0.0,False,False
chai|7dij__1__1.A__1.F_1.J|1.J,kept_official,chai,7dij__1__1.A__1.F_1.J,1.J,0.2616139618450357,0.0769230769230769,0.47,0.38,0.2059544246097938,5977,4,0.750149,1.1375126838684082,True,True,C,scicore/home/schwede/durair0000/projects/plinder-org/Runs-N-Poses/data/paper_data/prediction_files/chai/7dij__1__1.A__1.F_1.J/seed-5977_sample-4.cif,2.452771466332509,1.2352941176470589,0.0,5977,4,0.750149,1.1375126838684082,True,True,C,scicore/home/schwede/durair0000/projects/plinder-org/Runs-N-Poses/data/paper_data/prediction_files/chai/7dij__1__1.A__1.F_1.J/seed-5977_sample-4.cif,2.452771466332509,1.2352941176470589,0.0,0.0,0.0,0.0,0.0,CC(C)(C)c1cc(O)c(CN)c(C(C)(C)C)c1,17,1,1.0,0.9333333333333332,0.9655172413793104,True,True,True,true,True,True,-0.0,-0.0,False,False
chai|7e1n__1__1.A_1.B__1.D|1.D,kept_official,chai,7e1n__1__1.A_1.B__1.D,1.D,0.3000633537067688,0.0648148148148148,0.6,0.36,0.2768908426079184,636,2,0.7077693,35.71341323852539,False,True,C,scicore/home/schwede/durair0000/projects/plinder-org/Runs-N-Poses/data/paper_data/prediction_files/chai/7e1n__1__1.A_1.B__1.D/seed-636_sample-2.cif,3.375356224534424,1.933333333333333,0.0,636,2,0.7077693,35.71341323852539,False,True,C,scicore/home/schwede/durair0000/projects/plinder-org/Runs-N-Poses/data/paper_data/prediction_files/chai/7e1n__1__1.A_1.B__1.D/seed-636_sample-2.cif,3.375356224534424,1.933333333333333,0.0,0.0,0.0,0.0,0.0,C[C@@H](O)c1c(O)cc(O)c([C@@H](C)O)c1O,15,2,0.0,0.0,0.0,True,True,True,true,True,True,-0.0,-0.0,False,False
chai|7f83__1__1.B__1.J|1.J,kept_official,chai,7f83__1__1.B__1.J,1.J,0.3259092850141176,0.1111111111111111,0.62,0.42,0.2401019806261437,2178,4,0.39083633,10.356593132019045,False,False,C,scicore/home/schwede/durair0000/projects/plinder-org/Runs-N-Poses/data/paper_data/prediction_files/chai/7f83__1__1.B__1.J/seed-2178_sample-4.cif,2.970866277436488,2.945945945945946,0.0,2178,4,0.39083633,10.356593132019045,False,False,C,scicore/home/schwede/durair0000/projects/plinder-org/Runs-N-Poses/data/paper_data/prediction_files/chai/7f83__1__1.B__1.J/seed-2178_sample-4.cif,2.970866277436488,2.945945945945946,0.0,0.0,0.0,0.0,0.0,Cc1cc(-c2ccc3c(c2)CC[C@H]3N2CC3(CCN(C(=O)Cc4cn5cc(C)sc5n4)CC3)C2)ncn1,37,4,0.4545454545454545,0.4411764705882353,0.4477611940298507,True,True,True,false,False,True,-0.0,-0.0,False,False
chai|7fee__1__1.A__1.E|1.E,kept_official,chai,7fee__1__1.A__1.E,1.E,0.3285971759090713,0.0652173913043478,0.42,0.81,0.1938554447627477,9498,2,0.39543098,14.711591720581056,False,False,B,scicore/home/schwede/durair0000/projects/plinder-org/Runs-N-Poses/data/paper_data/prediction_files/chai/7fee__1__1.A__1.E/seed-9498_sample-2.cif,2.4780623198794127,3.0,0.0,9498,2,0.39543098,14.711591720581056,False,False,B,scicore/home/schwede/durair0000/projects/plinder-org/Runs-N-Poses/data/paper_data/prediction_files/chai/7fee__1__1.A__1.E/seed-9498_sample-2.cif,2.4780623198794127,3.0,0.0,0.0,0.0,0.0,0.0,Cc1ccc2c([C@@H](C[N+](=O)[O-])c3cccs3)c(-c3ccccc3)[nH]c2c1,26,5,0.0,0.0,0.0,True,True,True,false,False,True,-0.0,-0.0,False,False
chai|7jni__1__1.A__1.C|1.C,kept_official,chai,7jni__1__1.A__1.C,1.C,0.3117824020105986,0.1401869158878504,0.49,0.49,0.2110849072492548,8067,0,0.7327009,1.665011644363403,True,True,B,scicore/home/schwede/durair0000/projects/plinder-org/Runs-N-Poses/data/paper_data/prediction_files/chai/7jni__1__1.A__1.C/seed-8067_sample-0.cif,2.726841348468146,2.3157894736842106,0.0,8067,0,0.7327009,1.665011644363403,True,True,B,scicore/home/schwede/durair0000/projects/plinder-org/Runs-N-Poses/data/paper_data/prediction_files/chai/7jni__1__1.A__1.C/seed-8067_sample-0.cif,2.726841348468146,2.3157894736842106,0.0,0.0,0.0,0.0,0.0,COc1ccc2c(c1OCc1ccccc1)C[C@@H](C(=O)O)N(C(=O)C(c1ccccc1)c1ccccc1)C2,38,8,0.8888888888888888,0.8648648648648649,0.8767123287671232,True,True,True,true,True,True,-0.0,-0.0,False,False
chai|7nsn__1__1.A__1.J|1.J,kept_official,chai,7nsn__1__1.A__1.J,1.J,0.3241284991335423,0.1363636363636363,0.55,0.37,0.3245061320313476,5197,0,0.5675295,15.133489608764648,False,True,B,scicore/home/schwede/durair0000/projects/plinder-org/Runs-N-Poses/data/paper_data/prediction_files/chai/7nsn__1__1.A__1.J/seed-5197_sample-0.cif,2.503981521631983,4.357142857142857,0.0,5197,0,0.5675295,15.133489608764648,False,True,B,scicore/home/schwede/durair0000/projects/plinder-org/Runs-N-Poses/data/paper_data/prediction_files/chai/7nsn__1__1.A__1.J/seed-5197_sample-0.cif,2.503981521631983,4.357142857142857,0.0,0.0,0.0,0.0,0.0,OC[C@@H]1[C@@H](O)[C@H](O)[C@H](O)c2nccn21,14,1,0.0,0.0,0.0,True,True,True,true,True,True,-0.0,-0.0,False,False
chai|7p1e__1__1.A__1.C_1.G|1.C,kept_official,chai,7p1e__1__1.A__1.C_1.G,1.C,0.2188801109929856,0.3214285714285714,0.07,0.4,0.0444005549649278,9990,0,0.87692237,23.349506378173828,False,False,B,scicore/home/schwede/durair0000/projects/plinder-org/Runs-N-Poses/data/paper_data/prediction_files/chai/7p1e__1__1.A__1.C_1.G/seed-9990_sample-0.cif,1.3498141246103594,4.052631578947368,0.0526315789473684,9990,0,0.87692237,23.349506378173828,False,False,B,scicore/home/schwede/durair0000/projects/plinder-org/Runs-N-Poses/data/paper_data/prediction_files/chai/7p1e__1__1.A__1.C_1.G/seed-9990_sample-0.cif,1.3498141246103594,4.052631578947368,0.0526315789473684,0.0,0.0,0.0,0.0,O=C(O)[C@]1(F)O[C@@H]([C@H](O)[C@H](O)CO)[C@H](O)[C@@H](O)[C@H]1F,19,4,0.0,0.0,0.0,False,True,False,false,False,True,-0.0,-0.0,False,False
chai|7qea__1__1.A__1.C|1.C,kept_official,chai,7qea__1__1.A__1.C,1.C,0.3306697072991383,0.2117647058823529,0.54,0.39,0.217760301201574,8012,3,0.8505691,1.1659505367279053,True,False,B,scicore/home/schwede/durair0000/projects/plinder-org/Runs-N-Poses/data/paper_data/prediction_files/chai/7qea__1__1.A__1.C/seed-8012_sample-3.cif,2.154318337424268,3.4054054054054053,0.0,8012,3,0.8505691,1.1659505367279053,True,False,B,scicore/home/schwede/durair0000/projects/plinder-org/Runs-N-Poses/data/paper_data/prediction_files/chai/7qea__1__1.A__1.C/seed-8012_sample-3.cif,2.154318337424268,3.4054054054054053,0.0,0.0,0.0,0.0,0.0,O=C1O[C@@]2(c3ccc(O)cc3Oc3cc(O[C@@H]4O[C@H](C(=O)O)[C@@H](O)[C@H](O)[C@H]4O)ccc32)c2ccccc21,37,3,0.8333333333333334,0.8928571428571429,0.8620689655172413,True,True,True,false,False,True,-0.0,-0.0,False,False
chai|7rbw__1__1.A__1.C|1.C,kept_official,chai,7rbw__1__1.A__1.C,1.C,0.2628617505633615,0.0792079207920792,0.43,0.51,0.128194891430669,8475,3,0.49355906,21.01172637939453,False,True,B,scicore/home/schwede/durair0000/projects/plinder-org/Runs-N-Poses/data/paper_data/prediction_files/chai/7rbw__1__1.A__1.C/seed-8475_sample-3.cif,2.6309487559670584,1.4651162790697674,0.0,8475,3,0.49355906,21.01172637939453,False,True,B,scicore/home/schwede/durair0000/projects/plinder-org/Runs-N-Poses/data/paper_data/prediction_files/chai/7rbw__1__1.A__1.C/seed-8475_sample-3.cif,2.6309487559670584,1.4651162790697674,0.0,0.0,0.0,0.0,0.0,C=CC1=C(C)/C(=C/c2[nH]c(/C=C3\N=C(/C=C4\NC(=O)C(C)=C4C=C)C(C)=C3CCC(=O)O)c(CCC(=O)O)c2C)NC1=O,43,11,0.1428571428571428,0.054054054054054,0.0784313725490196,True,True,True,true,True,True,-0.0,-0.0,False,False
chai|7s7t__1__1.A__1.B|1.B,kept_official,chai,7s7t__1__1.A__1.B,1.B,0.2820503349443967,0.0,0.56,0.51,0.2002516747219832,683,2,0.50909704,4.8193206787109375,False,False,B,scicore/home/schwede/durair0000/projects/plinder-org/Runs-N-Poses/data/paper_data/prediction_files/chai/7s7t__1__1.A__1.B/seed-683_sample-2.cif,2.433989085124436,6.375,0.0,683,2,0.50909704,4.8193206787109375,False,False,B,scicore/home/schwede/durair0000/projects/plinder-org/Runs-N-Poses/data/paper_data/prediction_files/chai/7s7t__1__1.A__1.B/seed-683_sample-2.cif,2.433989085124436,6.375,0.0,0.0,0.0,0.0,0.0,c1cnc2cc3c(cc2n1)[C@@H]1CNC[C@H]3C1,16,0,0.6842105263157895,0.7222222222222222,0.7027027027027027,True,True,True,false,False,True,-0.0,-0.0,False,False
chai|7tuo__1__1.A__1.B|1.B,kept_official,chai,7tuo__1__1.A__1.B,1.B,0.2820292893764245,0.1339285714285714,0.47,0.41,0.1782714468821226,5124,0,0.37581092,11.78525733947754,False,True,B,scicore/home/schwede/durair0000/projects/plinder-org/Runs-N-Poses/data/paper_data/prediction_files/chai/7tuo__1__1.A__1.B/seed-5124_sample-0.cif,2.490757280832096,2.7666666666666666,0.0,5124,0,0.37581092,11.78525733947754,False,True,B,scicore/home/schwede/durair0000/projects/plinder-org/Runs-N-Poses/data/paper_data/prediction_files/chai/7tuo__1__1.A__1.B/seed-5124_sample-0.cif,2.490757280832096,2.7666666666666666,0.0,0.0,0.0,0.0,0.0,Cc1cnc2c(N)c(C(=O)NCCc3ccc(C4C[C@H]5CC[C@@H](C4)N5)cc3)sc2n1,30,5,0.4666666666666667,0.3888888888888889,0.4242424242424242,True,True,True,true,True,True,-0.0,-0.0,False,False
chai|7udq__1__1.A__1.C|1.C,kept_official,chai,7udq__1__1.A__1.C,1.C,0.2970593491432922,0.0769230769230769,0.56,0.4,0.2506813611010762,9910,3,0.71912307,0.8864303231239319,True,True,B,scicore/home/schwede/durair0000/projects/plinder-org/Runs-N-Poses/data/paper_data/prediction_files/chai/7udq__1__1.A__1.C/seed-9910_sample-3.cif,2.6615737543674616,2.48,0.0,9910,3,0.71912307,0.8864303231239319,True,True,B,scicore/home/schwede/durair0000/projects/plinder-org/Runs-N-Poses/data/paper_data/prediction_files/chai/7udq__1__1.A__1.C/seed-9910_sample-3.cif,2.6615737543674616,2.48,0.0,0.0,0.0,0.0,0.0,COc1cc(Nc2ccnc3cc(C#N)ccc23)cc(OC)c1OC,25,5,0.92,0.6764705882352942,0.7796610169491526,True,True,True,true,True,True,-0.0,-0.0,False,False
chai|7uum__1__1.A_2.A__1.B_1.C|1.C,kept_official,chai,7uum__1__1.A_2.A__1.B_1.C,1.C,0.3197467792255061,0.1081081081081081,0.61,0.43,0.2170447069383413,3186,4,0.9553527,7.283405780792236,False,False,I,scicore/home/schwede/durair0000/projects/plinder-org/Runs-N-Poses/data/paper_data/prediction_files/chai/7uum__1__1.A_2.A__1.B_1.C/seed-3186_sample-4.cif,2.1454442392774657,1.9523809523809523,0.0,3186,4,0.9553527,7.283405780792236,False,False,I,scicore/home/schwede/durair0000/projects/plinder-org/Runs-N-Poses/data/paper_data/prediction_files/chai/7uum__1__1.A_2.A__1.B_1.C/seed-3186_sample-4.cif,2.1454442392774657,1.9523809523809523,0.0,0.0,0.0,0.0,0.0,NC[C@@H]1O[C@H](O[C@H]2[C@@H](O)[C@H](O[C@@H]3[C@@H](O)[C@H](N)C[C@H](N)[C@H]3O[C@H]3O[C@H](CO)[C@@H](O)[C@H](O)[C@H]3N)O[C@@H]2CO)[C@H](N)[C@@H](O)[C@@H]1O,42,9,0.5652173913043478,0.4333333333333333,0.490566037735849,True,True,True,false,False,True,-0.0,-0.0,False,False
chai|7vo5__1__1.A__1.B|1.B,kept_official,chai,7vo5__1__1.A__1.B,1.B,0.3121076454632686,0.1923076923076923,0.5,0.45,0.1489997657778814,7853,0,0.77636766,9.378012657165527,False,False,D,scicore/home/schwede/durair0000/projects/plinder-org/Runs-N-Poses/data/paper_data/prediction_files/chai/7vo5__1__1.A__1.B/seed-7853_sample-0.cif,2.7011318748902595,1.8571428571428568,0.0,7853,0,0.77636766,9.378012657165527,False,False,D,scicore/home/schwede/durair0000/projects/plinder-org/Runs-N-Poses/data/paper_data/prediction_files/chai/7vo5__1__1.A__1.B/seed-7853_sample-0.cif,2.7011318748902595,1.8571428571428568,0.0,0.0,0.0,0.0,0.0,C[C@H]1[C@@H]2C[C@@H](O)/C=C/C=C/C=C/C=C/C[C@@H](C)OC(=O)C[C@H](O)/C=C/C[C@H](O)C[C@](O)(C[C@@H]1O)O2,35,0,0.7666666666666667,0.71875,0.7419354838709677,True,True,True,false,False,True,-0.0,-0.0,False,False
chai|7vpe__1__1.A__1.B|1.B,kept_official,chai,7vpe__1__1.A__1.B,1.B,0.251137437743895,0.1176470588235294,0.43,0.38,0.1323048357782985,6503,4,0.4334854,7.562917709350586,False,False,B,scicore/home/schwede/durair0000/projects/plinder-org/Runs-N-Poses/data/paper_data/prediction_files/chai/7vpe__1__1.A__1.B/seed-6503_sample-4.cif,2.7913485523775083,1.5238095238095235,0.0,6503,4,0.4334854,7.562917709350586,False,False,B,scicore/home/schwede/durair0000/projects/plinder-org/Runs-N-Poses/data/paper_data/prediction_files/chai/7vpe__1__1.A__1.B/seed-6503_sample-4.cif,2.7913485523775083,1.5238095238095235,0.0,0.0,0.0,0.0,0.0,C1=N[C@@H](c2ccccc2)[C@H](c2ccccc2)N1Cc1cccc(CN2C=N[C@@H](c3ccccc3)[C@@H]2c2ccccc2)c1,42,8,0.0,0.0,0.0,True,True,True,false,False,True,-0.0,-0.0,False,False
chai|7vyp__1__1.A_1.B__1.C_1.K_1.P_1.Q|1.P,kept_official,chai,7vyp__1__1.A_1.B__1.C_1.K_1.P_1.Q,1.P,0.3333466386123179,0.0727272727272727,0.7,0.46,0.2044604657888621,3598,3,0.8490621,8.611557006835938,False,False,E,scicore/home/schwede/durair0000/projects/plinder-org/Runs-N-Poses/data/paper_data/prediction_files/chai/7vyp__1__1.A_1.B__1.C_1.K_1.P_1.Q/seed-3598_sample-3.cif,2.999382367677958,1.1891891891891893,0.0,3598,3,0.8490621,8.611557006835938,False,False,E,scicore/home/schwede/durair0000/projects/plinder-org/Runs-N-Poses/data/paper_data/prediction_files/chai/7vyp__1__1.A_1.B__1.C_1.K_1.P_1.Q/seed-3598_sample-3.cif,2.999382367677958,1.1891891891891893,0.0,0.0,0.0,0.0,0.0,COc1cc2cc(c1Cl)NC(=O)C[C@H](O)/C(C)=C/[C@H](C)[C@@H](OC(N)=O)CC(=O)[C@H](OC)/C=C/C=C(\C)C2,37,3,0.5555555555555556,0.3571428571428571,0.4347826086956521,True,True,True,false,False,True,-0.0,-0.0,False,False
chai|7vzy__1__1.A_1.B__1.C_1.D_1.E_1.M|1.C,kept_official,chai,7vzy__1__1.A_1.B__1.C_1.D_1.E_1.M,1.C,0.3382820101240927,0.0673076923076923,0.72,0.45,0.2236215890820022,7404,3,0.834444,11.1985445022583,False,False,C,scicore/home/schwede/durair0000/projects/plinder-org/Runs-N-Poses/data/paper_data/prediction_files/chai/7vzy__1__1.A_1.B__1.C_1.D_1.E_1.M/seed-7404_sample-3.cif,2.6087810004113785,1.0,0.0,7404,3,0.834444,11.1985445022583,False,False,C,scicore/home/schwede/durair0000/projects/plinder-org/Runs-N-Poses/data/paper_data/prediction_files/chai/7vzy__1__1.A_1.B__1.C_1.D_1.E_1.M/seed-7404_sample-3.cif,2.6087810004113785,1.0,0.0,0.0,0.0,0.0,0.0,COc1cc2cc(c1Cl)NC(=O)C[C@H](O)/C(C)=C/[C@H](C)[C@@H](O)CC(=O)[C@H](OC)/C=C/C=C(\C)C2,34,2,0.4615384615384615,0.24,0.3157894736842105,True,True,True,false,False,True,-0.0,-0.0,False,False
chai|7vzz__1__1.A_1.B__1.AA_1.Y_1.Z|1.AA,kept_official,chai,7vzz__1__1.A_1.B__1.AA_1.Y_1.Z,1.AA,0.3282713773209499,0.0673076923076923,0.68,0.46,0.2135684250662877,8179,1,0.8498543,9.126955032348633,False,False,C,scicore/home/schwede/durair0000/projects/plinder-org/Runs-N-Poses/data/paper_data/prediction_files/chai/7vzz__1__1.A_1.B__1.AA_1.Y_1.Z/seed-8179_sample-1.cif,2.2700759565577013,0.6176470588235294,0.0,8179,1,0.8498543,9.126955032348633,False,False,C,scicore/home/schwede/durair0000/projects/plinder-org/Runs-N-Poses/data/paper_data/prediction_files/chai/7vzz__1__1.A_1.B__1.AA_1.Y_1.Z/seed-8179_sample-1.cif,2.2700759565577013,0.6176470588235294,0.0,0.0,0.0,0.0,0.0,COc1cc2cc(c1Cl)NC(=O)C[C@H](O)/C(C)=C/[C@H](C)[C@@H](O)CC(=O)[C@H](OC)/C=C/C=C(\C)C2,34,2,0.5,0.4285714285714285,0.4615384615384615,True,False,True,false,False,True,-0.0,-0.0,False,False
chai|7wdu__1__1.A__1.C|1.C,kept_official,chai,7wdu__1__1.A__1.C,1.C,0.3261207552603827,0.1333333333333333,0.61,0.43,0.20477044296858,9600,1,0.5387565,57.815826416015625,False,True,B,scicore/home/schwede/durair0000/projects/plinder-org/Runs-N-Poses/data/paper_data/prediction_files/chai/7wdu__1__1.A__1.C/seed-9600_sample-1.cif,2.380168955779178,3.5172413793103448,0.0,9600,1,0.5387565,57.815826416015625,False,True,B,scicore/home/schwede/durair0000/projects/plinder-org/Runs-N-Poses/data/paper_data/prediction_files/chai/7wdu__1__1.A__1.C/seed-9600_sample-1.cif,2.380168955779178,3.5172413793103448,0.0,0.0,0.0,0.0,0.0,CC(=O)N[C@H]1C(=NOC(=O)Nc2ccccc2)O[C@H](COS(=O)(=O)O)[C@@H](O)[C@@H]1O,29,6,0.0,0.0,0.0,True,True,True,true,True,True,-0.0,-0.0,False,False
chai|7wzv__1__1.A__1.C_1.E_1.F_1.K_1.O|1.F,kept_official,chai,7wzv__1__1.A__1.C_1.E_1.F_1.K_1.O,1.F,0.2935146324890665,0.0987654320987654,0.55,0.37,0.2372336562724934,3805,1,0.9318692,1.0539908409118652,True,False,D,scicore/home/schwede/durair0000/projects/plinder-org/Runs-N-Poses/data/paper_data/prediction_files/chai/7wzv__1__1.A__1.C_1.E_1.F_1.K_1.O/seed-3805_sample-1.cif,2.326617044269961,2.130434782608696,0.0,3805,1,0.9318692,1.0539908409118652,True,False,D,scicore/home/schwede/durair0000/projects/plinder-org/Runs-N-Poses/data/paper_data/prediction_files/chai/7wzv__1__1.A__1.C_1.E_1.F_1.K_1.O/seed-3805_sample-1.cif,2.326617044269961,2.130434782608696,0.0,0.0,0.0,0.0,0.0,CN[C@@H]1C(O)[C@H](NC)[C@@H](O)C(O[C@@H]2O[C@H](C)C[C@H](O)[C@H]2O)[C@H]1O,23,4,0.8571428571428571,0.8181818181818182,0.8372093023255814,True,True,True,false,False,True,-0.0,-0.0,False,False
chai|7xxn__1__2.A__2.B_2.C|2.B,kept_official,chai,7xxn__1__2.A__2.B_2.C,2.B,0.2757162485816537,0.0634920634920634,0.5,0.36,0.2824701317971574,1422,4,0.8523998,3.654454231262207,False,True,C,scicore/home/schwede/durair0000/projects/plinder-org/Runs-N-Poses/data/paper_data/prediction_files/chai/7xxn__1__2.A__2.B_2.C/seed-1422_sample-4.cif,2.9875712961269447,3.142857142857143,0.0,1422,4,0.8523998,3.654454231262207,False,True,C,scicore/home/schwede/durair0000/projects/plinder-org/Runs-N-Poses/data/paper_data/prediction_files/chai/7xxn__1__2.A__2.B_2.C/seed-1422_sample-4.cif,2.9875712961269447,3.142857142857143,0.0,0.0,0.0,0.0,0.0,O=S(=O)(c1ccc(Br)s1)n1cccn1,14,2,0.8181818181818182,0.9,0.8571428571428572,True,True,True,true,True,True,-0.0,-0.0,False,False
chai|7yv4__1__1.A__1.B|1.B,kept_official,chai,7yv4__1__1.A__1.B,1.B,0.2028888415216452,0.0886075949367088,0.11,0.69,0.0318809164689859,6410,0,0.7394049,27.144052505493164,False,True,B,scicore/home/schwede/durair0000/projects/plinder-org/Runs-N-Poses/data/paper_data/prediction_files/chai/7yv4__1__1.A__1.B/seed-6410_sample-0.cif,2.752709665629185,2.1818181818181817,0.0,6410,0,0.7394049,27.144052505493164,False,True,B,scicore/home/schwede/durair0000/projects/plinder-org/Runs-N-Poses/data/paper_data/prediction_files/chai/7yv4__1__1.A__1.B/seed-6410_sample-0.cif,2.752709665629185,2.1818181818181817,0.0,0.0,0.0,0.0,0.0,Cc1c(O)c(C)c2c(c1O)C(=O)C[C@@H](c1ccc(O)cc1)O2,22,1,0.0,0.0,0.0,True,True,True,true,True,True,-0.0,-0.0,False,False
chai|7yxl__1__1.A__1.C_1.E|1.E,kept_official,chai,7yxl__1__1.A__1.C_1.E,1.E,0.3168537004838452,0.2592592592592592,0.42,0.39,0.2155647987155223,6860,4,0.8953688,1.321109414100647,True,True,D,scicore/home/schwede/durair0000/projects/plinder-org/Runs-N-Poses/data/paper_data/prediction_files/chai/7yxl__1__1.A__1.C_1.E/seed-6860_sample-4.cif,2.77837976180224,5.117647058823529,0.0,6860,4,0.8953688,1.321109414100647,True,True,D,scicore/home/schwede/durair0000/projects/plinder-org/Runs-N-Poses/data/paper_data/prediction_files/chai/7yxl__1__1.A__1.C_1.E/seed-6860_sample-4.cif,2.77837976180224,5.117647058823529,0.0,0.0,0.0,0.0,0.0,O=C(O)C(=O)N[C@H](Cc1ccccc1)C(=O)O,17,4,0.9523809523809524,0.8333333333333334,0.888888888888889,True,True,True,true,True,True,-0.0,-0.0,False,False
chai|7z5u__1__1.A__1.B_1.C|1.C,kept_official,chai,7z5u__1__1.A__1.B_1.C,1.C,0.3464429974701027,0.1212121212121211,0.56,0.65,0.1700937752293016,2492,3,0.8393176,10.103067398071287,False,False,C,scicore/home/schwede/durair0000/projects/plinder-org/Runs-N-Poses/data/paper_data/prediction_files/chai/7z5u__1__1.A__1.B_1.C/seed-2492_sample-3.cif,2.7019904176908485,2.0,0.0,2492,3,0.8393176,10.103067398071287,False,False,C,scicore/home/schwede/durair0000/projects/plinder-org/Runs-N-Poses/data/paper_data/prediction_files/chai/7z5u__1__1.A__1.B_1.C/seed-2492_sample-3.cif,2.7019904176908485,2.0,0.0,0.0,0.0,0.0,0.0,CC(=O)Nc1ccccc1OCc1cn(CCNC(=O)[C@@H](CC(C)C)C(=O)NO)nn1,31,11,0.5,0.4705882352941176,0.4848484848484848,True,True,True,false,False,True,-0.0,-0.0,False,False
chai|7zg9__1__1.A__1.C|1.C,kept_official,chai,7zg9__1__1.A__1.C,1.C,0.3046251161656738,0.027027027027027,0.64,0.41,0.2658282835310719,3778,0,0.62749064,3.226090908050537,False,False,B,scicore/home/schwede/durair0000/projects/plinder-org/Runs-N-Poses/data/paper_data/prediction_files/chai/7zg9__1__1.A__1.C/seed-3778_sample-0.cif,2.6917120949623827,1.76,0.0,3778,0,0.62749064,3.226090908050537,False,False,B,scicore/home/schwede/durair0000/projects/plinder-org/Runs-N-Poses/data/paper_data/prediction_files/chai/7zg9__1__1.A__1.C/seed-3778_sample-0.cif,2.6917120949623827,1.76,0.0,0.0,0.0,0.0,0.0,C[C@@H]1OC(=O)[C@H]2C[C@H]3CCCC[C@H]3[C@H](/C=C/[C@H]3CCC[C@H](C)N3C)[C@@H]12,25,2,0.72,0.6428571428571429,0.6792452830188679,True,True,True,false,False,True,-0.0,-0.0,False,False
chai|7zkw__1__1.A_1.C__1.E|1.E,kept_official,chai,7zkw__1__1.A_1.C__1.E,1.E,0.1516742023393495,0.0465116279069767,0.07,0.55,0.0394756628595385,9149,0,0.5200574,3.3082540035247803,False,False,C,scicore/home/schwede/durair0000/projects/plinder-org/Runs-N-Poses/data/paper_data/prediction_files/chai/7zkw__1__1.A_1.C__1.E/seed-9149_sample-0.cif,2.151116946940731,4.571428571428571,0.0,9149,0,0.5200574,3.3082540035247803,False,False,C,scicore/home/schwede/durair0000/projects/plinder-org/Runs-N-Poses/data/paper_data/prediction_files/chai/7zkw__1__1.A_1.C__1.E/seed-9149_sample-0.cif,2.151116946940731,4.571428571428571,0.0,0.0,0.0,0.0,0.0,N[C@@H](CSSC[C@H](N)C(=O)O)C(=O)O,14,7,0.3636363636363636,0.1333333333333333,0.1951219512195122,True,True,True,false,False,True,-0.0,-0.0,False,False
chai|7zzw__1__1.A__1.E_1.M|1.M,kept_official,chai,7zzw__1__1.A__1.E_1.M,1.M,0.1992757503179593,0.0163934426229508,0.25,0.58,0.0751902269996327,8080,1,0.2734995,33.58694839477539,False,True,C,scicore/home/schwede/durair0000/projects/plinder-org/Runs-N-Poses/data/paper_data/prediction_files/chai/7zzw__1__1.A__1.E_1.M/seed-8080_sample-1.cif,2.62839131297295,2.6923076923076925,0.0,8080,1,0.2734995,33.58694839477539,False,True,C,scicore/home/schwede/durair0000/projects/plinder-org/Runs-N-Poses/data/paper_data/prediction_files/chai/7zzw__1__1.A__1.E_1.M/seed-8080_sample-1.cif,2.62839131297295,2.6923076923076925,0.0,0.0,0.0,0.0,0.0,O=S(=O)([O-])CC[NH2+]C1CCCCC1,13,4,0.0,0.0,0.0,True,True,True,true,True,True,-0.0,-0.0,False,False
chai|8c3u__1__1.A__1.C|1.C,kept_official,chai,8c3u__1__1.A__1.C,1.C,0.1828519200356059,0.1720430107526881,0.15,0.36,0.0656843313608254,5605,3,0.62873685,27.601486206054688,False,False,B,scicore/home/schwede/durair0000/projects/plinder-org/Runs-N-Poses/data/paper_data/prediction_files/chai/8c3u__1__1.A__1.C/seed-5605_sample-3.cif,2.368028284090878,1.4,0.0,5605,3,0.62873685,27.601486206054688,False,False,B,scicore/home/schwede/durair0000/projects/plinder-org/Runs-N-Poses/data/paper_data/prediction_files/chai/8c3u__1__1.A__1.C/seed-5605_sample-3.cif,2.368028284090878,1.4,0.0,0.0,0.0,0.0,0.0,Cc1ccc2c(c1)NC(=O)[C@@]2(c1cn[nH]c1)c1cc(-c2ccc(C(=O)O)cc2C(=O)O)ccc1O,35,5,0.0,0.0,0.0,True,True,True,false,False,True,-0.0,-0.0,False,False
chai|8ea6__1__1.A_1.B__1.C|1.C,kept_official,chai,8ea6__1__1.A_1.B__1.C,1.C,0.2171340823719636,0.1056910569105691,0.27,0.46,0.103211062266322,3278,4,0.8775403,1.789531946182251,True,False,C,scicore/home/schwede/durair0000/projects/plinder-org/Runs-N-Poses/data/paper_data/prediction_files/chai/8ea6__1__1.A_1.B__1.C/seed-3278_sample-4.cif,2.6096829749452235,1.8,0.0,3278,4,0.8775403,1.789531946182251,True,False,C,scicore/home/schwede/durair0000/projects/plinder-org/Runs-N-Poses/data/paper_data/prediction_files/chai/8ea6__1__1.A_1.B__1.C/seed-3278_sample-4.cif,2.6096829749452235,1.8,0.0,0.0,0.0,0.0,0.0,CN(C)C(=O)[C@@H](NC(=O)c1ccccc1-c1ccc(C(F)(F)F)cc1)c1cccc(C(F)(F)F)c1,35,5,0.9230769230769232,0.9230769230769232,0.9230769230769232,True,True,True,false,False,True,-0.0,-0.0,False,False
chai|8etl__1__1.A__1.C|1.C,kept_official,chai,8etl__1__1.A__1.C,1.C,0.2218328232279351,0.1636363636363636,0.17,0.52,0.0903004797760394,2756,2,0.77193063,2.4192802906036377,False,False,B,scicore/home/schwede/durair0000/projects/plinder-org/Runs-N-Poses/data/paper_data/prediction_files/chai/8etl__1__1.A__1.C/seed-2756_sample-2.cif,2.599818762187509,2.5294117647058822,0.0,2756,2,0.77193063,2.4192802906036377,False,False,B,scicore/home/schwede/durair0000/projects/plinder-org/Runs-N-Poses/data/paper_data/prediction_files/chai/8etl__1__1.A__1.C/seed-2756_sample-2.cif,2.599818762187509,2.5294117647058822,0.0,0.0,0.0,0.0,0.0,CCCCN[C@H]1C[C@](O)(CO)[C@@H](O)[C@H](O)[C@H]1O,17,5,0.6666666666666666,0.8888888888888888,0.761904761904762,True,True,True,false,False,True,-0.0,-0.0,False,False
chai|8eym__1__1.A_1.B__1.C_1.E|1.C,kept_official,chai,8eym__1__1.A_1.B__1.C_1.E,1.C,0.1889863473461275,0.196078431372549,0.1,0.42,0.0567944818286769,5966,2,0.92524177,0.5356765985488892,True,True,D,scicore/home/schwede/durair0000/projects/plinder-org/Runs-N-Poses/data/paper_data/prediction_files/chai/8eym__1__1.A_1.B__1.C_1.E/seed-5966_sample-2.cif,2.5623617513759616,3.421052631578948,0.0,5966,2,0.92524177,0.5356765985488892,True,True,D,scicore/home/schwede/durair0000/projects/plinder-org/Runs-N-Poses/data/paper_data/prediction_files/chai/8eym__1__1.A_1.B__1.C_1.E/seed-5966_sample-2.cif,2.5623617513759616,3.421052631578948,0.0,0.0,0.0,0.0,0.0,CC(=O)N[C@@H]1[C@@H](O)[C@H](O)[C@@H](COP(=O)(O)O)O[C@@H]1O,19,4,,,,True,True,True,true,True,True,-0.0,-0.0,False,False
chai|8eym__1__1.A_1.B__1.C_1.E|1.E,kept_official,chai,8eym__1__1.A_1.B__1.C_1.E,1.E,0.1905689788528178,0.196078431372549,0.1,0.43,0.0547076393621281,5966,2,0.92524177,0.5356765985488892,True,True,D,scicore/home/schwede/durair0000/projects/plinder-org/Runs-N-Poses/data/paper_data/prediction_files/chai/8eym__1__1.A_1.B__1.C_1.E/seed-5966_sample-2.cif,2.5623617513759616,3.421052631578948,0.0,5966,2,0.92524177,0.5356765985488892,True,True,D,scicore/home/schwede/durair0000/projects/plinder-org/Runs-N-Poses/data/paper_data/prediction_files/chai/8eym__1__1.A_1.B__1.C_1.E/seed-5966_sample-2.cif,2.5623617513759616,3.421052631578948,0.0,0.0,0.0,0.0,0.0,CC(=O)N[C@@H]1[C@@H](O)[C@H](O)[C@@H](COP(=O)(O)O)O[C@@H]1O,19,4,0.9230769230769232,0.9230769230769232,0.9230769230769232,True,True,True,true,True,True,-0.0,-0.0,False,False
chai|8fdb__1__1.A_1.B__1.D_1.F_1.H|1.D,kept_official,chai,8fdb__1__1.A_1.B__1.D_1.F_1.H,1.D,0.326711479979238,0.5588235294117647,0.13,0.42,0.073116223425602,9832,2,0.9292916,1.7290756702423096,True,True,E,scicore/home/schwede/durair0000/projects/plinder-org/Runs-N-Poses/data/paper_data/prediction_files/chai/8fdb__1__1.A_1.B__1.D_1.F_1.H/seed-9832_sample-2.cif,2.6629941394129983,4.3125,0.0,9832,2,0.9292916,1.7290756702423096,True,True,E,scicore/home/schwede/durair0000/projects/plinder-org/Runs-N-Poses/data/paper_data/prediction_files/chai/8fdb__1__1.A_1.B__1.D_1.F_1.H/seed-9832_sample-2.cif,2.6629941394129983,4.3125,0.0,0.0,0.0,0.0,0.0,N[C@@H](CO)[C@@H](O)[C@H](O)[C@H](O)COP(=O)(O)O,16,7,0.8260869565217391,0.9047619047619048,0.8636363636363636,True,True,True,true,True,True,-0.0,-0.0,False,False
chai|8fdb__1__1.A_1.B__1.D_1.F_1.H|1.H,kept_official,chai,8fdb__1__1.A_1.B__1.D_1.F_1.H,1.H,0.2435258976826319,0.3255813953488372,0.13,0.42,0.065362046552694,9832,2,0.9292916,1.7290756702423096,True,True,E,scicore/home/schwede/durair0000/projects/plinder-org/Runs-N-Poses/data/paper_data/prediction_files/chai/8fdb__1__1.A_1.B__1.D_1.F_1.H/seed-9832_sample-2.cif,2.6629941394129983,4.3125,0.0,9832,2,0.9292916,1.7290756702423096,True,True,E,scicore/home/schwede/durair0000/projects/plinder-org/Runs-N-Poses/data/paper_data/prediction_files/chai/8fdb__1__1.A_1.B__1.D_1.F_1.H/seed-9832_sample-2.cif,2.6629941394129983,4.3125,0.0,0.0,0.0,0.0,0.0,N[C@@H](CO)[C@@H](O)[C@H](O)[C@H](O)COP(=O)(O)O,16,7,,,,True,True,True,true,True,True,-0.0,-0.0,False,False
chai|8g4a__1__1.A_1.B__1.C|1.C,kept_official,chai,8g4a__1__1.A_1.B__1.C,1.C,0.2310147037633507,0.054054054054054,0.32,0.48,0.180478924222159,5552,3,0.763987,1.59298837184906,True,False,C,scicore/home/schwede/durair0000/projects/plinder-org/Runs-N-Poses/data/paper_data/prediction_files/chai/8g4a__1__1.A_1.B__1.C/seed-5552_sample-3.cif,1.8972958037463148,2.0526315789473686,0.0526315789473684,5552,3,0.763987,1.59298837184906,True,False,C,scicore/home/schwede/durair0000/projects/plinder-org/Runs-N-Poses/data/paper_data/prediction_files/chai/8g4a__1__1.A_1.B__1.C/seed-5552_sample-3.cif,1.8972958037463148,2.0526315789473686,0.0526315789473684,0.0,0.0,0.0,0.0,FC(F)(F)c1cc(-c2nn[nH]n2)cc(C(F)(F)F)c1,19,1,0.8,0.7272727272727273,0.761904761904762,False,True,False,false,False,True,-0.0,-0.0,False,False
chai|8g62__1__1.A__1.F_1.J_1.L|1.F,kept_official,chai,8g62__1__1.A__1.F_1.J_1.L,1.F,0.2820176070882874,0.0606060606060606,0.19,1.0,0.066527429380831,1948,4,0.8749886,36.76996994018555,False,True,B,scicore/home/schwede/durair0000/projects/plinder-org/Runs-N-Poses/data/paper_data/prediction_files/chai/8g62__1__1.A__1.F_1.J_1.L/seed-1948_sample-4.cif,2.657228704899984,2.75,0.0,1948,4,0.8749886,36.76996994018555,False,True,B,scicore/home/schwede/durair0000/projects/plinder-org/Runs-N-Poses/data/paper_data/prediction_files/chai/8g62__1__1.A__1.F_1.J_1.L/seed-1948_sample-4.cif,2.657228704899984,2.75,0.0,0.0,0.0,0.0,0.0,COc1cc(C(=O)Nc2ccc(S(=O)(=O)N3CCCC3)cc2)cc(C2CCN(C)CC2)c1,32,6,0.0,0.0,0.0,True,True,True,true,True,True,-0.0,-0.0,False,False
chai|8g68__1__1.A__1.C|1.C,kept_official,chai,8g68__1__1.A__1.C,1.C,0.3109035941793497,0.0606060606060606,0.56,0.48,0.2684573648361425,1431,0,0.43807006,28.31784439086914,False,False,B,scicore/home/schwede/durair0000/projects/plinder-org/Runs-N-Poses/data/paper_data/prediction_files/chai/8g68__1__1.A__1.C/seed-1431_sample-0.cif,2.299298603290485,2.533333333333333,0.0,1431,0,0.43807006,28.31784439086914,False,False,B,scicore/home/schwede/durair0000/projects/plinder-org/Runs-N-Poses/data/paper_data/prediction_files/chai/8g68__1__1.A__1.C/seed-1431_sample-0.cif,2.299298603290485,2.533333333333333,0.0,0.0,0.0,0.0,0.0,CCc1cc(C)n(-c2ccc(N)cc2)n1,15,2,0.0,0.0,0.0,True,True,True,false,False,True,-0.0,-0.0,False,False
chai|8g69__1__1.A__1.C|1.C,kept_official,chai,8g69__1__1.A__1.C,1.C,0.3050369297289834,0.0606060606060606,0.53,0.48,0.2766240425843109,6357,0,0.48923165,28.396160125732425,False,True,B,scicore/home/schwede/durair0000/projects/plinder-org/Runs-N-Poses/data/paper_data/prediction_files/chai/8g69__1__1.A__1.C/seed-6357_sample-0.cif,2.8666980082757623,2.1333333333333333,0.0,6357,0,0.48923165,28.396160125732425,False,True,B,scicore/home/schwede/durair0000/projects/plinder-org/Runs-N-Poses/data/paper_data/prediction_files/chai/8g69__1__1.A__1.C/seed-6357_sample-0.cif,2.8666980082757623,2.1333333333333333,0.0,0.0,0.0,0.0,0.0,CCc1cc(C)nn1-c1ccc(N)cc1,15,2,0.0,0.0,0.0,True,True,True,true,True,True,-0.0,-0.0,False,False
chai|8gu1__1__1.A_1.B__1.D|1.D,kept_official,chai,8gu1__1__1.A_1.B__1.D,1.D,0.3404511860017241,0.0769230769230769,0.76,0.39,0.2276405453932357,4443,1,0.7848476,9.784331321716309,False,True,C,scicore/home/schwede/durair0000/projects/plinder-org/Runs-N-Poses/data/paper_data/prediction_files/chai/8gu1__1__1.A_1.B__1.D/seed-4443_sample-1.cif,2.884330155849847,0.9117647058823528,0.0,4443,1,0.7848476,9.784331321716309,False,True,C,scicore/home/schwede/durair0000/projects/plinder-org/Runs-N-Poses/data/paper_data/prediction_files/chai/8gu1__1__1.A_1.B__1.D/seed-4443_sample-1.cif,2.884330155849847,0.9117647058823528,0.0,0.0,0.0,0.0,0.0,O=c1[nH]c2ccccc2n1C1CCN(CCCC(c2ccc(F)cc2)c2ccc(F)cc2)CC1,34,7,0.8333333333333334,0.4411764705882353,0.576923076923077,True,False,True,true,False,True,-0.0,-0.0,False,False
chai|8gyd__1__1.A_1.B__1.K|1.K,kept_official,chai,8gyd__1__1.A_1.B__1.K,1.K,0.3352742218001122,0.1346153846153846,0.6,0.46,0.230794185923638,3105,3,0.86158806,13.130114555358888,False,False,C,scicore/home/schwede/durair0000/projects/plinder-org/Runs-N-Poses/data/paper_data/prediction_files/chai/8gyd__1__1.A_1.B__1.K/seed-3105_sample-3.cif,2.1141319972139248,2.707317073170732,0.0,3105,3,0.86158806,13.130114555358888,False,False,C,scicore/home/schwede/durair0000/projects/plinder-org/Runs-N-Poses/data/paper_data/prediction_files/chai/8gyd__1__1.A_1.B__1.K/seed-3105_sample-3.cif,2.1141319972139248,2.707317073170732,0.0,0.0,0.0,0.0,0.0,O=C(O)[C@H](Cc1ccc(Cl)cc1)Cn1c(-c2ccc(Cl)s2)nc2ccc(-c3ccccc3-c3nnn[nH]3)cc2c1=O,41,8,0.2222222222222222,0.1739130434782608,0.1951219512195122,True,True,True,false,False,True,-0.0,-0.0,False,False
chai|8ho5__1__1.A__1.B|1.B,kept_official,chai,8ho5__1__1.A__1.B,1.B,0.2981069180134488,0.141025641025641,0.5,0.38,0.2387397182723721,1864,1,0.49815357,8.016749382019043,False,False,B,scicore/home/schwede/durair0000/projects/plinder-org/Runs-N-Poses/data/paper_data/prediction_files/chai/8ho5__1__1.A__1.B/seed-1864_sample-1.cif,2.615557961917222,1.0869565217391304,0.0,1864,1,0.49815357,8.016749382019043,False,False,B,scicore/home/schwede/durair0000/projects/plinder-org/Runs-N-Poses/data/paper_data/prediction_files/chai/8ho5__1__1.A__1.B/seed-1864_sample-1.cif,2.615557961917222,1.0869565217391304,0.0,0.0,0.0,0.0,0.0,Cc1c(C)n(C[C@@H](O)CN[C@H]2CCCC[C@@H]2C)c2ccccc12,23,5,0.8947368421052632,0.85,0.8717948717948718,True,True,True,false,False,True,-0.0,-0.0,False,False
chai|8ivs__1__1.A_1.B__1.C|1.C,kept_official,chai,8ivs__1__1.A_1.B__1.C,1.C,0.3480504633886326,0.131578947368421,0.64,0.45,0.2599891590484262,5783,3,0.91906595,3.293440341949463,False,False,C,scicore/home/schwede/durair0000/projects/plinder-org/Runs-N-Poses/data/paper_data/prediction_files/chai/8ivs__1__1.A_1.B__1.C/seed-5783_sample-3.cif,2.6105749335451223,3.142857142857143,0.0,5783,3,0.91906595,3.293440341949463,False,False,C,scicore/home/schwede/durair0000/projects/plinder-org/Runs-N-Poses/data/paper_data/prediction_files/chai/8ivs__1__1.A_1.B__1.C/seed-5783_sample-3.cif,2.6105749335451223,3.142857142857143,0.0,0.0,0.0,0.0,0.0,CCOc1nc(NC)nc(NC(=O)NS(=O)(=O)c2ccccc2C(=O)OC)n1,28,7,0.7777777777777778,0.9545454545454546,0.8571428571428572,True,True,True,false,False,True,-0.0,-0.0,False,False
chai|8iw3__1__1.A_1.B__1.C|1.C,kept_official,chai,8iw3__1__1.A_1.B__1.C,1.C,0.3413531917811083,0.1282051282051282,0.65,0.45,0.2199069845465672,9933,1,0.9109911,3.5838816165924072,False,True,C,scicore/home/schwede/durair0000/projects/plinder-org/Runs-N-Poses/data/paper_data/prediction_files/chai/8iw3__1__1.A_1.B__1.C/seed-9933_sample-1.cif,2.811139385053122,2.592592592592593,0.0,9933,1,0.9109911,3.5838816165924072,False,True,C,scicore/home/schwede/durair0000/projects/plinder-org/Runs-N-Poses/data/paper_data/prediction_files/chai/8iw3__1__1.A_1.B__1.C/seed-9933_sample-1.cif,2.811139385053122,2.592592592592593,0.0,0.0,0.0,0.0,0.0,CCOC(=O)c1ccccc1S(=O)(=O)NC(=O)Nc1nc(Cl)cc(OC)n1,27,6,0.7142857142857143,0.8695652173913043,0.7843137254901961,True,True,True,true,True,True,-0.0,-0.0,False,False
chai|8j7j__1__1.A_1.B__1.C|1.C,kept_official,chai,8j7j__1__1.A_1.B__1.C,1.C,0.3410472369781002,0.1052631578947368,0.65,0.45,0.2585256585747115,4635,4,0.9146074,2.766650676727295,False,True,C,scicore/home/schwede/durair0000/projects/plinder-org/Runs-N-Poses/data/paper_data/prediction_files/chai/8j7j__1__1.A_1.B__1.C/seed-4635_sample-4.cif,2.624316944988016,2.68,0.0,4635,4,0.9146074,2.766650676727295,False,True,C,scicore/home/schwede/durair0000/projects/plinder-org/Runs-N-Poses/data/paper_data/prediction_files/chai/8j7j__1__1.A_1.B__1.C/seed-4635_sample-4.cif,2.624316944988016,2.68,0.0,0.0,0.0,0.0,0.0,COC(=O)c1sccc1S(=O)(=O)NC(=O)Nc1nc(C)nc(OC)n1,25,5,0.8461538461538461,0.9565217391304348,0.8979591836734695,True,True,True,true,True,True,-0.0,-0.0,False,False
chai|8jb3__1__1.A__1.B|1.B,kept_official,chai,8jb3__1__1.A__1.B,1.B,0.342772727817712,0.4307692307692308,0.25,0.49,0.1575174852424065,9410,0,0.77739084,25.581283569335938,False,False,B,scicore/home/schwede/durair0000/projects/plinder-org/Runs-N-Poses/data/paper_data/prediction_files/chai/8jb3__1__1.A__1.B/seed-9410_sample-0.cif,2.624771150968369,4.157894736842105,0.0,9410,0,0.77739084,25.581283569335938,False,False,B,scicore/home/schwede/durair0000/projects/plinder-org/Runs-N-Poses/data/paper_data/prediction_files/chai/8jb3__1__1.A__1.B/seed-9410_sample-0.cif,2.624771150968369,4.157894736842105,0.0,0.0,0.0,0.0,0.0,O=c1[nH]cnc2c1ncn2[C@@H]1O[C@H](CO)[C@@H](O)[C@H]1O,19,2,0.0,0.0,0.0,True,True,True,false,False,True,-0.0,-0.0,False,False
chai|8jjn__1__1.A__1.D_1.E|1.D,kept_official,chai,8jjn__1__1.A__1.D_1.E,1.D,0.1096268929228776,0.0769230769230769,0.03,0.37,0.0060190799990036,6580,1,0.9443444,2.305025339126587,False,True,B,scicore/home/schwede/durair0000/projects/plinder-org/Runs-N-Poses/data/paper_data/prediction_files/chai/8jjn__1__1.A__1.D_1.E/seed-6580_sample-1.cif,2.57040630729861,4.388888888888889,0.0,6580,1,0.9443444,2.305025339126587,False,True,B,scicore/home/schwede/durair0000/projects/plinder-org/Runs-N-Poses/data/paper_data/prediction_files/chai/8jjn__1__1.A__1.D_1.E/seed-6580_sample-1.cif,2.57040630729861,4.388888888888889,0.0,0.0,0.0,0.0,0.0,O=c1ccn([C@@H]2O[C@H](CO[P@](=O)(O)O[P@](=O)(O)O[C@H]3O[C@H](CO)[C@@H](O)[C@H](O)[C@H]3O)[C@@H](O)[C@H]2O)c(=O)[nH]1,36,9,0.918918918918919,0.8717948717948718,0.8947368421052632,True,True,True,true,True,True,-0.0,-0.0,False,False
chai|8jjt__1__1.A__1.D|1.D,kept_official,chai,8jjt__1__1.A__1.D,1.D,0.1148175704918721,0.0941176470588235,0.02,0.38,0.0043819701064194,5029,2,0.9277004,1.8037978410720823,True,True,B,scicore/home/schwede/durair0000/projects/plinder-org/Runs-N-Poses/data/paper_data/prediction_files/chai/8jjt__1__1.A__1.D/seed-5029_sample-2.cif,2.51180813448967,4.615384615384615,0.0,5029,2,0.9277004,1.8037978410720823,True,True,B,scicore/home/schwede/durair0000/projects/plinder-org/Runs-N-Poses/data/paper_data/prediction_files/chai/8jjt__1__1.A__1.D/seed-5029_sample-2.cif,2.51180813448967,4.615384615384615,0.0,0.0,0.0,0.0,0.0,CC(=O)N[C@H]1[C@@H](O[P@@](=O)(O)O[P@@](=O)(O)OC[C@H]2O[C@@H](n3ccc(=O)[nH]c3=O)[C@H](O)[C@@H]2O)O[C@H](CO)[C@@H](O)[C@@H]1O,39,10,0.951219512195122,0.9285714285714286,0.9397590361445782,True,True,True,true,True,True,-0.0,-0.0,False,False
chai|8ome__1__1.A_1.D__1.E|1.E,kept_official,chai,8ome__1__1.A_1.D__1.E,1.E,0.33950160667139,0.0555555555555555,0.79,0.33,0.2827858111347281,4845,1,0.8154755,0.8322449326515198,True,True,C,scicore/home/schwede/durair0000/projects/plinder-org/Runs-N-Poses/data/paper_data/prediction_files/chai/8ome__1__1.A_1.D__1.E/seed-4845_sample-1.cif,2.685575864085082,1.6857142857142855,0.0,4845,1,0.8154755,0.8322449326515198,True,True,C,scicore/home/schwede/durair0000/projects/plinder-org/Runs-N-Poses/data/paper_data/prediction_files/chai/8ome__1__1.A_1.D__1.E/seed-4845_sample-1.cif,2.685575864085082,1.6857142857142855,0.0,0.0,0.0,0.0,0.0,CS(=O)(=O)c1cccc2[nH]c3c(c12)CCCc1ccc(CN2CC[C@](O)(c4ccccc4)C2)cc1-3,35,4,0.9333333333333332,0.9655172413793104,0.9491525423728816,True,True,True,true,True,True,-0.0,-0.0,False,False
chai|8ovr__1__1.A__1.B|1.B,kept_official,chai,8ovr__1__1.A__1.B,1.B,0.341437185481288,0.0555555555555555,0.7,0.42,0.3149637051842178,1405,2,0.3979175,3.019197702407837,False,True,B,scicore/home/schwede/durair0000/projects/plinder-org/Runs-N-Poses/data/paper_data/prediction_files/chai/8ovr__1__1.A__1.B/seed-1405_sample-2.cif,2.714371221573783,1.7222222222222223,0.0,1405,2,0.3979175,3.019197702407837,False,True,B,scicore/home/schwede/durair0000/projects/plinder-org/Runs-N-Poses/data/paper_data/prediction_files/chai/8ovr__1__1.A__1.B/seed-1405_sample-2.cif,2.714371221573783,1.7222222222222223,0.0,0.0,0.0,0.0,0.0,O=S(=O)(O)CCN1CCN(CCS(=O)(=O)O)CC1,18,6,0.8947368421052632,0.6296296296296297,0.7391304347826088,True,True,True,true,True,True,-0.0,-0.0,False,False
chai|8pfl__1__1.A__1.C|1.C,kept_official,chai,8pfl__1__1.A__1.C,1.C,0.1889806505228901,0.0909090909090909,0.21,0.48,0.0433123435235414,374,0,0.40858054,34.078731536865234,False,True,B,scicore/home/schwede/durair0000/projects/plinder-org/Runs-N-Poses/data/paper_data/prediction_files/chai/8pfl__1__1.A__1.C/seed-374_sample-0.cif,2.572953742966254,2.145833333333333,0.0,374,0,0.40858054,34.078731536865234,False,True,B,scicore/home/schwede/durair0000/projects/plinder-org/Runs-N-Poses/data/paper_data/prediction_files/chai/8pfl__1__1.A__1.C/seed-374_sample-0.cif,2.572953742966254,2.145833333333333,0.0,0.0,0.0,0.0,0.0,CCc1c(N2CCN(C(=O)c3ncccc3O)CC2)c(=O)n2nc(C3=CCOCC3)nc2n1CC(=O)Nc1ccc(C(F)(F)F)cc1C,48,7,0.0,0.0,0.0,True,True,True,true,True,True,-0.0,-0.0,False,False
chai|8plb__1__1.A__1.D|1.D,kept_official,chai,8plb__1__1.A__1.D,1.D,0.1607753080125244,0.1,0.15,0.37,0.0713765400626223,421,1,0.9592433,27.94034194946289,False,False,F,scicore/home/schwede/durair0000/projects/plinder-org/Runs-N-Poses/data/paper_data/prediction_files/chai/8plb__1__1.A__1.D/seed-421_sample-1.cif,2.335186924773848,1.6875,0.0,421,1,0.9592433,27.94034194946289,False,False,F,scicore/home/schwede/durair0000/projects/plinder-org/Runs-N-Poses/data/paper_data/prediction_files/chai/8plb__1__1.A__1.D/seed-421_sample-1.cif,2.335186924773848,1.6875,0.0,0.0,0.0,0.0,0.0,CCNC(=O)c1ccc(NS(C)(=O)=O)cc1,16,4,0.0,0.0,0.0,True,True,True,false,False,True,-0.0,-0.0,False,False
chai|8plu__1__1.A__1.D|1.D,kept_official,chai,8plu__1__1.A__1.D,1.D,0.2328860057878207,0.1886792452830188,0.17,0.53,0.0917413496938206,2498,4,0.9520462,32.047462463378906,False,True,D,scicore/home/schwede/durair0000/projects/plinder-org/Runs-N-Poses/data/paper_data/prediction_files/chai/8plu__1__1.A__1.D/seed-2498_sample-4.cif,3.03329377920629,2.7222222222222223,0.0,2498,4,0.9520462,32.047462463378906,False,True,D,scicore/home/schwede/durair0000/projects/plinder-org/Runs-N-Poses/data/paper_data/prediction_files/chai/8plu__1__1.A__1.D/seed-2498_sample-4.cif,3.03329377920629,2.7222222222222223,0.0,0.0,0.0,0.0,0.0,CC(C)c1ccc(C(=O)Nc2ccccn2)cc1,18,3,0.0,0.0,0.0,True,True,True,true,True,True,-0.0,-0.0,False,False
chai|8qnh__1__1.A__1.B|1.B,kept_official,chai,8qnh__1__1.A__1.B,1.B,0.276272927542405,0.126865671641791,0.17,0.88,0.066849712338891,2504,2,0.43976223,26.26746940612793,False,False,B,scicore/home/schwede/durair0000/projects/plinder-org/Runs-N-Poses/data/paper_data/prediction_files/chai/8qnh__1__1.A__1.B/seed-2504_sample-2.cif,2.704206866653699,1.6153846153846154,0.0,2504,2,0.43976223,26.26746940612793,False,False,B,scicore/home/schwede/durair0000/projects/plinder-org/Runs-N-Poses/data/paper_data/prediction_files/chai/8qnh__1__1.A__1.B/seed-2504_sample-2.cif,2.704206866653699,1.6153846153846154,0.0,0.0,0.0,0.0,0.0,CC1CC(c2cccc(N3Cc4c(cc(CN5CCC[C@H](C)C5)cc4C(F)(F)F)C3=O)c2)(c2nncn2C)C1,39,5,0.0,0.0,0.0,True,True,True,false,False,True,-0.0,-0.0,False,False
chai|8qtg__1__1.A__1.B|1.B,kept_official,chai,8qtg__1__1.A__1.B,1.B,0.2245431733599726,0.0725806451612903,0.07,0.88,0.0281997377676052,3296,4,0.39420584,25.398422241210938,False,True,B,scicore/home/schwede/durair0000/projects/plinder-org/Runs-N-Poses/data/paper_data/prediction_files/chai/8qtg__1__1.A__1.B/seed-3296_sample-4.cif,3.027577644079688,1.5,0.0,3296,4,0.39420584,25.398422241210938,False,True,B,scicore/home/schwede/durair0000/projects/plinder-org/Runs-N-Poses/data/paper_data/prediction_files/chai/8qtg__1__1.A__1.B/seed-3296_sample-4.cif,3.027577644079688,1.5,0.0,0.0,0.0,0.0,0.0,CC1CC(c2cccc(-c3cc(C(F)(F)F)c[nH]c3=O)c2)(c2nncn2C)C1,28,3,0.0,0.0,0.0,True,True,True,true,True,True,-0.0,-0.0,False,False
chai|8qth__1__1.A__1.B|1.B,kept_official,chai,8qth__1__1.A__1.B,1.B,0.2233946977369844,0.0697674418604651,0.07,0.88,0.0273804654291084,6218,0,0.38153404,25.27959251403809,False,True,B,scicore/home/schwede/durair0000/projects/plinder-org/Runs-N-Poses/data/paper_data/prediction_files/chai/8qth__1__1.A__1.B/seed-6218_sample-0.cif,2.764026705923412,1.84375,0.0,6218,0,0.38153404,25.27959251403809,False,True,B,scicore/home/schwede/durair0000/projects/plinder-org/Runs-N-Poses/data/paper_data/prediction_files/chai/8qth__1__1.A__1.B/seed-6218_sample-0.cif,2.764026705923412,1.84375,0.0,0.0,0.0,0.0,0.0,CC1CC(c2cccc(-c3cc4c(C(F)(F)F)cn(C)c4[nH]c3=O)c2)(c2nncn2C)C1,32,3,0.0,0.0,0.0,True,True,True,true,True,True,-0.0,-0.0,False,False
chai|8qtj__1__1.A__1.E|1.E,kept_official,chai,8qtj__1__1.A__1.E,1.E,0.2551152358977929,0.0833333333333333,0.15,0.88,0.0622428461556312,2241,1,0.4380929,24.19072532653809,False,False,B,scicore/home/schwede/durair0000/projects/plinder-org/Runs-N-Poses/data/paper_data/prediction_files/chai/8qtj__1__1.A__1.E/seed-2241_sample-1.cif,2.96127208714625,1.4166666666666667,0.0,2241,1,0.4380929,24.19072532653809,False,False,B,scicore/home/schwede/durair0000/projects/plinder-org/Runs-N-Poses/data/paper_data/prediction_files/chai/8qtj__1__1.A__1.E/seed-2241_sample-1.cif,2.96127208714625,1.4166666666666667,0.0,0.0,0.0,0.0,0.0,CC1CC(c2cccc(-c3cc(C(F)(F)F)cn([C@H](C)c4cnn(C)c4)c3=O)c2)(c2nncn2C)C1,36,5,0.0,0.0,0.0,True,True,True,false,False,True,-0.0,-0.0,False,False
chai|8rkq__1__1.A__1.E|1.E,kept_official,chai,8rkq__1__1.A__1.E,1.E,0.2201963944506418,0.1129032258064516,0.31,0.39,0.1259013270919188,1975,2,0.8830603,42.59156799316406,False,False,C,scicore/home/schwede/durair0000/projects/plinder-org/Runs-N-Poses/data/paper_data/prediction_files/chai/8rkq__1__1.A__1.E/seed-1975_sample-2.cif,1.8268298785677697,2.3461538461538463,0.0192307692307692,1975,2,0.8830603,42.59156799316406,False,False,C,scicore/home/schwede/durair0000/projects/plinder-org/Runs-N-Poses/data/paper_data/prediction_files/chai/8rkq__1__1.A__1.E/seed-1975_sample-2.cif,1.8268298785677697,2.3461538461538463,0.0192307692307692,0.0,0.0,0.0,0.0,O=P(O)(O)Oc1c2c(c(OP(=O)(O)O)c3c1[C@H]1C[C@@H]3c3cc4c(cc31)[C@H]1C[C@@H]4c3ccccc31)[C@H]1C[C@@H]2c2cc3c(cc21)[C@H]1C[C@@H]3c2ccccc21,52,4,0.0,0.0,0.0,True,True,False,false,False,True,-0.0,-0.0,False,False
chai|8se5__1__1.A_1.B__1.H|1.H,kept_official,chai,8se5__1__1.A_1.B__1.H,1.H,0.2276427646665613,0.1417322834645669,0.26,0.47,0.0951823272698144,8161,3,0.8811878,1.7453113794326782,True,True,C,scicore/home/schwede/durair0000/projects/plinder-org/Runs-N-Poses/data/paper_data/prediction_files/chai/8se5__1__1.A_1.B__1.H/seed-8161_sample-3.cif,2.5336071606444275,1.75,0.0,8161,3,0.8811878,1.7453113794326782,True,True,C,scicore/home/schwede/durair0000/projects/plinder-org/Runs-N-Poses/data/paper_data/prediction_files/chai/8se5__1__1.A_1.B__1.H/seed-8161_sample-3.cif,2.5336071606444275,1.75,0.0,0.0,0.0,0.0,0.0,O=C(N[C@H](C(=O)N1C[C@@H]2C(CO)[C@@H]2C1)c1cccc(C(F)(F)F)c1)c1ccccc1-c1ccc(C(F)(F)F)cc1,40,6,1.0,1.0,1.0,True,True,True,true,True,True,-0.0,-0.0,False,False
chai|8se6__1__1.A_1.B__1.F|1.F,kept_official,chai,8se6__1__1.A_1.B__1.F,1.F,0.2066388537703408,0.126865671641791,0.22,0.46,0.0761793434785699,3214,4,0.8360436,4.6133131980896,False,False,C,scicore/home/schwede/durair0000/projects/plinder-org/Runs-N-Poses/data/paper_data/prediction_files/chai/8se6__1__1.A_1.B__1.F/seed-3214_sample-4.cif,2.315078642885391,1.875,0.0,3214,4,0.8360436,4.6133131980896,False,False,C,scicore/home/schwede/durair0000/projects/plinder-org/Runs-N-Poses/data/paper_data/prediction_files/chai/8se6__1__1.A_1.B__1.F/seed-3214_sample-4.cif,2.315078642885391,1.875,0.0,0.0,0.0,0.0,0.0,CN(C)C(=O)[C@@H](NC(=O)c1ccccc1-c1ccc(C(F)(F)F)cc1)c1cccc(N2CC(CC(F)(F)F)C2)c1,40,7,0.8235294117647058,0.7777777777777778,0.7999999999999999,True,True,True,false,False,True,-0.0,-0.0,False,False
chai|8sft__1__1.A__1.E_1.F|1.F,kept_official,chai,8sft__1__1.A__1.E_1.F,1.F,0.2587227711241899,0.0945945945945946,0.41,0.41,0.2055733150804093,6738,2,0.9209846,6.456905841827393,False,True,C,scicore/home/schwede/durair0000/projects/plinder-org/Runs-N-Poses/data/paper_data/prediction_files/chai/8sft__1__1.A__1.E_1.F/seed-6738_sample-2.cif,2.8259714324054723,1.4761904761904765,0.0,6738,2,0.9209846,6.456905841827393,False,True,C,scicore/home/schwede/durair0000/projects/plinder-org/Runs-N-Poses/data/paper_data/prediction_files/chai/8sft__1__1.A__1.E_1.F/seed-6738_sample-2.cif,2.8259714324054723,1.4761904761904765,0.0,0.0,0.0,0.0,0.0,O=c1c(O)c(-c2ccc(O)cc2)oc2cc(O)cc(O)c12,21,1,0.6956521739130435,0.8421052631578947,0.761904761904762,True,True,True,true,True,True,-0.0,-0.0,False,False
chai|8skn__1__1.A__1.C|1.C,kept_official,chai,8skn__1__1.A__1.C,1.C,0.2534375417046202,0.1346153846153846,0.18,0.73,0.0766107854461778,4556,4,0.42307606,46.09624862670898,False,True,B,scicore/home/schwede/durair0000/projects/plinder-org/Runs-N-Poses/data/paper_data/prediction_files/chai/8skn__1__1.A__1.C/seed-4556_sample-4.cif,2.547064653997347,0.925925925925926,0.0,4556,4,0.42307606,46.09624862670898,False,True,B,scicore/home/schwede/durair0000/projects/plinder-org/Runs-N-Poses/data/paper_data/prediction_files/chai/8skn__1__1.A__1.C/seed-4556_sample-4.cif,2.547064653997347,0.925925925925926,0.0,0.0,0.0,0.0,0.0,Cc1ccc(-c2cc(N3CCC3)c3cc(NC(=O)C(C)C)ccc3n2)cc1,27,4,0.0,0.0,0.0,True,False,True,true,False,True,-0.0,-0.0,False,False
chai|8ts9__1__1.A__1.C|1.C,kept_official,chai,8ts9__1__1.A__1.C,1.C,0.2502887110048306,0.1521739130434782,0.28,0.55,0.0851392071980657,6591,0,0.8780833,17.439743041992188,False,False,C,scicore/home/schwede/durair0000/projects/plinder-org/Runs-N-Poses/data/paper_data/prediction_files/chai/8ts9__1__1.A__1.C/seed-6591_sample-0.cif,2.0429013266539595,2.8125,0.0,6591,0,0.8780833,17.439743041992188,False,False,C,scicore/home/schwede/durair0000/projects/plinder-org/Runs-N-Poses/data/paper_data/prediction_files/chai/8ts9__1__1.A__1.C/seed-6591_sample-0.cif,2.0429013266539595,2.8125,0.0,0.0,0.0,0.0,0.0,CNC(=O)c1cnc(Nc2ccccc2C)c(NC(=O)c2cc(F)cc(C(F)(F)F)c2)c1,32,5,0.1111111111111111,0.09375,0.1016949152542372,True,True,True,false,False,True,-0.0,-0.0,False,False
chai|8tsa__1__1.A__1.C|1.C,kept_official,chai,8tsa__1__1.A__1.C,1.C,0.2481654427459706,0.1428571428571428,0.28,0.55,0.0908272137298532,1315,4,0.87608325,19.36288833618164,False,True,C,scicore/home/schwede/durair0000/projects/plinder-org/Runs-N-Poses/data/paper_data/prediction_files/chai/8tsa__1__1.A__1.C/seed-1315_sample-4.cif,3.004748858128547,1.4482758620689655,0.0,1315,4,0.87608325,19.36288833618164,False,True,C,scicore/home/schwede/durair0000/projects/plinder-org/Runs-N-Poses/data/paper_data/prediction_files/chai/8tsa__1__1.A__1.C/seed-1315_sample-4.cif,3.004748858128547,1.4482758620689655,0.0,0.0,0.0,0.0,0.0,CNC(=O)c1cnc(Nc2ccccc2C)c(NC(=O)c2cc(F)cc(Br)c2)c1,29,5,0.1,0.1034482758620689,0.1016949152542372,True,True,True,true,True,True,-0.0,-0.0,False,False
chai|8tsd__1__1.A__1.C|1.C,kept_official,chai,8tsd__1__1.A__1.C,1.C,0.2458009771866983,0.1391304347826087,0.28,0.55,0.085526625063926,3414,1,0.87849903,22.747182846069336,False,True,C,scicore/home/schwede/durair0000/projects/plinder-org/Runs-N-Poses/data/paper_data/prediction_files/chai/8tsd__1__1.A__1.C/seed-3414_sample-1.cif,2.423848350876396,1.3953488372093024,0.0,3414,1,0.87849903,22.747182846069336,False,True,C,scicore/home/schwede/durair0000/projects/plinder-org/Runs-N-Poses/data/paper_data/prediction_files/chai/8tsd__1__1.A__1.C/seed-3414_sample-1.cif,2.423848350876396,1.3953488372093024,0.0,0.0,0.0,0.0,0.0,N#Cc1c(-c2cc(NC(=O)c3cc(F)cc(C(F)(F)F)c3)c3c(c2)C(=O)N[C@H]3c2cc(F)ccc2Cl)ccc2ncnn12,43,4,0.0303030303030303,0.0277777777777777,0.0289855072463768,True,True,True,true,True,True,-0.0,-0.0,False,False
chai|8uk6__1__1.A__1.C|1.C,kept_official,chai,8uk6__1__1.A__1.C,1.C,0.2514241671361352,0.1038961038961038,0.29,0.57,0.1428026538624943,4614,1,0.28564674,33.32878494262695,False,True,B,scicore/home/schwede/durair0000/projects/plinder-org/Runs-N-Poses/data/paper_data/prediction_files/chai/8uk6__1__1.A__1.C/seed-4614_sample-1.cif,2.946918075971311,1.625,0.0,4614,1,0.28564674,33.32878494262695,False,True,B,scicore/home/schwede/durair0000/projects/plinder-org/Runs-N-Poses/data/paper_data/prediction_files/chai/8uk6__1__1.A__1.C/seed-4614_sample-1.cif,2.946918075971311,1.625,0.0,0.0,0.0,0.0,0.0,O=C(/C=C/c1cccs1)Nc1ncccn1,16,3,0.0,0.0,0.0,True,True,True,true,True,True,-0.0,-0.0,False,False
chai|8v8j__1__1.A__1.F|1.F,kept_official,chai,8v8j__1__1.A__1.F,1.F,0.2433269679718444,0.1485148514851485,0.27,0.54,0.0792338497602122,1887,4,0.8759499,17.680082321166992,False,False,C,scicore/home/schwede/durair0000/projects/plinder-org/Runs-N-Poses/data/paper_data/prediction_files/chai/8v8j__1__1.A__1.F/seed-1887_sample-4.cif,2.0438179855380865,1.6176470588235294,0.0,1887,4,0.8759499,17.680082321166992,False,False,C,scicore/home/schwede/durair0000/projects/plinder-org/Runs-N-Poses/data/paper_data/prediction_files/chai/8v8j__1__1.A__1.F/seed-1887_sample-4.cif,2.0438179855380865,1.6176470588235294,0.0,0.0,0.0,0.0,0.0,Cc1ccccc1[C@@H]1NC(=O)c2cc(NC3COC3)cc(NC(=O)c3csc4ccccc34)c21,34,5,0.1333333333333333,0.1538461538461538,0.1428571428571428,True,True,True,false,False,True,-0.0,-0.0,False,False
chai|8v8m__1__1.A__1.F_1.G|1.F,kept_official,chai,8v8m__1__1.A__1.F_1.G,1.F,0.1885247391342281,0.055045871559633,0.06,0.74,0.0312934204417828,4805,3,0.9495181,22.154932022094727,False,False,C,scicore/home/schwede/durair0000/projects/plinder-org/Runs-N-Poses/data/paper_data/prediction_files/chai/8v8m__1__1.A__1.F_1.G/seed-4805_sample-3.cif,2.5359869097515246,3.8,0.0,4805,3,0.9495181,22.154932022094727,False,False,C,scicore/home/schwede/durair0000/projects/plinder-org/Runs-N-Poses/data/paper_data/prediction_files/chai/8v8m__1__1.A__1.F_1.G/seed-4805_sample-3.cif,2.5359869097515246,3.8,0.0,0.0,0.0,0.0,0.0,O=C1C[C@@H](c2ccc(O)cc2)Oc2cc(O)cc(O)c21,20,1,0.0,0.0,0.0,True,True,True,false,False,True,-0.0,-0.0,False,False
chai|8v8m__1__1.A__1.F_1.G|1.G,kept_official,chai,8v8m__1__1.A__1.F_1.G,1.G,0.1885658100305215,0.055045871559633,0.06,0.74,0.03149877492325,4805,3,0.9495181,22.154932022094727,False,False,C,scicore/home/schwede/durair0000/projects/plinder-org/Runs-N-Poses/data/paper_data/prediction_files/chai/8v8m__1__1.A__1.F_1.G/seed-4805_sample-3.cif,2.5359869097515246,3.8,0.0,4805,3,0.9495181,22.154932022094727,False,False,C,scicore/home/schwede/durair0000/projects/plinder-org/Runs-N-Poses/data/paper_data/prediction_files/chai/8v8m__1__1.A__1.F_1.G/seed-4805_sample-3.cif,2.5359869097515246,3.8,0.0,0.0,0.0,0.0,0.0,O=C1C[C@@H](c2ccc(O)cc2)Oc2cc(O)cc(O)c21,20,1,,,,True,True,True,false,False,True,-0.0,-0.0,False,False
chai|8wsm__1__1.A__1.D|1.D,kept_official,chai,8wsm__1__1.A__1.D,1.D,0.1839906597772967,0.088235294117647,0.24,0.38,0.0855415341806015,7342,1,0.37641186,6.410877704620361,False,False,B,scicore/home/schwede/durair0000/projects/plinder-org/Runs-N-Poses/data/paper_data/prediction_files/chai/8wsm__1__1.A__1.D/seed-7342_sample-1.cif,2.324133267082196,3.1333333333333333,0.0,7342,1,0.37641186,6.410877704620361,False,False,B,scicore/home/schwede/durair0000/projects/plinder-org/Runs-N-Poses/data/paper_data/prediction_files/chai/8wsm__1__1.A__1.D/seed-7342_sample-1.cif,2.324133267082196,3.1333333333333333,0.0,0.0,0.0,0.0,0.0,Cc1ccc(C(F)(F)F)cc1Nc1nc(C(=O)NS(=O)(=O)N2CCCOCC2)co1,30,5,0.2777777777777778,0.3448275862068966,0.3076923076923077,True,True,True,false,False,True,-0.0,-0.0,False,False
protenix|5s9y__1__1.A__1.K|1.K,kept_official,protenix,5s9y__1__1.A__1.K,1.K,0.3165569474505974,0.0909090909090909,0.5,0.53,0.268693828162078,3932239516,0,0.9700388312339784,30.40020751953125,False,True,C0,scicore/home/schwede/durair0000/projects/plinder-org/Runs-N-Poses/data/paper_data/prediction_files/protenix/5s9y__1__1.A__1.K/seed-3932239516_sample-0.cif,2.6786664120763386,1.6666666666666667,0.0,3932239516,0,0.9700388312339784,30.40020751953125,False,True,C0,scicore/home/schwede/durair0000/projects/plinder-org/Runs-N-Poses/data/paper_data/prediction_files/protenix/5s9y__1__1.A__1.K/seed-3932239516_sample-0.cif,2.6786664120763386,1.6666666666666667,0.0,0.0,0.0,0.0,0.0,COC(=O)c1cccc(NS(C)(=O)=O)c1,15,3,0.0,0.0,0.0,True,True,True,true,True,True,-0.0,-0.0,False,False
protenix|7di7__1__1.A__1.D|1.D,kept_official,protenix,7di7__1__1.A__1.D,1.D,0.2842494358339746,0.0864197530864197,0.5,0.38,0.2650126112686384,1735051813,0,0.8563642501831055,22.714385986328125,False,False,B0,scicore/home/schwede/durair0000/projects/plinder-org/Runs-N-Poses/data/paper_data/prediction_files/protenix/7di7__1__1.A__1.D/seed-1735051813_sample-0.cif,2.4964152374821835,3.136363636363636,0.0,1735051813,0,0.8563642501831055,22.714385986328125,False,False,B0,scicore/home/schwede/durair0000/projects/plinder-org/Runs-N-Poses/data/paper_data/prediction_files/protenix/7di7__1__1.A__1.D/seed-1735051813_sample-0.cif,2.4964152374821835,3.136363636363636,0.0,0.0,0.0,0.0,0.0,CCN(CC)CCC[C@@H](C)Nc1ccnc2cc(Cl)ccc12,22,8,0.0,0.0,0.0,True,True,True,false,False,True,-0.0,-0.0,False,False
protenix|7dia__1__1.A__1.D_1.E_1.G|1.E,kept_official,protenix,7dia__1__1.A__1.D_1.E_1.G,1.E,0.2027386849198939,0.1052631578947368,0.29,0.37,0.0969828982836805,1699927591,0,0.856616735458374,12.757115364074709,False,False,C0,scicore/home/schwede/durair0000/projects/plinder-org/Runs-N-Poses/data/paper_data/prediction_files/protenix/7dia__1__1.A__1.D_1.E_1.G/seed-1699927591_sample-0.cif,2.096176697277154,4.807692307692308,0.0,1699927591,0,0.856616735458374,12.757115364074709,False,False,C0,scicore/home/schwede/durair0000/projects/plinder-org/Runs-N-Poses/data/paper_data/prediction_files/protenix/7dia__1__1.A__1.D_1.E_1.G/seed-1699927591_sample-0.cif,2.096176697277154,4.807692307692308,0.0,0.0,0.0,0.0,0.0,O[C@H](c1cc(C(F)(F)F)nc2c(C(F)(F)F)cccc12)[C@@H]1CCCCN1,26,2,0.1290322580645161,0.2857142857142857,0.1777777777777777,True,True,True,false,False,True,-0.0,-0.0,False,False
protenix|7dij__1__1.A__1.F_1.J|1.J,kept_official,protenix,7dij__1__1.A__1.F_1.J,1.J,0.2616139618450357,0.0769230769230769,0.47,0.38,0.2059544246097938,694934693,0,0.8695680499076843,26.45522117614746,False,False,C0,scicore/home/schwede/durair0000/projects/plinder-org/Runs-N-Poses/data/paper_data/prediction_files/protenix/7dij__1__1.A__1.F_1.J/seed-694934693_sample-0.cif,2.4190199329700968,3.117647058823529,0.0,694934693,0,0.8695680499076843,26.45522117614746,False,False,C0,scicore/home/schwede/durair0000/projects/plinder-org/Runs-N-Poses/data/paper_data/prediction_files/protenix/7dij__1__1.A__1.F_1.J/seed-694934693_sample-0.cif,2.4190199329700968,3.117647058823529,0.0,0.0,0.0,0.0,0.0,CC(C)(C)c1cc(O)c(CN)c(C(C)(C)C)c1,17,1,0.0,0.0,0.0,True,True,True,false,False,True,-0.0,-0.0,False,False
protenix|7e1n__1__1.A_1.B__1.D|1.D,kept_official,protenix,7e1n__1__1.A_1.B__1.D,1.D,0.3000633537067688,0.0648148148148148,0.6,0.36,0.2768908426079184,281165355,0,0.9406542181968688,3.842730045318604,False,True,C0,scicore/home/schwede/durair0000/projects/plinder-org/Runs-N-Poses/data/paper_data/prediction_files/protenix/7e1n__1__1.A_1.B__1.D/seed-281165355_sample-0.cif,2.610058295935394,1.4666666666666666,0.0,281165355,0,0.9406542181968688,3.842730045318604,False,True,C0,scicore/home/schwede/durair0000/projects/plinder-org/Runs-N-Poses/data/paper_data/prediction_files/protenix/7e1n__1__1.A_1.B__1.D/seed-281165355_sample-0.cif,2.610058295935394,1.4666666666666666,0.0,0.0,0.0,0.0,0.0,C[C@@H](O)c1c(O)cc(O)c([C@@H](C)O)c1O,15,2,0.6666666666666666,0.7,0.6829268292682926,True,True,True,true,True,True,-0.0,-0.0,False,False
protenix|7fee__1__1.A__1.E|1.E,kept_official,protenix,7fee__1__1.A__1.E,1.E,0.3285971759090713,0.0652173913043478,0.42,0.81,0.1938554447627477,1884169262,0,0.9545917510986328,15.834587097167969,False,False,B0,scicore/home/schwede/durair0000/projects/plinder-org/Runs-N-Poses/data/paper_data/prediction_files/protenix/7fee__1__1.A__1.E/seed-1884169262_sample-0.cif,2.72805928662584,2.6923076923076925,0.0,1884169262,0,0.9545917510986328,15.834587097167969,False,False,B0,scicore/home/schwede/durair0000/projects/plinder-org/Runs-N-Poses/data/paper_data/prediction_files/protenix/7fee__1__1.A__1.E/seed-1884169262_sample-0.cif,2.72805928662584,2.6923076923076925,0.0,0.0,0.0,0.0,0.0,Cc1ccc2c([C@@H](C[N+](=O)[O-])c3cccs3)c(-c3ccccc3)[nH]c2c1,26,5,0.1428571428571428,0.2105263157894736,0.1702127659574468,True,True,True,false,False,True,-0.0,-0.0,False,False
protenix|7jni__1__1.A__1.C|1.C,kept_official,protenix,7jni__1__1.A__1.C,1.C,0.3117824020105986,0.1401869158878504,0.49,0.49,0.2110849072492548,3911768777,0,0.9553890228271484,8.656732559204102,False,False,B0,scicore/home/schwede/durair0000/projects/plinder-org/Runs-N-Poses/data/paper_data/prediction_files/protenix/7jni__1__1.A__1.C/seed-3911768777_sample-0.cif,2.1646279058258533,2.210526315789474,0.0,3911768777,0,0.9553890228271484,8.656732559204102,False,False,B0,scicore/home/schwede/durair0000/projects/plinder-org/Runs-N-Poses/data/paper_data/prediction_files/protenix/7jni__1__1.A__1.C/seed-3911768777_sample-0.cif,2.1646279058258533,2.210526315789474,0.0,0.0,0.0,0.0,0.0,COc1ccc2c(c1OCc1ccccc1)C[C@@H](C(=O)O)N(C(=O)C(c1ccccc1)c1ccccc1)C2,38,8,0.9117647058823528,0.8378378378378378,0.8732394366197184,True,True,True,false,False,True,-0.0,-0.0,False,False
protenix|7ly6__1__1.A_2.A__1.B_1.C_1.D|1.B,kept_official,protenix,7ly6__1__1.A_2.A__1.B_1.C_1.D,1.B,0.1229457050039024,0.05,0.05,0.44,0.0247285250195121,2865363878,0,0.9757373332977296,41.508262634277344,False,True,C0,scicore/home/schwede/durair0000/projects/plinder-org/Runs-N-Poses/data/paper_data/prediction_files/protenix/7ly6__1__1.A_2.A__1.B_1.C_1.D/seed-2865363878_sample-0.cif,2.9601316734012624,1.8,0.0,2865363878,0,0.9757373332977296,41.508262634277344,False,True,C0,scicore/home/schwede/durair0000/projects/plinder-org/Runs-N-Poses/data/paper_data/prediction_files/protenix/7ly6__1__1.A_2.A__1.B_1.C_1.D/seed-2865363878_sample-0.cif,2.9601316734012624,1.8,0.0,0.0,0.0,0.0,0.0,NCC(=O)O,5,1,0.0,0.0,0.0,True,True,True,true,True,True,-0.0,-0.0,False,False
protenix|7p1e__1__1.A__1.C_1.G|1.C,kept_official,protenix,7p1e__1__1.A__1.C_1.G,1.C,0.2188801109929856,0.3214285714285714,0.07,0.4,0.0444005549649278,3346269541,0,0.9859920740127563,23.464767456054688,False,False,B0,scicore/home/schwede/durair0000/projects/plinder-org/Runs-N-Poses/data/paper_data/prediction_files/protenix/7p1e__1__1.A__1.C_1.G/seed-3346269541_sample-0.cif,2.647564437617343,3.526315789473684,0.0,3346269541,0,0.9859920740127563,23.464767456054688,False,False,B0,scicore/home/schwede/durair0000/projects/plinder-org/Runs-N-Poses/data/paper_data/prediction_files/protenix/7p1e__1__1.A__1.C_1.G/seed-3346269541_sample-0.cif,2.647564437617343,3.526315789473684,0.0,0.0,0.0,0.0,0.0,O=C(O)[C@]1(F)O[C@@H]([C@H](O)[C@H](O)CO)[C@H](O)[C@@H](O)[C@H]1F,19,4,0.0,0.0,0.0,True,True,True,false,False,True,-0.0,-0.0,False,False
protenix|7qea__1__1.A__1.C|1.C,kept_official,protenix,7qea__1__1.A__1.C,1.C,0.3306697072991383,0.2117647058823529,0.54,0.39,0.217760301201574,2918953674,0,0.9852170944213868,4.102791786193848,False,False,B0,scicore/home/schwede/durair0000/projects/plinder-org/Runs-N-Poses/data/paper_data/prediction_files/protenix/7qea__1__1.A__1.C/seed-2918953674_sample-0.cif,2.211177141573567,3.135135135135135,0.0,2918953674,0,0.9852170944213868,4.102791786193848,False,False,B0,scicore/home/schwede/durair0000/projects/plinder-org/Runs-N-Poses/data/paper_data/prediction_files/protenix/7qea__1__1.A__1.C/seed-2918953674_sample-0.cif,2.211177141573567,3.135135135135135,0.0,0.0,0.0,0.0,0.0,O=C1O[C@@]2(c3ccc(O)cc3Oc3cc(O[C@@H]4O[C@H](C(=O)O)[C@@H](O)[C@H](O)[C@H]4O)ccc32)c2ccccc21,37,3,0.8461538461538461,0.7857142857142857,0.8148148148148148,True,True,True,false,False,True,-0.0,-0.0,False,False
protenix|7rbw__1__1.A__1.C|1.C,kept_official,protenix,7rbw__1__1.A__1.C,1.C,0.2628617505633615,0.0792079207920792,0.43,0.51,0.128194891430669,1098796060,0,0.9777802228927612,6.520224094390869,False,True,B0,scicore/home/schwede/durair0000/projects/plinder-org/Runs-N-Poses/data/paper_data/prediction_files/protenix/7rbw__1__1.A__1.C/seed-1098796060_sample-0.cif,2.667266712331215,3.0232558139534884,0.0,1098796060,0,0.9777802228927612,6.520224094390869,False,True,B0,scicore/home/schwede/durair0000/projects/plinder-org/Runs-N-Poses/data/paper_data/prediction_files/protenix/7rbw__1__1.A__1.C/seed-1098796060_sample-0.cif,2.667266712331215,3.0232558139534884,0.0,0.0,0.0,0.0,0.0,C=CC1=C(C)/C(=C/c2[nH]c(/C=C3\N=C(/C=C4\NC(=O)C(C)=C4C=C)C(C)=C3CCC(=O)O)c(CCC(=O)O)c2C)NC1=O,43,11,0.8529411764705882,0.7837837837837838,0.8169014084507041,True,True,True,true,True,True,-0.0,-0.0,False,False
protenix|7s7t__1__1.A__1.B|1.B,kept_official,protenix,7s7t__1__1.A__1.B,1.B,0.2820503349443967,0.0,0.56,0.51,0.2002516747219832,3844008736,0,0.976249635219574,5.154106616973877,False,True,B0,scicore/home/schwede/durair0000/projects/plinder-org/Runs-N-Poses/data/paper_data/prediction_files/protenix/7s7t__1__1.A__1.B/seed-3844008736_sample-0.cif,2.6185425106212143,6.25,0.0,3844008736,0,0.976249635219574,5.154106616973877,False,True,B0,scicore/home/schwede/durair0000/projects/plinder-org/Runs-N-Poses/data/paper_data/prediction_files/protenix/7s7t__1__1.A__1.B/seed-3844008736_sample-0.cif,2.6185425106212143,6.25,0.0,0.0,0.0,0.0,0.0,c1cnc2cc3c(cc2n1)[C@@H]1CNC[C@H]3C1,16,0,0.8666666666666667,0.7222222222222222,0.7878787878787877,True,True,True,true,True,True,-0.0,-0.0,False,False
protenix|7tuo__1__1.A__1.B|1.B,kept_official,protenix,7tuo__1__1.A__1.B,1.B,0.2820292893764245,0.1339285714285714,0.47,0.41,0.1782714468821226,293477885,0,0.9858756065368652,12.181598663330078,False,False,B0,scicore/home/schwede/durair0000/projects/plinder-org/Runs-N-Poses/data/paper_data/prediction_files/protenix/7tuo__1__1.A__1.B/seed-293477885_sample-0.cif,2.2872806066700444,3.4,0.0,293477885,0,0.9858756065368652,12.181598663330078,False,False,B0,scicore/home/schwede/durair0000/projects/plinder-org/Runs-N-Poses/data/paper_data/prediction_files/protenix/7tuo__1__1.A__1.B/seed-293477885_sample-0.cif,2.2872806066700444,3.4,0.0,0.0,0.0,0.0,0.0,Cc1cnc2c(N)c(C(=O)NCCc3ccc(C4C[C@H]5CC[C@@H](C4)N5)cc3)sc2n1,30,5,0.8888888888888888,0.6666666666666666,0.761904761904762,True,True,True,false,False,True,-0.0,-0.0,False,False
protenix|7udq__1__1.A__1.C|1.C,kept_official,protenix,7udq__1__1.A__1.C,1.C,0.2970593491432922,0.0769230769230769,0.56,0.4,0.2506813611010762,3527791548,0,0.9856376051902772,1.7802945375442505,True,True,B0,scicore/home/schwede/durair0000/projects/plinder-org/Runs-N-Poses/data/paper_data/prediction_files/protenix/7udq__1__1.A__1.C/seed-3527791548_sample-0.cif,2.857017231494855,2.8,0.0,3527791548,0,0.9856376051902772,1.7802945375442505,True,True,B0,scicore/home/schwede/durair0000/projects/plinder-org/Runs-N-Poses/data/paper_data/prediction_files/protenix/7udq__1__1.A__1.C/seed-3527791548_sample-0.cif,2.857017231494855,2.8,0.0,0.0,0.0,0.0,0.0,COc1cc(Nc2ccnc3cc(C#N)ccc23)cc(OC)c1OC,25,5,0.9615384615384616,0.7352941176470589,0.8333333333333333,True,True,True,true,True,True,-0.0,-0.0,False,False
protenix|7uf8__1__1.A__1.E_1.F|1.F,kept_official,protenix,7uf8__1__1.A__1.E_1.F,1.F,0.3116863740949271,0.1235955056179775,0.51,0.42,0.2846397356431748,1834405932,0,0.9296605587005616,1.523148536682129,True,False,F0,scicore/home/schwede/durair0000/projects/plinder-org/Runs-N-Poses/data/paper_data/prediction_files/protenix/7uf8__1__1.A__1.E_1.F/seed-1834405932_sample-0.cif,2.895983026431732,1.76,0.0,1834405932,0,0.9296605587005616,1.523148536682129,True,False,F0,scicore/home/schwede/durair0000/projects/plinder-org/Runs-N-Poses/data/paper_data/prediction_files/protenix/7uf8__1__1.A__1.E_1.F/seed-1834405932_sample-0.cif,2.895983026431732,1.76,0.0,0.0,0.0,0.0,0.0,CC1(C)c2[nH]c3ccccc3c2C[C@@]23CN4CCC[C@]4(C[C@H]12)C(=O)N3,25,0,0.9166666666666666,0.5641025641025641,0.6984126984126983,True,True,True,false,False,True,-0.0,-0.0,False,False
protenix|7uum__1__1.A_2.A__1.B_1.C|1.C,kept_official,protenix,7uum__1__1.A_2.A__1.B_1.C,1.C,0.3197467792255061,0.1081081081081081,0.61,0.43,0.2170447069383413,966808073,0,0.9276167154312134,8.453337669372559,False,False,G0,scicore/home/schwede/durair0000/projects/plinder-org/Runs-N-Poses/data/paper_data/prediction_files/protenix/7uum__1__1.A_2.A__1.B_1.C/seed-966808073_sample-0.cif,2.4307414575773505,1.5,0.0,966808073,0,0.9276167154312134,8.453337669372559,False,False,G0,scicore/home/schwede/durair0000/projects/plinder-org/Runs-N-Poses/data/paper_data/prediction_files/protenix/7uum__1__1.A_2.A__1.B_1.C/seed-966808073_sample-0.cif,2.4307414575773505,1.5,0.0,0.0,0.0,0.0,0.0,NC[C@@H]1O[C@H](O[C@H]2[C@@H](O)[C@H](O[C@@H]3[C@@H](O)[C@H](N)C[C@H](N)[C@H]3O[C@H]3O[C@H](CO)[C@@H](O)[C@H](O)[C@H]3N)O[C@@H]2CO)[C@H](N)[C@@H](O)[C@@H]1O,42,9,0.5909090909090909,0.4333333333333333,0.5,True,True,True,false,False,True,-0.0,-0.0,False,False
protenix|7vpe__1__1.A__1.B|1.B,kept_official,protenix,7vpe__1__1.A__1.B,1.B,0.251137437743895,0.1176470588235294,0.43,0.38,0.1323048357782985,1152492443,0,0.8586640357971191,24.419452667236328,False,False,B0,scicore/home/schwede/durair0000/projects/plinder-org/Runs-N-Poses/data/paper_data/prediction_files/protenix/7vpe__1__1.A__1.B/seed-1152492443_sample-0.cif,2.7827647804705946,1.5,0.0,1152492443,0,0.8586640357971191,24.419452667236328,False,False,B0,scicore/home/schwede/durair0000/projects/plinder-org/Runs-N-Poses/data/paper_data/prediction_files/protenix/7vpe__1__1.A__1.B/seed-1152492443_sample-0.cif,2.7827647804705946,1.5,0.0,0.0,0.0,0.0,0.0,C1=N[C@@H](c2ccccc2)[C@H](c2ccccc2)N1Cc1cccc(CN2C=N[C@@H](c3ccccc3)[C@@H]2c2ccccc2)c1,42,8,0.0,0.0,0.0,True,True,True,false,False,True,-0.0,-0.0,False,False
protenix|7vyp__1__1.A_1.B__1.C_1.K_1.P_1.Q|1.P,kept_official,protenix,7vyp__1__1.A_1.B__1.C_1.K_1.P_1.Q,1.P,0.3333466386123179,0.0727272727272727,0.7,0.46,0.2044604657888621,1970276317,0,0.9484981298446656,14.189863204956056,False,False,E0,scicore/home/schwede/durair0000/projects/plinder-org/Runs-N-Poses/data/paper_data/prediction_files/protenix/7vyp__1__1.A_1.B__1.C_1.K_1.P_1.Q/seed-1970276317_sample-0.cif,1.9432529406945167,3.6216216216216215,0.027027027027027,1970276317,0,0.9484981298446656,14.189863204956056,False,False,E0,scicore/home/schwede/durair0000/projects/plinder-org/Runs-N-Poses/data/paper_data/prediction_files/protenix/7vyp__1__1.A_1.B__1.C_1.K_1.P_1.Q/seed-1970276317_sample-0.cif,1.9432529406945167,3.6216216216216215,0.027027027027027,0.0,0.0,0.0,0.0,COc1cc2cc(c1Cl)NC(=O)C[C@H](O)/C(C)=C/[C@H](C)[C@@H](OC(N)=O)CC(=O)[C@H](OC)/C=C/C=C(\C)C2,37,3,0.3684210526315789,0.5,0.4242424242424242,False,True,False,false,False,True,-0.0,-0.0,False,False
protenix|7vzy__1__1.A_1.B__1.C_1.D_1.E_1.M|1.C,kept_official,protenix,7vzy__1__1.A_1.B__1.C_1.D_1.E_1.M,1.C,0.3382820101240927,0.0673076923076923,0.72,0.45,0.2236215890820022,2638947546,0,0.9505767822265624,14.356486320495604,False,False,C0,scicore/home/schwede/durair0000/projects/plinder-org/Runs-N-Poses/data/paper_data/prediction_files/protenix/7vzy__1__1.A_1.B__1.C_1.D_1.E_1.M/seed-2638947546_sample-0.cif,2.7385371694720524,2.823529411764706,0.0,2638947546,0,0.9505767822265624,14.356486320495604,False,False,C0,scicore/home/schwede/durair0000/projects/plinder-org/Runs-N-Poses/data/paper_data/prediction_files/protenix/7vzy__1__1.A_1.B__1.C_1.D_1.E_1.M/seed-2638947546_sample-0.cif,2.7385371694720524,2.823529411764706,0.0,0.0,0.0,0.0,0.0,COc1cc2cc(c1Cl)NC(=O)C[C@H](O)/C(C)=C/[C@H](C)[C@@H](O)CC(=O)[C@H](OC)/C=C/C=C(\C)C2,34,2,0.3235294117647059,0.44,0.3728813559322034,True,True,True,false,False,True,-0.0,-0.0,False,False
protenix|7vzz__1__1.A_1.B__1.AA_1.Y_1.Z|1.AA,kept_official,protenix,7vzz__1__1.A_1.B__1.AA_1.Y_1.Z,1.AA,0.3282713773209499,0.0673076923076923,0.68,0.46,0.2135684250662877,2743907589,0,0.9445416927337646,14.611821174621582,False,False,C0,scicore/home/schwede/durair0000/projects/plinder-org/Runs-N-Poses/data/paper_data/prediction_files/protenix/7vzz__1__1.A_1.B__1.AA_1.Y_1.Z/seed-2743907589_sample-0.cif,2.3540367667236834,3.176470588235294,0.0,2743907589,0,0.9445416927337646,14.611821174621582,False,False,C0,scicore/home/schwede/durair0000/projects/plinder-org/Runs-N-Poses/data/paper_data/prediction_files/protenix/7vzz__1__1.A_1.B__1.AA_1.Y_1.Z/seed-2743907589_sample-0.cif,2.3540367667236834,3.176470588235294,0.0,0.0,0.0,0.0,0.0,COc1cc2cc(c1Cl)NC(=O)C[C@H](O)/C(C)=C/[C@H](C)[C@@H](O)CC(=O)[C@H](OC)/C=C/C=C(\C)C2,34,2,0.3428571428571428,0.4285714285714285,0.3809523809523809,True,True,True,false,False,True,-0.0,-0.0,False,False
protenix|7wdu__1__1.A__1.C|1.C,kept_official,protenix,7wdu__1__1.A__1.C,1.C,0.3261207552603827,0.1333333333333333,0.61,0.43,0.20477044296858,1084579531,0,0.9793315529823304,39.0453987121582,False,False,B0,scicore/home/schwede/durair0000/projects/plinder-org/Runs-N-Poses/data/paper_data/prediction_files/protenix/7wdu__1__1.A__1.C/seed-1084579531_sample-0.cif,2.3291433476909496,3.793103448275862,0.0,1084579531,0,0.9793315529823304,39.0453987121582,False,False,B0,scicore/home/schwede/durair0000/projects/plinder-org/Runs-N-Poses/data/paper_data/prediction_files/protenix/7wdu__1__1.A__1.C/seed-1084579531_sample-0.cif,2.3291433476909496,3.793103448275862,0.0,0.0,0.0,0.0,0.0,CC(=O)N[C@H]1C(=NOC(=O)Nc2ccccc2)O[C@H](COS(=O)(=O)O)[C@@H](O)[C@@H]1O,29,6,0.0,0.0,0.0,True,True,True,false,False,True,-0.0,-0.0,False,False
protenix|7wzv__1__1.A__1.C_1.E_1.F_1.K_1.O|1.F,kept_official,protenix,7wzv__1__1.A__1.C_1.E_1.F_1.K_1.O,1.F,0.2935146324890665,0.0987654320987654,0.55,0.37,0.2372336562724934,66794392,0,0.9891575574874878,1.5398341417312622,True,False,D0,scicore/home/schwede/durair0000/projects/plinder-org/Runs-N-Poses/data/paper_data/prediction_files/protenix/7wzv__1__1.A__1.C_1.E_1.F_1.K_1.O/seed-66794392_sample-0.cif,2.4753278950240025,2.0434782608695654,0.0,66794392,0,0.9891575574874878,1.5398341417312622,True,False,D0,scicore/home/schwede/durair0000/projects/plinder-org/Runs-N-Poses/data/paper_data/prediction_files/protenix/7wzv__1__1.A__1.C_1.E_1.F_1.K_1.O/seed-66794392_sample-0.cif,2.4753278950240025,2.0434782608695654,0.0,0.0,0.0,0.0,0.0,CN[C@@H]1C(O)[C@H](NC)[C@@H](O)C(O[C@@H]2O[C@H](C)C[C@H](O)[C@H]2O)[C@H]1O,23,4,0.95,0.8636363636363636,0.9047619047619048,True,True,True,false,False,True,-0.0,-0.0,False,False
protenix|7wzx__1__1.A__1.B_1.D_1.E_1.I|1.I,kept_official,protenix,7wzx__1__1.A__1.B_1.D_1.E_1.I,1.I,0.3072936570464784,0.1351351351351351,0.55,0.37,0.2424817987459055,2657728255,0,0.990570306777954,1.3754295110702517,True,False,E0,scicore/home/schwede/durair0000/projects/plinder-org/Runs-N-Poses/data/paper_data/prediction_files/protenix/7wzx__1__1.A__1.B_1.D_1.E_1.I/seed-2657728255_sample-0.cif,2.387185866714668,1.9565217391304348,0.0,2657728255,0,0.990570306777954,1.3754295110702517,True,False,E0,scicore/home/schwede/durair0000/projects/plinder-org/Runs-N-Poses/data/paper_data/prediction_files/protenix/7wzx__1__1.A__1.B_1.D_1.E_1.I/seed-2657728255_sample-0.cif,2.387185866714668,1.9565217391304348,0.0,0.0,0.0,0.0,0.0,CN[C@@H]1C(O)[C@H](NC)[C@@H](O)C(O[C@@H]2O[C@H](C)C[C@H](O)C2=O)[C@H]1O,23,4,1.0,0.9047619047619048,0.95,True,True,True,false,False,True,-0.0,-0.0,False,False
protenix|7xxc__1__1.A_1.B_1.D__1.M|1.M,kept_official,protenix,7xxc__1__1.A_1.B_1.D__1.M,1.M,0.1319110329473513,0.1119402985074626,0.04,0.4,0.0136596423486969,3900285096,0,0.8895626068115234,18.822179794311523,False,False,D0,scicore/home/schwede/durair0000/projects/plinder-org/Runs-N-Poses/data/paper_data/prediction_files/protenix/7xxc__1__1.A_1.B_1.D__1.M/seed-3900285096_sample-0.cif,2.1074120087949093,2.566666666666667,0.0,3900285096,0,0.8895626068115234,18.822179794311523,False,False,D0,scicore/home/schwede/durair0000/projects/plinder-org/Runs-N-Poses/data/paper_data/prediction_files/protenix/7xxc__1__1.A_1.B_1.D__1.M/seed-3900285096_sample-0.cif,2.1074120087949093,2.566666666666667,0.0,0.0,0.0,0.0,0.0,NCC(=O)N[C@@H]1[C@H](O)[C@@H](OC(N)=O)[C@@H](CO)O[C@H]1/N=C1\N[C@@H]2[C@H](O)CNC(=O)[C@H]2N1,30,5,0.1212121212121212,0.1538461538461538,0.135593220338983,True,True,True,false,False,True,-0.0,-0.0,False,False
protenix|7xxm__1__1.A_1.B_1.C__1.K|1.K,kept_official,protenix,7xxm__1__1.A_1.B_1.C__1.K,1.K,0.1416398960781412,0.1167883211678832,0.07,0.39,0.0263199183469103,2588494528,0,0.888103187084198,20.846176147460938,False,False,D0,scicore/home/schwede/durair0000/projects/plinder-org/Runs-N-Poses/data/paper_data/prediction_files/protenix/7xxm__1__1.A_1.B_1.C__1.K/seed-2588494528_sample-0.cif,1.529605206184593,5.0,0.125,2588494528,0,0.888103187084198,20.846176147460938,False,False,D0,scicore/home/schwede/durair0000/projects/plinder-org/Runs-N-Poses/data/paper_data/prediction_files/protenix/7xxm__1__1.A_1.B_1.C__1.K/seed-2588494528_sample-0.cif,1.529605206184593,5.0,0.125,0.0,0.0,0.0,0.0,NCCCC(=O)N[C@@H]1[C@H](O)[C@@H](OC(N)=O)[C@@H](CO)O[C@H]1/N=C1\N[C@@H]2[C@H](O)CNC(=O)[C@H]2N1,32,7,0.125,0.1379310344827586,0.1311475409836065,False,True,False,false,False,True,-0.0,-0.0,False,False
protenix|7xxn__1__2.A__2.B_2.C|2.B,kept_official,protenix,7xxn__1__2.A__2.B_2.C,2.B,0.2757162485816537,0.0634920634920634,0.5,0.36,0.2824701317971574,3911206410,0,0.9603105783462524,3.657701015472412,False,True,E0,scicore/home/schwede/durair0000/projects/plinder-org/Runs-N-Poses/data/paper_data/prediction_files/protenix/7xxn__1__2.A__2.B_2.C/seed-3911206410_sample-0.cif,3.193143054441419,3.642857142857143,0.0,3911206410,0,0.9603105783462524,3.657701015472412,False,True,E0,scicore/home/schwede/durair0000/projects/plinder-org/Runs-N-Poses/data/paper_data/prediction_files/protenix/7xxn__1__2.A__2.B_2.C/seed-3911206410_sample-0.cif,3.193143054441419,3.642857142857143,0.0,0.0,0.0,0.0,0.0,O=S(=O)(c1ccc(Br)s1)n1cccn1,14,2,0.7391304347826086,0.85,0.7906976744186046,True,True,True,true,True,True,-0.0,-0.0,False,False
protenix|7yd2__1__1.A_1.B__1.K|1.K,kept_official,protenix,7yd2__1__1.A_1.B__1.K,1.K,0.3416452371562777,0.136986301369863,0.65,0.46,0.196000158384128,1329325609,0,0.9710713624954224,5.626183032989502,False,True,C0,scicore/home/schwede/durair0000/projects/plinder-org/Runs-N-Poses/data/paper_data/prediction_files/protenix/7yd2__1__1.A_1.B__1.K/seed-1329325609_sample-0.cif,2.4857978323569934,2.04,0.0,1329325609,0,0.9710713624954224,5.626183032989502,False,True,C0,scicore/home/schwede/durair0000/projects/plinder-org/Runs-N-Poses/data/paper_data/prediction_files/protenix/7yd2__1__1.A_1.B__1.K/seed-1329325609_sample-0.cif,2.4857978323569934,2.04,0.0,0.0,0.0,0.0,0.0,COc1cc(Cl)nc(NC(=O)NS(=O)(=O)c2ccccc2C(=O)O)n1,25,5,0.84,0.6774193548387096,0.75,True,True,True,true,True,True,-0.0,-0.0,False,False
protenix|7ypu__1__1.A_1.B__1.I|1.I,kept_official,protenix,7ypu__1__1.A_1.B__1.I,1.I,0.3261827528086247,0.0851063829787234,0.65,0.42,0.2494775938303579,3328991601,0,0.92872416973114,3.533595085144043,False,False,C0,scicore/home/schwede/durair0000/projects/plinder-org/Runs-N-Poses/data/paper_data/prediction_files/protenix/7ypu__1__1.A_1.B__1.I/seed-3328991601_sample-0.cif,1.8600276064031875,2.5,0.0333333333333333,3328991601,0,0.92872416973114,3.533595085144043,False,False,C0,scicore/home/schwede/durair0000/projects/plinder-org/Runs-N-Poses/data/paper_data/prediction_files/protenix/7ypu__1__1.A_1.B__1.I/seed-3328991601_sample-0.cif,1.8600276064031875,2.5,0.0333333333333333,0.0,0.0,0.0,0.0,NCC(=O)N[C@@H]1[C@H](O)[C@@H](OC(N)=O)[C@@H](CO)O[C@H]1/N=C1\N[C@@H]2[C@H](O)CNC(=O)[C@H]2N1,30,5,0.5555555555555556,0.75,0.6382978723404256,False,True,False,false,False,True,-0.0,-0.0,False,False
protenix|7ypu__1__1.A_1.B__1.J_1.K|1.J,kept_official,protenix,7ypu__1__1.A_1.B__1.J_1.K,1.J,0.3473158508969899,0.1307692307692307,0.71,0.33,0.2902331006387956,2029351457,0,0.9452782273292542,3.824768304824829,False,False,C0,scicore/home/schwede/durair0000/projects/plinder-org/Runs-N-Poses/data/paper_data/prediction_files/protenix/7ypu__1__1.A_1.B__1.J_1.K/seed-2029351457_sample-0.cif,2.366450750174068,1.9666666666666663,0.0,2029351457,0,0.9452782273292542,3.824768304824829,False,False,C0,scicore/home/schwede/durair0000/projects/plinder-org/Runs-N-Poses/data/paper_data/prediction_files/protenix/7ypu__1__1.A_1.B__1.J_1.K/seed-2029351457_sample-0.cif,2.366450750174068,1.9666666666666663,0.0,0.0,0.0,0.0,0.0,NCC(=O)N[C@@H]1[C@H](O)[C@@H](OC(N)=O)[C@@H](CO)O[C@H]1/N=C1\N[C@@H]2[C@H](O)CNC(=O)[C@H]2N1,30,5,0.7619047619047619,0.7619047619047619,0.7619047619047619,True,True,True,false,False,True,-0.0,-0.0,False,False
protenix|7ypv__1__1.A_1.B__1.J|1.J,kept_official,protenix,7ypv__1__1.A_1.B__1.J,1.J,0.303317455741346,0.0970873786407767,0.6,0.38,0.2166843660853709,227711513,0,0.9264288544654846,3.592660665512085,False,False,C0,scicore/home/schwede/durair0000/projects/plinder-org/Runs-N-Poses/data/paper_data/prediction_files/protenix/7ypv__1__1.A_1.B__1.J/seed-227711513_sample-0.cif,2.715471441190161,1.9428571428571428,0.0,227711513,0,0.9264288544654846,3.592660665512085,False,False,C0,scicore/home/schwede/durair0000/projects/plinder-org/Runs-N-Poses/data/paper_data/prediction_files/protenix/7ypv__1__1.A_1.B__1.J/seed-227711513_sample-0.cif,2.715471441190161,1.9428571428571428,0.0,0.0,0.0,0.0,0.0,NCCC[C@H](N)CC(=O)N[C@@H]1[C@H](O)[C@@H](OC(N)=O)[C@@H](CO)O[C@H]1NC1=N[C@@H]2C(=O)NC[C@@H](O)[C@H]2N1,35,9,0.8846153846153846,0.7666666666666667,0.8214285714285715,True,True,True,false,False,True,-0.0,-0.0,False,False
protenix|7yv4__1__1.A__1.B|1.B,kept_official,protenix,7yv4__1__1.A__1.B,1.B,0.2028888415216452,0.0886075949367088,0.11,0.69,0.0318809164689859,1394753644,0,0.9732532501220704,14.701223373413086,False,False,B0,scicore/home/schwede/durair0000/projects/plinder-org/Runs-N-Poses/data/paper_data/prediction_files/protenix/7yv4__1__1.A__1.B/seed-1394753644_sample-0.cif,1.8523525138510888,4.181818181818182,0.0454545454545454,1394753644,0,0.9732532501220704,14.701223373413086,False,False,B0,scicore/home/schwede/durair0000/projects/plinder-org/Runs-N-Poses/data/paper_data/prediction_files/protenix/7yv4__1__1.A__1.B/seed-1394753644_sample-0.cif,1.8523525138510888,4.181818181818182,0.0454545454545454,0.0,0.0,0.0,0.0,Cc1c(O)c(C)c2c(c1O)C(=O)C[C@@H](c1ccc(O)cc1)O2,22,1,0.0909090909090909,0.0714285714285714,0.08,False,True,False,false,False,True,-0.0,-0.0,False,False
protenix|7z5u__1__1.A__1.B_1.C|1.C,kept_official,protenix,7z5u__1__1.A__1.B_1.C,1.C,0.3464429974701027,0.1212121212121211,0.56,0.65,0.1700937752293016,1877283177,0,0.98623389005661,0.8416876196861267,True,True,C0,scicore/home/schwede/durair0000/projects/plinder-org/Runs-N-Poses/data/paper_data/prediction_files/protenix/7z5u__1__1.A__1.B_1.C/seed-1877283177_sample-0.cif,2.5550685230872414,3.870967741935484,0.0,1877283177,0,0.98623389005661,0.8416876196861267,True,True,C0,scicore/home/schwede/durair0000/projects/plinder-org/Runs-N-Poses/data/paper_data/prediction_files/protenix/7z5u__1__1.A__1.B_1.C/seed-1877283177_sample-0.cif,2.5550685230872414,3.870967741935484,0.0,0.0,0.0,0.0,0.0,CC(=O)Nc1ccccc1OCc1cn(CCNC(=O)[C@@H](CC(C)C)C(=O)NO)nn1,31,11,0.8518518518518519,0.6764705882352942,0.7540983606557378,True,True,True,true,True,True,-0.0,-0.0,False,False
protenix|7zg9__1__1.A__1.C|1.C,kept_official,protenix,7zg9__1__1.A__1.C,1.C,0.3046251161656738,0.027027027027027,0.64,0.41,0.2658282835310719,571042207,0,0.982280969619751,3.801403522491455,False,False,B0,scicore/home/schwede/durair0000/projects/plinder-org/Runs-N-Poses/data/paper_data/prediction_files/protenix/7zg9__1__1.A__1.C/seed-571042207_sample-0.cif,2.4439775036819915,1.92,0.0,571042207,0,0.982280969619751,3.801403522491455,False,False,B0,scicore/home/schwede/durair0000/projects/plinder-org/Runs-N-Poses/data/paper_data/prediction_files/protenix/7zg9__1__1.A__1.C/seed-571042207_sample-0.cif,2.4439775036819915,1.92,0.0,0.0,0.0,0.0,0.0,C[C@@H]1OC(=O)[C@H]2C[C@H]3CCCC[C@H]3[C@H](/C=C/[C@H]3CCC[C@H](C)N3C)[C@@H]12,25,2,0.8095238095238095,0.6071428571428571,0.6938775510204083,True,True,True,false,False,True,-0.0,-0.0,False,False
protenix|7zkw__1__1.A_1.C__1.E|1.E,kept_official,protenix,7zkw__1__1.A_1.C__1.E,1.E,0.1516742023393495,0.0465116279069767,0.07,0.55,0.0394756628595385,3777321401,0,0.9274568557739258,3.148292303085327,False,False,C0,scicore/home/schwede/durair0000/projects/plinder-org/Runs-N-Poses/data/paper_data/prediction_files/protenix/7zkw__1__1.A_1.C__1.E/seed-3777321401_sample-0.cif,2.1833924267442284,4.785714285714286,0.0,3777321401,0,0.9274568557739258,3.148292303085327,False,False,C0,scicore/home/schwede/durair0000/projects/plinder-org/Runs-N-Poses/data/paper_data/prediction_files/protenix/7zkw__1__1.A_1.C__1.E/seed-3777321401_sample-0.cif,2.1833924267442284,4.785714285714286,0.0,0.0,0.0,0.0,0.0,N[C@@H](CSSC[C@H](N)C(=O)O)C(=O)O,14,7,0.8260869565217391,0.6333333333333333,0.7169811320754716,True,True,True,false,False,True,-0.0,-0.0,False,False
protenix|8b25__1__1.A_1.B__1.J|1.J,kept_official,protenix,8b25__1__1.A_1.B__1.J,1.J,0.3268434847193534,0.0967741935483871,0.67,0.37,0.2573625848870896,1629017851,0,0.9594322443008424,5.912816047668457,False,False,C0,scicore/home/schwede/durair0000/projects/plinder-org/Runs-N-Poses/data/paper_data/prediction_files/protenix/8b25__1__1.A_1.B__1.J/seed-1629017851_sample-0.cif,2.9476663307741893,1.6551724137931034,0.0,1629017851,0,0.9594322443008424,5.912816047668457,False,False,C0,scicore/home/schwede/durair0000/projects/plinder-org/Runs-N-Poses/data/paper_data/prediction_files/protenix/8b25__1__1.A_1.B__1.J/seed-1629017851_sample-0.cif,2.9476663307741893,1.6551724137931034,0.0,0.0,0.0,0.0,0.0,CC=C1C[N@@H+]2CCc3c([nH]c4ccccc34)[C@@](COC(C)=O)(C(=O)OC)[C@H]1CC2,29,3,0.896551724137931,0.9629629629629628,0.9285714285714286,True,True,True,false,False,True,-0.0,-0.0,False,False
protenix|8c3u__1__1.A__1.C|1.C,kept_official,protenix,8c3u__1__1.A__1.C,1.C,0.1828519200356059,0.1720430107526881,0.15,0.36,0.0656843313608254,2242028199,0,0.982505202293396,23.83635711669922,False,True,B0,scicore/home/schwede/durair0000/projects/plinder-org/Runs-N-Poses/data/paper_data/prediction_files/protenix/8c3u__1__1.A__1.C/seed-2242028199_sample-0.cif,2.504850231083553,1.3428571428571427,0.0,2242028199,0,0.982505202293396,23.83635711669922,False,True,B0,scicore/home/schwede/durair0000/projects/plinder-org/Runs-N-Poses/data/paper_data/prediction_files/protenix/8c3u__1__1.A__1.C/seed-2242028199_sample-0.cif,2.504850231083553,1.3428571428571427,0.0,0.0,0.0,0.0,0.0,Cc1ccc2c(c1)NC(=O)[C@@]2(c1cn[nH]c1)c1cc(-c2ccc(C(=O)O)cc2C(=O)O)ccc1O,35,5,0.0,0.0,0.0,True,True,True,true,True,True,-0.0,-0.0,False,False
protenix|8cg0__1__1.D__1.IA|1.IA,kept_official,protenix,8cg0__1__1.D__1.IA,1.IA,0.1728455989587718,0.0606060606060606,0.09,0.61,0.0356673887332534,894382208,0,0.9491605758666992,24.41472625732422,False,True,N0,scicore/home/schwede/durair0000/projects/plinder-org/Runs-N-Poses/data/paper_data/prediction_files/protenix/8cg0__1__1.D__1.IA/seed-894382208_sample-0.cif,2.755037724500789,4.533333333333333,0.0,894382208,0,0.9491605758666992,24.41472625732422,False,True,N0,scicore/home/schwede/durair0000/projects/plinder-org/Runs-N-Poses/data/paper_data/prediction_files/protenix/8cg0__1__1.D__1.IA/seed-894382208_sample-0.cif,2.755037724500789,4.533333333333333,0.0,0.0,0.0,0.0,0.0,O=C(NC[C@@H]1CCCO1)NC1CCCC1,15,3,0.0,0.0,0.0,True,True,True,true,True,True,-0.0,-0.0,False,False
protenix|8clq__1__1.A__1.E|1.E,kept_official,protenix,8clq__1__1.A__1.E,1.E,0.138911915292457,0.1538461538461538,0.05,0.34,0.0228288072315159,3485366552,0,0.956060230731964,4.448246002197266,False,False,F0,scicore/home/schwede/durair0000/projects/plinder-org/Runs-N-Poses/data/paper_data/prediction_files/protenix/8clq__1__1.A__1.E/seed-3485366552_sample-0.cif,2.1289155247161053,3.083333333333333,0.0,3485366552,0,0.956060230731964,4.448246002197266,False,False,F0,scicore/home/schwede/durair0000/projects/plinder-org/Runs-N-Poses/data/paper_data/prediction_files/protenix/8clq__1__1.A__1.E/seed-3485366552_sample-0.cif,2.1289155247161053,3.083333333333333,0.0,0.0,0.0,0.0,0.0,C[C@H](O)CCCC(=O)CCC/C=C/c1cc(O)cc(O)c1C(=O)O,24,10,0.896551724137931,0.6842105263157895,0.7761194029850746,True,True,True,false,False,True,-0.0,-0.0,False,False
protenix|8ea6__1__1.A_1.B__1.C|1.C,kept_official,protenix,8ea6__1__1.A_1.B__1.C,1.C,0.2171340823719636,0.1056910569105691,0.27,0.46,0.103211062266322,1177942231,0,0.9385642409324646,7.557440280914307,False,False,C0,scicore/home/schwede/durair0000/projects/plinder-org/Runs-N-Poses/data/paper_data/prediction_files/protenix/8ea6__1__1.A_1.B__1.C/seed-1177942231_sample-0.cif,2.313866128910754,3.571428571428572,0.0,1177942231,0,0.9385642409324646,7.557440280914307,False,False,C0,scicore/home/schwede/durair0000/projects/plinder-org/Runs-N-Poses/data/paper_data/prediction_files/protenix/8ea6__1__1.A_1.B__1.C/seed-1177942231_sample-0.cif,2.313866128910754,3.571428571428572,0.0,0.0,0.0,0.0,0.0,CN(C)C(=O)[C@@H](NC(=O)c1ccccc1-c1ccc(C(F)(F)F)cc1)c1cccc(C(F)(F)F)c1,35,5,0.5454545454545454,0.9230769230769232,0.6857142857142856,True,True,True,false,False,True,-0.0,-0.0,False,False
protenix|8etl__1__1.A__1.C|1.C,kept_official,protenix,8etl__1__1.A__1.C,1.C,0.2218328232279351,0.1636363636363636,0.17,0.52,0.0903004797760394,340733693,0,0.987769901752472,1.5973345041275024,True,False,B0,scicore/home/schwede/durair0000/projects/plinder-org/Runs-N-Poses/data/paper_data/prediction_files/protenix/8etl__1__1.A__1.C/seed-340733693_sample-0.cif,2.258600115556812,3.823529411764706,0.0,340733693,0,0.987769901752472,1.5973345041275024,True,False,B0,scicore/home/schwede/durair0000/projects/plinder-org/Runs-N-Poses/data/paper_data/prediction_files/protenix/8etl__1__1.A__1.C/seed-340733693_sample-0.cif,2.258600115556812,3.823529411764706,0.0,0.0,0.0,0.0,0.0,CCCCN[C@H]1C[C@](O)(CO)[C@@H](O)[C@H](O)[C@H]1O,17,5,0.75,0.8333333333333334,0.7894736842105262,True,True,True,false,False,True,-0.0,-0.0,False,False
protenix|8f4s__1__1.A__1.D_1.E|1.D,kept_official,protenix,8f4s__1__1.A__1.D_1.E,1.D,0.3458168133871822,0.0444444444444444,0.38,1.0,0.1763062891581333,975534507,0,0.980014443397522,22.64810943603516,False,True,C0,scicore/home/schwede/durair0000/projects/plinder-org/Runs-N-Poses/data/paper_data/prediction_files/protenix/8f4s__1__1.A__1.D_1.E/seed-975534507_sample-0.cif,2.746534413900992,2.523809523809524,0.0,975534507,0,0.980014443397522,22.64810943603516,False,True,C0,scicore/home/schwede/durair0000/projects/plinder-org/Runs-N-Poses/data/paper_data/prediction_files/protenix/8f4s__1__1.A__1.D_1.E/seed-975534507_sample-0.cif,2.746534413900992,2.523809523809524,0.0,0.0,0.0,0.0,0.0,Oc1nc(/C=C/c2ccc(Cl)cc2Cl)cc(C(F)(F)F)n1,21,2,0.0,0.0,0.0,True,True,True,true,True,True,-0.0,-0.0,False,False
protenix|8fdb__1__1.A_1.B__1.D_1.F_1.H|1.D,kept_official,protenix,8fdb__1__1.A_1.B__1.D_1.F_1.H,1.D,0.326711479979238,0.5588235294117647,0.13,0.42,0.073116223425602,449578289,0,0.9604124426841736,2.234503984451294,False,False,E0,scicore/home/schwede/durair0000/projects/plinder-org/Runs-N-Poses/data/paper_data/prediction_files/protenix/8fdb__1__1.A_1.B__1.D_1.F_1.H/seed-449578289_sample-0.cif,2.362929974900782,3.4375,0.0,449578289,0,0.9604124426841736,2.234503984451294,False,False,E0,scicore/home/schwede/durair0000/projects/plinder-org/Runs-N-Poses/data/paper_data/prediction_files/protenix/8fdb__1__1.A_1.B__1.D_1.F_1.H/seed-449578289_sample-0.cif,2.362929974900782,3.4375,0.0,0.0,0.0,0.0,0.0,N[C@@H](CO)[C@@H](O)[C@H](O)[C@H](O)COP(=O)(O)O,16,7,,,,True,True,True,false,False,True,-0.0,-0.0,False,False
protenix|8fdb__1__1.A_1.B__1.D_1.F_1.H|1.H,kept_official,protenix,8fdb__1__1.A_1.B__1.D_1.F_1.H,1.H,0.2435258976826319,0.3255813953488372,0.13,0.42,0.065362046552694,449578289,0,0.9604124426841736,2.234503984451294,False,False,E0,scicore/home/schwede/durair0000/projects/plinder-org/Runs-N-Poses/data/paper_data/prediction_files/protenix/8fdb__1__1.A_1.B__1.D_1.F_1.H/seed-449578289_sample-0.cif,2.362929974900782,3.4375,0.0,449578289,0,0.9604124426841736,2.234503984451294,False,False,E0,scicore/home/schwede/durair0000/projects/plinder-org/Runs-N-Poses/data/paper_data/prediction_files/protenix/8fdb__1__1.A_1.B__1.D_1.F_1.H/seed-449578289_sample-0.cif,2.362929974900782,3.4375,0.0,0.0,0.0,0.0,0.0,N[C@@H](CO)[C@@H](O)[C@H](O)[C@H](O)COP(=O)(O)O,16,7,0.8461538461538461,0.9166666666666666,0.8799999999999999,True,True,True,false,False,True,-0.0,-0.0,False,False
protenix|8g4a__1__1.A_1.B__1.C|1.C,kept_official,protenix,8g4a__1__1.A_1.B__1.C,1.C,0.2310147037633507,0.054054054054054,0.32,0.48,0.180478924222159,3566237295,0,0.8960549235343933,0.6733469367027283,True,True,C0,scicore/home/schwede/durair0000/projects/plinder-org/Runs-N-Poses/data/paper_data/prediction_files/protenix/8g4a__1__1.A_1.B__1.C/seed-3566237295_sample-0.cif,2.515544340538897,2.9473684210526314,0.0,3566237295,0,0.8960549235343933,0.6733469367027283,True,True,C0,scicore/home/schwede/durair0000/projects/plinder-org/Runs-N-Poses/data/paper_data/prediction_files/protenix/8g4a__1__1.A_1.B__1.C/seed-3566237295_sample-0.cif,2.515544340538897,2.9473684210526314,0.0,0.0,0.0,0.0,0.0,FC(F)(F)c1cc(-c2nn[nH]n2)cc(C(F)(F)F)c1,19,1,0.9,0.8181818181818182,0.8571428571428572,True,True,True,true,True,True,-0.0,-0.0,False,False
protenix|8g62__1__1.A__1.F_1.J_1.L|1.F,kept_official,protenix,8g62__1__1.A__1.F_1.J_1.L,1.F,0.2820176070882874,0.0606060606060606,0.19,1.0,0.066527429380831,1098928633,0,0.9663889408111572,42.69858551025391,False,True,B0,scicore/home/schwede/durair0000/projects/plinder-org/Runs-N-Poses/data/paper_data/prediction_files/protenix/8g62__1__1.A__1.F_1.J_1.L/seed-1098928633_sample-0.cif,2.522965635740209,1.6875,0.0,1098928633,0,0.9663889408111572,42.69858551025391,False,True,B0,scicore/home/schwede/durair0000/projects/plinder-org/Runs-N-Poses/data/paper_data/prediction_files/protenix/8g62__1__1.A__1.F_1.J_1.L/seed-1098928633_sample-0.cif,2.522965635740209,1.6875,0.0,0.0,0.0,0.0,0.0,COc1cc(C(=O)Nc2ccc(S(=O)(=O)N3CCCC3)cc2)cc(C2CCN(C)CC2)c1,32,6,0.0,0.0,0.0,True,True,True,true,True,True,-0.0,-0.0,False,False
protenix|8g68__1__1.A__1.C|1.C,kept_official,protenix,8g68__1__1.A__1.C,1.C,0.3109035941793497,0.0606060606060606,0.56,0.48,0.2684573648361425,4243328256,0,0.9689607620239258,18.465394973754883,False,False,B0,scicore/home/schwede/durair0000/projects/plinder-org/Runs-N-Poses/data/paper_data/prediction_files/protenix/8g68__1__1.A__1.C/seed-4243328256_sample-0.cif,2.256872796256812,2.6,0.0,4243328256,0,0.9689607620239258,18.465394973754883,False,False,B0,scicore/home/schwede/durair0000/projects/plinder-org/Runs-N-Poses/data/paper_data/prediction_files/protenix/8g68__1__1.A__1.C/seed-4243328256_sample-0.cif,2.256872796256812,2.6,0.0,0.0,0.0,0.0,0.0,CCc1cc(C)n(-c2ccc(N)cc2)n1,15,2,0.4285714285714285,0.375,0.3999999999999999,True,True,True,false,False,True,-0.0,-0.0,False,False
protenix|8g69__1__1.A__1.C|1.C,kept_official,protenix,8g69__1__1.A__1.C,1.C,0.3050369297289834,0.0606060606060606,0.53,0.48,0.2766240425843109,1254774769,0,0.973227560520172,12.977025032043455,False,False,B0,scicore/home/schwede/durair0000/projects/plinder-org/Runs-N-Poses/data/paper_data/prediction_files/protenix/8g69__1__1.A__1.C/seed-1254774769_sample-0.cif,2.890900927287652,2.2,0.0,1254774769,0,0.973227560520172,12.977025032043455,False,False,B0,scicore/home/schwede/durair0000/projects/plinder-org/Runs-N-Poses/data/paper_data/prediction_files/protenix/8g69__1__1.A__1.C/seed-1254774769_sample-0.cif,2.890900927287652,2.2,0.0,0.0,0.0,0.0,0.0,CCc1cc(C)nn1-c1ccc(N)cc1,15,2,0.2857142857142857,0.2666666666666666,0.2758620689655172,True,True,True,false,False,True,-0.0,-0.0,False,False
protenix|8gu1__1__1.A_1.B__1.D|1.D,kept_official,protenix,8gu1__1__1.A_1.B__1.D,1.D,0.3404511860017241,0.0769230769230769,0.76,0.39,0.2276405453932357,4059683954,0,0.8726783394813538,3.838155508041382,False,True,C0,scicore/home/schwede/durair0000/projects/plinder-org/Runs-N-Poses/data/paper_data/prediction_files/protenix/8gu1__1__1.A_1.B__1.D/seed-4059683954_sample-0.cif,2.771970579884479,2.088235294117647,0.0,4059683954,0,0.8726783394813538,3.838155508041382,False,True,C0,scicore/home/schwede/durair0000/projects/plinder-org/Runs-N-Poses/data/paper_data/prediction_files/protenix/8gu1__1__1.A_1.B__1.D/seed-4059683954_sample-0.cif,2.771970579884479,2.088235294117647,0.0,0.0,0.0,0.0,0.0,O=c1[nH]c2ccccc2n1C1CCN(CCCC(c2ccc(F)cc2)c2ccc(F)cc2)CC1,34,7,0.7575757575757576,0.7352941176470589,0.746268656716418,True,True,True,true,True,True,-0.0,-0.0,False,False
protenix|8ho5__1__1.A__1.B|1.B,kept_official,protenix,8ho5__1__1.A__1.B,1.B,0.2981069180134488,0.141025641025641,0.5,0.38,0.2387397182723721,2198845456,0,0.8870805501937866,23.614521026611328,False,False,B0,scicore/home/schwede/durair0000/projects/plinder-org/Runs-N-Poses/data/paper_data/prediction_files/protenix/8ho5__1__1.A__1.B/seed-2198845456_sample-0.cif,2.554843555735572,2.4782608695652173,0.0,2198845456,0,0.8870805501937866,23.614521026611328,False,False,B0,scicore/home/schwede/durair0000/projects/plinder-org/Runs-N-Poses/data/paper_data/prediction_files/protenix/8ho5__1__1.A__1.B/seed-2198845456_sample-0.cif,2.554843555735572,2.4782608695652173,0.0,0.0,0.0,0.0,0.0,Cc1c(C)n(C[C@@H](O)CN[C@H]2CCCC[C@@H]2C)c2ccccc12,23,5,0.0,0.0,0.0,True,True,True,false,False,True,-0.0,-0.0,False,False
protenix|8ivs__1__1.A_1.B__1.C|1.C,kept_official,protenix,8ivs__1__1.A_1.B__1.C,1.C,0.3480504633886326,0.131578947368421,0.64,0.45,0.2599891590484262,3657550845,0,0.9772985577583312,2.38562560081482,False,True,C0,scicore/home/schwede/durair0000/projects/plinder-org/Runs-N-Poses/data/paper_data/prediction_files/protenix/8ivs__1__1.A_1.B__1.C/seed-3657550845_sample-0.cif,2.377926783244664,2.071428571428572,0.0,3657550845,0,0.9772985577583312,2.38562560081482,False,True,C0,scicore/home/schwede/durair0000/projects/plinder-org/Runs-N-Poses/data/paper_data/prediction_files/protenix/8ivs__1__1.A_1.B__1.C/seed-3657550845_sample-0.cif,2.377926783244664,2.071428571428572,0.0,0.0,0.0,0.0,0.0,CCOc1nc(NC)nc(NC(=O)NS(=O)(=O)c2ccccc2C(=O)OC)n1,28,7,0.7692307692307693,0.9090909090909092,0.8333333333333333,True,True,True,true,True,True,-0.0,-0.0,False,False
protenix|8iw3__1__1.A_1.B__1.C|1.C,kept_official,protenix,8iw3__1__1.A_1.B__1.C,1.C,0.3413531917811083,0.1282051282051282,0.65,0.45,0.2199069845465672,1412228718,0,0.9740228652954102,5.298318386077881,False,True,C0,scicore/home/schwede/durair0000/projects/plinder-org/Runs-N-Poses/data/paper_data/prediction_files/protenix/8iw3__1__1.A_1.B__1.C/seed-1412228718_sample-0.cif,2.7364137213211746,3.333333333333333,0.0,1412228718,0,0.9740228652954102,5.298318386077881,False,True,C0,scicore/home/schwede/durair0000/projects/plinder-org/Runs-N-Poses/data/paper_data/prediction_files/protenix/8iw3__1__1.A_1.B__1.C/seed-1412228718_sample-0.cif,2.7364137213211746,3.333333333333333,0.0,0.0,0.0,0.0,0.0,CCOC(=O)c1ccccc1S(=O)(=O)NC(=O)Nc1nc(Cl)cc(OC)n1,27,6,0.6785714285714286,0.8260869565217391,0.7450980392156864,True,True,True,true,True,True,-0.0,-0.0,False,False
protenix|8jjn__1__1.A__1.D_1.E|1.D,kept_official,protenix,8jjn__1__1.A__1.D_1.E,1.D,0.1096268929228776,0.0769230769230769,0.03,0.37,0.0060190799990036,2945866968,0,0.989372193813324,2.1896069049835205,False,False,B0,scicore/home/schwede/durair0000/projects/plinder-org/Runs-N-Poses/data/paper_data/prediction_files/protenix/8jjn__1__1.A__1.D_1.E/seed-2945866968_sample-0.cif,2.4465705143132963,4.138888888888889,0.0,2945866968,0,0.989372193813324,2.1896069049835205,False,False,B0,scicore/home/schwede/durair0000/projects/plinder-org/Runs-N-Poses/data/paper_data/prediction_files/protenix/8jjn__1__1.A__1.D_1.E/seed-2945866968_sample-0.cif,2.4465705143132963,4.138888888888889,0.0,0.0,0.0,0.0,0.0,O=c1ccn([C@@H]2O[C@H](CO[P@](=O)(O)O[P@](=O)(O)O[C@H]3O[C@H](CO)[C@@H](O)[C@H](O)[C@H]3O)[C@@H](O)[C@H]2O)c(=O)[nH]1,36,9,0.925,0.9487179487179488,0.9367088607594936,True,True,True,false,False,True,-0.0,-0.0,False,False
protenix|8jjt__1__1.A__1.D|1.D,kept_official,protenix,8jjt__1__1.A__1.D,1.D,0.1148175704918721,0.0941176470588235,0.02,0.38,0.0043819701064194,1676416351,0,0.9860795736312866,0.6339694857597351,True,True,B0,scicore/home/schwede/durair0000/projects/plinder-org/Runs-N-Poses/data/paper_data/prediction_files/protenix/8jjt__1__1.A__1.D/seed-1676416351_sample-0.cif,2.362635809063164,3.743589743589744,0.0,1676416351,0,0.9860795736312866,0.6339694857597351,True,True,B0,scicore/home/schwede/durair0000/projects/plinder-org/Runs-N-Poses/data/paper_data/prediction_files/protenix/8jjt__1__1.A__1.D/seed-1676416351_sample-0.cif,2.362635809063164,3.743589743589744,0.0,0.0,0.0,0.0,0.0,CC(=O)N[C@H]1[C@@H](O[P@@](=O)(O)O[P@@](=O)(O)OC[C@H]2O[C@@H](n3ccc(=O)[nH]c3=O)[C@H](O)[C@@H]2O)O[C@H](CO)[C@@H](O)[C@@H]1O,39,10,0.9767441860465116,1.0,0.988235294117647,True,True,True,true,True,True,-0.0,-0.0,False,False
protenix|8ome__1__1.A_1.D__1.E|1.E,kept_official,protenix,8ome__1__1.A_1.D__1.E,1.E,0.33950160667139,0.0555555555555555,0.79,0.33,0.2827858111347281,3991938561,0,0.9308992624282836,2.599629163742065,False,True,C0,scicore/home/schwede/durair0000/projects/plinder-org/Runs-N-Poses/data/paper_data/prediction_files/protenix/8ome__1__1.A_1.D__1.E/seed-3991938561_sample-0.cif,2.915244614758253,1.8,0.0,3991938561,0,0.9308992624282836,2.599629163742065,False,True,C0,scicore/home/schwede/durair0000/projects/plinder-org/Runs-N-Poses/data/paper_data/prediction_files/protenix/8ome__1__1.A_1.D__1.E/seed-3991938561_sample-0.cif,2.915244614758253,1.8,0.0,0.0,0.0,0.0,0.0,CS(=O)(=O)c1cccc2[nH]c3c(c12)CCCc1ccc(CN2CC[C@](O)(c4ccccc4)C2)cc1-3,35,4,0.8666666666666667,0.896551724137931,0.8813559322033899,True,True,True,true,True,True,-0.0,-0.0,False,False
protenix|8opu__1__1.A_1.C_1.D__1.IA|1.IA,kept_official,protenix,8opu__1__1.A_1.C_1.D__1.IA,1.IA,0.3383254448330237,0.0970873786407767,0.54,0.57,0.2767243115437593,3664176821,0,0.950570285320282,23.60934829711914,False,True,D0,scicore/home/schwede/durair0000/projects/plinder-org/Runs-N-Poses/data/paper_data/prediction_files/protenix/8opu__1__1.A_1.C_1.D__1.IA/seed-3664176821_sample-0.cif,2.80333736063375,1.8823529411764703,0.0,3664176821,0,0.950570285320282,23.60934829711914,False,True,D0,scicore/home/schwede/durair0000/projects/plinder-org/Runs-N-Poses/data/paper_data/prediction_files/protenix/8opu__1__1.A_1.C_1.D__1.IA/seed-3664176821_sample-0.cif,2.80333736063375,1.8823529411764703,0.0,0.0,0.0,0.0,0.0,Cc1cc(NS(=O)(=O)c2ccc(N)cc2)no1,17,3,0.0,0.0,0.0,True,True,True,true,True,True,-0.0,-0.0,False,False
protenix|8ovr__1__1.A__1.B|1.B,kept_official,protenix,8ovr__1__1.A__1.B,1.B,0.341437185481288,0.0555555555555555,0.7,0.42,0.3149637051842178,4081209756,0,0.9458702206611632,15.354998588562012,False,False,B0,scicore/home/schwede/durair0000/projects/plinder-org/Runs-N-Poses/data/paper_data/prediction_files/protenix/8ovr__1__1.A__1.B/seed-4081209756_sample-0.cif,2.8128348663509484,1.5555555555555556,0.0,4081209756,0,0.9458702206611632,15.354998588562012,False,False,B0,scicore/home/schwede/durair0000/projects/plinder-org/Runs-N-Poses/data/paper_data/prediction_files/protenix/8ovr__1__1.A__1.B/seed-4081209756_sample-0.cif,2.8128348663509484,1.5555555555555556,0.0,0.0,0.0,0.0,0.0,O=S(=O)(O)CCN1CCN(CCS(=O)(=O)O)CC1,18,6,0.15,0.1111111111111111,0.1276595744680851,True,True,True,false,False,True,-0.0,-0.0,False,False
protenix|8p1p__1__1.A__1.E|1.E,kept_official,protenix,8p1p__1__1.A__1.E,1.E,0.310541540702914,0.0952380952380952,0.56,0.43,0.2560410368479032,275036968,0,0.702677845954895,15.870816230773926,False,True,D0,scicore/home/schwede/durair0000/projects/plinder-org/Runs-N-Poses/data/paper_data/prediction_files/protenix/8p1p__1__1.A__1.E/seed-275036968_sample-0.cif,2.6740451651066843,3.08,0.0,275036968,0,0.702677845954895,15.870816230773926,False,True,D0,scicore/home/schwede/durair0000/projects/plinder-org/Runs-N-Poses/data/paper_data/prediction_files/protenix/8p1p__1__1.A__1.E/seed-275036968_sample-0.cif,2.6740451651066843,3.08,0.0,0.0,0.0,0.0,0.0,OCCNCc1cc(Br)ccc1OCc1ccc(F)c(C(F)(F)F)c1,25,7,0.1153846153846153,0.1111111111111111,0.1132075471698113,True,True,True,true,True,True,-0.0,-0.0,False,False
protenix|8pfl__1__1.A__1.C|1.C,kept_official,protenix,8pfl__1__1.A__1.C,1.C,0.1889806505228901,0.0909090909090909,0.21,0.48,0.0433123435235414,4229209227,0,0.970410406589508,3.901637315750122,False,False,B0,scicore/home/schwede/durair0000/projects/plinder-org/Runs-N-Poses/data/paper_data/prediction_files/protenix/8pfl__1__1.A__1.C/seed-4229209227_sample-0.cif,2.3093486129394427,3.520833333333333,0.0,4229209227,0,0.970410406589508,3.901637315750122,False,False,B0,scicore/home/schwede/durair0000/projects/plinder-org/Runs-N-Poses/data/paper_data/prediction_files/protenix/8pfl__1__1.A__1.C/seed-4229209227_sample-0.cif,2.3093486129394427,3.520833333333333,0.0,0.0,0.0,0.0,0.0,CCc1c(N2CCN(C(=O)c3ncccc3O)CC2)c(=O)n2nc(C3=CCOCC3)nc2n1CC(=O)Nc1ccc(C(F)(F)F)cc1C,48,7,0.5384615384615384,0.5526315789473685,0.5454545454545455,True,True,True,false,False,True,-0.0,-0.0,False,False
protenix|8plb__1__1.A__1.D|1.D,kept_official,protenix,8plb__1__1.A__1.D,1.D,0.1607753080125244,0.1,0.15,0.37,0.0713765400626223,3733044674,0,0.963068425655365,40.844688415527344,False,True,D0,scicore/home/schwede/durair0000/projects/plinder-org/Runs-N-Poses/data/paper_data/prediction_files/protenix/8plb__1__1.A__1.D/seed-3733044674_sample-0.cif,3.045729275669294,2.3125,0.0,3733044674,0,0.963068425655365,40.844688415527344,False,True,D0,scicore/home/schwede/durair0000/projects/plinder-org/Runs-N-Poses/data/paper_data/prediction_files/protenix/8plb__1__1.A__1.D/seed-3733044674_sample-0.cif,3.045729275669294,2.3125,0.0,0.0,0.0,0.0,0.0,CCNC(=O)c1ccc(NS(C)(=O)=O)cc1,16,4,0.0,0.0,0.0,True,True,True,true,True,True,-0.0,-0.0,False,False
protenix|8plu__1__1.A__1.D|1.D,kept_official,protenix,8plu__1__1.A__1.D,1.D,0.2328860057878207,0.1886792452830188,0.17,0.53,0.0917413496938206,3282218745,0,0.9646812677383424,29.281784057617188,False,True,D0,scicore/home/schwede/durair0000/projects/plinder-org/Runs-N-Poses/data/paper_data/prediction_files/protenix/8plu__1__1.A__1.D/seed-3282218745_sample-0.cif,2.667252037449674,3.388888888888889,0.0,3282218745,0,0.9646812677383424,29.281784057617188,False,True,D0,scicore/home/schwede/durair0000/projects/plinder-org/Runs-N-Poses/data/paper_data/prediction_files/protenix/8plu__1__1.A__1.D/seed-3282218745_sample-0.cif,2.667252037449674,3.388888888888889,0.0,0.0,0.0,0.0,0.0,CC(C)c1ccc(C(=O)Nc2ccccn2)cc1,18,3,0.0,0.0,0.0,True,True,True,true,True,True,-0.0,-0.0,False,False
protenix|8qnh__1__1.A__1.B|1.B,kept_official,protenix,8qnh__1__1.A__1.B,1.B,0.276272927542405,0.126865671641791,0.17,0.88,0.066849712338891,101359649,0,0.9785206317901612,14.405341148376465,False,False,B0,scicore/home/schwede/durair0000/projects/plinder-org/Runs-N-Poses/data/paper_data/prediction_files/protenix/8qnh__1__1.A__1.B/seed-101359649_sample-0.cif,2.35878857811642,2.358974358974359,0.0,101359649,0,0.9785206317901612,14.405341148376465,False,False,B0,scicore/home/schwede/durair0000/projects/plinder-org/Runs-N-Poses/data/paper_data/prediction_files/protenix/8qnh__1__1.A__1.B/seed-101359649_sample-0.cif,2.35878857811642,2.358974358974359,0.0,0.0,0.0,0.0,0.0,CC1CC(c2cccc(N3Cc4c(cc(CN5CCC[C@H](C)C5)cc4C(F)(F)F)C3=O)c2)(c2nncn2C)C1,39,5,0.3684210526315789,0.4,0.3835616438356164,True,True,True,false,False,True,-0.0,-0.0,False,False
protenix|8qtj__1__1.A__1.E|1.E,kept_official,protenix,8qtj__1__1.A__1.E,1.E,0.2551152358977929,0.0833333333333333,0.15,0.88,0.0622428461556312,3201992261,0,0.9754906892776488,22.4620304107666,False,False,B0,scicore/home/schwede/durair0000/projects/plinder-org/Runs-N-Poses/data/paper_data/prediction_files/protenix/8qtj__1__1.A__1.E/seed-3201992261_sample-0.cif,2.744656967662518,2.611111111111111,0.0,3201992261,0,0.9754906892776488,22.4620304107666,False,False,B0,scicore/home/schwede/durair0000/projects/plinder-org/Runs-N-Poses/data/paper_data/prediction_files/protenix/8qtj__1__1.A__1.E/seed-3201992261_sample-0.cif,2.744656967662518,2.611111111111111,0.0,0.0,0.0,0.0,0.0,CC1CC(c2cccc(-c3cc(C(F)(F)F)cn([C@H](C)c4cnn(C)c4)c3=O)c2)(c2nncn2C)C1,36,5,0.3783783783783784,0.4242424242424242,0.4000000000000001,True,True,True,false,False,True,-0.0,-0.0,False,False
protenix|8rkq__1__1.A__1.E|1.E,kept_official,protenix,8rkq__1__1.A__1.E,1.E,0.2201963944506418,0.1129032258064516,0.31,0.39,0.1259013270919188,3432636792,0,0.95111483335495,46.943580627441406,False,False,C0,scicore/home/schwede/durair0000/projects/plinder-org/Runs-N-Poses/data/paper_data/prediction_files/protenix/8rkq__1__1.A__1.E/seed-3432636792_sample-0.cif,2.2821894303714125,1.7884615384615383,0.0,3432636792,0,0.95111483335495,46.943580627441406,False,False,C0,scicore/home/schwede/durair0000/projects/plinder-org/Runs-N-Poses/data/paper_data/prediction_files/protenix/8rkq__1__1.A__1.E/seed-3432636792_sample-0.cif,2.2821894303714125,1.7884615384615383,0.0,0.0,0.0,0.0,0.0,O=P(O)(O)Oc1c2c(c(OP(=O)(O)O)c3c1[C@H]1C[C@@H]3c3cc4c(cc31)[C@H]1C[C@@H]4c3ccccc31)[C@H]1C[C@@H]2c2cc3c(cc21)[C@H]1C[C@@H]3c2ccccc21,52,4,0.0,0.0,0.0,True,True,True,false,False,True,-0.0,-0.0,False,False
protenix|8se5__1__1.A_1.B__1.H|1.H,kept_official,protenix,8se5__1__1.A_1.B__1.H,1.H,0.2276427646665613,0.1417322834645669,0.26,0.47,0.0951823272698144,1147085245,0,0.948136568069458,2.4114882946014404,False,True,C0,scicore/home/schwede/durair0000/projects/plinder-org/Runs-N-Poses/data/paper_data/prediction_files/protenix/8se5__1__1.A_1.B__1.H/seed-1147085245_sample-0.cif,2.4671915357235763,2.725,0.0,1147085245,0,0.948136568069458,2.4114882946014404,False,True,C0,scicore/home/schwede/durair0000/projects/plinder-org/Runs-N-Poses/data/paper_data/prediction_files/protenix/8se5__1__1.A_1.B__1.H/seed-1147085245_sample-0.cif,2.4671915357235763,2.725,0.0,0.0,0.0,0.0,0.0,O=C(N[C@H](C(=O)N1C[C@@H]2C(CO)[C@@H]2C1)c1cccc(C(F)(F)F)c1)c1ccccc1-c1ccc(C(F)(F)F)cc1,40,6,0.8333333333333334,1.0,0.9090909090909092,True,True,True,true,True,True,-0.0,-0.0,False,False
protenix|8se6__1__1.A_1.B__1.F|1.F,kept_official,protenix,8se6__1__1.A_1.B__1.F,1.F,0.2066388537703408,0.126865671641791,0.22,0.46,0.0761793434785699,1727085155,0,0.9393518567085266,6.669803619384766,False,False,C0,scicore/home/schwede/durair0000/projects/plinder-org/Runs-N-Poses/data/paper_data/prediction_files/protenix/8se6__1__1.A_1.B__1.F/seed-1727085155_sample-0.cif,1.870688969982938,2.9,0.025,1727085155,0,0.9393518567085266,6.669803619384766,False,False,C0,scicore/home/schwede/durair0000/projects/plinder-org/Runs-N-Poses/data/paper_data/prediction_files/protenix/8se6__1__1.A_1.B__1.F/seed-1727085155_sample-0.cif,1.870688969982938,2.9,0.025,0.0,0.0,0.0,0.0,CN(C)C(=O)[C@@H](NC(=O)c1ccccc1-c1ccc(C(F)(F)F)cc1)c1cccc(N2CC(CC(F)(F)F)C2)c1,40,7,0.6842105263157895,0.7222222222222222,0.7027027027027027,False,True,False,false,False,True,-0.0,-0.0,False,False
protenix|8sft__1__1.A__1.E_1.F|1.F,kept_official,protenix,8sft__1__1.A__1.E_1.F,1.F,0.2587227711241899,0.0945945945945946,0.41,0.41,0.2055733150804093,167946474,0,0.984731137752533,7.308370590209961,False,True,C0,scicore/home/schwede/durair0000/projects/plinder-org/Runs-N-Poses/data/paper_data/prediction_files/protenix/8sft__1__1.A__1.E_1.F/seed-167946474_sample-0.cif,2.929395369616628,2.4285714285714284,0.0,167946474,0,0.984731137752533,7.308370590209961,False,True,C0,scicore/home/schwede/durair0000/projects/plinder-org/Runs-N-Poses/data/paper_data/prediction_files/protenix/8sft__1__1.A__1.E_1.F/seed-167946474_sample-0.cif,2.929395369616628,2.4285714285714284,0.0,0.0,0.0,0.0,0.0,O=c1c(O)c(-c2ccc(O)cc2)oc2cc(O)cc(O)c12,21,1,0.9,0.9473684210526316,0.9230769230769232,True,True,True,true,True,True,-0.0,-0.0,False,False
protenix|8skn__1__1.A__1.C|1.C,kept_official,protenix,8skn__1__1.A__1.C,1.C,0.2534375417046202,0.1346153846153846,0.18,0.73,0.0766107854461778,3385951845,0,0.9787906408309937,34.85675811767578,False,True,B0,scicore/home/schwede/durair0000/projects/plinder-org/Runs-N-Poses/data/paper_data/prediction_files/protenix/8skn__1__1.A__1.C/seed-3385951845_sample-0.cif,3.0728687257653875,1.4814814814814814,0.0,3385951845,0,0.9787906408309937,34.85675811767578,False,True,B0,scicore/home/schwede/durair0000/projects/plinder-org/Runs-N-Poses/data/paper_data/prediction_files/protenix/8skn__1__1.A__1.C/seed-3385951845_sample-0.cif,3.0728687257653875,1.4814814814814814,0.0,0.0,0.0,0.0,0.0,Cc1ccc(-c2cc(N3CCC3)c3cc(NC(=O)C(C)C)ccc3n2)cc1,27,4,0.0,0.0,0.0,True,True,True,true,True,True,-0.0,-0.0,False,False
protenix|8ts9__1__1.A__1.C|1.C,kept_official,protenix,8ts9__1__1.A__1.C,1.C,0.2502887110048306,0.1521739130434782,0.28,0.55,0.0851392071980657,683398552,0,0.940578818321228,22.28289794921875,False,True,C0,scicore/home/schwede/durair0000/projects/plinder-org/Runs-N-Poses/data/paper_data/prediction_files/protenix/8ts9__1__1.A__1.C/seed-683398552_sample-0.cif,2.84824089117248,2.03125,0.0,683398552,0,0.940578818321228,22.28289794921875,False,True,C0,scicore/home/schwede/durair0000/projects/plinder-org/Runs-N-Poses/data/paper_data/prediction_files/protenix/8ts9__1__1.A__1.C/seed-683398552_sample-0.cif,2.84824089117248,2.03125,0.0,0.0,0.0,0.0,0.0,CNC(=O)c1cnc(Nc2ccccc2C)c(NC(=O)c2cc(F)cc(C(F)(F)F)c2)c1,32,5,0.074074074074074,0.0625,0.0677966101694915,True,True,True,true,True,True,-0.0,-0.0,False,False
protenix|8tsa__1__1.A__1.C|1.C,kept_official,protenix,8tsa__1__1.A__1.C,1.C,0.2481654427459706,0.1428571428571428,0.28,0.55,0.0908272137298532,3030086399,0,0.9472386240959167,22.05770874023437,False,True,C0,scicore/home/schwede/durair0000/projects/plinder-org/Runs-N-Poses/data/paper_data/prediction_files/protenix/8tsa__1__1.A__1.C/seed-3030086399_sample-0.cif,2.7528416559459004,2.4482758620689653,0.0,3030086399,0,0.9472386240959167,22.05770874023437,False,True,C0,scicore/home/schwede/durair0000/projects/plinder-org/Runs-N-Poses/data/paper_data/prediction_files/protenix/8tsa__1__1.A__1.C/seed-3030086399_sample-0.cif,2.7528416559459004,2.4482758620689653,0.0,0.0,0.0,0.0,0.0,CNC(=O)c1cnc(Nc2ccccc2C)c(NC(=O)c2cc(F)cc(Br)c2)c1,29,5,0.0625,0.0689655172413793,0.0655737704918032,True,True,True,true,True,True,-0.0,-0.0,False,False
protenix|8tsd__1__1.A__1.C|1.C,kept_official,protenix,8tsd__1__1.A__1.C,1.C,0.2458009771866983,0.1391304347826087,0.28,0.55,0.085526625063926,3868831368,0,0.9324649572372437,24.25583267211914,False,False,C0,scicore/home/schwede/durair0000/projects/plinder-org/Runs-N-Poses/data/paper_data/prediction_files/protenix/8tsd__1__1.A__1.C/seed-3868831368_sample-0.cif,1.8431123178564028,2.86046511627907,0.0232558139534883,3868831368,0,0.9324649572372437,24.25583267211914,False,False,C0,scicore/home/schwede/durair0000/projects/plinder-org/Runs-N-Poses/data/paper_data/prediction_files/protenix/8tsd__1__1.A__1.C/seed-3868831368_sample-0.cif,1.8431123178564028,2.86046511627907,0.0232558139534883,0.0,0.0,0.0,0.0,N#Cc1c(-c2cc(NC(=O)c3cc(F)cc(C(F)(F)F)c3)c3c(c2)C(=O)N[C@H]3c2cc(F)ccc2Cl)ccc2ncnn12,43,4,0.1052631578947368,0.1111111111111111,0.1081081081081081,False,True,False,false,False,True,-0.0,-0.0,False,False
protenix|8v8j__1__1.A__1.F|1.F,kept_official,protenix,8v8j__1__1.A__1.F,1.F,0.2433269679718444,0.1485148514851485,0.27,0.54,0.0792338497602122,3297575274,0,0.946653425693512,24.392986297607425,False,False,C0,scicore/home/schwede/durair0000/projects/plinder-org/Runs-N-Poses/data/paper_data/prediction_files/protenix/8v8j__1__1.A__1.F/seed-3297575274_sample-0.cif,2.6506101484345064,0.9117647058823528,0.0,3297575274,0,0.946653425693512,24.392986297607425,False,False,C0,scicore/home/schwede/durair0000/projects/plinder-org/Runs-N-Poses/data/paper_data/prediction_files/protenix/8v8j__1__1.A__1.F/seed-3297575274_sample-0.cif,2.6506101484345064,0.9117647058823528,0.0,0.0,0.0,0.0,0.0,Cc1ccccc1[C@@H]1NC(=O)c2cc(NC3COC3)cc(NC(=O)c3csc4ccccc34)c21,34,5,0.037037037037037,0.0384615384615384,0.0377358490566037,True,False,True,false,False,True,-0.0,-0.0,False,False
protenix|8v8m__1__1.A__1.F_1.G|1.F,kept_official,protenix,8v8m__1__1.A__1.F_1.G,1.F,0.1885247391342281,0.055045871559633,0.06,0.74,0.0312934204417828,3681779934,0,0.9763139486312866,22.62637519836425,False,True,D0,scicore/home/schwede/durair0000/projects/plinder-org/Runs-N-Poses/data/paper_data/prediction_files/protenix/8v8m__1__1.A__1.F_1.G/seed-3681779934_sample-0.cif,2.887419756882485,3.45,0.0,3681779934,0,0.9763139486312866,22.62637519836425,False,True,D0,scicore/home/schwede/durair0000/projects/plinder-org/Runs-N-Poses/data/paper_data/prediction_files/protenix/8v8m__1__1.A__1.F_1.G/seed-3681779934_sample-0.cif,2.887419756882485,3.45,0.0,0.0,0.0,0.0,0.0,O=C1C[C@@H](c2ccc(O)cc2)Oc2cc(O)cc(O)c21,20,1,0.0,0.0,0.0,True,True,True,true,True,True,-0.0,-0.0,False,False
protenix|8v8m__1__1.A__1.F_1.G|1.G,kept_official,protenix,8v8m__1__1.A__1.F_1.G,1.G,0.1885658100305215,0.055045871559633,0.06,0.74,0.03149877492325,3681779934,0,0.9763139486312866,22.62637519836425,False,True,D0,scicore/home/schwede/durair0000/projects/plinder-org/Runs-N-Poses/data/paper_data/prediction_files/protenix/8v8m__1__1.A__1.F_1.G/seed-3681779934_sample-0.cif,2.887419756882485,3.45,0.0,3681779934,0,0.9763139486312866,22.62637519836425,False,True,D0,scicore/home/schwede/durair0000/projects/plinder-org/Runs-N-Poses/data/paper_data/prediction_files/protenix/8v8m__1__1.A__1.F_1.G/seed-3681779934_sample-0.cif,2.887419756882485,3.45,0.0,0.0,0.0,0.0,0.0,O=C1C[C@@H](c2ccc(O)cc2)Oc2cc(O)cc(O)c21,20,1,,,,True,True,True,true,True,True,-0.0,-0.0,False,False
protenix|8wsm__1__1.A__1.D|1.D,kept_official,protenix,8wsm__1__1.A__1.D,1.D,0.1839906597772967,0.088235294117647,0.24,0.38,0.0855415341806015,1578418802,0,0.9712428450584412,13.54829216003418,False,False,B0,scicore/home/schwede/durair0000/projects/plinder-org/Runs-N-Poses/data/paper_data/prediction_files/protenix/8wsm__1__1.A__1.D/seed-1578418802_sample-0.cif,2.471225359019788,3.2333333333333334,0.0,1578418802,0,0.9712428450584412,13.54829216003418,False,False,B0,scicore/home/schwede/durair0000/projects/plinder-org/Runs-N-Poses/data/paper_data/prediction_files/protenix/8wsm__1__1.A__1.D/seed-1578418802_sample-0.cif,2.471225359019788,3.2333333333333334,0.0,0.0,0.0,0.0,0.0,Cc1ccc(C(F)(F)F)cc1Nc1nc(C(=O)NS(=O)(=O)N2CCCOCC2)co1,30,5,0.1071428571428571,0.1034482758620689,0.1052631578947368,True,True,True,false,False,True,-0.0,-0.0,False,False
af3_no_template|5s9y__1__1.A__1.K|1.K,,af3_no_template,5s9y__1__1.A__1.K,1.K,0.3165569474505974,0.0909090909090909,0.5,0.53,0.268693828162078,772443727,3,0.9251314649928764,33.0554084777832,False,True,C,scicore/home/schwede/durair0000/projects/plinder-org/Runs-N-Poses/data/paper_data/prediction_files/af3_no_templ/5s9y__1__1.A__1.K/seed-772443727_sample-3.cif,2.8879369889436286,3.6,0.0,728188028,1,0.9218231098633676,14.26886749267578,False,,C,scicore/home/schwede/durair0000/projects/plinder-org/Runs-N-Poses/data/paper_data/prediction_files/af3_no_templ/5s9y__1__1.A__1.K/seed-728188028_sample-1.cif,2.2671596463420127,3.8,0.0,-18.786540985107425,-0.0033083551295087,0.1999999999999997,0.0,COC(=O)c1cccc(NS(C)(=O)=O)c1,15,3,,,,True,True,True,missing,True,True,18.786540985107425,0.0033083551295087,False,False
chai|8f4s__1__1.A__1.D_1.E|1.D,,chai,8f4s__1__1.A__1.D_1.E,1.D,0.3458168133871822,0.0444444444444444,0.38,1.0,0.1763062891581333,7765,1,0.9192739,30.94329833984375,False,False,C,scicore/home/schwede/durair0000/projects/plinder-org/Runs-N-Poses/data/paper_data/prediction_files/chai/8f4s__1__1.A__1.D_1.E/seed-7765_sample-1.cif,2.1059159655348068,2.1904761904761907,0.0,4277,0,0.9099486,21.688217163085938,False,,C,scicore/home/schwede/durair0000/projects/plinder-org/Runs-N-Poses/data/paper_data/prediction_files/chai/8f4s__1__1.A__1.D_1.E/seed-4277_sample-0.cif,2.3843647740408382,2.333333333333333,0.0,-9.255081176757812,-0.0093252999999999,0.1428571428571423,0.0,Oc1nc(/C=C/c2ccc(Cl)cc2Cl)cc(C(F)(F)F)n1,21,2,0.0588235294117647,0.0416666666666666,0.048780487804878,True,True,True,missing,True,True,9.255081176757812,0.0093252999999999,False,False
boltz2|8iw3__1__1.A_1.B__1.C|1.C,,boltz2,8iw3__1__1.A_1.B__1.C,1.C,0.3413531917811083,0.1282051282051282,0.65,0.45,0.2199069845465672,3098651424,0,0.9061641097068788,6.636993408203125,False,,C,scicore/home/schwede/durair0000/projects/plinder-org/Runs-N-Poses/data/paper_data/prediction_files/boltz2/8iw3__1__1.A_1.B__1.C/seed-3098651424_sample-0.cif,2.215375403546579,5.037037037037037,0.0,3098651424,4,0.8964690566062927,3.192897319793701,False,,C,scicore/home/schwede/durair0000/projects/plinder-org/Runs-N-Poses/data/paper_data/prediction_files/boltz2/8iw3__1__1.A_1.B__1.C/seed-3098651424_sample-4.cif,2.76458519177674,2.0,0.0,-3.444096088409424,-0.009695053100586,-3.037037037037037,0.0,CCOC(=O)c1ccccc1S(=O)(=O)NC(=O)Nc1nc(Cl)cc(OC)n1,27,6,,,,True,True,True,missing,True,True,3.444096088409424,0.009695053100586,False,False
boltz2|8uk6__1__1.A__1.C|1.C,,boltz2,8uk6__1__1.A__1.C,1.C,0.2514241671361352,0.1038961038961038,0.29,0.57,0.1428026538624943,788593060,0,0.8574153184890747,21.655202865600582,False,,B,scicore/home/schwede/durair0000/projects/plinder-org/Runs-N-Poses/data/paper_data/prediction_files/boltz2/8uk6__1__1.A__1.C/seed-788593060_sample-0.cif,2.744173227477453,2.6875,0.0,3997807317,3,0.8182234168052673,20.331647872924805,False,,B,scicore/home/schwede/durair0000/projects/plinder-org/Runs-N-Poses/data/paper_data/prediction_files/boltz2/8uk6__1__1.A__1.C/seed-3997807317_sample-3.cif,2.295862939782656,2.8125,0.0,-1.3235549926757777,-0.0391919016838073,0.125,0.0,O=C(/C=C/c1cccs1)Nc1ncccn1,16,3,,,,True,True,True,missing,True,False,1.3235549926757777,0.0391919016838073,False,False
boltz|8ome__1__1.A_1.D__1.E|1.E,,boltz,8ome__1__1.A_1.D__1.E,1.E,0.33950160667139,0.0555555555555555,0.79,0.33,0.2827858111347281,2091733658,0,0.9130391478538512,3.441528558731079,False,True,C,scicore/home/schwede/durair0000/projects/plinder-org/Runs-N-Poses/data/paper_data/prediction_files/boltz/8ome__1__1.A_1.D__1.E/seed-2091733658_sample-0.cif,2.7731204269598284,1.8285714285714283,0.0,2091733658,4,0.9034144282341005,2.1572673320770264,False,,C,scicore/home/schwede/durair0000/projects/plinder-org/Runs-N-Poses/data/paper_data/prediction_files/boltz/8ome__1__1.A_1.D__1.E/seed-2091733658_sample-4.cif,2.0310282665407176,1.5714285714285714,0.0,-1.2842612266540527,-0.0096247196197507,-0.2571428571428569,0.0,CS(=O)(=O)c1cccc2[nH]c3c(c12)CCCc1ccc(CN2CC[C@](O)(c4ccccc4)C2)cc1-3,35,4,0.9,0.9310344827586208,0.9152542372881356,True,True,True,missing,True,True,1.2842612266540527,0.0096247196197507,False,False
boltz2|8ovr__1__1.A__1.B|1.B,,boltz2,8ovr__1__1.A__1.B,1.B,0.341437185481288,0.0555555555555555,0.7,0.42,0.3149637051842178,3941361650,0,0.8983504176139832,7.863775730133057,False,,B,scicore/home/schwede/durair0000/projects/plinder-org/Runs-N-Poses/data/paper_data/prediction_files/boltz2/8ovr__1__1.A__1.B/seed-3941361650_sample-0.cif,2.5816957344282128,3.8333333333333335,0.0,1822757400,4,0.8799343109130859,6.603523254394531,False,,B,scicore/home/schwede/durair0000/projects/plinder-org/Runs-N-Poses/data/paper_data/prediction_files/boltz2/8ovr__1__1.A__1.B/seed-1822757400_sample-4.cif,2.8764451916706872,2.388888888888889,0.0,-1.2602524757385254,-0.0184161067008972,-1.4444444444444446,0.0,O=S(=O)(O)CCN1CCN(CCS(=O)(=O)O)CC1,18,6,,,,True,True,True,missing,True,True,1.2602524757385254,0.0184161067008972,False,False
boltz1x|7ypv__1__1.A_1.B__1.J|1.J,,boltz1x,7ypv__1__1.A_1.B__1.J,1.J,0.303317455741346,0.0970873786407767,0.6,0.38,0.2166843660853709,3776638730,0,0.8322098851203918,8.287858009338379,False,True,C,scicore/home/schwede/durair0000/projects/plinder-org/Runs-N-Poses/data/paper_data/prediction_files/boltz1x/7ypv__1__1.A_1.B__1.J/seed-3776638730_sample-0.cif,2.462902712216287,3.057142857142857,0.0,4210791398,1,0.8317112326622009,7.321201801300049,False,,C,scicore/home/schwede/durair0000/projects/plinder-org/Runs-N-Poses/data/paper_data/prediction_files/boltz1x/7ypv__1__1.A_1.B__1.J/seed-4210791398_sample-1.cif,2.460463265065389,3.057142857142857,0.0,-0.96665620803833,-0.0004986524581909,0.0,0.0,NCCC[C@H](N)CC(=O)N[C@@H]1[C@H](O)[C@@H](OC(N)=O)[C@@H](CO)O[C@H]1NC1=N[C@@H]2C(=O)NC[C@@H](O)[C@H]2N1,35,9,,,,True,True,True,missing,True,True,0.96665620803833,0.0004986524581909,False,False
af3|8p1p__1__1.A__1.E|1.E,,af3,8p1p__1__1.A__1.E,1.E,0.310541540702914,0.0952380952380952,0.56,0.43,0.2560410368479032,3317853843,0,0.6003982529038848,3.069862604141236,False,False,C,scicore/home/schwede/durair0000/projects/plinder-org/Runs-N-Poses/data/paper_data/prediction_files/af3/8p1p__1__1.A__1.E/seed-3317853843_sample-0.cif,1.7181793891493278,4.52,0.2,1432378430,1,0.4828952859278249,2.1103169918060303,False,,C,scicore/home/schwede/durair0000/projects/plinder-org/Runs-N-Poses/data/paper_data/prediction_files/af3/8p1p__1__1.A__1.E/seed-1432378430_sample-1.cif,2.196261687029336,5.28,0.0,-0.9595456123352056,-0.1175029669760599,0.7600000000000007,-0.2,OCCNCc1cc(Br)ccc1OCc1ccc(F)c(C(F)(F)F)c1,25,7,0.7083333333333334,0.6296296296296297,0.6666666666666667,True,True,True,missing,True,False,0.9595456123352056,0.1175029669760599,False,False
af3|8sft__1__1.A__1.E_1.F|1.F,,af3,8sft__1__1.A__1.E_1.F,1.F,0.2587227711241899,0.0945945945945946,0.41,0.41,0.2055733150804093,3630134658,3,0.930944607636533,4.15265703201294,False,False,C,scicore/home/schwede/durair0000/projects/plinder-org/Runs-N-Poses/data/paper_data/prediction_files/af3/8sft__1__1.A__1.E_1.F/seed-3630134658_sample-3.cif,2.0122208768766003,3.1904761904761907,0.0,3167406982,4,0.8749638296669805,3.312940120697021,False,,C,scicore/home/schwede/durair0000/projects/plinder-org/Runs-N-Poses/data/paper_data/prediction_files/af3/8sft__1__1.A__1.E_1.F/seed-3167406982_sample-4.cif,2.590659368190017,2.380952380952381,0.0,-0.8397169113159193,-0.0559807779695524,-0.8095238095238098,0.0,O=c1c(O)c(-c2ccc(O)cc2)oc2cc(O)cc(O)c12,21,1,0.8095238095238095,0.8947368421052632,0.8500000000000001,True,True,True,missing,True,False,0.8397169113159193,0.0559807779695524,False,False
boltz1x|8gu1__1__1.A_1.B__1.D|1.D,,boltz1x,8gu1__1__1.A_1.B__1.D,1.D,0.3404511860017241,0.0769230769230769,0.76,0.39,0.2276405453932357,139424986,0,0.6982645392417908,7.185455322265625,False,True,C,scicore/home/schwede/durair0000/projects/plinder-org/Runs-N-Poses/data/paper_data/prediction_files/boltz1x/8gu1__1__1.A_1.B__1.D/seed-139424986_sample-0.cif,2.5215125004792465,2.8823529411764706,0.0,2764438912,1,0.6860679388046265,6.4734320640563965,False,,C,scicore/home/schwede/durair0000/projects/plinder-org/Runs-N-Poses/data/paper_data/prediction_files/boltz1x/8gu1__1__1.A_1.B__1.D/seed-2764438912_sample-1.cif,2.5433407386635265,2.617647058823529,0.0,-0.7120232582092285,-0.0121966004371643,-0.2647058823529415,0.0,O=c1[nH]c2ccccc2n1C1CCN(CCCC(c2ccc(F)cc2)c2ccc(F)cc2)CC1,34,7,,,,True,True,True,missing,True,True,0.7120232582092285,0.0121966004371643,False,False
af3_no_template|7zzw__1__1.A__1.E_1.M|1.M,,af3_no_template,7zzw__1__1.A__1.E_1.M,1.M,0.1992757503179593,0.0163934426229508,0.25,0.58,0.0751902269996327,2222967419,0,0.9226984449553044,27.007537841796875,False,True,C,scicore/home/schwede/durair0000/projects/plinder-org/Runs-N-Poses/data/paper_data/prediction_files/af3_no_templ/7zzw__1__1.A__1.E_1.M/seed-2222967419_sample-0.cif,3.281871769567249,0.8461538461538461,0.0,377727807,2,0.8325452065247594,26.39048194885254,False,,C,scicore/home/schwede/durair0000/projects/plinder-org/Runs-N-Poses/data/paper_data/prediction_files/af3_no_templ/7zzw__1__1.A__1.E_1.M/seed-377727807_sample-2.cif,2.2615563837175063,4.6923076923076925,0.0,-0.6170558929443359,-0.090153238430545,3.8461538461538463,0.0,O=S(=O)([O-])CC[NH2+]C1CCCCC1,13,4,,,,True,True,True,missing,True,False,0.6170558929443359,0.090153238430545,False,False
protenix|8jb3__1__1.A__1.B|1.B,,protenix,8jb3__1__1.A__1.B,1.B,0.342772727817712,0.4307692307692308,0.25,0.49,0.1575174852424065,3088908088,0,0.9853151440620422,25.278589248657227,False,True,B0,scicore/home/schwede/durair0000/projects/plinder-org/Runs-N-Poses/data/paper_data/prediction_files/protenix/8jb3__1__1.A__1.B/seed-3088908088_sample-0.cif,2.407334975377774,3.736842105263158,0.0,3088908088,3,0.9779553413391112,24.758604049682617,False,,B0,scicore/home/schwede/durair0000/projects/plinder-org/Runs-N-Poses/data/paper_data/prediction_files/protenix/8jb3__1__1.A__1.B/seed-3088908088_sample-3.cif,2.202781413411499,3.0526315789473686,0.0,-0.5199851989746094,-0.007359802722931,-0.6842105263157894,0.0,O=c1[nH]cnc2c1ncn2[C@@H]1O[C@H](CO)[C@@H](O)[C@H]1O,19,2,0.782608695652174,0.782608695652174,0.782608695652174,True,True,True,missing,True,True,0.5199851989746094,0.007359802722931,False,False
chai|8clq__1__1.A__1.E|1.E,,chai,8clq__1__1.A__1.E,1.E,0.138911915292457,0.1538461538461538,0.05,0.34,0.0228288072315159,2741,2,0.94573057,5.472013473510742,False,False,F,scicore/home/schwede/durair0000/projects/plinder-org/Runs-N-Poses/data/paper_data/prediction_files/chai/8clq__1__1.A__1.E/seed-2741_sample-2.cif,2.0553391104023344,2.583333333333333,0.0,2741,3,0.94496053,5.160905838012695,False,,G,scicore/home/schwede/durair0000/projects/plinder-org/Runs-N-Poses/data/paper_data/prediction_files/chai/8clq__1__1.A__1.E/seed-2741_sample-3.cif,2.636022803334071,2.7916666666666665,0.0,-0.3111076354980469,-0.00077004,0.2083333333333334,0.0,C[C@H](O)CCCC(=O)CCC/C=C/c1cc(O)cc(O)c1C(=O)O,24,10,0.9285714285714286,0.6842105263157895,0.7878787878787878,True,True,True,missing,True,True,0.3111076354980469,0.00077004,False,False
protenix|8ivt__1__1.A_1.B__1.F|1.F,,protenix,8ivt__1__1.A_1.B__1.F,1.F,0.3347984178695694,0.136986301369863,0.62,0.45,0.2092660619505868,2335768881,0,0.9748708009719848,2.8038620948791504,False,False,C0,scicore/home/schwede/durair0000/projects/plinder-org/Runs-N-Poses/data/paper_data/prediction_files/protenix/8ivt__1__1.A_1.B__1.F/seed-2335768881_sample-0.cif,1.917736716613366,2.333333333333333,0.037037037037037,2335768881,3,0.9710593819618224,2.5027830600738525,False,,C0,scicore/home/schwede/durair0000/projects/plinder-org/Runs-N-Poses/data/paper_data/prediction_files/protenix/8ivt__1__1.A_1.B__1.F/seed-2335768881_sample-3.cif,2.8137335423385865,2.259259259259259,0.0,-0.3010790348052978,-0.0038114190101623,-0.0740740740740739,-0.037037037037037,COC(=O)c1ccccc1S(=O)(=O)NC(=O)N(C)c1nc(C)nc(OC)n1,27,5,0.9166666666666666,0.9166666666666666,0.9166666666666666,True,True,True,missing,True,True,0.3010790348052978,0.0038114190101623,False,False
boltz|8uk6__1__1.A__1.C|1.C,,boltz,8uk6__1__1.A__1.C,1.C,0.2514241671361352,0.1038961038961038,0.29,0.57,0.1428026538624943,3420008819,0,0.915557026863098,19.532968521118164,False,False,B,scicore/home/schwede/durair0000/projects/plinder-org/Runs-N-Poses/data/paper_data/prediction_files/boltz/8uk6__1__1.A__1.C/seed-3420008819_sample-0.cif,2.174449306726129,4.25,0.0,3420008819,3,0.9112531542778016,19.31054878234864,False,,B,scicore/home/schwede/durair0000/projects/plinder-org/Runs-N-Poses/data/paper_data/prediction_files/boltz/8uk6__1__1.A__1.C/seed-3420008819_sample-3.cif,2.549250873141792,3.3125,0.0,-0.2224197387695241,-0.0043038725852964,-0.9375,0.0,O=C(/C=C/c1cccs1)Nc1ncccn1,16,3,0.0909090909090909,0.0952380952380952,0.0930232558139534,True,True,True,missing,True,True,0.2224197387695241,0.0043038725852964,False,False
af3_no_template|8etl__1__1.A__1.C|1.C,,af3_no_template,8etl__1__1.A__1.C,1.C,0.2218328232279351,0.1636363636363636,0.17,0.52,0.0903004797760394,1192868106,1,0.985376297193443,1.4564472436904907,True,False,B,scicore/home/schwede/durair0000/projects/plinder-org/Runs-N-Poses/data/paper_data/prediction_files/af3_no_templ/8etl__1__1.A__1.C/seed-1192868106_sample-1.cif,2.4149188870264364,4.235294117647059,0.0,1192868106,4,0.9802728202227836,1.2491815090179443,True,,B,scicore/home/schwede/durair0000/projects/plinder-org/Runs-N-Poses/data/paper_data/prediction_files/af3_no_templ/8etl__1__1.A__1.C/seed-1192868106_sample-4.cif,2.4815579969710604,3.823529411764706,0.0,-0.2072657346725464,-0.0051034769706593,-0.4117647058823528,0.0,CCCCN[C@H]1C[C@](O)(CO)[C@@H](O)[C@H](O)[C@H]1O,17,5,,,,True,True,True,missing,True,True,0.2072657346725464,0.0051034769706593,False,False
af3|7zkw__1__1.A_1.C__1.E|1.E,,af3,7zkw__1__1.A_1.C__1.E,1.E,0.1516742023393495,0.0465116279069767,0.07,0.55,0.0394756628595385,2072281134,3,0.552764232211128,2.4810261726379395,False,False,C,scicore/home/schwede/durair0000/projects/plinder-org/Runs-N-Poses/data/paper_data/prediction_files/af3/7zkw__1__1.A_1.C__1.E/seed-2072281134_sample-3.cif,2.0349203732792045,4.142857142857143,0.0,1954157452,3,0.4451230187453764,2.292966365814209,False,,C,scicore/home/schwede/durair0000/projects/plinder-org/Runs-N-Poses/data/paper_data/prediction_files/af3/7zkw__1__1.A_1.C__1.E/seed-1954157452_sample-3.cif,2.668968613692659,4.0,0.0,-0.1880598068237304,-0.1076412134657516,-0.1428571428571432,0.0,N[C@@H](CSSC[C@H](N)C(=O)O)C(=O)O,14,7,0.95,0.6333333333333333,0.7599999999999999,True,True,True,missing,True,False,0.1880598068237304,0.1076412134657516,False,False
protenix|8qtg__1__1.A__1.B|1.B,,protenix,8qtg__1__1.A__1.B,1.B,0.2245431733599726,0.0725806451612903,0.07,0.88,0.0281997377676052,2436248613,0,0.9777435064315796,11.515708923339844,False,True,B0,scicore/home/schwede/durair0000/projects/plinder-org/Runs-N-Poses/data/paper_data/prediction_files/protenix/8qtg__1__1.A__1.B/seed-2436248613_sample-0.cif,2.881774782014731,2.357142857142857,0.0,3201257656,3,0.9616217613220216,11.33940601348877,False,,B0,scicore/home/schwede/durair0000/projects/plinder-org/Runs-N-Poses/data/paper_data/prediction_files/protenix/8qtg__1__1.A__1.B/seed-3201257656_sample-3.cif,2.2302561854877947,4.321428571428571,0.0,-0.1763029098510742,-0.0161217451095579,1.964285714285714,0.0,CC1CC(c2cccc(-c3cc(C(F)(F)F)c[nH]c3=O)c2)(c2nncn2C)C1,28,3,0.6875,0.3793103448275862,0.4888888888888889,True,True,True,missing,True,True,0.1763029098510742,0.0161217451095579,False,False
protenix|7nsn__1__1.A__1.J|1.J,,protenix,7nsn__1__1.A__1.J,1.J,0.3241284991335423,0.1363636363636363,0.55,0.37,0.3245061320313476,1024085740,0,0.9614741802215576,16.67972183227539,False,False,B0,scicore/home/schwede/durair0000/projects/plinder-org/Runs-N-Poses/data/paper_data/prediction_files/protenix/7nsn__1__1.A__1.J/seed-1024085740_sample-0.cif,2.350526777782617,4.0,0.0,2700363697,1,0.9533240795135498,16.522808074951172,False,,B0,scicore/home/schwede/durair0000/projects/plinder-org/Runs-N-Poses/data/paper_data/prediction_files/protenix/7nsn__1__1.A__1.J/seed-2700363697_sample-1.cif,2.368347383142198,4.071428571428571,0.0,-0.1569137573242187,-0.0081501007080078,0.0714285714285711,0.0,OC[C@@H]1[C@@H](O)[C@H](O)[C@H](O)c2nccn21,14,1,0.0,0.0,0.0,True,True,True,missing,True,True,0.1569137573242187,0.0081501007080078,False,False
chai|8p1p__1__1.A__1.E|1.E,,chai,8p1p__1__1.A__1.E,1.E,0.310541540702914,0.0952380952380952,0.56,0.43,0.2560410368479032,577,0,0.58226323,17.34786033630371,False,False,C,scicore/home/schwede/durair0000/projects/plinder-org/Runs-N-Poses/data/paper_data/prediction_files/chai/8p1p__1__1.A__1.E/seed-577_sample-0.cif,2.082099788778604,3.52,0.0,4527,3,0.56410646,17.238323211669922,False,,D,scicore/home/schwede/durair0000/projects/plinder-org/Runs-N-Poses/data/paper_data/prediction_files/chai/8p1p__1__1.A__1.E/seed-4527_sample-3.cif,2.8303942721670863,2.76,0.0,-0.109537124633789,-0.01815677,-0.7600000000000002,0.0,OCCNCc1cc(Br)ccc1OCc1ccc(F)c(C(F)(F)F)c1,25,7,0.0833333333333333,0.074074074074074,0.0784313725490196,True,True,True,missing,True,True,0.109537124633789,0.01815677,False,False
af3|8jjn__1__1.A__1.D_1.E|1.D,,af3,8jjn__1__1.A__1.D_1.E,1.D,0.1096268929228776,0.0769230769230769,0.03,0.37,0.0060190799990036,2480418626,2,0.9425108960048828,0.6756086349487305,True,True,B,scicore/home/schwede/durair0000/projects/plinder-org/Runs-N-Poses/data/paper_data/prediction_files/af3/8jjn__1__1.A__1.D_1.E/seed-2480418626_sample-2.cif,2.5091262799888248,3.638888888888889,0.0,154595354,1,0.9356996599958802,0.5917181372642517,True,,B,scicore/home/schwede/durair0000/projects/plinder-org/Runs-N-Poses/data/paper_data/prediction_files/af3/8jjn__1__1.A__1.D_1.E/seed-154595354_sample-1.cif,2.3676042561954374,4.0,0.0,-0.0838904976844787,-0.0068112360090025,0.3611111111111111,0.0,O=c1ccn([C@@H]2O[C@H](CO[P@](=O)(O)O[P@](=O)(O)O[C@H]3O[C@H](CO)[C@@H](O)[C@H](O)[C@H]3O)[C@@H](O)[C@H]2O)c(=O)[nH]1,36,9,0.9743589743589745,0.9743589743589745,0.9743589743589745,True,True,True,missing,True,True,0.0838904976844787,0.0068112360090025,False,False
af3|8wsm__1__1.A__1.D|1.D,,af3,8wsm__1__1.A__1.D,1.D,0.1839906597772967,0.088235294117647,0.24,0.38,0.0855415341806015,3856485836,3,0.8006424590494915,16.863061904907227,False,False,B,scicore/home/schwede/durair0000/projects/plinder-org/Runs-N-Poses/data/paper_data/prediction_files/af3/8wsm__1__1.A__1.D/seed-3856485836_sample-3.cif,2.360576141095928,2.833333333333333,0.0,2848864965,0,0.7863859307037792,16.783645629882812,False,,B,scicore/home/schwede/durair0000/projects/plinder-org/Runs-N-Poses/data/paper_data/prediction_files/af3/8wsm__1__1.A__1.D/seed-2848864965_sample-0.cif,2.74892182292423,2.033333333333333,0.0,-0.079416275024414,-0.0142565283457123,-0.7999999999999998,0.0,Cc1ccc(C(F)(F)F)cc1Nc1nc(C(=O)NS(=O)(=O)N2CCCOCC2)co1,30,5,0.1111111111111111,0.1034482758620689,0.1071428571428571,True,True,True,missing,True,True,0.079416275024414,0.0142565283457123,False,False
boltz2|8p1p__1__1.A__1.E|1.E,,boltz2,8p1p__1__1.A__1.E,1.E,0.310541540702914,0.0952380952380952,0.56,0.43,0.2560410368479032,2619971561,0,0.91501122713089,3.757797718048096,False,,B,scicore/home/schwede/durair0000/projects/plinder-org/Runs-N-Poses/data/paper_data/prediction_files/boltz2/8p1p__1__1.A__1.E/seed-2619971561_sample-0.cif,2.629104637109398,3.52,0.0,1581892514,4,0.8954493403434753,3.681951284408569,False,,B,scicore/home/schwede/durair0000/projects/plinder-org/Runs-N-Poses/data/paper_data/prediction_files/boltz2/8p1p__1__1.A__1.E/seed-1581892514_sample-4.cif,2.966357903260978,2.76,0.0,-0.0758464336395272,-0.0195618867874146,-0.7600000000000002,0.0,OCCNCc1cc(Br)ccc1OCc1ccc(F)c(C(F)(F)F)c1,25,7,,,,True,True,True,missing,True,True,0.0758464336395272,0.0195618867874146,False,False
af3_no_template|7xxc__1__1.A_1.B_1.D__1.M|1.M,,af3_no_template,7xxc__1__1.A_1.B_1.D__1.M,1.M,0.1319110329473513,0.1119402985074626,0.04,0.4,0.0136596423486969,4013421944,4,0.9071708302330068,8.202288627624512,False,False,P,scicore/home/schwede/durair0000/projects/plinder-org/Runs-N-Poses/data/paper_data/prediction_files/af3_no_templ/7xxc__1__1.A_1.B_1.D__1.M/seed-4013421944_sample-4.cif,1.8113119816957128,2.033333333333333,0.0333333333333333,1321191003,3,0.9015686454396395,8.140079498291016,False,,O,scicore/home/schwede/durair0000/projects/plinder-org/Runs-N-Poses/data/paper_data/prediction_files/af3_no_templ/7xxc__1__1.A_1.B_1.D__1.M/seed-1321191003_sample-3.cif,2.8210053175728054,1.5333333333333334,0.0,-0.062209129333496,-0.0056021847933672,-0.4999999999999998,-0.0333333333333333,NCC(=O)N[C@@H]1[C@H](O)[C@@H](OC(N)=O)[C@@H](CO)O[C@H]1/N=C1\N[C@@H]2[C@H](O)CNC(=O)[C@H]2N1,30,5,,,,True,True,True,missing,True,True,0.062209129333496,0.0056021847933672,False,False
boltz1x|8etl__1__1.A__1.C|1.C,,boltz1x,8etl__1__1.A__1.C,1.C,0.2218328232279351,0.1636363636363636,0.17,0.52,0.0903004797760394,922798092,0,0.9118264317512512,2.0846996307373047,False,True,B,scicore/home/schwede/durair0000/projects/plinder-org/Runs-N-Poses/data/paper_data/prediction_files/boltz1x/8etl__1__1.A__1.C/seed-922798092_sample-0.cif,2.43635509127767,4.117647058823529,0.0,3648222222,4,0.9092894792556764,2.0353105068206787,False,,B,scicore/home/schwede/durair0000/projects/plinder-org/Runs-N-Poses/data/paper_data/prediction_files/boltz1x/8etl__1__1.A__1.C/seed-3648222222_sample-4.cif,2.7667674858624145,3.235294117647059,0.0,-0.0493891239166259,-0.0025369524955748,-0.8823529411764701,0.0,CCCCN[C@H]1C[C@](O)(CO)[C@@H](O)[C@H](O)[C@H]1O,17,5,,,,True,True,True,missing,True,True,0.0493891239166259,0.0025369524955748,False,False
protenix|8gyd__1__1.A_1.B__1.K|1.K,,protenix,8gyd__1__1.A_1.B__1.K,1.K,0.3352742218001122,0.1346153846153846,0.6,0.46,0.230794185923638,199148236,0,0.959678053855896,13.98902988433838,False,False,C0,scicore/home/schwede/durair0000/projects/plinder-org/Runs-N-Poses/data/paper_data/prediction_files/protenix/8gyd__1__1.A_1.B__1.K/seed-199148236_sample-0.cif,2.323683323814014,1.804878048780488,0.0,976351362,4,0.9464300274848938,13.94076919555664,False,,C0,scicore/home/schwede/durair0000/projects/plinder-org/Runs-N-Poses/data/paper_data/prediction_files/protenix/8gyd__1__1.A_1.B__1.K/seed-976351362_sample-4.cif,2.754677134127081,2.609756097560976,0.0,-0.04826068878174,-0.0132480263710021,0.8048780487804881,0.0,O=C(O)[C@H](Cc1ccc(Cl)cc1)Cn1c(-c2ccc(Cl)s2)nc2ccc(-c3ccccc3-c3nnn[nH]3)cc2c1=O,41,8,0.4210526315789473,0.3478260869565217,0.380952380952381,True,True,True,missing,True,True,0.04826068878174,0.0132480263710021,False,False
af3_no_template|7qea__1__1.A__1.C|1.C,,af3_no_template,7qea__1__1.A__1.C,1.C,0.3306697072991383,0.2117647058823529,0.54,0.39,0.217760301201574,3543157738,2,0.9565809515794924,1.99006187915802,True,False,B,scicore/home/schwede/durair0000/projects/plinder-org/Runs-N-Poses/data/paper_data/prediction_files/af3_no_templ/7qea__1__1.A__1.C/seed-3543157738_sample-2.cif,2.336566226646855,3.216216216216216,0.0,826493246,2,0.954113723554734,1.97559654712677,True,,B,scicore/home/schwede/durair0000/projects/plinder-org/Runs-N-Poses/data/paper_data/prediction_files/af3_no_templ/7qea__1__1.A__1.C/seed-826493246_sample-2.cif,2.43363135645026,3.810810810810811,0.0,-0.01446533203125,-0.0024672280247584,0.5945945945945952,0.0,O=C1O[C@@]2(c3ccc(O)cc3Oc3cc(O[C@@H]4O[C@H](C(=O)O)[C@@H](O)[C@H](O)[C@H]4O)ccc32)c2ccccc21,37,3,,,,True,True,True,missing,True,True,0.01446533203125,0.0024672280247584,False,False
boltz1x|8uk6__1__1.A__1.C|1.C,,boltz1x,8uk6__1__1.A__1.C,1.C,0.2514241671361352,0.1038961038961038,0.29,0.57,0.1428026538624943,478952187,0,0.8923124670982361,19.406021118164062,False,True,B,scicore/home/schwede/durair0000/projects/plinder-org/Runs-N-Poses/data/paper_data/prediction_files/boltz1x/8uk6__1__1.A__1.C/seed-478952187_sample-0.cif,2.450027127933988,3.625,0.0,88715497,1,0.8870488405227661,19.411794662475582,False,,B,scicore/home/schwede/durair0000/projects/plinder-org/Runs-N-Poses/data/paper_data/prediction_files/boltz1x/8uk6__1__1.A__1.C/seed-88715497_sample-1.cif,2.454894762074056,3.0625,0.0,0.0057735443115198,-0.0052636265754699,-0.5625,0.0,O=C(/C=C/c1cccs1)Nc1ncccn1,16,3,,,,True,True,True,missing,True,True,-0.0057735443115198,0.0052636265754699,False,False
chai|8b25__1__1.A_1.B__1.J|1.J,,chai,8b25__1__1.A_1.B__1.J,1.J,0.3268434847193534,0.0967741935483871,0.67,0.37,0.2573625848870896,4590,1,0.8893362,3.5510847568511963,False,False,C,scicore/home/schwede/durair0000/projects/plinder-org/Runs-N-Poses/data/paper_data/prediction_files/chai/8b25__1__1.A_1.B__1.J/seed-4590_sample-1.cif,2.5308490313572225,1.3448275862068966,0.0,835,3,0.88007224,3.592646598815918,False,,C,scicore/home/schwede/durair0000/projects/plinder-org/Runs-N-Poses/data/paper_data/prediction_files/chai/8b25__1__1.A_1.B__1.J/seed-835_sample-3.cif,2.8602357459949386,1.896551724137931,0.0,0.0415618419647216,-0.00926396,0.5517241379310345,0.0,CC=C1C[N@@H+]2CCc3c([nH]c4ccccc34)[C@@](COC(C)=O)(C(=O)OC)[C@H]1CC2,29,3,1.0,0.925925925925926,0.9615384615384616,True,True,True,missing,True,True,-0.0415618419647216,0.00926396,False,False
boltz2|8gyd__1__1.A_1.B__1.K|1.K,,boltz2,8gyd__1__1.A_1.B__1.K,1.K,0.3352742218001122,0.1346153846153846,0.6,0.46,0.230794185923638,3679607371,0,0.9377022981643676,13.94295883178711,False,,C,scicore/home/schwede/durair0000/projects/plinder-org/Runs-N-Poses/data/paper_data/prediction_files/boltz2/8gyd__1__1.A_1.B__1.K/seed-3679607371_sample-0.cif,2.5941223096042094,1.975609756097561,0.0,2448055323,4,0.9134742617607116,13.998379707336426,False,,C,scicore/home/schwede/durair0000/projects/plinder-org/Runs-N-Poses/data/paper_data/prediction_files/boltz2/8gyd__1__1.A_1.B__1.K/seed-2448055323_sample-4.cif,2.9242399815671978,2.5609756097560976,0.0,0.0554208755493164,-0.024228036403656,0.5853658536585367,0.0,O=C(O)[C@H](Cc1ccc(Cl)cc1)Cn1c(-c2ccc(Cl)s2)nc2ccc(-c3ccccc3-c3nnn[nH]3)cc2c1=O,41,8,,,,True,True,True,missing,True,True,-0.0554208755493164,0.024228036403656,False,False
protenix|7yxl__1__1.A__1.C_1.E|1.E,,protenix,7yxl__1__1.A__1.C_1.E,1.E,0.3168537004838452,0.2592592592592592,0.42,0.39,0.2155647987155223,697951094,0,0.9649316072463988,1.3475826978683472,True,True,D0,scicore/home/schwede/durair0000/projects/plinder-org/Runs-N-Poses/data/paper_data/prediction_files/protenix/7yxl__1__1.A__1.C_1.E/seed-697951094_sample-0.cif,2.5847910044489097,4.529411764705882,0.0,207235238,4,0.95608252286911,1.4189412593841553,True,,D0,scicore/home/schwede/durair0000/projects/plinder-org/Runs-N-Poses/data/paper_data/prediction_files/protenix/7yxl__1__1.A__1.C_1.E/seed-207235238_sample-4.cif,2.577416453517493,4.176470588235294,0.0,0.0713585615158081,-0.0088490843772888,-0.3529411764705878,0.0,O=C(O)C(=O)N[C@H](Cc1ccccc1)C(=O)O,17,4,0.9090909090909092,0.8333333333333334,0.8695652173913043,True,True,True,missing,True,True,-0.0713585615158081,0.0088490843772888,False,False
af3|8b25__1__1.A_1.B__1.J|1.J,,af3,8b25__1__1.A_1.B__1.J,1.J,0.3268434847193534,0.0967741935483871,0.67,0.37,0.2573625848870896,332283399,4,0.8179206461153666,3.296236276626587,False,False,C,scicore/home/schwede/durair0000/projects/plinder-org/Runs-N-Poses/data/paper_data/prediction_files/af3/8b25__1__1.A_1.B__1.J/seed-332283399_sample-4.cif,3.1905197448085016,1.1724137931034482,0.0,3068281232,2,0.5944775250105383,3.368348360061645,False,,C,scicore/home/schwede/durair0000/projects/plinder-org/Runs-N-Poses/data/paper_data/prediction_files/af3/8b25__1__1.A_1.B__1.J/seed-3068281232_sample-2.cif,2.819398536645808,0.8620689655172413,0.0,0.0721120834350581,-0.2234431211048283,-0.3103448275862068,0.0,CC=C1C[N@@H+]2CCc3c([nH]c4ccccc34)[C@@](COC(C)=O)(C(=O)OC)[C@H]1CC2,29,3,1.0,0.7407407407407407,0.851063829787234,True,False,True,missing,False,False,-0.0721120834350581,0.2234431211048283,False,False
protenix|7vo5__1__1.A__1.B|1.B,,protenix,7vo5__1__1.A__1.B,1.B,0.3121076454632686,0.1923076923076923,0.5,0.45,0.1489997657778814,4168159509,0,0.9173520803451538,9.020058631896973,False,False,C0,scicore/home/schwede/durair0000/projects/plinder-org/Runs-N-Poses/data/paper_data/prediction_files/protenix/7vo5__1__1.A__1.B/seed-4168159509_sample-0.cif,2.332463507111484,2.3714285714285714,0.0,3145592182,4,0.8882553577423096,9.101272583007812,False,,D0,scicore/home/schwede/durair0000/projects/plinder-org/Runs-N-Poses/data/paper_data/prediction_files/protenix/7vo5__1__1.A__1.B/seed-3145592182_sample-4.cif,2.81524484423428,2.085714285714286,0.0,0.0812139511108398,-0.0290967226028442,-0.2857142857142856,0.0,C[C@H]1[C@@H]2C[C@@H](O)/C=C/C=C/C=C/C=C/C[C@@H](C)OC(=O)C[C@H](O)/C=C/C[C@H](O)C[C@](O)(C[C@@H]1O)O2,35,0,0.7666666666666667,0.71875,0.7419354838709677,True,True,True,missing,True,True,-0.0812139511108398,0.0290967226028442,False,False
chai|7ly6__1__1.A_2.A__1.B_1.C_1.D|1.B,,chai,7ly6__1__1.A_2.A__1.B_1.C_1.D,1.B,0.1229457050039024,0.05,0.05,0.44,0.0247285250195121,460,2,0.94013447,2.5799241065979004,False,True,C,scicore/home/schwede/durair0000/projects/plinder-org/Runs-N-Poses/data/paper_data/prediction_files/chai/7ly6__1__1.A_2.A__1.B_1.C_1.D/seed-460_sample-2.cif,2.755284822651557,2.8,0.0,3055,3,0.9394276,2.6791832447052,False,,C,scicore/home/schwede/durair0000/projects/plinder-org/Runs-N-Poses/data/paper_data/prediction_files/chai/7ly6__1__1.A_2.A__1.B_1.C_1.D/seed-3055_sample-3.cif,3.02440085392306,2.6,0.0,0.0992591381072998,-0.00070687,-0.1999999999999997,0.0,NCC(=O)O,5,1,1.0,0.875,0.9333333333333332,True,True,True,missing,True,True,-0.0992591381072998,0.00070687,False,False
boltz1x|8b25__1__1.A_1.B__1.J|1.J,,boltz1x,8b25__1__1.A_1.B__1.J,1.J,0.3268434847193534,0.0967741935483871,0.67,0.37,0.2573625848870896,2630682093,0,0.9258421063423156,3.3201684951782227,False,False,C,scicore/home/schwede/durair0000/projects/plinder-org/Runs-N-Poses/data/paper_data/prediction_files/boltz1x/8b25__1__1.A_1.B__1.J/seed-2630682093_sample-0.cif,3.1675753006054066,1.793103448275862,0.0,1018870454,2,0.9223343133926392,3.4361891746521,False,,C,scicore/home/schwede/durair0000/projects/plinder-org/Runs-N-Poses/data/paper_data/prediction_files/boltz1x/8b25__1__1.A_1.B__1.J/seed-1018870454_sample-2.cif,2.600444757790014,2.0,0.0,0.1160206794738774,-0.0035077929496764,0.2068965517241379,0.0,CC=C1C[N@@H+]2CCc3c([nH]c4ccccc34)[C@@](COC(C)=O)(C(=O)OC)[C@H]1CC2,29,3,,,,True,True,True,missing,True,True,-0.1160206794738774,0.0035077929496764,False,False
af3|7fee__1__1.A__1.E|1.E,,af3,7fee__1__1.A__1.E,1.E,0.3285971759090713,0.0652173913043478,0.42,0.81,0.1938554447627477,3786481513,3,0.8808800545743288,15.533485412597656,False,False,B,scicore/home/schwede/durair0000/projects/plinder-org/Runs-N-Poses/data/paper_data/prediction_files/af3/7fee__1__1.A__1.E/seed-3786481513_sample-3.cif,1.6723417164444276,2.3461538461538463,0.0769230769230769,3786481513,0,0.8707468376224867,15.672057151794434,False,,B,scicore/home/schwede/durair0000/projects/plinder-org/Runs-N-Poses/data/paper_data/prediction_files/af3/7fee__1__1.A__1.E/seed-3786481513_sample-0.cif,2.175540793974533,2.730769230769231,0.0,0.1385717391967773,-0.0101332169518421,0.3846153846153846,-0.0769230769230769,Cc1ccc2c([C@@H](C[N+](=O)[O-])c3cccs3)c(-c3ccccc3)[nH]c2c1,26,5,0.1538461538461538,0.2105263157894736,0.1777777777777777,True,True,True,missing,True,True,-0.1385717391967773,0.0101332169518421,False,False
chai|7wzx__1__1.A__1.B_1.D_1.E_1.I|1.I,,chai,7wzx__1__1.A__1.B_1.D_1.E_1.I,1.I,0.3072936570464784,0.1351351351351351,0.55,0.37,0.2424817987459055,1119,4,0.9317247,1.026944875717163,True,False,E,scicore/home/schwede/durair0000/projects/plinder-org/Runs-N-Poses/data/paper_data/prediction_files/chai/7wzx__1__1.A__1.B_1.D_1.E_1.I/seed-1119_sample-4.cif,2.5959588587379026,2.608695652173913,0.0,9241,4,0.9291159,1.1712334156036377,True,,E,scicore/home/schwede/durair0000/projects/plinder-org/Runs-N-Poses/data/paper_data/prediction_files/chai/7wzx__1__1.A__1.B_1.D_1.E_1.I/seed-9241_sample-4.cif,2.4979595281529883,2.4347826086956523,0.0,0.1442885398864746,-0.0026087999999999,-0.1739130434782607,0.0,CN[C@@H]1C(O)[C@H](NC)[C@@H](O)C(O[C@@H]2O[C@H](C)C[C@H](O)C2=O)[C@H]1O,23,4,0.76,0.9047619047619048,0.8260869565217391,True,True,True,missing,True,True,-0.1442885398864746,0.0026087999999999,False,False
protenix|8uk6__1__1.A__1.C|1.C,,protenix,8uk6__1__1.A__1.C,1.C,0.2514241671361352,0.1038961038961038,0.29,0.57,0.1428026538624943,1729270236,0,0.9387413859367372,20.749345779418945,False,False,B0,scicore/home/schwede/durair0000/projects/plinder-org/Runs-N-Poses/data/paper_data/prediction_files/protenix/8uk6__1__1.A__1.C/seed-1729270236_sample-0.cif,2.408234784461227,4.6875,0.0,2771592744,4,0.9016100168228148,20.97147560119629,False,,B0,scicore/home/schwede/durair0000/projects/plinder-org/Runs-N-Poses/data/paper_data/prediction_files/protenix/8uk6__1__1.A__1.C/seed-2771592744_sample-4.cif,2.1443036334389984,3.9375,0.0,0.2221298217773437,-0.0371313691139223,-0.75,0.0,O=C(/C=C/c1cccs1)Nc1ncccn1,16,3,0.0,0.0,0.0,True,True,True,missing,True,False,-0.2221298217773437,0.0371313691139223,False,False
protenix|8j7j__1__1.A_1.B__1.C|1.C,,protenix,8j7j__1__1.A_1.B__1.C,1.C,0.3410472369781002,0.1052631578947368,0.65,0.45,0.2585256585747115,277898654,0,0.9749992489814758,2.939176321029663,False,True,C0,scicore/home/schwede/durair0000/projects/plinder-org/Runs-N-Poses/data/paper_data/prediction_files/protenix/8j7j__1__1.A_1.B__1.C/seed-277898654_sample-0.cif,2.683775118550176,2.36,0.0,277898654,3,0.9703941345214844,3.169865369796753,False,,C0,scicore/home/schwede/durair0000/projects/plinder-org/Runs-N-Poses/data/paper_data/prediction_files/protenix/8j7j__1__1.A_1.B__1.C/seed-277898654_sample-3.cif,2.2930184346511613,1.96,0.0,0.2306890487670898,-0.0046051144599914,-0.3999999999999999,0.0,COC(=O)c1sccc1S(=O)(=O)NC(=O)Nc1nc(C)nc(OC)n1,25,5,0.88,0.9565217391304348,0.9166666666666666,True,True,True,missing,True,True,-0.2306890487670898,0.0046051144599914,False,False
chai|7yd2__1__1.A_1.B__1.K|1.K,,chai,7yd2__1__1.A_1.B__1.K,1.K,0.3416452371562777,0.136986301369863,0.65,0.46,0.196000158384128,3485,3,0.9111367,4.0678229331970215,False,True,C,scicore/home/schwede/durair0000/projects/plinder-org/Runs-N-Poses/data/paper_data/prediction_files/chai/7yd2__1__1.A_1.B__1.K/seed-3485_sample-3.cif,2.409035650265082,3.32,0.0,4206,0,0.9067517,4.380504608154297,False,,C,scicore/home/schwede/durair0000/projects/plinder-org/Runs-N-Poses/data/paper_data/prediction_files/chai/7yd2__1__1.A_1.B__1.K/seed-4206_sample-0.cif,2.481073859954744,2.72,0.0,0.3126816749572754,-0.0043849999999999,-0.5999999999999996,0.0,COc1cc(Cl)nc(NC(=O)NS(=O)(=O)c2ccccc2C(=O)O)n1,25,5,0.8461538461538461,0.7096774193548387,0.7719298245614036,True,True,True,missing,True,True,-0.3126816749572754,0.0043849999999999,False,False
af3_no_template|7fee__1__1.A__1.E|1.E,,af3_no_template,7fee__1__1.A__1.E,1.E,0.3285971759090713,0.0652173913043478,0.42,0.81,0.1938554447627477,3121882649,4,0.8903591961204688,15.56545066833496,False,False,B,scicore/home/schwede/durair0000/projects/plinder-org/Runs-N-Poses/data/paper_data/prediction_files/af3_no_templ/7fee__1__1.A__1.E/seed-3121882649_sample-4.cif,2.475466328243402,2.3076923076923075,0.0,2181371494,4,0.8764239529684361,15.878286361694336,False,,B,scicore/home/schwede/durair0000/projects/plinder-org/Runs-N-Poses/data/paper_data/prediction_files/af3_no_templ/7fee__1__1.A__1.E/seed-2181371494_sample-4.cif,3.0166464228244974,1.7307692307692308,0.0,0.3128356933593768,-0.0139352431520326,-0.5769230769230766,0.0,Cc1ccc2c([C@@H](C[N+](=O)[O-])c3cccs3)c(-c3ccccc3)[nH]c2c1,26,5,,,,True,True,True,missing,True,True,-0.3128356933593768,0.0139352431520326,False,False
af3_no_template|8opu__1__1.A_1.C_1.D__1.IA|1.IA,,af3_no_template,8opu__1__1.A_1.C_1.D__1.IA,1.IA,0.3383254448330237,0.0970873786407767,0.54,0.57,0.2767243115437593,1938709973,1,0.9243651200097516,37.34736251831055,False,False,E,scicore/home/schwede/durair0000/projects/plinder-org/Runs-N-Poses/data/paper_data/prediction_files/af3_no_templ/8opu__1__1.A_1.C_1.D__1.IA/seed-1938709973_sample-1.cif,2.090625402638918,3.941176470588236,0.0,1114387327,3,0.9228775312206776,37.82342529296875,False,,E,scicore/home/schwede/durair0000/projects/plinder-org/Runs-N-Poses/data/paper_data/prediction_files/af3_no_templ/8opu__1__1.A_1.C_1.D__1.IA/seed-1114387327_sample-3.cif,2.8811434642211395,2.8823529411764706,0.0,0.4760627746582031,-0.0014875887890739,-1.0588235294117654,0.0,Cc1cc(NS(=O)(=O)c2ccc(N)cc2)no1,17,3,,,,True,True,True,missing,True,True,-0.4760627746582031,0.0014875887890739,False,False
af3|5s9y__1__1.A__1.K|1.K,,af3,5s9y__1__1.A__1.K,1.K,0.3165569474505974,0.0909090909090909,0.5,0.53,0.268693828162078,2863291811,3,0.92382289134154,15.570801734924316,False,False,C,scicore/home/schwede/durair0000/projects/plinder-org/Runs-N-Poses/data/paper_data/prediction_files/af3/5s9y__1__1.A__1.K/seed-2863291811_sample-3.cif,2.182002543076714,4.733333333333333,0.0,2863291811,0,0.9215704128504528,16.192018508911133,False,,C,scicore/home/schwede/durair0000/projects/plinder-org/Runs-N-Poses/data/paper_data/prediction_files/af3/5s9y__1__1.A__1.K/seed-2863291811_sample-0.cif,2.052315528370743,3.866666666666666,0.0,0.6212167739868164,-0.0022524784910872,-0.8666666666666676,0.0,COC(=O)c1cccc(NS(C)(=O)=O)c1,15,3,0.0,0.0,0.0,True,True,True,missing,True,True,-0.6212167739868164,0.0022524784910872,False,False
af3|7ypv__1__1.A_1.B__1.J|1.J,,af3,7ypv__1__1.A_1.B__1.J,1.J,0.303317455741346,0.0970873786407767,0.6,0.38,0.2166843660853709,890793004,3,0.9141093214374536,7.986755847930908,False,False,C,scicore/home/schwede/durair0000/projects/plinder-org/Runs-N-Poses/data/paper_data/prediction_files/af3/7ypv__1__1.A_1.B__1.J/seed-890793004_sample-3.cif,1.990568418908768,2.4,0.0285714285714285,1167740427,1,0.895698374157182,9.24880599975586,False,,C,scicore/home/schwede/durair0000/projects/plinder-org/Runs-N-Poses/data/paper_data/prediction_files/af3/7ypv__1__1.A_1.B__1.J/seed-1167740427_sample-1.cif,2.293494070241424,3.4857142857142858,0.0,1.2620501518249512,-0.0184109472802715,1.085714285714286,-0.0285714285714285,NCCC[C@H](N)CC(=O)N[C@@H]1[C@H](O)[C@@H](OC(N)=O)[C@@H](CO)O[C@H]1NC1=N[C@@H]2C(=O)NC[C@@H](O)[C@H]2N1,35,9,0.8846153846153846,0.7666666666666667,0.8214285714285715,True,True,True,missing,True,True,-1.2620501518249512,0.0184109472802715,False,False
protenix|8qth__1__1.A__1.B|1.B,,protenix,8qth__1__1.A__1.B,1.B,0.2233946977369844,0.0697674418604651,0.07,0.88,0.0273804654291084,1794732358,0,0.97694194316864,11.975975036621094,False,False,B0,scicore/home/schwede/durair0000/projects/plinder-org/Runs-N-Poses/data/paper_data/prediction_files/protenix/8qth__1__1.A__1.B/seed-1794732358_sample-0.cif,2.338853662880764,3.125,0.0,823458441,1,0.9712873697280884,13.46823024749756,False,,B0,scicore/home/schwede/durair0000/projects/plinder-org/Runs-N-Poses/data/paper_data/prediction_files/protenix/8qth__1__1.A__1.B/seed-823458441_sample-1.cif,2.607587560183108,3.875,0.0,1.4922552108764666,-0.0056545734405516,0.75,0.0,CC1CC(c2cccc(-c3cc4c(C(F)(F)F)cn(C)c4[nH]c3=O)c2)(c2nncn2C)C1,32,3,0.375,0.2068965517241379,0.2666666666666666,True,True,True,missing,True,True,-1.4922552108764666,0.0056545734405516,False,False
af3|8plb__1__1.A__1.D|1.D,,af3,8plb__1__1.A__1.D,1.D,0.1607753080125244,0.1,0.15,0.37,0.0713765400626223,1696157799,1,0.9448247485856428,41.62340927124024,False,False,F,scicore/home/schwede/durair0000/projects/plinder-org/Runs-N-Poses/data/paper_data/prediction_files/af3/8plb__1__1.A__1.D/seed-1696157799_sample-1.cif,1.3440298957512906,5.0,0.3125,2820708197,0,0.9362987219276496,43.34915542602539,False,,D,scicore/home/schwede/durair0000/projects/plinder-org/Runs-N-Poses/data/paper_data/prediction_files/af3/8plb__1__1.A__1.D/seed-2820708197_sample-0.cif,2.348799098196789,3.375,0.0,1.7257461547851491,-0.0085260266579931,-1.625,-0.3125,CCNC(=O)c1ccc(NS(C)(=O)=O)cc1,16,4,0.0,0.0,0.0,True,True,True,missing,True,True,-1.7257461547851491,0.0085260266579931,False,False
af3|8f4s__1__1.A__1.D_1.E|1.D,,af3,8f4s__1__1.A__1.D_1.E,1.D,0.3458168133871822,0.0444444444444444,0.38,1.0,0.1763062891581333,1944688949,4,0.9664152140670972,9.611433029174805,False,False,C,scicore/home/schwede/durair0000/projects/plinder-org/Runs-N-Poses/data/paper_data/prediction_files/af3/8f4s__1__1.A__1.D_1.E/seed-1944688949_sample-4.cif,2.2162298653159067,4.523809523809524,0.0,1794653352,4,0.9495694319183576,11.37696647644043,False,,C,scicore/home/schwede/durair0000/projects/plinder-org/Runs-N-Poses/data/paper_data/prediction_files/af3/8f4s__1__1.A__1.D_1.E/seed-1794653352_sample-4.cif,2.662963867079556,2.9047619047619047,0.0,1.765533447265625,-0.0168457821487395,-1.619047619047619,0.0,Oc1nc(/C=C/c2ccc(Cl)cc2Cl)cc(C(F)(F)F)n1,21,2,0.4583333333333333,0.4583333333333333,0.4583333333333333,True,True,True,missing,True,True,-1.765533447265625,0.0168457821487395,False,False
af3_no_template|8ovr__1__1.A__1.B|1.B,,af3_no_template,8ovr__1__1.A__1.B,1.B,0.341437185481288,0.0555555555555555,0.7,0.42,0.3149637051842178,725644364,2,0.921551421562376,10.369073867797852,False,False,B,scicore/home/schwede/durair0000/projects/plinder-org/Runs-N-Poses/data/paper_data/prediction_files/af3_no_templ/8ovr__1__1.A__1.B/seed-725644364_sample-2.cif,2.237158942531285,2.888888888888889,0.0,1622660361,2,0.892556142726023,12.686241149902344,False,,B,scicore/home/schwede/durair0000/projects/plinder-org/Runs-N-Poses/data/paper_data/prediction_files/af3_no_templ/8ovr__1__1.A__1.B/seed-1622660361_sample-2.cif,2.904155834525416,3.2222222222222223,0.0,2.317167282104492,-0.028995278836353,0.3333333333333335,0.0,O=S(=O)(O)CCN1CCN(CCS(=O)(=O)O)CC1,18,6,,,,True,True,True,missing,True,True,-2.317167282104492,0.028995278836353,False,False
af3|8ovr__1__1.A__1.B|1.B,,af3,8ovr__1__1.A__1.B,1.B,0.341437185481288,0.0555555555555555,0.7,0.42,0.3149637051842178,867154635,0,0.9218090445818832,9.581130027770996,False,False,B,scicore/home/schwede/durair0000/projects/plinder-org/Runs-N-Poses/data/paper_data/prediction_files/af3/8ovr__1__1.A__1.B/seed-867154635_sample-0.cif,2.320527254046972,3.611111111111111,0.0,3779427003,0,0.8822139090301881,12.083102226257324,False,,B,scicore/home/schwede/durair0000/projects/plinder-org/Runs-N-Poses/data/paper_data/prediction_files/af3/8ovr__1__1.A__1.B/seed-3779427003_sample-0.cif,2.8056787224887945,2.9444444444444446,0.0,2.501972198486328,-0.039595135551695,-0.6666666666666665,0.0,O=S(=O)(O)CCN1CCN(CCS(=O)(=O)O)CC1,18,6,0.45,0.3333333333333333,0.3829787234042553,True,True,True,missing,True,False,-2.501972198486328,0.039595135551695,False,False
af3_no_template|8ho5__1__1.A__1.B|1.B,,af3_no_template,8ho5__1__1.A__1.B,1.B,0.2981069180134488,0.141025641025641,0.5,0.38,0.2387397182723721,3296968284,2,0.8764901861090385,2.5788698196411133,False,False,B,scicore/home/schwede/durair0000/projects/plinder-org/Runs-N-Poses/data/paper_data/prediction_files/af3_no_templ/8ho5__1__1.A__1.B/seed-3296968284_sample-2.cif,1.6430795824023368,2.260869565217391,0.0434782608695652,809251258,3,0.8104942842279088,6.391909122467041,False,,B,scicore/home/schwede/durair0000/projects/plinder-org/Runs-N-Poses/data/paper_data/prediction_files/af3_no_templ/8ho5__1__1.A__1.B/seed-809251258_sample-3.cif,2.584074364808606,2.869565217391304,0.0,3.813039302825928,-0.0659959018811296,0.6086956521739131,-0.0434782608695652,Cc1c(C)n(C[C@@H](O)CN[C@H]2CCCC[C@@H]2C)c2ccccc12,23,5,,,,True,True,True,missing,True,False,-3.813039302825928,0.0659959018811296,False,False
af3_no_template|7ypu__1__1.A_1.B__1.J_1.K|1.J,,af3_no_template,7ypu__1__1.A_1.B__1.J_1.K,1.J,0.3473158508969899,0.1307692307692307,0.71,0.33,0.2902331006387956,2958788596,4,0.9586041800550182,2.756377935409546,False,False,C,scicore/home/schwede/durair0000/projects/plinder-org/Runs-N-Poses/data/paper_data/prediction_files/af3_no_templ/7ypu__1__1.A_1.B__1.J_1.K/seed-2958788596_sample-4.cif,1.1511753845509831,2.466666666666667,0.1666666666666666,2240175606,0,0.9207010217813982,6.824192523956299,False,,C,scicore/home/schwede/durair0000/projects/plinder-org/Runs-N-Poses/data/paper_data/prediction_files/af3_no_templ/7ypu__1__1.A_1.B__1.J_1.K/seed-2240175606_sample-0.cif,2.3269362084498,2.333333333333333,0.0,4.067814588546753,-0.03790315827362,-0.1333333333333337,-0.1666666666666666,NCC(=O)N[C@@H]1[C@H](O)[C@@H](OC(N)=O)[C@@H](CO)O[C@H]1/N=C1\N[C@@H]2[C@H](O)CNC(=O)[C@H]2N1,30,5,,,,True,True,True,missing,True,False,-4.067814588546753,0.03790315827362,False,False
af3|7ypu__1__1.A_1.B__1.I|1.I,,af3,7ypu__1__1.A_1.B__1.I,1.I,0.3261827528086247,0.0851063829787234,0.65,0.42,0.2494775938303579,3798843358,4,0.9197478357515392,2.3450512886047363,False,False,C,scicore/home/schwede/durair0000/projects/plinder-org/Runs-N-Poses/data/paper_data/prediction_files/af3/7ypu__1__1.A_1.B__1.I/seed-3798843358_sample-4.cif,2.478800524808218,2.833333333333333,0.0,1760886800,2,0.8778198737670251,6.553405284881592,False,,C,scicore/home/schwede/durair0000/projects/plinder-org/Runs-N-Poses/data/paper_data/prediction_files/af3/7ypu__1__1.A_1.B__1.I/seed-1760886800_sample-2.cif,2.196039582022588,2.2333333333333334,0.0,4.208353996276856,-0.041927961984514,-0.5999999999999996,0.0,NCC(=O)N[C@@H]1[C@H](O)[C@@H](OC(N)=O)[C@@H](CO)O[C@H]1/N=C1\N[C@@H]2[C@H](O)CNC(=O)[C@H]2N1,30,5,0.6153846153846154,0.8,0.6956521739130435,True,True,True,missing,True,False,-4.208353996276856,0.041927961984514,False,False
protenix|7zzw__1__1.A__1.E_1.M|1.M,,protenix,7zzw__1__1.A__1.E_1.M,1.M,0.1992757503179593,0.0163934426229508,0.25,0.58,0.0751902269996327,2950314722,0,0.9480523467063904,16.693666458129883,False,False,C0,scicore/home/schwede/durair0000/projects/plinder-org/Runs-N-Poses/data/paper_data/prediction_files/protenix/7zzw__1__1.A__1.E_1.M/seed-2950314722_sample-0.cif,2.848635904704039,0.5384615384615384,0.0,727507510,1,0.9121664762496948,22.155664443969727,False,,C0,scicore/home/schwede/durair0000/projects/plinder-org/Runs-N-Poses/data/paper_data/prediction_files/protenix/7zzw__1__1.A__1.E_1.M/seed-727507510_sample-1.cif,2.3508908630228884,5.0,0.0,5.461997985839844,-0.0358858704566955,4.461538461538462,0.0,O=S(=O)([O-])CC[NH2+]C1CCCCC1,13,4,0.125,0.0833333333333333,0.1,True,True,True,missing,True,False,-5.461997985839844,0.0358858704566955,False,False
